dataset,model,fold,horizon,target_day,observed_slots,slot_coverage,full_day,actual_daily_max,predicted_daily_max,daily_max_error,daily_max_abs_error,actual_peak_time,predicted_peak_time,timing_error_minutes,timing_abs_error_minutes
D1,F1-5-lightgbm,0,4,2021-04-19,96,1.0,True,172.0,198.3583599005691,26.3583599005691,26.3583599005691,2021-04-19 08:45:00,2021-04-19 09:00:00,15.0,15.0
D1,F1-5-lightgbm,0,4,2021-04-20,96,1.0,True,172.0,178.2597584913973,6.259758491397292,6.259758491397292,2021-04-20 08:45:00,2021-04-20 09:00:00,15.0,15.0
D1,F1-5-lightgbm,0,4,2021-04-21,96,1.0,True,174.0,170.42071244828026,-3.5792875517197444,3.5792875517197444,2021-04-21 08:30:00,2021-04-21 09:00:00,30.0,30.0
D1,F1-5-lightgbm,0,4,2021-04-22,96,1.0,True,174.0,170.8105067825935,-3.1894932174064934,3.1894932174064934,2021-04-22 08:30:00,2021-04-22 09:15:00,45.0,45.0
D1,F1-5-lightgbm,0,4,2021-04-23,96,1.0,True,174.0,155.8358135295691,-18.164186470430906,18.164186470430906,2021-04-23 08:30:00,2021-04-23 09:15:00,45.0,45.0
D1,F1-5-lightgbm,0,4,2021-04-24,96,1.0,True,112.0,111.32414304514847,-0.6758569548515254,0.6758569548515254,2021-04-24 06:15:00,2021-04-24 02:00:00,-255.0,255.0
D1,F1-5-lightgbm,0,4,2021-04-25,96,1.0,True,25.0,25.787958150645803,0.7879581506458031,0.7879581506458031,2021-04-25 01:30:00,2021-04-25 08:15:00,405.0,405.0
D1,F1-5-lightgbm,0,4,2021-05-03,96,1.0,True,184.0,192.20441168549576,8.204411685495757,8.204411685495757,2021-05-03 08:30:00,2021-05-03 09:00:00,30.0,30.0
D1,F1-5-lightgbm,0,4,2021-05-04,96,1.0,True,181.0,178.76116211934908,-2.2388378806509195,2.2388378806509195,2021-05-04 08:30:00,2021-05-04 11:00:00,150.0,150.0
D1,F1-5-lightgbm,0,4,2021-05-05,96,1.0,True,120.0,144.49602268194545,24.496022681945448,24.496022681945448,2021-05-05 04:15:00,2021-05-05 08:30:00,255.0,255.0
D1,F1-5-lightgbm,0,4,2021-05-06,96,1.0,True,199.0,198.829109549175,-0.17089045082499865,0.17089045082499865,2021-05-06 09:00:00,2021-05-06 09:00:00,0.0,0.0
D1,F1-5-lightgbm,0,4,2021-05-07,96,1.0,True,181.0,176.3638621094151,-4.636137890584905,4.636137890584905,2021-05-07 09:00:00,2021-05-07 09:15:00,15.0,15.0
D1,F1-5-lightgbm,0,4,2021-05-08,96,1.0,True,115.0,108.80518245783296,-6.194817542167044,6.194817542167044,2021-05-08 02:00:00,2021-05-08 03:45:00,105.0,105.0
D1,F1-5-lightgbm,0,4,2021-05-09,96,1.0,True,184.0,183.07685506618088,-0.9231449338191169,0.9231449338191169,2021-05-09 09:00:00,2021-05-09 13:45:00,285.0,285.0
D1,F1-5-lightgbm,0,5,2021-04-19,96,1.0,True,172.0,196.8547568581482,24.854756858148193,24.854756858148193,2021-04-19 08:45:00,2021-04-19 09:00:00,15.0,15.0
D1,F1-5-lightgbm,0,5,2021-04-20,96,1.0,True,172.0,167.20861298862837,-4.791387011371626,4.791387011371626,2021-04-20 08:45:00,2021-04-20 14:30:00,345.0,345.0
D1,F1-5-lightgbm,0,5,2021-04-21,96,1.0,True,174.0,167.9444709248055,-6.0555290751944995,6.0555290751944995,2021-04-21 08:30:00,2021-04-21 09:00:00,30.0,30.0
D1,F1-5-lightgbm,0,5,2021-04-22,96,1.0,True,174.0,170.76071357433185,-3.239286425668155,3.239286425668155,2021-04-22 08:30:00,2021-04-22 09:30:00,60.0,60.0
D1,F1-5-lightgbm,0,5,2021-04-23,96,1.0,True,174.0,148.09058829285337,-25.90941170714663,25.90941170714663,2021-04-23 08:30:00,2021-04-23 15:45:00,435.0,435.0
D1,F1-5-lightgbm,0,5,2021-04-24,96,1.0,True,112.0,113.7794990094479,1.7794990094479033,1.7794990094479033,2021-04-24 06:15:00,2021-04-24 02:00:00,-255.0,255.0
D1,F1-5-lightgbm,0,5,2021-04-25,96,1.0,True,25.0,27.627664742761763,2.6276647427617625,2.6276647427617625,2021-04-25 01:30:00,2021-04-25 08:15:00,405.0,405.0
D1,F1-5-lightgbm,0,5,2021-05-03,96,1.0,True,184.0,193.95887702935954,9.958877029359542,9.958877029359542,2021-05-03 08:30:00,2021-05-03 09:00:00,30.0,30.0
D1,F1-5-lightgbm,0,5,2021-05-04,96,1.0,True,181.0,175.6020470909672,-5.397952909032796,5.397952909032796,2021-05-04 08:30:00,2021-05-04 11:00:00,150.0,150.0
D1,F1-5-lightgbm,0,5,2021-05-05,96,1.0,True,120.0,157.3832992975365,37.383299297536496,37.383299297536496,2021-05-05 04:15:00,2021-05-05 09:00:00,285.0,285.0
D1,F1-5-lightgbm,0,5,2021-05-06,96,1.0,True,199.0,192.51922034591874,-6.48077965408126,6.48077965408126,2021-05-06 09:00:00,2021-05-06 08:45:00,-15.0,15.0
D1,F1-5-lightgbm,0,5,2021-05-07,96,1.0,True,181.0,176.55523404052352,-4.444765959476484,4.444765959476484,2021-05-07 09:00:00,2021-05-07 09:15:00,15.0,15.0
D1,F1-5-lightgbm,0,5,2021-05-08,96,1.0,True,115.0,111.90809419443981,-3.091905805560188,3.091905805560188,2021-05-08 02:00:00,2021-05-08 03:45:00,105.0,105.0
D1,F1-5-lightgbm,0,5,2021-05-09,96,1.0,True,184.0,178.15267266443433,-5.847327335565666,5.847327335565666,2021-05-09 09:00:00,2021-05-09 13:45:00,285.0,285.0
D1,F1-5-lightgbm,0,6,2021-04-19,96,1.0,True,172.0,198.71397144138078,26.713971441380778,26.713971441380778,2021-04-19 08:45:00,2021-04-19 09:15:00,30.0,30.0
D1,F1-5-lightgbm,0,6,2021-04-20,96,1.0,True,172.0,175.29080993094206,3.2908099309420606,3.2908099309420606,2021-04-20 08:45:00,2021-04-20 14:00:00,315.0,315.0
D1,F1-5-lightgbm,0,6,2021-04-21,96,1.0,True,174.0,167.05702651886784,-6.942973481132157,6.942973481132157,2021-04-21 08:30:00,2021-04-21 10:00:00,90.0,90.0
D1,F1-5-lightgbm,0,6,2021-04-22,96,1.0,True,174.0,170.8654625260689,-3.13453747393109,3.13453747393109,2021-04-22 08:30:00,2021-04-22 09:45:00,75.0,75.0
D1,F1-5-lightgbm,0,6,2021-04-23,96,1.0,True,174.0,152.52918908951153,-21.470810910488467,21.470810910488467,2021-04-23 08:30:00,2021-04-23 09:45:00,75.0,75.0
D1,F1-5-lightgbm,0,6,2021-04-24,96,1.0,True,112.0,107.29261875974203,-4.707381240257973,4.707381240257973,2021-04-24 06:15:00,2021-04-24 06:15:00,0.0,0.0
D1,F1-5-lightgbm,0,6,2021-04-25,96,1.0,True,25.0,32.081581384641474,7.081581384641474,7.081581384641474,2021-04-25 01:30:00,2021-04-25 09:00:00,450.0,450.0
D1,F1-5-lightgbm,0,6,2021-05-03,96,1.0,True,184.0,205.24359685446885,21.243596854468848,21.243596854468848,2021-05-03 08:30:00,2021-05-03 09:00:00,30.0,30.0
D1,F1-5-lightgbm,0,6,2021-05-04,96,1.0,True,181.0,177.22213912137298,-3.777860878627024,3.777860878627024,2021-05-04 08:30:00,2021-05-04 10:45:00,135.0,135.0
D1,F1-5-lightgbm,0,6,2021-05-05,96,1.0,True,120.0,161.36559862075399,41.365598620753985,41.365598620753985,2021-05-05 04:15:00,2021-05-05 08:30:00,255.0,255.0
D1,F1-5-lightgbm,0,6,2021-05-06,96,1.0,True,199.0,198.64185397721883,-0.35814602278117036,0.35814602278117036,2021-05-06 09:00:00,2021-05-06 09:00:00,0.0,0.0
D1,F1-5-lightgbm,0,6,2021-05-07,96,1.0,True,181.0,179.57630755843044,-1.4236924415695569,1.4236924415695569,2021-05-07 09:00:00,2021-05-07 09:00:00,0.0,0.0
D1,F1-5-lightgbm,0,6,2021-05-08,96,1.0,True,115.0,107.66666613743122,-7.333333862568779,7.333333862568779,2021-05-08 02:00:00,2021-05-08 06:30:00,270.0,270.0
D1,F1-5-lightgbm,0,6,2021-05-09,96,1.0,True,184.0,177.69821089424585,-6.301789105754153,6.301789105754153,2021-05-09 09:00:00,2021-05-09 14:00:00,300.0,300.0
D1,F1-5-lightgbm,0,7,2021-04-19,96,1.0,True,172.0,184.80429810824305,12.804298108243046,12.804298108243046,2021-04-19 08:45:00,2021-04-19 09:30:00,45.0,45.0
D1,F1-5-lightgbm,0,7,2021-04-20,96,1.0,True,172.0,168.20318453980707,-3.7968154601929314,3.7968154601929314,2021-04-20 08:45:00,2021-04-20 14:45:00,360.0,360.0
D1,F1-5-lightgbm,0,7,2021-04-21,96,1.0,True,174.0,169.2376705959043,-4.762329404095709,4.762329404095709,2021-04-21 08:30:00,2021-04-21 10:00:00,90.0,90.0
D1,F1-5-lightgbm,0,7,2021-04-22,96,1.0,True,174.0,170.77973211528484,-3.220267884715156,3.220267884715156,2021-04-22 08:30:00,2021-04-22 10:00:00,90.0,90.0
D1,F1-5-lightgbm,0,7,2021-04-23,96,1.0,True,174.0,165.13335498240752,-8.866645017592475,8.866645017592475,2021-04-23 08:30:00,2021-04-23 10:00:00,90.0,90.0
D1,F1-5-lightgbm,0,7,2021-04-24,96,1.0,True,112.0,107.1477585731406,-4.852241426859393,4.852241426859393,2021-04-24 06:15:00,2021-04-24 02:00:00,-255.0,255.0
D1,F1-5-lightgbm,0,7,2021-04-25,96,1.0,True,25.0,30.497218854673715,5.497218854673715,5.497218854673715,2021-04-25 01:30:00,2021-04-25 08:45:00,435.0,435.0
D1,F1-5-lightgbm,0,7,2021-05-03,96,1.0,True,184.0,180.4479002722909,-3.5520997277091055,3.5520997277091055,2021-05-03 08:30:00,2021-05-03 09:15:00,45.0,45.0
D1,F1-5-lightgbm,0,7,2021-05-04,96,1.0,True,181.0,174.56269205773177,-6.437307942268234,6.437307942268234,2021-05-04 08:30:00,2021-05-04 11:00:00,150.0,150.0
D1,F1-5-lightgbm,0,7,2021-05-05,96,1.0,True,120.0,166.28305547843604,46.28305547843604,46.28305547843604,2021-05-05 04:15:00,2021-05-05 08:30:00,255.0,255.0
D1,F1-5-lightgbm,0,7,2021-05-06,96,1.0,True,199.0,185.06764628329177,-13.932353716708235,13.932353716708235,2021-05-06 09:00:00,2021-05-06 13:45:00,285.0,285.0
D1,F1-5-lightgbm,0,7,2021-05-07,96,1.0,True,181.0,185.8867364632884,4.8867364632884005,4.8867364632884005,2021-05-07 09:00:00,2021-05-07 08:30:00,-30.0,30.0
D1,F1-5-lightgbm,0,7,2021-05-08,96,1.0,True,115.0,108.13988580994524,-6.860114190054759,6.860114190054759,2021-05-08 02:00:00,2021-05-08 02:00:00,0.0,0.0
D1,F1-5-lightgbm,0,7,2021-05-09,96,1.0,True,184.0,177.21649996144282,-6.783500038557179,6.783500038557179,2021-05-09 09:00:00,2021-05-09 11:00:00,120.0,120.0
D1,F1-5-lightgbm,0,8,2021-04-19,96,1.0,True,172.0,186.87467955998125,14.874679559981246,14.874679559981246,2021-04-19 08:45:00,2021-04-19 09:45:00,60.0,60.0
D1,F1-5-lightgbm,0,8,2021-04-20,96,1.0,True,172.0,166.82986088897698,-5.170139111023019,5.170139111023019,2021-04-20 08:45:00,2021-04-20 15:30:00,405.0,405.0
D1,F1-5-lightgbm,0,8,2021-04-21,96,1.0,True,174.0,169.74344858338245,-4.256551416617555,4.256551416617555,2021-04-21 08:30:00,2021-04-21 11:00:00,150.0,150.0
D1,F1-5-lightgbm,0,8,2021-04-22,96,1.0,True,174.0,171.85810079818506,-2.1418992018149368,2.1418992018149368,2021-04-22 08:30:00,2021-04-22 11:00:00,150.0,150.0
D1,F1-5-lightgbm,0,8,2021-04-23,96,1.0,True,174.0,167.05921591912937,-6.940784080870628,6.940784080870628,2021-04-23 08:30:00,2021-04-23 11:00:00,150.0,150.0
D1,F1-5-lightgbm,0,8,2021-04-24,96,1.0,True,112.0,108.85971543371198,-3.1402845662880168,3.1402845662880168,2021-04-24 06:15:00,2021-04-24 02:00:00,-255.0,255.0
D1,F1-5-lightgbm,0,8,2021-04-25,96,1.0,True,25.0,32.480113292688046,7.480113292688046,7.480113292688046,2021-04-25 01:30:00,2021-04-25 08:15:00,405.0,405.0
D1,F1-5-lightgbm,0,8,2021-05-03,96,1.0,True,184.0,176.4154573796769,-7.584542620323106,7.584542620323106,2021-05-03 08:30:00,2021-05-03 09:30:00,60.0,60.0
D1,F1-5-lightgbm,0,8,2021-05-04,96,1.0,True,181.0,168.84377612629896,-12.156223873701038,12.156223873701038,2021-05-04 08:30:00,2021-05-04 09:30:00,60.0,60.0
D1,F1-5-lightgbm,0,8,2021-05-05,96,1.0,True,120.0,161.75142606729435,41.75142606729435,41.75142606729435,2021-05-05 04:15:00,2021-05-05 08:45:00,270.0,270.0
D1,F1-5-lightgbm,0,8,2021-05-06,96,1.0,True,199.0,187.95763974722277,-11.042360252777229,11.042360252777229,2021-05-06 09:00:00,2021-05-06 14:00:00,300.0,300.0
D1,F1-5-lightgbm,0,8,2021-05-07,96,1.0,True,181.0,189.31803798108768,8.318037981087684,8.318037981087684,2021-05-07 09:00:00,2021-05-07 08:45:00,-15.0,15.0
D1,F1-5-lightgbm,0,8,2021-05-08,96,1.0,True,115.0,106.93444538449482,-8.065554615505178,8.065554615505178,2021-05-08 02:00:00,2021-05-08 03:30:00,90.0,90.0
D1,F1-5-lightgbm,0,8,2021-05-09,96,1.0,True,184.0,172.7553735924284,-11.244626407571587,11.244626407571587,2021-05-09 09:00:00,2021-05-09 10:15:00,75.0,75.0
D1,F1-5-lightgbm,0,9,2021-04-19,96,1.0,True,172.0,180.75012296488552,8.75012296488552,8.75012296488552,2021-04-19 08:45:00,2021-04-19 15:00:00,375.0,375.0
D1,F1-5-lightgbm,0,9,2021-04-20,96,1.0,True,172.0,177.2430159887629,5.243015988762892,5.243015988762892,2021-04-20 08:45:00,2021-04-20 15:00:00,375.0,375.0
D1,F1-5-lightgbm,0,9,2021-04-21,96,1.0,True,174.0,172.82558075097742,-1.174419249022577,1.174419249022577,2021-04-21 08:30:00,2021-04-21 10:45:00,135.0,135.0
D1,F1-5-lightgbm,0,9,2021-04-22,96,1.0,True,174.0,173.79397589020064,-0.20602410979935826,0.20602410979935826,2021-04-22 08:30:00,2021-04-22 10:45:00,135.0,135.0
D1,F1-5-lightgbm,0,9,2021-04-23,96,1.0,True,174.0,151.34656832713262,-22.653431672867384,22.653431672867384,2021-04-23 08:30:00,2021-04-23 10:45:00,135.0,135.0
D1,F1-5-lightgbm,0,9,2021-04-24,96,1.0,True,112.0,108.0411509384589,-3.958849061541102,3.958849061541102,2021-04-24 06:15:00,2021-04-24 06:15:00,0.0,0.0
D1,F1-5-lightgbm,0,9,2021-04-25,96,1.0,True,25.0,37.30023825183327,12.300238251833271,12.300238251833271,2021-04-25 01:30:00,2021-04-25 01:45:00,15.0,15.0
D1,F1-5-lightgbm,0,9,2021-05-03,96,1.0,True,184.0,183.0379232117202,-0.962076788279802,0.962076788279802,2021-05-03 08:30:00,2021-05-03 10:30:00,120.0,120.0
D1,F1-5-lightgbm,0,9,2021-05-04,96,1.0,True,181.0,169.99707466185936,-11.002925338140642,11.002925338140642,2021-05-04 08:30:00,2021-05-04 09:45:00,75.0,75.0
D1,F1-5-lightgbm,0,9,2021-05-05,96,1.0,True,120.0,167.03223050396122,47.032230503961216,47.032230503961216,2021-05-05 04:15:00,2021-05-05 08:30:00,255.0,255.0
D1,F1-5-lightgbm,0,9,2021-05-06,96,1.0,True,199.0,190.15785902548413,-8.842140974515871,8.842140974515871,2021-05-06 09:00:00,2021-05-06 12:00:00,180.0,180.0
D1,F1-5-lightgbm,0,9,2021-05-07,96,1.0,True,181.0,183.0029519057962,2.002951905796209,2.002951905796209,2021-05-07 09:00:00,2021-05-07 08:45:00,-15.0,15.0
D1,F1-5-lightgbm,0,9,2021-05-08,96,1.0,True,115.0,105.54162115853431,-9.458378841465688,9.458378841465688,2021-05-08 02:00:00,2021-05-08 06:15:00,255.0,255.0
D1,F1-5-lightgbm,0,9,2021-05-09,96,1.0,True,184.0,170.46923376741736,-13.530766232582636,13.530766232582636,2021-05-09 09:00:00,2021-05-09 14:15:00,315.0,315.0
D1,F1-5-lightgbm,0,10,2021-04-19,96,1.0,True,172.0,177.57217327592446,5.572173275924456,5.572173275924456,2021-04-19 08:45:00,2021-04-19 10:45:00,120.0,120.0
D1,F1-5-lightgbm,0,10,2021-04-20,96,1.0,True,172.0,168.3297405679093,-3.6702594320906883,3.6702594320906883,2021-04-20 08:45:00,2021-04-20 15:00:00,375.0,375.0
D1,F1-5-lightgbm,0,10,2021-04-21,96,1.0,True,174.0,171.81812816218184,-2.1818718378181643,2.1818718378181643,2021-04-21 08:30:00,2021-04-21 11:00:00,150.0,150.0
D1,F1-5-lightgbm,0,10,2021-04-22,96,1.0,True,174.0,172.9336349580006,-1.0663650419994042,1.0663650419994042,2021-04-22 08:30:00,2021-04-22 11:00:00,150.0,150.0
D1,F1-5-lightgbm,0,10,2021-04-23,96,1.0,True,174.0,152.54439433882942,-21.45560566117058,21.45560566117058,2021-04-23 08:30:00,2021-04-23 11:00:00,150.0,150.0
D1,F1-5-lightgbm,0,10,2021-04-24,96,1.0,True,112.0,107.77823989937305,-4.221760100626952,4.221760100626952,2021-04-24 06:15:00,2021-04-24 03:30:00,-165.0,165.0
D1,F1-5-lightgbm,0,10,2021-04-25,96,1.0,True,25.0,33.53380812814262,8.533808128142617,8.533808128142617,2021-04-25 01:30:00,2021-04-25 02:00:00,30.0,30.0
D1,F1-5-lightgbm,0,10,2021-05-03,96,1.0,True,184.0,179.38824064497493,-4.611759355025072,4.611759355025072,2021-05-03 08:30:00,2021-05-03 11:00:00,150.0,150.0
D1,F1-5-lightgbm,0,10,2021-05-04,96,1.0,True,181.0,172.1556601562077,-8.844339843792312,8.844339843792312,2021-05-04 08:30:00,2021-05-04 09:00:00,30.0,30.0
D1,F1-5-lightgbm,0,10,2021-05-05,96,1.0,True,120.0,167.2391040033513,47.23910400335129,47.23910400335129,2021-05-05 04:15:00,2021-05-05 08:45:00,270.0,270.0
D1,F1-5-lightgbm,0,10,2021-05-06,96,1.0,True,199.0,186.30156289044393,-12.698437109556068,12.698437109556068,2021-05-06 09:00:00,2021-05-06 13:45:00,285.0,285.0
D1,F1-5-lightgbm,0,10,2021-05-07,96,1.0,True,181.0,187.0968491194632,6.096849119463201,6.096849119463201,2021-05-07 09:00:00,2021-05-07 08:45:00,-15.0,15.0
D1,F1-5-lightgbm,0,10,2021-05-08,96,1.0,True,115.0,108.6417849487916,-6.358215051208404,6.358215051208404,2021-05-08 02:00:00,2021-05-08 06:15:00,255.0,255.0
D1,F1-5-lightgbm,0,10,2021-05-09,96,1.0,True,184.0,175.63508184189567,-8.36491815810433,8.36491815810433,2021-05-09 09:00:00,2021-05-09 14:15:00,315.0,315.0
D1,F1-5-lightgbm,0,11,2021-04-19,96,1.0,True,172.0,185.7398397160621,13.739839716062107,13.739839716062107,2021-04-19 08:45:00,2021-04-19 09:00:00,15.0,15.0
D1,F1-5-lightgbm,0,11,2021-04-20,96,1.0,True,172.0,170.43047345275917,-1.5695265472408266,1.5695265472408266,2021-04-20 08:45:00,2021-04-20 14:45:00,360.0,360.0
D1,F1-5-lightgbm,0,11,2021-04-21,96,1.0,True,174.0,174.48025906156332,0.48025906156331644,0.48025906156331644,2021-04-21 08:30:00,2021-04-21 11:15:00,165.0,165.0
D1,F1-5-lightgbm,0,11,2021-04-22,96,1.0,True,174.0,176.41019768053405,2.410197680534054,2.410197680534054,2021-04-22 08:30:00,2021-04-22 11:00:00,150.0,150.0
D1,F1-5-lightgbm,0,11,2021-04-23,96,1.0,True,174.0,165.87776638473437,-8.122233615265628,8.122233615265628,2021-04-23 08:30:00,2021-04-23 11:00:00,150.0,150.0
D1,F1-5-lightgbm,0,11,2021-04-24,96,1.0,True,112.0,104.8516327729927,-7.148367227007299,7.148367227007299,2021-04-24 06:15:00,2021-04-24 04:30:00,-105.0,105.0
D1,F1-5-lightgbm,0,11,2021-04-25,96,1.0,True,25.0,27.537833019635308,2.5378330196353076,2.5378330196353076,2021-04-25 01:30:00,2021-04-25 02:15:00,45.0,45.0
D1,F1-5-lightgbm,0,11,2021-05-03,96,1.0,True,184.0,184.70709428029576,0.7070942802957632,0.7070942802957632,2021-05-03 08:30:00,2021-05-03 14:00:00,330.0,330.0
D1,F1-5-lightgbm,0,11,2021-05-04,96,1.0,True,181.0,171.82438089399108,-9.175619106008924,9.175619106008924,2021-05-04 08:30:00,2021-05-04 08:30:00,0.0,0.0
D1,F1-5-lightgbm,0,11,2021-05-05,96,1.0,True,120.0,170.65714470336607,50.65714470336607,50.65714470336607,2021-05-05 04:15:00,2021-05-05 08:30:00,255.0,255.0
D1,F1-5-lightgbm,0,11,2021-05-06,96,1.0,True,199.0,187.91423365874635,-11.085766341253645,11.085766341253645,2021-05-06 09:00:00,2021-05-06 14:00:00,300.0,300.0
D1,F1-5-lightgbm,0,11,2021-05-07,96,1.0,True,181.0,183.514806906474,2.514806906474007,2.514806906474007,2021-05-07 09:00:00,2021-05-07 08:45:00,-15.0,15.0
D1,F1-5-lightgbm,0,11,2021-05-08,96,1.0,True,115.0,106.09032827277171,-8.909671727228286,8.909671727228286,2021-05-08 02:00:00,2021-05-08 06:15:00,255.0,255.0
D1,F1-5-lightgbm,0,11,2021-05-09,96,1.0,True,184.0,185.60511620591444,1.6051162059144417,1.6051162059144417,2021-05-09 09:00:00,2021-05-09 14:30:00,330.0,330.0
D1,F1-5-lightgbm,0,12,2021-04-19,96,1.0,True,172.0,182.301678646674,10.301678646673992,10.301678646673992,2021-04-19 08:45:00,2021-04-19 09:00:00,15.0,15.0
D1,F1-5-lightgbm,0,12,2021-04-20,96,1.0,True,172.0,175.47754342490103,3.477543424901029,3.477543424901029,2021-04-20 08:45:00,2021-04-20 15:00:00,375.0,375.0
D1,F1-5-lightgbm,0,12,2021-04-21,96,1.0,True,174.0,173.87097901617838,-0.12902098382161853,0.12902098382161853,2021-04-21 08:30:00,2021-04-21 10:45:00,135.0,135.0
D1,F1-5-lightgbm,0,12,2021-04-22,96,1.0,True,174.0,174.9158092400043,0.9158092400043074,0.9158092400043074,2021-04-22 08:30:00,2021-04-22 11:00:00,150.0,150.0
D1,F1-5-lightgbm,0,12,2021-04-23,96,1.0,True,174.0,165.03007220149507,-8.969927798504926,8.969927798504926,2021-04-23 08:30:00,2021-04-23 11:00:00,150.0,150.0
D1,F1-5-lightgbm,0,12,2021-04-24,96,1.0,True,112.0,109.97234339812522,-2.0276566018747815,2.0276566018747815,2021-04-24 06:15:00,2021-04-24 02:00:00,-255.0,255.0
D1,F1-5-lightgbm,0,12,2021-04-25,96,1.0,True,25.0,29.62522103167827,4.625221031678269,4.625221031678269,2021-04-25 01:30:00,2021-04-25 02:30:00,60.0,60.0
D1,F1-5-lightgbm,0,12,2021-05-03,96,1.0,True,184.0,187.47187560438948,3.4718756043894814,3.4718756043894814,2021-05-03 08:30:00,2021-05-03 11:30:00,180.0,180.0
D1,F1-5-lightgbm,0,12,2021-05-04,96,1.0,True,181.0,175.9686678973055,-5.031332102694506,5.031332102694506,2021-05-04 08:30:00,2021-05-04 08:30:00,0.0,0.0
D1,F1-5-lightgbm,0,12,2021-05-05,96,1.0,True,120.0,169.49752011419156,49.49752011419156,49.49752011419156,2021-05-05 04:15:00,2021-05-05 08:45:00,270.0,270.0
D1,F1-5-lightgbm,0,12,2021-05-06,96,1.0,True,199.0,185.21255742976717,-13.787442570232827,13.787442570232827,2021-05-06 09:00:00,2021-05-06 14:00:00,300.0,300.0
D1,F1-5-lightgbm,0,12,2021-05-07,96,1.0,True,181.0,185.86576533655483,4.86576533655483,4.86576533655483,2021-05-07 09:00:00,2021-05-07 08:30:00,-30.0,30.0
D1,F1-5-lightgbm,0,12,2021-05-08,96,1.0,True,115.0,109.5334141854677,-5.466585814532294,5.466585814532294,2021-05-08 02:00:00,2021-05-08 02:45:00,45.0,45.0
D1,F1-5-lightgbm,0,12,2021-05-09,96,1.0,True,184.0,172.14217656189743,-11.857823438102571,11.857823438102571,2021-05-09 09:00:00,2021-05-09 11:15:00,135.0,135.0
D1,F1-5-lightgbm,0,13,2021-04-19,96,1.0,True,172.0,184.62961937703173,12.62961937703173,12.62961937703173,2021-04-19 08:45:00,2021-04-19 10:45:00,120.0,120.0
D1,F1-5-lightgbm,0,13,2021-04-20,96,1.0,True,172.0,164.29786094486636,-7.702139055133642,7.702139055133642,2021-04-20 08:45:00,2021-04-20 11:45:00,180.0,180.0
D1,F1-5-lightgbm,0,13,2021-04-21,96,1.0,True,174.0,170.17476451494323,-3.8252354850567656,3.8252354850567656,2021-04-21 08:30:00,2021-04-21 11:45:00,195.0,195.0
D1,F1-5-lightgbm,0,13,2021-04-22,96,1.0,True,174.0,171.66144544677917,-2.338554553220831,2.338554553220831,2021-04-22 08:30:00,2021-04-22 11:00:00,150.0,150.0
D1,F1-5-lightgbm,0,13,2021-04-23,96,1.0,True,174.0,162.34147657473704,-11.658523425262956,11.658523425262956,2021-04-23 08:30:00,2021-04-23 11:00:00,150.0,150.0
D1,F1-5-lightgbm,0,13,2021-04-24,96,1.0,True,112.0,109.38264568626592,-2.617354313734083,2.617354313734083,2021-04-24 06:15:00,2021-04-24 02:00:00,-255.0,255.0
D1,F1-5-lightgbm,0,13,2021-04-25,96,1.0,True,25.0,29.661013770801272,4.661013770801272,4.661013770801272,2021-04-25 01:30:00,2021-04-25 02:45:00,75.0,75.0
D1,F1-5-lightgbm,0,13,2021-05-03,96,1.0,True,184.0,184.68667874347392,0.6866787434739194,0.6866787434739194,2021-05-03 08:30:00,2021-05-03 08:30:00,0.0,0.0
D1,F1-5-lightgbm,0,13,2021-05-04,96,1.0,True,181.0,167.756851816968,-13.243148183031991,13.243148183031991,2021-05-04 08:30:00,2021-05-04 11:45:00,195.0,195.0
D1,F1-5-lightgbm,0,13,2021-05-05,96,1.0,True,120.0,169.41905110524502,49.41905110524502,49.41905110524502,2021-05-05 04:15:00,2021-05-05 08:30:00,255.0,255.0
D1,F1-5-lightgbm,0,13,2021-05-06,96,1.0,True,199.0,176.3507350138211,-22.649264986178906,22.649264986178906,2021-05-06 09:00:00,2021-05-06 11:45:00,165.0,165.0
D1,F1-5-lightgbm,0,13,2021-05-07,96,1.0,True,181.0,183.74725354218222,2.7472535421822215,2.7472535421822215,2021-05-07 09:00:00,2021-05-07 11:00:00,120.0,120.0
D1,F1-5-lightgbm,0,13,2021-05-08,96,1.0,True,115.0,103.32374243388509,-11.676257566114913,11.676257566114913,2021-05-08 02:00:00,2021-05-08 06:15:00,255.0,255.0
D1,F1-5-lightgbm,0,13,2021-05-09,96,1.0,True,184.0,179.49375065373277,-4.506249346267225,4.506249346267225,2021-05-09 09:00:00,2021-05-09 11:30:00,150.0,150.0
D1,F1-5-lightgbm,0,14,2021-04-19,96,1.0,True,172.0,189.2347866126186,17.234786612618592,17.234786612618592,2021-04-19 08:45:00,2021-04-19 09:00:00,15.0,15.0
D1,F1-5-lightgbm,0,14,2021-04-20,96,1.0,True,172.0,164.98647647665067,-7.013523523349335,7.013523523349335,2021-04-20 08:45:00,2021-04-20 15:30:00,405.0,405.0
D1,F1-5-lightgbm,0,14,2021-04-21,96,1.0,True,174.0,175.26713762169553,1.2671376216955252,1.2671376216955252,2021-04-21 08:30:00,2021-04-21 11:15:00,165.0,165.0
D1,F1-5-lightgbm,0,14,2021-04-22,96,1.0,True,174.0,174.2870521024602,0.2870521024601942,0.2870521024601942,2021-04-22 08:30:00,2021-04-22 11:15:00,165.0,165.0
D1,F1-5-lightgbm,0,14,2021-04-23,96,1.0,True,174.0,168.5801688929511,-5.419831107048907,5.419831107048907,2021-04-23 08:30:00,2021-04-23 11:15:00,165.0,165.0
D1,F1-5-lightgbm,0,14,2021-04-24,96,1.0,True,112.0,112.90611401731121,0.9061140173112108,0.9061140173112108,2021-04-24 06:15:00,2021-04-24 02:00:00,-255.0,255.0
D1,F1-5-lightgbm,0,14,2021-04-25,96,1.0,True,25.0,29.471160704086014,4.471160704086014,4.471160704086014,2021-04-25 01:30:00,2021-04-25 11:15:00,585.0,585.0
D1,F1-5-lightgbm,0,14,2021-05-03,96,1.0,True,184.0,184.13662620826418,0.13662620826417538,0.13662620826417538,2021-05-03 08:30:00,2021-05-03 08:30:00,0.0,0.0
D1,F1-5-lightgbm,0,14,2021-05-04,96,1.0,True,181.0,166.26733219640792,-14.73266780359208,14.73266780359208,2021-05-04 08:30:00,2021-05-04 11:45:00,195.0,195.0
D1,F1-5-lightgbm,0,14,2021-05-05,96,1.0,True,120.0,168.62353257846394,48.62353257846394,48.62353257846394,2021-05-05 04:15:00,2021-05-05 10:45:00,390.0,390.0
D1,F1-5-lightgbm,0,14,2021-05-06,96,1.0,True,199.0,182.1944121430137,-16.805587856986307,16.805587856986307,2021-05-06 09:00:00,2021-05-06 13:30:00,270.0,270.0
D1,F1-5-lightgbm,0,14,2021-05-07,96,1.0,True,181.0,179.7625944859801,-1.2374055140199118,1.2374055140199118,2021-05-07 09:00:00,2021-05-07 11:15:00,135.0,135.0
D1,F1-5-lightgbm,0,14,2021-05-08,96,1.0,True,115.0,103.7439619312329,-11.256038068767097,11.256038068767097,2021-05-08 02:00:00,2021-05-08 06:45:00,285.0,285.0
D1,F1-5-lightgbm,0,14,2021-05-09,96,1.0,True,184.0,171.73577516114597,-12.264224838854034,12.264224838854034,2021-05-09 09:00:00,2021-05-09 16:15:00,435.0,435.0
D1,F1-5-lightgbm,0,15,2021-04-19,96,1.0,True,172.0,188.20862393831928,16.208623938319278,16.208623938319278,2021-04-19 08:45:00,2021-04-19 09:00:00,15.0,15.0
D1,F1-5-lightgbm,0,15,2021-04-20,96,1.0,True,172.0,170.64527841970337,-1.3547215802966264,1.3547215802966264,2021-04-20 08:45:00,2021-04-20 11:45:00,180.0,180.0
D1,F1-5-lightgbm,0,15,2021-04-21,96,1.0,True,174.0,168.8154332639233,-5.184566736076704,5.184566736076704,2021-04-21 08:30:00,2021-04-21 11:45:00,195.0,195.0
D1,F1-5-lightgbm,0,15,2021-04-22,96,1.0,True,174.0,168.57270365388877,-5.427296346111234,5.427296346111234,2021-04-22 08:30:00,2021-04-22 10:45:00,135.0,135.0
D1,F1-5-lightgbm,0,15,2021-04-23,96,1.0,True,174.0,163.23098265462565,-10.769017345374351,10.769017345374351,2021-04-23 08:30:00,2021-04-23 14:45:00,375.0,375.0
D1,F1-5-lightgbm,0,15,2021-04-24,96,1.0,True,112.0,111.24162592858487,-0.7583740714151332,0.7583740714151332,2021-04-24 06:15:00,2021-04-24 02:00:00,-255.0,255.0
D1,F1-5-lightgbm,0,15,2021-04-25,96,1.0,True,25.0,28.538135157751146,3.538135157751146,3.538135157751146,2021-04-25 01:30:00,2021-04-25 01:30:00,0.0,0.0
D1,F1-5-lightgbm,0,15,2021-05-03,96,1.0,True,184.0,185.30227676089694,1.3022767608969446,1.3022767608969446,2021-05-03 08:30:00,2021-05-03 08:30:00,0.0,0.0
D1,F1-5-lightgbm,0,15,2021-05-04,96,1.0,True,181.0,167.80910249518095,-13.190897504819048,13.190897504819048,2021-05-04 08:30:00,2021-05-04 11:15:00,165.0,165.0
D1,F1-5-lightgbm,0,15,2021-05-05,96,1.0,True,120.0,169.12159047453093,49.12159047453093,49.12159047453093,2021-05-05 04:15:00,2021-05-05 08:45:00,270.0,270.0
D1,F1-5-lightgbm,0,15,2021-05-06,96,1.0,True,199.0,184.63804729917084,-14.361952700829164,14.361952700829164,2021-05-06 09:00:00,2021-05-06 11:45:00,165.0,165.0
D1,F1-5-lightgbm,0,15,2021-05-07,96,1.0,True,181.0,184.63584586323398,3.635845863233982,3.635845863233982,2021-05-07 09:00:00,2021-05-07 11:00:00,120.0,120.0
D1,F1-5-lightgbm,0,15,2021-05-08,96,1.0,True,115.0,110.13125140612362,-4.868748593876376,4.868748593876376,2021-05-08 02:00:00,2021-05-08 06:15:00,255.0,255.0
D1,F1-5-lightgbm,0,15,2021-05-09,96,1.0,True,184.0,176.26274697175953,-7.737253028240474,7.737253028240474,2021-05-09 09:00:00,2021-05-09 14:15:00,315.0,315.0
D1,F1-5-lightgbm,0,16,2021-04-19,96,1.0,True,172.0,185.08210886956772,13.082108869567719,13.082108869567719,2021-04-19 08:45:00,2021-04-19 09:00:00,15.0,15.0
D1,F1-5-lightgbm,0,16,2021-04-20,96,1.0,True,172.0,166.9624179320725,-5.037582067927502,5.037582067927502,2021-04-20 08:45:00,2021-04-20 11:45:00,180.0,180.0
D1,F1-5-lightgbm,0,16,2021-04-21,96,1.0,True,174.0,171.31975333890222,-2.680246661097783,2.680246661097783,2021-04-21 08:30:00,2021-04-21 09:00:00,30.0,30.0
D1,F1-5-lightgbm,0,16,2021-04-22,96,1.0,True,174.0,168.81168679627007,-5.188313203729933,5.188313203729933,2021-04-22 08:30:00,2021-04-22 14:45:00,375.0,375.0
D1,F1-5-lightgbm,0,16,2021-04-23,96,1.0,True,174.0,166.31088483796367,-7.68911516203633,7.68911516203633,2021-04-23 08:30:00,2021-04-23 14:45:00,375.0,375.0
D1,F1-5-lightgbm,0,16,2021-04-24,96,1.0,True,112.0,111.45456865074867,-0.5454313492513307,0.5454313492513307,2021-04-24 06:15:00,2021-04-24 02:00:00,-255.0,255.0
D1,F1-5-lightgbm,0,16,2021-04-25,96,1.0,True,25.0,25.717296142772938,0.7172961427729376,0.7172961427729376,2021-04-25 01:30:00,2021-04-25 11:15:00,585.0,585.0
D1,F1-5-lightgbm,0,16,2021-05-03,96,1.0,True,184.0,179.68751226315393,-4.312487736846066,4.312487736846066,2021-05-03 08:30:00,2021-05-03 09:45:00,75.0,75.0
D1,F1-5-lightgbm,0,16,2021-05-04,96,1.0,True,181.0,165.66260216283595,-15.337397837164048,15.337397837164048,2021-05-04 08:30:00,2021-05-04 14:00:00,330.0,330.0
D1,F1-5-lightgbm,0,16,2021-05-05,96,1.0,True,120.0,163.90970854348743,43.909708543487426,43.909708543487426,2021-05-05 04:15:00,2021-05-05 08:30:00,255.0,255.0
D1,F1-5-lightgbm,0,16,2021-05-06,96,1.0,True,199.0,176.6304268128551,-22.36957318714491,22.36957318714491,2021-05-06 09:00:00,2021-05-06 13:30:00,270.0,270.0
D1,F1-5-lightgbm,0,16,2021-05-07,96,1.0,True,181.0,182.82977501665414,1.829775016654139,1.829775016654139,2021-05-07 09:00:00,2021-05-07 08:45:00,-15.0,15.0
D1,F1-5-lightgbm,0,16,2021-05-08,96,1.0,True,115.0,110.94143402736594,-4.058565972634057,4.058565972634057,2021-05-08 02:00:00,2021-05-08 06:15:00,255.0,255.0
D1,F1-5-lightgbm,0,16,2021-05-09,96,1.0,True,184.0,179.3804259567753,-4.619574043224702,4.619574043224702,2021-05-09 09:00:00,2021-05-09 14:00:00,300.0,300.0
D1,F1-5-lightgbm,1,4,2021-05-31,96,1.0,True,172.0,159.42071092530054,-12.57928907469946,12.57928907469946,2021-05-31 10:30:00,2021-05-31 09:00:00,-90.0,90.0
D1,F1-5-lightgbm,1,4,2021-06-01,96,1.0,True,195.0,158.16929977241963,-36.830700227580365,36.830700227580365,2021-06-01 09:00:00,2021-06-01 18:15:00,555.0,555.0
D1,F1-5-lightgbm,1,4,2021-06-02,96,1.0,True,191.0,176.8111300480218,-14.188869951978205,14.188869951978205,2021-06-02 10:45:00,2021-06-02 08:45:00,-120.0,120.0
D1,F1-5-lightgbm,1,4,2021-06-03,96,1.0,True,181.0,177.06422209914305,-3.935777900856948,3.935777900856948,2021-06-03 08:30:00,2021-06-03 09:15:00,45.0,45.0
D1,F1-5-lightgbm,1,4,2021-06-04,96,1.0,True,173.0,167.74783540299347,-5.2521645970065265,5.2521645970065265,2021-06-04 10:45:00,2021-06-04 09:15:00,-90.0,90.0
D1,F1-5-lightgbm,1,4,2021-06-05,96,1.0,True,116.0,106.85058568260824,-9.14941431739176,9.14941431739176,2021-06-05 01:45:00,2021-06-05 04:15:00,150.0,150.0
D1,F1-5-lightgbm,1,4,2021-06-06,96,1.0,True,27.0,42.281154466972666,15.281154466972666,15.281154466972666,2021-06-06 01:30:00,2021-06-06 08:30:00,420.0,420.0
D1,F1-5-lightgbm,1,4,2021-06-14,96,1.0,True,204.0,198.26308934476074,-5.736910655239257,5.736910655239257,2021-06-14 09:00:00,2021-06-14 08:45:00,-15.0,15.0
D1,F1-5-lightgbm,1,4,2021-06-15,96,1.0,True,198.0,184.30315899915513,-13.69684100084487,13.69684100084487,2021-06-15 08:45:00,2021-06-15 08:45:00,0.0,0.0
D1,F1-5-lightgbm,1,4,2021-06-16,96,1.0,True,193.0,179.72687453227033,-13.27312546772967,13.27312546772967,2021-06-16 10:45:00,2021-06-16 09:15:00,-90.0,90.0
D1,F1-5-lightgbm,1,4,2021-06-17,96,1.0,True,197.0,183.5370253417356,-13.462974658264386,13.462974658264386,2021-06-17 08:45:00,2021-06-17 08:45:00,0.0,0.0
D1,F1-5-lightgbm,1,4,2021-06-18,96,1.0,True,186.0,174.71478240596755,-11.285217594032446,11.285217594032446,2021-06-18 10:00:00,2021-06-18 10:00:00,0.0,0.0
D1,F1-5-lightgbm,1,4,2021-06-19,96,1.0,True,119.0,110.78069824905215,-8.21930175094785,8.21930175094785,2021-06-19 02:15:00,2021-06-19 02:15:00,0.0,0.0
D1,F1-5-lightgbm,1,4,2021-06-20,96,1.0,True,28.0,35.47826492585035,7.478264925850347,7.478264925850347,2021-06-20 15:15:00,2021-06-20 08:15:00,-420.0,420.0
D1,F1-5-lightgbm,1,5,2021-05-31,96,1.0,True,172.0,154.5496517873252,-17.45034821267481,17.45034821267481,2021-05-31 10:30:00,2021-05-31 08:45:00,-105.0,105.0
D1,F1-5-lightgbm,1,5,2021-06-01,96,1.0,True,195.0,157.72233262819546,-37.27766737180454,37.27766737180454,2021-06-01 09:00:00,2021-06-01 16:30:00,450.0,450.0
D1,F1-5-lightgbm,1,5,2021-06-02,96,1.0,True,191.0,178.20290396185476,-12.797096038145241,12.797096038145241,2021-06-02 10:45:00,2021-06-02 13:30:00,165.0,165.0
D1,F1-5-lightgbm,1,5,2021-06-03,96,1.0,True,181.0,173.70111110222138,-7.298888897778625,7.298888897778625,2021-06-03 08:30:00,2021-06-03 08:30:00,0.0,0.0
D1,F1-5-lightgbm,1,5,2021-06-04,96,1.0,True,173.0,167.2883442175432,-5.711655782456802,5.711655782456802,2021-06-04 10:45:00,2021-06-04 08:30:00,-135.0,135.0
D1,F1-5-lightgbm,1,5,2021-06-05,96,1.0,True,116.0,108.16386064721507,-7.836139352784926,7.836139352784926,2021-06-05 01:45:00,2021-06-05 04:15:00,150.0,150.0
D1,F1-5-lightgbm,1,5,2021-06-06,96,1.0,True,27.0,45.29543757998125,18.295437579981247,18.295437579981247,2021-06-06 01:30:00,2021-06-06 08:15:00,405.0,405.0
D1,F1-5-lightgbm,1,5,2021-06-14,96,1.0,True,204.0,202.6364931772941,-1.3635068227058866,1.3635068227058866,2021-06-14 09:00:00,2021-06-14 08:45:00,-15.0,15.0
D1,F1-5-lightgbm,1,5,2021-06-15,96,1.0,True,198.0,192.5965766049495,-5.40342339505051,5.40342339505051,2021-06-15 08:45:00,2021-06-15 08:30:00,-15.0,15.0
D1,F1-5-lightgbm,1,5,2021-06-16,96,1.0,True,193.0,181.96326247867577,-11.036737521324227,11.036737521324227,2021-06-16 10:45:00,2021-06-16 10:45:00,0.0,0.0
D1,F1-5-lightgbm,1,5,2021-06-17,96,1.0,True,197.0,185.21003542500293,-11.789964574997072,11.789964574997072,2021-06-17 08:45:00,2021-06-17 08:45:00,0.0,0.0
D1,F1-5-lightgbm,1,5,2021-06-18,96,1.0,True,186.0,175.64315268654266,-10.356847313457337,10.356847313457337,2021-06-18 10:00:00,2021-06-18 13:45:00,225.0,225.0
D1,F1-5-lightgbm,1,5,2021-06-19,96,1.0,True,119.0,111.6802675312463,-7.319732468753699,7.319732468753699,2021-06-19 02:15:00,2021-06-19 02:15:00,0.0,0.0
D1,F1-5-lightgbm,1,5,2021-06-20,96,1.0,True,28.0,35.17988584631267,7.179885846312672,7.179885846312672,2021-06-20 15:15:00,2021-06-20 06:00:00,-555.0,555.0
D1,F1-5-lightgbm,1,6,2021-05-31,96,1.0,True,172.0,146.95724413314898,-25.042755866851024,25.042755866851024,2021-05-31 10:30:00,2021-05-31 08:45:00,-105.0,105.0
D1,F1-5-lightgbm,1,6,2021-06-01,96,1.0,True,195.0,156.94216604959408,-38.05783395040592,38.05783395040592,2021-06-01 09:00:00,2021-06-01 11:00:00,120.0,120.0
D1,F1-5-lightgbm,1,6,2021-06-02,96,1.0,True,191.0,175.69194761302816,-15.308052386971838,15.308052386971838,2021-06-02 10:45:00,2021-06-02 09:00:00,-105.0,105.0
D1,F1-5-lightgbm,1,6,2021-06-03,96,1.0,True,181.0,173.90729186747814,-7.092708132521864,7.092708132521864,2021-06-03 08:30:00,2021-06-03 09:45:00,75.0,75.0
D1,F1-5-lightgbm,1,6,2021-06-04,96,1.0,True,173.0,166.64795918455312,-6.352040815446884,6.352040815446884,2021-06-04 10:45:00,2021-06-04 09:00:00,-105.0,105.0
D1,F1-5-lightgbm,1,6,2021-06-05,96,1.0,True,116.0,107.36544335188573,-8.63455664811427,8.63455664811427,2021-06-05 01:45:00,2021-06-05 03:30:00,105.0,105.0
D1,F1-5-lightgbm,1,6,2021-06-06,96,1.0,True,27.0,42.95997251436543,15.959972514365433,15.959972514365433,2021-06-06 01:30:00,2021-06-06 07:45:00,375.0,375.0
D1,F1-5-lightgbm,1,6,2021-06-14,96,1.0,True,204.0,199.6569280205436,-4.343071979456397,4.343071979456397,2021-06-14 09:00:00,2021-06-14 09:00:00,0.0,0.0
D1,F1-5-lightgbm,1,6,2021-06-15,96,1.0,True,198.0,187.45379308534157,-10.546206914658427,10.546206914658427,2021-06-15 08:45:00,2021-06-15 08:45:00,0.0,0.0
D1,F1-5-lightgbm,1,6,2021-06-16,96,1.0,True,193.0,177.4604581444128,-15.539541855587203,15.539541855587203,2021-06-16 10:45:00,2021-06-16 09:45:00,-60.0,60.0
D1,F1-5-lightgbm,1,6,2021-06-17,96,1.0,True,197.0,182.36460563946173,-14.635394360538271,14.635394360538271,2021-06-17 08:45:00,2021-06-17 08:30:00,-15.0,15.0
D1,F1-5-lightgbm,1,6,2021-06-18,96,1.0,True,186.0,173.66370276177926,-12.336297238220737,12.336297238220737,2021-06-18 10:00:00,2021-06-18 12:00:00,120.0,120.0
D1,F1-5-lightgbm,1,6,2021-06-19,96,1.0,True,119.0,112.2933713297481,-6.706628670251902,6.706628670251902,2021-06-19 02:15:00,2021-06-19 03:30:00,75.0,75.0
D1,F1-5-lightgbm,1,6,2021-06-20,96,1.0,True,28.0,41.50127296542545,13.50127296542545,13.50127296542545,2021-06-20 15:15:00,2021-06-20 04:45:00,-630.0,630.0
D1,F1-5-lightgbm,1,7,2021-05-31,96,1.0,True,172.0,146.78367218081812,-25.216327819181885,25.216327819181885,2021-05-31 10:30:00,2021-05-31 09:00:00,-90.0,90.0
D1,F1-5-lightgbm,1,7,2021-06-01,96,1.0,True,195.0,159.20407129187217,-35.79592870812783,35.79592870812783,2021-06-01 09:00:00,2021-06-01 10:45:00,105.0,105.0
D1,F1-5-lightgbm,1,7,2021-06-02,96,1.0,True,191.0,175.50120883382422,-15.498791166175778,15.498791166175778,2021-06-02 10:45:00,2021-06-02 13:45:00,180.0,180.0
D1,F1-5-lightgbm,1,7,2021-06-03,96,1.0,True,181.0,175.27712081362034,-5.722879186379657,5.722879186379657,2021-06-03 08:30:00,2021-06-03 08:30:00,0.0,0.0
D1,F1-5-lightgbm,1,7,2021-06-04,96,1.0,True,173.0,168.93366786364527,-4.066332136354731,4.066332136354731,2021-06-04 10:45:00,2021-06-04 09:00:00,-105.0,105.0
D1,F1-5-lightgbm,1,7,2021-06-05,96,1.0,True,116.0,108.15379905465623,-7.846200945343767,7.846200945343767,2021-06-05 01:45:00,2021-06-05 04:15:00,150.0,150.0
D1,F1-5-lightgbm,1,7,2021-06-06,96,1.0,True,27.0,44.29725451875958,17.29725451875958,17.29725451875958,2021-06-06 01:30:00,2021-06-06 08:00:00,390.0,390.0
D1,F1-5-lightgbm,1,7,2021-06-14,96,1.0,True,204.0,187.49250777876904,-16.50749222123096,16.50749222123096,2021-06-14 09:00:00,2021-06-14 13:45:00,285.0,285.0
D1,F1-5-lightgbm,1,7,2021-06-15,96,1.0,True,198.0,189.76745927518897,-8.232540724811031,8.232540724811031,2021-06-15 08:45:00,2021-06-15 08:45:00,0.0,0.0
D1,F1-5-lightgbm,1,7,2021-06-16,96,1.0,True,193.0,179.5423863926566,-13.457613607343404,13.457613607343404,2021-06-16 10:45:00,2021-06-16 08:30:00,-135.0,135.0
D1,F1-5-lightgbm,1,7,2021-06-17,96,1.0,True,197.0,186.00723559121352,-10.992764408786485,10.992764408786485,2021-06-17 08:45:00,2021-06-17 08:30:00,-15.0,15.0
D1,F1-5-lightgbm,1,7,2021-06-18,96,1.0,True,186.0,177.16123576472754,-8.838764235272464,8.838764235272464,2021-06-18 10:00:00,2021-06-18 09:00:00,-60.0,60.0
D1,F1-5-lightgbm,1,7,2021-06-19,96,1.0,True,119.0,110.81997029491447,-8.18002970508553,8.18002970508553,2021-06-19 02:15:00,2021-06-19 02:30:00,15.0,15.0
D1,F1-5-lightgbm,1,7,2021-06-20,96,1.0,True,28.0,43.59440331686293,15.59440331686293,15.59440331686293,2021-06-20 15:15:00,2021-06-20 02:45:00,-750.0,750.0
D1,F1-5-lightgbm,1,8,2021-05-31,96,1.0,True,172.0,151.7477729890957,-20.252227010904306,20.252227010904306,2021-05-31 10:30:00,2021-05-31 09:15:00,-75.0,75.0
D1,F1-5-lightgbm,1,8,2021-06-01,96,1.0,True,195.0,159.33905976268923,-35.66094023731077,35.66094023731077,2021-06-01 09:00:00,2021-06-01 11:00:00,120.0,120.0
D1,F1-5-lightgbm,1,8,2021-06-02,96,1.0,True,191.0,175.56987134836965,-15.430128651630355,15.430128651630355,2021-06-02 10:45:00,2021-06-02 13:30:00,165.0,165.0
D1,F1-5-lightgbm,1,8,2021-06-03,96,1.0,True,181.0,175.64710902369106,-5.352890976308942,5.352890976308942,2021-06-03 08:30:00,2021-06-03 08:30:00,0.0,0.0
D1,F1-5-lightgbm,1,8,2021-06-04,96,1.0,True,173.0,165.22904588465366,-7.770954115346342,7.770954115346342,2021-06-04 10:45:00,2021-06-04 09:15:00,-90.0,90.0
D1,F1-5-lightgbm,1,8,2021-06-05,96,1.0,True,116.0,106.9730987927436,-9.026901207256401,9.026901207256401,2021-06-05 01:45:00,2021-06-05 04:15:00,150.0,150.0
D1,F1-5-lightgbm,1,8,2021-06-06,96,1.0,True,27.0,59.25956855210853,32.25956855210853,32.25956855210853,2021-06-06 01:30:00,2021-06-06 08:15:00,405.0,405.0
D1,F1-5-lightgbm,1,8,2021-06-14,96,1.0,True,204.0,192.4221244943864,-11.577875505613605,11.577875505613605,2021-06-14 09:00:00,2021-06-14 08:45:00,-15.0,15.0
D1,F1-5-lightgbm,1,8,2021-06-15,96,1.0,True,198.0,188.29252804614597,-9.707471953854025,9.707471953854025,2021-06-15 08:45:00,2021-06-15 08:45:00,0.0,0.0
D1,F1-5-lightgbm,1,8,2021-06-16,96,1.0,True,193.0,179.55835464803724,-13.441645351962762,13.441645351962762,2021-06-16 10:45:00,2021-06-16 08:30:00,-135.0,135.0
D1,F1-5-lightgbm,1,8,2021-06-17,96,1.0,True,197.0,187.07321811075295,-9.926781889247053,9.926781889247053,2021-06-17 08:45:00,2021-06-17 08:30:00,-15.0,15.0
D1,F1-5-lightgbm,1,8,2021-06-18,96,1.0,True,186.0,172.50782076665413,-13.492179233345865,13.492179233345865,2021-06-18 10:00:00,2021-06-18 09:15:00,-45.0,45.0
D1,F1-5-lightgbm,1,8,2021-06-19,96,1.0,True,119.0,108.48591690960772,-10.514083090392276,10.514083090392276,2021-06-19 02:15:00,2021-06-19 05:00:00,165.0,165.0
D1,F1-5-lightgbm,1,8,2021-06-20,96,1.0,True,28.0,45.167012359678665,17.167012359678665,17.167012359678665,2021-06-20 15:15:00,2021-06-20 04:45:00,-630.0,630.0
D1,F1-5-lightgbm,1,9,2021-05-31,96,1.0,True,172.0,143.47257127302808,-28.52742872697192,28.52742872697192,2021-05-31 10:30:00,2021-05-31 16:30:00,360.0,360.0
D1,F1-5-lightgbm,1,9,2021-06-01,96,1.0,True,195.0,158.05783099181153,-36.94216900818847,36.94216900818847,2021-06-01 09:00:00,2021-06-01 09:45:00,45.0,45.0
D1,F1-5-lightgbm,1,9,2021-06-02,96,1.0,True,191.0,178.3237872469273,-12.67621275307269,12.67621275307269,2021-06-02 10:45:00,2021-06-02 08:30:00,-135.0,135.0
D1,F1-5-lightgbm,1,9,2021-06-03,96,1.0,True,181.0,178.70807689199907,-2.2919231080009297,2.2919231080009297,2021-06-03 08:30:00,2021-06-03 08:30:00,0.0,0.0
D1,F1-5-lightgbm,1,9,2021-06-04,96,1.0,True,173.0,166.4864639812965,-6.5135360187034905,6.5135360187034905,2021-06-04 10:45:00,2021-06-04 08:30:00,-135.0,135.0
D1,F1-5-lightgbm,1,9,2021-06-05,96,1.0,True,116.0,103.6691699196887,-12.330830080311301,12.330830080311301,2021-06-05 01:45:00,2021-06-05 04:30:00,165.0,165.0
D1,F1-5-lightgbm,1,9,2021-06-06,96,1.0,True,27.0,47.105686182625405,20.105686182625405,20.105686182625405,2021-06-06 01:30:00,2021-06-06 08:30:00,420.0,420.0
D1,F1-5-lightgbm,1,9,2021-06-14,96,1.0,True,204.0,193.15716142715135,-10.842838572848649,10.842838572848649,2021-06-14 09:00:00,2021-06-14 09:15:00,15.0,15.0
D1,F1-5-lightgbm,1,9,2021-06-15,96,1.0,True,198.0,189.3458369168405,-8.654163083159489,8.654163083159489,2021-06-15 08:45:00,2021-06-15 08:45:00,0.0,0.0
D1,F1-5-lightgbm,1,9,2021-06-16,96,1.0,True,193.0,180.13705105279163,-12.862948947208366,12.862948947208366,2021-06-16 10:45:00,2021-06-16 10:45:00,0.0,0.0
D1,F1-5-lightgbm,1,9,2021-06-17,96,1.0,True,197.0,189.1427998940766,-7.857200105923397,7.857200105923397,2021-06-17 08:45:00,2021-06-17 08:45:00,0.0,0.0
D1,F1-5-lightgbm,1,9,2021-06-18,96,1.0,True,186.0,174.88442083294746,-11.115579167052545,11.115579167052545,2021-06-18 10:00:00,2021-06-18 11:30:00,90.0,90.0
D1,F1-5-lightgbm,1,9,2021-06-19,96,1.0,True,119.0,108.38696641158126,-10.613033588418745,10.613033588418745,2021-06-19 02:15:00,2021-06-19 06:00:00,225.0,225.0
D1,F1-5-lightgbm,1,9,2021-06-20,96,1.0,True,28.0,36.656292325957345,8.656292325957345,8.656292325957345,2021-06-20 15:15:00,2021-06-20 02:45:00,-750.0,750.0
D1,F1-5-lightgbm,1,10,2021-05-31,96,1.0,True,172.0,136.3723563289237,-35.6276436710763,35.6276436710763,2021-05-31 10:30:00,2021-05-31 13:15:00,165.0,165.0
D1,F1-5-lightgbm,1,10,2021-06-01,96,1.0,True,195.0,156.05692671949194,-38.94307328050806,38.94307328050806,2021-06-01 09:00:00,2021-06-01 11:30:00,150.0,150.0
D1,F1-5-lightgbm,1,10,2021-06-02,96,1.0,True,191.0,175.37720786277276,-15.622792137227236,15.622792137227236,2021-06-02 10:45:00,2021-06-02 08:45:00,-120.0,120.0
D1,F1-5-lightgbm,1,10,2021-06-03,96,1.0,True,181.0,175.30147069561212,-5.6985293043878755,5.6985293043878755,2021-06-03 08:30:00,2021-06-03 08:30:00,0.0,0.0
D1,F1-5-lightgbm,1,10,2021-06-04,96,1.0,True,173.0,166.55574652256956,-6.444253477430436,6.444253477430436,2021-06-04 10:45:00,2021-06-04 08:45:00,-120.0,120.0
D1,F1-5-lightgbm,1,10,2021-06-05,96,1.0,True,116.0,102.37989571639088,-13.620104283609123,13.620104283609123,2021-06-05 01:45:00,2021-06-05 04:30:00,165.0,165.0
D1,F1-5-lightgbm,1,10,2021-06-06,96,1.0,True,27.0,39.49759004754122,12.497590047541223,12.497590047541223,2021-06-06 01:30:00,2021-06-06 08:45:00,435.0,435.0
D1,F1-5-lightgbm,1,10,2021-06-14,96,1.0,True,204.0,185.42114822310285,-18.578851776897153,18.578851776897153,2021-06-14 09:00:00,2021-06-14 09:00:00,0.0,0.0
D1,F1-5-lightgbm,1,10,2021-06-15,96,1.0,True,198.0,179.7177031271305,-18.282296872869495,18.282296872869495,2021-06-15 08:45:00,2021-06-15 08:45:00,0.0,0.0
D1,F1-5-lightgbm,1,10,2021-06-16,96,1.0,True,193.0,177.56013860784415,-15.439861392155848,15.439861392155848,2021-06-16 10:45:00,2021-06-16 10:00:00,-45.0,45.0
D1,F1-5-lightgbm,1,10,2021-06-17,96,1.0,True,197.0,184.84815184434072,-12.15184815565928,12.15184815565928,2021-06-17 08:45:00,2021-06-17 08:30:00,-15.0,15.0
D1,F1-5-lightgbm,1,10,2021-06-18,96,1.0,True,186.0,171.84939808932424,-14.15060191067576,14.15060191067576,2021-06-18 10:00:00,2021-06-18 11:30:00,90.0,90.0
D1,F1-5-lightgbm,1,10,2021-06-19,96,1.0,True,119.0,106.66866499556532,-12.331335004434678,12.331335004434678,2021-06-19 02:15:00,2021-06-19 04:45:00,150.0,150.0
D1,F1-5-lightgbm,1,10,2021-06-20,96,1.0,True,28.0,35.76047692422406,7.760476924224058,7.760476924224058,2021-06-20 15:15:00,2021-06-20 02:45:00,-750.0,750.0
D1,F1-5-lightgbm,1,11,2021-05-31,96,1.0,True,172.0,140.74032133070287,-31.25967866929713,31.25967866929713,2021-05-31 10:30:00,2021-05-31 13:15:00,165.0,165.0
D1,F1-5-lightgbm,1,11,2021-06-01,96,1.0,True,195.0,154.90133295488667,-40.09866704511333,40.09866704511333,2021-06-01 09:00:00,2021-06-01 11:00:00,120.0,120.0
D1,F1-5-lightgbm,1,11,2021-06-02,96,1.0,True,191.0,173.2494939994006,-17.750506000599387,17.750506000599387,2021-06-02 10:45:00,2021-06-02 11:00:00,15.0,15.0
D1,F1-5-lightgbm,1,11,2021-06-03,96,1.0,True,181.0,171.89525626756307,-9.10474373243693,9.10474373243693,2021-06-03 08:30:00,2021-06-03 08:30:00,0.0,0.0
D1,F1-5-lightgbm,1,11,2021-06-04,96,1.0,True,173.0,160.24808671601548,-12.751913283984521,12.751913283984521,2021-06-04 10:45:00,2021-06-04 10:45:00,0.0,0.0
D1,F1-5-lightgbm,1,11,2021-06-05,96,1.0,True,116.0,100.6831640535223,-15.316835946477696,15.316835946477696,2021-06-05 01:45:00,2021-06-05 04:30:00,165.0,165.0
D1,F1-5-lightgbm,1,11,2021-06-06,96,1.0,True,27.0,45.94820311753071,18.94820311753071,18.94820311753071,2021-06-06 01:30:00,2021-06-06 09:00:00,450.0,450.0
D1,F1-5-lightgbm,1,11,2021-06-14,96,1.0,True,204.0,184.8557032586796,-19.144296741320403,19.144296741320403,2021-06-14 09:00:00,2021-06-14 09:15:00,15.0,15.0
D1,F1-5-lightgbm,1,11,2021-06-15,96,1.0,True,198.0,185.95310263729135,-12.046897362708648,12.046897362708648,2021-06-15 08:45:00,2021-06-15 08:45:00,0.0,0.0
D1,F1-5-lightgbm,1,11,2021-06-16,96,1.0,True,193.0,178.17022997347016,-14.829770026529843,14.829770026529843,2021-06-16 10:45:00,2021-06-16 10:45:00,0.0,0.0
D1,F1-5-lightgbm,1,11,2021-06-17,96,1.0,True,197.0,184.59385847780894,-12.406141522191064,12.406141522191064,2021-06-17 08:45:00,2021-06-17 08:45:00,0.0,0.0
D1,F1-5-lightgbm,1,11,2021-06-18,96,1.0,True,186.0,172.86666642076318,-13.133333579236819,13.133333579236819,2021-06-18 10:00:00,2021-06-18 10:00:00,0.0,0.0
D1,F1-5-lightgbm,1,11,2021-06-19,96,1.0,True,119.0,107.2622238265373,-11.737776173462706,11.737776173462706,2021-06-19 02:15:00,2021-06-19 06:00:00,225.0,225.0
D1,F1-5-lightgbm,1,11,2021-06-20,96,1.0,True,28.0,40.510526276604146,12.510526276604146,12.510526276604146,2021-06-20 15:15:00,2021-06-20 02:45:00,-750.0,750.0
D1,F1-5-lightgbm,1,12,2021-05-31,96,1.0,True,172.0,156.75037258245047,-15.249627417549533,15.249627417549533,2021-05-31 10:30:00,2021-05-31 08:45:00,-105.0,105.0
D1,F1-5-lightgbm,1,12,2021-06-01,96,1.0,True,195.0,153.0406691478029,-41.9593308521971,41.9593308521971,2021-06-01 09:00:00,2021-06-01 12:00:00,180.0,180.0
D1,F1-5-lightgbm,1,12,2021-06-02,96,1.0,True,191.0,174.08388693260625,-16.916113067393752,16.916113067393752,2021-06-02 10:45:00,2021-06-02 10:45:00,0.0,0.0
D1,F1-5-lightgbm,1,12,2021-06-03,96,1.0,True,181.0,172.6656080347188,-8.334391965281213,8.334391965281213,2021-06-03 08:30:00,2021-06-03 10:45:00,135.0,135.0
D1,F1-5-lightgbm,1,12,2021-06-04,96,1.0,True,173.0,166.62100987625928,-6.378990123740721,6.378990123740721,2021-06-04 10:45:00,2021-06-04 11:00:00,15.0,15.0
D1,F1-5-lightgbm,1,12,2021-06-05,96,1.0,True,116.0,103.62125168793756,-12.378748312062442,12.378748312062442,2021-06-05 01:45:00,2021-06-05 06:15:00,270.0,270.0
D1,F1-5-lightgbm,1,12,2021-06-06,96,1.0,True,27.0,38.81611329360147,11.816113293601468,11.816113293601468,2021-06-06 01:30:00,2021-06-06 09:00:00,450.0,450.0
D1,F1-5-lightgbm,1,12,2021-06-14,96,1.0,True,204.0,182.36624406316406,-21.63375593683594,21.63375593683594,2021-06-14 09:00:00,2021-06-14 13:45:00,285.0,285.0
D1,F1-5-lightgbm,1,12,2021-06-15,96,1.0,True,198.0,178.78620193258234,-19.213798067417656,19.213798067417656,2021-06-15 08:45:00,2021-06-15 09:00:00,15.0,15.0
D1,F1-5-lightgbm,1,12,2021-06-16,96,1.0,True,193.0,175.98310440962788,-17.016895590372116,17.016895590372116,2021-06-16 10:45:00,2021-06-16 08:45:00,-120.0,120.0
D1,F1-5-lightgbm,1,12,2021-06-17,96,1.0,True,197.0,178.69544415325942,-18.304555846740584,18.304555846740584,2021-06-17 08:45:00,2021-06-17 08:30:00,-15.0,15.0
D1,F1-5-lightgbm,1,12,2021-06-18,96,1.0,True,186.0,173.98901745932335,-12.01098254067665,12.01098254067665,2021-06-18 10:00:00,2021-06-18 10:00:00,0.0,0.0
D1,F1-5-lightgbm,1,12,2021-06-19,96,1.0,True,119.0,109.96350996204656,-9.036490037953442,9.036490037953442,2021-06-19 02:15:00,2021-06-19 02:15:00,0.0,0.0
D1,F1-5-lightgbm,1,12,2021-06-20,96,1.0,True,28.0,31.56972462822183,3.569724628221831,3.569724628221831,2021-06-20 15:15:00,2021-06-20 02:45:00,-750.0,750.0
D1,F1-5-lightgbm,1,13,2021-05-31,96,1.0,True,172.0,176.47957238139594,4.47957238139594,4.47957238139594,2021-05-31 10:30:00,2021-05-31 08:45:00,-105.0,105.0
D1,F1-5-lightgbm,1,13,2021-06-01,96,1.0,True,195.0,154.0636000456898,-40.93639995431019,40.93639995431019,2021-06-01 09:00:00,2021-06-01 13:30:00,270.0,270.0
D1,F1-5-lightgbm,1,13,2021-06-02,96,1.0,True,191.0,172.75604449598015,-18.24395550401985,18.24395550401985,2021-06-02 10:45:00,2021-06-02 14:30:00,225.0,225.0
D1,F1-5-lightgbm,1,13,2021-06-03,96,1.0,True,181.0,171.79318005038175,-9.20681994961825,9.20681994961825,2021-06-03 08:30:00,2021-06-03 08:30:00,0.0,0.0
D1,F1-5-lightgbm,1,13,2021-06-04,96,1.0,True,173.0,161.07059913639608,-11.929400863603917,11.929400863603917,2021-06-04 10:45:00,2021-06-04 08:30:00,-135.0,135.0
D1,F1-5-lightgbm,1,13,2021-06-05,96,1.0,True,116.0,98.50078200266998,-17.49921799733002,17.49921799733002,2021-06-05 01:45:00,2021-06-05 06:15:00,270.0,270.0
D1,F1-5-lightgbm,1,13,2021-06-06,96,1.0,True,27.0,31.128648477532888,4.128648477532888,4.128648477532888,2021-06-06 01:30:00,2021-06-06 09:15:00,465.0,465.0
D1,F1-5-lightgbm,1,13,2021-06-14,96,1.0,True,204.0,184.48699868511292,-19.513001314887077,19.513001314887077,2021-06-14 09:00:00,2021-06-14 09:00:00,0.0,0.0
D1,F1-5-lightgbm,1,13,2021-06-15,96,1.0,True,198.0,181.6343912378719,-16.36560876212809,16.36560876212809,2021-06-15 08:45:00,2021-06-15 08:30:00,-15.0,15.0
D1,F1-5-lightgbm,1,13,2021-06-16,96,1.0,True,193.0,177.2699699072512,-15.730030092748791,15.730030092748791,2021-06-16 10:45:00,2021-06-16 08:30:00,-135.0,135.0
D1,F1-5-lightgbm,1,13,2021-06-17,96,1.0,True,197.0,181.5125300635386,-15.487469936461395,15.487469936461395,2021-06-17 08:45:00,2021-06-17 08:45:00,0.0,0.0
D1,F1-5-lightgbm,1,13,2021-06-18,96,1.0,True,186.0,171.02182738652124,-14.978172613478762,14.978172613478762,2021-06-18 10:00:00,2021-06-18 10:00:00,0.0,0.0
D1,F1-5-lightgbm,1,13,2021-06-19,96,1.0,True,119.0,110.44802966769443,-8.551970332305572,8.551970332305572,2021-06-19 02:15:00,2021-06-19 03:30:00,75.0,75.0
D1,F1-5-lightgbm,1,13,2021-06-20,96,1.0,True,28.0,27.758466054860456,-0.24153394513954396,0.24153394513954396,2021-06-20 15:15:00,2021-06-20 02:45:00,-750.0,750.0
D1,F1-5-lightgbm,1,14,2021-05-31,96,1.0,True,172.0,182.05137430910483,10.05137430910483,10.05137430910483,2021-05-31 10:30:00,2021-05-31 08:45:00,-105.0,105.0
D1,F1-5-lightgbm,1,14,2021-06-01,96,1.0,True,195.0,152.23348406455648,-42.76651593544352,42.76651593544352,2021-06-01 09:00:00,2021-06-01 14:30:00,330.0,330.0
D1,F1-5-lightgbm,1,14,2021-06-02,96,1.0,True,191.0,172.86406215835274,-18.135937841647262,18.135937841647262,2021-06-02 10:45:00,2021-06-02 14:45:00,240.0,240.0
D1,F1-5-lightgbm,1,14,2021-06-03,96,1.0,True,181.0,171.6567766843437,-9.343223315656303,9.343223315656303,2021-06-03 08:30:00,2021-06-03 08:30:00,0.0,0.0
D1,F1-5-lightgbm,1,14,2021-06-04,96,1.0,True,173.0,167.22449875434825,-5.775501245651753,5.775501245651753,2021-06-04 10:45:00,2021-06-04 08:45:00,-120.0,120.0
D1,F1-5-lightgbm,1,14,2021-06-05,96,1.0,True,116.0,105.36482024432941,-10.635179755670592,10.635179755670592,2021-06-05 01:45:00,2021-06-05 06:15:00,270.0,270.0
D1,F1-5-lightgbm,1,14,2021-06-06,96,1.0,True,27.0,35.1935518595369,8.193551859536903,8.193551859536903,2021-06-06 01:30:00,2021-06-06 09:30:00,480.0,480.0
D1,F1-5-lightgbm,1,14,2021-06-14,96,1.0,True,204.0,188.48399856089307,-15.51600143910693,15.51600143910693,2021-06-14 09:00:00,2021-06-14 09:15:00,15.0,15.0
D1,F1-5-lightgbm,1,14,2021-06-15,96,1.0,True,198.0,184.9057251096904,-13.094274890309606,13.094274890309606,2021-06-15 08:45:00,2021-06-15 08:45:00,0.0,0.0
D1,F1-5-lightgbm,1,14,2021-06-16,96,1.0,True,193.0,178.02391184237376,-14.976088157626236,14.976088157626236,2021-06-16 10:45:00,2021-06-16 08:30:00,-135.0,135.0
D1,F1-5-lightgbm,1,14,2021-06-17,96,1.0,True,197.0,184.97139665297442,-12.02860334702558,12.02860334702558,2021-06-17 08:45:00,2021-06-17 08:30:00,-15.0,15.0
D1,F1-5-lightgbm,1,14,2021-06-18,96,1.0,True,186.0,173.8959830651718,-12.104016934828195,12.104016934828195,2021-06-18 10:00:00,2021-06-18 10:30:00,30.0,30.0
D1,F1-5-lightgbm,1,14,2021-06-19,96,1.0,True,119.0,107.27412000171267,-11.725879998287326,11.725879998287326,2021-06-19 02:15:00,2021-06-19 03:45:00,90.0,90.0
D1,F1-5-lightgbm,1,14,2021-06-20,96,1.0,True,28.0,29.867636350359657,1.867636350359657,1.867636350359657,2021-06-20 15:15:00,2021-06-20 08:15:00,-420.0,420.0
D1,F1-5-lightgbm,1,15,2021-05-31,96,1.0,True,172.0,162.10447059554156,-9.895529404458443,9.895529404458443,2021-05-31 10:30:00,2021-05-31 08:45:00,-105.0,105.0
D1,F1-5-lightgbm,1,15,2021-06-01,96,1.0,True,195.0,154.33589610951913,-40.664103890480874,40.664103890480874,2021-06-01 09:00:00,2021-06-01 13:30:00,270.0,270.0
D1,F1-5-lightgbm,1,15,2021-06-02,96,1.0,True,191.0,174.67327307901778,-16.326726920982225,16.326726920982225,2021-06-02 10:45:00,2021-06-02 13:45:00,180.0,180.0
D1,F1-5-lightgbm,1,15,2021-06-03,96,1.0,True,181.0,172.46943271115535,-8.53056728884465,8.53056728884465,2021-06-03 08:30:00,2021-06-03 08:30:00,0.0,0.0
D1,F1-5-lightgbm,1,15,2021-06-04,96,1.0,True,173.0,166.11526623916322,-6.884733760836781,6.884733760836781,2021-06-04 10:45:00,2021-06-04 08:45:00,-120.0,120.0
D1,F1-5-lightgbm,1,15,2021-06-05,96,1.0,True,116.0,98.63560254454278,-17.364397455457222,17.364397455457222,2021-06-05 01:45:00,2021-06-05 06:15:00,270.0,270.0
D1,F1-5-lightgbm,1,15,2021-06-06,96,1.0,True,27.0,37.0174522657817,10.0174522657817,10.0174522657817,2021-06-06 01:30:00,2021-06-06 10:30:00,540.0,540.0
D1,F1-5-lightgbm,1,15,2021-06-14,96,1.0,True,204.0,185.61157254412666,-18.38842745587334,18.38842745587334,2021-06-14 09:00:00,2021-06-14 10:30:00,90.0,90.0
D1,F1-5-lightgbm,1,15,2021-06-15,96,1.0,True,198.0,188.9098800877541,-9.09011991224591,9.09011991224591,2021-06-15 08:45:00,2021-06-15 08:45:00,0.0,0.0
D1,F1-5-lightgbm,1,15,2021-06-16,96,1.0,True,193.0,183.11712434418058,-9.882875655819419,9.882875655819419,2021-06-16 10:45:00,2021-06-16 08:30:00,-135.0,135.0
D1,F1-5-lightgbm,1,15,2021-06-17,96,1.0,True,197.0,191.20204126034068,-5.797958739659322,5.797958739659322,2021-06-17 08:45:00,2021-06-17 08:45:00,0.0,0.0
D1,F1-5-lightgbm,1,15,2021-06-18,96,1.0,True,186.0,174.36297468260744,-11.637025317392556,11.637025317392556,2021-06-18 10:00:00,2021-06-18 10:00:00,0.0,0.0
D1,F1-5-lightgbm,1,15,2021-06-19,96,1.0,True,119.0,109.25904098311753,-9.74095901688247,9.74095901688247,2021-06-19 02:15:00,2021-06-19 02:15:00,0.0,0.0
D1,F1-5-lightgbm,1,15,2021-06-20,96,1.0,True,28.0,28.891007602282976,0.8910076022829756,0.8910076022829756,2021-06-20 15:15:00,2021-06-20 08:30:00,-405.0,405.0
D1,F1-5-lightgbm,1,16,2021-05-31,96,1.0,True,172.0,158.16206199004398,-13.83793800995602,13.83793800995602,2021-05-31 10:30:00,2021-05-31 08:45:00,-105.0,105.0
D1,F1-5-lightgbm,1,16,2021-06-01,96,1.0,True,195.0,150.91441228171874,-44.08558771828126,44.08558771828126,2021-06-01 09:00:00,2021-06-01 14:45:00,345.0,345.0
D1,F1-5-lightgbm,1,16,2021-06-02,96,1.0,True,191.0,173.38259034493086,-17.61740965506914,17.61740965506914,2021-06-02 10:45:00,2021-06-02 11:00:00,15.0,15.0
D1,F1-5-lightgbm,1,16,2021-06-03,96,1.0,True,181.0,173.22602902565654,-7.773970974343456,7.773970974343456,2021-06-03 08:30:00,2021-06-03 09:00:00,30.0,30.0
D1,F1-5-lightgbm,1,16,2021-06-04,96,1.0,True,173.0,165.49138557409947,-7.508614425900532,7.508614425900532,2021-06-04 10:45:00,2021-06-04 08:30:00,-135.0,135.0
D1,F1-5-lightgbm,1,16,2021-06-05,96,1.0,True,116.0,99.33809129245307,-16.661908707546928,16.661908707546928,2021-06-05 01:45:00,2021-06-05 06:15:00,270.0,270.0
D1,F1-5-lightgbm,1,16,2021-06-06,96,1.0,True,27.0,52.802815500945705,25.802815500945705,25.802815500945705,2021-06-06 01:30:00,2021-06-06 11:00:00,570.0,570.0
D1,F1-5-lightgbm,1,16,2021-06-14,96,1.0,True,204.0,185.68332576778593,-18.31667423221407,18.31667423221407,2021-06-14 09:00:00,2021-06-14 10:30:00,90.0,90.0
D1,F1-5-lightgbm,1,16,2021-06-15,96,1.0,True,198.0,181.2418533713875,-16.758146628612508,16.758146628612508,2021-06-15 08:45:00,2021-06-15 08:30:00,-15.0,15.0
D1,F1-5-lightgbm,1,16,2021-06-16,96,1.0,True,193.0,181.89002796594352,-11.109972034056483,11.109972034056483,2021-06-16 10:45:00,2021-06-16 08:30:00,-135.0,135.0
D1,F1-5-lightgbm,1,16,2021-06-17,96,1.0,True,197.0,184.97235195708524,-12.027648042914763,12.027648042914763,2021-06-17 08:45:00,2021-06-17 08:45:00,0.0,0.0
D1,F1-5-lightgbm,1,16,2021-06-18,96,1.0,True,186.0,173.23992384984476,-12.760076150155243,12.760076150155243,2021-06-18 10:00:00,2021-06-18 11:00:00,60.0,60.0
D1,F1-5-lightgbm,1,16,2021-06-19,96,1.0,True,119.0,107.68682359477769,-11.313176405222308,11.313176405222308,2021-06-19 02:15:00,2021-06-19 03:30:00,75.0,75.0
D1,F1-5-lightgbm,1,16,2021-06-20,96,1.0,True,28.0,31.214300817392292,3.2143008173922922,3.2143008173922922,2021-06-20 15:15:00,2021-06-20 08:00:00,-435.0,435.0
D1,F1-5-lightgbm,2,4,2021-07-12,96,1.0,True,198.0,194.92739664433532,-3.0726033556646826,3.0726033556646826,2021-07-12 08:45:00,2021-07-12 09:00:00,15.0,15.0
D1,F1-5-lightgbm,2,4,2021-07-13,1,0.010416666666666666,False,79.0,82.49375980030659,3.4937598003065915,3.4937598003065915,2021-07-13 00:00:00,2021-07-13 00:00:00,0.0,0.0
D1,F1-5-lightgbm,2,4,2021-07-17,80,0.8333333333333334,False,108.0,108.33698777679163,0.3369877767916307,0.3369877767916307,2021-07-17 06:00:00,2021-07-17 04:15:00,-105.0,105.0
D1,F1-5-lightgbm,2,4,2021-07-18,84,0.875,False,28.0,69.01932801368746,41.019328013687456,41.019328013687456,2021-07-18 04:30:00,2021-07-18 08:15:00,225.0,225.0
D1,F1-5-lightgbm,2,4,2021-07-26,84,0.875,False,217.0,197.40837926279693,-19.591620737203073,19.591620737203073,2021-07-26 08:30:00,2021-07-26 08:45:00,15.0,15.0
D1,F1-5-lightgbm,2,4,2021-07-27,84,0.875,False,211.0,185.83236868569614,-25.16763131430386,25.16763131430386,2021-07-27 11:45:00,2021-07-27 13:30:00,105.0,105.0
D1,F1-5-lightgbm,2,4,2021-07-28,84,0.875,False,212.0,186.29865962390878,-25.701340376091224,25.701340376091224,2021-07-28 12:00:00,2021-07-28 14:00:00,120.0,120.0
D1,F1-5-lightgbm,2,4,2021-07-29,84,0.875,False,211.0,184.99627778892335,-26.00372221107665,26.00372221107665,2021-07-29 12:00:00,2021-07-29 13:45:00,105.0,105.0
D1,F1-5-lightgbm,2,4,2021-07-30,85,0.8854166666666666,False,212.0,184.6275316759685,-27.3724683240315,27.3724683240315,2021-07-30 12:00:00,2021-07-30 14:00:00,120.0,120.0
D1,F1-5-lightgbm,2,4,2021-07-31,96,1.0,True,80.0,89.29983307425225,9.299833074252248,9.299833074252248,2021-07-31 00:00:00,2021-07-31 00:00:00,0.0,0.0
D1,F1-5-lightgbm,2,4,2021-08-01,96,1.0,True,28.0,26.173670449684437,-1.8263295503155632,1.8263295503155632,2021-08-01 09:00:00,2021-08-01 08:15:00,-45.0,45.0
D1,F1-5-lightgbm,2,4,2021-08-09,39,0.40625,False,215.0,133.52032797756382,-81.47967202243618,81.47967202243618,2021-08-09 08:45:00,2021-08-09 08:30:00,-15.0,15.0
D1,F1-5-lightgbm,2,5,2021-07-12,96,1.0,True,198.0,198.27500464863377,0.27500464863376806,0.27500464863376806,2021-07-12 08:45:00,2021-07-12 08:45:00,0.0,0.0
D1,F1-5-lightgbm,2,5,2021-07-13,1,0.010416666666666666,False,79.0,82.86784149109712,3.867841491097124,3.867841491097124,2021-07-13 00:00:00,2021-07-13 00:00:00,0.0,0.0
D1,F1-5-lightgbm,2,5,2021-07-17,79,0.8229166666666666,False,108.0,101.76976268763711,-6.230237312362888,6.230237312362888,2021-07-17 06:00:00,2021-07-17 06:15:00,15.0,15.0
D1,F1-5-lightgbm,2,5,2021-07-18,84,0.875,False,28.0,80.87162349084458,52.871623490844584,52.871623490844584,2021-07-18 04:30:00,2021-07-18 08:30:00,240.0,240.0
D1,F1-5-lightgbm,2,5,2021-07-26,84,0.875,False,217.0,203.7073627914241,-13.292637208575911,13.292637208575911,2021-07-26 08:30:00,2021-07-26 09:00:00,30.0,30.0
D1,F1-5-lightgbm,2,5,2021-07-27,84,0.875,False,211.0,189.38783691110675,-21.612163088893254,21.612163088893254,2021-07-27 11:45:00,2021-07-27 09:00:00,-165.0,165.0
D1,F1-5-lightgbm,2,5,2021-07-28,84,0.875,False,212.0,176.9097141021808,-35.0902858978192,35.0902858978192,2021-07-28 12:00:00,2021-07-28 14:45:00,165.0,165.0
D1,F1-5-lightgbm,2,5,2021-07-29,84,0.875,False,211.0,175.86489217560361,-35.135107824396385,35.135107824396385,2021-07-29 12:00:00,2021-07-29 13:45:00,105.0,105.0
D1,F1-5-lightgbm,2,5,2021-07-30,85,0.8854166666666666,False,212.0,175.3552222677116,-36.64477773228839,36.64477773228839,2021-07-30 12:00:00,2021-07-30 10:30:00,-90.0,90.0
D1,F1-5-lightgbm,2,5,2021-07-31,96,1.0,True,80.0,85.74837355451895,5.748373554518949,5.748373554518949,2021-07-31 00:00:00,2021-07-31 01:15:00,75.0,75.0
D1,F1-5-lightgbm,2,5,2021-08-01,96,1.0,True,28.0,21.40307953712306,-6.596920462876941,6.596920462876941,2021-08-01 09:00:00,2021-08-01 01:15:00,-465.0,465.0
D1,F1-5-lightgbm,2,5,2021-08-09,39,0.40625,False,215.0,139.7266309818103,-75.2733690181897,75.2733690181897,2021-08-09 08:45:00,2021-08-09 09:00:00,15.0,15.0
D1,F1-5-lightgbm,2,6,2021-07-12,96,1.0,True,198.0,190.10282364101877,-7.897176358981227,7.897176358981227,2021-07-12 08:45:00,2021-07-12 14:00:00,315.0,315.0
D1,F1-5-lightgbm,2,6,2021-07-13,1,0.010416666666666666,False,79.0,82.8509329613923,3.850932961392303,3.850932961392303,2021-07-13 00:00:00,2021-07-13 00:00:00,0.0,0.0
D1,F1-5-lightgbm,2,6,2021-07-17,78,0.8125,False,108.0,96.88207656118716,-11.117923438812838,11.117923438812838,2021-07-17 06:00:00,2021-07-17 04:30:00,-90.0,90.0
D1,F1-5-lightgbm,2,6,2021-07-18,84,0.875,False,28.0,72.78769425865134,44.78769425865134,44.78769425865134,2021-07-18 01:15:00,2021-07-18 08:30:00,435.0,435.0
D1,F1-5-lightgbm,2,6,2021-07-26,84,0.875,False,217.0,191.6333471660115,-25.366652833988496,25.366652833988496,2021-07-26 08:30:00,2021-07-26 14:00:00,330.0,330.0
D1,F1-5-lightgbm,2,6,2021-07-27,84,0.875,False,211.0,189.03354812808618,-21.96645187191382,21.96645187191382,2021-07-27 11:45:00,2021-07-27 12:00:00,15.0,15.0
D1,F1-5-lightgbm,2,6,2021-07-28,84,0.875,False,212.0,183.860138488421,-28.139861511579,28.139861511579,2021-07-28 12:00:00,2021-07-28 14:45:00,165.0,165.0
D1,F1-5-lightgbm,2,6,2021-07-29,84,0.875,False,211.0,178.8554265741335,-32.1445734258665,32.1445734258665,2021-07-29 12:00:00,2021-07-29 13:15:00,75.0,75.0
D1,F1-5-lightgbm,2,6,2021-07-30,85,0.8854166666666666,False,212.0,181.65970240563502,-30.340297594364984,30.340297594364984,2021-07-30 12:00:00,2021-07-30 13:15:00,75.0,75.0
D1,F1-5-lightgbm,2,6,2021-07-31,96,1.0,True,80.0,94.83138472835739,14.831384728357392,14.831384728357392,2021-07-31 00:00:00,2021-07-31 00:00:00,0.0,0.0
D1,F1-5-lightgbm,2,6,2021-08-01,96,1.0,True,28.0,27.496064854040924,-0.5039351459590762,0.5039351459590762,2021-08-01 09:00:00,2021-08-01 01:15:00,-465.0,465.0
D1,F1-5-lightgbm,2,6,2021-08-09,39,0.40625,False,215.0,138.2534152824674,-76.74658471753261,76.74658471753261,2021-08-09 08:45:00,2021-08-09 09:00:00,15.0,15.0
D1,F1-5-lightgbm,2,7,2021-07-12,96,1.0,True,198.0,200.96965710821908,2.9696571082190815,2.9696571082190815,2021-07-12 08:45:00,2021-07-12 08:30:00,-15.0,15.0
D1,F1-5-lightgbm,2,7,2021-07-13,1,0.010416666666666666,False,79.0,80.52043082323226,1.5204308232322603,1.5204308232322603,2021-07-13 00:00:00,2021-07-13 00:00:00,0.0,0.0
D1,F1-5-lightgbm,2,7,2021-07-17,77,0.8020833333333334,False,108.0,102.273304508,-5.726695492000005,5.726695492000005,2021-07-17 06:00:00,2021-07-17 06:15:00,15.0,15.0
D1,F1-5-lightgbm,2,7,2021-07-18,84,0.875,False,28.0,57.189132958296106,29.189132958296106,29.189132958296106,2021-07-18 01:15:00,2021-07-18 08:30:00,435.0,435.0
D1,F1-5-lightgbm,2,7,2021-07-26,84,0.875,False,217.0,190.17380936694587,-26.826190633054125,26.826190633054125,2021-07-26 08:30:00,2021-07-26 14:00:00,330.0,330.0
D1,F1-5-lightgbm,2,7,2021-07-27,84,0.875,False,211.0,179.03900818443194,-31.960991815568065,31.960991815568065,2021-07-27 11:45:00,2021-07-27 14:00:00,135.0,135.0
D1,F1-5-lightgbm,2,7,2021-07-28,84,0.875,False,212.0,179.9033580227588,-32.096641977241205,32.096641977241205,2021-07-28 12:00:00,2021-07-28 15:00:00,180.0,180.0
D1,F1-5-lightgbm,2,7,2021-07-29,84,0.875,False,211.0,179.23192759728275,-31.76807240271725,31.76807240271725,2021-07-29 12:00:00,2021-07-29 14:00:00,120.0,120.0
D1,F1-5-lightgbm,2,7,2021-07-30,85,0.8854166666666666,False,212.0,178.25115540029063,-33.74884459970937,33.74884459970937,2021-07-30 12:00:00,2021-07-30 14:00:00,120.0,120.0
D1,F1-5-lightgbm,2,7,2021-07-31,96,1.0,True,80.0,103.12948583400154,23.129485834001542,23.129485834001542,2021-07-31 00:00:00,2021-07-31 00:00:00,0.0,0.0
D1,F1-5-lightgbm,2,7,2021-08-01,96,1.0,True,28.0,29.86703208115834,1.8670320811583387,1.8670320811583387,2021-08-01 09:00:00,2021-08-01 01:30:00,-450.0,450.0
D1,F1-5-lightgbm,2,7,2021-08-09,39,0.40625,False,215.0,140.17185251443232,-74.82814748556768,74.82814748556768,2021-08-09 08:45:00,2021-08-09 09:30:00,45.0,45.0
D1,F1-5-lightgbm,2,8,2021-07-12,96,1.0,True,198.0,193.39984557409934,-4.600154425900655,4.600154425900655,2021-07-12 08:45:00,2021-07-12 14:00:00,315.0,315.0
D1,F1-5-lightgbm,2,8,2021-07-13,1,0.010416666666666666,False,79.0,75.82846259603474,-3.17153740396526,3.17153740396526,2021-07-13 00:00:00,2021-07-13 00:00:00,0.0,0.0
D1,F1-5-lightgbm,2,8,2021-07-17,76,0.7916666666666666,False,108.0,101.8881973251625,-6.111802674837506,6.111802674837506,2021-07-17 06:00:00,2021-07-17 06:15:00,15.0,15.0
D1,F1-5-lightgbm,2,8,2021-07-18,84,0.875,False,28.0,61.21127545817342,33.21127545817342,33.21127545817342,2021-07-18 01:15:00,2021-07-18 09:00:00,465.0,465.0
D1,F1-5-lightgbm,2,8,2021-07-26,84,0.875,False,217.0,188.92037000414507,-28.07962999585493,28.07962999585493,2021-07-26 08:30:00,2021-07-26 11:45:00,195.0,195.0
D1,F1-5-lightgbm,2,8,2021-07-27,84,0.875,False,211.0,181.29865566262765,-29.701344337372348,29.701344337372348,2021-07-27 11:45:00,2021-07-27 14:00:00,135.0,135.0
D1,F1-5-lightgbm,2,8,2021-07-28,84,0.875,False,212.0,181.4088306552457,-30.59116934475429,30.59116934475429,2021-07-28 12:00:00,2021-07-28 14:00:00,120.0,120.0
D1,F1-5-lightgbm,2,8,2021-07-29,84,0.875,False,211.0,180.98629264752003,-30.01370735247997,30.01370735247997,2021-07-29 12:00:00,2021-07-29 15:00:00,180.0,180.0
D1,F1-5-lightgbm,2,8,2021-07-30,85,0.8854166666666666,False,212.0,177.71364206123684,-34.28635793876316,34.28635793876316,2021-07-30 12:00:00,2021-07-30 13:30:00,90.0,90.0
D1,F1-5-lightgbm,2,8,2021-07-31,96,1.0,True,80.0,93.79039895880513,13.790398958805127,13.790398958805127,2021-07-31 00:00:00,2021-07-31 01:45:00,105.0,105.0
D1,F1-5-lightgbm,2,8,2021-08-01,96,1.0,True,28.0,29.07304741127765,1.0730474112776491,1.0730474112776491,2021-08-01 09:00:00,2021-08-01 02:00:00,-420.0,420.0
D1,F1-5-lightgbm,2,8,2021-08-09,39,0.40625,False,215.0,132.8570594481603,-82.1429405518397,82.1429405518397,2021-08-09 08:45:00,2021-08-09 09:30:00,45.0,45.0
D1,F1-5-lightgbm,2,9,2021-07-12,96,1.0,True,198.0,196.4740517824293,-1.5259482175706864,1.5259482175706864,2021-07-12 08:45:00,2021-07-12 08:45:00,0.0,0.0
D1,F1-5-lightgbm,2,9,2021-07-13,1,0.010416666666666666,False,79.0,76.21298624685969,-2.7870137531403145,2.7870137531403145,2021-07-13 00:00:00,2021-07-13 00:00:00,0.0,0.0
D1,F1-5-lightgbm,2,9,2021-07-17,75,0.78125,False,108.0,103.34976983223163,-4.65023016776837,4.65023016776837,2021-07-17 06:00:00,2021-07-17 06:15:00,15.0,15.0
D1,F1-5-lightgbm,2,9,2021-07-18,84,0.875,False,28.0,58.24873791924935,30.24873791924935,30.24873791924935,2021-07-18 01:15:00,2021-07-18 08:30:00,435.0,435.0
D1,F1-5-lightgbm,2,9,2021-07-26,84,0.875,False,217.0,187.72784316512357,-29.272156834876427,29.272156834876427,2021-07-26 08:30:00,2021-07-26 12:00:00,210.0,210.0
D1,F1-5-lightgbm,2,9,2021-07-27,84,0.875,False,211.0,177.54879643601097,-33.451203563989026,33.451203563989026,2021-07-27 11:45:00,2021-07-27 14:00:00,135.0,135.0
D1,F1-5-lightgbm,2,9,2021-07-28,84,0.875,False,212.0,179.4246643352891,-32.575335664710906,32.575335664710906,2021-07-28 12:00:00,2021-07-28 11:30:00,-30.0,30.0
D1,F1-5-lightgbm,2,9,2021-07-29,84,0.875,False,211.0,178.42927654855916,-32.57072345144084,32.57072345144084,2021-07-29 12:00:00,2021-07-29 11:45:00,-15.0,15.0
D1,F1-5-lightgbm,2,9,2021-07-30,85,0.8854166666666666,False,212.0,179.05194931739746,-32.94805068260254,32.94805068260254,2021-07-30 12:00:00,2021-07-30 11:30:00,-30.0,30.0
D1,F1-5-lightgbm,2,9,2021-07-31,96,1.0,True,80.0,95.92522782296767,15.92522782296767,15.92522782296767,2021-07-31 00:00:00,2021-07-31 00:00:00,0.0,0.0
D1,F1-5-lightgbm,2,9,2021-08-01,96,1.0,True,28.0,34.9305824623452,6.9305824623452,6.9305824623452,2021-08-01 09:00:00,2021-08-01 02:15:00,-405.0,405.0
D1,F1-5-lightgbm,2,9,2021-08-09,39,0.40625,False,215.0,98.84108452328988,-116.15891547671012,116.15891547671012,2021-08-09 08:45:00,2021-08-09 08:15:00,-30.0,30.0
D1,F1-5-lightgbm,2,10,2021-07-12,96,1.0,True,198.0,193.91336595648215,-4.086634043517847,4.086634043517847,2021-07-12 08:45:00,2021-07-12 08:45:00,0.0,0.0
D1,F1-5-lightgbm,2,10,2021-07-13,1,0.010416666666666666,False,79.0,84.61648026778187,5.616480267781867,5.616480267781867,2021-07-13 00:00:00,2021-07-13 00:00:00,0.0,0.0
D1,F1-5-lightgbm,2,10,2021-07-17,74,0.7708333333333334,False,108.0,101.85232336225233,-6.147676637747665,6.147676637747665,2021-07-17 06:00:00,2021-07-17 06:15:00,15.0,15.0
D1,F1-5-lightgbm,2,10,2021-07-18,84,0.875,False,28.0,45.16644491194057,17.166444911940573,17.166444911940573,2021-07-18 01:15:00,2021-07-18 08:30:00,435.0,435.0
D1,F1-5-lightgbm,2,10,2021-07-26,84,0.875,False,217.0,194.73842407469897,-22.26157592530103,22.26157592530103,2021-07-26 08:30:00,2021-07-26 11:30:00,180.0,180.0
D1,F1-5-lightgbm,2,10,2021-07-27,84,0.875,False,211.0,183.01433236875874,-27.985667631241256,27.985667631241256,2021-07-27 11:45:00,2021-07-27 16:00:00,255.0,255.0
D1,F1-5-lightgbm,2,10,2021-07-28,84,0.875,False,212.0,179.83071620890584,-32.16928379109416,32.16928379109416,2021-07-28 12:00:00,2021-07-28 09:30:00,-150.0,150.0
D1,F1-5-lightgbm,2,10,2021-07-29,84,0.875,False,211.0,180.79059494026038,-30.209405059739623,30.209405059739623,2021-07-29 12:00:00,2021-07-29 08:30:00,-210.0,210.0
D1,F1-5-lightgbm,2,10,2021-07-30,85,0.8854166666666666,False,212.0,179.82848698728736,-32.17151301271264,32.17151301271264,2021-07-30 12:00:00,2021-07-30 11:45:00,-15.0,15.0
D1,F1-5-lightgbm,2,10,2021-07-31,96,1.0,True,80.0,111.17874477350324,31.17874477350324,31.17874477350324,2021-07-31 00:00:00,2021-07-31 02:15:00,135.0,135.0
D1,F1-5-lightgbm,2,10,2021-08-01,96,1.0,True,28.0,36.799141118396655,8.799141118396655,8.799141118396655,2021-08-01 09:00:00,2021-08-01 10:45:00,105.0,105.0
D1,F1-5-lightgbm,2,10,2021-08-09,39,0.40625,False,215.0,109.25566199378594,-105.74433800621406,105.74433800621406,2021-08-09 08:45:00,2021-08-09 09:00:00,15.0,15.0
D1,F1-5-lightgbm,2,11,2021-07-12,96,1.0,True,198.0,197.23976135252786,-0.7602386474721357,0.7602386474721357,2021-07-12 08:45:00,2021-07-12 09:45:00,60.0,60.0
D1,F1-5-lightgbm,2,11,2021-07-13,1,0.010416666666666666,False,79.0,80.93093107528728,1.9309310752872761,1.9309310752872761,2021-07-13 00:00:00,2021-07-13 00:00:00,0.0,0.0
D1,F1-5-lightgbm,2,11,2021-07-17,73,0.7604166666666666,False,108.0,106.12490770141187,-1.8750922985881289,1.8750922985881289,2021-07-17 06:00:00,2021-07-17 06:30:00,30.0,30.0
D1,F1-5-lightgbm,2,11,2021-07-18,84,0.875,False,28.0,40.24451029065507,12.244510290655072,12.244510290655072,2021-07-18 01:15:00,2021-07-18 08:30:00,435.0,435.0
D1,F1-5-lightgbm,2,11,2021-07-26,84,0.875,False,217.0,189.6432486778548,-27.356751322145186,27.356751322145186,2021-07-26 08:30:00,2021-07-26 11:45:00,195.0,195.0
D1,F1-5-lightgbm,2,11,2021-07-27,84,0.875,False,211.0,188.00010697553552,-22.999893024464484,22.999893024464484,2021-07-27 11:45:00,2021-07-27 08:45:00,-180.0,180.0
D1,F1-5-lightgbm,2,11,2021-07-28,84,0.875,False,212.0,184.34266165705753,-27.657338342942467,27.657338342942467,2021-07-28 12:00:00,2021-07-28 11:45:00,-15.0,15.0
D1,F1-5-lightgbm,2,11,2021-07-29,84,0.875,False,211.0,181.8183789276451,-29.181621072354886,29.181621072354886,2021-07-29 12:00:00,2021-07-29 08:30:00,-210.0,210.0
D1,F1-5-lightgbm,2,11,2021-07-30,85,0.8854166666666666,False,212.0,184.67803589262735,-27.32196410737265,27.32196410737265,2021-07-30 12:00:00,2021-07-30 11:45:00,-15.0,15.0
D1,F1-5-lightgbm,2,11,2021-07-31,96,1.0,True,80.0,105.68026502648998,25.680265026489977,25.680265026489977,2021-07-31 00:00:00,2021-07-31 02:15:00,135.0,135.0
D1,F1-5-lightgbm,2,11,2021-08-01,96,1.0,True,28.0,40.28936461326955,12.289364613269548,12.289364613269548,2021-08-01 09:00:00,2021-08-01 07:30:00,-90.0,90.0
D1,F1-5-lightgbm,2,11,2021-08-09,39,0.40625,False,215.0,103.82175512885411,-111.17824487114589,111.17824487114589,2021-08-09 08:45:00,2021-08-09 08:30:00,-15.0,15.0
D1,F1-5-lightgbm,2,12,2021-07-12,96,1.0,True,198.0,198.73573401815432,0.7357340181543179,0.7357340181543179,2021-07-12 08:45:00,2021-07-12 08:45:00,0.0,0.0
D1,F1-5-lightgbm,2,12,2021-07-13,1,0.010416666666666666,False,79.0,80.8666353224067,1.8666353224066938,1.8666353224066938,2021-07-13 00:00:00,2021-07-13 00:00:00,0.0,0.0
D1,F1-5-lightgbm,2,12,2021-07-17,72,0.75,False,108.0,106.44857065180584,-1.5514293481941621,1.5514293481941621,2021-07-17 06:00:00,2021-07-17 06:00:00,0.0,0.0
D1,F1-5-lightgbm,2,12,2021-07-18,84,0.875,False,28.0,43.71680087611744,15.71680087611744,15.71680087611744,2021-07-18 01:15:00,2021-07-18 08:30:00,435.0,435.0
D1,F1-5-lightgbm,2,12,2021-07-26,84,0.875,False,217.0,188.76616280266728,-28.23383719733272,28.23383719733272,2021-07-26 08:30:00,2021-07-26 11:30:00,180.0,180.0
D1,F1-5-lightgbm,2,12,2021-07-27,84,0.875,False,211.0,191.1726418556999,-19.827358144300092,19.827358144300092,2021-07-27 11:45:00,2021-07-27 08:45:00,-180.0,180.0
D1,F1-5-lightgbm,2,12,2021-07-28,84,0.875,False,212.0,181.91384633547912,-30.08615366452088,30.08615366452088,2021-07-28 12:00:00,2021-07-28 14:30:00,150.0,150.0
D1,F1-5-lightgbm,2,12,2021-07-29,84,0.875,False,211.0,182.6402123418404,-28.359787658159604,28.359787658159604,2021-07-29 12:00:00,2021-07-29 08:30:00,-210.0,210.0
D1,F1-5-lightgbm,2,12,2021-07-30,85,0.8854166666666666,False,212.0,178.4567210872534,-33.54327891274659,33.54327891274659,2021-07-30 12:00:00,2021-07-30 14:45:00,165.0,165.0
D1,F1-5-lightgbm,2,12,2021-07-31,96,1.0,True,80.0,105.05252563596702,25.052525635967015,25.052525635967015,2021-07-31 00:00:00,2021-07-31 01:45:00,105.0,105.0
D1,F1-5-lightgbm,2,12,2021-08-01,96,1.0,True,28.0,33.341186370431046,5.341186370431046,5.341186370431046,2021-08-01 09:00:00,2021-08-01 07:45:00,-75.0,75.0
D1,F1-5-lightgbm,2,12,2021-08-09,39,0.40625,False,215.0,100.24801158022976,-114.75198841977024,114.75198841977024,2021-08-09 08:45:00,2021-08-09 08:45:00,0.0,0.0
D1,F1-5-lightgbm,2,13,2021-07-12,96,1.0,True,198.0,193.81907255755593,-4.180927442444073,4.180927442444073,2021-07-12 08:45:00,2021-07-12 08:45:00,0.0,0.0
D1,F1-5-lightgbm,2,13,2021-07-13,1,0.010416666666666666,False,79.0,77.68988287604606,-1.310117123953944,1.310117123953944,2021-07-13 00:00:00,2021-07-13 00:00:00,0.0,0.0
D1,F1-5-lightgbm,2,13,2021-07-17,71,0.7395833333333334,False,96.0,102.4507364155039,6.450736415503897,6.450736415503897,2021-07-17 06:15:00,2021-07-17 06:15:00,0.0,0.0
D1,F1-5-lightgbm,2,13,2021-07-18,84,0.875,False,28.0,52.730262132561485,24.730262132561485,24.730262132561485,2021-07-18 01:15:00,2021-07-18 08:30:00,435.0,435.0
D1,F1-5-lightgbm,2,13,2021-07-26,84,0.875,False,217.0,196.2165744470402,-20.783425552959812,20.783425552959812,2021-07-26 08:30:00,2021-07-26 11:45:00,195.0,195.0
D1,F1-5-lightgbm,2,13,2021-07-27,84,0.875,False,211.0,180.90347406917397,-30.096525930826033,30.096525930826033,2021-07-27 11:45:00,2021-07-27 12:00:00,15.0,15.0
D1,F1-5-lightgbm,2,13,2021-07-28,84,0.875,False,212.0,180.74002400830094,-31.259975991699065,31.259975991699065,2021-07-28 12:00:00,2021-07-28 17:00:00,300.0,300.0
D1,F1-5-lightgbm,2,13,2021-07-29,84,0.875,False,211.0,178.21788053012702,-32.78211946987298,32.78211946987298,2021-07-29 12:00:00,2021-07-29 15:45:00,225.0,225.0
D1,F1-5-lightgbm,2,13,2021-07-30,85,0.8854166666666666,False,212.0,180.46720593272252,-31.53279406727748,31.53279406727748,2021-07-30 12:00:00,2021-07-30 17:00:00,300.0,300.0
D1,F1-5-lightgbm,2,13,2021-07-31,96,1.0,True,80.0,110.55906083603834,30.55906083603834,30.55906083603834,2021-07-31 00:00:00,2021-07-31 02:15:00,135.0,135.0
D1,F1-5-lightgbm,2,13,2021-08-01,96,1.0,True,28.0,34.668498416543784,6.668498416543784,6.668498416543784,2021-08-01 09:00:00,2021-08-01 03:45:00,-315.0,315.0
D1,F1-5-lightgbm,2,13,2021-08-09,39,0.40625,False,215.0,124.88753406123973,-90.11246593876027,90.11246593876027,2021-08-09 08:45:00,2021-08-09 09:00:00,15.0,15.0
D1,F1-5-lightgbm,2,14,2021-07-12,96,1.0,True,198.0,186.92615491471028,-11.073845085289719,11.073845085289719,2021-07-12 08:45:00,2021-07-12 08:45:00,0.0,0.0
D1,F1-5-lightgbm,2,14,2021-07-13,1,0.010416666666666666,False,79.0,80.07408937374586,1.0740893737458634,1.0740893737458634,2021-07-13 00:00:00,2021-07-13 00:00:00,0.0,0.0
D1,F1-5-lightgbm,2,14,2021-07-17,70,0.7291666666666666,False,88.0,100.55999419832432,12.559994198324318,12.559994198324318,2021-07-17 07:15:00,2021-07-17 06:30:00,-45.0,45.0
D1,F1-5-lightgbm,2,14,2021-07-18,84,0.875,False,28.0,82.43587767903003,54.43587767903003,54.43587767903003,2021-07-18 01:15:00,2021-07-18 08:30:00,435.0,435.0
D1,F1-5-lightgbm,2,14,2021-07-26,84,0.875,False,217.0,187.44684908344414,-29.553150916555865,29.553150916555865,2021-07-26 08:30:00,2021-07-26 13:30:00,300.0,300.0
D1,F1-5-lightgbm,2,14,2021-07-27,84,0.875,False,211.0,185.29588851948915,-25.704111480510846,25.704111480510846,2021-07-27 11:45:00,2021-07-27 08:45:00,-180.0,180.0
D1,F1-5-lightgbm,2,14,2021-07-28,84,0.875,False,212.0,172.83826678718253,-39.16173321281747,39.16173321281747,2021-07-28 12:00:00,2021-07-28 14:30:00,150.0,150.0
D1,F1-5-lightgbm,2,14,2021-07-29,84,0.875,False,211.0,178.87370047384755,-32.12629952615245,32.12629952615245,2021-07-29 12:00:00,2021-07-29 08:30:00,-210.0,210.0
D1,F1-5-lightgbm,2,14,2021-07-30,84,0.875,False,212.0,176.5433161961978,-35.45668380380221,35.45668380380221,2021-07-30 12:00:00,2021-07-30 13:15:00,75.0,75.0
D1,F1-5-lightgbm,2,14,2021-07-31,96,1.0,True,80.0,108.88449076718835,28.884490767188353,28.884490767188353,2021-07-31 00:00:00,2021-07-31 02:30:00,150.0,150.0
D1,F1-5-lightgbm,2,14,2021-08-01,96,1.0,True,28.0,37.259125709049485,9.259125709049485,9.259125709049485,2021-08-01 09:00:00,2021-08-01 03:30:00,-330.0,330.0
D1,F1-5-lightgbm,2,14,2021-08-09,39,0.40625,False,215.0,118.19711978377362,-96.80288021622638,96.80288021622638,2021-08-09 08:45:00,2021-08-09 09:30:00,45.0,45.0
D1,F1-5-lightgbm,2,15,2021-07-12,96,1.0,True,198.0,189.67470647155164,-8.325293528448356,8.325293528448356,2021-07-12 08:45:00,2021-07-12 08:45:00,0.0,0.0
D1,F1-5-lightgbm,2,15,2021-07-13,1,0.010416666666666666,False,79.0,79.32047389024251,0.3204738902425106,0.3204738902425106,2021-07-13 00:00:00,2021-07-13 00:00:00,0.0,0.0
D1,F1-5-lightgbm,2,15,2021-07-17,69,0.71875,False,88.0,89.10882728963989,1.1088272896398905,1.1088272896398905,2021-07-17 07:15:00,2021-07-17 07:15:00,0.0,0.0
D1,F1-5-lightgbm,2,15,2021-07-18,84,0.875,False,28.0,89.5233726274467,61.523372627446705,61.523372627446705,2021-07-18 01:15:00,2021-07-18 08:30:00,435.0,435.0
D1,F1-5-lightgbm,2,15,2021-07-26,84,0.875,False,217.0,185.79216176493767,-31.207838235062326,31.207838235062326,2021-07-26 08:30:00,2021-07-26 13:45:00,315.0,315.0
D1,F1-5-lightgbm,2,15,2021-07-27,84,0.875,False,211.0,189.95956719374863,-21.040432806251374,21.040432806251374,2021-07-27 11:45:00,2021-07-27 08:30:00,-195.0,195.0
D1,F1-5-lightgbm,2,15,2021-07-28,84,0.875,False,212.0,174.92492077886416,-37.07507922113584,37.07507922113584,2021-07-28 12:00:00,2021-07-28 08:45:00,-195.0,195.0
D1,F1-5-lightgbm,2,15,2021-07-29,84,0.875,False,211.0,180.43599333614816,-30.564006663851842,30.564006663851842,2021-07-29 12:00:00,2021-07-29 08:45:00,-195.0,195.0
D1,F1-5-lightgbm,2,15,2021-07-30,84,0.875,False,212.0,177.25256238937052,-34.747437610629476,34.747437610629476,2021-07-30 12:00:00,2021-07-30 08:45:00,-195.0,195.0
D1,F1-5-lightgbm,2,15,2021-07-31,96,1.0,True,80.0,109.09559096794547,29.09559096794547,29.09559096794547,2021-07-31 00:00:00,2021-07-31 02:15:00,135.0,135.0
D1,F1-5-lightgbm,2,15,2021-08-01,96,1.0,True,28.0,33.785049673758934,5.785049673758934,5.785049673758934,2021-08-01 09:00:00,2021-08-01 05:00:00,-240.0,240.0
D1,F1-5-lightgbm,2,15,2021-08-09,39,0.40625,False,215.0,110.46804649536207,-104.53195350463793,104.53195350463793,2021-08-09 08:45:00,2021-08-09 08:45:00,0.0,0.0
D1,F1-5-lightgbm,2,16,2021-07-12,96,1.0,True,198.0,191.67144677045206,-6.328553229547936,6.328553229547936,2021-07-12 08:45:00,2021-07-12 14:00:00,315.0,315.0
D1,F1-5-lightgbm,2,16,2021-07-13,1,0.010416666666666666,False,79.0,82.12852708513606,3.1285270851360565,3.1285270851360565,2021-07-13 00:00:00,2021-07-13 00:00:00,0.0,0.0
D1,F1-5-lightgbm,2,16,2021-07-17,68,0.7083333333333334,False,88.0,90.18932686715068,2.189326867150683,2.189326867150683,2021-07-17 07:15:00,2021-07-17 07:15:00,0.0,0.0
D1,F1-5-lightgbm,2,16,2021-07-18,84,0.875,False,28.0,78.34878230760606,50.34878230760606,50.34878230760606,2021-07-18 01:15:00,2021-07-18 08:30:00,435.0,435.0
D1,F1-5-lightgbm,2,16,2021-07-26,84,0.875,False,217.0,186.79338637384106,-30.20661362615894,30.20661362615894,2021-07-26 08:30:00,2021-07-26 14:00:00,330.0,330.0
D1,F1-5-lightgbm,2,16,2021-07-27,84,0.875,False,211.0,186.1608084473178,-24.839191552682195,24.839191552682195,2021-07-27 11:45:00,2021-07-27 08:45:00,-180.0,180.0
D1,F1-5-lightgbm,2,16,2021-07-28,84,0.875,False,212.0,178.11899779452872,-33.881002205471276,33.881002205471276,2021-07-28 12:00:00,2021-07-28 14:00:00,120.0,120.0
D1,F1-5-lightgbm,2,16,2021-07-29,84,0.875,False,211.0,178.044605488886,-32.95539451111401,32.95539451111401,2021-07-29 12:00:00,2021-07-29 13:45:00,105.0,105.0
D1,F1-5-lightgbm,2,16,2021-07-30,84,0.875,False,212.0,179.50894047923586,-32.49105952076414,32.49105952076414,2021-07-30 12:00:00,2021-07-30 08:30:00,-210.0,210.0
D1,F1-5-lightgbm,2,16,2021-07-31,96,1.0,True,80.0,114.26618111051116,34.266181110511155,34.266181110511155,2021-07-31 00:00:00,2021-07-31 02:15:00,135.0,135.0
D1,F1-5-lightgbm,2,16,2021-08-01,96,1.0,True,28.0,33.25415584213835,5.254155842138353,5.254155842138353,2021-08-01 09:00:00,2021-08-01 09:00:00,0.0,0.0
D1,F1-5-lightgbm,2,16,2021-08-09,39,0.40625,False,215.0,105.26852330043977,-109.73147669956023,109.73147669956023,2021-08-09 08:45:00,2021-08-09 08:45:00,0.0,0.0
D2,F1-5-lightgbm,0,4,2021-04-19,96,1.0,True,172.0,198.3583599005691,26.3583599005691,26.3583599005691,2021-04-19 08:45:00,2021-04-19 09:00:00,15.0,15.0
D2,F1-5-lightgbm,0,4,2021-04-20,96,1.0,True,172.0,178.2597584913973,6.259758491397292,6.259758491397292,2021-04-20 08:45:00,2021-04-20 09:00:00,15.0,15.0
D2,F1-5-lightgbm,0,4,2021-04-21,96,1.0,True,174.0,170.42071244828026,-3.5792875517197444,3.5792875517197444,2021-04-21 08:30:00,2021-04-21 09:00:00,30.0,30.0
D2,F1-5-lightgbm,0,4,2021-04-22,96,1.0,True,174.0,170.8105067825935,-3.1894932174064934,3.1894932174064934,2021-04-22 08:30:00,2021-04-22 09:15:00,45.0,45.0
D2,F1-5-lightgbm,0,4,2021-04-23,96,1.0,True,174.0,155.8358135295691,-18.164186470430906,18.164186470430906,2021-04-23 08:30:00,2021-04-23 09:15:00,45.0,45.0
D2,F1-5-lightgbm,0,4,2021-04-24,96,1.0,True,112.0,111.32414304514847,-0.6758569548515254,0.6758569548515254,2021-04-24 06:15:00,2021-04-24 02:00:00,-255.0,255.0
D2,F1-5-lightgbm,0,4,2021-04-25,96,1.0,True,25.0,25.787958150645803,0.7879581506458031,0.7879581506458031,2021-04-25 01:30:00,2021-04-25 08:15:00,405.0,405.0
D2,F1-5-lightgbm,0,4,2021-05-03,96,1.0,True,184.0,192.20441168549576,8.204411685495757,8.204411685495757,2021-05-03 08:30:00,2021-05-03 09:00:00,30.0,30.0
D2,F1-5-lightgbm,0,4,2021-05-04,96,1.0,True,181.0,178.76116211934908,-2.2388378806509195,2.2388378806509195,2021-05-04 08:30:00,2021-05-04 11:00:00,150.0,150.0
D2,F1-5-lightgbm,0,4,2021-05-05,96,1.0,True,120.0,144.49602268194545,24.496022681945448,24.496022681945448,2021-05-05 04:15:00,2021-05-05 08:30:00,255.0,255.0
D2,F1-5-lightgbm,0,4,2021-05-06,96,1.0,True,199.0,198.829109549175,-0.17089045082499865,0.17089045082499865,2021-05-06 09:00:00,2021-05-06 09:00:00,0.0,0.0
D2,F1-5-lightgbm,0,4,2021-05-07,96,1.0,True,181.0,176.3638621094151,-4.636137890584905,4.636137890584905,2021-05-07 09:00:00,2021-05-07 09:15:00,15.0,15.0
D2,F1-5-lightgbm,0,4,2021-05-08,96,1.0,True,115.0,108.80518245783296,-6.194817542167044,6.194817542167044,2021-05-08 02:00:00,2021-05-08 03:45:00,105.0,105.0
D2,F1-5-lightgbm,0,4,2021-05-09,96,1.0,True,184.0,183.07685506618088,-0.9231449338191169,0.9231449338191169,2021-05-09 09:00:00,2021-05-09 13:45:00,285.0,285.0
D2,F1-5-lightgbm,0,5,2021-04-19,96,1.0,True,172.0,196.8547568581482,24.854756858148193,24.854756858148193,2021-04-19 08:45:00,2021-04-19 09:00:00,15.0,15.0
D2,F1-5-lightgbm,0,5,2021-04-20,96,1.0,True,172.0,167.20861298862837,-4.791387011371626,4.791387011371626,2021-04-20 08:45:00,2021-04-20 14:30:00,345.0,345.0
D2,F1-5-lightgbm,0,5,2021-04-21,96,1.0,True,174.0,167.9444709248055,-6.0555290751944995,6.0555290751944995,2021-04-21 08:30:00,2021-04-21 09:00:00,30.0,30.0
D2,F1-5-lightgbm,0,5,2021-04-22,96,1.0,True,174.0,170.76071357433185,-3.239286425668155,3.239286425668155,2021-04-22 08:30:00,2021-04-22 09:30:00,60.0,60.0
D2,F1-5-lightgbm,0,5,2021-04-23,96,1.0,True,174.0,148.09058829285337,-25.90941170714663,25.90941170714663,2021-04-23 08:30:00,2021-04-23 15:45:00,435.0,435.0
D2,F1-5-lightgbm,0,5,2021-04-24,96,1.0,True,112.0,113.7794990094479,1.7794990094479033,1.7794990094479033,2021-04-24 06:15:00,2021-04-24 02:00:00,-255.0,255.0
D2,F1-5-lightgbm,0,5,2021-04-25,96,1.0,True,25.0,27.627664742761763,2.6276647427617625,2.6276647427617625,2021-04-25 01:30:00,2021-04-25 08:15:00,405.0,405.0
D2,F1-5-lightgbm,0,5,2021-05-03,96,1.0,True,184.0,193.95887702935954,9.958877029359542,9.958877029359542,2021-05-03 08:30:00,2021-05-03 09:00:00,30.0,30.0
D2,F1-5-lightgbm,0,5,2021-05-04,96,1.0,True,181.0,175.6020470909672,-5.397952909032796,5.397952909032796,2021-05-04 08:30:00,2021-05-04 11:00:00,150.0,150.0
D2,F1-5-lightgbm,0,5,2021-05-05,96,1.0,True,120.0,157.3832992975365,37.383299297536496,37.383299297536496,2021-05-05 04:15:00,2021-05-05 09:00:00,285.0,285.0
D2,F1-5-lightgbm,0,5,2021-05-06,96,1.0,True,199.0,192.51922034591874,-6.48077965408126,6.48077965408126,2021-05-06 09:00:00,2021-05-06 08:45:00,-15.0,15.0
D2,F1-5-lightgbm,0,5,2021-05-07,96,1.0,True,181.0,176.55523404052352,-4.444765959476484,4.444765959476484,2021-05-07 09:00:00,2021-05-07 09:15:00,15.0,15.0
D2,F1-5-lightgbm,0,5,2021-05-08,96,1.0,True,115.0,111.90809419443981,-3.091905805560188,3.091905805560188,2021-05-08 02:00:00,2021-05-08 03:45:00,105.0,105.0
D2,F1-5-lightgbm,0,5,2021-05-09,96,1.0,True,184.0,178.15267266443433,-5.847327335565666,5.847327335565666,2021-05-09 09:00:00,2021-05-09 13:45:00,285.0,285.0
D2,F1-5-lightgbm,0,6,2021-04-19,96,1.0,True,172.0,198.71397144138078,26.713971441380778,26.713971441380778,2021-04-19 08:45:00,2021-04-19 09:15:00,30.0,30.0
D2,F1-5-lightgbm,0,6,2021-04-20,96,1.0,True,172.0,175.29080993094206,3.2908099309420606,3.2908099309420606,2021-04-20 08:45:00,2021-04-20 14:00:00,315.0,315.0
D2,F1-5-lightgbm,0,6,2021-04-21,96,1.0,True,174.0,167.05702651886784,-6.942973481132157,6.942973481132157,2021-04-21 08:30:00,2021-04-21 10:00:00,90.0,90.0
D2,F1-5-lightgbm,0,6,2021-04-22,96,1.0,True,174.0,170.8654625260689,-3.13453747393109,3.13453747393109,2021-04-22 08:30:00,2021-04-22 09:45:00,75.0,75.0
D2,F1-5-lightgbm,0,6,2021-04-23,96,1.0,True,174.0,152.52918908951153,-21.470810910488467,21.470810910488467,2021-04-23 08:30:00,2021-04-23 09:45:00,75.0,75.0
D2,F1-5-lightgbm,0,6,2021-04-24,96,1.0,True,112.0,107.29261875974203,-4.707381240257973,4.707381240257973,2021-04-24 06:15:00,2021-04-24 06:15:00,0.0,0.0
D2,F1-5-lightgbm,0,6,2021-04-25,96,1.0,True,25.0,32.081581384641474,7.081581384641474,7.081581384641474,2021-04-25 01:30:00,2021-04-25 09:00:00,450.0,450.0
D2,F1-5-lightgbm,0,6,2021-05-03,96,1.0,True,184.0,205.24359685446885,21.243596854468848,21.243596854468848,2021-05-03 08:30:00,2021-05-03 09:00:00,30.0,30.0
D2,F1-5-lightgbm,0,6,2021-05-04,96,1.0,True,181.0,177.22213912137298,-3.777860878627024,3.777860878627024,2021-05-04 08:30:00,2021-05-04 10:45:00,135.0,135.0
D2,F1-5-lightgbm,0,6,2021-05-05,96,1.0,True,120.0,161.36559862075399,41.365598620753985,41.365598620753985,2021-05-05 04:15:00,2021-05-05 08:30:00,255.0,255.0
D2,F1-5-lightgbm,0,6,2021-05-06,96,1.0,True,199.0,198.64185397721883,-0.35814602278117036,0.35814602278117036,2021-05-06 09:00:00,2021-05-06 09:00:00,0.0,0.0
D2,F1-5-lightgbm,0,6,2021-05-07,96,1.0,True,181.0,179.57630755843044,-1.4236924415695569,1.4236924415695569,2021-05-07 09:00:00,2021-05-07 09:00:00,0.0,0.0
D2,F1-5-lightgbm,0,6,2021-05-08,96,1.0,True,115.0,107.66666613743122,-7.333333862568779,7.333333862568779,2021-05-08 02:00:00,2021-05-08 06:30:00,270.0,270.0
D2,F1-5-lightgbm,0,6,2021-05-09,96,1.0,True,184.0,177.69821089424585,-6.301789105754153,6.301789105754153,2021-05-09 09:00:00,2021-05-09 14:00:00,300.0,300.0
D2,F1-5-lightgbm,0,7,2021-04-19,96,1.0,True,172.0,184.80429810824305,12.804298108243046,12.804298108243046,2021-04-19 08:45:00,2021-04-19 09:30:00,45.0,45.0
D2,F1-5-lightgbm,0,7,2021-04-20,96,1.0,True,172.0,168.20318453980707,-3.7968154601929314,3.7968154601929314,2021-04-20 08:45:00,2021-04-20 14:45:00,360.0,360.0
D2,F1-5-lightgbm,0,7,2021-04-21,96,1.0,True,174.0,169.2376705959043,-4.762329404095709,4.762329404095709,2021-04-21 08:30:00,2021-04-21 10:00:00,90.0,90.0
D2,F1-5-lightgbm,0,7,2021-04-22,96,1.0,True,174.0,170.77973211528484,-3.220267884715156,3.220267884715156,2021-04-22 08:30:00,2021-04-22 10:00:00,90.0,90.0
D2,F1-5-lightgbm,0,7,2021-04-23,96,1.0,True,174.0,165.13335498240752,-8.866645017592475,8.866645017592475,2021-04-23 08:30:00,2021-04-23 10:00:00,90.0,90.0
D2,F1-5-lightgbm,0,7,2021-04-24,96,1.0,True,112.0,107.1477585731406,-4.852241426859393,4.852241426859393,2021-04-24 06:15:00,2021-04-24 02:00:00,-255.0,255.0
D2,F1-5-lightgbm,0,7,2021-04-25,96,1.0,True,25.0,30.497218854673715,5.497218854673715,5.497218854673715,2021-04-25 01:30:00,2021-04-25 08:45:00,435.0,435.0
D2,F1-5-lightgbm,0,7,2021-05-03,96,1.0,True,184.0,180.4479002722909,-3.5520997277091055,3.5520997277091055,2021-05-03 08:30:00,2021-05-03 09:15:00,45.0,45.0
D2,F1-5-lightgbm,0,7,2021-05-04,96,1.0,True,181.0,174.56269205773177,-6.437307942268234,6.437307942268234,2021-05-04 08:30:00,2021-05-04 11:00:00,150.0,150.0
D2,F1-5-lightgbm,0,7,2021-05-05,96,1.0,True,120.0,166.28305547843604,46.28305547843604,46.28305547843604,2021-05-05 04:15:00,2021-05-05 08:30:00,255.0,255.0
D2,F1-5-lightgbm,0,7,2021-05-06,96,1.0,True,199.0,185.06764628329177,-13.932353716708235,13.932353716708235,2021-05-06 09:00:00,2021-05-06 13:45:00,285.0,285.0
D2,F1-5-lightgbm,0,7,2021-05-07,96,1.0,True,181.0,185.8867364632884,4.8867364632884005,4.8867364632884005,2021-05-07 09:00:00,2021-05-07 08:30:00,-30.0,30.0
D2,F1-5-lightgbm,0,7,2021-05-08,96,1.0,True,115.0,108.13988580994524,-6.860114190054759,6.860114190054759,2021-05-08 02:00:00,2021-05-08 02:00:00,0.0,0.0
D2,F1-5-lightgbm,0,7,2021-05-09,96,1.0,True,184.0,177.21649996144282,-6.783500038557179,6.783500038557179,2021-05-09 09:00:00,2021-05-09 11:00:00,120.0,120.0
D2,F1-5-lightgbm,0,8,2021-04-19,96,1.0,True,172.0,186.87467955998125,14.874679559981246,14.874679559981246,2021-04-19 08:45:00,2021-04-19 09:45:00,60.0,60.0
D2,F1-5-lightgbm,0,8,2021-04-20,96,1.0,True,172.0,166.82986088897698,-5.170139111023019,5.170139111023019,2021-04-20 08:45:00,2021-04-20 15:30:00,405.0,405.0
D2,F1-5-lightgbm,0,8,2021-04-21,96,1.0,True,174.0,169.74344858338245,-4.256551416617555,4.256551416617555,2021-04-21 08:30:00,2021-04-21 11:00:00,150.0,150.0
D2,F1-5-lightgbm,0,8,2021-04-22,96,1.0,True,174.0,171.85810079818506,-2.1418992018149368,2.1418992018149368,2021-04-22 08:30:00,2021-04-22 11:00:00,150.0,150.0
D2,F1-5-lightgbm,0,8,2021-04-23,96,1.0,True,174.0,167.05921591912937,-6.940784080870628,6.940784080870628,2021-04-23 08:30:00,2021-04-23 11:00:00,150.0,150.0
D2,F1-5-lightgbm,0,8,2021-04-24,96,1.0,True,112.0,108.85971543371198,-3.1402845662880168,3.1402845662880168,2021-04-24 06:15:00,2021-04-24 02:00:00,-255.0,255.0
D2,F1-5-lightgbm,0,8,2021-04-25,96,1.0,True,25.0,32.480113292688046,7.480113292688046,7.480113292688046,2021-04-25 01:30:00,2021-04-25 08:15:00,405.0,405.0
D2,F1-5-lightgbm,0,8,2021-05-03,96,1.0,True,184.0,176.4154573796769,-7.584542620323106,7.584542620323106,2021-05-03 08:30:00,2021-05-03 09:30:00,60.0,60.0
D2,F1-5-lightgbm,0,8,2021-05-04,96,1.0,True,181.0,168.84377612629896,-12.156223873701038,12.156223873701038,2021-05-04 08:30:00,2021-05-04 09:30:00,60.0,60.0
D2,F1-5-lightgbm,0,8,2021-05-05,96,1.0,True,120.0,161.75142606729435,41.75142606729435,41.75142606729435,2021-05-05 04:15:00,2021-05-05 08:45:00,270.0,270.0
D2,F1-5-lightgbm,0,8,2021-05-06,96,1.0,True,199.0,187.95763974722277,-11.042360252777229,11.042360252777229,2021-05-06 09:00:00,2021-05-06 14:00:00,300.0,300.0
D2,F1-5-lightgbm,0,8,2021-05-07,96,1.0,True,181.0,189.31803798108768,8.318037981087684,8.318037981087684,2021-05-07 09:00:00,2021-05-07 08:45:00,-15.0,15.0
D2,F1-5-lightgbm,0,8,2021-05-08,96,1.0,True,115.0,106.93444538449482,-8.065554615505178,8.065554615505178,2021-05-08 02:00:00,2021-05-08 03:30:00,90.0,90.0
D2,F1-5-lightgbm,0,8,2021-05-09,96,1.0,True,184.0,172.7553735924284,-11.244626407571587,11.244626407571587,2021-05-09 09:00:00,2021-05-09 10:15:00,75.0,75.0
D2,F1-5-lightgbm,0,9,2021-04-19,96,1.0,True,172.0,180.75012296488552,8.75012296488552,8.75012296488552,2021-04-19 08:45:00,2021-04-19 15:00:00,375.0,375.0
D2,F1-5-lightgbm,0,9,2021-04-20,96,1.0,True,172.0,177.2430159887629,5.243015988762892,5.243015988762892,2021-04-20 08:45:00,2021-04-20 15:00:00,375.0,375.0
D2,F1-5-lightgbm,0,9,2021-04-21,96,1.0,True,174.0,172.82558075097742,-1.174419249022577,1.174419249022577,2021-04-21 08:30:00,2021-04-21 10:45:00,135.0,135.0
D2,F1-5-lightgbm,0,9,2021-04-22,96,1.0,True,174.0,173.79397589020064,-0.20602410979935826,0.20602410979935826,2021-04-22 08:30:00,2021-04-22 10:45:00,135.0,135.0
D2,F1-5-lightgbm,0,9,2021-04-23,96,1.0,True,174.0,151.34656832713262,-22.653431672867384,22.653431672867384,2021-04-23 08:30:00,2021-04-23 10:45:00,135.0,135.0
D2,F1-5-lightgbm,0,9,2021-04-24,96,1.0,True,112.0,108.0411509384589,-3.958849061541102,3.958849061541102,2021-04-24 06:15:00,2021-04-24 06:15:00,0.0,0.0
D2,F1-5-lightgbm,0,9,2021-04-25,96,1.0,True,25.0,37.30023825183327,12.300238251833271,12.300238251833271,2021-04-25 01:30:00,2021-04-25 01:45:00,15.0,15.0
D2,F1-5-lightgbm,0,9,2021-05-03,96,1.0,True,184.0,183.0379232117202,-0.962076788279802,0.962076788279802,2021-05-03 08:30:00,2021-05-03 10:30:00,120.0,120.0
D2,F1-5-lightgbm,0,9,2021-05-04,96,1.0,True,181.0,169.99707466185936,-11.002925338140642,11.002925338140642,2021-05-04 08:30:00,2021-05-04 09:45:00,75.0,75.0
D2,F1-5-lightgbm,0,9,2021-05-05,96,1.0,True,120.0,167.03223050396122,47.032230503961216,47.032230503961216,2021-05-05 04:15:00,2021-05-05 08:30:00,255.0,255.0
D2,F1-5-lightgbm,0,9,2021-05-06,96,1.0,True,199.0,190.15785902548413,-8.842140974515871,8.842140974515871,2021-05-06 09:00:00,2021-05-06 12:00:00,180.0,180.0
D2,F1-5-lightgbm,0,9,2021-05-07,96,1.0,True,181.0,183.0029519057962,2.002951905796209,2.002951905796209,2021-05-07 09:00:00,2021-05-07 08:45:00,-15.0,15.0
D2,F1-5-lightgbm,0,9,2021-05-08,96,1.0,True,115.0,105.54162115853431,-9.458378841465688,9.458378841465688,2021-05-08 02:00:00,2021-05-08 06:15:00,255.0,255.0
D2,F1-5-lightgbm,0,9,2021-05-09,96,1.0,True,184.0,170.46923376741736,-13.530766232582636,13.530766232582636,2021-05-09 09:00:00,2021-05-09 14:15:00,315.0,315.0
D2,F1-5-lightgbm,0,10,2021-04-19,96,1.0,True,172.0,177.57217327592446,5.572173275924456,5.572173275924456,2021-04-19 08:45:00,2021-04-19 10:45:00,120.0,120.0
D2,F1-5-lightgbm,0,10,2021-04-20,96,1.0,True,172.0,168.3297405679093,-3.6702594320906883,3.6702594320906883,2021-04-20 08:45:00,2021-04-20 15:00:00,375.0,375.0
D2,F1-5-lightgbm,0,10,2021-04-21,96,1.0,True,174.0,171.81812816218184,-2.1818718378181643,2.1818718378181643,2021-04-21 08:30:00,2021-04-21 11:00:00,150.0,150.0
D2,F1-5-lightgbm,0,10,2021-04-22,96,1.0,True,174.0,172.9336349580006,-1.0663650419994042,1.0663650419994042,2021-04-22 08:30:00,2021-04-22 11:00:00,150.0,150.0
D2,F1-5-lightgbm,0,10,2021-04-23,96,1.0,True,174.0,152.54439433882942,-21.45560566117058,21.45560566117058,2021-04-23 08:30:00,2021-04-23 11:00:00,150.0,150.0
D2,F1-5-lightgbm,0,10,2021-04-24,96,1.0,True,112.0,107.77823989937305,-4.221760100626952,4.221760100626952,2021-04-24 06:15:00,2021-04-24 03:30:00,-165.0,165.0
D2,F1-5-lightgbm,0,10,2021-04-25,96,1.0,True,25.0,33.53380812814262,8.533808128142617,8.533808128142617,2021-04-25 01:30:00,2021-04-25 02:00:00,30.0,30.0
D2,F1-5-lightgbm,0,10,2021-05-03,96,1.0,True,184.0,179.38824064497493,-4.611759355025072,4.611759355025072,2021-05-03 08:30:00,2021-05-03 11:00:00,150.0,150.0
D2,F1-5-lightgbm,0,10,2021-05-04,96,1.0,True,181.0,172.1556601562077,-8.844339843792312,8.844339843792312,2021-05-04 08:30:00,2021-05-04 09:00:00,30.0,30.0
D2,F1-5-lightgbm,0,10,2021-05-05,96,1.0,True,120.0,167.2391040033513,47.23910400335129,47.23910400335129,2021-05-05 04:15:00,2021-05-05 08:45:00,270.0,270.0
D2,F1-5-lightgbm,0,10,2021-05-06,96,1.0,True,199.0,186.30156289044393,-12.698437109556068,12.698437109556068,2021-05-06 09:00:00,2021-05-06 13:45:00,285.0,285.0
D2,F1-5-lightgbm,0,10,2021-05-07,96,1.0,True,181.0,187.0968491194632,6.096849119463201,6.096849119463201,2021-05-07 09:00:00,2021-05-07 08:45:00,-15.0,15.0
D2,F1-5-lightgbm,0,10,2021-05-08,96,1.0,True,115.0,108.6417849487916,-6.358215051208404,6.358215051208404,2021-05-08 02:00:00,2021-05-08 06:15:00,255.0,255.0
D2,F1-5-lightgbm,0,10,2021-05-09,96,1.0,True,184.0,175.63508184189567,-8.36491815810433,8.36491815810433,2021-05-09 09:00:00,2021-05-09 14:15:00,315.0,315.0
D2,F1-5-lightgbm,0,11,2021-04-19,96,1.0,True,172.0,185.7398397160621,13.739839716062107,13.739839716062107,2021-04-19 08:45:00,2021-04-19 09:00:00,15.0,15.0
D2,F1-5-lightgbm,0,11,2021-04-20,96,1.0,True,172.0,170.43047345275917,-1.5695265472408266,1.5695265472408266,2021-04-20 08:45:00,2021-04-20 14:45:00,360.0,360.0
D2,F1-5-lightgbm,0,11,2021-04-21,96,1.0,True,174.0,174.48025906156332,0.48025906156331644,0.48025906156331644,2021-04-21 08:30:00,2021-04-21 11:15:00,165.0,165.0
D2,F1-5-lightgbm,0,11,2021-04-22,96,1.0,True,174.0,176.41019768053405,2.410197680534054,2.410197680534054,2021-04-22 08:30:00,2021-04-22 11:00:00,150.0,150.0
D2,F1-5-lightgbm,0,11,2021-04-23,96,1.0,True,174.0,165.87776638473437,-8.122233615265628,8.122233615265628,2021-04-23 08:30:00,2021-04-23 11:00:00,150.0,150.0
D2,F1-5-lightgbm,0,11,2021-04-24,96,1.0,True,112.0,104.8516327729927,-7.148367227007299,7.148367227007299,2021-04-24 06:15:00,2021-04-24 04:30:00,-105.0,105.0
D2,F1-5-lightgbm,0,11,2021-04-25,96,1.0,True,25.0,27.537833019635308,2.5378330196353076,2.5378330196353076,2021-04-25 01:30:00,2021-04-25 02:15:00,45.0,45.0
D2,F1-5-lightgbm,0,11,2021-05-03,96,1.0,True,184.0,184.70709428029576,0.7070942802957632,0.7070942802957632,2021-05-03 08:30:00,2021-05-03 14:00:00,330.0,330.0
D2,F1-5-lightgbm,0,11,2021-05-04,96,1.0,True,181.0,171.82438089399108,-9.175619106008924,9.175619106008924,2021-05-04 08:30:00,2021-05-04 08:30:00,0.0,0.0
D2,F1-5-lightgbm,0,11,2021-05-05,96,1.0,True,120.0,170.65714470336607,50.65714470336607,50.65714470336607,2021-05-05 04:15:00,2021-05-05 08:30:00,255.0,255.0
D2,F1-5-lightgbm,0,11,2021-05-06,96,1.0,True,199.0,187.91423365874635,-11.085766341253645,11.085766341253645,2021-05-06 09:00:00,2021-05-06 14:00:00,300.0,300.0
D2,F1-5-lightgbm,0,11,2021-05-07,96,1.0,True,181.0,183.514806906474,2.514806906474007,2.514806906474007,2021-05-07 09:00:00,2021-05-07 08:45:00,-15.0,15.0
D2,F1-5-lightgbm,0,11,2021-05-08,96,1.0,True,115.0,106.09032827277171,-8.909671727228286,8.909671727228286,2021-05-08 02:00:00,2021-05-08 06:15:00,255.0,255.0
D2,F1-5-lightgbm,0,11,2021-05-09,96,1.0,True,184.0,185.60511620591444,1.6051162059144417,1.6051162059144417,2021-05-09 09:00:00,2021-05-09 14:30:00,330.0,330.0
D2,F1-5-lightgbm,0,12,2021-04-19,96,1.0,True,172.0,182.301678646674,10.301678646673992,10.301678646673992,2021-04-19 08:45:00,2021-04-19 09:00:00,15.0,15.0
D2,F1-5-lightgbm,0,12,2021-04-20,96,1.0,True,172.0,175.47754342490103,3.477543424901029,3.477543424901029,2021-04-20 08:45:00,2021-04-20 15:00:00,375.0,375.0
D2,F1-5-lightgbm,0,12,2021-04-21,96,1.0,True,174.0,173.87097901617838,-0.12902098382161853,0.12902098382161853,2021-04-21 08:30:00,2021-04-21 10:45:00,135.0,135.0
D2,F1-5-lightgbm,0,12,2021-04-22,96,1.0,True,174.0,174.9158092400043,0.9158092400043074,0.9158092400043074,2021-04-22 08:30:00,2021-04-22 11:00:00,150.0,150.0
D2,F1-5-lightgbm,0,12,2021-04-23,96,1.0,True,174.0,165.03007220149507,-8.969927798504926,8.969927798504926,2021-04-23 08:30:00,2021-04-23 11:00:00,150.0,150.0
D2,F1-5-lightgbm,0,12,2021-04-24,96,1.0,True,112.0,109.97234339812522,-2.0276566018747815,2.0276566018747815,2021-04-24 06:15:00,2021-04-24 02:00:00,-255.0,255.0
D2,F1-5-lightgbm,0,12,2021-04-25,96,1.0,True,25.0,29.62522103167827,4.625221031678269,4.625221031678269,2021-04-25 01:30:00,2021-04-25 02:30:00,60.0,60.0
D2,F1-5-lightgbm,0,12,2021-05-03,96,1.0,True,184.0,187.47187560438948,3.4718756043894814,3.4718756043894814,2021-05-03 08:30:00,2021-05-03 11:30:00,180.0,180.0
D2,F1-5-lightgbm,0,12,2021-05-04,96,1.0,True,181.0,175.9686678973055,-5.031332102694506,5.031332102694506,2021-05-04 08:30:00,2021-05-04 08:30:00,0.0,0.0
D2,F1-5-lightgbm,0,12,2021-05-05,96,1.0,True,120.0,169.49752011419156,49.49752011419156,49.49752011419156,2021-05-05 04:15:00,2021-05-05 08:45:00,270.0,270.0
D2,F1-5-lightgbm,0,12,2021-05-06,96,1.0,True,199.0,185.21255742976717,-13.787442570232827,13.787442570232827,2021-05-06 09:00:00,2021-05-06 14:00:00,300.0,300.0
D2,F1-5-lightgbm,0,12,2021-05-07,96,1.0,True,181.0,185.86576533655483,4.86576533655483,4.86576533655483,2021-05-07 09:00:00,2021-05-07 08:30:00,-30.0,30.0
D2,F1-5-lightgbm,0,12,2021-05-08,96,1.0,True,115.0,109.5334141854677,-5.466585814532294,5.466585814532294,2021-05-08 02:00:00,2021-05-08 02:45:00,45.0,45.0
D2,F1-5-lightgbm,0,12,2021-05-09,96,1.0,True,184.0,172.14217656189743,-11.857823438102571,11.857823438102571,2021-05-09 09:00:00,2021-05-09 11:15:00,135.0,135.0
D2,F1-5-lightgbm,0,13,2021-04-19,96,1.0,True,172.0,184.62961937703173,12.62961937703173,12.62961937703173,2021-04-19 08:45:00,2021-04-19 10:45:00,120.0,120.0
D2,F1-5-lightgbm,0,13,2021-04-20,96,1.0,True,172.0,164.29786094486636,-7.702139055133642,7.702139055133642,2021-04-20 08:45:00,2021-04-20 11:45:00,180.0,180.0
D2,F1-5-lightgbm,0,13,2021-04-21,96,1.0,True,174.0,170.17476451494323,-3.8252354850567656,3.8252354850567656,2021-04-21 08:30:00,2021-04-21 11:45:00,195.0,195.0
D2,F1-5-lightgbm,0,13,2021-04-22,96,1.0,True,174.0,171.66144544677917,-2.338554553220831,2.338554553220831,2021-04-22 08:30:00,2021-04-22 11:00:00,150.0,150.0
D2,F1-5-lightgbm,0,13,2021-04-23,96,1.0,True,174.0,162.34147657473704,-11.658523425262956,11.658523425262956,2021-04-23 08:30:00,2021-04-23 11:00:00,150.0,150.0
D2,F1-5-lightgbm,0,13,2021-04-24,96,1.0,True,112.0,109.38264568626592,-2.617354313734083,2.617354313734083,2021-04-24 06:15:00,2021-04-24 02:00:00,-255.0,255.0
D2,F1-5-lightgbm,0,13,2021-04-25,96,1.0,True,25.0,29.661013770801272,4.661013770801272,4.661013770801272,2021-04-25 01:30:00,2021-04-25 02:45:00,75.0,75.0
D2,F1-5-lightgbm,0,13,2021-05-03,96,1.0,True,184.0,184.68667874347392,0.6866787434739194,0.6866787434739194,2021-05-03 08:30:00,2021-05-03 08:30:00,0.0,0.0
D2,F1-5-lightgbm,0,13,2021-05-04,96,1.0,True,181.0,167.756851816968,-13.243148183031991,13.243148183031991,2021-05-04 08:30:00,2021-05-04 11:45:00,195.0,195.0
D2,F1-5-lightgbm,0,13,2021-05-05,96,1.0,True,120.0,169.41905110524502,49.41905110524502,49.41905110524502,2021-05-05 04:15:00,2021-05-05 08:30:00,255.0,255.0
D2,F1-5-lightgbm,0,13,2021-05-06,96,1.0,True,199.0,176.3507350138211,-22.649264986178906,22.649264986178906,2021-05-06 09:00:00,2021-05-06 11:45:00,165.0,165.0
D2,F1-5-lightgbm,0,13,2021-05-07,96,1.0,True,181.0,183.74725354218222,2.7472535421822215,2.7472535421822215,2021-05-07 09:00:00,2021-05-07 11:00:00,120.0,120.0
D2,F1-5-lightgbm,0,13,2021-05-08,96,1.0,True,115.0,103.32374243388509,-11.676257566114913,11.676257566114913,2021-05-08 02:00:00,2021-05-08 06:15:00,255.0,255.0
D2,F1-5-lightgbm,0,13,2021-05-09,96,1.0,True,184.0,179.49375065373277,-4.506249346267225,4.506249346267225,2021-05-09 09:00:00,2021-05-09 11:30:00,150.0,150.0
D2,F1-5-lightgbm,0,14,2021-04-19,96,1.0,True,172.0,189.2347866126186,17.234786612618592,17.234786612618592,2021-04-19 08:45:00,2021-04-19 09:00:00,15.0,15.0
D2,F1-5-lightgbm,0,14,2021-04-20,96,1.0,True,172.0,164.98647647665067,-7.013523523349335,7.013523523349335,2021-04-20 08:45:00,2021-04-20 15:30:00,405.0,405.0
D2,F1-5-lightgbm,0,14,2021-04-21,96,1.0,True,174.0,175.26713762169553,1.2671376216955252,1.2671376216955252,2021-04-21 08:30:00,2021-04-21 11:15:00,165.0,165.0
D2,F1-5-lightgbm,0,14,2021-04-22,96,1.0,True,174.0,174.2870521024602,0.2870521024601942,0.2870521024601942,2021-04-22 08:30:00,2021-04-22 11:15:00,165.0,165.0
D2,F1-5-lightgbm,0,14,2021-04-23,96,1.0,True,174.0,168.5801688929511,-5.419831107048907,5.419831107048907,2021-04-23 08:30:00,2021-04-23 11:15:00,165.0,165.0
D2,F1-5-lightgbm,0,14,2021-04-24,96,1.0,True,112.0,112.90611401731121,0.9061140173112108,0.9061140173112108,2021-04-24 06:15:00,2021-04-24 02:00:00,-255.0,255.0
D2,F1-5-lightgbm,0,14,2021-04-25,96,1.0,True,25.0,29.471160704086014,4.471160704086014,4.471160704086014,2021-04-25 01:30:00,2021-04-25 11:15:00,585.0,585.0
D2,F1-5-lightgbm,0,14,2021-05-03,96,1.0,True,184.0,184.13662620826418,0.13662620826417538,0.13662620826417538,2021-05-03 08:30:00,2021-05-03 08:30:00,0.0,0.0
D2,F1-5-lightgbm,0,14,2021-05-04,96,1.0,True,181.0,166.26733219640792,-14.73266780359208,14.73266780359208,2021-05-04 08:30:00,2021-05-04 11:45:00,195.0,195.0
D2,F1-5-lightgbm,0,14,2021-05-05,96,1.0,True,120.0,168.62353257846394,48.62353257846394,48.62353257846394,2021-05-05 04:15:00,2021-05-05 10:45:00,390.0,390.0
D2,F1-5-lightgbm,0,14,2021-05-06,96,1.0,True,199.0,182.1944121430137,-16.805587856986307,16.805587856986307,2021-05-06 09:00:00,2021-05-06 13:30:00,270.0,270.0
D2,F1-5-lightgbm,0,14,2021-05-07,96,1.0,True,181.0,179.7625944859801,-1.2374055140199118,1.2374055140199118,2021-05-07 09:00:00,2021-05-07 11:15:00,135.0,135.0
D2,F1-5-lightgbm,0,14,2021-05-08,96,1.0,True,115.0,103.7439619312329,-11.256038068767097,11.256038068767097,2021-05-08 02:00:00,2021-05-08 06:45:00,285.0,285.0
D2,F1-5-lightgbm,0,14,2021-05-09,96,1.0,True,184.0,171.73577516114597,-12.264224838854034,12.264224838854034,2021-05-09 09:00:00,2021-05-09 16:15:00,435.0,435.0
D2,F1-5-lightgbm,0,15,2021-04-19,96,1.0,True,172.0,188.20862393831928,16.208623938319278,16.208623938319278,2021-04-19 08:45:00,2021-04-19 09:00:00,15.0,15.0
D2,F1-5-lightgbm,0,15,2021-04-20,96,1.0,True,172.0,170.64527841970337,-1.3547215802966264,1.3547215802966264,2021-04-20 08:45:00,2021-04-20 11:45:00,180.0,180.0
D2,F1-5-lightgbm,0,15,2021-04-21,96,1.0,True,174.0,168.8154332639233,-5.184566736076704,5.184566736076704,2021-04-21 08:30:00,2021-04-21 11:45:00,195.0,195.0
D2,F1-5-lightgbm,0,15,2021-04-22,96,1.0,True,174.0,168.57270365388877,-5.427296346111234,5.427296346111234,2021-04-22 08:30:00,2021-04-22 10:45:00,135.0,135.0
D2,F1-5-lightgbm,0,15,2021-04-23,96,1.0,True,174.0,163.23098265462565,-10.769017345374351,10.769017345374351,2021-04-23 08:30:00,2021-04-23 14:45:00,375.0,375.0
D2,F1-5-lightgbm,0,15,2021-04-24,96,1.0,True,112.0,111.24162592858487,-0.7583740714151332,0.7583740714151332,2021-04-24 06:15:00,2021-04-24 02:00:00,-255.0,255.0
D2,F1-5-lightgbm,0,15,2021-04-25,96,1.0,True,25.0,28.538135157751146,3.538135157751146,3.538135157751146,2021-04-25 01:30:00,2021-04-25 01:30:00,0.0,0.0
D2,F1-5-lightgbm,0,15,2021-05-03,96,1.0,True,184.0,185.30227676089694,1.3022767608969446,1.3022767608969446,2021-05-03 08:30:00,2021-05-03 08:30:00,0.0,0.0
D2,F1-5-lightgbm,0,15,2021-05-04,96,1.0,True,181.0,167.80910249518095,-13.190897504819048,13.190897504819048,2021-05-04 08:30:00,2021-05-04 11:15:00,165.0,165.0
D2,F1-5-lightgbm,0,15,2021-05-05,96,1.0,True,120.0,169.12159047453093,49.12159047453093,49.12159047453093,2021-05-05 04:15:00,2021-05-05 08:45:00,270.0,270.0
D2,F1-5-lightgbm,0,15,2021-05-06,96,1.0,True,199.0,184.63804729917084,-14.361952700829164,14.361952700829164,2021-05-06 09:00:00,2021-05-06 11:45:00,165.0,165.0
D2,F1-5-lightgbm,0,15,2021-05-07,96,1.0,True,181.0,184.63584586323398,3.635845863233982,3.635845863233982,2021-05-07 09:00:00,2021-05-07 11:00:00,120.0,120.0
D2,F1-5-lightgbm,0,15,2021-05-08,96,1.0,True,115.0,110.13125140612362,-4.868748593876376,4.868748593876376,2021-05-08 02:00:00,2021-05-08 06:15:00,255.0,255.0
D2,F1-5-lightgbm,0,15,2021-05-09,96,1.0,True,184.0,176.26274697175953,-7.737253028240474,7.737253028240474,2021-05-09 09:00:00,2021-05-09 14:15:00,315.0,315.0
D2,F1-5-lightgbm,0,16,2021-04-19,96,1.0,True,172.0,185.08210886956772,13.082108869567719,13.082108869567719,2021-04-19 08:45:00,2021-04-19 09:00:00,15.0,15.0
D2,F1-5-lightgbm,0,16,2021-04-20,96,1.0,True,172.0,166.9624179320725,-5.037582067927502,5.037582067927502,2021-04-20 08:45:00,2021-04-20 11:45:00,180.0,180.0
D2,F1-5-lightgbm,0,16,2021-04-21,96,1.0,True,174.0,171.31975333890222,-2.680246661097783,2.680246661097783,2021-04-21 08:30:00,2021-04-21 09:00:00,30.0,30.0
D2,F1-5-lightgbm,0,16,2021-04-22,96,1.0,True,174.0,168.81168679627007,-5.188313203729933,5.188313203729933,2021-04-22 08:30:00,2021-04-22 14:45:00,375.0,375.0
D2,F1-5-lightgbm,0,16,2021-04-23,96,1.0,True,174.0,166.31088483796367,-7.68911516203633,7.68911516203633,2021-04-23 08:30:00,2021-04-23 14:45:00,375.0,375.0
D2,F1-5-lightgbm,0,16,2021-04-24,96,1.0,True,112.0,111.45456865074867,-0.5454313492513307,0.5454313492513307,2021-04-24 06:15:00,2021-04-24 02:00:00,-255.0,255.0
D2,F1-5-lightgbm,0,16,2021-04-25,96,1.0,True,25.0,25.717296142772938,0.7172961427729376,0.7172961427729376,2021-04-25 01:30:00,2021-04-25 11:15:00,585.0,585.0
D2,F1-5-lightgbm,0,16,2021-05-03,96,1.0,True,184.0,179.68751226315393,-4.312487736846066,4.312487736846066,2021-05-03 08:30:00,2021-05-03 09:45:00,75.0,75.0
D2,F1-5-lightgbm,0,16,2021-05-04,96,1.0,True,181.0,165.66260216283595,-15.337397837164048,15.337397837164048,2021-05-04 08:30:00,2021-05-04 14:00:00,330.0,330.0
D2,F1-5-lightgbm,0,16,2021-05-05,96,1.0,True,120.0,163.90970854348743,43.909708543487426,43.909708543487426,2021-05-05 04:15:00,2021-05-05 08:30:00,255.0,255.0
D2,F1-5-lightgbm,0,16,2021-05-06,96,1.0,True,199.0,176.6304268128551,-22.36957318714491,22.36957318714491,2021-05-06 09:00:00,2021-05-06 13:30:00,270.0,270.0
D2,F1-5-lightgbm,0,16,2021-05-07,96,1.0,True,181.0,182.82977501665414,1.829775016654139,1.829775016654139,2021-05-07 09:00:00,2021-05-07 08:45:00,-15.0,15.0
D2,F1-5-lightgbm,0,16,2021-05-08,96,1.0,True,115.0,110.94143402736594,-4.058565972634057,4.058565972634057,2021-05-08 02:00:00,2021-05-08 06:15:00,255.0,255.0
D2,F1-5-lightgbm,0,16,2021-05-09,96,1.0,True,184.0,179.3804259567753,-4.619574043224702,4.619574043224702,2021-05-09 09:00:00,2021-05-09 14:00:00,300.0,300.0
D2,F1-5-lightgbm,1,4,2021-05-31,95,0.9895833333333334,False,172.0,159.42071092530054,-12.57928907469946,12.57928907469946,2021-05-31 10:30:00,2021-05-31 09:00:00,-90.0,90.0
D2,F1-5-lightgbm,1,4,2021-06-01,1,0.010416666666666666,False,71.0,81.5021760696013,10.502176069601305,10.502176069601305,2021-06-01 00:00:00,2021-06-01 00:00:00,0.0,0.0
D2,F1-5-lightgbm,1,4,2021-06-20,95,0.9895833333333334,False,28.0,35.47826492585035,7.478264925850347,7.478264925850347,2021-06-20 15:15:00,2021-06-20 08:15:00,-420.0,420.0
D2,F1-5-lightgbm,1,5,2021-05-31,95,0.9895833333333334,False,172.0,154.5496517873252,-17.45034821267481,17.45034821267481,2021-05-31 10:30:00,2021-05-31 08:45:00,-105.0,105.0
D2,F1-5-lightgbm,1,5,2021-06-01,1,0.010416666666666666,False,71.0,80.59072595220897,9.59072595220897,9.59072595220897,2021-06-01 00:00:00,2021-06-01 00:00:00,0.0,0.0
D2,F1-5-lightgbm,1,5,2021-06-20,95,0.9895833333333334,False,28.0,35.17988584631267,7.179885846312672,7.179885846312672,2021-06-20 15:15:00,2021-06-20 06:00:00,-555.0,555.0
D2,F1-5-lightgbm,1,6,2021-05-31,95,0.9895833333333334,False,172.0,146.95724413314898,-25.042755866851024,25.042755866851024,2021-05-31 10:30:00,2021-05-31 08:45:00,-105.0,105.0
D2,F1-5-lightgbm,1,6,2021-06-01,1,0.010416666666666666,False,71.0,85.26975416718658,14.269754167186576,14.269754167186576,2021-06-01 00:00:00,2021-06-01 00:00:00,0.0,0.0
D2,F1-5-lightgbm,1,6,2021-06-20,95,0.9895833333333334,False,28.0,41.50127296542545,13.50127296542545,13.50127296542545,2021-06-20 15:15:00,2021-06-20 04:45:00,-630.0,630.0
D2,F1-5-lightgbm,1,7,2021-05-31,95,0.9895833333333334,False,172.0,146.78367218081812,-25.216327819181885,25.216327819181885,2021-05-31 10:30:00,2021-05-31 09:00:00,-90.0,90.0
D2,F1-5-lightgbm,1,7,2021-06-01,1,0.010416666666666666,False,71.0,81.38332454378487,10.383324543784866,10.383324543784866,2021-06-01 00:00:00,2021-06-01 00:00:00,0.0,0.0
D2,F1-5-lightgbm,1,7,2021-06-20,95,0.9895833333333334,False,28.0,43.59440331686293,15.59440331686293,15.59440331686293,2021-06-20 15:15:00,2021-06-20 02:45:00,-750.0,750.0
D2,F1-5-lightgbm,1,8,2021-05-31,95,0.9895833333333334,False,172.0,151.7477729890957,-20.252227010904306,20.252227010904306,2021-05-31 10:30:00,2021-05-31 09:15:00,-75.0,75.0
D2,F1-5-lightgbm,1,8,2021-06-01,1,0.010416666666666666,False,71.0,76.31573945378743,5.31573945378743,5.31573945378743,2021-06-01 00:00:00,2021-06-01 00:00:00,0.0,0.0
D2,F1-5-lightgbm,1,8,2021-06-20,95,0.9895833333333334,False,28.0,45.167012359678665,17.167012359678665,17.167012359678665,2021-06-20 15:15:00,2021-06-20 04:45:00,-630.0,630.0
D2,F1-5-lightgbm,1,9,2021-05-31,95,0.9895833333333334,False,172.0,143.47257127302808,-28.52742872697192,28.52742872697192,2021-05-31 10:30:00,2021-05-31 16:30:00,360.0,360.0
D2,F1-5-lightgbm,1,9,2021-06-01,1,0.010416666666666666,False,71.0,80.73558429496478,9.73558429496478,9.73558429496478,2021-06-01 00:00:00,2021-06-01 00:00:00,0.0,0.0
D2,F1-5-lightgbm,1,9,2021-06-20,95,0.9895833333333334,False,28.0,36.656292325957345,8.656292325957345,8.656292325957345,2021-06-20 15:15:00,2021-06-20 02:45:00,-750.0,750.0
D2,F1-5-lightgbm,1,10,2021-05-31,95,0.9895833333333334,False,172.0,136.3723563289237,-35.6276436710763,35.6276436710763,2021-05-31 10:30:00,2021-05-31 13:15:00,165.0,165.0
D2,F1-5-lightgbm,1,10,2021-06-01,1,0.010416666666666666,False,71.0,85.35709667742596,14.357096677425957,14.357096677425957,2021-06-01 00:00:00,2021-06-01 00:00:00,0.0,0.0
D2,F1-5-lightgbm,1,10,2021-06-20,95,0.9895833333333334,False,28.0,35.76047692422406,7.760476924224058,7.760476924224058,2021-06-20 15:15:00,2021-06-20 02:45:00,-750.0,750.0
D2,F1-5-lightgbm,1,11,2021-05-31,95,0.9895833333333334,False,172.0,140.74032133070287,-31.25967866929713,31.25967866929713,2021-05-31 10:30:00,2021-05-31 13:15:00,165.0,165.0
D2,F1-5-lightgbm,1,11,2021-06-01,1,0.010416666666666666,False,71.0,83.04785922872756,12.04785922872756,12.04785922872756,2021-06-01 00:00:00,2021-06-01 00:00:00,0.0,0.0
D2,F1-5-lightgbm,1,11,2021-06-20,95,0.9895833333333334,False,28.0,40.510526276604146,12.510526276604146,12.510526276604146,2021-06-20 15:15:00,2021-06-20 02:45:00,-750.0,750.0
D2,F1-5-lightgbm,1,12,2021-05-31,95,0.9895833333333334,False,172.0,156.75037258245047,-15.249627417549533,15.249627417549533,2021-05-31 10:30:00,2021-05-31 08:45:00,-105.0,105.0
D2,F1-5-lightgbm,1,12,2021-06-01,1,0.010416666666666666,False,71.0,83.1968438539587,12.196843853958697,12.196843853958697,2021-06-01 00:00:00,2021-06-01 00:00:00,0.0,0.0
D2,F1-5-lightgbm,1,12,2021-06-20,95,0.9895833333333334,False,28.0,31.56972462822183,3.569724628221831,3.569724628221831,2021-06-20 15:15:00,2021-06-20 02:45:00,-750.0,750.0
D2,F1-5-lightgbm,1,13,2021-05-31,95,0.9895833333333334,False,172.0,176.47957238139594,4.47957238139594,4.47957238139594,2021-05-31 10:30:00,2021-05-31 08:45:00,-105.0,105.0
D2,F1-5-lightgbm,1,13,2021-06-01,1,0.010416666666666666,False,71.0,81.41618483067609,10.416184830676087,10.416184830676087,2021-06-01 00:00:00,2021-06-01 00:00:00,0.0,0.0
D2,F1-5-lightgbm,1,13,2021-06-20,95,0.9895833333333334,False,28.0,27.758466054860456,-0.24153394513954396,0.24153394513954396,2021-06-20 15:15:00,2021-06-20 02:45:00,-750.0,750.0
D2,F1-5-lightgbm,1,14,2021-05-31,95,0.9895833333333334,False,172.0,182.05137430910483,10.05137430910483,10.05137430910483,2021-05-31 10:30:00,2021-05-31 08:45:00,-105.0,105.0
D2,F1-5-lightgbm,1,14,2021-06-01,1,0.010416666666666666,False,71.0,83.99469213670933,12.994692136709332,12.994692136709332,2021-06-01 00:00:00,2021-06-01 00:00:00,0.0,0.0
D2,F1-5-lightgbm,1,14,2021-06-20,95,0.9895833333333334,False,28.0,29.867636350359657,1.867636350359657,1.867636350359657,2021-06-20 15:15:00,2021-06-20 08:15:00,-420.0,420.0
D2,F1-5-lightgbm,1,15,2021-05-31,95,0.9895833333333334,False,172.0,162.10447059554156,-9.895529404458443,9.895529404458443,2021-05-31 10:30:00,2021-05-31 08:45:00,-105.0,105.0
D2,F1-5-lightgbm,1,15,2021-06-01,1,0.010416666666666666,False,71.0,81.95025045635383,10.950250456353828,10.950250456353828,2021-06-01 00:00:00,2021-06-01 00:00:00,0.0,0.0
D2,F1-5-lightgbm,1,15,2021-06-20,95,0.9895833333333334,False,28.0,28.891007602282976,0.8910076022829756,0.8910076022829756,2021-06-20 15:15:00,2021-06-20 08:30:00,-405.0,405.0
D2,F1-5-lightgbm,1,16,2021-05-31,95,0.9895833333333334,False,172.0,158.16206199004398,-13.83793800995602,13.83793800995602,2021-05-31 10:30:00,2021-05-31 08:45:00,-105.0,105.0
D2,F1-5-lightgbm,1,16,2021-06-01,1,0.010416666666666666,False,71.0,84.07289218129465,13.072892181294648,13.072892181294648,2021-06-01 00:00:00,2021-06-01 00:00:00,0.0,0.0
D2,F1-5-lightgbm,1,16,2021-06-20,95,0.9895833333333334,False,28.0,31.214300817392292,3.2143008173922922,3.2143008173922922,2021-06-20 15:15:00,2021-06-20 08:00:00,-435.0,435.0
D2,F1-5-lightgbm,2,4,2021-07-12,96,1.0,True,198.0,194.92739664433532,-3.0726033556646826,3.0726033556646826,2021-07-12 08:45:00,2021-07-12 09:00:00,15.0,15.0
D2,F1-5-lightgbm,2,4,2021-07-13,1,0.010416666666666666,False,79.0,82.49375980030659,3.4937598003065915,3.4937598003065915,2021-07-13 00:00:00,2021-07-13 00:00:00,0.0,0.0
D2,F1-5-lightgbm,2,4,2021-07-17,80,0.8333333333333334,False,108.0,108.33698777679163,0.3369877767916307,0.3369877767916307,2021-07-17 06:00:00,2021-07-17 04:15:00,-105.0,105.0
D2,F1-5-lightgbm,2,4,2021-07-18,84,0.875,False,28.0,69.01932801368746,41.019328013687456,41.019328013687456,2021-07-18 04:30:00,2021-07-18 08:15:00,225.0,225.0
D2,F1-5-lightgbm,2,4,2021-07-26,84,0.875,False,217.0,197.40837926279693,-19.591620737203073,19.591620737203073,2021-07-26 08:30:00,2021-07-26 08:45:00,15.0,15.0
D2,F1-5-lightgbm,2,4,2021-07-27,84,0.875,False,211.0,185.83236868569614,-25.16763131430386,25.16763131430386,2021-07-27 11:45:00,2021-07-27 13:30:00,105.0,105.0
D2,F1-5-lightgbm,2,4,2021-07-28,84,0.875,False,212.0,186.29865962390878,-25.701340376091224,25.701340376091224,2021-07-28 12:00:00,2021-07-28 14:00:00,120.0,120.0
D2,F1-5-lightgbm,2,4,2021-07-29,84,0.875,False,211.0,184.99627778892335,-26.00372221107665,26.00372221107665,2021-07-29 12:00:00,2021-07-29 13:45:00,105.0,105.0
D2,F1-5-lightgbm,2,4,2021-07-30,85,0.8854166666666666,False,212.0,184.6275316759685,-27.3724683240315,27.3724683240315,2021-07-30 12:00:00,2021-07-30 14:00:00,120.0,120.0
D2,F1-5-lightgbm,2,4,2021-07-31,96,1.0,True,80.0,89.29983307425225,9.299833074252248,9.299833074252248,2021-07-31 00:00:00,2021-07-31 00:00:00,0.0,0.0
D2,F1-5-lightgbm,2,4,2021-08-01,96,1.0,True,28.0,26.173670449684437,-1.8263295503155632,1.8263295503155632,2021-08-01 09:00:00,2021-08-01 08:15:00,-45.0,45.0
D2,F1-5-lightgbm,2,4,2021-08-09,1,0.010416666666666666,False,21.0,66.01466079647236,45.014660796472356,45.014660796472356,2021-08-09 00:00:00,2021-08-09 00:00:00,0.0,0.0
D2,F1-5-lightgbm,2,5,2021-07-12,96,1.0,True,198.0,198.27500464863377,0.27500464863376806,0.27500464863376806,2021-07-12 08:45:00,2021-07-12 08:45:00,0.0,0.0
D2,F1-5-lightgbm,2,5,2021-07-13,1,0.010416666666666666,False,79.0,82.86784149109712,3.867841491097124,3.867841491097124,2021-07-13 00:00:00,2021-07-13 00:00:00,0.0,0.0
D2,F1-5-lightgbm,2,5,2021-07-17,79,0.8229166666666666,False,108.0,101.76976268763711,-6.230237312362888,6.230237312362888,2021-07-17 06:00:00,2021-07-17 06:15:00,15.0,15.0
D2,F1-5-lightgbm,2,5,2021-07-18,84,0.875,False,28.0,80.87162349084458,52.871623490844584,52.871623490844584,2021-07-18 04:30:00,2021-07-18 08:30:00,240.0,240.0
D2,F1-5-lightgbm,2,5,2021-07-26,84,0.875,False,217.0,203.7073627914241,-13.292637208575911,13.292637208575911,2021-07-26 08:30:00,2021-07-26 09:00:00,30.0,30.0
D2,F1-5-lightgbm,2,5,2021-07-27,84,0.875,False,211.0,189.38783691110675,-21.612163088893254,21.612163088893254,2021-07-27 11:45:00,2021-07-27 09:00:00,-165.0,165.0
D2,F1-5-lightgbm,2,5,2021-07-28,84,0.875,False,212.0,176.9097141021808,-35.0902858978192,35.0902858978192,2021-07-28 12:00:00,2021-07-28 14:45:00,165.0,165.0
D2,F1-5-lightgbm,2,5,2021-07-29,84,0.875,False,211.0,175.86489217560361,-35.135107824396385,35.135107824396385,2021-07-29 12:00:00,2021-07-29 13:45:00,105.0,105.0
D2,F1-5-lightgbm,2,5,2021-07-30,85,0.8854166666666666,False,212.0,175.3552222677116,-36.64477773228839,36.64477773228839,2021-07-30 12:00:00,2021-07-30 10:30:00,-90.0,90.0
D2,F1-5-lightgbm,2,5,2021-07-31,96,1.0,True,80.0,85.74837355451895,5.748373554518949,5.748373554518949,2021-07-31 00:00:00,2021-07-31 01:15:00,75.0,75.0
D2,F1-5-lightgbm,2,5,2021-08-01,96,1.0,True,28.0,21.40307953712306,-6.596920462876941,6.596920462876941,2021-08-01 09:00:00,2021-08-01 01:15:00,-465.0,465.0
D2,F1-5-lightgbm,2,5,2021-08-09,1,0.010416666666666666,False,21.0,80.88460756652405,59.88460756652405,59.88460756652405,2021-08-09 00:00:00,2021-08-09 00:00:00,0.0,0.0
D2,F1-5-lightgbm,2,6,2021-07-12,96,1.0,True,198.0,190.10282364101877,-7.897176358981227,7.897176358981227,2021-07-12 08:45:00,2021-07-12 14:00:00,315.0,315.0
D2,F1-5-lightgbm,2,6,2021-07-13,1,0.010416666666666666,False,79.0,82.8509329613923,3.850932961392303,3.850932961392303,2021-07-13 00:00:00,2021-07-13 00:00:00,0.0,0.0
D2,F1-5-lightgbm,2,6,2021-07-17,78,0.8125,False,108.0,96.88207656118716,-11.117923438812838,11.117923438812838,2021-07-17 06:00:00,2021-07-17 04:30:00,-90.0,90.0
D2,F1-5-lightgbm,2,6,2021-07-18,84,0.875,False,28.0,72.78769425865134,44.78769425865134,44.78769425865134,2021-07-18 01:15:00,2021-07-18 08:30:00,435.0,435.0
D2,F1-5-lightgbm,2,6,2021-07-26,84,0.875,False,217.0,191.6333471660115,-25.366652833988496,25.366652833988496,2021-07-26 08:30:00,2021-07-26 14:00:00,330.0,330.0
D2,F1-5-lightgbm,2,6,2021-07-27,84,0.875,False,211.0,189.03354812808618,-21.96645187191382,21.96645187191382,2021-07-27 11:45:00,2021-07-27 12:00:00,15.0,15.0
D2,F1-5-lightgbm,2,6,2021-07-28,84,0.875,False,212.0,183.860138488421,-28.139861511579,28.139861511579,2021-07-28 12:00:00,2021-07-28 14:45:00,165.0,165.0
D2,F1-5-lightgbm,2,6,2021-07-29,84,0.875,False,211.0,178.8554265741335,-32.1445734258665,32.1445734258665,2021-07-29 12:00:00,2021-07-29 13:15:00,75.0,75.0
D2,F1-5-lightgbm,2,6,2021-07-30,85,0.8854166666666666,False,212.0,181.65970240563502,-30.340297594364984,30.340297594364984,2021-07-30 12:00:00,2021-07-30 13:15:00,75.0,75.0
D2,F1-5-lightgbm,2,6,2021-07-31,96,1.0,True,80.0,94.83138472835739,14.831384728357392,14.831384728357392,2021-07-31 00:00:00,2021-07-31 00:00:00,0.0,0.0
D2,F1-5-lightgbm,2,6,2021-08-01,96,1.0,True,28.0,27.496064854040924,-0.5039351459590762,0.5039351459590762,2021-08-01 09:00:00,2021-08-01 01:15:00,-465.0,465.0
D2,F1-5-lightgbm,2,6,2021-08-09,1,0.010416666666666666,False,21.0,67.71228775626162,46.71228775626162,46.71228775626162,2021-08-09 00:00:00,2021-08-09 00:00:00,0.0,0.0
D2,F1-5-lightgbm,2,7,2021-07-12,96,1.0,True,198.0,200.96965710821908,2.9696571082190815,2.9696571082190815,2021-07-12 08:45:00,2021-07-12 08:30:00,-15.0,15.0
D2,F1-5-lightgbm,2,7,2021-07-13,1,0.010416666666666666,False,79.0,80.52043082323226,1.5204308232322603,1.5204308232322603,2021-07-13 00:00:00,2021-07-13 00:00:00,0.0,0.0
D2,F1-5-lightgbm,2,7,2021-07-17,77,0.8020833333333334,False,108.0,102.273304508,-5.726695492000005,5.726695492000005,2021-07-17 06:00:00,2021-07-17 06:15:00,15.0,15.0
D2,F1-5-lightgbm,2,7,2021-07-18,84,0.875,False,28.0,57.189132958296106,29.189132958296106,29.189132958296106,2021-07-18 01:15:00,2021-07-18 08:30:00,435.0,435.0
D2,F1-5-lightgbm,2,7,2021-07-26,84,0.875,False,217.0,190.17380936694587,-26.826190633054125,26.826190633054125,2021-07-26 08:30:00,2021-07-26 14:00:00,330.0,330.0
D2,F1-5-lightgbm,2,7,2021-07-27,84,0.875,False,211.0,179.03900818443194,-31.960991815568065,31.960991815568065,2021-07-27 11:45:00,2021-07-27 14:00:00,135.0,135.0
D2,F1-5-lightgbm,2,7,2021-07-28,84,0.875,False,212.0,179.9033580227588,-32.096641977241205,32.096641977241205,2021-07-28 12:00:00,2021-07-28 15:00:00,180.0,180.0
D2,F1-5-lightgbm,2,7,2021-07-29,84,0.875,False,211.0,179.23192759728275,-31.76807240271725,31.76807240271725,2021-07-29 12:00:00,2021-07-29 14:00:00,120.0,120.0
D2,F1-5-lightgbm,2,7,2021-07-30,85,0.8854166666666666,False,212.0,178.25115540029063,-33.74884459970937,33.74884459970937,2021-07-30 12:00:00,2021-07-30 14:00:00,120.0,120.0
D2,F1-5-lightgbm,2,7,2021-07-31,96,1.0,True,80.0,103.12948583400154,23.129485834001542,23.129485834001542,2021-07-31 00:00:00,2021-07-31 00:00:00,0.0,0.0
D2,F1-5-lightgbm,2,7,2021-08-01,96,1.0,True,28.0,29.86703208115834,1.8670320811583387,1.8670320811583387,2021-08-01 09:00:00,2021-08-01 01:30:00,-450.0,450.0
D2,F1-5-lightgbm,2,7,2021-08-09,1,0.010416666666666666,False,21.0,72.36027316039244,51.36027316039244,51.36027316039244,2021-08-09 00:00:00,2021-08-09 00:00:00,0.0,0.0
D2,F1-5-lightgbm,2,8,2021-07-12,96,1.0,True,198.0,193.39984557409934,-4.600154425900655,4.600154425900655,2021-07-12 08:45:00,2021-07-12 14:00:00,315.0,315.0
D2,F1-5-lightgbm,2,8,2021-07-13,1,0.010416666666666666,False,79.0,75.82846259603474,-3.17153740396526,3.17153740396526,2021-07-13 00:00:00,2021-07-13 00:00:00,0.0,0.0
D2,F1-5-lightgbm,2,8,2021-07-17,76,0.7916666666666666,False,108.0,101.8881973251625,-6.111802674837506,6.111802674837506,2021-07-17 06:00:00,2021-07-17 06:15:00,15.0,15.0
D2,F1-5-lightgbm,2,8,2021-07-18,84,0.875,False,28.0,61.21127545817342,33.21127545817342,33.21127545817342,2021-07-18 01:15:00,2021-07-18 09:00:00,465.0,465.0
D2,F1-5-lightgbm,2,8,2021-07-26,84,0.875,False,217.0,188.92037000414507,-28.07962999585493,28.07962999585493,2021-07-26 08:30:00,2021-07-26 11:45:00,195.0,195.0
D2,F1-5-lightgbm,2,8,2021-07-27,84,0.875,False,211.0,181.29865566262765,-29.701344337372348,29.701344337372348,2021-07-27 11:45:00,2021-07-27 14:00:00,135.0,135.0
D2,F1-5-lightgbm,2,8,2021-07-28,84,0.875,False,212.0,181.4088306552457,-30.59116934475429,30.59116934475429,2021-07-28 12:00:00,2021-07-28 14:00:00,120.0,120.0
D2,F1-5-lightgbm,2,8,2021-07-29,84,0.875,False,211.0,180.98629264752003,-30.01370735247997,30.01370735247997,2021-07-29 12:00:00,2021-07-29 15:00:00,180.0,180.0
D2,F1-5-lightgbm,2,8,2021-07-30,85,0.8854166666666666,False,212.0,177.71364206123684,-34.28635793876316,34.28635793876316,2021-07-30 12:00:00,2021-07-30 13:30:00,90.0,90.0
D2,F1-5-lightgbm,2,8,2021-07-31,96,1.0,True,80.0,93.79039895880513,13.790398958805127,13.790398958805127,2021-07-31 00:00:00,2021-07-31 01:45:00,105.0,105.0
D2,F1-5-lightgbm,2,8,2021-08-01,96,1.0,True,28.0,29.07304741127765,1.0730474112776491,1.0730474112776491,2021-08-01 09:00:00,2021-08-01 02:00:00,-420.0,420.0
D2,F1-5-lightgbm,2,8,2021-08-09,1,0.010416666666666666,False,21.0,80.4419115139421,59.4419115139421,59.4419115139421,2021-08-09 00:00:00,2021-08-09 00:00:00,0.0,0.0
D2,F1-5-lightgbm,2,9,2021-07-12,96,1.0,True,198.0,196.4740517824293,-1.5259482175706864,1.5259482175706864,2021-07-12 08:45:00,2021-07-12 08:45:00,0.0,0.0
D2,F1-5-lightgbm,2,9,2021-07-13,1,0.010416666666666666,False,79.0,76.21298624685969,-2.7870137531403145,2.7870137531403145,2021-07-13 00:00:00,2021-07-13 00:00:00,0.0,0.0
D2,F1-5-lightgbm,2,9,2021-07-17,75,0.78125,False,108.0,103.34976983223163,-4.65023016776837,4.65023016776837,2021-07-17 06:00:00,2021-07-17 06:15:00,15.0,15.0
D2,F1-5-lightgbm,2,9,2021-07-18,84,0.875,False,28.0,58.24873791924935,30.24873791924935,30.24873791924935,2021-07-18 01:15:00,2021-07-18 08:30:00,435.0,435.0
D2,F1-5-lightgbm,2,9,2021-07-26,84,0.875,False,217.0,187.72784316512357,-29.272156834876427,29.272156834876427,2021-07-26 08:30:00,2021-07-26 12:00:00,210.0,210.0
D2,F1-5-lightgbm,2,9,2021-07-27,84,0.875,False,211.0,177.54879643601097,-33.451203563989026,33.451203563989026,2021-07-27 11:45:00,2021-07-27 14:00:00,135.0,135.0
D2,F1-5-lightgbm,2,9,2021-07-28,84,0.875,False,212.0,179.4246643352891,-32.575335664710906,32.575335664710906,2021-07-28 12:00:00,2021-07-28 11:30:00,-30.0,30.0
D2,F1-5-lightgbm,2,9,2021-07-29,84,0.875,False,211.0,178.42927654855916,-32.57072345144084,32.57072345144084,2021-07-29 12:00:00,2021-07-29 11:45:00,-15.0,15.0
D2,F1-5-lightgbm,2,9,2021-07-30,85,0.8854166666666666,False,212.0,179.05194931739746,-32.94805068260254,32.94805068260254,2021-07-30 12:00:00,2021-07-30 11:30:00,-30.0,30.0
D2,F1-5-lightgbm,2,9,2021-07-31,96,1.0,True,80.0,95.92522782296767,15.92522782296767,15.92522782296767,2021-07-31 00:00:00,2021-07-31 00:00:00,0.0,0.0
D2,F1-5-lightgbm,2,9,2021-08-01,96,1.0,True,28.0,34.9305824623452,6.9305824623452,6.9305824623452,2021-08-01 09:00:00,2021-08-01 02:15:00,-405.0,405.0
D2,F1-5-lightgbm,2,9,2021-08-09,1,0.010416666666666666,False,21.0,77.14140403163898,56.141404031638984,56.141404031638984,2021-08-09 00:00:00,2021-08-09 00:00:00,0.0,0.0
D2,F1-5-lightgbm,2,10,2021-07-12,96,1.0,True,198.0,193.91336595648215,-4.086634043517847,4.086634043517847,2021-07-12 08:45:00,2021-07-12 08:45:00,0.0,0.0
D2,F1-5-lightgbm,2,10,2021-07-13,1,0.010416666666666666,False,79.0,84.61648026778187,5.616480267781867,5.616480267781867,2021-07-13 00:00:00,2021-07-13 00:00:00,0.0,0.0
D2,F1-5-lightgbm,2,10,2021-07-17,74,0.7708333333333334,False,108.0,101.85232336225233,-6.147676637747665,6.147676637747665,2021-07-17 06:00:00,2021-07-17 06:15:00,15.0,15.0
D2,F1-5-lightgbm,2,10,2021-07-18,84,0.875,False,28.0,45.16644491194057,17.166444911940573,17.166444911940573,2021-07-18 01:15:00,2021-07-18 08:30:00,435.0,435.0
D2,F1-5-lightgbm,2,10,2021-07-26,84,0.875,False,217.0,194.73842407469897,-22.26157592530103,22.26157592530103,2021-07-26 08:30:00,2021-07-26 11:30:00,180.0,180.0
D2,F1-5-lightgbm,2,10,2021-07-27,84,0.875,False,211.0,183.01433236875874,-27.985667631241256,27.985667631241256,2021-07-27 11:45:00,2021-07-27 16:00:00,255.0,255.0
D2,F1-5-lightgbm,2,10,2021-07-28,84,0.875,False,212.0,179.83071620890584,-32.16928379109416,32.16928379109416,2021-07-28 12:00:00,2021-07-28 09:30:00,-150.0,150.0
D2,F1-5-lightgbm,2,10,2021-07-29,84,0.875,False,211.0,180.79059494026038,-30.209405059739623,30.209405059739623,2021-07-29 12:00:00,2021-07-29 08:30:00,-210.0,210.0
D2,F1-5-lightgbm,2,10,2021-07-30,85,0.8854166666666666,False,212.0,179.82848698728736,-32.17151301271264,32.17151301271264,2021-07-30 12:00:00,2021-07-30 11:45:00,-15.0,15.0
D2,F1-5-lightgbm,2,10,2021-07-31,96,1.0,True,80.0,111.17874477350324,31.17874477350324,31.17874477350324,2021-07-31 00:00:00,2021-07-31 02:15:00,135.0,135.0
D2,F1-5-lightgbm,2,10,2021-08-01,96,1.0,True,28.0,36.799141118396655,8.799141118396655,8.799141118396655,2021-08-01 09:00:00,2021-08-01 10:45:00,105.0,105.0
D2,F1-5-lightgbm,2,10,2021-08-09,1,0.010416666666666666,False,21.0,88.86815793948605,67.86815793948605,67.86815793948605,2021-08-09 00:00:00,2021-08-09 00:00:00,0.0,0.0
D2,F1-5-lightgbm,2,11,2021-07-12,96,1.0,True,198.0,197.23976135252786,-0.7602386474721357,0.7602386474721357,2021-07-12 08:45:00,2021-07-12 09:45:00,60.0,60.0
D2,F1-5-lightgbm,2,11,2021-07-13,1,0.010416666666666666,False,79.0,80.93093107528728,1.9309310752872761,1.9309310752872761,2021-07-13 00:00:00,2021-07-13 00:00:00,0.0,0.0
D2,F1-5-lightgbm,2,11,2021-07-17,73,0.7604166666666666,False,108.0,106.12490770141187,-1.8750922985881289,1.8750922985881289,2021-07-17 06:00:00,2021-07-17 06:30:00,30.0,30.0
D2,F1-5-lightgbm,2,11,2021-07-18,84,0.875,False,28.0,40.24451029065507,12.244510290655072,12.244510290655072,2021-07-18 01:15:00,2021-07-18 08:30:00,435.0,435.0
D2,F1-5-lightgbm,2,11,2021-07-26,84,0.875,False,217.0,189.6432486778548,-27.356751322145186,27.356751322145186,2021-07-26 08:30:00,2021-07-26 11:45:00,195.0,195.0
D2,F1-5-lightgbm,2,11,2021-07-27,84,0.875,False,211.0,188.00010697553552,-22.999893024464484,22.999893024464484,2021-07-27 11:45:00,2021-07-27 08:45:00,-180.0,180.0
D2,F1-5-lightgbm,2,11,2021-07-28,84,0.875,False,212.0,184.34266165705753,-27.657338342942467,27.657338342942467,2021-07-28 12:00:00,2021-07-28 11:45:00,-15.0,15.0
D2,F1-5-lightgbm,2,11,2021-07-29,84,0.875,False,211.0,181.8183789276451,-29.181621072354886,29.181621072354886,2021-07-29 12:00:00,2021-07-29 08:30:00,-210.0,210.0
D2,F1-5-lightgbm,2,11,2021-07-30,85,0.8854166666666666,False,212.0,184.67803589262735,-27.32196410737265,27.32196410737265,2021-07-30 12:00:00,2021-07-30 11:45:00,-15.0,15.0
D2,F1-5-lightgbm,2,11,2021-07-31,96,1.0,True,80.0,105.68026502648998,25.680265026489977,25.680265026489977,2021-07-31 00:00:00,2021-07-31 02:15:00,135.0,135.0
D2,F1-5-lightgbm,2,11,2021-08-01,96,1.0,True,28.0,40.28936461326955,12.289364613269548,12.289364613269548,2021-08-01 09:00:00,2021-08-01 07:30:00,-90.0,90.0
D2,F1-5-lightgbm,2,11,2021-08-09,1,0.010416666666666666,False,21.0,71.9734003334672,50.9734003334672,50.9734003334672,2021-08-09 00:00:00,2021-08-09 00:00:00,0.0,0.0
D2,F1-5-lightgbm,2,12,2021-07-12,96,1.0,True,198.0,198.73573401815432,0.7357340181543179,0.7357340181543179,2021-07-12 08:45:00,2021-07-12 08:45:00,0.0,0.0
D2,F1-5-lightgbm,2,12,2021-07-13,1,0.010416666666666666,False,79.0,80.8666353224067,1.8666353224066938,1.8666353224066938,2021-07-13 00:00:00,2021-07-13 00:00:00,0.0,0.0
D2,F1-5-lightgbm,2,12,2021-07-17,72,0.75,False,108.0,106.44857065180584,-1.5514293481941621,1.5514293481941621,2021-07-17 06:00:00,2021-07-17 06:00:00,0.0,0.0
D2,F1-5-lightgbm,2,12,2021-07-18,84,0.875,False,28.0,43.71680087611744,15.71680087611744,15.71680087611744,2021-07-18 01:15:00,2021-07-18 08:30:00,435.0,435.0
D2,F1-5-lightgbm,2,12,2021-07-26,84,0.875,False,217.0,188.76616280266728,-28.23383719733272,28.23383719733272,2021-07-26 08:30:00,2021-07-26 11:30:00,180.0,180.0
D2,F1-5-lightgbm,2,12,2021-07-27,84,0.875,False,211.0,191.1726418556999,-19.827358144300092,19.827358144300092,2021-07-27 11:45:00,2021-07-27 08:45:00,-180.0,180.0
D2,F1-5-lightgbm,2,12,2021-07-28,84,0.875,False,212.0,181.91384633547912,-30.08615366452088,30.08615366452088,2021-07-28 12:00:00,2021-07-28 14:30:00,150.0,150.0
D2,F1-5-lightgbm,2,12,2021-07-29,84,0.875,False,211.0,182.6402123418404,-28.359787658159604,28.359787658159604,2021-07-29 12:00:00,2021-07-29 08:30:00,-210.0,210.0
D2,F1-5-lightgbm,2,12,2021-07-30,85,0.8854166666666666,False,212.0,178.4567210872534,-33.54327891274659,33.54327891274659,2021-07-30 12:00:00,2021-07-30 14:45:00,165.0,165.0
D2,F1-5-lightgbm,2,12,2021-07-31,96,1.0,True,80.0,105.05252563596702,25.052525635967015,25.052525635967015,2021-07-31 00:00:00,2021-07-31 01:45:00,105.0,105.0
D2,F1-5-lightgbm,2,12,2021-08-01,96,1.0,True,28.0,33.341186370431046,5.341186370431046,5.341186370431046,2021-08-01 09:00:00,2021-08-01 07:45:00,-75.0,75.0
D2,F1-5-lightgbm,2,12,2021-08-09,1,0.010416666666666666,False,21.0,68.86925734489701,47.86925734489701,47.86925734489701,2021-08-09 00:00:00,2021-08-09 00:00:00,0.0,0.0
D2,F1-5-lightgbm,2,13,2021-07-12,96,1.0,True,198.0,193.81907255755593,-4.180927442444073,4.180927442444073,2021-07-12 08:45:00,2021-07-12 08:45:00,0.0,0.0
D2,F1-5-lightgbm,2,13,2021-07-13,1,0.010416666666666666,False,79.0,77.68988287604606,-1.310117123953944,1.310117123953944,2021-07-13 00:00:00,2021-07-13 00:00:00,0.0,0.0
D2,F1-5-lightgbm,2,13,2021-07-17,71,0.7395833333333334,False,96.0,102.4507364155039,6.450736415503897,6.450736415503897,2021-07-17 06:15:00,2021-07-17 06:15:00,0.0,0.0
D2,F1-5-lightgbm,2,13,2021-07-18,84,0.875,False,28.0,52.730262132561485,24.730262132561485,24.730262132561485,2021-07-18 01:15:00,2021-07-18 08:30:00,435.0,435.0
D2,F1-5-lightgbm,2,13,2021-07-26,84,0.875,False,217.0,196.2165744470402,-20.783425552959812,20.783425552959812,2021-07-26 08:30:00,2021-07-26 11:45:00,195.0,195.0
D2,F1-5-lightgbm,2,13,2021-07-27,84,0.875,False,211.0,180.90347406917397,-30.096525930826033,30.096525930826033,2021-07-27 11:45:00,2021-07-27 12:00:00,15.0,15.0
D2,F1-5-lightgbm,2,13,2021-07-28,84,0.875,False,212.0,180.74002400830094,-31.259975991699065,31.259975991699065,2021-07-28 12:00:00,2021-07-28 17:00:00,300.0,300.0
D2,F1-5-lightgbm,2,13,2021-07-29,84,0.875,False,211.0,178.21788053012702,-32.78211946987298,32.78211946987298,2021-07-29 12:00:00,2021-07-29 15:45:00,225.0,225.0
D2,F1-5-lightgbm,2,13,2021-07-30,85,0.8854166666666666,False,212.0,180.46720593272252,-31.53279406727748,31.53279406727748,2021-07-30 12:00:00,2021-07-30 17:00:00,300.0,300.0
D2,F1-5-lightgbm,2,13,2021-07-31,96,1.0,True,80.0,110.55906083603834,30.55906083603834,30.55906083603834,2021-07-31 00:00:00,2021-07-31 02:15:00,135.0,135.0
D2,F1-5-lightgbm,2,13,2021-08-01,96,1.0,True,28.0,34.668498416543784,6.668498416543784,6.668498416543784,2021-08-01 09:00:00,2021-08-01 03:45:00,-315.0,315.0
D2,F1-5-lightgbm,2,13,2021-08-09,1,0.010416666666666666,False,21.0,85.93731618789565,64.93731618789565,64.93731618789565,2021-08-09 00:00:00,2021-08-09 00:00:00,0.0,0.0
D2,F1-5-lightgbm,2,14,2021-07-12,96,1.0,True,198.0,186.92615491471028,-11.073845085289719,11.073845085289719,2021-07-12 08:45:00,2021-07-12 08:45:00,0.0,0.0
D2,F1-5-lightgbm,2,14,2021-07-13,1,0.010416666666666666,False,79.0,80.07408937374586,1.0740893737458634,1.0740893737458634,2021-07-13 00:00:00,2021-07-13 00:00:00,0.0,0.0
D2,F1-5-lightgbm,2,14,2021-07-17,70,0.7291666666666666,False,88.0,100.55999419832432,12.559994198324318,12.559994198324318,2021-07-17 07:15:00,2021-07-17 06:30:00,-45.0,45.0
D2,F1-5-lightgbm,2,14,2021-07-18,84,0.875,False,28.0,82.43587767903003,54.43587767903003,54.43587767903003,2021-07-18 01:15:00,2021-07-18 08:30:00,435.0,435.0
D2,F1-5-lightgbm,2,14,2021-07-26,84,0.875,False,217.0,187.44684908344414,-29.553150916555865,29.553150916555865,2021-07-26 08:30:00,2021-07-26 13:30:00,300.0,300.0
D2,F1-5-lightgbm,2,14,2021-07-27,84,0.875,False,211.0,185.29588851948915,-25.704111480510846,25.704111480510846,2021-07-27 11:45:00,2021-07-27 08:45:00,-180.0,180.0
D2,F1-5-lightgbm,2,14,2021-07-28,84,0.875,False,212.0,172.83826678718253,-39.16173321281747,39.16173321281747,2021-07-28 12:00:00,2021-07-28 14:30:00,150.0,150.0
D2,F1-5-lightgbm,2,14,2021-07-29,84,0.875,False,211.0,178.87370047384755,-32.12629952615245,32.12629952615245,2021-07-29 12:00:00,2021-07-29 08:30:00,-210.0,210.0
D2,F1-5-lightgbm,2,14,2021-07-30,84,0.875,False,212.0,176.5433161961978,-35.45668380380221,35.45668380380221,2021-07-30 12:00:00,2021-07-30 13:15:00,75.0,75.0
D2,F1-5-lightgbm,2,14,2021-07-31,96,1.0,True,80.0,108.88449076718835,28.884490767188353,28.884490767188353,2021-07-31 00:00:00,2021-07-31 02:30:00,150.0,150.0
D2,F1-5-lightgbm,2,14,2021-08-01,96,1.0,True,28.0,37.259125709049485,9.259125709049485,9.259125709049485,2021-08-01 09:00:00,2021-08-01 03:30:00,-330.0,330.0
D2,F1-5-lightgbm,2,14,2021-08-09,1,0.010416666666666666,False,21.0,67.9474830855966,46.9474830855966,46.9474830855966,2021-08-09 00:00:00,2021-08-09 00:00:00,0.0,0.0
D2,F1-5-lightgbm,2,15,2021-07-12,96,1.0,True,198.0,189.67470647155164,-8.325293528448356,8.325293528448356,2021-07-12 08:45:00,2021-07-12 08:45:00,0.0,0.0
D2,F1-5-lightgbm,2,15,2021-07-13,1,0.010416666666666666,False,79.0,79.32047389024251,0.3204738902425106,0.3204738902425106,2021-07-13 00:00:00,2021-07-13 00:00:00,0.0,0.0
D2,F1-5-lightgbm,2,15,2021-07-17,69,0.71875,False,88.0,89.10882728963989,1.1088272896398905,1.1088272896398905,2021-07-17 07:15:00,2021-07-17 07:15:00,0.0,0.0
D2,F1-5-lightgbm,2,15,2021-07-18,84,0.875,False,28.0,89.5233726274467,61.523372627446705,61.523372627446705,2021-07-18 01:15:00,2021-07-18 08:30:00,435.0,435.0
D2,F1-5-lightgbm,2,15,2021-07-26,84,0.875,False,217.0,185.79216176493767,-31.207838235062326,31.207838235062326,2021-07-26 08:30:00,2021-07-26 13:45:00,315.0,315.0
D2,F1-5-lightgbm,2,15,2021-07-27,84,0.875,False,211.0,189.95956719374863,-21.040432806251374,21.040432806251374,2021-07-27 11:45:00,2021-07-27 08:30:00,-195.0,195.0
D2,F1-5-lightgbm,2,15,2021-07-28,84,0.875,False,212.0,174.92492077886416,-37.07507922113584,37.07507922113584,2021-07-28 12:00:00,2021-07-28 08:45:00,-195.0,195.0
D2,F1-5-lightgbm,2,15,2021-07-29,84,0.875,False,211.0,180.43599333614816,-30.564006663851842,30.564006663851842,2021-07-29 12:00:00,2021-07-29 08:45:00,-195.0,195.0
D2,F1-5-lightgbm,2,15,2021-07-30,84,0.875,False,212.0,177.25256238937052,-34.747437610629476,34.747437610629476,2021-07-30 12:00:00,2021-07-30 08:45:00,-195.0,195.0
D2,F1-5-lightgbm,2,15,2021-07-31,96,1.0,True,80.0,109.09559096794547,29.09559096794547,29.09559096794547,2021-07-31 00:00:00,2021-07-31 02:15:00,135.0,135.0
D2,F1-5-lightgbm,2,15,2021-08-01,96,1.0,True,28.0,33.785049673758934,5.785049673758934,5.785049673758934,2021-08-01 09:00:00,2021-08-01 05:00:00,-240.0,240.0
D2,F1-5-lightgbm,2,15,2021-08-09,1,0.010416666666666666,False,21.0,73.24367985761491,52.24367985761491,52.24367985761491,2021-08-09 00:00:00,2021-08-09 00:00:00,0.0,0.0
D2,F1-5-lightgbm,2,16,2021-07-12,96,1.0,True,198.0,191.67144677045206,-6.328553229547936,6.328553229547936,2021-07-12 08:45:00,2021-07-12 14:00:00,315.0,315.0
D2,F1-5-lightgbm,2,16,2021-07-13,1,0.010416666666666666,False,79.0,82.12852708513606,3.1285270851360565,3.1285270851360565,2021-07-13 00:00:00,2021-07-13 00:00:00,0.0,0.0
D2,F1-5-lightgbm,2,16,2021-07-17,68,0.7083333333333334,False,88.0,90.18932686715068,2.189326867150683,2.189326867150683,2021-07-17 07:15:00,2021-07-17 07:15:00,0.0,0.0
D2,F1-5-lightgbm,2,16,2021-07-18,84,0.875,False,28.0,78.34878230760606,50.34878230760606,50.34878230760606,2021-07-18 01:15:00,2021-07-18 08:30:00,435.0,435.0
D2,F1-5-lightgbm,2,16,2021-07-26,84,0.875,False,217.0,186.79338637384106,-30.20661362615894,30.20661362615894,2021-07-26 08:30:00,2021-07-26 14:00:00,330.0,330.0
D2,F1-5-lightgbm,2,16,2021-07-27,84,0.875,False,211.0,186.1608084473178,-24.839191552682195,24.839191552682195,2021-07-27 11:45:00,2021-07-27 08:45:00,-180.0,180.0
D2,F1-5-lightgbm,2,16,2021-07-28,84,0.875,False,212.0,178.11899779452872,-33.881002205471276,33.881002205471276,2021-07-28 12:00:00,2021-07-28 14:00:00,120.0,120.0
D2,F1-5-lightgbm,2,16,2021-07-29,84,0.875,False,211.0,178.044605488886,-32.95539451111401,32.95539451111401,2021-07-29 12:00:00,2021-07-29 13:45:00,105.0,105.0
D2,F1-5-lightgbm,2,16,2021-07-30,84,0.875,False,212.0,179.50894047923586,-32.49105952076414,32.49105952076414,2021-07-30 12:00:00,2021-07-30 08:30:00,-210.0,210.0
D2,F1-5-lightgbm,2,16,2021-07-31,96,1.0,True,80.0,114.26618111051116,34.266181110511155,34.266181110511155,2021-07-31 00:00:00,2021-07-31 02:15:00,135.0,135.0
D2,F1-5-lightgbm,2,16,2021-08-01,96,1.0,True,28.0,33.25415584213835,5.254155842138353,5.254155842138353,2021-08-01 09:00:00,2021-08-01 09:00:00,0.0,0.0
D2,F1-5-lightgbm,2,16,2021-08-09,1,0.010416666666666666,False,21.0,72.9593922502638,51.959392250263804,51.959392250263804,2021-08-09 00:00:00,2021-08-09 00:00:00,0.0,0.0
