dataset,model,fold,horizon,target_day,observed_slots,slot_coverage,full_day,actual_daily_max,predicted_daily_max,daily_max_error,daily_max_abs_error,actual_peak_time,predicted_peak_time,timing_error_minutes,timing_abs_error_minutes
D1,FG-R1-expanded-l1__guard-q95-suppress,1,4,2021-04-19,96,1.0,True,172.0,174.6426239013672,2.6426239013671875,2.6426239013671875,2021-04-19 08:45:00,2021-04-19 13:15:00,270.0,270.0
D1,FG-R1-expanded-l1__guard-q95-suppress,1,4,2021-04-20,96,1.0,True,172.0,172.2922821044922,0.2922821044921875,0.2922821044921875,2021-04-20 08:45:00,2021-04-20 09:00:00,15.0,15.0
D1,FG-R1-expanded-l1__guard-q95-suppress,1,4,2021-04-21,96,1.0,True,174.0,176.16624178834383,2.166241788343825,2.166241788343825,2021-04-21 08:30:00,2021-04-21 09:00:00,30.0,30.0
D1,FG-R1-expanded-l1__guard-q95-suppress,1,4,2021-04-22,96,1.0,True,174.0,170.0420983324513,-3.957901667548697,3.957901667548697,2021-04-22 08:30:00,2021-04-22 10:30:00,120.0,120.0
D1,FG-R1-expanded-l1__guard-q95-suppress,1,4,2021-04-23,96,1.0,True,174.0,172.20426382285444,-1.7957361771455567,1.7957361771455567,2021-04-23 08:30:00,2021-04-23 10:30:00,120.0,120.0
D1,FG-R1-expanded-l1__guard-q95-suppress,1,4,2021-04-24,96,1.0,True,112.0,110.40505558379098,-1.5949444162090174,1.5949444162090174,2021-04-24 06:15:00,2021-04-24 04:30:00,-105.0,105.0
D1,FG-R1-expanded-l1__guard-q95-suppress,1,4,2021-04-25,96,1.0,True,25.0,47.01609352468701,22.016093524687008,22.016093524687008,2021-04-25 01:30:00,2021-04-25 00:45:00,-45.0,45.0
D1,FG-R1-expanded-l1__guard-q95-suppress,1,5,2021-04-19,96,1.0,True,172.0,174.68603515625,2.68603515625,2.68603515625,2021-04-19 08:45:00,2021-04-19 13:15:00,270.0,270.0
D1,FG-R1-expanded-l1__guard-q95-suppress,1,5,2021-04-20,96,1.0,True,172.0,170.38290405273438,-1.617095947265625,1.617095947265625,2021-04-20 08:45:00,2021-04-20 09:00:00,15.0,15.0
D1,FG-R1-expanded-l1__guard-q95-suppress,1,5,2021-04-21,96,1.0,True,174.0,175.56065587905945,1.5606558790594534,1.5606558790594534,2021-04-21 08:30:00,2021-04-21 09:00:00,30.0,30.0
D1,FG-R1-expanded-l1__guard-q95-suppress,1,5,2021-04-22,96,1.0,True,174.0,169.5092780680333,-4.4907219319667036,4.4907219319667036,2021-04-22 08:30:00,2021-04-22 10:45:00,135.0,135.0
D1,FG-R1-expanded-l1__guard-q95-suppress,1,5,2021-04-23,96,1.0,True,174.0,171.29739122860437,-2.7026087713956315,2.7026087713956315,2021-04-23 08:30:00,2021-04-23 08:30:00,0.0,0.0
D1,FG-R1-expanded-l1__guard-q95-suppress,1,5,2021-04-24,96,1.0,True,112.0,110.23302281271569,-1.7669771872843114,1.7669771872843114,2021-04-24 06:15:00,2021-04-24 04:45:00,-90.0,90.0
D1,FG-R1-expanded-l1__guard-q95-suppress,1,5,2021-04-25,96,1.0,True,25.0,48.05682686208935,23.056826862089352,23.056826862089352,2021-04-25 01:30:00,2021-04-25 01:00:00,-30.0,30.0
D1,FG-R1-expanded-l1__guard-q95-suppress,1,6,2021-04-19,96,1.0,True,172.0,174.94586181640625,2.94586181640625,2.94586181640625,2021-04-19 08:45:00,2021-04-19 13:15:00,270.0,270.0
D1,FG-R1-expanded-l1__guard-q95-suppress,1,6,2021-04-20,96,1.0,True,172.0,167.57872009277344,-4.4212799072265625,4.4212799072265625,2021-04-20 08:45:00,2021-04-20 08:45:00,0.0,0.0
D1,FG-R1-expanded-l1__guard-q95-suppress,1,6,2021-04-21,96,1.0,True,174.0,173.9088743005663,-0.09112569943368953,0.09112569943368953,2021-04-21 08:30:00,2021-04-21 09:00:00,30.0,30.0
D1,FG-R1-expanded-l1__guard-q95-suppress,1,6,2021-04-22,96,1.0,True,174.0,169.94427423577162,-4.055725764228384,4.055725764228384,2021-04-22 08:30:00,2021-04-22 10:30:00,120.0,120.0
D1,FG-R1-expanded-l1__guard-q95-suppress,1,6,2021-04-23,96,1.0,True,174.0,172.05815060923734,-1.9418493907626555,1.9418493907626555,2021-04-23 08:30:00,2021-04-23 08:30:00,0.0,0.0
D1,FG-R1-expanded-l1__guard-q95-suppress,1,6,2021-04-24,96,1.0,True,112.0,108.66204251833878,-3.3379574816612205,3.3379574816612205,2021-04-24 06:15:00,2021-04-24 06:15:00,0.0,0.0
D1,FG-R1-expanded-l1__guard-q95-suppress,1,6,2021-04-25,96,1.0,True,25.0,61.01422087778916,36.01422087778916,36.01422087778916,2021-04-25 01:30:00,2021-04-25 01:15:00,-15.0,15.0
D1,FG-R1-expanded-l1__guard-q95-suppress,1,7,2021-04-19,96,1.0,True,172.0,174.55081176757812,2.550811767578125,2.550811767578125,2021-04-19 08:45:00,2021-04-19 13:15:00,270.0,270.0
D1,FG-R1-expanded-l1__guard-q95-suppress,1,7,2021-04-20,96,1.0,True,172.0,167.39303588867188,-4.606964111328125,4.606964111328125,2021-04-20 08:45:00,2021-04-20 09:00:00,15.0,15.0
D1,FG-R1-expanded-l1__guard-q95-suppress,1,7,2021-04-21,96,1.0,True,174.0,172.9557493005663,-1.0442506994336895,1.0442506994336895,2021-04-21 08:30:00,2021-04-21 09:00:00,30.0,30.0
D1,FG-R1-expanded-l1__guard-q95-suppress,1,7,2021-04-22,96,1.0,True,174.0,168.87460399576767,-5.1253960042323286,5.1253960042323286,2021-04-22 08:30:00,2021-04-22 10:45:00,135.0,135.0
D1,FG-R1-expanded-l1__guard-q95-suppress,1,7,2021-04-23,96,1.0,True,174.0,171.63150991660444,-2.3684900833955567,2.3684900833955567,2021-04-23 08:30:00,2021-04-23 10:30:00,120.0,120.0
D1,FG-R1-expanded-l1__guard-q95-suppress,1,7,2021-04-24,96,1.0,True,112.0,107.85484892418224,-4.145151075817765,4.145151075817765,2021-04-24 06:15:00,2021-04-24 04:45:00,-90.0,90.0
D1,FG-R1-expanded-l1__guard-q95-suppress,1,7,2021-04-25,96,1.0,True,25.0,66.28283895906767,41.282838959067675,41.282838959067675,2021-04-25 01:30:00,2021-04-25 01:30:00,0.0,0.0
D1,FG-R1-expanded-l1__guard-q95-suppress,1,8,2021-04-19,96,1.0,True,172.0,173.86343383789062,1.863433837890625,1.863433837890625,2021-04-19 08:45:00,2021-04-19 13:15:00,270.0,270.0
D1,FG-R1-expanded-l1__guard-q95-suppress,1,8,2021-04-20,96,1.0,True,172.0,164.99943982822538,-7.000560171774623,7.000560171774623,2021-04-20 08:45:00,2021-04-20 11:45:00,180.0,180.0
D1,FG-R1-expanded-l1__guard-q95-suppress,1,8,2021-04-21,96,1.0,True,174.0,174.7865307822993,0.7865307822993088,0.7865307822993088,2021-04-21 08:30:00,2021-04-21 09:00:00,30.0,30.0
D1,FG-R1-expanded-l1__guard-q95-suppress,1,8,2021-04-22,96,1.0,True,174.0,170.6350318872743,-3.3649681127257054,3.3649681127257054,2021-04-22 08:30:00,2021-04-22 08:30:00,0.0,0.0
D1,FG-R1-expanded-l1__guard-q95-suppress,1,8,2021-04-23,96,1.0,True,174.0,173.27962862972862,-0.7203713702713799,0.7203713702713799,2021-04-23 08:30:00,2021-04-23 08:30:00,0.0,0.0
D1,FG-R1-expanded-l1__guard-q95-suppress,1,8,2021-04-24,96,1.0,True,112.0,107.39279942231342,-4.607200577686584,4.607200577686584,2021-04-24 06:15:00,2021-04-24 02:30:00,-225.0,225.0
D1,FG-R1-expanded-l1__guard-q95-suppress,1,8,2021-04-25,96,1.0,True,25.0,66.4377592913234,41.4377592913234,41.4377592913234,2021-04-25 01:30:00,2021-04-25 01:45:00,15.0,15.0
D1,FG-R1-expanded-l1__guard-q95-suppress,1,9,2021-04-19,96,1.0,True,172.0,173.9942626953125,1.9942626953125,1.9942626953125,2021-04-19 08:45:00,2021-04-19 13:15:00,270.0,270.0
D1,FG-R1-expanded-l1__guard-q95-suppress,1,9,2021-04-20,96,1.0,True,172.0,165.6735883877957,-6.326411612204311,6.326411612204311,2021-04-20 08:45:00,2021-04-20 12:00:00,195.0,195.0
D1,FG-R1-expanded-l1__guard-q95-suppress,1,9,2021-04-21,96,1.0,True,174.0,174.5989862245808,0.5989862245808126,0.5989862245808126,2021-04-21 08:30:00,2021-04-21 09:00:00,30.0,30.0
D1,FG-R1-expanded-l1__guard-q95-suppress,1,9,2021-04-22,96,1.0,True,174.0,170.3659889185243,-3.6340110814757054,3.6340110814757054,2021-04-22 08:30:00,2021-04-22 08:30:00,0.0,0.0
D1,FG-R1-expanded-l1__guard-q95-suppress,1,9,2021-04-23,96,1.0,True,174.0,172.18791648952472,-1.8120835104752757,1.8120835104752757,2021-04-23 08:30:00,2021-04-23 10:30:00,120.0,120.0
D1,FG-R1-expanded-l1__guard-q95-suppress,1,9,2021-04-24,96,1.0,True,112.0,108.73809425268026,-3.2619057473197444,3.2619057473197444,2021-04-24 06:15:00,2021-04-24 04:45:00,-90.0,90.0
D1,FG-R1-expanded-l1__guard-q95-suppress,1,9,2021-04-25,96,1.0,True,25.0,63.18816790304347,38.18816790304347,38.18816790304347,2021-04-25 01:30:00,2021-04-25 02:00:00,30.0,30.0
D1,FG-R1-expanded-l1__guard-q95-suppress,1,10,2021-04-19,96,1.0,True,172.0,177.33384704589844,5.3338470458984375,5.3338470458984375,2021-04-19 08:45:00,2021-04-19 13:15:00,270.0,270.0
D1,FG-R1-expanded-l1__guard-q95-suppress,1,10,2021-04-20,96,1.0,True,172.0,165.5415113201688,-6.458488679831191,6.458488679831191,2021-04-20 08:45:00,2021-04-20 11:15:00,150.0,150.0
D1,FG-R1-expanded-l1__guard-q95-suppress,1,10,2021-04-21,96,1.0,True,174.0,175.86292139593502,1.8629213959350182,1.8629213959350182,2021-04-21 08:30:00,2021-04-21 09:00:00,30.0,30.0
D1,FG-R1-expanded-l1__guard-q95-suppress,1,10,2021-04-22,96,1.0,True,174.0,170.1318865534552,-3.868113446544811,3.868113446544811,2021-04-22 08:30:00,2021-04-22 11:00:00,150.0,150.0
D1,FG-R1-expanded-l1__guard-q95-suppress,1,10,2021-04-23,96,1.0,True,174.0,173.83816140406964,-0.16183859593036232,0.16183859593036232,2021-04-23 08:30:00,2021-04-23 08:30:00,0.0,0.0
D1,FG-R1-expanded-l1__guard-q95-suppress,1,10,2021-04-24,96,1.0,True,112.0,111.9031667087376,-0.09683329126239926,0.09683329126239926,2021-04-24 06:15:00,2021-04-24 04:45:00,-90.0,90.0
D1,FG-R1-expanded-l1__guard-q95-suppress,1,10,2021-04-25,96,1.0,True,25.0,62.571406310117176,37.571406310117176,37.571406310117176,2021-04-25 01:30:00,2021-04-25 02:15:00,45.0,45.0
D1,FG-R1-expanded-l1__guard-q95-suppress,1,11,2021-04-19,96,1.0,True,172.0,175.6193084716797,3.6193084716796875,3.6193084716796875,2021-04-19 08:45:00,2021-04-19 13:15:00,270.0,270.0
D1,FG-R1-expanded-l1__guard-q95-suppress,1,11,2021-04-20,96,1.0,True,172.0,164.06921664122996,-7.930783358770043,7.930783358770043,2021-04-20 08:45:00,2021-04-20 12:00:00,195.0,195.0
D1,FG-R1-expanded-l1__guard-q95-suppress,1,11,2021-04-21,96,1.0,True,174.0,175.30370011024388,1.3037001102438808,1.3037001102438808,2021-04-21 08:30:00,2021-04-21 09:00:00,30.0,30.0
D1,FG-R1-expanded-l1__guard-q95-suppress,1,11,2021-04-22,96,1.0,True,174.0,169.45432987100173,-4.5456701289982675,4.5456701289982675,2021-04-22 08:30:00,2021-04-22 11:00:00,150.0,150.0
D1,FG-R1-expanded-l1__guard-q95-suppress,1,11,2021-04-23,96,1.0,True,174.0,170.51845347984593,-3.481546520154069,3.481546520154069,2021-04-23 08:30:00,2021-04-23 08:30:00,0.0,0.0
D1,FG-R1-expanded-l1__guard-q95-suppress,1,11,2021-04-24,96,1.0,True,112.0,111.33263415632692,-0.6673658436730818,0.6673658436730818,2021-04-24 06:15:00,2021-04-24 04:45:00,-90.0,90.0
D1,FG-R1-expanded-l1__guard-q95-suppress,1,11,2021-04-25,96,1.0,True,25.0,62.6773875066094,37.6773875066094,37.6773875066094,2021-04-25 01:30:00,2021-04-25 02:30:00,60.0,60.0
D1,FG-R1-expanded-l1__guard-q95-suppress,1,12,2021-04-19,96,1.0,True,172.0,173.8789520263672,1.8789520263671875,1.8789520263671875,2021-04-19 08:45:00,2021-04-19 13:15:00,270.0,270.0
D1,FG-R1-expanded-l1__guard-q95-suppress,1,12,2021-04-20,96,1.0,True,172.0,164.37123107910156,-7.6287689208984375,7.6287689208984375,2021-04-20 08:45:00,2021-04-20 11:45:00,180.0,180.0
D1,FG-R1-expanded-l1__guard-q95-suppress,1,12,2021-04-21,96,1.0,True,174.0,175.28465714149388,1.2846571414938808,1.2846571414938808,2021-04-21 08:30:00,2021-04-21 09:00:00,30.0,30.0
D1,FG-R1-expanded-l1__guard-q95-suppress,1,12,2021-04-22,96,1.0,True,174.0,169.6457425932594,-4.354257406740601,4.354257406740601,2021-04-22 08:30:00,2021-04-22 08:30:00,0.0,0.0
D1,FG-R1-expanded-l1__guard-q95-suppress,1,12,2021-04-23,96,1.0,True,174.0,171.3123039930418,-2.687696006958191,2.687696006958191,2021-04-23 08:30:00,2021-04-23 10:45:00,135.0,135.0
D1,FG-R1-expanded-l1__guard-q95-suppress,1,12,2021-04-24,96,1.0,True,112.0,110.84849123048018,-1.1515087695198218,1.1515087695198218,2021-04-24 06:15:00,2021-04-24 04:45:00,-90.0,90.0
D1,FG-R1-expanded-l1__guard-q95-suppress,1,12,2021-04-25,96,1.0,True,25.0,62.73695711607134,37.73695711607134,37.73695711607134,2021-04-25 01:30:00,2021-04-25 02:45:00,75.0,75.0
D1,FG-R1-expanded-l1__guard-q95-suppress,1,13,2021-04-19,96,1.0,True,172.0,172.33731969549652,0.3373196954965181,0.3373196954965181,2021-04-19 08:45:00,2021-04-19 13:15:00,270.0,270.0
D1,FG-R1-expanded-l1__guard-q95-suppress,1,13,2021-04-20,96,1.0,True,172.0,163.78182983398438,-8.218170166015625,8.218170166015625,2021-04-20 08:45:00,2021-04-20 11:00:00,135.0,135.0
D1,FG-R1-expanded-l1__guard-q95-suppress,1,13,2021-04-21,96,1.0,True,174.0,172.68639719352592,-1.31360280647408,1.31360280647408,2021-04-21 08:30:00,2021-04-21 09:00:00,30.0,30.0
D1,FG-R1-expanded-l1__guard-q95-suppress,1,13,2021-04-22,96,1.0,True,174.0,170.69574776848538,-3.3042522315146243,3.3042522315146243,2021-04-22 08:30:00,2021-04-22 11:00:00,150.0,150.0
D1,FG-R1-expanded-l1__guard-q95-suppress,1,13,2021-04-23,96,1.0,True,174.0,172.10818717175275,-1.8918128282472537,1.8918128282472537,2021-04-23 08:30:00,2021-04-23 11:00:00,150.0,150.0
D1,FG-R1-expanded-l1__guard-q95-suppress,1,13,2021-04-24,96,1.0,True,112.0,110.35581040757863,-1.6441895924213696,1.6441895924213696,2021-04-24 06:15:00,2021-04-24 04:45:00,-90.0,90.0
D1,FG-R1-expanded-l1__guard-q95-suppress,1,13,2021-04-25,96,1.0,True,25.0,60.15684027007811,35.15684027007811,35.15684027007811,2021-04-25 01:30:00,2021-04-25 03:00:00,90.0,90.0
D1,FG-R1-expanded-l1__guard-q95-suppress,1,14,2021-04-19,96,1.0,True,172.0,172.74610589958047,0.7461058995804706,0.7461058995804706,2021-04-19 08:45:00,2021-04-19 13:15:00,270.0,270.0
D1,FG-R1-expanded-l1__guard-q95-suppress,1,14,2021-04-20,96,1.0,True,172.0,165.9497528076172,-6.0502471923828125,6.0502471923828125,2021-04-20 08:45:00,2021-04-20 09:00:00,15.0,15.0
D1,FG-R1-expanded-l1__guard-q95-suppress,1,14,2021-04-21,96,1.0,True,174.0,173.6676025390625,-0.3323974609375,0.3323974609375,2021-04-21 08:30:00,2021-04-21 12:00:00,210.0,210.0
D1,FG-R1-expanded-l1__guard-q95-suppress,1,14,2021-04-22,96,1.0,True,174.0,170.6067237899835,-3.393276210016495,3.393276210016495,2021-04-22 08:30:00,2021-04-22 10:45:00,135.0,135.0
D1,FG-R1-expanded-l1__guard-q95-suppress,1,14,2021-04-23,96,1.0,True,174.0,170.89169329837932,-3.108306701620677,3.108306701620677,2021-04-23 08:30:00,2021-04-23 10:30:00,120.0,120.0
D1,FG-R1-expanded-l1__guard-q95-suppress,1,14,2021-04-24,96,1.0,True,112.0,109.88761699236056,-2.112383007639437,2.112383007639437,2021-04-24 06:15:00,2021-04-24 04:45:00,-90.0,90.0
D1,FG-R1-expanded-l1__guard-q95-suppress,1,14,2021-04-25,96,1.0,True,25.0,54.44490389341509,29.444903893415088,29.444903893415088,2021-04-25 01:30:00,2021-04-25 03:15:00,105.0,105.0
D1,FG-R1-expanded-l1__guard-q95-suppress,1,15,2021-04-19,96,1.0,True,172.0,169.24989754380888,-2.750102456191115,2.750102456191115,2021-04-19 08:45:00,2021-04-19 13:15:00,270.0,270.0
D1,FG-R1-expanded-l1__guard-q95-suppress,1,15,2021-04-20,96,1.0,True,172.0,164.26638793945312,-7.733612060546875,7.733612060546875,2021-04-20 08:45:00,2021-04-20 11:45:00,180.0,180.0
D1,FG-R1-expanded-l1__guard-q95-suppress,1,15,2021-04-21,96,1.0,True,174.0,173.13502056922175,-0.8649794307782486,0.8649794307782486,2021-04-21 08:30:00,2021-04-21 12:00:00,210.0,210.0
D1,FG-R1-expanded-l1__guard-q95-suppress,1,15,2021-04-22,96,1.0,True,174.0,169.23911297643457,-4.760887023565431,4.760887023565431,2021-04-22 08:30:00,2021-04-22 11:00:00,150.0,150.0
D1,FG-R1-expanded-l1__guard-q95-suppress,1,15,2021-04-23,96,1.0,True,174.0,170.6131746216215,-3.3868253783784894,3.3868253783784894,2021-04-23 08:30:00,2021-04-23 10:30:00,120.0,120.0
D1,FG-R1-expanded-l1__guard-q95-suppress,1,15,2021-04-24,96,1.0,True,112.0,109.59813790549731,-2.4018620945026896,2.4018620945026896,2021-04-24 06:15:00,2021-04-24 04:45:00,-90.0,90.0
D1,FG-R1-expanded-l1__guard-q95-suppress,1,15,2021-04-25,96,1.0,True,25.0,58.2852747670605,33.2852747670605,33.2852747670605,2021-04-25 01:30:00,2021-04-25 03:30:00,120.0,120.0
D1,FG-R1-expanded-l1__guard-q95-suppress,1,16,2021-04-19,96,1.0,True,172.0,173.0997986459658,1.099798645965791,1.099798645965791,2021-04-19 08:45:00,2021-04-19 13:15:00,270.0,270.0
D1,FG-R1-expanded-l1__guard-q95-suppress,1,16,2021-04-20,96,1.0,True,172.0,164.91506958007812,-7.084930419921875,7.084930419921875,2021-04-20 08:45:00,2021-04-20 11:45:00,180.0,180.0
D1,FG-R1-expanded-l1__guard-q95-suppress,1,16,2021-04-21,96,1.0,True,174.0,172.02075492363082,-1.9792450763691818,1.9792450763691818,2021-04-21 08:30:00,2021-04-21 12:00:00,210.0,210.0
D1,FG-R1-expanded-l1__guard-q95-suppress,1,16,2021-04-22,96,1.0,True,174.0,170.9325389852196,-3.067461014780406,3.067461014780406,2021-04-22 08:30:00,2021-04-22 10:30:00,120.0,120.0
D1,FG-R1-expanded-l1__guard-q95-suppress,1,16,2021-04-23,96,1.0,True,174.0,173.13584776691116,-0.8641522330888449,0.8641522330888449,2021-04-23 08:30:00,2021-04-23 10:30:00,120.0,120.0
D1,FG-R1-expanded-l1__guard-q95-suppress,1,16,2021-04-24,96,1.0,True,112.0,111.98246127529742,-0.017538724702575337,0.017538724702575337,2021-04-24 06:15:00,2021-04-24 04:45:00,-90.0,90.0
D1,FG-R1-expanded-l1__guard-q95-suppress,1,16,2021-04-25,96,1.0,True,25.0,58.02642878068393,33.02642878068393,33.02642878068393,2021-04-25 01:30:00,2021-04-25 03:45:00,135.0,135.0
D1,FG-R1-expanded-l1__guard-q95-suppress,3,4,2021-05-03,96,1.0,True,184.0,174.12200927734375,-9.87799072265625,9.87799072265625,2021-05-03 08:30:00,2021-05-03 15:00:00,390.0,390.0
D1,FG-R1-expanded-l1__guard-q95-suppress,3,4,2021-05-04,96,1.0,True,181.0,176.26251540790446,-4.737484592095541,4.737484592095541,2021-05-04 08:30:00,2021-05-04 08:30:00,0.0,0.0
D1,FG-R1-expanded-l1__guard-q95-suppress,3,4,2021-05-05,96,1.0,True,120.0,168.7721626092678,48.77216260926781,48.77216260926781,2021-05-05 04:15:00,2021-05-05 08:30:00,255.0,255.0
D1,FG-R1-expanded-l1__guard-q95-suppress,3,4,2021-05-06,96,1.0,True,199.0,178.50517399908614,-20.49482600091386,20.49482600091386,2021-05-06 09:00:00,2021-05-06 12:00:00,180.0,180.0
D1,FG-R1-expanded-l1__guard-q95-suppress,3,4,2021-05-07,96,1.0,True,181.0,176.82984924316406,-4.1701507568359375,4.1701507568359375,2021-05-07 09:00:00,2021-05-07 08:30:00,-30.0,30.0
D1,FG-R1-expanded-l1__guard-q95-suppress,3,4,2021-05-08,96,1.0,True,115.0,108.08768078529121,-6.912319214708788,6.912319214708788,2021-05-08 02:00:00,2021-05-08 06:15:00,255.0,255.0
D1,FG-R1-expanded-l1__guard-q95-suppress,3,4,2021-05-09,96,1.0,True,184.0,177.29555942896104,-6.704440571038958,6.704440571038958,2021-05-09 09:00:00,2021-05-09 09:45:00,45.0,45.0
D1,FG-R1-expanded-l1__guard-q95-suppress,3,5,2021-05-03,96,1.0,True,184.0,174.1712646484375,-9.8287353515625,9.8287353515625,2021-05-03 08:30:00,2021-05-03 15:30:00,420.0,420.0
D1,FG-R1-expanded-l1__guard-q95-suppress,3,5,2021-05-04,96,1.0,True,181.0,175.8990832710985,-5.100916728901495,5.100916728901495,2021-05-04 08:30:00,2021-05-04 08:30:00,0.0,0.0
D1,FG-R1-expanded-l1__guard-q95-suppress,3,5,2021-05-05,96,1.0,True,120.0,174.8815025573004,54.881502557300394,54.881502557300394,2021-05-05 04:15:00,2021-05-05 08:30:00,255.0,255.0
D1,FG-R1-expanded-l1__guard-q95-suppress,3,5,2021-05-06,96,1.0,True,199.0,180.86366953490634,-18.136330465093664,18.136330465093664,2021-05-06 09:00:00,2021-05-06 11:15:00,135.0,135.0
D1,FG-R1-expanded-l1__guard-q95-suppress,3,5,2021-05-07,96,1.0,True,181.0,175.64828232396025,-5.351717676039755,5.351717676039755,2021-05-07 09:00:00,2021-05-07 08:30:00,-30.0,30.0
D1,FG-R1-expanded-l1__guard-q95-suppress,3,5,2021-05-08,96,1.0,True,115.0,108.43358134199384,-6.566418658006157,6.566418658006157,2021-05-08 02:00:00,2021-05-08 06:15:00,255.0,255.0
D1,FG-R1-expanded-l1__guard-q95-suppress,3,5,2021-05-09,96,1.0,True,184.0,175.4997167857305,-8.500283214269501,8.500283214269501,2021-05-09 09:00:00,2021-05-09 09:45:00,45.0,45.0
D1,FG-R1-expanded-l1__guard-q95-suppress,3,6,2021-05-03,96,1.0,True,184.0,174.07199096679688,-9.928009033203125,9.928009033203125,2021-05-03 08:30:00,2021-05-03 15:45:00,435.0,435.0
D1,FG-R1-expanded-l1__guard-q95-suppress,3,6,2021-05-04,96,1.0,True,181.0,176.79324585226158,-4.2067541477384225,4.2067541477384225,2021-05-04 08:30:00,2021-05-04 08:30:00,0.0,0.0
D1,FG-R1-expanded-l1__guard-q95-suppress,3,6,2021-05-05,96,1.0,True,120.0,176.74840757117082,56.748407571170816,56.748407571170816,2021-05-05 04:15:00,2021-05-05 08:30:00,255.0,255.0
D1,FG-R1-expanded-l1__guard-q95-suppress,3,6,2021-05-06,96,1.0,True,199.0,178.6144421875627,-20.3855578124373,20.3855578124373,2021-05-06 09:00:00,2021-05-06 12:00:00,180.0,180.0
D1,FG-R1-expanded-l1__guard-q95-suppress,3,6,2021-05-07,96,1.0,True,181.0,175.6037288628151,-5.396271137184897,5.396271137184897,2021-05-07 09:00:00,2021-05-07 08:30:00,-30.0,30.0
D1,FG-R1-expanded-l1__guard-q95-suppress,3,6,2021-05-08,96,1.0,True,115.0,111.17492071669297,-3.8250792833070335,3.8250792833070335,2021-05-08 02:00:00,2021-05-08 06:15:00,255.0,255.0
D1,FG-R1-expanded-l1__guard-q95-suppress,3,6,2021-05-09,96,1.0,True,184.0,174.3905939378888,-9.60940606211119,9.60940606211119,2021-05-09 09:00:00,2021-05-09 10:00:00,60.0,60.0
D1,FG-R1-expanded-l1__guard-q95-suppress,3,7,2021-05-03,96,1.0,True,184.0,170.70562744140625,-13.29437255859375,13.29437255859375,2021-05-03 08:30:00,2021-05-03 15:45:00,435.0,435.0
D1,FG-R1-expanded-l1__guard-q95-suppress,3,7,2021-05-04,96,1.0,True,181.0,175.51999391562975,-5.480006084370245,5.480006084370245,2021-05-04 08:30:00,2021-05-04 08:30:00,0.0,0.0
D1,FG-R1-expanded-l1__guard-q95-suppress,3,7,2021-05-05,96,1.0,True,120.0,175.01984974418656,55.01984974418656,55.01984974418656,2021-05-05 04:15:00,2021-05-05 08:30:00,255.0,255.0
D1,FG-R1-expanded-l1__guard-q95-suppress,3,7,2021-05-06,96,1.0,True,199.0,179.1004391305483,-19.899560869451705,19.899560869451705,2021-05-06 09:00:00,2021-05-06 11:45:00,165.0,165.0
D1,FG-R1-expanded-l1__guard-q95-suppress,3,7,2021-05-07,96,1.0,True,181.0,174.29725018417227,-6.70274981582773,6.70274981582773,2021-05-07 09:00:00,2021-05-07 08:30:00,-30.0,30.0
D1,FG-R1-expanded-l1__guard-q95-suppress,3,7,2021-05-08,96,1.0,True,115.0,110.06411262087124,-4.935887379128758,4.935887379128758,2021-05-08 02:00:00,2021-05-08 06:15:00,255.0,255.0
D1,FG-R1-expanded-l1__guard-q95-suppress,3,7,2021-05-09,96,1.0,True,184.0,171.01293805778732,-12.987061942212677,12.987061942212677,2021-05-09 09:00:00,2021-05-09 10:45:00,105.0,105.0
D1,FG-R1-expanded-l1__guard-q95-suppress,3,8,2021-05-03,96,1.0,True,184.0,169.10276164510486,-14.897238354895137,14.897238354895137,2021-05-03 08:30:00,2021-05-03 11:15:00,165.0,165.0
D1,FG-R1-expanded-l1__guard-q95-suppress,3,8,2021-05-04,96,1.0,True,181.0,176.05658633158814,-4.943413668411864,4.943413668411864,2021-05-04 08:30:00,2021-05-04 08:30:00,0.0,0.0
D1,FG-R1-expanded-l1__guard-q95-suppress,3,8,2021-05-05,96,1.0,True,120.0,177.38274595007707,57.382745950077066,57.382745950077066,2021-05-05 04:15:00,2021-05-05 08:30:00,255.0,255.0
D1,FG-R1-expanded-l1__guard-q95-suppress,3,8,2021-05-06,96,1.0,True,199.0,181.40190251471114,-17.59809748528886,17.59809748528886,2021-05-06 09:00:00,2021-05-06 12:00:00,180.0,180.0
D1,FG-R1-expanded-l1__guard-q95-suppress,3,8,2021-05-07,96,1.0,True,181.0,176.23886108398438,-4.761138916015625,4.761138916015625,2021-05-07 09:00:00,2021-05-07 08:30:00,-30.0,30.0
D1,FG-R1-expanded-l1__guard-q95-suppress,3,8,2021-05-08,96,1.0,True,115.0,109.97914824469956,-5.020851755300441,5.020851755300441,2021-05-08 02:00:00,2021-05-08 06:15:00,255.0,255.0
D1,FG-R1-expanded-l1__guard-q95-suppress,3,8,2021-05-09,96,1.0,True,184.0,170.87461311700565,-13.125386882994349,13.125386882994349,2021-05-09 09:00:00,2021-05-09 11:00:00,120.0,120.0
D1,FG-R1-expanded-l1__guard-q95-suppress,3,9,2021-05-03,96,1.0,True,184.0,168.80388774373768,-15.196112256262325,15.196112256262325,2021-05-03 08:30:00,2021-05-03 11:45:00,195.0,195.0
D1,FG-R1-expanded-l1__guard-q95-suppress,3,9,2021-05-04,96,1.0,True,181.0,175.53179250044627,-5.468207499553728,5.468207499553728,2021-05-04 08:30:00,2021-05-04 08:30:00,0.0,0.0
D1,FG-R1-expanded-l1__guard-q95-suppress,3,9,2021-05-05,96,1.0,True,120.0,177.13186094031144,57.13186094031144,57.13186094031144,2021-05-05 04:15:00,2021-05-05 08:30:00,255.0,255.0
D1,FG-R1-expanded-l1__guard-q95-suppress,3,9,2021-05-06,96,1.0,True,199.0,180.9438336670549,-18.05616633294511,18.05616633294511,2021-05-06 09:00:00,2021-05-06 12:00:00,180.0,180.0
D1,FG-R1-expanded-l1__guard-q95-suppress,3,9,2021-05-07,96,1.0,True,181.0,177.32081604003906,-3.6791839599609375,3.6791839599609375,2021-05-07 09:00:00,2021-05-07 08:30:00,-30.0,30.0
D1,FG-R1-expanded-l1__guard-q95-suppress,3,9,2021-05-08,96,1.0,True,115.0,108.16389653385404,-6.836103466145957,6.836103466145957,2021-05-08 02:00:00,2021-05-08 06:15:00,255.0,255.0
D1,FG-R1-expanded-l1__guard-q95-suppress,3,9,2021-05-09,96,1.0,True,184.0,171.55759987465905,-12.442400125340953,12.442400125340953,2021-05-09 09:00:00,2021-05-09 11:00:00,120.0,120.0
D1,FG-R1-expanded-l1__guard-q95-suppress,3,10,2021-05-03,96,1.0,True,184.0,171.91185593010235,-12.088144069897652,12.088144069897652,2021-05-03 08:30:00,2021-05-03 12:00:00,210.0,210.0
D1,FG-R1-expanded-l1__guard-q95-suppress,3,10,2021-05-04,96,1.0,True,181.0,175.59976914367945,-5.4002308563205474,5.4002308563205474,2021-05-04 08:30:00,2021-05-04 08:30:00,0.0,0.0
D1,FG-R1-expanded-l1__guard-q95-suppress,3,10,2021-05-05,96,1.0,True,120.0,178.7719366239052,58.77193662390519,58.77193662390519,2021-05-05 04:15:00,2021-05-05 08:30:00,255.0,255.0
D1,FG-R1-expanded-l1__guard-q95-suppress,3,10,2021-05-06,96,1.0,True,199.0,180.34518044301623,-18.654819556983767,18.654819556983767,2021-05-06 09:00:00,2021-05-06 13:30:00,270.0,270.0
D1,FG-R1-expanded-l1__guard-q95-suppress,3,10,2021-05-07,96,1.0,True,181.0,176.56399536132812,-4.436004638671875,4.436004638671875,2021-05-07 09:00:00,2021-05-07 08:30:00,-30.0,30.0
D1,FG-R1-expanded-l1__guard-q95-suppress,3,10,2021-05-08,96,1.0,True,115.0,110.9115899505891,-4.088410049410896,4.088410049410896,2021-05-08 02:00:00,2021-05-08 06:15:00,255.0,255.0
D1,FG-R1-expanded-l1__guard-q95-suppress,3,10,2021-05-09,96,1.0,True,184.0,171.11924969559453,-12.880750304405467,12.880750304405467,2021-05-09 09:00:00,2021-05-09 11:00:00,120.0,120.0
D1,FG-R1-expanded-l1__guard-q95-suppress,3,11,2021-05-03,96,1.0,True,184.0,170.0920335742896,-13.907966425710413,13.907966425710413,2021-05-03 08:30:00,2021-05-03 12:00:00,210.0,210.0
D1,FG-R1-expanded-l1__guard-q95-suppress,3,11,2021-05-04,96,1.0,True,181.0,175.49445839710614,-5.505541602893857,5.505541602893857,2021-05-04 08:30:00,2021-05-04 08:30:00,0.0,0.0
D1,FG-R1-expanded-l1__guard-q95-suppress,3,11,2021-05-05,96,1.0,True,120.0,177.7595617459755,57.7595617459755,57.7595617459755,2021-05-05 04:15:00,2021-05-05 08:30:00,255.0,255.0
D1,FG-R1-expanded-l1__guard-q95-suppress,3,11,2021-05-06,96,1.0,True,199.0,180.92229846974382,-18.077701530256178,18.077701530256178,2021-05-06 09:00:00,2021-05-06 13:45:00,285.0,285.0
D1,FG-R1-expanded-l1__guard-q95-suppress,3,11,2021-05-07,96,1.0,True,181.0,174.516873632554,-6.483126367446005,6.483126367446005,2021-05-07 09:00:00,2021-05-07 08:30:00,-30.0,30.0
D1,FG-R1-expanded-l1__guard-q95-suppress,3,11,2021-05-08,96,1.0,True,115.0,108.22244759258214,-6.777552407417858,6.777552407417858,2021-05-08 02:00:00,2021-05-08 06:15:00,255.0,255.0
D1,FG-R1-expanded-l1__guard-q95-suppress,3,11,2021-05-09,96,1.0,True,184.0,170.37805487580388,-13.621945124196117,13.621945124196117,2021-05-09 09:00:00,2021-05-09 11:15:00,135.0,135.0
D1,FG-R1-expanded-l1__guard-q95-suppress,3,12,2021-05-03,96,1.0,True,184.0,166.05037086147894,-17.94962913852106,17.94962913852106,2021-05-03 08:30:00,2021-05-03 13:45:00,315.0,315.0
D1,FG-R1-expanded-l1__guard-q95-suppress,3,12,2021-05-04,96,1.0,True,181.0,173.62351640142043,-7.3764835985795685,7.3764835985795685,2021-05-04 08:30:00,2021-05-04 08:30:00,0.0,0.0
D1,FG-R1-expanded-l1__guard-q95-suppress,3,12,2021-05-05,96,1.0,True,120.0,175.58296434929258,55.58296434929258,55.58296434929258,2021-05-05 04:15:00,2021-05-05 08:30:00,255.0,255.0
D1,FG-R1-expanded-l1__guard-q95-suppress,3,12,2021-05-06,96,1.0,True,199.0,178.78565590688342,-20.21434409311658,20.21434409311658,2021-05-06 09:00:00,2021-05-06 13:30:00,270.0,270.0
D1,FG-R1-expanded-l1__guard-q95-suppress,3,12,2021-05-07,96,1.0,True,181.0,172.84936696533163,-8.150633034668374,8.150633034668374,2021-05-07 09:00:00,2021-05-07 08:30:00,-30.0,30.0
D1,FG-R1-expanded-l1__guard-q95-suppress,3,12,2021-05-08,96,1.0,True,115.0,107.25431431908207,-7.74568568091793,7.74568568091793,2021-05-08 02:00:00,2021-05-08 06:15:00,255.0,255.0
D1,FG-R1-expanded-l1__guard-q95-suppress,3,12,2021-05-09,96,1.0,True,184.0,169.1727623328024,-14.827237667197608,14.827237667197608,2021-05-09 09:00:00,2021-05-09 11:30:00,150.0,150.0
D1,FG-R1-expanded-l1__guard-q95-suppress,3,13,2021-05-03,96,1.0,True,184.0,166.14131946296146,-17.858680537038538,17.858680537038538,2021-05-03 08:30:00,2021-05-03 12:00:00,210.0,210.0
D1,FG-R1-expanded-l1__guard-q95-suppress,3,13,2021-05-04,96,1.0,True,181.0,173.53192138671875,-7.46807861328125,7.46807861328125,2021-05-04 08:30:00,2021-05-04 13:45:00,315.0,315.0
D1,FG-R1-expanded-l1__guard-q95-suppress,3,13,2021-05-05,96,1.0,True,120.0,175.15266649773008,55.15266649773008,55.15266649773008,2021-05-05 04:15:00,2021-05-05 08:30:00,255.0,255.0
D1,FG-R1-expanded-l1__guard-q95-suppress,3,13,2021-05-06,96,1.0,True,199.0,179.6251488115407,-19.374851188459303,19.374851188459303,2021-05-06 09:00:00,2021-05-06 13:45:00,285.0,285.0
D1,FG-R1-expanded-l1__guard-q95-suppress,3,13,2021-05-07,96,1.0,True,181.0,172.76516487329368,-8.234835126706315,8.234835126706315,2021-05-07 09:00:00,2021-05-07 08:30:00,-30.0,30.0
D1,FG-R1-expanded-l1__guard-q95-suppress,3,13,2021-05-08,96,1.0,True,115.0,108.7810470712066,-6.218952928793399,6.218952928793399,2021-05-08 02:00:00,2021-05-08 06:15:00,255.0,255.0
D1,FG-R1-expanded-l1__guard-q95-suppress,3,13,2021-05-09,96,1.0,True,184.0,169.98788684452114,-14.012113155478858,14.012113155478858,2021-05-09 09:00:00,2021-05-09 11:45:00,165.0,165.0
D1,FG-R1-expanded-l1__guard-q95-suppress,3,14,2021-05-03,96,1.0,True,184.0,166.37874622077396,-17.621253779226038,17.621253779226038,2021-05-03 08:30:00,2021-05-03 12:00:00,210.0,210.0
D1,FG-R1-expanded-l1__guard-q95-suppress,3,14,2021-05-04,96,1.0,True,181.0,174.06744384765625,-6.93255615234375,6.93255615234375,2021-05-04 08:30:00,2021-05-04 13:15:00,285.0,285.0
D1,FG-R1-expanded-l1__guard-q95-suppress,3,14,2021-05-05,96,1.0,True,120.0,176.76574155554582,56.765741555545816,56.765741555545816,2021-05-05 04:15:00,2021-05-05 08:30:00,255.0,255.0
D1,FG-R1-expanded-l1__guard-q95-suppress,3,14,2021-05-06,96,1.0,True,199.0,179.96508400746936,-19.034915992530642,19.034915992530642,2021-05-06 09:00:00,2021-05-06 13:30:00,270.0,270.0
D1,FG-R1-expanded-l1__guard-q95-suppress,3,14,2021-05-07,96,1.0,True,181.0,174.25785980454918,-6.7421401954508156,6.7421401954508156,2021-05-07 09:00:00,2021-05-07 08:30:00,-30.0,30.0
D1,FG-R1-expanded-l1__guard-q95-suppress,3,14,2021-05-08,96,1.0,True,115.0,107.63114651837145,-7.368853481628548,7.368853481628548,2021-05-08 02:00:00,2021-05-08 06:15:00,255.0,255.0
D1,FG-R1-expanded-l1__guard-q95-suppress,3,14,2021-05-09,96,1.0,True,184.0,167.12018054569302,-16.879819454306983,16.879819454306983,2021-05-09 09:00:00,2021-05-09 12:00:00,180.0,180.0
D1,FG-R1-expanded-l1__guard-q95-suppress,3,15,2021-05-03,96,1.0,True,184.0,165.2255819993162,-18.774418000683795,18.774418000683795,2021-05-03 08:30:00,2021-05-03 12:00:00,210.0,210.0
D1,FG-R1-expanded-l1__guard-q95-suppress,3,15,2021-05-04,96,1.0,True,181.0,175.4949361480724,-5.505063851927588,5.505063851927588,2021-05-04 08:30:00,2021-05-04 08:30:00,0.0,0.0
D1,FG-R1-expanded-l1__guard-q95-suppress,3,15,2021-05-05,96,1.0,True,120.0,177.9502355741005,57.9502355741005,57.9502355741005,2021-05-05 04:15:00,2021-05-05 08:30:00,255.0,255.0
D1,FG-R1-expanded-l1__guard-q95-suppress,3,15,2021-05-06,96,1.0,True,199.0,180.00484851857195,-18.995151481428053,18.995151481428053,2021-05-06 09:00:00,2021-05-06 13:45:00,285.0,285.0
D1,FG-R1-expanded-l1__guard-q95-suppress,3,15,2021-05-07,96,1.0,True,181.0,174.71148643117448,-6.288513568825522,6.288513568825522,2021-05-07 09:00:00,2021-05-07 08:30:00,-30.0,30.0
D1,FG-R1-expanded-l1__guard-q95-suppress,3,15,2021-05-08,96,1.0,True,115.0,106.75057150247929,-8.24942849752071,8.24942849752071,2021-05-08 02:00:00,2021-05-08 06:15:00,255.0,255.0
D1,FG-R1-expanded-l1__guard-q95-suppress,3,15,2021-05-09,96,1.0,True,184.0,161.9709116474283,-22.029088352571705,22.029088352571705,2021-05-09 09:00:00,2021-05-09 11:45:00,165.0,165.0
D1,FG-R1-expanded-l1__guard-q95-suppress,3,16,2021-05-03,96,1.0,True,184.0,166.44555823940863,-17.554441760591374,17.554441760591374,2021-05-03 08:30:00,2021-05-03 13:30:00,300.0,300.0
D1,FG-R1-expanded-l1__guard-q95-suppress,3,16,2021-05-04,96,1.0,True,181.0,174.14617919921875,-6.85382080078125,6.85382080078125,2021-05-04 08:30:00,2021-05-04 13:15:00,285.0,285.0
D1,FG-R1-expanded-l1__guard-q95-suppress,3,16,2021-05-05,96,1.0,True,120.0,177.62896095758657,57.62896095758657,57.62896095758657,2021-05-05 04:15:00,2021-05-05 08:30:00,255.0,255.0
D1,FG-R1-expanded-l1__guard-q95-suppress,3,16,2021-05-06,96,1.0,True,199.0,176.5617761391407,-22.438223860859296,22.438223860859296,2021-05-06 09:00:00,2021-05-06 13:45:00,285.0,285.0
D1,FG-R1-expanded-l1__guard-q95-suppress,3,16,2021-05-07,96,1.0,True,181.0,173.7314434021683,-7.26855659783169,7.26855659783169,2021-05-07 09:00:00,2021-05-07 08:30:00,-30.0,30.0
D1,FG-R1-expanded-l1__guard-q95-suppress,3,16,2021-05-08,96,1.0,True,115.0,107.8658062057771,-7.134193794222895,7.134193794222895,2021-05-08 02:00:00,2021-05-08 06:15:00,255.0,255.0
D1,FG-R1-expanded-l1__guard-q95-suppress,3,16,2021-05-09,96,1.0,True,184.0,159.01269890201624,-24.98730109798376,24.98730109798376,2021-05-09 09:00:00,2021-05-09 15:45:00,405.0,405.0
D1,FG-R1-expanded-l1__guard-q95-suppress,5,4,2021-05-17,96,1.0,True,192.0,170.09279831584197,-21.907201684158025,21.907201684158025,2021-05-17 09:00:00,2021-05-17 11:45:00,165.0,165.0
D1,FG-R1-expanded-l1__guard-q95-suppress,5,4,2021-05-18,96,1.0,True,182.0,169.44237184770105,-12.557628152298946,12.557628152298946,2021-05-18 13:15:00,2021-05-18 11:45:00,-90.0,90.0
D1,FG-R1-expanded-l1__guard-q95-suppress,5,4,2021-05-19,96,1.0,True,108.0,145.60624582833867,37.60624582833867,37.60624582833867,2021-05-19 06:15:00,2021-05-19 08:15:00,120.0,120.0
D1,FG-R1-expanded-l1__guard-q95-suppress,5,4,2021-05-20,96,1.0,True,181.0,181.63848087877165,0.6384808787716452,0.6384808787716452,2021-05-20 13:15:00,2021-05-20 09:00:00,-255.0,255.0
D1,FG-R1-expanded-l1__guard-q95-suppress,5,4,2021-05-21,96,1.0,True,160.0,169.91273571294198,9.91273571294198,9.91273571294198,2021-05-21 08:30:00,2021-05-21 09:00:00,30.0,30.0
D1,FG-R1-expanded-l1__guard-q95-suppress,5,4,2021-05-22,96,1.0,True,112.0,105.52213119544918,-6.477868804550823,6.477868804550823,2021-05-22 06:15:00,2021-05-22 04:45:00,-90.0,90.0
D1,FG-R1-expanded-l1__guard-q95-suppress,5,4,2021-05-23,96,1.0,True,25.0,25.387008370842327,0.3870083708423273,0.3870083708423273,2021-05-23 03:00:00,2021-05-23 07:15:00,255.0,255.0
D1,FG-R1-expanded-l1__guard-q95-suppress,5,5,2021-05-17,96,1.0,True,192.0,169.6222073198653,-22.37779268013469,22.37779268013469,2021-05-17 09:00:00,2021-05-17 13:30:00,270.0,270.0
D1,FG-R1-expanded-l1__guard-q95-suppress,5,5,2021-05-18,96,1.0,True,182.0,169.24498415238855,-12.755015847611446,12.755015847611446,2021-05-18 13:15:00,2021-05-18 11:45:00,-90.0,90.0
D1,FG-R1-expanded-l1__guard-q95-suppress,5,5,2021-05-19,96,1.0,True,108.0,162.97454309622958,54.97454309622958,54.97454309622958,2021-05-19 06:15:00,2021-05-19 08:30:00,135.0,135.0
D1,FG-R1-expanded-l1__guard-q95-suppress,5,5,2021-05-20,96,1.0,True,181.0,182.15283861372936,1.152838613729358,1.152838613729358,2021-05-20 13:15:00,2021-05-20 09:00:00,-255.0,255.0
D1,FG-R1-expanded-l1__guard-q95-suppress,5,5,2021-05-21,96,1.0,True,160.0,168.68997265141854,8.689972651418543,8.689972651418543,2021-05-21 08:30:00,2021-05-21 09:00:00,30.0,30.0
D1,FG-R1-expanded-l1__guard-q95-suppress,5,5,2021-05-22,96,1.0,True,112.0,104.43828141417039,-7.56171858582961,7.56171858582961,2021-05-22 06:15:00,2021-05-22 02:15:00,-240.0,240.0
D1,FG-R1-expanded-l1__guard-q95-suppress,5,5,2021-05-23,96,1.0,True,25.0,30.307704629387246,5.307704629387246,5.307704629387246,2021-05-23 03:00:00,2021-05-23 07:30:00,270.0,270.0
D1,FG-R1-expanded-l1__guard-q95-suppress,5,6,2021-05-17,96,1.0,True,192.0,169.8224026323653,-22.17759736763469,22.17759736763469,2021-05-17 09:00:00,2021-05-17 13:30:00,270.0,270.0
D1,FG-R1-expanded-l1__guard-q95-suppress,5,6,2021-05-18,96,1.0,True,182.0,169.07062998638918,-12.929370013610821,12.929370013610821,2021-05-18 13:15:00,2021-05-18 11:30:00,-105.0,105.0
D1,FG-R1-expanded-l1__guard-q95-suppress,5,6,2021-05-19,96,1.0,True,108.0,166.32773828665927,58.32773828665927,58.32773828665927,2021-05-19 06:15:00,2021-05-19 08:30:00,135.0,135.0
D1,FG-R1-expanded-l1__guard-q95-suppress,5,6,2021-05-20,96,1.0,True,181.0,178.76106006443473,-2.23893993556527,2.23893993556527,2021-05-20 13:15:00,2021-05-20 09:00:00,-255.0,255.0
D1,FG-R1-expanded-l1__guard-q95-suppress,5,6,2021-05-21,96,1.0,True,160.0,167.8000920598148,7.800092059814801,7.800092059814801,2021-05-21 08:30:00,2021-05-21 08:30:00,0.0,0.0
D1,FG-R1-expanded-l1__guard-q95-suppress,5,6,2021-05-22,96,1.0,True,112.0,104.24268662657273,-7.757313373427266,7.757313373427266,2021-05-22 06:15:00,2021-05-22 02:15:00,-240.0,240.0
D1,FG-R1-expanded-l1__guard-q95-suppress,5,6,2021-05-23,96,1.0,True,25.0,50.82231873461186,25.822318734611862,25.822318734611862,2021-05-23 03:00:00,2021-05-23 07:45:00,285.0,285.0
D1,FG-R1-expanded-l1__guard-q95-suppress,5,7,2021-05-17,96,1.0,True,192.0,168.67205762928876,-23.32794237071124,23.32794237071124,2021-05-17 09:00:00,2021-05-17 11:00:00,120.0,120.0
D1,FG-R1-expanded-l1__guard-q95-suppress,5,7,2021-05-18,96,1.0,True,182.0,168.4814953828573,-13.518504617142696,13.518504617142696,2021-05-18 13:15:00,2021-05-18 11:45:00,-90.0,90.0
D1,FG-R1-expanded-l1__guard-q95-suppress,5,7,2021-05-19,96,1.0,True,108.0,164.6917366997452,56.691736699745206,56.691736699745206,2021-05-19 06:15:00,2021-05-19 08:30:00,135.0,135.0
D1,FG-R1-expanded-l1__guard-q95-suppress,5,7,2021-05-20,96,1.0,True,181.0,179.1323466233843,-1.8676533766156922,1.8676533766156922,2021-05-20 13:15:00,2021-05-20 09:00:00,-255.0,255.0
D1,FG-R1-expanded-l1__guard-q95-suppress,5,7,2021-05-21,96,1.0,True,160.0,165.64140859966932,5.641408599669319,5.641408599669319,2021-05-21 08:30:00,2021-05-21 09:00:00,30.0,30.0
D1,FG-R1-expanded-l1__guard-q95-suppress,5,7,2021-05-22,96,1.0,True,112.0,104.14654227644614,-7.853457723553859,7.853457723553859,2021-05-22 06:15:00,2021-05-22 03:30:00,-165.0,165.0
D1,FG-R1-expanded-l1__guard-q95-suppress,5,7,2021-05-23,96,1.0,True,25.0,102.3415910738079,77.3415910738079,77.3415910738079,2021-05-23 03:00:00,2021-05-23 08:00:00,300.0,300.0
D1,FG-R1-expanded-l1__guard-q95-suppress,5,8,2021-05-17,96,1.0,True,192.0,169.6722034893606,-22.327796510639388,22.327796510639388,2021-05-17 09:00:00,2021-05-17 11:15:00,135.0,135.0
D1,FG-R1-expanded-l1__guard-q95-suppress,5,8,2021-05-18,96,1.0,True,182.0,171.24544847445355,-10.754551525546447,10.754551525546447,2021-05-18 13:15:00,2021-05-18 12:00:00,-75.0,75.0
D1,FG-R1-expanded-l1__guard-q95-suppress,5,8,2021-05-19,96,1.0,True,108.0,168.97756030093805,60.97756030093805,60.97756030093805,2021-05-19 06:15:00,2021-05-19 08:30:00,135.0,135.0
D1,FG-R1-expanded-l1__guard-q95-suppress,5,8,2021-05-20,96,1.0,True,181.0,180.00329442198083,-0.9967055780191743,0.9967055780191743,2021-05-20 13:15:00,2021-05-20 09:00:00,-255.0,255.0
D1,FG-R1-expanded-l1__guard-q95-suppress,5,8,2021-05-21,96,1.0,True,160.0,167.04762309048172,7.047623090481721,7.047623090481721,2021-05-21 08:30:00,2021-05-21 09:00:00,30.0,30.0
D1,FG-R1-expanded-l1__guard-q95-suppress,5,8,2021-05-22,96,1.0,True,112.0,104.27563985405293,-7.724360145947074,7.724360145947074,2021-05-22 06:15:00,2021-05-22 03:30:00,-165.0,165.0
D1,FG-R1-expanded-l1__guard-q95-suppress,5,8,2021-05-23,96,1.0,True,25.0,151.53802298780695,126.53802298780695,126.53802298780695,2021-05-23 03:00:00,2021-05-23 08:15:00,315.0,315.0
D1,FG-R1-expanded-l1__guard-q95-suppress,5,9,2021-05-17,96,1.0,True,192.0,171.86250594073107,-20.13749405926893,20.13749405926893,2021-05-17 09:00:00,2021-05-17 08:30:00,-30.0,30.0
D1,FG-R1-expanded-l1__guard-q95-suppress,5,9,2021-05-18,96,1.0,True,182.0,169.93358283966148,-12.066417160338517,12.066417160338517,2021-05-18 13:15:00,2021-05-18 12:00:00,-75.0,75.0
D1,FG-R1-expanded-l1__guard-q95-suppress,5,9,2021-05-19,96,1.0,True,108.0,170.20862466499804,62.20862466499804,62.20862466499804,2021-05-19 06:15:00,2021-05-19 08:30:00,135.0,135.0
D1,FG-R1-expanded-l1__guard-q95-suppress,5,9,2021-05-20,96,1.0,True,181.0,182.31432185573954,1.3143218557395357,1.3143218557395357,2021-05-20 13:15:00,2021-05-20 08:30:00,-285.0,285.0
D1,FG-R1-expanded-l1__guard-q95-suppress,5,9,2021-05-21,96,1.0,True,160.0,165.08957326945531,5.089573269455315,5.089573269455315,2021-05-21 08:30:00,2021-05-21 08:30:00,0.0,0.0
D1,FG-R1-expanded-l1__guard-q95-suppress,5,9,2021-05-22,96,1.0,True,112.0,102.79515078564074,-9.204849214359257,9.204849214359257,2021-05-22 06:15:00,2021-05-22 03:30:00,-165.0,165.0
D1,FG-R1-expanded-l1__guard-q95-suppress,5,9,2021-05-23,96,1.0,True,25.0,166.44327713487525,141.44327713487525,141.44327713487525,2021-05-23 03:00:00,2021-05-23 08:30:00,330.0,330.0
D1,FG-R1-expanded-l1__guard-q95-suppress,5,10,2021-05-17,96,1.0,True,192.0,171.58514709442372,-20.414852905576282,20.414852905576282,2021-05-17 09:00:00,2021-05-17 08:45:00,-15.0,15.0
D1,FG-R1-expanded-l1__guard-q95-suppress,5,10,2021-05-18,96,1.0,True,182.0,172.70911875592043,-9.290881244079571,9.290881244079571,2021-05-18 13:15:00,2021-05-18 13:15:00,0.0,0.0
D1,FG-R1-expanded-l1__guard-q95-suppress,5,10,2021-05-19,96,1.0,True,108.0,170.19506311576083,62.19506311576083,62.19506311576083,2021-05-19 06:15:00,2021-05-19 08:30:00,135.0,135.0
D1,FG-R1-expanded-l1__guard-q95-suppress,5,10,2021-05-20,96,1.0,True,181.0,183.67630357747527,2.6763035774752666,2.6763035774752666,2021-05-20 13:15:00,2021-05-20 08:45:00,-270.0,270.0
D1,FG-R1-expanded-l1__guard-q95-suppress,5,10,2021-05-21,96,1.0,True,160.0,166.17421223446524,6.174212234465244,6.174212234465244,2021-05-21 08:30:00,2021-05-21 10:45:00,135.0,135.0
D1,FG-R1-expanded-l1__guard-q95-suppress,5,10,2021-05-22,96,1.0,True,112.0,104.52019468604844,-7.479805313951559,7.479805313951559,2021-05-22 06:15:00,2021-05-22 06:15:00,0.0,0.0
D1,FG-R1-expanded-l1__guard-q95-suppress,5,10,2021-05-23,96,1.0,True,25.0,168.00419022081275,143.00419022081275,143.00419022081275,2021-05-23 03:00:00,2021-05-23 08:45:00,345.0,345.0
D1,FG-R1-expanded-l1__guard-q95-suppress,5,11,2021-05-17,96,1.0,True,192.0,171.622886963626,-20.377113036374,20.377113036374,2021-05-17 09:00:00,2021-05-17 11:45:00,165.0,165.0
D1,FG-R1-expanded-l1__guard-q95-suppress,5,11,2021-05-18,96,1.0,True,182.0,171.0148743711548,-10.985125628845196,10.985125628845196,2021-05-18 13:15:00,2021-05-18 13:30:00,15.0,15.0
D1,FG-R1-expanded-l1__guard-q95-suppress,5,11,2021-05-19,96,1.0,True,108.0,167.62308764480434,59.62308764480434,59.62308764480434,2021-05-19 06:15:00,2021-05-19 09:00:00,165.0,165.0
D1,FG-R1-expanded-l1__guard-q95-suppress,5,11,2021-05-20,96,1.0,True,181.0,185.85149637118897,4.851496371188972,4.851496371188972,2021-05-20 13:15:00,2021-05-20 09:00:00,-255.0,255.0
D1,FG-R1-expanded-l1__guard-q95-suppress,5,11,2021-05-21,96,1.0,True,160.0,167.346514480559,7.346514480558994,7.346514480558994,2021-05-21 08:30:00,2021-05-21 10:45:00,135.0,135.0
D1,FG-R1-expanded-l1__guard-q95-suppress,5,11,2021-05-22,96,1.0,True,112.0,103.42304960548203,-8.576950394517965,8.576950394517965,2021-05-22 06:15:00,2021-05-22 06:30:00,15.0,15.0
D1,FG-R1-expanded-l1__guard-q95-suppress,5,11,2021-05-23,96,1.0,True,25.0,163.6823518419065,138.6823518419065,138.6823518419065,2021-05-23 03:00:00,2021-05-23 09:00:00,360.0,360.0
D1,FG-R1-expanded-l1__guard-q95-suppress,5,12,2021-05-17,96,1.0,True,192.0,172.41790198151506,-19.582098018484942,19.582098018484942,2021-05-17 09:00:00,2021-05-17 08:30:00,-30.0,30.0
D1,FG-R1-expanded-l1__guard-q95-suppress,5,12,2021-05-18,96,1.0,True,182.0,171.53549441808275,-10.464505581917251,10.464505581917251,2021-05-18 13:15:00,2021-05-18 13:15:00,0.0,0.0
D1,FG-R1-expanded-l1__guard-q95-suppress,5,12,2021-05-19,96,1.0,True,108.0,166.20747199829574,58.207471998295745,58.207471998295745,2021-05-19 06:15:00,2021-05-19 09:00:00,165.0,165.0
D1,FG-R1-expanded-l1__guard-q95-suppress,5,12,2021-05-20,96,1.0,True,181.0,185.75982156650147,4.759821566501472,4.759821566501472,2021-05-20 13:15:00,2021-05-20 09:00:00,-255.0,255.0
D1,FG-R1-expanded-l1__guard-q95-suppress,5,12,2021-05-21,96,1.0,True,160.0,167.43345906063712,7.433459060637119,7.433459060637119,2021-05-21 08:30:00,2021-05-21 11:00:00,150.0,150.0
D1,FG-R1-expanded-l1__guard-q95-suppress,5,12,2021-05-22,96,1.0,True,112.0,103.35590049177817,-8.644099508221828,8.644099508221828,2021-05-22 06:15:00,2021-05-22 04:45:00,-90.0,90.0
D1,FG-R1-expanded-l1__guard-q95-suppress,5,12,2021-05-23,96,1.0,True,25.0,156.17321182725806,131.17321182725806,131.17321182725806,2021-05-23 03:00:00,2021-05-23 09:15:00,375.0,375.0
D1,FG-R1-expanded-l1__guard-q95-suppress,5,13,2021-05-17,96,1.0,True,192.0,174.8148069661217,-17.185193033878306,17.185193033878306,2021-05-17 09:00:00,2021-05-17 08:30:00,-30.0,30.0
D1,FG-R1-expanded-l1__guard-q95-suppress,5,13,2021-05-18,96,1.0,True,182.0,170.48585215435793,-11.514147845642071,11.514147845642071,2021-05-18 13:15:00,2021-05-18 13:15:00,0.0,0.0
D1,FG-R1-expanded-l1__guard-q95-suppress,5,13,2021-05-19,96,1.0,True,108.0,163.72967004935458,55.72967004935458,55.72967004935458,2021-05-19 06:15:00,2021-05-19 08:30:00,135.0,135.0
D1,FG-R1-expanded-l1__guard-q95-suppress,5,13,2021-05-20,96,1.0,True,181.0,186.1691538418921,5.169153841892097,5.169153841892097,2021-05-20 13:15:00,2021-05-20 09:00:00,-255.0,255.0
D1,FG-R1-expanded-l1__guard-q95-suppress,5,13,2021-05-21,96,1.0,True,160.0,166.3551814727465,6.355181472746494,6.355181472746494,2021-05-21 08:30:00,2021-05-21 11:00:00,150.0,150.0
D1,FG-R1-expanded-l1__guard-q95-suppress,5,13,2021-05-22,96,1.0,True,112.0,102.74061906065477,-9.259380939345235,9.259380939345235,2021-05-22 06:15:00,2021-05-22 04:15:00,-120.0,120.0
D1,FG-R1-expanded-l1__guard-q95-suppress,5,13,2021-05-23,96,1.0,True,25.0,150.167581334094,125.167581334094,125.167581334094,2021-05-23 03:00:00,2021-05-23 09:30:00,390.0,390.0
D1,FG-R1-expanded-l1__guard-q95-suppress,5,14,2021-05-17,96,1.0,True,192.0,174.77019052372287,-17.229809476277126,17.229809476277126,2021-05-17 09:00:00,2021-05-17 08:45:00,-15.0,15.0
D1,FG-R1-expanded-l1__guard-q95-suppress,5,14,2021-05-18,96,1.0,True,182.0,169.43798364788026,-12.562016352119741,12.562016352119741,2021-05-18 13:15:00,2021-05-18 13:45:00,30.0,30.0
D1,FG-R1-expanded-l1__guard-q95-suppress,5,14,2021-05-19,96,1.0,True,108.0,166.1010842339249,58.101084233924894,58.101084233924894,2021-05-19 06:15:00,2021-05-19 08:30:00,135.0,135.0
D1,FG-R1-expanded-l1__guard-q95-suppress,5,14,2021-05-20,96,1.0,True,181.0,185.71350450520964,4.713504505209642,4.713504505209642,2021-05-20 13:15:00,2021-05-20 09:00:00,-255.0,255.0
D1,FG-R1-expanded-l1__guard-q95-suppress,5,14,2021-05-21,96,1.0,True,160.0,165.5946832330649,5.594683233064899,5.594683233064899,2021-05-21 08:30:00,2021-05-21 10:45:00,135.0,135.0
D1,FG-R1-expanded-l1__guard-q95-suppress,5,14,2021-05-22,96,1.0,True,112.0,103.4143327447368,-8.585667255263203,8.585667255263203,2021-05-22 06:15:00,2021-05-22 04:15:00,-120.0,120.0
D1,FG-R1-expanded-l1__guard-q95-suppress,5,14,2021-05-23,96,1.0,True,25.0,145.089036565389,120.089036565389,120.089036565389,2021-05-23 03:00:00,2021-05-23 09:45:00,405.0,405.0
D1,FG-R1-expanded-l1__guard-q95-suppress,5,15,2021-05-17,96,1.0,True,192.0,172.23951419759672,-19.76048580240328,19.76048580240328,2021-05-17 09:00:00,2021-05-17 09:00:00,0.0,0.0
D1,FG-R1-expanded-l1__guard-q95-suppress,5,15,2021-05-18,96,1.0,True,182.0,166.4102318884515,-15.589768111548494,15.589768111548494,2021-05-18 13:15:00,2021-05-18 13:15:00,0.0,0.0
D1,FG-R1-expanded-l1__guard-q95-suppress,5,15,2021-05-19,96,1.0,True,108.0,165.76226282279208,57.76226282279208,57.76226282279208,2021-05-19 06:15:00,2021-05-19 08:30:00,135.0,135.0
D1,FG-R1-expanded-l1__guard-q95-suppress,5,15,2021-05-20,96,1.0,True,181.0,186.07622118001433,5.076221180014329,5.076221180014329,2021-05-20 13:15:00,2021-05-20 09:00:00,-255.0,255.0
D1,FG-R1-expanded-l1__guard-q95-suppress,5,15,2021-05-21,96,1.0,True,160.0,165.26537762491427,5.265377624914265,5.265377624914265,2021-05-21 08:30:00,2021-05-21 09:00:00,30.0,30.0
D1,FG-R1-expanded-l1__guard-q95-suppress,5,15,2021-05-22,96,1.0,True,112.0,102.71771226874156,-9.282287731258435,9.282287731258435,2021-05-22 06:15:00,2021-05-22 04:45:00,-90.0,90.0
D1,FG-R1-expanded-l1__guard-q95-suppress,5,15,2021-05-23,96,1.0,True,25.0,140.13229523238118,115.13229523238118,115.13229523238118,2021-05-23 03:00:00,2021-05-23 10:00:00,420.0,420.0
D1,FG-R1-expanded-l1__guard-q95-suppress,5,16,2021-05-17,96,1.0,True,192.0,172.73344153343206,-19.266558466567943,19.266558466567943,2021-05-17 09:00:00,2021-05-17 09:00:00,0.0,0.0
D1,FG-R1-expanded-l1__guard-q95-suppress,5,16,2021-05-18,96,1.0,True,182.0,167.88784724489682,-14.112152755103182,14.112152755103182,2021-05-18 13:15:00,2021-05-18 13:30:00,15.0,15.0
D1,FG-R1-expanded-l1__guard-q95-suppress,5,16,2021-05-19,96,1.0,True,108.0,165.2937874809952,57.293787480995206,57.293787480995206,2021-05-19 06:15:00,2021-05-19 08:30:00,135.0,135.0
D1,FG-R1-expanded-l1__guard-q95-suppress,5,16,2021-05-20,96,1.0,True,181.0,188.69118432228862,7.6911843222886205,7.6911843222886205,2021-05-20 13:15:00,2021-05-20 09:00:00,-255.0,255.0
D1,FG-R1-expanded-l1__guard-q95-suppress,5,16,2021-05-21,96,1.0,True,160.0,165.20898114053927,5.208981140539265,5.208981140539265,2021-05-21 08:30:00,2021-05-21 09:00:00,30.0,30.0
D1,FG-R1-expanded-l1__guard-q95-suppress,5,16,2021-05-22,96,1.0,True,112.0,104.0036762613382,-7.9963237386618005,7.9963237386618005,2021-05-22 06:15:00,2021-05-22 06:15:00,0.0,0.0
D1,FG-R1-expanded-l1__guard-q95-suppress,5,16,2021-05-23,96,1.0,True,25.0,112.28472107836186,87.28472107836186,87.28472107836186,2021-05-23 03:00:00,2021-05-23 10:15:00,435.0,435.0
D1,FG-R1-expanded-l1__guard-q95-suppress,7,4,2021-05-31,96,1.0,True,172.0,168.5086669921875,-3.4913330078125,3.4913330078125,2021-05-31 10:30:00,2021-05-31 12:00:00,90.0,90.0
D1,FG-R1-expanded-l1__guard-q95-suppress,7,4,2021-06-01,96,1.0,True,195.0,175.18356323242188,-19.816436767578125,19.816436767578125,2021-06-01 09:00:00,2021-06-01 12:00:00,180.0,180.0
D1,FG-R1-expanded-l1__guard-q95-suppress,7,4,2021-06-02,96,1.0,True,191.0,173.42251586914062,-17.577484130859375,17.577484130859375,2021-06-02 10:45:00,2021-06-02 11:45:00,60.0,60.0
D1,FG-R1-expanded-l1__guard-q95-suppress,7,4,2021-06-03,96,1.0,True,181.0,176.52423095703125,-4.47576904296875,4.47576904296875,2021-06-03 08:30:00,2021-06-03 08:30:00,0.0,0.0
D1,FG-R1-expanded-l1__guard-q95-suppress,7,4,2021-06-04,96,1.0,True,173.0,172.14501953125,-0.85498046875,0.85498046875,2021-06-04 10:45:00,2021-06-04 08:30:00,-135.0,135.0
D1,FG-R1-expanded-l1__guard-q95-suppress,7,4,2021-06-05,96,1.0,True,116.0,110.65850473043747,-5.341495269562529,5.341495269562529,2021-06-05 01:45:00,2021-06-05 06:15:00,270.0,270.0
D1,FG-R1-expanded-l1__guard-q95-suppress,7,4,2021-06-06,96,1.0,True,27.0,22.548011502612034,-4.4519884973879655,4.4519884973879655,2021-06-06 01:30:00,2021-06-06 04:45:00,195.0,195.0
D1,FG-R1-expanded-l1__guard-q95-suppress,7,5,2021-05-31,96,1.0,True,172.0,169.94509887695312,-2.054901123046875,2.054901123046875,2021-05-31 10:30:00,2021-05-31 11:45:00,75.0,75.0
D1,FG-R1-expanded-l1__guard-q95-suppress,7,5,2021-06-01,96,1.0,True,195.0,173.00730895996094,-21.992691040039062,21.992691040039062,2021-06-01 09:00:00,2021-06-01 11:45:00,165.0,165.0
D1,FG-R1-expanded-l1__guard-q95-suppress,7,5,2021-06-02,96,1.0,True,191.0,171.4679412841797,-19.532058715820312,19.532058715820312,2021-06-02 10:45:00,2021-06-02 09:00:00,-105.0,105.0
D1,FG-R1-expanded-l1__guard-q95-suppress,7,5,2021-06-03,96,1.0,True,181.0,176.52859497070312,-4.471405029296875,4.471405029296875,2021-06-03 08:30:00,2021-06-03 08:30:00,0.0,0.0
D1,FG-R1-expanded-l1__guard-q95-suppress,7,5,2021-06-04,96,1.0,True,173.0,171.64199829101562,-1.358001708984375,1.358001708984375,2021-06-04 10:45:00,2021-06-04 08:30:00,-135.0,135.0
D1,FG-R1-expanded-l1__guard-q95-suppress,7,5,2021-06-05,96,1.0,True,116.0,109.22589977773505,-6.7741002222649485,6.7741002222649485,2021-06-05 01:45:00,2021-06-05 06:15:00,270.0,270.0
D1,FG-R1-expanded-l1__guard-q95-suppress,7,5,2021-06-06,96,1.0,True,27.0,22.513086619567748,-4.486913380432252,4.486913380432252,2021-06-06 01:30:00,2021-06-06 04:30:00,180.0,180.0
D1,FG-R1-expanded-l1__guard-q95-suppress,7,6,2021-05-31,96,1.0,True,172.0,168.5238800048828,-3.4761199951171875,3.4761199951171875,2021-05-31 10:30:00,2021-05-31 12:00:00,90.0,90.0
D1,FG-R1-expanded-l1__guard-q95-suppress,7,6,2021-06-01,96,1.0,True,195.0,173.00241088867188,-21.997589111328125,21.997589111328125,2021-06-01 09:00:00,2021-06-01 13:15:00,255.0,255.0
D1,FG-R1-expanded-l1__guard-q95-suppress,7,6,2021-06-02,96,1.0,True,191.0,171.69378662109375,-19.30621337890625,19.30621337890625,2021-06-02 10:45:00,2021-06-02 11:00:00,15.0,15.0
D1,FG-R1-expanded-l1__guard-q95-suppress,7,6,2021-06-03,96,1.0,True,181.0,177.00608825683594,-3.9939117431640625,3.9939117431640625,2021-06-03 08:30:00,2021-06-03 08:30:00,0.0,0.0
D1,FG-R1-expanded-l1__guard-q95-suppress,7,6,2021-06-04,96,1.0,True,173.0,169.6299285888672,-3.3700714111328125,3.3700714111328125,2021-06-04 10:45:00,2021-06-04 08:30:00,-135.0,135.0
D1,FG-R1-expanded-l1__guard-q95-suppress,7,6,2021-06-05,96,1.0,True,116.0,109.42583955129462,-6.574160448705385,6.574160448705385,2021-06-05 01:45:00,2021-06-05 06:15:00,270.0,270.0
D1,FG-R1-expanded-l1__guard-q95-suppress,7,6,2021-06-06,96,1.0,True,27.0,22.630939193925254,-4.369060806074746,4.369060806074746,2021-06-06 01:30:00,2021-06-06 11:00:00,570.0,570.0
D1,FG-R1-expanded-l1__guard-q95-suppress,7,7,2021-05-31,96,1.0,True,172.0,169.66781616210938,-2.332183837890625,2.332183837890625,2021-05-31 10:30:00,2021-05-31 09:00:00,-90.0,90.0
D1,FG-R1-expanded-l1__guard-q95-suppress,7,7,2021-06-01,96,1.0,True,195.0,173.850830078125,-21.149169921875,21.149169921875,2021-06-01 09:00:00,2021-06-01 13:15:00,255.0,255.0
D1,FG-R1-expanded-l1__guard-q95-suppress,7,7,2021-06-02,96,1.0,True,191.0,171.0496826171875,-19.9503173828125,19.9503173828125,2021-06-02 10:45:00,2021-06-02 11:00:00,15.0,15.0
D1,FG-R1-expanded-l1__guard-q95-suppress,7,7,2021-06-03,96,1.0,True,181.0,176.22555541992188,-4.774444580078125,4.774444580078125,2021-06-03 08:30:00,2021-06-03 11:00:00,150.0,150.0
D1,FG-R1-expanded-l1__guard-q95-suppress,7,7,2021-06-04,96,1.0,True,173.0,168.15036010742188,-4.849639892578125,4.849639892578125,2021-06-04 10:45:00,2021-06-04 08:30:00,-135.0,135.0
D1,FG-R1-expanded-l1__guard-q95-suppress,7,7,2021-06-05,96,1.0,True,116.0,108.23421204885321,-7.765787951146791,7.765787951146791,2021-06-05 01:45:00,2021-06-05 06:15:00,270.0,270.0
D1,FG-R1-expanded-l1__guard-q95-suppress,7,7,2021-06-06,96,1.0,True,27.0,22.814628449075787,-4.185371550924213,4.185371550924213,2021-06-06 01:30:00,2021-06-06 04:00:00,150.0,150.0
D1,FG-R1-expanded-l1__guard-q95-suppress,7,8,2021-05-31,96,1.0,True,172.0,170.2039794921875,-1.7960205078125,1.7960205078125,2021-05-31 10:30:00,2021-05-31 09:00:00,-90.0,90.0
D1,FG-R1-expanded-l1__guard-q95-suppress,7,8,2021-06-01,96,1.0,True,195.0,175.96417236328125,-19.03582763671875,19.03582763671875,2021-06-01 09:00:00,2021-06-01 13:30:00,270.0,270.0
D1,FG-R1-expanded-l1__guard-q95-suppress,7,8,2021-06-02,96,1.0,True,191.0,172.3583221435547,-18.641677856445312,18.641677856445312,2021-06-02 10:45:00,2021-06-02 11:30:00,45.0,45.0
D1,FG-R1-expanded-l1__guard-q95-suppress,7,8,2021-06-03,96,1.0,True,181.0,177.6480712890625,-3.3519287109375,3.3519287109375,2021-06-03 08:30:00,2021-06-03 10:45:00,135.0,135.0
D1,FG-R1-expanded-l1__guard-q95-suppress,7,8,2021-06-04,96,1.0,True,173.0,171.5301513671875,-1.4698486328125,1.4698486328125,2021-06-04 10:45:00,2021-06-04 08:30:00,-135.0,135.0
D1,FG-R1-expanded-l1__guard-q95-suppress,7,8,2021-06-05,96,1.0,True,116.0,108.39301026662665,-7.606989733373354,7.606989733373354,2021-06-05 01:45:00,2021-06-05 06:15:00,270.0,270.0
D1,FG-R1-expanded-l1__guard-q95-suppress,7,8,2021-06-06,96,1.0,True,27.0,22.97286076593217,-4.027139234067828,4.027139234067828,2021-06-06 01:30:00,2021-06-06 04:15:00,165.0,165.0
D1,FG-R1-expanded-l1__guard-q95-suppress,7,9,2021-05-31,96,1.0,True,172.0,171.60552978515625,-0.39447021484375,0.39447021484375,2021-05-31 10:30:00,2021-05-31 09:00:00,-90.0,90.0
D1,FG-R1-expanded-l1__guard-q95-suppress,7,9,2021-06-01,96,1.0,True,195.0,175.3546600341797,-19.645339965820312,19.645339965820312,2021-06-01 09:00:00,2021-06-01 13:30:00,270.0,270.0
D1,FG-R1-expanded-l1__guard-q95-suppress,7,9,2021-06-02,96,1.0,True,191.0,173.24990844726562,-17.750091552734375,17.750091552734375,2021-06-02 10:45:00,2021-06-02 13:30:00,165.0,165.0
D1,FG-R1-expanded-l1__guard-q95-suppress,7,9,2021-06-03,96,1.0,True,181.0,178.91815185546875,-2.08184814453125,2.08184814453125,2021-06-03 08:30:00,2021-06-03 11:00:00,150.0,150.0
D1,FG-R1-expanded-l1__guard-q95-suppress,7,9,2021-06-04,96,1.0,True,173.0,172.22718811035156,-0.7728118896484375,0.7728118896484375,2021-06-04 10:45:00,2021-06-04 08:30:00,-135.0,135.0
D1,FG-R1-expanded-l1__guard-q95-suppress,7,9,2021-06-05,96,1.0,True,116.0,107.50862007296897,-8.491379927031034,8.491379927031034,2021-06-05 01:45:00,2021-06-05 06:15:00,270.0,270.0
D1,FG-R1-expanded-l1__guard-q95-suppress,7,9,2021-06-06,96,1.0,True,27.0,22.922354174135297,-4.077645825864703,4.077645825864703,2021-06-06 01:30:00,2021-06-06 04:30:00,180.0,180.0
D1,FG-R1-expanded-l1__guard-q95-suppress,7,10,2021-05-31,96,1.0,True,172.0,173.29928588867188,1.299285888671875,1.299285888671875,2021-05-31 10:30:00,2021-05-31 09:00:00,-90.0,90.0
D1,FG-R1-expanded-l1__guard-q95-suppress,7,10,2021-06-01,96,1.0,True,195.0,175.4384765625,-19.5615234375,19.5615234375,2021-06-01 09:00:00,2021-06-01 13:45:00,285.0,285.0
D1,FG-R1-expanded-l1__guard-q95-suppress,7,10,2021-06-02,96,1.0,True,191.0,174.74295043945312,-16.257049560546875,16.257049560546875,2021-06-02 10:45:00,2021-06-02 13:30:00,165.0,165.0
D1,FG-R1-expanded-l1__guard-q95-suppress,7,10,2021-06-03,96,1.0,True,181.0,179.28289794921875,-1.71710205078125,1.71710205078125,2021-06-03 08:30:00,2021-06-03 11:00:00,150.0,150.0
D1,FG-R1-expanded-l1__guard-q95-suppress,7,10,2021-06-04,96,1.0,True,173.0,172.4229736328125,-0.5770263671875,0.5770263671875,2021-06-04 10:45:00,2021-06-04 08:30:00,-135.0,135.0
D1,FG-R1-expanded-l1__guard-q95-suppress,7,10,2021-06-05,96,1.0,True,116.0,108.75556672414618,-7.244433275853822,7.244433275853822,2021-06-05 01:45:00,2021-06-05 06:15:00,270.0,270.0
D1,FG-R1-expanded-l1__guard-q95-suppress,7,10,2021-06-06,96,1.0,True,27.0,23.18605656671342,-3.8139434332865783,3.8139434332865783,2021-06-06 01:30:00,2021-06-06 04:00:00,150.0,150.0
D1,FG-R1-expanded-l1__guard-q95-suppress,7,11,2021-05-31,96,1.0,True,172.0,174.924072265625,2.924072265625,2.924072265625,2021-05-31 10:30:00,2021-05-31 09:00:00,-90.0,90.0
D1,FG-R1-expanded-l1__guard-q95-suppress,7,11,2021-06-01,96,1.0,True,195.0,174.6023712158203,-20.397628784179688,20.397628784179688,2021-06-01 09:00:00,2021-06-01 13:45:00,285.0,285.0
D1,FG-R1-expanded-l1__guard-q95-suppress,7,11,2021-06-02,96,1.0,True,191.0,173.26287841796875,-17.73712158203125,17.73712158203125,2021-06-02 10:45:00,2021-06-02 13:45:00,180.0,180.0
D1,FG-R1-expanded-l1__guard-q95-suppress,7,11,2021-06-03,96,1.0,True,181.0,177.42816162109375,-3.57183837890625,3.57183837890625,2021-06-03 08:30:00,2021-06-03 11:00:00,150.0,150.0
D1,FG-R1-expanded-l1__guard-q95-suppress,7,11,2021-06-04,96,1.0,True,173.0,170.93988037109375,-2.06011962890625,2.06011962890625,2021-06-04 10:45:00,2021-06-04 08:30:00,-135.0,135.0
D1,FG-R1-expanded-l1__guard-q95-suppress,7,11,2021-06-05,96,1.0,True,116.0,107.01658895579426,-8.983411044205738,8.983411044205738,2021-06-05 01:45:00,2021-06-05 06:15:00,270.0,270.0
D1,FG-R1-expanded-l1__guard-q95-suppress,7,11,2021-06-06,96,1.0,True,27.0,23.516699266908734,-3.4833007330912658,3.4833007330912658,2021-06-06 01:30:00,2021-06-06 04:15:00,165.0,165.0
D1,FG-R1-expanded-l1__guard-q95-suppress,7,12,2021-05-31,96,1.0,True,172.0,172.21807861328125,0.21807861328125,0.21807861328125,2021-05-31 10:30:00,2021-05-31 09:00:00,-90.0,90.0
D1,FG-R1-expanded-l1__guard-q95-suppress,7,12,2021-06-01,96,1.0,True,195.0,172.16839599609375,-22.83160400390625,22.83160400390625,2021-06-01 09:00:00,2021-06-01 13:30:00,270.0,270.0
D1,FG-R1-expanded-l1__guard-q95-suppress,7,12,2021-06-02,96,1.0,True,191.0,172.37359619140625,-18.62640380859375,18.62640380859375,2021-06-02 10:45:00,2021-06-02 13:45:00,180.0,180.0
D1,FG-R1-expanded-l1__guard-q95-suppress,7,12,2021-06-03,96,1.0,True,181.0,177.80838012695312,-3.191619873046875,3.191619873046875,2021-06-03 08:30:00,2021-06-03 11:00:00,150.0,150.0
D1,FG-R1-expanded-l1__guard-q95-suppress,7,12,2021-06-04,96,1.0,True,173.0,171.302490234375,-1.697509765625,1.697509765625,2021-06-04 10:45:00,2021-06-04 08:30:00,-135.0,135.0
D1,FG-R1-expanded-l1__guard-q95-suppress,7,12,2021-06-05,96,1.0,True,116.0,107.40568044749348,-8.59431955250652,8.59431955250652,2021-06-05 01:45:00,2021-06-05 06:15:00,270.0,270.0
D1,FG-R1-expanded-l1__guard-q95-suppress,7,12,2021-06-06,96,1.0,True,27.0,23.688227129457562,-3.3117728705424376,3.3117728705424376,2021-06-06 01:30:00,2021-06-06 04:30:00,180.0,180.0
D1,FG-R1-expanded-l1__guard-q95-suppress,7,13,2021-05-31,96,1.0,True,172.0,173.47882080078125,1.47882080078125,1.47882080078125,2021-05-31 10:30:00,2021-05-31 09:00:00,-90.0,90.0
D1,FG-R1-expanded-l1__guard-q95-suppress,7,13,2021-06-01,96,1.0,True,195.0,171.55223083496094,-23.447769165039062,23.447769165039062,2021-06-01 09:00:00,2021-06-01 13:45:00,285.0,285.0
D1,FG-R1-expanded-l1__guard-q95-suppress,7,13,2021-06-02,96,1.0,True,191.0,171.0917510986328,-19.908248901367188,19.908248901367188,2021-06-02 10:45:00,2021-06-02 13:30:00,165.0,165.0
D1,FG-R1-expanded-l1__guard-q95-suppress,7,13,2021-06-03,96,1.0,True,181.0,177.08827209472656,-3.9117279052734375,3.9117279052734375,2021-06-03 08:30:00,2021-06-03 10:45:00,135.0,135.0
D1,FG-R1-expanded-l1__guard-q95-suppress,7,13,2021-06-04,96,1.0,True,173.0,170.5872802734375,-2.4127197265625,2.4127197265625,2021-06-04 10:45:00,2021-06-04 11:00:00,15.0,15.0
D1,FG-R1-expanded-l1__guard-q95-suppress,7,13,2021-06-05,96,1.0,True,116.0,108.04403029691287,-7.955969703087135,7.955969703087135,2021-06-05 01:45:00,2021-06-05 06:15:00,270.0,270.0
D1,FG-R1-expanded-l1__guard-q95-suppress,7,13,2021-06-06,96,1.0,True,27.0,23.90847262472804,-3.0915273752719585,3.0915273752719585,2021-06-06 01:30:00,2021-06-06 11:00:00,570.0,570.0
D1,FG-R1-expanded-l1__guard-q95-suppress,7,14,2021-05-31,96,1.0,True,172.0,174.32456970214844,2.3245697021484375,2.3245697021484375,2021-05-31 10:30:00,2021-05-31 09:00:00,-90.0,90.0
D1,FG-R1-expanded-l1__guard-q95-suppress,7,14,2021-06-01,96,1.0,True,195.0,170.3677978515625,-24.6322021484375,24.6322021484375,2021-06-01 09:00:00,2021-06-01 13:30:00,270.0,270.0
D1,FG-R1-expanded-l1__guard-q95-suppress,7,14,2021-06-02,96,1.0,True,191.0,170.85519409179688,-20.144805908203125,20.144805908203125,2021-06-02 10:45:00,2021-06-02 13:30:00,165.0,165.0
D1,FG-R1-expanded-l1__guard-q95-suppress,7,14,2021-06-03,96,1.0,True,181.0,178.83880615234375,-2.16119384765625,2.16119384765625,2021-06-03 08:30:00,2021-06-03 10:45:00,135.0,135.0
D1,FG-R1-expanded-l1__guard-q95-suppress,7,14,2021-06-04,96,1.0,True,173.0,171.57373046875,-1.42626953125,1.42626953125,2021-06-04 10:45:00,2021-06-04 08:30:00,-135.0,135.0
D1,FG-R1-expanded-l1__guard-q95-suppress,7,14,2021-06-05,96,1.0,True,116.0,107.95646773587771,-8.043532264122291,8.043532264122291,2021-06-05 01:45:00,2021-06-05 06:15:00,270.0,270.0
D1,FG-R1-expanded-l1__guard-q95-suppress,7,14,2021-06-06,96,1.0,True,27.0,23.932557363977807,-3.067442636022193,3.067442636022193,2021-06-06 01:30:00,2021-06-06 11:15:00,585.0,585.0
D1,FG-R1-expanded-l1__guard-q95-suppress,7,15,2021-05-31,96,1.0,True,172.0,173.47335815429688,1.473358154296875,1.473358154296875,2021-05-31 10:30:00,2021-05-31 09:00:00,-90.0,90.0
D1,FG-R1-expanded-l1__guard-q95-suppress,7,15,2021-06-01,96,1.0,True,195.0,168.0850830078125,-26.9149169921875,26.9149169921875,2021-06-01 09:00:00,2021-06-01 15:00:00,360.0,360.0
D1,FG-R1-expanded-l1__guard-q95-suppress,7,15,2021-06-02,96,1.0,True,191.0,169.53753662109375,-21.46246337890625,21.46246337890625,2021-06-02 10:45:00,2021-06-02 13:30:00,165.0,165.0
D1,FG-R1-expanded-l1__guard-q95-suppress,7,15,2021-06-03,96,1.0,True,181.0,178.06964111328125,-2.93035888671875,2.93035888671875,2021-06-03 08:30:00,2021-06-03 11:00:00,150.0,150.0
D1,FG-R1-expanded-l1__guard-q95-suppress,7,15,2021-06-04,96,1.0,True,173.0,172.8356475830078,-0.1643524169921875,0.1643524169921875,2021-06-04 10:45:00,2021-06-04 08:30:00,-135.0,135.0
D1,FG-R1-expanded-l1__guard-q95-suppress,7,15,2021-06-05,96,1.0,True,116.0,107.7249232412488,-8.275076758751197,8.275076758751197,2021-06-05 01:45:00,2021-06-05 06:15:00,270.0,270.0
D1,FG-R1-expanded-l1__guard-q95-suppress,7,15,2021-06-06,96,1.0,True,27.0,23.577045060015628,-3.422954939984372,3.422954939984372,2021-06-06 01:30:00,2021-06-06 11:30:00,600.0,600.0
D1,FG-R1-expanded-l1__guard-q95-suppress,7,16,2021-05-31,96,1.0,True,172.0,171.90733337402344,-0.0926666259765625,0.0926666259765625,2021-05-31 10:30:00,2021-05-31 09:00:00,-90.0,90.0
D1,FG-R1-expanded-l1__guard-q95-suppress,7,16,2021-06-01,96,1.0,True,195.0,168.96902465820312,-26.030975341796875,26.030975341796875,2021-06-01 09:00:00,2021-06-01 13:30:00,270.0,270.0
D1,FG-R1-expanded-l1__guard-q95-suppress,7,16,2021-06-02,96,1.0,True,191.0,170.16038513183594,-20.839614868164062,20.839614868164062,2021-06-02 10:45:00,2021-06-02 13:30:00,165.0,165.0
D1,FG-R1-expanded-l1__guard-q95-suppress,7,16,2021-06-03,96,1.0,True,181.0,179.27651977539062,-1.723480224609375,1.723480224609375,2021-06-03 08:30:00,2021-06-03 11:00:00,150.0,150.0
D1,FG-R1-expanded-l1__guard-q95-suppress,7,16,2021-06-04,96,1.0,True,173.0,172.64187622070312,-0.358123779296875,0.358123779296875,2021-06-04 10:45:00,2021-06-04 08:30:00,-135.0,135.0
D1,FG-R1-expanded-l1__guard-q95-suppress,7,16,2021-06-05,96,1.0,True,116.0,108.65068462705669,-7.349315372943309,7.349315372943309,2021-06-05 01:45:00,2021-06-05 06:15:00,270.0,270.0
D1,FG-R1-expanded-l1__guard-q95-suppress,7,16,2021-06-06,96,1.0,True,27.0,24.102957677667707,-2.897042322332293,2.897042322332293,2021-06-06 01:30:00,2021-06-06 07:45:00,375.0,375.0
D1,FG-R1-expanded-l1__guard-q95-suppress,9,4,2021-06-14,96,1.0,True,204.0,181.9609375,-22.0390625,22.0390625,2021-06-14 09:00:00,2021-06-14 15:00:00,360.0,360.0
D1,FG-R1-expanded-l1__guard-q95-suppress,9,4,2021-06-15,96,1.0,True,198.0,186.169921875,-11.830078125,11.830078125,2021-06-15 08:45:00,2021-06-15 09:45:00,60.0,60.0
D1,FG-R1-expanded-l1__guard-q95-suppress,9,4,2021-06-16,96,1.0,True,193.0,182.573486328125,-10.426513671875,10.426513671875,2021-06-16 10:45:00,2021-06-16 09:00:00,-105.0,105.0
D1,FG-R1-expanded-l1__guard-q95-suppress,9,4,2021-06-17,96,1.0,True,197.0,187.45387268066406,-9.546127319335938,9.546127319335938,2021-06-17 08:45:00,2021-06-17 10:00:00,75.0,75.0
D1,FG-R1-expanded-l1__guard-q95-suppress,9,4,2021-06-18,96,1.0,True,186.0,183.67373657226562,-2.326263427734375,2.326263427734375,2021-06-18 10:00:00,2021-06-18 08:30:00,-90.0,90.0
D1,FG-R1-expanded-l1__guard-q95-suppress,9,4,2021-06-19,96,1.0,True,119.0,116.34652349548608,-2.653476504513918,2.653476504513918,2021-06-19 02:15:00,2021-06-19 03:30:00,75.0,75.0
D1,FG-R1-expanded-l1__guard-q95-suppress,9,4,2021-06-20,96,1.0,True,28.0,23.57947979133873,-4.420520208661269,4.420520208661269,2021-06-20 15:15:00,2021-06-20 06:15:00,-540.0,540.0
D1,FG-R1-expanded-l1__guard-q95-suppress,9,5,2021-06-14,96,1.0,True,204.0,180.5606689453125,-23.4393310546875,23.4393310546875,2021-06-14 09:00:00,2021-06-14 15:00:00,360.0,360.0
D1,FG-R1-expanded-l1__guard-q95-suppress,9,5,2021-06-15,96,1.0,True,198.0,187.07032775878906,-10.929672241210938,10.929672241210938,2021-06-15 08:45:00,2021-06-15 10:45:00,120.0,120.0
D1,FG-R1-expanded-l1__guard-q95-suppress,9,5,2021-06-16,96,1.0,True,193.0,180.2988739013672,-12.701126098632812,12.701126098632812,2021-06-16 10:45:00,2021-06-16 09:45:00,-60.0,60.0
D1,FG-R1-expanded-l1__guard-q95-suppress,9,5,2021-06-17,96,1.0,True,197.0,184.76605224609375,-12.23394775390625,12.23394775390625,2021-06-17 08:45:00,2021-06-17 10:00:00,75.0,75.0
D1,FG-R1-expanded-l1__guard-q95-suppress,9,5,2021-06-18,96,1.0,True,186.0,182.66796875,-3.33203125,3.33203125,2021-06-18 10:00:00,2021-06-18 08:45:00,-75.0,75.0
D1,FG-R1-expanded-l1__guard-q95-suppress,9,5,2021-06-19,96,1.0,True,119.0,116.15909216003686,-2.840907839963137,2.840907839963137,2021-06-19 02:15:00,2021-06-19 03:45:00,90.0,90.0
D1,FG-R1-expanded-l1__guard-q95-suppress,9,5,2021-06-20,96,1.0,True,28.0,23.725323297198106,-4.274676702801894,4.274676702801894,2021-06-20 15:15:00,2021-06-20 06:30:00,-525.0,525.0
D1,FG-R1-expanded-l1__guard-q95-suppress,9,6,2021-06-14,96,1.0,True,204.0,177.81402587890625,-26.18597412109375,26.18597412109375,2021-06-14 09:00:00,2021-06-14 15:45:00,405.0,405.0
D1,FG-R1-expanded-l1__guard-q95-suppress,9,6,2021-06-15,96,1.0,True,198.0,186.19094848632812,-11.809051513671875,11.809051513671875,2021-06-15 08:45:00,2021-06-15 11:00:00,135.0,135.0
D1,FG-R1-expanded-l1__guard-q95-suppress,9,6,2021-06-16,96,1.0,True,193.0,179.7107696533203,-13.289230346679688,13.289230346679688,2021-06-16 10:45:00,2021-06-16 08:30:00,-135.0,135.0
D1,FG-R1-expanded-l1__guard-q95-suppress,9,6,2021-06-17,96,1.0,True,197.0,186.9392547607422,-10.060745239257812,10.060745239257812,2021-06-17 08:45:00,2021-06-17 10:45:00,120.0,120.0
D1,FG-R1-expanded-l1__guard-q95-suppress,9,6,2021-06-18,96,1.0,True,186.0,182.6621551513672,-3.3378448486328125,3.3378448486328125,2021-06-18 10:00:00,2021-06-18 08:30:00,-90.0,90.0
D1,FG-R1-expanded-l1__guard-q95-suppress,9,6,2021-06-19,96,1.0,True,119.0,115.98103735046655,-3.0189626495334494,3.0189626495334494,2021-06-19 02:15:00,2021-06-19 03:45:00,90.0,90.0
D1,FG-R1-expanded-l1__guard-q95-suppress,9,6,2021-06-20,96,1.0,True,28.0,23.543607780970383,-4.456392219029617,4.456392219029617,2021-06-20 15:15:00,2021-06-20 23:30:00,495.0,495.0
D1,FG-R1-expanded-l1__guard-q95-suppress,9,7,2021-06-14,96,1.0,True,204.0,176.63499450683594,-27.365005493164062,27.365005493164062,2021-06-14 09:00:00,2021-06-14 16:00:00,420.0,420.0
D1,FG-R1-expanded-l1__guard-q95-suppress,9,7,2021-06-15,96,1.0,True,198.0,187.41143798828125,-10.58856201171875,10.58856201171875,2021-06-15 08:45:00,2021-06-15 10:30:00,105.0,105.0
D1,FG-R1-expanded-l1__guard-q95-suppress,9,7,2021-06-16,96,1.0,True,193.0,180.70542907714844,-12.294570922851562,12.294570922851562,2021-06-16 10:45:00,2021-06-16 08:30:00,-135.0,135.0
D1,FG-R1-expanded-l1__guard-q95-suppress,9,7,2021-06-17,96,1.0,True,197.0,184.45745849609375,-12.54254150390625,12.54254150390625,2021-06-17 08:45:00,2021-06-17 10:45:00,120.0,120.0
D1,FG-R1-expanded-l1__guard-q95-suppress,9,7,2021-06-18,96,1.0,True,186.0,183.20669555664062,-2.793304443359375,2.793304443359375,2021-06-18 10:00:00,2021-06-18 08:30:00,-90.0,90.0
D1,FG-R1-expanded-l1__guard-q95-suppress,9,7,2021-06-19,96,1.0,True,119.0,114.89917394714624,-4.100826052853762,4.100826052853762,2021-06-19 02:15:00,2021-06-19 03:45:00,90.0,90.0
D1,FG-R1-expanded-l1__guard-q95-suppress,9,7,2021-06-20,96,1.0,True,28.0,23.489032669553826,-4.510967330446174,4.510967330446174,2021-06-20 15:15:00,2021-06-20 07:00:00,-495.0,495.0
D1,FG-R1-expanded-l1__guard-q95-suppress,9,8,2021-06-14,96,1.0,True,204.0,177.9178009033203,-26.082199096679688,26.082199096679688,2021-06-14 09:00:00,2021-06-14 11:00:00,120.0,120.0
D1,FG-R1-expanded-l1__guard-q95-suppress,9,8,2021-06-15,96,1.0,True,198.0,190.32106018066406,-7.6789398193359375,7.6789398193359375,2021-06-15 08:45:00,2021-06-15 10:45:00,120.0,120.0
D1,FG-R1-expanded-l1__guard-q95-suppress,9,8,2021-06-16,96,1.0,True,193.0,182.9700164794922,-10.029983520507812,10.029983520507812,2021-06-16 10:45:00,2021-06-16 08:30:00,-135.0,135.0
D1,FG-R1-expanded-l1__guard-q95-suppress,9,8,2021-06-17,96,1.0,True,197.0,185.4278106689453,-11.572189331054688,11.572189331054688,2021-06-17 08:45:00,2021-06-17 10:45:00,120.0,120.0
D1,FG-R1-expanded-l1__guard-q95-suppress,9,8,2021-06-18,96,1.0,True,186.0,184.657470703125,-1.342529296875,1.342529296875,2021-06-18 10:00:00,2021-06-18 08:30:00,-90.0,90.0
D1,FG-R1-expanded-l1__guard-q95-suppress,9,8,2021-06-19,96,1.0,True,119.0,113.8066599090603,-5.193340090939699,5.193340090939699,2021-06-19 02:15:00,2021-06-19 03:45:00,90.0,90.0
D1,FG-R1-expanded-l1__guard-q95-suppress,9,8,2021-06-20,96,1.0,True,28.0,23.482265396604607,-4.517734603395393,4.517734603395393,2021-06-20 15:15:00,2021-06-20 07:15:00,-480.0,480.0
D1,FG-R1-expanded-l1__guard-q95-suppress,9,9,2021-06-14,96,1.0,True,204.0,176.92581176757812,-27.074188232421875,27.074188232421875,2021-06-14 09:00:00,2021-06-14 11:15:00,135.0,135.0
D1,FG-R1-expanded-l1__guard-q95-suppress,9,9,2021-06-15,96,1.0,True,198.0,189.56283569335938,-8.437164306640625,8.437164306640625,2021-06-15 08:45:00,2021-06-15 11:00:00,135.0,135.0
D1,FG-R1-expanded-l1__guard-q95-suppress,9,9,2021-06-16,96,1.0,True,193.0,181.70700073242188,-11.292999267578125,11.292999267578125,2021-06-16 10:45:00,2021-06-16 10:45:00,0.0,0.0
D1,FG-R1-expanded-l1__guard-q95-suppress,9,9,2021-06-17,96,1.0,True,197.0,184.28390502929688,-12.716094970703125,12.716094970703125,2021-06-17 08:45:00,2021-06-17 10:45:00,120.0,120.0
D1,FG-R1-expanded-l1__guard-q95-suppress,9,9,2021-06-18,96,1.0,True,186.0,184.48223876953125,-1.51776123046875,1.51776123046875,2021-06-18 10:00:00,2021-06-18 08:30:00,-90.0,90.0
D1,FG-R1-expanded-l1__guard-q95-suppress,9,9,2021-06-19,96,1.0,True,119.0,113.95682165222436,-5.043178347775637,5.043178347775637,2021-06-19 02:15:00,2021-06-19 04:45:00,150.0,150.0
D1,FG-R1-expanded-l1__guard-q95-suppress,9,9,2021-06-20,96,1.0,True,28.0,23.570163650999138,-4.429836349000862,4.429836349000862,2021-06-20 15:15:00,2021-06-20 07:30:00,-465.0,465.0
D1,FG-R1-expanded-l1__guard-q95-suppress,9,10,2021-06-14,96,1.0,True,204.0,175.848876953125,-28.151123046875,28.151123046875,2021-06-14 09:00:00,2021-06-14 12:00:00,180.0,180.0
D1,FG-R1-expanded-l1__guard-q95-suppress,9,10,2021-06-15,96,1.0,True,198.0,188.982666015625,-9.017333984375,9.017333984375,2021-06-15 08:45:00,2021-06-15 11:15:00,150.0,150.0
D1,FG-R1-expanded-l1__guard-q95-suppress,9,10,2021-06-16,96,1.0,True,193.0,181.82891845703125,-11.17108154296875,11.17108154296875,2021-06-16 10:45:00,2021-06-16 10:45:00,0.0,0.0
D1,FG-R1-expanded-l1__guard-q95-suppress,9,10,2021-06-17,96,1.0,True,197.0,184.76809692382812,-12.231903076171875,12.231903076171875,2021-06-17 08:45:00,2021-06-17 10:45:00,120.0,120.0
D1,FG-R1-expanded-l1__guard-q95-suppress,9,10,2021-06-18,96,1.0,True,186.0,184.21359252929688,-1.786407470703125,1.786407470703125,2021-06-18 10:00:00,2021-06-18 08:30:00,-90.0,90.0
D1,FG-R1-expanded-l1__guard-q95-suppress,9,10,2021-06-19,96,1.0,True,119.0,113.63594457702905,-5.364055422970949,5.364055422970949,2021-06-19 02:15:00,2021-06-19 04:45:00,150.0,150.0
D1,FG-R1-expanded-l1__guard-q95-suppress,9,10,2021-06-20,96,1.0,True,28.0,23.55747596789367,-4.442524032106331,4.442524032106331,2021-06-20 15:15:00,2021-06-20 07:45:00,-450.0,450.0
D1,FG-R1-expanded-l1__guard-q95-suppress,9,11,2021-06-14,96,1.0,True,204.0,177.22679490763855,-26.77320509236145,26.77320509236145,2021-06-14 09:00:00,2021-06-14 09:00:00,0.0,0.0
D1,FG-R1-expanded-l1__guard-q95-suppress,9,11,2021-06-15,96,1.0,True,198.0,187.13790893554688,-10.862091064453125,10.862091064453125,2021-06-15 08:45:00,2021-06-15 11:30:00,165.0,165.0
D1,FG-R1-expanded-l1__guard-q95-suppress,9,11,2021-06-16,96,1.0,True,193.0,182.63966369628906,-10.360336303710938,10.360336303710938,2021-06-16 10:45:00,2021-06-16 10:45:00,0.0,0.0
D1,FG-R1-expanded-l1__guard-q95-suppress,9,11,2021-06-17,96,1.0,True,197.0,183.0267333984375,-13.9732666015625,13.9732666015625,2021-06-17 08:45:00,2021-06-17 10:45:00,120.0,120.0
D1,FG-R1-expanded-l1__guard-q95-suppress,9,11,2021-06-18,96,1.0,True,186.0,182.8426971435547,-3.1573028564453125,3.1573028564453125,2021-06-18 10:00:00,2021-06-18 08:45:00,-75.0,75.0
D1,FG-R1-expanded-l1__guard-q95-suppress,9,11,2021-06-19,96,1.0,True,119.0,113.5888920486477,-5.411107951352307,5.411107951352307,2021-06-19 02:15:00,2021-06-19 03:45:00,90.0,90.0
D1,FG-R1-expanded-l1__guard-q95-suppress,9,11,2021-06-20,96,1.0,True,28.0,23.895786209592888,-4.104213790407112,4.104213790407112,2021-06-20 15:15:00,2021-06-20 18:00:00,165.0,165.0
D1,FG-R1-expanded-l1__guard-q95-suppress,9,12,2021-06-14,96,1.0,True,204.0,176.4878422709198,-27.5121577290802,27.5121577290802,2021-06-14 09:00:00,2021-06-14 09:00:00,0.0,0.0
D1,FG-R1-expanded-l1__guard-q95-suppress,9,12,2021-06-15,96,1.0,True,198.0,186.69430541992188,-11.305694580078125,11.305694580078125,2021-06-15 08:45:00,2021-06-15 11:45:00,180.0,180.0
D1,FG-R1-expanded-l1__guard-q95-suppress,9,12,2021-06-16,96,1.0,True,193.0,181.7623291015625,-11.2376708984375,11.2376708984375,2021-06-16 10:45:00,2021-06-16 11:00:00,15.0,15.0
D1,FG-R1-expanded-l1__guard-q95-suppress,9,12,2021-06-17,96,1.0,True,197.0,184.63320922851562,-12.366790771484375,12.366790771484375,2021-06-17 08:45:00,2021-06-17 10:45:00,120.0,120.0
D1,FG-R1-expanded-l1__guard-q95-suppress,9,12,2021-06-18,96,1.0,True,186.0,182.33908081054688,-3.660919189453125,3.660919189453125,2021-06-18 10:00:00,2021-06-18 08:30:00,-90.0,90.0
D1,FG-R1-expanded-l1__guard-q95-suppress,9,12,2021-06-19,96,1.0,True,119.0,114.4312763870266,-4.5687236129734,4.5687236129734,2021-06-19 02:15:00,2021-06-19 03:45:00,90.0,90.0
D1,FG-R1-expanded-l1__guard-q95-suppress,9,12,2021-06-20,96,1.0,True,28.0,24.056842728147576,-3.9431572718524244,3.9431572718524244,2021-06-20 15:15:00,2021-06-20 18:15:00,180.0,180.0
D1,FG-R1-expanded-l1__guard-q95-suppress,9,13,2021-06-14,96,1.0,True,204.0,175.78500366210938,-28.214996337890625,28.214996337890625,2021-06-14 09:00:00,2021-06-14 13:45:00,285.0,285.0
D1,FG-R1-expanded-l1__guard-q95-suppress,9,13,2021-06-15,96,1.0,True,198.0,184.594970703125,-13.405029296875,13.405029296875,2021-06-15 08:45:00,2021-06-15 11:45:00,180.0,180.0
D1,FG-R1-expanded-l1__guard-q95-suppress,9,13,2021-06-16,96,1.0,True,193.0,180.6492919921875,-12.3507080078125,12.3507080078125,2021-06-16 10:45:00,2021-06-16 09:00:00,-105.0,105.0
D1,FG-R1-expanded-l1__guard-q95-suppress,9,13,2021-06-17,96,1.0,True,197.0,182.63021850585938,-14.369781494140625,14.369781494140625,2021-06-17 08:45:00,2021-06-17 11:00:00,135.0,135.0
D1,FG-R1-expanded-l1__guard-q95-suppress,9,13,2021-06-18,96,1.0,True,186.0,182.40887451171875,-3.59112548828125,3.59112548828125,2021-06-18 10:00:00,2021-06-18 08:45:00,-75.0,75.0
D1,FG-R1-expanded-l1__guard-q95-suppress,9,13,2021-06-19,96,1.0,True,119.0,114.05011727600365,-4.949882723996353,4.949882723996353,2021-06-19 02:15:00,2021-06-19 03:45:00,90.0,90.0
D1,FG-R1-expanded-l1__guard-q95-suppress,9,13,2021-06-20,96,1.0,True,28.0,24.140743179807732,-3.859256820192268,3.859256820192268,2021-06-20 15:15:00,2021-06-20 18:30:00,195.0,195.0
D1,FG-R1-expanded-l1__guard-q95-suppress,9,14,2021-06-14,96,1.0,True,204.0,175.56198120117188,-28.438018798828125,28.438018798828125,2021-06-14 09:00:00,2021-06-14 13:45:00,285.0,285.0
D1,FG-R1-expanded-l1__guard-q95-suppress,9,14,2021-06-15,96,1.0,True,198.0,182.93626403808594,-15.063735961914062,15.063735961914062,2021-06-15 08:45:00,2021-06-15 10:45:00,120.0,120.0
D1,FG-R1-expanded-l1__guard-q95-suppress,9,14,2021-06-16,96,1.0,True,193.0,180.848388671875,-12.151611328125,12.151611328125,2021-06-16 10:45:00,2021-06-16 09:45:00,-60.0,60.0
D1,FG-R1-expanded-l1__guard-q95-suppress,9,14,2021-06-17,96,1.0,True,197.0,180.9568328857422,-16.043167114257812,16.043167114257812,2021-06-17 08:45:00,2021-06-17 10:45:00,120.0,120.0
D1,FG-R1-expanded-l1__guard-q95-suppress,9,14,2021-06-18,96,1.0,True,186.0,181.4833526611328,-4.5166473388671875,4.5166473388671875,2021-06-18 10:00:00,2021-06-18 08:45:00,-75.0,75.0
D1,FG-R1-expanded-l1__guard-q95-suppress,9,14,2021-06-19,96,1.0,True,119.0,114.27499586944847,-4.725004130551525,4.725004130551525,2021-06-19 02:15:00,2021-06-19 03:45:00,90.0,90.0
D1,FG-R1-expanded-l1__guard-q95-suppress,9,14,2021-06-20,96,1.0,True,28.0,23.963474197874138,-4.036525802125862,4.036525802125862,2021-06-20 15:15:00,2021-06-20 18:45:00,210.0,210.0
D1,FG-R1-expanded-l1__guard-q95-suppress,9,15,2021-06-14,96,1.0,True,204.0,174.1446990966797,-29.855300903320312,29.855300903320312,2021-06-14 09:00:00,2021-06-14 13:45:00,285.0,285.0
D1,FG-R1-expanded-l1__guard-q95-suppress,9,15,2021-06-15,96,1.0,True,198.0,183.59754943847656,-14.402450561523438,14.402450561523438,2021-06-15 08:45:00,2021-06-15 09:00:00,15.0,15.0
D1,FG-R1-expanded-l1__guard-q95-suppress,9,15,2021-06-16,96,1.0,True,193.0,181.4980926513672,-11.501907348632812,11.501907348632812,2021-06-16 10:45:00,2021-06-16 09:00:00,-105.0,105.0
D1,FG-R1-expanded-l1__guard-q95-suppress,9,15,2021-06-17,96,1.0,True,197.0,180.36671447753906,-16.633285522460938,16.633285522460938,2021-06-17 08:45:00,2021-06-17 10:45:00,120.0,120.0
D1,FG-R1-expanded-l1__guard-q95-suppress,9,15,2021-06-18,96,1.0,True,186.0,181.94619750976562,-4.053802490234375,4.053802490234375,2021-06-18 10:00:00,2021-06-18 08:45:00,-75.0,75.0
D1,FG-R1-expanded-l1__guard-q95-suppress,9,15,2021-06-19,96,1.0,True,119.0,113.51207372741968,-5.487926272580324,5.487926272580324,2021-06-19 02:15:00,2021-06-19 03:45:00,90.0,90.0
D1,FG-R1-expanded-l1__guard-q95-suppress,9,15,2021-06-20,96,1.0,True,28.0,23.79155883147364,-4.20844116852636,4.20844116852636,2021-06-20 15:15:00,2021-06-20 23:00:00,465.0,465.0
D1,FG-R1-expanded-l1__guard-q95-suppress,9,16,2021-06-14,96,1.0,True,204.0,173.53366088867188,-30.466339111328125,30.466339111328125,2021-06-14 09:00:00,2021-06-14 14:45:00,345.0,345.0
D1,FG-R1-expanded-l1__guard-q95-suppress,9,16,2021-06-15,96,1.0,True,198.0,183.425081469191,-14.574918530808986,14.574918530808986,2021-06-15 08:45:00,2021-06-15 13:30:00,285.0,285.0
D1,FG-R1-expanded-l1__guard-q95-suppress,9,16,2021-06-16,96,1.0,True,193.0,182.49609375,-10.50390625,10.50390625,2021-06-16 10:45:00,2021-06-16 10:45:00,0.0,0.0
D1,FG-R1-expanded-l1__guard-q95-suppress,9,16,2021-06-17,96,1.0,True,197.0,179.82037353515625,-17.17962646484375,17.17962646484375,2021-06-17 08:45:00,2021-06-17 10:45:00,120.0,120.0
D1,FG-R1-expanded-l1__guard-q95-suppress,9,16,2021-06-18,96,1.0,True,186.0,180.83929443359375,-5.16070556640625,5.16070556640625,2021-06-18 10:00:00,2021-06-18 08:45:00,-75.0,75.0
D1,FG-R1-expanded-l1__guard-q95-suppress,9,16,2021-06-19,96,1.0,True,119.0,114.33707067566186,-4.662929324338137,4.662929324338137,2021-06-19 02:15:00,2021-06-19 03:45:00,90.0,90.0
D1,FG-R1-expanded-l1__guard-q95-suppress,9,16,2021-06-20,96,1.0,True,28.0,23.464456170340828,-4.535543829659172,4.535543829659172,2021-06-20 15:15:00,2021-06-20 23:15:00,480.0,480.0
D1,FG-R1-expanded-l1__guard-q95-suppress,11,4,2021-06-28,96,1.0,True,198.0,195.3317413330078,-2.6682586669921875,2.6682586669921875,2021-06-28 09:00:00,2021-06-28 08:45:00,-15.0,15.0
D1,FG-R1-expanded-l1__guard-q95-suppress,11,4,2021-06-29,96,1.0,True,222.0,186.51544189453125,-35.48455810546875,35.48455810546875,2021-06-29 08:30:00,2021-06-29 09:30:00,60.0,60.0
D1,FG-R1-expanded-l1__guard-q95-suppress,11,4,2021-06-30,96,1.0,True,193.0,181.95643615722656,-11.043563842773438,11.043563842773438,2021-06-30 09:00:00,2021-06-30 08:30:00,-30.0,30.0
D1,FG-R1-expanded-l1__guard-q95-suppress,11,4,2021-07-01,96,1.0,True,206.0,183.93637084960938,-22.063629150390625,22.063629150390625,2021-07-01 14:00:00,2021-07-01 15:45:00,105.0,105.0
D1,FG-R1-expanded-l1__guard-q95-suppress,11,4,2021-07-02,96,1.0,True,187.0,176.22213745117188,-10.777862548828125,10.777862548828125,2021-07-02 09:15:00,2021-07-02 08:45:00,-30.0,30.0
D1,FG-R1-expanded-l1__guard-q95-suppress,11,4,2021-07-03,96,1.0,True,112.0,111.59291843809217,-0.4070815619078303,0.4070815619078303,2021-07-03 04:15:00,2021-07-03 01:45:00,-150.0,150.0
D1,FG-R1-expanded-l1__guard-q95-suppress,11,4,2021-07-04,96,1.0,True,28.0,23.798955883447334,-4.201044116552666,4.201044116552666,2021-07-04 08:30:00,2021-07-04 22:45:00,855.0,855.0
D1,FG-R1-expanded-l1__guard-q95-suppress,11,5,2021-06-28,96,1.0,True,198.0,196.6011962890625,-1.3988037109375,1.3988037109375,2021-06-28 09:00:00,2021-06-28 09:00:00,0.0,0.0
D1,FG-R1-expanded-l1__guard-q95-suppress,11,5,2021-06-29,96,1.0,True,222.0,184.99850463867188,-37.001495361328125,37.001495361328125,2021-06-29 08:30:00,2021-06-29 09:45:00,75.0,75.0
D1,FG-R1-expanded-l1__guard-q95-suppress,11,5,2021-06-30,96,1.0,True,193.0,184.7907257080078,-8.209274291992188,8.209274291992188,2021-06-30 09:00:00,2021-06-30 08:30:00,-30.0,30.0
D1,FG-R1-expanded-l1__guard-q95-suppress,11,5,2021-07-01,96,1.0,True,206.0,182.60263061523438,-23.397369384765625,23.397369384765625,2021-07-01 14:00:00,2021-07-01 15:45:00,105.0,105.0
D1,FG-R1-expanded-l1__guard-q95-suppress,11,5,2021-07-02,96,1.0,True,187.0,178.83743286132812,-8.162567138671875,8.162567138671875,2021-07-02 09:15:00,2021-07-02 08:45:00,-30.0,30.0
D1,FG-R1-expanded-l1__guard-q95-suppress,11,5,2021-07-03,96,1.0,True,112.0,111.6937529339506,-0.30624706604939433,0.30624706604939433,2021-07-03 04:15:00,2021-07-03 02:00:00,-135.0,135.0
D1,FG-R1-expanded-l1__guard-q95-suppress,11,5,2021-07-04,96,1.0,True,28.0,23.880440347638846,-4.119559652361154,4.119559652361154,2021-07-04 08:30:00,2021-07-04 23:00:00,870.0,870.0
D1,FG-R1-expanded-l1__guard-q95-suppress,11,6,2021-06-28,96,1.0,True,198.0,197.10165405273438,-0.898345947265625,0.898345947265625,2021-06-28 09:00:00,2021-06-28 08:45:00,-15.0,15.0
D1,FG-R1-expanded-l1__guard-q95-suppress,11,6,2021-06-29,96,1.0,True,222.0,184.64332580566406,-37.35667419433594,37.35667419433594,2021-06-29 08:30:00,2021-06-29 13:45:00,315.0,315.0
D1,FG-R1-expanded-l1__guard-q95-suppress,11,6,2021-06-30,96,1.0,True,193.0,183.16940307617188,-9.830596923828125,9.830596923828125,2021-06-30 09:00:00,2021-06-30 08:30:00,-30.0,30.0
D1,FG-R1-expanded-l1__guard-q95-suppress,11,6,2021-07-01,96,1.0,True,206.0,182.74378967285156,-23.256210327148438,23.256210327148438,2021-07-01 14:00:00,2021-07-01 15:45:00,105.0,105.0
D1,FG-R1-expanded-l1__guard-q95-suppress,11,6,2021-07-02,96,1.0,True,187.0,178.5745391845703,-8.425460815429688,8.425460815429688,2021-07-02 09:15:00,2021-07-02 09:00:00,-15.0,15.0
D1,FG-R1-expanded-l1__guard-q95-suppress,11,6,2021-07-03,96,1.0,True,112.0,110.90382352592863,-1.0961764740713704,1.0961764740713704,2021-07-03 04:15:00,2021-07-03 02:00:00,-135.0,135.0
D1,FG-R1-expanded-l1__guard-q95-suppress,11,6,2021-07-04,96,1.0,True,28.0,23.685504744643165,-4.314495255356835,4.314495255356835,2021-07-04 08:30:00,2021-07-04 23:15:00,885.0,885.0
D1,FG-R1-expanded-l1__guard-q95-suppress,11,7,2021-06-28,96,1.0,True,198.0,198.37203979492188,0.372039794921875,0.372039794921875,2021-06-28 09:00:00,2021-06-28 09:00:00,0.0,0.0
D1,FG-R1-expanded-l1__guard-q95-suppress,11,7,2021-06-29,96,1.0,True,222.0,183.18788146972656,-38.81211853027344,38.81211853027344,2021-06-29 08:30:00,2021-06-29 10:45:00,135.0,135.0
D1,FG-R1-expanded-l1__guard-q95-suppress,11,7,2021-06-30,96,1.0,True,193.0,181.0867156982422,-11.913284301757812,11.913284301757812,2021-06-30 09:00:00,2021-06-30 08:45:00,-15.0,15.0
D1,FG-R1-expanded-l1__guard-q95-suppress,11,7,2021-07-01,96,1.0,True,206.0,181.99310302734375,-24.00689697265625,24.00689697265625,2021-07-01 14:00:00,2021-07-01 15:45:00,105.0,105.0
D1,FG-R1-expanded-l1__guard-q95-suppress,11,7,2021-07-02,96,1.0,True,187.0,177.9425048828125,-9.0574951171875,9.0574951171875,2021-07-02 09:15:00,2021-07-02 09:00:00,-15.0,15.0
D1,FG-R1-expanded-l1__guard-q95-suppress,11,7,2021-07-03,96,1.0,True,112.0,110.39154690324617,-1.6084530967538342,1.6084530967538342,2021-07-03 04:15:00,2021-07-03 02:00:00,-135.0,135.0
D1,FG-R1-expanded-l1__guard-q95-suppress,11,7,2021-07-04,96,1.0,True,28.0,23.712502552709758,-4.287497447290242,4.287497447290242,2021-07-04 08:30:00,2021-07-04 23:45:00,915.0,915.0
D1,FG-R1-expanded-l1__guard-q95-suppress,11,8,2021-06-28,96,1.0,True,198.0,199.35671997070312,1.356719970703125,1.356719970703125,2021-06-28 09:00:00,2021-06-28 09:00:00,0.0,0.0
D1,FG-R1-expanded-l1__guard-q95-suppress,11,8,2021-06-29,96,1.0,True,222.0,185.4305877685547,-36.56941223144531,36.56941223144531,2021-06-29 08:30:00,2021-06-29 10:45:00,135.0,135.0
D1,FG-R1-expanded-l1__guard-q95-suppress,11,8,2021-06-30,96,1.0,True,193.0,180.7960662841797,-12.203933715820312,12.203933715820312,2021-06-30 09:00:00,2021-06-30 08:30:00,-30.0,30.0
D1,FG-R1-expanded-l1__guard-q95-suppress,11,8,2021-07-01,96,1.0,True,206.0,181.04681396484375,-24.95318603515625,24.95318603515625,2021-07-01 14:00:00,2021-07-01 14:00:00,0.0,0.0
D1,FG-R1-expanded-l1__guard-q95-suppress,11,8,2021-07-02,96,1.0,True,187.0,177.42636108398438,-9.573638916015625,9.573638916015625,2021-07-02 09:15:00,2021-07-02 11:15:00,120.0,120.0
D1,FG-R1-expanded-l1__guard-q95-suppress,11,8,2021-07-03,96,1.0,True,112.0,110.59263638709588,-1.4073636129041205,1.4073636129041205,2021-07-03 04:15:00,2021-07-03 02:15:00,-120.0,120.0
D1,FG-R1-expanded-l1__guard-q95-suppress,11,8,2021-07-04,96,1.0,True,28.0,24.028120444475285,-3.9718795555247155,3.9718795555247155,2021-07-04 08:30:00,2021-07-04 23:45:00,915.0,915.0
D1,FG-R1-expanded-l1__guard-q95-suppress,11,9,2021-06-28,96,1.0,True,198.0,201.54864501953125,3.54864501953125,3.54864501953125,2021-06-28 09:00:00,2021-06-28 09:00:00,0.0,0.0
D1,FG-R1-expanded-l1__guard-q95-suppress,11,9,2021-06-29,96,1.0,True,222.0,185.13845825195312,-36.861541748046875,36.861541748046875,2021-06-29 08:30:00,2021-06-29 10:45:00,135.0,135.0
D1,FG-R1-expanded-l1__guard-q95-suppress,11,9,2021-06-30,96,1.0,True,193.0,181.0641632080078,-11.935836791992188,11.935836791992188,2021-06-30 09:00:00,2021-06-30 11:45:00,165.0,165.0
D1,FG-R1-expanded-l1__guard-q95-suppress,11,9,2021-07-01,96,1.0,True,206.0,180.79917907714844,-25.200820922851562,25.200820922851562,2021-07-01 14:00:00,2021-07-01 14:00:00,0.0,0.0
D1,FG-R1-expanded-l1__guard-q95-suppress,11,9,2021-07-02,96,1.0,True,187.0,179.04049682617188,-7.959503173828125,7.959503173828125,2021-07-02 09:15:00,2021-07-02 14:00:00,285.0,285.0
D1,FG-R1-expanded-l1__guard-q95-suppress,11,9,2021-07-03,96,1.0,True,112.0,110.32653073524041,-1.6734692647595892,1.6734692647595892,2021-07-03 04:15:00,2021-07-03 02:15:00,-120.0,120.0
D1,FG-R1-expanded-l1__guard-q95-suppress,11,9,2021-07-04,96,1.0,True,28.0,23.907133359739206,-4.0928666402607945,4.0928666402607945,2021-07-04 08:30:00,2021-07-04 23:45:00,915.0,915.0
D1,FG-R1-expanded-l1__guard-q95-suppress,11,10,2021-06-28,96,1.0,True,198.0,204.34271240234375,6.34271240234375,6.34271240234375,2021-06-28 09:00:00,2021-06-28 08:45:00,-15.0,15.0
D1,FG-R1-expanded-l1__guard-q95-suppress,11,10,2021-06-29,96,1.0,True,222.0,183.02291870117188,-38.977081298828125,38.977081298828125,2021-06-29 08:30:00,2021-06-29 15:45:00,435.0,435.0
D1,FG-R1-expanded-l1__guard-q95-suppress,11,10,2021-06-30,96,1.0,True,193.0,183.86224365234375,-9.13775634765625,9.13775634765625,2021-06-30 09:00:00,2021-06-30 08:30:00,-30.0,30.0
D1,FG-R1-expanded-l1__guard-q95-suppress,11,10,2021-07-01,96,1.0,True,206.0,181.08023071289062,-24.919769287109375,24.919769287109375,2021-07-01 14:00:00,2021-07-01 14:00:00,0.0,0.0
D1,FG-R1-expanded-l1__guard-q95-suppress,11,10,2021-07-02,96,1.0,True,187.0,180.2591094970703,-6.7408905029296875,6.7408905029296875,2021-07-02 09:15:00,2021-07-02 09:00:00,-15.0,15.0
D1,FG-R1-expanded-l1__guard-q95-suppress,11,10,2021-07-03,96,1.0,True,112.0,110.46379564147324,-1.53620435852676,1.53620435852676,2021-07-03 04:15:00,2021-07-03 02:00:00,-135.0,135.0
D1,FG-R1-expanded-l1__guard-q95-suppress,11,10,2021-07-04,96,1.0,True,28.0,23.952262244622137,-4.047737755377863,4.047737755377863,2021-07-04 08:30:00,2021-07-04 02:45:00,-345.0,345.0
D1,FG-R1-expanded-l1__guard-q95-suppress,11,11,2021-06-28,96,1.0,True,198.0,205.13648986816406,7.1364898681640625,7.1364898681640625,2021-06-28 09:00:00,2021-06-28 09:00:00,0.0,0.0
D1,FG-R1-expanded-l1__guard-q95-suppress,11,11,2021-06-29,96,1.0,True,222.0,183.31991577148438,-38.680084228515625,38.680084228515625,2021-06-29 08:30:00,2021-06-29 11:30:00,180.0,180.0
D1,FG-R1-expanded-l1__guard-q95-suppress,11,11,2021-06-30,96,1.0,True,193.0,182.95375061035156,-10.046249389648438,10.046249389648438,2021-06-30 09:00:00,2021-06-30 08:30:00,-30.0,30.0
D1,FG-R1-expanded-l1__guard-q95-suppress,11,11,2021-07-01,96,1.0,True,206.0,179.87704467773438,-26.122955322265625,26.122955322265625,2021-07-01 14:00:00,2021-07-01 14:00:00,0.0,0.0
D1,FG-R1-expanded-l1__guard-q95-suppress,11,11,2021-07-02,96,1.0,True,187.0,180.73123168945312,-6.268768310546875,6.268768310546875,2021-07-02 09:15:00,2021-07-02 09:00:00,-15.0,15.0
D1,FG-R1-expanded-l1__guard-q95-suppress,11,11,2021-07-03,96,1.0,True,112.0,110.1607067714915,-1.8392932285084953,1.8392932285084953,2021-07-03 04:15:00,2021-07-03 01:45:00,-150.0,150.0
D1,FG-R1-expanded-l1__guard-q95-suppress,11,11,2021-07-04,96,1.0,True,28.0,24.254012131251475,-3.745987868748525,3.745987868748525,2021-07-04 08:30:00,2021-07-04 18:00:00,570.0,570.0
D1,FG-R1-expanded-l1__guard-q95-suppress,11,12,2021-06-28,96,1.0,True,198.0,205.7186279296875,7.7186279296875,7.7186279296875,2021-06-28 09:00:00,2021-06-28 08:45:00,-15.0,15.0
D1,FG-R1-expanded-l1__guard-q95-suppress,11,12,2021-06-29,96,1.0,True,222.0,184.85044860839844,-37.14955139160156,37.14955139160156,2021-06-29 08:30:00,2021-06-29 11:45:00,195.0,195.0
D1,FG-R1-expanded-l1__guard-q95-suppress,11,12,2021-06-30,96,1.0,True,193.0,181.48289489746094,-11.517105102539062,11.517105102539062,2021-06-30 09:00:00,2021-06-30 08:30:00,-30.0,30.0
D1,FG-R1-expanded-l1__guard-q95-suppress,11,12,2021-07-01,96,1.0,True,206.0,178.98788452148438,-27.012115478515625,27.012115478515625,2021-07-01 14:00:00,2021-07-01 14:00:00,0.0,0.0
D1,FG-R1-expanded-l1__guard-q95-suppress,11,12,2021-07-02,96,1.0,True,187.0,180.60385131835938,-6.396148681640625,6.396148681640625,2021-07-02 09:15:00,2021-07-02 09:00:00,-15.0,15.0
D1,FG-R1-expanded-l1__guard-q95-suppress,11,12,2021-07-03,96,1.0,True,112.0,111.47227405649816,-0.5277259435018351,0.5277259435018351,2021-07-03 04:15:00,2021-07-03 02:00:00,-135.0,135.0
D1,FG-R1-expanded-l1__guard-q95-suppress,11,12,2021-07-04,96,1.0,True,28.0,24.55529584341364,-3.4447041565863614,3.4447041565863614,2021-07-04 08:30:00,2021-07-04 11:30:00,180.0,180.0
D1,FG-R1-expanded-l1__guard-q95-suppress,11,13,2021-06-28,96,1.0,True,198.0,206.1178436279297,8.117843627929688,8.117843627929688,2021-06-28 09:00:00,2021-06-28 09:00:00,0.0,0.0
D1,FG-R1-expanded-l1__guard-q95-suppress,11,13,2021-06-29,96,1.0,True,222.0,185.51025390625,-36.48974609375,36.48974609375,2021-06-29 08:30:00,2021-06-29 11:45:00,195.0,195.0
D1,FG-R1-expanded-l1__guard-q95-suppress,11,13,2021-06-30,96,1.0,True,193.0,181.88906860351562,-11.110931396484375,11.110931396484375,2021-06-30 09:00:00,2021-06-30 08:45:00,-15.0,15.0
D1,FG-R1-expanded-l1__guard-q95-suppress,11,13,2021-07-01,96,1.0,True,206.0,179.2186279296875,-26.7813720703125,26.7813720703125,2021-07-01 14:00:00,2021-07-01 14:00:00,0.0,0.0
D1,FG-R1-expanded-l1__guard-q95-suppress,11,13,2021-07-02,96,1.0,True,187.0,178.63014221191406,-8.369857788085938,8.369857788085938,2021-07-02 09:15:00,2021-07-02 09:00:00,-15.0,15.0
D1,FG-R1-expanded-l1__guard-q95-suppress,11,13,2021-07-03,96,1.0,True,112.0,113.64723229090092,1.6472322909009165,1.6472322909009165,2021-07-03 04:15:00,2021-07-03 01:45:00,-150.0,150.0
D1,FG-R1-expanded-l1__guard-q95-suppress,11,13,2021-07-04,96,1.0,True,28.0,24.85881391510079,-3.1411860848992106,3.1411860848992106,2021-07-04 08:30:00,2021-07-04 11:45:00,195.0,195.0
D1,FG-R1-expanded-l1__guard-q95-suppress,11,14,2021-06-28,96,1.0,True,198.0,205.66053771972656,7.6605377197265625,7.6605377197265625,2021-06-28 09:00:00,2021-06-28 09:00:00,0.0,0.0
D1,FG-R1-expanded-l1__guard-q95-suppress,11,14,2021-06-29,96,1.0,True,222.0,185.68057250976562,-36.319427490234375,36.319427490234375,2021-06-29 08:30:00,2021-06-29 12:00:00,210.0,210.0
D1,FG-R1-expanded-l1__guard-q95-suppress,11,14,2021-06-30,96,1.0,True,193.0,182.0250244140625,-10.9749755859375,10.9749755859375,2021-06-30 09:00:00,2021-06-30 08:30:00,-30.0,30.0
D1,FG-R1-expanded-l1__guard-q95-suppress,11,14,2021-07-01,96,1.0,True,206.0,178.5942840576172,-27.405715942382812,27.405715942382812,2021-07-01 14:00:00,2021-07-01 14:00:00,0.0,0.0
D1,FG-R1-expanded-l1__guard-q95-suppress,11,14,2021-07-02,96,1.0,True,187.0,179.89248657226562,-7.107513427734375,7.107513427734375,2021-07-02 09:15:00,2021-07-02 09:00:00,-15.0,15.0
D1,FG-R1-expanded-l1__guard-q95-suppress,11,14,2021-07-03,96,1.0,True,112.0,114.13999769602476,2.139997696024764,2.139997696024764,2021-07-03 04:15:00,2021-07-03 02:00:00,-135.0,135.0
D1,FG-R1-expanded-l1__guard-q95-suppress,11,14,2021-07-04,96,1.0,True,28.0,24.66380659088204,-3.3361934091179606,3.3361934091179606,2021-07-04 08:30:00,2021-07-04 12:00:00,210.0,210.0
D1,FG-R1-expanded-l1__guard-q95-suppress,11,15,2021-06-28,96,1.0,True,198.0,204.35089111328125,6.35089111328125,6.35089111328125,2021-06-28 09:00:00,2021-06-28 09:00:00,0.0,0.0
D1,FG-R1-expanded-l1__guard-q95-suppress,11,15,2021-06-29,96,1.0,True,222.0,181.47079467773438,-40.529205322265625,40.529205322265625,2021-06-29 08:30:00,2021-06-29 12:00:00,210.0,210.0
D1,FG-R1-expanded-l1__guard-q95-suppress,11,15,2021-06-30,96,1.0,True,193.0,183.18463134765625,-9.81536865234375,9.81536865234375,2021-06-30 09:00:00,2021-06-30 08:30:00,-30.0,30.0
D1,FG-R1-expanded-l1__guard-q95-suppress,11,15,2021-07-01,96,1.0,True,206.0,178.3429718017578,-27.657028198242188,27.657028198242188,2021-07-01 14:00:00,2021-07-01 08:45:00,-315.0,315.0
D1,FG-R1-expanded-l1__guard-q95-suppress,11,15,2021-07-02,96,1.0,True,187.0,179.69973754882812,-7.300262451171875,7.300262451171875,2021-07-02 09:15:00,2021-07-02 09:00:00,-15.0,15.0
D1,FG-R1-expanded-l1__guard-q95-suppress,11,15,2021-07-03,96,1.0,True,112.0,113.79803400688893,1.7980340068889262,1.7980340068889262,2021-07-03 04:15:00,2021-07-03 02:15:00,-120.0,120.0
D1,FG-R1-expanded-l1__guard-q95-suppress,11,15,2021-07-04,96,1.0,True,28.0,24.49655018997118,-3.503449810028819,3.503449810028819,2021-07-04 08:30:00,2021-07-04 15:30:00,420.0,420.0
D1,FG-R1-expanded-l1__guard-q95-suppress,11,16,2021-06-28,96,1.0,True,198.0,203.604248046875,5.604248046875,5.604248046875,2021-06-28 09:00:00,2021-06-28 09:00:00,0.0,0.0
D1,FG-R1-expanded-l1__guard-q95-suppress,11,16,2021-06-29,96,1.0,True,222.0,180.8992156982422,-41.10078430175781,41.10078430175781,2021-06-29 08:30:00,2021-06-29 14:00:00,330.0,330.0
D1,FG-R1-expanded-l1__guard-q95-suppress,11,16,2021-06-30,96,1.0,True,193.0,183.0489501953125,-9.9510498046875,9.9510498046875,2021-06-30 09:00:00,2021-06-30 08:30:00,-30.0,30.0
D1,FG-R1-expanded-l1__guard-q95-suppress,11,16,2021-07-01,96,1.0,True,206.0,178.46099853515625,-27.53900146484375,27.53900146484375,2021-07-01 14:00:00,2021-07-01 14:00:00,0.0,0.0
D1,FG-R1-expanded-l1__guard-q95-suppress,11,16,2021-07-02,96,1.0,True,187.0,179.23159790039062,-7.768402099609375,7.768402099609375,2021-07-02 09:15:00,2021-07-02 09:00:00,-15.0,15.0
D1,FG-R1-expanded-l1__guard-q95-suppress,11,16,2021-07-03,96,1.0,True,112.0,113.32838589603497,1.3283858960349733,1.3283858960349733,2021-07-03 04:15:00,2021-07-03 02:15:00,-120.0,120.0
D1,FG-R1-expanded-l1__guard-q95-suppress,11,16,2021-07-04,96,1.0,True,28.0,23.982549012250917,-4.017450987749083,4.017450987749083,2021-07-04 08:30:00,2021-07-04 15:45:00,435.0,435.0
D1,FG-R1-expanded-l1__guard-q95-suppress,13,4,2021-07-12,96,1.0,True,198.0,186.96738199646447,-11.032618003535532,11.032618003535532,2021-07-12 08:45:00,2021-07-12 10:30:00,105.0,105.0
D1,FG-R1-expanded-l1__guard-q95-suppress,13,4,2021-07-13,1,0.010416666666666666,False,79.0,88.18750740824908,9.187507408249076,9.187507408249076,2021-07-13 00:00:00,2021-07-13 00:00:00,0.0,0.0
D1,FG-R1-expanded-l1__guard-q95-suppress,13,4,2021-07-17,92,0.9583333333333334,False,110.0,106.88869448780574,-3.1113055121942637,3.1113055121942637,2021-07-17 01:30:00,2021-07-17 02:15:00,45.0,45.0
D1,FG-R1-expanded-l1__guard-q95-suppress,13,4,2021-07-18,96,1.0,True,28.0,24.76116755254541,-3.238832447454591,3.238832447454591,2021-07-18 01:15:00,2021-07-18 02:15:00,60.0,60.0
D1,FG-R1-expanded-l1__guard-q95-suppress,13,5,2021-07-12,96,1.0,True,198.0,187.87624248490008,-10.123757515099925,10.123757515099925,2021-07-12 08:45:00,2021-07-12 10:30:00,105.0,105.0
D1,FG-R1-expanded-l1__guard-q95-suppress,13,5,2021-07-13,1,0.010416666666666666,False,79.0,89.79916043264419,10.799160432644186,10.799160432644186,2021-07-13 00:00:00,2021-07-13 00:00:00,0.0,0.0
D1,FG-R1-expanded-l1__guard-q95-suppress,13,5,2021-07-17,91,0.9479166666666666,False,110.0,105.92573478299445,-4.0742652170055464,4.0742652170055464,2021-07-17 01:30:00,2021-07-17 04:15:00,165.0,165.0
D1,FG-R1-expanded-l1__guard-q95-suppress,13,5,2021-07-18,96,1.0,True,28.0,24.737919120607877,-3.2620808793921228,3.2620808793921228,2021-07-18 01:15:00,2021-07-18 14:45:00,810.0,810.0
D1,FG-R1-expanded-l1__guard-q95-suppress,13,6,2021-07-12,96,1.0,True,198.0,186.9195316694704,-11.080468330529612,11.080468330529612,2021-07-12 08:45:00,2021-07-12 10:45:00,120.0,120.0
D1,FG-R1-expanded-l1__guard-q95-suppress,13,6,2021-07-13,1,0.010416666666666666,False,79.0,89.40746597683287,10.407465976832867,10.407465976832867,2021-07-13 00:00:00,2021-07-13 00:00:00,0.0,0.0
D1,FG-R1-expanded-l1__guard-q95-suppress,13,6,2021-07-17,90,0.9375,False,110.0,107.48946733844416,-2.5105326615558425,2.5105326615558425,2021-07-17 01:30:00,2021-07-17 04:00:00,150.0,150.0
D1,FG-R1-expanded-l1__guard-q95-suppress,13,6,2021-07-18,96,1.0,True,28.0,24.98075553921398,-3.0192444607860196,3.0192444607860196,2021-07-18 01:15:00,2021-07-18 11:45:00,630.0,630.0
D1,FG-R1-expanded-l1__guard-q95-suppress,13,7,2021-07-12,96,1.0,True,198.0,187.72807062947516,-10.271929370524845,10.271929370524845,2021-07-12 08:45:00,2021-07-12 11:45:00,180.0,180.0
D1,FG-R1-expanded-l1__guard-q95-suppress,13,7,2021-07-13,1,0.010416666666666666,False,79.0,89.36422673862235,10.36422673862235,10.36422673862235,2021-07-13 00:00:00,2021-07-13 00:00:00,0.0,0.0
D1,FG-R1-expanded-l1__guard-q95-suppress,13,7,2021-07-17,89,0.9270833333333334,False,108.0,108.31581986438259,0.3158198643825898,0.3158198643825898,2021-07-17 06:00:00,2021-07-17 04:00:00,-120.0,120.0
D1,FG-R1-expanded-l1__guard-q95-suppress,13,7,2021-07-18,96,1.0,True,28.0,24.7789431518568,-3.221056848143199,3.221056848143199,2021-07-18 01:15:00,2021-07-18 11:45:00,630.0,630.0
D1,FG-R1-expanded-l1__guard-q95-suppress,13,8,2021-07-12,96,1.0,True,198.0,188.22299165781584,-9.77700834218416,9.77700834218416,2021-07-12 08:45:00,2021-07-12 13:45:00,300.0,300.0
D1,FG-R1-expanded-l1__guard-q95-suppress,13,8,2021-07-13,1,0.010416666666666666,False,79.0,89.23376726955385,10.233767269553852,10.233767269553852,2021-07-13 00:00:00,2021-07-13 00:00:00,0.0,0.0
D1,FG-R1-expanded-l1__guard-q95-suppress,13,8,2021-07-17,88,0.9166666666666666,False,108.0,109.22707062533445,1.2270706253344486,1.2270706253344486,2021-07-17 06:00:00,2021-07-17 04:15:00,-105.0,105.0
D1,FG-R1-expanded-l1__guard-q95-suppress,13,8,2021-07-18,96,1.0,True,28.0,25.114491728147748,-2.8855082718522524,2.8855082718522524,2021-07-18 01:15:00,2021-07-18 11:45:00,630.0,630.0
D1,FG-R1-expanded-l1__guard-q95-suppress,13,9,2021-07-12,96,1.0,True,198.0,188.9372115170504,-9.0627884829496,9.0627884829496,2021-07-12 08:45:00,2021-07-12 13:45:00,300.0,300.0
D1,FG-R1-expanded-l1__guard-q95-suppress,13,9,2021-07-13,1,0.010416666666666666,False,79.0,89.86970448382792,10.869704483827917,10.869704483827917,2021-07-13 00:00:00,2021-07-13 00:00:00,0.0,0.0
D1,FG-R1-expanded-l1__guard-q95-suppress,13,9,2021-07-17,87,0.90625,False,108.0,107.48559502298808,-0.514404977011921,0.514404977011921,2021-07-17 06:00:00,2021-07-17 04:15:00,-105.0,105.0
D1,FG-R1-expanded-l1__guard-q95-suppress,13,9,2021-07-18,96,1.0,True,28.0,25.137032303191802,-2.862967696808198,2.862967696808198,2021-07-18 01:15:00,2021-07-18 11:45:00,630.0,630.0
D1,FG-R1-expanded-l1__guard-q95-suppress,13,10,2021-07-12,96,1.0,True,198.0,189.91048124809078,-8.089518751909225,8.089518751909225,2021-07-12 08:45:00,2021-07-12 13:45:00,300.0,300.0
D1,FG-R1-expanded-l1__guard-q95-suppress,13,10,2021-07-13,1,0.010416666666666666,False,79.0,87.59789489753692,8.597894897536918,8.597894897536918,2021-07-13 00:00:00,2021-07-13 00:00:00,0.0,0.0
D1,FG-R1-expanded-l1__guard-q95-suppress,13,10,2021-07-17,86,0.8958333333333334,False,108.0,107.72849735893456,-0.27150264106543887,0.27150264106543887,2021-07-17 06:00:00,2021-07-17 04:00:00,-120.0,120.0
D1,FG-R1-expanded-l1__guard-q95-suppress,13,10,2021-07-18,96,1.0,True,28.0,25.27375207086471,-2.7262479291352903,2.7262479291352903,2021-07-18 01:15:00,2021-07-18 11:45:00,630.0,630.0
D1,FG-R1-expanded-l1__guard-q95-suppress,13,11,2021-07-12,96,1.0,True,198.0,187.62777792973296,-10.372222070267043,10.372222070267043,2021-07-12 08:45:00,2021-07-12 13:45:00,300.0,300.0
D1,FG-R1-expanded-l1__guard-q95-suppress,13,11,2021-07-13,1,0.010416666666666666,False,79.0,85.66894643767974,6.668946437679736,6.668946437679736,2021-07-13 00:00:00,2021-07-13 00:00:00,0.0,0.0
D1,FG-R1-expanded-l1__guard-q95-suppress,13,11,2021-07-17,85,0.8854166666666666,False,108.0,108.4651714234038,0.46517142340380246,0.46517142340380246,2021-07-17 06:00:00,2021-07-17 04:15:00,-105.0,105.0
D1,FG-R1-expanded-l1__guard-q95-suppress,13,11,2021-07-18,96,1.0,True,28.0,25.208121905786005,-2.7918780942139954,2.7918780942139954,2021-07-18 01:15:00,2021-07-18 11:45:00,630.0,630.0
D1,FG-R1-expanded-l1__guard-q95-suppress,13,12,2021-07-12,96,1.0,True,198.0,186.2403171668921,-11.759682833107888,11.759682833107888,2021-07-12 08:45:00,2021-07-12 13:45:00,300.0,300.0
D1,FG-R1-expanded-l1__guard-q95-suppress,13,12,2021-07-13,1,0.010416666666666666,False,79.0,85.79954862009907,6.799548620099074,6.799548620099074,2021-07-13 00:00:00,2021-07-13 00:00:00,0.0,0.0
D1,FG-R1-expanded-l1__guard-q95-suppress,13,12,2021-07-17,84,0.875,False,108.0,107.66618530765247,-0.3338146923475307,0.3338146923475307,2021-07-17 06:00:00,2021-07-17 04:30:00,-90.0,90.0
D1,FG-R1-expanded-l1__guard-q95-suppress,13,12,2021-07-18,96,1.0,True,28.0,25.289714659377232,-2.710285340622768,2.710285340622768,2021-07-18 01:15:00,2021-07-18 08:30:00,435.0,435.0
D1,FG-R1-expanded-l1__guard-q95-suppress,13,13,2021-07-12,96,1.0,True,198.0,186.79559419362081,-11.204405806379185,11.204405806379185,2021-07-12 08:45:00,2021-07-12 13:45:00,300.0,300.0
D1,FG-R1-expanded-l1__guard-q95-suppress,13,13,2021-07-13,1,0.010416666666666666,False,79.0,86.46284715333798,7.462847153337975,7.462847153337975,2021-07-13 00:00:00,2021-07-13 00:00:00,0.0,0.0
D1,FG-R1-expanded-l1__guard-q95-suppress,13,13,2021-07-17,83,0.8645833333333334,False,108.0,108.26954918257456,0.26954918257456484,0.26954918257456484,2021-07-17 06:00:00,2021-07-17 04:15:00,-105.0,105.0
D1,FG-R1-expanded-l1__guard-q95-suppress,13,13,2021-07-18,96,1.0,True,28.0,25.369492694622704,-2.6305073053772965,2.6305073053772965,2021-07-18 01:15:00,2021-07-18 14:45:00,810.0,810.0
D1,FG-R1-expanded-l1__guard-q95-suppress,13,14,2021-07-12,96,1.0,True,198.0,187.94813525728782,-10.051864742712183,10.051864742712183,2021-07-12 08:45:00,2021-07-12 13:45:00,300.0,300.0
D1,FG-R1-expanded-l1__guard-q95-suppress,13,14,2021-07-13,1,0.010416666666666666,False,79.0,87.22315620399775,8.223156203997746,8.223156203997746,2021-07-13 00:00:00,2021-07-13 00:00:00,0.0,0.0
D1,FG-R1-expanded-l1__guard-q95-suppress,13,14,2021-07-17,82,0.8541666666666666,False,108.0,108.20224970518242,0.20224970518242458,0.20224970518242458,2021-07-17 06:00:00,2021-07-17 04:15:00,-105.0,105.0
D1,FG-R1-expanded-l1__guard-q95-suppress,13,14,2021-07-18,96,1.0,True,28.0,25.56787897870952,-2.432121021290481,2.432121021290481,2021-07-18 01:15:00,2021-07-18 11:30:00,615.0,615.0
D1,FG-R1-expanded-l1__guard-q95-suppress,13,15,2021-07-12,96,1.0,True,198.0,187.38475868798787,-10.615241312012131,10.615241312012131,2021-07-12 08:45:00,2021-07-12 13:45:00,300.0,300.0
D1,FG-R1-expanded-l1__guard-q95-suppress,13,15,2021-07-13,1,0.010416666666666666,False,79.0,86.68690903073907,7.6869090307390735,7.6869090307390735,2021-07-13 00:00:00,2021-07-13 00:00:00,0.0,0.0
D1,FG-R1-expanded-l1__guard-q95-suppress,13,15,2021-07-17,81,0.84375,False,108.0,107.9707745430801,-0.02922545691990308,0.02922545691990308,2021-07-17 06:00:00,2021-07-17 04:00:00,-120.0,120.0
D1,FG-R1-expanded-l1__guard-q95-suppress,13,15,2021-07-18,96,1.0,True,28.0,25.893758706964764,-2.106241293035236,2.106241293035236,2021-07-18 01:15:00,2021-07-18 11:45:00,630.0,630.0
D1,FG-R1-expanded-l1__guard-q95-suppress,13,16,2021-07-12,96,1.0,True,198.0,187.69461817995438,-10.305381820045625,10.305381820045625,2021-07-12 08:45:00,2021-07-12 14:00:00,315.0,315.0
D1,FG-R1-expanded-l1__guard-q95-suppress,13,16,2021-07-13,1,0.010416666666666666,False,79.0,86.80897143940466,7.808971439404658,7.808971439404658,2021-07-13 00:00:00,2021-07-13 00:00:00,0.0,0.0
D1,FG-R1-expanded-l1__guard-q95-suppress,13,16,2021-07-17,80,0.8333333333333334,False,108.0,108.07498809498179,0.07498809498179071,0.07498809498179071,2021-07-17 06:00:00,2021-07-17 04:15:00,-105.0,105.0
D1,FG-R1-expanded-l1__guard-q95-suppress,13,16,2021-07-18,96,1.0,True,28.0,25.8214606119782,-2.1785393880218002,2.1785393880218002,2021-07-18 01:15:00,2021-07-18 11:45:00,630.0,630.0
D1,FG-R1-expanded-l1__guard-q95-suppress,15,4,2021-07-26,96,1.0,True,217.0,197.51014546755388,-19.489854532446117,19.489854532446117,2021-07-26 08:30:00,2021-07-26 11:30:00,180.0,180.0
D1,FG-R1-expanded-l1__guard-q95-suppress,15,4,2021-07-27,96,1.0,True,211.0,199.5068817138672,-11.493118286132812,11.493118286132812,2021-07-27 11:45:00,2021-07-27 08:45:00,-180.0,180.0
D1,FG-R1-expanded-l1__guard-q95-suppress,15,4,2021-07-28,96,1.0,True,212.0,213.3167724609375,1.3167724609375,1.3167724609375,2021-07-28 12:00:00,2021-07-28 08:45:00,-195.0,195.0
D1,FG-R1-expanded-l1__guard-q95-suppress,15,4,2021-07-29,96,1.0,True,211.0,203.46742248535156,-7.5325775146484375,7.5325775146484375,2021-07-29 12:00:00,2021-07-29 08:30:00,-210.0,210.0
D1,FG-R1-expanded-l1__guard-q95-suppress,15,4,2021-07-30,96,1.0,True,212.0,204.7494354248047,-7.2505645751953125,7.2505645751953125,2021-07-30 12:00:00,2021-07-30 08:45:00,-195.0,195.0
D1,FG-R1-expanded-l1__guard-q95-suppress,15,4,2021-07-31,96,1.0,True,80.0,66.59314024434703,-13.406859755652974,13.406859755652974,2021-07-31 00:00:00,2021-07-31 01:45:00,105.0,105.0
D1,FG-R1-expanded-l1__guard-q95-suppress,15,4,2021-08-01,96,1.0,True,28.0,27.376733319404202,-0.6232666805957976,0.6232666805957976,2021-08-01 09:00:00,2021-08-01 10:30:00,90.0,90.0
D1,FG-R1-expanded-l1__guard-q95-suppress,15,5,2021-07-26,96,1.0,True,217.0,200.39220836002772,-16.607791639972277,16.607791639972277,2021-07-26 08:30:00,2021-07-26 11:45:00,195.0,195.0
D1,FG-R1-expanded-l1__guard-q95-suppress,15,5,2021-07-27,96,1.0,True,211.0,198.09786987304688,-12.902130126953125,12.902130126953125,2021-07-27 11:45:00,2021-07-27 08:45:00,-180.0,180.0
D1,FG-R1-expanded-l1__guard-q95-suppress,15,5,2021-07-28,96,1.0,True,212.0,212.6049346923828,0.6049346923828125,0.6049346923828125,2021-07-28 12:00:00,2021-07-28 08:45:00,-195.0,195.0
D1,FG-R1-expanded-l1__guard-q95-suppress,15,5,2021-07-29,96,1.0,True,211.0,203.40139770507812,-7.598602294921875,7.598602294921875,2021-07-29 12:00:00,2021-07-29 08:30:00,-210.0,210.0
D1,FG-R1-expanded-l1__guard-q95-suppress,15,5,2021-07-30,96,1.0,True,212.0,206.28443908691406,-5.7155609130859375,5.7155609130859375,2021-07-30 12:00:00,2021-07-30 11:45:00,-15.0,15.0
D1,FG-R1-expanded-l1__guard-q95-suppress,15,5,2021-07-31,96,1.0,True,80.0,67.65394459869106,-12.346055401308945,12.346055401308945,2021-07-31 00:00:00,2021-07-31 01:30:00,90.0,90.0
D1,FG-R1-expanded-l1__guard-q95-suppress,15,5,2021-08-01,96,1.0,True,28.0,27.66317489629126,-0.3368251037087404,0.3368251037087404,2021-08-01 09:00:00,2021-08-01 22:45:00,825.0,825.0
D1,FG-R1-expanded-l1__guard-q95-suppress,15,6,2021-07-26,96,1.0,True,217.0,194.53372487121834,-22.46627512878166,22.46627512878166,2021-07-26 08:30:00,2021-07-26 11:30:00,180.0,180.0
D1,FG-R1-expanded-l1__guard-q95-suppress,15,6,2021-07-27,96,1.0,True,211.0,197.31570434570312,-13.684295654296875,13.684295654296875,2021-07-27 11:45:00,2021-07-27 08:45:00,-180.0,180.0
D1,FG-R1-expanded-l1__guard-q95-suppress,15,6,2021-07-28,96,1.0,True,212.0,210.87384033203125,-1.12615966796875,1.12615966796875,2021-07-28 12:00:00,2021-07-28 08:45:00,-195.0,195.0
D1,FG-R1-expanded-l1__guard-q95-suppress,15,6,2021-07-29,96,1.0,True,211.0,202.74668884277344,-8.253311157226562,8.253311157226562,2021-07-29 12:00:00,2021-07-29 08:30:00,-210.0,210.0
D1,FG-R1-expanded-l1__guard-q95-suppress,15,6,2021-07-30,96,1.0,True,212.0,206.5980224609375,-5.4019775390625,5.4019775390625,2021-07-30 12:00:00,2021-07-30 12:00:00,0.0,0.0
D1,FG-R1-expanded-l1__guard-q95-suppress,15,6,2021-07-31,96,1.0,True,80.0,75.69115294345761,-4.30884705654239,4.30884705654239,2021-07-31 00:00:00,2021-07-31 01:30:00,90.0,90.0
D1,FG-R1-expanded-l1__guard-q95-suppress,15,6,2021-08-01,96,1.0,True,28.0,27.683619417572903,-0.3163805824270973,0.3163805824270973,2021-08-01 09:00:00,2021-08-01 23:00:00,840.0,840.0
D1,FG-R1-expanded-l1__guard-q95-suppress,15,7,2021-07-26,96,1.0,True,217.0,196.28327513570426,-20.716724864295742,20.716724864295742,2021-07-26 08:30:00,2021-07-26 11:45:00,195.0,195.0
D1,FG-R1-expanded-l1__guard-q95-suppress,15,7,2021-07-27,96,1.0,True,211.0,195.93109130859375,-15.06890869140625,15.06890869140625,2021-07-27 11:45:00,2021-07-27 08:45:00,-180.0,180.0
D1,FG-R1-expanded-l1__guard-q95-suppress,15,7,2021-07-28,96,1.0,True,212.0,206.97842407226562,-5.021575927734375,5.021575927734375,2021-07-28 12:00:00,2021-07-28 08:45:00,-195.0,195.0
D1,FG-R1-expanded-l1__guard-q95-suppress,15,7,2021-07-29,96,1.0,True,211.0,201.28421020507812,-9.715789794921875,9.715789794921875,2021-07-29 12:00:00,2021-07-29 08:30:00,-210.0,210.0
D1,FG-R1-expanded-l1__guard-q95-suppress,15,7,2021-07-30,96,1.0,True,212.0,204.47824096679688,-7.521759033203125,7.521759033203125,2021-07-30 12:00:00,2021-07-30 12:00:00,0.0,0.0
D1,FG-R1-expanded-l1__guard-q95-suppress,15,7,2021-07-31,96,1.0,True,80.0,77.02147373533417,-2.978526264665831,2.978526264665831,2021-07-31 00:00:00,2021-07-31 01:30:00,90.0,90.0
D1,FG-R1-expanded-l1__guard-q95-suppress,15,7,2021-08-01,96,1.0,True,28.0,27.508156108157504,-0.4918438918424961,0.4918438918424961,2021-08-01 09:00:00,2021-08-01 11:15:00,135.0,135.0
D1,FG-R1-expanded-l1__guard-q95-suppress,15,8,2021-07-26,96,1.0,True,217.0,198.30862518891666,-18.691374811083335,18.691374811083335,2021-07-26 08:30:00,2021-07-26 11:45:00,195.0,195.0
D1,FG-R1-expanded-l1__guard-q95-suppress,15,8,2021-07-27,96,1.0,True,211.0,197.45474243164062,-13.545257568359375,13.545257568359375,2021-07-27 11:45:00,2021-07-27 08:30:00,-195.0,195.0
D1,FG-R1-expanded-l1__guard-q95-suppress,15,8,2021-07-28,96,1.0,True,212.0,208.7926483154297,-3.2073516845703125,3.2073516845703125,2021-07-28 12:00:00,2021-07-28 08:30:00,-210.0,210.0
D1,FG-R1-expanded-l1__guard-q95-suppress,15,8,2021-07-29,96,1.0,True,211.0,202.65130615234375,-8.34869384765625,8.34869384765625,2021-07-29 12:00:00,2021-07-29 08:30:00,-210.0,210.0
D1,FG-R1-expanded-l1__guard-q95-suppress,15,8,2021-07-30,96,1.0,True,212.0,205.8682861328125,-6.1317138671875,6.1317138671875,2021-07-30 12:00:00,2021-07-30 11:30:00,-30.0,30.0
D1,FG-R1-expanded-l1__guard-q95-suppress,15,8,2021-07-31,96,1.0,True,80.0,79.20342645397895,-0.796573546021051,0.796573546021051,2021-07-31 00:00:00,2021-07-31 01:30:00,90.0,90.0
D1,FG-R1-expanded-l1__guard-q95-suppress,15,8,2021-08-01,96,1.0,True,28.0,27.628099390517388,-0.37190060948261205,0.37190060948261205,2021-08-01 09:00:00,2021-08-01 11:30:00,150.0,150.0
D1,FG-R1-expanded-l1__guard-q95-suppress,15,9,2021-07-26,96,1.0,True,217.0,197.62438159013107,-19.375618409868935,19.375618409868935,2021-07-26 08:30:00,2021-07-26 11:45:00,195.0,195.0
D1,FG-R1-expanded-l1__guard-q95-suppress,15,9,2021-07-27,96,1.0,True,211.0,198.42001342773438,-12.579986572265625,12.579986572265625,2021-07-27 11:45:00,2021-07-27 08:30:00,-195.0,195.0
D1,FG-R1-expanded-l1__guard-q95-suppress,15,9,2021-07-28,96,1.0,True,212.0,210.26893615722656,-1.7310638427734375,1.7310638427734375,2021-07-28 12:00:00,2021-07-28 08:45:00,-195.0,195.0
D1,FG-R1-expanded-l1__guard-q95-suppress,15,9,2021-07-29,96,1.0,True,211.0,203.14669799804688,-7.853302001953125,7.853302001953125,2021-07-29 12:00:00,2021-07-29 08:30:00,-210.0,210.0
D1,FG-R1-expanded-l1__guard-q95-suppress,15,9,2021-07-30,96,1.0,True,212.0,208.5184326171875,-3.4815673828125,3.4815673828125,2021-07-30 12:00:00,2021-07-30 12:00:00,0.0,0.0
D1,FG-R1-expanded-l1__guard-q95-suppress,15,9,2021-07-31,96,1.0,True,80.0,79.52807824222444,-0.47192175777556145,0.47192175777556145,2021-07-31 00:00:00,2021-07-31 01:30:00,90.0,90.0
D1,FG-R1-expanded-l1__guard-q95-suppress,15,9,2021-08-01,96,1.0,True,28.0,28.94473158560814,0.9447315856081389,0.9447315856081389,2021-08-01 09:00:00,2021-08-01 01:15:00,-465.0,465.0
D1,FG-R1-expanded-l1__guard-q95-suppress,15,10,2021-07-26,96,1.0,True,217.0,198.44742981240327,-18.55257018759673,18.55257018759673,2021-07-26 08:30:00,2021-07-26 11:30:00,180.0,180.0
D1,FG-R1-expanded-l1__guard-q95-suppress,15,10,2021-07-27,96,1.0,True,211.0,199.80075073242188,-11.199249267578125,11.199249267578125,2021-07-27 11:45:00,2021-07-27 08:30:00,-195.0,195.0
D1,FG-R1-expanded-l1__guard-q95-suppress,15,10,2021-07-28,96,1.0,True,212.0,211.09017944335938,-0.909820556640625,0.909820556640625,2021-07-28 12:00:00,2021-07-28 08:45:00,-195.0,195.0
D1,FG-R1-expanded-l1__guard-q95-suppress,15,10,2021-07-29,96,1.0,True,211.0,202.27423095703125,-8.72576904296875,8.72576904296875,2021-07-29 12:00:00,2021-07-29 08:30:00,-210.0,210.0
D1,FG-R1-expanded-l1__guard-q95-suppress,15,10,2021-07-30,96,1.0,True,212.0,208.46121215820312,-3.538787841796875,3.538787841796875,2021-07-30 12:00:00,2021-07-30 12:00:00,0.0,0.0
D1,FG-R1-expanded-l1__guard-q95-suppress,15,10,2021-07-31,96,1.0,True,80.0,80.19127817241865,0.19127817241864875,0.19127817241864875,2021-07-31 00:00:00,2021-07-31 01:45:00,105.0,105.0
D1,FG-R1-expanded-l1__guard-q95-suppress,15,10,2021-08-01,96,1.0,True,28.0,29.14239066090833,1.1423906609083296,1.1423906609083296,2021-08-01 09:00:00,2021-08-01 01:30:00,-450.0,450.0
D1,FG-R1-expanded-l1__guard-q95-suppress,15,11,2021-07-26,96,1.0,True,217.0,201.1843445972495,-15.815655402750508,15.815655402750508,2021-07-26 08:30:00,2021-07-26 11:45:00,195.0,195.0
D1,FG-R1-expanded-l1__guard-q95-suppress,15,11,2021-07-27,96,1.0,True,211.0,200.3604736328125,-10.6395263671875,10.6395263671875,2021-07-27 11:45:00,2021-07-27 08:45:00,-180.0,180.0
D1,FG-R1-expanded-l1__guard-q95-suppress,15,11,2021-07-28,96,1.0,True,212.0,210.920166015625,-1.079833984375,1.079833984375,2021-07-28 12:00:00,2021-07-28 08:45:00,-195.0,195.0
D1,FG-R1-expanded-l1__guard-q95-suppress,15,11,2021-07-29,96,1.0,True,211.0,201.97979736328125,-9.02020263671875,9.02020263671875,2021-07-29 12:00:00,2021-07-29 11:45:00,-15.0,15.0
D1,FG-R1-expanded-l1__guard-q95-suppress,15,11,2021-07-30,96,1.0,True,212.0,207.0131378173828,-4.9868621826171875,4.9868621826171875,2021-07-30 12:00:00,2021-07-30 11:45:00,-15.0,15.0
D1,FG-R1-expanded-l1__guard-q95-suppress,15,11,2021-07-31,96,1.0,True,80.0,79.47154418612335,-0.5284558138766471,0.5284558138766471,2021-07-31 00:00:00,2021-07-31 01:45:00,105.0,105.0
D1,FG-R1-expanded-l1__guard-q95-suppress,15,11,2021-08-01,96,1.0,True,28.0,29.05922141434818,1.0592214143481797,1.0592214143481797,2021-08-01 09:00:00,2021-08-01 01:45:00,-435.0,435.0
D1,FG-R1-expanded-l1__guard-q95-suppress,15,12,2021-07-26,96,1.0,True,217.0,200.19623508603976,-16.803764913960237,16.803764913960237,2021-07-26 08:30:00,2021-07-26 11:45:00,195.0,195.0
D1,FG-R1-expanded-l1__guard-q95-suppress,15,12,2021-07-27,96,1.0,True,211.0,198.62796020507812,-12.372039794921875,12.372039794921875,2021-07-27 11:45:00,2021-07-27 08:45:00,-180.0,180.0
D1,FG-R1-expanded-l1__guard-q95-suppress,15,12,2021-07-28,96,1.0,True,212.0,209.4625244140625,-2.5374755859375,2.5374755859375,2021-07-28 12:00:00,2021-07-28 08:45:00,-195.0,195.0
D1,FG-R1-expanded-l1__guard-q95-suppress,15,12,2021-07-29,96,1.0,True,211.0,200.75,-10.25,10.25,2021-07-29 12:00:00,2021-07-29 11:45:00,-15.0,15.0
D1,FG-R1-expanded-l1__guard-q95-suppress,15,12,2021-07-30,96,1.0,True,212.0,207.71359252929688,-4.286407470703125,4.286407470703125,2021-07-30 12:00:00,2021-07-30 12:00:00,0.0,0.0
D1,FG-R1-expanded-l1__guard-q95-suppress,15,12,2021-07-31,96,1.0,True,80.0,78.72958157461275,-1.2704184253872484,1.2704184253872484,2021-07-31 00:00:00,2021-07-31 01:45:00,105.0,105.0
D1,FG-R1-expanded-l1__guard-q95-suppress,15,12,2021-08-01,96,1.0,True,28.0,28.86450247641498,0.8645024764149802,0.8645024764149802,2021-08-01 09:00:00,2021-08-01 00:45:00,-495.0,495.0
D1,FG-R1-expanded-l1__guard-q95-suppress,15,13,2021-07-26,96,1.0,True,217.0,201.10140180798152,-15.898598192018483,15.898598192018483,2021-07-26 08:30:00,2021-07-26 11:45:00,195.0,195.0
D1,FG-R1-expanded-l1__guard-q95-suppress,15,13,2021-07-27,96,1.0,True,211.0,196.47265625,-14.52734375,14.52734375,2021-07-27 11:45:00,2021-07-27 11:45:00,0.0,0.0
D1,FG-R1-expanded-l1__guard-q95-suppress,15,13,2021-07-28,96,1.0,True,212.0,206.42550659179688,-5.574493408203125,5.574493408203125,2021-07-28 12:00:00,2021-07-28 11:45:00,-15.0,15.0
D1,FG-R1-expanded-l1__guard-q95-suppress,15,13,2021-07-29,96,1.0,True,211.0,200.72056579589844,-10.279434204101562,10.279434204101562,2021-07-29 12:00:00,2021-07-29 11:45:00,-15.0,15.0
D1,FG-R1-expanded-l1__guard-q95-suppress,15,13,2021-07-30,96,1.0,True,212.0,207.84283447265625,-4.15716552734375,4.15716552734375,2021-07-30 12:00:00,2021-07-30 11:45:00,-15.0,15.0
D1,FG-R1-expanded-l1__guard-q95-suppress,15,13,2021-07-31,96,1.0,True,80.0,78.82492028080446,-1.175079719195537,1.175079719195537,2021-07-31 00:00:00,2021-07-31 01:45:00,105.0,105.0
D1,FG-R1-expanded-l1__guard-q95-suppress,15,13,2021-08-01,96,1.0,True,28.0,28.38852771727254,0.38852771727254165,0.38852771727254165,2021-08-01 09:00:00,2021-08-01 02:30:00,-390.0,390.0
D1,FG-R1-expanded-l1__guard-q95-suppress,15,14,2021-07-26,96,1.0,True,217.0,197.29237902236196,-19.707620977638044,19.707620977638044,2021-07-26 08:30:00,2021-07-26 08:45:00,15.0,15.0
D1,FG-R1-expanded-l1__guard-q95-suppress,15,14,2021-07-27,96,1.0,True,211.0,197.00172424316406,-13.998275756835938,13.998275756835938,2021-07-27 11:45:00,2021-07-27 12:00:00,15.0,15.0
D1,FG-R1-expanded-l1__guard-q95-suppress,15,14,2021-07-28,96,1.0,True,212.0,208.71441650390625,-3.28558349609375,3.28558349609375,2021-07-28 12:00:00,2021-07-28 11:45:00,-15.0,15.0
D1,FG-R1-expanded-l1__guard-q95-suppress,15,14,2021-07-29,96,1.0,True,211.0,201.53224182128906,-9.467758178710938,9.467758178710938,2021-07-29 12:00:00,2021-07-29 11:45:00,-15.0,15.0
D1,FG-R1-expanded-l1__guard-q95-suppress,15,14,2021-07-30,96,1.0,True,212.0,209.84494018554688,-2.155059814453125,2.155059814453125,2021-07-30 12:00:00,2021-07-30 12:00:00,0.0,0.0
D1,FG-R1-expanded-l1__guard-q95-suppress,15,14,2021-07-31,96,1.0,True,80.0,77.29106945495907,-2.7089305450409285,2.7089305450409285,2021-07-31 00:00:00,2021-07-31 01:45:00,105.0,105.0
D1,FG-R1-expanded-l1__guard-q95-suppress,15,14,2021-08-01,96,1.0,True,28.0,28.489224623603594,0.48922462360359376,0.48922462360359376,2021-08-01 09:00:00,2021-08-01 01:15:00,-465.0,465.0
D1,FG-R1-expanded-l1__guard-q95-suppress,15,15,2021-07-26,96,1.0,True,217.0,195.55841064453125,-21.44158935546875,21.44158935546875,2021-07-26 08:30:00,2021-07-26 11:45:00,195.0,195.0
D1,FG-R1-expanded-l1__guard-q95-suppress,15,15,2021-07-27,96,1.0,True,211.0,195.2646484375,-15.7353515625,15.7353515625,2021-07-27 11:45:00,2021-07-27 08:45:00,-180.0,180.0
D1,FG-R1-expanded-l1__guard-q95-suppress,15,15,2021-07-28,96,1.0,True,212.0,208.3951873779297,-3.6048126220703125,3.6048126220703125,2021-07-28 12:00:00,2021-07-28 08:45:00,-195.0,195.0
D1,FG-R1-expanded-l1__guard-q95-suppress,15,15,2021-07-29,96,1.0,True,211.0,200.53790283203125,-10.46209716796875,10.46209716796875,2021-07-29 12:00:00,2021-07-29 11:45:00,-15.0,15.0
D1,FG-R1-expanded-l1__guard-q95-suppress,15,15,2021-07-30,96,1.0,True,212.0,209.4776611328125,-2.5223388671875,2.5223388671875,2021-07-30 12:00:00,2021-07-30 12:00:00,0.0,0.0
D1,FG-R1-expanded-l1__guard-q95-suppress,15,15,2021-07-31,96,1.0,True,80.0,78.35093304415012,-1.6490669558498752,1.6490669558498752,2021-07-31 00:00:00,2021-07-31 01:45:00,105.0,105.0
D1,FG-R1-expanded-l1__guard-q95-suppress,15,15,2021-08-01,96,1.0,True,28.0,28.567070195571908,0.5670701955719082,0.5670701955719082,2021-08-01 09:00:00,2021-08-01 01:30:00,-450.0,450.0
D1,FG-R1-expanded-l1__guard-q95-suppress,15,16,2021-07-26,96,1.0,True,217.0,194.2803473809843,-22.719652619015704,22.719652619015704,2021-07-26 08:30:00,2021-07-26 08:45:00,15.0,15.0
D1,FG-R1-expanded-l1__guard-q95-suppress,15,16,2021-07-27,96,1.0,True,211.0,195.40078735351562,-15.599212646484375,15.599212646484375,2021-07-27 11:45:00,2021-07-27 08:45:00,-180.0,180.0
D1,FG-R1-expanded-l1__guard-q95-suppress,15,16,2021-07-28,96,1.0,True,212.0,208.3544921875,-3.6455078125,3.6455078125,2021-07-28 12:00:00,2021-07-28 11:45:00,-15.0,15.0
D1,FG-R1-expanded-l1__guard-q95-suppress,15,16,2021-07-29,96,1.0,True,211.0,201.66738891601562,-9.332611083984375,9.332611083984375,2021-07-29 12:00:00,2021-07-29 11:45:00,-15.0,15.0
D1,FG-R1-expanded-l1__guard-q95-suppress,15,16,2021-07-30,96,1.0,True,212.0,207.12864685058594,-4.8713531494140625,4.8713531494140625,2021-07-30 12:00:00,2021-07-30 12:00:00,0.0,0.0
D1,FG-R1-expanded-l1__guard-q95-suppress,15,16,2021-07-31,96,1.0,True,80.0,77.75864114969072,-2.2413588503092825,2.2413588503092825,2021-07-31 00:00:00,2021-07-31 01:45:00,105.0,105.0
D1,FG-R1-expanded-l1__guard-q95-suppress,15,16,2021-08-01,96,1.0,True,28.0,29.009288829960127,1.009288829960127,1.009288829960127,2021-08-01 09:00:00,2021-08-01 01:45:00,-435.0,435.0
D2,FG-R1-expanded-l1__guard-q95-suppress,1,4,2021-04-19,96,1.0,True,172.0,174.6426239013672,2.6426239013671875,2.6426239013671875,2021-04-19 08:45:00,2021-04-19 13:15:00,270.0,270.0
D2,FG-R1-expanded-l1__guard-q95-suppress,1,4,2021-04-20,96,1.0,True,172.0,172.2922821044922,0.2922821044921875,0.2922821044921875,2021-04-20 08:45:00,2021-04-20 09:00:00,15.0,15.0
D2,FG-R1-expanded-l1__guard-q95-suppress,1,4,2021-04-21,96,1.0,True,174.0,176.16624178834383,2.166241788343825,2.166241788343825,2021-04-21 08:30:00,2021-04-21 09:00:00,30.0,30.0
D2,FG-R1-expanded-l1__guard-q95-suppress,1,4,2021-04-22,96,1.0,True,174.0,170.0420983324513,-3.957901667548697,3.957901667548697,2021-04-22 08:30:00,2021-04-22 10:30:00,120.0,120.0
D2,FG-R1-expanded-l1__guard-q95-suppress,1,4,2021-04-23,96,1.0,True,174.0,172.20426382285444,-1.7957361771455567,1.7957361771455567,2021-04-23 08:30:00,2021-04-23 10:30:00,120.0,120.0
D2,FG-R1-expanded-l1__guard-q95-suppress,1,4,2021-04-24,96,1.0,True,112.0,110.40505558379098,-1.5949444162090174,1.5949444162090174,2021-04-24 06:15:00,2021-04-24 04:30:00,-105.0,105.0
D2,FG-R1-expanded-l1__guard-q95-suppress,1,4,2021-04-25,96,1.0,True,25.0,47.01609352468701,22.016093524687008,22.016093524687008,2021-04-25 01:30:00,2021-04-25 00:45:00,-45.0,45.0
D2,FG-R1-expanded-l1__guard-q95-suppress,1,5,2021-04-19,96,1.0,True,172.0,174.68603515625,2.68603515625,2.68603515625,2021-04-19 08:45:00,2021-04-19 13:15:00,270.0,270.0
D2,FG-R1-expanded-l1__guard-q95-suppress,1,5,2021-04-20,96,1.0,True,172.0,170.38290405273438,-1.617095947265625,1.617095947265625,2021-04-20 08:45:00,2021-04-20 09:00:00,15.0,15.0
D2,FG-R1-expanded-l1__guard-q95-suppress,1,5,2021-04-21,96,1.0,True,174.0,175.56065587905945,1.5606558790594534,1.5606558790594534,2021-04-21 08:30:00,2021-04-21 09:00:00,30.0,30.0
D2,FG-R1-expanded-l1__guard-q95-suppress,1,5,2021-04-22,96,1.0,True,174.0,169.5092780680333,-4.4907219319667036,4.4907219319667036,2021-04-22 08:30:00,2021-04-22 10:45:00,135.0,135.0
D2,FG-R1-expanded-l1__guard-q95-suppress,1,5,2021-04-23,96,1.0,True,174.0,171.29739122860437,-2.7026087713956315,2.7026087713956315,2021-04-23 08:30:00,2021-04-23 08:30:00,0.0,0.0
D2,FG-R1-expanded-l1__guard-q95-suppress,1,5,2021-04-24,96,1.0,True,112.0,110.23302281271569,-1.7669771872843114,1.7669771872843114,2021-04-24 06:15:00,2021-04-24 04:45:00,-90.0,90.0
D2,FG-R1-expanded-l1__guard-q95-suppress,1,5,2021-04-25,96,1.0,True,25.0,48.05682686208935,23.056826862089352,23.056826862089352,2021-04-25 01:30:00,2021-04-25 01:00:00,-30.0,30.0
D2,FG-R1-expanded-l1__guard-q95-suppress,1,6,2021-04-19,96,1.0,True,172.0,174.94586181640625,2.94586181640625,2.94586181640625,2021-04-19 08:45:00,2021-04-19 13:15:00,270.0,270.0
D2,FG-R1-expanded-l1__guard-q95-suppress,1,6,2021-04-20,96,1.0,True,172.0,167.57872009277344,-4.4212799072265625,4.4212799072265625,2021-04-20 08:45:00,2021-04-20 08:45:00,0.0,0.0
D2,FG-R1-expanded-l1__guard-q95-suppress,1,6,2021-04-21,96,1.0,True,174.0,173.9088743005663,-0.09112569943368953,0.09112569943368953,2021-04-21 08:30:00,2021-04-21 09:00:00,30.0,30.0
D2,FG-R1-expanded-l1__guard-q95-suppress,1,6,2021-04-22,96,1.0,True,174.0,169.94427423577162,-4.055725764228384,4.055725764228384,2021-04-22 08:30:00,2021-04-22 10:30:00,120.0,120.0
D2,FG-R1-expanded-l1__guard-q95-suppress,1,6,2021-04-23,96,1.0,True,174.0,172.05815060923734,-1.9418493907626555,1.9418493907626555,2021-04-23 08:30:00,2021-04-23 08:30:00,0.0,0.0
D2,FG-R1-expanded-l1__guard-q95-suppress,1,6,2021-04-24,96,1.0,True,112.0,108.66204251833878,-3.3379574816612205,3.3379574816612205,2021-04-24 06:15:00,2021-04-24 06:15:00,0.0,0.0
D2,FG-R1-expanded-l1__guard-q95-suppress,1,6,2021-04-25,96,1.0,True,25.0,61.01422087778916,36.01422087778916,36.01422087778916,2021-04-25 01:30:00,2021-04-25 01:15:00,-15.0,15.0
D2,FG-R1-expanded-l1__guard-q95-suppress,1,7,2021-04-19,96,1.0,True,172.0,174.55081176757812,2.550811767578125,2.550811767578125,2021-04-19 08:45:00,2021-04-19 13:15:00,270.0,270.0
D2,FG-R1-expanded-l1__guard-q95-suppress,1,7,2021-04-20,96,1.0,True,172.0,167.39303588867188,-4.606964111328125,4.606964111328125,2021-04-20 08:45:00,2021-04-20 09:00:00,15.0,15.0
D2,FG-R1-expanded-l1__guard-q95-suppress,1,7,2021-04-21,96,1.0,True,174.0,172.9557493005663,-1.0442506994336895,1.0442506994336895,2021-04-21 08:30:00,2021-04-21 09:00:00,30.0,30.0
D2,FG-R1-expanded-l1__guard-q95-suppress,1,7,2021-04-22,96,1.0,True,174.0,168.87460399576767,-5.1253960042323286,5.1253960042323286,2021-04-22 08:30:00,2021-04-22 10:45:00,135.0,135.0
D2,FG-R1-expanded-l1__guard-q95-suppress,1,7,2021-04-23,96,1.0,True,174.0,171.63150991660444,-2.3684900833955567,2.3684900833955567,2021-04-23 08:30:00,2021-04-23 10:30:00,120.0,120.0
D2,FG-R1-expanded-l1__guard-q95-suppress,1,7,2021-04-24,96,1.0,True,112.0,107.85484892418224,-4.145151075817765,4.145151075817765,2021-04-24 06:15:00,2021-04-24 04:45:00,-90.0,90.0
D2,FG-R1-expanded-l1__guard-q95-suppress,1,7,2021-04-25,96,1.0,True,25.0,66.28283895906767,41.282838959067675,41.282838959067675,2021-04-25 01:30:00,2021-04-25 01:30:00,0.0,0.0
D2,FG-R1-expanded-l1__guard-q95-suppress,1,8,2021-04-19,96,1.0,True,172.0,173.86343383789062,1.863433837890625,1.863433837890625,2021-04-19 08:45:00,2021-04-19 13:15:00,270.0,270.0
D2,FG-R1-expanded-l1__guard-q95-suppress,1,8,2021-04-20,96,1.0,True,172.0,164.99943982822538,-7.000560171774623,7.000560171774623,2021-04-20 08:45:00,2021-04-20 11:45:00,180.0,180.0
D2,FG-R1-expanded-l1__guard-q95-suppress,1,8,2021-04-21,96,1.0,True,174.0,174.7865307822993,0.7865307822993088,0.7865307822993088,2021-04-21 08:30:00,2021-04-21 09:00:00,30.0,30.0
D2,FG-R1-expanded-l1__guard-q95-suppress,1,8,2021-04-22,96,1.0,True,174.0,170.6350318872743,-3.3649681127257054,3.3649681127257054,2021-04-22 08:30:00,2021-04-22 08:30:00,0.0,0.0
D2,FG-R1-expanded-l1__guard-q95-suppress,1,8,2021-04-23,96,1.0,True,174.0,173.27962862972862,-0.7203713702713799,0.7203713702713799,2021-04-23 08:30:00,2021-04-23 08:30:00,0.0,0.0
D2,FG-R1-expanded-l1__guard-q95-suppress,1,8,2021-04-24,96,1.0,True,112.0,107.39279942231342,-4.607200577686584,4.607200577686584,2021-04-24 06:15:00,2021-04-24 02:30:00,-225.0,225.0
D2,FG-R1-expanded-l1__guard-q95-suppress,1,8,2021-04-25,96,1.0,True,25.0,66.4377592913234,41.4377592913234,41.4377592913234,2021-04-25 01:30:00,2021-04-25 01:45:00,15.0,15.0
D2,FG-R1-expanded-l1__guard-q95-suppress,1,9,2021-04-19,96,1.0,True,172.0,173.9942626953125,1.9942626953125,1.9942626953125,2021-04-19 08:45:00,2021-04-19 13:15:00,270.0,270.0
D2,FG-R1-expanded-l1__guard-q95-suppress,1,9,2021-04-20,96,1.0,True,172.0,165.6735883877957,-6.326411612204311,6.326411612204311,2021-04-20 08:45:00,2021-04-20 12:00:00,195.0,195.0
D2,FG-R1-expanded-l1__guard-q95-suppress,1,9,2021-04-21,96,1.0,True,174.0,174.5989862245808,0.5989862245808126,0.5989862245808126,2021-04-21 08:30:00,2021-04-21 09:00:00,30.0,30.0
D2,FG-R1-expanded-l1__guard-q95-suppress,1,9,2021-04-22,96,1.0,True,174.0,170.3659889185243,-3.6340110814757054,3.6340110814757054,2021-04-22 08:30:00,2021-04-22 08:30:00,0.0,0.0
D2,FG-R1-expanded-l1__guard-q95-suppress,1,9,2021-04-23,96,1.0,True,174.0,172.18791648952472,-1.8120835104752757,1.8120835104752757,2021-04-23 08:30:00,2021-04-23 10:30:00,120.0,120.0
D2,FG-R1-expanded-l1__guard-q95-suppress,1,9,2021-04-24,96,1.0,True,112.0,108.73809425268026,-3.2619057473197444,3.2619057473197444,2021-04-24 06:15:00,2021-04-24 04:45:00,-90.0,90.0
D2,FG-R1-expanded-l1__guard-q95-suppress,1,9,2021-04-25,96,1.0,True,25.0,63.18816790304347,38.18816790304347,38.18816790304347,2021-04-25 01:30:00,2021-04-25 02:00:00,30.0,30.0
D2,FG-R1-expanded-l1__guard-q95-suppress,1,10,2021-04-19,96,1.0,True,172.0,177.33384704589844,5.3338470458984375,5.3338470458984375,2021-04-19 08:45:00,2021-04-19 13:15:00,270.0,270.0
D2,FG-R1-expanded-l1__guard-q95-suppress,1,10,2021-04-20,96,1.0,True,172.0,165.5415113201688,-6.458488679831191,6.458488679831191,2021-04-20 08:45:00,2021-04-20 11:15:00,150.0,150.0
D2,FG-R1-expanded-l1__guard-q95-suppress,1,10,2021-04-21,96,1.0,True,174.0,175.86292139593502,1.8629213959350182,1.8629213959350182,2021-04-21 08:30:00,2021-04-21 09:00:00,30.0,30.0
D2,FG-R1-expanded-l1__guard-q95-suppress,1,10,2021-04-22,96,1.0,True,174.0,170.1318865534552,-3.868113446544811,3.868113446544811,2021-04-22 08:30:00,2021-04-22 11:00:00,150.0,150.0
D2,FG-R1-expanded-l1__guard-q95-suppress,1,10,2021-04-23,96,1.0,True,174.0,173.83816140406964,-0.16183859593036232,0.16183859593036232,2021-04-23 08:30:00,2021-04-23 08:30:00,0.0,0.0
D2,FG-R1-expanded-l1__guard-q95-suppress,1,10,2021-04-24,96,1.0,True,112.0,111.9031667087376,-0.09683329126239926,0.09683329126239926,2021-04-24 06:15:00,2021-04-24 04:45:00,-90.0,90.0
D2,FG-R1-expanded-l1__guard-q95-suppress,1,10,2021-04-25,96,1.0,True,25.0,62.571406310117176,37.571406310117176,37.571406310117176,2021-04-25 01:30:00,2021-04-25 02:15:00,45.0,45.0
D2,FG-R1-expanded-l1__guard-q95-suppress,1,11,2021-04-19,96,1.0,True,172.0,175.6193084716797,3.6193084716796875,3.6193084716796875,2021-04-19 08:45:00,2021-04-19 13:15:00,270.0,270.0
D2,FG-R1-expanded-l1__guard-q95-suppress,1,11,2021-04-20,96,1.0,True,172.0,164.06921664122996,-7.930783358770043,7.930783358770043,2021-04-20 08:45:00,2021-04-20 12:00:00,195.0,195.0
D2,FG-R1-expanded-l1__guard-q95-suppress,1,11,2021-04-21,96,1.0,True,174.0,175.30370011024388,1.3037001102438808,1.3037001102438808,2021-04-21 08:30:00,2021-04-21 09:00:00,30.0,30.0
D2,FG-R1-expanded-l1__guard-q95-suppress,1,11,2021-04-22,96,1.0,True,174.0,169.45432987100173,-4.5456701289982675,4.5456701289982675,2021-04-22 08:30:00,2021-04-22 11:00:00,150.0,150.0
D2,FG-R1-expanded-l1__guard-q95-suppress,1,11,2021-04-23,96,1.0,True,174.0,170.51845347984593,-3.481546520154069,3.481546520154069,2021-04-23 08:30:00,2021-04-23 08:30:00,0.0,0.0
D2,FG-R1-expanded-l1__guard-q95-suppress,1,11,2021-04-24,96,1.0,True,112.0,111.33263415632692,-0.6673658436730818,0.6673658436730818,2021-04-24 06:15:00,2021-04-24 04:45:00,-90.0,90.0
D2,FG-R1-expanded-l1__guard-q95-suppress,1,11,2021-04-25,96,1.0,True,25.0,62.6773875066094,37.6773875066094,37.6773875066094,2021-04-25 01:30:00,2021-04-25 02:30:00,60.0,60.0
D2,FG-R1-expanded-l1__guard-q95-suppress,1,12,2021-04-19,96,1.0,True,172.0,173.8789520263672,1.8789520263671875,1.8789520263671875,2021-04-19 08:45:00,2021-04-19 13:15:00,270.0,270.0
D2,FG-R1-expanded-l1__guard-q95-suppress,1,12,2021-04-20,96,1.0,True,172.0,164.37123107910156,-7.6287689208984375,7.6287689208984375,2021-04-20 08:45:00,2021-04-20 11:45:00,180.0,180.0
D2,FG-R1-expanded-l1__guard-q95-suppress,1,12,2021-04-21,96,1.0,True,174.0,175.28465714149388,1.2846571414938808,1.2846571414938808,2021-04-21 08:30:00,2021-04-21 09:00:00,30.0,30.0
D2,FG-R1-expanded-l1__guard-q95-suppress,1,12,2021-04-22,96,1.0,True,174.0,169.6457425932594,-4.354257406740601,4.354257406740601,2021-04-22 08:30:00,2021-04-22 08:30:00,0.0,0.0
D2,FG-R1-expanded-l1__guard-q95-suppress,1,12,2021-04-23,96,1.0,True,174.0,171.3123039930418,-2.687696006958191,2.687696006958191,2021-04-23 08:30:00,2021-04-23 10:45:00,135.0,135.0
D2,FG-R1-expanded-l1__guard-q95-suppress,1,12,2021-04-24,96,1.0,True,112.0,110.84849123048018,-1.1515087695198218,1.1515087695198218,2021-04-24 06:15:00,2021-04-24 04:45:00,-90.0,90.0
D2,FG-R1-expanded-l1__guard-q95-suppress,1,12,2021-04-25,96,1.0,True,25.0,62.73695711607134,37.73695711607134,37.73695711607134,2021-04-25 01:30:00,2021-04-25 02:45:00,75.0,75.0
D2,FG-R1-expanded-l1__guard-q95-suppress,1,13,2021-04-19,96,1.0,True,172.0,172.33731969549652,0.3373196954965181,0.3373196954965181,2021-04-19 08:45:00,2021-04-19 13:15:00,270.0,270.0
D2,FG-R1-expanded-l1__guard-q95-suppress,1,13,2021-04-20,96,1.0,True,172.0,163.78182983398438,-8.218170166015625,8.218170166015625,2021-04-20 08:45:00,2021-04-20 11:00:00,135.0,135.0
D2,FG-R1-expanded-l1__guard-q95-suppress,1,13,2021-04-21,96,1.0,True,174.0,172.68639719352592,-1.31360280647408,1.31360280647408,2021-04-21 08:30:00,2021-04-21 09:00:00,30.0,30.0
D2,FG-R1-expanded-l1__guard-q95-suppress,1,13,2021-04-22,96,1.0,True,174.0,170.69574776848538,-3.3042522315146243,3.3042522315146243,2021-04-22 08:30:00,2021-04-22 11:00:00,150.0,150.0
D2,FG-R1-expanded-l1__guard-q95-suppress,1,13,2021-04-23,96,1.0,True,174.0,172.10818717175275,-1.8918128282472537,1.8918128282472537,2021-04-23 08:30:00,2021-04-23 11:00:00,150.0,150.0
D2,FG-R1-expanded-l1__guard-q95-suppress,1,13,2021-04-24,96,1.0,True,112.0,110.35581040757863,-1.6441895924213696,1.6441895924213696,2021-04-24 06:15:00,2021-04-24 04:45:00,-90.0,90.0
D2,FG-R1-expanded-l1__guard-q95-suppress,1,13,2021-04-25,96,1.0,True,25.0,60.15684027007811,35.15684027007811,35.15684027007811,2021-04-25 01:30:00,2021-04-25 03:00:00,90.0,90.0
D2,FG-R1-expanded-l1__guard-q95-suppress,1,14,2021-04-19,96,1.0,True,172.0,172.74610589958047,0.7461058995804706,0.7461058995804706,2021-04-19 08:45:00,2021-04-19 13:15:00,270.0,270.0
D2,FG-R1-expanded-l1__guard-q95-suppress,1,14,2021-04-20,96,1.0,True,172.0,165.9497528076172,-6.0502471923828125,6.0502471923828125,2021-04-20 08:45:00,2021-04-20 09:00:00,15.0,15.0
D2,FG-R1-expanded-l1__guard-q95-suppress,1,14,2021-04-21,96,1.0,True,174.0,173.6676025390625,-0.3323974609375,0.3323974609375,2021-04-21 08:30:00,2021-04-21 12:00:00,210.0,210.0
D2,FG-R1-expanded-l1__guard-q95-suppress,1,14,2021-04-22,96,1.0,True,174.0,170.6067237899835,-3.393276210016495,3.393276210016495,2021-04-22 08:30:00,2021-04-22 10:45:00,135.0,135.0
D2,FG-R1-expanded-l1__guard-q95-suppress,1,14,2021-04-23,96,1.0,True,174.0,170.89169329837932,-3.108306701620677,3.108306701620677,2021-04-23 08:30:00,2021-04-23 10:30:00,120.0,120.0
D2,FG-R1-expanded-l1__guard-q95-suppress,1,14,2021-04-24,96,1.0,True,112.0,109.88761699236056,-2.112383007639437,2.112383007639437,2021-04-24 06:15:00,2021-04-24 04:45:00,-90.0,90.0
D2,FG-R1-expanded-l1__guard-q95-suppress,1,14,2021-04-25,96,1.0,True,25.0,54.44490389341509,29.444903893415088,29.444903893415088,2021-04-25 01:30:00,2021-04-25 03:15:00,105.0,105.0
D2,FG-R1-expanded-l1__guard-q95-suppress,1,15,2021-04-19,96,1.0,True,172.0,169.24989754380888,-2.750102456191115,2.750102456191115,2021-04-19 08:45:00,2021-04-19 13:15:00,270.0,270.0
D2,FG-R1-expanded-l1__guard-q95-suppress,1,15,2021-04-20,96,1.0,True,172.0,164.26638793945312,-7.733612060546875,7.733612060546875,2021-04-20 08:45:00,2021-04-20 11:45:00,180.0,180.0
D2,FG-R1-expanded-l1__guard-q95-suppress,1,15,2021-04-21,96,1.0,True,174.0,173.13502056922175,-0.8649794307782486,0.8649794307782486,2021-04-21 08:30:00,2021-04-21 12:00:00,210.0,210.0
D2,FG-R1-expanded-l1__guard-q95-suppress,1,15,2021-04-22,96,1.0,True,174.0,169.23911297643457,-4.760887023565431,4.760887023565431,2021-04-22 08:30:00,2021-04-22 11:00:00,150.0,150.0
D2,FG-R1-expanded-l1__guard-q95-suppress,1,15,2021-04-23,96,1.0,True,174.0,170.6131746216215,-3.3868253783784894,3.3868253783784894,2021-04-23 08:30:00,2021-04-23 10:30:00,120.0,120.0
D2,FG-R1-expanded-l1__guard-q95-suppress,1,15,2021-04-24,96,1.0,True,112.0,109.59813790549731,-2.4018620945026896,2.4018620945026896,2021-04-24 06:15:00,2021-04-24 04:45:00,-90.0,90.0
D2,FG-R1-expanded-l1__guard-q95-suppress,1,15,2021-04-25,96,1.0,True,25.0,58.2852747670605,33.2852747670605,33.2852747670605,2021-04-25 01:30:00,2021-04-25 03:30:00,120.0,120.0
D2,FG-R1-expanded-l1__guard-q95-suppress,1,16,2021-04-19,96,1.0,True,172.0,173.0997986459658,1.099798645965791,1.099798645965791,2021-04-19 08:45:00,2021-04-19 13:15:00,270.0,270.0
D2,FG-R1-expanded-l1__guard-q95-suppress,1,16,2021-04-20,96,1.0,True,172.0,164.91506958007812,-7.084930419921875,7.084930419921875,2021-04-20 08:45:00,2021-04-20 11:45:00,180.0,180.0
D2,FG-R1-expanded-l1__guard-q95-suppress,1,16,2021-04-21,96,1.0,True,174.0,172.02075492363082,-1.9792450763691818,1.9792450763691818,2021-04-21 08:30:00,2021-04-21 12:00:00,210.0,210.0
D2,FG-R1-expanded-l1__guard-q95-suppress,1,16,2021-04-22,96,1.0,True,174.0,170.9325389852196,-3.067461014780406,3.067461014780406,2021-04-22 08:30:00,2021-04-22 10:30:00,120.0,120.0
D2,FG-R1-expanded-l1__guard-q95-suppress,1,16,2021-04-23,96,1.0,True,174.0,173.13584776691116,-0.8641522330888449,0.8641522330888449,2021-04-23 08:30:00,2021-04-23 10:30:00,120.0,120.0
D2,FG-R1-expanded-l1__guard-q95-suppress,1,16,2021-04-24,96,1.0,True,112.0,111.98246127529742,-0.017538724702575337,0.017538724702575337,2021-04-24 06:15:00,2021-04-24 04:45:00,-90.0,90.0
D2,FG-R1-expanded-l1__guard-q95-suppress,1,16,2021-04-25,96,1.0,True,25.0,58.02642878068393,33.02642878068393,33.02642878068393,2021-04-25 01:30:00,2021-04-25 03:45:00,135.0,135.0
D2,FG-R1-expanded-l1__guard-q95-suppress,3,4,2021-05-05,95,0.9895833333333334,False,120.0,168.7721626092678,48.77216260926781,48.77216260926781,2021-05-05 04:15:00,2021-05-05 08:30:00,255.0,255.0
D2,FG-R1-expanded-l1__guard-q95-suppress,3,4,2021-05-06,96,1.0,True,199.0,178.50517399908614,-20.49482600091386,20.49482600091386,2021-05-06 09:00:00,2021-05-06 12:00:00,180.0,180.0
D2,FG-R1-expanded-l1__guard-q95-suppress,3,4,2021-05-07,96,1.0,True,181.0,176.82984924316406,-4.1701507568359375,4.1701507568359375,2021-05-07 09:00:00,2021-05-07 08:30:00,-30.0,30.0
D2,FG-R1-expanded-l1__guard-q95-suppress,3,4,2021-05-08,96,1.0,True,115.0,108.08768078529121,-6.912319214708788,6.912319214708788,2021-05-08 02:00:00,2021-05-08 06:15:00,255.0,255.0
D2,FG-R1-expanded-l1__guard-q95-suppress,3,4,2021-05-09,96,1.0,True,184.0,177.29555942896104,-6.704440571038958,6.704440571038958,2021-05-09 09:00:00,2021-05-09 09:45:00,45.0,45.0
D2,FG-R1-expanded-l1__guard-q95-suppress,3,5,2021-05-05,95,0.9895833333333334,False,120.0,174.8815025573004,54.881502557300394,54.881502557300394,2021-05-05 04:15:00,2021-05-05 08:30:00,255.0,255.0
D2,FG-R1-expanded-l1__guard-q95-suppress,3,5,2021-05-06,96,1.0,True,199.0,180.86366953490634,-18.136330465093664,18.136330465093664,2021-05-06 09:00:00,2021-05-06 11:15:00,135.0,135.0
D2,FG-R1-expanded-l1__guard-q95-suppress,3,5,2021-05-07,96,1.0,True,181.0,175.64828232396025,-5.351717676039755,5.351717676039755,2021-05-07 09:00:00,2021-05-07 08:30:00,-30.0,30.0
D2,FG-R1-expanded-l1__guard-q95-suppress,3,5,2021-05-08,96,1.0,True,115.0,108.43358134199384,-6.566418658006157,6.566418658006157,2021-05-08 02:00:00,2021-05-08 06:15:00,255.0,255.0
D2,FG-R1-expanded-l1__guard-q95-suppress,3,5,2021-05-09,96,1.0,True,184.0,175.4997167857305,-8.500283214269501,8.500283214269501,2021-05-09 09:00:00,2021-05-09 09:45:00,45.0,45.0
D2,FG-R1-expanded-l1__guard-q95-suppress,3,6,2021-05-05,95,0.9895833333333334,False,120.0,176.74840757117082,56.748407571170816,56.748407571170816,2021-05-05 04:15:00,2021-05-05 08:30:00,255.0,255.0
D2,FG-R1-expanded-l1__guard-q95-suppress,3,6,2021-05-06,96,1.0,True,199.0,178.6144421875627,-20.3855578124373,20.3855578124373,2021-05-06 09:00:00,2021-05-06 12:00:00,180.0,180.0
D2,FG-R1-expanded-l1__guard-q95-suppress,3,6,2021-05-07,96,1.0,True,181.0,175.6037288628151,-5.396271137184897,5.396271137184897,2021-05-07 09:00:00,2021-05-07 08:30:00,-30.0,30.0
D2,FG-R1-expanded-l1__guard-q95-suppress,3,6,2021-05-08,96,1.0,True,115.0,111.17492071669297,-3.8250792833070335,3.8250792833070335,2021-05-08 02:00:00,2021-05-08 06:15:00,255.0,255.0
D2,FG-R1-expanded-l1__guard-q95-suppress,3,6,2021-05-09,96,1.0,True,184.0,174.3905939378888,-9.60940606211119,9.60940606211119,2021-05-09 09:00:00,2021-05-09 10:00:00,60.0,60.0
D2,FG-R1-expanded-l1__guard-q95-suppress,3,7,2021-05-05,95,0.9895833333333334,False,120.0,175.01984974418656,55.01984974418656,55.01984974418656,2021-05-05 04:15:00,2021-05-05 08:30:00,255.0,255.0
D2,FG-R1-expanded-l1__guard-q95-suppress,3,7,2021-05-06,96,1.0,True,199.0,179.1004391305483,-19.899560869451705,19.899560869451705,2021-05-06 09:00:00,2021-05-06 11:45:00,165.0,165.0
D2,FG-R1-expanded-l1__guard-q95-suppress,3,7,2021-05-07,96,1.0,True,181.0,174.29725018417227,-6.70274981582773,6.70274981582773,2021-05-07 09:00:00,2021-05-07 08:30:00,-30.0,30.0
D2,FG-R1-expanded-l1__guard-q95-suppress,3,7,2021-05-08,96,1.0,True,115.0,110.06411262087124,-4.935887379128758,4.935887379128758,2021-05-08 02:00:00,2021-05-08 06:15:00,255.0,255.0
D2,FG-R1-expanded-l1__guard-q95-suppress,3,7,2021-05-09,96,1.0,True,184.0,171.01293805778732,-12.987061942212677,12.987061942212677,2021-05-09 09:00:00,2021-05-09 10:45:00,105.0,105.0
D2,FG-R1-expanded-l1__guard-q95-suppress,3,8,2021-05-05,95,0.9895833333333334,False,120.0,177.38274595007707,57.382745950077066,57.382745950077066,2021-05-05 04:15:00,2021-05-05 08:30:00,255.0,255.0
D2,FG-R1-expanded-l1__guard-q95-suppress,3,8,2021-05-06,96,1.0,True,199.0,181.40190251471114,-17.59809748528886,17.59809748528886,2021-05-06 09:00:00,2021-05-06 12:00:00,180.0,180.0
D2,FG-R1-expanded-l1__guard-q95-suppress,3,8,2021-05-07,96,1.0,True,181.0,176.23886108398438,-4.761138916015625,4.761138916015625,2021-05-07 09:00:00,2021-05-07 08:30:00,-30.0,30.0
D2,FG-R1-expanded-l1__guard-q95-suppress,3,8,2021-05-08,96,1.0,True,115.0,109.97914824469956,-5.020851755300441,5.020851755300441,2021-05-08 02:00:00,2021-05-08 06:15:00,255.0,255.0
D2,FG-R1-expanded-l1__guard-q95-suppress,3,8,2021-05-09,96,1.0,True,184.0,170.87461311700565,-13.125386882994349,13.125386882994349,2021-05-09 09:00:00,2021-05-09 11:00:00,120.0,120.0
D2,FG-R1-expanded-l1__guard-q95-suppress,3,9,2021-05-05,95,0.9895833333333334,False,120.0,177.13186094031144,57.13186094031144,57.13186094031144,2021-05-05 04:15:00,2021-05-05 08:30:00,255.0,255.0
D2,FG-R1-expanded-l1__guard-q95-suppress,3,9,2021-05-06,96,1.0,True,199.0,180.9438336670549,-18.05616633294511,18.05616633294511,2021-05-06 09:00:00,2021-05-06 12:00:00,180.0,180.0
D2,FG-R1-expanded-l1__guard-q95-suppress,3,9,2021-05-07,96,1.0,True,181.0,177.32081604003906,-3.6791839599609375,3.6791839599609375,2021-05-07 09:00:00,2021-05-07 08:30:00,-30.0,30.0
D2,FG-R1-expanded-l1__guard-q95-suppress,3,9,2021-05-08,96,1.0,True,115.0,108.16389653385404,-6.836103466145957,6.836103466145957,2021-05-08 02:00:00,2021-05-08 06:15:00,255.0,255.0
D2,FG-R1-expanded-l1__guard-q95-suppress,3,9,2021-05-09,96,1.0,True,184.0,171.55759987465905,-12.442400125340953,12.442400125340953,2021-05-09 09:00:00,2021-05-09 11:00:00,120.0,120.0
D2,FG-R1-expanded-l1__guard-q95-suppress,3,10,2021-05-05,95,0.9895833333333334,False,120.0,178.7719366239052,58.77193662390519,58.77193662390519,2021-05-05 04:15:00,2021-05-05 08:30:00,255.0,255.0
D2,FG-R1-expanded-l1__guard-q95-suppress,3,10,2021-05-06,96,1.0,True,199.0,180.34518044301623,-18.654819556983767,18.654819556983767,2021-05-06 09:00:00,2021-05-06 13:30:00,270.0,270.0
D2,FG-R1-expanded-l1__guard-q95-suppress,3,10,2021-05-07,96,1.0,True,181.0,176.56399536132812,-4.436004638671875,4.436004638671875,2021-05-07 09:00:00,2021-05-07 08:30:00,-30.0,30.0
D2,FG-R1-expanded-l1__guard-q95-suppress,3,10,2021-05-08,96,1.0,True,115.0,110.9115899505891,-4.088410049410896,4.088410049410896,2021-05-08 02:00:00,2021-05-08 06:15:00,255.0,255.0
D2,FG-R1-expanded-l1__guard-q95-suppress,3,10,2021-05-09,96,1.0,True,184.0,171.11924969559453,-12.880750304405467,12.880750304405467,2021-05-09 09:00:00,2021-05-09 11:00:00,120.0,120.0
D2,FG-R1-expanded-l1__guard-q95-suppress,3,11,2021-05-05,95,0.9895833333333334,False,120.0,177.7595617459755,57.7595617459755,57.7595617459755,2021-05-05 04:15:00,2021-05-05 08:30:00,255.0,255.0
D2,FG-R1-expanded-l1__guard-q95-suppress,3,11,2021-05-06,96,1.0,True,199.0,180.92229846974382,-18.077701530256178,18.077701530256178,2021-05-06 09:00:00,2021-05-06 13:45:00,285.0,285.0
D2,FG-R1-expanded-l1__guard-q95-suppress,3,11,2021-05-07,96,1.0,True,181.0,174.516873632554,-6.483126367446005,6.483126367446005,2021-05-07 09:00:00,2021-05-07 08:30:00,-30.0,30.0
D2,FG-R1-expanded-l1__guard-q95-suppress,3,11,2021-05-08,96,1.0,True,115.0,108.22244759258214,-6.777552407417858,6.777552407417858,2021-05-08 02:00:00,2021-05-08 06:15:00,255.0,255.0
D2,FG-R1-expanded-l1__guard-q95-suppress,3,11,2021-05-09,96,1.0,True,184.0,170.37805487580388,-13.621945124196117,13.621945124196117,2021-05-09 09:00:00,2021-05-09 11:15:00,135.0,135.0
D2,FG-R1-expanded-l1__guard-q95-suppress,3,12,2021-05-05,95,0.9895833333333334,False,120.0,175.58296434929258,55.58296434929258,55.58296434929258,2021-05-05 04:15:00,2021-05-05 08:30:00,255.0,255.0
D2,FG-R1-expanded-l1__guard-q95-suppress,3,12,2021-05-06,96,1.0,True,199.0,178.78565590688342,-20.21434409311658,20.21434409311658,2021-05-06 09:00:00,2021-05-06 13:30:00,270.0,270.0
D2,FG-R1-expanded-l1__guard-q95-suppress,3,12,2021-05-07,96,1.0,True,181.0,172.84936696533163,-8.150633034668374,8.150633034668374,2021-05-07 09:00:00,2021-05-07 08:30:00,-30.0,30.0
D2,FG-R1-expanded-l1__guard-q95-suppress,3,12,2021-05-08,96,1.0,True,115.0,107.25431431908207,-7.74568568091793,7.74568568091793,2021-05-08 02:00:00,2021-05-08 06:15:00,255.0,255.0
D2,FG-R1-expanded-l1__guard-q95-suppress,3,12,2021-05-09,96,1.0,True,184.0,169.1727623328024,-14.827237667197608,14.827237667197608,2021-05-09 09:00:00,2021-05-09 11:30:00,150.0,150.0
D2,FG-R1-expanded-l1__guard-q95-suppress,3,13,2021-05-05,95,0.9895833333333334,False,120.0,175.15266649773008,55.15266649773008,55.15266649773008,2021-05-05 04:15:00,2021-05-05 08:30:00,255.0,255.0
D2,FG-R1-expanded-l1__guard-q95-suppress,3,13,2021-05-06,96,1.0,True,199.0,179.6251488115407,-19.374851188459303,19.374851188459303,2021-05-06 09:00:00,2021-05-06 13:45:00,285.0,285.0
D2,FG-R1-expanded-l1__guard-q95-suppress,3,13,2021-05-07,96,1.0,True,181.0,172.76516487329368,-8.234835126706315,8.234835126706315,2021-05-07 09:00:00,2021-05-07 08:30:00,-30.0,30.0
D2,FG-R1-expanded-l1__guard-q95-suppress,3,13,2021-05-08,96,1.0,True,115.0,108.7810470712066,-6.218952928793399,6.218952928793399,2021-05-08 02:00:00,2021-05-08 06:15:00,255.0,255.0
D2,FG-R1-expanded-l1__guard-q95-suppress,3,13,2021-05-09,96,1.0,True,184.0,169.98788684452114,-14.012113155478858,14.012113155478858,2021-05-09 09:00:00,2021-05-09 11:45:00,165.0,165.0
D2,FG-R1-expanded-l1__guard-q95-suppress,3,14,2021-05-05,95,0.9895833333333334,False,120.0,176.76574155554582,56.765741555545816,56.765741555545816,2021-05-05 04:15:00,2021-05-05 08:30:00,255.0,255.0
D2,FG-R1-expanded-l1__guard-q95-suppress,3,14,2021-05-06,96,1.0,True,199.0,179.96508400746936,-19.034915992530642,19.034915992530642,2021-05-06 09:00:00,2021-05-06 13:30:00,270.0,270.0
D2,FG-R1-expanded-l1__guard-q95-suppress,3,14,2021-05-07,96,1.0,True,181.0,174.25785980454918,-6.7421401954508156,6.7421401954508156,2021-05-07 09:00:00,2021-05-07 08:30:00,-30.0,30.0
D2,FG-R1-expanded-l1__guard-q95-suppress,3,14,2021-05-08,96,1.0,True,115.0,107.63114651837145,-7.368853481628548,7.368853481628548,2021-05-08 02:00:00,2021-05-08 06:15:00,255.0,255.0
D2,FG-R1-expanded-l1__guard-q95-suppress,3,14,2021-05-09,96,1.0,True,184.0,167.12018054569302,-16.879819454306983,16.879819454306983,2021-05-09 09:00:00,2021-05-09 12:00:00,180.0,180.0
D2,FG-R1-expanded-l1__guard-q95-suppress,3,15,2021-05-05,95,0.9895833333333334,False,120.0,177.9502355741005,57.9502355741005,57.9502355741005,2021-05-05 04:15:00,2021-05-05 08:30:00,255.0,255.0
D2,FG-R1-expanded-l1__guard-q95-suppress,3,15,2021-05-06,96,1.0,True,199.0,180.00484851857195,-18.995151481428053,18.995151481428053,2021-05-06 09:00:00,2021-05-06 13:45:00,285.0,285.0
D2,FG-R1-expanded-l1__guard-q95-suppress,3,15,2021-05-07,96,1.0,True,181.0,174.71148643117448,-6.288513568825522,6.288513568825522,2021-05-07 09:00:00,2021-05-07 08:30:00,-30.0,30.0
D2,FG-R1-expanded-l1__guard-q95-suppress,3,15,2021-05-08,96,1.0,True,115.0,106.75057150247929,-8.24942849752071,8.24942849752071,2021-05-08 02:00:00,2021-05-08 06:15:00,255.0,255.0
D2,FG-R1-expanded-l1__guard-q95-suppress,3,15,2021-05-09,96,1.0,True,184.0,161.9709116474283,-22.029088352571705,22.029088352571705,2021-05-09 09:00:00,2021-05-09 11:45:00,165.0,165.0
D2,FG-R1-expanded-l1__guard-q95-suppress,3,16,2021-05-05,95,0.9895833333333334,False,120.0,177.62896095758657,57.62896095758657,57.62896095758657,2021-05-05 04:15:00,2021-05-05 08:30:00,255.0,255.0
D2,FG-R1-expanded-l1__guard-q95-suppress,3,16,2021-05-06,96,1.0,True,199.0,176.5617761391407,-22.438223860859296,22.438223860859296,2021-05-06 09:00:00,2021-05-06 13:45:00,285.0,285.0
D2,FG-R1-expanded-l1__guard-q95-suppress,3,16,2021-05-07,96,1.0,True,181.0,173.7314434021683,-7.26855659783169,7.26855659783169,2021-05-07 09:00:00,2021-05-07 08:30:00,-30.0,30.0
D2,FG-R1-expanded-l1__guard-q95-suppress,3,16,2021-05-08,96,1.0,True,115.0,107.8658062057771,-7.134193794222895,7.134193794222895,2021-05-08 02:00:00,2021-05-08 06:15:00,255.0,255.0
D2,FG-R1-expanded-l1__guard-q95-suppress,3,16,2021-05-09,96,1.0,True,184.0,159.01269890201624,-24.98730109798376,24.98730109798376,2021-05-09 09:00:00,2021-05-09 15:45:00,405.0,405.0
D2,FG-R1-expanded-l1__guard-q95-suppress,5,4,2021-05-17,95,0.9895833333333334,False,192.0,170.09279831584197,-21.907201684158025,21.907201684158025,2021-05-17 09:00:00,2021-05-17 11:45:00,165.0,165.0
D2,FG-R1-expanded-l1__guard-q95-suppress,5,4,2021-05-18,1,0.010416666666666666,False,73.0,70.80831164972781,-2.1916883502721873,2.1916883502721873,2021-05-18 00:00:00,2021-05-18 00:00:00,0.0,0.0
D2,FG-R1-expanded-l1__guard-q95-suppress,5,4,2021-05-19,95,0.9895833333333334,False,108.0,145.60624582833867,37.60624582833867,37.60624582833867,2021-05-19 06:15:00,2021-05-19 08:15:00,120.0,120.0
D2,FG-R1-expanded-l1__guard-q95-suppress,5,4,2021-05-20,96,1.0,True,181.0,181.63848087877165,0.6384808787716452,0.6384808787716452,2021-05-20 13:15:00,2021-05-20 09:00:00,-255.0,255.0
D2,FG-R1-expanded-l1__guard-q95-suppress,5,4,2021-05-21,96,1.0,True,160.0,169.91273571294198,9.91273571294198,9.91273571294198,2021-05-21 08:30:00,2021-05-21 09:00:00,30.0,30.0
D2,FG-R1-expanded-l1__guard-q95-suppress,5,4,2021-05-22,96,1.0,True,112.0,105.52213119544918,-6.477868804550823,6.477868804550823,2021-05-22 06:15:00,2021-05-22 04:45:00,-90.0,90.0
D2,FG-R1-expanded-l1__guard-q95-suppress,5,4,2021-05-23,96,1.0,True,25.0,25.387008370842327,0.3870083708423273,0.3870083708423273,2021-05-23 03:00:00,2021-05-23 07:15:00,255.0,255.0
D2,FG-R1-expanded-l1__guard-q95-suppress,5,5,2021-05-17,95,0.9895833333333334,False,192.0,169.6222073198653,-22.37779268013469,22.37779268013469,2021-05-17 09:00:00,2021-05-17 13:30:00,270.0,270.0
D2,FG-R1-expanded-l1__guard-q95-suppress,5,5,2021-05-18,1,0.010416666666666666,False,73.0,72.03379431360622,-0.9662056863937778,0.9662056863937778,2021-05-18 00:00:00,2021-05-18 00:00:00,0.0,0.0
D2,FG-R1-expanded-l1__guard-q95-suppress,5,5,2021-05-19,95,0.9895833333333334,False,108.0,162.97454309622958,54.97454309622958,54.97454309622958,2021-05-19 06:15:00,2021-05-19 08:30:00,135.0,135.0
D2,FG-R1-expanded-l1__guard-q95-suppress,5,5,2021-05-20,96,1.0,True,181.0,182.15283861372936,1.152838613729358,1.152838613729358,2021-05-20 13:15:00,2021-05-20 09:00:00,-255.0,255.0
D2,FG-R1-expanded-l1__guard-q95-suppress,5,5,2021-05-21,96,1.0,True,160.0,168.68997265141854,8.689972651418543,8.689972651418543,2021-05-21 08:30:00,2021-05-21 09:00:00,30.0,30.0
D2,FG-R1-expanded-l1__guard-q95-suppress,5,5,2021-05-22,96,1.0,True,112.0,104.43828141417039,-7.56171858582961,7.56171858582961,2021-05-22 06:15:00,2021-05-22 02:15:00,-240.0,240.0
D2,FG-R1-expanded-l1__guard-q95-suppress,5,5,2021-05-23,96,1.0,True,25.0,30.307704629387246,5.307704629387246,5.307704629387246,2021-05-23 03:00:00,2021-05-23 07:30:00,270.0,270.0
D2,FG-R1-expanded-l1__guard-q95-suppress,5,6,2021-05-17,95,0.9895833333333334,False,192.0,169.8224026323653,-22.17759736763469,22.17759736763469,2021-05-17 09:00:00,2021-05-17 13:30:00,270.0,270.0
D2,FG-R1-expanded-l1__guard-q95-suppress,5,6,2021-05-18,1,0.010416666666666666,False,73.0,73.83943548792263,0.8394354879226285,0.8394354879226285,2021-05-18 00:00:00,2021-05-18 00:00:00,0.0,0.0
D2,FG-R1-expanded-l1__guard-q95-suppress,5,6,2021-05-19,95,0.9895833333333334,False,108.0,166.32773828665927,58.32773828665927,58.32773828665927,2021-05-19 06:15:00,2021-05-19 08:30:00,135.0,135.0
D2,FG-R1-expanded-l1__guard-q95-suppress,5,6,2021-05-20,96,1.0,True,181.0,178.76106006443473,-2.23893993556527,2.23893993556527,2021-05-20 13:15:00,2021-05-20 09:00:00,-255.0,255.0
D2,FG-R1-expanded-l1__guard-q95-suppress,5,6,2021-05-21,96,1.0,True,160.0,167.8000920598148,7.800092059814801,7.800092059814801,2021-05-21 08:30:00,2021-05-21 08:30:00,0.0,0.0
D2,FG-R1-expanded-l1__guard-q95-suppress,5,6,2021-05-22,96,1.0,True,112.0,104.24268662657273,-7.757313373427266,7.757313373427266,2021-05-22 06:15:00,2021-05-22 02:15:00,-240.0,240.0
D2,FG-R1-expanded-l1__guard-q95-suppress,5,6,2021-05-23,96,1.0,True,25.0,50.82231873461186,25.822318734611862,25.822318734611862,2021-05-23 03:00:00,2021-05-23 07:45:00,285.0,285.0
D2,FG-R1-expanded-l1__guard-q95-suppress,5,7,2021-05-17,95,0.9895833333333334,False,192.0,168.67205762928876,-23.32794237071124,23.32794237071124,2021-05-17 09:00:00,2021-05-17 11:00:00,120.0,120.0
D2,FG-R1-expanded-l1__guard-q95-suppress,5,7,2021-05-18,1,0.010416666666666666,False,73.0,72.71363440149685,-0.2863655985031528,0.2863655985031528,2021-05-18 00:00:00,2021-05-18 00:00:00,0.0,0.0
D2,FG-R1-expanded-l1__guard-q95-suppress,5,7,2021-05-19,95,0.9895833333333334,False,108.0,164.6917366997452,56.691736699745206,56.691736699745206,2021-05-19 06:15:00,2021-05-19 08:30:00,135.0,135.0
D2,FG-R1-expanded-l1__guard-q95-suppress,5,7,2021-05-20,96,1.0,True,181.0,179.1323466233843,-1.8676533766156922,1.8676533766156922,2021-05-20 13:15:00,2021-05-20 09:00:00,-255.0,255.0
D2,FG-R1-expanded-l1__guard-q95-suppress,5,7,2021-05-21,96,1.0,True,160.0,165.64140859966932,5.641408599669319,5.641408599669319,2021-05-21 08:30:00,2021-05-21 09:00:00,30.0,30.0
D2,FG-R1-expanded-l1__guard-q95-suppress,5,7,2021-05-22,96,1.0,True,112.0,104.14654227644614,-7.853457723553859,7.853457723553859,2021-05-22 06:15:00,2021-05-22 03:30:00,-165.0,165.0
D2,FG-R1-expanded-l1__guard-q95-suppress,5,7,2021-05-23,96,1.0,True,25.0,102.3415910738079,77.3415910738079,77.3415910738079,2021-05-23 03:00:00,2021-05-23 08:00:00,300.0,300.0
D2,FG-R1-expanded-l1__guard-q95-suppress,5,8,2021-05-17,95,0.9895833333333334,False,192.0,169.6722034893606,-22.327796510639388,22.327796510639388,2021-05-17 09:00:00,2021-05-17 11:15:00,135.0,135.0
D2,FG-R1-expanded-l1__guard-q95-suppress,5,8,2021-05-18,1,0.010416666666666666,False,73.0,68.72291937464138,-4.2770806253586215,4.2770806253586215,2021-05-18 00:00:00,2021-05-18 00:00:00,0.0,0.0
D2,FG-R1-expanded-l1__guard-q95-suppress,5,8,2021-05-19,95,0.9895833333333334,False,108.0,168.97756030093805,60.97756030093805,60.97756030093805,2021-05-19 06:15:00,2021-05-19 08:30:00,135.0,135.0
D2,FG-R1-expanded-l1__guard-q95-suppress,5,8,2021-05-20,96,1.0,True,181.0,180.00329442198083,-0.9967055780191743,0.9967055780191743,2021-05-20 13:15:00,2021-05-20 09:00:00,-255.0,255.0
D2,FG-R1-expanded-l1__guard-q95-suppress,5,8,2021-05-21,96,1.0,True,160.0,167.04762309048172,7.047623090481721,7.047623090481721,2021-05-21 08:30:00,2021-05-21 09:00:00,30.0,30.0
D2,FG-R1-expanded-l1__guard-q95-suppress,5,8,2021-05-22,96,1.0,True,112.0,104.27563985405293,-7.724360145947074,7.724360145947074,2021-05-22 06:15:00,2021-05-22 03:30:00,-165.0,165.0
D2,FG-R1-expanded-l1__guard-q95-suppress,5,8,2021-05-23,96,1.0,True,25.0,151.53802298780695,126.53802298780695,126.53802298780695,2021-05-23 03:00:00,2021-05-23 08:15:00,315.0,315.0
D2,FG-R1-expanded-l1__guard-q95-suppress,5,9,2021-05-17,95,0.9895833333333334,False,192.0,171.86250594073107,-20.13749405926893,20.13749405926893,2021-05-17 09:00:00,2021-05-17 08:30:00,-30.0,30.0
D2,FG-R1-expanded-l1__guard-q95-suppress,5,9,2021-05-18,1,0.010416666666666666,False,73.0,62.014530550196824,-10.985469449803176,10.985469449803176,2021-05-18 00:00:00,2021-05-18 00:00:00,0.0,0.0
D2,FG-R1-expanded-l1__guard-q95-suppress,5,9,2021-05-19,95,0.9895833333333334,False,108.0,170.20862466499804,62.20862466499804,62.20862466499804,2021-05-19 06:15:00,2021-05-19 08:30:00,135.0,135.0
D2,FG-R1-expanded-l1__guard-q95-suppress,5,9,2021-05-20,96,1.0,True,181.0,182.31432185573954,1.3143218557395357,1.3143218557395357,2021-05-20 13:15:00,2021-05-20 08:30:00,-285.0,285.0
D2,FG-R1-expanded-l1__guard-q95-suppress,5,9,2021-05-21,96,1.0,True,160.0,165.08957326945531,5.089573269455315,5.089573269455315,2021-05-21 08:30:00,2021-05-21 08:30:00,0.0,0.0
D2,FG-R1-expanded-l1__guard-q95-suppress,5,9,2021-05-22,96,1.0,True,112.0,102.79515078564074,-9.204849214359257,9.204849214359257,2021-05-22 06:15:00,2021-05-22 03:30:00,-165.0,165.0
D2,FG-R1-expanded-l1__guard-q95-suppress,5,9,2021-05-23,96,1.0,True,25.0,166.44327713487525,141.44327713487525,141.44327713487525,2021-05-23 03:00:00,2021-05-23 08:30:00,330.0,330.0
D2,FG-R1-expanded-l1__guard-q95-suppress,5,10,2021-05-17,95,0.9895833333333334,False,192.0,171.58514709442372,-20.414852905576282,20.414852905576282,2021-05-17 09:00:00,2021-05-17 08:45:00,-15.0,15.0
D2,FG-R1-expanded-l1__guard-q95-suppress,5,10,2021-05-18,1,0.010416666666666666,False,73.0,68.15355250366147,-4.846447496338527,4.846447496338527,2021-05-18 00:00:00,2021-05-18 00:00:00,0.0,0.0
D2,FG-R1-expanded-l1__guard-q95-suppress,5,10,2021-05-19,95,0.9895833333333334,False,108.0,170.19506311576083,62.19506311576083,62.19506311576083,2021-05-19 06:15:00,2021-05-19 08:30:00,135.0,135.0
D2,FG-R1-expanded-l1__guard-q95-suppress,5,10,2021-05-20,96,1.0,True,181.0,183.67630357747527,2.6763035774752666,2.6763035774752666,2021-05-20 13:15:00,2021-05-20 08:45:00,-270.0,270.0
D2,FG-R1-expanded-l1__guard-q95-suppress,5,10,2021-05-21,96,1.0,True,160.0,166.17421223446524,6.174212234465244,6.174212234465244,2021-05-21 08:30:00,2021-05-21 10:45:00,135.0,135.0
D2,FG-R1-expanded-l1__guard-q95-suppress,5,10,2021-05-22,96,1.0,True,112.0,104.52019468604844,-7.479805313951559,7.479805313951559,2021-05-22 06:15:00,2021-05-22 06:15:00,0.0,0.0
D2,FG-R1-expanded-l1__guard-q95-suppress,5,10,2021-05-23,96,1.0,True,25.0,168.00419022081275,143.00419022081275,143.00419022081275,2021-05-23 03:00:00,2021-05-23 08:45:00,345.0,345.0
D2,FG-R1-expanded-l1__guard-q95-suppress,5,11,2021-05-17,95,0.9895833333333334,False,192.0,171.622886963626,-20.377113036374,20.377113036374,2021-05-17 09:00:00,2021-05-17 11:45:00,165.0,165.0
D2,FG-R1-expanded-l1__guard-q95-suppress,5,11,2021-05-18,1,0.010416666666666666,False,73.0,73.66012123551116,0.6601212355111556,0.6601212355111556,2021-05-18 00:00:00,2021-05-18 00:00:00,0.0,0.0
D2,FG-R1-expanded-l1__guard-q95-suppress,5,11,2021-05-19,95,0.9895833333333334,False,108.0,167.62308764480434,59.62308764480434,59.62308764480434,2021-05-19 06:15:00,2021-05-19 09:00:00,165.0,165.0
D2,FG-R1-expanded-l1__guard-q95-suppress,5,11,2021-05-20,96,1.0,True,181.0,185.85149637118897,4.851496371188972,4.851496371188972,2021-05-20 13:15:00,2021-05-20 09:00:00,-255.0,255.0
D2,FG-R1-expanded-l1__guard-q95-suppress,5,11,2021-05-21,96,1.0,True,160.0,167.346514480559,7.346514480558994,7.346514480558994,2021-05-21 08:30:00,2021-05-21 10:45:00,135.0,135.0
D2,FG-R1-expanded-l1__guard-q95-suppress,5,11,2021-05-22,96,1.0,True,112.0,103.42304960548203,-8.576950394517965,8.576950394517965,2021-05-22 06:15:00,2021-05-22 06:30:00,15.0,15.0
D2,FG-R1-expanded-l1__guard-q95-suppress,5,11,2021-05-23,96,1.0,True,25.0,163.6823518419065,138.6823518419065,138.6823518419065,2021-05-23 03:00:00,2021-05-23 09:00:00,360.0,360.0
D2,FG-R1-expanded-l1__guard-q95-suppress,5,12,2021-05-17,95,0.9895833333333334,False,192.0,172.41790198151506,-19.582098018484942,19.582098018484942,2021-05-17 09:00:00,2021-05-17 08:30:00,-30.0,30.0
D2,FG-R1-expanded-l1__guard-q95-suppress,5,12,2021-05-18,1,0.010416666666666666,False,73.0,75.31058052506194,2.310580525061937,2.310580525061937,2021-05-18 00:00:00,2021-05-18 00:00:00,0.0,0.0
D2,FG-R1-expanded-l1__guard-q95-suppress,5,12,2021-05-19,95,0.9895833333333334,False,108.0,166.20747199829574,58.207471998295745,58.207471998295745,2021-05-19 06:15:00,2021-05-19 09:00:00,165.0,165.0
D2,FG-R1-expanded-l1__guard-q95-suppress,5,12,2021-05-20,96,1.0,True,181.0,185.75982156650147,4.759821566501472,4.759821566501472,2021-05-20 13:15:00,2021-05-20 09:00:00,-255.0,255.0
D2,FG-R1-expanded-l1__guard-q95-suppress,5,12,2021-05-21,96,1.0,True,160.0,167.43345906063712,7.433459060637119,7.433459060637119,2021-05-21 08:30:00,2021-05-21 11:00:00,150.0,150.0
D2,FG-R1-expanded-l1__guard-q95-suppress,5,12,2021-05-22,96,1.0,True,112.0,103.35590049177817,-8.644099508221828,8.644099508221828,2021-05-22 06:15:00,2021-05-22 04:45:00,-90.0,90.0
D2,FG-R1-expanded-l1__guard-q95-suppress,5,12,2021-05-23,96,1.0,True,25.0,156.17321182725806,131.17321182725806,131.17321182725806,2021-05-23 03:00:00,2021-05-23 09:15:00,375.0,375.0
D2,FG-R1-expanded-l1__guard-q95-suppress,5,13,2021-05-17,95,0.9895833333333334,False,192.0,174.8148069661217,-17.185193033878306,17.185193033878306,2021-05-17 09:00:00,2021-05-17 08:30:00,-30.0,30.0
D2,FG-R1-expanded-l1__guard-q95-suppress,5,13,2021-05-18,1,0.010416666666666666,False,73.0,79.0107682081674,6.010768208167406,6.010768208167406,2021-05-18 00:00:00,2021-05-18 00:00:00,0.0,0.0
D2,FG-R1-expanded-l1__guard-q95-suppress,5,13,2021-05-19,95,0.9895833333333334,False,108.0,163.72967004935458,55.72967004935458,55.72967004935458,2021-05-19 06:15:00,2021-05-19 08:30:00,135.0,135.0
D2,FG-R1-expanded-l1__guard-q95-suppress,5,13,2021-05-20,96,1.0,True,181.0,186.1691538418921,5.169153841892097,5.169153841892097,2021-05-20 13:15:00,2021-05-20 09:00:00,-255.0,255.0
D2,FG-R1-expanded-l1__guard-q95-suppress,5,13,2021-05-21,96,1.0,True,160.0,166.3551814727465,6.355181472746494,6.355181472746494,2021-05-21 08:30:00,2021-05-21 11:00:00,150.0,150.0
D2,FG-R1-expanded-l1__guard-q95-suppress,5,13,2021-05-22,96,1.0,True,112.0,102.74061906065477,-9.259380939345235,9.259380939345235,2021-05-22 06:15:00,2021-05-22 04:15:00,-120.0,120.0
D2,FG-R1-expanded-l1__guard-q95-suppress,5,13,2021-05-23,96,1.0,True,25.0,150.167581334094,125.167581334094,125.167581334094,2021-05-23 03:00:00,2021-05-23 09:30:00,390.0,390.0
D2,FG-R1-expanded-l1__guard-q95-suppress,5,14,2021-05-17,95,0.9895833333333334,False,192.0,174.77019052372287,-17.229809476277126,17.229809476277126,2021-05-17 09:00:00,2021-05-17 08:45:00,-15.0,15.0
D2,FG-R1-expanded-l1__guard-q95-suppress,5,14,2021-05-18,1,0.010416666666666666,False,73.0,77.25770882096037,4.257708820960374,4.257708820960374,2021-05-18 00:00:00,2021-05-18 00:00:00,0.0,0.0
D2,FG-R1-expanded-l1__guard-q95-suppress,5,14,2021-05-19,95,0.9895833333333334,False,108.0,166.1010842339249,58.101084233924894,58.101084233924894,2021-05-19 06:15:00,2021-05-19 08:30:00,135.0,135.0
D2,FG-R1-expanded-l1__guard-q95-suppress,5,14,2021-05-20,96,1.0,True,181.0,185.71350450520964,4.713504505209642,4.713504505209642,2021-05-20 13:15:00,2021-05-20 09:00:00,-255.0,255.0
D2,FG-R1-expanded-l1__guard-q95-suppress,5,14,2021-05-21,96,1.0,True,160.0,165.5946832330649,5.594683233064899,5.594683233064899,2021-05-21 08:30:00,2021-05-21 10:45:00,135.0,135.0
D2,FG-R1-expanded-l1__guard-q95-suppress,5,14,2021-05-22,96,1.0,True,112.0,103.4143327447368,-8.585667255263203,8.585667255263203,2021-05-22 06:15:00,2021-05-22 04:15:00,-120.0,120.0
D2,FG-R1-expanded-l1__guard-q95-suppress,5,14,2021-05-23,96,1.0,True,25.0,145.089036565389,120.089036565389,120.089036565389,2021-05-23 03:00:00,2021-05-23 09:45:00,405.0,405.0
D2,FG-R1-expanded-l1__guard-q95-suppress,5,15,2021-05-17,95,0.9895833333333334,False,192.0,172.23951419759672,-19.76048580240328,19.76048580240328,2021-05-17 09:00:00,2021-05-17 09:00:00,0.0,0.0
D2,FG-R1-expanded-l1__guard-q95-suppress,5,15,2021-05-18,1,0.010416666666666666,False,73.0,79.06384590592131,6.063845905921312,6.063845905921312,2021-05-18 00:00:00,2021-05-18 00:00:00,0.0,0.0
D2,FG-R1-expanded-l1__guard-q95-suppress,5,15,2021-05-19,95,0.9895833333333334,False,108.0,165.76226282279208,57.76226282279208,57.76226282279208,2021-05-19 06:15:00,2021-05-19 08:30:00,135.0,135.0
D2,FG-R1-expanded-l1__guard-q95-suppress,5,15,2021-05-20,96,1.0,True,181.0,186.07622118001433,5.076221180014329,5.076221180014329,2021-05-20 13:15:00,2021-05-20 09:00:00,-255.0,255.0
D2,FG-R1-expanded-l1__guard-q95-suppress,5,15,2021-05-21,96,1.0,True,160.0,165.26537762491427,5.265377624914265,5.265377624914265,2021-05-21 08:30:00,2021-05-21 09:00:00,30.0,30.0
D2,FG-R1-expanded-l1__guard-q95-suppress,5,15,2021-05-22,96,1.0,True,112.0,102.71771226874156,-9.282287731258435,9.282287731258435,2021-05-22 06:15:00,2021-05-22 04:45:00,-90.0,90.0
D2,FG-R1-expanded-l1__guard-q95-suppress,5,15,2021-05-23,96,1.0,True,25.0,140.13229523238118,115.13229523238118,115.13229523238118,2021-05-23 03:00:00,2021-05-23 10:00:00,420.0,420.0
D2,FG-R1-expanded-l1__guard-q95-suppress,5,16,2021-05-17,95,0.9895833333333334,False,192.0,172.73344153343206,-19.266558466567943,19.266558466567943,2021-05-17 09:00:00,2021-05-17 09:00:00,0.0,0.0
D2,FG-R1-expanded-l1__guard-q95-suppress,5,16,2021-05-18,1,0.010416666666666666,False,73.0,79.6745110591472,6.674511059147207,6.674511059147207,2021-05-18 00:00:00,2021-05-18 00:00:00,0.0,0.0
D2,FG-R1-expanded-l1__guard-q95-suppress,5,16,2021-05-19,95,0.9895833333333334,False,108.0,165.2937874809952,57.293787480995206,57.293787480995206,2021-05-19 06:15:00,2021-05-19 08:30:00,135.0,135.0
D2,FG-R1-expanded-l1__guard-q95-suppress,5,16,2021-05-20,96,1.0,True,181.0,188.69118432228862,7.6911843222886205,7.6911843222886205,2021-05-20 13:15:00,2021-05-20 09:00:00,-255.0,255.0
D2,FG-R1-expanded-l1__guard-q95-suppress,5,16,2021-05-21,96,1.0,True,160.0,165.20898114053927,5.208981140539265,5.208981140539265,2021-05-21 08:30:00,2021-05-21 09:00:00,30.0,30.0
D2,FG-R1-expanded-l1__guard-q95-suppress,5,16,2021-05-22,96,1.0,True,112.0,104.0036762613382,-7.9963237386618005,7.9963237386618005,2021-05-22 06:15:00,2021-05-22 06:15:00,0.0,0.0
D2,FG-R1-expanded-l1__guard-q95-suppress,5,16,2021-05-23,96,1.0,True,25.0,112.28472107836186,87.28472107836186,87.28472107836186,2021-05-23 03:00:00,2021-05-23 10:15:00,435.0,435.0
D2,FG-R1-expanded-l1__guard-q95-suppress,7,4,2021-05-31,95,0.9895833333333334,False,172.0,168.5086669921875,-3.4913330078125,3.4913330078125,2021-05-31 10:30:00,2021-05-31 12:00:00,90.0,90.0
D2,FG-R1-expanded-l1__guard-q95-suppress,7,4,2021-06-01,1,0.010416666666666666,False,71.0,78.51357844722705,7.513578447227047,7.513578447227047,2021-06-01 00:00:00,2021-06-01 00:00:00,0.0,0.0
D2,FG-R1-expanded-l1__guard-q95-suppress,7,5,2021-05-31,95,0.9895833333333334,False,172.0,169.94509887695312,-2.054901123046875,2.054901123046875,2021-05-31 10:30:00,2021-05-31 11:45:00,75.0,75.0
D2,FG-R1-expanded-l1__guard-q95-suppress,7,5,2021-06-01,1,0.010416666666666666,False,71.0,78.95168879878955,7.951688798789547,7.951688798789547,2021-06-01 00:00:00,2021-06-01 00:00:00,0.0,0.0
D2,FG-R1-expanded-l1__guard-q95-suppress,7,6,2021-05-31,95,0.9895833333333334,False,172.0,168.5238800048828,-3.4761199951171875,3.4761199951171875,2021-05-31 10:30:00,2021-05-31 12:00:00,90.0,90.0
D2,FG-R1-expanded-l1__guard-q95-suppress,7,6,2021-06-01,1,0.010416666666666666,False,71.0,79.459973969181,8.459973969180993,8.459973969180993,2021-06-01 00:00:00,2021-06-01 00:00:00,0.0,0.0
D2,FG-R1-expanded-l1__guard-q95-suppress,7,7,2021-05-31,95,0.9895833333333334,False,172.0,169.66781616210938,-2.332183837890625,2.332183837890625,2021-05-31 10:30:00,2021-05-31 09:00:00,-90.0,90.0
D2,FG-R1-expanded-l1__guard-q95-suppress,7,7,2021-06-01,1,0.010416666666666666,False,71.0,80.45340506048959,9.453405060489587,9.453405060489587,2021-06-01 00:00:00,2021-06-01 00:00:00,0.0,0.0
D2,FG-R1-expanded-l1__guard-q95-suppress,7,8,2021-05-31,95,0.9895833333333334,False,172.0,170.2039794921875,-1.7960205078125,1.7960205078125,2021-05-31 10:30:00,2021-05-31 09:00:00,-90.0,90.0
D2,FG-R1-expanded-l1__guard-q95-suppress,7,8,2021-06-01,1,0.010416666666666666,False,71.0,81.71496183837115,10.714961838371153,10.714961838371153,2021-06-01 00:00:00,2021-06-01 00:00:00,0.0,0.0
D2,FG-R1-expanded-l1__guard-q95-suppress,7,9,2021-05-31,95,0.9895833333333334,False,172.0,171.60552978515625,-0.39447021484375,0.39447021484375,2021-05-31 10:30:00,2021-05-31 09:00:00,-90.0,90.0
D2,FG-R1-expanded-l1__guard-q95-suppress,7,9,2021-06-01,1,0.010416666666666666,False,71.0,81.9848305365638,10.984830536563805,10.984830536563805,2021-06-01 00:00:00,2021-06-01 00:00:00,0.0,0.0
D2,FG-R1-expanded-l1__guard-q95-suppress,7,10,2021-05-31,95,0.9895833333333334,False,172.0,173.29928588867188,1.299285888671875,1.299285888671875,2021-05-31 10:30:00,2021-05-31 09:00:00,-90.0,90.0
D2,FG-R1-expanded-l1__guard-q95-suppress,7,10,2021-06-01,1,0.010416666666666666,False,71.0,78.69019094916146,7.690190949161462,7.690190949161462,2021-06-01 00:00:00,2021-06-01 00:00:00,0.0,0.0
D2,FG-R1-expanded-l1__guard-q95-suppress,7,11,2021-05-31,95,0.9895833333333334,False,172.0,174.924072265625,2.924072265625,2.924072265625,2021-05-31 10:30:00,2021-05-31 09:00:00,-90.0,90.0
D2,FG-R1-expanded-l1__guard-q95-suppress,7,11,2021-06-01,1,0.010416666666666666,False,71.0,76.11377528560595,5.1137752856059535,5.1137752856059535,2021-06-01 00:00:00,2021-06-01 00:00:00,0.0,0.0
D2,FG-R1-expanded-l1__guard-q95-suppress,7,12,2021-05-31,95,0.9895833333333334,False,172.0,172.21807861328125,0.21807861328125,0.21807861328125,2021-05-31 10:30:00,2021-05-31 09:00:00,-90.0,90.0
D2,FG-R1-expanded-l1__guard-q95-suppress,7,12,2021-06-01,1,0.010416666666666666,False,71.0,76.14946559322314,5.149465593223141,5.149465593223141,2021-06-01 00:00:00,2021-06-01 00:00:00,0.0,0.0
D2,FG-R1-expanded-l1__guard-q95-suppress,7,13,2021-05-31,95,0.9895833333333334,False,172.0,173.47882080078125,1.47882080078125,1.47882080078125,2021-05-31 10:30:00,2021-05-31 09:00:00,-90.0,90.0
D2,FG-R1-expanded-l1__guard-q95-suppress,7,13,2021-06-01,1,0.010416666666666666,False,71.0,78.89442256343798,7.894422563437985,7.894422563437985,2021-06-01 00:00:00,2021-06-01 00:00:00,0.0,0.0
D2,FG-R1-expanded-l1__guard-q95-suppress,7,14,2021-05-31,95,0.9895833333333334,False,172.0,174.32456970214844,2.3245697021484375,2.3245697021484375,2021-05-31 10:30:00,2021-05-31 09:00:00,-90.0,90.0
D2,FG-R1-expanded-l1__guard-q95-suppress,7,14,2021-06-01,1,0.010416666666666666,False,71.0,78.3091717089458,7.309171708945797,7.309171708945797,2021-06-01 00:00:00,2021-06-01 00:00:00,0.0,0.0
D2,FG-R1-expanded-l1__guard-q95-suppress,7,15,2021-05-31,95,0.9895833333333334,False,172.0,173.47335815429688,1.473358154296875,1.473358154296875,2021-05-31 10:30:00,2021-05-31 09:00:00,-90.0,90.0
D2,FG-R1-expanded-l1__guard-q95-suppress,7,15,2021-06-01,1,0.010416666666666666,False,71.0,78.70928004634814,7.709280046348141,7.709280046348141,2021-06-01 00:00:00,2021-06-01 00:00:00,0.0,0.0
D2,FG-R1-expanded-l1__guard-q95-suppress,7,16,2021-05-31,95,0.9895833333333334,False,172.0,171.90733337402344,-0.0926666259765625,0.0926666259765625,2021-05-31 10:30:00,2021-05-31 09:00:00,-90.0,90.0
D2,FG-R1-expanded-l1__guard-q95-suppress,7,16,2021-06-01,1,0.010416666666666666,False,71.0,79.25053218257861,8.25053218257861,8.25053218257861,2021-06-01 00:00:00,2021-06-01 00:00:00,0.0,0.0
D2,FG-R1-expanded-l1__guard-q95-suppress,9,4,2021-06-20,95,0.9895833333333334,False,28.0,23.57947979133873,-4.420520208661269,4.420520208661269,2021-06-20 15:15:00,2021-06-20 06:15:00,-540.0,540.0
D2,FG-R1-expanded-l1__guard-q95-suppress,9,5,2021-06-20,95,0.9895833333333334,False,28.0,23.725323297198106,-4.274676702801894,4.274676702801894,2021-06-20 15:15:00,2021-06-20 06:30:00,-525.0,525.0
D2,FG-R1-expanded-l1__guard-q95-suppress,9,6,2021-06-20,95,0.9895833333333334,False,28.0,23.543607780970383,-4.456392219029617,4.456392219029617,2021-06-20 15:15:00,2021-06-20 23:30:00,495.0,495.0
D2,FG-R1-expanded-l1__guard-q95-suppress,9,7,2021-06-20,95,0.9895833333333334,False,28.0,23.489032669553826,-4.510967330446174,4.510967330446174,2021-06-20 15:15:00,2021-06-20 07:00:00,-495.0,495.0
D2,FG-R1-expanded-l1__guard-q95-suppress,9,8,2021-06-20,95,0.9895833333333334,False,28.0,23.482265396604607,-4.517734603395393,4.517734603395393,2021-06-20 15:15:00,2021-06-20 07:15:00,-480.0,480.0
D2,FG-R1-expanded-l1__guard-q95-suppress,9,9,2021-06-20,95,0.9895833333333334,False,28.0,23.570163650999138,-4.429836349000862,4.429836349000862,2021-06-20 15:15:00,2021-06-20 07:30:00,-465.0,465.0
D2,FG-R1-expanded-l1__guard-q95-suppress,9,10,2021-06-20,95,0.9895833333333334,False,28.0,23.55747596789367,-4.442524032106331,4.442524032106331,2021-06-20 15:15:00,2021-06-20 07:45:00,-450.0,450.0
D2,FG-R1-expanded-l1__guard-q95-suppress,9,11,2021-06-20,95,0.9895833333333334,False,28.0,23.895786209592888,-4.104213790407112,4.104213790407112,2021-06-20 15:15:00,2021-06-20 18:00:00,165.0,165.0
D2,FG-R1-expanded-l1__guard-q95-suppress,9,12,2021-06-20,95,0.9895833333333334,False,28.0,24.056842728147576,-3.9431572718524244,3.9431572718524244,2021-06-20 15:15:00,2021-06-20 18:15:00,180.0,180.0
D2,FG-R1-expanded-l1__guard-q95-suppress,9,13,2021-06-20,95,0.9895833333333334,False,28.0,24.140743179807732,-3.859256820192268,3.859256820192268,2021-06-20 15:15:00,2021-06-20 18:30:00,195.0,195.0
D2,FG-R1-expanded-l1__guard-q95-suppress,9,14,2021-06-20,95,0.9895833333333334,False,28.0,23.963474197874138,-4.036525802125862,4.036525802125862,2021-06-20 15:15:00,2021-06-20 18:45:00,210.0,210.0
D2,FG-R1-expanded-l1__guard-q95-suppress,9,15,2021-06-20,95,0.9895833333333334,False,28.0,23.79155883147364,-4.20844116852636,4.20844116852636,2021-06-20 15:15:00,2021-06-20 23:00:00,465.0,465.0
D2,FG-R1-expanded-l1__guard-q95-suppress,9,16,2021-06-20,95,0.9895833333333334,False,28.0,23.464456170340828,-4.535543829659172,4.535543829659172,2021-06-20 15:15:00,2021-06-20 23:15:00,480.0,480.0
D2,FG-R1-expanded-l1__guard-q95-suppress,11,4,2021-06-28,1,0.010416666666666666,False,24.0,24.69685576502856,0.696855765028559,0.696855765028559,2021-06-28 00:00:00,2021-06-28 00:00:00,0.0,0.0
D2,FG-R1-expanded-l1__guard-q95-suppress,11,4,2021-07-01,95,0.9895833333333334,False,206.0,183.93637084960938,-22.063629150390625,22.063629150390625,2021-07-01 14:00:00,2021-07-01 15:45:00,105.0,105.0
D2,FG-R1-expanded-l1__guard-q95-suppress,11,4,2021-07-02,96,1.0,True,187.0,176.22213745117188,-10.777862548828125,10.777862548828125,2021-07-02 09:15:00,2021-07-02 08:45:00,-30.0,30.0
D2,FG-R1-expanded-l1__guard-q95-suppress,11,4,2021-07-03,96,1.0,True,112.0,111.59291843809217,-0.4070815619078303,0.4070815619078303,2021-07-03 04:15:00,2021-07-03 01:45:00,-150.0,150.0
D2,FG-R1-expanded-l1__guard-q95-suppress,11,4,2021-07-04,96,1.0,True,28.0,23.798955883447334,-4.201044116552666,4.201044116552666,2021-07-04 08:30:00,2021-07-04 22:45:00,855.0,855.0
D2,FG-R1-expanded-l1__guard-q95-suppress,11,5,2021-06-28,1,0.010416666666666666,False,24.0,24.53035185877856,0.530351858778559,0.530351858778559,2021-06-28 00:00:00,2021-06-28 00:00:00,0.0,0.0
D2,FG-R1-expanded-l1__guard-q95-suppress,11,5,2021-07-01,95,0.9895833333333334,False,206.0,182.60263061523438,-23.397369384765625,23.397369384765625,2021-07-01 14:00:00,2021-07-01 15:45:00,105.0,105.0
D2,FG-R1-expanded-l1__guard-q95-suppress,11,5,2021-07-02,96,1.0,True,187.0,178.83743286132812,-8.162567138671875,8.162567138671875,2021-07-02 09:15:00,2021-07-02 08:45:00,-30.0,30.0
D2,FG-R1-expanded-l1__guard-q95-suppress,11,5,2021-07-03,96,1.0,True,112.0,111.6937529339506,-0.30624706604939433,0.30624706604939433,2021-07-03 04:15:00,2021-07-03 02:00:00,-135.0,135.0
D2,FG-R1-expanded-l1__guard-q95-suppress,11,5,2021-07-04,96,1.0,True,28.0,23.880440347638846,-4.119559652361154,4.119559652361154,2021-07-04 08:30:00,2021-07-04 23:00:00,870.0,870.0
D2,FG-R1-expanded-l1__guard-q95-suppress,11,6,2021-06-28,1,0.010416666666666666,False,24.0,24.57371952260346,0.5737195226034615,0.5737195226034615,2021-06-28 00:00:00,2021-06-28 00:00:00,0.0,0.0
D2,FG-R1-expanded-l1__guard-q95-suppress,11,6,2021-07-01,95,0.9895833333333334,False,206.0,182.74378967285156,-23.256210327148438,23.256210327148438,2021-07-01 14:00:00,2021-07-01 15:45:00,105.0,105.0
D2,FG-R1-expanded-l1__guard-q95-suppress,11,6,2021-07-02,96,1.0,True,187.0,178.5745391845703,-8.425460815429688,8.425460815429688,2021-07-02 09:15:00,2021-07-02 09:00:00,-15.0,15.0
D2,FG-R1-expanded-l1__guard-q95-suppress,11,6,2021-07-03,96,1.0,True,112.0,110.90382352592863,-1.0961764740713704,1.0961764740713704,2021-07-03 04:15:00,2021-07-03 02:00:00,-135.0,135.0
D2,FG-R1-expanded-l1__guard-q95-suppress,11,6,2021-07-04,96,1.0,True,28.0,23.685504744643165,-4.314495255356835,4.314495255356835,2021-07-04 08:30:00,2021-07-04 23:15:00,885.0,885.0
D2,FG-R1-expanded-l1__guard-q95-suppress,11,7,2021-06-28,1,0.010416666666666666,False,24.0,24.747066995747993,0.7470669957479927,0.7470669957479927,2021-06-28 00:00:00,2021-06-28 00:00:00,0.0,0.0
D2,FG-R1-expanded-l1__guard-q95-suppress,11,7,2021-07-01,95,0.9895833333333334,False,206.0,181.99310302734375,-24.00689697265625,24.00689697265625,2021-07-01 14:00:00,2021-07-01 15:45:00,105.0,105.0
D2,FG-R1-expanded-l1__guard-q95-suppress,11,7,2021-07-02,96,1.0,True,187.0,177.9425048828125,-9.0574951171875,9.0574951171875,2021-07-02 09:15:00,2021-07-02 09:00:00,-15.0,15.0
D2,FG-R1-expanded-l1__guard-q95-suppress,11,7,2021-07-03,96,1.0,True,112.0,110.39154690324617,-1.6084530967538342,1.6084530967538342,2021-07-03 04:15:00,2021-07-03 02:00:00,-135.0,135.0
D2,FG-R1-expanded-l1__guard-q95-suppress,11,7,2021-07-04,96,1.0,True,28.0,23.712502552709758,-4.287497447290242,4.287497447290242,2021-07-04 08:30:00,2021-07-04 23:45:00,915.0,915.0
D2,FG-R1-expanded-l1__guard-q95-suppress,11,8,2021-06-28,1,0.010416666666666666,False,24.0,23.959479037413267,-0.04052096258673288,0.04052096258673288,2021-06-28 00:00:00,2021-06-28 00:00:00,0.0,0.0
D2,FG-R1-expanded-l1__guard-q95-suppress,11,8,2021-07-01,95,0.9895833333333334,False,206.0,181.04681396484375,-24.95318603515625,24.95318603515625,2021-07-01 14:00:00,2021-07-01 14:00:00,0.0,0.0
D2,FG-R1-expanded-l1__guard-q95-suppress,11,8,2021-07-02,96,1.0,True,187.0,177.42636108398438,-9.573638916015625,9.573638916015625,2021-07-02 09:15:00,2021-07-02 11:15:00,120.0,120.0
D2,FG-R1-expanded-l1__guard-q95-suppress,11,8,2021-07-03,96,1.0,True,112.0,110.59263638709588,-1.4073636129041205,1.4073636129041205,2021-07-03 04:15:00,2021-07-03 02:15:00,-120.0,120.0
D2,FG-R1-expanded-l1__guard-q95-suppress,11,8,2021-07-04,96,1.0,True,28.0,24.028120444475285,-3.9718795555247155,3.9718795555247155,2021-07-04 08:30:00,2021-07-04 23:45:00,915.0,915.0
D2,FG-R1-expanded-l1__guard-q95-suppress,11,9,2021-06-28,1,0.010416666666666666,False,24.0,24.159658525346096,0.15965852534609581,0.15965852534609581,2021-06-28 00:00:00,2021-06-28 00:00:00,0.0,0.0
D2,FG-R1-expanded-l1__guard-q95-suppress,11,9,2021-07-01,95,0.9895833333333334,False,206.0,180.79917907714844,-25.200820922851562,25.200820922851562,2021-07-01 14:00:00,2021-07-01 14:00:00,0.0,0.0
D2,FG-R1-expanded-l1__guard-q95-suppress,11,9,2021-07-02,96,1.0,True,187.0,179.04049682617188,-7.959503173828125,7.959503173828125,2021-07-02 09:15:00,2021-07-02 14:00:00,285.0,285.0
D2,FG-R1-expanded-l1__guard-q95-suppress,11,9,2021-07-03,96,1.0,True,112.0,110.32653073524041,-1.6734692647595892,1.6734692647595892,2021-07-03 04:15:00,2021-07-03 02:15:00,-120.0,120.0
D2,FG-R1-expanded-l1__guard-q95-suppress,11,9,2021-07-04,96,1.0,True,28.0,23.907133359739206,-4.0928666402607945,4.0928666402607945,2021-07-04 08:30:00,2021-07-04 23:45:00,915.0,915.0
D2,FG-R1-expanded-l1__guard-q95-suppress,11,10,2021-06-28,1,0.010416666666666666,False,24.0,24.4795880528769,0.479588052876899,0.479588052876899,2021-06-28 00:00:00,2021-06-28 00:00:00,0.0,0.0
D2,FG-R1-expanded-l1__guard-q95-suppress,11,10,2021-07-01,95,0.9895833333333334,False,206.0,181.08023071289062,-24.919769287109375,24.919769287109375,2021-07-01 14:00:00,2021-07-01 14:00:00,0.0,0.0
D2,FG-R1-expanded-l1__guard-q95-suppress,11,10,2021-07-02,96,1.0,True,187.0,180.2591094970703,-6.7408905029296875,6.7408905029296875,2021-07-02 09:15:00,2021-07-02 09:00:00,-15.0,15.0
D2,FG-R1-expanded-l1__guard-q95-suppress,11,10,2021-07-03,96,1.0,True,112.0,110.46379564147324,-1.53620435852676,1.53620435852676,2021-07-03 04:15:00,2021-07-03 02:00:00,-135.0,135.0
D2,FG-R1-expanded-l1__guard-q95-suppress,11,10,2021-07-04,96,1.0,True,28.0,23.952262244622137,-4.047737755377863,4.047737755377863,2021-07-04 08:30:00,2021-07-04 02:45:00,-345.0,345.0
D2,FG-R1-expanded-l1__guard-q95-suppress,11,11,2021-06-28,1,0.010416666666666666,False,24.0,24.800565147596792,0.8005651475967923,0.8005651475967923,2021-06-28 00:00:00,2021-06-28 00:00:00,0.0,0.0
D2,FG-R1-expanded-l1__guard-q95-suppress,11,11,2021-07-01,95,0.9895833333333334,False,206.0,179.87704467773438,-26.122955322265625,26.122955322265625,2021-07-01 14:00:00,2021-07-01 14:00:00,0.0,0.0
D2,FG-R1-expanded-l1__guard-q95-suppress,11,11,2021-07-02,96,1.0,True,187.0,180.73123168945312,-6.268768310546875,6.268768310546875,2021-07-02 09:15:00,2021-07-02 09:00:00,-15.0,15.0
D2,FG-R1-expanded-l1__guard-q95-suppress,11,11,2021-07-03,96,1.0,True,112.0,110.1607067714915,-1.8392932285084953,1.8392932285084953,2021-07-03 04:15:00,2021-07-03 01:45:00,-150.0,150.0
D2,FG-R1-expanded-l1__guard-q95-suppress,11,11,2021-07-04,96,1.0,True,28.0,24.254012131251475,-3.745987868748525,3.745987868748525,2021-07-04 08:30:00,2021-07-04 18:00:00,570.0,570.0
D2,FG-R1-expanded-l1__guard-q95-suppress,11,12,2021-06-28,1,0.010416666666666666,False,24.0,24.44544346960228,0.44544346960228154,0.44544346960228154,2021-06-28 00:00:00,2021-06-28 00:00:00,0.0,0.0
D2,FG-R1-expanded-l1__guard-q95-suppress,11,12,2021-07-01,95,0.9895833333333334,False,206.0,178.98788452148438,-27.012115478515625,27.012115478515625,2021-07-01 14:00:00,2021-07-01 14:00:00,0.0,0.0
D2,FG-R1-expanded-l1__guard-q95-suppress,11,12,2021-07-02,96,1.0,True,187.0,180.60385131835938,-6.396148681640625,6.396148681640625,2021-07-02 09:15:00,2021-07-02 09:00:00,-15.0,15.0
D2,FG-R1-expanded-l1__guard-q95-suppress,11,12,2021-07-03,96,1.0,True,112.0,111.47227405649816,-0.5277259435018351,0.5277259435018351,2021-07-03 04:15:00,2021-07-03 02:00:00,-135.0,135.0
D2,FG-R1-expanded-l1__guard-q95-suppress,11,12,2021-07-04,96,1.0,True,28.0,24.55529584341364,-3.4447041565863614,3.4447041565863614,2021-07-04 08:30:00,2021-07-04 11:30:00,180.0,180.0
D2,FG-R1-expanded-l1__guard-q95-suppress,11,13,2021-06-28,1,0.010416666666666666,False,24.0,24.7104734176933,0.7104734176933007,0.7104734176933007,2021-06-28 00:00:00,2021-06-28 00:00:00,0.0,0.0
D2,FG-R1-expanded-l1__guard-q95-suppress,11,13,2021-07-01,95,0.9895833333333334,False,206.0,179.2186279296875,-26.7813720703125,26.7813720703125,2021-07-01 14:00:00,2021-07-01 14:00:00,0.0,0.0
D2,FG-R1-expanded-l1__guard-q95-suppress,11,13,2021-07-02,96,1.0,True,187.0,178.63014221191406,-8.369857788085938,8.369857788085938,2021-07-02 09:15:00,2021-07-02 09:00:00,-15.0,15.0
D2,FG-R1-expanded-l1__guard-q95-suppress,11,13,2021-07-03,96,1.0,True,112.0,113.64723229090092,1.6472322909009165,1.6472322909009165,2021-07-03 04:15:00,2021-07-03 01:45:00,-150.0,150.0
D2,FG-R1-expanded-l1__guard-q95-suppress,11,13,2021-07-04,96,1.0,True,28.0,24.85881391510079,-3.1411860848992106,3.1411860848992106,2021-07-04 08:30:00,2021-07-04 11:45:00,195.0,195.0
D2,FG-R1-expanded-l1__guard-q95-suppress,11,14,2021-06-28,1,0.010416666666666666,False,24.0,24.747941333371813,0.7479413333718128,0.7479413333718128,2021-06-28 00:00:00,2021-06-28 00:00:00,0.0,0.0
D2,FG-R1-expanded-l1__guard-q95-suppress,11,14,2021-07-01,95,0.9895833333333334,False,206.0,178.5942840576172,-27.405715942382812,27.405715942382812,2021-07-01 14:00:00,2021-07-01 14:00:00,0.0,0.0
D2,FG-R1-expanded-l1__guard-q95-suppress,11,14,2021-07-02,96,1.0,True,187.0,179.89248657226562,-7.107513427734375,7.107513427734375,2021-07-02 09:15:00,2021-07-02 09:00:00,-15.0,15.0
D2,FG-R1-expanded-l1__guard-q95-suppress,11,14,2021-07-03,96,1.0,True,112.0,114.13999769602476,2.139997696024764,2.139997696024764,2021-07-03 04:15:00,2021-07-03 02:00:00,-135.0,135.0
D2,FG-R1-expanded-l1__guard-q95-suppress,11,14,2021-07-04,96,1.0,True,28.0,24.66380659088204,-3.3361934091179606,3.3361934091179606,2021-07-04 08:30:00,2021-07-04 12:00:00,210.0,210.0
D2,FG-R1-expanded-l1__guard-q95-suppress,11,15,2021-06-28,1,0.010416666666666666,False,24.0,24.524903654509707,0.524903654509707,0.524903654509707,2021-06-28 00:00:00,2021-06-28 00:00:00,0.0,0.0
D2,FG-R1-expanded-l1__guard-q95-suppress,11,15,2021-07-01,95,0.9895833333333334,False,206.0,178.3429718017578,-27.657028198242188,27.657028198242188,2021-07-01 14:00:00,2021-07-01 08:45:00,-315.0,315.0
D2,FG-R1-expanded-l1__guard-q95-suppress,11,15,2021-07-02,96,1.0,True,187.0,179.69973754882812,-7.300262451171875,7.300262451171875,2021-07-02 09:15:00,2021-07-02 09:00:00,-15.0,15.0
D2,FG-R1-expanded-l1__guard-q95-suppress,11,15,2021-07-03,96,1.0,True,112.0,113.79803400688893,1.7980340068889262,1.7980340068889262,2021-07-03 04:15:00,2021-07-03 02:15:00,-120.0,120.0
D2,FG-R1-expanded-l1__guard-q95-suppress,11,15,2021-07-04,96,1.0,True,28.0,24.49655018997118,-3.503449810028819,3.503449810028819,2021-07-04 08:30:00,2021-07-04 15:30:00,420.0,420.0
D2,FG-R1-expanded-l1__guard-q95-suppress,11,16,2021-06-28,1,0.010416666666666666,False,24.0,24.320420622283144,0.3204206222831445,0.3204206222831445,2021-06-28 00:00:00,2021-06-28 00:00:00,0.0,0.0
D2,FG-R1-expanded-l1__guard-q95-suppress,11,16,2021-07-01,95,0.9895833333333334,False,206.0,178.46099853515625,-27.53900146484375,27.53900146484375,2021-07-01 14:00:00,2021-07-01 14:00:00,0.0,0.0
D2,FG-R1-expanded-l1__guard-q95-suppress,11,16,2021-07-02,96,1.0,True,187.0,179.23159790039062,-7.768402099609375,7.768402099609375,2021-07-02 09:15:00,2021-07-02 09:00:00,-15.0,15.0
D2,FG-R1-expanded-l1__guard-q95-suppress,11,16,2021-07-03,96,1.0,True,112.0,113.32838589603497,1.3283858960349733,1.3283858960349733,2021-07-03 04:15:00,2021-07-03 02:15:00,-120.0,120.0
D2,FG-R1-expanded-l1__guard-q95-suppress,11,16,2021-07-04,96,1.0,True,28.0,23.982549012250917,-4.017450987749083,4.017450987749083,2021-07-04 08:30:00,2021-07-04 15:45:00,435.0,435.0
D2,FG-R1-expanded-l1__guard-q95-suppress,13,4,2021-07-12,96,1.0,True,198.0,186.96738199646447,-11.032618003535532,11.032618003535532,2021-07-12 08:45:00,2021-07-12 10:30:00,105.0,105.0
D2,FG-R1-expanded-l1__guard-q95-suppress,13,4,2021-07-13,1,0.010416666666666666,False,79.0,88.18750740824908,9.187507408249076,9.187507408249076,2021-07-13 00:00:00,2021-07-13 00:00:00,0.0,0.0
D2,FG-R1-expanded-l1__guard-q95-suppress,13,4,2021-07-17,92,0.9583333333333334,False,110.0,106.88869448780574,-3.1113055121942637,3.1113055121942637,2021-07-17 01:30:00,2021-07-17 02:15:00,45.0,45.0
D2,FG-R1-expanded-l1__guard-q95-suppress,13,4,2021-07-18,96,1.0,True,28.0,24.76116755254541,-3.238832447454591,3.238832447454591,2021-07-18 01:15:00,2021-07-18 02:15:00,60.0,60.0
D2,FG-R1-expanded-l1__guard-q95-suppress,13,5,2021-07-12,96,1.0,True,198.0,187.87624248490008,-10.123757515099925,10.123757515099925,2021-07-12 08:45:00,2021-07-12 10:30:00,105.0,105.0
D2,FG-R1-expanded-l1__guard-q95-suppress,13,5,2021-07-13,1,0.010416666666666666,False,79.0,89.79916043264419,10.799160432644186,10.799160432644186,2021-07-13 00:00:00,2021-07-13 00:00:00,0.0,0.0
D2,FG-R1-expanded-l1__guard-q95-suppress,13,5,2021-07-17,91,0.9479166666666666,False,110.0,105.92573478299445,-4.0742652170055464,4.0742652170055464,2021-07-17 01:30:00,2021-07-17 04:15:00,165.0,165.0
D2,FG-R1-expanded-l1__guard-q95-suppress,13,5,2021-07-18,96,1.0,True,28.0,24.737919120607877,-3.2620808793921228,3.2620808793921228,2021-07-18 01:15:00,2021-07-18 14:45:00,810.0,810.0
D2,FG-R1-expanded-l1__guard-q95-suppress,13,6,2021-07-12,96,1.0,True,198.0,186.9195316694704,-11.080468330529612,11.080468330529612,2021-07-12 08:45:00,2021-07-12 10:45:00,120.0,120.0
D2,FG-R1-expanded-l1__guard-q95-suppress,13,6,2021-07-13,1,0.010416666666666666,False,79.0,89.40746597683287,10.407465976832867,10.407465976832867,2021-07-13 00:00:00,2021-07-13 00:00:00,0.0,0.0
D2,FG-R1-expanded-l1__guard-q95-suppress,13,6,2021-07-17,90,0.9375,False,110.0,107.48946733844416,-2.5105326615558425,2.5105326615558425,2021-07-17 01:30:00,2021-07-17 04:00:00,150.0,150.0
D2,FG-R1-expanded-l1__guard-q95-suppress,13,6,2021-07-18,96,1.0,True,28.0,24.98075553921398,-3.0192444607860196,3.0192444607860196,2021-07-18 01:15:00,2021-07-18 11:45:00,630.0,630.0
D2,FG-R1-expanded-l1__guard-q95-suppress,13,7,2021-07-12,96,1.0,True,198.0,187.72807062947516,-10.271929370524845,10.271929370524845,2021-07-12 08:45:00,2021-07-12 11:45:00,180.0,180.0
D2,FG-R1-expanded-l1__guard-q95-suppress,13,7,2021-07-13,1,0.010416666666666666,False,79.0,89.36422673862235,10.36422673862235,10.36422673862235,2021-07-13 00:00:00,2021-07-13 00:00:00,0.0,0.0
D2,FG-R1-expanded-l1__guard-q95-suppress,13,7,2021-07-17,89,0.9270833333333334,False,108.0,108.31581986438259,0.3158198643825898,0.3158198643825898,2021-07-17 06:00:00,2021-07-17 04:00:00,-120.0,120.0
D2,FG-R1-expanded-l1__guard-q95-suppress,13,7,2021-07-18,96,1.0,True,28.0,24.7789431518568,-3.221056848143199,3.221056848143199,2021-07-18 01:15:00,2021-07-18 11:45:00,630.0,630.0
D2,FG-R1-expanded-l1__guard-q95-suppress,13,8,2021-07-12,96,1.0,True,198.0,188.22299165781584,-9.77700834218416,9.77700834218416,2021-07-12 08:45:00,2021-07-12 13:45:00,300.0,300.0
D2,FG-R1-expanded-l1__guard-q95-suppress,13,8,2021-07-13,1,0.010416666666666666,False,79.0,89.23376726955385,10.233767269553852,10.233767269553852,2021-07-13 00:00:00,2021-07-13 00:00:00,0.0,0.0
D2,FG-R1-expanded-l1__guard-q95-suppress,13,8,2021-07-17,88,0.9166666666666666,False,108.0,109.22707062533445,1.2270706253344486,1.2270706253344486,2021-07-17 06:00:00,2021-07-17 04:15:00,-105.0,105.0
D2,FG-R1-expanded-l1__guard-q95-suppress,13,8,2021-07-18,96,1.0,True,28.0,25.114491728147748,-2.8855082718522524,2.8855082718522524,2021-07-18 01:15:00,2021-07-18 11:45:00,630.0,630.0
D2,FG-R1-expanded-l1__guard-q95-suppress,13,9,2021-07-12,96,1.0,True,198.0,188.9372115170504,-9.0627884829496,9.0627884829496,2021-07-12 08:45:00,2021-07-12 13:45:00,300.0,300.0
D2,FG-R1-expanded-l1__guard-q95-suppress,13,9,2021-07-13,1,0.010416666666666666,False,79.0,89.86970448382792,10.869704483827917,10.869704483827917,2021-07-13 00:00:00,2021-07-13 00:00:00,0.0,0.0
D2,FG-R1-expanded-l1__guard-q95-suppress,13,9,2021-07-17,87,0.90625,False,108.0,107.48559502298808,-0.514404977011921,0.514404977011921,2021-07-17 06:00:00,2021-07-17 04:15:00,-105.0,105.0
D2,FG-R1-expanded-l1__guard-q95-suppress,13,9,2021-07-18,96,1.0,True,28.0,25.137032303191802,-2.862967696808198,2.862967696808198,2021-07-18 01:15:00,2021-07-18 11:45:00,630.0,630.0
D2,FG-R1-expanded-l1__guard-q95-suppress,13,10,2021-07-12,96,1.0,True,198.0,189.91048124809078,-8.089518751909225,8.089518751909225,2021-07-12 08:45:00,2021-07-12 13:45:00,300.0,300.0
D2,FG-R1-expanded-l1__guard-q95-suppress,13,10,2021-07-13,1,0.010416666666666666,False,79.0,87.59789489753692,8.597894897536918,8.597894897536918,2021-07-13 00:00:00,2021-07-13 00:00:00,0.0,0.0
D2,FG-R1-expanded-l1__guard-q95-suppress,13,10,2021-07-17,86,0.8958333333333334,False,108.0,107.72849735893456,-0.27150264106543887,0.27150264106543887,2021-07-17 06:00:00,2021-07-17 04:00:00,-120.0,120.0
D2,FG-R1-expanded-l1__guard-q95-suppress,13,10,2021-07-18,96,1.0,True,28.0,25.27375207086471,-2.7262479291352903,2.7262479291352903,2021-07-18 01:15:00,2021-07-18 11:45:00,630.0,630.0
D2,FG-R1-expanded-l1__guard-q95-suppress,13,11,2021-07-12,96,1.0,True,198.0,187.62777792973296,-10.372222070267043,10.372222070267043,2021-07-12 08:45:00,2021-07-12 13:45:00,300.0,300.0
D2,FG-R1-expanded-l1__guard-q95-suppress,13,11,2021-07-13,1,0.010416666666666666,False,79.0,85.66894643767974,6.668946437679736,6.668946437679736,2021-07-13 00:00:00,2021-07-13 00:00:00,0.0,0.0
D2,FG-R1-expanded-l1__guard-q95-suppress,13,11,2021-07-17,85,0.8854166666666666,False,108.0,108.4651714234038,0.46517142340380246,0.46517142340380246,2021-07-17 06:00:00,2021-07-17 04:15:00,-105.0,105.0
D2,FG-R1-expanded-l1__guard-q95-suppress,13,11,2021-07-18,96,1.0,True,28.0,25.208121905786005,-2.7918780942139954,2.7918780942139954,2021-07-18 01:15:00,2021-07-18 11:45:00,630.0,630.0
D2,FG-R1-expanded-l1__guard-q95-suppress,13,12,2021-07-12,96,1.0,True,198.0,186.2403171668921,-11.759682833107888,11.759682833107888,2021-07-12 08:45:00,2021-07-12 13:45:00,300.0,300.0
D2,FG-R1-expanded-l1__guard-q95-suppress,13,12,2021-07-13,1,0.010416666666666666,False,79.0,85.79954862009907,6.799548620099074,6.799548620099074,2021-07-13 00:00:00,2021-07-13 00:00:00,0.0,0.0
D2,FG-R1-expanded-l1__guard-q95-suppress,13,12,2021-07-17,84,0.875,False,108.0,107.66618530765247,-0.3338146923475307,0.3338146923475307,2021-07-17 06:00:00,2021-07-17 04:30:00,-90.0,90.0
D2,FG-R1-expanded-l1__guard-q95-suppress,13,12,2021-07-18,96,1.0,True,28.0,25.289714659377232,-2.710285340622768,2.710285340622768,2021-07-18 01:15:00,2021-07-18 08:30:00,435.0,435.0
D2,FG-R1-expanded-l1__guard-q95-suppress,13,13,2021-07-12,96,1.0,True,198.0,186.79559419362081,-11.204405806379185,11.204405806379185,2021-07-12 08:45:00,2021-07-12 13:45:00,300.0,300.0
D2,FG-R1-expanded-l1__guard-q95-suppress,13,13,2021-07-13,1,0.010416666666666666,False,79.0,86.46284715333798,7.462847153337975,7.462847153337975,2021-07-13 00:00:00,2021-07-13 00:00:00,0.0,0.0
D2,FG-R1-expanded-l1__guard-q95-suppress,13,13,2021-07-17,83,0.8645833333333334,False,108.0,108.26954918257456,0.26954918257456484,0.26954918257456484,2021-07-17 06:00:00,2021-07-17 04:15:00,-105.0,105.0
D2,FG-R1-expanded-l1__guard-q95-suppress,13,13,2021-07-18,96,1.0,True,28.0,25.369492694622704,-2.6305073053772965,2.6305073053772965,2021-07-18 01:15:00,2021-07-18 14:45:00,810.0,810.0
D2,FG-R1-expanded-l1__guard-q95-suppress,13,14,2021-07-12,96,1.0,True,198.0,187.94813525728782,-10.051864742712183,10.051864742712183,2021-07-12 08:45:00,2021-07-12 13:45:00,300.0,300.0
D2,FG-R1-expanded-l1__guard-q95-suppress,13,14,2021-07-13,1,0.010416666666666666,False,79.0,87.22315620399775,8.223156203997746,8.223156203997746,2021-07-13 00:00:00,2021-07-13 00:00:00,0.0,0.0
D2,FG-R1-expanded-l1__guard-q95-suppress,13,14,2021-07-17,82,0.8541666666666666,False,108.0,108.20224970518242,0.20224970518242458,0.20224970518242458,2021-07-17 06:00:00,2021-07-17 04:15:00,-105.0,105.0
D2,FG-R1-expanded-l1__guard-q95-suppress,13,14,2021-07-18,96,1.0,True,28.0,25.56787897870952,-2.432121021290481,2.432121021290481,2021-07-18 01:15:00,2021-07-18 11:30:00,615.0,615.0
D2,FG-R1-expanded-l1__guard-q95-suppress,13,15,2021-07-12,96,1.0,True,198.0,187.38475868798787,-10.615241312012131,10.615241312012131,2021-07-12 08:45:00,2021-07-12 13:45:00,300.0,300.0
D2,FG-R1-expanded-l1__guard-q95-suppress,13,15,2021-07-13,1,0.010416666666666666,False,79.0,86.68690903073907,7.6869090307390735,7.6869090307390735,2021-07-13 00:00:00,2021-07-13 00:00:00,0.0,0.0
D2,FG-R1-expanded-l1__guard-q95-suppress,13,15,2021-07-17,81,0.84375,False,108.0,107.9707745430801,-0.02922545691990308,0.02922545691990308,2021-07-17 06:00:00,2021-07-17 04:00:00,-120.0,120.0
D2,FG-R1-expanded-l1__guard-q95-suppress,13,15,2021-07-18,96,1.0,True,28.0,25.893758706964764,-2.106241293035236,2.106241293035236,2021-07-18 01:15:00,2021-07-18 11:45:00,630.0,630.0
D2,FG-R1-expanded-l1__guard-q95-suppress,13,16,2021-07-12,96,1.0,True,198.0,187.69461817995438,-10.305381820045625,10.305381820045625,2021-07-12 08:45:00,2021-07-12 14:00:00,315.0,315.0
D2,FG-R1-expanded-l1__guard-q95-suppress,13,16,2021-07-13,1,0.010416666666666666,False,79.0,86.80897143940466,7.808971439404658,7.808971439404658,2021-07-13 00:00:00,2021-07-13 00:00:00,0.0,0.0
D2,FG-R1-expanded-l1__guard-q95-suppress,13,16,2021-07-17,80,0.8333333333333334,False,108.0,108.07498809498179,0.07498809498179071,0.07498809498179071,2021-07-17 06:00:00,2021-07-17 04:15:00,-105.0,105.0
D2,FG-R1-expanded-l1__guard-q95-suppress,13,16,2021-07-18,96,1.0,True,28.0,25.8214606119782,-2.1785393880218002,2.1785393880218002,2021-07-18 01:15:00,2021-07-18 11:45:00,630.0,630.0
D2,FG-R1-expanded-l1__guard-q95-suppress,15,4,2021-07-26,96,1.0,True,217.0,197.51014546755388,-19.489854532446117,19.489854532446117,2021-07-26 08:30:00,2021-07-26 11:30:00,180.0,180.0
D2,FG-R1-expanded-l1__guard-q95-suppress,15,4,2021-07-27,96,1.0,True,211.0,199.5068817138672,-11.493118286132812,11.493118286132812,2021-07-27 11:45:00,2021-07-27 08:45:00,-180.0,180.0
D2,FG-R1-expanded-l1__guard-q95-suppress,15,4,2021-07-28,96,1.0,True,212.0,213.3167724609375,1.3167724609375,1.3167724609375,2021-07-28 12:00:00,2021-07-28 08:45:00,-195.0,195.0
D2,FG-R1-expanded-l1__guard-q95-suppress,15,4,2021-07-29,96,1.0,True,211.0,203.46742248535156,-7.5325775146484375,7.5325775146484375,2021-07-29 12:00:00,2021-07-29 08:30:00,-210.0,210.0
D2,FG-R1-expanded-l1__guard-q95-suppress,15,4,2021-07-30,96,1.0,True,212.0,204.7494354248047,-7.2505645751953125,7.2505645751953125,2021-07-30 12:00:00,2021-07-30 08:45:00,-195.0,195.0
D2,FG-R1-expanded-l1__guard-q95-suppress,15,4,2021-07-31,96,1.0,True,80.0,66.59314024434703,-13.406859755652974,13.406859755652974,2021-07-31 00:00:00,2021-07-31 01:45:00,105.0,105.0
D2,FG-R1-expanded-l1__guard-q95-suppress,15,4,2021-08-01,96,1.0,True,28.0,27.376733319404202,-0.6232666805957976,0.6232666805957976,2021-08-01 09:00:00,2021-08-01 10:30:00,90.0,90.0
D2,FG-R1-expanded-l1__guard-q95-suppress,15,5,2021-07-26,96,1.0,True,217.0,200.39220836002772,-16.607791639972277,16.607791639972277,2021-07-26 08:30:00,2021-07-26 11:45:00,195.0,195.0
D2,FG-R1-expanded-l1__guard-q95-suppress,15,5,2021-07-27,96,1.0,True,211.0,198.09786987304688,-12.902130126953125,12.902130126953125,2021-07-27 11:45:00,2021-07-27 08:45:00,-180.0,180.0
D2,FG-R1-expanded-l1__guard-q95-suppress,15,5,2021-07-28,96,1.0,True,212.0,212.6049346923828,0.6049346923828125,0.6049346923828125,2021-07-28 12:00:00,2021-07-28 08:45:00,-195.0,195.0
D2,FG-R1-expanded-l1__guard-q95-suppress,15,5,2021-07-29,96,1.0,True,211.0,203.40139770507812,-7.598602294921875,7.598602294921875,2021-07-29 12:00:00,2021-07-29 08:30:00,-210.0,210.0
D2,FG-R1-expanded-l1__guard-q95-suppress,15,5,2021-07-30,96,1.0,True,212.0,206.28443908691406,-5.7155609130859375,5.7155609130859375,2021-07-30 12:00:00,2021-07-30 11:45:00,-15.0,15.0
D2,FG-R1-expanded-l1__guard-q95-suppress,15,5,2021-07-31,96,1.0,True,80.0,67.65394459869106,-12.346055401308945,12.346055401308945,2021-07-31 00:00:00,2021-07-31 01:30:00,90.0,90.0
D2,FG-R1-expanded-l1__guard-q95-suppress,15,5,2021-08-01,96,1.0,True,28.0,27.66317489629126,-0.3368251037087404,0.3368251037087404,2021-08-01 09:00:00,2021-08-01 22:45:00,825.0,825.0
D2,FG-R1-expanded-l1__guard-q95-suppress,15,6,2021-07-26,96,1.0,True,217.0,194.53372487121834,-22.46627512878166,22.46627512878166,2021-07-26 08:30:00,2021-07-26 11:30:00,180.0,180.0
D2,FG-R1-expanded-l1__guard-q95-suppress,15,6,2021-07-27,96,1.0,True,211.0,197.31570434570312,-13.684295654296875,13.684295654296875,2021-07-27 11:45:00,2021-07-27 08:45:00,-180.0,180.0
D2,FG-R1-expanded-l1__guard-q95-suppress,15,6,2021-07-28,96,1.0,True,212.0,210.87384033203125,-1.12615966796875,1.12615966796875,2021-07-28 12:00:00,2021-07-28 08:45:00,-195.0,195.0
D2,FG-R1-expanded-l1__guard-q95-suppress,15,6,2021-07-29,96,1.0,True,211.0,202.74668884277344,-8.253311157226562,8.253311157226562,2021-07-29 12:00:00,2021-07-29 08:30:00,-210.0,210.0
D2,FG-R1-expanded-l1__guard-q95-suppress,15,6,2021-07-30,96,1.0,True,212.0,206.5980224609375,-5.4019775390625,5.4019775390625,2021-07-30 12:00:00,2021-07-30 12:00:00,0.0,0.0
D2,FG-R1-expanded-l1__guard-q95-suppress,15,6,2021-07-31,96,1.0,True,80.0,75.69115294345761,-4.30884705654239,4.30884705654239,2021-07-31 00:00:00,2021-07-31 01:30:00,90.0,90.0
D2,FG-R1-expanded-l1__guard-q95-suppress,15,6,2021-08-01,96,1.0,True,28.0,27.683619417572903,-0.3163805824270973,0.3163805824270973,2021-08-01 09:00:00,2021-08-01 23:00:00,840.0,840.0
D2,FG-R1-expanded-l1__guard-q95-suppress,15,7,2021-07-26,96,1.0,True,217.0,196.28327513570426,-20.716724864295742,20.716724864295742,2021-07-26 08:30:00,2021-07-26 11:45:00,195.0,195.0
D2,FG-R1-expanded-l1__guard-q95-suppress,15,7,2021-07-27,96,1.0,True,211.0,195.93109130859375,-15.06890869140625,15.06890869140625,2021-07-27 11:45:00,2021-07-27 08:45:00,-180.0,180.0
D2,FG-R1-expanded-l1__guard-q95-suppress,15,7,2021-07-28,96,1.0,True,212.0,206.97842407226562,-5.021575927734375,5.021575927734375,2021-07-28 12:00:00,2021-07-28 08:45:00,-195.0,195.0
D2,FG-R1-expanded-l1__guard-q95-suppress,15,7,2021-07-29,96,1.0,True,211.0,201.28421020507812,-9.715789794921875,9.715789794921875,2021-07-29 12:00:00,2021-07-29 08:30:00,-210.0,210.0
D2,FG-R1-expanded-l1__guard-q95-suppress,15,7,2021-07-30,96,1.0,True,212.0,204.47824096679688,-7.521759033203125,7.521759033203125,2021-07-30 12:00:00,2021-07-30 12:00:00,0.0,0.0
D2,FG-R1-expanded-l1__guard-q95-suppress,15,7,2021-07-31,96,1.0,True,80.0,77.02147373533417,-2.978526264665831,2.978526264665831,2021-07-31 00:00:00,2021-07-31 01:30:00,90.0,90.0
D2,FG-R1-expanded-l1__guard-q95-suppress,15,7,2021-08-01,96,1.0,True,28.0,27.508156108157504,-0.4918438918424961,0.4918438918424961,2021-08-01 09:00:00,2021-08-01 11:15:00,135.0,135.0
D2,FG-R1-expanded-l1__guard-q95-suppress,15,8,2021-07-26,96,1.0,True,217.0,198.30862518891666,-18.691374811083335,18.691374811083335,2021-07-26 08:30:00,2021-07-26 11:45:00,195.0,195.0
D2,FG-R1-expanded-l1__guard-q95-suppress,15,8,2021-07-27,96,1.0,True,211.0,197.45474243164062,-13.545257568359375,13.545257568359375,2021-07-27 11:45:00,2021-07-27 08:30:00,-195.0,195.0
D2,FG-R1-expanded-l1__guard-q95-suppress,15,8,2021-07-28,96,1.0,True,212.0,208.7926483154297,-3.2073516845703125,3.2073516845703125,2021-07-28 12:00:00,2021-07-28 08:30:00,-210.0,210.0
D2,FG-R1-expanded-l1__guard-q95-suppress,15,8,2021-07-29,96,1.0,True,211.0,202.65130615234375,-8.34869384765625,8.34869384765625,2021-07-29 12:00:00,2021-07-29 08:30:00,-210.0,210.0
D2,FG-R1-expanded-l1__guard-q95-suppress,15,8,2021-07-30,96,1.0,True,212.0,205.8682861328125,-6.1317138671875,6.1317138671875,2021-07-30 12:00:00,2021-07-30 11:30:00,-30.0,30.0
D2,FG-R1-expanded-l1__guard-q95-suppress,15,8,2021-07-31,96,1.0,True,80.0,79.20342645397895,-0.796573546021051,0.796573546021051,2021-07-31 00:00:00,2021-07-31 01:30:00,90.0,90.0
D2,FG-R1-expanded-l1__guard-q95-suppress,15,8,2021-08-01,96,1.0,True,28.0,27.628099390517388,-0.37190060948261205,0.37190060948261205,2021-08-01 09:00:00,2021-08-01 11:30:00,150.0,150.0
D2,FG-R1-expanded-l1__guard-q95-suppress,15,9,2021-07-26,96,1.0,True,217.0,197.62438159013107,-19.375618409868935,19.375618409868935,2021-07-26 08:30:00,2021-07-26 11:45:00,195.0,195.0
D2,FG-R1-expanded-l1__guard-q95-suppress,15,9,2021-07-27,96,1.0,True,211.0,198.42001342773438,-12.579986572265625,12.579986572265625,2021-07-27 11:45:00,2021-07-27 08:30:00,-195.0,195.0
D2,FG-R1-expanded-l1__guard-q95-suppress,15,9,2021-07-28,96,1.0,True,212.0,210.26893615722656,-1.7310638427734375,1.7310638427734375,2021-07-28 12:00:00,2021-07-28 08:45:00,-195.0,195.0
D2,FG-R1-expanded-l1__guard-q95-suppress,15,9,2021-07-29,96,1.0,True,211.0,203.14669799804688,-7.853302001953125,7.853302001953125,2021-07-29 12:00:00,2021-07-29 08:30:00,-210.0,210.0
D2,FG-R1-expanded-l1__guard-q95-suppress,15,9,2021-07-30,96,1.0,True,212.0,208.5184326171875,-3.4815673828125,3.4815673828125,2021-07-30 12:00:00,2021-07-30 12:00:00,0.0,0.0
D2,FG-R1-expanded-l1__guard-q95-suppress,15,9,2021-07-31,96,1.0,True,80.0,79.52807824222444,-0.47192175777556145,0.47192175777556145,2021-07-31 00:00:00,2021-07-31 01:30:00,90.0,90.0
D2,FG-R1-expanded-l1__guard-q95-suppress,15,9,2021-08-01,96,1.0,True,28.0,28.94473158560814,0.9447315856081389,0.9447315856081389,2021-08-01 09:00:00,2021-08-01 01:15:00,-465.0,465.0
D2,FG-R1-expanded-l1__guard-q95-suppress,15,10,2021-07-26,96,1.0,True,217.0,198.44742981240327,-18.55257018759673,18.55257018759673,2021-07-26 08:30:00,2021-07-26 11:30:00,180.0,180.0
D2,FG-R1-expanded-l1__guard-q95-suppress,15,10,2021-07-27,96,1.0,True,211.0,199.80075073242188,-11.199249267578125,11.199249267578125,2021-07-27 11:45:00,2021-07-27 08:30:00,-195.0,195.0
D2,FG-R1-expanded-l1__guard-q95-suppress,15,10,2021-07-28,96,1.0,True,212.0,211.09017944335938,-0.909820556640625,0.909820556640625,2021-07-28 12:00:00,2021-07-28 08:45:00,-195.0,195.0
D2,FG-R1-expanded-l1__guard-q95-suppress,15,10,2021-07-29,96,1.0,True,211.0,202.27423095703125,-8.72576904296875,8.72576904296875,2021-07-29 12:00:00,2021-07-29 08:30:00,-210.0,210.0
D2,FG-R1-expanded-l1__guard-q95-suppress,15,10,2021-07-30,96,1.0,True,212.0,208.46121215820312,-3.538787841796875,3.538787841796875,2021-07-30 12:00:00,2021-07-30 12:00:00,0.0,0.0
D2,FG-R1-expanded-l1__guard-q95-suppress,15,10,2021-07-31,96,1.0,True,80.0,80.19127817241865,0.19127817241864875,0.19127817241864875,2021-07-31 00:00:00,2021-07-31 01:45:00,105.0,105.0
D2,FG-R1-expanded-l1__guard-q95-suppress,15,10,2021-08-01,96,1.0,True,28.0,29.14239066090833,1.1423906609083296,1.1423906609083296,2021-08-01 09:00:00,2021-08-01 01:30:00,-450.0,450.0
D2,FG-R1-expanded-l1__guard-q95-suppress,15,11,2021-07-26,96,1.0,True,217.0,201.1843445972495,-15.815655402750508,15.815655402750508,2021-07-26 08:30:00,2021-07-26 11:45:00,195.0,195.0
D2,FG-R1-expanded-l1__guard-q95-suppress,15,11,2021-07-27,96,1.0,True,211.0,200.3604736328125,-10.6395263671875,10.6395263671875,2021-07-27 11:45:00,2021-07-27 08:45:00,-180.0,180.0
D2,FG-R1-expanded-l1__guard-q95-suppress,15,11,2021-07-28,96,1.0,True,212.0,210.920166015625,-1.079833984375,1.079833984375,2021-07-28 12:00:00,2021-07-28 08:45:00,-195.0,195.0
D2,FG-R1-expanded-l1__guard-q95-suppress,15,11,2021-07-29,96,1.0,True,211.0,201.97979736328125,-9.02020263671875,9.02020263671875,2021-07-29 12:00:00,2021-07-29 11:45:00,-15.0,15.0
D2,FG-R1-expanded-l1__guard-q95-suppress,15,11,2021-07-30,96,1.0,True,212.0,207.0131378173828,-4.9868621826171875,4.9868621826171875,2021-07-30 12:00:00,2021-07-30 11:45:00,-15.0,15.0
D2,FG-R1-expanded-l1__guard-q95-suppress,15,11,2021-07-31,96,1.0,True,80.0,79.47154418612335,-0.5284558138766471,0.5284558138766471,2021-07-31 00:00:00,2021-07-31 01:45:00,105.0,105.0
D2,FG-R1-expanded-l1__guard-q95-suppress,15,11,2021-08-01,96,1.0,True,28.0,29.05922141434818,1.0592214143481797,1.0592214143481797,2021-08-01 09:00:00,2021-08-01 01:45:00,-435.0,435.0
D2,FG-R1-expanded-l1__guard-q95-suppress,15,12,2021-07-26,96,1.0,True,217.0,200.19623508603976,-16.803764913960237,16.803764913960237,2021-07-26 08:30:00,2021-07-26 11:45:00,195.0,195.0
D2,FG-R1-expanded-l1__guard-q95-suppress,15,12,2021-07-27,96,1.0,True,211.0,198.62796020507812,-12.372039794921875,12.372039794921875,2021-07-27 11:45:00,2021-07-27 08:45:00,-180.0,180.0
D2,FG-R1-expanded-l1__guard-q95-suppress,15,12,2021-07-28,96,1.0,True,212.0,209.4625244140625,-2.5374755859375,2.5374755859375,2021-07-28 12:00:00,2021-07-28 08:45:00,-195.0,195.0
D2,FG-R1-expanded-l1__guard-q95-suppress,15,12,2021-07-29,96,1.0,True,211.0,200.75,-10.25,10.25,2021-07-29 12:00:00,2021-07-29 11:45:00,-15.0,15.0
D2,FG-R1-expanded-l1__guard-q95-suppress,15,12,2021-07-30,96,1.0,True,212.0,207.71359252929688,-4.286407470703125,4.286407470703125,2021-07-30 12:00:00,2021-07-30 12:00:00,0.0,0.0
D2,FG-R1-expanded-l1__guard-q95-suppress,15,12,2021-07-31,96,1.0,True,80.0,78.72958157461275,-1.2704184253872484,1.2704184253872484,2021-07-31 00:00:00,2021-07-31 01:45:00,105.0,105.0
D2,FG-R1-expanded-l1__guard-q95-suppress,15,12,2021-08-01,96,1.0,True,28.0,28.86450247641498,0.8645024764149802,0.8645024764149802,2021-08-01 09:00:00,2021-08-01 00:45:00,-495.0,495.0
D2,FG-R1-expanded-l1__guard-q95-suppress,15,13,2021-07-26,96,1.0,True,217.0,201.10140180798152,-15.898598192018483,15.898598192018483,2021-07-26 08:30:00,2021-07-26 11:45:00,195.0,195.0
D2,FG-R1-expanded-l1__guard-q95-suppress,15,13,2021-07-27,96,1.0,True,211.0,196.47265625,-14.52734375,14.52734375,2021-07-27 11:45:00,2021-07-27 11:45:00,0.0,0.0
D2,FG-R1-expanded-l1__guard-q95-suppress,15,13,2021-07-28,96,1.0,True,212.0,206.42550659179688,-5.574493408203125,5.574493408203125,2021-07-28 12:00:00,2021-07-28 11:45:00,-15.0,15.0
D2,FG-R1-expanded-l1__guard-q95-suppress,15,13,2021-07-29,96,1.0,True,211.0,200.72056579589844,-10.279434204101562,10.279434204101562,2021-07-29 12:00:00,2021-07-29 11:45:00,-15.0,15.0
D2,FG-R1-expanded-l1__guard-q95-suppress,15,13,2021-07-30,96,1.0,True,212.0,207.84283447265625,-4.15716552734375,4.15716552734375,2021-07-30 12:00:00,2021-07-30 11:45:00,-15.0,15.0
D2,FG-R1-expanded-l1__guard-q95-suppress,15,13,2021-07-31,96,1.0,True,80.0,78.82492028080446,-1.175079719195537,1.175079719195537,2021-07-31 00:00:00,2021-07-31 01:45:00,105.0,105.0
D2,FG-R1-expanded-l1__guard-q95-suppress,15,13,2021-08-01,96,1.0,True,28.0,28.38852771727254,0.38852771727254165,0.38852771727254165,2021-08-01 09:00:00,2021-08-01 02:30:00,-390.0,390.0
D2,FG-R1-expanded-l1__guard-q95-suppress,15,14,2021-07-26,96,1.0,True,217.0,197.29237902236196,-19.707620977638044,19.707620977638044,2021-07-26 08:30:00,2021-07-26 08:45:00,15.0,15.0
D2,FG-R1-expanded-l1__guard-q95-suppress,15,14,2021-07-27,96,1.0,True,211.0,197.00172424316406,-13.998275756835938,13.998275756835938,2021-07-27 11:45:00,2021-07-27 12:00:00,15.0,15.0
D2,FG-R1-expanded-l1__guard-q95-suppress,15,14,2021-07-28,96,1.0,True,212.0,208.71441650390625,-3.28558349609375,3.28558349609375,2021-07-28 12:00:00,2021-07-28 11:45:00,-15.0,15.0
D2,FG-R1-expanded-l1__guard-q95-suppress,15,14,2021-07-29,96,1.0,True,211.0,201.53224182128906,-9.467758178710938,9.467758178710938,2021-07-29 12:00:00,2021-07-29 11:45:00,-15.0,15.0
D2,FG-R1-expanded-l1__guard-q95-suppress,15,14,2021-07-30,96,1.0,True,212.0,209.84494018554688,-2.155059814453125,2.155059814453125,2021-07-30 12:00:00,2021-07-30 12:00:00,0.0,0.0
D2,FG-R1-expanded-l1__guard-q95-suppress,15,14,2021-07-31,96,1.0,True,80.0,77.29106945495907,-2.7089305450409285,2.7089305450409285,2021-07-31 00:00:00,2021-07-31 01:45:00,105.0,105.0
D2,FG-R1-expanded-l1__guard-q95-suppress,15,14,2021-08-01,96,1.0,True,28.0,28.489224623603594,0.48922462360359376,0.48922462360359376,2021-08-01 09:00:00,2021-08-01 01:15:00,-465.0,465.0
D2,FG-R1-expanded-l1__guard-q95-suppress,15,15,2021-07-26,96,1.0,True,217.0,195.55841064453125,-21.44158935546875,21.44158935546875,2021-07-26 08:30:00,2021-07-26 11:45:00,195.0,195.0
D2,FG-R1-expanded-l1__guard-q95-suppress,15,15,2021-07-27,96,1.0,True,211.0,195.2646484375,-15.7353515625,15.7353515625,2021-07-27 11:45:00,2021-07-27 08:45:00,-180.0,180.0
D2,FG-R1-expanded-l1__guard-q95-suppress,15,15,2021-07-28,96,1.0,True,212.0,208.3951873779297,-3.6048126220703125,3.6048126220703125,2021-07-28 12:00:00,2021-07-28 08:45:00,-195.0,195.0
D2,FG-R1-expanded-l1__guard-q95-suppress,15,15,2021-07-29,96,1.0,True,211.0,200.53790283203125,-10.46209716796875,10.46209716796875,2021-07-29 12:00:00,2021-07-29 11:45:00,-15.0,15.0
D2,FG-R1-expanded-l1__guard-q95-suppress,15,15,2021-07-30,96,1.0,True,212.0,209.4776611328125,-2.5223388671875,2.5223388671875,2021-07-30 12:00:00,2021-07-30 12:00:00,0.0,0.0
D2,FG-R1-expanded-l1__guard-q95-suppress,15,15,2021-07-31,96,1.0,True,80.0,78.35093304415012,-1.6490669558498752,1.6490669558498752,2021-07-31 00:00:00,2021-07-31 01:45:00,105.0,105.0
D2,FG-R1-expanded-l1__guard-q95-suppress,15,15,2021-08-01,96,1.0,True,28.0,28.567070195571908,0.5670701955719082,0.5670701955719082,2021-08-01 09:00:00,2021-08-01 01:30:00,-450.0,450.0
D2,FG-R1-expanded-l1__guard-q95-suppress,15,16,2021-07-26,96,1.0,True,217.0,194.2803473809843,-22.719652619015704,22.719652619015704,2021-07-26 08:30:00,2021-07-26 08:45:00,15.0,15.0
D2,FG-R1-expanded-l1__guard-q95-suppress,15,16,2021-07-27,96,1.0,True,211.0,195.40078735351562,-15.599212646484375,15.599212646484375,2021-07-27 11:45:00,2021-07-27 08:45:00,-180.0,180.0
D2,FG-R1-expanded-l1__guard-q95-suppress,15,16,2021-07-28,96,1.0,True,212.0,208.3544921875,-3.6455078125,3.6455078125,2021-07-28 12:00:00,2021-07-28 11:45:00,-15.0,15.0
D2,FG-R1-expanded-l1__guard-q95-suppress,15,16,2021-07-29,96,1.0,True,211.0,201.66738891601562,-9.332611083984375,9.332611083984375,2021-07-29 12:00:00,2021-07-29 11:45:00,-15.0,15.0
D2,FG-R1-expanded-l1__guard-q95-suppress,15,16,2021-07-30,96,1.0,True,212.0,207.12864685058594,-4.8713531494140625,4.8713531494140625,2021-07-30 12:00:00,2021-07-30 12:00:00,0.0,0.0
D2,FG-R1-expanded-l1__guard-q95-suppress,15,16,2021-07-31,96,1.0,True,80.0,77.75864114969072,-2.2413588503092825,2.2413588503092825,2021-07-31 00:00:00,2021-07-31 01:45:00,105.0,105.0
D2,FG-R1-expanded-l1__guard-q95-suppress,15,16,2021-08-01,96,1.0,True,28.0,29.009288829960127,1.009288829960127,1.009288829960127,2021-08-01 09:00:00,2021-08-01 01:45:00,-435.0,435.0
