dataset,model,fold,horizon,target_day,observed_slots,slot_coverage,full_day,actual_daily_max,predicted_daily_max,daily_max_error,daily_max_abs_error,actual_peak_time,predicted_peak_time,timing_error_minutes,timing_abs_error_minutes
D1,FG-R1-expanded-q55,1,4,2021-04-19,96,1.0,True,172.0,174.48179829858896,2.4817982985889557,2.4817982985889557,2021-04-19 08:45:00,2021-04-19 13:15:00,270.0,270.0
D1,FG-R1-expanded-q55,1,4,2021-04-20,96,1.0,True,172.0,172.30261620087964,0.3026162008796405,0.3026162008796405,2021-04-20 08:45:00,2021-04-20 09:00:00,15.0,15.0
D1,FG-R1-expanded-q55,1,4,2021-04-21,96,1.0,True,174.0,176.1195647496273,2.119564749627301,2.119564749627301,2021-04-21 08:30:00,2021-04-21 09:00:00,30.0,30.0
D1,FG-R1-expanded-q55,1,4,2021-04-22,96,1.0,True,174.0,169.53183108630097,-4.4681689136990315,4.4681689136990315,2021-04-22 08:30:00,2021-04-22 10:30:00,120.0,120.0
D1,FG-R1-expanded-q55,1,4,2021-04-23,96,1.0,True,174.0,171.94528300932566,-2.0547169906743363,2.0547169906743363,2021-04-23 08:30:00,2021-04-23 10:30:00,120.0,120.0
D1,FG-R1-expanded-q55,1,4,2021-04-24,96,1.0,True,112.0,110.00508100006371,-1.9949189999362886,1.9949189999362886,2021-04-24 06:15:00,2021-04-24 04:30:00,-105.0,105.0
D1,FG-R1-expanded-q55,1,4,2021-04-25,96,1.0,True,25.0,47.68555732261919,22.68555732261919,22.68555732261919,2021-04-25 01:30:00,2021-04-25 00:45:00,-45.0,45.0
D1,FG-R1-expanded-q55,1,5,2021-04-19,96,1.0,True,172.0,174.52520955347177,2.5252095534717682,2.5252095534717682,2021-04-19 08:45:00,2021-04-19 13:15:00,270.0,270.0
D1,FG-R1-expanded-q55,1,5,2021-04-20,96,1.0,True,172.0,170.3932381491218,-1.6067618508782004,1.6067618508782004,2021-04-20 08:45:00,2021-04-20 09:00:00,15.0,15.0
D1,FG-R1-expanded-q55,1,5,2021-04-21,96,1.0,True,174.0,175.3995482701351,1.3995482701351136,1.3995482701351136,2021-04-21 08:30:00,2021-04-21 09:00:00,30.0,30.0
D1,FG-R1-expanded-q55,1,5,2021-04-22,96,1.0,True,174.0,168.86639529528534,-5.1336047047146565,5.1336047047146565,2021-04-22 08:30:00,2021-04-22 10:45:00,135.0,135.0
D1,FG-R1-expanded-q55,1,5,2021-04-23,96,1.0,True,174.0,171.0978621410633,-2.9021378589366975,2.9021378589366975,2021-04-23 08:30:00,2021-04-23 08:30:00,0.0,0.0
D1,FG-R1-expanded-q55,1,5,2021-04-24,96,1.0,True,112.0,109.83597547027856,-2.164024529721445,2.164024529721445,2021-04-24 06:15:00,2021-04-24 04:45:00,-90.0,90.0
D1,FG-R1-expanded-q55,1,5,2021-04-25,96,1.0,True,25.0,48.72629066002153,23.726290660021533,23.726290660021533,2021-04-25 01:30:00,2021-04-25 01:00:00,-30.0,30.0
D1,FG-R1-expanded-q55,1,6,2021-04-19,96,1.0,True,172.0,174.78503621362802,2.7850362136280182,2.7850362136280182,2021-04-19 08:45:00,2021-04-19 13:15:00,270.0,270.0
D1,FG-R1-expanded-q55,1,6,2021-04-20,96,1.0,True,172.0,167.58905418916086,-4.410945810839138,4.410945810839138,2021-04-20 08:45:00,2021-04-20 08:45:00,0.0,0.0
D1,FG-R1-expanded-q55,1,6,2021-04-21,96,1.0,True,174.0,173.5784764233875,-0.4215235766124863,0.4215235766124863,2021-04-21 08:30:00,2021-04-21 09:00:00,30.0,30.0
D1,FG-R1-expanded-q55,1,6,2021-04-22,96,1.0,True,174.0,169.43400698962128,-4.565993010378719,4.565993010378719,2021-04-22 08:30:00,2021-04-22 10:30:00,120.0,120.0
D1,FG-R1-expanded-q55,1,6,2021-04-23,96,1.0,True,174.0,171.8581618236805,-2.14183817631951,2.14183817631951,2021-04-23 08:30:00,2021-04-23 08:30:00,0.0,0.0
D1,FG-R1-expanded-q55,1,6,2021-04-24,96,1.0,True,112.0,108.43140393707543,-3.56859606292457,3.56859606292457,2021-04-24 06:15:00,2021-04-24 06:15:00,0.0,0.0
D1,FG-R1-expanded-q55,1,6,2021-04-25,96,1.0,True,25.0,60.81985328530226,35.81985328530226,35.81985328530226,2021-04-25 01:30:00,2021-04-25 01:15:00,-15.0,15.0
D1,FG-R1-expanded-q55,1,7,2021-04-19,96,1.0,True,172.0,174.3899861647999,2.3899861647998932,2.3899861647998932,2021-04-19 08:45:00,2021-04-19 13:15:00,270.0,270.0
D1,FG-R1-expanded-q55,1,7,2021-04-20,96,1.0,True,172.0,167.4033699850593,-4.5966300149407004,4.5966300149407004,2021-04-20 08:45:00,2021-04-20 09:00:00,15.0,15.0
D1,FG-R1-expanded-q55,1,7,2021-04-21,96,1.0,True,174.0,172.6253514233875,-1.3746485766124863,1.3746485766124863,2021-04-21 08:30:00,2021-04-21 09:00:00,30.0,30.0
D1,FG-R1-expanded-q55,1,7,2021-04-22,96,1.0,True,174.0,168.23172122301972,-5.7682787769802815,5.7682787769802815,2021-04-22 08:30:00,2021-04-22 10:45:00,135.0,135.0
D1,FG-R1-expanded-q55,1,7,2021-04-23,96,1.0,True,174.0,171.37252910307566,-2.6274708969243363,2.6274708969243363,2021-04-23 08:30:00,2021-04-23 10:30:00,120.0,120.0
D1,FG-R1-expanded-q55,1,7,2021-04-24,96,1.0,True,112.0,107.4510267398098,-4.548973260190195,4.548973260190195,2021-04-24 06:15:00,2021-04-24 04:45:00,-90.0,90.0
D1,FG-R1-expanded-q55,1,7,2021-04-25,96,1.0,True,25.0,65.8603882584468,40.860388258446804,40.860388258446804,2021-04-25 01:30:00,2021-04-25 01:30:00,0.0,0.0
D1,FG-R1-expanded-q55,1,8,2021-04-19,96,1.0,True,172.0,173.7558955192241,1.7558955192241115,1.7558955192241115,2021-04-19 08:45:00,2021-04-19 13:15:00,270.0,270.0
D1,FG-R1-expanded-q55,1,8,2021-04-20,96,1.0,True,172.0,164.69748392531653,-7.302516074683467,7.302516074683467,2021-04-20 08:45:00,2021-04-20 11:45:00,180.0,180.0
D1,FG-R1-expanded-q55,1,8,2021-04-21,96,1.0,True,174.0,174.54703972521324,0.5470397252132386,0.5470397252132386,2021-04-21 08:30:00,2021-04-21 09:00:00,30.0,30.0
D1,FG-R1-expanded-q55,1,8,2021-04-22,96,1.0,True,174.0,170.33123606401892,-3.668763935981076,3.668763935981076,2021-04-22 08:30:00,2021-04-22 08:30:00,0.0,0.0
D1,FG-R1-expanded-q55,1,8,2021-04-23,96,1.0,True,174.0,173.08506001703986,-0.914939982960135,0.914939982960135,2021-04-23 08:30:00,2021-04-23 08:30:00,0.0,0.0
D1,FG-R1-expanded-q55,1,8,2021-04-24,96,1.0,True,112.0,106.8394773623684,-5.160522637631601,5.160522637631601,2021-04-24 06:15:00,2021-04-24 02:30:00,-225.0,225.0
D1,FG-R1-expanded-q55,1,8,2021-04-25,96,1.0,True,25.0,67.13527579796099,42.135275797960986,42.135275797960986,2021-04-25 01:30:00,2021-04-25 01:45:00,15.0,15.0
D1,FG-R1-expanded-q55,1,9,2021-04-19,96,1.0,True,172.0,173.886724376646,1.8867243766459865,1.8867243766459865,2021-04-19 08:45:00,2021-04-19 13:15:00,270.0,270.0
D1,FG-R1-expanded-q55,1,9,2021-04-20,96,1.0,True,172.0,165.37163248488685,-6.628367515113155,6.628367515113155,2021-04-20 08:45:00,2021-04-20 12:00:00,195.0,195.0
D1,FG-R1-expanded-q55,1,9,2021-04-21,96,1.0,True,174.0,174.35245964708824,0.3524596470882386,0.3524596470882386,2021-04-21 08:30:00,2021-04-21 09:00:00,30.0,30.0
D1,FG-R1-expanded-q55,1,9,2021-04-22,96,1.0,True,174.0,170.06219309526892,-3.937806904731076,3.937806904731076,2021-04-22 08:30:00,2021-04-22 08:30:00,0.0,0.0
D1,FG-R1-expanded-q55,1,9,2021-04-23,96,1.0,True,174.0,171.90523902004185,-2.094760979958153,2.094760979958153,2021-04-23 08:30:00,2021-04-23 10:30:00,120.0,120.0
D1,FG-R1-expanded-q55,1,9,2021-04-24,96,1.0,True,112.0,108.40941602203637,-3.5905839779636324,3.5905839779636324,2021-04-24 06:15:00,2021-04-24 04:45:00,-90.0,90.0
D1,FG-R1-expanded-q55,1,9,2021-04-25,96,1.0,True,25.0,63.85770316612504,38.85770316612504,38.85770316612504,2021-04-25 01:30:00,2021-04-25 02:00:00,30.0,30.0
D1,FG-R1-expanded-q55,1,10,2021-04-19,96,1.0,True,172.0,177.1730214431202,5.173021443120206,5.173021443120206,2021-04-19 08:45:00,2021-04-19 13:15:00,270.0,270.0
D1,FG-R1-expanded-q55,1,10,2021-04-20,96,1.0,True,172.0,165.44179239699622,-6.55820760300378,6.55820760300378,2021-04-20 08:45:00,2021-04-20 11:15:00,150.0,150.0
D1,FG-R1-expanded-q55,1,10,2021-04-21,96,1.0,True,174.0,175.7443663853695,1.7443663853694886,1.7443663853694886,2021-04-21 08:30:00,2021-04-21 09:00:00,30.0,30.0
D1,FG-R1-expanded-q55,1,10,2021-04-22,96,1.0,True,174.0,169.5184338695041,-4.4815661304959065,4.4815661304959065,2021-04-22 08:30:00,2021-04-22 11:00:00,150.0,150.0
D1,FG-R1-expanded-q55,1,10,2021-04-23,96,1.0,True,174.0,173.717414753368,-0.28258524663201,0.28258524663201,2021-04-23 08:30:00,2021-04-23 08:30:00,0.0,0.0
D1,FG-R1-expanded-q55,1,10,2021-04-24,96,1.0,True,112.0,111.61644114185958,-0.3835588581404181,0.3835588581404181,2021-04-24 06:15:00,2021-04-24 04:45:00,-90.0,90.0
D1,FG-R1-expanded-q55,1,10,2021-04-25,96,1.0,True,25.0,63.26517768394731,38.26517768394731,38.26517768394731,2021-04-25 01:30:00,2021-04-25 02:15:00,45.0,45.0
D1,FG-R1-expanded-q55,1,11,2021-04-19,96,1.0,True,172.0,175.45848286890146,3.4584828689014557,3.4584828689014557,2021-04-19 08:45:00,2021-04-19 13:15:00,270.0,270.0
D1,FG-R1-expanded-q55,1,11,2021-04-20,96,1.0,True,172.0,163.7800950093009,-8.219904990699092,8.219904990699092,2021-04-20 08:45:00,2021-04-20 12:00:00,195.0,195.0
D1,FG-R1-expanded-q55,1,11,2021-04-21,96,1.0,True,174.0,175.15629265490074,1.1562926549007386,1.1562926549007386,2021-04-21 08:30:00,2021-04-21 09:00:00,30.0,30.0
D1,FG-R1-expanded-q55,1,11,2021-04-22,96,1.0,True,174.0,168.77180528080936,-5.22819471919064,5.22819471919064,2021-04-22 08:30:00,2021-04-22 11:00:00,150.0,150.0
D1,FG-R1-expanded-q55,1,11,2021-04-23,96,1.0,True,174.0,170.2510603832508,-3.7489396167491975,3.7489396167491975,2021-04-23 08:30:00,2021-04-23 08:30:00,0.0,0.0
D1,FG-R1-expanded-q55,1,11,2021-04-24,96,1.0,True,112.0,111.02166117359786,-0.9783388264021369,0.9783388264021369,2021-04-24 06:15:00,2021-04-24 04:45:00,-90.0,90.0
D1,FG-R1-expanded-q55,1,11,2021-04-25,96,1.0,True,25.0,63.2272481490352,38.2272481490352,38.2272481490352,2021-04-25 01:30:00,2021-04-25 02:30:00,60.0,60.0
D1,FG-R1-expanded-q55,1,12,2021-04-19,96,1.0,True,172.0,173.85719513339865,1.8571951333986476,1.8571951333986476,2021-04-19 08:45:00,2021-04-19 13:15:00,270.0,270.0
D1,FG-R1-expanded-q55,1,12,2021-04-20,96,1.0,True,172.0,164.3528946919181,-7.647105308081905,7.647105308081905,2021-04-20 08:45:00,2021-04-20 11:45:00,180.0,180.0
D1,FG-R1-expanded-q55,1,12,2021-04-21,96,1.0,True,174.0,175.13724968615074,1.1372496861507386,1.1372496861507386,2021-04-21 08:30:00,2021-04-21 09:00:00,30.0,30.0
D1,FG-R1-expanded-q55,1,12,2021-04-22,96,1.0,True,174.0,169.34544152733673,-4.654558472663268,4.654558472663268,2021-04-22 08:30:00,2021-04-22 08:30:00,0.0,0.0
D1,FG-R1-expanded-q55,1,12,2021-04-23,96,1.0,True,174.0,171.02511206691685,-2.974887933083153,2.974887933083153,2021-04-23 08:30:00,2021-04-23 10:45:00,135.0,135.0
D1,FG-R1-expanded-q55,1,12,2021-04-24,96,1.0,True,112.0,110.51243723560958,-1.4875627643904181,1.4875627643904181,2021-04-24 06:15:00,2021-04-24 04:45:00,-90.0,90.0
D1,FG-R1-expanded-q55,1,12,2021-04-25,96,1.0,True,25.0,63.40305228721879,38.40305228721879,38.40305228721879,2021-04-25 01:30:00,2021-04-25 02:45:00,75.0,75.0
D1,FG-R1-expanded-q55,1,13,2021-04-19,96,1.0,True,172.0,172.24247955722677,0.2424795572267726,0.2424795572267726,2021-04-19 08:45:00,2021-04-19 13:15:00,270.0,270.0
D1,FG-R1-expanded-q55,1,13,2021-04-20,96,1.0,True,172.0,163.7921639303718,-8.2078360696282,8.2078360696282,2021-04-20 08:45:00,2021-04-20 11:00:00,135.0,135.0
D1,FG-R1-expanded-q55,1,13,2021-04-21,96,1.0,True,174.0,172.24276780522345,-1.7572321947765488,1.7572321947765488,2021-04-21 08:30:00,2021-04-21 09:00:00,30.0,30.0
D1,FG-R1-expanded-q55,1,13,2021-04-22,96,1.0,True,174.0,170.08972215092655,-3.910277849073452,3.910277849073452,2021-04-22 08:30:00,2021-04-22 11:00:00,150.0,150.0
D1,FG-R1-expanded-q55,1,13,2021-04-23,96,1.0,True,174.0,171.82099524562778,-2.1790047543722153,2.1790047543722153,2021-04-23 08:30:00,2021-04-23 11:00:00,150.0,150.0
D1,FG-R1-expanded-q55,1,13,2021-04-24,96,1.0,True,112.0,110.06833780934005,-1.9316621906599494,1.9316621906599494,2021-04-24 06:15:00,2021-04-24 04:45:00,-90.0,90.0
D1,FG-R1-expanded-q55,1,13,2021-04-25,96,1.0,True,25.0,60.850611643908245,35.850611643908245,35.850611643908245,2021-04-25 01:30:00,2021-04-25 03:00:00,90.0,90.0
D1,FG-R1-expanded-q55,1,14,2021-04-19,96,1.0,True,172.0,172.67041229648459,0.6704122964845851,0.6704122964845851,2021-04-19 08:45:00,2021-04-19 13:15:00,270.0,270.0
D1,FG-R1-expanded-q55,1,14,2021-04-20,96,1.0,True,172.0,165.9600869040046,-6.039913095995388,6.039913095995388,2021-04-20 08:45:00,2021-04-20 09:00:00,15.0,15.0
D1,FG-R1-expanded-q55,1,14,2021-04-21,96,1.0,True,174.0,173.59719753845584,-0.4028024615441552,0.4028024615441552,2021-04-21 08:30:00,2021-04-21 12:00:00,210.0,210.0
D1,FG-R1-expanded-q55,1,14,2021-04-22,96,1.0,True,174.0,169.87873887455936,-4.12126112544064,4.12126112544064,2021-04-22 08:30:00,2021-04-22 10:45:00,135.0,135.0
D1,FG-R1-expanded-q55,1,14,2021-04-23,96,1.0,True,174.0,170.4778098208231,-3.522190179176903,3.522190179176903,2021-04-23 08:30:00,2021-04-23 10:30:00,120.0,120.0
D1,FG-R1-expanded-q55,1,14,2021-04-24,96,1.0,True,112.0,109.72664080097465,-2.27335919902535,2.27335919902535,2021-04-24 06:15:00,2021-04-24 04:45:00,-90.0,90.0
D1,FG-R1-expanded-q55,1,14,2021-04-25,96,1.0,True,25.0,55.11099906456254,30.11099906456254,30.11099906456254,2021-04-25 01:30:00,2021-04-25 03:15:00,105.0,105.0
D1,FG-R1-expanded-q55,1,15,2021-04-19,96,1.0,True,172.0,169.05151581210959,-2.948484187890415,2.948484187890415,2021-04-19 08:45:00,2021-04-19 13:15:00,270.0,270.0
D1,FG-R1-expanded-q55,1,15,2021-04-20,96,1.0,True,172.0,164.27672203584055,-7.7232779641594504,7.7232779641594504,2021-04-20 08:45:00,2021-04-20 11:45:00,180.0,180.0
D1,FG-R1-expanded-q55,1,15,2021-04-21,96,1.0,True,174.0,173.0754682417533,-0.924531758246701,0.924531758246701,2021-04-21 08:30:00,2021-04-21 12:00:00,210.0,210.0
D1,FG-R1-expanded-q55,1,15,2021-04-22,96,1.0,True,174.0,168.48558091557499,-5.514419084425015,5.514419084425015,2021-04-22 08:30:00,2021-04-22 11:00:00,150.0,150.0
D1,FG-R1-expanded-q55,1,15,2021-04-23,96,1.0,True,174.0,170.19929114406528,-3.8007088559347153,3.8007088559347153,2021-04-23 08:30:00,2021-04-23 10:30:00,120.0,120.0
D1,FG-R1-expanded-q55,1,15,2021-04-24,96,1.0,True,112.0,109.1550062319973,-2.844993768002695,2.844993768002695,2021-04-24 06:15:00,2021-04-24 04:45:00,-90.0,90.0
D1,FG-R1-expanded-q55,1,15,2021-04-25,96,1.0,True,25.0,58.98017402183793,33.98017402183793,33.98017402183793,2021-04-25 01:30:00,2021-04-25 03:30:00,120.0,120.0
D1,FG-R1-expanded-q55,1,16,2021-04-19,96,1.0,True,172.0,173.04770111484396,1.0477011148439601,1.0477011148439601,2021-04-19 08:45:00,2021-04-19 13:15:00,270.0,270.0
D1,FG-R1-expanded-q55,1,16,2021-04-20,96,1.0,True,172.0,164.92540367646555,-7.0745963235344504,7.0745963235344504,2021-04-20 08:45:00,2021-04-20 11:45:00,180.0,180.0
D1,FG-R1-expanded-q55,1,16,2021-04-21,96,1.0,True,174.0,171.924268900933,-2.0757310990670135,2.0757310990670135,2021-04-21 08:30:00,2021-04-21 12:00:00,210.0,210.0
D1,FG-R1-expanded-q55,1,16,2021-04-22,96,1.0,True,174.0,170.18293809330936,-3.8170619066906397,3.8170619066906397,2021-04-22 08:30:00,2021-04-22 10:30:00,120.0,120.0
D1,FG-R1-expanded-q55,1,16,2021-04-23,96,1.0,True,174.0,172.77637854640903,-1.2236214535909653,1.2236214535909653,2021-04-23 08:30:00,2021-04-23 10:30:00,120.0,120.0
D1,FG-R1-expanded-q55,1,16,2021-04-24,96,1.0,True,112.0,111.77436048004418,-0.22563951995581988,0.22563951995581988,2021-04-24 06:15:00,2021-04-24 04:45:00,-90.0,90.0
D1,FG-R1-expanded-q55,1,16,2021-04-25,96,1.0,True,25.0,58.69348807823442,33.69348807823442,33.69348807823442,2021-04-25 01:30:00,2021-04-25 03:45:00,135.0,135.0
D1,FG-R1-expanded-q55,3,4,2021-05-03,96,1.0,True,184.0,173.8399384430536,-10.160061556946403,10.160061556946403,2021-05-03 08:30:00,2021-05-03 15:00:00,390.0,390.0
D1,FG-R1-expanded-q55,3,4,2021-05-04,96,1.0,True,181.0,175.8362746548812,-5.163725345118792,5.163725345118792,2021-05-04 08:30:00,2021-05-04 08:30:00,0.0,0.0
D1,FG-R1-expanded-q55,3,4,2021-05-05,96,1.0,True,120.0,168.8510066973945,48.851006697394496,48.851006697394496,2021-05-05 04:15:00,2021-05-05 08:30:00,255.0,255.0
D1,FG-R1-expanded-q55,3,4,2021-05-06,96,1.0,True,199.0,178.44936574787621,-20.550634252123785,20.550634252123785,2021-05-06 09:00:00,2021-05-06 12:00:00,180.0,180.0
D1,FG-R1-expanded-q55,3,4,2021-05-07,96,1.0,True,181.0,177.5102397347901,-3.4897602652098954,3.4897602652098954,2021-05-07 09:00:00,2021-05-07 08:30:00,-30.0,30.0
D1,FG-R1-expanded-q55,3,4,2021-05-08,96,1.0,True,115.0,108.40652217107167,-6.593477828928329,6.593477828928329,2021-05-08 02:00:00,2021-05-08 06:15:00,255.0,255.0
D1,FG-R1-expanded-q55,3,4,2021-05-09,96,1.0,True,184.0,177.4048311022964,-6.595168897703587,6.595168897703587,2021-05-09 09:00:00,2021-05-09 09:45:00,45.0,45.0
D1,FG-R1-expanded-q55,3,5,2021-05-03,96,1.0,True,184.0,173.81144811474672,-10.188551885253275,10.188551885253275,2021-05-03 08:30:00,2021-05-03 15:30:00,420.0,420.0
D1,FG-R1-expanded-q55,3,5,2021-05-04,96,1.0,True,181.0,175.20489648105308,-5.795103518946917,5.795103518946917,2021-05-04 08:30:00,2021-05-04 08:30:00,0.0,0.0
D1,FG-R1-expanded-q55,3,5,2021-05-05,96,1.0,True,120.0,175.47477129405647,55.47477129405647,55.47477129405647,2021-05-05 04:15:00,2021-05-05 08:30:00,255.0,255.0
D1,FG-R1-expanded-q55,3,5,2021-05-06,96,1.0,True,199.0,180.760457935569,-18.239542064430992,18.239542064430992,2021-05-06 09:00:00,2021-05-06 11:15:00,135.0,135.0
D1,FG-R1-expanded-q55,3,5,2021-05-07,96,1.0,True,181.0,176.35164944716865,-4.648350552831346,4.648350552831346,2021-05-07 09:00:00,2021-05-07 08:30:00,-30.0,30.0
D1,FG-R1-expanded-q55,3,5,2021-05-08,96,1.0,True,115.0,108.72044886784902,-6.279551132150985,6.279551132150985,2021-05-08 02:00:00,2021-05-08 06:15:00,255.0,255.0
D1,FG-R1-expanded-q55,3,5,2021-05-09,96,1.0,True,184.0,175.52862565796048,-8.471374342039525,8.471374342039525,2021-05-09 09:00:00,2021-05-09 09:45:00,45.0,45.0
D1,FG-R1-expanded-q55,3,6,2021-05-03,96,1.0,True,184.0,173.6404495575835,-10.359550442416491,10.359550442416491,2021-05-03 08:30:00,2021-05-03 15:45:00,435.0,435.0
D1,FG-R1-expanded-q55,3,6,2021-05-04,96,1.0,True,181.0,176.68992760898277,-4.310072391017229,4.310072391017229,2021-05-04 08:30:00,2021-05-04 08:30:00,0.0,0.0
D1,FG-R1-expanded-q55,3,6,2021-05-05,96,1.0,True,120.0,177.3464791616801,57.346479161680094,57.346479161680094,2021-05-05 04:15:00,2021-05-05 08:30:00,255.0,255.0
D1,FG-R1-expanded-q55,3,6,2021-05-06,96,1.0,True,199.0,178.55863393635278,-20.441366063647223,20.441366063647223,2021-05-06 09:00:00,2021-05-06 12:00:00,180.0,180.0
D1,FG-R1-expanded-q55,3,6,2021-05-07,96,1.0,True,181.0,176.2724925424073,-4.727507457592708,4.727507457592708,2021-05-07 09:00:00,2021-05-07 08:30:00,-30.0,30.0
D1,FG-R1-expanded-q55,3,6,2021-05-08,96,1.0,True,115.0,111.58649070419338,-3.4135092958066195,3.4135092958066195,2021-05-08 02:00:00,2021-05-08 06:15:00,255.0,255.0
D1,FG-R1-expanded-q55,3,6,2021-05-09,96,1.0,True,184.0,174.39916901471034,-9.600830985289662,9.600830985289662,2021-05-09 09:00:00,2021-05-09 10:00:00,60.0,60.0
D1,FG-R1-expanded-q55,3,7,2021-05-03,96,1.0,True,184.0,170.27408603219288,-13.725913967807116,13.725913967807116,2021-05-03 08:30:00,2021-05-03 15:45:00,435.0,435.0
D1,FG-R1-expanded-q55,3,7,2021-05-04,96,1.0,True,181.0,174.83648698517337,-6.163513014826634,6.163513014826634,2021-05-04 08:30:00,2021-05-04 08:30:00,0.0,0.0
D1,FG-R1-expanded-q55,3,7,2021-05-05,96,1.0,True,120.0,175.6383302540174,55.638330254017404,55.638330254017404,2021-05-05 04:15:00,2021-05-05 08:30:00,255.0,255.0
D1,FG-R1-expanded-q55,3,7,2021-05-06,96,1.0,True,199.0,179.06646874804528,-19.93353125195472,19.93353125195472,2021-05-06 09:00:00,2021-05-06 11:45:00,165.0,165.0
D1,FG-R1-expanded-q55,3,7,2021-05-07,96,1.0,True,181.0,174.91880337783272,-6.081196622167283,6.081196622167283,2021-05-07 09:00:00,2021-05-07 08:30:00,-30.0,30.0
D1,FG-R1-expanded-q55,3,7,2021-05-08,96,1.0,True,115.0,110.3798790708926,-4.620120929107401,4.620120929107401,2021-05-08 02:00:00,2021-05-08 06:15:00,255.0,255.0
D1,FG-R1-expanded-q55,3,7,2021-05-09,96,1.0,True,184.0,170.9725801257339,-13.027419874266087,13.027419874266087,2021-05-09 09:00:00,2021-05-09 10:45:00,105.0,105.0
D1,FG-R1-expanded-q55,3,8,2021-05-03,96,1.0,True,184.0,169.60782017887962,-14.39217982112038,14.39217982112038,2021-05-03 08:30:00,2021-05-03 11:15:00,165.0,165.0
D1,FG-R1-expanded-q55,3,8,2021-05-04,96,1.0,True,181.0,175.7195811290261,-5.280418870973904,5.280418870973904,2021-05-04 08:30:00,2021-05-04 08:30:00,0.0,0.0
D1,FG-R1-expanded-q55,3,8,2021-05-05,96,1.0,True,120.0,177.98081754058634,57.980817540586344,57.980817540586344,2021-05-05 04:15:00,2021-05-05 08:30:00,255.0,255.0
D1,FG-R1-expanded-q55,3,8,2021-05-06,96,1.0,True,199.0,181.34609426350121,-17.653905736498785,17.653905736498785,2021-05-06 09:00:00,2021-05-06 12:00:00,180.0,180.0
D1,FG-R1-expanded-q55,3,8,2021-05-07,96,1.0,True,181.0,176.91925157561042,-4.080748424389583,4.080748424389583,2021-05-07 09:00:00,2021-05-07 08:30:00,-30.0,30.0
D1,FG-R1-expanded-q55,3,8,2021-05-08,96,1.0,True,115.0,110.33872611679104,-4.661273883208963,4.661273883208963,2021-05-08 02:00:00,2021-05-08 06:15:00,255.0,255.0
D1,FG-R1-expanded-q55,3,8,2021-05-09,96,1.0,True,184.0,171.50377490580323,-12.496225094196774,12.496225094196774,2021-05-09 09:00:00,2021-05-09 11:00:00,120.0,120.0
D1,FG-R1-expanded-q55,3,9,2021-05-03,96,1.0,True,184.0,169.3214743813381,-14.678525618661894,14.678525618661894,2021-05-03 08:30:00,2021-05-03 11:45:00,195.0,195.0
D1,FG-R1-expanded-q55,3,9,2021-05-04,96,1.0,True,181.0,174.93752112045107,-6.062478879548934,6.062478879548934,2021-05-04 08:30:00,2021-05-04 08:30:00,0.0,0.0
D1,FG-R1-expanded-q55,3,9,2021-05-05,96,1.0,True,120.0,177.72993253082072,57.72993253082072,57.72993253082072,2021-05-05 04:15:00,2021-05-05 08:30:00,255.0,255.0
D1,FG-R1-expanded-q55,3,9,2021-05-06,96,1.0,True,199.0,180.88802541584496,-18.111974584155035,18.111974584155035,2021-05-06 09:00:00,2021-05-06 12:00:00,180.0,180.0
D1,FG-R1-expanded-q55,3,9,2021-05-07,96,1.0,True,181.0,178.0012065316651,-2.9987934683348954,2.9987934683348954,2021-05-07 09:00:00,2021-05-07 08:30:00,-30.0,30.0
D1,FG-R1-expanded-q55,3,9,2021-05-08,96,1.0,True,115.0,108.26924724269138,-6.730752757308622,6.730752757308622,2021-05-08 02:00:00,2021-05-08 06:15:00,255.0,255.0
D1,FG-R1-expanded-q55,3,9,2021-05-09,96,1.0,True,184.0,172.06404223881177,-11.935957761188234,11.935957761188234,2021-05-09 09:00:00,2021-05-09 11:00:00,120.0,120.0
D1,FG-R1-expanded-q55,3,10,2021-05-03,96,1.0,True,184.0,171.57020991100902,-12.429790088990984,12.429790088990984,2021-05-03 08:30:00,2021-05-03 12:00:00,210.0,210.0
D1,FG-R1-expanded-q55,3,10,2021-05-04,96,1.0,True,181.0,174.5561678332025,-6.443832166797506,6.443832166797506,2021-05-04 08:30:00,2021-05-04 08:30:00,0.0,0.0
D1,FG-R1-expanded-q55,3,10,2021-05-05,96,1.0,True,120.0,179.37000821441447,59.37000821441447,59.37000821441447,2021-05-05 04:15:00,2021-05-05 08:30:00,255.0,255.0
D1,FG-R1-expanded-q55,3,10,2021-05-06,96,1.0,True,199.0,180.36365344655957,-18.636346553440433,18.636346553440433,2021-05-06 09:00:00,2021-05-06 13:30:00,270.0,270.0
D1,FG-R1-expanded-q55,3,10,2021-05-07,96,1.0,True,181.0,177.24438585295417,-3.755614147045833,3.755614147045833,2021-05-07 09:00:00,2021-05-07 08:30:00,-30.0,30.0
D1,FG-R1-expanded-q55,3,10,2021-05-08,96,1.0,True,115.0,111.06725252594387,-3.9327474740561286,3.9327474740561286,2021-05-08 02:00:00,2021-05-08 06:15:00,255.0,255.0
D1,FG-R1-expanded-q55,3,10,2021-05-09,96,1.0,True,184.0,171.63945117435864,-12.36054882564136,12.36054882564136,2021-05-09 09:00:00,2021-05-09 11:00:00,120.0,120.0
D1,FG-R1-expanded-q55,3,11,2021-05-03,96,1.0,True,184.0,169.93953031625955,-14.06046968374045,14.06046968374045,2021-05-03 08:30:00,2021-05-03 12:00:00,210.0,210.0
D1,FG-R1-expanded-q55,3,11,2021-05-04,96,1.0,True,181.0,174.48916412048555,-6.510835879514445,6.510835879514445,2021-05-04 08:30:00,2021-05-04 08:30:00,0.0,0.0
D1,FG-R1-expanded-q55,3,11,2021-05-05,96,1.0,True,120.0,178.35763333648478,58.35763333648478,58.35763333648478,2021-05-05 04:15:00,2021-05-05 08:30:00,255.0,255.0
D1,FG-R1-expanded-q55,3,11,2021-05-06,96,1.0,True,199.0,181.03072138646877,-17.96927861353123,17.96927861353123,2021-05-06 09:00:00,2021-05-06 13:45:00,285.0,285.0
D1,FG-R1-expanded-q55,3,11,2021-05-07,96,1.0,True,181.0,175.2202407557624,-5.779759244237596,5.779759244237596,2021-05-07 09:00:00,2021-05-07 08:30:00,-30.0,30.0
D1,FG-R1-expanded-q55,3,11,2021-05-08,96,1.0,True,115.0,108.26373881983982,-6.736261180160184,6.736261180160184,2021-05-08 02:00:00,2021-05-08 06:15:00,255.0,255.0
D1,FG-R1-expanded-q55,3,11,2021-05-09,96,1.0,True,184.0,170.94945533289837,-13.050544667101633,13.050544667101633,2021-05-09 09:00:00,2021-05-09 11:15:00,135.0,135.0
D1,FG-R1-expanded-q55,3,12,2021-05-03,96,1.0,True,184.0,166.17317289438455,-17.82682710561545,17.82682710561545,2021-05-03 08:30:00,2021-05-03 13:45:00,315.0,315.0
D1,FG-R1-expanded-q55,3,12,2021-05-04,96,1.0,True,181.0,172.77703107970981,-8.222968920290185,8.222968920290185,2021-05-04 08:30:00,2021-05-04 08:30:00,0.0,0.0
D1,FG-R1-expanded-q55,3,12,2021-05-05,96,1.0,True,120.0,176.19417505204265,56.19417505204265,56.19417505204265,2021-05-05 04:15:00,2021-05-05 08:30:00,255.0,255.0
D1,FG-R1-expanded-q55,3,12,2021-05-06,96,1.0,True,199.0,178.80412891042675,-20.195871089573245,20.195871089573245,2021-05-06 09:00:00,2021-05-06 13:30:00,270.0,270.0
D1,FG-R1-expanded-q55,3,12,2021-05-07,96,1.0,True,181.0,173.41532437392647,-7.584675626073533,7.584675626073533,2021-05-07 09:00:00,2021-05-07 08:30:00,-30.0,30.0
D1,FG-R1-expanded-q55,3,12,2021-05-08,96,1.0,True,115.0,107.34797472628115,-7.6520252737188486,7.6520252737188486,2021-05-08 02:00:00,2021-05-08 06:15:00,255.0,255.0
D1,FG-R1-expanded-q55,3,12,2021-05-09,96,1.0,True,184.0,169.1237058837085,-14.87629411629149,14.87629411629149,2021-05-09 09:00:00,2021-05-09 11:30:00,150.0,150.0
D1,FG-R1-expanded-q55,3,13,2021-05-03,96,1.0,True,184.0,166.00087997046666,-17.999120029533344,17.999120029533344,2021-05-03 08:30:00,2021-05-03 12:00:00,210.0,210.0
D1,FG-R1-expanded-q55,3,13,2021-05-04,96,1.0,True,181.0,172.62456532852516,-8.375434671474835,8.375434671474835,2021-05-04 08:30:00,2021-05-04 13:45:00,315.0,315.0
D1,FG-R1-expanded-q55,3,13,2021-05-05,96,1.0,True,120.0,175.76387720048015,55.76387720048015,55.76387720048015,2021-05-05 04:15:00,2021-05-05 08:30:00,255.0,255.0
D1,FG-R1-expanded-q55,3,13,2021-05-06,96,1.0,True,199.0,179.73357172826564,-19.266428271734355,19.266428271734355,2021-05-06 09:00:00,2021-05-06 13:45:00,285.0,285.0
D1,FG-R1-expanded-q55,3,13,2021-05-07,96,1.0,True,181.0,173.26795691599463,-7.732043084005369,7.732043084005369,2021-05-07 09:00:00,2021-05-07 08:30:00,-30.0,30.0
D1,FG-R1-expanded-q55,3,13,2021-05-08,96,1.0,True,115.0,108.90182323146091,-6.098176768539091,6.098176768539091,2021-05-08 02:00:00,2021-05-08 06:15:00,255.0,255.0
D1,FG-R1-expanded-q55,3,13,2021-05-09,96,1.0,True,184.0,169.93883039542726,-14.06116960457274,14.06116960457274,2021-05-09 09:00:00,2021-05-09 11:45:00,165.0,165.0
D1,FG-R1-expanded-q55,3,14,2021-05-03,96,1.0,True,184.0,166.23830672827916,-17.761693271720844,17.761693271720844,2021-05-03 08:30:00,2021-05-03 12:00:00,210.0,210.0
D1,FG-R1-expanded-q55,3,14,2021-05-04,96,1.0,True,181.0,173.5559465601903,-7.444053439809693,7.444053439809693,2021-05-04 08:30:00,2021-05-04 13:15:00,285.0,285.0
D1,FG-R1-expanded-q55,3,14,2021-05-05,96,1.0,True,120.0,177.3638131460551,57.363813146055094,57.363813146055094,2021-05-05 04:15:00,2021-05-05 08:30:00,255.0,255.0
D1,FG-R1-expanded-q55,3,14,2021-05-06,96,1.0,True,199.0,179.9835570110127,-19.016442988987308,19.016442988987308,2021-05-06 09:00:00,2021-05-06 13:30:00,270.0,270.0
D1,FG-R1-expanded-q55,3,14,2021-05-07,96,1.0,True,181.0,174.87849158396338,-6.121508416036619,6.121508416036619,2021-05-07 09:00:00,2021-05-07 08:30:00,-30.0,30.0
D1,FG-R1-expanded-q55,3,14,2021-05-08,96,1.0,True,115.0,107.69576418700294,-7.304235812997064,7.304235812997064,2021-05-08 02:00:00,2021-05-08 06:15:00,255.0,255.0
D1,FG-R1-expanded-q55,3,14,2021-05-09,96,1.0,True,184.0,167.07112409659914,-16.928875903400865,16.928875903400865,2021-05-09 09:00:00,2021-05-09 12:00:00,180.0,180.0
D1,FG-R1-expanded-q55,3,15,2021-05-03,96,1.0,True,184.0,165.81414258249916,-18.18585741750084,18.18585741750084,2021-05-03 08:30:00,2021-05-03 12:00:00,210.0,210.0
D1,FG-R1-expanded-q55,3,15,2021-05-04,96,1.0,True,181.0,174.97240990819859,-6.0275900918014145,6.0275900918014145,2021-05-04 08:30:00,2021-05-04 08:30:00,0.0,0.0
D1,FG-R1-expanded-q55,3,15,2021-05-05,96,1.0,True,120.0,178.56624913060378,58.56624913060378,58.56624913060378,2021-05-05 04:15:00,2021-05-05 08:30:00,255.0,255.0
D1,FG-R1-expanded-q55,3,15,2021-05-06,96,1.0,True,199.0,180.1132714352969,-18.886728564703105,18.886728564703105,2021-05-06 09:00:00,2021-05-06 13:45:00,285.0,285.0
D1,FG-R1-expanded-q55,3,15,2021-05-07,96,1.0,True,181.0,175.38025011076667,-5.619749889233333,5.619749889233333,2021-05-07 09:00:00,2021-05-07 08:30:00,-30.0,30.0
D1,FG-R1-expanded-q55,3,15,2021-05-08,96,1.0,True,115.0,106.84743628989581,-8.15256371010419,8.15256371010419,2021-05-08 02:00:00,2021-05-08 06:15:00,255.0,255.0
D1,FG-R1-expanded-q55,3,15,2021-05-09,96,1.0,True,184.0,161.38815380147992,-22.611846198520084,22.611846198520084,2021-05-09 09:00:00,2021-05-09 15:00:00,360.0,360.0
D1,FG-R1-expanded-q55,3,16,2021-05-03,96,1.0,True,184.0,166.56836027231424,-17.431639727685763,17.431639727685763,2021-05-03 08:30:00,2021-05-03 13:30:00,300.0,300.0
D1,FG-R1-expanded-q55,3,16,2021-05-04,96,1.0,True,181.0,173.6354380282612,-7.3645619717387945,7.3645619717387945,2021-05-04 08:30:00,2021-05-04 13:15:00,285.0,285.0
D1,FG-R1-expanded-q55,3,16,2021-05-05,96,1.0,True,120.0,178.20664806038258,58.20664806038258,58.20664806038258,2021-05-05 04:15:00,2021-05-05 08:30:00,255.0,255.0
D1,FG-R1-expanded-q55,3,16,2021-05-06,96,1.0,True,199.0,176.6891430993422,-22.310856900657797,22.310856900657797,2021-05-06 09:00:00,2021-05-06 13:45:00,285.0,285.0
D1,FG-R1-expanded-q55,3,16,2021-05-07,96,1.0,True,181.0,174.33078111662604,-6.669218883373958,6.669218883373958,2021-05-07 09:00:00,2021-05-07 08:30:00,-30.0,30.0
D1,FG-R1-expanded-q55,3,16,2021-05-08,96,1.0,True,115.0,108.00492037262356,-6.995079627376441,6.995079627376441,2021-05-08 02:00:00,2021-05-08 06:15:00,255.0,255.0
D1,FG-R1-expanded-q55,3,16,2021-05-09,96,1.0,True,184.0,158.87959936691666,-25.120400633083335,25.120400633083335,2021-05-09 09:00:00,2021-05-09 15:45:00,405.0,405.0
D1,FG-R1-expanded-q55,5,4,2021-05-17,96,1.0,True,192.0,169.67287628803078,-22.32712371196922,22.32712371196922,2021-05-17 09:00:00,2021-05-17 11:45:00,165.0,165.0
D1,FG-R1-expanded-q55,5,4,2021-05-18,96,1.0,True,182.0,169.0720131484272,-12.927986851572797,12.927986851572797,2021-05-18 13:15:00,2021-05-18 11:45:00,-90.0,90.0
D1,FG-R1-expanded-q55,5,4,2021-05-19,96,1.0,True,108.0,144.96491785381065,36.96491785381065,36.96491785381065,2021-05-19 06:15:00,2021-05-19 08:15:00,120.0,120.0
D1,FG-R1-expanded-q55,5,4,2021-05-20,96,1.0,True,181.0,181.24558425002544,0.24558425002544482,0.24558425002544482,2021-05-20 13:15:00,2021-05-20 09:00:00,-255.0,255.0
D1,FG-R1-expanded-q55,5,4,2021-05-21,96,1.0,True,160.0,169.31857721163686,9.318577211636864,9.318577211636864,2021-05-21 08:30:00,2021-05-21 09:00:00,30.0,30.0
D1,FG-R1-expanded-q55,5,4,2021-05-22,96,1.0,True,112.0,104.94669253355221,-7.053307466447791,7.053307466447791,2021-05-22 06:15:00,2021-05-22 02:30:00,-225.0,225.0
D1,FG-R1-expanded-q55,5,4,2021-05-23,96,1.0,True,25.0,25.15478839400091,0.15478839400091005,0.15478839400091005,2021-05-23 03:00:00,2021-05-23 07:15:00,255.0,255.0
D1,FG-R1-expanded-q55,5,5,2021-05-17,96,1.0,True,192.0,169.25571354459981,-22.744286455400186,22.744286455400186,2021-05-17 09:00:00,2021-05-17 13:30:00,270.0,270.0
D1,FG-R1-expanded-q55,5,5,2021-05-18,96,1.0,True,182.0,168.8746254531147,-13.125374546885297,13.125374546885297,2021-05-18 13:15:00,2021-05-18 11:45:00,-90.0,90.0
D1,FG-R1-expanded-q55,5,5,2021-05-19,96,1.0,True,108.0,162.06140397343873,54.06140397343873,54.06140397343873,2021-05-19 06:15:00,2021-05-19 08:30:00,135.0,135.0
D1,FG-R1-expanded-q55,5,5,2021-05-20,96,1.0,True,181.0,181.7557000992713,0.7557000992713085,0.7557000992713085,2021-05-20 13:15:00,2021-05-20 09:00:00,-255.0,255.0
D1,FG-R1-expanded-q55,5,5,2021-05-21,96,1.0,True,160.0,168.1004555312397,8.100455531239703,8.100455531239703,2021-05-21 08:30:00,2021-05-21 09:00:00,30.0,30.0
D1,FG-R1-expanded-q55,5,5,2021-05-22,96,1.0,True,112.0,103.98453532347612,-8.015464676523877,8.015464676523877,2021-05-22 06:15:00,2021-05-22 02:15:00,-240.0,240.0
D1,FG-R1-expanded-q55,5,5,2021-05-23,96,1.0,True,25.0,29.954410118667717,4.954410118667717,4.954410118667717,2021-05-23 03:00:00,2021-05-23 07:30:00,270.0,270.0
D1,FG-R1-expanded-q55,5,6,2021-05-17,96,1.0,True,192.0,169.45590885709981,-22.544091142900186,22.544091142900186,2021-05-17 09:00:00,2021-05-17 13:30:00,270.0,270.0
D1,FG-R1-expanded-q55,5,6,2021-05-18,96,1.0,True,182.0,168.71779561913033,-13.282204380869672,13.282204380869672,2021-05-18 13:15:00,2021-05-18 11:30:00,-105.0,105.0
D1,FG-R1-expanded-q55,5,6,2021-05-19,96,1.0,True,108.0,165.41459916386842,57.41459916386842,57.41459916386842,2021-05-19 06:15:00,2021-05-19 08:30:00,135.0,135.0
D1,FG-R1-expanded-q55,5,6,2021-05-20,96,1.0,True,181.0,178.36245058755256,-2.6375494124474415,2.6375494124474415,2021-05-20 13:15:00,2021-05-20 09:00:00,-255.0,255.0
D1,FG-R1-expanded-q55,5,6,2021-05-21,96,1.0,True,160.0,167.12512899315377,7.125128993153766,7.125128993153766,2021-05-21 08:30:00,2021-05-21 09:00:00,30.0,30.0
D1,FG-R1-expanded-q55,5,6,2021-05-22,96,1.0,True,112.0,103.78894053587847,-8.211059464121533,8.211059464121533,2021-05-22 06:15:00,2021-05-22 02:15:00,-240.0,240.0
D1,FG-R1-expanded-q55,5,6,2021-05-23,96,1.0,True,25.0,50.469024223892326,25.469024223892326,25.469024223892326,2021-05-23 03:00:00,2021-05-23 07:45:00,285.0,285.0
D1,FG-R1-expanded-q55,5,7,2021-05-17,96,1.0,True,192.0,168.29157440814797,-23.708425591852034,23.708425591852034,2021-05-17 09:00:00,2021-05-17 11:00:00,120.0,120.0
D1,FG-R1-expanded-q55,5,7,2021-05-18,96,1.0,True,182.0,168.11113668358345,-13.888863316416547,13.888863316416547,2021-05-18 13:15:00,2021-05-18 11:45:00,-90.0,90.0
D1,FG-R1-expanded-q55,5,7,2021-05-19,96,1.0,True,108.0,163.77859757695435,55.778597576954354,55.778597576954354,2021-05-19 06:15:00,2021-05-19 08:30:00,135.0,135.0
D1,FG-R1-expanded-q55,5,7,2021-05-20,96,1.0,True,181.0,178.2759935938157,-2.7240064061842872,2.7240064061842872,2021-05-20 13:15:00,2021-05-20 09:00:00,-255.0,255.0
D1,FG-R1-expanded-q55,5,7,2021-05-21,96,1.0,True,160.0,165.02535369199654,5.025353691996543,5.025353691996543,2021-05-21 08:30:00,2021-05-21 09:00:00,30.0,30.0
D1,FG-R1-expanded-q55,5,7,2021-05-22,96,1.0,True,112.0,103.67747578507203,-8.322524214927967,8.322524214927967,2021-05-22 06:15:00,2021-05-22 03:30:00,-165.0,165.0
D1,FG-R1-expanded-q55,5,7,2021-05-23,96,1.0,True,25.0,102.35518723606324,77.35518723606324,77.35518723606324,2021-05-23 03:00:00,2021-05-23 08:00:00,300.0,300.0
D1,FG-R1-expanded-q55,5,8,2021-05-17,96,1.0,True,192.0,168.80640997114114,-23.193590028858864,23.193590028858864,2021-05-17 09:00:00,2021-05-17 11:15:00,135.0,135.0
D1,FG-R1-expanded-q55,5,8,2021-05-18,96,1.0,True,182.0,170.59045232953957,-11.409547670460427,11.409547670460427,2021-05-18 13:15:00,2021-05-18 12:00:00,-75.0,75.0
D1,FG-R1-expanded-q55,5,8,2021-05-19,96,1.0,True,108.0,168.0833216527136,60.08332165271361,60.08332165271361,2021-05-19 06:15:00,2021-05-19 08:30:00,135.0,135.0
D1,FG-R1-expanded-q55,5,8,2021-05-20,96,1.0,True,181.0,179.1439135156907,-1.8560864843092872,1.8560864843092872,2021-05-20 13:15:00,2021-05-20 09:00:00,-255.0,255.0
D1,FG-R1-expanded-q55,5,8,2021-05-21,96,1.0,True,160.0,166.4347598262318,6.4347598262318115,6.4347598262318115,2021-05-21 08:30:00,2021-05-21 09:00:00,30.0,30.0
D1,FG-R1-expanded-q55,5,8,2021-05-22,96,1.0,True,112.0,103.7988370276174,-8.201162972382605,8.201162972382605,2021-05-22 06:15:00,2021-05-22 03:30:00,-165.0,165.0
D1,FG-R1-expanded-q55,5,8,2021-05-23,96,1.0,True,25.0,150.85488210531395,125.85488210531395,125.85488210531395,2021-05-23 03:00:00,2021-05-23 08:15:00,315.0,315.0
D1,FG-R1-expanded-q55,5,9,2021-05-17,96,1.0,True,192.0,169.89513208656214,-22.104867913437857,22.104867913437857,2021-05-17 09:00:00,2021-05-17 08:30:00,-30.0,30.0
D1,FG-R1-expanded-q55,5,9,2021-05-18,96,1.0,True,182.0,169.1587201518052,-12.841279848194802,12.841279848194802,2021-05-18 13:15:00,2021-05-18 12:00:00,-75.0,75.0
D1,FG-R1-expanded-q55,5,9,2021-05-19,96,1.0,True,108.0,169.35169177795916,61.35169177795916,61.35169177795916,2021-05-19 06:15:00,2021-05-19 08:30:00,135.0,135.0
D1,FG-R1-expanded-q55,5,9,2021-05-20,96,1.0,True,181.0,181.4887316309251,0.48873163092508776,0.48873163092508776,2021-05-20 13:15:00,2021-05-20 08:30:00,-285.0,285.0
D1,FG-R1-expanded-q55,5,9,2021-05-21,96,1.0,True,160.0,164.30420508124925,4.3042050812492505,4.3042050812492505,2021-05-21 08:30:00,2021-05-21 10:45:00,135.0,135.0
D1,FG-R1-expanded-q55,5,9,2021-05-22,96,1.0,True,112.0,102.27013451748826,-9.729865482511741,9.729865482511741,2021-05-22 06:15:00,2021-05-22 03:30:00,-165.0,165.0
D1,FG-R1-expanded-q55,5,9,2021-05-23,96,1.0,True,25.0,165.85711626490794,140.85711626490794,140.85711626490794,2021-05-23 03:00:00,2021-05-23 08:30:00,330.0,330.0
D1,FG-R1-expanded-q55,5,10,2021-05-17,96,1.0,True,192.0,170.62618439349953,-21.37381560650047,21.37381560650047,2021-05-17 09:00:00,2021-05-17 11:45:00,165.0,165.0
D1,FG-R1-expanded-q55,5,10,2021-05-18,96,1.0,True,182.0,172.35628438866158,-9.643715611338422,9.643715611338422,2021-05-18 13:15:00,2021-05-18 13:15:00,0.0,0.0
D1,FG-R1-expanded-q55,5,10,2021-05-19,96,1.0,True,108.0,169.2835544987114,61.283554498711396,61.283554498711396,2021-05-19 06:15:00,2021-05-19 08:30:00,135.0,135.0
D1,FG-R1-expanded-q55,5,10,2021-05-20,96,1.0,True,181.0,182.8481829248704,1.8481829248704003,1.8481829248704003,2021-05-20 13:15:00,2021-05-20 08:45:00,-270.0,270.0
D1,FG-R1-expanded-q55,5,10,2021-05-21,96,1.0,True,160.0,165.3977706116766,5.397770611676606,5.397770611676606,2021-05-21 08:30:00,2021-05-21 10:45:00,135.0,135.0
D1,FG-R1-expanded-q55,5,10,2021-05-22,96,1.0,True,112.0,103.9106453407361,-8.089354659263904,8.089354659263904,2021-05-22 06:15:00,2021-05-22 06:15:00,0.0,0.0
D1,FG-R1-expanded-q55,5,10,2021-05-23,96,1.0,True,25.0,167.41802935084544,142.41802935084544,142.41802935084544,2021-05-23 03:00:00,2021-05-23 08:45:00,345.0,345.0
D1,FG-R1-expanded-q55,5,11,2021-05-17,96,1.0,True,192.0,171.1768588319761,-20.82314116802391,20.82314116802391,2021-05-17 09:00:00,2021-05-17 11:45:00,165.0,165.0
D1,FG-R1-expanded-q55,5,11,2021-05-18,96,1.0,True,182.0,170.66204000389595,-11.337959996104047,11.337959996104047,2021-05-18 13:15:00,2021-05-18 13:30:00,15.0,15.0
D1,FG-R1-expanded-q55,5,11,2021-05-19,96,1.0,True,108.0,167.00678182518502,59.006781825185016,59.006781825185016,2021-05-19 06:15:00,2021-05-19 09:00:00,165.0,165.0
D1,FG-R1-expanded-q55,5,11,2021-05-20,96,1.0,True,181.0,185.0203478418626,4.020347841862588,4.020347841862588,2021-05-20 13:15:00,2021-05-20 09:00:00,-255.0,255.0
D1,FG-R1-expanded-q55,5,11,2021-05-21,96,1.0,True,160.0,166.57007285777036,6.570072857770356,6.570072857770356,2021-05-21 08:30:00,2021-05-21 10:45:00,135.0,135.0
D1,FG-R1-expanded-q55,5,11,2021-05-22,96,1.0,True,112.0,102.81350026016969,-9.18649973983031,9.18649973983031,2021-05-22 06:15:00,2021-05-22 06:30:00,15.0,15.0
D1,FG-R1-expanded-q55,5,11,2021-05-23,96,1.0,True,25.0,163.0961909719392,138.0961909719392,138.0961909719392,2021-05-23 03:00:00,2021-05-23 09:00:00,360.0,360.0
D1,FG-R1-expanded-q55,5,12,2021-05-17,96,1.0,True,192.0,170.44750025062464,-21.552499749375357,21.552499749375357,2021-05-17 09:00:00,2021-05-17 08:30:00,-30.0,30.0
D1,FG-R1-expanded-q55,5,12,2021-05-18,96,1.0,True,182.0,171.12947774803658,-10.870522251963422,10.870522251963422,2021-05-18 13:15:00,2021-05-18 13:15:00,0.0,0.0
D1,FG-R1-expanded-q55,5,12,2021-05-19,96,1.0,True,108.0,165.58591364109733,57.585913641097335,57.585913641097335,2021-05-19 06:15:00,2021-05-19 09:00:00,165.0,165.0
D1,FG-R1-expanded-q55,5,12,2021-05-20,96,1.0,True,181.0,184.9286730371751,3.9286730371750878,3.9286730371750878,2021-05-20 13:15:00,2021-05-20 09:00:00,-255.0,255.0
D1,FG-R1-expanded-q55,5,12,2021-05-21,96,1.0,True,160.0,166.65701743784848,6.657017437848481,6.657017437848481,2021-05-21 08:30:00,2021-05-21 11:00:00,150.0,150.0
D1,FG-R1-expanded-q55,5,12,2021-05-22,96,1.0,True,112.0,102.88683400040406,-9.113165999595935,9.113165999595935,2021-05-22 06:15:00,2021-05-22 04:45:00,-90.0,90.0
D1,FG-R1-expanded-q55,5,12,2021-05-23,96,1.0,True,25.0,155.58705095729076,130.58705095729076,130.58705095729076,2021-05-23 03:00:00,2021-05-23 09:15:00,375.0,375.0
D1,FG-R1-expanded-q55,5,13,2021-05-17,96,1.0,True,192.0,172.84743311195277,-19.152566888047232,19.152566888047232,2021-05-17 09:00:00,2021-05-17 08:30:00,-30.0,30.0
D1,FG-R1-expanded-q55,5,13,2021-05-18,96,1.0,True,182.0,170.13301778709908,-11.866982212900922,11.866982212900922,2021-05-18 13:15:00,2021-05-18 13:15:00,0.0,0.0
D1,FG-R1-expanded-q55,5,13,2021-05-19,96,1.0,True,108.0,162.81653092656373,54.81653092656373,54.81653092656373,2021-05-19 06:15:00,2021-05-19 08:30:00,135.0,135.0
D1,FG-R1-expanded-q55,5,13,2021-05-20,96,1.0,True,181.0,185.3380053125657,4.338005312565713,4.338005312565713,2021-05-20 13:15:00,2021-05-20 09:00:00,-255.0,255.0
D1,FG-R1-expanded-q55,5,13,2021-05-21,96,1.0,True,160.0,165.58338123108416,5.583381231084161,5.583381231084161,2021-05-21 08:30:00,2021-05-21 11:00:00,150.0,150.0
D1,FG-R1-expanded-q55,5,13,2021-05-22,96,1.0,True,112.0,102.28687296996051,-9.713127030039487,9.713127030039487,2021-05-22 06:15:00,2021-05-22 04:15:00,-120.0,120.0
D1,FG-R1-expanded-q55,5,13,2021-05-23,96,1.0,True,25.0,149.5814204641267,124.5814204641267,124.5814204641267,2021-05-23 03:00:00,2021-05-23 09:30:00,390.0,390.0
D1,FG-R1-expanded-q55,5,14,2021-05-17,96,1.0,True,192.0,173.07324165216923,-18.92675834783077,18.92675834783077,2021-05-17 09:00:00,2021-05-17 08:45:00,-15.0,15.0
D1,FG-R1-expanded-q55,5,14,2021-05-18,96,1.0,True,182.0,169.03469015038033,-12.965309849619672,12.965309849619672,2021-05-18 13:15:00,2021-05-18 13:45:00,30.0,30.0
D1,FG-R1-expanded-q55,5,14,2021-05-19,96,1.0,True,108.0,165.18794511113404,57.18794511113404,57.18794511113404,2021-05-19 06:15:00,2021-05-19 08:30:00,135.0,135.0
D1,FG-R1-expanded-q55,5,14,2021-05-20,96,1.0,True,181.0,184.88538385260478,3.8853838526047753,3.8853838526047753,2021-05-20 13:15:00,2021-05-20 09:00:00,-255.0,255.0
D1,FG-R1-expanded-q55,5,14,2021-05-21,96,1.0,True,160.0,164.79138444218873,4.791384442188729,4.791384442188729,2021-05-21 08:30:00,2021-05-21 10:45:00,135.0,135.0
D1,FG-R1-expanded-q55,5,14,2021-05-22,96,1.0,True,112.0,102.96058665404253,-9.03941334595747,9.03941334595747,2021-05-22 06:15:00,2021-05-22 04:15:00,-120.0,120.0
D1,FG-R1-expanded-q55,5,14,2021-05-23,96,1.0,True,25.0,145.16136126002513,120.16136126002513,120.16136126002513,2021-05-23 03:00:00,2021-05-23 09:45:00,405.0,405.0
D1,FG-R1-expanded-q55,5,15,2021-05-17,96,1.0,True,192.0,170.39512580744267,-21.604874192557332,21.604874192557332,2021-05-17 09:00:00,2021-05-17 09:00:00,0.0,0.0
D1,FG-R1-expanded-q55,5,15,2021-05-18,96,1.0,True,182.0,165.86867452538033,-16.131325474619672,16.131325474619672,2021-05-18 13:15:00,2021-05-18 13:15:00,0.0,0.0
D1,FG-R1-expanded-q55,5,15,2021-05-19,96,1.0,True,108.0,164.84912370000123,56.84912370000123,56.84912370000123,2021-05-19 06:15:00,2021-05-19 08:30:00,135.0,135.0
D1,FG-R1-expanded-q55,5,15,2021-05-20,96,1.0,True,181.0,185.24810052740946,4.248100527409463,4.248100527409463,2021-05-20 13:15:00,2021-05-20 09:00:00,-255.0,255.0
D1,FG-R1-expanded-q55,5,15,2021-05-21,96,1.0,True,160.0,164.6302731255903,4.630273125590293,4.630273125590293,2021-05-21 08:30:00,2021-05-21 09:00:00,30.0,30.0
D1,FG-R1-expanded-q55,5,15,2021-05-22,96,1.0,True,112.0,102.18621289859601,-9.813787101403989,9.813787101403989,2021-05-22 06:15:00,2021-05-22 04:45:00,-90.0,90.0
D1,FG-R1-expanded-q55,5,15,2021-05-23,96,1.0,True,25.0,140.20461992701732,115.20461992701732,115.20461992701732,2021-05-23 03:00:00,2021-05-23 10:00:00,420.0,420.0
D1,FG-R1-expanded-q55,5,16,2021-05-17,96,1.0,True,192.0,170.9721826922083,-21.027817307791707,21.027817307791707,2021-05-17 09:00:00,2021-05-17 09:00:00,0.0,0.0
D1,FG-R1-expanded-q55,5,16,2021-05-18,96,1.0,True,182.0,167.34628988182564,-14.65371011817436,14.65371011817436,2021-05-18 13:15:00,2021-05-18 13:30:00,15.0,15.0
D1,FG-R1-expanded-q55,5,16,2021-05-19,96,1.0,True,108.0,164.38064835820435,56.380648358204354,56.380648358204354,2021-05-19 06:15:00,2021-05-19 08:30:00,135.0,135.0
D1,FG-R1-expanded-q55,5,16,2021-05-20,96,1.0,True,181.0,187.80493951666728,6.804939516667275,6.804939516667275,2021-05-20 13:15:00,2021-05-20 09:00:00,-255.0,255.0
D1,FG-R1-expanded-q55,5,16,2021-05-21,96,1.0,True,160.0,164.5738766412153,4.573876641215293,4.573876641215293,2021-05-21 08:30:00,2021-05-21 09:00:00,30.0,30.0
D1,FG-R1-expanded-q55,5,16,2021-05-22,96,1.0,True,112.0,103.38825452457259,-8.611745475427412,8.611745475427412,2021-05-22 06:15:00,2021-05-22 06:15:00,0.0,0.0
D1,FG-R1-expanded-q55,5,16,2021-05-23,96,1.0,True,25.0,111.93142656764232,86.93142656764232,86.93142656764232,2021-05-23 03:00:00,2021-05-23 10:15:00,435.0,435.0
D1,FG-R1-expanded-q55,7,4,2021-05-31,96,1.0,True,172.0,168.48359139656554,-3.5164086034344564,3.5164086034344564,2021-05-31 10:30:00,2021-05-31 12:00:00,90.0,90.0
D1,FG-R1-expanded-q55,7,4,2021-06-01,96,1.0,True,195.0,175.11987317623272,-19.880126823767284,19.880126823767284,2021-06-01 09:00:00,2021-06-01 12:00:00,180.0,180.0
D1,FG-R1-expanded-q55,7,4,2021-06-02,96,1.0,True,191.0,173.41778805861523,-17.58221194138477,17.58221194138477,2021-06-02 10:45:00,2021-06-02 11:45:00,60.0,60.0
D1,FG-R1-expanded-q55,7,4,2021-06-03,96,1.0,True,181.0,176.48808744833232,-4.5119125516676775,4.5119125516676775,2021-06-03 08:30:00,2021-06-03 08:30:00,0.0,0.0
D1,FG-R1-expanded-q55,7,4,2021-06-04,96,1.0,True,173.0,172.0590731445729,-0.940926855427108,0.940926855427108,2021-06-04 10:45:00,2021-06-04 08:30:00,-135.0,135.0
D1,FG-R1-expanded-q55,7,4,2021-06-05,96,1.0,True,116.0,111.31086835987352,-4.689131640126476,4.689131640126476,2021-06-05 01:45:00,2021-06-05 06:15:00,270.0,270.0
D1,FG-R1-expanded-q55,7,4,2021-06-06,96,1.0,True,27.0,23.246619470240883,-3.7533805297591165,3.7533805297591165,2021-06-06 01:30:00,2021-06-06 04:45:00,195.0,195.0
D1,FG-R1-expanded-q55,7,5,2021-05-31,96,1.0,True,172.0,169.92002328133117,-2.0799767186688314,2.0799767186688314,2021-05-31 10:30:00,2021-05-31 11:45:00,75.0,75.0
D1,FG-R1-expanded-q55,7,5,2021-06-01,96,1.0,True,195.0,173.00940309521405,-21.990596904785946,21.990596904785946,2021-06-01 09:00:00,2021-06-01 11:45:00,165.0,165.0
D1,FG-R1-expanded-q55,7,5,2021-06-02,96,1.0,True,191.0,171.4632134736543,-19.536786526345708,19.536786526345708,2021-06-02 10:45:00,2021-06-02 09:00:00,-105.0,105.0
D1,FG-R1-expanded-q55,7,5,2021-06-03,96,1.0,True,181.0,176.4924514620042,-4.5075485379958025,4.5075485379958025,2021-06-03 08:30:00,2021-06-03 08:30:00,0.0,0.0
D1,FG-R1-expanded-q55,7,5,2021-06-04,96,1.0,True,173.0,171.55605190433852,-1.443948095661483,1.443948095661483,2021-06-04 10:45:00,2021-06-04 08:30:00,-135.0,135.0
D1,FG-R1-expanded-q55,7,5,2021-06-05,96,1.0,True,116.0,109.8350186992561,-6.164981300743904,6.164981300743904,2021-06-05 01:45:00,2021-06-05 06:15:00,270.0,270.0
D1,FG-R1-expanded-q55,7,5,2021-06-06,96,1.0,True,27.0,23.212526205568793,-3.7874737944312074,3.7874737944312074,2021-06-06 01:30:00,2021-06-06 04:30:00,180.0,180.0
D1,FG-R1-expanded-q55,7,6,2021-05-31,96,1.0,True,172.0,168.49880440926086,-3.501195590739144,3.501195590739144,2021-05-31 10:30:00,2021-05-31 12:00:00,90.0,90.0
D1,FG-R1-expanded-q55,7,6,2021-06-01,96,1.0,True,195.0,172.94116784706802,-22.058832152931984,22.058832152931984,2021-06-01 09:00:00,2021-06-01 13:15:00,255.0,255.0
D1,FG-R1-expanded-q55,7,6,2021-06-02,96,1.0,True,191.0,171.68905881056835,-19.310941189431645,19.310941189431645,2021-06-02 10:45:00,2021-06-02 11:00:00,15.0,15.0
D1,FG-R1-expanded-q55,7,6,2021-06-03,96,1.0,True,181.0,176.969944748137,-4.03005525186299,4.03005525186299,2021-06-03 08:30:00,2021-06-03 08:30:00,0.0,0.0
D1,FG-R1-expanded-q55,7,6,2021-06-04,96,1.0,True,173.0,169.54398220219008,-3.4560177978099205,3.4560177978099205,2021-06-04 10:45:00,2021-06-04 08:30:00,-135.0,135.0
D1,FG-R1-expanded-q55,7,6,2021-06-05,96,1.0,True,116.0,110.02517372855297,-5.974826271447029,5.974826271447029,2021-06-05 01:45:00,2021-06-05 06:15:00,270.0,270.0
D1,FG-R1-expanded-q55,7,6,2021-06-06,96,1.0,True,27.0,23.29304433596354,-3.7069556640364603,3.7069556640364603,2021-06-06 01:30:00,2021-06-06 03:45:00,135.0,135.0
D1,FG-R1-expanded-q55,7,7,2021-05-31,96,1.0,True,172.0,169.64274056648742,-2.3572594335125814,2.3572594335125814,2021-05-31 10:30:00,2021-05-31 09:00:00,-90.0,90.0
D1,FG-R1-expanded-q55,7,7,2021-06-01,96,1.0,True,195.0,173.78958703652114,-21.21041296347886,21.21041296347886,2021-06-01 09:00:00,2021-06-01 13:15:00,255.0,255.0
D1,FG-R1-expanded-q55,7,7,2021-06-02,96,1.0,True,191.0,171.0449548066621,-19.955045193337895,19.955045193337895,2021-06-02 10:45:00,2021-06-02 11:00:00,15.0,15.0
D1,FG-R1-expanded-q55,7,7,2021-06-03,96,1.0,True,181.0,176.13960903324477,-4.860390966755233,4.860390966755233,2021-06-03 08:30:00,2021-06-03 11:00:00,150.0,150.0
D1,FG-R1-expanded-q55,7,7,2021-06-04,96,1.0,True,173.0,168.06441372074477,-4.935586279255233,4.935586279255233,2021-06-04 10:45:00,2021-06-04 08:30:00,-135.0,135.0
D1,FG-R1-expanded-q55,7,7,2021-06-05,96,1.0,True,116.0,108.83354622611157,-7.166453773888435,7.166453773888435,2021-06-05 01:45:00,2021-06-05 06:15:00,270.0,270.0
D1,FG-R1-expanded-q55,7,7,2021-06-06,96,1.0,True,27.0,23.5207308564477,-3.479269143552301,3.479269143552301,2021-06-06 01:30:00,2021-06-06 04:00:00,150.0,150.0
D1,FG-R1-expanded-q55,7,8,2021-05-31,96,1.0,True,172.0,170.17890389656554,-1.8210961034344564,1.8210961034344564,2021-05-31 10:30:00,2021-05-31 09:00:00,-90.0,90.0
D1,FG-R1-expanded-q55,7,8,2021-06-01,96,1.0,True,195.0,175.9029293216774,-19.09707067832261,19.09707067832261,2021-06-01 09:00:00,2021-06-01 13:30:00,270.0,270.0
D1,FG-R1-expanded-q55,7,8,2021-06-02,96,1.0,True,191.0,172.3464122615615,-18.65358773843849,18.65358773843849,2021-06-02 10:45:00,2021-06-02 11:30:00,45.0,45.0
D1,FG-R1-expanded-q55,7,8,2021-06-03,96,1.0,True,181.0,177.56437696661533,-3.4356230333846725,3.4356230333846725,2021-06-03 08:30:00,2021-06-03 10:45:00,135.0,135.0
D1,FG-R1-expanded-q55,7,8,2021-06-04,96,1.0,True,173.0,171.4442049805104,-1.555795019489608,1.555795019489608,2021-06-04 10:45:00,2021-06-04 08:30:00,-135.0,135.0
D1,FG-R1-expanded-q55,7,8,2021-06-05,96,1.0,True,116.0,108.992344443885,-7.007655556114997,7.007655556114997,2021-06-05 01:45:00,2021-06-05 06:15:00,270.0,270.0
D1,FG-R1-expanded-q55,7,8,2021-06-06,96,1.0,True,27.0,23.68550670483637,-3.3144932951636292,3.3144932951636292,2021-06-06 01:30:00,2021-06-06 04:15:00,165.0,165.0
D1,FG-R1-expanded-q55,7,9,2021-05-31,96,1.0,True,172.0,171.5804541895343,-0.4195458104657064,0.4195458104657064,2021-05-31 10:30:00,2021-05-31 09:00:00,-90.0,90.0
D1,FG-R1-expanded-q55,7,9,2021-06-01,96,1.0,True,195.0,175.29341699257583,-19.70658300742417,19.70658300742417,2021-06-01 09:00:00,2021-06-01 13:30:00,270.0,270.0
D1,FG-R1-expanded-q55,7,9,2021-06-02,96,1.0,True,191.0,173.24518063674023,-17.75481936325977,17.75481936325977,2021-06-02 10:45:00,2021-06-02 13:30:00,165.0,165.0
D1,FG-R1-expanded-q55,7,9,2021-06-03,96,1.0,True,181.0,178.83220546879164,-2.167794531208358,2.167794531208358,2021-06-03 08:30:00,2021-06-03 11:00:00,150.0,150.0
D1,FG-R1-expanded-q55,7,9,2021-06-04,96,1.0,True,173.0,172.14124172367445,-0.8587582763255455,0.8587582763255455,2021-06-04 10:45:00,2021-06-04 08:30:00,-135.0,135.0
D1,FG-R1-expanded-q55,7,9,2021-06-05,96,1.0,True,116.0,108.07703072318188,-7.922969276818122,7.922969276818122,2021-06-05 01:45:00,2021-06-05 06:15:00,270.0,270.0
D1,FG-R1-expanded-q55,7,9,2021-06-06,96,1.0,True,27.0,23.635000113039496,-3.3649998869605042,3.3649998869605042,2021-06-06 01:30:00,2021-06-06 04:30:00,180.0,180.0
D1,FG-R1-expanded-q55,7,10,2021-05-31,96,1.0,True,172.0,173.27421029304992,1.2742102930499186,1.2742102930499186,2021-05-31 10:30:00,2021-05-31 09:00:00,-90.0,90.0
D1,FG-R1-expanded-q55,7,10,2021-06-01,96,1.0,True,195.0,175.38441559236392,-19.615584407636078,19.615584407636078,2021-06-01 09:00:00,2021-06-01 13:45:00,285.0,285.0
D1,FG-R1-expanded-q55,7,10,2021-06-02,96,1.0,True,191.0,174.73822262892773,-16.26177737107227,16.26177737107227,2021-06-02 10:45:00,2021-06-02 13:30:00,165.0,165.0
D1,FG-R1-expanded-q55,7,10,2021-06-03,96,1.0,True,181.0,179.19695156254164,-1.803048437458358,1.803048437458358,2021-06-03 08:30:00,2021-06-03 11:00:00,150.0,150.0
D1,FG-R1-expanded-q55,7,10,2021-06-04,96,1.0,True,173.0,172.3370272461354,-0.662972753864608,0.662972753864608,2021-06-04 10:45:00,2021-06-04 08:30:00,-135.0,135.0
D1,FG-R1-expanded-q55,7,10,2021-06-05,96,1.0,True,116.0,109.35490090140453,-6.645099098595466,6.645099098595466,2021-06-05 01:45:00,2021-06-05 06:15:00,270.0,270.0
D1,FG-R1-expanded-q55,7,10,2021-06-06,96,1.0,True,27.0,23.89870250561762,-3.1012974943823792,3.1012974943823792,2021-06-06 01:30:00,2021-06-06 04:00:00,150.0,150.0
D1,FG-R1-expanded-q55,7,11,2021-05-31,96,1.0,True,172.0,174.89899667000304,2.8989966700030436,2.8989966700030436,2021-05-31 10:30:00,2021-05-31 09:00:00,-90.0,90.0
D1,FG-R1-expanded-q55,7,11,2021-06-01,96,1.0,True,195.0,174.54273854805606,-20.457261451943936,20.457261451943936,2021-06-01 09:00:00,2021-06-01 13:45:00,285.0,285.0
D1,FG-R1-expanded-q55,7,11,2021-06-02,96,1.0,True,191.0,173.25815060744335,-17.741849392556645,17.741849392556645,2021-06-02 10:45:00,2021-06-02 13:45:00,180.0,180.0
D1,FG-R1-expanded-q55,7,11,2021-06-03,96,1.0,True,181.0,177.39201811239482,-3.6079818876051775,3.6079818876051775,2021-06-03 08:30:00,2021-06-03 11:00:00,150.0,150.0
D1,FG-R1-expanded-q55,7,11,2021-06-04,96,1.0,True,173.0,170.85393398441664,-2.146066015583358,2.146066015583358,2021-06-04 10:45:00,2021-06-04 08:30:00,-135.0,135.0
D1,FG-R1-expanded-q55,7,11,2021-06-05,96,1.0,True,116.0,107.53405434378735,-8.465945656212654,8.465945656212654,2021-06-05 01:45:00,2021-06-05 06:15:00,270.0,270.0
D1,FG-R1-expanded-q55,7,11,2021-06-06,96,1.0,True,27.0,24.229345205812933,-2.7706547941870667,2.7706547941870667,2021-06-06 01:30:00,2021-06-06 04:15:00,165.0,165.0
D1,FG-R1-expanded-q55,7,12,2021-05-31,96,1.0,True,172.0,172.1930030176593,0.19300301765929362,0.19300301765929362,2021-05-31 10:30:00,2021-05-31 09:00:00,-90.0,90.0
D1,FG-R1-expanded-q55,7,12,2021-06-01,96,1.0,True,195.0,172.1601833768362,-22.839816623163813,22.839816623163813,2021-06-01 09:00:00,2021-06-01 13:30:00,270.0,270.0
D1,FG-R1-expanded-q55,7,12,2021-06-02,96,1.0,True,191.0,172.36886838088085,-18.631131619119145,18.631131619119145,2021-06-02 10:45:00,2021-06-02 13:45:00,180.0,180.0
D1,FG-R1-expanded-q55,7,12,2021-06-03,96,1.0,True,181.0,177.7722366182542,-3.2277633817458025,3.2277633817458025,2021-06-03 08:30:00,2021-06-03 11:00:00,150.0,150.0
D1,FG-R1-expanded-q55,7,12,2021-06-04,96,1.0,True,173.0,171.2165438476979,-1.783456152302108,1.783456152302108,2021-06-04 10:45:00,2021-06-04 08:30:00,-135.0,135.0
D1,FG-R1-expanded-q55,7,12,2021-06-05,96,1.0,True,116.0,107.92314583548657,-8.076854164513435,8.076854164513435,2021-06-05 01:45:00,2021-06-05 06:15:00,270.0,270.0
D1,FG-R1-expanded-q55,7,12,2021-06-06,96,1.0,True,27.0,24.40087306836176,-2.5991269316382386,2.5991269316382386,2021-06-06 01:30:00,2021-06-06 04:30:00,180.0,180.0
D1,FG-R1-expanded-q55,7,13,2021-05-31,96,1.0,True,172.0,173.4537452051593,1.4537452051592936,1.4537452051592936,2021-05-31 10:30:00,2021-05-31 09:00:00,-90.0,90.0
D1,FG-R1-expanded-q55,7,13,2021-06-01,96,1.0,True,195.0,171.55120028717118,-23.448799712828816,23.448799712828816,2021-06-01 09:00:00,2021-06-01 13:45:00,285.0,285.0
D1,FG-R1-expanded-q55,7,13,2021-06-02,96,1.0,True,191.0,171.08702328810742,-19.912976711892583,19.912976711892583,2021-06-02 10:45:00,2021-06-02 13:30:00,165.0,165.0
D1,FG-R1-expanded-q55,7,13,2021-06-03,96,1.0,True,181.0,177.05212858602764,-3.947871413972365,3.947871413972365,2021-06-03 08:30:00,2021-06-03 10:45:00,135.0,135.0
D1,FG-R1-expanded-q55,7,13,2021-06-04,96,1.0,True,173.0,170.5013338867604,-2.498666113239608,2.498666113239608,2021-06-04 10:45:00,2021-06-04 11:00:00,15.0,15.0
D1,FG-R1-expanded-q55,7,13,2021-06-05,96,1.0,True,116.0,108.59241921195141,-7.407580788048591,7.407580788048591,2021-06-05 01:45:00,2021-06-05 06:15:00,270.0,270.0
D1,FG-R1-expanded-q55,7,13,2021-06-06,96,1.0,True,27.0,24.45324123242426,-2.5467587675757386,2.5467587675757386,2021-06-06 01:30:00,2021-06-06 11:00:00,570.0,570.0
D1,FG-R1-expanded-q55,7,14,2021-05-31,96,1.0,True,172.0,174.29949410652648,2.299494106526481,2.299494106526481,2021-05-31 10:30:00,2021-05-31 09:00:00,-90.0,90.0
D1,FG-R1-expanded-q55,7,14,2021-06-01,96,1.0,True,195.0,170.35958523230494,-24.640414767695063,24.640414767695063,2021-06-01 09:00:00,2021-06-01 13:30:00,270.0,270.0
D1,FG-R1-expanded-q55,7,14,2021-06-02,96,1.0,True,191.0,170.85046628127148,-20.14953371872852,20.14953371872852,2021-06-02 10:45:00,2021-06-02 13:30:00,165.0,165.0
D1,FG-R1-expanded-q55,7,14,2021-06-03,96,1.0,True,181.0,178.80266264364482,-2.1973373563551775,2.1973373563551775,2021-06-03 08:30:00,2021-06-03 10:45:00,135.0,135.0
D1,FG-R1-expanded-q55,7,14,2021-06-04,96,1.0,True,173.0,171.4877840820729,-1.512215917927108,1.512215917927108,2021-06-04 10:45:00,2021-06-04 08:30:00,-135.0,135.0
D1,FG-R1-expanded-q55,7,14,2021-06-05,96,1.0,True,116.0,108.50485665091625,-7.495143349083747,7.495143349083747,2021-06-05 01:45:00,2021-06-05 06:15:00,270.0,270.0
D1,FG-R1-expanded-q55,7,14,2021-06-06,96,1.0,True,27.0,24.495885733156683,-2.5041142668433167,2.5041142668433167,2021-06-06 01:30:00,2021-06-06 11:15:00,585.0,585.0
D1,FG-R1-expanded-q55,7,15,2021-05-31,96,1.0,True,172.0,173.44828255867492,1.4482825586749186,1.4482825586749186,2021-05-31 10:30:00,2021-05-31 09:00:00,-90.0,90.0
D1,FG-R1-expanded-q55,7,15,2021-06-01,96,1.0,True,195.0,168.03102203767642,-26.968977962323578,26.968977962323578,2021-06-01 09:00:00,2021-06-01 15:00:00,360.0,360.0
D1,FG-R1-expanded-q55,7,15,2021-06-02,96,1.0,True,191.0,169.53280881056835,-21.467191189431645,21.467191189431645,2021-06-02 10:45:00,2021-06-02 13:30:00,165.0,165.0
D1,FG-R1-expanded-q55,7,15,2021-06-03,96,1.0,True,181.0,178.03349760458232,-2.9665023954176775,2.9665023954176775,2021-06-03 08:30:00,2021-06-03 11:00:00,150.0,150.0
D1,FG-R1-expanded-q55,7,15,2021-06-04,96,1.0,True,173.0,172.7497011963307,-0.25029880366929547,0.25029880366929547,2021-06-04 10:45:00,2021-06-04 08:30:00,-135.0,135.0
D1,FG-R1-expanded-q55,7,15,2021-06-05,96,1.0,True,116.0,108.27331215628735,-7.726687843712654,7.726687843712654,2021-06-05 01:45:00,2021-06-05 06:15:00,270.0,270.0
D1,FG-R1-expanded-q55,7,15,2021-06-06,96,1.0,True,27.0,24.271853692652993,-2.728146307347007,2.728146307347007,2021-06-06 01:30:00,2021-06-06 11:30:00,600.0,600.0
D1,FG-R1-expanded-q55,7,16,2021-05-31,96,1.0,True,172.0,171.88225777840148,-0.11774222159851888,0.11774222159851888,2021-05-31 10:30:00,2021-05-31 09:00:00,-90.0,90.0
D1,FG-R1-expanded-q55,7,16,2021-06-01,96,1.0,True,195.0,168.96081203894556,-26.039187961054438,26.039187961054438,2021-06-01 09:00:00,2021-06-01 13:30:00,270.0,270.0
D1,FG-R1-expanded-q55,7,16,2021-06-02,96,1.0,True,191.0,170.15565732131054,-20.844342678689458,20.844342678689458,2021-06-02 10:45:00,2021-06-02 13:30:00,165.0,165.0
D1,FG-R1-expanded-q55,7,16,2021-06-03,96,1.0,True,181.0,179.2403762666917,-1.7596237333083025,1.7596237333083025,2021-06-03 08:30:00,2021-06-03 11:00:00,150.0,150.0
D1,FG-R1-expanded-q55,7,16,2021-06-04,96,1.0,True,173.0,172.55592983402602,-0.44407016597398297,0.44407016597398297,2021-06-04 10:45:00,2021-06-04 08:30:00,-135.0,135.0
D1,FG-R1-expanded-q55,7,16,2021-06-05,96,1.0,True,116.0,109.24231825001024,-6.757681749989757,6.757681749989757,2021-06-05 01:45:00,2021-06-05 06:15:00,270.0,270.0
D1,FG-R1-expanded-q55,7,16,2021-06-06,96,1.0,True,27.0,24.803495291262152,-2.196504708737848,2.196504708737848,2021-06-06 01:30:00,2021-06-06 07:45:00,375.0,375.0
D1,FG-R1-expanded-q55,9,4,2021-06-14,96,1.0,True,204.0,181.9609375,-22.0390625,22.0390625,2021-06-14 09:00:00,2021-06-14 15:00:00,360.0,360.0
D1,FG-R1-expanded-q55,9,4,2021-06-15,96,1.0,True,198.0,186.169921875,-11.830078125,11.830078125,2021-06-15 08:45:00,2021-06-15 09:45:00,60.0,60.0
D1,FG-R1-expanded-q55,9,4,2021-06-16,96,1.0,True,193.0,182.573486328125,-10.426513671875,10.426513671875,2021-06-16 10:45:00,2021-06-16 09:00:00,-105.0,105.0
D1,FG-R1-expanded-q55,9,4,2021-06-17,96,1.0,True,197.0,187.45387268066406,-9.546127319335938,9.546127319335938,2021-06-17 08:45:00,2021-06-17 10:00:00,75.0,75.0
D1,FG-R1-expanded-q55,9,4,2021-06-18,96,1.0,True,186.0,183.67373657226562,-2.326263427734375,2.326263427734375,2021-06-18 10:00:00,2021-06-18 08:30:00,-90.0,90.0
D1,FG-R1-expanded-q55,9,4,2021-06-19,96,1.0,True,119.0,116.90335845947266,-2.0966415405273438,2.0966415405273438,2021-06-19 02:15:00,2021-06-19 03:30:00,75.0,75.0
D1,FG-R1-expanded-q55,9,4,2021-06-20,96,1.0,True,28.0,24.15581512451172,-3.8441848754882812,3.8441848754882812,2021-06-20 15:15:00,2021-06-20 23:00:00,465.0,465.0
D1,FG-R1-expanded-q55,9,5,2021-06-14,96,1.0,True,204.0,180.5606689453125,-23.4393310546875,23.4393310546875,2021-06-14 09:00:00,2021-06-14 15:00:00,360.0,360.0
D1,FG-R1-expanded-q55,9,5,2021-06-15,96,1.0,True,198.0,187.07032775878906,-10.929672241210938,10.929672241210938,2021-06-15 08:45:00,2021-06-15 10:45:00,120.0,120.0
D1,FG-R1-expanded-q55,9,5,2021-06-16,96,1.0,True,193.0,180.2988739013672,-12.701126098632812,12.701126098632812,2021-06-16 10:45:00,2021-06-16 09:45:00,-60.0,60.0
D1,FG-R1-expanded-q55,9,5,2021-06-17,96,1.0,True,197.0,184.76605224609375,-12.23394775390625,12.23394775390625,2021-06-17 08:45:00,2021-06-17 10:00:00,75.0,75.0
D1,FG-R1-expanded-q55,9,5,2021-06-18,96,1.0,True,186.0,182.66796875,-3.33203125,3.33203125,2021-06-18 10:00:00,2021-06-18 08:45:00,-75.0,75.0
D1,FG-R1-expanded-q55,9,5,2021-06-19,96,1.0,True,119.0,116.71592712402344,-2.2840728759765625,2.2840728759765625,2021-06-19 02:15:00,2021-06-19 03:45:00,90.0,90.0
D1,FG-R1-expanded-q55,9,5,2021-06-20,96,1.0,True,28.0,24.30297088623047,-3.6970291137695312,3.6970291137695312,2021-06-20 15:15:00,2021-06-20 23:15:00,480.0,480.0
D1,FG-R1-expanded-q55,9,6,2021-06-14,96,1.0,True,204.0,177.81402587890625,-26.18597412109375,26.18597412109375,2021-06-14 09:00:00,2021-06-14 15:45:00,405.0,405.0
D1,FG-R1-expanded-q55,9,6,2021-06-15,96,1.0,True,198.0,186.19094848632812,-11.809051513671875,11.809051513671875,2021-06-15 08:45:00,2021-06-15 11:00:00,135.0,135.0
D1,FG-R1-expanded-q55,9,6,2021-06-16,96,1.0,True,193.0,179.7107696533203,-13.289230346679688,13.289230346679688,2021-06-16 10:45:00,2021-06-16 08:30:00,-135.0,135.0
D1,FG-R1-expanded-q55,9,6,2021-06-17,96,1.0,True,197.0,186.9392547607422,-10.060745239257812,10.060745239257812,2021-06-17 08:45:00,2021-06-17 10:45:00,120.0,120.0
D1,FG-R1-expanded-q55,9,6,2021-06-18,96,1.0,True,186.0,182.6621551513672,-3.3378448486328125,3.3378448486328125,2021-06-18 10:00:00,2021-06-18 08:30:00,-90.0,90.0
D1,FG-R1-expanded-q55,9,6,2021-06-19,96,1.0,True,119.0,116.53787231445312,-2.462127685546875,2.462127685546875,2021-06-19 02:15:00,2021-06-19 03:45:00,90.0,90.0
D1,FG-R1-expanded-q55,9,6,2021-06-20,96,1.0,True,28.0,24.169578552246094,-3.8304214477539062,3.8304214477539062,2021-06-20 15:15:00,2021-06-20 23:30:00,495.0,495.0
D1,FG-R1-expanded-q55,9,7,2021-06-14,96,1.0,True,204.0,176.63499450683594,-27.365005493164062,27.365005493164062,2021-06-14 09:00:00,2021-06-14 16:00:00,420.0,420.0
D1,FG-R1-expanded-q55,9,7,2021-06-15,96,1.0,True,198.0,187.41143798828125,-10.58856201171875,10.58856201171875,2021-06-15 08:45:00,2021-06-15 10:30:00,105.0,105.0
D1,FG-R1-expanded-q55,9,7,2021-06-16,96,1.0,True,193.0,180.70542907714844,-12.294570922851562,12.294570922851562,2021-06-16 10:45:00,2021-06-16 08:30:00,-135.0,135.0
D1,FG-R1-expanded-q55,9,7,2021-06-17,96,1.0,True,197.0,184.45745849609375,-12.54254150390625,12.54254150390625,2021-06-17 08:45:00,2021-06-17 10:45:00,120.0,120.0
D1,FG-R1-expanded-q55,9,7,2021-06-18,96,1.0,True,186.0,183.20669555664062,-2.793304443359375,2.793304443359375,2021-06-18 10:00:00,2021-06-18 08:30:00,-90.0,90.0
D1,FG-R1-expanded-q55,9,7,2021-06-19,96,1.0,True,119.0,115.45600891113281,-3.5439910888671875,3.5439910888671875,2021-06-19 02:15:00,2021-06-19 03:45:00,90.0,90.0
D1,FG-R1-expanded-q55,9,7,2021-06-20,96,1.0,True,28.0,24.149803161621094,-3.8501968383789062,3.8501968383789062,2021-06-20 15:15:00,2021-06-20 07:00:00,-495.0,495.0
D1,FG-R1-expanded-q55,9,8,2021-06-14,96,1.0,True,204.0,177.9178009033203,-26.082199096679688,26.082199096679688,2021-06-14 09:00:00,2021-06-14 11:00:00,120.0,120.0
D1,FG-R1-expanded-q55,9,8,2021-06-15,96,1.0,True,198.0,190.32106018066406,-7.6789398193359375,7.6789398193359375,2021-06-15 08:45:00,2021-06-15 10:45:00,120.0,120.0
D1,FG-R1-expanded-q55,9,8,2021-06-16,96,1.0,True,193.0,182.9700164794922,-10.029983520507812,10.029983520507812,2021-06-16 10:45:00,2021-06-16 08:30:00,-135.0,135.0
D1,FG-R1-expanded-q55,9,8,2021-06-17,96,1.0,True,197.0,185.4278106689453,-11.572189331054688,11.572189331054688,2021-06-17 08:45:00,2021-06-17 10:45:00,120.0,120.0
D1,FG-R1-expanded-q55,9,8,2021-06-18,96,1.0,True,186.0,184.657470703125,-1.342529296875,1.342529296875,2021-06-18 10:00:00,2021-06-18 08:30:00,-90.0,90.0
D1,FG-R1-expanded-q55,9,8,2021-06-19,96,1.0,True,119.0,114.36349487304688,-4.636505126953125,4.636505126953125,2021-06-19 02:15:00,2021-06-19 03:45:00,90.0,90.0
D1,FG-R1-expanded-q55,9,8,2021-06-20,96,1.0,True,28.0,24.143035888671875,-3.856964111328125,3.856964111328125,2021-06-20 15:15:00,2021-06-20 07:15:00,-480.0,480.0
D1,FG-R1-expanded-q55,9,9,2021-06-14,96,1.0,True,204.0,176.92581176757812,-27.074188232421875,27.074188232421875,2021-06-14 09:00:00,2021-06-14 11:15:00,135.0,135.0
D1,FG-R1-expanded-q55,9,9,2021-06-15,96,1.0,True,198.0,189.56283569335938,-8.437164306640625,8.437164306640625,2021-06-15 08:45:00,2021-06-15 11:00:00,135.0,135.0
D1,FG-R1-expanded-q55,9,9,2021-06-16,96,1.0,True,193.0,181.70700073242188,-11.292999267578125,11.292999267578125,2021-06-16 10:45:00,2021-06-16 10:45:00,0.0,0.0
D1,FG-R1-expanded-q55,9,9,2021-06-17,96,1.0,True,197.0,184.28390502929688,-12.716094970703125,12.716094970703125,2021-06-17 08:45:00,2021-06-17 10:45:00,120.0,120.0
D1,FG-R1-expanded-q55,9,9,2021-06-18,96,1.0,True,186.0,184.48223876953125,-1.51776123046875,1.51776123046875,2021-06-18 10:00:00,2021-06-18 08:30:00,-90.0,90.0
D1,FG-R1-expanded-q55,9,9,2021-06-19,96,1.0,True,119.0,114.51365661621094,-4.4863433837890625,4.4863433837890625,2021-06-19 02:15:00,2021-06-19 04:45:00,150.0,150.0
D1,FG-R1-expanded-q55,9,9,2021-06-20,96,1.0,True,28.0,24.230934143066406,-3.7690658569335938,3.7690658569335938,2021-06-20 15:15:00,2021-06-20 07:30:00,-465.0,465.0
D1,FG-R1-expanded-q55,9,10,2021-06-14,96,1.0,True,204.0,175.848876953125,-28.151123046875,28.151123046875,2021-06-14 09:00:00,2021-06-14 12:00:00,180.0,180.0
D1,FG-R1-expanded-q55,9,10,2021-06-15,96,1.0,True,198.0,188.982666015625,-9.017333984375,9.017333984375,2021-06-15 08:45:00,2021-06-15 11:15:00,150.0,150.0
D1,FG-R1-expanded-q55,9,10,2021-06-16,96,1.0,True,193.0,181.82891845703125,-11.17108154296875,11.17108154296875,2021-06-16 10:45:00,2021-06-16 10:45:00,0.0,0.0
D1,FG-R1-expanded-q55,9,10,2021-06-17,96,1.0,True,197.0,184.76809692382812,-12.231903076171875,12.231903076171875,2021-06-17 08:45:00,2021-06-17 10:45:00,120.0,120.0
D1,FG-R1-expanded-q55,9,10,2021-06-18,96,1.0,True,186.0,184.21359252929688,-1.786407470703125,1.786407470703125,2021-06-18 10:00:00,2021-06-18 08:30:00,-90.0,90.0
D1,FG-R1-expanded-q55,9,10,2021-06-19,96,1.0,True,119.0,114.19277954101562,-4.807220458984375,4.807220458984375,2021-06-19 02:15:00,2021-06-19 04:45:00,150.0,150.0
D1,FG-R1-expanded-q55,9,10,2021-06-20,96,1.0,True,28.0,24.218246459960938,-3.7817535400390625,3.7817535400390625,2021-06-20 15:15:00,2021-06-20 07:45:00,-450.0,450.0
D1,FG-R1-expanded-q55,9,11,2021-06-14,96,1.0,True,204.0,177.2233428955078,-26.776657104492188,26.776657104492188,2021-06-14 09:00:00,2021-06-14 09:00:00,0.0,0.0
D1,FG-R1-expanded-q55,9,11,2021-06-15,96,1.0,True,198.0,187.13790893554688,-10.862091064453125,10.862091064453125,2021-06-15 08:45:00,2021-06-15 11:30:00,165.0,165.0
D1,FG-R1-expanded-q55,9,11,2021-06-16,96,1.0,True,193.0,182.63966369628906,-10.360336303710938,10.360336303710938,2021-06-16 10:45:00,2021-06-16 10:45:00,0.0,0.0
D1,FG-R1-expanded-q55,9,11,2021-06-17,96,1.0,True,197.0,183.0267333984375,-13.9732666015625,13.9732666015625,2021-06-17 08:45:00,2021-06-17 10:45:00,120.0,120.0
D1,FG-R1-expanded-q55,9,11,2021-06-18,96,1.0,True,186.0,182.8426971435547,-3.1573028564453125,3.1573028564453125,2021-06-18 10:00:00,2021-06-18 08:45:00,-75.0,75.0
D1,FG-R1-expanded-q55,9,11,2021-06-19,96,1.0,True,119.0,114.13504791259766,-4.864952087402344,4.864952087402344,2021-06-19 02:15:00,2021-06-19 03:45:00,90.0,90.0
D1,FG-R1-expanded-q55,9,11,2021-06-20,96,1.0,True,28.0,24.556556701660156,-3.4434432983398438,3.4434432983398438,2021-06-20 15:15:00,2021-06-20 18:00:00,165.0,165.0
D1,FG-R1-expanded-q55,9,12,2021-06-14,96,1.0,True,204.0,176.48439025878906,-27.515609741210938,27.515609741210938,2021-06-14 09:00:00,2021-06-14 09:00:00,0.0,0.0
D1,FG-R1-expanded-q55,9,12,2021-06-15,96,1.0,True,198.0,186.69430541992188,-11.305694580078125,11.305694580078125,2021-06-15 08:45:00,2021-06-15 11:45:00,180.0,180.0
D1,FG-R1-expanded-q55,9,12,2021-06-16,96,1.0,True,193.0,181.7623291015625,-11.2376708984375,11.2376708984375,2021-06-16 10:45:00,2021-06-16 11:00:00,15.0,15.0
D1,FG-R1-expanded-q55,9,12,2021-06-17,96,1.0,True,197.0,184.63320922851562,-12.366790771484375,12.366790771484375,2021-06-17 08:45:00,2021-06-17 10:45:00,120.0,120.0
D1,FG-R1-expanded-q55,9,12,2021-06-18,96,1.0,True,186.0,182.33908081054688,-3.660919189453125,3.660919189453125,2021-06-18 10:00:00,2021-06-18 08:30:00,-90.0,90.0
D1,FG-R1-expanded-q55,9,12,2021-06-19,96,1.0,True,119.0,114.97743225097656,-4.0225677490234375,4.0225677490234375,2021-06-19 02:15:00,2021-06-19 03:45:00,90.0,90.0
D1,FG-R1-expanded-q55,9,12,2021-06-20,96,1.0,True,28.0,24.717613220214844,-3.2823867797851562,3.2823867797851562,2021-06-20 15:15:00,2021-06-20 18:15:00,180.0,180.0
D1,FG-R1-expanded-q55,9,13,2021-06-14,96,1.0,True,204.0,175.78500366210938,-28.214996337890625,28.214996337890625,2021-06-14 09:00:00,2021-06-14 13:45:00,285.0,285.0
D1,FG-R1-expanded-q55,9,13,2021-06-15,96,1.0,True,198.0,184.594970703125,-13.405029296875,13.405029296875,2021-06-15 08:45:00,2021-06-15 11:45:00,180.0,180.0
D1,FG-R1-expanded-q55,9,13,2021-06-16,96,1.0,True,193.0,180.6492919921875,-12.3507080078125,12.3507080078125,2021-06-16 10:45:00,2021-06-16 09:00:00,-105.0,105.0
D1,FG-R1-expanded-q55,9,13,2021-06-17,96,1.0,True,197.0,182.63021850585938,-14.369781494140625,14.369781494140625,2021-06-17 08:45:00,2021-06-17 11:00:00,135.0,135.0
D1,FG-R1-expanded-q55,9,13,2021-06-18,96,1.0,True,186.0,182.40887451171875,-3.59112548828125,3.59112548828125,2021-06-18 10:00:00,2021-06-18 08:45:00,-75.0,75.0
D1,FG-R1-expanded-q55,9,13,2021-06-19,96,1.0,True,119.0,114.61170959472656,-4.3882904052734375,4.3882904052734375,2021-06-19 02:15:00,2021-06-19 03:45:00,90.0,90.0
D1,FG-R1-expanded-q55,9,13,2021-06-20,96,1.0,True,28.0,24.801513671875,-3.198486328125,3.198486328125,2021-06-20 15:15:00,2021-06-20 18:30:00,195.0,195.0
D1,FG-R1-expanded-q55,9,14,2021-06-14,96,1.0,True,204.0,175.56198120117188,-28.438018798828125,28.438018798828125,2021-06-14 09:00:00,2021-06-14 13:45:00,285.0,285.0
D1,FG-R1-expanded-q55,9,14,2021-06-15,96,1.0,True,198.0,182.93626403808594,-15.063735961914062,15.063735961914062,2021-06-15 08:45:00,2021-06-15 10:45:00,120.0,120.0
D1,FG-R1-expanded-q55,9,14,2021-06-16,96,1.0,True,193.0,180.848388671875,-12.151611328125,12.151611328125,2021-06-16 10:45:00,2021-06-16 09:45:00,-60.0,60.0
D1,FG-R1-expanded-q55,9,14,2021-06-17,96,1.0,True,197.0,180.9568328857422,-16.043167114257812,16.043167114257812,2021-06-17 08:45:00,2021-06-17 10:45:00,120.0,120.0
D1,FG-R1-expanded-q55,9,14,2021-06-18,96,1.0,True,186.0,181.4833526611328,-4.5166473388671875,4.5166473388671875,2021-06-18 10:00:00,2021-06-18 08:45:00,-75.0,75.0
D1,FG-R1-expanded-q55,9,14,2021-06-19,96,1.0,True,119.0,114.82115173339844,-4.1788482666015625,4.1788482666015625,2021-06-19 02:15:00,2021-06-19 03:45:00,90.0,90.0
D1,FG-R1-expanded-q55,9,14,2021-06-20,96,1.0,True,28.0,24.624244689941406,-3.3757553100585938,3.3757553100585938,2021-06-20 15:15:00,2021-06-20 18:45:00,210.0,210.0
D1,FG-R1-expanded-q55,9,15,2021-06-14,96,1.0,True,204.0,174.1446990966797,-29.855300903320312,29.855300903320312,2021-06-14 09:00:00,2021-06-14 13:45:00,285.0,285.0
D1,FG-R1-expanded-q55,9,15,2021-06-15,96,1.0,True,198.0,183.59754943847656,-14.402450561523438,14.402450561523438,2021-06-15 08:45:00,2021-06-15 09:00:00,15.0,15.0
D1,FG-R1-expanded-q55,9,15,2021-06-16,96,1.0,True,193.0,181.4980926513672,-11.501907348632812,11.501907348632812,2021-06-16 10:45:00,2021-06-16 09:00:00,-105.0,105.0
D1,FG-R1-expanded-q55,9,15,2021-06-17,96,1.0,True,197.0,180.36671447753906,-16.633285522460938,16.633285522460938,2021-06-17 08:45:00,2021-06-17 10:45:00,120.0,120.0
D1,FG-R1-expanded-q55,9,15,2021-06-18,96,1.0,True,186.0,181.94619750976562,-4.053802490234375,4.053802490234375,2021-06-18 10:00:00,2021-06-18 08:45:00,-75.0,75.0
D1,FG-R1-expanded-q55,9,15,2021-06-19,96,1.0,True,119.0,114.06890869140625,-4.93109130859375,4.93109130859375,2021-06-19 02:15:00,2021-06-19 03:45:00,90.0,90.0
D1,FG-R1-expanded-q55,9,15,2021-06-20,96,1.0,True,28.0,24.369476318359375,-3.630523681640625,3.630523681640625,2021-06-20 15:15:00,2021-06-20 23:00:00,465.0,465.0
D1,FG-R1-expanded-q55,9,16,2021-06-14,96,1.0,True,204.0,173.53366088867188,-30.466339111328125,30.466339111328125,2021-06-14 09:00:00,2021-06-14 14:45:00,345.0,345.0
D1,FG-R1-expanded-q55,9,16,2021-06-15,96,1.0,True,198.0,183.4248046875,-14.5751953125,14.5751953125,2021-06-15 08:45:00,2021-06-15 13:30:00,285.0,285.0
D1,FG-R1-expanded-q55,9,16,2021-06-16,96,1.0,True,193.0,182.49609375,-10.50390625,10.50390625,2021-06-16 10:45:00,2021-06-16 10:45:00,0.0,0.0
D1,FG-R1-expanded-q55,9,16,2021-06-17,96,1.0,True,197.0,179.82037353515625,-17.17962646484375,17.17962646484375,2021-06-17 08:45:00,2021-06-17 10:45:00,120.0,120.0
D1,FG-R1-expanded-q55,9,16,2021-06-18,96,1.0,True,186.0,180.83929443359375,-5.16070556640625,5.16070556640625,2021-06-18 10:00:00,2021-06-18 08:45:00,-75.0,75.0
D1,FG-R1-expanded-q55,9,16,2021-06-19,96,1.0,True,119.0,114.89390563964844,-4.1060943603515625,4.1060943603515625,2021-06-19 02:15:00,2021-06-19 03:45:00,90.0,90.0
D1,FG-R1-expanded-q55,9,16,2021-06-20,96,1.0,True,28.0,24.042373657226562,-3.9576263427734375,3.9576263427734375,2021-06-20 15:15:00,2021-06-20 23:15:00,480.0,480.0
D1,FG-R1-expanded-q55,11,4,2021-06-28,96,1.0,True,198.0,194.98143395957325,-3.018566040426748,3.018566040426748,2021-06-28 09:00:00,2021-06-28 08:45:00,-15.0,15.0
D1,FG-R1-expanded-q55,11,4,2021-06-29,96,1.0,True,222.0,185.85078919057696,-36.14921080942304,36.14921080942304,2021-06-29 08:30:00,2021-06-29 09:30:00,60.0,60.0
D1,FG-R1-expanded-q55,11,4,2021-06-30,96,1.0,True,193.0,181.9019045423348,-11.09809545766521,11.09809545766521,2021-06-30 09:00:00,2021-06-30 08:30:00,-30.0,30.0
D1,FG-R1-expanded-q55,11,4,2021-07-01,96,1.0,True,206.0,183.26794552766148,-22.73205447233852,22.73205447233852,2021-07-01 14:00:00,2021-07-01 15:45:00,105.0,105.0
D1,FG-R1-expanded-q55,11,4,2021-07-02,96,1.0,True,187.0,175.49366604464643,-11.506333955353568,11.506333955353568,2021-07-02 09:15:00,2021-07-02 14:00:00,285.0,285.0
D1,FG-R1-expanded-q55,11,4,2021-07-03,96,1.0,True,112.0,112.2089936662081,0.20899366620810156,0.20899366620810156,2021-07-03 04:15:00,2021-07-03 01:45:00,-150.0,150.0
D1,FG-R1-expanded-q55,11,4,2021-07-04,96,1.0,True,28.0,24.472751019046935,-3.5272489809530647,3.5272489809530647,2021-07-04 08:30:00,2021-07-04 03:00:00,-330.0,330.0
D1,FG-R1-expanded-q55,11,5,2021-06-28,96,1.0,True,198.0,196.42345828155206,-1.5765417184479418,1.5765417184479418,2021-06-28 09:00:00,2021-06-28 09:00:00,0.0,0.0
D1,FG-R1-expanded-q55,11,5,2021-06-29,96,1.0,True,222.0,185.09545220234654,-36.904547797653464,36.904547797653464,2021-06-29 08:30:00,2021-06-29 13:30:00,300.0,300.0
D1,FG-R1-expanded-q55,11,5,2021-06-30,96,1.0,True,193.0,184.73619409311604,-8.26380590688396,8.26380590688396,2021-06-30 09:00:00,2021-06-30 08:30:00,-30.0,30.0
D1,FG-R1-expanded-q55,11,5,2021-07-01,96,1.0,True,206.0,181.93420529328648,-24.06579470671352,24.06579470671352,2021-07-01 14:00:00,2021-07-01 15:45:00,105.0,105.0
D1,FG-R1-expanded-q55,11,5,2021-07-02,96,1.0,True,187.0,178.0571670533248,-8.942832946675196,8.942832946675196,2021-07-02 09:15:00,2021-07-02 08:45:00,-30.0,30.0
D1,FG-R1-expanded-q55,11,5,2021-07-03,96,1.0,True,112.0,112.34544923899894,0.3454492389989383,0.3454492389989383,2021-07-03 04:15:00,2021-07-03 02:00:00,-135.0,135.0
D1,FG-R1-expanded-q55,11,5,2021-07-04,96,1.0,True,28.0,24.566367347828994,-3.4336326521710063,3.4336326521710063,2021-07-04 08:30:00,2021-07-04 04:00:00,-270.0,270.0
D1,FG-R1-expanded-q55,11,6,2021-06-28,96,1.0,True,198.0,197.3716284180995,-0.6283715819004954,0.6283715819004954,2021-06-28 09:00:00,2021-06-28 08:45:00,-15.0,15.0
D1,FG-R1-expanded-q55,11,6,2021-06-29,96,1.0,True,222.0,184.72932251042806,-37.27067748957194,37.27067748957194,2021-06-29 08:30:00,2021-06-29 13:45:00,315.0,315.0
D1,FG-R1-expanded-q55,11,6,2021-06-30,96,1.0,True,193.0,183.1462601108405,-9.853739889159499,9.853739889159499,2021-06-30 09:00:00,2021-06-30 08:30:00,-30.0,30.0
D1,FG-R1-expanded-q55,11,6,2021-07-01,96,1.0,True,206.0,182.07536435090367,-23.92463564909633,23.92463564909633,2021-07-01 14:00:00,2021-07-01 15:45:00,105.0,105.0
D1,FG-R1-expanded-q55,11,6,2021-07-02,96,1.0,True,187.0,177.794273376567,-9.205726623433009,9.205726623433009,2021-07-02 09:15:00,2021-07-02 09:00:00,-15.0,15.0
D1,FG-R1-expanded-q55,11,6,2021-07-03,96,1.0,True,112.0,111.57095826369996,-0.42904173630003584,0.42904173630003584,2021-07-03 04:15:00,2021-07-03 02:00:00,-135.0,135.0
D1,FG-R1-expanded-q55,11,6,2021-07-04,96,1.0,True,28.0,24.451817344261944,-3.5481826557380565,3.5481826557380565,2021-07-04 08:30:00,2021-07-04 03:30:00,-300.0,300.0
D1,FG-R1-expanded-q55,11,7,2021-06-28,96,1.0,True,198.0,198.68865595637288,0.6886559563728838,0.6886559563728838,2021-06-28 09:00:00,2021-06-28 09:00:00,0.0,0.0
D1,FG-R1-expanded-q55,11,7,2021-06-29,96,1.0,True,222.0,183.5025984168723,-38.4974015831277,38.4974015831277,2021-06-29 08:30:00,2021-06-29 10:45:00,135.0,135.0
D1,FG-R1-expanded-q55,11,7,2021-06-30,96,1.0,True,193.0,180.98303819310146,-12.016961806898536,12.016961806898536,2021-06-30 09:00:00,2021-06-30 08:45:00,-15.0,15.0
D1,FG-R1-expanded-q55,11,7,2021-07-01,96,1.0,True,206.0,181.29395965340075,-24.706040346599252,24.706040346599252,2021-07-01 14:00:00,2021-07-01 15:45:00,105.0,105.0
D1,FG-R1-expanded-q55,11,7,2021-07-02,96,1.0,True,187.0,177.16223907480918,-9.837760925190821,9.837760925190821,2021-07-02 09:15:00,2021-07-02 09:00:00,-15.0,15.0
D1,FG-R1-expanded-q55,11,7,2021-07-03,96,1.0,True,112.0,111.01612594513647,-0.9838740548635343,0.9838740548635343,2021-07-03 04:15:00,2021-07-03 02:00:00,-135.0,135.0
D1,FG-R1-expanded-q55,11,7,2021-07-04,96,1.0,True,28.0,24.270153560780614,-3.7298464392193864,3.7298464392193864,2021-07-04 08:30:00,2021-07-04 03:45:00,-285.0,285.0
D1,FG-R1-expanded-q55,11,8,2021-06-28,96,1.0,True,198.0,199.5167124373947,1.5167124373946876,1.5167124373946876,2021-06-28 09:00:00,2021-06-28 09:00:00,0.0,0.0
D1,FG-R1-expanded-q55,11,8,2021-06-29,96,1.0,True,222.0,185.84616024414103,-36.15383975585897,36.15383975585897,2021-06-29 08:30:00,2021-06-29 10:45:00,135.0,135.0
D1,FG-R1-expanded-q55,11,8,2021-06-30,96,1.0,True,193.0,180.7729233188483,-12.227076681151686,12.227076681151686,2021-06-30 09:00:00,2021-06-30 08:30:00,-30.0,30.0
D1,FG-R1-expanded-q55,11,8,2021-07-01,96,1.0,True,206.0,180.33201228749482,-25.66798771250518,25.66798771250518,2021-07-01 14:00:00,2021-07-01 14:00:00,0.0,0.0
D1,FG-R1-expanded-q55,11,8,2021-07-02,96,1.0,True,187.0,176.66310725500756,-10.33689274499244,10.33689274499244,2021-07-02 09:15:00,2021-07-02 11:15:00,120.0,120.0
D1,FG-R1-expanded-q55,11,8,2021-07-03,96,1.0,True,112.0,111.27139034235975,-0.7286096576402485,0.7286096576402485,2021-07-03 04:15:00,2021-07-03 02:15:00,-120.0,120.0
D1,FG-R1-expanded-q55,11,8,2021-07-04,96,1.0,True,28.0,24.60677034719163,-3.393229652808369,3.393229652808369,2021-07-04 08:30:00,2021-07-04 04:00:00,-270.0,270.0
D1,FG-R1-expanded-q55,11,9,2021-06-28,96,1.0,True,198.0,201.513767818418,3.513767818417989,3.513767818417989,2021-06-28 09:00:00,2021-06-28 09:00:00,0.0,0.0
D1,FG-R1-expanded-q55,11,9,2021-06-29,96,1.0,True,222.0,185.39545446171306,-36.60454553828694,36.60454553828694,2021-06-29 08:30:00,2021-06-29 10:45:00,135.0,135.0
D1,FG-R1-expanded-q55,11,9,2021-06-30,96,1.0,True,193.0,180.38546804416015,-12.614531955839851,12.614531955839851,2021-06-30 09:00:00,2021-06-30 11:45:00,165.0,165.0
D1,FG-R1-expanded-q55,11,9,2021-07-01,96,1.0,True,206.0,180.06582607497847,-25.934173925021526,25.934173925021526,2021-07-01 14:00:00,2021-07-01 14:00:00,0.0,0.0
D1,FG-R1-expanded-q55,11,9,2021-07-02,96,1.0,True,187.0,178.28832930033775,-8.71167069966225,8.71167069966225,2021-07-02 09:15:00,2021-07-02 14:00:00,285.0,285.0
D1,FG-R1-expanded-q55,11,9,2021-07-03,96,1.0,True,112.0,111.00836264277675,-0.9916373572232544,0.9916373572232544,2021-07-03 04:15:00,2021-07-03 02:15:00,-120.0,120.0
D1,FG-R1-expanded-q55,11,9,2021-07-04,96,1.0,True,28.0,24.551811581669305,-3.4481884183306946,3.4481884183306946,2021-07-04 08:30:00,2021-07-04 04:00:00,-270.0,270.0
D1,FG-R1-expanded-q55,11,10,2021-06-28,96,1.0,True,198.0,204.26119340514464,6.261193405144638,6.261193405144638,2021-06-28 09:00:00,2021-06-28 08:45:00,-15.0,15.0
D1,FG-R1-expanded-q55,11,10,2021-06-29,96,1.0,True,222.0,183.2439802709617,-38.756019729038286,38.756019729038286,2021-06-29 08:30:00,2021-06-29 11:45:00,195.0,195.0
D1,FG-R1-expanded-q55,11,10,2021-06-30,96,1.0,True,193.0,183.83910068701238,-9.160899312987624,9.160899312987624,2021-06-30 09:00:00,2021-06-30 08:30:00,-30.0,30.0
D1,FG-R1-expanded-q55,11,10,2021-07-01,96,1.0,True,206.0,180.34687771072066,-25.653122289279338,25.653122289279338,2021-07-01 14:00:00,2021-07-01 14:00:00,0.0,0.0
D1,FG-R1-expanded-q55,11,10,2021-07-02,96,1.0,True,187.0,179.478843689067,-7.521156310933009,7.521156310933009,2021-07-02 09:15:00,2021-07-02 09:00:00,-15.0,15.0
D1,FG-R1-expanded-q55,11,10,2021-07-03,96,1.0,True,112.0,111.07609809471778,-0.9239019052822215,0.9239019052822215,2021-07-03 04:15:00,2021-07-03 02:00:00,-135.0,135.0
D1,FG-R1-expanded-q55,11,10,2021-07-04,96,1.0,True,28.0,24.479732318385082,-3.520267681614918,3.520267681614918,2021-07-04 08:30:00,2021-07-04 17:45:00,555.0,555.0
D1,FG-R1-expanded-q55,11,11,2021-06-28,96,1.0,True,198.0,205.1016126670508,7.1016126670508015,7.1016126670508015,2021-06-28 09:00:00,2021-06-28 09:00:00,0.0,0.0
D1,FG-R1-expanded-q55,11,11,2021-06-29,96,1.0,True,222.0,183.89099881138546,-38.10900118861454,38.10900118861454,2021-06-29 08:30:00,2021-06-29 11:30:00,180.0,180.0
D1,FG-R1-expanded-q55,11,11,2021-06-30,96,1.0,True,193.0,182.9306076450202,-10.069392354979811,10.069392354979811,2021-06-30 09:00:00,2021-06-30 08:30:00,-30.0,30.0
D1,FG-R1-expanded-q55,11,11,2021-07-01,96,1.0,True,206.0,179.23404165119186,-26.76595834880814,26.76595834880814,2021-07-01 14:00:00,2021-07-01 08:45:00,-315.0,315.0
D1,FG-R1-expanded-q55,11,11,2021-07-02,96,1.0,True,187.0,179.9509658814498,-7.049034118550196,7.049034118550196,2021-07-02 09:15:00,2021-07-02 09:00:00,-15.0,15.0
D1,FG-R1-expanded-q55,11,11,2021-07-03,96,1.0,True,112.0,110.67653447971966,-1.3234655202803367,1.3234655202803367,2021-07-03 04:15:00,2021-07-03 01:45:00,-150.0,150.0
D1,FG-R1-expanded-q55,11,11,2021-07-04,96,1.0,True,28.0,24.835323138697582,-3.164676861302418,3.164676861302418,2021-07-04 08:30:00,2021-07-04 18:00:00,570.0,570.0
D1,FG-R1-expanded-q55,11,12,2021-06-28,96,1.0,True,198.0,205.56925890870562,7.569258908705621,7.569258908705621,2021-06-28 09:00:00,2021-06-28 08:45:00,-15.0,15.0
D1,FG-R1-expanded-q55,11,12,2021-06-29,96,1.0,True,222.0,185.2212546636882,-36.7787453363118,36.7787453363118,2021-06-29 08:30:00,2021-06-29 11:45:00,195.0,195.0
D1,FG-R1-expanded-q55,11,12,2021-06-30,96,1.0,True,193.0,181.45975193212956,-11.540248067870436,11.540248067870436,2021-06-30 09:00:00,2021-06-30 08:30:00,-30.0,30.0
D1,FG-R1-expanded-q55,11,12,2021-07-01,96,1.0,True,206.0,178.2545315193144,-27.745468480685588,27.745468480685588,2021-07-01 14:00:00,2021-07-01 14:00:00,0.0,0.0
D1,FG-R1-expanded-q55,11,12,2021-07-02,96,1.0,True,187.0,179.82358551035605,-7.176414489643946,7.176414489643946,2021-07-02 09:15:00,2021-07-02 09:00:00,-15.0,15.0
D1,FG-R1-expanded-q55,11,12,2021-07-03,96,1.0,True,112.0,112.0556436879795,0.05564368797949726,0.05564368797949726,2021-07-03 04:15:00,2021-07-03 02:00:00,-135.0,135.0
D1,FG-R1-expanded-q55,11,12,2021-07-04,96,1.0,True,28.0,25.006038470728832,-2.993961529271168,2.993961529271168,2021-07-04 08:30:00,2021-07-04 18:15:00,585.0,585.0
D1,FG-R1-expanded-q55,11,13,2021-06-28,96,1.0,True,198.0,206.01511640303366,8.015116403033659,8.015116403033659,2021-06-28 09:00:00,2021-06-28 09:00:00,0.0,0.0
D1,FG-R1-expanded-q55,11,13,2021-06-29,96,1.0,True,222.0,185.76725011600993,-36.23274988399007,36.23274988399007,2021-06-29 08:30:00,2021-06-29 11:45:00,195.0,195.0
D1,FG-R1-expanded-q55,11,13,2021-06-30,96,1.0,True,193.0,181.8167797479353,-11.1832202520647,11.1832202520647,2021-06-30 09:00:00,2021-06-30 08:45:00,-15.0,15.0
D1,FG-R1-expanded-q55,11,13,2021-07-01,96,1.0,True,206.0,178.48527492751754,-27.514725072482463,27.514725072482463,2021-07-01 14:00:00,2021-07-01 14:00:00,0.0,0.0
D1,FG-R1-expanded-q55,11,13,2021-07-02,96,1.0,True,187.0,177.84987640391074,-9.150123596089259,9.150123596089259,2021-07-02 09:15:00,2021-07-02 09:00:00,-15.0,15.0
D1,FG-R1-expanded-q55,11,13,2021-07-03,96,1.0,True,112.0,114.10159862389426,2.1015986238942617,2.1015986238942617,2021-07-03 04:15:00,2021-07-03 01:45:00,-150.0,150.0
D1,FG-R1-expanded-q55,11,13,2021-07-04,96,1.0,True,28.0,25.269896662595976,-2.7301033374040244,2.7301033374040244,2021-07-04 08:30:00,2021-07-04 11:45:00,195.0,195.0
D1,FG-R1-expanded-q55,11,14,2021-06-28,96,1.0,True,198.0,205.55781049483053,7.557810494830534,7.557810494830534,2021-06-28 09:00:00,2021-06-28 09:00:00,0.0,0.0
D1,FG-R1-expanded-q55,11,14,2021-06-29,96,1.0,True,222.0,185.04730845537173,-36.952691544628266,36.952691544628266,2021-06-29 08:30:00,2021-06-29 12:00:00,210.0,210.0
D1,FG-R1-expanded-q55,11,14,2021-06-30,96,1.0,True,193.0,182.05582785068466,-10.944172149315335,10.944172149315335,2021-06-30 09:00:00,2021-06-30 08:30:00,-30.0,30.0
D1,FG-R1-expanded-q55,11,14,2021-07-01,96,1.0,True,206.0,177.84984475230453,-28.150155247695466,28.150155247695466,2021-07-01 14:00:00,2021-07-01 14:00:00,0.0,0.0
D1,FG-R1-expanded-q55,11,14,2021-07-02,96,1.0,True,187.0,179.12890948958935,-7.871090510410653,7.871090510410653,2021-07-02 09:15:00,2021-07-02 09:00:00,-15.0,15.0
D1,FG-R1-expanded-q55,11,14,2021-07-03,96,1.0,True,112.0,114.61731623064308,2.617316230643084,2.617316230643084,2021-07-03 04:15:00,2021-07-03 02:00:00,-135.0,135.0
D1,FG-R1-expanded-q55,11,14,2021-07-04,96,1.0,True,28.0,25.12927164987518,-2.8707283501248213,2.8707283501248213,2021-07-04 08:30:00,2021-07-04 18:45:00,615.0,615.0
D1,FG-R1-expanded-q55,11,15,2021-06-28,96,1.0,True,198.0,204.24816388838522,6.248163888385221,6.248163888385221,2021-06-28 09:00:00,2021-06-28 09:00:00,0.0,0.0
D1,FG-R1-expanded-q55,11,15,2021-06-29,96,1.0,True,222.0,180.8780898112618,-41.12191018873821,41.12191018873821,2021-06-29 08:30:00,2021-06-29 12:00:00,210.0,210.0
D1,FG-R1-expanded-q55,11,15,2021-06-30,96,1.0,True,193.0,183.24759019926856,-9.752409800731442,9.752409800731442,2021-06-30 09:00:00,2021-06-30 08:30:00,-30.0,30.0
D1,FG-R1-expanded-q55,11,15,2021-07-01,96,1.0,True,206.0,178.28441136481229,-27.715588635187714,27.715588635187714,2021-07-01 14:00:00,2021-07-01 08:45:00,-315.0,315.0
D1,FG-R1-expanded-q55,11,15,2021-07-02,96,1.0,True,187.0,178.96110017769254,-8.038899822307457,8.038899822307457,2021-07-02 09:15:00,2021-07-02 09:00:00,-15.0,15.0
D1,FG-R1-expanded-q55,11,15,2021-07-03,96,1.0,True,112.0,114.30803347307983,2.3080334730798313,2.3080334730798313,2021-07-03 04:15:00,2021-07-03 02:15:00,-120.0,120.0
D1,FG-R1-expanded-q55,11,15,2021-07-04,96,1.0,True,28.0,24.99860300973846,-3.00139699026154,3.00139699026154,2021-07-04 08:30:00,2021-07-04 15:30:00,420.0,420.0
D1,FG-R1-expanded-q55,11,16,2021-06-28,96,1.0,True,198.0,203.50152082197897,5.501520821978971,5.501520821978971,2021-06-28 09:00:00,2021-06-28 09:00:00,0.0,0.0
D1,FG-R1-expanded-q55,11,16,2021-06-29,96,1.0,True,222.0,180.39496031445273,-41.60503968554727,41.60503968554727,2021-06-29 08:30:00,2021-06-29 14:00:00,330.0,330.0
D1,FG-R1-expanded-q55,11,16,2021-06-30,96,1.0,True,193.0,183.11649301942344,-9.883506980576556,9.883506980576556,2021-06-30 09:00:00,2021-06-30 08:30:00,-30.0,30.0
D1,FG-R1-expanded-q55,11,16,2021-07-01,96,1.0,True,206.0,177.99443333746854,-28.005566662531464,28.005566662531464,2021-07-01 14:00:00,2021-07-01 08:45:00,-315.0,315.0
D1,FG-R1-expanded-q55,11,16,2021-07-02,96,1.0,True,187.0,178.49754450175365,-8.502455498246348,8.502455498246348,2021-07-02 09:15:00,2021-07-02 09:00:00,-15.0,15.0
D1,FG-R1-expanded-q55,11,16,2021-07-03,96,1.0,True,112.0,113.80945254046264,1.8094525404626438,1.8094525404626438,2021-07-03 04:15:00,2021-07-03 02:15:00,-120.0,120.0
D1,FG-R1-expanded-q55,11,16,2021-07-04,96,1.0,True,28.0,24.50619780193681,-3.4938021980631895,3.4938021980631895,2021-07-04 08:30:00,2021-07-04 09:45:00,75.0,75.0
D1,FG-R1-expanded-q55,13,4,2021-07-12,96,1.0,True,198.0,187.02558658159413,-10.974413418405874,10.974413418405874,2021-07-12 08:45:00,2021-07-12 11:45:00,180.0,180.0
D1,FG-R1-expanded-q55,13,4,2021-07-13,1,0.010416666666666666,False,79.0,88.06345046571032,9.063450465710318,9.063450465710318,2021-07-13 00:00:00,2021-07-13 00:00:00,0.0,0.0
D1,FG-R1-expanded-q55,13,4,2021-07-17,92,0.9583333333333334,False,110.0,108.39409080677724,-1.6059091932227574,1.6059091932227574,2021-07-17 01:30:00,2021-07-17 02:15:00,45.0,45.0
D1,FG-R1-expanded-q55,13,4,2021-07-18,96,1.0,True,28.0,25.90722559275621,-2.092774407243791,2.092774407243791,2021-07-18 01:15:00,2021-07-18 11:45:00,630.0,630.0
D1,FG-R1-expanded-q55,13,5,2021-07-12,96,1.0,True,198.0,188.87254298340946,-9.12745701659054,9.12745701659054,2021-07-12 08:45:00,2021-07-12 13:45:00,300.0,300.0
D1,FG-R1-expanded-q55,13,5,2021-07-13,1,0.010416666666666666,False,79.0,89.80238271483856,10.802382714838558,10.802382714838558,2021-07-13 00:00:00,2021-07-13 00:00:00,0.0,0.0
D1,FG-R1-expanded-q55,13,5,2021-07-17,91,0.9479166666666666,False,110.0,107.16504344078359,-2.8349565592164083,2.8349565592164083,2021-07-17 01:30:00,2021-07-17 03:45:00,135.0,135.0
D1,FG-R1-expanded-q55,13,5,2021-07-18,96,1.0,True,28.0,25.973193696841157,-2.0268063031588426,2.0268063031588426,2021-07-18 01:15:00,2021-07-18 11:45:00,630.0,630.0
D1,FG-R1-expanded-q55,13,6,2021-07-12,96,1.0,True,198.0,187.85506121188354,-10.144938788116463,10.144938788116463,2021-07-12 08:45:00,2021-07-12 13:45:00,300.0,300.0
D1,FG-R1-expanded-q55,13,6,2021-07-13,1,0.010416666666666666,False,79.0,89.46427041980232,10.464270419802318,10.464270419802318,2021-07-13 00:00:00,2021-07-13 00:00:00,0.0,0.0
D1,FG-R1-expanded-q55,13,6,2021-07-17,90,0.9375,False,110.0,108.5364322153645,-1.4635677846355009,1.4635677846355009,2021-07-17 01:30:00,2021-07-17 04:00:00,150.0,150.0
D1,FG-R1-expanded-q55,13,6,2021-07-18,96,1.0,True,28.0,26.38381549205256,-1.616184507947441,1.616184507947441,2021-07-18 01:15:00,2021-07-18 11:45:00,630.0,630.0
D1,FG-R1-expanded-q55,13,7,2021-07-12,96,1.0,True,198.0,188.6360500370825,-9.363949962917502,9.363949962917502,2021-07-12 08:45:00,2021-07-12 11:45:00,180.0,180.0
D1,FG-R1-expanded-q55,13,7,2021-07-13,1,0.010416666666666666,False,79.0,89.43979684654002,10.43979684654002,10.43979684654002,2021-07-13 00:00:00,2021-07-13 00:00:00,0.0,0.0
D1,FG-R1-expanded-q55,13,7,2021-07-17,89,0.9270833333333334,False,108.0,109.26898271906664,1.268982719066642,1.268982719066642,2021-07-17 06:00:00,2021-07-17 04:00:00,-120.0,120.0
D1,FG-R1-expanded-q55,13,7,2021-07-18,96,1.0,True,28.0,26.225064917194185,-1.7749350828058148,1.7749350828058148,2021-07-18 01:15:00,2021-07-18 08:30:00,435.0,435.0
D1,FG-R1-expanded-q55,13,8,2021-07-12,96,1.0,True,198.0,189.31494063399163,-8.685059366008375,8.685059366008375,2021-07-12 08:45:00,2021-07-12 13:45:00,300.0,300.0
D1,FG-R1-expanded-q55,13,8,2021-07-13,1,0.010416666666666666,False,79.0,89.38259920152038,10.382599201520378,10.382599201520378,2021-07-13 00:00:00,2021-07-13 00:00:00,0.0,0.0
D1,FG-R1-expanded-q55,13,8,2021-07-17,88,0.9166666666666666,False,108.0,110.11379674939334,2.1137967493933445,2.1137967493933445,2021-07-17 06:00:00,2021-07-17 04:15:00,-105.0,105.0
D1,FG-R1-expanded-q55,13,8,2021-07-18,96,1.0,True,28.0,26.546004366546743,-1.4539956334532569,1.4539956334532569,2021-07-18 01:15:00,2021-07-18 11:45:00,630.0,630.0
D1,FG-R1-expanded-q55,13,9,2021-07-12,96,1.0,True,198.0,190.08432910901485,-7.9156708909851545,7.9156708909851545,2021-07-12 08:45:00,2021-07-12 13:45:00,300.0,300.0
D1,FG-R1-expanded-q55,13,9,2021-07-13,1,0.010416666666666666,False,79.0,90.13962738946786,11.139627389467861,11.139627389467861,2021-07-13 00:00:00,2021-07-13 00:00:00,0.0,0.0
D1,FG-R1-expanded-q55,13,9,2021-07-17,87,0.90625,False,108.0,108.665294274498,0.6652942744979953,0.6652942744979953,2021-07-17 06:00:00,2021-07-17 04:15:00,-105.0,105.0
D1,FG-R1-expanded-q55,13,9,2021-07-18,96,1.0,True,28.0,26.57317004583042,-1.4268299541695804,1.4268299541695804,2021-07-18 01:15:00,2021-07-18 08:30:00,435.0,435.0
D1,FG-R1-expanded-q55,13,10,2021-07-12,96,1.0,True,198.0,190.93168830705972,-7.068311692940284,7.068311692940284,2021-07-12 08:45:00,2021-07-12 13:45:00,300.0,300.0
D1,FG-R1-expanded-q55,13,10,2021-07-13,1,0.010416666666666666,False,79.0,87.68917492759593,8.689174927595928,8.689174927595928,2021-07-13 00:00:00,2021-07-13 00:00:00,0.0,0.0
D1,FG-R1-expanded-q55,13,10,2021-07-17,86,0.8958333333333334,False,108.0,108.81720512532823,0.8172051253282291,0.8172051253282291,2021-07-17 06:00:00,2021-07-17 04:00:00,-120.0,120.0
D1,FG-R1-expanded-q55,13,10,2021-07-18,96,1.0,True,28.0,26.54013626825698,-1.4598637317430203,1.4598637317430203,2021-07-18 01:15:00,2021-07-18 11:45:00,630.0,630.0
D1,FG-R1-expanded-q55,13,11,2021-07-12,96,1.0,True,198.0,188.45775560929835,-9.542244390701654,9.542244390701654,2021-07-12 08:45:00,2021-07-12 13:45:00,300.0,300.0
D1,FG-R1-expanded-q55,13,11,2021-07-13,1,0.010416666666666666,False,79.0,85.75327006954903,6.753270069549032,6.753270069549032,2021-07-13 00:00:00,2021-07-13 00:00:00,0.0,0.0
D1,FG-R1-expanded-q55,13,11,2021-07-17,85,0.8854166666666666,False,108.0,109.45741138592862,1.4574113859286228,1.4574113859286228,2021-07-17 06:00:00,2021-07-17 04:15:00,-105.0,105.0
D1,FG-R1-expanded-q55,13,11,2021-07-18,96,1.0,True,28.0,26.75770148919301,-1.2422985108069895,1.2422985108069895,2021-07-18 01:15:00,2021-07-18 08:30:00,435.0,435.0
D1,FG-R1-expanded-q55,13,12,2021-07-12,96,1.0,True,198.0,187.45572606956807,-10.544273930431928,10.544273930431928,2021-07-12 08:45:00,2021-07-12 13:45:00,300.0,300.0
D1,FG-R1-expanded-q55,13,12,2021-07-13,1,0.010416666666666666,False,79.0,85.77525441303935,6.775254413039349,6.775254413039349,2021-07-13 00:00:00,2021-07-13 00:00:00,0.0,0.0
D1,FG-R1-expanded-q55,13,12,2021-07-17,84,0.875,False,108.0,108.83544206895927,0.8354420689592672,0.8354420689592672,2021-07-17 06:00:00,2021-07-17 04:30:00,-90.0,90.0
D1,FG-R1-expanded-q55,13,12,2021-07-18,96,1.0,True,28.0,26.88138663087643,-1.118613369123569,1.118613369123569,2021-07-18 01:15:00,2021-07-18 08:30:00,435.0,435.0
D1,FG-R1-expanded-q55,13,13,2021-07-12,96,1.0,True,198.0,188.04860558704232,-9.951394412957683,9.951394412957683,2021-07-12 08:45:00,2021-07-12 13:45:00,300.0,300.0
D1,FG-R1-expanded-q55,13,13,2021-07-13,1,0.010416666666666666,False,79.0,86.44426383564499,7.444263835644989,7.444263835644989,2021-07-13 00:00:00,2021-07-13 00:00:00,0.0,0.0
D1,FG-R1-expanded-q55,13,13,2021-07-17,83,0.8645833333333334,False,108.0,109.1712692548052,1.1712692548051962,1.1712692548051962,2021-07-17 06:00:00,2021-07-17 04:15:00,-105.0,105.0
D1,FG-R1-expanded-q55,13,13,2021-07-18,96,1.0,True,28.0,26.829132473864128,-1.170867526135872,1.170867526135872,2021-07-18 01:15:00,2021-07-18 08:30:00,435.0,435.0
D1,FG-R1-expanded-q55,13,14,2021-07-12,96,1.0,True,198.0,189.56667094293434,-8.433329057065663,8.433329057065663,2021-07-12 08:45:00,2021-07-12 13:45:00,300.0,300.0
D1,FG-R1-expanded-q55,13,14,2021-07-13,1,0.010416666666666666,False,79.0,87.22355339004866,8.223553390048664,8.223553390048664,2021-07-13 00:00:00,2021-07-13 00:00:00,0.0,0.0
D1,FG-R1-expanded-q55,13,14,2021-07-17,82,0.8541666666666666,False,108.0,109.04446761933113,1.0444676193311295,1.0444676193311295,2021-07-17 06:00:00,2021-07-17 04:15:00,-105.0,105.0
D1,FG-R1-expanded-q55,13,14,2021-07-18,96,1.0,True,28.0,27.166984632855314,-0.8330153671446858,0.8330153671446858,2021-07-18 01:15:00,2021-07-18 01:45:00,30.0,30.0
D1,FG-R1-expanded-q55,13,15,2021-07-12,96,1.0,True,198.0,188.51414562601084,-9.485854373989156,9.485854373989156,2021-07-12 08:45:00,2021-07-12 13:45:00,300.0,300.0
D1,FG-R1-expanded-q55,13,15,2021-07-13,1,0.010416666666666666,False,79.0,86.6668034668673,7.666803466867293,7.666803466867293,2021-07-13 00:00:00,2021-07-13 00:00:00,0.0,0.0
D1,FG-R1-expanded-q55,13,15,2021-07-17,81,0.84375,False,108.0,109.18184565736904,1.1818456573690383,1.1818456573690383,2021-07-17 06:00:00,2021-07-17 04:00:00,-120.0,120.0
D1,FG-R1-expanded-q55,13,15,2021-07-18,96,1.0,True,28.0,27.26405860991438,-0.7359413900856211,0.7359413900856211,2021-07-18 01:15:00,2021-07-18 11:45:00,630.0,630.0
D1,FG-R1-expanded-q55,13,16,2021-07-12,96,1.0,True,198.0,188.6592237113002,-9.3407762886998,9.3407762886998,2021-07-12 08:45:00,2021-07-12 14:00:00,315.0,315.0
D1,FG-R1-expanded-q55,13,16,2021-07-13,1,0.010416666666666666,False,79.0,86.9687393344848,7.968739334484795,7.968739334484795,2021-07-13 00:00:00,2021-07-13 00:00:00,0.0,0.0
D1,FG-R1-expanded-q55,13,16,2021-07-17,80,0.8333333333333334,False,108.0,109.22427665058554,1.2242766505855371,1.2242766505855371,2021-07-17 06:00:00,2021-07-17 04:15:00,-105.0,105.0
D1,FG-R1-expanded-q55,13,16,2021-07-18,96,1.0,True,28.0,27.181330460242208,-0.8186695397577921,0.8186695397577921,2021-07-18 01:15:00,2021-07-18 11:45:00,630.0,630.0
D1,FG-R1-expanded-q55,15,4,2021-07-26,96,1.0,True,217.0,199.14736898696952,-17.852631013030475,17.852631013030475,2021-07-26 08:30:00,2021-07-26 11:45:00,195.0,195.0
D1,FG-R1-expanded-q55,15,4,2021-07-27,96,1.0,True,211.0,194.66544567552444,-16.33455432447556,16.33455432447556,2021-07-27 11:45:00,2021-07-27 08:45:00,-180.0,180.0
D1,FG-R1-expanded-q55,15,4,2021-07-28,96,1.0,True,212.0,204.9649341613609,-7.035065838639099,7.035065838639099,2021-07-28 12:00:00,2021-07-28 08:45:00,-195.0,195.0
D1,FG-R1-expanded-q55,15,4,2021-07-29,96,1.0,True,211.0,198.46510661494736,-12.53489338505264,12.53489338505264,2021-07-29 12:00:00,2021-07-29 08:45:00,-195.0,195.0
D1,FG-R1-expanded-q55,15,4,2021-07-30,96,1.0,True,212.0,197.2667016810605,-14.73329831893949,14.73329831893949,2021-07-30 12:00:00,2021-07-30 11:45:00,-15.0,15.0
D1,FG-R1-expanded-q55,15,4,2021-07-31,96,1.0,True,80.0,53.43809321076865,-26.56190678923135,26.56190678923135,2021-07-31 00:00:00,2021-07-31 01:45:00,105.0,105.0
D1,FG-R1-expanded-q55,15,4,2021-08-01,96,1.0,True,28.0,33.45252240118136,5.452522401181362,5.452522401181362,2021-08-01 09:00:00,2021-08-01 00:30:00,-510.0,510.0
D1,FG-R1-expanded-q55,15,5,2021-07-26,96,1.0,True,217.0,202.20947583635274,-14.790524163647262,14.790524163647262,2021-07-26 08:30:00,2021-07-26 11:45:00,195.0,195.0
D1,FG-R1-expanded-q55,15,5,2021-07-27,96,1.0,True,211.0,193.6752691870976,-17.324730812902402,17.324730812902402,2021-07-27 11:45:00,2021-07-27 08:30:00,-195.0,195.0
D1,FG-R1-expanded-q55,15,5,2021-07-28,96,1.0,True,212.0,204.79725807646568,-7.202741923534319,7.202741923534319,2021-07-28 12:00:00,2021-07-28 08:45:00,-195.0,195.0
D1,FG-R1-expanded-q55,15,5,2021-07-29,96,1.0,True,211.0,198.15795947953896,-12.84204052046104,12.84204052046104,2021-07-29 12:00:00,2021-07-29 08:30:00,-210.0,210.0
D1,FG-R1-expanded-q55,15,5,2021-07-30,96,1.0,True,212.0,200.21475286667476,-11.785247133325242,11.785247133325242,2021-07-30 12:00:00,2021-07-30 11:45:00,-15.0,15.0
D1,FG-R1-expanded-q55,15,5,2021-07-31,96,1.0,True,80.0,56.96663026910217,-23.03336973089783,23.03336973089783,2021-07-31 00:00:00,2021-07-31 01:15:00,75.0,75.0
D1,FG-R1-expanded-q55,15,5,2021-08-01,96,1.0,True,28.0,33.56345312918471,5.563453129184708,5.563453129184708,2021-08-01 09:00:00,2021-08-01 01:00:00,-480.0,480.0
D1,FG-R1-expanded-q55,15,6,2021-07-26,96,1.0,True,217.0,196.89846682761535,-20.10153317238465,20.10153317238465,2021-07-26 08:30:00,2021-07-26 11:45:00,195.0,195.0
D1,FG-R1-expanded-q55,15,6,2021-07-27,96,1.0,True,211.0,192.6957582487696,-18.304241751230393,18.304241751230393,2021-07-27 11:45:00,2021-07-27 08:45:00,-180.0,180.0
D1,FG-R1-expanded-q55,15,6,2021-07-28,96,1.0,True,212.0,203.36954765548688,-8.630452344513117,8.630452344513117,2021-07-28 12:00:00,2021-07-28 08:45:00,-195.0,195.0
D1,FG-R1-expanded-q55,15,6,2021-07-29,96,1.0,True,211.0,197.71590259835392,-13.284097401646079,13.284097401646079,2021-07-29 12:00:00,2021-07-29 08:30:00,-210.0,210.0
D1,FG-R1-expanded-q55,15,6,2021-07-30,96,1.0,True,212.0,198.82545577912634,-13.174544220873656,13.174544220873656,2021-07-30 12:00:00,2021-07-30 12:00:00,0.0,0.0
D1,FG-R1-expanded-q55,15,6,2021-07-31,96,1.0,True,80.0,66.4895586952795,-13.510441304720501,13.510441304720501,2021-07-31 00:00:00,2021-07-31 01:30:00,90.0,90.0
D1,FG-R1-expanded-q55,15,6,2021-08-01,96,1.0,True,28.0,33.67727957414269,5.677279574142688,5.677279574142688,2021-08-01 09:00:00,2021-08-01 01:15:00,-465.0,465.0
D1,FG-R1-expanded-q55,15,7,2021-07-26,96,1.0,True,217.0,198.21793553248705,-18.782064467512953,18.782064467512953,2021-07-26 08:30:00,2021-07-26 11:45:00,195.0,195.0
D1,FG-R1-expanded-q55,15,7,2021-07-27,96,1.0,True,211.0,191.87341825829122,-19.126581741708776,19.126581741708776,2021-07-27 11:45:00,2021-07-27 08:45:00,-180.0,180.0
D1,FG-R1-expanded-q55,15,7,2021-07-28,96,1.0,True,212.0,199.53509009996955,-12.464909900030449,12.464909900030449,2021-07-28 12:00:00,2021-07-28 08:45:00,-195.0,195.0
D1,FG-R1-expanded-q55,15,7,2021-07-29,96,1.0,True,211.0,196.30854230294167,-14.691457697058325,14.691457697058325,2021-07-29 12:00:00,2021-07-29 08:30:00,-210.0,210.0
D1,FG-R1-expanded-q55,15,7,2021-07-30,96,1.0,True,212.0,197.28108974081556,-14.71891025918444,14.71891025918444,2021-07-30 12:00:00,2021-07-30 11:30:00,-30.0,30.0
D1,FG-R1-expanded-q55,15,7,2021-07-31,96,1.0,True,80.0,68.50126392995348,-11.498736070046519,11.498736070046519,2021-07-31 00:00:00,2021-07-31 01:30:00,90.0,90.0
D1,FG-R1-expanded-q55,15,7,2021-08-01,96,1.0,True,28.0,34.02442651209915,6.024426512099147,6.024426512099147,2021-08-01 09:00:00,2021-08-01 01:45:00,-435.0,435.0
D1,FG-R1-expanded-q55,15,8,2021-07-26,96,1.0,True,217.0,200.30763695942247,-16.692363040577533,16.692363040577533,2021-07-26 08:30:00,2021-07-26 11:45:00,195.0,195.0
D1,FG-R1-expanded-q55,15,8,2021-07-27,96,1.0,True,211.0,193.8286056534394,-17.17139434656059,17.17139434656059,2021-07-27 11:45:00,2021-07-27 08:30:00,-195.0,195.0
D1,FG-R1-expanded-q55,15,8,2021-07-28,96,1.0,True,212.0,202.72095366097687,-9.279046339023125,9.279046339023125,2021-07-28 12:00:00,2021-07-28 08:30:00,-210.0,210.0
D1,FG-R1-expanded-q55,15,8,2021-07-29,96,1.0,True,211.0,198.73597512034252,-12.264024879657484,12.264024879657484,2021-07-29 12:00:00,2021-07-29 11:30:00,-30.0,30.0
D1,FG-R1-expanded-q55,15,8,2021-07-30,96,1.0,True,212.0,199.77009407999725,-12.22990592000275,12.22990592000275,2021-07-30 12:00:00,2021-07-30 11:45:00,-15.0,15.0
D1,FG-R1-expanded-q55,15,8,2021-07-31,96,1.0,True,80.0,70.16864598997377,-9.831354010026232,9.831354010026232,2021-07-31 00:00:00,2021-07-31 01:45:00,105.0,105.0
D1,FG-R1-expanded-q55,15,8,2021-08-01,96,1.0,True,28.0,35.556789644587354,7.556789644587354,7.556789644587354,2021-08-01 09:00:00,2021-08-01 02:00:00,-420.0,420.0
D1,FG-R1-expanded-q55,15,9,2021-07-26,96,1.0,True,217.0,199.51006800861765,-17.48993199138235,17.48993199138235,2021-07-26 08:30:00,2021-07-26 11:45:00,195.0,195.0
D1,FG-R1-expanded-q55,15,9,2021-07-27,96,1.0,True,211.0,194.88453718668688,-16.115462813313115,16.115462813313115,2021-07-27 11:45:00,2021-07-27 08:30:00,-195.0,195.0
D1,FG-R1-expanded-q55,15,9,2021-07-28,96,1.0,True,212.0,203.94225267344368,-8.057747326556324,8.057747326556324,2021-07-28 12:00:00,2021-07-28 08:30:00,-210.0,210.0
D1,FG-R1-expanded-q55,15,9,2021-07-29,96,1.0,True,211.0,199.14639730159405,-11.85360269840595,11.85360269840595,2021-07-29 12:00:00,2021-07-29 08:45:00,-195.0,195.0
D1,FG-R1-expanded-q55,15,9,2021-07-30,96,1.0,True,212.0,201.24723162596632,-10.752768374033678,10.752768374033678,2021-07-30 12:00:00,2021-07-30 12:00:00,0.0,0.0
D1,FG-R1-expanded-q55,15,9,2021-07-31,96,1.0,True,80.0,71.12906616279618,-8.870933837203822,8.870933837203822,2021-07-31 00:00:00,2021-07-31 01:30:00,90.0,90.0
D1,FG-R1-expanded-q55,15,9,2021-08-01,96,1.0,True,28.0,36.691708210124965,8.691708210124965,8.691708210124965,2021-08-01 09:00:00,2021-08-01 02:00:00,-420.0,420.0
D1,FG-R1-expanded-q55,15,10,2021-07-26,96,1.0,True,217.0,199.1625484054459,-17.837451594554096,17.837451594554096,2021-07-26 08:30:00,2021-07-26 11:45:00,195.0,195.0
D1,FG-R1-expanded-q55,15,10,2021-07-27,96,1.0,True,211.0,195.97391404475044,-15.026085955249556,15.026085955249556,2021-07-27 11:45:00,2021-07-27 08:30:00,-195.0,195.0
D1,FG-R1-expanded-q55,15,10,2021-07-28,96,1.0,True,212.0,205.0099192617622,-6.990080738237793,6.990080738237793,2021-07-28 12:00:00,2021-07-28 08:30:00,-210.0,210.0
D1,FG-R1-expanded-q55,15,10,2021-07-29,96,1.0,True,211.0,198.6631394429092,-12.336860557090802,12.336860557090802,2021-07-29 12:00:00,2021-07-29 12:00:00,0.0,0.0
D1,FG-R1-expanded-q55,15,10,2021-07-30,96,1.0,True,212.0,201.52782311058508,-10.472176889414925,10.472176889414925,2021-07-30 12:00:00,2021-07-30 11:45:00,-15.0,15.0
D1,FG-R1-expanded-q55,15,10,2021-07-31,96,1.0,True,80.0,71.92373793477672,-8.076262065223275,8.076262065223275,2021-07-31 00:00:00,2021-07-31 01:45:00,105.0,105.0
D1,FG-R1-expanded-q55,15,10,2021-08-01,96,1.0,True,28.0,36.19922480384415,8.199224803844153,8.199224803844153,2021-08-01 09:00:00,2021-08-01 02:00:00,-420.0,420.0
D1,FG-R1-expanded-q55,15,11,2021-07-26,96,1.0,True,217.0,202.68822907814493,-14.311770921855071,14.311770921855071,2021-07-26 08:30:00,2021-07-26 11:45:00,195.0,195.0
D1,FG-R1-expanded-q55,15,11,2021-07-27,96,1.0,True,211.0,196.44760675727457,-14.55239324272543,14.55239324272543,2021-07-27 11:45:00,2021-07-27 08:45:00,-180.0,180.0
D1,FG-R1-expanded-q55,15,11,2021-07-28,96,1.0,True,212.0,203.96465137680838,-8.035348623191624,8.035348623191624,2021-07-28 12:00:00,2021-07-28 08:45:00,-195.0,195.0
D1,FG-R1-expanded-q55,15,11,2021-07-29,96,1.0,True,211.0,197.83440458953547,-13.165595410464533,13.165595410464533,2021-07-29 12:00:00,2021-07-29 12:00:00,0.0,0.0
D1,FG-R1-expanded-q55,15,11,2021-07-30,96,1.0,True,212.0,201.70978981763682,-10.290210182363182,10.290210182363182,2021-07-30 12:00:00,2021-07-30 11:45:00,-15.0,15.0
D1,FG-R1-expanded-q55,15,11,2021-07-31,96,1.0,True,80.0,71.18630143016358,-8.813698569836419,8.813698569836419,2021-07-31 00:00:00,2021-07-31 01:45:00,105.0,105.0
D1,FG-R1-expanded-q55,15,11,2021-08-01,96,1.0,True,28.0,36.22774686480119,8.22774686480119,8.22774686480119,2021-08-01 09:00:00,2021-08-01 02:00:00,-420.0,420.0
D1,FG-R1-expanded-q55,15,12,2021-07-26,96,1.0,True,217.0,201.10208903511756,-15.897910964882442,15.897910964882442,2021-07-26 08:30:00,2021-07-26 11:45:00,195.0,195.0
D1,FG-R1-expanded-q55,15,12,2021-07-27,96,1.0,True,211.0,194.70035871024527,-16.29964128975473,16.29964128975473,2021-07-27 11:45:00,2021-07-27 08:45:00,-180.0,180.0
D1,FG-R1-expanded-q55,15,12,2021-07-28,96,1.0,True,212.0,202.4556153589749,-9.54438464102509,9.54438464102509,2021-07-28 12:00:00,2021-07-28 08:45:00,-195.0,195.0
D1,FG-R1-expanded-q55,15,12,2021-07-29,96,1.0,True,211.0,196.40957380320657,-14.59042619679343,14.59042619679343,2021-07-29 12:00:00,2021-07-29 08:45:00,-195.0,195.0
D1,FG-R1-expanded-q55,15,12,2021-07-30,96,1.0,True,212.0,201.90208514862704,-10.097914851372963,10.097914851372963,2021-07-30 12:00:00,2021-07-30 11:45:00,-15.0,15.0
D1,FG-R1-expanded-q55,15,12,2021-07-31,96,1.0,True,80.0,69.66366600728107,-10.336333992718934,10.336333992718934,2021-07-31 00:00:00,2021-07-31 01:30:00,90.0,90.0
D1,FG-R1-expanded-q55,15,12,2021-08-01,96,1.0,True,28.0,36.0710860183249,8.071086018324898,8.071086018324898,2021-08-01 09:00:00,2021-08-01 02:15:00,-405.0,405.0
D1,FG-R1-expanded-q55,15,13,2021-07-26,96,1.0,True,217.0,201.9956768499249,-15.004323150075095,15.004323150075095,2021-07-26 08:30:00,2021-07-26 11:45:00,195.0,195.0
D1,FG-R1-expanded-q55,15,13,2021-07-27,96,1.0,True,211.0,193.03801201290634,-17.961987987093664,17.961987987093664,2021-07-27 11:45:00,2021-07-27 11:45:00,0.0,0.0
D1,FG-R1-expanded-q55,15,13,2021-07-28,96,1.0,True,212.0,199.72227941147372,-12.277720588526279,12.277720588526279,2021-07-28 12:00:00,2021-07-28 08:45:00,-195.0,195.0
D1,FG-R1-expanded-q55,15,13,2021-07-29,96,1.0,True,211.0,196.03877672413137,-14.961223275868633,14.961223275868633,2021-07-29 12:00:00,2021-07-29 12:00:00,0.0,0.0
D1,FG-R1-expanded-q55,15,13,2021-07-30,96,1.0,True,212.0,201.87215989291735,-10.127840107082648,10.127840107082648,2021-07-30 12:00:00,2021-07-30 11:45:00,-15.0,15.0
D1,FG-R1-expanded-q55,15,13,2021-07-31,96,1.0,True,80.0,70.60873657973877,-9.391263420261225,9.391263420261225,2021-07-31 00:00:00,2021-07-31 01:45:00,105.0,105.0
D1,FG-R1-expanded-q55,15,13,2021-08-01,96,1.0,True,28.0,33.88285579436976,5.88285579436976,5.88285579436976,2021-08-01 09:00:00,2021-08-01 02:15:00,-405.0,405.0
D1,FG-R1-expanded-q55,15,14,2021-07-26,96,1.0,True,217.0,195.8589133226686,-21.1410866773314,21.1410866773314,2021-07-26 08:30:00,2021-07-26 12:00:00,210.0,210.0
D1,FG-R1-expanded-q55,15,14,2021-07-27,96,1.0,True,211.0,193.72554256756834,-17.27445743243166,17.27445743243166,2021-07-27 11:45:00,2021-07-27 12:00:00,15.0,15.0
D1,FG-R1-expanded-q55,15,14,2021-07-28,96,1.0,True,212.0,201.1561270288785,-10.843872971121499,10.843872971121499,2021-07-28 12:00:00,2021-07-28 11:45:00,-15.0,15.0
D1,FG-R1-expanded-q55,15,14,2021-07-29,96,1.0,True,211.0,196.8584930024877,-14.141506997512295,14.141506997512295,2021-07-29 12:00:00,2021-07-29 12:00:00,0.0,0.0
D1,FG-R1-expanded-q55,15,14,2021-07-30,96,1.0,True,212.0,202.32733285932602,-9.67266714067398,9.67266714067398,2021-07-30 12:00:00,2021-07-30 12:00:00,0.0,0.0
D1,FG-R1-expanded-q55,15,14,2021-07-31,96,1.0,True,80.0,68.58444565156404,-11.415554348435961,11.415554348435961,2021-07-31 00:00:00,2021-07-31 01:45:00,105.0,105.0
D1,FG-R1-expanded-q55,15,14,2021-08-01,96,1.0,True,28.0,34.39864862246924,6.3986486224692385,6.3986486224692385,2021-08-01 09:00:00,2021-08-01 03:30:00,-330.0,330.0
D1,FG-R1-expanded-q55,15,15,2021-07-26,96,1.0,True,217.0,193.24391197191554,-23.756088028084463,23.756088028084463,2021-07-26 08:30:00,2021-07-26 11:45:00,195.0,195.0
D1,FG-R1-expanded-q55,15,15,2021-07-27,96,1.0,True,211.0,191.26424146625737,-19.735758533742626,19.735758533742626,2021-07-27 11:45:00,2021-07-27 08:45:00,-180.0,180.0
D1,FG-R1-expanded-q55,15,15,2021-07-28,96,1.0,True,212.0,201.7212994692074,-10.278700530792605,10.278700530792605,2021-07-28 12:00:00,2021-07-28 08:45:00,-195.0,195.0
D1,FG-R1-expanded-q55,15,15,2021-07-29,96,1.0,True,211.0,195.14118641473448,-15.858813585265523,15.858813585265523,2021-07-29 12:00:00,2021-07-29 11:45:00,-15.0,15.0
D1,FG-R1-expanded-q55,15,15,2021-07-30,96,1.0,True,212.0,201.8020399625529,-10.197960037447103,10.197960037447103,2021-07-30 12:00:00,2021-07-30 12:00:00,0.0,0.0
D1,FG-R1-expanded-q55,15,15,2021-07-31,96,1.0,True,80.0,69.31815040935585,-10.681849590644148,10.681849590644148,2021-07-31 00:00:00,2021-07-31 01:45:00,105.0,105.0
D1,FG-R1-expanded-q55,15,15,2021-08-01,96,1.0,True,28.0,34.50553314842911,6.505533148429109,6.505533148429109,2021-08-01 09:00:00,2021-08-01 03:30:00,-330.0,330.0
D1,FG-R1-expanded-q55,15,16,2021-07-26,96,1.0,True,217.0,190.78528146930992,-26.214718530690078,26.214718530690078,2021-07-26 08:30:00,2021-07-26 08:45:00,15.0,15.0
D1,FG-R1-expanded-q55,15,16,2021-07-27,96,1.0,True,211.0,191.25520494090625,-19.744795059093747,19.744795059093747,2021-07-27 11:45:00,2021-07-27 08:45:00,-180.0,180.0
D1,FG-R1-expanded-q55,15,16,2021-07-28,96,1.0,True,212.0,201.1071842316304,-10.892815768369587,10.892815768369587,2021-07-28 12:00:00,2021-07-28 08:45:00,-195.0,195.0
D1,FG-R1-expanded-q55,15,16,2021-07-29,96,1.0,True,211.0,196.27296823945488,-14.727031760545117,14.727031760545117,2021-07-29 12:00:00,2021-07-29 11:45:00,-15.0,15.0
D1,FG-R1-expanded-q55,15,16,2021-07-30,96,1.0,True,212.0,199.1015690315593,-12.898430968440692,12.898430968440692,2021-07-30 12:00:00,2021-07-30 11:45:00,-15.0,15.0
D1,FG-R1-expanded-q55,15,16,2021-07-31,96,1.0,True,80.0,69.45374534854773,-10.546254651452273,10.546254651452273,2021-07-31 00:00:00,2021-07-31 01:45:00,105.0,105.0
D1,FG-R1-expanded-q55,15,16,2021-08-01,96,1.0,True,28.0,34.829269009015384,6.829269009015384,6.829269009015384,2021-08-01 09:00:00,2021-08-01 03:30:00,-330.0,330.0
D2,FG-R1-expanded-q55,1,4,2021-04-19,96,1.0,True,172.0,174.48179829858896,2.4817982985889557,2.4817982985889557,2021-04-19 08:45:00,2021-04-19 13:15:00,270.0,270.0
D2,FG-R1-expanded-q55,1,4,2021-04-20,96,1.0,True,172.0,172.30261620087964,0.3026162008796405,0.3026162008796405,2021-04-20 08:45:00,2021-04-20 09:00:00,15.0,15.0
D2,FG-R1-expanded-q55,1,4,2021-04-21,96,1.0,True,174.0,176.1195647496273,2.119564749627301,2.119564749627301,2021-04-21 08:30:00,2021-04-21 09:00:00,30.0,30.0
D2,FG-R1-expanded-q55,1,4,2021-04-22,96,1.0,True,174.0,169.53183108630097,-4.4681689136990315,4.4681689136990315,2021-04-22 08:30:00,2021-04-22 10:30:00,120.0,120.0
D2,FG-R1-expanded-q55,1,4,2021-04-23,96,1.0,True,174.0,171.94528300932566,-2.0547169906743363,2.0547169906743363,2021-04-23 08:30:00,2021-04-23 10:30:00,120.0,120.0
D2,FG-R1-expanded-q55,1,4,2021-04-24,96,1.0,True,112.0,110.00508100006371,-1.9949189999362886,1.9949189999362886,2021-04-24 06:15:00,2021-04-24 04:30:00,-105.0,105.0
D2,FG-R1-expanded-q55,1,4,2021-04-25,96,1.0,True,25.0,47.68555732261919,22.68555732261919,22.68555732261919,2021-04-25 01:30:00,2021-04-25 00:45:00,-45.0,45.0
D2,FG-R1-expanded-q55,1,5,2021-04-19,96,1.0,True,172.0,174.52520955347177,2.5252095534717682,2.5252095534717682,2021-04-19 08:45:00,2021-04-19 13:15:00,270.0,270.0
D2,FG-R1-expanded-q55,1,5,2021-04-20,96,1.0,True,172.0,170.3932381491218,-1.6067618508782004,1.6067618508782004,2021-04-20 08:45:00,2021-04-20 09:00:00,15.0,15.0
D2,FG-R1-expanded-q55,1,5,2021-04-21,96,1.0,True,174.0,175.3995482701351,1.3995482701351136,1.3995482701351136,2021-04-21 08:30:00,2021-04-21 09:00:00,30.0,30.0
D2,FG-R1-expanded-q55,1,5,2021-04-22,96,1.0,True,174.0,168.86639529528534,-5.1336047047146565,5.1336047047146565,2021-04-22 08:30:00,2021-04-22 10:45:00,135.0,135.0
D2,FG-R1-expanded-q55,1,5,2021-04-23,96,1.0,True,174.0,171.0978621410633,-2.9021378589366975,2.9021378589366975,2021-04-23 08:30:00,2021-04-23 08:30:00,0.0,0.0
D2,FG-R1-expanded-q55,1,5,2021-04-24,96,1.0,True,112.0,109.83597547027856,-2.164024529721445,2.164024529721445,2021-04-24 06:15:00,2021-04-24 04:45:00,-90.0,90.0
D2,FG-R1-expanded-q55,1,5,2021-04-25,96,1.0,True,25.0,48.72629066002153,23.726290660021533,23.726290660021533,2021-04-25 01:30:00,2021-04-25 01:00:00,-30.0,30.0
D2,FG-R1-expanded-q55,1,6,2021-04-19,96,1.0,True,172.0,174.78503621362802,2.7850362136280182,2.7850362136280182,2021-04-19 08:45:00,2021-04-19 13:15:00,270.0,270.0
D2,FG-R1-expanded-q55,1,6,2021-04-20,96,1.0,True,172.0,167.58905418916086,-4.410945810839138,4.410945810839138,2021-04-20 08:45:00,2021-04-20 08:45:00,0.0,0.0
D2,FG-R1-expanded-q55,1,6,2021-04-21,96,1.0,True,174.0,173.5784764233875,-0.4215235766124863,0.4215235766124863,2021-04-21 08:30:00,2021-04-21 09:00:00,30.0,30.0
D2,FG-R1-expanded-q55,1,6,2021-04-22,96,1.0,True,174.0,169.43400698962128,-4.565993010378719,4.565993010378719,2021-04-22 08:30:00,2021-04-22 10:30:00,120.0,120.0
D2,FG-R1-expanded-q55,1,6,2021-04-23,96,1.0,True,174.0,171.8581618236805,-2.14183817631951,2.14183817631951,2021-04-23 08:30:00,2021-04-23 08:30:00,0.0,0.0
D2,FG-R1-expanded-q55,1,6,2021-04-24,96,1.0,True,112.0,108.43140393707543,-3.56859606292457,3.56859606292457,2021-04-24 06:15:00,2021-04-24 06:15:00,0.0,0.0
D2,FG-R1-expanded-q55,1,6,2021-04-25,96,1.0,True,25.0,60.81985328530226,35.81985328530226,35.81985328530226,2021-04-25 01:30:00,2021-04-25 01:15:00,-15.0,15.0
D2,FG-R1-expanded-q55,1,7,2021-04-19,96,1.0,True,172.0,174.3899861647999,2.3899861647998932,2.3899861647998932,2021-04-19 08:45:00,2021-04-19 13:15:00,270.0,270.0
D2,FG-R1-expanded-q55,1,7,2021-04-20,96,1.0,True,172.0,167.4033699850593,-4.5966300149407004,4.5966300149407004,2021-04-20 08:45:00,2021-04-20 09:00:00,15.0,15.0
D2,FG-R1-expanded-q55,1,7,2021-04-21,96,1.0,True,174.0,172.6253514233875,-1.3746485766124863,1.3746485766124863,2021-04-21 08:30:00,2021-04-21 09:00:00,30.0,30.0
D2,FG-R1-expanded-q55,1,7,2021-04-22,96,1.0,True,174.0,168.23172122301972,-5.7682787769802815,5.7682787769802815,2021-04-22 08:30:00,2021-04-22 10:45:00,135.0,135.0
D2,FG-R1-expanded-q55,1,7,2021-04-23,96,1.0,True,174.0,171.37252910307566,-2.6274708969243363,2.6274708969243363,2021-04-23 08:30:00,2021-04-23 10:30:00,120.0,120.0
D2,FG-R1-expanded-q55,1,7,2021-04-24,96,1.0,True,112.0,107.4510267398098,-4.548973260190195,4.548973260190195,2021-04-24 06:15:00,2021-04-24 04:45:00,-90.0,90.0
D2,FG-R1-expanded-q55,1,7,2021-04-25,96,1.0,True,25.0,65.8603882584468,40.860388258446804,40.860388258446804,2021-04-25 01:30:00,2021-04-25 01:30:00,0.0,0.0
D2,FG-R1-expanded-q55,1,8,2021-04-19,96,1.0,True,172.0,173.7558955192241,1.7558955192241115,1.7558955192241115,2021-04-19 08:45:00,2021-04-19 13:15:00,270.0,270.0
D2,FG-R1-expanded-q55,1,8,2021-04-20,96,1.0,True,172.0,164.69748392531653,-7.302516074683467,7.302516074683467,2021-04-20 08:45:00,2021-04-20 11:45:00,180.0,180.0
D2,FG-R1-expanded-q55,1,8,2021-04-21,96,1.0,True,174.0,174.54703972521324,0.5470397252132386,0.5470397252132386,2021-04-21 08:30:00,2021-04-21 09:00:00,30.0,30.0
D2,FG-R1-expanded-q55,1,8,2021-04-22,96,1.0,True,174.0,170.33123606401892,-3.668763935981076,3.668763935981076,2021-04-22 08:30:00,2021-04-22 08:30:00,0.0,0.0
D2,FG-R1-expanded-q55,1,8,2021-04-23,96,1.0,True,174.0,173.08506001703986,-0.914939982960135,0.914939982960135,2021-04-23 08:30:00,2021-04-23 08:30:00,0.0,0.0
D2,FG-R1-expanded-q55,1,8,2021-04-24,96,1.0,True,112.0,106.8394773623684,-5.160522637631601,5.160522637631601,2021-04-24 06:15:00,2021-04-24 02:30:00,-225.0,225.0
D2,FG-R1-expanded-q55,1,8,2021-04-25,96,1.0,True,25.0,67.13527579796099,42.135275797960986,42.135275797960986,2021-04-25 01:30:00,2021-04-25 01:45:00,15.0,15.0
D2,FG-R1-expanded-q55,1,9,2021-04-19,96,1.0,True,172.0,173.886724376646,1.8867243766459865,1.8867243766459865,2021-04-19 08:45:00,2021-04-19 13:15:00,270.0,270.0
D2,FG-R1-expanded-q55,1,9,2021-04-20,96,1.0,True,172.0,165.37163248488685,-6.628367515113155,6.628367515113155,2021-04-20 08:45:00,2021-04-20 12:00:00,195.0,195.0
D2,FG-R1-expanded-q55,1,9,2021-04-21,96,1.0,True,174.0,174.35245964708824,0.3524596470882386,0.3524596470882386,2021-04-21 08:30:00,2021-04-21 09:00:00,30.0,30.0
D2,FG-R1-expanded-q55,1,9,2021-04-22,96,1.0,True,174.0,170.06219309526892,-3.937806904731076,3.937806904731076,2021-04-22 08:30:00,2021-04-22 08:30:00,0.0,0.0
D2,FG-R1-expanded-q55,1,9,2021-04-23,96,1.0,True,174.0,171.90523902004185,-2.094760979958153,2.094760979958153,2021-04-23 08:30:00,2021-04-23 10:30:00,120.0,120.0
D2,FG-R1-expanded-q55,1,9,2021-04-24,96,1.0,True,112.0,108.40941602203637,-3.5905839779636324,3.5905839779636324,2021-04-24 06:15:00,2021-04-24 04:45:00,-90.0,90.0
D2,FG-R1-expanded-q55,1,9,2021-04-25,96,1.0,True,25.0,63.85770316612504,38.85770316612504,38.85770316612504,2021-04-25 01:30:00,2021-04-25 02:00:00,30.0,30.0
D2,FG-R1-expanded-q55,1,10,2021-04-19,96,1.0,True,172.0,177.1730214431202,5.173021443120206,5.173021443120206,2021-04-19 08:45:00,2021-04-19 13:15:00,270.0,270.0
D2,FG-R1-expanded-q55,1,10,2021-04-20,96,1.0,True,172.0,165.44179239699622,-6.55820760300378,6.55820760300378,2021-04-20 08:45:00,2021-04-20 11:15:00,150.0,150.0
D2,FG-R1-expanded-q55,1,10,2021-04-21,96,1.0,True,174.0,175.7443663853695,1.7443663853694886,1.7443663853694886,2021-04-21 08:30:00,2021-04-21 09:00:00,30.0,30.0
D2,FG-R1-expanded-q55,1,10,2021-04-22,96,1.0,True,174.0,169.5184338695041,-4.4815661304959065,4.4815661304959065,2021-04-22 08:30:00,2021-04-22 11:00:00,150.0,150.0
D2,FG-R1-expanded-q55,1,10,2021-04-23,96,1.0,True,174.0,173.717414753368,-0.28258524663201,0.28258524663201,2021-04-23 08:30:00,2021-04-23 08:30:00,0.0,0.0
D2,FG-R1-expanded-q55,1,10,2021-04-24,96,1.0,True,112.0,111.61644114185958,-0.3835588581404181,0.3835588581404181,2021-04-24 06:15:00,2021-04-24 04:45:00,-90.0,90.0
D2,FG-R1-expanded-q55,1,10,2021-04-25,96,1.0,True,25.0,63.26517768394731,38.26517768394731,38.26517768394731,2021-04-25 01:30:00,2021-04-25 02:15:00,45.0,45.0
D2,FG-R1-expanded-q55,1,11,2021-04-19,96,1.0,True,172.0,175.45848286890146,3.4584828689014557,3.4584828689014557,2021-04-19 08:45:00,2021-04-19 13:15:00,270.0,270.0
D2,FG-R1-expanded-q55,1,11,2021-04-20,96,1.0,True,172.0,163.7800950093009,-8.219904990699092,8.219904990699092,2021-04-20 08:45:00,2021-04-20 12:00:00,195.0,195.0
D2,FG-R1-expanded-q55,1,11,2021-04-21,96,1.0,True,174.0,175.15629265490074,1.1562926549007386,1.1562926549007386,2021-04-21 08:30:00,2021-04-21 09:00:00,30.0,30.0
D2,FG-R1-expanded-q55,1,11,2021-04-22,96,1.0,True,174.0,168.77180528080936,-5.22819471919064,5.22819471919064,2021-04-22 08:30:00,2021-04-22 11:00:00,150.0,150.0
D2,FG-R1-expanded-q55,1,11,2021-04-23,96,1.0,True,174.0,170.2510603832508,-3.7489396167491975,3.7489396167491975,2021-04-23 08:30:00,2021-04-23 08:30:00,0.0,0.0
D2,FG-R1-expanded-q55,1,11,2021-04-24,96,1.0,True,112.0,111.02166117359786,-0.9783388264021369,0.9783388264021369,2021-04-24 06:15:00,2021-04-24 04:45:00,-90.0,90.0
D2,FG-R1-expanded-q55,1,11,2021-04-25,96,1.0,True,25.0,63.2272481490352,38.2272481490352,38.2272481490352,2021-04-25 01:30:00,2021-04-25 02:30:00,60.0,60.0
D2,FG-R1-expanded-q55,1,12,2021-04-19,96,1.0,True,172.0,173.85719513339865,1.8571951333986476,1.8571951333986476,2021-04-19 08:45:00,2021-04-19 13:15:00,270.0,270.0
D2,FG-R1-expanded-q55,1,12,2021-04-20,96,1.0,True,172.0,164.3528946919181,-7.647105308081905,7.647105308081905,2021-04-20 08:45:00,2021-04-20 11:45:00,180.0,180.0
D2,FG-R1-expanded-q55,1,12,2021-04-21,96,1.0,True,174.0,175.13724968615074,1.1372496861507386,1.1372496861507386,2021-04-21 08:30:00,2021-04-21 09:00:00,30.0,30.0
D2,FG-R1-expanded-q55,1,12,2021-04-22,96,1.0,True,174.0,169.34544152733673,-4.654558472663268,4.654558472663268,2021-04-22 08:30:00,2021-04-22 08:30:00,0.0,0.0
D2,FG-R1-expanded-q55,1,12,2021-04-23,96,1.0,True,174.0,171.02511206691685,-2.974887933083153,2.974887933083153,2021-04-23 08:30:00,2021-04-23 10:45:00,135.0,135.0
D2,FG-R1-expanded-q55,1,12,2021-04-24,96,1.0,True,112.0,110.51243723560958,-1.4875627643904181,1.4875627643904181,2021-04-24 06:15:00,2021-04-24 04:45:00,-90.0,90.0
D2,FG-R1-expanded-q55,1,12,2021-04-25,96,1.0,True,25.0,63.40305228721879,38.40305228721879,38.40305228721879,2021-04-25 01:30:00,2021-04-25 02:45:00,75.0,75.0
D2,FG-R1-expanded-q55,1,13,2021-04-19,96,1.0,True,172.0,172.24247955722677,0.2424795572267726,0.2424795572267726,2021-04-19 08:45:00,2021-04-19 13:15:00,270.0,270.0
D2,FG-R1-expanded-q55,1,13,2021-04-20,96,1.0,True,172.0,163.7921639303718,-8.2078360696282,8.2078360696282,2021-04-20 08:45:00,2021-04-20 11:00:00,135.0,135.0
D2,FG-R1-expanded-q55,1,13,2021-04-21,96,1.0,True,174.0,172.24276780522345,-1.7572321947765488,1.7572321947765488,2021-04-21 08:30:00,2021-04-21 09:00:00,30.0,30.0
D2,FG-R1-expanded-q55,1,13,2021-04-22,96,1.0,True,174.0,170.08972215092655,-3.910277849073452,3.910277849073452,2021-04-22 08:30:00,2021-04-22 11:00:00,150.0,150.0
D2,FG-R1-expanded-q55,1,13,2021-04-23,96,1.0,True,174.0,171.82099524562778,-2.1790047543722153,2.1790047543722153,2021-04-23 08:30:00,2021-04-23 11:00:00,150.0,150.0
D2,FG-R1-expanded-q55,1,13,2021-04-24,96,1.0,True,112.0,110.06833780934005,-1.9316621906599494,1.9316621906599494,2021-04-24 06:15:00,2021-04-24 04:45:00,-90.0,90.0
D2,FG-R1-expanded-q55,1,13,2021-04-25,96,1.0,True,25.0,60.850611643908245,35.850611643908245,35.850611643908245,2021-04-25 01:30:00,2021-04-25 03:00:00,90.0,90.0
D2,FG-R1-expanded-q55,1,14,2021-04-19,96,1.0,True,172.0,172.67041229648459,0.6704122964845851,0.6704122964845851,2021-04-19 08:45:00,2021-04-19 13:15:00,270.0,270.0
D2,FG-R1-expanded-q55,1,14,2021-04-20,96,1.0,True,172.0,165.9600869040046,-6.039913095995388,6.039913095995388,2021-04-20 08:45:00,2021-04-20 09:00:00,15.0,15.0
D2,FG-R1-expanded-q55,1,14,2021-04-21,96,1.0,True,174.0,173.59719753845584,-0.4028024615441552,0.4028024615441552,2021-04-21 08:30:00,2021-04-21 12:00:00,210.0,210.0
D2,FG-R1-expanded-q55,1,14,2021-04-22,96,1.0,True,174.0,169.87873887455936,-4.12126112544064,4.12126112544064,2021-04-22 08:30:00,2021-04-22 10:45:00,135.0,135.0
D2,FG-R1-expanded-q55,1,14,2021-04-23,96,1.0,True,174.0,170.4778098208231,-3.522190179176903,3.522190179176903,2021-04-23 08:30:00,2021-04-23 10:30:00,120.0,120.0
D2,FG-R1-expanded-q55,1,14,2021-04-24,96,1.0,True,112.0,109.72664080097465,-2.27335919902535,2.27335919902535,2021-04-24 06:15:00,2021-04-24 04:45:00,-90.0,90.0
D2,FG-R1-expanded-q55,1,14,2021-04-25,96,1.0,True,25.0,55.11099906456254,30.11099906456254,30.11099906456254,2021-04-25 01:30:00,2021-04-25 03:15:00,105.0,105.0
D2,FG-R1-expanded-q55,1,15,2021-04-19,96,1.0,True,172.0,169.05151581210959,-2.948484187890415,2.948484187890415,2021-04-19 08:45:00,2021-04-19 13:15:00,270.0,270.0
D2,FG-R1-expanded-q55,1,15,2021-04-20,96,1.0,True,172.0,164.27672203584055,-7.7232779641594504,7.7232779641594504,2021-04-20 08:45:00,2021-04-20 11:45:00,180.0,180.0
D2,FG-R1-expanded-q55,1,15,2021-04-21,96,1.0,True,174.0,173.0754682417533,-0.924531758246701,0.924531758246701,2021-04-21 08:30:00,2021-04-21 12:00:00,210.0,210.0
D2,FG-R1-expanded-q55,1,15,2021-04-22,96,1.0,True,174.0,168.48558091557499,-5.514419084425015,5.514419084425015,2021-04-22 08:30:00,2021-04-22 11:00:00,150.0,150.0
D2,FG-R1-expanded-q55,1,15,2021-04-23,96,1.0,True,174.0,170.19929114406528,-3.8007088559347153,3.8007088559347153,2021-04-23 08:30:00,2021-04-23 10:30:00,120.0,120.0
D2,FG-R1-expanded-q55,1,15,2021-04-24,96,1.0,True,112.0,109.1550062319973,-2.844993768002695,2.844993768002695,2021-04-24 06:15:00,2021-04-24 04:45:00,-90.0,90.0
D2,FG-R1-expanded-q55,1,15,2021-04-25,96,1.0,True,25.0,58.98017402183793,33.98017402183793,33.98017402183793,2021-04-25 01:30:00,2021-04-25 03:30:00,120.0,120.0
D2,FG-R1-expanded-q55,1,16,2021-04-19,96,1.0,True,172.0,173.04770111484396,1.0477011148439601,1.0477011148439601,2021-04-19 08:45:00,2021-04-19 13:15:00,270.0,270.0
D2,FG-R1-expanded-q55,1,16,2021-04-20,96,1.0,True,172.0,164.92540367646555,-7.0745963235344504,7.0745963235344504,2021-04-20 08:45:00,2021-04-20 11:45:00,180.0,180.0
D2,FG-R1-expanded-q55,1,16,2021-04-21,96,1.0,True,174.0,171.924268900933,-2.0757310990670135,2.0757310990670135,2021-04-21 08:30:00,2021-04-21 12:00:00,210.0,210.0
D2,FG-R1-expanded-q55,1,16,2021-04-22,96,1.0,True,174.0,170.18293809330936,-3.8170619066906397,3.8170619066906397,2021-04-22 08:30:00,2021-04-22 10:30:00,120.0,120.0
D2,FG-R1-expanded-q55,1,16,2021-04-23,96,1.0,True,174.0,172.77637854640903,-1.2236214535909653,1.2236214535909653,2021-04-23 08:30:00,2021-04-23 10:30:00,120.0,120.0
D2,FG-R1-expanded-q55,1,16,2021-04-24,96,1.0,True,112.0,111.77436048004418,-0.22563951995581988,0.22563951995581988,2021-04-24 06:15:00,2021-04-24 04:45:00,-90.0,90.0
D2,FG-R1-expanded-q55,1,16,2021-04-25,96,1.0,True,25.0,58.69348807823442,33.69348807823442,33.69348807823442,2021-04-25 01:30:00,2021-04-25 03:45:00,135.0,135.0
D2,FG-R1-expanded-q55,3,4,2021-05-05,95,0.9895833333333334,False,120.0,168.8510066973945,48.851006697394496,48.851006697394496,2021-05-05 04:15:00,2021-05-05 08:30:00,255.0,255.0
D2,FG-R1-expanded-q55,3,4,2021-05-06,96,1.0,True,199.0,178.44936574787621,-20.550634252123785,20.550634252123785,2021-05-06 09:00:00,2021-05-06 12:00:00,180.0,180.0
D2,FG-R1-expanded-q55,3,4,2021-05-07,96,1.0,True,181.0,177.5102397347901,-3.4897602652098954,3.4897602652098954,2021-05-07 09:00:00,2021-05-07 08:30:00,-30.0,30.0
D2,FG-R1-expanded-q55,3,4,2021-05-08,96,1.0,True,115.0,108.40652217107167,-6.593477828928329,6.593477828928329,2021-05-08 02:00:00,2021-05-08 06:15:00,255.0,255.0
D2,FG-R1-expanded-q55,3,4,2021-05-09,96,1.0,True,184.0,177.4048311022964,-6.595168897703587,6.595168897703587,2021-05-09 09:00:00,2021-05-09 09:45:00,45.0,45.0
D2,FG-R1-expanded-q55,3,5,2021-05-05,95,0.9895833333333334,False,120.0,175.47477129405647,55.47477129405647,55.47477129405647,2021-05-05 04:15:00,2021-05-05 08:30:00,255.0,255.0
D2,FG-R1-expanded-q55,3,5,2021-05-06,96,1.0,True,199.0,180.760457935569,-18.239542064430992,18.239542064430992,2021-05-06 09:00:00,2021-05-06 11:15:00,135.0,135.0
D2,FG-R1-expanded-q55,3,5,2021-05-07,96,1.0,True,181.0,176.35164944716865,-4.648350552831346,4.648350552831346,2021-05-07 09:00:00,2021-05-07 08:30:00,-30.0,30.0
D2,FG-R1-expanded-q55,3,5,2021-05-08,96,1.0,True,115.0,108.72044886784902,-6.279551132150985,6.279551132150985,2021-05-08 02:00:00,2021-05-08 06:15:00,255.0,255.0
D2,FG-R1-expanded-q55,3,5,2021-05-09,96,1.0,True,184.0,175.52862565796048,-8.471374342039525,8.471374342039525,2021-05-09 09:00:00,2021-05-09 09:45:00,45.0,45.0
D2,FG-R1-expanded-q55,3,6,2021-05-05,95,0.9895833333333334,False,120.0,177.3464791616801,57.346479161680094,57.346479161680094,2021-05-05 04:15:00,2021-05-05 08:30:00,255.0,255.0
D2,FG-R1-expanded-q55,3,6,2021-05-06,96,1.0,True,199.0,178.55863393635278,-20.441366063647223,20.441366063647223,2021-05-06 09:00:00,2021-05-06 12:00:00,180.0,180.0
D2,FG-R1-expanded-q55,3,6,2021-05-07,96,1.0,True,181.0,176.2724925424073,-4.727507457592708,4.727507457592708,2021-05-07 09:00:00,2021-05-07 08:30:00,-30.0,30.0
D2,FG-R1-expanded-q55,3,6,2021-05-08,96,1.0,True,115.0,111.58649070419338,-3.4135092958066195,3.4135092958066195,2021-05-08 02:00:00,2021-05-08 06:15:00,255.0,255.0
D2,FG-R1-expanded-q55,3,6,2021-05-09,96,1.0,True,184.0,174.39916901471034,-9.600830985289662,9.600830985289662,2021-05-09 09:00:00,2021-05-09 10:00:00,60.0,60.0
D2,FG-R1-expanded-q55,3,7,2021-05-05,95,0.9895833333333334,False,120.0,175.6383302540174,55.638330254017404,55.638330254017404,2021-05-05 04:15:00,2021-05-05 08:30:00,255.0,255.0
D2,FG-R1-expanded-q55,3,7,2021-05-06,96,1.0,True,199.0,179.06646874804528,-19.93353125195472,19.93353125195472,2021-05-06 09:00:00,2021-05-06 11:45:00,165.0,165.0
D2,FG-R1-expanded-q55,3,7,2021-05-07,96,1.0,True,181.0,174.91880337783272,-6.081196622167283,6.081196622167283,2021-05-07 09:00:00,2021-05-07 08:30:00,-30.0,30.0
D2,FG-R1-expanded-q55,3,7,2021-05-08,96,1.0,True,115.0,110.3798790708926,-4.620120929107401,4.620120929107401,2021-05-08 02:00:00,2021-05-08 06:15:00,255.0,255.0
D2,FG-R1-expanded-q55,3,7,2021-05-09,96,1.0,True,184.0,170.9725801257339,-13.027419874266087,13.027419874266087,2021-05-09 09:00:00,2021-05-09 10:45:00,105.0,105.0
D2,FG-R1-expanded-q55,3,8,2021-05-05,95,0.9895833333333334,False,120.0,177.98081754058634,57.980817540586344,57.980817540586344,2021-05-05 04:15:00,2021-05-05 08:30:00,255.0,255.0
D2,FG-R1-expanded-q55,3,8,2021-05-06,96,1.0,True,199.0,181.34609426350121,-17.653905736498785,17.653905736498785,2021-05-06 09:00:00,2021-05-06 12:00:00,180.0,180.0
D2,FG-R1-expanded-q55,3,8,2021-05-07,96,1.0,True,181.0,176.91925157561042,-4.080748424389583,4.080748424389583,2021-05-07 09:00:00,2021-05-07 08:30:00,-30.0,30.0
D2,FG-R1-expanded-q55,3,8,2021-05-08,96,1.0,True,115.0,110.33872611679104,-4.661273883208963,4.661273883208963,2021-05-08 02:00:00,2021-05-08 06:15:00,255.0,255.0
D2,FG-R1-expanded-q55,3,8,2021-05-09,96,1.0,True,184.0,171.50377490580323,-12.496225094196774,12.496225094196774,2021-05-09 09:00:00,2021-05-09 11:00:00,120.0,120.0
D2,FG-R1-expanded-q55,3,9,2021-05-05,95,0.9895833333333334,False,120.0,177.72993253082072,57.72993253082072,57.72993253082072,2021-05-05 04:15:00,2021-05-05 08:30:00,255.0,255.0
D2,FG-R1-expanded-q55,3,9,2021-05-06,96,1.0,True,199.0,180.88802541584496,-18.111974584155035,18.111974584155035,2021-05-06 09:00:00,2021-05-06 12:00:00,180.0,180.0
D2,FG-R1-expanded-q55,3,9,2021-05-07,96,1.0,True,181.0,178.0012065316651,-2.9987934683348954,2.9987934683348954,2021-05-07 09:00:00,2021-05-07 08:30:00,-30.0,30.0
D2,FG-R1-expanded-q55,3,9,2021-05-08,96,1.0,True,115.0,108.26924724269138,-6.730752757308622,6.730752757308622,2021-05-08 02:00:00,2021-05-08 06:15:00,255.0,255.0
D2,FG-R1-expanded-q55,3,9,2021-05-09,96,1.0,True,184.0,172.06404223881177,-11.935957761188234,11.935957761188234,2021-05-09 09:00:00,2021-05-09 11:00:00,120.0,120.0
D2,FG-R1-expanded-q55,3,10,2021-05-05,95,0.9895833333333334,False,120.0,179.37000821441447,59.37000821441447,59.37000821441447,2021-05-05 04:15:00,2021-05-05 08:30:00,255.0,255.0
D2,FG-R1-expanded-q55,3,10,2021-05-06,96,1.0,True,199.0,180.36365344655957,-18.636346553440433,18.636346553440433,2021-05-06 09:00:00,2021-05-06 13:30:00,270.0,270.0
D2,FG-R1-expanded-q55,3,10,2021-05-07,96,1.0,True,181.0,177.24438585295417,-3.755614147045833,3.755614147045833,2021-05-07 09:00:00,2021-05-07 08:30:00,-30.0,30.0
D2,FG-R1-expanded-q55,3,10,2021-05-08,96,1.0,True,115.0,111.06725252594387,-3.9327474740561286,3.9327474740561286,2021-05-08 02:00:00,2021-05-08 06:15:00,255.0,255.0
D2,FG-R1-expanded-q55,3,10,2021-05-09,96,1.0,True,184.0,171.63945117435864,-12.36054882564136,12.36054882564136,2021-05-09 09:00:00,2021-05-09 11:00:00,120.0,120.0
D2,FG-R1-expanded-q55,3,11,2021-05-05,95,0.9895833333333334,False,120.0,178.35763333648478,58.35763333648478,58.35763333648478,2021-05-05 04:15:00,2021-05-05 08:30:00,255.0,255.0
D2,FG-R1-expanded-q55,3,11,2021-05-06,96,1.0,True,199.0,181.03072138646877,-17.96927861353123,17.96927861353123,2021-05-06 09:00:00,2021-05-06 13:45:00,285.0,285.0
D2,FG-R1-expanded-q55,3,11,2021-05-07,96,1.0,True,181.0,175.2202407557624,-5.779759244237596,5.779759244237596,2021-05-07 09:00:00,2021-05-07 08:30:00,-30.0,30.0
D2,FG-R1-expanded-q55,3,11,2021-05-08,96,1.0,True,115.0,108.26373881983982,-6.736261180160184,6.736261180160184,2021-05-08 02:00:00,2021-05-08 06:15:00,255.0,255.0
D2,FG-R1-expanded-q55,3,11,2021-05-09,96,1.0,True,184.0,170.94945533289837,-13.050544667101633,13.050544667101633,2021-05-09 09:00:00,2021-05-09 11:15:00,135.0,135.0
D2,FG-R1-expanded-q55,3,12,2021-05-05,95,0.9895833333333334,False,120.0,176.19417505204265,56.19417505204265,56.19417505204265,2021-05-05 04:15:00,2021-05-05 08:30:00,255.0,255.0
D2,FG-R1-expanded-q55,3,12,2021-05-06,96,1.0,True,199.0,178.80412891042675,-20.195871089573245,20.195871089573245,2021-05-06 09:00:00,2021-05-06 13:30:00,270.0,270.0
D2,FG-R1-expanded-q55,3,12,2021-05-07,96,1.0,True,181.0,173.41532437392647,-7.584675626073533,7.584675626073533,2021-05-07 09:00:00,2021-05-07 08:30:00,-30.0,30.0
D2,FG-R1-expanded-q55,3,12,2021-05-08,96,1.0,True,115.0,107.34797472628115,-7.6520252737188486,7.6520252737188486,2021-05-08 02:00:00,2021-05-08 06:15:00,255.0,255.0
D2,FG-R1-expanded-q55,3,12,2021-05-09,96,1.0,True,184.0,169.1237058837085,-14.87629411629149,14.87629411629149,2021-05-09 09:00:00,2021-05-09 11:30:00,150.0,150.0
D2,FG-R1-expanded-q55,3,13,2021-05-05,95,0.9895833333333334,False,120.0,175.76387720048015,55.76387720048015,55.76387720048015,2021-05-05 04:15:00,2021-05-05 08:30:00,255.0,255.0
D2,FG-R1-expanded-q55,3,13,2021-05-06,96,1.0,True,199.0,179.73357172826564,-19.266428271734355,19.266428271734355,2021-05-06 09:00:00,2021-05-06 13:45:00,285.0,285.0
D2,FG-R1-expanded-q55,3,13,2021-05-07,96,1.0,True,181.0,173.26795691599463,-7.732043084005369,7.732043084005369,2021-05-07 09:00:00,2021-05-07 08:30:00,-30.0,30.0
D2,FG-R1-expanded-q55,3,13,2021-05-08,96,1.0,True,115.0,108.90182323146091,-6.098176768539091,6.098176768539091,2021-05-08 02:00:00,2021-05-08 06:15:00,255.0,255.0
D2,FG-R1-expanded-q55,3,13,2021-05-09,96,1.0,True,184.0,169.93883039542726,-14.06116960457274,14.06116960457274,2021-05-09 09:00:00,2021-05-09 11:45:00,165.0,165.0
D2,FG-R1-expanded-q55,3,14,2021-05-05,95,0.9895833333333334,False,120.0,177.3638131460551,57.363813146055094,57.363813146055094,2021-05-05 04:15:00,2021-05-05 08:30:00,255.0,255.0
D2,FG-R1-expanded-q55,3,14,2021-05-06,96,1.0,True,199.0,179.9835570110127,-19.016442988987308,19.016442988987308,2021-05-06 09:00:00,2021-05-06 13:30:00,270.0,270.0
D2,FG-R1-expanded-q55,3,14,2021-05-07,96,1.0,True,181.0,174.87849158396338,-6.121508416036619,6.121508416036619,2021-05-07 09:00:00,2021-05-07 08:30:00,-30.0,30.0
D2,FG-R1-expanded-q55,3,14,2021-05-08,96,1.0,True,115.0,107.69576418700294,-7.304235812997064,7.304235812997064,2021-05-08 02:00:00,2021-05-08 06:15:00,255.0,255.0
D2,FG-R1-expanded-q55,3,14,2021-05-09,96,1.0,True,184.0,167.07112409659914,-16.928875903400865,16.928875903400865,2021-05-09 09:00:00,2021-05-09 12:00:00,180.0,180.0
D2,FG-R1-expanded-q55,3,15,2021-05-05,95,0.9895833333333334,False,120.0,178.56624913060378,58.56624913060378,58.56624913060378,2021-05-05 04:15:00,2021-05-05 08:30:00,255.0,255.0
D2,FG-R1-expanded-q55,3,15,2021-05-06,96,1.0,True,199.0,180.1132714352969,-18.886728564703105,18.886728564703105,2021-05-06 09:00:00,2021-05-06 13:45:00,285.0,285.0
D2,FG-R1-expanded-q55,3,15,2021-05-07,96,1.0,True,181.0,175.38025011076667,-5.619749889233333,5.619749889233333,2021-05-07 09:00:00,2021-05-07 08:30:00,-30.0,30.0
D2,FG-R1-expanded-q55,3,15,2021-05-08,96,1.0,True,115.0,106.84743628989581,-8.15256371010419,8.15256371010419,2021-05-08 02:00:00,2021-05-08 06:15:00,255.0,255.0
D2,FG-R1-expanded-q55,3,15,2021-05-09,96,1.0,True,184.0,161.38815380147992,-22.611846198520084,22.611846198520084,2021-05-09 09:00:00,2021-05-09 15:00:00,360.0,360.0
D2,FG-R1-expanded-q55,3,16,2021-05-05,95,0.9895833333333334,False,120.0,178.20664806038258,58.20664806038258,58.20664806038258,2021-05-05 04:15:00,2021-05-05 08:30:00,255.0,255.0
D2,FG-R1-expanded-q55,3,16,2021-05-06,96,1.0,True,199.0,176.6891430993422,-22.310856900657797,22.310856900657797,2021-05-06 09:00:00,2021-05-06 13:45:00,285.0,285.0
D2,FG-R1-expanded-q55,3,16,2021-05-07,96,1.0,True,181.0,174.33078111662604,-6.669218883373958,6.669218883373958,2021-05-07 09:00:00,2021-05-07 08:30:00,-30.0,30.0
D2,FG-R1-expanded-q55,3,16,2021-05-08,96,1.0,True,115.0,108.00492037262356,-6.995079627376441,6.995079627376441,2021-05-08 02:00:00,2021-05-08 06:15:00,255.0,255.0
D2,FG-R1-expanded-q55,3,16,2021-05-09,96,1.0,True,184.0,158.87959936691666,-25.120400633083335,25.120400633083335,2021-05-09 09:00:00,2021-05-09 15:45:00,405.0,405.0
D2,FG-R1-expanded-q55,5,4,2021-05-17,95,0.9895833333333334,False,192.0,169.67287628803078,-22.32712371196922,22.32712371196922,2021-05-17 09:00:00,2021-05-17 11:45:00,165.0,165.0
D2,FG-R1-expanded-q55,5,4,2021-05-18,1,0.010416666666666666,False,73.0,70.25708831237895,-2.7429116876210458,2.7429116876210458,2021-05-18 00:00:00,2021-05-18 00:00:00,0.0,0.0
D2,FG-R1-expanded-q55,5,4,2021-05-19,95,0.9895833333333334,False,108.0,144.96491785381065,36.96491785381065,36.96491785381065,2021-05-19 06:15:00,2021-05-19 08:15:00,120.0,120.0
D2,FG-R1-expanded-q55,5,4,2021-05-20,96,1.0,True,181.0,181.24558425002544,0.24558425002544482,0.24558425002544482,2021-05-20 13:15:00,2021-05-20 09:00:00,-255.0,255.0
D2,FG-R1-expanded-q55,5,4,2021-05-21,96,1.0,True,160.0,169.31857721163686,9.318577211636864,9.318577211636864,2021-05-21 08:30:00,2021-05-21 09:00:00,30.0,30.0
D2,FG-R1-expanded-q55,5,4,2021-05-22,96,1.0,True,112.0,104.94669253355221,-7.053307466447791,7.053307466447791,2021-05-22 06:15:00,2021-05-22 02:30:00,-225.0,225.0
D2,FG-R1-expanded-q55,5,4,2021-05-23,96,1.0,True,25.0,25.15478839400091,0.15478839400091005,0.15478839400091005,2021-05-23 03:00:00,2021-05-23 07:15:00,255.0,255.0
D2,FG-R1-expanded-q55,5,5,2021-05-17,95,0.9895833333333334,False,192.0,169.25571354459981,-22.744286455400186,22.744286455400186,2021-05-17 09:00:00,2021-05-17 13:30:00,270.0,270.0
D2,FG-R1-expanded-q55,5,5,2021-05-18,1,0.010416666666666666,False,73.0,71.47803557800395,-1.5219644219960458,1.5219644219960458,2021-05-18 00:00:00,2021-05-18 00:00:00,0.0,0.0
D2,FG-R1-expanded-q55,5,5,2021-05-19,95,0.9895833333333334,False,108.0,162.06140397343873,54.06140397343873,54.06140397343873,2021-05-19 06:15:00,2021-05-19 08:30:00,135.0,135.0
D2,FG-R1-expanded-q55,5,5,2021-05-20,96,1.0,True,181.0,181.7557000992713,0.7557000992713085,0.7557000992713085,2021-05-20 13:15:00,2021-05-20 09:00:00,-255.0,255.0
D2,FG-R1-expanded-q55,5,5,2021-05-21,96,1.0,True,160.0,168.1004555312397,8.100455531239703,8.100455531239703,2021-05-21 08:30:00,2021-05-21 09:00:00,30.0,30.0
D2,FG-R1-expanded-q55,5,5,2021-05-22,96,1.0,True,112.0,103.98453532347612,-8.015464676523877,8.015464676523877,2021-05-22 06:15:00,2021-05-22 02:15:00,-240.0,240.0
D2,FG-R1-expanded-q55,5,5,2021-05-23,96,1.0,True,25.0,29.954410118667717,4.954410118667717,4.954410118667717,2021-05-23 03:00:00,2021-05-23 07:30:00,270.0,270.0
D2,FG-R1-expanded-q55,5,6,2021-05-17,95,0.9895833333333334,False,192.0,169.45590885709981,-22.544091142900186,22.544091142900186,2021-05-17 09:00:00,2021-05-17 13:30:00,270.0,270.0
D2,FG-R1-expanded-q55,5,6,2021-05-18,1,0.010416666666666666,False,73.0,73.28367675232036,0.2836767523203605,0.2836767523203605,2021-05-18 00:00:00,2021-05-18 00:00:00,0.0,0.0
D2,FG-R1-expanded-q55,5,6,2021-05-19,95,0.9895833333333334,False,108.0,165.41459916386842,57.41459916386842,57.41459916386842,2021-05-19 06:15:00,2021-05-19 08:30:00,135.0,135.0
D2,FG-R1-expanded-q55,5,6,2021-05-20,96,1.0,True,181.0,178.36245058755256,-2.6375494124474415,2.6375494124474415,2021-05-20 13:15:00,2021-05-20 09:00:00,-255.0,255.0
D2,FG-R1-expanded-q55,5,6,2021-05-21,96,1.0,True,160.0,167.12512899315377,7.125128993153766,7.125128993153766,2021-05-21 08:30:00,2021-05-21 09:00:00,30.0,30.0
D2,FG-R1-expanded-q55,5,6,2021-05-22,96,1.0,True,112.0,103.78894053587847,-8.211059464121533,8.211059464121533,2021-05-22 06:15:00,2021-05-22 02:15:00,-240.0,240.0
D2,FG-R1-expanded-q55,5,6,2021-05-23,96,1.0,True,25.0,50.469024223892326,25.469024223892326,25.469024223892326,2021-05-23 03:00:00,2021-05-23 07:45:00,285.0,285.0
D2,FG-R1-expanded-q55,5,7,2021-05-17,95,0.9895833333333334,False,192.0,168.29157440814797,-23.708425591852034,23.708425591852034,2021-05-17 09:00:00,2021-05-17 11:00:00,120.0,120.0
D2,FG-R1-expanded-q55,5,7,2021-05-18,1,0.010416666666666666,False,73.0,72.15787566589458,-0.8421243341054208,0.8421243341054208,2021-05-18 00:00:00,2021-05-18 00:00:00,0.0,0.0
D2,FG-R1-expanded-q55,5,7,2021-05-19,95,0.9895833333333334,False,108.0,163.77859757695435,55.778597576954354,55.778597576954354,2021-05-19 06:15:00,2021-05-19 08:30:00,135.0,135.0
D2,FG-R1-expanded-q55,5,7,2021-05-20,96,1.0,True,181.0,178.2759935938157,-2.7240064061842872,2.7240064061842872,2021-05-20 13:15:00,2021-05-20 09:00:00,-255.0,255.0
D2,FG-R1-expanded-q55,5,7,2021-05-21,96,1.0,True,160.0,165.02535369199654,5.025353691996543,5.025353691996543,2021-05-21 08:30:00,2021-05-21 09:00:00,30.0,30.0
D2,FG-R1-expanded-q55,5,7,2021-05-22,96,1.0,True,112.0,103.67747578507203,-8.322524214927967,8.322524214927967,2021-05-22 06:15:00,2021-05-22 03:30:00,-165.0,165.0
D2,FG-R1-expanded-q55,5,7,2021-05-23,96,1.0,True,25.0,102.35518723606324,77.35518723606324,77.35518723606324,2021-05-23 03:00:00,2021-05-23 08:00:00,300.0,300.0
D2,FG-R1-expanded-q55,5,8,2021-05-17,95,0.9895833333333334,False,192.0,168.80640997114114,-23.193590028858864,23.193590028858864,2021-05-17 09:00:00,2021-05-17 11:15:00,135.0,135.0
D2,FG-R1-expanded-q55,5,8,2021-05-18,1,0.010416666666666666,False,73.0,68.16716063903911,-4.8328393609608895,4.8328393609608895,2021-05-18 00:00:00,2021-05-18 00:00:00,0.0,0.0
D2,FG-R1-expanded-q55,5,8,2021-05-19,95,0.9895833333333334,False,108.0,168.0833216527136,60.08332165271361,60.08332165271361,2021-05-19 06:15:00,2021-05-19 08:30:00,135.0,135.0
D2,FG-R1-expanded-q55,5,8,2021-05-20,96,1.0,True,181.0,179.1439135156907,-1.8560864843092872,1.8560864843092872,2021-05-20 13:15:00,2021-05-20 09:00:00,-255.0,255.0
D2,FG-R1-expanded-q55,5,8,2021-05-21,96,1.0,True,160.0,166.4347598262318,6.4347598262318115,6.4347598262318115,2021-05-21 08:30:00,2021-05-21 09:00:00,30.0,30.0
D2,FG-R1-expanded-q55,5,8,2021-05-22,96,1.0,True,112.0,103.7988370276174,-8.201162972382605,8.201162972382605,2021-05-22 06:15:00,2021-05-22 03:30:00,-165.0,165.0
D2,FG-R1-expanded-q55,5,8,2021-05-23,96,1.0,True,25.0,150.85488210531395,125.85488210531395,125.85488210531395,2021-05-23 03:00:00,2021-05-23 08:15:00,315.0,315.0
D2,FG-R1-expanded-q55,5,9,2021-05-17,95,0.9895833333333334,False,192.0,169.89513208656214,-22.104867913437857,22.104867913437857,2021-05-17 09:00:00,2021-05-17 08:30:00,-30.0,30.0
D2,FG-R1-expanded-q55,5,9,2021-05-18,1,0.010416666666666666,False,73.0,61.16711304959993,-11.832886950400074,11.832886950400074,2021-05-18 00:00:00,2021-05-18 00:00:00,0.0,0.0
D2,FG-R1-expanded-q55,5,9,2021-05-19,95,0.9895833333333334,False,108.0,169.35169177795916,61.35169177795916,61.35169177795916,2021-05-19 06:15:00,2021-05-19 08:30:00,135.0,135.0
D2,FG-R1-expanded-q55,5,9,2021-05-20,96,1.0,True,181.0,181.4887316309251,0.48873163092508776,0.48873163092508776,2021-05-20 13:15:00,2021-05-20 08:30:00,-285.0,285.0
D2,FG-R1-expanded-q55,5,9,2021-05-21,96,1.0,True,160.0,164.30420508124925,4.3042050812492505,4.3042050812492505,2021-05-21 08:30:00,2021-05-21 10:45:00,135.0,135.0
D2,FG-R1-expanded-q55,5,9,2021-05-22,96,1.0,True,112.0,102.27013451748826,-9.729865482511741,9.729865482511741,2021-05-22 06:15:00,2021-05-22 03:30:00,-165.0,165.0
D2,FG-R1-expanded-q55,5,9,2021-05-23,96,1.0,True,25.0,165.85711626490794,140.85711626490794,140.85711626490794,2021-05-23 03:00:00,2021-05-23 08:30:00,330.0,330.0
D2,FG-R1-expanded-q55,5,10,2021-05-17,95,0.9895833333333334,False,192.0,170.62618439349953,-21.37381560650047,21.37381560650047,2021-05-17 09:00:00,2021-05-17 11:45:00,165.0,165.0
D2,FG-R1-expanded-q55,5,10,2021-05-18,1,0.010416666666666666,False,73.0,67.60636371497108,-5.393636285028919,5.393636285028919,2021-05-18 00:00:00,2021-05-18 00:00:00,0.0,0.0
D2,FG-R1-expanded-q55,5,10,2021-05-19,95,0.9895833333333334,False,108.0,169.2835544987114,61.283554498711396,61.283554498711396,2021-05-19 06:15:00,2021-05-19 08:30:00,135.0,135.0
D2,FG-R1-expanded-q55,5,10,2021-05-20,96,1.0,True,181.0,182.8481829248704,1.8481829248704003,1.8481829248704003,2021-05-20 13:15:00,2021-05-20 08:45:00,-270.0,270.0
D2,FG-R1-expanded-q55,5,10,2021-05-21,96,1.0,True,160.0,165.3977706116766,5.397770611676606,5.397770611676606,2021-05-21 08:30:00,2021-05-21 10:45:00,135.0,135.0
D2,FG-R1-expanded-q55,5,10,2021-05-22,96,1.0,True,112.0,103.9106453407361,-8.089354659263904,8.089354659263904,2021-05-22 06:15:00,2021-05-22 06:15:00,0.0,0.0
D2,FG-R1-expanded-q55,5,10,2021-05-23,96,1.0,True,25.0,167.41802935084544,142.41802935084544,142.41802935084544,2021-05-23 03:00:00,2021-05-23 08:45:00,345.0,345.0
D2,FG-R1-expanded-q55,5,11,2021-05-17,95,0.9895833333333334,False,192.0,171.1768588319761,-20.82314116802391,20.82314116802391,2021-05-17 09:00:00,2021-05-17 11:45:00,165.0,165.0
D2,FG-R1-expanded-q55,5,11,2021-05-18,1,0.010416666666666666,False,73.0,73.1104683292289,0.11046832922889394,0.11046832922889394,2021-05-18 00:00:00,2021-05-18 00:00:00,0.0,0.0
D2,FG-R1-expanded-q55,5,11,2021-05-19,95,0.9895833333333334,False,108.0,167.00678182518502,59.006781825185016,59.006781825185016,2021-05-19 06:15:00,2021-05-19 09:00:00,165.0,165.0
D2,FG-R1-expanded-q55,5,11,2021-05-20,96,1.0,True,181.0,185.0203478418626,4.020347841862588,4.020347841862588,2021-05-20 13:15:00,2021-05-20 09:00:00,-255.0,255.0
D2,FG-R1-expanded-q55,5,11,2021-05-21,96,1.0,True,160.0,166.57007285777036,6.570072857770356,6.570072857770356,2021-05-21 08:30:00,2021-05-21 10:45:00,135.0,135.0
D2,FG-R1-expanded-q55,5,11,2021-05-22,96,1.0,True,112.0,102.81350026016969,-9.18649973983031,9.18649973983031,2021-05-22 06:15:00,2021-05-22 06:30:00,15.0,15.0
D2,FG-R1-expanded-q55,5,11,2021-05-23,96,1.0,True,25.0,163.0961909719392,138.0961909719392,138.0961909719392,2021-05-23 03:00:00,2021-05-23 09:00:00,360.0,360.0
D2,FG-R1-expanded-q55,5,12,2021-05-17,95,0.9895833333333334,False,192.0,170.44750025062464,-21.552499749375357,21.552499749375357,2021-05-17 09:00:00,2021-05-17 08:30:00,-30.0,30.0
D2,FG-R1-expanded-q55,5,12,2021-05-18,1,0.010416666666666666,False,73.0,74.75476847777301,1.7547684777730126,1.7547684777730126,2021-05-18 00:00:00,2021-05-18 00:00:00,0.0,0.0
D2,FG-R1-expanded-q55,5,12,2021-05-19,95,0.9895833333333334,False,108.0,165.58591364109733,57.585913641097335,57.585913641097335,2021-05-19 06:15:00,2021-05-19 09:00:00,165.0,165.0
D2,FG-R1-expanded-q55,5,12,2021-05-20,96,1.0,True,181.0,184.9286730371751,3.9286730371750878,3.9286730371750878,2021-05-20 13:15:00,2021-05-20 09:00:00,-255.0,255.0
D2,FG-R1-expanded-q55,5,12,2021-05-21,96,1.0,True,160.0,166.65701743784848,6.657017437848481,6.657017437848481,2021-05-21 08:30:00,2021-05-21 11:00:00,150.0,150.0
D2,FG-R1-expanded-q55,5,12,2021-05-22,96,1.0,True,112.0,102.88683400040406,-9.113165999595935,9.113165999595935,2021-05-22 06:15:00,2021-05-22 04:45:00,-90.0,90.0
D2,FG-R1-expanded-q55,5,12,2021-05-23,96,1.0,True,25.0,155.58705095729076,130.58705095729076,130.58705095729076,2021-05-23 03:00:00,2021-05-23 09:15:00,375.0,375.0
D2,FG-R1-expanded-q55,5,13,2021-05-17,95,0.9895833333333334,False,192.0,172.84743311195277,-19.152566888047232,19.152566888047232,2021-05-17 09:00:00,2021-05-17 08:30:00,-30.0,30.0
D2,FG-R1-expanded-q55,5,13,2021-05-18,1,0.010416666666666666,False,73.0,78.45495616087848,5.454956160878481,5.454956160878481,2021-05-18 00:00:00,2021-05-18 00:00:00,0.0,0.0
D2,FG-R1-expanded-q55,5,13,2021-05-19,95,0.9895833333333334,False,108.0,162.81653092656373,54.81653092656373,54.81653092656373,2021-05-19 06:15:00,2021-05-19 08:30:00,135.0,135.0
D2,FG-R1-expanded-q55,5,13,2021-05-20,96,1.0,True,181.0,185.3380053125657,4.338005312565713,4.338005312565713,2021-05-20 13:15:00,2021-05-20 09:00:00,-255.0,255.0
D2,FG-R1-expanded-q55,5,13,2021-05-21,96,1.0,True,160.0,165.58338123108416,5.583381231084161,5.583381231084161,2021-05-21 08:30:00,2021-05-21 11:00:00,150.0,150.0
D2,FG-R1-expanded-q55,5,13,2021-05-22,96,1.0,True,112.0,102.28687296996051,-9.713127030039487,9.713127030039487,2021-05-22 06:15:00,2021-05-22 04:15:00,-120.0,120.0
D2,FG-R1-expanded-q55,5,13,2021-05-23,96,1.0,True,25.0,149.5814204641267,124.5814204641267,124.5814204641267,2021-05-23 03:00:00,2021-05-23 09:30:00,390.0,390.0
D2,FG-R1-expanded-q55,5,14,2021-05-17,95,0.9895833333333334,False,192.0,173.07324165216923,-18.92675834783077,18.92675834783077,2021-05-17 09:00:00,2021-05-17 08:45:00,-15.0,15.0
D2,FG-R1-expanded-q55,5,14,2021-05-18,1,0.010416666666666666,False,73.0,76.70189677367145,3.70189677367145,3.70189677367145,2021-05-18 00:00:00,2021-05-18 00:00:00,0.0,0.0
D2,FG-R1-expanded-q55,5,14,2021-05-19,95,0.9895833333333334,False,108.0,165.18794511113404,57.18794511113404,57.18794511113404,2021-05-19 06:15:00,2021-05-19 08:30:00,135.0,135.0
D2,FG-R1-expanded-q55,5,14,2021-05-20,96,1.0,True,181.0,184.88538385260478,3.8853838526047753,3.8853838526047753,2021-05-20 13:15:00,2021-05-20 09:00:00,-255.0,255.0
D2,FG-R1-expanded-q55,5,14,2021-05-21,96,1.0,True,160.0,164.79138444218873,4.791384442188729,4.791384442188729,2021-05-21 08:30:00,2021-05-21 10:45:00,135.0,135.0
D2,FG-R1-expanded-q55,5,14,2021-05-22,96,1.0,True,112.0,102.96058665404253,-9.03941334595747,9.03941334595747,2021-05-22 06:15:00,2021-05-22 04:15:00,-120.0,120.0
D2,FG-R1-expanded-q55,5,14,2021-05-23,96,1.0,True,25.0,145.16136126002513,120.16136126002513,120.16136126002513,2021-05-23 03:00:00,2021-05-23 09:45:00,405.0,405.0
D2,FG-R1-expanded-q55,5,15,2021-05-17,95,0.9895833333333334,False,192.0,170.39512580744267,-21.604874192557332,21.604874192557332,2021-05-17 09:00:00,2021-05-17 09:00:00,0.0,0.0
D2,FG-R1-expanded-q55,5,15,2021-05-18,1,0.010416666666666666,False,73.0,78.50803385863239,5.508033858632388,5.508033858632388,2021-05-18 00:00:00,2021-05-18 00:00:00,0.0,0.0
D2,FG-R1-expanded-q55,5,15,2021-05-19,95,0.9895833333333334,False,108.0,164.84912370000123,56.84912370000123,56.84912370000123,2021-05-19 06:15:00,2021-05-19 08:30:00,135.0,135.0
D2,FG-R1-expanded-q55,5,15,2021-05-20,96,1.0,True,181.0,185.24810052740946,4.248100527409463,4.248100527409463,2021-05-20 13:15:00,2021-05-20 09:00:00,-255.0,255.0
D2,FG-R1-expanded-q55,5,15,2021-05-21,96,1.0,True,160.0,164.6302731255903,4.630273125590293,4.630273125590293,2021-05-21 08:30:00,2021-05-21 09:00:00,30.0,30.0
D2,FG-R1-expanded-q55,5,15,2021-05-22,96,1.0,True,112.0,102.18621289859601,-9.813787101403989,9.813787101403989,2021-05-22 06:15:00,2021-05-22 04:45:00,-90.0,90.0
D2,FG-R1-expanded-q55,5,15,2021-05-23,96,1.0,True,25.0,140.20461992701732,115.20461992701732,115.20461992701732,2021-05-23 03:00:00,2021-05-23 10:00:00,420.0,420.0
D2,FG-R1-expanded-q55,5,16,2021-05-17,95,0.9895833333333334,False,192.0,170.9721826922083,-21.027817307791707,21.027817307791707,2021-05-17 09:00:00,2021-05-17 09:00:00,0.0,0.0
D2,FG-R1-expanded-q55,5,16,2021-05-18,1,0.010416666666666666,False,73.0,79.12457140331153,6.124571403311535,6.124571403311535,2021-05-18 00:00:00,2021-05-18 00:00:00,0.0,0.0
D2,FG-R1-expanded-q55,5,16,2021-05-19,95,0.9895833333333334,False,108.0,164.38064835820435,56.380648358204354,56.380648358204354,2021-05-19 06:15:00,2021-05-19 08:30:00,135.0,135.0
D2,FG-R1-expanded-q55,5,16,2021-05-20,96,1.0,True,181.0,187.80493951666728,6.804939516667275,6.804939516667275,2021-05-20 13:15:00,2021-05-20 09:00:00,-255.0,255.0
D2,FG-R1-expanded-q55,5,16,2021-05-21,96,1.0,True,160.0,164.5738766412153,4.573876641215293,4.573876641215293,2021-05-21 08:30:00,2021-05-21 09:00:00,30.0,30.0
D2,FG-R1-expanded-q55,5,16,2021-05-22,96,1.0,True,112.0,103.38825452457259,-8.611745475427412,8.611745475427412,2021-05-22 06:15:00,2021-05-22 06:15:00,0.0,0.0
D2,FG-R1-expanded-q55,5,16,2021-05-23,96,1.0,True,25.0,111.93142656764232,86.93142656764232,86.93142656764232,2021-05-23 03:00:00,2021-05-23 10:15:00,435.0,435.0
D2,FG-R1-expanded-q55,7,4,2021-05-31,95,0.9895833333333334,False,172.0,168.48359139656554,-3.5164086034344564,3.5164086034344564,2021-05-31 10:30:00,2021-05-31 12:00:00,90.0,90.0
D2,FG-R1-expanded-q55,7,4,2021-06-01,1,0.010416666666666666,False,71.0,78.95485423580831,7.9548542358083125,7.9548542358083125,2021-06-01 00:00:00,2021-06-01 00:00:00,0.0,0.0
D2,FG-R1-expanded-q55,7,5,2021-05-31,95,0.9895833333333334,False,172.0,169.92002328133117,-2.0799767186688314,2.0799767186688314,2021-05-31 10:30:00,2021-05-31 11:45:00,75.0,75.0
D2,FG-R1-expanded-q55,7,5,2021-06-01,1,0.010416666666666666,False,71.0,79.39296458737081,8.392964587370813,8.392964587370813,2021-06-01 00:00:00,2021-06-01 00:00:00,0.0,0.0
D2,FG-R1-expanded-q55,7,6,2021-05-31,95,0.9895833333333334,False,172.0,168.49880440926086,-3.501195590739144,3.501195590739144,2021-05-31 10:30:00,2021-05-31 12:00:00,90.0,90.0
D2,FG-R1-expanded-q55,7,6,2021-06-01,1,0.010416666666666666,False,71.0,79.90445445553488,8.904454455534875,8.904454455534875,2021-06-01 00:00:00,2021-06-01 00:00:00,0.0,0.0
D2,FG-R1-expanded-q55,7,7,2021-05-31,95,0.9895833333333334,False,172.0,169.64274056648742,-2.3572594335125814,2.3572594335125814,2021-05-31 10:30:00,2021-05-31 09:00:00,-90.0,90.0
D2,FG-R1-expanded-q55,7,7,2021-06-01,1,0.010416666666666666,False,71.0,80.89788554684347,9.897885546843469,9.897885546843469,2021-06-01 00:00:00,2021-06-01 00:00:00,0.0,0.0
D2,FG-R1-expanded-q55,7,8,2021-05-31,95,0.9895833333333334,False,172.0,170.17890389656554,-1.8210961034344564,1.8210961034344564,2021-05-31 10:30:00,2021-05-31 09:00:00,-90.0,90.0
D2,FG-R1-expanded-q55,7,8,2021-06-01,1,0.010416666666666666,False,71.0,82.173772082488,11.173772082488,11.173772082488,2021-06-01 00:00:00,2021-06-01 00:00:00,0.0,0.0
D2,FG-R1-expanded-q55,7,9,2021-05-31,95,0.9895833333333334,False,172.0,171.5804541895343,-0.4195458104657064,0.4195458104657064,2021-05-31 10:30:00,2021-05-31 09:00:00,-90.0,90.0
D2,FG-R1-expanded-q55,7,9,2021-06-01,1,0.010416666666666666,False,71.0,82.42931102291769,11.429311022917688,11.429311022917688,2021-06-01 00:00:00,2021-06-01 00:00:00,0.0,0.0
D2,FG-R1-expanded-q55,7,10,2021-05-31,95,0.9895833333333334,False,172.0,173.27421029304992,1.2742102930499186,1.2742102930499186,2021-05-31 10:30:00,2021-05-31 09:00:00,-90.0,90.0
D2,FG-R1-expanded-q55,7,10,2021-06-01,1,0.010416666666666666,False,71.0,79.13467143551534,8.134671435515344,8.134671435515344,2021-06-01 00:00:00,2021-06-01 00:00:00,0.0,0.0
D2,FG-R1-expanded-q55,7,11,2021-05-31,95,0.9895833333333334,False,172.0,174.89899667000304,2.8989966700030436,2.8989966700030436,2021-05-31 10:30:00,2021-05-31 09:00:00,-90.0,90.0
D2,FG-R1-expanded-q55,7,11,2021-06-01,1,0.010416666666666666,False,71.0,76.55505107418722,5.555051074187219,5.555051074187219,2021-06-01 00:00:00,2021-06-01 00:00:00,0.0,0.0
D2,FG-R1-expanded-q55,7,12,2021-05-31,95,0.9895833333333334,False,172.0,172.1930030176593,0.19300301765929362,0.19300301765929362,2021-05-31 10:30:00,2021-05-31 09:00:00,-90.0,90.0
D2,FG-R1-expanded-q55,7,12,2021-06-01,1,0.010416666666666666,False,71.0,76.5907413818044,5.590741381804406,5.590741381804406,2021-06-01 00:00:00,2021-06-01 00:00:00,0.0,0.0
D2,FG-R1-expanded-q55,7,13,2021-05-31,95,0.9895833333333334,False,172.0,173.4537452051593,1.4537452051592936,1.4537452051592936,2021-05-31 10:30:00,2021-05-31 09:00:00,-90.0,90.0
D2,FG-R1-expanded-q55,7,13,2021-06-01,1,0.010416666666666666,False,71.0,79.33569835201925,8.33569835201925,8.33569835201925,2021-06-01 00:00:00,2021-06-01 00:00:00,0.0,0.0
D2,FG-R1-expanded-q55,7,14,2021-05-31,95,0.9895833333333334,False,172.0,174.29949410652648,2.299494106526481,2.299494106526481,2021-05-31 10:30:00,2021-05-31 09:00:00,-90.0,90.0
D2,FG-R1-expanded-q55,7,14,2021-06-01,1,0.010416666666666666,False,71.0,78.75044749752706,7.7504474975270625,7.7504474975270625,2021-06-01 00:00:00,2021-06-01 00:00:00,0.0,0.0
D2,FG-R1-expanded-q55,7,15,2021-05-31,95,0.9895833333333334,False,172.0,173.44828255867492,1.4482825586749186,1.4482825586749186,2021-05-31 10:30:00,2021-05-31 09:00:00,-90.0,90.0
D2,FG-R1-expanded-q55,7,15,2021-06-01,1,0.010416666666666666,False,71.0,79.1505558349294,8.150555834929406,8.150555834929406,2021-06-01 00:00:00,2021-06-01 00:00:00,0.0,0.0
D2,FG-R1-expanded-q55,7,16,2021-05-31,95,0.9895833333333334,False,172.0,171.88225777840148,-0.11774222159851888,0.11774222159851888,2021-05-31 10:30:00,2021-05-31 09:00:00,-90.0,90.0
D2,FG-R1-expanded-q55,7,16,2021-06-01,1,0.010416666666666666,False,71.0,79.69180797115988,8.691807971159875,8.691807971159875,2021-06-01 00:00:00,2021-06-01 00:00:00,0.0,0.0
D2,FG-R1-expanded-q55,9,4,2021-06-20,95,0.9895833333333334,False,28.0,24.15581512451172,-3.8441848754882812,3.8441848754882812,2021-06-20 15:15:00,2021-06-20 23:00:00,465.0,465.0
D2,FG-R1-expanded-q55,9,5,2021-06-20,95,0.9895833333333334,False,28.0,24.30297088623047,-3.6970291137695312,3.6970291137695312,2021-06-20 15:15:00,2021-06-20 23:15:00,480.0,480.0
D2,FG-R1-expanded-q55,9,6,2021-06-20,95,0.9895833333333334,False,28.0,24.169578552246094,-3.8304214477539062,3.8304214477539062,2021-06-20 15:15:00,2021-06-20 23:30:00,495.0,495.0
D2,FG-R1-expanded-q55,9,7,2021-06-20,95,0.9895833333333334,False,28.0,24.149803161621094,-3.8501968383789062,3.8501968383789062,2021-06-20 15:15:00,2021-06-20 07:00:00,-495.0,495.0
D2,FG-R1-expanded-q55,9,8,2021-06-20,95,0.9895833333333334,False,28.0,24.143035888671875,-3.856964111328125,3.856964111328125,2021-06-20 15:15:00,2021-06-20 07:15:00,-480.0,480.0
D2,FG-R1-expanded-q55,9,9,2021-06-20,95,0.9895833333333334,False,28.0,24.230934143066406,-3.7690658569335938,3.7690658569335938,2021-06-20 15:15:00,2021-06-20 07:30:00,-465.0,465.0
D2,FG-R1-expanded-q55,9,10,2021-06-20,95,0.9895833333333334,False,28.0,24.218246459960938,-3.7817535400390625,3.7817535400390625,2021-06-20 15:15:00,2021-06-20 07:45:00,-450.0,450.0
D2,FG-R1-expanded-q55,9,11,2021-06-20,95,0.9895833333333334,False,28.0,24.556556701660156,-3.4434432983398438,3.4434432983398438,2021-06-20 15:15:00,2021-06-20 18:00:00,165.0,165.0
D2,FG-R1-expanded-q55,9,12,2021-06-20,95,0.9895833333333334,False,28.0,24.717613220214844,-3.2823867797851562,3.2823867797851562,2021-06-20 15:15:00,2021-06-20 18:15:00,180.0,180.0
D2,FG-R1-expanded-q55,9,13,2021-06-20,95,0.9895833333333334,False,28.0,24.801513671875,-3.198486328125,3.198486328125,2021-06-20 15:15:00,2021-06-20 18:30:00,195.0,195.0
D2,FG-R1-expanded-q55,9,14,2021-06-20,95,0.9895833333333334,False,28.0,24.624244689941406,-3.3757553100585938,3.3757553100585938,2021-06-20 15:15:00,2021-06-20 18:45:00,210.0,210.0
D2,FG-R1-expanded-q55,9,15,2021-06-20,95,0.9895833333333334,False,28.0,24.369476318359375,-3.630523681640625,3.630523681640625,2021-06-20 15:15:00,2021-06-20 23:00:00,465.0,465.0
D2,FG-R1-expanded-q55,9,16,2021-06-20,95,0.9895833333333334,False,28.0,24.042373657226562,-3.9576263427734375,3.9576263427734375,2021-06-20 15:15:00,2021-06-20 23:15:00,480.0,480.0
D2,FG-R1-expanded-q55,11,4,2021-06-28,1,0.010416666666666666,False,24.0,24.900450541187205,0.9004505411872046,0.9004505411872046,2021-06-28 00:00:00,2021-06-28 00:00:00,0.0,0.0
D2,FG-R1-expanded-q55,11,4,2021-07-01,95,0.9895833333333334,False,206.0,183.26794552766148,-22.73205447233852,22.73205447233852,2021-07-01 14:00:00,2021-07-01 15:45:00,105.0,105.0
D2,FG-R1-expanded-q55,11,4,2021-07-02,96,1.0,True,187.0,175.49366604464643,-11.506333955353568,11.506333955353568,2021-07-02 09:15:00,2021-07-02 14:00:00,285.0,285.0
D2,FG-R1-expanded-q55,11,4,2021-07-03,96,1.0,True,112.0,112.2089936662081,0.20899366620810156,0.20899366620810156,2021-07-03 04:15:00,2021-07-03 01:45:00,-150.0,150.0
D2,FG-R1-expanded-q55,11,4,2021-07-04,96,1.0,True,28.0,24.472751019046935,-3.5272489809530647,3.5272489809530647,2021-07-04 08:30:00,2021-07-04 03:00:00,-330.0,330.0
D2,FG-R1-expanded-q55,11,5,2021-06-28,1,0.010416666666666666,False,24.0,24.733946634937205,0.7339466349372046,0.7339466349372046,2021-06-28 00:00:00,2021-06-28 00:00:00,0.0,0.0
D2,FG-R1-expanded-q55,11,5,2021-07-01,95,0.9895833333333334,False,206.0,181.93420529328648,-24.06579470671352,24.06579470671352,2021-07-01 14:00:00,2021-07-01 15:45:00,105.0,105.0
D2,FG-R1-expanded-q55,11,5,2021-07-02,96,1.0,True,187.0,178.0571670533248,-8.942832946675196,8.942832946675196,2021-07-02 09:15:00,2021-07-02 08:45:00,-30.0,30.0
D2,FG-R1-expanded-q55,11,5,2021-07-03,96,1.0,True,112.0,112.34544923899894,0.3454492389989383,0.3454492389989383,2021-07-03 04:15:00,2021-07-03 02:00:00,-135.0,135.0
D2,FG-R1-expanded-q55,11,5,2021-07-04,96,1.0,True,28.0,24.566367347828994,-3.4336326521710063,3.4336326521710063,2021-07-04 08:30:00,2021-07-04 04:00:00,-270.0,270.0
D2,FG-R1-expanded-q55,11,6,2021-06-28,1,0.010416666666666666,False,24.0,24.799132181812205,0.7991321818122046,0.7991321818122046,2021-06-28 00:00:00,2021-06-28 00:00:00,0.0,0.0
D2,FG-R1-expanded-q55,11,6,2021-07-01,95,0.9895833333333334,False,206.0,182.07536435090367,-23.92463564909633,23.92463564909633,2021-07-01 14:00:00,2021-07-01 15:45:00,105.0,105.0
D2,FG-R1-expanded-q55,11,6,2021-07-02,96,1.0,True,187.0,177.794273376567,-9.205726623433009,9.205726623433009,2021-07-02 09:15:00,2021-07-02 09:00:00,-15.0,15.0
D2,FG-R1-expanded-q55,11,6,2021-07-03,96,1.0,True,112.0,111.57095826369996,-0.42904173630003584,0.42904173630003584,2021-07-03 04:15:00,2021-07-03 02:00:00,-135.0,135.0
D2,FG-R1-expanded-q55,11,6,2021-07-04,96,1.0,True,28.0,24.451817344261944,-3.5481826557380565,3.5481826557380565,2021-07-04 08:30:00,2021-07-04 03:30:00,-300.0,300.0
D2,FG-R1-expanded-q55,11,7,2021-06-28,1,0.010416666666666666,False,24.0,24.972479654956736,0.9724796549567358,0.9724796549567358,2021-06-28 00:00:00,2021-06-28 00:00:00,0.0,0.0
D2,FG-R1-expanded-q55,11,7,2021-07-01,95,0.9895833333333334,False,206.0,181.29395965340075,-24.706040346599252,24.706040346599252,2021-07-01 14:00:00,2021-07-01 15:45:00,105.0,105.0
D2,FG-R1-expanded-q55,11,7,2021-07-02,96,1.0,True,187.0,177.16223907480918,-9.837760925190821,9.837760925190821,2021-07-02 09:15:00,2021-07-02 09:00:00,-15.0,15.0
D2,FG-R1-expanded-q55,11,7,2021-07-03,96,1.0,True,112.0,111.01612594513647,-0.9838740548635343,0.9838740548635343,2021-07-03 04:15:00,2021-07-03 02:00:00,-135.0,135.0
D2,FG-R1-expanded-q55,11,7,2021-07-04,96,1.0,True,28.0,24.270153560780614,-3.7298464392193864,3.7298464392193864,2021-07-04 08:30:00,2021-07-04 03:45:00,-285.0,285.0
D2,FG-R1-expanded-q55,11,8,2021-06-28,1,0.010416666666666666,False,24.0,24.246102339962512,0.24610233996251196,0.24610233996251196,2021-06-28 00:00:00,2021-06-28 00:00:00,0.0,0.0
D2,FG-R1-expanded-q55,11,8,2021-07-01,95,0.9895833333333334,False,206.0,180.33201228749482,-25.66798771250518,25.66798771250518,2021-07-01 14:00:00,2021-07-01 14:00:00,0.0,0.0
D2,FG-R1-expanded-q55,11,8,2021-07-02,96,1.0,True,187.0,176.66310725500756,-10.33689274499244,10.33689274499244,2021-07-02 09:15:00,2021-07-02 11:15:00,120.0,120.0
D2,FG-R1-expanded-q55,11,8,2021-07-03,96,1.0,True,112.0,111.27139034235975,-0.7286096576402485,0.7286096576402485,2021-07-03 04:15:00,2021-07-03 02:15:00,-120.0,120.0
D2,FG-R1-expanded-q55,11,8,2021-07-04,96,1.0,True,28.0,24.60677034719163,-3.393229652808369,3.393229652808369,2021-07-04 08:30:00,2021-07-04 04:00:00,-270.0,270.0
D2,FG-R1-expanded-q55,11,9,2021-06-28,1,0.010416666666666666,False,24.0,24.375321395138293,0.3753213951382932,0.3753213951382932,2021-06-28 00:00:00,2021-06-28 00:00:00,0.0,0.0
D2,FG-R1-expanded-q55,11,9,2021-07-01,95,0.9895833333333334,False,206.0,180.06582607497847,-25.934173925021526,25.934173925021526,2021-07-01 14:00:00,2021-07-01 14:00:00,0.0,0.0
D2,FG-R1-expanded-q55,11,9,2021-07-02,96,1.0,True,187.0,178.28832930033775,-8.71167069966225,8.71167069966225,2021-07-02 09:15:00,2021-07-02 14:00:00,285.0,285.0
D2,FG-R1-expanded-q55,11,9,2021-07-03,96,1.0,True,112.0,111.00836264277675,-0.9916373572232544,0.9916373572232544,2021-07-03 04:15:00,2021-07-03 02:15:00,-120.0,120.0
D2,FG-R1-expanded-q55,11,9,2021-07-04,96,1.0,True,28.0,24.551811581669305,-3.4481884183306946,3.4481884183306946,2021-07-04 08:30:00,2021-07-04 04:00:00,-270.0,270.0
D2,FG-R1-expanded-q55,11,10,2021-06-28,1,0.010416666666666666,False,24.0,24.705000712085642,0.7050007120856421,0.7050007120856421,2021-06-28 00:00:00,2021-06-28 00:00:00,0.0,0.0
D2,FG-R1-expanded-q55,11,10,2021-07-01,95,0.9895833333333334,False,206.0,180.34687771072066,-25.653122289279338,25.653122289279338,2021-07-01 14:00:00,2021-07-01 14:00:00,0.0,0.0
D2,FG-R1-expanded-q55,11,10,2021-07-02,96,1.0,True,187.0,179.478843689067,-7.521156310933009,7.521156310933009,2021-07-02 09:15:00,2021-07-02 09:00:00,-15.0,15.0
D2,FG-R1-expanded-q55,11,10,2021-07-03,96,1.0,True,112.0,111.07609809471778,-0.9239019052822215,0.9239019052822215,2021-07-03 04:15:00,2021-07-03 02:00:00,-135.0,135.0
D2,FG-R1-expanded-q55,11,10,2021-07-04,96,1.0,True,28.0,24.479732318385082,-3.520267681614918,3.520267681614918,2021-07-04 08:30:00,2021-07-04 17:45:00,555.0,555.0
D2,FG-R1-expanded-q55,11,11,2021-06-28,1,0.010416666666666666,False,24.0,25.00967295329658,1.0096729532965796,1.0096729532965796,2021-06-28 00:00:00,2021-06-28 00:00:00,0.0,0.0
D2,FG-R1-expanded-q55,11,11,2021-07-01,95,0.9895833333333334,False,206.0,179.23404165119186,-26.76595834880814,26.76595834880814,2021-07-01 14:00:00,2021-07-01 08:45:00,-315.0,315.0
D2,FG-R1-expanded-q55,11,11,2021-07-02,96,1.0,True,187.0,179.9509658814498,-7.049034118550196,7.049034118550196,2021-07-02 09:15:00,2021-07-02 09:00:00,-15.0,15.0
D2,FG-R1-expanded-q55,11,11,2021-07-03,96,1.0,True,112.0,110.67653447971966,-1.3234655202803367,1.3234655202803367,2021-07-03 04:15:00,2021-07-03 01:45:00,-150.0,150.0
D2,FG-R1-expanded-q55,11,11,2021-07-04,96,1.0,True,28.0,24.835323138697582,-3.164676861302418,3.164676861302418,2021-07-04 08:30:00,2021-07-04 18:00:00,570.0,570.0
D2,FG-R1-expanded-q55,11,12,2021-06-28,1,0.010416666666666666,False,24.0,24.66757090251533,0.6675709025153296,0.6675709025153296,2021-06-28 00:00:00,2021-06-28 00:00:00,0.0,0.0
D2,FG-R1-expanded-q55,11,12,2021-07-01,95,0.9895833333333334,False,206.0,178.2545315193144,-27.745468480685588,27.745468480685588,2021-07-01 14:00:00,2021-07-01 14:00:00,0.0,0.0
D2,FG-R1-expanded-q55,11,12,2021-07-02,96,1.0,True,187.0,179.82358551035605,-7.176414489643946,7.176414489643946,2021-07-02 09:15:00,2021-07-02 09:00:00,-15.0,15.0
D2,FG-R1-expanded-q55,11,12,2021-07-03,96,1.0,True,112.0,112.0556436879795,0.05564368797949726,0.05564368797949726,2021-07-03 04:15:00,2021-07-03 02:00:00,-135.0,135.0
D2,FG-R1-expanded-q55,11,12,2021-07-04,96,1.0,True,28.0,25.006038470728832,-2.993961529271168,2.993961529271168,2021-07-04 08:30:00,2021-07-04 18:15:00,585.0,585.0
D2,FG-R1-expanded-q55,11,13,2021-06-28,1,0.010416666666666666,False,24.0,24.93930704753486,0.9393070475348608,0.9393070475348608,2021-06-28 00:00:00,2021-06-28 00:00:00,0.0,0.0
D2,FG-R1-expanded-q55,11,13,2021-07-01,95,0.9895833333333334,False,206.0,178.48527492751754,-27.514725072482463,27.514725072482463,2021-07-01 14:00:00,2021-07-01 14:00:00,0.0,0.0
D2,FG-R1-expanded-q55,11,13,2021-07-02,96,1.0,True,187.0,177.84987640391074,-9.150123596089259,9.150123596089259,2021-07-02 09:15:00,2021-07-02 09:00:00,-15.0,15.0
D2,FG-R1-expanded-q55,11,13,2021-07-03,96,1.0,True,112.0,114.10159862389426,2.1015986238942617,2.1015986238942617,2021-07-03 04:15:00,2021-07-03 01:45:00,-150.0,150.0
D2,FG-R1-expanded-q55,11,13,2021-07-04,96,1.0,True,28.0,25.269896662595976,-2.7301033374040244,2.7301033374040244,2021-07-04 08:30:00,2021-07-04 11:45:00,195.0,195.0
D2,FG-R1-expanded-q55,11,14,2021-06-28,1,0.010416666666666666,False,24.0,24.97006876628486,0.9700687662848608,0.9700687662848608,2021-06-28 00:00:00,2021-06-28 00:00:00,0.0,0.0
D2,FG-R1-expanded-q55,11,14,2021-07-01,95,0.9895833333333334,False,206.0,177.84984475230453,-28.150155247695466,28.150155247695466,2021-07-01 14:00:00,2021-07-01 14:00:00,0.0,0.0
D2,FG-R1-expanded-q55,11,14,2021-07-02,96,1.0,True,187.0,179.12890948958935,-7.871090510410653,7.871090510410653,2021-07-02 09:15:00,2021-07-02 09:00:00,-15.0,15.0
D2,FG-R1-expanded-q55,11,14,2021-07-03,96,1.0,True,112.0,114.61731623064308,2.617316230643084,2.617316230643084,2021-07-03 04:15:00,2021-07-03 02:00:00,-135.0,135.0
D2,FG-R1-expanded-q55,11,14,2021-07-04,96,1.0,True,28.0,25.12927164987518,-2.8707283501248213,2.8707283501248213,2021-07-04 08:30:00,2021-07-04 18:45:00,615.0,615.0
D2,FG-R1-expanded-q55,11,15,2021-06-28,1,0.010416666666666666,False,24.0,24.753737284351267,0.7537372843512671,0.7537372843512671,2021-06-28 00:00:00,2021-06-28 00:00:00,0.0,0.0
D2,FG-R1-expanded-q55,11,15,2021-07-01,95,0.9895833333333334,False,206.0,178.28441136481229,-27.715588635187714,27.715588635187714,2021-07-01 14:00:00,2021-07-01 08:45:00,-315.0,315.0
D2,FG-R1-expanded-q55,11,15,2021-07-02,96,1.0,True,187.0,178.96110017769254,-8.038899822307457,8.038899822307457,2021-07-02 09:15:00,2021-07-02 09:00:00,-15.0,15.0
D2,FG-R1-expanded-q55,11,15,2021-07-03,96,1.0,True,112.0,114.30803347307983,2.3080334730798313,2.3080334730798313,2021-07-03 04:15:00,2021-07-03 02:15:00,-120.0,120.0
D2,FG-R1-expanded-q55,11,15,2021-07-04,96,1.0,True,28.0,24.99860300973846,-3.00139699026154,3.00139699026154,2021-07-04 08:30:00,2021-07-04 15:30:00,420.0,420.0
D2,FG-R1-expanded-q55,11,16,2021-06-28,1,0.010416666666666666,False,24.0,24.549254252124705,0.5492542521247046,0.5492542521247046,2021-06-28 00:00:00,2021-06-28 00:00:00,0.0,0.0
D2,FG-R1-expanded-q55,11,16,2021-07-01,95,0.9895833333333334,False,206.0,177.99443333746854,-28.005566662531464,28.005566662531464,2021-07-01 14:00:00,2021-07-01 08:45:00,-315.0,315.0
D2,FG-R1-expanded-q55,11,16,2021-07-02,96,1.0,True,187.0,178.49754450175365,-8.502455498246348,8.502455498246348,2021-07-02 09:15:00,2021-07-02 09:00:00,-15.0,15.0
D2,FG-R1-expanded-q55,11,16,2021-07-03,96,1.0,True,112.0,113.80945254046264,1.8094525404626438,1.8094525404626438,2021-07-03 04:15:00,2021-07-03 02:15:00,-120.0,120.0
D2,FG-R1-expanded-q55,11,16,2021-07-04,96,1.0,True,28.0,24.50619780193681,-3.4938021980631895,3.4938021980631895,2021-07-04 08:30:00,2021-07-04 09:45:00,75.0,75.0
D2,FG-R1-expanded-q55,13,4,2021-07-12,96,1.0,True,198.0,187.02558658159413,-10.974413418405874,10.974413418405874,2021-07-12 08:45:00,2021-07-12 11:45:00,180.0,180.0
D2,FG-R1-expanded-q55,13,4,2021-07-13,1,0.010416666666666666,False,79.0,88.06345046571032,9.063450465710318,9.063450465710318,2021-07-13 00:00:00,2021-07-13 00:00:00,0.0,0.0
D2,FG-R1-expanded-q55,13,4,2021-07-17,92,0.9583333333333334,False,110.0,108.39409080677724,-1.6059091932227574,1.6059091932227574,2021-07-17 01:30:00,2021-07-17 02:15:00,45.0,45.0
D2,FG-R1-expanded-q55,13,4,2021-07-18,96,1.0,True,28.0,25.90722559275621,-2.092774407243791,2.092774407243791,2021-07-18 01:15:00,2021-07-18 11:45:00,630.0,630.0
D2,FG-R1-expanded-q55,13,5,2021-07-12,96,1.0,True,198.0,188.87254298340946,-9.12745701659054,9.12745701659054,2021-07-12 08:45:00,2021-07-12 13:45:00,300.0,300.0
D2,FG-R1-expanded-q55,13,5,2021-07-13,1,0.010416666666666666,False,79.0,89.80238271483856,10.802382714838558,10.802382714838558,2021-07-13 00:00:00,2021-07-13 00:00:00,0.0,0.0
D2,FG-R1-expanded-q55,13,5,2021-07-17,91,0.9479166666666666,False,110.0,107.16504344078359,-2.8349565592164083,2.8349565592164083,2021-07-17 01:30:00,2021-07-17 03:45:00,135.0,135.0
D2,FG-R1-expanded-q55,13,5,2021-07-18,96,1.0,True,28.0,25.973193696841157,-2.0268063031588426,2.0268063031588426,2021-07-18 01:15:00,2021-07-18 11:45:00,630.0,630.0
D2,FG-R1-expanded-q55,13,6,2021-07-12,96,1.0,True,198.0,187.85506121188354,-10.144938788116463,10.144938788116463,2021-07-12 08:45:00,2021-07-12 13:45:00,300.0,300.0
D2,FG-R1-expanded-q55,13,6,2021-07-13,1,0.010416666666666666,False,79.0,89.46427041980232,10.464270419802318,10.464270419802318,2021-07-13 00:00:00,2021-07-13 00:00:00,0.0,0.0
D2,FG-R1-expanded-q55,13,6,2021-07-17,90,0.9375,False,110.0,108.5364322153645,-1.4635677846355009,1.4635677846355009,2021-07-17 01:30:00,2021-07-17 04:00:00,150.0,150.0
D2,FG-R1-expanded-q55,13,6,2021-07-18,96,1.0,True,28.0,26.38381549205256,-1.616184507947441,1.616184507947441,2021-07-18 01:15:00,2021-07-18 11:45:00,630.0,630.0
D2,FG-R1-expanded-q55,13,7,2021-07-12,96,1.0,True,198.0,188.6360500370825,-9.363949962917502,9.363949962917502,2021-07-12 08:45:00,2021-07-12 11:45:00,180.0,180.0
D2,FG-R1-expanded-q55,13,7,2021-07-13,1,0.010416666666666666,False,79.0,89.43979684654002,10.43979684654002,10.43979684654002,2021-07-13 00:00:00,2021-07-13 00:00:00,0.0,0.0
D2,FG-R1-expanded-q55,13,7,2021-07-17,89,0.9270833333333334,False,108.0,109.26898271906664,1.268982719066642,1.268982719066642,2021-07-17 06:00:00,2021-07-17 04:00:00,-120.0,120.0
D2,FG-R1-expanded-q55,13,7,2021-07-18,96,1.0,True,28.0,26.225064917194185,-1.7749350828058148,1.7749350828058148,2021-07-18 01:15:00,2021-07-18 08:30:00,435.0,435.0
D2,FG-R1-expanded-q55,13,8,2021-07-12,96,1.0,True,198.0,189.31494063399163,-8.685059366008375,8.685059366008375,2021-07-12 08:45:00,2021-07-12 13:45:00,300.0,300.0
D2,FG-R1-expanded-q55,13,8,2021-07-13,1,0.010416666666666666,False,79.0,89.38259920152038,10.382599201520378,10.382599201520378,2021-07-13 00:00:00,2021-07-13 00:00:00,0.0,0.0
D2,FG-R1-expanded-q55,13,8,2021-07-17,88,0.9166666666666666,False,108.0,110.11379674939334,2.1137967493933445,2.1137967493933445,2021-07-17 06:00:00,2021-07-17 04:15:00,-105.0,105.0
D2,FG-R1-expanded-q55,13,8,2021-07-18,96,1.0,True,28.0,26.546004366546743,-1.4539956334532569,1.4539956334532569,2021-07-18 01:15:00,2021-07-18 11:45:00,630.0,630.0
D2,FG-R1-expanded-q55,13,9,2021-07-12,96,1.0,True,198.0,190.08432910901485,-7.9156708909851545,7.9156708909851545,2021-07-12 08:45:00,2021-07-12 13:45:00,300.0,300.0
D2,FG-R1-expanded-q55,13,9,2021-07-13,1,0.010416666666666666,False,79.0,90.13962738946786,11.139627389467861,11.139627389467861,2021-07-13 00:00:00,2021-07-13 00:00:00,0.0,0.0
D2,FG-R1-expanded-q55,13,9,2021-07-17,87,0.90625,False,108.0,108.665294274498,0.6652942744979953,0.6652942744979953,2021-07-17 06:00:00,2021-07-17 04:15:00,-105.0,105.0
D2,FG-R1-expanded-q55,13,9,2021-07-18,96,1.0,True,28.0,26.57317004583042,-1.4268299541695804,1.4268299541695804,2021-07-18 01:15:00,2021-07-18 08:30:00,435.0,435.0
D2,FG-R1-expanded-q55,13,10,2021-07-12,96,1.0,True,198.0,190.93168830705972,-7.068311692940284,7.068311692940284,2021-07-12 08:45:00,2021-07-12 13:45:00,300.0,300.0
D2,FG-R1-expanded-q55,13,10,2021-07-13,1,0.010416666666666666,False,79.0,87.68917492759593,8.689174927595928,8.689174927595928,2021-07-13 00:00:00,2021-07-13 00:00:00,0.0,0.0
D2,FG-R1-expanded-q55,13,10,2021-07-17,86,0.8958333333333334,False,108.0,108.81720512532823,0.8172051253282291,0.8172051253282291,2021-07-17 06:00:00,2021-07-17 04:00:00,-120.0,120.0
D2,FG-R1-expanded-q55,13,10,2021-07-18,96,1.0,True,28.0,26.54013626825698,-1.4598637317430203,1.4598637317430203,2021-07-18 01:15:00,2021-07-18 11:45:00,630.0,630.0
D2,FG-R1-expanded-q55,13,11,2021-07-12,96,1.0,True,198.0,188.45775560929835,-9.542244390701654,9.542244390701654,2021-07-12 08:45:00,2021-07-12 13:45:00,300.0,300.0
D2,FG-R1-expanded-q55,13,11,2021-07-13,1,0.010416666666666666,False,79.0,85.75327006954903,6.753270069549032,6.753270069549032,2021-07-13 00:00:00,2021-07-13 00:00:00,0.0,0.0
D2,FG-R1-expanded-q55,13,11,2021-07-17,85,0.8854166666666666,False,108.0,109.45741138592862,1.4574113859286228,1.4574113859286228,2021-07-17 06:00:00,2021-07-17 04:15:00,-105.0,105.0
D2,FG-R1-expanded-q55,13,11,2021-07-18,96,1.0,True,28.0,26.75770148919301,-1.2422985108069895,1.2422985108069895,2021-07-18 01:15:00,2021-07-18 08:30:00,435.0,435.0
D2,FG-R1-expanded-q55,13,12,2021-07-12,96,1.0,True,198.0,187.45572606956807,-10.544273930431928,10.544273930431928,2021-07-12 08:45:00,2021-07-12 13:45:00,300.0,300.0
D2,FG-R1-expanded-q55,13,12,2021-07-13,1,0.010416666666666666,False,79.0,85.77525441303935,6.775254413039349,6.775254413039349,2021-07-13 00:00:00,2021-07-13 00:00:00,0.0,0.0
D2,FG-R1-expanded-q55,13,12,2021-07-17,84,0.875,False,108.0,108.83544206895927,0.8354420689592672,0.8354420689592672,2021-07-17 06:00:00,2021-07-17 04:30:00,-90.0,90.0
D2,FG-R1-expanded-q55,13,12,2021-07-18,96,1.0,True,28.0,26.88138663087643,-1.118613369123569,1.118613369123569,2021-07-18 01:15:00,2021-07-18 08:30:00,435.0,435.0
D2,FG-R1-expanded-q55,13,13,2021-07-12,96,1.0,True,198.0,188.04860558704232,-9.951394412957683,9.951394412957683,2021-07-12 08:45:00,2021-07-12 13:45:00,300.0,300.0
D2,FG-R1-expanded-q55,13,13,2021-07-13,1,0.010416666666666666,False,79.0,86.44426383564499,7.444263835644989,7.444263835644989,2021-07-13 00:00:00,2021-07-13 00:00:00,0.0,0.0
D2,FG-R1-expanded-q55,13,13,2021-07-17,83,0.8645833333333334,False,108.0,109.1712692548052,1.1712692548051962,1.1712692548051962,2021-07-17 06:00:00,2021-07-17 04:15:00,-105.0,105.0
D2,FG-R1-expanded-q55,13,13,2021-07-18,96,1.0,True,28.0,26.829132473864128,-1.170867526135872,1.170867526135872,2021-07-18 01:15:00,2021-07-18 08:30:00,435.0,435.0
D2,FG-R1-expanded-q55,13,14,2021-07-12,96,1.0,True,198.0,189.56667094293434,-8.433329057065663,8.433329057065663,2021-07-12 08:45:00,2021-07-12 13:45:00,300.0,300.0
D2,FG-R1-expanded-q55,13,14,2021-07-13,1,0.010416666666666666,False,79.0,87.22355339004866,8.223553390048664,8.223553390048664,2021-07-13 00:00:00,2021-07-13 00:00:00,0.0,0.0
D2,FG-R1-expanded-q55,13,14,2021-07-17,82,0.8541666666666666,False,108.0,109.04446761933113,1.0444676193311295,1.0444676193311295,2021-07-17 06:00:00,2021-07-17 04:15:00,-105.0,105.0
D2,FG-R1-expanded-q55,13,14,2021-07-18,96,1.0,True,28.0,27.166984632855314,-0.8330153671446858,0.8330153671446858,2021-07-18 01:15:00,2021-07-18 01:45:00,30.0,30.0
D2,FG-R1-expanded-q55,13,15,2021-07-12,96,1.0,True,198.0,188.51414562601084,-9.485854373989156,9.485854373989156,2021-07-12 08:45:00,2021-07-12 13:45:00,300.0,300.0
D2,FG-R1-expanded-q55,13,15,2021-07-13,1,0.010416666666666666,False,79.0,86.6668034668673,7.666803466867293,7.666803466867293,2021-07-13 00:00:00,2021-07-13 00:00:00,0.0,0.0
D2,FG-R1-expanded-q55,13,15,2021-07-17,81,0.84375,False,108.0,109.18184565736904,1.1818456573690383,1.1818456573690383,2021-07-17 06:00:00,2021-07-17 04:00:00,-120.0,120.0
D2,FG-R1-expanded-q55,13,15,2021-07-18,96,1.0,True,28.0,27.26405860991438,-0.7359413900856211,0.7359413900856211,2021-07-18 01:15:00,2021-07-18 11:45:00,630.0,630.0
D2,FG-R1-expanded-q55,13,16,2021-07-12,96,1.0,True,198.0,188.6592237113002,-9.3407762886998,9.3407762886998,2021-07-12 08:45:00,2021-07-12 14:00:00,315.0,315.0
D2,FG-R1-expanded-q55,13,16,2021-07-13,1,0.010416666666666666,False,79.0,86.9687393344848,7.968739334484795,7.968739334484795,2021-07-13 00:00:00,2021-07-13 00:00:00,0.0,0.0
D2,FG-R1-expanded-q55,13,16,2021-07-17,80,0.8333333333333334,False,108.0,109.22427665058554,1.2242766505855371,1.2242766505855371,2021-07-17 06:00:00,2021-07-17 04:15:00,-105.0,105.0
D2,FG-R1-expanded-q55,13,16,2021-07-18,96,1.0,True,28.0,27.181330460242208,-0.8186695397577921,0.8186695397577921,2021-07-18 01:15:00,2021-07-18 11:45:00,630.0,630.0
D2,FG-R1-expanded-q55,15,4,2021-07-26,96,1.0,True,217.0,199.14736898696952,-17.852631013030475,17.852631013030475,2021-07-26 08:30:00,2021-07-26 11:45:00,195.0,195.0
D2,FG-R1-expanded-q55,15,4,2021-07-27,96,1.0,True,211.0,194.66544567552444,-16.33455432447556,16.33455432447556,2021-07-27 11:45:00,2021-07-27 08:45:00,-180.0,180.0
D2,FG-R1-expanded-q55,15,4,2021-07-28,96,1.0,True,212.0,204.9649341613609,-7.035065838639099,7.035065838639099,2021-07-28 12:00:00,2021-07-28 08:45:00,-195.0,195.0
D2,FG-R1-expanded-q55,15,4,2021-07-29,96,1.0,True,211.0,198.46510661494736,-12.53489338505264,12.53489338505264,2021-07-29 12:00:00,2021-07-29 08:45:00,-195.0,195.0
D2,FG-R1-expanded-q55,15,4,2021-07-30,96,1.0,True,212.0,197.2667016810605,-14.73329831893949,14.73329831893949,2021-07-30 12:00:00,2021-07-30 11:45:00,-15.0,15.0
D2,FG-R1-expanded-q55,15,4,2021-07-31,96,1.0,True,80.0,53.43809321076865,-26.56190678923135,26.56190678923135,2021-07-31 00:00:00,2021-07-31 01:45:00,105.0,105.0
D2,FG-R1-expanded-q55,15,4,2021-08-01,96,1.0,True,28.0,33.45252240118136,5.452522401181362,5.452522401181362,2021-08-01 09:00:00,2021-08-01 00:30:00,-510.0,510.0
D2,FG-R1-expanded-q55,15,5,2021-07-26,96,1.0,True,217.0,202.20947583635274,-14.790524163647262,14.790524163647262,2021-07-26 08:30:00,2021-07-26 11:45:00,195.0,195.0
D2,FG-R1-expanded-q55,15,5,2021-07-27,96,1.0,True,211.0,193.6752691870976,-17.324730812902402,17.324730812902402,2021-07-27 11:45:00,2021-07-27 08:30:00,-195.0,195.0
D2,FG-R1-expanded-q55,15,5,2021-07-28,96,1.0,True,212.0,204.79725807646568,-7.202741923534319,7.202741923534319,2021-07-28 12:00:00,2021-07-28 08:45:00,-195.0,195.0
D2,FG-R1-expanded-q55,15,5,2021-07-29,96,1.0,True,211.0,198.15795947953896,-12.84204052046104,12.84204052046104,2021-07-29 12:00:00,2021-07-29 08:30:00,-210.0,210.0
D2,FG-R1-expanded-q55,15,5,2021-07-30,96,1.0,True,212.0,200.21475286667476,-11.785247133325242,11.785247133325242,2021-07-30 12:00:00,2021-07-30 11:45:00,-15.0,15.0
D2,FG-R1-expanded-q55,15,5,2021-07-31,96,1.0,True,80.0,56.96663026910217,-23.03336973089783,23.03336973089783,2021-07-31 00:00:00,2021-07-31 01:15:00,75.0,75.0
D2,FG-R1-expanded-q55,15,5,2021-08-01,96,1.0,True,28.0,33.56345312918471,5.563453129184708,5.563453129184708,2021-08-01 09:00:00,2021-08-01 01:00:00,-480.0,480.0
D2,FG-R1-expanded-q55,15,6,2021-07-26,96,1.0,True,217.0,196.89846682761535,-20.10153317238465,20.10153317238465,2021-07-26 08:30:00,2021-07-26 11:45:00,195.0,195.0
D2,FG-R1-expanded-q55,15,6,2021-07-27,96,1.0,True,211.0,192.6957582487696,-18.304241751230393,18.304241751230393,2021-07-27 11:45:00,2021-07-27 08:45:00,-180.0,180.0
D2,FG-R1-expanded-q55,15,6,2021-07-28,96,1.0,True,212.0,203.36954765548688,-8.630452344513117,8.630452344513117,2021-07-28 12:00:00,2021-07-28 08:45:00,-195.0,195.0
D2,FG-R1-expanded-q55,15,6,2021-07-29,96,1.0,True,211.0,197.71590259835392,-13.284097401646079,13.284097401646079,2021-07-29 12:00:00,2021-07-29 08:30:00,-210.0,210.0
D2,FG-R1-expanded-q55,15,6,2021-07-30,96,1.0,True,212.0,198.82545577912634,-13.174544220873656,13.174544220873656,2021-07-30 12:00:00,2021-07-30 12:00:00,0.0,0.0
D2,FG-R1-expanded-q55,15,6,2021-07-31,96,1.0,True,80.0,66.4895586952795,-13.510441304720501,13.510441304720501,2021-07-31 00:00:00,2021-07-31 01:30:00,90.0,90.0
D2,FG-R1-expanded-q55,15,6,2021-08-01,96,1.0,True,28.0,33.67727957414269,5.677279574142688,5.677279574142688,2021-08-01 09:00:00,2021-08-01 01:15:00,-465.0,465.0
D2,FG-R1-expanded-q55,15,7,2021-07-26,96,1.0,True,217.0,198.21793553248705,-18.782064467512953,18.782064467512953,2021-07-26 08:30:00,2021-07-26 11:45:00,195.0,195.0
D2,FG-R1-expanded-q55,15,7,2021-07-27,96,1.0,True,211.0,191.87341825829122,-19.126581741708776,19.126581741708776,2021-07-27 11:45:00,2021-07-27 08:45:00,-180.0,180.0
D2,FG-R1-expanded-q55,15,7,2021-07-28,96,1.0,True,212.0,199.53509009996955,-12.464909900030449,12.464909900030449,2021-07-28 12:00:00,2021-07-28 08:45:00,-195.0,195.0
D2,FG-R1-expanded-q55,15,7,2021-07-29,96,1.0,True,211.0,196.30854230294167,-14.691457697058325,14.691457697058325,2021-07-29 12:00:00,2021-07-29 08:30:00,-210.0,210.0
D2,FG-R1-expanded-q55,15,7,2021-07-30,96,1.0,True,212.0,197.28108974081556,-14.71891025918444,14.71891025918444,2021-07-30 12:00:00,2021-07-30 11:30:00,-30.0,30.0
D2,FG-R1-expanded-q55,15,7,2021-07-31,96,1.0,True,80.0,68.50126392995348,-11.498736070046519,11.498736070046519,2021-07-31 00:00:00,2021-07-31 01:30:00,90.0,90.0
D2,FG-R1-expanded-q55,15,7,2021-08-01,96,1.0,True,28.0,34.02442651209915,6.024426512099147,6.024426512099147,2021-08-01 09:00:00,2021-08-01 01:45:00,-435.0,435.0
D2,FG-R1-expanded-q55,15,8,2021-07-26,96,1.0,True,217.0,200.30763695942247,-16.692363040577533,16.692363040577533,2021-07-26 08:30:00,2021-07-26 11:45:00,195.0,195.0
D2,FG-R1-expanded-q55,15,8,2021-07-27,96,1.0,True,211.0,193.8286056534394,-17.17139434656059,17.17139434656059,2021-07-27 11:45:00,2021-07-27 08:30:00,-195.0,195.0
D2,FG-R1-expanded-q55,15,8,2021-07-28,96,1.0,True,212.0,202.72095366097687,-9.279046339023125,9.279046339023125,2021-07-28 12:00:00,2021-07-28 08:30:00,-210.0,210.0
D2,FG-R1-expanded-q55,15,8,2021-07-29,96,1.0,True,211.0,198.73597512034252,-12.264024879657484,12.264024879657484,2021-07-29 12:00:00,2021-07-29 11:30:00,-30.0,30.0
D2,FG-R1-expanded-q55,15,8,2021-07-30,96,1.0,True,212.0,199.77009407999725,-12.22990592000275,12.22990592000275,2021-07-30 12:00:00,2021-07-30 11:45:00,-15.0,15.0
D2,FG-R1-expanded-q55,15,8,2021-07-31,96,1.0,True,80.0,70.16864598997377,-9.831354010026232,9.831354010026232,2021-07-31 00:00:00,2021-07-31 01:45:00,105.0,105.0
D2,FG-R1-expanded-q55,15,8,2021-08-01,96,1.0,True,28.0,35.556789644587354,7.556789644587354,7.556789644587354,2021-08-01 09:00:00,2021-08-01 02:00:00,-420.0,420.0
D2,FG-R1-expanded-q55,15,9,2021-07-26,96,1.0,True,217.0,199.51006800861765,-17.48993199138235,17.48993199138235,2021-07-26 08:30:00,2021-07-26 11:45:00,195.0,195.0
D2,FG-R1-expanded-q55,15,9,2021-07-27,96,1.0,True,211.0,194.88453718668688,-16.115462813313115,16.115462813313115,2021-07-27 11:45:00,2021-07-27 08:30:00,-195.0,195.0
D2,FG-R1-expanded-q55,15,9,2021-07-28,96,1.0,True,212.0,203.94225267344368,-8.057747326556324,8.057747326556324,2021-07-28 12:00:00,2021-07-28 08:30:00,-210.0,210.0
D2,FG-R1-expanded-q55,15,9,2021-07-29,96,1.0,True,211.0,199.14639730159405,-11.85360269840595,11.85360269840595,2021-07-29 12:00:00,2021-07-29 08:45:00,-195.0,195.0
D2,FG-R1-expanded-q55,15,9,2021-07-30,96,1.0,True,212.0,201.24723162596632,-10.752768374033678,10.752768374033678,2021-07-30 12:00:00,2021-07-30 12:00:00,0.0,0.0
D2,FG-R1-expanded-q55,15,9,2021-07-31,96,1.0,True,80.0,71.12906616279618,-8.870933837203822,8.870933837203822,2021-07-31 00:00:00,2021-07-31 01:30:00,90.0,90.0
D2,FG-R1-expanded-q55,15,9,2021-08-01,96,1.0,True,28.0,36.691708210124965,8.691708210124965,8.691708210124965,2021-08-01 09:00:00,2021-08-01 02:00:00,-420.0,420.0
D2,FG-R1-expanded-q55,15,10,2021-07-26,96,1.0,True,217.0,199.1625484054459,-17.837451594554096,17.837451594554096,2021-07-26 08:30:00,2021-07-26 11:45:00,195.0,195.0
D2,FG-R1-expanded-q55,15,10,2021-07-27,96,1.0,True,211.0,195.97391404475044,-15.026085955249556,15.026085955249556,2021-07-27 11:45:00,2021-07-27 08:30:00,-195.0,195.0
D2,FG-R1-expanded-q55,15,10,2021-07-28,96,1.0,True,212.0,205.0099192617622,-6.990080738237793,6.990080738237793,2021-07-28 12:00:00,2021-07-28 08:30:00,-210.0,210.0
D2,FG-R1-expanded-q55,15,10,2021-07-29,96,1.0,True,211.0,198.6631394429092,-12.336860557090802,12.336860557090802,2021-07-29 12:00:00,2021-07-29 12:00:00,0.0,0.0
D2,FG-R1-expanded-q55,15,10,2021-07-30,96,1.0,True,212.0,201.52782311058508,-10.472176889414925,10.472176889414925,2021-07-30 12:00:00,2021-07-30 11:45:00,-15.0,15.0
D2,FG-R1-expanded-q55,15,10,2021-07-31,96,1.0,True,80.0,71.92373793477672,-8.076262065223275,8.076262065223275,2021-07-31 00:00:00,2021-07-31 01:45:00,105.0,105.0
D2,FG-R1-expanded-q55,15,10,2021-08-01,96,1.0,True,28.0,36.19922480384415,8.199224803844153,8.199224803844153,2021-08-01 09:00:00,2021-08-01 02:00:00,-420.0,420.0
D2,FG-R1-expanded-q55,15,11,2021-07-26,96,1.0,True,217.0,202.68822907814493,-14.311770921855071,14.311770921855071,2021-07-26 08:30:00,2021-07-26 11:45:00,195.0,195.0
D2,FG-R1-expanded-q55,15,11,2021-07-27,96,1.0,True,211.0,196.44760675727457,-14.55239324272543,14.55239324272543,2021-07-27 11:45:00,2021-07-27 08:45:00,-180.0,180.0
D2,FG-R1-expanded-q55,15,11,2021-07-28,96,1.0,True,212.0,203.96465137680838,-8.035348623191624,8.035348623191624,2021-07-28 12:00:00,2021-07-28 08:45:00,-195.0,195.0
D2,FG-R1-expanded-q55,15,11,2021-07-29,96,1.0,True,211.0,197.83440458953547,-13.165595410464533,13.165595410464533,2021-07-29 12:00:00,2021-07-29 12:00:00,0.0,0.0
D2,FG-R1-expanded-q55,15,11,2021-07-30,96,1.0,True,212.0,201.70978981763682,-10.290210182363182,10.290210182363182,2021-07-30 12:00:00,2021-07-30 11:45:00,-15.0,15.0
D2,FG-R1-expanded-q55,15,11,2021-07-31,96,1.0,True,80.0,71.18630143016358,-8.813698569836419,8.813698569836419,2021-07-31 00:00:00,2021-07-31 01:45:00,105.0,105.0
D2,FG-R1-expanded-q55,15,11,2021-08-01,96,1.0,True,28.0,36.22774686480119,8.22774686480119,8.22774686480119,2021-08-01 09:00:00,2021-08-01 02:00:00,-420.0,420.0
D2,FG-R1-expanded-q55,15,12,2021-07-26,96,1.0,True,217.0,201.10208903511756,-15.897910964882442,15.897910964882442,2021-07-26 08:30:00,2021-07-26 11:45:00,195.0,195.0
D2,FG-R1-expanded-q55,15,12,2021-07-27,96,1.0,True,211.0,194.70035871024527,-16.29964128975473,16.29964128975473,2021-07-27 11:45:00,2021-07-27 08:45:00,-180.0,180.0
D2,FG-R1-expanded-q55,15,12,2021-07-28,96,1.0,True,212.0,202.4556153589749,-9.54438464102509,9.54438464102509,2021-07-28 12:00:00,2021-07-28 08:45:00,-195.0,195.0
D2,FG-R1-expanded-q55,15,12,2021-07-29,96,1.0,True,211.0,196.40957380320657,-14.59042619679343,14.59042619679343,2021-07-29 12:00:00,2021-07-29 08:45:00,-195.0,195.0
D2,FG-R1-expanded-q55,15,12,2021-07-30,96,1.0,True,212.0,201.90208514862704,-10.097914851372963,10.097914851372963,2021-07-30 12:00:00,2021-07-30 11:45:00,-15.0,15.0
D2,FG-R1-expanded-q55,15,12,2021-07-31,96,1.0,True,80.0,69.66366600728107,-10.336333992718934,10.336333992718934,2021-07-31 00:00:00,2021-07-31 01:30:00,90.0,90.0
D2,FG-R1-expanded-q55,15,12,2021-08-01,96,1.0,True,28.0,36.0710860183249,8.071086018324898,8.071086018324898,2021-08-01 09:00:00,2021-08-01 02:15:00,-405.0,405.0
D2,FG-R1-expanded-q55,15,13,2021-07-26,96,1.0,True,217.0,201.9956768499249,-15.004323150075095,15.004323150075095,2021-07-26 08:30:00,2021-07-26 11:45:00,195.0,195.0
D2,FG-R1-expanded-q55,15,13,2021-07-27,96,1.0,True,211.0,193.03801201290634,-17.961987987093664,17.961987987093664,2021-07-27 11:45:00,2021-07-27 11:45:00,0.0,0.0
D2,FG-R1-expanded-q55,15,13,2021-07-28,96,1.0,True,212.0,199.72227941147372,-12.277720588526279,12.277720588526279,2021-07-28 12:00:00,2021-07-28 08:45:00,-195.0,195.0
D2,FG-R1-expanded-q55,15,13,2021-07-29,96,1.0,True,211.0,196.03877672413137,-14.961223275868633,14.961223275868633,2021-07-29 12:00:00,2021-07-29 12:00:00,0.0,0.0
D2,FG-R1-expanded-q55,15,13,2021-07-30,96,1.0,True,212.0,201.87215989291735,-10.127840107082648,10.127840107082648,2021-07-30 12:00:00,2021-07-30 11:45:00,-15.0,15.0
D2,FG-R1-expanded-q55,15,13,2021-07-31,96,1.0,True,80.0,70.60873657973877,-9.391263420261225,9.391263420261225,2021-07-31 00:00:00,2021-07-31 01:45:00,105.0,105.0
D2,FG-R1-expanded-q55,15,13,2021-08-01,96,1.0,True,28.0,33.88285579436976,5.88285579436976,5.88285579436976,2021-08-01 09:00:00,2021-08-01 02:15:00,-405.0,405.0
D2,FG-R1-expanded-q55,15,14,2021-07-26,96,1.0,True,217.0,195.8589133226686,-21.1410866773314,21.1410866773314,2021-07-26 08:30:00,2021-07-26 12:00:00,210.0,210.0
D2,FG-R1-expanded-q55,15,14,2021-07-27,96,1.0,True,211.0,193.72554256756834,-17.27445743243166,17.27445743243166,2021-07-27 11:45:00,2021-07-27 12:00:00,15.0,15.0
D2,FG-R1-expanded-q55,15,14,2021-07-28,96,1.0,True,212.0,201.1561270288785,-10.843872971121499,10.843872971121499,2021-07-28 12:00:00,2021-07-28 11:45:00,-15.0,15.0
D2,FG-R1-expanded-q55,15,14,2021-07-29,96,1.0,True,211.0,196.8584930024877,-14.141506997512295,14.141506997512295,2021-07-29 12:00:00,2021-07-29 12:00:00,0.0,0.0
D2,FG-R1-expanded-q55,15,14,2021-07-30,96,1.0,True,212.0,202.32733285932602,-9.67266714067398,9.67266714067398,2021-07-30 12:00:00,2021-07-30 12:00:00,0.0,0.0
D2,FG-R1-expanded-q55,15,14,2021-07-31,96,1.0,True,80.0,68.58444565156404,-11.415554348435961,11.415554348435961,2021-07-31 00:00:00,2021-07-31 01:45:00,105.0,105.0
D2,FG-R1-expanded-q55,15,14,2021-08-01,96,1.0,True,28.0,34.39864862246924,6.3986486224692385,6.3986486224692385,2021-08-01 09:00:00,2021-08-01 03:30:00,-330.0,330.0
D2,FG-R1-expanded-q55,15,15,2021-07-26,96,1.0,True,217.0,193.24391197191554,-23.756088028084463,23.756088028084463,2021-07-26 08:30:00,2021-07-26 11:45:00,195.0,195.0
D2,FG-R1-expanded-q55,15,15,2021-07-27,96,1.0,True,211.0,191.26424146625737,-19.735758533742626,19.735758533742626,2021-07-27 11:45:00,2021-07-27 08:45:00,-180.0,180.0
D2,FG-R1-expanded-q55,15,15,2021-07-28,96,1.0,True,212.0,201.7212994692074,-10.278700530792605,10.278700530792605,2021-07-28 12:00:00,2021-07-28 08:45:00,-195.0,195.0
D2,FG-R1-expanded-q55,15,15,2021-07-29,96,1.0,True,211.0,195.14118641473448,-15.858813585265523,15.858813585265523,2021-07-29 12:00:00,2021-07-29 11:45:00,-15.0,15.0
D2,FG-R1-expanded-q55,15,15,2021-07-30,96,1.0,True,212.0,201.8020399625529,-10.197960037447103,10.197960037447103,2021-07-30 12:00:00,2021-07-30 12:00:00,0.0,0.0
D2,FG-R1-expanded-q55,15,15,2021-07-31,96,1.0,True,80.0,69.31815040935585,-10.681849590644148,10.681849590644148,2021-07-31 00:00:00,2021-07-31 01:45:00,105.0,105.0
D2,FG-R1-expanded-q55,15,15,2021-08-01,96,1.0,True,28.0,34.50553314842911,6.505533148429109,6.505533148429109,2021-08-01 09:00:00,2021-08-01 03:30:00,-330.0,330.0
D2,FG-R1-expanded-q55,15,16,2021-07-26,96,1.0,True,217.0,190.78528146930992,-26.214718530690078,26.214718530690078,2021-07-26 08:30:00,2021-07-26 08:45:00,15.0,15.0
D2,FG-R1-expanded-q55,15,16,2021-07-27,96,1.0,True,211.0,191.25520494090625,-19.744795059093747,19.744795059093747,2021-07-27 11:45:00,2021-07-27 08:45:00,-180.0,180.0
D2,FG-R1-expanded-q55,15,16,2021-07-28,96,1.0,True,212.0,201.1071842316304,-10.892815768369587,10.892815768369587,2021-07-28 12:00:00,2021-07-28 08:45:00,-195.0,195.0
D2,FG-R1-expanded-q55,15,16,2021-07-29,96,1.0,True,211.0,196.27296823945488,-14.727031760545117,14.727031760545117,2021-07-29 12:00:00,2021-07-29 11:45:00,-15.0,15.0
D2,FG-R1-expanded-q55,15,16,2021-07-30,96,1.0,True,212.0,199.1015690315593,-12.898430968440692,12.898430968440692,2021-07-30 12:00:00,2021-07-30 11:45:00,-15.0,15.0
D2,FG-R1-expanded-q55,15,16,2021-07-31,96,1.0,True,80.0,69.45374534854773,-10.546254651452273,10.546254651452273,2021-07-31 00:00:00,2021-07-31 01:45:00,105.0,105.0
D2,FG-R1-expanded-q55,15,16,2021-08-01,96,1.0,True,28.0,34.829269009015384,6.829269009015384,6.829269009015384,2021-08-01 09:00:00,2021-08-01 03:30:00,-330.0,330.0
