dataset,model,fold,horizon,target_day,observed_slots,slot_coverage,full_day,actual_daily_max,predicted_daily_max,daily_max_error,daily_max_abs_error,actual_peak_time,predicted_peak_time,timing_error_minutes,timing_abs_error_minutes
D1,F1-union-without-slot_7_28d-ridge,0,4,2021-04-19,96,1.0,True,172.0,165.08894689225244,-6.911053107747563,6.911053107747563,2021-04-19 08:45:00,2021-04-19 12:00:00,195.0,195.0
D1,F1-union-without-slot_7_28d-ridge,0,4,2021-04-20,96,1.0,True,172.0,169.90775826507442,-2.0922417349255795,2.0922417349255795,2021-04-20 08:45:00,2021-04-20 12:00:00,195.0,195.0
D1,F1-union-without-slot_7_28d-ridge,0,4,2021-04-21,96,1.0,True,174.0,176.2202656247957,2.220265624795701,2.220265624795701,2021-04-21 08:30:00,2021-04-21 09:00:00,30.0,30.0
D1,F1-union-without-slot_7_28d-ridge,0,4,2021-04-22,96,1.0,True,174.0,171.74982135547216,-2.2501786445278356,2.2501786445278356,2021-04-22 08:30:00,2021-04-22 09:00:00,30.0,30.0
D1,F1-union-without-slot_7_28d-ridge,0,4,2021-04-23,96,1.0,True,174.0,168.31535510462686,-5.68464489537314,5.68464489537314,2021-04-23 08:30:00,2021-04-23 09:00:00,30.0,30.0
D1,F1-union-without-slot_7_28d-ridge,0,4,2021-04-24,96,1.0,True,112.0,100.17925503580923,-11.820744964190766,11.820744964190766,2021-04-24 06:15:00,2021-04-24 02:30:00,-225.0,225.0
D1,F1-union-without-slot_7_28d-ridge,0,4,2021-04-25,96,1.0,True,25.0,41.53831132207011,16.538311322070108,16.538311322070108,2021-04-25 01:30:00,2021-04-25 09:00:00,450.0,450.0
D1,F1-union-without-slot_7_28d-ridge,0,4,2021-05-03,96,1.0,True,184.0,180.18871488726433,-3.811285112735675,3.811285112735675,2021-05-03 08:30:00,2021-05-03 09:45:00,75.0,75.0
D1,F1-union-without-slot_7_28d-ridge,0,4,2021-05-04,96,1.0,True,181.0,183.98121159423783,2.981211594237834,2.981211594237834,2021-05-04 08:30:00,2021-05-04 09:45:00,75.0,75.0
D1,F1-union-without-slot_7_28d-ridge,0,4,2021-05-05,96,1.0,True,120.0,150.62464804329412,30.624648043294115,30.624648043294115,2021-05-05 04:15:00,2021-05-05 08:30:00,255.0,255.0
D1,F1-union-without-slot_7_28d-ridge,0,4,2021-05-06,96,1.0,True,199.0,178.59592953571456,-20.40407046428544,20.40407046428544,2021-05-06 09:00:00,2021-05-06 11:30:00,150.0,150.0
D1,F1-union-without-slot_7_28d-ridge,0,4,2021-05-07,96,1.0,True,181.0,179.2875979267602,-1.7124020732397867,1.7124020732397867,2021-05-07 09:00:00,2021-05-07 10:30:00,90.0,90.0
D1,F1-union-without-slot_7_28d-ridge,0,4,2021-05-08,96,1.0,True,115.0,104.4383587785425,-10.561641221457506,10.561641221457506,2021-05-08 02:00:00,2021-05-08 04:30:00,150.0,150.0
D1,F1-union-without-slot_7_28d-ridge,0,4,2021-05-09,96,1.0,True,184.0,152.29712688053237,-31.702873119467625,31.702873119467625,2021-05-09 09:00:00,2021-05-09 11:30:00,150.0,150.0
D1,F1-union-without-slot_7_28d-ridge,0,5,2021-04-19,96,1.0,True,172.0,172.03330469031113,0.033304690311126706,0.033304690311126706,2021-04-19 08:45:00,2021-04-19 13:15:00,270.0,270.0
D1,F1-union-without-slot_7_28d-ridge,0,5,2021-04-20,96,1.0,True,172.0,172.15366449014493,0.15366449014493355,0.15366449014493355,2021-04-20 08:45:00,2021-04-20 13:15:00,270.0,270.0
D1,F1-union-without-slot_7_28d-ridge,0,5,2021-04-21,96,1.0,True,174.0,178.017205862534,4.017205862534013,4.017205862534013,2021-04-21 08:30:00,2021-04-21 09:00:00,30.0,30.0
D1,F1-union-without-slot_7_28d-ridge,0,5,2021-04-22,96,1.0,True,174.0,170.9031782414838,-3.0968217585161995,3.0968217585161995,2021-04-22 08:30:00,2021-04-22 09:45:00,75.0,75.0
D1,F1-union-without-slot_7_28d-ridge,0,5,2021-04-23,96,1.0,True,174.0,167.3873833993309,-6.612616600669099,6.612616600669099,2021-04-23 08:30:00,2021-04-23 09:45:00,75.0,75.0
D1,F1-union-without-slot_7_28d-ridge,0,5,2021-04-24,96,1.0,True,112.0,103.08034770964733,-8.919652290352673,8.919652290352673,2021-04-24 06:15:00,2021-04-24 06:15:00,0.0,0.0
D1,F1-union-without-slot_7_28d-ridge,0,5,2021-04-25,96,1.0,True,25.0,40.36483795368613,15.364837953686127,15.364837953686127,2021-04-25 01:30:00,2021-04-25 09:00:00,450.0,450.0
D1,F1-union-without-slot_7_28d-ridge,0,5,2021-05-03,96,1.0,True,184.0,177.5990527271131,-6.400947272886896,6.400947272886896,2021-05-03 08:30:00,2021-05-03 10:00:00,90.0,90.0
D1,F1-union-without-slot_7_28d-ridge,0,5,2021-05-04,96,1.0,True,181.0,183.2909753131542,2.290975313154206,2.290975313154206,2021-05-04 08:30:00,2021-05-04 10:00:00,90.0,90.0
D1,F1-union-without-slot_7_28d-ridge,0,5,2021-05-05,96,1.0,True,120.0,157.89917101456643,37.899171014566434,37.899171014566434,2021-05-05 04:15:00,2021-05-05 08:30:00,255.0,255.0
D1,F1-union-without-slot_7_28d-ridge,0,5,2021-05-06,96,1.0,True,199.0,176.27427895615716,-22.72572104384284,22.72572104384284,2021-05-06 09:00:00,2021-05-06 10:45:00,105.0,105.0
D1,F1-union-without-slot_7_28d-ridge,0,5,2021-05-07,96,1.0,True,181.0,180.5180570263648,-0.4819429736351992,0.4819429736351992,2021-05-07 09:00:00,2021-05-07 10:45:00,105.0,105.0
D1,F1-union-without-slot_7_28d-ridge,0,5,2021-05-08,96,1.0,True,115.0,101.36705250374872,-13.632947496251276,13.632947496251276,2021-05-08 02:00:00,2021-05-08 04:15:00,135.0,135.0
D1,F1-union-without-slot_7_28d-ridge,0,5,2021-05-09,96,1.0,True,184.0,150.1043156884137,-33.89568431158631,33.89568431158631,2021-05-09 09:00:00,2021-05-09 11:45:00,165.0,165.0
D1,F1-union-without-slot_7_28d-ridge,0,6,2021-04-19,96,1.0,True,172.0,174.41017254030936,2.410172540309361,2.410172540309361,2021-04-19 08:45:00,2021-04-19 13:15:00,270.0,270.0
D1,F1-union-without-slot_7_28d-ridge,0,6,2021-04-20,96,1.0,True,172.0,175.26085372740647,3.26085372740647,3.26085372740647,2021-04-20 08:45:00,2021-04-20 13:15:00,270.0,270.0
D1,F1-union-without-slot_7_28d-ridge,0,6,2021-04-21,96,1.0,True,174.0,175.88797430581752,1.8879743058175222,1.8879743058175222,2021-04-21 08:30:00,2021-04-21 10:00:00,90.0,90.0
D1,F1-union-without-slot_7_28d-ridge,0,6,2021-04-22,96,1.0,True,174.0,172.18001350188803,-1.819986498111973,1.819986498111973,2021-04-22 08:30:00,2021-04-22 10:00:00,90.0,90.0
D1,F1-union-without-slot_7_28d-ridge,0,6,2021-04-23,96,1.0,True,174.0,166.69340718403805,-7.306592815961949,7.306592815961949,2021-04-23 08:30:00,2021-04-23 09:45:00,75.0,75.0
D1,F1-union-without-slot_7_28d-ridge,0,6,2021-04-24,96,1.0,True,112.0,104.2269688612086,-7.773031138791396,7.773031138791396,2021-04-24 06:15:00,2021-04-24 02:00:00,-255.0,255.0
D1,F1-union-without-slot_7_28d-ridge,0,6,2021-04-25,96,1.0,True,25.0,40.78779362968898,15.787793629688977,15.787793629688977,2021-04-25 01:30:00,2021-04-25 09:45:00,495.0,495.0
D1,F1-union-without-slot_7_28d-ridge,0,6,2021-05-03,96,1.0,True,184.0,174.3340221121794,-9.665977887820588,9.665977887820588,2021-05-03 08:30:00,2021-05-03 11:00:00,150.0,150.0
D1,F1-union-without-slot_7_28d-ridge,0,6,2021-05-04,96,1.0,True,181.0,182.07266392490374,1.0726639249037362,1.0726639249037362,2021-05-04 08:30:00,2021-05-04 12:00:00,210.0,210.0
D1,F1-union-without-slot_7_28d-ridge,0,6,2021-05-05,96,1.0,True,120.0,159.9670326290481,39.967032629048106,39.967032629048106,2021-05-05 04:15:00,2021-05-05 08:30:00,255.0,255.0
D1,F1-union-without-slot_7_28d-ridge,0,6,2021-05-06,96,1.0,True,199.0,178.8327256845546,-20.16727431544541,20.16727431544541,2021-05-06 09:00:00,2021-05-06 11:30:00,150.0,150.0
D1,F1-union-without-slot_7_28d-ridge,0,6,2021-05-07,96,1.0,True,181.0,182.17880432421532,1.1788043242153208,1.1788043242153208,2021-05-07 09:00:00,2021-05-07 11:00:00,120.0,120.0
D1,F1-union-without-slot_7_28d-ridge,0,6,2021-05-08,96,1.0,True,115.0,103.91848088585996,-11.081519114140036,11.081519114140036,2021-05-08 02:00:00,2021-05-08 06:15:00,255.0,255.0
D1,F1-union-without-slot_7_28d-ridge,0,6,2021-05-09,96,1.0,True,184.0,149.5468790991105,-34.4531209008895,34.4531209008895,2021-05-09 09:00:00,2021-05-09 12:00:00,180.0,180.0
D1,F1-union-without-slot_7_28d-ridge,0,7,2021-04-19,96,1.0,True,172.0,173.75579020389216,1.7557902038921611,1.7557902038921611,2021-04-19 08:45:00,2021-04-19 13:30:00,285.0,285.0
D1,F1-union-without-slot_7_28d-ridge,0,7,2021-04-20,96,1.0,True,172.0,175.97878646924693,3.978786469246927,3.978786469246927,2021-04-20 08:45:00,2021-04-20 13:30:00,285.0,285.0
D1,F1-union-without-slot_7_28d-ridge,0,7,2021-04-21,96,1.0,True,174.0,174.44762155847093,0.447621558470928,0.447621558470928,2021-04-21 08:30:00,2021-04-21 10:00:00,90.0,90.0
D1,F1-union-without-slot_7_28d-ridge,0,7,2021-04-22,96,1.0,True,174.0,170.98758020198798,-3.0124197980120186,3.0124197980120186,2021-04-22 08:30:00,2021-04-22 10:00:00,90.0,90.0
D1,F1-union-without-slot_7_28d-ridge,0,7,2021-04-23,96,1.0,True,174.0,165.22829191175143,-8.771708088248573,8.771708088248573,2021-04-23 08:30:00,2021-04-23 10:00:00,90.0,90.0
D1,F1-union-without-slot_7_28d-ridge,0,7,2021-04-24,96,1.0,True,112.0,104.74159239845584,-7.258407601544164,7.258407601544164,2021-04-24 06:15:00,2021-04-24 02:00:00,-255.0,255.0
D1,F1-union-without-slot_7_28d-ridge,0,7,2021-04-25,96,1.0,True,25.0,41.534489227973296,16.534489227973296,16.534489227973296,2021-04-25 01:30:00,2021-04-25 09:45:00,495.0,495.0
D1,F1-union-without-slot_7_28d-ridge,0,7,2021-05-03,96,1.0,True,184.0,172.66248459256926,-11.337515407430743,11.337515407430743,2021-05-03 08:30:00,2021-05-03 11:15:00,165.0,165.0
D1,F1-union-without-slot_7_28d-ridge,0,7,2021-05-04,96,1.0,True,181.0,179.0309573426417,-1.969042657358301,1.969042657358301,2021-05-04 08:30:00,2021-05-04 11:30:00,180.0,180.0
D1,F1-union-without-slot_7_28d-ridge,0,7,2021-05-05,96,1.0,True,120.0,163.2279153142312,43.22791531423121,43.22791531423121,2021-05-05 04:15:00,2021-05-05 08:30:00,255.0,255.0
D1,F1-union-without-slot_7_28d-ridge,0,7,2021-05-06,96,1.0,True,199.0,178.78128601951755,-20.21871398048245,20.21871398048245,2021-05-06 09:00:00,2021-05-06 11:30:00,150.0,150.0
D1,F1-union-without-slot_7_28d-ridge,0,7,2021-05-07,96,1.0,True,181.0,178.2299298978781,-2.770070102121906,2.770070102121906,2021-05-07 09:00:00,2021-05-07 10:45:00,105.0,105.0
D1,F1-union-without-slot_7_28d-ridge,0,7,2021-05-08,96,1.0,True,115.0,104.14765371570789,-10.85234628429211,10.85234628429211,2021-05-08 02:00:00,2021-05-08 06:30:00,270.0,270.0
D1,F1-union-without-slot_7_28d-ridge,0,7,2021-05-09,96,1.0,True,184.0,149.7037212688025,-34.2962787311975,34.2962787311975,2021-05-09 09:00:00,2021-05-09 13:30:00,270.0,270.0
D1,F1-union-without-slot_7_28d-ridge,0,8,2021-04-19,96,1.0,True,172.0,176.45213840711787,4.452138407117872,4.452138407117872,2021-04-19 08:45:00,2021-04-19 13:15:00,270.0,270.0
D1,F1-union-without-slot_7_28d-ridge,0,8,2021-04-20,96,1.0,True,172.0,178.0637296360581,6.063729636058099,6.063729636058099,2021-04-20 08:45:00,2021-04-20 13:15:00,270.0,270.0
D1,F1-union-without-slot_7_28d-ridge,0,8,2021-04-21,96,1.0,True,174.0,175.413513539885,1.4135135398850025,1.4135135398850025,2021-04-21 08:30:00,2021-04-21 09:00:00,30.0,30.0
D1,F1-union-without-slot_7_28d-ridge,0,8,2021-04-22,96,1.0,True,174.0,170.63173626469532,-3.36826373530468,3.36826373530468,2021-04-22 08:30:00,2021-04-22 10:45:00,135.0,135.0
D1,F1-union-without-slot_7_28d-ridge,0,8,2021-04-23,96,1.0,True,174.0,166.19612725088098,-7.803872749119023,7.803872749119023,2021-04-23 08:30:00,2021-04-23 10:45:00,135.0,135.0
D1,F1-union-without-slot_7_28d-ridge,0,8,2021-04-24,96,1.0,True,112.0,104.94226363158967,-7.057736368410332,7.057736368410332,2021-04-24 06:15:00,2021-04-24 02:00:00,-255.0,255.0
D1,F1-union-without-slot_7_28d-ridge,0,8,2021-04-25,96,1.0,True,25.0,41.65668024063323,16.65668024063323,16.65668024063323,2021-04-25 01:30:00,2021-04-25 10:00:00,510.0,510.0
D1,F1-union-without-slot_7_28d-ridge,0,8,2021-05-03,96,1.0,True,184.0,169.9473078522387,-14.052692147761292,14.052692147761292,2021-05-03 08:30:00,2021-05-03 13:45:00,315.0,315.0
D1,F1-union-without-slot_7_28d-ridge,0,8,2021-05-04,96,1.0,True,181.0,180.8967242047697,-0.10327579523030295,0.10327579523030295,2021-05-04 08:30:00,2021-05-04 10:45:00,135.0,135.0
D1,F1-union-without-slot_7_28d-ridge,0,8,2021-05-05,96,1.0,True,120.0,166.41175742026996,46.411757420269964,46.411757420269964,2021-05-05 04:15:00,2021-05-05 08:30:00,255.0,255.0
D1,F1-union-without-slot_7_28d-ridge,0,8,2021-05-06,96,1.0,True,199.0,178.41714157507118,-20.582858424928816,20.582858424928816,2021-05-06 09:00:00,2021-05-06 11:30:00,150.0,150.0
D1,F1-union-without-slot_7_28d-ridge,0,8,2021-05-07,96,1.0,True,181.0,178.7562468389754,-2.243753161024614,2.243753161024614,2021-05-07 09:00:00,2021-05-07 11:00:00,120.0,120.0
D1,F1-union-without-slot_7_28d-ridge,0,8,2021-05-08,96,1.0,True,115.0,105.60956038159087,-9.390439618409133,9.390439618409133,2021-05-08 02:00:00,2021-05-08 06:15:00,255.0,255.0
D1,F1-union-without-slot_7_28d-ridge,0,8,2021-05-09,96,1.0,True,184.0,145.7550496077198,-38.2449503922802,38.2449503922802,2021-05-09 09:00:00,2021-05-09 13:45:00,285.0,285.0
D1,F1-union-without-slot_7_28d-ridge,0,9,2021-04-19,96,1.0,True,172.0,175.55539263590265,3.555392635902649,3.555392635902649,2021-04-19 08:45:00,2021-04-19 13:30:00,285.0,285.0
D1,F1-union-without-slot_7_28d-ridge,0,9,2021-04-20,96,1.0,True,172.0,178.70180900427664,6.70180900427664,6.70180900427664,2021-04-20 08:45:00,2021-04-20 13:30:00,285.0,285.0
D1,F1-union-without-slot_7_28d-ridge,0,9,2021-04-21,96,1.0,True,174.0,177.82080184344034,3.8208018434403357,3.8208018434403357,2021-04-21 08:30:00,2021-04-21 13:15:00,285.0,285.0
D1,F1-union-without-slot_7_28d-ridge,0,9,2021-04-22,96,1.0,True,174.0,172.59030553270247,-1.409694467297527,1.409694467297527,2021-04-22 08:30:00,2021-04-22 13:15:00,285.0,285.0
D1,F1-union-without-slot_7_28d-ridge,0,9,2021-04-23,96,1.0,True,174.0,166.9861142484088,-7.013885751591204,7.013885751591204,2021-04-23 08:30:00,2021-04-23 13:15:00,285.0,285.0
D1,F1-union-without-slot_7_28d-ridge,0,9,2021-04-24,96,1.0,True,112.0,103.91507676947639,-8.084923230523614,8.084923230523614,2021-04-24 06:15:00,2021-04-24 06:15:00,0.0,0.0
D1,F1-union-without-slot_7_28d-ridge,0,9,2021-04-25,96,1.0,True,25.0,39.54306043765802,14.54306043765802,14.54306043765802,2021-04-25 01:30:00,2021-04-25 10:00:00,510.0,510.0
D1,F1-union-without-slot_7_28d-ridge,0,9,2021-05-03,96,1.0,True,184.0,178.28331100085114,-5.716688999148857,5.716688999148857,2021-05-03 08:30:00,2021-05-03 11:00:00,150.0,150.0
D1,F1-union-without-slot_7_28d-ridge,0,9,2021-05-04,96,1.0,True,181.0,185.88918180405636,4.8891818040563635,4.8891818040563635,2021-05-04 08:30:00,2021-05-04 11:00:00,150.0,150.0
D1,F1-union-without-slot_7_28d-ridge,0,9,2021-05-05,96,1.0,True,120.0,164.41371443298033,44.41371443298033,44.41371443298033,2021-05-05 04:15:00,2021-05-05 08:30:00,255.0,255.0
D1,F1-union-without-slot_7_28d-ridge,0,9,2021-05-06,96,1.0,True,199.0,174.76726746929253,-24.232732530707466,24.232732530707466,2021-05-06 09:00:00,2021-05-06 11:45:00,165.0,165.0
D1,F1-union-without-slot_7_28d-ridge,0,9,2021-05-07,96,1.0,True,181.0,177.30280484588928,-3.697195154110716,3.697195154110716,2021-05-07 09:00:00,2021-05-07 11:00:00,120.0,120.0
D1,F1-union-without-slot_7_28d-ridge,0,9,2021-05-08,96,1.0,True,115.0,106.07236252369673,-8.927637476303275,8.927637476303275,2021-05-08 02:00:00,2021-05-08 06:30:00,270.0,270.0
D1,F1-union-without-slot_7_28d-ridge,0,9,2021-05-09,96,1.0,True,184.0,147.21476094915153,-36.785239050848475,36.785239050848475,2021-05-09 09:00:00,2021-05-09 13:30:00,270.0,270.0
D1,F1-union-without-slot_7_28d-ridge,0,10,2021-04-19,96,1.0,True,172.0,176.91887079838702,4.918870798387019,4.918870798387019,2021-04-19 08:45:00,2021-04-19 13:15:00,270.0,270.0
D1,F1-union-without-slot_7_28d-ridge,0,10,2021-04-20,96,1.0,True,172.0,179.42786763532308,7.427867635323082,7.427867635323082,2021-04-20 08:45:00,2021-04-20 13:45:00,300.0,300.0
D1,F1-union-without-slot_7_28d-ridge,0,10,2021-04-21,96,1.0,True,174.0,177.60204138518196,3.6020413851819626,3.6020413851819626,2021-04-21 08:30:00,2021-04-21 09:00:00,30.0,30.0
D1,F1-union-without-slot_7_28d-ridge,0,10,2021-04-22,96,1.0,True,174.0,171.02606672294348,-2.973933277056517,2.973933277056517,2021-04-22 08:30:00,2021-04-22 13:15:00,285.0,285.0
D1,F1-union-without-slot_7_28d-ridge,0,10,2021-04-23,96,1.0,True,174.0,165.82493278332322,-8.17506721667678,8.17506721667678,2021-04-23 08:30:00,2021-04-23 10:45:00,135.0,135.0
D1,F1-union-without-slot_7_28d-ridge,0,10,2021-04-24,96,1.0,True,112.0,102.656767969004,-9.343232030996006,9.343232030996006,2021-04-24 06:15:00,2021-04-24 02:00:00,-255.0,255.0
D1,F1-union-without-slot_7_28d-ridge,0,10,2021-04-25,96,1.0,True,25.0,36.41011262182037,11.410112621820367,11.410112621820367,2021-04-25 01:30:00,2021-04-25 10:00:00,510.0,510.0
D1,F1-union-without-slot_7_28d-ridge,0,10,2021-05-03,96,1.0,True,184.0,178.01844629478927,-5.981553705210729,5.981553705210729,2021-05-03 08:30:00,2021-05-03 11:15:00,165.0,165.0
D1,F1-union-without-slot_7_28d-ridge,0,10,2021-05-04,96,1.0,True,181.0,185.40891283802756,4.408912838027561,4.408912838027561,2021-05-04 08:30:00,2021-05-04 11:15:00,165.0,165.0
D1,F1-union-without-slot_7_28d-ridge,0,10,2021-05-05,96,1.0,True,120.0,164.57429558350466,44.574295583504664,44.574295583504664,2021-05-05 04:15:00,2021-05-05 08:30:00,255.0,255.0
D1,F1-union-without-slot_7_28d-ridge,0,10,2021-05-06,96,1.0,True,199.0,178.5053089398619,-20.49469106013811,20.49469106013811,2021-05-06 09:00:00,2021-05-06 13:30:00,270.0,270.0
D1,F1-union-without-slot_7_28d-ridge,0,10,2021-05-07,96,1.0,True,181.0,174.1201116828924,-6.8798883171076,6.8798883171076,2021-05-07 09:00:00,2021-05-07 11:30:00,150.0,150.0
D1,F1-union-without-slot_7_28d-ridge,0,10,2021-05-08,96,1.0,True,115.0,104.81803933378949,-10.181960666210514,10.181960666210514,2021-05-08 02:00:00,2021-05-08 06:45:00,285.0,285.0
D1,F1-union-without-slot_7_28d-ridge,0,10,2021-05-09,96,1.0,True,184.0,147.9043121093721,-36.095687890627886,36.095687890627886,2021-05-09 09:00:00,2021-05-09 13:30:00,270.0,270.0
D1,F1-union-without-slot_7_28d-ridge,0,11,2021-04-19,96,1.0,True,172.0,177.93383544414775,5.933835444147746,5.933835444147746,2021-04-19 08:45:00,2021-04-19 13:15:00,270.0,270.0
D1,F1-union-without-slot_7_28d-ridge,0,11,2021-04-20,96,1.0,True,172.0,180.75427411511868,8.754274115118676,8.754274115118676,2021-04-20 08:45:00,2021-04-20 13:15:00,270.0,270.0
D1,F1-union-without-slot_7_28d-ridge,0,11,2021-04-21,96,1.0,True,174.0,180.1771334519134,6.177133451913392,6.177133451913392,2021-04-21 08:30:00,2021-04-21 13:15:00,285.0,285.0
D1,F1-union-without-slot_7_28d-ridge,0,11,2021-04-22,96,1.0,True,174.0,174.0303484220903,0.030348422090298754,0.030348422090298754,2021-04-22 08:30:00,2021-04-22 13:15:00,285.0,285.0
D1,F1-union-without-slot_7_28d-ridge,0,11,2021-04-23,96,1.0,True,174.0,169.32957103926373,-4.670428960736274,4.670428960736274,2021-04-23 08:30:00,2021-04-23 13:15:00,285.0,285.0
D1,F1-union-without-slot_7_28d-ridge,0,11,2021-04-24,96,1.0,True,112.0,102.54157253857231,-9.45842746142769,9.45842746142769,2021-04-24 06:15:00,2021-04-24 02:00:00,-255.0,255.0
D1,F1-union-without-slot_7_28d-ridge,0,11,2021-04-25,96,1.0,True,25.0,37.04492935579496,12.044929355794963,12.044929355794963,2021-04-25 01:30:00,2021-04-25 11:00:00,570.0,570.0
D1,F1-union-without-slot_7_28d-ridge,0,11,2021-05-03,96,1.0,True,184.0,177.91828527182545,-6.081714728174546,6.081714728174546,2021-05-03 08:30:00,2021-05-03 11:30:00,180.0,180.0
D1,F1-union-without-slot_7_28d-ridge,0,11,2021-05-04,96,1.0,True,181.0,186.74241397256276,5.742413972562758,5.742413972562758,2021-05-04 08:30:00,2021-05-04 11:30:00,180.0,180.0
D1,F1-union-without-slot_7_28d-ridge,0,11,2021-05-05,96,1.0,True,120.0,170.12540343906,50.125403439059994,50.125403439059994,2021-05-05 04:15:00,2021-05-05 08:30:00,255.0,255.0
D1,F1-union-without-slot_7_28d-ridge,0,11,2021-05-06,96,1.0,True,199.0,179.35866374384034,-19.64133625615966,19.64133625615966,2021-05-06 09:00:00,2021-05-06 13:45:00,285.0,285.0
D1,F1-union-without-slot_7_28d-ridge,0,11,2021-05-07,96,1.0,True,181.0,172.05082653776952,-8.949173462230476,8.949173462230476,2021-05-07 09:00:00,2021-05-07 11:30:00,150.0,150.0
D1,F1-union-without-slot_7_28d-ridge,0,11,2021-05-08,96,1.0,True,115.0,102.35387234297403,-12.646127657025971,12.646127657025971,2021-05-08 02:00:00,2021-05-08 06:15:00,255.0,255.0
D1,F1-union-without-slot_7_28d-ridge,0,11,2021-05-09,96,1.0,True,184.0,146.90960742125932,-37.090392578740676,37.090392578740676,2021-05-09 09:00:00,2021-05-09 13:15:00,255.0,255.0
D1,F1-union-without-slot_7_28d-ridge,0,12,2021-04-19,96,1.0,True,172.0,175.64843550751345,3.6484355075134545,3.6484355075134545,2021-04-19 08:45:00,2021-04-19 13:30:00,285.0,285.0
D1,F1-union-without-slot_7_28d-ridge,0,12,2021-04-20,96,1.0,True,172.0,181.38801901309387,9.388019013093867,9.388019013093867,2021-04-20 08:45:00,2021-04-20 13:15:00,270.0,270.0
D1,F1-union-without-slot_7_28d-ridge,0,12,2021-04-21,96,1.0,True,174.0,179.84006085175912,5.8400608517591195,5.8400608517591195,2021-04-21 08:30:00,2021-04-21 10:45:00,135.0,135.0
D1,F1-union-without-slot_7_28d-ridge,0,12,2021-04-22,96,1.0,True,174.0,170.60516384277372,-3.3948361572262797,3.3948361572262797,2021-04-22 08:30:00,2021-04-22 13:30:00,300.0,300.0
D1,F1-union-without-slot_7_28d-ridge,0,12,2021-04-23,96,1.0,True,174.0,167.79248696799766,-6.207513032002339,6.207513032002339,2021-04-23 08:30:00,2021-04-23 13:30:00,300.0,300.0
D1,F1-union-without-slot_7_28d-ridge,0,12,2021-04-24,96,1.0,True,112.0,101.9961880198547,-10.0038119801453,10.0038119801453,2021-04-24 06:15:00,2021-04-24 02:00:00,-255.0,255.0
D1,F1-union-without-slot_7_28d-ridge,0,12,2021-04-25,96,1.0,True,25.0,36.3763238467488,11.376323846748797,11.376323846748797,2021-04-25 01:30:00,2021-04-25 11:15:00,585.0,585.0
D1,F1-union-without-slot_7_28d-ridge,0,12,2021-05-03,96,1.0,True,184.0,182.24581735736808,-1.7541826426319176,1.7541826426319176,2021-05-03 08:30:00,2021-05-03 11:45:00,195.0,195.0
D1,F1-union-without-slot_7_28d-ridge,0,12,2021-05-04,96,1.0,True,181.0,188.7150646179229,7.715064617922906,7.715064617922906,2021-05-04 08:30:00,2021-05-04 11:45:00,195.0,195.0
D1,F1-union-without-slot_7_28d-ridge,0,12,2021-05-05,96,1.0,True,120.0,175.90970229080438,55.909702290804375,55.909702290804375,2021-05-05 04:15:00,2021-05-05 08:30:00,255.0,255.0
D1,F1-union-without-slot_7_28d-ridge,0,12,2021-05-06,96,1.0,True,199.0,177.16066707504177,-21.839332924958228,21.839332924958228,2021-05-06 09:00:00,2021-05-06 13:30:00,270.0,270.0
D1,F1-union-without-slot_7_28d-ridge,0,12,2021-05-07,96,1.0,True,181.0,173.69092375401027,-7.309076245989729,7.309076245989729,2021-05-07 09:00:00,2021-05-07 10:45:00,105.0,105.0
D1,F1-union-without-slot_7_28d-ridge,0,12,2021-05-08,96,1.0,True,115.0,102.43873716655581,-12.56126283344419,12.56126283344419,2021-05-08 02:00:00,2021-05-08 06:30:00,270.0,270.0
D1,F1-union-without-slot_7_28d-ridge,0,12,2021-05-09,96,1.0,True,184.0,148.30834801359958,-35.691651986400416,35.691651986400416,2021-05-09 09:00:00,2021-05-09 13:30:00,270.0,270.0
D1,F1-union-without-slot_7_28d-ridge,0,13,2021-04-19,96,1.0,True,172.0,175.38279925160975,3.382799251609754,3.382799251609754,2021-04-19 08:45:00,2021-04-19 13:45:00,300.0,300.0
D1,F1-union-without-slot_7_28d-ridge,0,13,2021-04-20,96,1.0,True,172.0,182.30923267417143,10.309232674171426,10.309232674171426,2021-04-20 08:45:00,2021-04-20 15:45:00,420.0,420.0
D1,F1-union-without-slot_7_28d-ridge,0,13,2021-04-21,96,1.0,True,174.0,179.25649736680566,5.256497366805661,5.256497366805661,2021-04-21 08:30:00,2021-04-21 09:00:00,30.0,30.0
D1,F1-union-without-slot_7_28d-ridge,0,13,2021-04-22,96,1.0,True,174.0,171.0521901753208,-2.9478098246792115,2.9478098246792115,2021-04-22 08:30:00,2021-04-22 13:45:00,315.0,315.0
D1,F1-union-without-slot_7_28d-ridge,0,13,2021-04-23,96,1.0,True,174.0,167.11917668478472,-6.880823315215281,6.880823315215281,2021-04-23 08:30:00,2021-04-23 13:45:00,315.0,315.0
D1,F1-union-without-slot_7_28d-ridge,0,13,2021-04-24,96,1.0,True,112.0,104.87212167614061,-7.127878323859392,7.127878323859392,2021-04-24 06:15:00,2021-04-24 01:45:00,-270.0,270.0
D1,F1-union-without-slot_7_28d-ridge,0,13,2021-04-25,96,1.0,True,25.0,37.151960057150546,12.151960057150546,12.151960057150546,2021-04-25 01:30:00,2021-04-25 12:00:00,630.0,630.0
D1,F1-union-without-slot_7_28d-ridge,0,13,2021-05-03,96,1.0,True,184.0,182.4877659672793,-1.5122340327206985,1.5122340327206985,2021-05-03 08:30:00,2021-05-03 12:00:00,210.0,210.0
D1,F1-union-without-slot_7_28d-ridge,0,13,2021-05-04,96,1.0,True,181.0,189.99918961872527,8.999189618725268,8.999189618725268,2021-05-04 08:30:00,2021-05-04 12:00:00,210.0,210.0
D1,F1-union-without-slot_7_28d-ridge,0,13,2021-05-05,96,1.0,True,120.0,173.8316857612346,53.83168576123461,53.83168576123461,2021-05-05 04:15:00,2021-05-05 08:30:00,255.0,255.0
D1,F1-union-without-slot_7_28d-ridge,0,13,2021-05-06,96,1.0,True,199.0,178.0379510361953,-20.962048963804705,20.962048963804705,2021-05-06 09:00:00,2021-05-06 13:45:00,285.0,285.0
D1,F1-union-without-slot_7_28d-ridge,0,13,2021-05-07,96,1.0,True,181.0,171.8007698892555,-9.199230110744509,9.199230110744509,2021-05-07 09:00:00,2021-05-07 11:00:00,120.0,120.0
D1,F1-union-without-slot_7_28d-ridge,0,13,2021-05-08,96,1.0,True,115.0,103.5575901314693,-11.442409868530703,11.442409868530703,2021-05-08 02:00:00,2021-05-08 06:15:00,255.0,255.0
D1,F1-union-without-slot_7_28d-ridge,0,13,2021-05-09,96,1.0,True,184.0,147.37180816103665,-36.628191838963346,36.628191838963346,2021-05-09 09:00:00,2021-05-09 13:45:00,285.0,285.0
D1,F1-union-without-slot_7_28d-ridge,0,14,2021-04-19,96,1.0,True,172.0,173.66788288999135,1.667882889991347,1.667882889991347,2021-04-19 08:45:00,2021-04-19 13:15:00,270.0,270.0
D1,F1-union-without-slot_7_28d-ridge,0,14,2021-04-20,96,1.0,True,172.0,182.81896324167047,10.818963241670474,10.818963241670474,2021-04-20 08:45:00,2021-04-20 13:45:00,300.0,300.0
D1,F1-union-without-slot_7_28d-ridge,0,14,2021-04-21,96,1.0,True,174.0,182.51303893847145,8.513038938471453,8.513038938471453,2021-04-21 08:30:00,2021-04-21 08:30:00,0.0,0.0
D1,F1-union-without-slot_7_28d-ridge,0,14,2021-04-22,96,1.0,True,174.0,171.32188097420106,-2.678119025798935,2.678119025798935,2021-04-22 08:30:00,2021-04-22 08:30:00,0.0,0.0
D1,F1-union-without-slot_7_28d-ridge,0,14,2021-04-23,96,1.0,True,174.0,168.5775089647846,-5.422491035215387,5.422491035215387,2021-04-23 08:30:00,2021-04-23 08:30:00,0.0,0.0
D1,F1-union-without-slot_7_28d-ridge,0,14,2021-04-24,96,1.0,True,112.0,107.9559196071528,-4.044080392847206,4.044080392847206,2021-04-24 06:15:00,2021-04-24 02:00:00,-255.0,255.0
D1,F1-union-without-slot_7_28d-ridge,0,14,2021-04-25,96,1.0,True,25.0,38.011407715888915,13.011407715888915,13.011407715888915,2021-04-25 01:30:00,2021-04-25 12:00:00,630.0,630.0
D1,F1-union-without-slot_7_28d-ridge,0,14,2021-05-03,96,1.0,True,184.0,172.27698232618195,-11.723017673818049,11.723017673818049,2021-05-03 08:30:00,2021-05-03 13:45:00,315.0,315.0
D1,F1-union-without-slot_7_28d-ridge,0,14,2021-05-04,96,1.0,True,181.0,184.58711658653033,3.5871165865303283,3.5871165865303283,2021-05-04 08:30:00,2021-05-04 13:45:00,315.0,315.0
D1,F1-union-without-slot_7_28d-ridge,0,14,2021-05-05,96,1.0,True,120.0,175.1631811913599,55.16318119135991,55.16318119135991,2021-05-05 04:15:00,2021-05-05 08:30:00,255.0,255.0
D1,F1-union-without-slot_7_28d-ridge,0,14,2021-05-06,96,1.0,True,199.0,177.5037185400725,-21.496281459927502,21.496281459927502,2021-05-06 09:00:00,2021-05-06 13:45:00,285.0,285.0
D1,F1-union-without-slot_7_28d-ridge,0,14,2021-05-07,96,1.0,True,181.0,171.46059063797588,-9.539409362024116,9.539409362024116,2021-05-07 09:00:00,2021-05-07 08:30:00,-30.0,30.0
D1,F1-union-without-slot_7_28d-ridge,0,14,2021-05-08,96,1.0,True,115.0,102.72430267115912,-12.275697328840877,12.275697328840877,2021-05-08 02:00:00,2021-05-08 06:30:00,270.0,270.0
D1,F1-union-without-slot_7_28d-ridge,0,14,2021-05-09,96,1.0,True,184.0,147.82761875970297,-36.17238124029703,36.17238124029703,2021-05-09 09:00:00,2021-05-09 14:00:00,300.0,300.0
D1,F1-union-without-slot_7_28d-ridge,0,15,2021-04-19,96,1.0,True,172.0,171.1569846859239,-0.8430153140760979,0.8430153140760979,2021-04-19 08:45:00,2021-04-19 13:30:00,285.0,285.0
D1,F1-union-without-slot_7_28d-ridge,0,15,2021-04-20,96,1.0,True,172.0,178.9865357171119,6.986535717111906,6.986535717111906,2021-04-20 08:45:00,2021-04-20 15:30:00,405.0,405.0
D1,F1-union-without-slot_7_28d-ridge,0,15,2021-04-21,96,1.0,True,174.0,183.753430699384,9.753430699384012,9.753430699384012,2021-04-21 08:30:00,2021-04-21 08:45:00,15.0,15.0
D1,F1-union-without-slot_7_28d-ridge,0,15,2021-04-22,96,1.0,True,174.0,171.12228224166347,-2.87771775833653,2.87771775833653,2021-04-22 08:30:00,2021-04-22 08:30:00,0.0,0.0
D1,F1-union-without-slot_7_28d-ridge,0,15,2021-04-23,96,1.0,True,174.0,168.34379726973037,-5.6562027302696265,5.6562027302696265,2021-04-23 08:30:00,2021-04-23 08:30:00,0.0,0.0
D1,F1-union-without-slot_7_28d-ridge,0,15,2021-04-24,96,1.0,True,112.0,104.08317526969408,-7.916824730305919,7.916824730305919,2021-04-24 06:15:00,2021-04-24 04:15:00,-120.0,120.0
D1,F1-union-without-slot_7_28d-ridge,0,15,2021-04-25,96,1.0,True,25.0,37.95238236075886,12.952382360758861,12.952382360758861,2021-04-25 01:30:00,2021-04-25 12:00:00,630.0,630.0
D1,F1-union-without-slot_7_28d-ridge,0,15,2021-05-03,96,1.0,True,184.0,174.14545843705721,-9.854541562942785,9.854541562942785,2021-05-03 08:30:00,2021-05-03 13:15:00,285.0,285.0
D1,F1-union-without-slot_7_28d-ridge,0,15,2021-05-04,96,1.0,True,181.0,186.1438592325425,5.143859232542496,5.143859232542496,2021-05-04 08:30:00,2021-05-04 08:30:00,0.0,0.0
D1,F1-union-without-slot_7_28d-ridge,0,15,2021-05-05,96,1.0,True,120.0,183.14094495234642,63.140944952346416,63.140944952346416,2021-05-05 04:15:00,2021-05-05 08:30:00,255.0,255.0
D1,F1-union-without-slot_7_28d-ridge,0,15,2021-05-06,96,1.0,True,199.0,176.18757158778504,-22.812428412214956,22.812428412214956,2021-05-06 09:00:00,2021-05-06 13:30:00,270.0,270.0
D1,F1-union-without-slot_7_28d-ridge,0,15,2021-05-07,96,1.0,True,181.0,172.52460325561648,-8.475396744383517,8.475396744383517,2021-05-07 09:00:00,2021-05-07 08:30:00,-30.0,30.0
D1,F1-union-without-slot_7_28d-ridge,0,15,2021-05-08,96,1.0,True,115.0,102.1401591779575,-12.8598408220425,12.8598408220425,2021-05-08 02:00:00,2021-05-08 06:45:00,285.0,285.0
D1,F1-union-without-slot_7_28d-ridge,0,15,2021-05-09,96,1.0,True,184.0,147.54449190990857,-36.45550809009143,36.45550809009143,2021-05-09 09:00:00,2021-05-09 14:15:00,315.0,315.0
D1,F1-union-without-slot_7_28d-ridge,0,16,2021-04-19,96,1.0,True,172.0,174.19415613725408,2.194156137254083,2.194156137254083,2021-04-19 08:45:00,2021-04-19 13:15:00,270.0,270.0
D1,F1-union-without-slot_7_28d-ridge,0,16,2021-04-20,96,1.0,True,172.0,182.958220617964,10.958220617964002,10.958220617964002,2021-04-20 08:45:00,2021-04-20 15:45:00,420.0,420.0
D1,F1-union-without-slot_7_28d-ridge,0,16,2021-04-21,96,1.0,True,174.0,189.2518094321543,15.251809432154289,15.251809432154289,2021-04-21 08:30:00,2021-04-21 09:00:00,30.0,30.0
D1,F1-union-without-slot_7_28d-ridge,0,16,2021-04-22,96,1.0,True,174.0,173.47478105589417,-0.5252189441058306,0.5252189441058306,2021-04-22 08:30:00,2021-04-22 09:00:00,30.0,30.0
D1,F1-union-without-slot_7_28d-ridge,0,16,2021-04-23,96,1.0,True,174.0,173.74348257180242,-0.25651742819758283,0.25651742819758283,2021-04-23 08:30:00,2021-04-23 09:00:00,30.0,30.0
D1,F1-union-without-slot_7_28d-ridge,0,16,2021-04-24,96,1.0,True,112.0,103.7622857274216,-8.237714272578401,8.237714272578401,2021-04-24 06:15:00,2021-04-24 04:30:00,-105.0,105.0
D1,F1-union-without-slot_7_28d-ridge,0,16,2021-04-25,96,1.0,True,25.0,36.56172007744659,11.561720077446587,11.561720077446587,2021-04-25 01:30:00,2021-04-25 12:00:00,630.0,630.0
D1,F1-union-without-slot_7_28d-ridge,0,16,2021-05-03,96,1.0,True,184.0,176.09870009159653,-7.901299908403473,7.901299908403473,2021-05-03 08:30:00,2021-05-03 13:30:00,300.0,300.0
D1,F1-union-without-slot_7_28d-ridge,0,16,2021-05-04,96,1.0,True,181.0,185.8685696156341,4.868569615634101,4.868569615634101,2021-05-04 08:30:00,2021-05-04 08:30:00,0.0,0.0
D1,F1-union-without-slot_7_28d-ridge,0,16,2021-05-05,96,1.0,True,120.0,183.65272778160815,63.65272778160815,63.65272778160815,2021-05-05 04:15:00,2021-05-05 08:30:00,255.0,255.0
D1,F1-union-without-slot_7_28d-ridge,0,16,2021-05-06,96,1.0,True,199.0,178.45460820288218,-20.545391797117816,20.545391797117816,2021-05-06 09:00:00,2021-05-06 13:30:00,270.0,270.0
D1,F1-union-without-slot_7_28d-ridge,0,16,2021-05-07,96,1.0,True,181.0,172.88256229321627,-8.117437706783733,8.117437706783733,2021-05-07 09:00:00,2021-05-07 10:45:00,105.0,105.0
D1,F1-union-without-slot_7_28d-ridge,0,16,2021-05-08,96,1.0,True,115.0,98.6671256959813,-16.332874304018702,16.332874304018702,2021-05-08 02:00:00,2021-05-08 02:15:00,15.0,15.0
D1,F1-union-without-slot_7_28d-ridge,0,16,2021-05-09,96,1.0,True,184.0,147.11035224463063,-36.88964775536937,36.88964775536937,2021-05-09 09:00:00,2021-05-09 15:45:00,405.0,405.0
D1,F1-union-without-slot_7_28d-ridge,1,4,2021-05-31,96,1.0,True,172.0,170.1367617531285,-1.8632382468715036,1.8632382468715036,2021-05-31 10:30:00,2021-05-31 12:00:00,90.0,90.0
D1,F1-union-without-slot_7_28d-ridge,1,4,2021-06-01,96,1.0,True,195.0,189.40668237488381,-5.593317625116185,5.593317625116185,2021-06-01 09:00:00,2021-06-01 11:00:00,120.0,120.0
D1,F1-union-without-slot_7_28d-ridge,1,4,2021-06-02,96,1.0,True,191.0,181.6992034407141,-9.300796559285914,9.300796559285914,2021-06-02 10:45:00,2021-06-02 11:45:00,60.0,60.0
D1,F1-union-without-slot_7_28d-ridge,1,4,2021-06-03,96,1.0,True,181.0,186.2908459805147,5.290845980514689,5.290845980514689,2021-06-03 08:30:00,2021-06-03 09:45:00,75.0,75.0
D1,F1-union-without-slot_7_28d-ridge,1,4,2021-06-04,96,1.0,True,173.0,166.08033742684646,-6.919662573153545,6.919662573153545,2021-06-04 10:45:00,2021-06-04 08:30:00,-135.0,135.0
D1,F1-union-without-slot_7_28d-ridge,1,4,2021-06-05,96,1.0,True,116.0,105.54377557765653,-10.456224422343467,10.456224422343467,2021-06-05 01:45:00,2021-06-05 04:30:00,165.0,165.0
D1,F1-union-without-slot_7_28d-ridge,1,4,2021-06-06,96,1.0,True,27.0,35.17618401385754,8.176184013857537,8.176184013857537,2021-06-06 01:30:00,2021-06-06 09:00:00,450.0,450.0
D1,F1-union-without-slot_7_28d-ridge,1,4,2021-06-14,96,1.0,True,204.0,185.00709335588397,-18.992906644116033,18.992906644116033,2021-06-14 09:00:00,2021-06-14 14:30:00,330.0,330.0
D1,F1-union-without-slot_7_28d-ridge,1,4,2021-06-15,96,1.0,True,198.0,196.2777898648776,-1.7222101351223955,1.7222101351223955,2021-06-15 08:45:00,2021-06-15 09:30:00,45.0,45.0
D1,F1-union-without-slot_7_28d-ridge,1,4,2021-06-16,96,1.0,True,193.0,185.2925640741753,-7.707435925824711,7.707435925824711,2021-06-16 10:45:00,2021-06-16 09:30:00,-75.0,75.0
D1,F1-union-without-slot_7_28d-ridge,1,4,2021-06-17,96,1.0,True,197.0,192.93060293610145,-4.069397063898549,4.069397063898549,2021-06-17 08:45:00,2021-06-17 09:45:00,60.0,60.0
D1,F1-union-without-slot_7_28d-ridge,1,4,2021-06-18,96,1.0,True,186.0,179.56471863613814,-6.435281363861861,6.435281363861861,2021-06-18 10:00:00,2021-06-18 11:15:00,75.0,75.0
D1,F1-union-without-slot_7_28d-ridge,1,4,2021-06-19,96,1.0,True,119.0,111.4230970546467,-7.576902945353297,7.576902945353297,2021-06-19 02:15:00,2021-06-19 03:30:00,75.0,75.0
D1,F1-union-without-slot_7_28d-ridge,1,4,2021-06-20,96,1.0,True,28.0,34.41488558306585,6.414885583065853,6.414885583065853,2021-06-20 15:15:00,2021-06-20 09:30:00,-345.0,345.0
D1,F1-union-without-slot_7_28d-ridge,1,5,2021-05-31,96,1.0,True,172.0,171.06401109544487,-0.9359889045551313,0.9359889045551313,2021-05-31 10:30:00,2021-05-31 12:00:00,90.0,90.0
D1,F1-union-without-slot_7_28d-ridge,1,5,2021-06-01,96,1.0,True,195.0,189.9440376169981,-5.055962383001912,5.055962383001912,2021-06-01 09:00:00,2021-06-01 10:45:00,105.0,105.0
D1,F1-union-without-slot_7_28d-ridge,1,5,2021-06-02,96,1.0,True,191.0,177.18149039264074,-13.81850960735926,13.81850960735926,2021-06-02 10:45:00,2021-06-02 12:00:00,75.0,75.0
D1,F1-union-without-slot_7_28d-ridge,1,5,2021-06-03,96,1.0,True,181.0,185.66558478653747,4.665584786537465,4.665584786537465,2021-06-03 08:30:00,2021-06-03 10:00:00,90.0,90.0
D1,F1-union-without-slot_7_28d-ridge,1,5,2021-06-04,96,1.0,True,173.0,166.15073868134357,-6.849261318656431,6.849261318656431,2021-06-04 10:45:00,2021-06-04 08:45:00,-120.0,120.0
D1,F1-union-without-slot_7_28d-ridge,1,5,2021-06-05,96,1.0,True,116.0,107.22875363645852,-8.77124636354148,8.77124636354148,2021-06-05 01:45:00,2021-06-05 04:15:00,150.0,150.0
D1,F1-union-without-slot_7_28d-ridge,1,5,2021-06-06,96,1.0,True,27.0,35.3829618565176,8.382961856517603,8.382961856517603,2021-06-06 01:30:00,2021-06-06 09:15:00,465.0,465.0
D1,F1-union-without-slot_7_28d-ridge,1,5,2021-06-14,96,1.0,True,204.0,185.69835641604544,-18.301643583954558,18.301643583954558,2021-06-14 09:00:00,2021-06-14 14:45:00,345.0,345.0
D1,F1-union-without-slot_7_28d-ridge,1,5,2021-06-15,96,1.0,True,198.0,192.73791284290763,-5.262087157092367,5.262087157092367,2021-06-15 08:45:00,2021-06-15 12:00:00,195.0,195.0
D1,F1-union-without-slot_7_28d-ridge,1,5,2021-06-16,96,1.0,True,193.0,182.20880166215716,-10.791198337842843,10.791198337842843,2021-06-16 10:45:00,2021-06-16 09:30:00,-75.0,75.0
D1,F1-union-without-slot_7_28d-ridge,1,5,2021-06-17,96,1.0,True,197.0,190.4821970950166,-6.517802904983398,6.517802904983398,2021-06-17 08:45:00,2021-06-17 10:00:00,75.0,75.0
D1,F1-union-without-slot_7_28d-ridge,1,5,2021-06-18,96,1.0,True,186.0,176.73684384043275,-9.263156159567245,9.263156159567245,2021-06-18 10:00:00,2021-06-18 11:15:00,75.0,75.0
D1,F1-union-without-slot_7_28d-ridge,1,5,2021-06-19,96,1.0,True,119.0,111.49954700150155,-7.500452998498446,7.500452998498446,2021-06-19 02:15:00,2021-06-19 03:45:00,90.0,90.0
D1,F1-union-without-slot_7_28d-ridge,1,5,2021-06-20,96,1.0,True,28.0,34.7489584855887,6.748958485588702,6.748958485588702,2021-06-20 15:15:00,2021-06-20 09:30:00,-345.0,345.0
D1,F1-union-without-slot_7_28d-ridge,1,6,2021-05-31,96,1.0,True,172.0,173.38983290502796,1.3898329050279585,1.3898329050279585,2021-05-31 10:30:00,2021-05-31 12:00:00,90.0,90.0
D1,F1-union-without-slot_7_28d-ridge,1,6,2021-06-01,96,1.0,True,195.0,197.68701091844602,2.6870109184460205,2.6870109184460205,2021-06-01 09:00:00,2021-06-01 10:30:00,90.0,90.0
D1,F1-union-without-slot_7_28d-ridge,1,6,2021-06-02,96,1.0,True,191.0,180.17275136785997,-10.827248632140027,10.827248632140027,2021-06-02 10:45:00,2021-06-02 11:00:00,15.0,15.0
D1,F1-union-without-slot_7_28d-ridge,1,6,2021-06-03,96,1.0,True,181.0,173.20324006462045,-7.796759935379555,7.796759935379555,2021-06-03 08:30:00,2021-06-03 11:00:00,150.0,150.0
D1,F1-union-without-slot_7_28d-ridge,1,6,2021-06-04,96,1.0,True,173.0,165.23879620683485,-7.761203793165151,7.761203793165151,2021-06-04 10:45:00,2021-06-04 09:00:00,-105.0,105.0
D1,F1-union-without-slot_7_28d-ridge,1,6,2021-06-05,96,1.0,True,116.0,107.80953746063888,-8.190462539361121,8.190462539361121,2021-06-05 01:45:00,2021-06-05 04:15:00,150.0,150.0
D1,F1-union-without-slot_7_28d-ridge,1,6,2021-06-06,96,1.0,True,27.0,34.102640988612876,7.102640988612876,7.102640988612876,2021-06-06 01:30:00,2021-06-06 09:15:00,465.0,465.0
D1,F1-union-without-slot_7_28d-ridge,1,6,2021-06-14,96,1.0,True,204.0,186.62940743814045,-17.370592561859553,17.370592561859553,2021-06-14 09:00:00,2021-06-14 10:30:00,90.0,90.0
D1,F1-union-without-slot_7_28d-ridge,1,6,2021-06-15,96,1.0,True,198.0,189.39596046238415,-8.604039537615847,8.604039537615847,2021-06-15 08:45:00,2021-06-15 10:00:00,75.0,75.0
D1,F1-union-without-slot_7_28d-ridge,1,6,2021-06-16,96,1.0,True,193.0,185.97506396048948,-7.024936039510521,7.024936039510521,2021-06-16 10:45:00,2021-06-16 09:30:00,-75.0,75.0
D1,F1-union-without-slot_7_28d-ridge,1,6,2021-06-17,96,1.0,True,197.0,188.23898994384987,-8.761010056150127,8.761010056150127,2021-06-17 08:45:00,2021-06-17 10:45:00,120.0,120.0
D1,F1-union-without-slot_7_28d-ridge,1,6,2021-06-18,96,1.0,True,186.0,173.45213331932945,-12.547866680670552,12.547866680670552,2021-06-18 10:00:00,2021-06-18 11:45:00,105.0,105.0
D1,F1-union-without-slot_7_28d-ridge,1,6,2021-06-19,96,1.0,True,119.0,109.14350293667772,-9.85649706332228,9.85649706332228,2021-06-19 02:15:00,2021-06-19 03:45:00,90.0,90.0
D1,F1-union-without-slot_7_28d-ridge,1,6,2021-06-20,96,1.0,True,28.0,35.51125435490087,7.511254354900871,7.511254354900871,2021-06-20 15:15:00,2021-06-20 09:30:00,-345.0,345.0
D1,F1-union-without-slot_7_28d-ridge,1,7,2021-05-31,96,1.0,True,172.0,171.77228923729552,-0.22771076270447566,0.22771076270447566,2021-05-31 10:30:00,2021-05-31 11:15:00,45.0,45.0
D1,F1-union-without-slot_7_28d-ridge,1,7,2021-06-01,96,1.0,True,195.0,199.09525252321453,4.095252523214526,4.095252523214526,2021-06-01 09:00:00,2021-06-01 10:45:00,105.0,105.0
D1,F1-union-without-slot_7_28d-ridge,1,7,2021-06-02,96,1.0,True,191.0,177.63837150783638,-13.361628492163618,13.361628492163618,2021-06-02 10:45:00,2021-06-02 11:00:00,15.0,15.0
D1,F1-union-without-slot_7_28d-ridge,1,7,2021-06-03,96,1.0,True,181.0,178.08054404890424,-2.919455951095756,2.919455951095756,2021-06-03 08:30:00,2021-06-03 10:30:00,120.0,120.0
D1,F1-union-without-slot_7_28d-ridge,1,7,2021-06-04,96,1.0,True,173.0,161.89862070769368,-11.10137929230632,11.10137929230632,2021-06-04 10:45:00,2021-06-04 10:00:00,-45.0,45.0
D1,F1-union-without-slot_7_28d-ridge,1,7,2021-06-05,96,1.0,True,116.0,105.8687842853806,-10.131215714619401,10.131215714619401,2021-06-05 01:45:00,2021-06-05 03:30:00,105.0,105.0
D1,F1-union-without-slot_7_28d-ridge,1,7,2021-06-06,96,1.0,True,27.0,33.99419643365761,6.9941964336576135,6.9941964336576135,2021-06-06 01:30:00,2021-06-06 09:45:00,495.0,495.0
D1,F1-union-without-slot_7_28d-ridge,1,7,2021-06-14,96,1.0,True,204.0,187.57089294334418,-16.429107056655823,16.429107056655823,2021-06-14 09:00:00,2021-06-14 13:30:00,270.0,270.0
D1,F1-union-without-slot_7_28d-ridge,1,7,2021-06-15,96,1.0,True,198.0,193.31219395369402,-4.68780604630598,4.68780604630598,2021-06-15 08:45:00,2021-06-15 11:45:00,180.0,180.0
D1,F1-union-without-slot_7_28d-ridge,1,7,2021-06-16,96,1.0,True,193.0,183.7990387403491,-9.20096125965091,9.20096125965091,2021-06-16 10:45:00,2021-06-16 11:45:00,60.0,60.0
D1,F1-union-without-slot_7_28d-ridge,1,7,2021-06-17,96,1.0,True,197.0,189.21242714313638,-7.787572856863619,7.787572856863619,2021-06-17 08:45:00,2021-06-17 10:45:00,120.0,120.0
D1,F1-union-without-slot_7_28d-ridge,1,7,2021-06-18,96,1.0,True,186.0,172.55336559791596,-13.446634402084044,13.446634402084044,2021-06-18 10:00:00,2021-06-18 12:00:00,120.0,120.0
D1,F1-union-without-slot_7_28d-ridge,1,7,2021-06-19,96,1.0,True,119.0,108.01188270434206,-10.988117295657943,10.988117295657943,2021-06-19 02:15:00,2021-06-19 04:45:00,150.0,150.0
D1,F1-union-without-slot_7_28d-ridge,1,7,2021-06-20,96,1.0,True,28.0,35.6533430993496,7.653343099349598,7.653343099349598,2021-06-20 15:15:00,2021-06-20 09:30:00,-345.0,345.0
D1,F1-union-without-slot_7_28d-ridge,1,8,2021-05-31,96,1.0,True,172.0,170.06095239047283,-1.9390476095271652,1.9390476095271652,2021-05-31 10:30:00,2021-05-31 12:00:00,90.0,90.0
D1,F1-union-without-slot_7_28d-ridge,1,8,2021-06-01,96,1.0,True,195.0,197.81642036796964,2.8164203679696413,2.8164203679696413,2021-06-01 09:00:00,2021-06-01 11:00:00,120.0,120.0
D1,F1-union-without-slot_7_28d-ridge,1,8,2021-06-02,96,1.0,True,191.0,175.85080626543333,-15.149193734566666,15.149193734566666,2021-06-02 10:45:00,2021-06-02 11:45:00,60.0,60.0
D1,F1-union-without-slot_7_28d-ridge,1,8,2021-06-03,96,1.0,True,181.0,181.8746156440547,0.8746156440546997,0.8746156440546997,2021-06-03 08:30:00,2021-06-03 10:45:00,135.0,135.0
D1,F1-union-without-slot_7_28d-ridge,1,8,2021-06-04,96,1.0,True,173.0,163.08181354313382,-9.91818645686618,9.91818645686618,2021-06-04 10:45:00,2021-06-04 11:30:00,45.0,45.0
D1,F1-union-without-slot_7_28d-ridge,1,8,2021-06-05,96,1.0,True,116.0,103.61527666740406,-12.38472333259594,12.38472333259594,2021-06-05 01:45:00,2021-06-05 04:15:00,150.0,150.0
D1,F1-union-without-slot_7_28d-ridge,1,8,2021-06-06,96,1.0,True,27.0,36.18116151273419,9.181161512734192,9.181161512734192,2021-06-06 01:30:00,2021-06-06 10:00:00,510.0,510.0
D1,F1-union-without-slot_7_28d-ridge,1,8,2021-06-14,96,1.0,True,204.0,193.5454522949359,-10.454547705064101,10.454547705064101,2021-06-14 09:00:00,2021-06-14 13:45:00,285.0,285.0
D1,F1-union-without-slot_7_28d-ridge,1,8,2021-06-15,96,1.0,True,198.0,192.13033007709396,-5.869669922906041,5.869669922906041,2021-06-15 08:45:00,2021-06-15 11:30:00,165.0,165.0
D1,F1-union-without-slot_7_28d-ridge,1,8,2021-06-16,96,1.0,True,193.0,182.7043731432416,-10.295626856758389,10.295626856758389,2021-06-16 10:45:00,2021-06-16 12:00:00,75.0,75.0
D1,F1-union-without-slot_7_28d-ridge,1,8,2021-06-17,96,1.0,True,197.0,193.08402423030014,-3.9159757696998554,3.9159757696998554,2021-06-17 08:45:00,2021-06-17 10:45:00,120.0,120.0
D1,F1-union-without-slot_7_28d-ridge,1,8,2021-06-18,96,1.0,True,186.0,170.041981944642,-15.958018055357996,15.958018055357996,2021-06-18 10:00:00,2021-06-18 10:00:00,0.0,0.0
D1,F1-union-without-slot_7_28d-ridge,1,8,2021-06-19,96,1.0,True,119.0,108.43683482700631,-10.563165172993692,10.563165172993692,2021-06-19 02:15:00,2021-06-19 04:45:00,150.0,150.0
D1,F1-union-without-slot_7_28d-ridge,1,8,2021-06-20,96,1.0,True,28.0,35.51256415328511,7.512564153285112,7.512564153285112,2021-06-20 15:15:00,2021-06-20 09:45:00,-330.0,330.0
D1,F1-union-without-slot_7_28d-ridge,1,9,2021-05-31,96,1.0,True,172.0,169.71417979589737,-2.2858202041026345,2.2858202041026345,2021-05-31 10:30:00,2021-05-31 13:45:00,195.0,195.0
D1,F1-union-without-slot_7_28d-ridge,1,9,2021-06-01,96,1.0,True,195.0,193.45979083108858,-1.5402091689114172,1.5402091689114172,2021-06-01 09:00:00,2021-06-01 11:15:00,135.0,135.0
D1,F1-union-without-slot_7_28d-ridge,1,9,2021-06-02,96,1.0,True,191.0,181.3141022974387,-9.685897702561306,9.685897702561306,2021-06-02 10:45:00,2021-06-02 13:30:00,165.0,165.0
D1,F1-union-without-slot_7_28d-ridge,1,9,2021-06-03,96,1.0,True,181.0,185.66524959800034,4.665249598000344,4.665249598000344,2021-06-03 08:30:00,2021-06-03 11:00:00,150.0,150.0
D1,F1-union-without-slot_7_28d-ridge,1,9,2021-06-04,96,1.0,True,173.0,161.8079848404057,-11.192015159594291,11.192015159594291,2021-06-04 10:45:00,2021-06-04 10:00:00,-45.0,45.0
D1,F1-union-without-slot_7_28d-ridge,1,9,2021-06-05,96,1.0,True,116.0,107.49220304172103,-8.507796958278973,8.507796958278973,2021-06-05 01:45:00,2021-06-05 06:15:00,270.0,270.0
D1,F1-union-without-slot_7_28d-ridge,1,9,2021-06-06,96,1.0,True,27.0,34.33712875092651,7.33712875092651,7.33712875092651,2021-06-06 01:30:00,2021-06-06 10:00:00,510.0,510.0
D1,F1-union-without-slot_7_28d-ridge,1,9,2021-06-14,96,1.0,True,204.0,195.3849801087493,-8.61501989125071,8.61501989125071,2021-06-14 09:00:00,2021-06-14 13:45:00,285.0,285.0
D1,F1-union-without-slot_7_28d-ridge,1,9,2021-06-15,96,1.0,True,198.0,195.9417871599236,-2.0582128400764077,2.0582128400764077,2021-06-15 08:45:00,2021-06-15 11:45:00,180.0,180.0
D1,F1-union-without-slot_7_28d-ridge,1,9,2021-06-16,96,1.0,True,193.0,183.03278877631487,-9.967211223685126,9.967211223685126,2021-06-16 10:45:00,2021-06-16 10:45:00,0.0,0.0
D1,F1-union-without-slot_7_28d-ridge,1,9,2021-06-17,96,1.0,True,197.0,192.71283430047794,-4.287165699522063,4.287165699522063,2021-06-17 08:45:00,2021-06-17 11:00:00,135.0,135.0
D1,F1-union-without-slot_7_28d-ridge,1,9,2021-06-18,96,1.0,True,186.0,171.01355259597514,-14.986447404024858,14.986447404024858,2021-06-18 10:00:00,2021-06-18 11:15:00,75.0,75.0
D1,F1-union-without-slot_7_28d-ridge,1,9,2021-06-19,96,1.0,True,119.0,108.71592733531737,-10.284072664682625,10.284072664682625,2021-06-19 02:15:00,2021-06-19 04:45:00,150.0,150.0
D1,F1-union-without-slot_7_28d-ridge,1,9,2021-06-20,96,1.0,True,28.0,34.60881322961333,6.608813229613332,6.608813229613332,2021-06-20 15:15:00,2021-06-20 10:45:00,-270.0,270.0
D1,F1-union-without-slot_7_28d-ridge,1,10,2021-05-31,96,1.0,True,172.0,172.46077036179383,0.4607703617938341,0.4607703617938341,2021-05-31 10:30:00,2021-05-31 13:30:00,180.0,180.0
D1,F1-union-without-slot_7_28d-ridge,1,10,2021-06-01,96,1.0,True,195.0,190.8001885535037,-4.199811446496312,4.199811446496312,2021-06-01 09:00:00,2021-06-01 11:30:00,150.0,150.0
D1,F1-union-without-slot_7_28d-ridge,1,10,2021-06-02,96,1.0,True,191.0,184.05498024620687,-6.945019753793133,6.945019753793133,2021-06-02 10:45:00,2021-06-02 13:30:00,165.0,165.0
D1,F1-union-without-slot_7_28d-ridge,1,10,2021-06-03,96,1.0,True,181.0,185.85142575192486,4.8514257519248645,4.8514257519248645,2021-06-03 08:30:00,2021-06-03 11:15:00,165.0,165.0
D1,F1-union-without-slot_7_28d-ridge,1,10,2021-06-04,96,1.0,True,173.0,163.66859763813744,-9.331402361862558,9.331402361862558,2021-06-04 10:45:00,2021-06-04 10:00:00,-45.0,45.0
D1,F1-union-without-slot_7_28d-ridge,1,10,2021-06-05,96,1.0,True,116.0,107.15650543275373,-8.843494567246267,8.843494567246267,2021-06-05 01:45:00,2021-06-05 04:15:00,150.0,150.0
D1,F1-union-without-slot_7_28d-ridge,1,10,2021-06-06,96,1.0,True,27.0,36.28606218440685,9.286062184406852,9.286062184406852,2021-06-06 01:30:00,2021-06-06 10:30:00,540.0,540.0
D1,F1-union-without-slot_7_28d-ridge,1,10,2021-06-14,96,1.0,True,204.0,189.48920457116873,-14.510795428831273,14.510795428831273,2021-06-14 09:00:00,2021-06-14 14:00:00,300.0,300.0
D1,F1-union-without-slot_7_28d-ridge,1,10,2021-06-15,96,1.0,True,198.0,195.4140800799569,-2.5859199200430965,2.5859199200430965,2021-06-15 08:45:00,2021-06-15 12:00:00,195.0,195.0
D1,F1-union-without-slot_7_28d-ridge,1,10,2021-06-16,96,1.0,True,193.0,182.76506378357868,-10.234936216421318,10.234936216421318,2021-06-16 10:45:00,2021-06-16 13:45:00,180.0,180.0
D1,F1-union-without-slot_7_28d-ridge,1,10,2021-06-17,96,1.0,True,197.0,188.19568764569982,-8.80431235430018,8.80431235430018,2021-06-17 08:45:00,2021-06-17 11:00:00,135.0,135.0
D1,F1-union-without-slot_7_28d-ridge,1,10,2021-06-18,96,1.0,True,186.0,169.09031586578158,-16.909684134218423,16.909684134218423,2021-06-18 10:00:00,2021-06-18 08:30:00,-90.0,90.0
D1,F1-union-without-slot_7_28d-ridge,1,10,2021-06-19,96,1.0,True,119.0,106.22595628106359,-12.774043718936412,12.774043718936412,2021-06-19 02:15:00,2021-06-19 04:45:00,150.0,150.0
D1,F1-union-without-slot_7_28d-ridge,1,10,2021-06-20,96,1.0,True,28.0,36.610426365610245,8.610426365610245,8.610426365610245,2021-06-20 15:15:00,2021-06-20 11:00:00,-255.0,255.0
D1,F1-union-without-slot_7_28d-ridge,1,11,2021-05-31,96,1.0,True,172.0,172.44227056168552,0.44227056168551826,0.44227056168551826,2021-05-31 10:30:00,2021-05-31 13:45:00,195.0,195.0
D1,F1-union-without-slot_7_28d-ridge,1,11,2021-06-01,96,1.0,True,195.0,188.96094607604425,-6.039053923955748,6.039053923955748,2021-06-01 09:00:00,2021-06-01 11:45:00,165.0,165.0
D1,F1-union-without-slot_7_28d-ridge,1,11,2021-06-02,96,1.0,True,191.0,186.8814428150599,-4.1185571849401015,4.1185571849401015,2021-06-02 10:45:00,2021-06-02 13:30:00,165.0,165.0
D1,F1-union-without-slot_7_28d-ridge,1,11,2021-06-03,96,1.0,True,181.0,180.58125043801496,-0.4187495619850381,0.4187495619850381,2021-06-03 08:30:00,2021-06-03 11:30:00,180.0,180.0
D1,F1-union-without-slot_7_28d-ridge,1,11,2021-06-04,96,1.0,True,173.0,163.37137092004423,-9.628629079955772,9.628629079955772,2021-06-04 10:45:00,2021-06-04 13:45:00,180.0,180.0
D1,F1-union-without-slot_7_28d-ridge,1,11,2021-06-05,96,1.0,True,116.0,105.21388579231952,-10.786114207680484,10.786114207680484,2021-06-05 01:45:00,2021-06-05 06:30:00,285.0,285.0
D1,F1-union-without-slot_7_28d-ridge,1,11,2021-06-06,96,1.0,True,27.0,37.35760022466408,10.357600224664083,10.357600224664083,2021-06-06 01:30:00,2021-06-06 10:45:00,555.0,555.0
D1,F1-union-without-slot_7_28d-ridge,1,11,2021-06-14,96,1.0,True,204.0,191.2173567607502,-12.782643239249808,12.782643239249808,2021-06-14 09:00:00,2021-06-14 13:30:00,270.0,270.0
D1,F1-union-without-slot_7_28d-ridge,1,11,2021-06-15,96,1.0,True,198.0,202.11608942166302,4.11608942166302,4.11608942166302,2021-06-15 08:45:00,2021-06-15 13:30:00,285.0,285.0
D1,F1-union-without-slot_7_28d-ridge,1,11,2021-06-16,96,1.0,True,193.0,187.00189172172395,-5.9981082782760495,5.9981082782760495,2021-06-16 10:45:00,2021-06-16 13:45:00,180.0,180.0
D1,F1-union-without-slot_7_28d-ridge,1,11,2021-06-17,96,1.0,True,197.0,187.69837779198502,-9.301622208014976,9.301622208014976,2021-06-17 08:45:00,2021-06-17 11:00:00,135.0,135.0
D1,F1-union-without-slot_7_28d-ridge,1,11,2021-06-18,96,1.0,True,186.0,167.25814287625533,-18.741857123744666,18.741857123744666,2021-06-18 10:00:00,2021-06-18 10:45:00,45.0,45.0
D1,F1-union-without-slot_7_28d-ridge,1,11,2021-06-19,96,1.0,True,119.0,103.98016627017157,-15.019833729828434,15.019833729828434,2021-06-19 02:15:00,2021-06-19 04:45:00,150.0,150.0
D1,F1-union-without-slot_7_28d-ridge,1,11,2021-06-20,96,1.0,True,28.0,37.02842677975505,9.028426779755051,9.028426779755051,2021-06-20 15:15:00,2021-06-20 11:00:00,-255.0,255.0
D1,F1-union-without-slot_7_28d-ridge,1,12,2021-05-31,96,1.0,True,172.0,173.84371579616553,1.843715796165526,1.843715796165526,2021-05-31 10:30:00,2021-05-31 13:30:00,180.0,180.0
D1,F1-union-without-slot_7_28d-ridge,1,12,2021-06-01,96,1.0,True,195.0,184.42453187483173,-10.575468125168271,10.575468125168271,2021-06-01 09:00:00,2021-06-01 10:45:00,105.0,105.0
D1,F1-union-without-slot_7_28d-ridge,1,12,2021-06-02,96,1.0,True,191.0,184.0083568590457,-6.991643140954295,6.991643140954295,2021-06-02 10:45:00,2021-06-02 13:30:00,165.0,165.0
D1,F1-union-without-slot_7_28d-ridge,1,12,2021-06-03,96,1.0,True,181.0,181.10054587097642,0.10054587097641843,0.10054587097641843,2021-06-03 08:30:00,2021-06-03 11:45:00,195.0,195.0
D1,F1-union-without-slot_7_28d-ridge,1,12,2021-06-04,96,1.0,True,173.0,162.44254478649336,-10.557455213506643,10.557455213506643,2021-06-04 10:45:00,2021-06-04 13:45:00,180.0,180.0
D1,F1-union-without-slot_7_28d-ridge,1,12,2021-06-05,96,1.0,True,116.0,103.94011274535393,-12.059887254646071,12.059887254646071,2021-06-05 01:45:00,2021-06-05 06:45:00,300.0,300.0
D1,F1-union-without-slot_7_28d-ridge,1,12,2021-06-06,96,1.0,True,27.0,38.38154278988086,11.38154278988086,11.38154278988086,2021-06-06 01:30:00,2021-06-06 11:15:00,585.0,585.0
D1,F1-union-without-slot_7_28d-ridge,1,12,2021-06-14,96,1.0,True,204.0,196.19551305345868,-7.804486946541317,7.804486946541317,2021-06-14 09:00:00,2021-06-14 13:45:00,285.0,285.0
D1,F1-union-without-slot_7_28d-ridge,1,12,2021-06-15,96,1.0,True,198.0,198.82588142845353,0.8258814284535276,0.8258814284535276,2021-06-15 08:45:00,2021-06-15 13:45:00,300.0,300.0
D1,F1-union-without-slot_7_28d-ridge,1,12,2021-06-16,96,1.0,True,193.0,189.1748132588105,-3.8251867411894978,3.8251867411894978,2021-06-16 10:45:00,2021-06-16 14:00:00,195.0,195.0
D1,F1-union-without-slot_7_28d-ridge,1,12,2021-06-17,96,1.0,True,197.0,185.1789894319163,-11.821010568083693,11.821010568083693,2021-06-17 08:45:00,2021-06-17 11:45:00,180.0,180.0
D1,F1-union-without-slot_7_28d-ridge,1,12,2021-06-18,96,1.0,True,186.0,170.27385417699017,-15.72614582300983,15.72614582300983,2021-06-18 10:00:00,2021-06-18 11:15:00,75.0,75.0
D1,F1-union-without-slot_7_28d-ridge,1,12,2021-06-19,96,1.0,True,119.0,103.99465961723045,-15.005340382769546,15.005340382769546,2021-06-19 02:15:00,2021-06-19 04:30:00,135.0,135.0
D1,F1-union-without-slot_7_28d-ridge,1,12,2021-06-20,96,1.0,True,28.0,37.20690836719927,9.206908367199269,9.206908367199269,2021-06-20 15:15:00,2021-06-20 11:00:00,-255.0,255.0
D1,F1-union-without-slot_7_28d-ridge,1,13,2021-05-31,96,1.0,True,172.0,174.27283489222415,2.2728348922241537,2.2728348922241537,2021-05-31 10:30:00,2021-05-31 13:45:00,195.0,195.0
D1,F1-union-without-slot_7_28d-ridge,1,13,2021-06-01,96,1.0,True,195.0,183.8119129100261,-11.188087089973891,11.188087089973891,2021-06-01 09:00:00,2021-06-01 11:00:00,120.0,120.0
D1,F1-union-without-slot_7_28d-ridge,1,13,2021-06-02,96,1.0,True,191.0,180.5425088452258,-10.457491154774203,10.457491154774203,2021-06-02 10:45:00,2021-06-02 13:30:00,165.0,165.0
D1,F1-union-without-slot_7_28d-ridge,1,13,2021-06-03,96,1.0,True,181.0,182.59355786459142,1.5935578645914177,1.5935578645914177,2021-06-03 08:30:00,2021-06-03 12:00:00,210.0,210.0
D1,F1-union-without-slot_7_28d-ridge,1,13,2021-06-04,96,1.0,True,173.0,161.48781516998739,-11.512184830012615,11.512184830012615,2021-06-04 10:45:00,2021-06-04 10:45:00,0.0,0.0
D1,F1-union-without-slot_7_28d-ridge,1,13,2021-06-05,96,1.0,True,116.0,101.75507015994894,-14.244929840051057,14.244929840051057,2021-06-05 01:45:00,2021-06-05 06:15:00,270.0,270.0
D1,F1-union-without-slot_7_28d-ridge,1,13,2021-06-06,96,1.0,True,27.0,40.0988971289635,13.0988971289635,13.0988971289635,2021-06-06 01:30:00,2021-06-06 11:15:00,585.0,585.0
D1,F1-union-without-slot_7_28d-ridge,1,13,2021-06-14,96,1.0,True,204.0,190.38956857600897,-13.610431423991031,13.610431423991031,2021-06-14 09:00:00,2021-06-14 14:00:00,300.0,300.0
D1,F1-union-without-slot_7_28d-ridge,1,13,2021-06-15,96,1.0,True,198.0,198.12733694687725,0.12733694687725006,0.12733694687725006,2021-06-15 08:45:00,2021-06-15 11:45:00,180.0,180.0
D1,F1-union-without-slot_7_28d-ridge,1,13,2021-06-16,96,1.0,True,193.0,185.96586534426564,-7.034134655734363,7.034134655734363,2021-06-16 10:45:00,2021-06-16 14:00:00,195.0,195.0
D1,F1-union-without-slot_7_28d-ridge,1,13,2021-06-17,96,1.0,True,197.0,183.26691274201656,-13.733087257983442,13.733087257983442,2021-06-17 08:45:00,2021-06-17 11:00:00,135.0,135.0
D1,F1-union-without-slot_7_28d-ridge,1,13,2021-06-18,96,1.0,True,186.0,170.92672791078337,-15.07327208921663,15.07327208921663,2021-06-18 10:00:00,2021-06-18 11:15:00,75.0,75.0
D1,F1-union-without-slot_7_28d-ridge,1,13,2021-06-19,96,1.0,True,119.0,104.37919527601373,-14.620804723986268,14.620804723986268,2021-06-19 02:15:00,2021-06-19 04:45:00,150.0,150.0
D1,F1-union-without-slot_7_28d-ridge,1,13,2021-06-20,96,1.0,True,28.0,36.80672054817216,8.806720548172159,8.806720548172159,2021-06-20 15:15:00,2021-06-20 11:00:00,-255.0,255.0
D1,F1-union-without-slot_7_28d-ridge,1,14,2021-05-31,96,1.0,True,172.0,168.79796780008317,-3.202032199916829,3.202032199916829,2021-05-31 10:30:00,2021-05-31 13:45:00,195.0,195.0
D1,F1-union-without-slot_7_28d-ridge,1,14,2021-06-01,96,1.0,True,195.0,183.48941160240838,-11.510588397591619,11.510588397591619,2021-06-01 09:00:00,2021-06-01 14:30:00,330.0,330.0
D1,F1-union-without-slot_7_28d-ridge,1,14,2021-06-02,96,1.0,True,191.0,183.34698595725737,-7.653014042742626,7.653014042742626,2021-06-02 10:45:00,2021-06-02 13:30:00,165.0,165.0
D1,F1-union-without-slot_7_28d-ridge,1,14,2021-06-03,96,1.0,True,181.0,169.43596660267252,-11.564033397327478,11.564033397327478,2021-06-03 08:30:00,2021-06-03 13:45:00,315.0,315.0
D1,F1-union-without-slot_7_28d-ridge,1,14,2021-06-04,96,1.0,True,173.0,159.35406108937624,-13.645938910623755,13.645938910623755,2021-06-04 10:45:00,2021-06-04 13:45:00,180.0,180.0
D1,F1-union-without-slot_7_28d-ridge,1,14,2021-06-05,96,1.0,True,116.0,102.6638029604113,-13.336197039588697,13.336197039588697,2021-06-05 01:45:00,2021-06-05 06:15:00,270.0,270.0
D1,F1-union-without-slot_7_28d-ridge,1,14,2021-06-06,96,1.0,True,27.0,38.21384831397649,11.213848313976492,11.213848313976492,2021-06-06 01:30:00,2021-06-06 11:15:00,585.0,585.0
D1,F1-union-without-slot_7_28d-ridge,1,14,2021-06-14,96,1.0,True,204.0,194.0845324219395,-9.915467578060486,9.915467578060486,2021-06-14 09:00:00,2021-06-14 13:45:00,285.0,285.0
D1,F1-union-without-slot_7_28d-ridge,1,14,2021-06-15,96,1.0,True,198.0,199.28150294817527,1.281502948175273,1.281502948175273,2021-06-15 08:45:00,2021-06-15 13:30:00,285.0,285.0
D1,F1-union-without-slot_7_28d-ridge,1,14,2021-06-16,96,1.0,True,193.0,185.35855824672834,-7.641441753271664,7.641441753271664,2021-06-16 10:45:00,2021-06-16 13:45:00,180.0,180.0
D1,F1-union-without-slot_7_28d-ridge,1,14,2021-06-17,96,1.0,True,197.0,178.71507753749236,-18.284922462507637,18.284922462507637,2021-06-17 08:45:00,2021-06-17 11:45:00,180.0,180.0
D1,F1-union-without-slot_7_28d-ridge,1,14,2021-06-18,96,1.0,True,186.0,168.4671323245779,-17.532867675422096,17.532867675422096,2021-06-18 10:00:00,2021-06-18 13:45:00,225.0,225.0
D1,F1-union-without-slot_7_28d-ridge,1,14,2021-06-19,96,1.0,True,119.0,105.27774474742056,-13.722255252579444,13.722255252579444,2021-06-19 02:15:00,2021-06-19 01:45:00,-30.0,30.0
D1,F1-union-without-slot_7_28d-ridge,1,14,2021-06-20,96,1.0,True,28.0,37.56031439199888,9.56031439199888,9.56031439199888,2021-06-20 15:15:00,2021-06-20 12:00:00,-195.0,195.0
D1,F1-union-without-slot_7_28d-ridge,1,15,2021-05-31,96,1.0,True,172.0,170.7600486287984,-1.239951371201613,1.239951371201613,2021-05-31 10:30:00,2021-05-31 15:30:00,300.0,300.0
D1,F1-union-without-slot_7_28d-ridge,1,15,2021-06-01,96,1.0,True,195.0,183.85935771312458,-11.14064228687542,11.14064228687542,2021-06-01 09:00:00,2021-06-01 13:45:00,285.0,285.0
D1,F1-union-without-slot_7_28d-ridge,1,15,2021-06-02,96,1.0,True,191.0,184.730874002362,-6.269125997638014,6.269125997638014,2021-06-02 10:45:00,2021-06-02 14:30:00,225.0,225.0
D1,F1-union-without-slot_7_28d-ridge,1,15,2021-06-03,96,1.0,True,181.0,168.50975620903063,-12.490243790969373,12.490243790969373,2021-06-03 08:30:00,2021-06-03 13:15:00,285.0,285.0
D1,F1-union-without-slot_7_28d-ridge,1,15,2021-06-04,96,1.0,True,173.0,161.27730500258986,-11.722694997410144,11.722694997410144,2021-06-04 10:45:00,2021-06-04 08:30:00,-135.0,135.0
D1,F1-union-without-slot_7_28d-ridge,1,15,2021-06-05,96,1.0,True,116.0,101.36050864338209,-14.63949135661791,14.63949135661791,2021-06-05 01:45:00,2021-06-05 06:30:00,285.0,285.0
D1,F1-union-without-slot_7_28d-ridge,1,15,2021-06-06,96,1.0,True,27.0,38.23465861403602,11.234658614036022,11.234658614036022,2021-06-06 01:30:00,2021-06-06 11:45:00,615.0,615.0
D1,F1-union-without-slot_7_28d-ridge,1,15,2021-06-14,96,1.0,True,204.0,194.1237278803677,-9.87627211963229,9.87627211963229,2021-06-14 09:00:00,2021-06-14 13:45:00,285.0,285.0
D1,F1-union-without-slot_7_28d-ridge,1,15,2021-06-15,96,1.0,True,198.0,196.04712114933602,-1.9528788506639785,1.9528788506639785,2021-06-15 08:45:00,2021-06-15 13:30:00,285.0,285.0
D1,F1-union-without-slot_7_28d-ridge,1,15,2021-06-16,96,1.0,True,193.0,188.14185401270885,-4.858145987291152,4.858145987291152,2021-06-16 10:45:00,2021-06-16 14:00:00,195.0,195.0
D1,F1-union-without-slot_7_28d-ridge,1,15,2021-06-17,96,1.0,True,197.0,174.03716366337227,-22.96283633662773,22.96283633662773,2021-06-17 08:45:00,2021-06-17 12:00:00,195.0,195.0
D1,F1-union-without-slot_7_28d-ridge,1,15,2021-06-18,96,1.0,True,186.0,166.49202951122004,-19.50797048877996,19.50797048877996,2021-06-18 10:00:00,2021-06-18 08:30:00,-90.0,90.0
D1,F1-union-without-slot_7_28d-ridge,1,15,2021-06-19,96,1.0,True,119.0,105.4109454256181,-13.589054574381905,13.589054574381905,2021-06-19 02:15:00,2021-06-19 02:00:00,-15.0,15.0
D1,F1-union-without-slot_7_28d-ridge,1,15,2021-06-20,96,1.0,True,28.0,37.25059401626959,9.250594016269588,9.250594016269588,2021-06-20 15:15:00,2021-06-20 12:00:00,-195.0,195.0
D1,F1-union-without-slot_7_28d-ridge,1,16,2021-05-31,96,1.0,True,172.0,174.17593941598102,2.17593941598102,2.17593941598102,2021-05-31 10:30:00,2021-05-31 15:30:00,300.0,300.0
D1,F1-union-without-slot_7_28d-ridge,1,16,2021-06-01,96,1.0,True,195.0,185.2917478007467,-9.708252199253309,9.708252199253309,2021-06-01 09:00:00,2021-06-01 14:00:00,300.0,300.0
D1,F1-union-without-slot_7_28d-ridge,1,16,2021-06-02,96,1.0,True,191.0,185.40108129327845,-5.598918706721548,5.598918706721548,2021-06-02 10:45:00,2021-06-02 13:30:00,165.0,165.0
D1,F1-union-without-slot_7_28d-ridge,1,16,2021-06-03,96,1.0,True,181.0,170.85065827324772,-10.149341726752283,10.149341726752283,2021-06-03 08:30:00,2021-06-03 13:30:00,300.0,300.0
D1,F1-union-without-slot_7_28d-ridge,1,16,2021-06-04,96,1.0,True,173.0,164.99905081965628,-8.000949180343724,8.000949180343724,2021-06-04 10:45:00,2021-06-04 11:30:00,45.0,45.0
D1,F1-union-without-slot_7_28d-ridge,1,16,2021-06-05,96,1.0,True,116.0,100.26580017659929,-15.734199823400715,15.734199823400715,2021-06-05 01:45:00,2021-06-05 06:45:00,300.0,300.0
D1,F1-union-without-slot_7_28d-ridge,1,16,2021-06-06,96,1.0,True,27.0,36.44074942358705,9.44074942358705,9.44074942358705,2021-06-06 01:30:00,2021-06-06 11:15:00,585.0,585.0
D1,F1-union-without-slot_7_28d-ridge,1,16,2021-06-14,96,1.0,True,204.0,191.44858476798564,-12.551415232014364,12.551415232014364,2021-06-14 09:00:00,2021-06-14 14:45:00,345.0,345.0
D1,F1-union-without-slot_7_28d-ridge,1,16,2021-06-15,96,1.0,True,198.0,204.51699455371852,6.5169945537185185,6.5169945537185185,2021-06-15 08:45:00,2021-06-15 13:30:00,285.0,285.0
D1,F1-union-without-slot_7_28d-ridge,1,16,2021-06-16,96,1.0,True,193.0,190.69210810861313,-2.3078918913868733,2.3078918913868733,2021-06-16 10:45:00,2021-06-16 14:00:00,195.0,195.0
D1,F1-union-without-slot_7_28d-ridge,1,16,2021-06-17,96,1.0,True,197.0,175.4513655620915,-21.548634437908504,21.548634437908504,2021-06-17 08:45:00,2021-06-17 15:30:00,405.0,405.0
D1,F1-union-without-slot_7_28d-ridge,1,16,2021-06-18,96,1.0,True,186.0,165.6649677994702,-20.33503220052981,20.33503220052981,2021-06-18 10:00:00,2021-06-18 14:15:00,255.0,255.0
D1,F1-union-without-slot_7_28d-ridge,1,16,2021-06-19,96,1.0,True,119.0,105.59454350554282,-13.405456494457184,13.405456494457184,2021-06-19 02:15:00,2021-06-19 04:45:00,150.0,150.0
D1,F1-union-without-slot_7_28d-ridge,1,16,2021-06-20,96,1.0,True,28.0,37.11522944496946,9.115229444969458,9.115229444969458,2021-06-20 15:15:00,2021-06-20 12:30:00,-165.0,165.0
D1,F1-union-without-slot_7_28d-ridge,2,4,2021-07-12,96,1.0,True,198.0,196.94358105970906,-1.0564189402909392,1.0564189402909392,2021-07-12 08:45:00,2021-07-12 11:00:00,135.0,135.0
D1,F1-union-without-slot_7_28d-ridge,2,4,2021-07-13,1,0.010416666666666666,False,79.0,95.62496461695649,16.62496461695649,16.62496461695649,2021-07-13 00:00:00,2021-07-13 00:00:00,0.0,0.0
D1,F1-union-without-slot_7_28d-ridge,2,4,2021-07-17,80,0.8333333333333334,False,108.0,101.17042679916246,-6.829573200837544,6.829573200837544,2021-07-17 06:00:00,2021-07-17 07:00:00,60.0,60.0
D1,F1-union-without-slot_7_28d-ridge,2,4,2021-07-18,84,0.875,False,28.0,38.89495142274921,10.894951422749209,10.894951422749209,2021-07-18 04:30:00,2021-07-18 08:45:00,255.0,255.0
D1,F1-union-without-slot_7_28d-ridge,2,4,2021-07-26,84,0.875,False,217.0,215.43425934557456,-1.56574065442544,1.56574065442544,2021-07-26 08:30:00,2021-07-26 11:30:00,180.0,180.0
D1,F1-union-without-slot_7_28d-ridge,2,4,2021-07-27,84,0.875,False,211.0,185.15329984154315,-25.846700158456855,25.846700158456855,2021-07-27 11:45:00,2021-07-27 09:30:00,-135.0,135.0
D1,F1-union-without-slot_7_28d-ridge,2,4,2021-07-28,84,0.875,False,212.0,212.54618967558616,0.546189675586163,0.546189675586163,2021-07-28 12:00:00,2021-07-28 08:45:00,-195.0,195.0
D1,F1-union-without-slot_7_28d-ridge,2,4,2021-07-29,84,0.875,False,211.0,184.15865868883867,-26.84134131116133,26.84134131116133,2021-07-29 12:00:00,2021-07-29 14:45:00,165.0,165.0
D1,F1-union-without-slot_7_28d-ridge,2,4,2021-07-30,85,0.8854166666666666,False,212.0,204.29121512561022,-7.708784874389778,7.708784874389778,2021-07-30 12:00:00,2021-07-30 08:45:00,-195.0,195.0
D1,F1-union-without-slot_7_28d-ridge,2,4,2021-07-31,96,1.0,True,80.0,96.57196690392402,16.57196690392402,16.57196690392402,2021-07-31 00:00:00,2021-07-31 00:00:00,0.0,0.0
D1,F1-union-without-slot_7_28d-ridge,2,4,2021-08-01,96,1.0,True,28.0,32.76538458566028,4.765384585660279,4.765384585660279,2021-08-01 09:00:00,2021-08-01 08:30:00,-30.0,30.0
D1,F1-union-without-slot_7_28d-ridge,2,4,2021-08-09,39,0.40625,False,215.0,158.15733768076188,-56.842662319238116,56.842662319238116,2021-08-09 08:45:00,2021-08-09 09:30:00,45.0,45.0
D1,F1-union-without-slot_7_28d-ridge,2,5,2021-07-12,96,1.0,True,198.0,199.02407849363618,1.024078493636182,1.024078493636182,2021-07-12 08:45:00,2021-07-12 11:15:00,150.0,150.0
D1,F1-union-without-slot_7_28d-ridge,2,5,2021-07-13,1,0.010416666666666666,False,79.0,103.71519413163172,24.71519413163172,24.71519413163172,2021-07-13 00:00:00,2021-07-13 00:00:00,0.0,0.0
D1,F1-union-without-slot_7_28d-ridge,2,5,2021-07-17,79,0.8229166666666666,False,108.0,106.45978713637479,-1.5402128636252144,1.5402128636252144,2021-07-17 06:00:00,2021-07-17 07:15:00,75.0,75.0
D1,F1-union-without-slot_7_28d-ridge,2,5,2021-07-18,84,0.875,False,28.0,37.516207329596035,9.516207329596035,9.516207329596035,2021-07-18 04:30:00,2021-07-18 09:00:00,270.0,270.0
D1,F1-union-without-slot_7_28d-ridge,2,5,2021-07-26,84,0.875,False,217.0,206.33277298702802,-10.667227012971978,10.667227012971978,2021-07-26 08:30:00,2021-07-26 11:45:00,195.0,195.0
D1,F1-union-without-slot_7_28d-ridge,2,5,2021-07-27,84,0.875,False,211.0,182.98610957688618,-28.01389042311382,28.01389042311382,2021-07-27 11:45:00,2021-07-27 11:00:00,-45.0,45.0
D1,F1-union-without-slot_7_28d-ridge,2,5,2021-07-28,84,0.875,False,212.0,205.41074847246347,-6.589251527536533,6.589251527536533,2021-07-28 12:00:00,2021-07-28 08:45:00,-195.0,195.0
D1,F1-union-without-slot_7_28d-ridge,2,5,2021-07-29,84,0.875,False,211.0,178.1489805980066,-32.8510194019934,32.8510194019934,2021-07-29 12:00:00,2021-07-29 15:00:00,180.0,180.0
D1,F1-union-without-slot_7_28d-ridge,2,5,2021-07-30,85,0.8854166666666666,False,212.0,201.126412820824,-10.873587179176013,10.873587179176013,2021-07-30 12:00:00,2021-07-30 09:00:00,-180.0,180.0
D1,F1-union-without-slot_7_28d-ridge,2,5,2021-07-31,96,1.0,True,80.0,87.26887382562322,7.268873825623217,7.268873825623217,2021-07-31 00:00:00,2021-07-31 00:00:00,0.0,0.0
D1,F1-union-without-slot_7_28d-ridge,2,5,2021-08-01,96,1.0,True,28.0,33.467935796621035,5.467935796621035,5.467935796621035,2021-08-01 09:00:00,2021-08-01 08:30:00,-30.0,30.0
D1,F1-union-without-slot_7_28d-ridge,2,5,2021-08-09,39,0.40625,False,215.0,132.70520627957032,-82.29479372042968,82.29479372042968,2021-08-09 08:45:00,2021-08-09 09:30:00,45.0,45.0
D1,F1-union-without-slot_7_28d-ridge,2,6,2021-07-12,96,1.0,True,198.0,194.27604383515137,-3.72395616484863,3.72395616484863,2021-07-12 08:45:00,2021-07-12 11:00:00,135.0,135.0
D1,F1-union-without-slot_7_28d-ridge,2,6,2021-07-13,1,0.010416666666666666,False,79.0,102.34950791252736,23.349507912527358,23.349507912527358,2021-07-13 00:00:00,2021-07-13 00:00:00,0.0,0.0
D1,F1-union-without-slot_7_28d-ridge,2,6,2021-07-17,78,0.8125,False,108.0,99.97924833462294,-8.020751665377063,8.020751665377063,2021-07-17 06:00:00,2021-07-17 07:30:00,90.0,90.0
D1,F1-union-without-slot_7_28d-ridge,2,6,2021-07-18,84,0.875,False,28.0,38.65434528168086,10.654345281680861,10.654345281680861,2021-07-18 01:15:00,2021-07-18 09:15:00,480.0,480.0
D1,F1-union-without-slot_7_28d-ridge,2,6,2021-07-26,84,0.875,False,217.0,213.67974869078114,-3.320251309218861,3.320251309218861,2021-07-26 08:30:00,2021-07-26 11:30:00,180.0,180.0
D1,F1-union-without-slot_7_28d-ridge,2,6,2021-07-27,84,0.875,False,211.0,183.17218620713322,-27.827813792866777,27.827813792866777,2021-07-27 11:45:00,2021-07-27 10:00:00,-105.0,105.0
D1,F1-union-without-slot_7_28d-ridge,2,6,2021-07-28,84,0.875,False,212.0,206.55155821061655,-5.448441789383452,5.448441789383452,2021-07-28 12:00:00,2021-07-28 09:45:00,-135.0,135.0
D1,F1-union-without-slot_7_28d-ridge,2,6,2021-07-29,84,0.875,False,211.0,170.70615115713616,-40.29384884286384,40.29384884286384,2021-07-29 12:00:00,2021-07-29 10:30:00,-90.0,90.0
D1,F1-union-without-slot_7_28d-ridge,2,6,2021-07-30,85,0.8854166666666666,False,212.0,194.8020825587298,-17.197917441270192,17.197917441270192,2021-07-30 12:00:00,2021-07-30 09:45:00,-135.0,135.0
D1,F1-union-without-slot_7_28d-ridge,2,6,2021-07-31,96,1.0,True,80.0,89.72672465637744,9.726724656377442,9.726724656377442,2021-07-31 00:00:00,2021-07-31 00:00:00,0.0,0.0
D1,F1-union-without-slot_7_28d-ridge,2,6,2021-08-01,96,1.0,True,28.0,34.5328512257156,6.5328512257156035,6.5328512257156035,2021-08-01 09:00:00,2021-08-01 09:30:00,30.0,30.0
D1,F1-union-without-slot_7_28d-ridge,2,6,2021-08-09,39,0.40625,False,215.0,99.14142378005846,-115.85857621994154,115.85857621994154,2021-08-09 08:45:00,2021-08-09 09:30:00,45.0,45.0
D1,F1-union-without-slot_7_28d-ridge,2,7,2021-07-12,96,1.0,True,198.0,197.05375194630508,-0.9462480536949158,0.9462480536949158,2021-07-12 08:45:00,2021-07-12 11:15:00,150.0,150.0
D1,F1-union-without-slot_7_28d-ridge,2,7,2021-07-13,1,0.010416666666666666,False,79.0,96.84304104353295,17.84304104353295,17.84304104353295,2021-07-13 00:00:00,2021-07-13 00:00:00,0.0,0.0
D1,F1-union-without-slot_7_28d-ridge,2,7,2021-07-17,77,0.8020833333333334,False,108.0,97.67001833720005,-10.329981662799952,10.329981662799952,2021-07-17 06:00:00,2021-07-17 06:45:00,45.0,45.0
D1,F1-union-without-slot_7_28d-ridge,2,7,2021-07-18,84,0.875,False,28.0,40.09861260503492,12.098612605034923,12.098612605034923,2021-07-18 01:15:00,2021-07-18 09:45:00,510.0,510.0
D1,F1-union-without-slot_7_28d-ridge,2,7,2021-07-26,84,0.875,False,217.0,213.05112936515536,-3.9488706348446385,3.9488706348446385,2021-07-26 08:30:00,2021-07-26 11:30:00,180.0,180.0
D1,F1-union-without-slot_7_28d-ridge,2,7,2021-07-27,84,0.875,False,211.0,176.68454173168354,-34.31545826831646,34.31545826831646,2021-07-27 11:45:00,2021-07-27 11:30:00,-15.0,15.0
D1,F1-union-without-slot_7_28d-ridge,2,7,2021-07-28,84,0.875,False,212.0,209.23452179930746,-2.7654782006925416,2.7654782006925416,2021-07-28 12:00:00,2021-07-28 10:00:00,-120.0,120.0
D1,F1-union-without-slot_7_28d-ridge,2,7,2021-07-29,84,0.875,False,211.0,172.44482258577062,-38.55517741422938,38.55517741422938,2021-07-29 12:00:00,2021-07-29 11:30:00,-30.0,30.0
D1,F1-union-without-slot_7_28d-ridge,2,7,2021-07-30,85,0.8854166666666666,False,212.0,198.7742035884022,-13.225796411597798,13.225796411597798,2021-07-30 12:00:00,2021-07-30 11:45:00,-15.0,15.0
D1,F1-union-without-slot_7_28d-ridge,2,7,2021-07-31,96,1.0,True,80.0,91.90074028514586,11.900740285145858,11.900740285145858,2021-07-31 00:00:00,2021-07-31 01:45:00,105.0,105.0
D1,F1-union-without-slot_7_28d-ridge,2,7,2021-08-01,96,1.0,True,28.0,35.38292229618311,7.382922296183111,7.382922296183111,2021-08-01 09:00:00,2021-08-01 09:30:00,30.0,30.0
D1,F1-union-without-slot_7_28d-ridge,2,7,2021-08-09,39,0.40625,False,215.0,86.1373882819948,-128.8626117180052,128.8626117180052,2021-08-09 08:45:00,2021-08-09 09:30:00,45.0,45.0
D1,F1-union-without-slot_7_28d-ridge,2,8,2021-07-12,96,1.0,True,198.0,195.80291494623128,-2.197085053768717,2.197085053768717,2021-07-12 08:45:00,2021-07-12 11:15:00,150.0,150.0
D1,F1-union-without-slot_7_28d-ridge,2,8,2021-07-13,1,0.010416666666666666,False,79.0,92.00068943561558,13.000689435615584,13.000689435615584,2021-07-13 00:00:00,2021-07-13 00:00:00,0.0,0.0
D1,F1-union-without-slot_7_28d-ridge,2,8,2021-07-17,76,0.7916666666666666,False,108.0,94.8495983786412,-13.150401621358796,13.150401621358796,2021-07-17 06:00:00,2021-07-17 07:15:00,75.0,75.0
D1,F1-union-without-slot_7_28d-ridge,2,8,2021-07-18,84,0.875,False,28.0,42.28699777277737,14.286997772777369,14.286997772777369,2021-07-18 01:15:00,2021-07-18 09:45:00,510.0,510.0
D1,F1-union-without-slot_7_28d-ridge,2,8,2021-07-26,84,0.875,False,217.0,213.44066537288472,-3.559334627115277,3.559334627115277,2021-07-26 08:30:00,2021-07-26 11:30:00,180.0,180.0
D1,F1-union-without-slot_7_28d-ridge,2,8,2021-07-27,84,0.875,False,211.0,179.51647758372627,-31.48352241627373,31.48352241627373,2021-07-27 11:45:00,2021-07-27 10:30:00,-75.0,75.0
D1,F1-union-without-slot_7_28d-ridge,2,8,2021-07-28,84,0.875,False,212.0,207.43473899014617,-4.5652610098538275,4.5652610098538275,2021-07-28 12:00:00,2021-07-28 10:00:00,-120.0,120.0
D1,F1-union-without-slot_7_28d-ridge,2,8,2021-07-29,84,0.875,False,211.0,168.97743180825054,-42.02256819174946,42.02256819174946,2021-07-29 12:00:00,2021-07-29 11:45:00,-15.0,15.0
D1,F1-union-without-slot_7_28d-ridge,2,8,2021-07-30,85,0.8854166666666666,False,212.0,196.37548100473273,-15.624518995267266,15.624518995267266,2021-07-30 12:00:00,2021-07-30 09:45:00,-135.0,135.0
D1,F1-union-without-slot_7_28d-ridge,2,8,2021-07-31,96,1.0,True,80.0,92.12589521831977,12.12589521831977,12.12589521831977,2021-07-31 00:00:00,2021-07-31 01:45:00,105.0,105.0
D1,F1-union-without-slot_7_28d-ridge,2,8,2021-08-01,96,1.0,True,28.0,36.885764952848334,8.885764952848334,8.885764952848334,2021-08-01 09:00:00,2021-08-01 09:30:00,30.0,30.0
D1,F1-union-without-slot_7_28d-ridge,2,8,2021-08-09,39,0.40625,False,215.0,57.871496470754195,-157.1285035292458,157.1285035292458,2021-08-09 08:45:00,2021-08-09 09:30:00,45.0,45.0
D1,F1-union-without-slot_7_28d-ridge,2,9,2021-07-12,96,1.0,True,198.0,195.58156590107967,-2.4184340989203292,2.4184340989203292,2021-07-12 08:45:00,2021-07-12 11:15:00,150.0,150.0
D1,F1-union-without-slot_7_28d-ridge,2,9,2021-07-13,1,0.010416666666666666,False,79.0,97.91802073657668,18.91802073657668,18.91802073657668,2021-07-13 00:00:00,2021-07-13 00:00:00,0.0,0.0
D1,F1-union-without-slot_7_28d-ridge,2,9,2021-07-17,75,0.78125,False,108.0,99.7063549240566,-8.293645075943402,8.293645075943402,2021-07-17 06:00:00,2021-07-17 07:15:00,75.0,75.0
D1,F1-union-without-slot_7_28d-ridge,2,9,2021-07-18,84,0.875,False,28.0,40.17556118753981,12.175561187539813,12.175561187539813,2021-07-18 01:15:00,2021-07-18 10:30:00,555.0,555.0
D1,F1-union-without-slot_7_28d-ridge,2,9,2021-07-26,84,0.875,False,217.0,214.77051511144458,-2.229484888555419,2.229484888555419,2021-07-26 08:30:00,2021-07-26 10:45:00,135.0,135.0
D1,F1-union-without-slot_7_28d-ridge,2,9,2021-07-27,84,0.875,False,211.0,180.64511257047604,-30.354887429523956,30.354887429523956,2021-07-27 11:45:00,2021-07-27 10:45:00,-60.0,60.0
D1,F1-union-without-slot_7_28d-ridge,2,9,2021-07-28,84,0.875,False,212.0,208.28149410991227,-3.7185058900877266,3.7185058900877266,2021-07-28 12:00:00,2021-07-28 10:00:00,-120.0,120.0
D1,F1-union-without-slot_7_28d-ridge,2,9,2021-07-29,84,0.875,False,211.0,170.4598338725392,-40.54016612746079,40.54016612746079,2021-07-29 12:00:00,2021-07-29 12:00:00,0.0,0.0
D1,F1-union-without-slot_7_28d-ridge,2,9,2021-07-30,85,0.8854166666666666,False,212.0,198.20497862414274,-13.79502137585726,13.79502137585726,2021-07-30 12:00:00,2021-07-30 11:45:00,-15.0,15.0
D1,F1-union-without-slot_7_28d-ridge,2,9,2021-07-31,96,1.0,True,80.0,93.91292281678086,13.912922816780863,13.912922816780863,2021-07-31 00:00:00,2021-07-31 01:45:00,105.0,105.0
D1,F1-union-without-slot_7_28d-ridge,2,9,2021-08-01,96,1.0,True,28.0,36.60050364113712,8.600503641137117,8.600503641137117,2021-08-01 09:00:00,2021-08-01 09:30:00,30.0,30.0
D1,F1-union-without-slot_7_28d-ridge,2,9,2021-08-09,39,0.40625,False,215.0,48.242862442225984,-166.757137557774,166.757137557774,2021-08-09 08:45:00,2021-08-09 09:30:00,45.0,45.0
D1,F1-union-without-slot_7_28d-ridge,2,10,2021-07-12,96,1.0,True,198.0,195.39607027027697,-2.603929729723035,2.603929729723035,2021-07-12 08:45:00,2021-07-12 14:00:00,315.0,315.0
D1,F1-union-without-slot_7_28d-ridge,2,10,2021-07-13,1,0.010416666666666666,False,79.0,100.29846821313907,21.298468213139074,21.298468213139074,2021-07-13 00:00:00,2021-07-13 00:00:00,0.0,0.0
D1,F1-union-without-slot_7_28d-ridge,2,10,2021-07-17,74,0.7708333333333334,False,108.0,95.76089098689057,-12.239109013109427,12.239109013109427,2021-07-17 06:00:00,2021-07-17 07:15:00,75.0,75.0
D1,F1-union-without-slot_7_28d-ridge,2,10,2021-07-18,84,0.875,False,28.0,42.64024003967344,14.640240039673436,14.640240039673436,2021-07-18 01:15:00,2021-07-18 10:30:00,555.0,555.0
D1,F1-union-without-slot_7_28d-ridge,2,10,2021-07-26,84,0.875,False,217.0,213.16383522060545,-3.836164779394551,3.836164779394551,2021-07-26 08:30:00,2021-07-26 11:30:00,180.0,180.0
D1,F1-union-without-slot_7_28d-ridge,2,10,2021-07-27,84,0.875,False,211.0,179.73604964631153,-31.26395035368847,31.26395035368847,2021-07-27 11:45:00,2021-07-27 11:00:00,-45.0,45.0
D1,F1-union-without-slot_7_28d-ridge,2,10,2021-07-28,84,0.875,False,212.0,203.90636680509164,-8.093633194908364,8.093633194908364,2021-07-28 12:00:00,2021-07-28 10:00:00,-120.0,120.0
D1,F1-union-without-slot_7_28d-ridge,2,10,2021-07-29,84,0.875,False,211.0,168.33305651396904,-42.66694348603096,42.66694348603096,2021-07-29 12:00:00,2021-07-29 08:30:00,-210.0,210.0
D1,F1-union-without-slot_7_28d-ridge,2,10,2021-07-30,85,0.8854166666666666,False,212.0,195.830379548594,-16.16962045140599,16.16962045140599,2021-07-30 12:00:00,2021-07-30 11:45:00,-15.0,15.0
D1,F1-union-without-slot_7_28d-ridge,2,10,2021-07-31,96,1.0,True,80.0,97.66078757675928,17.660787576759276,17.660787576759276,2021-07-31 00:00:00,2021-07-31 01:45:00,105.0,105.0
D1,F1-union-without-slot_7_28d-ridge,2,10,2021-08-01,96,1.0,True,28.0,36.93641673442479,8.936416734424789,8.936416734424789,2021-08-01 09:00:00,2021-08-01 09:30:00,30.0,30.0
D1,F1-union-without-slot_7_28d-ridge,2,10,2021-08-09,39,0.40625,False,215.0,48.791352672544946,-166.20864732745505,166.20864732745505,2021-08-09 08:45:00,2021-08-09 09:00:00,15.0,15.0
D1,F1-union-without-slot_7_28d-ridge,2,11,2021-07-12,96,1.0,True,198.0,197.94571752859827,-0.054282471401734256,0.054282471401734256,2021-07-12 08:45:00,2021-07-12 11:15:00,150.0,150.0
D1,F1-union-without-slot_7_28d-ridge,2,11,2021-07-13,1,0.010416666666666666,False,79.0,93.31824346424878,14.31824346424878,14.31824346424878,2021-07-13 00:00:00,2021-07-13 00:00:00,0.0,0.0
D1,F1-union-without-slot_7_28d-ridge,2,11,2021-07-17,73,0.7604166666666666,False,108.0,94.73963862487042,-13.260361375129577,13.260361375129577,2021-07-17 06:00:00,2021-07-17 06:30:00,30.0,30.0
D1,F1-union-without-slot_7_28d-ridge,2,11,2021-07-18,84,0.875,False,28.0,44.11599124289605,16.11599124289605,16.11599124289605,2021-07-18 01:15:00,2021-07-18 10:30:00,555.0,555.0
D1,F1-union-without-slot_7_28d-ridge,2,11,2021-07-26,84,0.875,False,217.0,217.630827597203,0.6308275972029946,0.6308275972029946,2021-07-26 08:30:00,2021-07-26 11:30:00,180.0,180.0
D1,F1-union-without-slot_7_28d-ridge,2,11,2021-07-27,84,0.875,False,211.0,178.08339859393368,-32.91660140606632,32.91660140606632,2021-07-27 11:45:00,2021-07-27 11:15:00,-30.0,30.0
D1,F1-union-without-slot_7_28d-ridge,2,11,2021-07-28,84,0.875,False,212.0,200.48029570163632,-11.519704298363678,11.519704298363678,2021-07-28 12:00:00,2021-07-28 10:00:00,-120.0,120.0
D1,F1-union-without-slot_7_28d-ridge,2,11,2021-07-29,84,0.875,False,211.0,167.66301483952466,-43.336985160475336,43.336985160475336,2021-07-29 12:00:00,2021-07-29 12:00:00,0.0,0.0
D1,F1-union-without-slot_7_28d-ridge,2,11,2021-07-30,85,0.8854166666666666,False,212.0,195.13924816612126,-16.860751833878737,16.860751833878737,2021-07-30 12:00:00,2021-07-30 11:45:00,-15.0,15.0
D1,F1-union-without-slot_7_28d-ridge,2,11,2021-07-31,96,1.0,True,80.0,96.4084832879562,16.4084832879562,16.4084832879562,2021-07-31 00:00:00,2021-07-31 02:00:00,120.0,120.0
D1,F1-union-without-slot_7_28d-ridge,2,11,2021-08-01,96,1.0,True,28.0,37.54046443299454,9.54046443299454,9.54046443299454,2021-08-01 09:00:00,2021-08-01 09:30:00,30.0,30.0
D1,F1-union-without-slot_7_28d-ridge,2,11,2021-08-09,39,0.40625,False,215.0,50.62299352374972,-164.37700647625027,164.37700647625027,2021-08-09 08:45:00,2021-08-09 09:00:00,15.0,15.0
D1,F1-union-without-slot_7_28d-ridge,2,12,2021-07-12,96,1.0,True,198.0,192.51958137979565,-5.480418620204347,5.480418620204347,2021-07-12 08:45:00,2021-07-12 14:00:00,315.0,315.0
D1,F1-union-without-slot_7_28d-ridge,2,12,2021-07-13,1,0.010416666666666666,False,79.0,94.60421424274368,15.60421424274368,15.60421424274368,2021-07-13 00:00:00,2021-07-13 00:00:00,0.0,0.0
D1,F1-union-without-slot_7_28d-ridge,2,12,2021-07-17,72,0.75,False,108.0,94.75558282849265,-13.24441717150735,13.24441717150735,2021-07-17 06:00:00,2021-07-17 06:15:00,15.0,15.0
D1,F1-union-without-slot_7_28d-ridge,2,12,2021-07-18,84,0.875,False,28.0,44.5995901939441,16.599590193944103,16.599590193944103,2021-07-18 01:15:00,2021-07-18 10:45:00,570.0,570.0
D1,F1-union-without-slot_7_28d-ridge,2,12,2021-07-26,84,0.875,False,217.0,222.5604496324297,5.560449632429709,5.560449632429709,2021-07-26 08:30:00,2021-07-26 11:30:00,180.0,180.0
D1,F1-union-without-slot_7_28d-ridge,2,12,2021-07-27,84,0.875,False,211.0,177.085105783517,-33.91489421648299,33.91489421648299,2021-07-27 11:45:00,2021-07-27 11:30:00,-15.0,15.0
D1,F1-union-without-slot_7_28d-ridge,2,12,2021-07-28,84,0.875,False,212.0,204.1288016599692,-7.871198340030787,7.871198340030787,2021-07-28 12:00:00,2021-07-28 14:00:00,120.0,120.0
D1,F1-union-without-slot_7_28d-ridge,2,12,2021-07-29,84,0.875,False,211.0,166.5607515657327,-44.43924843426731,44.43924843426731,2021-07-29 12:00:00,2021-07-29 12:00:00,0.0,0.0
D1,F1-union-without-slot_7_28d-ridge,2,12,2021-07-30,85,0.8854166666666666,False,212.0,191.18389992453803,-20.816100075461975,20.816100075461975,2021-07-30 12:00:00,2021-07-30 10:45:00,-75.0,75.0
D1,F1-union-without-slot_7_28d-ridge,2,12,2021-07-31,96,1.0,True,80.0,96.75767035966761,16.757670359667614,16.757670359667614,2021-07-31 00:00:00,2021-07-31 02:15:00,135.0,135.0
D1,F1-union-without-slot_7_28d-ridge,2,12,2021-08-01,96,1.0,True,28.0,36.936598419473384,8.936598419473384,8.936598419473384,2021-08-01 09:00:00,2021-08-01 09:30:00,30.0,30.0
D1,F1-union-without-slot_7_28d-ridge,2,12,2021-08-09,39,0.40625,False,215.0,52.924531105191555,-162.07546889480844,162.07546889480844,2021-08-09 08:45:00,2021-08-09 09:00:00,15.0,15.0
D1,F1-union-without-slot_7_28d-ridge,2,13,2021-07-12,96,1.0,True,198.0,192.9977468092698,-5.002253190730187,5.002253190730187,2021-07-12 08:45:00,2021-07-12 14:00:00,315.0,315.0
D1,F1-union-without-slot_7_28d-ridge,2,13,2021-07-13,1,0.010416666666666666,False,79.0,101.05212079107935,22.052120791079346,22.052120791079346,2021-07-13 00:00:00,2021-07-13 00:00:00,0.0,0.0
D1,F1-union-without-slot_7_28d-ridge,2,13,2021-07-17,71,0.7395833333333334,False,96.0,96.13218970783973,0.1321897078397285,0.1321897078397285,2021-07-17 06:15:00,2021-07-17 06:15:00,0.0,0.0
D1,F1-union-without-slot_7_28d-ridge,2,13,2021-07-18,84,0.875,False,28.0,44.270012114112255,16.270012114112255,16.270012114112255,2021-07-18 01:15:00,2021-07-18 11:00:00,585.0,585.0
D1,F1-union-without-slot_7_28d-ridge,2,13,2021-07-26,84,0.875,False,217.0,211.71257389386983,-5.2874261061301695,5.2874261061301695,2021-07-26 08:30:00,2021-07-26 11:45:00,195.0,195.0
D1,F1-union-without-slot_7_28d-ridge,2,13,2021-07-27,84,0.875,False,211.0,173.32311909603004,-37.67688090396996,37.67688090396996,2021-07-27 11:45:00,2021-07-27 11:15:00,-30.0,30.0
D1,F1-union-without-slot_7_28d-ridge,2,13,2021-07-28,84,0.875,False,212.0,202.15095927184055,-9.849040728159451,9.849040728159451,2021-07-28 12:00:00,2021-07-28 11:30:00,-30.0,30.0
D1,F1-union-without-slot_7_28d-ridge,2,13,2021-07-29,84,0.875,False,211.0,164.7882048417648,-46.21179515823519,46.21179515823519,2021-07-29 12:00:00,2021-07-29 12:00:00,0.0,0.0
D1,F1-union-without-slot_7_28d-ridge,2,13,2021-07-30,85,0.8854166666666666,False,212.0,193.14871466297433,-18.851285337025672,18.851285337025672,2021-07-30 12:00:00,2021-07-30 16:00:00,240.0,240.0
D1,F1-union-without-slot_7_28d-ridge,2,13,2021-07-31,96,1.0,True,80.0,94.82757932498303,14.827579324983034,14.827579324983034,2021-07-31 00:00:00,2021-07-31 02:30:00,150.0,150.0
D1,F1-union-without-slot_7_28d-ridge,2,13,2021-08-01,96,1.0,True,28.0,37.76580879958272,9.765808799582722,9.765808799582722,2021-08-01 09:00:00,2021-08-01 09:30:00,30.0,30.0
D1,F1-union-without-slot_7_28d-ridge,2,13,2021-08-09,39,0.40625,False,215.0,56.59534398481297,-158.40465601518702,158.40465601518702,2021-08-09 08:45:00,2021-08-09 08:30:00,-15.0,15.0
D1,F1-union-without-slot_7_28d-ridge,2,14,2021-07-12,96,1.0,True,198.0,192.62149358941582,-5.37850641058418,5.37850641058418,2021-07-12 08:45:00,2021-07-12 14:00:00,315.0,315.0
D1,F1-union-without-slot_7_28d-ridge,2,14,2021-07-13,1,0.010416666666666666,False,79.0,103.13043776941764,24.13043776941764,24.13043776941764,2021-07-13 00:00:00,2021-07-13 00:00:00,0.0,0.0
D1,F1-union-without-slot_7_28d-ridge,2,14,2021-07-17,70,0.7291666666666666,False,88.0,96.09671185207556,8.096711852075558,8.096711852075558,2021-07-17 07:15:00,2021-07-17 06:30:00,-45.0,45.0
D1,F1-union-without-slot_7_28d-ridge,2,14,2021-07-18,84,0.875,False,28.0,45.60128675291878,17.60128675291878,17.60128675291878,2021-07-18 01:15:00,2021-07-18 11:30:00,615.0,615.0
D1,F1-union-without-slot_7_28d-ridge,2,14,2021-07-26,84,0.875,False,217.0,199.45850230893382,-17.541497691066184,17.541497691066184,2021-07-26 08:30:00,2021-07-26 14:30:00,360.0,360.0
D1,F1-union-without-slot_7_28d-ridge,2,14,2021-07-27,84,0.875,False,211.0,172.61591668185645,-38.38408331814355,38.38408331814355,2021-07-27 11:45:00,2021-07-27 12:00:00,15.0,15.0
D1,F1-union-without-slot_7_28d-ridge,2,14,2021-07-28,84,0.875,False,212.0,202.46577127340942,-9.534228726590584,9.534228726590584,2021-07-28 12:00:00,2021-07-28 14:30:00,150.0,150.0
D1,F1-union-without-slot_7_28d-ridge,2,14,2021-07-29,84,0.875,False,211.0,166.31822746137237,-44.68177253862763,44.68177253862763,2021-07-29 12:00:00,2021-07-29 14:45:00,165.0,165.0
D1,F1-union-without-slot_7_28d-ridge,2,14,2021-07-30,84,0.875,False,212.0,193.59811590322767,-18.401884096772335,18.401884096772335,2021-07-30 12:00:00,2021-07-30 11:45:00,-15.0,15.0
D1,F1-union-without-slot_7_28d-ridge,2,14,2021-07-31,96,1.0,True,80.0,92.61399973906653,12.613999739066529,12.613999739066529,2021-07-31 00:00:00,2021-07-31 02:45:00,165.0,165.0
D1,F1-union-without-slot_7_28d-ridge,2,14,2021-08-01,96,1.0,True,28.0,37.97874580673829,9.978745806738289,9.978745806738289,2021-08-01 09:00:00,2021-08-01 08:30:00,-30.0,30.0
D1,F1-union-without-slot_7_28d-ridge,2,14,2021-08-09,39,0.40625,False,215.0,57.92997769163304,-157.07002230836696,157.07002230836696,2021-08-09 08:45:00,2021-08-09 08:45:00,0.0,0.0
D1,F1-union-without-slot_7_28d-ridge,2,15,2021-07-12,96,1.0,True,198.0,199.58894799591775,1.5889479959177493,1.5889479959177493,2021-07-12 08:45:00,2021-07-12 13:45:00,300.0,300.0
D1,F1-union-without-slot_7_28d-ridge,2,15,2021-07-13,1,0.010416666666666666,False,79.0,100.48296444790294,21.482964447902944,21.482964447902944,2021-07-13 00:00:00,2021-07-13 00:00:00,0.0,0.0
D1,F1-union-without-slot_7_28d-ridge,2,15,2021-07-17,69,0.71875,False,88.0,95.07480345919966,7.074803459199657,7.074803459199657,2021-07-17 07:15:00,2021-07-17 06:45:00,-30.0,30.0
D1,F1-union-without-slot_7_28d-ridge,2,15,2021-07-18,84,0.875,False,28.0,47.139806698505126,19.139806698505126,19.139806698505126,2021-07-18 01:15:00,2021-07-18 11:30:00,615.0,615.0
D1,F1-union-without-slot_7_28d-ridge,2,15,2021-07-26,84,0.875,False,217.0,200.4407728280134,-16.559227171986606,16.559227171986606,2021-07-26 08:30:00,2021-07-26 13:45:00,315.0,315.0
D1,F1-union-without-slot_7_28d-ridge,2,15,2021-07-27,84,0.875,False,211.0,170.28066029664882,-40.71933970335118,40.71933970335118,2021-07-27 11:45:00,2021-07-27 13:30:00,105.0,105.0
D1,F1-union-without-slot_7_28d-ridge,2,15,2021-07-28,84,0.875,False,212.0,201.1944386107026,-10.805561389297395,10.805561389297395,2021-07-28 12:00:00,2021-07-28 12:00:00,0.0,0.0
D1,F1-union-without-slot_7_28d-ridge,2,15,2021-07-29,84,0.875,False,211.0,167.3717501499566,-43.6282498500434,43.6282498500434,2021-07-29 12:00:00,2021-07-29 15:00:00,180.0,180.0
D1,F1-union-without-slot_7_28d-ridge,2,15,2021-07-30,84,0.875,False,212.0,195.66905910868263,-16.33094089131737,16.33094089131737,2021-07-30 12:00:00,2021-07-30 16:00:00,240.0,240.0
D1,F1-union-without-slot_7_28d-ridge,2,15,2021-07-31,96,1.0,True,80.0,90.9496886204754,10.9496886204754,10.9496886204754,2021-07-31 00:00:00,2021-07-31 00:00:00,0.0,0.0
D1,F1-union-without-slot_7_28d-ridge,2,15,2021-08-01,96,1.0,True,28.0,37.58522705586478,9.585227055864777,9.585227055864777,2021-08-01 09:00:00,2021-08-01 09:15:00,15.0,15.0
D1,F1-union-without-slot_7_28d-ridge,2,15,2021-08-09,39,0.40625,False,215.0,59.94958464834156,-155.05041535165844,155.05041535165844,2021-08-09 08:45:00,2021-08-09 09:00:00,15.0,15.0
D1,F1-union-without-slot_7_28d-ridge,2,16,2021-07-12,96,1.0,True,198.0,202.15506177893153,4.155061778931525,4.155061778931525,2021-07-12 08:45:00,2021-07-12 14:00:00,315.0,315.0
D1,F1-union-without-slot_7_28d-ridge,2,16,2021-07-13,1,0.010416666666666666,False,79.0,100.79000012722278,21.790000127222783,21.790000127222783,2021-07-13 00:00:00,2021-07-13 00:00:00,0.0,0.0
D1,F1-union-without-slot_7_28d-ridge,2,16,2021-07-17,68,0.7083333333333334,False,88.0,93.28539761170212,5.285397611702123,5.285397611702123,2021-07-17 07:15:00,2021-07-17 07:15:00,0.0,0.0
D1,F1-union-without-slot_7_28d-ridge,2,16,2021-07-18,84,0.875,False,28.0,47.97410366212503,19.97410366212503,19.97410366212503,2021-07-18 01:15:00,2021-07-18 11:45:00,630.0,630.0
D1,F1-union-without-slot_7_28d-ridge,2,16,2021-07-26,84,0.875,False,217.0,199.9909464281706,-17.009053571829412,17.009053571829412,2021-07-26 08:30:00,2021-07-26 14:30:00,360.0,360.0
D1,F1-union-without-slot_7_28d-ridge,2,16,2021-07-27,84,0.875,False,211.0,175.18716550038408,-35.81283449961592,35.81283449961592,2021-07-27 11:45:00,2021-07-27 16:00:00,255.0,255.0
D1,F1-union-without-slot_7_28d-ridge,2,16,2021-07-28,84,0.875,False,212.0,199.69325716090282,-12.306742839097183,12.306742839097183,2021-07-28 12:00:00,2021-07-28 12:00:00,0.0,0.0
D1,F1-union-without-slot_7_28d-ridge,2,16,2021-07-29,84,0.875,False,211.0,164.1124613556248,-46.88753864437521,46.88753864437521,2021-07-29 12:00:00,2021-07-29 08:30:00,-210.0,210.0
D1,F1-union-without-slot_7_28d-ridge,2,16,2021-07-30,84,0.875,False,212.0,194.95927997014923,-17.040720029850775,17.040720029850775,2021-07-30 12:00:00,2021-07-30 11:45:00,-15.0,15.0
D1,F1-union-without-slot_7_28d-ridge,2,16,2021-07-31,96,1.0,True,80.0,93.34493845650483,13.344938456504835,13.344938456504835,2021-07-31 00:00:00,2021-07-31 00:00:00,0.0,0.0
D1,F1-union-without-slot_7_28d-ridge,2,16,2021-08-01,96,1.0,True,28.0,38.74407192043844,10.744071920438437,10.744071920438437,2021-08-01 09:00:00,2021-08-01 09:30:00,30.0,30.0
D1,F1-union-without-slot_7_28d-ridge,2,16,2021-08-09,39,0.40625,False,215.0,60.400763170138944,-154.59923682986107,154.59923682986107,2021-08-09 08:45:00,2021-08-09 09:15:00,30.0,30.0
D2,F1-union-without-slot_7_28d-ridge,0,4,2021-04-19,96,1.0,True,172.0,165.08894689225244,-6.911053107747563,6.911053107747563,2021-04-19 08:45:00,2021-04-19 12:00:00,195.0,195.0
D2,F1-union-without-slot_7_28d-ridge,0,4,2021-04-20,96,1.0,True,172.0,169.90775826507442,-2.0922417349255795,2.0922417349255795,2021-04-20 08:45:00,2021-04-20 12:00:00,195.0,195.0
D2,F1-union-without-slot_7_28d-ridge,0,4,2021-04-21,96,1.0,True,174.0,176.2202656247957,2.220265624795701,2.220265624795701,2021-04-21 08:30:00,2021-04-21 09:00:00,30.0,30.0
D2,F1-union-without-slot_7_28d-ridge,0,4,2021-04-22,96,1.0,True,174.0,171.74982135547216,-2.2501786445278356,2.2501786445278356,2021-04-22 08:30:00,2021-04-22 09:00:00,30.0,30.0
D2,F1-union-without-slot_7_28d-ridge,0,4,2021-04-23,96,1.0,True,174.0,168.31535510462686,-5.68464489537314,5.68464489537314,2021-04-23 08:30:00,2021-04-23 09:00:00,30.0,30.0
D2,F1-union-without-slot_7_28d-ridge,0,4,2021-04-24,96,1.0,True,112.0,100.17925503580923,-11.820744964190766,11.820744964190766,2021-04-24 06:15:00,2021-04-24 02:30:00,-225.0,225.0
D2,F1-union-without-slot_7_28d-ridge,0,4,2021-04-25,96,1.0,True,25.0,41.53831132207011,16.538311322070108,16.538311322070108,2021-04-25 01:30:00,2021-04-25 09:00:00,450.0,450.0
D2,F1-union-without-slot_7_28d-ridge,0,4,2021-05-03,96,1.0,True,184.0,180.18871488726433,-3.811285112735675,3.811285112735675,2021-05-03 08:30:00,2021-05-03 09:45:00,75.0,75.0
D2,F1-union-without-slot_7_28d-ridge,0,4,2021-05-04,96,1.0,True,181.0,183.98121159423783,2.981211594237834,2.981211594237834,2021-05-04 08:30:00,2021-05-04 09:45:00,75.0,75.0
D2,F1-union-without-slot_7_28d-ridge,0,4,2021-05-05,96,1.0,True,120.0,150.62464804329412,30.624648043294115,30.624648043294115,2021-05-05 04:15:00,2021-05-05 08:30:00,255.0,255.0
D2,F1-union-without-slot_7_28d-ridge,0,4,2021-05-06,96,1.0,True,199.0,178.59592953571456,-20.40407046428544,20.40407046428544,2021-05-06 09:00:00,2021-05-06 11:30:00,150.0,150.0
D2,F1-union-without-slot_7_28d-ridge,0,4,2021-05-07,96,1.0,True,181.0,179.2875979267602,-1.7124020732397867,1.7124020732397867,2021-05-07 09:00:00,2021-05-07 10:30:00,90.0,90.0
D2,F1-union-without-slot_7_28d-ridge,0,4,2021-05-08,96,1.0,True,115.0,104.4383587785425,-10.561641221457506,10.561641221457506,2021-05-08 02:00:00,2021-05-08 04:30:00,150.0,150.0
D2,F1-union-without-slot_7_28d-ridge,0,4,2021-05-09,96,1.0,True,184.0,152.29712688053237,-31.702873119467625,31.702873119467625,2021-05-09 09:00:00,2021-05-09 11:30:00,150.0,150.0
D2,F1-union-without-slot_7_28d-ridge,0,5,2021-04-19,96,1.0,True,172.0,172.03330469031113,0.033304690311126706,0.033304690311126706,2021-04-19 08:45:00,2021-04-19 13:15:00,270.0,270.0
D2,F1-union-without-slot_7_28d-ridge,0,5,2021-04-20,96,1.0,True,172.0,172.15366449014493,0.15366449014493355,0.15366449014493355,2021-04-20 08:45:00,2021-04-20 13:15:00,270.0,270.0
D2,F1-union-without-slot_7_28d-ridge,0,5,2021-04-21,96,1.0,True,174.0,178.017205862534,4.017205862534013,4.017205862534013,2021-04-21 08:30:00,2021-04-21 09:00:00,30.0,30.0
D2,F1-union-without-slot_7_28d-ridge,0,5,2021-04-22,96,1.0,True,174.0,170.9031782414838,-3.0968217585161995,3.0968217585161995,2021-04-22 08:30:00,2021-04-22 09:45:00,75.0,75.0
D2,F1-union-without-slot_7_28d-ridge,0,5,2021-04-23,96,1.0,True,174.0,167.3873833993309,-6.612616600669099,6.612616600669099,2021-04-23 08:30:00,2021-04-23 09:45:00,75.0,75.0
D2,F1-union-without-slot_7_28d-ridge,0,5,2021-04-24,96,1.0,True,112.0,103.08034770964733,-8.919652290352673,8.919652290352673,2021-04-24 06:15:00,2021-04-24 06:15:00,0.0,0.0
D2,F1-union-without-slot_7_28d-ridge,0,5,2021-04-25,96,1.0,True,25.0,40.36483795368613,15.364837953686127,15.364837953686127,2021-04-25 01:30:00,2021-04-25 09:00:00,450.0,450.0
D2,F1-union-without-slot_7_28d-ridge,0,5,2021-05-03,96,1.0,True,184.0,177.5990527271131,-6.400947272886896,6.400947272886896,2021-05-03 08:30:00,2021-05-03 10:00:00,90.0,90.0
D2,F1-union-without-slot_7_28d-ridge,0,5,2021-05-04,96,1.0,True,181.0,183.2909753131542,2.290975313154206,2.290975313154206,2021-05-04 08:30:00,2021-05-04 10:00:00,90.0,90.0
D2,F1-union-without-slot_7_28d-ridge,0,5,2021-05-05,96,1.0,True,120.0,157.89917101456643,37.899171014566434,37.899171014566434,2021-05-05 04:15:00,2021-05-05 08:30:00,255.0,255.0
D2,F1-union-without-slot_7_28d-ridge,0,5,2021-05-06,96,1.0,True,199.0,176.27427895615716,-22.72572104384284,22.72572104384284,2021-05-06 09:00:00,2021-05-06 10:45:00,105.0,105.0
D2,F1-union-without-slot_7_28d-ridge,0,5,2021-05-07,96,1.0,True,181.0,180.5180570263648,-0.4819429736351992,0.4819429736351992,2021-05-07 09:00:00,2021-05-07 10:45:00,105.0,105.0
D2,F1-union-without-slot_7_28d-ridge,0,5,2021-05-08,96,1.0,True,115.0,101.36705250374872,-13.632947496251276,13.632947496251276,2021-05-08 02:00:00,2021-05-08 04:15:00,135.0,135.0
D2,F1-union-without-slot_7_28d-ridge,0,5,2021-05-09,96,1.0,True,184.0,150.1043156884137,-33.89568431158631,33.89568431158631,2021-05-09 09:00:00,2021-05-09 11:45:00,165.0,165.0
D2,F1-union-without-slot_7_28d-ridge,0,6,2021-04-19,96,1.0,True,172.0,174.41017254030936,2.410172540309361,2.410172540309361,2021-04-19 08:45:00,2021-04-19 13:15:00,270.0,270.0
D2,F1-union-without-slot_7_28d-ridge,0,6,2021-04-20,96,1.0,True,172.0,175.26085372740647,3.26085372740647,3.26085372740647,2021-04-20 08:45:00,2021-04-20 13:15:00,270.0,270.0
D2,F1-union-without-slot_7_28d-ridge,0,6,2021-04-21,96,1.0,True,174.0,175.88797430581752,1.8879743058175222,1.8879743058175222,2021-04-21 08:30:00,2021-04-21 10:00:00,90.0,90.0
D2,F1-union-without-slot_7_28d-ridge,0,6,2021-04-22,96,1.0,True,174.0,172.18001350188803,-1.819986498111973,1.819986498111973,2021-04-22 08:30:00,2021-04-22 10:00:00,90.0,90.0
D2,F1-union-without-slot_7_28d-ridge,0,6,2021-04-23,96,1.0,True,174.0,166.69340718403805,-7.306592815961949,7.306592815961949,2021-04-23 08:30:00,2021-04-23 09:45:00,75.0,75.0
D2,F1-union-without-slot_7_28d-ridge,0,6,2021-04-24,96,1.0,True,112.0,104.2269688612086,-7.773031138791396,7.773031138791396,2021-04-24 06:15:00,2021-04-24 02:00:00,-255.0,255.0
D2,F1-union-without-slot_7_28d-ridge,0,6,2021-04-25,96,1.0,True,25.0,40.78779362968898,15.787793629688977,15.787793629688977,2021-04-25 01:30:00,2021-04-25 09:45:00,495.0,495.0
D2,F1-union-without-slot_7_28d-ridge,0,6,2021-05-03,96,1.0,True,184.0,174.3340221121794,-9.665977887820588,9.665977887820588,2021-05-03 08:30:00,2021-05-03 11:00:00,150.0,150.0
D2,F1-union-without-slot_7_28d-ridge,0,6,2021-05-04,96,1.0,True,181.0,182.07266392490374,1.0726639249037362,1.0726639249037362,2021-05-04 08:30:00,2021-05-04 12:00:00,210.0,210.0
D2,F1-union-without-slot_7_28d-ridge,0,6,2021-05-05,96,1.0,True,120.0,159.9670326290481,39.967032629048106,39.967032629048106,2021-05-05 04:15:00,2021-05-05 08:30:00,255.0,255.0
D2,F1-union-without-slot_7_28d-ridge,0,6,2021-05-06,96,1.0,True,199.0,178.8327256845546,-20.16727431544541,20.16727431544541,2021-05-06 09:00:00,2021-05-06 11:30:00,150.0,150.0
D2,F1-union-without-slot_7_28d-ridge,0,6,2021-05-07,96,1.0,True,181.0,182.17880432421532,1.1788043242153208,1.1788043242153208,2021-05-07 09:00:00,2021-05-07 11:00:00,120.0,120.0
D2,F1-union-without-slot_7_28d-ridge,0,6,2021-05-08,96,1.0,True,115.0,103.91848088585996,-11.081519114140036,11.081519114140036,2021-05-08 02:00:00,2021-05-08 06:15:00,255.0,255.0
D2,F1-union-without-slot_7_28d-ridge,0,6,2021-05-09,96,1.0,True,184.0,149.5468790991105,-34.4531209008895,34.4531209008895,2021-05-09 09:00:00,2021-05-09 12:00:00,180.0,180.0
D2,F1-union-without-slot_7_28d-ridge,0,7,2021-04-19,96,1.0,True,172.0,173.75579020389216,1.7557902038921611,1.7557902038921611,2021-04-19 08:45:00,2021-04-19 13:30:00,285.0,285.0
D2,F1-union-without-slot_7_28d-ridge,0,7,2021-04-20,96,1.0,True,172.0,175.97878646924693,3.978786469246927,3.978786469246927,2021-04-20 08:45:00,2021-04-20 13:30:00,285.0,285.0
D2,F1-union-without-slot_7_28d-ridge,0,7,2021-04-21,96,1.0,True,174.0,174.44762155847093,0.447621558470928,0.447621558470928,2021-04-21 08:30:00,2021-04-21 10:00:00,90.0,90.0
D2,F1-union-without-slot_7_28d-ridge,0,7,2021-04-22,96,1.0,True,174.0,170.98758020198798,-3.0124197980120186,3.0124197980120186,2021-04-22 08:30:00,2021-04-22 10:00:00,90.0,90.0
D2,F1-union-without-slot_7_28d-ridge,0,7,2021-04-23,96,1.0,True,174.0,165.22829191175143,-8.771708088248573,8.771708088248573,2021-04-23 08:30:00,2021-04-23 10:00:00,90.0,90.0
D2,F1-union-without-slot_7_28d-ridge,0,7,2021-04-24,96,1.0,True,112.0,104.74159239845584,-7.258407601544164,7.258407601544164,2021-04-24 06:15:00,2021-04-24 02:00:00,-255.0,255.0
D2,F1-union-without-slot_7_28d-ridge,0,7,2021-04-25,96,1.0,True,25.0,41.534489227973296,16.534489227973296,16.534489227973296,2021-04-25 01:30:00,2021-04-25 09:45:00,495.0,495.0
D2,F1-union-without-slot_7_28d-ridge,0,7,2021-05-03,96,1.0,True,184.0,172.66248459256926,-11.337515407430743,11.337515407430743,2021-05-03 08:30:00,2021-05-03 11:15:00,165.0,165.0
D2,F1-union-without-slot_7_28d-ridge,0,7,2021-05-04,96,1.0,True,181.0,179.0309573426417,-1.969042657358301,1.969042657358301,2021-05-04 08:30:00,2021-05-04 11:30:00,180.0,180.0
D2,F1-union-without-slot_7_28d-ridge,0,7,2021-05-05,96,1.0,True,120.0,163.2279153142312,43.22791531423121,43.22791531423121,2021-05-05 04:15:00,2021-05-05 08:30:00,255.0,255.0
D2,F1-union-without-slot_7_28d-ridge,0,7,2021-05-06,96,1.0,True,199.0,178.78128601951755,-20.21871398048245,20.21871398048245,2021-05-06 09:00:00,2021-05-06 11:30:00,150.0,150.0
D2,F1-union-without-slot_7_28d-ridge,0,7,2021-05-07,96,1.0,True,181.0,178.2299298978781,-2.770070102121906,2.770070102121906,2021-05-07 09:00:00,2021-05-07 10:45:00,105.0,105.0
D2,F1-union-without-slot_7_28d-ridge,0,7,2021-05-08,96,1.0,True,115.0,104.14765371570789,-10.85234628429211,10.85234628429211,2021-05-08 02:00:00,2021-05-08 06:30:00,270.0,270.0
D2,F1-union-without-slot_7_28d-ridge,0,7,2021-05-09,96,1.0,True,184.0,149.7037212688025,-34.2962787311975,34.2962787311975,2021-05-09 09:00:00,2021-05-09 13:30:00,270.0,270.0
D2,F1-union-without-slot_7_28d-ridge,0,8,2021-04-19,96,1.0,True,172.0,176.45213840711787,4.452138407117872,4.452138407117872,2021-04-19 08:45:00,2021-04-19 13:15:00,270.0,270.0
D2,F1-union-without-slot_7_28d-ridge,0,8,2021-04-20,96,1.0,True,172.0,178.0637296360581,6.063729636058099,6.063729636058099,2021-04-20 08:45:00,2021-04-20 13:15:00,270.0,270.0
D2,F1-union-without-slot_7_28d-ridge,0,8,2021-04-21,96,1.0,True,174.0,175.413513539885,1.4135135398850025,1.4135135398850025,2021-04-21 08:30:00,2021-04-21 09:00:00,30.0,30.0
D2,F1-union-without-slot_7_28d-ridge,0,8,2021-04-22,96,1.0,True,174.0,170.63173626469532,-3.36826373530468,3.36826373530468,2021-04-22 08:30:00,2021-04-22 10:45:00,135.0,135.0
D2,F1-union-without-slot_7_28d-ridge,0,8,2021-04-23,96,1.0,True,174.0,166.19612725088098,-7.803872749119023,7.803872749119023,2021-04-23 08:30:00,2021-04-23 10:45:00,135.0,135.0
D2,F1-union-without-slot_7_28d-ridge,0,8,2021-04-24,96,1.0,True,112.0,104.94226363158967,-7.057736368410332,7.057736368410332,2021-04-24 06:15:00,2021-04-24 02:00:00,-255.0,255.0
D2,F1-union-without-slot_7_28d-ridge,0,8,2021-04-25,96,1.0,True,25.0,41.65668024063323,16.65668024063323,16.65668024063323,2021-04-25 01:30:00,2021-04-25 10:00:00,510.0,510.0
D2,F1-union-without-slot_7_28d-ridge,0,8,2021-05-03,96,1.0,True,184.0,169.9473078522387,-14.052692147761292,14.052692147761292,2021-05-03 08:30:00,2021-05-03 13:45:00,315.0,315.0
D2,F1-union-without-slot_7_28d-ridge,0,8,2021-05-04,96,1.0,True,181.0,180.8967242047697,-0.10327579523030295,0.10327579523030295,2021-05-04 08:30:00,2021-05-04 10:45:00,135.0,135.0
D2,F1-union-without-slot_7_28d-ridge,0,8,2021-05-05,96,1.0,True,120.0,166.41175742026996,46.411757420269964,46.411757420269964,2021-05-05 04:15:00,2021-05-05 08:30:00,255.0,255.0
D2,F1-union-without-slot_7_28d-ridge,0,8,2021-05-06,96,1.0,True,199.0,178.41714157507118,-20.582858424928816,20.582858424928816,2021-05-06 09:00:00,2021-05-06 11:30:00,150.0,150.0
D2,F1-union-without-slot_7_28d-ridge,0,8,2021-05-07,96,1.0,True,181.0,178.7562468389754,-2.243753161024614,2.243753161024614,2021-05-07 09:00:00,2021-05-07 11:00:00,120.0,120.0
D2,F1-union-without-slot_7_28d-ridge,0,8,2021-05-08,96,1.0,True,115.0,105.60956038159087,-9.390439618409133,9.390439618409133,2021-05-08 02:00:00,2021-05-08 06:15:00,255.0,255.0
D2,F1-union-without-slot_7_28d-ridge,0,8,2021-05-09,96,1.0,True,184.0,145.7550496077198,-38.2449503922802,38.2449503922802,2021-05-09 09:00:00,2021-05-09 13:45:00,285.0,285.0
D2,F1-union-without-slot_7_28d-ridge,0,9,2021-04-19,96,1.0,True,172.0,175.55539263590265,3.555392635902649,3.555392635902649,2021-04-19 08:45:00,2021-04-19 13:30:00,285.0,285.0
D2,F1-union-without-slot_7_28d-ridge,0,9,2021-04-20,96,1.0,True,172.0,178.70180900427664,6.70180900427664,6.70180900427664,2021-04-20 08:45:00,2021-04-20 13:30:00,285.0,285.0
D2,F1-union-without-slot_7_28d-ridge,0,9,2021-04-21,96,1.0,True,174.0,177.82080184344034,3.8208018434403357,3.8208018434403357,2021-04-21 08:30:00,2021-04-21 13:15:00,285.0,285.0
D2,F1-union-without-slot_7_28d-ridge,0,9,2021-04-22,96,1.0,True,174.0,172.59030553270247,-1.409694467297527,1.409694467297527,2021-04-22 08:30:00,2021-04-22 13:15:00,285.0,285.0
D2,F1-union-without-slot_7_28d-ridge,0,9,2021-04-23,96,1.0,True,174.0,166.9861142484088,-7.013885751591204,7.013885751591204,2021-04-23 08:30:00,2021-04-23 13:15:00,285.0,285.0
D2,F1-union-without-slot_7_28d-ridge,0,9,2021-04-24,96,1.0,True,112.0,103.91507676947639,-8.084923230523614,8.084923230523614,2021-04-24 06:15:00,2021-04-24 06:15:00,0.0,0.0
D2,F1-union-without-slot_7_28d-ridge,0,9,2021-04-25,96,1.0,True,25.0,39.54306043765802,14.54306043765802,14.54306043765802,2021-04-25 01:30:00,2021-04-25 10:00:00,510.0,510.0
D2,F1-union-without-slot_7_28d-ridge,0,9,2021-05-03,96,1.0,True,184.0,178.28331100085114,-5.716688999148857,5.716688999148857,2021-05-03 08:30:00,2021-05-03 11:00:00,150.0,150.0
D2,F1-union-without-slot_7_28d-ridge,0,9,2021-05-04,96,1.0,True,181.0,185.88918180405636,4.8891818040563635,4.8891818040563635,2021-05-04 08:30:00,2021-05-04 11:00:00,150.0,150.0
D2,F1-union-without-slot_7_28d-ridge,0,9,2021-05-05,96,1.0,True,120.0,164.41371443298033,44.41371443298033,44.41371443298033,2021-05-05 04:15:00,2021-05-05 08:30:00,255.0,255.0
D2,F1-union-without-slot_7_28d-ridge,0,9,2021-05-06,96,1.0,True,199.0,174.76726746929253,-24.232732530707466,24.232732530707466,2021-05-06 09:00:00,2021-05-06 11:45:00,165.0,165.0
D2,F1-union-without-slot_7_28d-ridge,0,9,2021-05-07,96,1.0,True,181.0,177.30280484588928,-3.697195154110716,3.697195154110716,2021-05-07 09:00:00,2021-05-07 11:00:00,120.0,120.0
D2,F1-union-without-slot_7_28d-ridge,0,9,2021-05-08,96,1.0,True,115.0,106.07236252369673,-8.927637476303275,8.927637476303275,2021-05-08 02:00:00,2021-05-08 06:30:00,270.0,270.0
D2,F1-union-without-slot_7_28d-ridge,0,9,2021-05-09,96,1.0,True,184.0,147.21476094915153,-36.785239050848475,36.785239050848475,2021-05-09 09:00:00,2021-05-09 13:30:00,270.0,270.0
D2,F1-union-without-slot_7_28d-ridge,0,10,2021-04-19,96,1.0,True,172.0,176.91887079838702,4.918870798387019,4.918870798387019,2021-04-19 08:45:00,2021-04-19 13:15:00,270.0,270.0
D2,F1-union-without-slot_7_28d-ridge,0,10,2021-04-20,96,1.0,True,172.0,179.42786763532308,7.427867635323082,7.427867635323082,2021-04-20 08:45:00,2021-04-20 13:45:00,300.0,300.0
D2,F1-union-without-slot_7_28d-ridge,0,10,2021-04-21,96,1.0,True,174.0,177.60204138518196,3.6020413851819626,3.6020413851819626,2021-04-21 08:30:00,2021-04-21 09:00:00,30.0,30.0
D2,F1-union-without-slot_7_28d-ridge,0,10,2021-04-22,96,1.0,True,174.0,171.02606672294348,-2.973933277056517,2.973933277056517,2021-04-22 08:30:00,2021-04-22 13:15:00,285.0,285.0
D2,F1-union-without-slot_7_28d-ridge,0,10,2021-04-23,96,1.0,True,174.0,165.82493278332322,-8.17506721667678,8.17506721667678,2021-04-23 08:30:00,2021-04-23 10:45:00,135.0,135.0
D2,F1-union-without-slot_7_28d-ridge,0,10,2021-04-24,96,1.0,True,112.0,102.656767969004,-9.343232030996006,9.343232030996006,2021-04-24 06:15:00,2021-04-24 02:00:00,-255.0,255.0
D2,F1-union-without-slot_7_28d-ridge,0,10,2021-04-25,96,1.0,True,25.0,36.41011262182037,11.410112621820367,11.410112621820367,2021-04-25 01:30:00,2021-04-25 10:00:00,510.0,510.0
D2,F1-union-without-slot_7_28d-ridge,0,10,2021-05-03,96,1.0,True,184.0,178.01844629478927,-5.981553705210729,5.981553705210729,2021-05-03 08:30:00,2021-05-03 11:15:00,165.0,165.0
D2,F1-union-without-slot_7_28d-ridge,0,10,2021-05-04,96,1.0,True,181.0,185.40891283802756,4.408912838027561,4.408912838027561,2021-05-04 08:30:00,2021-05-04 11:15:00,165.0,165.0
D2,F1-union-without-slot_7_28d-ridge,0,10,2021-05-05,96,1.0,True,120.0,164.57429558350466,44.574295583504664,44.574295583504664,2021-05-05 04:15:00,2021-05-05 08:30:00,255.0,255.0
D2,F1-union-without-slot_7_28d-ridge,0,10,2021-05-06,96,1.0,True,199.0,178.5053089398619,-20.49469106013811,20.49469106013811,2021-05-06 09:00:00,2021-05-06 13:30:00,270.0,270.0
D2,F1-union-without-slot_7_28d-ridge,0,10,2021-05-07,96,1.0,True,181.0,174.1201116828924,-6.8798883171076,6.8798883171076,2021-05-07 09:00:00,2021-05-07 11:30:00,150.0,150.0
D2,F1-union-without-slot_7_28d-ridge,0,10,2021-05-08,96,1.0,True,115.0,104.81803933378949,-10.181960666210514,10.181960666210514,2021-05-08 02:00:00,2021-05-08 06:45:00,285.0,285.0
D2,F1-union-without-slot_7_28d-ridge,0,10,2021-05-09,96,1.0,True,184.0,147.9043121093721,-36.095687890627886,36.095687890627886,2021-05-09 09:00:00,2021-05-09 13:30:00,270.0,270.0
D2,F1-union-without-slot_7_28d-ridge,0,11,2021-04-19,96,1.0,True,172.0,177.93383544414775,5.933835444147746,5.933835444147746,2021-04-19 08:45:00,2021-04-19 13:15:00,270.0,270.0
D2,F1-union-without-slot_7_28d-ridge,0,11,2021-04-20,96,1.0,True,172.0,180.75427411511868,8.754274115118676,8.754274115118676,2021-04-20 08:45:00,2021-04-20 13:15:00,270.0,270.0
D2,F1-union-without-slot_7_28d-ridge,0,11,2021-04-21,96,1.0,True,174.0,180.1771334519134,6.177133451913392,6.177133451913392,2021-04-21 08:30:00,2021-04-21 13:15:00,285.0,285.0
D2,F1-union-without-slot_7_28d-ridge,0,11,2021-04-22,96,1.0,True,174.0,174.0303484220903,0.030348422090298754,0.030348422090298754,2021-04-22 08:30:00,2021-04-22 13:15:00,285.0,285.0
D2,F1-union-without-slot_7_28d-ridge,0,11,2021-04-23,96,1.0,True,174.0,169.32957103926373,-4.670428960736274,4.670428960736274,2021-04-23 08:30:00,2021-04-23 13:15:00,285.0,285.0
D2,F1-union-without-slot_7_28d-ridge,0,11,2021-04-24,96,1.0,True,112.0,102.54157253857231,-9.45842746142769,9.45842746142769,2021-04-24 06:15:00,2021-04-24 02:00:00,-255.0,255.0
D2,F1-union-without-slot_7_28d-ridge,0,11,2021-04-25,96,1.0,True,25.0,37.04492935579496,12.044929355794963,12.044929355794963,2021-04-25 01:30:00,2021-04-25 11:00:00,570.0,570.0
D2,F1-union-without-slot_7_28d-ridge,0,11,2021-05-03,96,1.0,True,184.0,177.91828527182545,-6.081714728174546,6.081714728174546,2021-05-03 08:30:00,2021-05-03 11:30:00,180.0,180.0
D2,F1-union-without-slot_7_28d-ridge,0,11,2021-05-04,96,1.0,True,181.0,186.74241397256276,5.742413972562758,5.742413972562758,2021-05-04 08:30:00,2021-05-04 11:30:00,180.0,180.0
D2,F1-union-without-slot_7_28d-ridge,0,11,2021-05-05,96,1.0,True,120.0,170.12540343906,50.125403439059994,50.125403439059994,2021-05-05 04:15:00,2021-05-05 08:30:00,255.0,255.0
D2,F1-union-without-slot_7_28d-ridge,0,11,2021-05-06,96,1.0,True,199.0,179.35866374384034,-19.64133625615966,19.64133625615966,2021-05-06 09:00:00,2021-05-06 13:45:00,285.0,285.0
D2,F1-union-without-slot_7_28d-ridge,0,11,2021-05-07,96,1.0,True,181.0,172.05082653776952,-8.949173462230476,8.949173462230476,2021-05-07 09:00:00,2021-05-07 11:30:00,150.0,150.0
D2,F1-union-without-slot_7_28d-ridge,0,11,2021-05-08,96,1.0,True,115.0,102.35387234297403,-12.646127657025971,12.646127657025971,2021-05-08 02:00:00,2021-05-08 06:15:00,255.0,255.0
D2,F1-union-without-slot_7_28d-ridge,0,11,2021-05-09,96,1.0,True,184.0,146.90960742125932,-37.090392578740676,37.090392578740676,2021-05-09 09:00:00,2021-05-09 13:15:00,255.0,255.0
D2,F1-union-without-slot_7_28d-ridge,0,12,2021-04-19,96,1.0,True,172.0,175.64843550751345,3.6484355075134545,3.6484355075134545,2021-04-19 08:45:00,2021-04-19 13:30:00,285.0,285.0
D2,F1-union-without-slot_7_28d-ridge,0,12,2021-04-20,96,1.0,True,172.0,181.38801901309387,9.388019013093867,9.388019013093867,2021-04-20 08:45:00,2021-04-20 13:15:00,270.0,270.0
D2,F1-union-without-slot_7_28d-ridge,0,12,2021-04-21,96,1.0,True,174.0,179.84006085175912,5.8400608517591195,5.8400608517591195,2021-04-21 08:30:00,2021-04-21 10:45:00,135.0,135.0
D2,F1-union-without-slot_7_28d-ridge,0,12,2021-04-22,96,1.0,True,174.0,170.60516384277372,-3.3948361572262797,3.3948361572262797,2021-04-22 08:30:00,2021-04-22 13:30:00,300.0,300.0
D2,F1-union-without-slot_7_28d-ridge,0,12,2021-04-23,96,1.0,True,174.0,167.79248696799766,-6.207513032002339,6.207513032002339,2021-04-23 08:30:00,2021-04-23 13:30:00,300.0,300.0
D2,F1-union-without-slot_7_28d-ridge,0,12,2021-04-24,96,1.0,True,112.0,101.9961880198547,-10.0038119801453,10.0038119801453,2021-04-24 06:15:00,2021-04-24 02:00:00,-255.0,255.0
D2,F1-union-without-slot_7_28d-ridge,0,12,2021-04-25,96,1.0,True,25.0,36.3763238467488,11.376323846748797,11.376323846748797,2021-04-25 01:30:00,2021-04-25 11:15:00,585.0,585.0
D2,F1-union-without-slot_7_28d-ridge,0,12,2021-05-03,96,1.0,True,184.0,182.24581735736808,-1.7541826426319176,1.7541826426319176,2021-05-03 08:30:00,2021-05-03 11:45:00,195.0,195.0
D2,F1-union-without-slot_7_28d-ridge,0,12,2021-05-04,96,1.0,True,181.0,188.7150646179229,7.715064617922906,7.715064617922906,2021-05-04 08:30:00,2021-05-04 11:45:00,195.0,195.0
D2,F1-union-without-slot_7_28d-ridge,0,12,2021-05-05,96,1.0,True,120.0,175.90970229080438,55.909702290804375,55.909702290804375,2021-05-05 04:15:00,2021-05-05 08:30:00,255.0,255.0
D2,F1-union-without-slot_7_28d-ridge,0,12,2021-05-06,96,1.0,True,199.0,177.16066707504177,-21.839332924958228,21.839332924958228,2021-05-06 09:00:00,2021-05-06 13:30:00,270.0,270.0
D2,F1-union-without-slot_7_28d-ridge,0,12,2021-05-07,96,1.0,True,181.0,173.69092375401027,-7.309076245989729,7.309076245989729,2021-05-07 09:00:00,2021-05-07 10:45:00,105.0,105.0
D2,F1-union-without-slot_7_28d-ridge,0,12,2021-05-08,96,1.0,True,115.0,102.43873716655581,-12.56126283344419,12.56126283344419,2021-05-08 02:00:00,2021-05-08 06:30:00,270.0,270.0
D2,F1-union-without-slot_7_28d-ridge,0,12,2021-05-09,96,1.0,True,184.0,148.30834801359958,-35.691651986400416,35.691651986400416,2021-05-09 09:00:00,2021-05-09 13:30:00,270.0,270.0
D2,F1-union-without-slot_7_28d-ridge,0,13,2021-04-19,96,1.0,True,172.0,175.38279925160975,3.382799251609754,3.382799251609754,2021-04-19 08:45:00,2021-04-19 13:45:00,300.0,300.0
D2,F1-union-without-slot_7_28d-ridge,0,13,2021-04-20,96,1.0,True,172.0,182.30923267417143,10.309232674171426,10.309232674171426,2021-04-20 08:45:00,2021-04-20 15:45:00,420.0,420.0
D2,F1-union-without-slot_7_28d-ridge,0,13,2021-04-21,96,1.0,True,174.0,179.25649736680566,5.256497366805661,5.256497366805661,2021-04-21 08:30:00,2021-04-21 09:00:00,30.0,30.0
D2,F1-union-without-slot_7_28d-ridge,0,13,2021-04-22,96,1.0,True,174.0,171.0521901753208,-2.9478098246792115,2.9478098246792115,2021-04-22 08:30:00,2021-04-22 13:45:00,315.0,315.0
D2,F1-union-without-slot_7_28d-ridge,0,13,2021-04-23,96,1.0,True,174.0,167.11917668478472,-6.880823315215281,6.880823315215281,2021-04-23 08:30:00,2021-04-23 13:45:00,315.0,315.0
D2,F1-union-without-slot_7_28d-ridge,0,13,2021-04-24,96,1.0,True,112.0,104.87212167614061,-7.127878323859392,7.127878323859392,2021-04-24 06:15:00,2021-04-24 01:45:00,-270.0,270.0
D2,F1-union-without-slot_7_28d-ridge,0,13,2021-04-25,96,1.0,True,25.0,37.151960057150546,12.151960057150546,12.151960057150546,2021-04-25 01:30:00,2021-04-25 12:00:00,630.0,630.0
D2,F1-union-without-slot_7_28d-ridge,0,13,2021-05-03,96,1.0,True,184.0,182.4877659672793,-1.5122340327206985,1.5122340327206985,2021-05-03 08:30:00,2021-05-03 12:00:00,210.0,210.0
D2,F1-union-without-slot_7_28d-ridge,0,13,2021-05-04,96,1.0,True,181.0,189.99918961872527,8.999189618725268,8.999189618725268,2021-05-04 08:30:00,2021-05-04 12:00:00,210.0,210.0
D2,F1-union-without-slot_7_28d-ridge,0,13,2021-05-05,96,1.0,True,120.0,173.8316857612346,53.83168576123461,53.83168576123461,2021-05-05 04:15:00,2021-05-05 08:30:00,255.0,255.0
D2,F1-union-without-slot_7_28d-ridge,0,13,2021-05-06,96,1.0,True,199.0,178.0379510361953,-20.962048963804705,20.962048963804705,2021-05-06 09:00:00,2021-05-06 13:45:00,285.0,285.0
D2,F1-union-without-slot_7_28d-ridge,0,13,2021-05-07,96,1.0,True,181.0,171.8007698892555,-9.199230110744509,9.199230110744509,2021-05-07 09:00:00,2021-05-07 11:00:00,120.0,120.0
D2,F1-union-without-slot_7_28d-ridge,0,13,2021-05-08,96,1.0,True,115.0,103.5575901314693,-11.442409868530703,11.442409868530703,2021-05-08 02:00:00,2021-05-08 06:15:00,255.0,255.0
D2,F1-union-without-slot_7_28d-ridge,0,13,2021-05-09,96,1.0,True,184.0,147.37180816103665,-36.628191838963346,36.628191838963346,2021-05-09 09:00:00,2021-05-09 13:45:00,285.0,285.0
D2,F1-union-without-slot_7_28d-ridge,0,14,2021-04-19,96,1.0,True,172.0,173.66788288999135,1.667882889991347,1.667882889991347,2021-04-19 08:45:00,2021-04-19 13:15:00,270.0,270.0
D2,F1-union-without-slot_7_28d-ridge,0,14,2021-04-20,96,1.0,True,172.0,182.81896324167047,10.818963241670474,10.818963241670474,2021-04-20 08:45:00,2021-04-20 13:45:00,300.0,300.0
D2,F1-union-without-slot_7_28d-ridge,0,14,2021-04-21,96,1.0,True,174.0,182.51303893847145,8.513038938471453,8.513038938471453,2021-04-21 08:30:00,2021-04-21 08:30:00,0.0,0.0
D2,F1-union-without-slot_7_28d-ridge,0,14,2021-04-22,96,1.0,True,174.0,171.32188097420106,-2.678119025798935,2.678119025798935,2021-04-22 08:30:00,2021-04-22 08:30:00,0.0,0.0
D2,F1-union-without-slot_7_28d-ridge,0,14,2021-04-23,96,1.0,True,174.0,168.5775089647846,-5.422491035215387,5.422491035215387,2021-04-23 08:30:00,2021-04-23 08:30:00,0.0,0.0
D2,F1-union-without-slot_7_28d-ridge,0,14,2021-04-24,96,1.0,True,112.0,107.9559196071528,-4.044080392847206,4.044080392847206,2021-04-24 06:15:00,2021-04-24 02:00:00,-255.0,255.0
D2,F1-union-without-slot_7_28d-ridge,0,14,2021-04-25,96,1.0,True,25.0,38.011407715888915,13.011407715888915,13.011407715888915,2021-04-25 01:30:00,2021-04-25 12:00:00,630.0,630.0
D2,F1-union-without-slot_7_28d-ridge,0,14,2021-05-03,96,1.0,True,184.0,172.27698232618195,-11.723017673818049,11.723017673818049,2021-05-03 08:30:00,2021-05-03 13:45:00,315.0,315.0
D2,F1-union-without-slot_7_28d-ridge,0,14,2021-05-04,96,1.0,True,181.0,184.58711658653033,3.5871165865303283,3.5871165865303283,2021-05-04 08:30:00,2021-05-04 13:45:00,315.0,315.0
D2,F1-union-without-slot_7_28d-ridge,0,14,2021-05-05,96,1.0,True,120.0,175.1631811913599,55.16318119135991,55.16318119135991,2021-05-05 04:15:00,2021-05-05 08:30:00,255.0,255.0
D2,F1-union-without-slot_7_28d-ridge,0,14,2021-05-06,96,1.0,True,199.0,177.5037185400725,-21.496281459927502,21.496281459927502,2021-05-06 09:00:00,2021-05-06 13:45:00,285.0,285.0
D2,F1-union-without-slot_7_28d-ridge,0,14,2021-05-07,96,1.0,True,181.0,171.46059063797588,-9.539409362024116,9.539409362024116,2021-05-07 09:00:00,2021-05-07 08:30:00,-30.0,30.0
D2,F1-union-without-slot_7_28d-ridge,0,14,2021-05-08,96,1.0,True,115.0,102.72430267115912,-12.275697328840877,12.275697328840877,2021-05-08 02:00:00,2021-05-08 06:30:00,270.0,270.0
D2,F1-union-without-slot_7_28d-ridge,0,14,2021-05-09,96,1.0,True,184.0,147.82761875970297,-36.17238124029703,36.17238124029703,2021-05-09 09:00:00,2021-05-09 14:00:00,300.0,300.0
D2,F1-union-without-slot_7_28d-ridge,0,15,2021-04-19,96,1.0,True,172.0,171.1569846859239,-0.8430153140760979,0.8430153140760979,2021-04-19 08:45:00,2021-04-19 13:30:00,285.0,285.0
D2,F1-union-without-slot_7_28d-ridge,0,15,2021-04-20,96,1.0,True,172.0,178.9865357171119,6.986535717111906,6.986535717111906,2021-04-20 08:45:00,2021-04-20 15:30:00,405.0,405.0
D2,F1-union-without-slot_7_28d-ridge,0,15,2021-04-21,96,1.0,True,174.0,183.753430699384,9.753430699384012,9.753430699384012,2021-04-21 08:30:00,2021-04-21 08:45:00,15.0,15.0
D2,F1-union-without-slot_7_28d-ridge,0,15,2021-04-22,96,1.0,True,174.0,171.12228224166347,-2.87771775833653,2.87771775833653,2021-04-22 08:30:00,2021-04-22 08:30:00,0.0,0.0
D2,F1-union-without-slot_7_28d-ridge,0,15,2021-04-23,96,1.0,True,174.0,168.34379726973037,-5.6562027302696265,5.6562027302696265,2021-04-23 08:30:00,2021-04-23 08:30:00,0.0,0.0
D2,F1-union-without-slot_7_28d-ridge,0,15,2021-04-24,96,1.0,True,112.0,104.08317526969408,-7.916824730305919,7.916824730305919,2021-04-24 06:15:00,2021-04-24 04:15:00,-120.0,120.0
D2,F1-union-without-slot_7_28d-ridge,0,15,2021-04-25,96,1.0,True,25.0,37.95238236075886,12.952382360758861,12.952382360758861,2021-04-25 01:30:00,2021-04-25 12:00:00,630.0,630.0
D2,F1-union-without-slot_7_28d-ridge,0,15,2021-05-03,96,1.0,True,184.0,174.14545843705721,-9.854541562942785,9.854541562942785,2021-05-03 08:30:00,2021-05-03 13:15:00,285.0,285.0
D2,F1-union-without-slot_7_28d-ridge,0,15,2021-05-04,96,1.0,True,181.0,186.1438592325425,5.143859232542496,5.143859232542496,2021-05-04 08:30:00,2021-05-04 08:30:00,0.0,0.0
D2,F1-union-without-slot_7_28d-ridge,0,15,2021-05-05,96,1.0,True,120.0,183.14094495234642,63.140944952346416,63.140944952346416,2021-05-05 04:15:00,2021-05-05 08:30:00,255.0,255.0
D2,F1-union-without-slot_7_28d-ridge,0,15,2021-05-06,96,1.0,True,199.0,176.18757158778504,-22.812428412214956,22.812428412214956,2021-05-06 09:00:00,2021-05-06 13:30:00,270.0,270.0
D2,F1-union-without-slot_7_28d-ridge,0,15,2021-05-07,96,1.0,True,181.0,172.52460325561648,-8.475396744383517,8.475396744383517,2021-05-07 09:00:00,2021-05-07 08:30:00,-30.0,30.0
D2,F1-union-without-slot_7_28d-ridge,0,15,2021-05-08,96,1.0,True,115.0,102.1401591779575,-12.8598408220425,12.8598408220425,2021-05-08 02:00:00,2021-05-08 06:45:00,285.0,285.0
D2,F1-union-without-slot_7_28d-ridge,0,15,2021-05-09,96,1.0,True,184.0,147.54449190990857,-36.45550809009143,36.45550809009143,2021-05-09 09:00:00,2021-05-09 14:15:00,315.0,315.0
D2,F1-union-without-slot_7_28d-ridge,0,16,2021-04-19,96,1.0,True,172.0,174.19415613725408,2.194156137254083,2.194156137254083,2021-04-19 08:45:00,2021-04-19 13:15:00,270.0,270.0
D2,F1-union-without-slot_7_28d-ridge,0,16,2021-04-20,96,1.0,True,172.0,182.958220617964,10.958220617964002,10.958220617964002,2021-04-20 08:45:00,2021-04-20 15:45:00,420.0,420.0
D2,F1-union-without-slot_7_28d-ridge,0,16,2021-04-21,96,1.0,True,174.0,189.2518094321543,15.251809432154289,15.251809432154289,2021-04-21 08:30:00,2021-04-21 09:00:00,30.0,30.0
D2,F1-union-without-slot_7_28d-ridge,0,16,2021-04-22,96,1.0,True,174.0,173.47478105589417,-0.5252189441058306,0.5252189441058306,2021-04-22 08:30:00,2021-04-22 09:00:00,30.0,30.0
D2,F1-union-without-slot_7_28d-ridge,0,16,2021-04-23,96,1.0,True,174.0,173.74348257180242,-0.25651742819758283,0.25651742819758283,2021-04-23 08:30:00,2021-04-23 09:00:00,30.0,30.0
D2,F1-union-without-slot_7_28d-ridge,0,16,2021-04-24,96,1.0,True,112.0,103.7622857274216,-8.237714272578401,8.237714272578401,2021-04-24 06:15:00,2021-04-24 04:30:00,-105.0,105.0
D2,F1-union-without-slot_7_28d-ridge,0,16,2021-04-25,96,1.0,True,25.0,36.56172007744659,11.561720077446587,11.561720077446587,2021-04-25 01:30:00,2021-04-25 12:00:00,630.0,630.0
D2,F1-union-without-slot_7_28d-ridge,0,16,2021-05-03,96,1.0,True,184.0,176.09870009159653,-7.901299908403473,7.901299908403473,2021-05-03 08:30:00,2021-05-03 13:30:00,300.0,300.0
D2,F1-union-without-slot_7_28d-ridge,0,16,2021-05-04,96,1.0,True,181.0,185.8685696156341,4.868569615634101,4.868569615634101,2021-05-04 08:30:00,2021-05-04 08:30:00,0.0,0.0
D2,F1-union-without-slot_7_28d-ridge,0,16,2021-05-05,96,1.0,True,120.0,183.65272778160815,63.65272778160815,63.65272778160815,2021-05-05 04:15:00,2021-05-05 08:30:00,255.0,255.0
D2,F1-union-without-slot_7_28d-ridge,0,16,2021-05-06,96,1.0,True,199.0,178.45460820288218,-20.545391797117816,20.545391797117816,2021-05-06 09:00:00,2021-05-06 13:30:00,270.0,270.0
D2,F1-union-without-slot_7_28d-ridge,0,16,2021-05-07,96,1.0,True,181.0,172.88256229321627,-8.117437706783733,8.117437706783733,2021-05-07 09:00:00,2021-05-07 10:45:00,105.0,105.0
D2,F1-union-without-slot_7_28d-ridge,0,16,2021-05-08,96,1.0,True,115.0,98.6671256959813,-16.332874304018702,16.332874304018702,2021-05-08 02:00:00,2021-05-08 02:15:00,15.0,15.0
D2,F1-union-without-slot_7_28d-ridge,0,16,2021-05-09,96,1.0,True,184.0,147.11035224463063,-36.88964775536937,36.88964775536937,2021-05-09 09:00:00,2021-05-09 15:45:00,405.0,405.0
D2,F1-union-without-slot_7_28d-ridge,1,4,2021-05-31,95,0.9895833333333334,False,172.0,170.1367617531285,-1.8632382468715036,1.8632382468715036,2021-05-31 10:30:00,2021-05-31 12:00:00,90.0,90.0
D2,F1-union-without-slot_7_28d-ridge,1,4,2021-06-01,1,0.010416666666666666,False,71.0,85.56295030411773,14.562950304117734,14.562950304117734,2021-06-01 00:00:00,2021-06-01 00:00:00,0.0,0.0
D2,F1-union-without-slot_7_28d-ridge,1,4,2021-06-20,95,0.9895833333333334,False,28.0,34.41488558306585,6.414885583065853,6.414885583065853,2021-06-20 15:15:00,2021-06-20 09:30:00,-345.0,345.0
D2,F1-union-without-slot_7_28d-ridge,1,5,2021-05-31,95,0.9895833333333334,False,172.0,171.06401109544487,-0.9359889045551313,0.9359889045551313,2021-05-31 10:30:00,2021-05-31 12:00:00,90.0,90.0
D2,F1-union-without-slot_7_28d-ridge,1,5,2021-06-01,1,0.010416666666666666,False,71.0,86.48080237175371,15.480802371753711,15.480802371753711,2021-06-01 00:00:00,2021-06-01 00:00:00,0.0,0.0
D2,F1-union-without-slot_7_28d-ridge,1,5,2021-06-20,95,0.9895833333333334,False,28.0,34.7489584855887,6.748958485588702,6.748958485588702,2021-06-20 15:15:00,2021-06-20 09:30:00,-345.0,345.0
D2,F1-union-without-slot_7_28d-ridge,1,6,2021-05-31,95,0.9895833333333334,False,172.0,173.38983290502796,1.3898329050279585,1.3898329050279585,2021-05-31 10:30:00,2021-05-31 12:00:00,90.0,90.0
D2,F1-union-without-slot_7_28d-ridge,1,6,2021-06-01,1,0.010416666666666666,False,71.0,84.44685991496411,13.446859914964108,13.446859914964108,2021-06-01 00:00:00,2021-06-01 00:00:00,0.0,0.0
D2,F1-union-without-slot_7_28d-ridge,1,6,2021-06-20,95,0.9895833333333334,False,28.0,35.51125435490087,7.511254354900871,7.511254354900871,2021-06-20 15:15:00,2021-06-20 09:30:00,-345.0,345.0
D2,F1-union-without-slot_7_28d-ridge,1,7,2021-05-31,95,0.9895833333333334,False,172.0,171.77228923729552,-0.22771076270447566,0.22771076270447566,2021-05-31 10:30:00,2021-05-31 11:15:00,45.0,45.0
D2,F1-union-without-slot_7_28d-ridge,1,7,2021-06-01,1,0.010416666666666666,False,71.0,90.69628395480451,19.696283954804514,19.696283954804514,2021-06-01 00:00:00,2021-06-01 00:00:00,0.0,0.0
D2,F1-union-without-slot_7_28d-ridge,1,7,2021-06-20,95,0.9895833333333334,False,28.0,35.6533430993496,7.653343099349598,7.653343099349598,2021-06-20 15:15:00,2021-06-20 09:30:00,-345.0,345.0
D2,F1-union-without-slot_7_28d-ridge,1,8,2021-05-31,95,0.9895833333333334,False,172.0,170.06095239047283,-1.9390476095271652,1.9390476095271652,2021-05-31 10:30:00,2021-05-31 12:00:00,90.0,90.0
D2,F1-union-without-slot_7_28d-ridge,1,8,2021-06-01,1,0.010416666666666666,False,71.0,91.92804844013081,20.92804844013081,20.92804844013081,2021-06-01 00:00:00,2021-06-01 00:00:00,0.0,0.0
D2,F1-union-without-slot_7_28d-ridge,1,8,2021-06-20,95,0.9895833333333334,False,28.0,35.51256415328511,7.512564153285112,7.512564153285112,2021-06-20 15:15:00,2021-06-20 09:45:00,-330.0,330.0
D2,F1-union-without-slot_7_28d-ridge,1,9,2021-05-31,95,0.9895833333333334,False,172.0,169.71417979589737,-2.2858202041026345,2.2858202041026345,2021-05-31 10:30:00,2021-05-31 13:45:00,195.0,195.0
D2,F1-union-without-slot_7_28d-ridge,1,9,2021-06-01,1,0.010416666666666666,False,71.0,94.44398383350939,23.443983833509392,23.443983833509392,2021-06-01 00:00:00,2021-06-01 00:00:00,0.0,0.0
D2,F1-union-without-slot_7_28d-ridge,1,9,2021-06-20,95,0.9895833333333334,False,28.0,34.60881322961333,6.608813229613332,6.608813229613332,2021-06-20 15:15:00,2021-06-20 10:45:00,-270.0,270.0
D2,F1-union-without-slot_7_28d-ridge,1,10,2021-05-31,95,0.9895833333333334,False,172.0,172.46077036179383,0.4607703617938341,0.4607703617938341,2021-05-31 10:30:00,2021-05-31 13:30:00,180.0,180.0
D2,F1-union-without-slot_7_28d-ridge,1,10,2021-06-01,1,0.010416666666666666,False,71.0,92.1836696095585,21.183669609558507,21.183669609558507,2021-06-01 00:00:00,2021-06-01 00:00:00,0.0,0.0
D2,F1-union-without-slot_7_28d-ridge,1,10,2021-06-20,95,0.9895833333333334,False,28.0,36.610426365610245,8.610426365610245,8.610426365610245,2021-06-20 15:15:00,2021-06-20 11:00:00,-255.0,255.0
D2,F1-union-without-slot_7_28d-ridge,1,11,2021-05-31,95,0.9895833333333334,False,172.0,172.44227056168552,0.44227056168551826,0.44227056168551826,2021-05-31 10:30:00,2021-05-31 13:45:00,195.0,195.0
D2,F1-union-without-slot_7_28d-ridge,1,11,2021-06-01,1,0.010416666666666666,False,71.0,88.28060637552683,17.28060637552683,17.28060637552683,2021-06-01 00:00:00,2021-06-01 00:00:00,0.0,0.0
D2,F1-union-without-slot_7_28d-ridge,1,11,2021-06-20,95,0.9895833333333334,False,28.0,37.02842677975505,9.028426779755051,9.028426779755051,2021-06-20 15:15:00,2021-06-20 11:00:00,-255.0,255.0
D2,F1-union-without-slot_7_28d-ridge,1,12,2021-05-31,95,0.9895833333333334,False,172.0,173.84371579616553,1.843715796165526,1.843715796165526,2021-05-31 10:30:00,2021-05-31 13:30:00,180.0,180.0
D2,F1-union-without-slot_7_28d-ridge,1,12,2021-06-01,1,0.010416666666666666,False,71.0,91.38804975199861,20.388049751998608,20.388049751998608,2021-06-01 00:00:00,2021-06-01 00:00:00,0.0,0.0
D2,F1-union-without-slot_7_28d-ridge,1,12,2021-06-20,95,0.9895833333333334,False,28.0,37.20690836719927,9.206908367199269,9.206908367199269,2021-06-20 15:15:00,2021-06-20 11:00:00,-255.0,255.0
D2,F1-union-without-slot_7_28d-ridge,1,13,2021-05-31,95,0.9895833333333334,False,172.0,174.27283489222415,2.2728348922241537,2.2728348922241537,2021-05-31 10:30:00,2021-05-31 13:45:00,195.0,195.0
D2,F1-union-without-slot_7_28d-ridge,1,13,2021-06-01,1,0.010416666666666666,False,71.0,94.66206940322148,23.66206940322148,23.66206940322148,2021-06-01 00:00:00,2021-06-01 00:00:00,0.0,0.0
D2,F1-union-without-slot_7_28d-ridge,1,13,2021-06-20,95,0.9895833333333334,False,28.0,36.80672054817216,8.806720548172159,8.806720548172159,2021-06-20 15:15:00,2021-06-20 11:00:00,-255.0,255.0
D2,F1-union-without-slot_7_28d-ridge,1,14,2021-05-31,95,0.9895833333333334,False,172.0,168.79796780008317,-3.202032199916829,3.202032199916829,2021-05-31 10:30:00,2021-05-31 13:45:00,195.0,195.0
D2,F1-union-without-slot_7_28d-ridge,1,14,2021-06-01,1,0.010416666666666666,False,71.0,96.87118735605964,25.871187356059636,25.871187356059636,2021-06-01 00:00:00,2021-06-01 00:00:00,0.0,0.0
D2,F1-union-without-slot_7_28d-ridge,1,14,2021-06-20,95,0.9895833333333334,False,28.0,37.56031439199888,9.56031439199888,9.56031439199888,2021-06-20 15:15:00,2021-06-20 12:00:00,-195.0,195.0
D2,F1-union-without-slot_7_28d-ridge,1,15,2021-05-31,95,0.9895833333333334,False,172.0,170.7600486287984,-1.239951371201613,1.239951371201613,2021-05-31 10:30:00,2021-05-31 15:30:00,300.0,300.0
D2,F1-union-without-slot_7_28d-ridge,1,15,2021-06-01,1,0.010416666666666666,False,71.0,99.83524924456806,28.83524924456806,28.83524924456806,2021-06-01 00:00:00,2021-06-01 00:00:00,0.0,0.0
D2,F1-union-without-slot_7_28d-ridge,1,15,2021-06-20,95,0.9895833333333334,False,28.0,37.25059401626959,9.250594016269588,9.250594016269588,2021-06-20 15:15:00,2021-06-20 12:00:00,-195.0,195.0
D2,F1-union-without-slot_7_28d-ridge,1,16,2021-05-31,95,0.9895833333333334,False,172.0,174.17593941598102,2.17593941598102,2.17593941598102,2021-05-31 10:30:00,2021-05-31 15:30:00,300.0,300.0
D2,F1-union-without-slot_7_28d-ridge,1,16,2021-06-01,1,0.010416666666666666,False,71.0,99.86119137718536,28.861191377185364,28.861191377185364,2021-06-01 00:00:00,2021-06-01 00:00:00,0.0,0.0
D2,F1-union-without-slot_7_28d-ridge,1,16,2021-06-20,95,0.9895833333333334,False,28.0,37.11522944496946,9.115229444969458,9.115229444969458,2021-06-20 15:15:00,2021-06-20 12:30:00,-165.0,165.0
D2,F1-union-without-slot_7_28d-ridge,2,4,2021-07-12,96,1.0,True,198.0,196.94358105970906,-1.0564189402909392,1.0564189402909392,2021-07-12 08:45:00,2021-07-12 11:00:00,135.0,135.0
D2,F1-union-without-slot_7_28d-ridge,2,4,2021-07-13,1,0.010416666666666666,False,79.0,95.62496461695649,16.62496461695649,16.62496461695649,2021-07-13 00:00:00,2021-07-13 00:00:00,0.0,0.0
D2,F1-union-without-slot_7_28d-ridge,2,4,2021-07-17,80,0.8333333333333334,False,108.0,101.17042679916246,-6.829573200837544,6.829573200837544,2021-07-17 06:00:00,2021-07-17 07:00:00,60.0,60.0
D2,F1-union-without-slot_7_28d-ridge,2,4,2021-07-18,84,0.875,False,28.0,38.89495142274921,10.894951422749209,10.894951422749209,2021-07-18 04:30:00,2021-07-18 08:45:00,255.0,255.0
D2,F1-union-without-slot_7_28d-ridge,2,4,2021-07-26,84,0.875,False,217.0,215.43425934557456,-1.56574065442544,1.56574065442544,2021-07-26 08:30:00,2021-07-26 11:30:00,180.0,180.0
D2,F1-union-without-slot_7_28d-ridge,2,4,2021-07-27,84,0.875,False,211.0,185.15329984154315,-25.846700158456855,25.846700158456855,2021-07-27 11:45:00,2021-07-27 09:30:00,-135.0,135.0
D2,F1-union-without-slot_7_28d-ridge,2,4,2021-07-28,84,0.875,False,212.0,212.54618967558616,0.546189675586163,0.546189675586163,2021-07-28 12:00:00,2021-07-28 08:45:00,-195.0,195.0
D2,F1-union-without-slot_7_28d-ridge,2,4,2021-07-29,84,0.875,False,211.0,184.15865868883867,-26.84134131116133,26.84134131116133,2021-07-29 12:00:00,2021-07-29 14:45:00,165.0,165.0
D2,F1-union-without-slot_7_28d-ridge,2,4,2021-07-30,85,0.8854166666666666,False,212.0,204.29121512561022,-7.708784874389778,7.708784874389778,2021-07-30 12:00:00,2021-07-30 08:45:00,-195.0,195.0
D2,F1-union-without-slot_7_28d-ridge,2,4,2021-07-31,96,1.0,True,80.0,96.57196690392402,16.57196690392402,16.57196690392402,2021-07-31 00:00:00,2021-07-31 00:00:00,0.0,0.0
D2,F1-union-without-slot_7_28d-ridge,2,4,2021-08-01,96,1.0,True,28.0,32.76538458566028,4.765384585660279,4.765384585660279,2021-08-01 09:00:00,2021-08-01 08:30:00,-30.0,30.0
D2,F1-union-without-slot_7_28d-ridge,2,4,2021-08-09,1,0.010416666666666666,False,21.0,20.574537719155316,-0.42546228084468396,0.42546228084468396,2021-08-09 00:00:00,2021-08-09 00:00:00,0.0,0.0
D2,F1-union-without-slot_7_28d-ridge,2,5,2021-07-12,96,1.0,True,198.0,199.02407849363618,1.024078493636182,1.024078493636182,2021-07-12 08:45:00,2021-07-12 11:15:00,150.0,150.0
D2,F1-union-without-slot_7_28d-ridge,2,5,2021-07-13,1,0.010416666666666666,False,79.0,103.71519413163172,24.71519413163172,24.71519413163172,2021-07-13 00:00:00,2021-07-13 00:00:00,0.0,0.0
D2,F1-union-without-slot_7_28d-ridge,2,5,2021-07-17,79,0.8229166666666666,False,108.0,106.45978713637479,-1.5402128636252144,1.5402128636252144,2021-07-17 06:00:00,2021-07-17 07:15:00,75.0,75.0
D2,F1-union-without-slot_7_28d-ridge,2,5,2021-07-18,84,0.875,False,28.0,37.516207329596035,9.516207329596035,9.516207329596035,2021-07-18 04:30:00,2021-07-18 09:00:00,270.0,270.0
D2,F1-union-without-slot_7_28d-ridge,2,5,2021-07-26,84,0.875,False,217.0,206.33277298702802,-10.667227012971978,10.667227012971978,2021-07-26 08:30:00,2021-07-26 11:45:00,195.0,195.0
D2,F1-union-without-slot_7_28d-ridge,2,5,2021-07-27,84,0.875,False,211.0,182.98610957688618,-28.01389042311382,28.01389042311382,2021-07-27 11:45:00,2021-07-27 11:00:00,-45.0,45.0
D2,F1-union-without-slot_7_28d-ridge,2,5,2021-07-28,84,0.875,False,212.0,205.41074847246347,-6.589251527536533,6.589251527536533,2021-07-28 12:00:00,2021-07-28 08:45:00,-195.0,195.0
D2,F1-union-without-slot_7_28d-ridge,2,5,2021-07-29,84,0.875,False,211.0,178.1489805980066,-32.8510194019934,32.8510194019934,2021-07-29 12:00:00,2021-07-29 15:00:00,180.0,180.0
D2,F1-union-without-slot_7_28d-ridge,2,5,2021-07-30,85,0.8854166666666666,False,212.0,201.126412820824,-10.873587179176013,10.873587179176013,2021-07-30 12:00:00,2021-07-30 09:00:00,-180.0,180.0
D2,F1-union-without-slot_7_28d-ridge,2,5,2021-07-31,96,1.0,True,80.0,87.26887382562322,7.268873825623217,7.268873825623217,2021-07-31 00:00:00,2021-07-31 00:00:00,0.0,0.0
D2,F1-union-without-slot_7_28d-ridge,2,5,2021-08-01,96,1.0,True,28.0,33.467935796621035,5.467935796621035,5.467935796621035,2021-08-01 09:00:00,2021-08-01 08:30:00,-30.0,30.0
D2,F1-union-without-slot_7_28d-ridge,2,5,2021-08-09,1,0.010416666666666666,False,21.0,22.673676233821013,1.6736762338210127,1.6736762338210127,2021-08-09 00:00:00,2021-08-09 00:00:00,0.0,0.0
D2,F1-union-without-slot_7_28d-ridge,2,6,2021-07-12,96,1.0,True,198.0,194.27604383515137,-3.72395616484863,3.72395616484863,2021-07-12 08:45:00,2021-07-12 11:00:00,135.0,135.0
D2,F1-union-without-slot_7_28d-ridge,2,6,2021-07-13,1,0.010416666666666666,False,79.0,102.34950791252736,23.349507912527358,23.349507912527358,2021-07-13 00:00:00,2021-07-13 00:00:00,0.0,0.0
D2,F1-union-without-slot_7_28d-ridge,2,6,2021-07-17,78,0.8125,False,108.0,99.97924833462294,-8.020751665377063,8.020751665377063,2021-07-17 06:00:00,2021-07-17 07:30:00,90.0,90.0
D2,F1-union-without-slot_7_28d-ridge,2,6,2021-07-18,84,0.875,False,28.0,38.65434528168086,10.654345281680861,10.654345281680861,2021-07-18 01:15:00,2021-07-18 09:15:00,480.0,480.0
D2,F1-union-without-slot_7_28d-ridge,2,6,2021-07-26,84,0.875,False,217.0,213.67974869078114,-3.320251309218861,3.320251309218861,2021-07-26 08:30:00,2021-07-26 11:30:00,180.0,180.0
D2,F1-union-without-slot_7_28d-ridge,2,6,2021-07-27,84,0.875,False,211.0,183.17218620713322,-27.827813792866777,27.827813792866777,2021-07-27 11:45:00,2021-07-27 10:00:00,-105.0,105.0
D2,F1-union-without-slot_7_28d-ridge,2,6,2021-07-28,84,0.875,False,212.0,206.55155821061655,-5.448441789383452,5.448441789383452,2021-07-28 12:00:00,2021-07-28 09:45:00,-135.0,135.0
D2,F1-union-without-slot_7_28d-ridge,2,6,2021-07-29,84,0.875,False,211.0,170.70615115713616,-40.29384884286384,40.29384884286384,2021-07-29 12:00:00,2021-07-29 10:30:00,-90.0,90.0
D2,F1-union-without-slot_7_28d-ridge,2,6,2021-07-30,85,0.8854166666666666,False,212.0,194.8020825587298,-17.197917441270192,17.197917441270192,2021-07-30 12:00:00,2021-07-30 09:45:00,-135.0,135.0
D2,F1-union-without-slot_7_28d-ridge,2,6,2021-07-31,96,1.0,True,80.0,89.72672465637744,9.726724656377442,9.726724656377442,2021-07-31 00:00:00,2021-07-31 00:00:00,0.0,0.0
D2,F1-union-without-slot_7_28d-ridge,2,6,2021-08-01,96,1.0,True,28.0,34.5328512257156,6.5328512257156035,6.5328512257156035,2021-08-01 09:00:00,2021-08-01 09:30:00,30.0,30.0
D2,F1-union-without-slot_7_28d-ridge,2,6,2021-08-09,1,0.010416666666666666,False,21.0,23.445705443743435,2.445705443743435,2.445705443743435,2021-08-09 00:00:00,2021-08-09 00:00:00,0.0,0.0
D2,F1-union-without-slot_7_28d-ridge,2,7,2021-07-12,96,1.0,True,198.0,197.05375194630508,-0.9462480536949158,0.9462480536949158,2021-07-12 08:45:00,2021-07-12 11:15:00,150.0,150.0
D2,F1-union-without-slot_7_28d-ridge,2,7,2021-07-13,1,0.010416666666666666,False,79.0,96.84304104353295,17.84304104353295,17.84304104353295,2021-07-13 00:00:00,2021-07-13 00:00:00,0.0,0.0
D2,F1-union-without-slot_7_28d-ridge,2,7,2021-07-17,77,0.8020833333333334,False,108.0,97.67001833720005,-10.329981662799952,10.329981662799952,2021-07-17 06:00:00,2021-07-17 06:45:00,45.0,45.0
D2,F1-union-without-slot_7_28d-ridge,2,7,2021-07-18,84,0.875,False,28.0,40.09861260503492,12.098612605034923,12.098612605034923,2021-07-18 01:15:00,2021-07-18 09:45:00,510.0,510.0
D2,F1-union-without-slot_7_28d-ridge,2,7,2021-07-26,84,0.875,False,217.0,213.05112936515536,-3.9488706348446385,3.9488706348446385,2021-07-26 08:30:00,2021-07-26 11:30:00,180.0,180.0
D2,F1-union-without-slot_7_28d-ridge,2,7,2021-07-27,84,0.875,False,211.0,176.68454173168354,-34.31545826831646,34.31545826831646,2021-07-27 11:45:00,2021-07-27 11:30:00,-15.0,15.0
D2,F1-union-without-slot_7_28d-ridge,2,7,2021-07-28,84,0.875,False,212.0,209.23452179930746,-2.7654782006925416,2.7654782006925416,2021-07-28 12:00:00,2021-07-28 10:00:00,-120.0,120.0
D2,F1-union-without-slot_7_28d-ridge,2,7,2021-07-29,84,0.875,False,211.0,172.44482258577062,-38.55517741422938,38.55517741422938,2021-07-29 12:00:00,2021-07-29 11:30:00,-30.0,30.0
D2,F1-union-without-slot_7_28d-ridge,2,7,2021-07-30,85,0.8854166666666666,False,212.0,198.7742035884022,-13.225796411597798,13.225796411597798,2021-07-30 12:00:00,2021-07-30 11:45:00,-15.0,15.0
D2,F1-union-without-slot_7_28d-ridge,2,7,2021-07-31,96,1.0,True,80.0,91.90074028514586,11.900740285145858,11.900740285145858,2021-07-31 00:00:00,2021-07-31 01:45:00,105.0,105.0
D2,F1-union-without-slot_7_28d-ridge,2,7,2021-08-01,96,1.0,True,28.0,35.38292229618311,7.382922296183111,7.382922296183111,2021-08-01 09:00:00,2021-08-01 09:30:00,30.0,30.0
D2,F1-union-without-slot_7_28d-ridge,2,7,2021-08-09,1,0.010416666666666666,False,21.0,24.276032607469503,3.276032607469503,3.276032607469503,2021-08-09 00:00:00,2021-08-09 00:00:00,0.0,0.0
D2,F1-union-without-slot_7_28d-ridge,2,8,2021-07-12,96,1.0,True,198.0,195.80291494623128,-2.197085053768717,2.197085053768717,2021-07-12 08:45:00,2021-07-12 11:15:00,150.0,150.0
D2,F1-union-without-slot_7_28d-ridge,2,8,2021-07-13,1,0.010416666666666666,False,79.0,92.00068943561558,13.000689435615584,13.000689435615584,2021-07-13 00:00:00,2021-07-13 00:00:00,0.0,0.0
D2,F1-union-without-slot_7_28d-ridge,2,8,2021-07-17,76,0.7916666666666666,False,108.0,94.8495983786412,-13.150401621358796,13.150401621358796,2021-07-17 06:00:00,2021-07-17 07:15:00,75.0,75.0
D2,F1-union-without-slot_7_28d-ridge,2,8,2021-07-18,84,0.875,False,28.0,42.28699777277737,14.286997772777369,14.286997772777369,2021-07-18 01:15:00,2021-07-18 09:45:00,510.0,510.0
D2,F1-union-without-slot_7_28d-ridge,2,8,2021-07-26,84,0.875,False,217.0,213.44066537288472,-3.559334627115277,3.559334627115277,2021-07-26 08:30:00,2021-07-26 11:30:00,180.0,180.0
D2,F1-union-without-slot_7_28d-ridge,2,8,2021-07-27,84,0.875,False,211.0,179.51647758372627,-31.48352241627373,31.48352241627373,2021-07-27 11:45:00,2021-07-27 10:30:00,-75.0,75.0
D2,F1-union-without-slot_7_28d-ridge,2,8,2021-07-28,84,0.875,False,212.0,207.43473899014617,-4.5652610098538275,4.5652610098538275,2021-07-28 12:00:00,2021-07-28 10:00:00,-120.0,120.0
D2,F1-union-without-slot_7_28d-ridge,2,8,2021-07-29,84,0.875,False,211.0,168.97743180825054,-42.02256819174946,42.02256819174946,2021-07-29 12:00:00,2021-07-29 11:45:00,-15.0,15.0
D2,F1-union-without-slot_7_28d-ridge,2,8,2021-07-30,85,0.8854166666666666,False,212.0,196.37548100473273,-15.624518995267266,15.624518995267266,2021-07-30 12:00:00,2021-07-30 09:45:00,-135.0,135.0
D2,F1-union-without-slot_7_28d-ridge,2,8,2021-07-31,96,1.0,True,80.0,92.12589521831977,12.12589521831977,12.12589521831977,2021-07-31 00:00:00,2021-07-31 01:45:00,105.0,105.0
D2,F1-union-without-slot_7_28d-ridge,2,8,2021-08-01,96,1.0,True,28.0,36.885764952848334,8.885764952848334,8.885764952848334,2021-08-01 09:00:00,2021-08-01 09:30:00,30.0,30.0
D2,F1-union-without-slot_7_28d-ridge,2,8,2021-08-09,1,0.010416666666666666,False,21.0,25.852195848761554,4.8521958487615535,4.8521958487615535,2021-08-09 00:00:00,2021-08-09 00:00:00,0.0,0.0
D2,F1-union-without-slot_7_28d-ridge,2,9,2021-07-12,96,1.0,True,198.0,195.58156590107967,-2.4184340989203292,2.4184340989203292,2021-07-12 08:45:00,2021-07-12 11:15:00,150.0,150.0
D2,F1-union-without-slot_7_28d-ridge,2,9,2021-07-13,1,0.010416666666666666,False,79.0,97.91802073657668,18.91802073657668,18.91802073657668,2021-07-13 00:00:00,2021-07-13 00:00:00,0.0,0.0
D2,F1-union-without-slot_7_28d-ridge,2,9,2021-07-17,75,0.78125,False,108.0,99.7063549240566,-8.293645075943402,8.293645075943402,2021-07-17 06:00:00,2021-07-17 07:15:00,75.0,75.0
D2,F1-union-without-slot_7_28d-ridge,2,9,2021-07-18,84,0.875,False,28.0,40.17556118753981,12.175561187539813,12.175561187539813,2021-07-18 01:15:00,2021-07-18 10:30:00,555.0,555.0
D2,F1-union-without-slot_7_28d-ridge,2,9,2021-07-26,84,0.875,False,217.0,214.77051511144458,-2.229484888555419,2.229484888555419,2021-07-26 08:30:00,2021-07-26 10:45:00,135.0,135.0
D2,F1-union-without-slot_7_28d-ridge,2,9,2021-07-27,84,0.875,False,211.0,180.64511257047604,-30.354887429523956,30.354887429523956,2021-07-27 11:45:00,2021-07-27 10:45:00,-60.0,60.0
D2,F1-union-without-slot_7_28d-ridge,2,9,2021-07-28,84,0.875,False,212.0,208.28149410991227,-3.7185058900877266,3.7185058900877266,2021-07-28 12:00:00,2021-07-28 10:00:00,-120.0,120.0
D2,F1-union-without-slot_7_28d-ridge,2,9,2021-07-29,84,0.875,False,211.0,170.4598338725392,-40.54016612746079,40.54016612746079,2021-07-29 12:00:00,2021-07-29 12:00:00,0.0,0.0
D2,F1-union-without-slot_7_28d-ridge,2,9,2021-07-30,85,0.8854166666666666,False,212.0,198.20497862414274,-13.79502137585726,13.79502137585726,2021-07-30 12:00:00,2021-07-30 11:45:00,-15.0,15.0
D2,F1-union-without-slot_7_28d-ridge,2,9,2021-07-31,96,1.0,True,80.0,93.91292281678086,13.912922816780863,13.912922816780863,2021-07-31 00:00:00,2021-07-31 01:45:00,105.0,105.0
D2,F1-union-without-slot_7_28d-ridge,2,9,2021-08-01,96,1.0,True,28.0,36.60050364113712,8.600503641137117,8.600503641137117,2021-08-01 09:00:00,2021-08-01 09:30:00,30.0,30.0
D2,F1-union-without-slot_7_28d-ridge,2,9,2021-08-09,1,0.010416666666666666,False,21.0,24.578631208075677,3.5786312080756773,3.5786312080756773,2021-08-09 00:00:00,2021-08-09 00:00:00,0.0,0.0
D2,F1-union-without-slot_7_28d-ridge,2,10,2021-07-12,96,1.0,True,198.0,195.39607027027697,-2.603929729723035,2.603929729723035,2021-07-12 08:45:00,2021-07-12 14:00:00,315.0,315.0
D2,F1-union-without-slot_7_28d-ridge,2,10,2021-07-13,1,0.010416666666666666,False,79.0,100.29846821313907,21.298468213139074,21.298468213139074,2021-07-13 00:00:00,2021-07-13 00:00:00,0.0,0.0
D2,F1-union-without-slot_7_28d-ridge,2,10,2021-07-17,74,0.7708333333333334,False,108.0,95.76089098689057,-12.239109013109427,12.239109013109427,2021-07-17 06:00:00,2021-07-17 07:15:00,75.0,75.0
D2,F1-union-without-slot_7_28d-ridge,2,10,2021-07-18,84,0.875,False,28.0,42.64024003967344,14.640240039673436,14.640240039673436,2021-07-18 01:15:00,2021-07-18 10:30:00,555.0,555.0
D2,F1-union-without-slot_7_28d-ridge,2,10,2021-07-26,84,0.875,False,217.0,213.16383522060545,-3.836164779394551,3.836164779394551,2021-07-26 08:30:00,2021-07-26 11:30:00,180.0,180.0
D2,F1-union-without-slot_7_28d-ridge,2,10,2021-07-27,84,0.875,False,211.0,179.73604964631153,-31.26395035368847,31.26395035368847,2021-07-27 11:45:00,2021-07-27 11:00:00,-45.0,45.0
D2,F1-union-without-slot_7_28d-ridge,2,10,2021-07-28,84,0.875,False,212.0,203.90636680509164,-8.093633194908364,8.093633194908364,2021-07-28 12:00:00,2021-07-28 10:00:00,-120.0,120.0
D2,F1-union-without-slot_7_28d-ridge,2,10,2021-07-29,84,0.875,False,211.0,168.33305651396904,-42.66694348603096,42.66694348603096,2021-07-29 12:00:00,2021-07-29 08:30:00,-210.0,210.0
D2,F1-union-without-slot_7_28d-ridge,2,10,2021-07-30,85,0.8854166666666666,False,212.0,195.830379548594,-16.16962045140599,16.16962045140599,2021-07-30 12:00:00,2021-07-30 11:45:00,-15.0,15.0
D2,F1-union-without-slot_7_28d-ridge,2,10,2021-07-31,96,1.0,True,80.0,97.66078757675928,17.660787576759276,17.660787576759276,2021-07-31 00:00:00,2021-07-31 01:45:00,105.0,105.0
D2,F1-union-without-slot_7_28d-ridge,2,10,2021-08-01,96,1.0,True,28.0,36.93641673442479,8.936416734424789,8.936416734424789,2021-08-01 09:00:00,2021-08-01 09:30:00,30.0,30.0
D2,F1-union-without-slot_7_28d-ridge,2,10,2021-08-09,1,0.010416666666666666,False,21.0,25.79531825483096,4.79531825483096,4.79531825483096,2021-08-09 00:00:00,2021-08-09 00:00:00,0.0,0.0
D2,F1-union-without-slot_7_28d-ridge,2,11,2021-07-12,96,1.0,True,198.0,197.94571752859827,-0.054282471401734256,0.054282471401734256,2021-07-12 08:45:00,2021-07-12 11:15:00,150.0,150.0
D2,F1-union-without-slot_7_28d-ridge,2,11,2021-07-13,1,0.010416666666666666,False,79.0,93.31824346424878,14.31824346424878,14.31824346424878,2021-07-13 00:00:00,2021-07-13 00:00:00,0.0,0.0
D2,F1-union-without-slot_7_28d-ridge,2,11,2021-07-17,73,0.7604166666666666,False,108.0,94.73963862487042,-13.260361375129577,13.260361375129577,2021-07-17 06:00:00,2021-07-17 06:30:00,30.0,30.0
D2,F1-union-without-slot_7_28d-ridge,2,11,2021-07-18,84,0.875,False,28.0,44.11599124289605,16.11599124289605,16.11599124289605,2021-07-18 01:15:00,2021-07-18 10:30:00,555.0,555.0
D2,F1-union-without-slot_7_28d-ridge,2,11,2021-07-26,84,0.875,False,217.0,217.630827597203,0.6308275972029946,0.6308275972029946,2021-07-26 08:30:00,2021-07-26 11:30:00,180.0,180.0
D2,F1-union-without-slot_7_28d-ridge,2,11,2021-07-27,84,0.875,False,211.0,178.08339859393368,-32.91660140606632,32.91660140606632,2021-07-27 11:45:00,2021-07-27 11:15:00,-30.0,30.0
D2,F1-union-without-slot_7_28d-ridge,2,11,2021-07-28,84,0.875,False,212.0,200.48029570163632,-11.519704298363678,11.519704298363678,2021-07-28 12:00:00,2021-07-28 10:00:00,-120.0,120.0
D2,F1-union-without-slot_7_28d-ridge,2,11,2021-07-29,84,0.875,False,211.0,167.66301483952466,-43.336985160475336,43.336985160475336,2021-07-29 12:00:00,2021-07-29 12:00:00,0.0,0.0
D2,F1-union-without-slot_7_28d-ridge,2,11,2021-07-30,85,0.8854166666666666,False,212.0,195.13924816612126,-16.860751833878737,16.860751833878737,2021-07-30 12:00:00,2021-07-30 11:45:00,-15.0,15.0
D2,F1-union-without-slot_7_28d-ridge,2,11,2021-07-31,96,1.0,True,80.0,96.4084832879562,16.4084832879562,16.4084832879562,2021-07-31 00:00:00,2021-07-31 02:00:00,120.0,120.0
D2,F1-union-without-slot_7_28d-ridge,2,11,2021-08-01,96,1.0,True,28.0,37.54046443299454,9.54046443299454,9.54046443299454,2021-08-01 09:00:00,2021-08-01 09:30:00,30.0,30.0
D2,F1-union-without-slot_7_28d-ridge,2,11,2021-08-09,1,0.010416666666666666,False,21.0,27.319480344378462,6.319480344378462,6.319480344378462,2021-08-09 00:00:00,2021-08-09 00:00:00,0.0,0.0
D2,F1-union-without-slot_7_28d-ridge,2,12,2021-07-12,96,1.0,True,198.0,192.51958137979565,-5.480418620204347,5.480418620204347,2021-07-12 08:45:00,2021-07-12 14:00:00,315.0,315.0
D2,F1-union-without-slot_7_28d-ridge,2,12,2021-07-13,1,0.010416666666666666,False,79.0,94.60421424274368,15.60421424274368,15.60421424274368,2021-07-13 00:00:00,2021-07-13 00:00:00,0.0,0.0
D2,F1-union-without-slot_7_28d-ridge,2,12,2021-07-17,72,0.75,False,108.0,94.75558282849265,-13.24441717150735,13.24441717150735,2021-07-17 06:00:00,2021-07-17 06:15:00,15.0,15.0
D2,F1-union-without-slot_7_28d-ridge,2,12,2021-07-18,84,0.875,False,28.0,44.5995901939441,16.599590193944103,16.599590193944103,2021-07-18 01:15:00,2021-07-18 10:45:00,570.0,570.0
D2,F1-union-without-slot_7_28d-ridge,2,12,2021-07-26,84,0.875,False,217.0,222.5604496324297,5.560449632429709,5.560449632429709,2021-07-26 08:30:00,2021-07-26 11:30:00,180.0,180.0
D2,F1-union-without-slot_7_28d-ridge,2,12,2021-07-27,84,0.875,False,211.0,177.085105783517,-33.91489421648299,33.91489421648299,2021-07-27 11:45:00,2021-07-27 11:30:00,-15.0,15.0
D2,F1-union-without-slot_7_28d-ridge,2,12,2021-07-28,84,0.875,False,212.0,204.1288016599692,-7.871198340030787,7.871198340030787,2021-07-28 12:00:00,2021-07-28 14:00:00,120.0,120.0
D2,F1-union-without-slot_7_28d-ridge,2,12,2021-07-29,84,0.875,False,211.0,166.5607515657327,-44.43924843426731,44.43924843426731,2021-07-29 12:00:00,2021-07-29 12:00:00,0.0,0.0
D2,F1-union-without-slot_7_28d-ridge,2,12,2021-07-30,85,0.8854166666666666,False,212.0,191.18389992453803,-20.816100075461975,20.816100075461975,2021-07-30 12:00:00,2021-07-30 10:45:00,-75.0,75.0
D2,F1-union-without-slot_7_28d-ridge,2,12,2021-07-31,96,1.0,True,80.0,96.75767035966761,16.757670359667614,16.757670359667614,2021-07-31 00:00:00,2021-07-31 02:15:00,135.0,135.0
D2,F1-union-without-slot_7_28d-ridge,2,12,2021-08-01,96,1.0,True,28.0,36.936598419473384,8.936598419473384,8.936598419473384,2021-08-01 09:00:00,2021-08-01 09:30:00,30.0,30.0
D2,F1-union-without-slot_7_28d-ridge,2,12,2021-08-09,1,0.010416666666666666,False,21.0,29.28720035080245,8.28720035080245,8.28720035080245,2021-08-09 00:00:00,2021-08-09 00:00:00,0.0,0.0
D2,F1-union-without-slot_7_28d-ridge,2,13,2021-07-12,96,1.0,True,198.0,192.9977468092698,-5.002253190730187,5.002253190730187,2021-07-12 08:45:00,2021-07-12 14:00:00,315.0,315.0
D2,F1-union-without-slot_7_28d-ridge,2,13,2021-07-13,1,0.010416666666666666,False,79.0,101.05212079107935,22.052120791079346,22.052120791079346,2021-07-13 00:00:00,2021-07-13 00:00:00,0.0,0.0
D2,F1-union-without-slot_7_28d-ridge,2,13,2021-07-17,71,0.7395833333333334,False,96.0,96.13218970783973,0.1321897078397285,0.1321897078397285,2021-07-17 06:15:00,2021-07-17 06:15:00,0.0,0.0
D2,F1-union-without-slot_7_28d-ridge,2,13,2021-07-18,84,0.875,False,28.0,44.270012114112255,16.270012114112255,16.270012114112255,2021-07-18 01:15:00,2021-07-18 11:00:00,585.0,585.0
D2,F1-union-without-slot_7_28d-ridge,2,13,2021-07-26,84,0.875,False,217.0,211.71257389386983,-5.2874261061301695,5.2874261061301695,2021-07-26 08:30:00,2021-07-26 11:45:00,195.0,195.0
D2,F1-union-without-slot_7_28d-ridge,2,13,2021-07-27,84,0.875,False,211.0,173.32311909603004,-37.67688090396996,37.67688090396996,2021-07-27 11:45:00,2021-07-27 11:15:00,-30.0,30.0
D2,F1-union-without-slot_7_28d-ridge,2,13,2021-07-28,84,0.875,False,212.0,202.15095927184055,-9.849040728159451,9.849040728159451,2021-07-28 12:00:00,2021-07-28 11:30:00,-30.0,30.0
D2,F1-union-without-slot_7_28d-ridge,2,13,2021-07-29,84,0.875,False,211.0,164.7882048417648,-46.21179515823519,46.21179515823519,2021-07-29 12:00:00,2021-07-29 12:00:00,0.0,0.0
D2,F1-union-without-slot_7_28d-ridge,2,13,2021-07-30,85,0.8854166666666666,False,212.0,193.14871466297433,-18.851285337025672,18.851285337025672,2021-07-30 12:00:00,2021-07-30 16:00:00,240.0,240.0
D2,F1-union-without-slot_7_28d-ridge,2,13,2021-07-31,96,1.0,True,80.0,94.82757932498303,14.827579324983034,14.827579324983034,2021-07-31 00:00:00,2021-07-31 02:30:00,150.0,150.0
D2,F1-union-without-slot_7_28d-ridge,2,13,2021-08-01,96,1.0,True,28.0,37.76580879958272,9.765808799582722,9.765808799582722,2021-08-01 09:00:00,2021-08-01 09:30:00,30.0,30.0
D2,F1-union-without-slot_7_28d-ridge,2,13,2021-08-09,1,0.010416666666666666,False,21.0,29.891495768442326,8.891495768442326,8.891495768442326,2021-08-09 00:00:00,2021-08-09 00:00:00,0.0,0.0
D2,F1-union-without-slot_7_28d-ridge,2,14,2021-07-12,96,1.0,True,198.0,192.62149358941582,-5.37850641058418,5.37850641058418,2021-07-12 08:45:00,2021-07-12 14:00:00,315.0,315.0
D2,F1-union-without-slot_7_28d-ridge,2,14,2021-07-13,1,0.010416666666666666,False,79.0,103.13043776941764,24.13043776941764,24.13043776941764,2021-07-13 00:00:00,2021-07-13 00:00:00,0.0,0.0
D2,F1-union-without-slot_7_28d-ridge,2,14,2021-07-17,70,0.7291666666666666,False,88.0,96.09671185207556,8.096711852075558,8.096711852075558,2021-07-17 07:15:00,2021-07-17 06:30:00,-45.0,45.0
D2,F1-union-without-slot_7_28d-ridge,2,14,2021-07-18,84,0.875,False,28.0,45.60128675291878,17.60128675291878,17.60128675291878,2021-07-18 01:15:00,2021-07-18 11:30:00,615.0,615.0
D2,F1-union-without-slot_7_28d-ridge,2,14,2021-07-26,84,0.875,False,217.0,199.45850230893382,-17.541497691066184,17.541497691066184,2021-07-26 08:30:00,2021-07-26 14:30:00,360.0,360.0
D2,F1-union-without-slot_7_28d-ridge,2,14,2021-07-27,84,0.875,False,211.0,172.61591668185645,-38.38408331814355,38.38408331814355,2021-07-27 11:45:00,2021-07-27 12:00:00,15.0,15.0
D2,F1-union-without-slot_7_28d-ridge,2,14,2021-07-28,84,0.875,False,212.0,202.46577127340942,-9.534228726590584,9.534228726590584,2021-07-28 12:00:00,2021-07-28 14:30:00,150.0,150.0
D2,F1-union-without-slot_7_28d-ridge,2,14,2021-07-29,84,0.875,False,211.0,166.31822746137237,-44.68177253862763,44.68177253862763,2021-07-29 12:00:00,2021-07-29 14:45:00,165.0,165.0
D2,F1-union-without-slot_7_28d-ridge,2,14,2021-07-30,84,0.875,False,212.0,193.59811590322767,-18.401884096772335,18.401884096772335,2021-07-30 12:00:00,2021-07-30 11:45:00,-15.0,15.0
D2,F1-union-without-slot_7_28d-ridge,2,14,2021-07-31,96,1.0,True,80.0,92.61399973906653,12.613999739066529,12.613999739066529,2021-07-31 00:00:00,2021-07-31 02:45:00,165.0,165.0
D2,F1-union-without-slot_7_28d-ridge,2,14,2021-08-01,96,1.0,True,28.0,37.97874580673829,9.978745806738289,9.978745806738289,2021-08-01 09:00:00,2021-08-01 08:30:00,-30.0,30.0
D2,F1-union-without-slot_7_28d-ridge,2,14,2021-08-09,1,0.010416666666666666,False,21.0,31.498931234890208,10.498931234890208,10.498931234890208,2021-08-09 00:00:00,2021-08-09 00:00:00,0.0,0.0
D2,F1-union-without-slot_7_28d-ridge,2,15,2021-07-12,96,1.0,True,198.0,199.58894799591775,1.5889479959177493,1.5889479959177493,2021-07-12 08:45:00,2021-07-12 13:45:00,300.0,300.0
D2,F1-union-without-slot_7_28d-ridge,2,15,2021-07-13,1,0.010416666666666666,False,79.0,100.48296444790294,21.482964447902944,21.482964447902944,2021-07-13 00:00:00,2021-07-13 00:00:00,0.0,0.0
D2,F1-union-without-slot_7_28d-ridge,2,15,2021-07-17,69,0.71875,False,88.0,95.07480345919966,7.074803459199657,7.074803459199657,2021-07-17 07:15:00,2021-07-17 06:45:00,-30.0,30.0
D2,F1-union-without-slot_7_28d-ridge,2,15,2021-07-18,84,0.875,False,28.0,47.139806698505126,19.139806698505126,19.139806698505126,2021-07-18 01:15:00,2021-07-18 11:30:00,615.0,615.0
D2,F1-union-without-slot_7_28d-ridge,2,15,2021-07-26,84,0.875,False,217.0,200.4407728280134,-16.559227171986606,16.559227171986606,2021-07-26 08:30:00,2021-07-26 13:45:00,315.0,315.0
D2,F1-union-without-slot_7_28d-ridge,2,15,2021-07-27,84,0.875,False,211.0,170.28066029664882,-40.71933970335118,40.71933970335118,2021-07-27 11:45:00,2021-07-27 13:30:00,105.0,105.0
D2,F1-union-without-slot_7_28d-ridge,2,15,2021-07-28,84,0.875,False,212.0,201.1944386107026,-10.805561389297395,10.805561389297395,2021-07-28 12:00:00,2021-07-28 12:00:00,0.0,0.0
D2,F1-union-without-slot_7_28d-ridge,2,15,2021-07-29,84,0.875,False,211.0,167.3717501499566,-43.6282498500434,43.6282498500434,2021-07-29 12:00:00,2021-07-29 15:00:00,180.0,180.0
D2,F1-union-without-slot_7_28d-ridge,2,15,2021-07-30,84,0.875,False,212.0,195.66905910868263,-16.33094089131737,16.33094089131737,2021-07-30 12:00:00,2021-07-30 16:00:00,240.0,240.0
D2,F1-union-without-slot_7_28d-ridge,2,15,2021-07-31,96,1.0,True,80.0,90.9496886204754,10.9496886204754,10.9496886204754,2021-07-31 00:00:00,2021-07-31 00:00:00,0.0,0.0
D2,F1-union-without-slot_7_28d-ridge,2,15,2021-08-01,96,1.0,True,28.0,37.58522705586478,9.585227055864777,9.585227055864777,2021-08-01 09:00:00,2021-08-01 09:15:00,15.0,15.0
D2,F1-union-without-slot_7_28d-ridge,2,15,2021-08-09,1,0.010416666666666666,False,21.0,30.399722055324382,9.399722055324382,9.399722055324382,2021-08-09 00:00:00,2021-08-09 00:00:00,0.0,0.0
D2,F1-union-without-slot_7_28d-ridge,2,16,2021-07-12,96,1.0,True,198.0,202.15506177893153,4.155061778931525,4.155061778931525,2021-07-12 08:45:00,2021-07-12 14:00:00,315.0,315.0
D2,F1-union-without-slot_7_28d-ridge,2,16,2021-07-13,1,0.010416666666666666,False,79.0,100.79000012722278,21.790000127222783,21.790000127222783,2021-07-13 00:00:00,2021-07-13 00:00:00,0.0,0.0
D2,F1-union-without-slot_7_28d-ridge,2,16,2021-07-17,68,0.7083333333333334,False,88.0,93.28539761170212,5.285397611702123,5.285397611702123,2021-07-17 07:15:00,2021-07-17 07:15:00,0.0,0.0
D2,F1-union-without-slot_7_28d-ridge,2,16,2021-07-18,84,0.875,False,28.0,47.97410366212503,19.97410366212503,19.97410366212503,2021-07-18 01:15:00,2021-07-18 11:45:00,630.0,630.0
D2,F1-union-without-slot_7_28d-ridge,2,16,2021-07-26,84,0.875,False,217.0,199.9909464281706,-17.009053571829412,17.009053571829412,2021-07-26 08:30:00,2021-07-26 14:30:00,360.0,360.0
D2,F1-union-without-slot_7_28d-ridge,2,16,2021-07-27,84,0.875,False,211.0,175.18716550038408,-35.81283449961592,35.81283449961592,2021-07-27 11:45:00,2021-07-27 16:00:00,255.0,255.0
D2,F1-union-without-slot_7_28d-ridge,2,16,2021-07-28,84,0.875,False,212.0,199.69325716090282,-12.306742839097183,12.306742839097183,2021-07-28 12:00:00,2021-07-28 12:00:00,0.0,0.0
D2,F1-union-without-slot_7_28d-ridge,2,16,2021-07-29,84,0.875,False,211.0,164.1124613556248,-46.88753864437521,46.88753864437521,2021-07-29 12:00:00,2021-07-29 08:30:00,-210.0,210.0
D2,F1-union-without-slot_7_28d-ridge,2,16,2021-07-30,84,0.875,False,212.0,194.95927997014923,-17.040720029850775,17.040720029850775,2021-07-30 12:00:00,2021-07-30 11:45:00,-15.0,15.0
D2,F1-union-without-slot_7_28d-ridge,2,16,2021-07-31,96,1.0,True,80.0,93.34493845650483,13.344938456504835,13.344938456504835,2021-07-31 00:00:00,2021-07-31 00:00:00,0.0,0.0
D2,F1-union-without-slot_7_28d-ridge,2,16,2021-08-01,96,1.0,True,28.0,38.74407192043844,10.744071920438437,10.744071920438437,2021-08-01 09:00:00,2021-08-01 09:30:00,30.0,30.0
D2,F1-union-without-slot_7_28d-ridge,2,16,2021-08-09,1,0.010416666666666666,False,21.0,33.852619454470585,12.852619454470585,12.852619454470585,2021-08-09 00:00:00,2021-08-09 00:00:00,0.0,0.0
