dataset,model,fold,horizon,target_day,observed_slots,slot_coverage,full_day,actual_daily_max,predicted_daily_max,daily_max_error,daily_max_abs_error,actual_peak_time,predicted_peak_time,timing_error_minutes,timing_abs_error_minutes
D1,F5-2-nlinear-c96,0,4,2021-04-19,96,1.0,True,172.0,166.50729370117188,-5.492706298828125,5.492706298828125,2021-04-19 08:45:00,2021-04-19 13:00:00,255.0,255.0
D1,F5-2-nlinear-c96,0,4,2021-04-20,96,1.0,True,172.0,176.23928833007812,4.239288330078125,4.239288330078125,2021-04-20 08:45:00,2021-04-20 16:00:00,435.0,435.0
D1,F5-2-nlinear-c96,0,4,2021-04-21,96,1.0,True,174.0,171.95372009277344,-2.0462799072265625,2.0462799072265625,2021-04-21 08:30:00,2021-04-21 11:30:00,180.0,180.0
D1,F5-2-nlinear-c96,0,4,2021-04-22,96,1.0,True,174.0,173.7554931640625,-0.2445068359375,0.2445068359375,2021-04-22 08:30:00,2021-04-22 16:00:00,450.0,450.0
D1,F5-2-nlinear-c96,0,4,2021-04-23,96,1.0,True,174.0,173.7554931640625,-0.2445068359375,0.2445068359375,2021-04-23 08:30:00,2021-04-23 16:00:00,450.0,450.0
D1,F5-2-nlinear-c96,0,4,2021-04-24,96,1.0,True,112.0,109.72522735595703,-2.2747726440429688,2.2747726440429688,2021-04-24 06:15:00,2021-04-24 07:15:00,60.0,60.0
D1,F5-2-nlinear-c96,0,4,2021-04-25,96,1.0,True,25.0,35.22172164916992,10.221721649169922,10.221721649169922,2021-04-25 01:30:00,2021-04-25 01:30:00,0.0,0.0
D1,F5-2-nlinear-c96,0,4,2021-05-03,96,1.0,True,184.0,175.3734130859375,-8.6265869140625,8.6265869140625,2021-05-03 08:30:00,2021-05-03 14:45:00,375.0,375.0
D1,F5-2-nlinear-c96,0,4,2021-05-04,96,1.0,True,181.0,189.84268188476562,8.842681884765625,8.842681884765625,2021-05-04 08:30:00,2021-05-04 16:00:00,450.0,450.0
D1,F5-2-nlinear-c96,0,4,2021-05-05,96,1.0,True,120.0,110.5902099609375,-9.4097900390625,9.4097900390625,2021-05-05 04:15:00,2021-05-05 06:45:00,150.0,150.0
D1,F5-2-nlinear-c96,0,4,2021-05-06,96,1.0,True,199.0,178.4161376953125,-20.5838623046875,20.5838623046875,2021-05-06 09:00:00,2021-05-06 11:00:00,120.0,120.0
D1,F5-2-nlinear-c96,0,4,2021-05-07,96,1.0,True,181.0,181.86279296875,0.86279296875,0.86279296875,2021-05-07 09:00:00,2021-05-07 11:00:00,120.0,120.0
D1,F5-2-nlinear-c96,0,4,2021-05-08,96,1.0,True,115.0,115.08972930908203,0.08972930908203125,0.08972930908203125,2021-05-08 02:00:00,2021-05-08 04:00:00,120.0,120.0
D1,F5-2-nlinear-c96,0,4,2021-05-09,96,1.0,True,184.0,169.03225708007812,-14.967742919921875,14.967742919921875,2021-05-09 09:00:00,2021-05-09 20:30:00,690.0,690.0
D1,F5-2-nlinear-c96,0,5,2021-04-19,96,1.0,True,172.0,166.07101440429688,-5.928985595703125,5.928985595703125,2021-04-19 08:45:00,2021-04-19 16:15:00,450.0,450.0
D1,F5-2-nlinear-c96,0,5,2021-04-20,96,1.0,True,172.0,176.9547119140625,4.9547119140625,4.9547119140625,2021-04-20 08:45:00,2021-04-20 16:15:00,450.0,450.0
D1,F5-2-nlinear-c96,0,5,2021-04-21,96,1.0,True,174.0,172.76806640625,-1.23193359375,1.23193359375,2021-04-21 08:30:00,2021-04-21 11:45:00,195.0,195.0
D1,F5-2-nlinear-c96,0,5,2021-04-22,96,1.0,True,174.0,171.59603881835938,-2.403961181640625,2.403961181640625,2021-04-22 08:30:00,2021-04-22 16:15:00,465.0,465.0
D1,F5-2-nlinear-c96,0,5,2021-04-23,96,1.0,True,174.0,171.59603881835938,-2.403961181640625,2.403961181640625,2021-04-23 08:30:00,2021-04-23 16:15:00,465.0,465.0
D1,F5-2-nlinear-c96,0,5,2021-04-24,96,1.0,True,112.0,107.96803283691406,-4.0319671630859375,4.0319671630859375,2021-04-24 06:15:00,2021-04-24 08:30:00,135.0,135.0
D1,F5-2-nlinear-c96,0,5,2021-04-25,96,1.0,True,25.0,35.69980239868164,10.69980239868164,10.69980239868164,2021-04-25 01:30:00,2021-04-25 01:30:00,0.0,0.0
D1,F5-2-nlinear-c96,0,5,2021-05-03,96,1.0,True,184.0,176.61663818359375,-7.38336181640625,7.38336181640625,2021-05-03 08:30:00,2021-05-03 13:15:00,285.0,285.0
D1,F5-2-nlinear-c96,0,5,2021-05-04,96,1.0,True,181.0,188.44122314453125,7.44122314453125,7.44122314453125,2021-05-04 08:30:00,2021-05-04 13:15:00,285.0,285.0
D1,F5-2-nlinear-c96,0,5,2021-05-05,96,1.0,True,120.0,117.81428527832031,-2.1857147216796875,2.1857147216796875,2021-05-05 04:15:00,2021-05-05 08:30:00,255.0,255.0
D1,F5-2-nlinear-c96,0,5,2021-05-06,96,1.0,True,199.0,179.68771362304688,-19.312286376953125,19.312286376953125,2021-05-06 09:00:00,2021-05-06 11:15:00,135.0,135.0
D1,F5-2-nlinear-c96,0,5,2021-05-07,96,1.0,True,181.0,175.59243774414062,-5.407562255859375,5.407562255859375,2021-05-07 09:00:00,2021-05-07 13:15:00,255.0,255.0
D1,F5-2-nlinear-c96,0,5,2021-05-08,96,1.0,True,115.0,117.43914031982422,2.4391403198242188,2.4391403198242188,2021-05-08 02:00:00,2021-05-08 08:30:00,390.0,390.0
D1,F5-2-nlinear-c96,0,5,2021-05-09,96,1.0,True,184.0,168.136474609375,-15.863525390625,15.863525390625,2021-05-09 09:00:00,2021-05-09 16:00:00,420.0,420.0
D1,F5-2-nlinear-c96,0,6,2021-04-19,96,1.0,True,172.0,167.318115234375,-4.681884765625,4.681884765625,2021-04-19 08:45:00,2021-04-19 13:30:00,285.0,285.0
D1,F5-2-nlinear-c96,0,6,2021-04-20,96,1.0,True,172.0,183.76400756835938,11.764007568359375,11.764007568359375,2021-04-20 08:45:00,2021-04-20 13:30:00,285.0,285.0
D1,F5-2-nlinear-c96,0,6,2021-04-21,96,1.0,True,174.0,174.6077880859375,0.6077880859375,0.6077880859375,2021-04-21 08:30:00,2021-04-21 12:00:00,210.0,210.0
D1,F5-2-nlinear-c96,0,6,2021-04-22,96,1.0,True,174.0,169.40951538085938,-4.590484619140625,4.590484619140625,2021-04-22 08:30:00,2021-04-22 16:30:00,480.0,480.0
D1,F5-2-nlinear-c96,0,6,2021-04-23,96,1.0,True,174.0,169.40951538085938,-4.590484619140625,4.590484619140625,2021-04-23 08:30:00,2021-04-23 16:30:00,480.0,480.0
D1,F5-2-nlinear-c96,0,6,2021-04-24,96,1.0,True,112.0,112.47998046875,0.47998046875,0.47998046875,2021-04-24 06:15:00,2021-04-24 00:00:00,-375.0,375.0
D1,F5-2-nlinear-c96,0,6,2021-04-25,96,1.0,True,25.0,37.23212432861328,12.232124328613281,12.232124328613281,2021-04-25 01:30:00,2021-04-25 01:30:00,0.0,0.0
D1,F5-2-nlinear-c96,0,6,2021-05-03,96,1.0,True,184.0,178.35736083984375,-5.64263916015625,5.64263916015625,2021-05-03 08:30:00,2021-05-03 13:30:00,300.0,300.0
D1,F5-2-nlinear-c96,0,6,2021-05-04,96,1.0,True,181.0,196.211181640625,15.211181640625,15.211181640625,2021-05-04 08:30:00,2021-05-04 13:30:00,300.0,300.0
D1,F5-2-nlinear-c96,0,6,2021-05-05,96,1.0,True,120.0,117.28985595703125,-2.71014404296875,2.71014404296875,2021-05-05 04:15:00,2021-05-05 08:45:00,270.0,270.0
D1,F5-2-nlinear-c96,0,6,2021-05-06,96,1.0,True,199.0,180.66635131835938,-18.333648681640625,18.333648681640625,2021-05-06 09:00:00,2021-05-06 13:15:00,255.0,255.0
D1,F5-2-nlinear-c96,0,6,2021-05-07,96,1.0,True,181.0,182.37286376953125,1.37286376953125,1.37286376953125,2021-05-07 09:00:00,2021-05-07 13:30:00,270.0,270.0
D1,F5-2-nlinear-c96,0,6,2021-05-08,96,1.0,True,115.0,122.83261108398438,7.832611083984375,7.832611083984375,2021-05-08 02:00:00,2021-05-08 08:45:00,405.0,405.0
D1,F5-2-nlinear-c96,0,6,2021-05-09,96,1.0,True,184.0,169.13473510742188,-14.865264892578125,14.865264892578125,2021-05-09 09:00:00,2021-05-09 13:15:00,255.0,255.0
D1,F5-2-nlinear-c96,0,7,2021-04-19,96,1.0,True,172.0,167.02178955078125,-4.97821044921875,4.97821044921875,2021-04-19 08:45:00,2021-04-19 13:45:00,300.0,300.0
D1,F5-2-nlinear-c96,0,7,2021-04-20,96,1.0,True,172.0,180.7180633544922,8.718063354492188,8.718063354492188,2021-04-20 08:45:00,2021-04-20 13:45:00,300.0,300.0
D1,F5-2-nlinear-c96,0,7,2021-04-21,96,1.0,True,174.0,166.78976440429688,-7.210235595703125,7.210235595703125,2021-04-21 08:30:00,2021-04-21 11:00:00,150.0,150.0
D1,F5-2-nlinear-c96,0,7,2021-04-22,96,1.0,True,174.0,169.32736206054688,-4.672637939453125,4.672637939453125,2021-04-22 08:30:00,2021-04-22 13:30:00,300.0,300.0
D1,F5-2-nlinear-c96,0,7,2021-04-23,96,1.0,True,174.0,169.32736206054688,-4.672637939453125,4.672637939453125,2021-04-23 08:30:00,2021-04-23 13:30:00,300.0,300.0
D1,F5-2-nlinear-c96,0,7,2021-04-24,96,1.0,True,112.0,121.33173370361328,9.331733703613281,9.331733703613281,2021-04-24 06:15:00,2021-04-24 08:30:00,135.0,135.0
D1,F5-2-nlinear-c96,0,7,2021-04-25,96,1.0,True,25.0,36.00879669189453,11.008796691894531,11.008796691894531,2021-04-25 01:30:00,2021-04-25 01:30:00,0.0,0.0
D1,F5-2-nlinear-c96,0,7,2021-05-03,96,1.0,True,184.0,176.22344970703125,-7.77655029296875,7.77655029296875,2021-05-03 08:30:00,2021-05-03 13:45:00,315.0,315.0
D1,F5-2-nlinear-c96,0,7,2021-05-04,96,1.0,True,181.0,193.26043701171875,12.26043701171875,12.26043701171875,2021-05-04 08:30:00,2021-05-04 13:45:00,315.0,315.0
D1,F5-2-nlinear-c96,0,7,2021-05-05,96,1.0,True,120.0,126.54861450195312,6.548614501953125,6.548614501953125,2021-05-05 04:15:00,2021-05-05 08:30:00,255.0,255.0
D1,F5-2-nlinear-c96,0,7,2021-05-06,96,1.0,True,199.0,183.15805053710938,-15.841949462890625,15.841949462890625,2021-05-06 09:00:00,2021-05-06 13:30:00,270.0,270.0
D1,F5-2-nlinear-c96,0,7,2021-05-07,96,1.0,True,181.0,180.74436950683594,-0.2556304931640625,0.2556304931640625,2021-05-07 09:00:00,2021-05-07 13:45:00,285.0,285.0
D1,F5-2-nlinear-c96,0,7,2021-05-08,96,1.0,True,115.0,126.26821899414062,11.268218994140625,11.268218994140625,2021-05-08 02:00:00,2021-05-08 08:30:00,390.0,390.0
D1,F5-2-nlinear-c96,0,7,2021-05-09,96,1.0,True,184.0,172.2612762451172,-11.738723754882812,11.738723754882812,2021-05-09 09:00:00,2021-05-09 13:30:00,270.0,270.0
D1,F5-2-nlinear-c96,0,8,2021-04-19,96,1.0,True,172.0,162.52723693847656,-9.472763061523438,9.472763061523438,2021-04-19 08:45:00,2021-04-19 13:15:00,270.0,270.0
D1,F5-2-nlinear-c96,0,8,2021-04-20,96,1.0,True,172.0,174.36834716796875,2.36834716796875,2.36834716796875,2021-04-20 08:45:00,2021-04-20 14:00:00,315.0,315.0
D1,F5-2-nlinear-c96,0,8,2021-04-21,96,1.0,True,174.0,163.94674682617188,-10.053253173828125,10.053253173828125,2021-04-21 08:30:00,2021-04-21 11:15:00,165.0,165.0
D1,F5-2-nlinear-c96,0,8,2021-04-22,96,1.0,True,174.0,165.99734497070312,-8.002655029296875,8.002655029296875,2021-04-22 08:30:00,2021-04-22 11:15:00,165.0,165.0
D1,F5-2-nlinear-c96,0,8,2021-04-23,96,1.0,True,174.0,165.99734497070312,-8.002655029296875,8.002655029296875,2021-04-23 08:30:00,2021-04-23 11:15:00,165.0,165.0
D1,F5-2-nlinear-c96,0,8,2021-04-24,96,1.0,True,112.0,131.62557983398438,19.625579833984375,19.625579833984375,2021-04-24 06:15:00,2021-04-24 08:30:00,135.0,135.0
D1,F5-2-nlinear-c96,0,8,2021-04-25,96,1.0,True,25.0,35.85887145996094,10.858871459960938,10.858871459960938,2021-04-25 01:30:00,2021-04-25 02:00:00,30.0,30.0
D1,F5-2-nlinear-c96,0,8,2021-05-03,96,1.0,True,184.0,174.47897338867188,-9.521026611328125,9.521026611328125,2021-05-03 08:30:00,2021-05-03 15:45:00,435.0,435.0
D1,F5-2-nlinear-c96,0,8,2021-05-04,96,1.0,True,181.0,192.13868713378906,11.138687133789062,11.138687133789062,2021-05-04 08:30:00,2021-05-04 14:00:00,330.0,330.0
D1,F5-2-nlinear-c96,0,8,2021-05-05,96,1.0,True,120.0,133.0510711669922,13.051071166992188,13.051071166992188,2021-05-05 04:15:00,2021-05-05 08:30:00,255.0,255.0
D1,F5-2-nlinear-c96,0,8,2021-05-06,96,1.0,True,199.0,175.71908569335938,-23.280914306640625,23.280914306640625,2021-05-06 09:00:00,2021-05-06 13:30:00,270.0,270.0
D1,F5-2-nlinear-c96,0,8,2021-05-07,96,1.0,True,181.0,174.52987670898438,-6.470123291015625,6.470123291015625,2021-05-07 09:00:00,2021-05-07 15:45:00,405.0,405.0
D1,F5-2-nlinear-c96,0,8,2021-05-08,96,1.0,True,115.0,133.9099578857422,18.909957885742188,18.909957885742188,2021-05-08 02:00:00,2021-05-08 08:30:00,390.0,390.0
D1,F5-2-nlinear-c96,0,8,2021-05-09,96,1.0,True,184.0,168.41842651367188,-15.581573486328125,15.581573486328125,2021-05-09 09:00:00,2021-05-09 13:15:00,255.0,255.0
D1,F5-2-nlinear-c96,0,9,2021-04-19,96,1.0,True,172.0,166.3167724609375,-5.6832275390625,5.6832275390625,2021-04-19 08:45:00,2021-04-19 13:30:00,285.0,285.0
D1,F5-2-nlinear-c96,0,9,2021-04-20,96,1.0,True,172.0,175.4404296875,3.4404296875,3.4404296875,2021-04-20 08:45:00,2021-04-20 14:15:00,330.0,330.0
D1,F5-2-nlinear-c96,0,9,2021-04-21,96,1.0,True,174.0,169.19100952148438,-4.808990478515625,4.808990478515625,2021-04-21 08:30:00,2021-04-21 13:30:00,300.0,300.0
D1,F5-2-nlinear-c96,0,9,2021-04-22,96,1.0,True,174.0,169.57330322265625,-4.42669677734375,4.42669677734375,2021-04-22 08:30:00,2021-04-22 10:45:00,135.0,135.0
D1,F5-2-nlinear-c96,0,9,2021-04-23,96,1.0,True,174.0,169.57330322265625,-4.42669677734375,4.42669677734375,2021-04-23 08:30:00,2021-04-23 10:45:00,135.0,135.0
D1,F5-2-nlinear-c96,0,9,2021-04-24,96,1.0,True,112.0,136.5975341796875,24.5975341796875,24.5975341796875,2021-04-24 06:15:00,2021-04-24 08:45:00,150.0,150.0
D1,F5-2-nlinear-c96,0,9,2021-04-25,96,1.0,True,25.0,34.71852111816406,9.718521118164062,9.718521118164062,2021-04-25 01:30:00,2021-04-25 02:00:00,30.0,30.0
D1,F5-2-nlinear-c96,0,9,2021-05-03,96,1.0,True,184.0,178.4123077392578,-5.5876922607421875,5.5876922607421875,2021-05-03 08:30:00,2021-05-03 16:00:00,450.0,450.0
D1,F5-2-nlinear-c96,0,9,2021-05-04,96,1.0,True,181.0,189.55776977539062,8.557769775390625,8.557769775390625,2021-05-04 08:30:00,2021-05-04 14:15:00,345.0,345.0
D1,F5-2-nlinear-c96,0,9,2021-05-05,96,1.0,True,120.0,136.037109375,16.037109375,16.037109375,2021-05-05 04:15:00,2021-05-05 08:45:00,270.0,270.0
D1,F5-2-nlinear-c96,0,9,2021-05-06,96,1.0,True,199.0,176.3570556640625,-22.6429443359375,22.6429443359375,2021-05-06 09:00:00,2021-05-06 13:15:00,255.0,255.0
D1,F5-2-nlinear-c96,0,9,2021-05-07,96,1.0,True,181.0,176.70619201660156,-4.2938079833984375,4.2938079833984375,2021-05-07 09:00:00,2021-05-07 16:00:00,420.0,420.0
D1,F5-2-nlinear-c96,0,9,2021-05-08,96,1.0,True,115.0,139.0882568359375,24.0882568359375,24.0882568359375,2021-05-08 02:00:00,2021-05-08 08:45:00,405.0,405.0
D1,F5-2-nlinear-c96,0,9,2021-05-09,96,1.0,True,184.0,171.9583282470703,-12.041671752929688,12.041671752929688,2021-05-09 09:00:00,2021-05-09 13:30:00,270.0,270.0
D1,F5-2-nlinear-c96,0,10,2021-04-19,96,1.0,True,172.0,163.02410888671875,-8.97589111328125,8.97589111328125,2021-04-19 08:45:00,2021-04-19 13:45:00,300.0,300.0
D1,F5-2-nlinear-c96,0,10,2021-04-20,96,1.0,True,172.0,173.62533569335938,1.625335693359375,1.625335693359375,2021-04-20 08:45:00,2021-04-20 14:30:00,345.0,345.0
D1,F5-2-nlinear-c96,0,10,2021-04-21,96,1.0,True,174.0,167.72830200195312,-6.271697998046875,6.271697998046875,2021-04-21 08:30:00,2021-04-21 13:45:00,315.0,315.0
D1,F5-2-nlinear-c96,0,10,2021-04-22,96,1.0,True,174.0,169.78517150878906,-4.2148284912109375,4.2148284912109375,2021-04-22 08:30:00,2021-04-22 11:00:00,150.0,150.0
D1,F5-2-nlinear-c96,0,10,2021-04-23,96,1.0,True,174.0,169.78517150878906,-4.2148284912109375,4.2148284912109375,2021-04-23 08:30:00,2021-04-23 11:00:00,150.0,150.0
D1,F5-2-nlinear-c96,0,10,2021-04-24,96,1.0,True,112.0,140.44110107421875,28.44110107421875,28.44110107421875,2021-04-24 06:15:00,2021-04-24 08:45:00,150.0,150.0
D1,F5-2-nlinear-c96,0,10,2021-04-25,96,1.0,True,25.0,32.10493850708008,7.104938507080078,7.104938507080078,2021-04-25 01:30:00,2021-04-25 02:30:00,60.0,60.0
D1,F5-2-nlinear-c96,0,10,2021-05-03,96,1.0,True,184.0,178.0362548828125,-5.9637451171875,5.9637451171875,2021-05-03 08:30:00,2021-05-03 16:30:00,480.0,480.0
D1,F5-2-nlinear-c96,0,10,2021-05-04,96,1.0,True,181.0,187.10426330566406,6.1042633056640625,6.1042633056640625,2021-05-04 08:30:00,2021-05-04 14:30:00,360.0,360.0
D1,F5-2-nlinear-c96,0,10,2021-05-05,96,1.0,True,120.0,137.10128784179688,17.101287841796875,17.101287841796875,2021-05-05 04:15:00,2021-05-05 09:00:00,285.0,285.0
D1,F5-2-nlinear-c96,0,10,2021-05-06,96,1.0,True,199.0,176.2222137451172,-22.777786254882812,22.777786254882812,2021-05-06 09:00:00,2021-05-06 13:30:00,270.0,270.0
D1,F5-2-nlinear-c96,0,10,2021-05-07,96,1.0,True,181.0,174.31021118164062,-6.689788818359375,6.689788818359375,2021-05-07 09:00:00,2021-05-07 14:30:00,330.0,330.0
D1,F5-2-nlinear-c96,0,10,2021-05-08,96,1.0,True,115.0,141.13189697265625,26.13189697265625,26.13189697265625,2021-05-08 02:00:00,2021-05-08 08:45:00,405.0,405.0
D1,F5-2-nlinear-c96,0,10,2021-05-09,96,1.0,True,184.0,166.60739135742188,-17.392608642578125,17.392608642578125,2021-05-09 09:00:00,2021-05-09 13:45:00,285.0,285.0
D1,F5-2-nlinear-c96,0,11,2021-04-19,96,1.0,True,172.0,161.612548828125,-10.387451171875,10.387451171875,2021-04-19 08:45:00,2021-04-19 14:00:00,315.0,315.0
D1,F5-2-nlinear-c96,0,11,2021-04-20,96,1.0,True,172.0,175.8119659423828,3.8119659423828125,3.8119659423828125,2021-04-20 08:45:00,2021-04-20 14:45:00,360.0,360.0
D1,F5-2-nlinear-c96,0,11,2021-04-21,96,1.0,True,174.0,174.18869018554688,0.188690185546875,0.188690185546875,2021-04-21 08:30:00,2021-04-21 13:30:00,300.0,300.0
D1,F5-2-nlinear-c96,0,11,2021-04-22,96,1.0,True,174.0,169.52288818359375,-4.47711181640625,4.47711181640625,2021-04-22 08:30:00,2021-04-22 13:30:00,300.0,300.0
D1,F5-2-nlinear-c96,0,11,2021-04-23,96,1.0,True,174.0,169.52288818359375,-4.47711181640625,4.47711181640625,2021-04-23 08:30:00,2021-04-23 13:30:00,300.0,300.0
D1,F5-2-nlinear-c96,0,11,2021-04-24,96,1.0,True,112.0,141.7667694091797,29.766769409179688,29.766769409179688,2021-04-24 06:15:00,2021-04-24 08:45:00,150.0,150.0
D1,F5-2-nlinear-c96,0,11,2021-04-25,96,1.0,True,25.0,30.28115463256836,5.281154632568359,5.281154632568359,2021-04-25 01:30:00,2021-04-25 02:45:00,75.0,75.0
D1,F5-2-nlinear-c96,0,11,2021-05-03,96,1.0,True,184.0,178.55833435058594,-5.4416656494140625,5.4416656494140625,2021-05-03 08:30:00,2021-05-03 16:30:00,480.0,480.0
D1,F5-2-nlinear-c96,0,11,2021-05-04,96,1.0,True,181.0,187.23822021484375,6.23822021484375,6.23822021484375,2021-05-04 08:30:00,2021-05-04 14:45:00,375.0,375.0
D1,F5-2-nlinear-c96,0,11,2021-05-05,96,1.0,True,120.0,139.01522827148438,19.015228271484375,19.015228271484375,2021-05-05 04:15:00,2021-05-05 09:15:00,300.0,300.0
D1,F5-2-nlinear-c96,0,11,2021-05-06,96,1.0,True,199.0,173.18215942382812,-25.817840576171875,25.817840576171875,2021-05-06 09:00:00,2021-05-06 13:45:00,285.0,285.0
D1,F5-2-nlinear-c96,0,11,2021-05-07,96,1.0,True,181.0,176.81851196289062,-4.181488037109375,4.181488037109375,2021-05-07 09:00:00,2021-05-07 09:00:00,0.0,0.0
D1,F5-2-nlinear-c96,0,11,2021-05-08,96,1.0,True,115.0,143.79832458496094,28.798324584960938,28.798324584960938,2021-05-08 02:00:00,2021-05-08 09:00:00,420.0,420.0
D1,F5-2-nlinear-c96,0,11,2021-05-09,96,1.0,True,184.0,166.843017578125,-17.156982421875,17.156982421875,2021-05-09 09:00:00,2021-05-09 14:00:00,300.0,300.0
D1,F5-2-nlinear-c96,0,12,2021-04-19,96,1.0,True,172.0,161.99949645996094,-10.000503540039062,10.000503540039062,2021-04-19 08:45:00,2021-04-19 14:15:00,330.0,330.0
D1,F5-2-nlinear-c96,0,12,2021-04-20,96,1.0,True,172.0,175.82965087890625,3.82965087890625,3.82965087890625,2021-04-20 08:45:00,2021-04-20 15:00:00,375.0,375.0
D1,F5-2-nlinear-c96,0,12,2021-04-21,96,1.0,True,174.0,177.03720092773438,3.037200927734375,3.037200927734375,2021-04-21 08:30:00,2021-04-21 13:30:00,300.0,300.0
D1,F5-2-nlinear-c96,0,12,2021-04-22,96,1.0,True,174.0,172.4370880126953,-1.5629119873046875,1.5629119873046875,2021-04-22 08:30:00,2021-04-22 13:30:00,300.0,300.0
D1,F5-2-nlinear-c96,0,12,2021-04-23,96,1.0,True,174.0,172.4370880126953,-1.5629119873046875,1.5629119873046875,2021-04-23 08:30:00,2021-04-23 13:30:00,300.0,300.0
D1,F5-2-nlinear-c96,0,12,2021-04-24,96,1.0,True,112.0,140.57269287109375,28.57269287109375,28.57269287109375,2021-04-24 06:15:00,2021-04-24 09:15:00,180.0,180.0
D1,F5-2-nlinear-c96,0,12,2021-04-25,96,1.0,True,25.0,33.50471878051758,8.504718780517578,8.504718780517578,2021-04-25 01:30:00,2021-04-25 03:45:00,135.0,135.0
D1,F5-2-nlinear-c96,0,12,2021-05-03,96,1.0,True,184.0,174.15647888183594,-9.843521118164062,9.843521118164062,2021-05-03 08:30:00,2021-05-03 16:45:00,495.0,495.0
D1,F5-2-nlinear-c96,0,12,2021-05-04,96,1.0,True,181.0,179.94528198242188,-1.054718017578125,1.054718017578125,2021-05-04 08:30:00,2021-05-04 13:30:00,300.0,300.0
D1,F5-2-nlinear-c96,0,12,2021-05-05,96,1.0,True,120.0,139.19044494628906,19.190444946289062,19.190444946289062,2021-05-05 04:15:00,2021-05-05 09:00:00,285.0,285.0
D1,F5-2-nlinear-c96,0,12,2021-05-06,96,1.0,True,199.0,173.30807495117188,-25.691925048828125,25.691925048828125,2021-05-06 09:00:00,2021-05-06 13:30:00,270.0,270.0
D1,F5-2-nlinear-c96,0,12,2021-05-07,96,1.0,True,181.0,174.60946655273438,-6.390533447265625,6.390533447265625,2021-05-07 09:00:00,2021-05-07 13:30:00,270.0,270.0
D1,F5-2-nlinear-c96,0,12,2021-05-08,96,1.0,True,115.0,141.24041748046875,26.24041748046875,26.24041748046875,2021-05-08 02:00:00,2021-05-08 09:15:00,435.0,435.0
D1,F5-2-nlinear-c96,0,12,2021-05-09,96,1.0,True,184.0,164.59622192382812,-19.403778076171875,19.403778076171875,2021-05-09 09:00:00,2021-05-09 13:30:00,270.0,270.0
D1,F5-2-nlinear-c96,0,13,2021-04-19,96,1.0,True,172.0,157.28439331054688,-14.715606689453125,14.715606689453125,2021-04-19 08:45:00,2021-04-19 14:00:00,315.0,315.0
D1,F5-2-nlinear-c96,0,13,2021-04-20,96,1.0,True,172.0,173.6544952392578,1.6544952392578125,1.6544952392578125,2021-04-20 08:45:00,2021-04-20 15:15:00,390.0,390.0
D1,F5-2-nlinear-c96,0,13,2021-04-21,96,1.0,True,174.0,174.04721069335938,0.047210693359375,0.047210693359375,2021-04-21 08:30:00,2021-04-21 13:45:00,315.0,315.0
D1,F5-2-nlinear-c96,0,13,2021-04-22,96,1.0,True,174.0,172.2306671142578,-1.7693328857421875,1.7693328857421875,2021-04-22 08:30:00,2021-04-22 13:45:00,315.0,315.0
D1,F5-2-nlinear-c96,0,13,2021-04-23,96,1.0,True,174.0,172.2306671142578,-1.7693328857421875,1.7693328857421875,2021-04-23 08:30:00,2021-04-23 13:45:00,315.0,315.0
D1,F5-2-nlinear-c96,0,13,2021-04-24,96,1.0,True,112.0,142.1967010498047,30.196701049804688,30.196701049804688,2021-04-24 06:15:00,2021-04-24 09:15:00,180.0,180.0
D1,F5-2-nlinear-c96,0,13,2021-04-25,96,1.0,True,25.0,37.85498046875,12.85498046875,12.85498046875,2021-04-25 01:30:00,2021-04-25 03:45:00,135.0,135.0
D1,F5-2-nlinear-c96,0,13,2021-05-03,96,1.0,True,184.0,168.69863891601562,-15.301361083984375,15.301361083984375,2021-05-03 08:30:00,2021-05-03 16:30:00,480.0,480.0
D1,F5-2-nlinear-c96,0,13,2021-05-04,96,1.0,True,181.0,178.06057739257812,-2.939422607421875,2.939422607421875,2021-05-04 08:30:00,2021-05-04 13:15:00,285.0,285.0
D1,F5-2-nlinear-c96,0,13,2021-05-05,96,1.0,True,120.0,143.14991760253906,23.149917602539062,23.149917602539062,2021-05-05 04:15:00,2021-05-05 09:15:00,300.0,300.0
D1,F5-2-nlinear-c96,0,13,2021-05-06,96,1.0,True,199.0,171.90447998046875,-27.09552001953125,27.09552001953125,2021-05-06 09:00:00,2021-05-06 13:15:00,255.0,255.0
D1,F5-2-nlinear-c96,0,13,2021-05-07,96,1.0,True,181.0,176.16610717773438,-4.833892822265625,4.833892822265625,2021-05-07 09:00:00,2021-05-07 09:30:00,30.0,30.0
D1,F5-2-nlinear-c96,0,13,2021-05-08,96,1.0,True,115.0,141.78895568847656,26.788955688476562,26.788955688476562,2021-05-08 02:00:00,2021-05-08 09:30:00,450.0,450.0
D1,F5-2-nlinear-c96,0,13,2021-05-09,96,1.0,True,184.0,160.89883422851562,-23.101165771484375,23.101165771484375,2021-05-09 09:00:00,2021-05-09 13:45:00,285.0,285.0
D1,F5-2-nlinear-c96,0,14,2021-04-19,96,1.0,True,172.0,160.3937225341797,-11.606277465820312,11.606277465820312,2021-04-19 08:45:00,2021-04-19 14:15:00,330.0,330.0
D1,F5-2-nlinear-c96,0,14,2021-04-20,96,1.0,True,172.0,180.0920867919922,8.092086791992188,8.092086791992188,2021-04-20 08:45:00,2021-04-20 15:30:00,405.0,405.0
D1,F5-2-nlinear-c96,0,14,2021-04-21,96,1.0,True,174.0,169.53302001953125,-4.46697998046875,4.46697998046875,2021-04-21 08:30:00,2021-04-21 14:00:00,330.0,330.0
D1,F5-2-nlinear-c96,0,14,2021-04-22,96,1.0,True,174.0,170.11402893066406,-3.8859710693359375,3.8859710693359375,2021-04-22 08:30:00,2021-04-22 14:00:00,330.0,330.0
D1,F5-2-nlinear-c96,0,14,2021-04-23,96,1.0,True,174.0,170.11402893066406,-3.8859710693359375,3.8859710693359375,2021-04-23 08:30:00,2021-04-23 14:00:00,330.0,330.0
D1,F5-2-nlinear-c96,0,14,2021-04-24,96,1.0,True,112.0,138.46636962890625,26.46636962890625,26.46636962890625,2021-04-24 06:15:00,2021-04-24 09:30:00,195.0,195.0
D1,F5-2-nlinear-c96,0,14,2021-04-25,96,1.0,True,25.0,40.55626678466797,15.556266784667969,15.556266784667969,2021-04-25 01:30:00,2021-04-25 01:30:00,0.0,0.0
D1,F5-2-nlinear-c96,0,14,2021-05-03,96,1.0,True,184.0,165.9985809326172,-18.001419067382812,18.001419067382812,2021-05-03 08:30:00,2021-05-03 15:30:00,420.0,420.0
D1,F5-2-nlinear-c96,0,14,2021-05-04,96,1.0,True,181.0,184.94073486328125,3.94073486328125,3.94073486328125,2021-05-04 08:30:00,2021-05-04 15:30:00,420.0,420.0
D1,F5-2-nlinear-c96,0,14,2021-05-05,96,1.0,True,120.0,143.2823028564453,23.282302856445312,23.282302856445312,2021-05-05 04:15:00,2021-05-05 09:30:00,315.0,315.0
D1,F5-2-nlinear-c96,0,14,2021-05-06,96,1.0,True,199.0,174.8048553466797,-24.195144653320312,24.195144653320312,2021-05-06 09:00:00,2021-05-06 13:30:00,270.0,270.0
D1,F5-2-nlinear-c96,0,14,2021-05-07,96,1.0,True,181.0,177.436767578125,-3.563232421875,3.563232421875,2021-05-07 09:00:00,2021-05-07 13:30:00,270.0,270.0
D1,F5-2-nlinear-c96,0,14,2021-05-08,96,1.0,True,115.0,135.49990844726562,20.499908447265625,20.499908447265625,2021-05-08 02:00:00,2021-05-08 08:45:00,405.0,405.0
D1,F5-2-nlinear-c96,0,14,2021-05-09,96,1.0,True,184.0,161.93829345703125,-22.06170654296875,22.06170654296875,2021-05-09 09:00:00,2021-05-09 14:00:00,300.0,300.0
D1,F5-2-nlinear-c96,0,15,2021-04-19,96,1.0,True,172.0,161.48880004882812,-10.511199951171875,10.511199951171875,2021-04-19 08:45:00,2021-04-19 15:45:00,420.0,420.0
D1,F5-2-nlinear-c96,0,15,2021-04-20,96,1.0,True,172.0,184.64889526367188,12.648895263671875,12.648895263671875,2021-04-20 08:45:00,2021-04-20 15:45:00,420.0,420.0
D1,F5-2-nlinear-c96,0,15,2021-04-21,96,1.0,True,174.0,170.83184814453125,-3.16815185546875,3.16815185546875,2021-04-21 08:30:00,2021-04-21 14:15:00,345.0,345.0
D1,F5-2-nlinear-c96,0,15,2021-04-22,96,1.0,True,174.0,171.9271240234375,-2.0728759765625,2.0728759765625,2021-04-22 08:30:00,2021-04-22 14:15:00,345.0,345.0
D1,F5-2-nlinear-c96,0,15,2021-04-23,96,1.0,True,174.0,171.9271240234375,-2.0728759765625,2.0728759765625,2021-04-23 08:30:00,2021-04-23 14:15:00,345.0,345.0
D1,F5-2-nlinear-c96,0,15,2021-04-24,96,1.0,True,112.0,131.98880004882812,19.988800048828125,19.988800048828125,2021-04-24 06:15:00,2021-04-24 09:45:00,210.0,210.0
D1,F5-2-nlinear-c96,0,15,2021-04-25,96,1.0,True,25.0,38.21742248535156,13.217422485351562,13.217422485351562,2021-04-25 01:30:00,2021-04-25 01:45:00,15.0,15.0
D1,F5-2-nlinear-c96,0,15,2021-05-03,96,1.0,True,184.0,171.17938232421875,-12.82061767578125,12.82061767578125,2021-05-03 08:30:00,2021-05-03 15:45:00,435.0,435.0
D1,F5-2-nlinear-c96,0,15,2021-05-04,96,1.0,True,181.0,185.9627685546875,4.9627685546875,4.9627685546875,2021-05-04 08:30:00,2021-05-04 15:45:00,435.0,435.0
D1,F5-2-nlinear-c96,0,15,2021-05-05,96,1.0,True,120.0,144.06503295898438,24.065032958984375,24.065032958984375,2021-05-05 04:15:00,2021-05-05 09:45:00,330.0,330.0
D1,F5-2-nlinear-c96,0,15,2021-05-06,96,1.0,True,199.0,176.349365234375,-22.650634765625,22.650634765625,2021-05-06 09:00:00,2021-05-06 13:45:00,285.0,285.0
D1,F5-2-nlinear-c96,0,15,2021-05-07,96,1.0,True,181.0,180.1138916015625,-0.8861083984375,0.8861083984375,2021-05-07 09:00:00,2021-05-07 15:45:00,405.0,405.0
D1,F5-2-nlinear-c96,0,15,2021-05-08,96,1.0,True,115.0,136.83181762695312,21.831817626953125,21.831817626953125,2021-05-08 02:00:00,2021-05-08 09:00:00,420.0,420.0
D1,F5-2-nlinear-c96,0,15,2021-05-09,96,1.0,True,184.0,162.4307861328125,-21.5692138671875,21.5692138671875,2021-05-09 09:00:00,2021-05-09 15:30:00,390.0,390.0
D1,F5-2-nlinear-c96,0,16,2021-04-19,96,1.0,True,172.0,160.57781982421875,-11.42218017578125,11.42218017578125,2021-04-19 08:45:00,2021-04-19 16:00:00,435.0,435.0
D1,F5-2-nlinear-c96,0,16,2021-04-20,96,1.0,True,172.0,183.51657104492188,11.516571044921875,11.516571044921875,2021-04-20 08:45:00,2021-04-20 16:00:00,435.0,435.0
D1,F5-2-nlinear-c96,0,16,2021-04-21,96,1.0,True,174.0,166.79568481445312,-7.204315185546875,7.204315185546875,2021-04-21 08:30:00,2021-04-21 14:30:00,360.0,360.0
D1,F5-2-nlinear-c96,0,16,2021-04-22,96,1.0,True,174.0,168.9527587890625,-5.0472412109375,5.0472412109375,2021-04-22 08:30:00,2021-04-22 14:30:00,360.0,360.0
D1,F5-2-nlinear-c96,0,16,2021-04-23,96,1.0,True,174.0,168.9527587890625,-5.0472412109375,5.0472412109375,2021-04-23 08:30:00,2021-04-23 14:30:00,360.0,360.0
D1,F5-2-nlinear-c96,0,16,2021-04-24,96,1.0,True,112.0,132.10360717773438,20.103607177734375,20.103607177734375,2021-04-24 06:15:00,2021-04-24 09:00:00,165.0,165.0
D1,F5-2-nlinear-c96,0,16,2021-04-25,96,1.0,True,25.0,36.75615692138672,11.756156921386719,11.756156921386719,2021-04-25 01:30:00,2021-04-25 02:00:00,30.0,30.0
D1,F5-2-nlinear-c96,0,16,2021-05-03,96,1.0,True,184.0,169.85403442382812,-14.145965576171875,14.145965576171875,2021-05-03 08:30:00,2021-05-03 16:00:00,450.0,450.0
D1,F5-2-nlinear-c96,0,16,2021-05-04,96,1.0,True,181.0,191.20989990234375,10.20989990234375,10.20989990234375,2021-05-04 08:30:00,2021-05-04 16:00:00,450.0,450.0
D1,F5-2-nlinear-c96,0,16,2021-05-05,96,1.0,True,120.0,148.51235961914062,28.512359619140625,28.512359619140625,2021-05-05 04:15:00,2021-05-05 00:00:00,-255.0,255.0
D1,F5-2-nlinear-c96,0,16,2021-05-06,96,1.0,True,199.0,179.64259338378906,-19.357406616210938,19.357406616210938,2021-05-06 09:00:00,2021-05-06 14:00:00,300.0,300.0
D1,F5-2-nlinear-c96,0,16,2021-05-07,96,1.0,True,181.0,183.10870361328125,2.10870361328125,2.10870361328125,2021-05-07 09:00:00,2021-05-07 16:00:00,420.0,420.0
D1,F5-2-nlinear-c96,0,16,2021-05-08,96,1.0,True,115.0,140.35043334960938,25.350433349609375,25.350433349609375,2021-05-08 02:00:00,2021-05-08 09:00:00,420.0,420.0
D1,F5-2-nlinear-c96,0,16,2021-05-09,96,1.0,True,184.0,162.82913208007812,-21.170867919921875,21.170867919921875,2021-05-09 09:00:00,2021-05-09 15:45:00,405.0,405.0
D1,F5-2-nlinear-c96,1,4,2021-05-31,96,1.0,True,172.0,171.52279663085938,-0.477203369140625,0.477203369140625,2021-05-31 10:30:00,2021-05-31 20:45:00,615.0,615.0
D1,F5-2-nlinear-c96,1,4,2021-06-01,96,1.0,True,195.0,184.97784423828125,-10.02215576171875,10.02215576171875,2021-06-01 09:00:00,2021-06-01 11:30:00,150.0,150.0
D1,F5-2-nlinear-c96,1,4,2021-06-02,96,1.0,True,191.0,189.23690795898438,-1.763092041015625,1.763092041015625,2021-06-02 10:45:00,2021-06-02 11:00:00,15.0,15.0
D1,F5-2-nlinear-c96,1,4,2021-06-03,96,1.0,True,181.0,179.7514190673828,-1.2485809326171875,1.2485809326171875,2021-06-03 08:30:00,2021-06-03 11:00:00,150.0,150.0
D1,F5-2-nlinear-c96,1,4,2021-06-04,96,1.0,True,173.0,176.21148681640625,3.21148681640625,3.21148681640625,2021-06-04 10:45:00,2021-06-04 11:00:00,15.0,15.0
D1,F5-2-nlinear-c96,1,4,2021-06-05,96,1.0,True,116.0,114.92423248291016,-1.0757675170898438,1.0757675170898438,2021-06-05 01:45:00,2021-06-05 04:30:00,165.0,165.0
D1,F5-2-nlinear-c96,1,4,2021-06-06,96,1.0,True,27.0,36.110069274902344,9.110069274902344,9.110069274902344,2021-06-06 01:30:00,2021-06-06 01:45:00,15.0,15.0
D1,F5-2-nlinear-c96,1,4,2021-06-14,96,1.0,True,204.0,186.1701202392578,-17.829879760742188,17.829879760742188,2021-06-14 09:00:00,2021-06-14 12:45:00,225.0,225.0
D1,F5-2-nlinear-c96,1,4,2021-06-15,96,1.0,True,198.0,190.73919677734375,-7.26080322265625,7.26080322265625,2021-06-15 08:45:00,2021-06-15 11:00:00,135.0,135.0
D1,F5-2-nlinear-c96,1,4,2021-06-16,96,1.0,True,193.0,193.70330810546875,0.70330810546875,0.70330810546875,2021-06-16 10:45:00,2021-06-16 11:00:00,15.0,15.0
D1,F5-2-nlinear-c96,1,4,2021-06-17,96,1.0,True,197.0,192.04788208007812,-4.952117919921875,4.952117919921875,2021-06-17 08:45:00,2021-06-17 09:45:00,60.0,60.0
D1,F5-2-nlinear-c96,1,4,2021-06-18,96,1.0,True,186.0,190.4833526611328,4.4833526611328125,4.4833526611328125,2021-06-18 10:00:00,2021-06-18 11:00:00,60.0,60.0
D1,F5-2-nlinear-c96,1,4,2021-06-19,96,1.0,True,119.0,117.71766662597656,-1.2823333740234375,1.2823333740234375,2021-06-19 02:15:00,2021-06-19 03:30:00,75.0,75.0
D1,F5-2-nlinear-c96,1,4,2021-06-20,96,1.0,True,28.0,38.12100601196289,10.12100601196289,10.12100601196289,2021-06-20 15:15:00,2021-06-20 01:30:00,-825.0,825.0
D1,F5-2-nlinear-c96,1,5,2021-05-31,96,1.0,True,172.0,168.5299072265625,-3.4700927734375,3.4700927734375,2021-05-31 10:30:00,2021-05-31 13:15:00,165.0,165.0
D1,F5-2-nlinear-c96,1,5,2021-06-01,96,1.0,True,195.0,187.2299346923828,-7.7700653076171875,7.7700653076171875,2021-06-01 09:00:00,2021-06-01 11:15:00,135.0,135.0
D1,F5-2-nlinear-c96,1,5,2021-06-02,96,1.0,True,191.0,188.55636596679688,-2.443634033203125,2.443634033203125,2021-06-02 10:45:00,2021-06-02 11:15:00,30.0,30.0
D1,F5-2-nlinear-c96,1,5,2021-06-03,96,1.0,True,181.0,179.6212158203125,-1.3787841796875,1.3787841796875,2021-06-03 08:30:00,2021-06-03 13:15:00,285.0,285.0
D1,F5-2-nlinear-c96,1,5,2021-06-04,96,1.0,True,173.0,174.36669921875,1.36669921875,1.36669921875,2021-06-04 10:45:00,2021-06-04 11:15:00,30.0,30.0
D1,F5-2-nlinear-c96,1,5,2021-06-05,96,1.0,True,116.0,119.4849853515625,3.4849853515625,3.4849853515625,2021-06-05 01:45:00,2021-06-05 07:45:00,360.0,360.0
D1,F5-2-nlinear-c96,1,5,2021-06-06,96,1.0,True,27.0,38.41179275512695,11.411792755126953,11.411792755126953,2021-06-06 01:30:00,2021-06-06 01:45:00,15.0,15.0
D1,F5-2-nlinear-c96,1,5,2021-06-14,96,1.0,True,204.0,182.6929931640625,-21.3070068359375,21.3070068359375,2021-06-14 09:00:00,2021-06-14 13:00:00,240.0,240.0
D1,F5-2-nlinear-c96,1,5,2021-06-15,96,1.0,True,198.0,195.17681884765625,-2.82318115234375,2.82318115234375,2021-06-15 08:45:00,2021-06-15 13:15:00,270.0,270.0
D1,F5-2-nlinear-c96,1,5,2021-06-16,96,1.0,True,193.0,192.13648986816406,-0.8635101318359375,0.8635101318359375,2021-06-16 10:45:00,2021-06-16 11:15:00,30.0,30.0
D1,F5-2-nlinear-c96,1,5,2021-06-17,96,1.0,True,197.0,194.1275634765625,-2.8724365234375,2.8724365234375,2021-06-17 08:45:00,2021-06-17 16:15:00,450.0,450.0
D1,F5-2-nlinear-c96,1,5,2021-06-18,96,1.0,True,186.0,191.76174926757812,5.761749267578125,5.761749267578125,2021-06-18 10:00:00,2021-06-18 11:15:00,75.0,75.0
D1,F5-2-nlinear-c96,1,5,2021-06-19,96,1.0,True,119.0,119.70938873291016,0.7093887329101562,0.7093887329101562,2021-06-19 02:15:00,2021-06-19 03:30:00,75.0,75.0
D1,F5-2-nlinear-c96,1,5,2021-06-20,96,1.0,True,28.0,37.861045837402344,9.861045837402344,9.861045837402344,2021-06-20 15:15:00,2021-06-20 01:45:00,-810.0,810.0
D1,F5-2-nlinear-c96,1,6,2021-05-31,96,1.0,True,172.0,169.00607299804688,-2.993927001953125,2.993927001953125,2021-05-31 10:30:00,2021-05-31 13:30:00,180.0,180.0
D1,F5-2-nlinear-c96,1,6,2021-06-01,96,1.0,True,195.0,186.52774047851562,-8.472259521484375,8.472259521484375,2021-06-01 09:00:00,2021-06-01 12:00:00,180.0,180.0
D1,F5-2-nlinear-c96,1,6,2021-06-02,96,1.0,True,191.0,195.78213500976562,4.782135009765625,4.782135009765625,2021-06-02 10:45:00,2021-06-02 13:30:00,165.0,165.0
D1,F5-2-nlinear-c96,1,6,2021-06-03,96,1.0,True,181.0,192.7793731689453,11.779373168945312,11.779373168945312,2021-06-03 08:30:00,2021-06-03 13:30:00,300.0,300.0
D1,F5-2-nlinear-c96,1,6,2021-06-04,96,1.0,True,173.0,168.80056762695312,-4.199432373046875,4.199432373046875,2021-06-04 10:45:00,2021-06-04 13:30:00,165.0,165.0
D1,F5-2-nlinear-c96,1,6,2021-06-05,96,1.0,True,116.0,117.73835754394531,1.7383575439453125,1.7383575439453125,2021-06-05 01:45:00,2021-06-05 08:00:00,375.0,375.0
D1,F5-2-nlinear-c96,1,6,2021-06-06,96,1.0,True,27.0,38.724517822265625,11.724517822265625,11.724517822265625,2021-06-06 01:30:00,2021-06-06 01:45:00,15.0,15.0
D1,F5-2-nlinear-c96,1,6,2021-06-14,96,1.0,True,204.0,184.912109375,-19.087890625,19.087890625,2021-06-14 09:00:00,2021-06-14 13:00:00,240.0,240.0
D1,F5-2-nlinear-c96,1,6,2021-06-15,96,1.0,True,198.0,205.7467041015625,7.7467041015625,7.7467041015625,2021-06-15 08:45:00,2021-06-15 13:30:00,285.0,285.0
D1,F5-2-nlinear-c96,1,6,2021-06-16,96,1.0,True,193.0,194.5859375,1.5859375,1.5859375,2021-06-16 10:45:00,2021-06-16 13:30:00,165.0,165.0
D1,F5-2-nlinear-c96,1,6,2021-06-17,96,1.0,True,197.0,195.8547821044922,-1.1452178955078125,1.1452178955078125,2021-06-17 08:45:00,2021-06-17 13:30:00,285.0,285.0
D1,F5-2-nlinear-c96,1,6,2021-06-18,96,1.0,True,186.0,198.50726318359375,12.50726318359375,12.50726318359375,2021-06-18 10:00:00,2021-06-18 13:30:00,210.0,210.0
D1,F5-2-nlinear-c96,1,6,2021-06-19,96,1.0,True,119.0,119.16493225097656,0.1649322509765625,0.1649322509765625,2021-06-19 02:15:00,2021-06-19 04:30:00,135.0,135.0
D1,F5-2-nlinear-c96,1,6,2021-06-20,96,1.0,True,28.0,38.09970474243164,10.09970474243164,10.09970474243164,2021-06-20 15:15:00,2021-06-20 02:15:00,-780.0,780.0
D1,F5-2-nlinear-c96,1,7,2021-05-31,96,1.0,True,172.0,166.7096405029297,-5.2903594970703125,5.2903594970703125,2021-05-31 10:30:00,2021-05-31 13:30:00,180.0,180.0
D1,F5-2-nlinear-c96,1,7,2021-06-01,96,1.0,True,195.0,185.46847534179688,-9.531524658203125,9.531524658203125,2021-06-01 09:00:00,2021-06-01 13:30:00,270.0,270.0
D1,F5-2-nlinear-c96,1,7,2021-06-02,96,1.0,True,191.0,191.39627075195312,0.396270751953125,0.396270751953125,2021-06-02 10:45:00,2021-06-02 13:45:00,180.0,180.0
D1,F5-2-nlinear-c96,1,7,2021-06-03,96,1.0,True,181.0,186.10939025878906,5.1093902587890625,5.1093902587890625,2021-06-03 08:30:00,2021-06-03 13:45:00,315.0,315.0
D1,F5-2-nlinear-c96,1,7,2021-06-04,96,1.0,True,173.0,172.30426025390625,-0.69573974609375,0.69573974609375,2021-06-04 10:45:00,2021-06-04 13:45:00,180.0,180.0
D1,F5-2-nlinear-c96,1,7,2021-06-05,96,1.0,True,116.0,123.41626739501953,7.416267395019531,7.416267395019531,2021-06-05 01:45:00,2021-06-05 08:30:00,405.0,405.0
D1,F5-2-nlinear-c96,1,7,2021-06-06,96,1.0,True,27.0,37.9854621887207,10.985462188720703,10.985462188720703,2021-06-06 01:30:00,2021-06-06 01:45:00,15.0,15.0
D1,F5-2-nlinear-c96,1,7,2021-06-14,96,1.0,True,204.0,184.09738159179688,-19.902618408203125,19.902618408203125,2021-06-14 09:00:00,2021-06-14 13:30:00,270.0,270.0
D1,F5-2-nlinear-c96,1,7,2021-06-15,96,1.0,True,198.0,203.344482421875,5.344482421875,5.344482421875,2021-06-15 08:45:00,2021-06-15 13:45:00,300.0,300.0
D1,F5-2-nlinear-c96,1,7,2021-06-16,96,1.0,True,193.0,190.815185546875,-2.184814453125,2.184814453125,2021-06-16 10:45:00,2021-06-16 13:45:00,180.0,180.0
D1,F5-2-nlinear-c96,1,7,2021-06-17,96,1.0,True,197.0,194.27740478515625,-2.72259521484375,2.72259521484375,2021-06-17 08:45:00,2021-06-17 13:45:00,300.0,300.0
D1,F5-2-nlinear-c96,1,7,2021-06-18,96,1.0,True,186.0,200.68043518066406,14.680435180664062,14.680435180664062,2021-06-18 10:00:00,2021-06-18 13:45:00,225.0,225.0
D1,F5-2-nlinear-c96,1,7,2021-06-19,96,1.0,True,119.0,123.49424743652344,4.4942474365234375,4.4942474365234375,2021-06-19 02:15:00,2021-06-19 04:30:00,135.0,135.0
D1,F5-2-nlinear-c96,1,7,2021-06-20,96,1.0,True,28.0,37.37525177001953,9.375251770019531,9.375251770019531,2021-06-20 15:15:00,2021-06-20 02:30:00,-765.0,765.0
D1,F5-2-nlinear-c96,1,8,2021-05-31,96,1.0,True,172.0,166.26536560058594,-5.7346343994140625,5.7346343994140625,2021-05-31 10:30:00,2021-05-31 13:30:00,180.0,180.0
D1,F5-2-nlinear-c96,1,8,2021-06-01,96,1.0,True,195.0,183.64797973632812,-11.352020263671875,11.352020263671875,2021-06-01 09:00:00,2021-06-01 13:30:00,270.0,270.0
D1,F5-2-nlinear-c96,1,8,2021-06-02,96,1.0,True,191.0,187.86611938476562,-3.133880615234375,3.133880615234375,2021-06-02 10:45:00,2021-06-02 14:00:00,195.0,195.0
D1,F5-2-nlinear-c96,1,8,2021-06-03,96,1.0,True,181.0,183.16644287109375,2.16644287109375,2.16644287109375,2021-06-03 08:30:00,2021-06-03 14:00:00,330.0,330.0
D1,F5-2-nlinear-c96,1,8,2021-06-04,96,1.0,True,173.0,162.09786987304688,-10.902130126953125,10.902130126953125,2021-06-04 10:45:00,2021-06-04 14:00:00,195.0,195.0
D1,F5-2-nlinear-c96,1,8,2021-06-05,96,1.0,True,116.0,130.5458526611328,14.545852661132812,14.545852661132812,2021-06-05 01:45:00,2021-06-05 08:30:00,405.0,405.0
D1,F5-2-nlinear-c96,1,8,2021-06-06,96,1.0,True,27.0,40.284332275390625,13.284332275390625,13.284332275390625,2021-06-06 01:30:00,2021-06-06 01:45:00,15.0,15.0
D1,F5-2-nlinear-c96,1,8,2021-06-14,96,1.0,True,204.0,185.53543090820312,-18.464569091796875,18.464569091796875,2021-06-14 09:00:00,2021-06-14 13:30:00,270.0,270.0
D1,F5-2-nlinear-c96,1,8,2021-06-15,96,1.0,True,198.0,195.2184295654297,-2.7815704345703125,2.7815704345703125,2021-06-15 08:45:00,2021-06-15 14:00:00,315.0,315.0
D1,F5-2-nlinear-c96,1,8,2021-06-16,96,1.0,True,193.0,185.16244506835938,-7.837554931640625,7.837554931640625,2021-06-16 10:45:00,2021-06-16 13:30:00,165.0,165.0
D1,F5-2-nlinear-c96,1,8,2021-06-17,96,1.0,True,197.0,193.4185333251953,-3.5814666748046875,3.5814666748046875,2021-06-17 08:45:00,2021-06-17 11:15:00,150.0,150.0
D1,F5-2-nlinear-c96,1,8,2021-06-18,96,1.0,True,186.0,198.10592651367188,12.105926513671875,12.105926513671875,2021-06-18 10:00:00,2021-06-18 14:00:00,240.0,240.0
D1,F5-2-nlinear-c96,1,8,2021-06-19,96,1.0,True,119.0,123.57945251464844,4.5794525146484375,4.5794525146484375,2021-06-19 02:15:00,2021-06-19 08:00:00,345.0,345.0
D1,F5-2-nlinear-c96,1,8,2021-06-20,96,1.0,True,28.0,36.741336822509766,8.741336822509766,8.741336822509766,2021-06-20 15:15:00,2021-06-20 02:30:00,-765.0,765.0
D1,F5-2-nlinear-c96,1,9,2021-05-31,96,1.0,True,172.0,164.87826538085938,-7.121734619140625,7.121734619140625,2021-05-31 10:30:00,2021-05-31 13:30:00,180.0,180.0
D1,F5-2-nlinear-c96,1,9,2021-06-01,96,1.0,True,195.0,183.5255126953125,-11.4744873046875,11.4744873046875,2021-06-01 09:00:00,2021-06-01 11:15:00,135.0,135.0
D1,F5-2-nlinear-c96,1,9,2021-06-02,96,1.0,True,191.0,186.6107177734375,-4.3892822265625,4.3892822265625,2021-06-02 10:45:00,2021-06-02 14:15:00,210.0,210.0
D1,F5-2-nlinear-c96,1,9,2021-06-03,96,1.0,True,181.0,183.02774047851562,2.027740478515625,2.027740478515625,2021-06-03 08:30:00,2021-06-03 13:30:00,300.0,300.0
D1,F5-2-nlinear-c96,1,9,2021-06-04,96,1.0,True,173.0,161.59913635253906,-11.400863647460938,11.400863647460938,2021-06-04 10:45:00,2021-06-04 14:15:00,210.0,210.0
D1,F5-2-nlinear-c96,1,9,2021-06-05,96,1.0,True,116.0,137.385009765625,21.385009765625,21.385009765625,2021-06-05 01:45:00,2021-06-05 08:45:00,420.0,420.0
D1,F5-2-nlinear-c96,1,9,2021-06-06,96,1.0,True,27.0,39.8790397644043,12.879039764404297,12.879039764404297,2021-06-06 01:30:00,2021-06-06 02:00:00,30.0,30.0
D1,F5-2-nlinear-c96,1,9,2021-06-14,96,1.0,True,204.0,186.3563995361328,-17.643600463867188,17.643600463867188,2021-06-14 09:00:00,2021-06-14 13:45:00,285.0,285.0
D1,F5-2-nlinear-c96,1,9,2021-06-15,96,1.0,True,198.0,200.3253173828125,2.3253173828125,2.3253173828125,2021-06-15 08:45:00,2021-06-15 14:15:00,330.0,330.0
D1,F5-2-nlinear-c96,1,9,2021-06-16,96,1.0,True,193.0,191.27197265625,-1.72802734375,1.72802734375,2021-06-16 10:45:00,2021-06-16 13:30:00,165.0,165.0
D1,F5-2-nlinear-c96,1,9,2021-06-17,96,1.0,True,197.0,194.0367431640625,-2.9632568359375,2.9632568359375,2021-06-17 08:45:00,2021-06-17 11:00:00,135.0,135.0
D1,F5-2-nlinear-c96,1,9,2021-06-18,96,1.0,True,186.0,191.7742156982422,5.7742156982421875,5.7742156982421875,2021-06-18 10:00:00,2021-06-18 14:15:00,255.0,255.0
D1,F5-2-nlinear-c96,1,9,2021-06-19,96,1.0,True,119.0,128.9356689453125,9.9356689453125,9.9356689453125,2021-06-19 02:15:00,2021-06-19 09:00:00,405.0,405.0
D1,F5-2-nlinear-c96,1,9,2021-06-20,96,1.0,True,28.0,37.51537322998047,9.515373229980469,9.515373229980469,2021-06-20 15:15:00,2021-06-20 02:30:00,-765.0,765.0
D1,F5-2-nlinear-c96,1,10,2021-05-31,96,1.0,True,172.0,163.96969604492188,-8.030303955078125,8.030303955078125,2021-05-31 10:30:00,2021-05-31 13:45:00,195.0,195.0
D1,F5-2-nlinear-c96,1,10,2021-06-01,96,1.0,True,195.0,186.7003631591797,-8.299636840820312,8.299636840820312,2021-06-01 09:00:00,2021-06-01 13:30:00,270.0,270.0
D1,F5-2-nlinear-c96,1,10,2021-06-02,96,1.0,True,191.0,183.93426513671875,-7.06573486328125,7.06573486328125,2021-06-02 10:45:00,2021-06-02 14:30:00,225.0,225.0
D1,F5-2-nlinear-c96,1,10,2021-06-03,96,1.0,True,181.0,180.6973114013672,-0.3026885986328125,0.3026885986328125,2021-06-03 08:30:00,2021-06-03 14:30:00,360.0,360.0
D1,F5-2-nlinear-c96,1,10,2021-06-04,96,1.0,True,173.0,163.0414581298828,-9.958541870117188,9.958541870117188,2021-06-04 10:45:00,2021-06-04 14:30:00,225.0,225.0
D1,F5-2-nlinear-c96,1,10,2021-06-05,96,1.0,True,116.0,138.5154266357422,22.515426635742188,22.515426635742188,2021-06-05 01:45:00,2021-06-05 09:00:00,435.0,435.0
D1,F5-2-nlinear-c96,1,10,2021-06-06,96,1.0,True,27.0,34.83351135253906,7.8335113525390625,7.8335113525390625,2021-06-06 01:30:00,2021-06-06 02:45:00,75.0,75.0
D1,F5-2-nlinear-c96,1,10,2021-06-14,96,1.0,True,204.0,183.83558654785156,-20.164413452148438,20.164413452148438,2021-06-14 09:00:00,2021-06-14 16:30:00,450.0,450.0
D1,F5-2-nlinear-c96,1,10,2021-06-15,96,1.0,True,198.0,190.78460693359375,-7.21539306640625,7.21539306640625,2021-06-15 08:45:00,2021-06-15 14:30:00,345.0,345.0
D1,F5-2-nlinear-c96,1,10,2021-06-16,96,1.0,True,193.0,197.32347106933594,4.3234710693359375,4.3234710693359375,2021-06-16 10:45:00,2021-06-16 13:30:00,165.0,165.0
D1,F5-2-nlinear-c96,1,10,2021-06-17,96,1.0,True,197.0,196.2092742919922,-0.7907257080078125,0.7907257080078125,2021-06-17 08:45:00,2021-06-17 11:15:00,150.0,150.0
D1,F5-2-nlinear-c96,1,10,2021-06-18,96,1.0,True,186.0,189.61273193359375,3.61273193359375,3.61273193359375,2021-06-18 10:00:00,2021-06-18 14:30:00,270.0,270.0
D1,F5-2-nlinear-c96,1,10,2021-06-19,96,1.0,True,119.0,127.81802368164062,8.818023681640625,8.818023681640625,2021-06-19 02:15:00,2021-06-19 09:15:00,420.0,420.0
D1,F5-2-nlinear-c96,1,10,2021-06-20,96,1.0,True,28.0,36.429527282714844,8.429527282714844,8.429527282714844,2021-06-20 15:15:00,2021-06-20 02:45:00,-750.0,750.0
D1,F5-2-nlinear-c96,1,11,2021-05-31,96,1.0,True,172.0,165.09817504882812,-6.901824951171875,6.901824951171875,2021-05-31 10:30:00,2021-05-31 13:30:00,180.0,180.0
D1,F5-2-nlinear-c96,1,11,2021-06-01,96,1.0,True,195.0,189.60781860351562,-5.392181396484375,5.392181396484375,2021-06-01 09:00:00,2021-06-01 13:30:00,270.0,270.0
D1,F5-2-nlinear-c96,1,11,2021-06-02,96,1.0,True,191.0,187.55841064453125,-3.44158935546875,3.44158935546875,2021-06-02 10:45:00,2021-06-02 13:30:00,165.0,165.0
D1,F5-2-nlinear-c96,1,11,2021-06-03,96,1.0,True,181.0,178.23324584960938,-2.766754150390625,2.766754150390625,2021-06-03 08:30:00,2021-06-03 14:45:00,375.0,375.0
D1,F5-2-nlinear-c96,1,11,2021-06-04,96,1.0,True,173.0,166.43280029296875,-6.56719970703125,6.56719970703125,2021-06-04 10:45:00,2021-06-04 13:30:00,165.0,165.0
D1,F5-2-nlinear-c96,1,11,2021-06-05,96,1.0,True,116.0,134.4825439453125,18.4825439453125,18.4825439453125,2021-06-05 01:45:00,2021-06-05 09:15:00,450.0,450.0
D1,F5-2-nlinear-c96,1,11,2021-06-06,96,1.0,True,27.0,33.74723434448242,6.747234344482422,6.747234344482422,2021-06-06 01:30:00,2021-06-06 03:00:00,90.0,90.0
D1,F5-2-nlinear-c96,1,11,2021-06-14,96,1.0,True,204.0,184.323974609375,-19.676025390625,19.676025390625,2021-06-14 09:00:00,2021-06-14 16:30:00,450.0,450.0
D1,F5-2-nlinear-c96,1,11,2021-06-15,96,1.0,True,198.0,194.76577758789062,-3.234222412109375,3.234222412109375,2021-06-15 08:45:00,2021-06-15 13:30:00,285.0,285.0
D1,F5-2-nlinear-c96,1,11,2021-06-16,96,1.0,True,193.0,204.74899291992188,11.748992919921875,11.748992919921875,2021-06-16 10:45:00,2021-06-16 13:30:00,165.0,165.0
D1,F5-2-nlinear-c96,1,11,2021-06-17,96,1.0,True,197.0,193.45950317382812,-3.540496826171875,3.540496826171875,2021-06-17 08:45:00,2021-06-17 11:15:00,150.0,150.0
D1,F5-2-nlinear-c96,1,11,2021-06-18,96,1.0,True,186.0,191.2030029296875,5.2030029296875,5.2030029296875,2021-06-18 10:00:00,2021-06-18 14:45:00,285.0,285.0
D1,F5-2-nlinear-c96,1,11,2021-06-19,96,1.0,True,119.0,132.50930786132812,13.509307861328125,13.509307861328125,2021-06-19 02:15:00,2021-06-19 09:00:00,405.0,405.0
D1,F5-2-nlinear-c96,1,11,2021-06-20,96,1.0,True,28.0,34.68855285644531,6.6885528564453125,6.6885528564453125,2021-06-20 15:15:00,2021-06-20 03:00:00,-735.0,735.0
D1,F5-2-nlinear-c96,1,12,2021-05-31,96,1.0,True,172.0,163.35589599609375,-8.64410400390625,8.64410400390625,2021-05-31 10:30:00,2021-05-31 13:30:00,180.0,180.0
D1,F5-2-nlinear-c96,1,12,2021-06-01,96,1.0,True,195.0,190.54119873046875,-4.45880126953125,4.45880126953125,2021-06-01 09:00:00,2021-06-01 13:30:00,270.0,270.0
D1,F5-2-nlinear-c96,1,12,2021-06-02,96,1.0,True,191.0,184.22564697265625,-6.77435302734375,6.77435302734375,2021-06-02 10:45:00,2021-06-02 13:30:00,165.0,165.0
D1,F5-2-nlinear-c96,1,12,2021-06-03,96,1.0,True,181.0,176.72857666015625,-4.27142333984375,4.27142333984375,2021-06-03 08:30:00,2021-06-03 14:15:00,345.0,345.0
D1,F5-2-nlinear-c96,1,12,2021-06-04,96,1.0,True,173.0,165.5798797607422,-7.4201202392578125,7.4201202392578125,2021-06-04 10:45:00,2021-06-04 13:45:00,180.0,180.0
D1,F5-2-nlinear-c96,1,12,2021-06-05,96,1.0,True,116.0,134.67575073242188,18.675750732421875,18.675750732421875,2021-06-05 01:45:00,2021-06-05 09:30:00,465.0,465.0
D1,F5-2-nlinear-c96,1,12,2021-06-06,96,1.0,True,27.0,35.14234161376953,8.142341613769531,8.142341613769531,2021-06-06 01:30:00,2021-06-06 02:45:00,75.0,75.0
D1,F5-2-nlinear-c96,1,12,2021-06-14,96,1.0,True,204.0,179.18191528320312,-24.818084716796875,24.818084716796875,2021-06-14 09:00:00,2021-06-14 13:45:00,285.0,285.0
D1,F5-2-nlinear-c96,1,12,2021-06-15,96,1.0,True,198.0,193.11029052734375,-4.88970947265625,4.88970947265625,2021-06-15 08:45:00,2021-06-15 13:30:00,285.0,285.0
D1,F5-2-nlinear-c96,1,12,2021-06-16,96,1.0,True,193.0,196.60301208496094,3.6030120849609375,3.6030120849609375,2021-06-16 10:45:00,2021-06-16 13:30:00,165.0,165.0
D1,F5-2-nlinear-c96,1,12,2021-06-17,96,1.0,True,197.0,189.7073211669922,-7.2926788330078125,7.2926788330078125,2021-06-17 08:45:00,2021-06-17 11:45:00,180.0,180.0
D1,F5-2-nlinear-c96,1,12,2021-06-18,96,1.0,True,186.0,195.0008544921875,9.0008544921875,9.0008544921875,2021-06-18 10:00:00,2021-06-18 15:00:00,300.0,300.0
D1,F5-2-nlinear-c96,1,12,2021-06-19,96,1.0,True,119.0,132.61001586914062,13.610015869140625,13.610015869140625,2021-06-19 02:15:00,2021-06-19 09:15:00,420.0,420.0
D1,F5-2-nlinear-c96,1,12,2021-06-20,96,1.0,True,28.0,34.844608306884766,6.844608306884766,6.844608306884766,2021-06-20 15:15:00,2021-06-20 02:45:00,-750.0,750.0
D1,F5-2-nlinear-c96,1,13,2021-05-31,96,1.0,True,172.0,160.90975952148438,-11.090240478515625,11.090240478515625,2021-05-31 10:30:00,2021-05-31 14:00:00,210.0,210.0
D1,F5-2-nlinear-c96,1,13,2021-06-01,96,1.0,True,195.0,185.25228881835938,-9.747711181640625,9.747711181640625,2021-06-01 09:00:00,2021-06-01 13:45:00,285.0,285.0
D1,F5-2-nlinear-c96,1,13,2021-06-02,96,1.0,True,191.0,182.4381103515625,-8.5618896484375,8.5618896484375,2021-06-02 10:45:00,2021-06-02 14:00:00,195.0,195.0
D1,F5-2-nlinear-c96,1,13,2021-06-03,96,1.0,True,181.0,175.74057006835938,-5.259429931640625,5.259429931640625,2021-06-03 08:30:00,2021-06-03 14:30:00,360.0,360.0
D1,F5-2-nlinear-c96,1,13,2021-06-04,96,1.0,True,173.0,163.95651245117188,-9.043487548828125,9.043487548828125,2021-06-04 10:45:00,2021-06-04 14:00:00,195.0,195.0
D1,F5-2-nlinear-c96,1,13,2021-06-05,96,1.0,True,116.0,134.77520751953125,18.77520751953125,18.77520751953125,2021-06-05 01:45:00,2021-06-05 09:00:00,435.0,435.0
D1,F5-2-nlinear-c96,1,13,2021-06-06,96,1.0,True,27.0,38.376258850097656,11.376258850097656,11.376258850097656,2021-06-06 01:30:00,2021-06-06 03:45:00,135.0,135.0
D1,F5-2-nlinear-c96,1,13,2021-06-14,96,1.0,True,204.0,175.67745971679688,-28.322540283203125,28.322540283203125,2021-06-14 09:00:00,2021-06-14 14:00:00,300.0,300.0
D1,F5-2-nlinear-c96,1,13,2021-06-15,96,1.0,True,198.0,193.58160400390625,-4.41839599609375,4.41839599609375,2021-06-15 08:45:00,2021-06-15 13:45:00,300.0,300.0
D1,F5-2-nlinear-c96,1,13,2021-06-16,96,1.0,True,193.0,192.03367614746094,-0.9663238525390625,0.9663238525390625,2021-06-16 10:45:00,2021-06-16 14:00:00,195.0,195.0
D1,F5-2-nlinear-c96,1,13,2021-06-17,96,1.0,True,197.0,184.84657287597656,-12.153427124023438,12.153427124023438,2021-06-17 08:45:00,2021-06-17 11:45:00,180.0,180.0
D1,F5-2-nlinear-c96,1,13,2021-06-18,96,1.0,True,186.0,188.1427001953125,2.1427001953125,2.1427001953125,2021-06-18 10:00:00,2021-06-18 15:00:00,300.0,300.0
D1,F5-2-nlinear-c96,1,13,2021-06-19,96,1.0,True,119.0,136.68045043945312,17.680450439453125,17.680450439453125,2021-06-19 02:15:00,2021-06-19 09:15:00,420.0,420.0
D1,F5-2-nlinear-c96,1,13,2021-06-20,96,1.0,True,28.0,35.95729446411133,7.957294464111328,7.957294464111328,2021-06-20 15:15:00,2021-06-20 03:00:00,-735.0,735.0
D1,F5-2-nlinear-c96,1,14,2021-05-31,96,1.0,True,172.0,162.03060913085938,-9.969390869140625,9.969390869140625,2021-05-31 10:30:00,2021-05-31 14:15:00,225.0,225.0
D1,F5-2-nlinear-c96,1,14,2021-06-01,96,1.0,True,195.0,187.87210083007812,-7.127899169921875,7.127899169921875,2021-06-01 09:00:00,2021-06-01 13:30:00,270.0,270.0
D1,F5-2-nlinear-c96,1,14,2021-06-02,96,1.0,True,191.0,186.50241088867188,-4.497589111328125,4.497589111328125,2021-06-02 10:45:00,2021-06-02 15:30:00,285.0,285.0
D1,F5-2-nlinear-c96,1,14,2021-06-03,96,1.0,True,181.0,184.4699249267578,3.4699249267578125,3.4699249267578125,2021-06-03 08:30:00,2021-06-03 13:30:00,300.0,300.0
D1,F5-2-nlinear-c96,1,14,2021-06-04,96,1.0,True,173.0,167.22520446777344,-5.7747955322265625,5.7747955322265625,2021-06-04 10:45:00,2021-06-04 13:30:00,165.0,165.0
D1,F5-2-nlinear-c96,1,14,2021-06-05,96,1.0,True,116.0,135.28334045410156,19.283340454101562,19.283340454101562,2021-06-05 01:45:00,2021-06-05 08:45:00,420.0,420.0
D1,F5-2-nlinear-c96,1,14,2021-06-06,96,1.0,True,27.0,38.93844223022461,11.93844223022461,11.93844223022461,2021-06-06 01:30:00,2021-06-06 01:30:00,0.0,0.0
D1,F5-2-nlinear-c96,1,14,2021-06-14,96,1.0,True,204.0,172.35098266601562,-31.649017333984375,31.649017333984375,2021-06-14 09:00:00,2021-06-14 14:00:00,300.0,300.0
D1,F5-2-nlinear-c96,1,14,2021-06-15,96,1.0,True,198.0,197.3057098388672,-0.6942901611328125,0.6942901611328125,2021-06-15 08:45:00,2021-06-15 13:30:00,285.0,285.0
D1,F5-2-nlinear-c96,1,14,2021-06-16,96,1.0,True,193.0,201.58218383789062,8.582183837890625,8.582183837890625,2021-06-16 10:45:00,2021-06-16 13:30:00,165.0,165.0
D1,F5-2-nlinear-c96,1,14,2021-06-17,96,1.0,True,197.0,186.02066040039062,-10.979339599609375,10.979339599609375,2021-06-17 08:45:00,2021-06-17 13:30:00,285.0,285.0
D1,F5-2-nlinear-c96,1,14,2021-06-18,96,1.0,True,186.0,194.10220336914062,8.102203369140625,8.102203369140625,2021-06-18 10:00:00,2021-06-18 13:30:00,210.0,210.0
D1,F5-2-nlinear-c96,1,14,2021-06-19,96,1.0,True,119.0,136.65765380859375,17.65765380859375,17.65765380859375,2021-06-19 02:15:00,2021-06-19 09:30:00,435.0,435.0
D1,F5-2-nlinear-c96,1,14,2021-06-20,96,1.0,True,28.0,38.09206008911133,10.092060089111328,10.092060089111328,2021-06-20 15:15:00,2021-06-20 01:30:00,-825.0,825.0
D1,F5-2-nlinear-c96,1,15,2021-05-31,96,1.0,True,172.0,158.9510498046875,-13.0489501953125,13.0489501953125,2021-05-31 10:30:00,2021-05-31 14:30:00,240.0,240.0
D1,F5-2-nlinear-c96,1,15,2021-06-01,96,1.0,True,195.0,187.19876098632812,-7.801239013671875,7.801239013671875,2021-06-01 09:00:00,2021-06-01 13:45:00,285.0,285.0
D1,F5-2-nlinear-c96,1,15,2021-06-02,96,1.0,True,191.0,188.4087677001953,-2.5912322998046875,2.5912322998046875,2021-06-02 10:45:00,2021-06-02 15:45:00,300.0,300.0
D1,F5-2-nlinear-c96,1,15,2021-06-03,96,1.0,True,181.0,180.42596435546875,-0.57403564453125,0.57403564453125,2021-06-03 08:30:00,2021-06-03 13:45:00,315.0,315.0
D1,F5-2-nlinear-c96,1,15,2021-06-04,96,1.0,True,173.0,171.51930236816406,-1.4806976318359375,1.4806976318359375,2021-06-04 10:45:00,2021-06-04 13:45:00,180.0,180.0
D1,F5-2-nlinear-c96,1,15,2021-06-05,96,1.0,True,116.0,141.28627014160156,25.286270141601562,25.286270141601562,2021-06-05 01:45:00,2021-06-05 09:00:00,435.0,435.0
D1,F5-2-nlinear-c96,1,15,2021-06-06,96,1.0,True,27.0,44.24921417236328,17.24921417236328,17.24921417236328,2021-06-06 01:30:00,2021-06-06 01:45:00,15.0,15.0
D1,F5-2-nlinear-c96,1,15,2021-06-14,96,1.0,True,204.0,169.51571655273438,-34.484283447265625,34.484283447265625,2021-06-14 09:00:00,2021-06-14 13:45:00,285.0,285.0
D1,F5-2-nlinear-c96,1,15,2021-06-15,96,1.0,True,198.0,199.3502197265625,1.3502197265625,1.3502197265625,2021-06-15 08:45:00,2021-06-15 13:45:00,300.0,300.0
D1,F5-2-nlinear-c96,1,15,2021-06-16,96,1.0,True,193.0,199.24742126464844,6.2474212646484375,6.2474212646484375,2021-06-16 10:45:00,2021-06-16 13:45:00,180.0,180.0
D1,F5-2-nlinear-c96,1,15,2021-06-17,96,1.0,True,197.0,188.54226684570312,-8.457733154296875,8.457733154296875,2021-06-17 08:45:00,2021-06-17 13:45:00,300.0,300.0
D1,F5-2-nlinear-c96,1,15,2021-06-18,96,1.0,True,186.0,195.48501586914062,9.485015869140625,9.485015869140625,2021-06-18 10:00:00,2021-06-18 13:45:00,225.0,225.0
D1,F5-2-nlinear-c96,1,15,2021-06-19,96,1.0,True,119.0,137.6177978515625,18.6177978515625,18.6177978515625,2021-06-19 02:15:00,2021-06-19 09:45:00,450.0,450.0
D1,F5-2-nlinear-c96,1,15,2021-06-20,96,1.0,True,28.0,39.31025314331055,11.310253143310547,11.310253143310547,2021-06-20 15:15:00,2021-06-20 04:30:00,-645.0,645.0
D1,F5-2-nlinear-c96,1,16,2021-05-31,96,1.0,True,172.0,160.16085815429688,-11.839141845703125,11.839141845703125,2021-05-31 10:30:00,2021-05-31 16:00:00,330.0,330.0
D1,F5-2-nlinear-c96,1,16,2021-06-01,96,1.0,True,195.0,188.32012939453125,-6.67987060546875,6.67987060546875,2021-06-01 09:00:00,2021-06-01 14:00:00,300.0,300.0
D1,F5-2-nlinear-c96,1,16,2021-06-02,96,1.0,True,191.0,191.89398193359375,0.89398193359375,0.89398193359375,2021-06-02 10:45:00,2021-06-02 16:00:00,315.0,315.0
D1,F5-2-nlinear-c96,1,16,2021-06-03,96,1.0,True,181.0,179.8309326171875,-1.1690673828125,1.1690673828125,2021-06-03 08:30:00,2021-06-03 14:00:00,330.0,330.0
D1,F5-2-nlinear-c96,1,16,2021-06-04,96,1.0,True,173.0,169.81344604492188,-3.186553955078125,3.186553955078125,2021-06-04 10:45:00,2021-06-04 16:00:00,315.0,315.0
D1,F5-2-nlinear-c96,1,16,2021-06-05,96,1.0,True,116.0,143.04673767089844,27.046737670898438,27.046737670898438,2021-06-05 01:45:00,2021-06-05 09:00:00,435.0,435.0
D1,F5-2-nlinear-c96,1,16,2021-06-06,96,1.0,True,27.0,42.01692581176758,15.016925811767578,15.016925811767578,2021-06-06 01:30:00,2021-06-06 02:00:00,30.0,30.0
D1,F5-2-nlinear-c96,1,16,2021-06-14,96,1.0,True,204.0,172.5655517578125,-31.4344482421875,31.4344482421875,2021-06-14 09:00:00,2021-06-14 14:00:00,300.0,300.0
D1,F5-2-nlinear-c96,1,16,2021-06-15,96,1.0,True,198.0,200.01348876953125,2.01348876953125,2.01348876953125,2021-06-15 08:45:00,2021-06-15 16:00:00,435.0,435.0
D1,F5-2-nlinear-c96,1,16,2021-06-16,96,1.0,True,193.0,195.10049438476562,2.100494384765625,2.100494384765625,2021-06-16 10:45:00,2021-06-16 14:00:00,195.0,195.0
D1,F5-2-nlinear-c96,1,16,2021-06-17,96,1.0,True,197.0,186.71279907226562,-10.287200927734375,10.287200927734375,2021-06-17 08:45:00,2021-06-17 14:00:00,315.0,315.0
D1,F5-2-nlinear-c96,1,16,2021-06-18,96,1.0,True,186.0,196.30123901367188,10.301239013671875,10.301239013671875,2021-06-18 10:00:00,2021-06-18 14:00:00,240.0,240.0
D1,F5-2-nlinear-c96,1,16,2021-06-19,96,1.0,True,119.0,140.51304626464844,21.513046264648438,21.513046264648438,2021-06-19 02:15:00,2021-06-19 09:00:00,405.0,405.0
D1,F5-2-nlinear-c96,1,16,2021-06-20,96,1.0,True,28.0,37.659217834472656,9.659217834472656,9.659217834472656,2021-06-20 15:15:00,2021-06-20 04:45:00,-630.0,630.0
D1,F5-2-nlinear-c96,2,4,2021-07-12,96,1.0,True,198.0,189.11724853515625,-8.88275146484375,8.88275146484375,2021-07-12 08:45:00,2021-07-12 12:45:00,240.0,240.0
D1,F5-2-nlinear-c96,2,4,2021-07-13,1,0.010416666666666666,False,79.0,95.71867370605469,16.718673706054688,16.718673706054688,2021-07-13 00:00:00,2021-07-13 00:00:00,0.0,0.0
D1,F5-2-nlinear-c96,2,4,2021-07-17,80,0.8333333333333334,False,108.0,108.92728424072266,0.9272842407226562,0.9272842407226562,2021-07-17 06:00:00,2021-07-17 04:15:00,-105.0,105.0
D1,F5-2-nlinear-c96,2,4,2021-07-18,84,0.875,False,28.0,33.86757278442383,5.867572784423828,5.867572784423828,2021-07-18 04:30:00,2021-07-18 06:00:00,90.0,90.0
D1,F5-2-nlinear-c96,2,4,2021-07-26,84,0.875,False,217.0,196.57882690429688,-20.421173095703125,20.421173095703125,2021-07-26 08:30:00,2021-07-26 12:00:00,210.0,210.0
D1,F5-2-nlinear-c96,2,4,2021-07-27,84,0.875,False,211.0,204.11734008789062,-6.882659912109375,6.882659912109375,2021-07-27 11:45:00,2021-07-27 11:30:00,-15.0,15.0
D1,F5-2-nlinear-c96,2,4,2021-07-28,84,0.875,False,212.0,210.3486328125,-1.6513671875,1.6513671875,2021-07-28 12:00:00,2021-07-28 11:00:00,-60.0,60.0
D1,F5-2-nlinear-c96,2,4,2021-07-29,84,0.875,False,211.0,208.6681671142578,-2.3318328857421875,2.3318328857421875,2021-07-29 12:00:00,2021-07-29 16:00:00,240.0,240.0
D1,F5-2-nlinear-c96,2,4,2021-07-30,85,0.8854166666666666,False,212.0,205.2796630859375,-6.7203369140625,6.7203369140625,2021-07-30 12:00:00,2021-07-30 11:00:00,-60.0,60.0
D1,F5-2-nlinear-c96,2,4,2021-07-31,96,1.0,True,80.0,99.76360321044922,19.76360321044922,19.76360321044922,2021-07-31 00:00:00,2021-07-31 00:00:00,0.0,0.0
D1,F5-2-nlinear-c96,2,4,2021-08-01,96,1.0,True,28.0,26.91466522216797,-1.0853347778320312,1.0853347778320312,2021-08-01 09:00:00,2021-08-01 10:00:00,60.0,60.0
D1,F5-2-nlinear-c96,2,4,2021-08-09,39,0.40625,False,215.0,153.77674865722656,-61.22325134277344,61.22325134277344,2021-08-09 08:45:00,2021-08-09 09:30:00,45.0,45.0
D1,F5-2-nlinear-c96,2,5,2021-07-12,96,1.0,True,198.0,185.24551391601562,-12.754486083984375,12.754486083984375,2021-07-12 08:45:00,2021-07-12 13:00:00,255.0,255.0
D1,F5-2-nlinear-c96,2,5,2021-07-13,1,0.010416666666666666,False,79.0,105.5954818725586,26.595481872558594,26.595481872558594,2021-07-13 00:00:00,2021-07-13 00:00:00,0.0,0.0
D1,F5-2-nlinear-c96,2,5,2021-07-17,79,0.8229166666666666,False,108.0,109.69401550292969,1.6940155029296875,1.6940155029296875,2021-07-17 06:00:00,2021-07-17 06:15:00,15.0,15.0
D1,F5-2-nlinear-c96,2,5,2021-07-18,84,0.875,False,28.0,29.194488525390625,1.194488525390625,1.194488525390625,2021-07-18 04:30:00,2021-07-18 06:15:00,105.0,105.0
D1,F5-2-nlinear-c96,2,5,2021-07-26,84,0.875,False,217.0,192.26593017578125,-24.73406982421875,24.73406982421875,2021-07-26 08:30:00,2021-07-26 13:15:00,285.0,285.0
D1,F5-2-nlinear-c96,2,5,2021-07-27,84,0.875,False,211.0,205.78244018554688,-5.217559814453125,5.217559814453125,2021-07-27 11:45:00,2021-07-27 13:15:00,90.0,90.0
D1,F5-2-nlinear-c96,2,5,2021-07-28,84,0.875,False,212.0,218.07852172851562,6.078521728515625,6.078521728515625,2021-07-28 12:00:00,2021-07-28 13:15:00,75.0,75.0
D1,F5-2-nlinear-c96,2,5,2021-07-29,84,0.875,False,211.0,214.41427612304688,3.414276123046875,3.414276123046875,2021-07-29 12:00:00,2021-07-29 13:15:00,75.0,75.0
D1,F5-2-nlinear-c96,2,5,2021-07-30,85,0.8854166666666666,False,212.0,218.28976440429688,6.289764404296875,6.289764404296875,2021-07-30 12:00:00,2021-07-30 13:15:00,75.0,75.0
D1,F5-2-nlinear-c96,2,5,2021-07-31,96,1.0,True,80.0,98.11799621582031,18.117996215820312,18.117996215820312,2021-07-31 00:00:00,2021-07-31 00:00:00,0.0,0.0
D1,F5-2-nlinear-c96,2,5,2021-08-01,96,1.0,True,28.0,25.922462463378906,-2.0775375366210938,2.0775375366210938,2021-08-01 09:00:00,2021-08-01 10:15:00,75.0,75.0
D1,F5-2-nlinear-c96,2,5,2021-08-09,39,0.40625,False,215.0,119.78607940673828,-95.21392059326172,95.21392059326172,2021-08-09 08:45:00,2021-08-09 09:30:00,45.0,45.0
D1,F5-2-nlinear-c96,2,6,2021-07-12,96,1.0,True,198.0,186.00045776367188,-11.999542236328125,11.999542236328125,2021-07-12 08:45:00,2021-07-12 13:30:00,285.0,285.0
D1,F5-2-nlinear-c96,2,6,2021-07-13,1,0.010416666666666666,False,79.0,110.56591796875,31.56591796875,31.56591796875,2021-07-13 00:00:00,2021-07-13 00:00:00,0.0,0.0
D1,F5-2-nlinear-c96,2,6,2021-07-17,78,0.8125,False,108.0,114.60787200927734,6.607872009277344,6.607872009277344,2021-07-17 06:00:00,2021-07-17 08:45:00,165.0,165.0
D1,F5-2-nlinear-c96,2,6,2021-07-18,84,0.875,False,28.0,33.776275634765625,5.776275634765625,5.776275634765625,2021-07-18 01:15:00,2021-07-18 01:15:00,0.0,0.0
D1,F5-2-nlinear-c96,2,6,2021-07-26,84,0.875,False,217.0,194.38424682617188,-22.615753173828125,22.615753173828125,2021-07-26 08:30:00,2021-07-26 13:30:00,300.0,300.0
D1,F5-2-nlinear-c96,2,6,2021-07-27,84,0.875,False,211.0,227.01025390625,16.01025390625,16.01025390625,2021-07-27 11:45:00,2021-07-27 13:30:00,105.0,105.0
D1,F5-2-nlinear-c96,2,6,2021-07-28,84,0.875,False,212.0,233.17811584472656,21.178115844726562,21.178115844726562,2021-07-28 12:00:00,2021-07-28 13:30:00,90.0,90.0
D1,F5-2-nlinear-c96,2,6,2021-07-29,84,0.875,False,211.0,229.84901428222656,18.849014282226562,18.849014282226562,2021-07-29 12:00:00,2021-07-29 13:30:00,90.0,90.0
D1,F5-2-nlinear-c96,2,6,2021-07-30,85,0.8854166666666666,False,212.0,234.65811157226562,22.658111572265625,22.658111572265625,2021-07-30 12:00:00,2021-07-30 13:30:00,90.0,90.0
D1,F5-2-nlinear-c96,2,6,2021-07-31,96,1.0,True,80.0,115.97737121582031,35.97737121582031,35.97737121582031,2021-07-31 00:00:00,2021-07-31 00:00:00,0.0,0.0
D1,F5-2-nlinear-c96,2,6,2021-08-01,96,1.0,True,28.0,25.433975219726562,-2.5660247802734375,2.5660247802734375,2021-08-01 09:00:00,2021-08-01 21:45:00,765.0,765.0
D1,F5-2-nlinear-c96,2,6,2021-08-09,39,0.40625,False,215.0,82.79711151123047,-132.20288848876953,132.20288848876953,2021-08-09 08:45:00,2021-08-09 09:30:00,45.0,45.0
D1,F5-2-nlinear-c96,2,7,2021-07-12,96,1.0,True,198.0,192.06243896484375,-5.93756103515625,5.93756103515625,2021-07-12 08:45:00,2021-07-12 13:30:00,285.0,285.0
D1,F5-2-nlinear-c96,2,7,2021-07-13,1,0.010416666666666666,False,79.0,96.8114013671875,17.8114013671875,17.8114013671875,2021-07-13 00:00:00,2021-07-13 00:00:00,0.0,0.0
D1,F5-2-nlinear-c96,2,7,2021-07-17,77,0.8020833333333334,False,108.0,122.56307983398438,14.563079833984375,14.563079833984375,2021-07-17 06:00:00,2021-07-17 07:45:00,105.0,105.0
D1,F5-2-nlinear-c96,2,7,2021-07-18,84,0.875,False,28.0,37.54595184326172,9.545951843261719,9.545951843261719,2021-07-18 01:15:00,2021-07-18 01:30:00,15.0,15.0
D1,F5-2-nlinear-c96,2,7,2021-07-26,84,0.875,False,217.0,194.37384033203125,-22.62615966796875,22.62615966796875,2021-07-26 08:30:00,2021-07-26 13:30:00,300.0,300.0
D1,F5-2-nlinear-c96,2,7,2021-07-27,84,0.875,False,211.0,223.7891845703125,12.7891845703125,12.7891845703125,2021-07-27 11:45:00,2021-07-27 13:45:00,120.0,120.0
D1,F5-2-nlinear-c96,2,7,2021-07-28,84,0.875,False,212.0,231.66555786132812,19.665557861328125,19.665557861328125,2021-07-28 12:00:00,2021-07-28 13:45:00,105.0,105.0
D1,F5-2-nlinear-c96,2,7,2021-07-29,84,0.875,False,211.0,225.408447265625,14.408447265625,14.408447265625,2021-07-29 12:00:00,2021-07-29 13:45:00,105.0,105.0
D1,F5-2-nlinear-c96,2,7,2021-07-30,85,0.8854166666666666,False,212.0,234.76849365234375,22.76849365234375,22.76849365234375,2021-07-30 12:00:00,2021-07-30 13:45:00,105.0,105.0
D1,F5-2-nlinear-c96,2,7,2021-07-31,96,1.0,True,80.0,113.1249771118164,33.124977111816406,33.124977111816406,2021-07-31 00:00:00,2021-07-31 01:30:00,90.0,90.0
D1,F5-2-nlinear-c96,2,7,2021-08-01,96,1.0,True,28.0,25.34307098388672,-2.6569290161132812,2.6569290161132812,2021-08-01 09:00:00,2021-08-01 18:30:00,570.0,570.0
D1,F5-2-nlinear-c96,2,7,2021-08-09,39,0.40625,False,215.0,63.04533767700195,-151.95466232299805,151.95466232299805,2021-08-09 08:45:00,2021-08-09 09:30:00,45.0,45.0
D1,F5-2-nlinear-c96,2,8,2021-07-12,96,1.0,True,198.0,187.63995361328125,-10.36004638671875,10.36004638671875,2021-07-12 08:45:00,2021-07-12 13:30:00,285.0,285.0
D1,F5-2-nlinear-c96,2,8,2021-07-13,1,0.010416666666666666,False,79.0,86.20114135742188,7.201141357421875,7.201141357421875,2021-07-13 00:00:00,2021-07-13 00:00:00,0.0,0.0
D1,F5-2-nlinear-c96,2,8,2021-07-17,76,0.7916666666666666,False,108.0,126.720947265625,18.720947265625,18.720947265625,2021-07-17 06:00:00,2021-07-17 08:45:00,165.0,165.0
D1,F5-2-nlinear-c96,2,8,2021-07-18,84,0.875,False,28.0,34.59902572631836,6.599025726318359,6.599025726318359,2021-07-18 01:15:00,2021-07-18 01:45:00,30.0,30.0
D1,F5-2-nlinear-c96,2,8,2021-07-26,84,0.875,False,217.0,198.3389434814453,-18.661056518554688,18.661056518554688,2021-07-26 08:30:00,2021-07-26 13:15:00,285.0,285.0
D1,F5-2-nlinear-c96,2,8,2021-07-27,84,0.875,False,211.0,212.4602813720703,1.4602813720703125,1.4602813720703125,2021-07-27 11:45:00,2021-07-27 13:30:00,105.0,105.0
D1,F5-2-nlinear-c96,2,8,2021-07-28,84,0.875,False,212.0,228.65927124023438,16.659271240234375,16.659271240234375,2021-07-28 12:00:00,2021-07-28 14:00:00,120.0,120.0
D1,F5-2-nlinear-c96,2,8,2021-07-29,84,0.875,False,211.0,220.1630096435547,9.163009643554688,9.163009643554688,2021-07-29 12:00:00,2021-07-29 14:00:00,120.0,120.0
D1,F5-2-nlinear-c96,2,8,2021-07-30,85,0.8854166666666666,False,212.0,224.0677032470703,12.067703247070312,12.067703247070312,2021-07-30 12:00:00,2021-07-30 14:00:00,120.0,120.0
D1,F5-2-nlinear-c96,2,8,2021-07-31,96,1.0,True,80.0,118.2855453491211,38.285545349121094,38.285545349121094,2021-07-31 00:00:00,2021-07-31 01:45:00,105.0,105.0
D1,F5-2-nlinear-c96,2,8,2021-08-01,96,1.0,True,28.0,25.29157257080078,-2.7084274291992188,2.7084274291992188,2021-08-01 09:00:00,2021-08-01 11:00:00,120.0,120.0
D1,F5-2-nlinear-c96,2,8,2021-08-09,39,0.40625,False,215.0,37.365211486816406,-177.6347885131836,177.6347885131836,2021-08-09 08:45:00,2021-08-09 09:30:00,45.0,45.0
D1,F5-2-nlinear-c96,2,9,2021-07-12,96,1.0,True,198.0,184.2045440673828,-13.795455932617188,13.795455932617188,2021-07-12 08:45:00,2021-07-12 13:30:00,285.0,285.0
D1,F5-2-nlinear-c96,2,9,2021-07-13,1,0.010416666666666666,False,79.0,88.36228942871094,9.362289428710938,9.362289428710938,2021-07-13 00:00:00,2021-07-13 00:00:00,0.0,0.0
D1,F5-2-nlinear-c96,2,9,2021-07-17,75,0.78125,False,108.0,129.2970733642578,21.297073364257812,21.297073364257812,2021-07-17 06:00:00,2021-07-17 08:15:00,135.0,135.0
D1,F5-2-nlinear-c96,2,9,2021-07-18,84,0.875,False,28.0,34.82108688354492,6.821086883544922,6.821086883544922,2021-07-18 01:15:00,2021-07-18 02:00:00,45.0,45.0
D1,F5-2-nlinear-c96,2,9,2021-07-26,84,0.875,False,217.0,201.8948516845703,-15.105148315429688,15.105148315429688,2021-07-26 08:30:00,2021-07-26 13:15:00,285.0,285.0
D1,F5-2-nlinear-c96,2,9,2021-07-27,84,0.875,False,211.0,208.42913818359375,-2.57086181640625,2.57086181640625,2021-07-27 11:45:00,2021-07-27 13:45:00,120.0,120.0
D1,F5-2-nlinear-c96,2,9,2021-07-28,84,0.875,False,212.0,228.4164276123047,16.416427612304688,16.416427612304688,2021-07-28 12:00:00,2021-07-28 14:15:00,135.0,135.0
D1,F5-2-nlinear-c96,2,9,2021-07-29,84,0.875,False,211.0,214.37606811523438,3.376068115234375,3.376068115234375,2021-07-29 12:00:00,2021-07-29 14:15:00,135.0,135.0
D1,F5-2-nlinear-c96,2,9,2021-07-30,85,0.8854166666666666,False,212.0,215.75131225585938,3.751312255859375,3.751312255859375,2021-07-30 12:00:00,2021-07-30 14:15:00,135.0,135.0
D1,F5-2-nlinear-c96,2,9,2021-07-31,96,1.0,True,80.0,119.10406494140625,39.10406494140625,39.10406494140625,2021-07-31 00:00:00,2021-07-31 02:00:00,120.0,120.0
D1,F5-2-nlinear-c96,2,9,2021-08-01,96,1.0,True,28.0,26.64751434326172,-1.3524856567382812,1.3524856567382812,2021-08-01 09:00:00,2021-08-01 11:15:00,135.0,135.0
D1,F5-2-nlinear-c96,2,9,2021-08-09,39,0.40625,False,215.0,24.264694213867188,-190.7353057861328,190.7353057861328,2021-08-09 08:45:00,2021-08-09 00:15:00,-510.0,510.0
D1,F5-2-nlinear-c96,2,10,2021-07-12,96,1.0,True,198.0,182.04649353027344,-15.953506469726562,15.953506469726562,2021-07-12 08:45:00,2021-07-12 13:30:00,285.0,285.0
D1,F5-2-nlinear-c96,2,10,2021-07-13,1,0.010416666666666666,False,79.0,102.42506408691406,23.425064086914062,23.425064086914062,2021-07-13 00:00:00,2021-07-13 00:00:00,0.0,0.0
D1,F5-2-nlinear-c96,2,10,2021-07-17,74,0.7708333333333334,False,108.0,142.0023956298828,34.00239562988281,34.00239562988281,2021-07-17 06:00:00,2021-07-17 08:30:00,150.0,150.0
D1,F5-2-nlinear-c96,2,10,2021-07-18,84,0.875,False,28.0,32.90632247924805,4.906322479248047,4.906322479248047,2021-07-18 01:15:00,2021-07-18 02:15:00,60.0,60.0
D1,F5-2-nlinear-c96,2,10,2021-07-26,84,0.875,False,217.0,199.72784423828125,-17.27215576171875,17.27215576171875,2021-07-26 08:30:00,2021-07-26 13:30:00,300.0,300.0
D1,F5-2-nlinear-c96,2,10,2021-07-27,84,0.875,False,211.0,211.00457763671875,0.00457763671875,0.00457763671875,2021-07-27 11:45:00,2021-07-27 14:30:00,165.0,165.0
D1,F5-2-nlinear-c96,2,10,2021-07-28,84,0.875,False,212.0,227.347412109375,15.347412109375,15.347412109375,2021-07-28 12:00:00,2021-07-28 14:30:00,150.0,150.0
D1,F5-2-nlinear-c96,2,10,2021-07-29,84,0.875,False,211.0,215.50552368164062,4.505523681640625,4.505523681640625,2021-07-29 12:00:00,2021-07-29 14:30:00,150.0,150.0
D1,F5-2-nlinear-c96,2,10,2021-07-30,85,0.8854166666666666,False,212.0,218.8599090576172,6.8599090576171875,6.8599090576171875,2021-07-30 12:00:00,2021-07-30 14:30:00,150.0,150.0
D1,F5-2-nlinear-c96,2,10,2021-07-31,96,1.0,True,80.0,123.53285217285156,43.53285217285156,43.53285217285156,2021-07-31 00:00:00,2021-07-31 01:45:00,105.0,105.0
D1,F5-2-nlinear-c96,2,10,2021-08-01,96,1.0,True,28.0,26.2799072265625,-1.7200927734375,1.7200927734375,2021-08-01 09:00:00,2021-08-01 11:30:00,150.0,150.0
D1,F5-2-nlinear-c96,2,10,2021-08-09,39,0.40625,False,215.0,23.83013153076172,-191.16986846923828,191.16986846923828,2021-08-09 08:45:00,2021-08-09 00:30:00,-495.0,495.0
D1,F5-2-nlinear-c96,2,11,2021-07-12,96,1.0,True,198.0,179.88235473632812,-18.117645263671875,18.117645263671875,2021-07-12 08:45:00,2021-07-12 13:45:00,300.0,300.0
D1,F5-2-nlinear-c96,2,11,2021-07-13,1,0.010416666666666666,False,79.0,95.08995819091797,16.08995819091797,16.08995819091797,2021-07-13 00:00:00,2021-07-13 00:00:00,0.0,0.0
D1,F5-2-nlinear-c96,2,11,2021-07-17,73,0.7604166666666666,False,108.0,151.02996826171875,43.02996826171875,43.02996826171875,2021-07-17 06:00:00,2021-07-17 08:45:00,165.0,165.0
D1,F5-2-nlinear-c96,2,11,2021-07-18,84,0.875,False,28.0,32.32233810424805,4.322338104248047,4.322338104248047,2021-07-18 01:15:00,2021-07-18 01:30:00,15.0,15.0
D1,F5-2-nlinear-c96,2,11,2021-07-26,84,0.875,False,217.0,194.0291748046875,-22.9708251953125,22.9708251953125,2021-07-26 08:30:00,2021-07-26 13:45:00,315.0,315.0
D1,F5-2-nlinear-c96,2,11,2021-07-27,84,0.875,False,211.0,216.64968872070312,5.649688720703125,5.649688720703125,2021-07-27 11:45:00,2021-07-27 14:45:00,180.0,180.0
D1,F5-2-nlinear-c96,2,11,2021-07-28,84,0.875,False,212.0,233.294921875,21.294921875,21.294921875,2021-07-28 12:00:00,2021-07-28 14:45:00,165.0,165.0
D1,F5-2-nlinear-c96,2,11,2021-07-29,84,0.875,False,211.0,218.96351623535156,7.9635162353515625,7.9635162353515625,2021-07-29 12:00:00,2021-07-29 14:45:00,165.0,165.0
D1,F5-2-nlinear-c96,2,11,2021-07-30,85,0.8854166666666666,False,212.0,225.77413940429688,13.774139404296875,13.774139404296875,2021-07-30 12:00:00,2021-07-30 14:45:00,165.0,165.0
D1,F5-2-nlinear-c96,2,11,2021-07-31,96,1.0,True,80.0,121.3787841796875,41.3787841796875,41.3787841796875,2021-07-31 00:00:00,2021-07-31 02:00:00,120.0,120.0
D1,F5-2-nlinear-c96,2,11,2021-08-01,96,1.0,True,28.0,24.728866577148438,-3.2711334228515625,3.2711334228515625,2021-08-01 09:00:00,2021-08-01 04:15:00,-285.0,285.0
D1,F5-2-nlinear-c96,2,11,2021-08-09,39,0.40625,False,215.0,23.503334045410156,-191.49666595458984,191.49666595458984,2021-08-09 08:45:00,2021-08-09 00:45:00,-480.0,480.0
D1,F5-2-nlinear-c96,2,12,2021-07-12,96,1.0,True,198.0,184.1870574951172,-13.812942504882812,13.812942504882812,2021-07-12 08:45:00,2021-07-12 13:30:00,285.0,285.0
D1,F5-2-nlinear-c96,2,12,2021-07-13,1,0.010416666666666666,False,79.0,96.55722045898438,17.557220458984375,17.557220458984375,2021-07-13 00:00:00,2021-07-13 00:00:00,0.0,0.0
D1,F5-2-nlinear-c96,2,12,2021-07-17,72,0.75,False,108.0,148.5073699951172,40.50736999511719,40.50736999511719,2021-07-17 06:00:00,2021-07-17 09:00:00,180.0,180.0
D1,F5-2-nlinear-c96,2,12,2021-07-18,84,0.875,False,28.0,32.509307861328125,4.509307861328125,4.509307861328125,2021-07-18 01:15:00,2021-07-18 06:00:00,285.0,285.0
D1,F5-2-nlinear-c96,2,12,2021-07-26,84,0.875,False,217.0,195.081298828125,-21.918701171875,21.918701171875,2021-07-26 08:30:00,2021-07-26 13:30:00,300.0,300.0
D1,F5-2-nlinear-c96,2,12,2021-07-27,84,0.875,False,211.0,210.2986602783203,-0.7013397216796875,0.7013397216796875,2021-07-27 11:45:00,2021-07-27 14:45:00,180.0,180.0
D1,F5-2-nlinear-c96,2,12,2021-07-28,84,0.875,False,212.0,231.70632934570312,19.706329345703125,19.706329345703125,2021-07-28 12:00:00,2021-07-28 15:00:00,180.0,180.0
D1,F5-2-nlinear-c96,2,12,2021-07-29,84,0.875,False,211.0,214.54318237304688,3.543182373046875,3.543182373046875,2021-07-29 12:00:00,2021-07-29 13:30:00,90.0,90.0
D1,F5-2-nlinear-c96,2,12,2021-07-30,85,0.8854166666666666,False,212.0,226.28836059570312,14.288360595703125,14.288360595703125,2021-07-30 12:00:00,2021-07-30 15:00:00,180.0,180.0
D1,F5-2-nlinear-c96,2,12,2021-07-31,96,1.0,True,80.0,119.3564682006836,39.356468200683594,39.356468200683594,2021-07-31 00:00:00,2021-07-31 01:30:00,90.0,90.0
D1,F5-2-nlinear-c96,2,12,2021-08-01,96,1.0,True,28.0,24.74207305908203,-3.2579269409179688,3.2579269409179688,2021-08-01 09:00:00,2021-08-01 12:00:00,180.0,180.0
D1,F5-2-nlinear-c96,2,12,2021-08-09,39,0.40625,False,215.0,23.703590393066406,-191.2964096069336,191.2964096069336,2021-08-09 08:45:00,2021-08-09 01:00:00,-465.0,465.0
D1,F5-2-nlinear-c96,2,13,2021-07-12,96,1.0,True,198.0,179.73153686523438,-18.268463134765625,18.268463134765625,2021-07-12 08:45:00,2021-07-12 14:15:00,330.0,330.0
D1,F5-2-nlinear-c96,2,13,2021-07-13,1,0.010416666666666666,False,79.0,102.84904479980469,23.849044799804688,23.849044799804688,2021-07-13 00:00:00,2021-07-13 00:00:00,0.0,0.0
D1,F5-2-nlinear-c96,2,13,2021-07-17,71,0.7395833333333334,False,96.0,149.52113342285156,53.52113342285156,53.52113342285156,2021-07-17 06:15:00,2021-07-17 09:15:00,180.0,180.0
D1,F5-2-nlinear-c96,2,13,2021-07-18,84,0.875,False,28.0,35.026634216308594,7.026634216308594,7.026634216308594,2021-07-18 01:15:00,2021-07-18 01:30:00,15.0,15.0
D1,F5-2-nlinear-c96,2,13,2021-07-26,84,0.875,False,217.0,191.56800842285156,-25.431991577148438,25.431991577148438,2021-07-26 08:30:00,2021-07-26 14:15:00,345.0,345.0
D1,F5-2-nlinear-c96,2,13,2021-07-27,84,0.875,False,211.0,205.01258850097656,-5.9874114990234375,5.9874114990234375,2021-07-27 11:45:00,2021-07-27 14:45:00,180.0,180.0
D1,F5-2-nlinear-c96,2,13,2021-07-28,84,0.875,False,212.0,211.8541259765625,-0.1458740234375,0.1458740234375,2021-07-28 12:00:00,2021-07-28 15:15:00,195.0,195.0
D1,F5-2-nlinear-c96,2,13,2021-07-29,84,0.875,False,211.0,209.2119140625,-1.7880859375,1.7880859375,2021-07-29 12:00:00,2021-07-29 13:45:00,105.0,105.0
D1,F5-2-nlinear-c96,2,13,2021-07-30,85,0.8854166666666666,False,212.0,209.08990478515625,-2.91009521484375,2.91009521484375,2021-07-30 12:00:00,2021-07-30 13:45:00,105.0,105.0
D1,F5-2-nlinear-c96,2,13,2021-07-31,96,1.0,True,80.0,127.32411193847656,47.32411193847656,47.32411193847656,2021-07-31 00:00:00,2021-07-31 01:45:00,105.0,105.0
D1,F5-2-nlinear-c96,2,13,2021-08-01,96,1.0,True,28.0,24.18329620361328,-3.8167037963867188,3.8167037963867188,2021-08-01 09:00:00,2021-08-01 12:15:00,195.0,195.0
D1,F5-2-nlinear-c96,2,13,2021-08-09,39,0.40625,False,215.0,23.52593231201172,-191.47406768798828,191.47406768798828,2021-08-09 08:45:00,2021-08-09 01:15:00,-450.0,450.0
D1,F5-2-nlinear-c96,2,14,2021-07-12,96,1.0,True,198.0,177.80145263671875,-20.19854736328125,20.19854736328125,2021-07-12 08:45:00,2021-07-12 14:30:00,345.0,345.0
D1,F5-2-nlinear-c96,2,14,2021-07-13,1,0.010416666666666666,False,79.0,108.49139404296875,29.49139404296875,29.49139404296875,2021-07-13 00:00:00,2021-07-13 00:00:00,0.0,0.0
D1,F5-2-nlinear-c96,2,14,2021-07-17,70,0.7291666666666666,False,88.0,145.24330139160156,57.24330139160156,57.24330139160156,2021-07-17 07:15:00,2021-07-17 08:45:00,90.0,90.0
D1,F5-2-nlinear-c96,2,14,2021-07-18,84,0.875,False,28.0,37.889217376708984,9.889217376708984,9.889217376708984,2021-07-18 01:15:00,2021-07-18 01:30:00,15.0,15.0
D1,F5-2-nlinear-c96,2,14,2021-07-26,84,0.875,False,217.0,187.58975219726562,-29.410247802734375,29.410247802734375,2021-07-26 08:30:00,2021-07-26 14:30:00,360.0,360.0
D1,F5-2-nlinear-c96,2,14,2021-07-27,84,0.875,False,211.0,200.70208740234375,-10.29791259765625,10.29791259765625,2021-07-27 11:45:00,2021-07-27 13:30:00,105.0,105.0
D1,F5-2-nlinear-c96,2,14,2021-07-28,84,0.875,False,212.0,220.57040405273438,8.570404052734375,8.570404052734375,2021-07-28 12:00:00,2021-07-28 15:30:00,210.0,210.0
D1,F5-2-nlinear-c96,2,14,2021-07-29,84,0.875,False,211.0,208.5026092529297,-2.4973907470703125,2.4973907470703125,2021-07-29 12:00:00,2021-07-29 14:00:00,120.0,120.0
D1,F5-2-nlinear-c96,2,14,2021-07-30,84,0.875,False,212.0,211.123779296875,-0.876220703125,0.876220703125,2021-07-30 12:00:00,2021-07-30 13:30:00,90.0,90.0
D1,F5-2-nlinear-c96,2,14,2021-07-31,96,1.0,True,80.0,123.45358276367188,43.453582763671875,43.453582763671875,2021-07-31 00:00:00,2021-07-31 00:00:00,0.0,0.0
D1,F5-2-nlinear-c96,2,14,2021-08-01,96,1.0,True,28.0,24.18358612060547,-3.8164138793945312,3.8164138793945312,2021-08-01 09:00:00,2021-08-01 12:30:00,210.0,210.0
D1,F5-2-nlinear-c96,2,14,2021-08-09,39,0.40625,False,215.0,23.478248596191406,-191.5217514038086,191.5217514038086,2021-08-09 08:45:00,2021-08-09 01:30:00,-435.0,435.0
D1,F5-2-nlinear-c96,2,15,2021-07-12,96,1.0,True,198.0,176.3848876953125,-21.6151123046875,21.6151123046875,2021-07-12 08:45:00,2021-07-12 13:45:00,300.0,300.0
D1,F5-2-nlinear-c96,2,15,2021-07-13,1,0.010416666666666666,False,79.0,117.60858917236328,38.60858917236328,38.60858917236328,2021-07-13 00:00:00,2021-07-13 00:00:00,0.0,0.0
D1,F5-2-nlinear-c96,2,15,2021-07-17,69,0.71875,False,88.0,145.66143798828125,57.66143798828125,57.66143798828125,2021-07-17 07:15:00,2021-07-17 08:45:00,90.0,90.0
D1,F5-2-nlinear-c96,2,15,2021-07-18,84,0.875,False,28.0,36.468292236328125,8.468292236328125,8.468292236328125,2021-07-18 01:15:00,2021-07-18 01:30:00,15.0,15.0
D1,F5-2-nlinear-c96,2,15,2021-07-26,84,0.875,False,217.0,183.47012329101562,-33.529876708984375,33.529876708984375,2021-07-26 08:30:00,2021-07-26 15:45:00,435.0,435.0
D1,F5-2-nlinear-c96,2,15,2021-07-27,84,0.875,False,211.0,215.56991577148438,4.569915771484375,4.569915771484375,2021-07-27 11:45:00,2021-07-27 15:45:00,240.0,240.0
D1,F5-2-nlinear-c96,2,15,2021-07-28,84,0.875,False,212.0,229.2108154296875,17.2108154296875,17.2108154296875,2021-07-28 12:00:00,2021-07-28 15:45:00,225.0,225.0
D1,F5-2-nlinear-c96,2,15,2021-07-29,84,0.875,False,211.0,210.40072631835938,-0.599273681640625,0.599273681640625,2021-07-29 12:00:00,2021-07-29 15:45:00,225.0,225.0
D1,F5-2-nlinear-c96,2,15,2021-07-30,84,0.875,False,212.0,218.03579711914062,6.035797119140625,6.035797119140625,2021-07-30 12:00:00,2021-07-30 15:45:00,225.0,225.0
D1,F5-2-nlinear-c96,2,15,2021-07-31,96,1.0,True,80.0,133.32876586914062,53.328765869140625,53.328765869140625,2021-07-31 00:00:00,2021-07-31 00:00:00,0.0,0.0
D1,F5-2-nlinear-c96,2,15,2021-08-01,96,1.0,True,28.0,24.226234436035156,-3.7737655639648438,3.7737655639648438,2021-08-01 09:00:00,2021-08-01 12:45:00,225.0,225.0
D1,F5-2-nlinear-c96,2,15,2021-08-09,39,0.40625,False,215.0,22.332595825195312,-192.6674041748047,192.6674041748047,2021-08-09 08:45:00,2021-08-09 01:45:00,-420.0,420.0
D1,F5-2-nlinear-c96,2,16,2021-07-12,96,1.0,True,198.0,182.29660034179688,-15.703399658203125,15.703399658203125,2021-07-12 08:45:00,2021-07-12 15:45:00,420.0,420.0
D1,F5-2-nlinear-c96,2,16,2021-07-13,1,0.010416666666666666,False,79.0,122.39842224121094,43.39842224121094,43.39842224121094,2021-07-13 00:00:00,2021-07-13 00:00:00,0.0,0.0
D1,F5-2-nlinear-c96,2,16,2021-07-17,68,0.7083333333333334,False,88.0,143.51144409179688,55.511444091796875,55.511444091796875,2021-07-17 07:15:00,2021-07-17 10:00:00,165.0,165.0
D1,F5-2-nlinear-c96,2,16,2021-07-18,84,0.875,False,28.0,34.25045394897461,6.250453948974609,6.250453948974609,2021-07-18 01:15:00,2021-07-18 01:30:00,15.0,15.0
D1,F5-2-nlinear-c96,2,16,2021-07-26,84,0.875,False,217.0,188.33114624023438,-28.668853759765625,28.668853759765625,2021-07-26 08:30:00,2021-07-26 16:00:00,450.0,450.0
D1,F5-2-nlinear-c96,2,16,2021-07-27,84,0.875,False,211.0,215.43374633789062,4.433746337890625,4.433746337890625,2021-07-27 11:45:00,2021-07-27 16:00:00,255.0,255.0
D1,F5-2-nlinear-c96,2,16,2021-07-28,84,0.875,False,212.0,234.29244995117188,22.292449951171875,22.292449951171875,2021-07-28 12:00:00,2021-07-28 16:00:00,240.0,240.0
D1,F5-2-nlinear-c96,2,16,2021-07-29,84,0.875,False,211.0,213.88072204589844,2.8807220458984375,2.8807220458984375,2021-07-29 12:00:00,2021-07-29 16:00:00,240.0,240.0
D1,F5-2-nlinear-c96,2,16,2021-07-30,84,0.875,False,212.0,221.82363891601562,9.823638916015625,9.823638916015625,2021-07-30 12:00:00,2021-07-30 16:00:00,240.0,240.0
D1,F5-2-nlinear-c96,2,16,2021-07-31,96,1.0,True,80.0,141.5662078857422,61.56620788574219,61.56620788574219,2021-07-31 00:00:00,2021-07-31 00:00:00,0.0,0.0
D1,F5-2-nlinear-c96,2,16,2021-08-01,96,1.0,True,28.0,23.523681640625,-4.476318359375,4.476318359375,2021-08-01 09:00:00,2021-08-01 13:00:00,240.0,240.0
D1,F5-2-nlinear-c96,2,16,2021-08-09,39,0.40625,False,215.0,22.40937042236328,-192.59062957763672,192.59062957763672,2021-08-09 08:45:00,2021-08-09 02:00:00,-405.0,405.0
D2,F5-2-nlinear-c96,0,4,2021-04-19,96,1.0,True,172.0,166.50729370117188,-5.492706298828125,5.492706298828125,2021-04-19 08:45:00,2021-04-19 13:00:00,255.0,255.0
D2,F5-2-nlinear-c96,0,4,2021-04-20,96,1.0,True,172.0,176.23928833007812,4.239288330078125,4.239288330078125,2021-04-20 08:45:00,2021-04-20 16:00:00,435.0,435.0
D2,F5-2-nlinear-c96,0,4,2021-04-21,96,1.0,True,174.0,171.95372009277344,-2.0462799072265625,2.0462799072265625,2021-04-21 08:30:00,2021-04-21 11:30:00,180.0,180.0
D2,F5-2-nlinear-c96,0,4,2021-04-22,96,1.0,True,174.0,173.7554931640625,-0.2445068359375,0.2445068359375,2021-04-22 08:30:00,2021-04-22 16:00:00,450.0,450.0
D2,F5-2-nlinear-c96,0,4,2021-04-23,96,1.0,True,174.0,173.7554931640625,-0.2445068359375,0.2445068359375,2021-04-23 08:30:00,2021-04-23 16:00:00,450.0,450.0
D2,F5-2-nlinear-c96,0,4,2021-04-24,96,1.0,True,112.0,109.72522735595703,-2.2747726440429688,2.2747726440429688,2021-04-24 06:15:00,2021-04-24 07:15:00,60.0,60.0
D2,F5-2-nlinear-c96,0,4,2021-04-25,96,1.0,True,25.0,35.22172164916992,10.221721649169922,10.221721649169922,2021-04-25 01:30:00,2021-04-25 01:30:00,0.0,0.0
D2,F5-2-nlinear-c96,0,4,2021-05-03,96,1.0,True,184.0,175.3734130859375,-8.6265869140625,8.6265869140625,2021-05-03 08:30:00,2021-05-03 14:45:00,375.0,375.0
D2,F5-2-nlinear-c96,0,4,2021-05-04,96,1.0,True,181.0,189.84268188476562,8.842681884765625,8.842681884765625,2021-05-04 08:30:00,2021-05-04 16:00:00,450.0,450.0
D2,F5-2-nlinear-c96,0,4,2021-05-05,96,1.0,True,120.0,110.5902099609375,-9.4097900390625,9.4097900390625,2021-05-05 04:15:00,2021-05-05 06:45:00,150.0,150.0
D2,F5-2-nlinear-c96,0,4,2021-05-06,96,1.0,True,199.0,178.4161376953125,-20.5838623046875,20.5838623046875,2021-05-06 09:00:00,2021-05-06 11:00:00,120.0,120.0
D2,F5-2-nlinear-c96,0,4,2021-05-07,96,1.0,True,181.0,181.86279296875,0.86279296875,0.86279296875,2021-05-07 09:00:00,2021-05-07 11:00:00,120.0,120.0
D2,F5-2-nlinear-c96,0,4,2021-05-08,96,1.0,True,115.0,115.08972930908203,0.08972930908203125,0.08972930908203125,2021-05-08 02:00:00,2021-05-08 04:00:00,120.0,120.0
D2,F5-2-nlinear-c96,0,4,2021-05-09,96,1.0,True,184.0,169.03225708007812,-14.967742919921875,14.967742919921875,2021-05-09 09:00:00,2021-05-09 20:30:00,690.0,690.0
D2,F5-2-nlinear-c96,0,5,2021-04-19,96,1.0,True,172.0,166.07101440429688,-5.928985595703125,5.928985595703125,2021-04-19 08:45:00,2021-04-19 16:15:00,450.0,450.0
D2,F5-2-nlinear-c96,0,5,2021-04-20,96,1.0,True,172.0,176.9547119140625,4.9547119140625,4.9547119140625,2021-04-20 08:45:00,2021-04-20 16:15:00,450.0,450.0
D2,F5-2-nlinear-c96,0,5,2021-04-21,96,1.0,True,174.0,172.76806640625,-1.23193359375,1.23193359375,2021-04-21 08:30:00,2021-04-21 11:45:00,195.0,195.0
D2,F5-2-nlinear-c96,0,5,2021-04-22,96,1.0,True,174.0,171.59603881835938,-2.403961181640625,2.403961181640625,2021-04-22 08:30:00,2021-04-22 16:15:00,465.0,465.0
D2,F5-2-nlinear-c96,0,5,2021-04-23,96,1.0,True,174.0,171.59603881835938,-2.403961181640625,2.403961181640625,2021-04-23 08:30:00,2021-04-23 16:15:00,465.0,465.0
D2,F5-2-nlinear-c96,0,5,2021-04-24,96,1.0,True,112.0,107.96803283691406,-4.0319671630859375,4.0319671630859375,2021-04-24 06:15:00,2021-04-24 08:30:00,135.0,135.0
D2,F5-2-nlinear-c96,0,5,2021-04-25,96,1.0,True,25.0,35.69980239868164,10.69980239868164,10.69980239868164,2021-04-25 01:30:00,2021-04-25 01:30:00,0.0,0.0
D2,F5-2-nlinear-c96,0,5,2021-05-03,96,1.0,True,184.0,176.61663818359375,-7.38336181640625,7.38336181640625,2021-05-03 08:30:00,2021-05-03 13:15:00,285.0,285.0
D2,F5-2-nlinear-c96,0,5,2021-05-04,96,1.0,True,181.0,188.44122314453125,7.44122314453125,7.44122314453125,2021-05-04 08:30:00,2021-05-04 13:15:00,285.0,285.0
D2,F5-2-nlinear-c96,0,5,2021-05-05,96,1.0,True,120.0,117.81428527832031,-2.1857147216796875,2.1857147216796875,2021-05-05 04:15:00,2021-05-05 08:30:00,255.0,255.0
D2,F5-2-nlinear-c96,0,5,2021-05-06,96,1.0,True,199.0,179.68771362304688,-19.312286376953125,19.312286376953125,2021-05-06 09:00:00,2021-05-06 11:15:00,135.0,135.0
D2,F5-2-nlinear-c96,0,5,2021-05-07,96,1.0,True,181.0,175.59243774414062,-5.407562255859375,5.407562255859375,2021-05-07 09:00:00,2021-05-07 13:15:00,255.0,255.0
D2,F5-2-nlinear-c96,0,5,2021-05-08,96,1.0,True,115.0,117.43914031982422,2.4391403198242188,2.4391403198242188,2021-05-08 02:00:00,2021-05-08 08:30:00,390.0,390.0
D2,F5-2-nlinear-c96,0,5,2021-05-09,96,1.0,True,184.0,168.136474609375,-15.863525390625,15.863525390625,2021-05-09 09:00:00,2021-05-09 16:00:00,420.0,420.0
D2,F5-2-nlinear-c96,0,6,2021-04-19,96,1.0,True,172.0,167.318115234375,-4.681884765625,4.681884765625,2021-04-19 08:45:00,2021-04-19 13:30:00,285.0,285.0
D2,F5-2-nlinear-c96,0,6,2021-04-20,96,1.0,True,172.0,183.76400756835938,11.764007568359375,11.764007568359375,2021-04-20 08:45:00,2021-04-20 13:30:00,285.0,285.0
D2,F5-2-nlinear-c96,0,6,2021-04-21,96,1.0,True,174.0,174.6077880859375,0.6077880859375,0.6077880859375,2021-04-21 08:30:00,2021-04-21 12:00:00,210.0,210.0
D2,F5-2-nlinear-c96,0,6,2021-04-22,96,1.0,True,174.0,169.40951538085938,-4.590484619140625,4.590484619140625,2021-04-22 08:30:00,2021-04-22 16:30:00,480.0,480.0
D2,F5-2-nlinear-c96,0,6,2021-04-23,96,1.0,True,174.0,169.40951538085938,-4.590484619140625,4.590484619140625,2021-04-23 08:30:00,2021-04-23 16:30:00,480.0,480.0
D2,F5-2-nlinear-c96,0,6,2021-04-24,96,1.0,True,112.0,112.47998046875,0.47998046875,0.47998046875,2021-04-24 06:15:00,2021-04-24 00:00:00,-375.0,375.0
D2,F5-2-nlinear-c96,0,6,2021-04-25,96,1.0,True,25.0,37.23212432861328,12.232124328613281,12.232124328613281,2021-04-25 01:30:00,2021-04-25 01:30:00,0.0,0.0
D2,F5-2-nlinear-c96,0,6,2021-05-03,96,1.0,True,184.0,178.35736083984375,-5.64263916015625,5.64263916015625,2021-05-03 08:30:00,2021-05-03 13:30:00,300.0,300.0
D2,F5-2-nlinear-c96,0,6,2021-05-04,96,1.0,True,181.0,196.211181640625,15.211181640625,15.211181640625,2021-05-04 08:30:00,2021-05-04 13:30:00,300.0,300.0
D2,F5-2-nlinear-c96,0,6,2021-05-05,96,1.0,True,120.0,117.28985595703125,-2.71014404296875,2.71014404296875,2021-05-05 04:15:00,2021-05-05 08:45:00,270.0,270.0
D2,F5-2-nlinear-c96,0,6,2021-05-06,96,1.0,True,199.0,180.66635131835938,-18.333648681640625,18.333648681640625,2021-05-06 09:00:00,2021-05-06 13:15:00,255.0,255.0
D2,F5-2-nlinear-c96,0,6,2021-05-07,96,1.0,True,181.0,182.37286376953125,1.37286376953125,1.37286376953125,2021-05-07 09:00:00,2021-05-07 13:30:00,270.0,270.0
D2,F5-2-nlinear-c96,0,6,2021-05-08,96,1.0,True,115.0,122.83261108398438,7.832611083984375,7.832611083984375,2021-05-08 02:00:00,2021-05-08 08:45:00,405.0,405.0
D2,F5-2-nlinear-c96,0,6,2021-05-09,96,1.0,True,184.0,169.13473510742188,-14.865264892578125,14.865264892578125,2021-05-09 09:00:00,2021-05-09 13:15:00,255.0,255.0
D2,F5-2-nlinear-c96,0,7,2021-04-19,96,1.0,True,172.0,167.02178955078125,-4.97821044921875,4.97821044921875,2021-04-19 08:45:00,2021-04-19 13:45:00,300.0,300.0
D2,F5-2-nlinear-c96,0,7,2021-04-20,96,1.0,True,172.0,180.7180633544922,8.718063354492188,8.718063354492188,2021-04-20 08:45:00,2021-04-20 13:45:00,300.0,300.0
D2,F5-2-nlinear-c96,0,7,2021-04-21,96,1.0,True,174.0,166.78976440429688,-7.210235595703125,7.210235595703125,2021-04-21 08:30:00,2021-04-21 11:00:00,150.0,150.0
D2,F5-2-nlinear-c96,0,7,2021-04-22,96,1.0,True,174.0,169.32736206054688,-4.672637939453125,4.672637939453125,2021-04-22 08:30:00,2021-04-22 13:30:00,300.0,300.0
D2,F5-2-nlinear-c96,0,7,2021-04-23,96,1.0,True,174.0,169.32736206054688,-4.672637939453125,4.672637939453125,2021-04-23 08:30:00,2021-04-23 13:30:00,300.0,300.0
D2,F5-2-nlinear-c96,0,7,2021-04-24,96,1.0,True,112.0,121.33173370361328,9.331733703613281,9.331733703613281,2021-04-24 06:15:00,2021-04-24 08:30:00,135.0,135.0
D2,F5-2-nlinear-c96,0,7,2021-04-25,96,1.0,True,25.0,36.00879669189453,11.008796691894531,11.008796691894531,2021-04-25 01:30:00,2021-04-25 01:30:00,0.0,0.0
D2,F5-2-nlinear-c96,0,7,2021-05-03,96,1.0,True,184.0,176.22344970703125,-7.77655029296875,7.77655029296875,2021-05-03 08:30:00,2021-05-03 13:45:00,315.0,315.0
D2,F5-2-nlinear-c96,0,7,2021-05-04,96,1.0,True,181.0,193.26043701171875,12.26043701171875,12.26043701171875,2021-05-04 08:30:00,2021-05-04 13:45:00,315.0,315.0
D2,F5-2-nlinear-c96,0,7,2021-05-05,96,1.0,True,120.0,126.54861450195312,6.548614501953125,6.548614501953125,2021-05-05 04:15:00,2021-05-05 08:30:00,255.0,255.0
D2,F5-2-nlinear-c96,0,7,2021-05-06,96,1.0,True,199.0,183.15805053710938,-15.841949462890625,15.841949462890625,2021-05-06 09:00:00,2021-05-06 13:30:00,270.0,270.0
D2,F5-2-nlinear-c96,0,7,2021-05-07,96,1.0,True,181.0,180.74436950683594,-0.2556304931640625,0.2556304931640625,2021-05-07 09:00:00,2021-05-07 13:45:00,285.0,285.0
D2,F5-2-nlinear-c96,0,7,2021-05-08,96,1.0,True,115.0,126.26821899414062,11.268218994140625,11.268218994140625,2021-05-08 02:00:00,2021-05-08 08:30:00,390.0,390.0
D2,F5-2-nlinear-c96,0,7,2021-05-09,96,1.0,True,184.0,172.2612762451172,-11.738723754882812,11.738723754882812,2021-05-09 09:00:00,2021-05-09 13:30:00,270.0,270.0
D2,F5-2-nlinear-c96,0,8,2021-04-19,96,1.0,True,172.0,162.52723693847656,-9.472763061523438,9.472763061523438,2021-04-19 08:45:00,2021-04-19 13:15:00,270.0,270.0
D2,F5-2-nlinear-c96,0,8,2021-04-20,96,1.0,True,172.0,174.36834716796875,2.36834716796875,2.36834716796875,2021-04-20 08:45:00,2021-04-20 14:00:00,315.0,315.0
D2,F5-2-nlinear-c96,0,8,2021-04-21,96,1.0,True,174.0,163.94674682617188,-10.053253173828125,10.053253173828125,2021-04-21 08:30:00,2021-04-21 11:15:00,165.0,165.0
D2,F5-2-nlinear-c96,0,8,2021-04-22,96,1.0,True,174.0,165.99734497070312,-8.002655029296875,8.002655029296875,2021-04-22 08:30:00,2021-04-22 11:15:00,165.0,165.0
D2,F5-2-nlinear-c96,0,8,2021-04-23,96,1.0,True,174.0,165.99734497070312,-8.002655029296875,8.002655029296875,2021-04-23 08:30:00,2021-04-23 11:15:00,165.0,165.0
D2,F5-2-nlinear-c96,0,8,2021-04-24,96,1.0,True,112.0,131.62557983398438,19.625579833984375,19.625579833984375,2021-04-24 06:15:00,2021-04-24 08:30:00,135.0,135.0
D2,F5-2-nlinear-c96,0,8,2021-04-25,96,1.0,True,25.0,35.85887145996094,10.858871459960938,10.858871459960938,2021-04-25 01:30:00,2021-04-25 02:00:00,30.0,30.0
D2,F5-2-nlinear-c96,0,8,2021-05-03,96,1.0,True,184.0,174.47897338867188,-9.521026611328125,9.521026611328125,2021-05-03 08:30:00,2021-05-03 15:45:00,435.0,435.0
D2,F5-2-nlinear-c96,0,8,2021-05-04,96,1.0,True,181.0,192.13868713378906,11.138687133789062,11.138687133789062,2021-05-04 08:30:00,2021-05-04 14:00:00,330.0,330.0
D2,F5-2-nlinear-c96,0,8,2021-05-05,96,1.0,True,120.0,133.0510711669922,13.051071166992188,13.051071166992188,2021-05-05 04:15:00,2021-05-05 08:30:00,255.0,255.0
D2,F5-2-nlinear-c96,0,8,2021-05-06,96,1.0,True,199.0,175.71908569335938,-23.280914306640625,23.280914306640625,2021-05-06 09:00:00,2021-05-06 13:30:00,270.0,270.0
D2,F5-2-nlinear-c96,0,8,2021-05-07,96,1.0,True,181.0,174.52987670898438,-6.470123291015625,6.470123291015625,2021-05-07 09:00:00,2021-05-07 15:45:00,405.0,405.0
D2,F5-2-nlinear-c96,0,8,2021-05-08,96,1.0,True,115.0,133.9099578857422,18.909957885742188,18.909957885742188,2021-05-08 02:00:00,2021-05-08 08:30:00,390.0,390.0
D2,F5-2-nlinear-c96,0,8,2021-05-09,96,1.0,True,184.0,168.41842651367188,-15.581573486328125,15.581573486328125,2021-05-09 09:00:00,2021-05-09 13:15:00,255.0,255.0
D2,F5-2-nlinear-c96,0,9,2021-04-19,96,1.0,True,172.0,166.3167724609375,-5.6832275390625,5.6832275390625,2021-04-19 08:45:00,2021-04-19 13:30:00,285.0,285.0
D2,F5-2-nlinear-c96,0,9,2021-04-20,96,1.0,True,172.0,175.4404296875,3.4404296875,3.4404296875,2021-04-20 08:45:00,2021-04-20 14:15:00,330.0,330.0
D2,F5-2-nlinear-c96,0,9,2021-04-21,96,1.0,True,174.0,169.19100952148438,-4.808990478515625,4.808990478515625,2021-04-21 08:30:00,2021-04-21 13:30:00,300.0,300.0
D2,F5-2-nlinear-c96,0,9,2021-04-22,96,1.0,True,174.0,169.57330322265625,-4.42669677734375,4.42669677734375,2021-04-22 08:30:00,2021-04-22 10:45:00,135.0,135.0
D2,F5-2-nlinear-c96,0,9,2021-04-23,96,1.0,True,174.0,169.57330322265625,-4.42669677734375,4.42669677734375,2021-04-23 08:30:00,2021-04-23 10:45:00,135.0,135.0
D2,F5-2-nlinear-c96,0,9,2021-04-24,96,1.0,True,112.0,136.5975341796875,24.5975341796875,24.5975341796875,2021-04-24 06:15:00,2021-04-24 08:45:00,150.0,150.0
D2,F5-2-nlinear-c96,0,9,2021-04-25,96,1.0,True,25.0,34.71852111816406,9.718521118164062,9.718521118164062,2021-04-25 01:30:00,2021-04-25 02:00:00,30.0,30.0
D2,F5-2-nlinear-c96,0,9,2021-05-03,96,1.0,True,184.0,178.4123077392578,-5.5876922607421875,5.5876922607421875,2021-05-03 08:30:00,2021-05-03 16:00:00,450.0,450.0
D2,F5-2-nlinear-c96,0,9,2021-05-04,96,1.0,True,181.0,189.55776977539062,8.557769775390625,8.557769775390625,2021-05-04 08:30:00,2021-05-04 14:15:00,345.0,345.0
D2,F5-2-nlinear-c96,0,9,2021-05-05,96,1.0,True,120.0,136.037109375,16.037109375,16.037109375,2021-05-05 04:15:00,2021-05-05 08:45:00,270.0,270.0
D2,F5-2-nlinear-c96,0,9,2021-05-06,96,1.0,True,199.0,176.3570556640625,-22.6429443359375,22.6429443359375,2021-05-06 09:00:00,2021-05-06 13:15:00,255.0,255.0
D2,F5-2-nlinear-c96,0,9,2021-05-07,96,1.0,True,181.0,176.70619201660156,-4.2938079833984375,4.2938079833984375,2021-05-07 09:00:00,2021-05-07 16:00:00,420.0,420.0
D2,F5-2-nlinear-c96,0,9,2021-05-08,96,1.0,True,115.0,139.0882568359375,24.0882568359375,24.0882568359375,2021-05-08 02:00:00,2021-05-08 08:45:00,405.0,405.0
D2,F5-2-nlinear-c96,0,9,2021-05-09,96,1.0,True,184.0,171.9583282470703,-12.041671752929688,12.041671752929688,2021-05-09 09:00:00,2021-05-09 13:30:00,270.0,270.0
D2,F5-2-nlinear-c96,0,10,2021-04-19,96,1.0,True,172.0,163.02410888671875,-8.97589111328125,8.97589111328125,2021-04-19 08:45:00,2021-04-19 13:45:00,300.0,300.0
D2,F5-2-nlinear-c96,0,10,2021-04-20,96,1.0,True,172.0,173.62533569335938,1.625335693359375,1.625335693359375,2021-04-20 08:45:00,2021-04-20 14:30:00,345.0,345.0
D2,F5-2-nlinear-c96,0,10,2021-04-21,96,1.0,True,174.0,167.72830200195312,-6.271697998046875,6.271697998046875,2021-04-21 08:30:00,2021-04-21 13:45:00,315.0,315.0
D2,F5-2-nlinear-c96,0,10,2021-04-22,96,1.0,True,174.0,169.78517150878906,-4.2148284912109375,4.2148284912109375,2021-04-22 08:30:00,2021-04-22 11:00:00,150.0,150.0
D2,F5-2-nlinear-c96,0,10,2021-04-23,96,1.0,True,174.0,169.78517150878906,-4.2148284912109375,4.2148284912109375,2021-04-23 08:30:00,2021-04-23 11:00:00,150.0,150.0
D2,F5-2-nlinear-c96,0,10,2021-04-24,96,1.0,True,112.0,140.44110107421875,28.44110107421875,28.44110107421875,2021-04-24 06:15:00,2021-04-24 08:45:00,150.0,150.0
D2,F5-2-nlinear-c96,0,10,2021-04-25,96,1.0,True,25.0,32.10493850708008,7.104938507080078,7.104938507080078,2021-04-25 01:30:00,2021-04-25 02:30:00,60.0,60.0
D2,F5-2-nlinear-c96,0,10,2021-05-03,96,1.0,True,184.0,178.0362548828125,-5.9637451171875,5.9637451171875,2021-05-03 08:30:00,2021-05-03 16:30:00,480.0,480.0
D2,F5-2-nlinear-c96,0,10,2021-05-04,96,1.0,True,181.0,187.10426330566406,6.1042633056640625,6.1042633056640625,2021-05-04 08:30:00,2021-05-04 14:30:00,360.0,360.0
D2,F5-2-nlinear-c96,0,10,2021-05-05,96,1.0,True,120.0,137.10128784179688,17.101287841796875,17.101287841796875,2021-05-05 04:15:00,2021-05-05 09:00:00,285.0,285.0
D2,F5-2-nlinear-c96,0,10,2021-05-06,96,1.0,True,199.0,176.2222137451172,-22.777786254882812,22.777786254882812,2021-05-06 09:00:00,2021-05-06 13:30:00,270.0,270.0
D2,F5-2-nlinear-c96,0,10,2021-05-07,96,1.0,True,181.0,174.31021118164062,-6.689788818359375,6.689788818359375,2021-05-07 09:00:00,2021-05-07 14:30:00,330.0,330.0
D2,F5-2-nlinear-c96,0,10,2021-05-08,96,1.0,True,115.0,141.13189697265625,26.13189697265625,26.13189697265625,2021-05-08 02:00:00,2021-05-08 08:45:00,405.0,405.0
D2,F5-2-nlinear-c96,0,10,2021-05-09,96,1.0,True,184.0,166.60739135742188,-17.392608642578125,17.392608642578125,2021-05-09 09:00:00,2021-05-09 13:45:00,285.0,285.0
D2,F5-2-nlinear-c96,0,11,2021-04-19,96,1.0,True,172.0,161.612548828125,-10.387451171875,10.387451171875,2021-04-19 08:45:00,2021-04-19 14:00:00,315.0,315.0
D2,F5-2-nlinear-c96,0,11,2021-04-20,96,1.0,True,172.0,175.8119659423828,3.8119659423828125,3.8119659423828125,2021-04-20 08:45:00,2021-04-20 14:45:00,360.0,360.0
D2,F5-2-nlinear-c96,0,11,2021-04-21,96,1.0,True,174.0,174.18869018554688,0.188690185546875,0.188690185546875,2021-04-21 08:30:00,2021-04-21 13:30:00,300.0,300.0
D2,F5-2-nlinear-c96,0,11,2021-04-22,96,1.0,True,174.0,169.52288818359375,-4.47711181640625,4.47711181640625,2021-04-22 08:30:00,2021-04-22 13:30:00,300.0,300.0
D2,F5-2-nlinear-c96,0,11,2021-04-23,96,1.0,True,174.0,169.52288818359375,-4.47711181640625,4.47711181640625,2021-04-23 08:30:00,2021-04-23 13:30:00,300.0,300.0
D2,F5-2-nlinear-c96,0,11,2021-04-24,96,1.0,True,112.0,141.7667694091797,29.766769409179688,29.766769409179688,2021-04-24 06:15:00,2021-04-24 08:45:00,150.0,150.0
D2,F5-2-nlinear-c96,0,11,2021-04-25,96,1.0,True,25.0,30.28115463256836,5.281154632568359,5.281154632568359,2021-04-25 01:30:00,2021-04-25 02:45:00,75.0,75.0
D2,F5-2-nlinear-c96,0,11,2021-05-03,96,1.0,True,184.0,178.55833435058594,-5.4416656494140625,5.4416656494140625,2021-05-03 08:30:00,2021-05-03 16:30:00,480.0,480.0
D2,F5-2-nlinear-c96,0,11,2021-05-04,96,1.0,True,181.0,187.23822021484375,6.23822021484375,6.23822021484375,2021-05-04 08:30:00,2021-05-04 14:45:00,375.0,375.0
D2,F5-2-nlinear-c96,0,11,2021-05-05,96,1.0,True,120.0,139.01522827148438,19.015228271484375,19.015228271484375,2021-05-05 04:15:00,2021-05-05 09:15:00,300.0,300.0
D2,F5-2-nlinear-c96,0,11,2021-05-06,96,1.0,True,199.0,173.18215942382812,-25.817840576171875,25.817840576171875,2021-05-06 09:00:00,2021-05-06 13:45:00,285.0,285.0
D2,F5-2-nlinear-c96,0,11,2021-05-07,96,1.0,True,181.0,176.81851196289062,-4.181488037109375,4.181488037109375,2021-05-07 09:00:00,2021-05-07 09:00:00,0.0,0.0
D2,F5-2-nlinear-c96,0,11,2021-05-08,96,1.0,True,115.0,143.79832458496094,28.798324584960938,28.798324584960938,2021-05-08 02:00:00,2021-05-08 09:00:00,420.0,420.0
D2,F5-2-nlinear-c96,0,11,2021-05-09,96,1.0,True,184.0,166.843017578125,-17.156982421875,17.156982421875,2021-05-09 09:00:00,2021-05-09 14:00:00,300.0,300.0
D2,F5-2-nlinear-c96,0,12,2021-04-19,96,1.0,True,172.0,161.99949645996094,-10.000503540039062,10.000503540039062,2021-04-19 08:45:00,2021-04-19 14:15:00,330.0,330.0
D2,F5-2-nlinear-c96,0,12,2021-04-20,96,1.0,True,172.0,175.82965087890625,3.82965087890625,3.82965087890625,2021-04-20 08:45:00,2021-04-20 15:00:00,375.0,375.0
D2,F5-2-nlinear-c96,0,12,2021-04-21,96,1.0,True,174.0,177.03720092773438,3.037200927734375,3.037200927734375,2021-04-21 08:30:00,2021-04-21 13:30:00,300.0,300.0
D2,F5-2-nlinear-c96,0,12,2021-04-22,96,1.0,True,174.0,172.4370880126953,-1.5629119873046875,1.5629119873046875,2021-04-22 08:30:00,2021-04-22 13:30:00,300.0,300.0
D2,F5-2-nlinear-c96,0,12,2021-04-23,96,1.0,True,174.0,172.4370880126953,-1.5629119873046875,1.5629119873046875,2021-04-23 08:30:00,2021-04-23 13:30:00,300.0,300.0
D2,F5-2-nlinear-c96,0,12,2021-04-24,96,1.0,True,112.0,140.57269287109375,28.57269287109375,28.57269287109375,2021-04-24 06:15:00,2021-04-24 09:15:00,180.0,180.0
D2,F5-2-nlinear-c96,0,12,2021-04-25,96,1.0,True,25.0,33.50471878051758,8.504718780517578,8.504718780517578,2021-04-25 01:30:00,2021-04-25 03:45:00,135.0,135.0
D2,F5-2-nlinear-c96,0,12,2021-05-03,96,1.0,True,184.0,174.15647888183594,-9.843521118164062,9.843521118164062,2021-05-03 08:30:00,2021-05-03 16:45:00,495.0,495.0
D2,F5-2-nlinear-c96,0,12,2021-05-04,96,1.0,True,181.0,179.94528198242188,-1.054718017578125,1.054718017578125,2021-05-04 08:30:00,2021-05-04 13:30:00,300.0,300.0
D2,F5-2-nlinear-c96,0,12,2021-05-05,96,1.0,True,120.0,139.19044494628906,19.190444946289062,19.190444946289062,2021-05-05 04:15:00,2021-05-05 09:00:00,285.0,285.0
D2,F5-2-nlinear-c96,0,12,2021-05-06,96,1.0,True,199.0,173.30807495117188,-25.691925048828125,25.691925048828125,2021-05-06 09:00:00,2021-05-06 13:30:00,270.0,270.0
D2,F5-2-nlinear-c96,0,12,2021-05-07,96,1.0,True,181.0,174.60946655273438,-6.390533447265625,6.390533447265625,2021-05-07 09:00:00,2021-05-07 13:30:00,270.0,270.0
D2,F5-2-nlinear-c96,0,12,2021-05-08,96,1.0,True,115.0,141.24041748046875,26.24041748046875,26.24041748046875,2021-05-08 02:00:00,2021-05-08 09:15:00,435.0,435.0
D2,F5-2-nlinear-c96,0,12,2021-05-09,96,1.0,True,184.0,164.59622192382812,-19.403778076171875,19.403778076171875,2021-05-09 09:00:00,2021-05-09 13:30:00,270.0,270.0
D2,F5-2-nlinear-c96,0,13,2021-04-19,96,1.0,True,172.0,157.28439331054688,-14.715606689453125,14.715606689453125,2021-04-19 08:45:00,2021-04-19 14:00:00,315.0,315.0
D2,F5-2-nlinear-c96,0,13,2021-04-20,96,1.0,True,172.0,173.6544952392578,1.6544952392578125,1.6544952392578125,2021-04-20 08:45:00,2021-04-20 15:15:00,390.0,390.0
D2,F5-2-nlinear-c96,0,13,2021-04-21,96,1.0,True,174.0,174.04721069335938,0.047210693359375,0.047210693359375,2021-04-21 08:30:00,2021-04-21 13:45:00,315.0,315.0
D2,F5-2-nlinear-c96,0,13,2021-04-22,96,1.0,True,174.0,172.2306671142578,-1.7693328857421875,1.7693328857421875,2021-04-22 08:30:00,2021-04-22 13:45:00,315.0,315.0
D2,F5-2-nlinear-c96,0,13,2021-04-23,96,1.0,True,174.0,172.2306671142578,-1.7693328857421875,1.7693328857421875,2021-04-23 08:30:00,2021-04-23 13:45:00,315.0,315.0
D2,F5-2-nlinear-c96,0,13,2021-04-24,96,1.0,True,112.0,142.1967010498047,30.196701049804688,30.196701049804688,2021-04-24 06:15:00,2021-04-24 09:15:00,180.0,180.0
D2,F5-2-nlinear-c96,0,13,2021-04-25,96,1.0,True,25.0,37.85498046875,12.85498046875,12.85498046875,2021-04-25 01:30:00,2021-04-25 03:45:00,135.0,135.0
D2,F5-2-nlinear-c96,0,13,2021-05-03,96,1.0,True,184.0,168.69863891601562,-15.301361083984375,15.301361083984375,2021-05-03 08:30:00,2021-05-03 16:30:00,480.0,480.0
D2,F5-2-nlinear-c96,0,13,2021-05-04,96,1.0,True,181.0,178.06057739257812,-2.939422607421875,2.939422607421875,2021-05-04 08:30:00,2021-05-04 13:15:00,285.0,285.0
D2,F5-2-nlinear-c96,0,13,2021-05-05,96,1.0,True,120.0,143.14991760253906,23.149917602539062,23.149917602539062,2021-05-05 04:15:00,2021-05-05 09:15:00,300.0,300.0
D2,F5-2-nlinear-c96,0,13,2021-05-06,96,1.0,True,199.0,171.90447998046875,-27.09552001953125,27.09552001953125,2021-05-06 09:00:00,2021-05-06 13:15:00,255.0,255.0
D2,F5-2-nlinear-c96,0,13,2021-05-07,96,1.0,True,181.0,176.16610717773438,-4.833892822265625,4.833892822265625,2021-05-07 09:00:00,2021-05-07 09:30:00,30.0,30.0
D2,F5-2-nlinear-c96,0,13,2021-05-08,96,1.0,True,115.0,141.78895568847656,26.788955688476562,26.788955688476562,2021-05-08 02:00:00,2021-05-08 09:30:00,450.0,450.0
D2,F5-2-nlinear-c96,0,13,2021-05-09,96,1.0,True,184.0,160.89883422851562,-23.101165771484375,23.101165771484375,2021-05-09 09:00:00,2021-05-09 13:45:00,285.0,285.0
D2,F5-2-nlinear-c96,0,14,2021-04-19,96,1.0,True,172.0,160.3937225341797,-11.606277465820312,11.606277465820312,2021-04-19 08:45:00,2021-04-19 14:15:00,330.0,330.0
D2,F5-2-nlinear-c96,0,14,2021-04-20,96,1.0,True,172.0,180.0920867919922,8.092086791992188,8.092086791992188,2021-04-20 08:45:00,2021-04-20 15:30:00,405.0,405.0
D2,F5-2-nlinear-c96,0,14,2021-04-21,96,1.0,True,174.0,169.53302001953125,-4.46697998046875,4.46697998046875,2021-04-21 08:30:00,2021-04-21 14:00:00,330.0,330.0
D2,F5-2-nlinear-c96,0,14,2021-04-22,96,1.0,True,174.0,170.11402893066406,-3.8859710693359375,3.8859710693359375,2021-04-22 08:30:00,2021-04-22 14:00:00,330.0,330.0
D2,F5-2-nlinear-c96,0,14,2021-04-23,96,1.0,True,174.0,170.11402893066406,-3.8859710693359375,3.8859710693359375,2021-04-23 08:30:00,2021-04-23 14:00:00,330.0,330.0
D2,F5-2-nlinear-c96,0,14,2021-04-24,96,1.0,True,112.0,138.46636962890625,26.46636962890625,26.46636962890625,2021-04-24 06:15:00,2021-04-24 09:30:00,195.0,195.0
D2,F5-2-nlinear-c96,0,14,2021-04-25,96,1.0,True,25.0,40.55626678466797,15.556266784667969,15.556266784667969,2021-04-25 01:30:00,2021-04-25 01:30:00,0.0,0.0
D2,F5-2-nlinear-c96,0,14,2021-05-03,96,1.0,True,184.0,165.9985809326172,-18.001419067382812,18.001419067382812,2021-05-03 08:30:00,2021-05-03 15:30:00,420.0,420.0
D2,F5-2-nlinear-c96,0,14,2021-05-04,96,1.0,True,181.0,184.94073486328125,3.94073486328125,3.94073486328125,2021-05-04 08:30:00,2021-05-04 15:30:00,420.0,420.0
D2,F5-2-nlinear-c96,0,14,2021-05-05,96,1.0,True,120.0,143.2823028564453,23.282302856445312,23.282302856445312,2021-05-05 04:15:00,2021-05-05 09:30:00,315.0,315.0
D2,F5-2-nlinear-c96,0,14,2021-05-06,96,1.0,True,199.0,174.8048553466797,-24.195144653320312,24.195144653320312,2021-05-06 09:00:00,2021-05-06 13:30:00,270.0,270.0
D2,F5-2-nlinear-c96,0,14,2021-05-07,96,1.0,True,181.0,177.436767578125,-3.563232421875,3.563232421875,2021-05-07 09:00:00,2021-05-07 13:30:00,270.0,270.0
D2,F5-2-nlinear-c96,0,14,2021-05-08,96,1.0,True,115.0,135.49990844726562,20.499908447265625,20.499908447265625,2021-05-08 02:00:00,2021-05-08 08:45:00,405.0,405.0
D2,F5-2-nlinear-c96,0,14,2021-05-09,96,1.0,True,184.0,161.93829345703125,-22.06170654296875,22.06170654296875,2021-05-09 09:00:00,2021-05-09 14:00:00,300.0,300.0
D2,F5-2-nlinear-c96,0,15,2021-04-19,96,1.0,True,172.0,161.48880004882812,-10.511199951171875,10.511199951171875,2021-04-19 08:45:00,2021-04-19 15:45:00,420.0,420.0
D2,F5-2-nlinear-c96,0,15,2021-04-20,96,1.0,True,172.0,184.64889526367188,12.648895263671875,12.648895263671875,2021-04-20 08:45:00,2021-04-20 15:45:00,420.0,420.0
D2,F5-2-nlinear-c96,0,15,2021-04-21,96,1.0,True,174.0,170.83184814453125,-3.16815185546875,3.16815185546875,2021-04-21 08:30:00,2021-04-21 14:15:00,345.0,345.0
D2,F5-2-nlinear-c96,0,15,2021-04-22,96,1.0,True,174.0,171.9271240234375,-2.0728759765625,2.0728759765625,2021-04-22 08:30:00,2021-04-22 14:15:00,345.0,345.0
D2,F5-2-nlinear-c96,0,15,2021-04-23,96,1.0,True,174.0,171.9271240234375,-2.0728759765625,2.0728759765625,2021-04-23 08:30:00,2021-04-23 14:15:00,345.0,345.0
D2,F5-2-nlinear-c96,0,15,2021-04-24,96,1.0,True,112.0,131.98880004882812,19.988800048828125,19.988800048828125,2021-04-24 06:15:00,2021-04-24 09:45:00,210.0,210.0
D2,F5-2-nlinear-c96,0,15,2021-04-25,96,1.0,True,25.0,38.21742248535156,13.217422485351562,13.217422485351562,2021-04-25 01:30:00,2021-04-25 01:45:00,15.0,15.0
D2,F5-2-nlinear-c96,0,15,2021-05-03,96,1.0,True,184.0,171.17938232421875,-12.82061767578125,12.82061767578125,2021-05-03 08:30:00,2021-05-03 15:45:00,435.0,435.0
D2,F5-2-nlinear-c96,0,15,2021-05-04,96,1.0,True,181.0,185.9627685546875,4.9627685546875,4.9627685546875,2021-05-04 08:30:00,2021-05-04 15:45:00,435.0,435.0
D2,F5-2-nlinear-c96,0,15,2021-05-05,96,1.0,True,120.0,144.06503295898438,24.065032958984375,24.065032958984375,2021-05-05 04:15:00,2021-05-05 09:45:00,330.0,330.0
D2,F5-2-nlinear-c96,0,15,2021-05-06,96,1.0,True,199.0,176.349365234375,-22.650634765625,22.650634765625,2021-05-06 09:00:00,2021-05-06 13:45:00,285.0,285.0
D2,F5-2-nlinear-c96,0,15,2021-05-07,96,1.0,True,181.0,180.1138916015625,-0.8861083984375,0.8861083984375,2021-05-07 09:00:00,2021-05-07 15:45:00,405.0,405.0
D2,F5-2-nlinear-c96,0,15,2021-05-08,96,1.0,True,115.0,136.83181762695312,21.831817626953125,21.831817626953125,2021-05-08 02:00:00,2021-05-08 09:00:00,420.0,420.0
D2,F5-2-nlinear-c96,0,15,2021-05-09,96,1.0,True,184.0,162.4307861328125,-21.5692138671875,21.5692138671875,2021-05-09 09:00:00,2021-05-09 15:30:00,390.0,390.0
D2,F5-2-nlinear-c96,0,16,2021-04-19,96,1.0,True,172.0,160.57781982421875,-11.42218017578125,11.42218017578125,2021-04-19 08:45:00,2021-04-19 16:00:00,435.0,435.0
D2,F5-2-nlinear-c96,0,16,2021-04-20,96,1.0,True,172.0,183.51657104492188,11.516571044921875,11.516571044921875,2021-04-20 08:45:00,2021-04-20 16:00:00,435.0,435.0
D2,F5-2-nlinear-c96,0,16,2021-04-21,96,1.0,True,174.0,166.79568481445312,-7.204315185546875,7.204315185546875,2021-04-21 08:30:00,2021-04-21 14:30:00,360.0,360.0
D2,F5-2-nlinear-c96,0,16,2021-04-22,96,1.0,True,174.0,168.9527587890625,-5.0472412109375,5.0472412109375,2021-04-22 08:30:00,2021-04-22 14:30:00,360.0,360.0
D2,F5-2-nlinear-c96,0,16,2021-04-23,96,1.0,True,174.0,168.9527587890625,-5.0472412109375,5.0472412109375,2021-04-23 08:30:00,2021-04-23 14:30:00,360.0,360.0
D2,F5-2-nlinear-c96,0,16,2021-04-24,96,1.0,True,112.0,132.10360717773438,20.103607177734375,20.103607177734375,2021-04-24 06:15:00,2021-04-24 09:00:00,165.0,165.0
D2,F5-2-nlinear-c96,0,16,2021-04-25,96,1.0,True,25.0,36.75615692138672,11.756156921386719,11.756156921386719,2021-04-25 01:30:00,2021-04-25 02:00:00,30.0,30.0
D2,F5-2-nlinear-c96,0,16,2021-05-03,96,1.0,True,184.0,169.85403442382812,-14.145965576171875,14.145965576171875,2021-05-03 08:30:00,2021-05-03 16:00:00,450.0,450.0
D2,F5-2-nlinear-c96,0,16,2021-05-04,96,1.0,True,181.0,191.20989990234375,10.20989990234375,10.20989990234375,2021-05-04 08:30:00,2021-05-04 16:00:00,450.0,450.0
D2,F5-2-nlinear-c96,0,16,2021-05-05,96,1.0,True,120.0,148.51235961914062,28.512359619140625,28.512359619140625,2021-05-05 04:15:00,2021-05-05 00:00:00,-255.0,255.0
D2,F5-2-nlinear-c96,0,16,2021-05-06,96,1.0,True,199.0,179.64259338378906,-19.357406616210938,19.357406616210938,2021-05-06 09:00:00,2021-05-06 14:00:00,300.0,300.0
D2,F5-2-nlinear-c96,0,16,2021-05-07,96,1.0,True,181.0,183.10870361328125,2.10870361328125,2.10870361328125,2021-05-07 09:00:00,2021-05-07 16:00:00,420.0,420.0
D2,F5-2-nlinear-c96,0,16,2021-05-08,96,1.0,True,115.0,140.35043334960938,25.350433349609375,25.350433349609375,2021-05-08 02:00:00,2021-05-08 09:00:00,420.0,420.0
D2,F5-2-nlinear-c96,0,16,2021-05-09,96,1.0,True,184.0,162.82913208007812,-21.170867919921875,21.170867919921875,2021-05-09 09:00:00,2021-05-09 15:45:00,405.0,405.0
D2,F5-2-nlinear-c96,1,4,2021-05-31,95,0.9895833333333334,False,172.0,171.52279663085938,-0.477203369140625,0.477203369140625,2021-05-31 10:30:00,2021-05-31 20:45:00,615.0,615.0
D2,F5-2-nlinear-c96,1,4,2021-06-01,1,0.010416666666666666,False,71.0,95.46910095214844,24.469100952148438,24.469100952148438,2021-06-01 00:00:00,2021-06-01 00:00:00,0.0,0.0
D2,F5-2-nlinear-c96,1,4,2021-06-20,95,0.9895833333333334,False,28.0,38.12100601196289,10.12100601196289,10.12100601196289,2021-06-20 15:15:00,2021-06-20 01:30:00,-825.0,825.0
D2,F5-2-nlinear-c96,1,5,2021-05-31,95,0.9895833333333334,False,172.0,168.5299072265625,-3.4700927734375,3.4700927734375,2021-05-31 10:30:00,2021-05-31 13:15:00,165.0,165.0
D2,F5-2-nlinear-c96,1,5,2021-06-01,1,0.010416666666666666,False,71.0,94.6442642211914,23.644264221191406,23.644264221191406,2021-06-01 00:00:00,2021-06-01 00:00:00,0.0,0.0
D2,F5-2-nlinear-c96,1,5,2021-06-20,95,0.9895833333333334,False,28.0,37.861045837402344,9.861045837402344,9.861045837402344,2021-06-20 15:15:00,2021-06-20 01:45:00,-810.0,810.0
D2,F5-2-nlinear-c96,1,6,2021-05-31,95,0.9895833333333334,False,172.0,169.00607299804688,-2.993927001953125,2.993927001953125,2021-05-31 10:30:00,2021-05-31 13:30:00,180.0,180.0
D2,F5-2-nlinear-c96,1,6,2021-06-01,1,0.010416666666666666,False,71.0,104.90513610839844,33.90513610839844,33.90513610839844,2021-06-01 00:00:00,2021-06-01 00:00:00,0.0,0.0
D2,F5-2-nlinear-c96,1,6,2021-06-20,95,0.9895833333333334,False,28.0,38.09970474243164,10.09970474243164,10.09970474243164,2021-06-20 15:15:00,2021-06-20 02:15:00,-780.0,780.0
D2,F5-2-nlinear-c96,1,7,2021-05-31,95,0.9895833333333334,False,172.0,166.7096405029297,-5.2903594970703125,5.2903594970703125,2021-05-31 10:30:00,2021-05-31 13:30:00,180.0,180.0
D2,F5-2-nlinear-c96,1,7,2021-06-01,1,0.010416666666666666,False,71.0,99.19253540039062,28.192535400390625,28.192535400390625,2021-06-01 00:00:00,2021-06-01 00:00:00,0.0,0.0
D2,F5-2-nlinear-c96,1,7,2021-06-20,95,0.9895833333333334,False,28.0,37.37525177001953,9.375251770019531,9.375251770019531,2021-06-20 15:15:00,2021-06-20 02:30:00,-765.0,765.0
D2,F5-2-nlinear-c96,1,8,2021-05-31,95,0.9895833333333334,False,172.0,166.26536560058594,-5.7346343994140625,5.7346343994140625,2021-05-31 10:30:00,2021-05-31 13:30:00,180.0,180.0
D2,F5-2-nlinear-c96,1,8,2021-06-01,1,0.010416666666666666,False,71.0,96.12975311279297,25.12975311279297,25.12975311279297,2021-06-01 00:00:00,2021-06-01 00:00:00,0.0,0.0
D2,F5-2-nlinear-c96,1,8,2021-06-20,95,0.9895833333333334,False,28.0,36.741336822509766,8.741336822509766,8.741336822509766,2021-06-20 15:15:00,2021-06-20 02:30:00,-765.0,765.0
D2,F5-2-nlinear-c96,1,9,2021-05-31,95,0.9895833333333334,False,172.0,164.87826538085938,-7.121734619140625,7.121734619140625,2021-05-31 10:30:00,2021-05-31 13:30:00,180.0,180.0
D2,F5-2-nlinear-c96,1,9,2021-06-01,1,0.010416666666666666,False,71.0,94.07001495361328,23.07001495361328,23.07001495361328,2021-06-01 00:00:00,2021-06-01 00:00:00,0.0,0.0
D2,F5-2-nlinear-c96,1,9,2021-06-20,95,0.9895833333333334,False,28.0,37.51537322998047,9.515373229980469,9.515373229980469,2021-06-20 15:15:00,2021-06-20 02:30:00,-765.0,765.0
D2,F5-2-nlinear-c96,1,10,2021-05-31,95,0.9895833333333334,False,172.0,163.96969604492188,-8.030303955078125,8.030303955078125,2021-05-31 10:30:00,2021-05-31 13:45:00,195.0,195.0
D2,F5-2-nlinear-c96,1,10,2021-06-01,1,0.010416666666666666,False,71.0,92.58161926269531,21.581619262695312,21.581619262695312,2021-06-01 00:00:00,2021-06-01 00:00:00,0.0,0.0
D2,F5-2-nlinear-c96,1,10,2021-06-20,95,0.9895833333333334,False,28.0,36.429527282714844,8.429527282714844,8.429527282714844,2021-06-20 15:15:00,2021-06-20 02:45:00,-750.0,750.0
D2,F5-2-nlinear-c96,1,11,2021-05-31,95,0.9895833333333334,False,172.0,165.09817504882812,-6.901824951171875,6.901824951171875,2021-05-31 10:30:00,2021-05-31 13:30:00,180.0,180.0
D2,F5-2-nlinear-c96,1,11,2021-06-01,1,0.010416666666666666,False,71.0,83.96963500976562,12.969635009765625,12.969635009765625,2021-06-01 00:00:00,2021-06-01 00:00:00,0.0,0.0
D2,F5-2-nlinear-c96,1,11,2021-06-20,95,0.9895833333333334,False,28.0,34.68855285644531,6.6885528564453125,6.6885528564453125,2021-06-20 15:15:00,2021-06-20 03:00:00,-735.0,735.0
D2,F5-2-nlinear-c96,1,12,2021-05-31,95,0.9895833333333334,False,172.0,163.35589599609375,-8.64410400390625,8.64410400390625,2021-05-31 10:30:00,2021-05-31 13:30:00,180.0,180.0
D2,F5-2-nlinear-c96,1,12,2021-06-01,1,0.010416666666666666,False,71.0,92.68452453613281,21.684524536132812,21.684524536132812,2021-06-01 00:00:00,2021-06-01 00:00:00,0.0,0.0
D2,F5-2-nlinear-c96,1,12,2021-06-20,95,0.9895833333333334,False,28.0,34.844608306884766,6.844608306884766,6.844608306884766,2021-06-20 15:15:00,2021-06-20 02:45:00,-750.0,750.0
D2,F5-2-nlinear-c96,1,13,2021-05-31,95,0.9895833333333334,False,172.0,160.90975952148438,-11.090240478515625,11.090240478515625,2021-05-31 10:30:00,2021-05-31 14:00:00,210.0,210.0
D2,F5-2-nlinear-c96,1,13,2021-06-01,1,0.010416666666666666,False,71.0,97.67900848388672,26.67900848388672,26.67900848388672,2021-06-01 00:00:00,2021-06-01 00:00:00,0.0,0.0
D2,F5-2-nlinear-c96,1,13,2021-06-20,95,0.9895833333333334,False,28.0,35.95729446411133,7.957294464111328,7.957294464111328,2021-06-20 15:15:00,2021-06-20 03:00:00,-735.0,735.0
D2,F5-2-nlinear-c96,1,14,2021-05-31,95,0.9895833333333334,False,172.0,162.03060913085938,-9.969390869140625,9.969390869140625,2021-05-31 10:30:00,2021-05-31 14:15:00,225.0,225.0
D2,F5-2-nlinear-c96,1,14,2021-06-01,1,0.010416666666666666,False,71.0,105.72288513183594,34.72288513183594,34.72288513183594,2021-06-01 00:00:00,2021-06-01 00:00:00,0.0,0.0
D2,F5-2-nlinear-c96,1,14,2021-06-20,95,0.9895833333333334,False,28.0,38.09206008911133,10.092060089111328,10.092060089111328,2021-06-20 15:15:00,2021-06-20 01:30:00,-825.0,825.0
D2,F5-2-nlinear-c96,1,15,2021-05-31,95,0.9895833333333334,False,172.0,158.9510498046875,-13.0489501953125,13.0489501953125,2021-05-31 10:30:00,2021-05-31 14:30:00,240.0,240.0
D2,F5-2-nlinear-c96,1,15,2021-06-01,1,0.010416666666666666,False,71.0,117.4776611328125,46.4776611328125,46.4776611328125,2021-06-01 00:00:00,2021-06-01 00:00:00,0.0,0.0
D2,F5-2-nlinear-c96,1,15,2021-06-20,95,0.9895833333333334,False,28.0,39.31025314331055,11.310253143310547,11.310253143310547,2021-06-20 15:15:00,2021-06-20 04:30:00,-645.0,645.0
D2,F5-2-nlinear-c96,1,16,2021-05-31,95,0.9895833333333334,False,172.0,160.16085815429688,-11.839141845703125,11.839141845703125,2021-05-31 10:30:00,2021-05-31 16:00:00,330.0,330.0
D2,F5-2-nlinear-c96,1,16,2021-06-01,1,0.010416666666666666,False,71.0,132.6082000732422,61.60820007324219,61.60820007324219,2021-06-01 00:00:00,2021-06-01 00:00:00,0.0,0.0
D2,F5-2-nlinear-c96,1,16,2021-06-20,95,0.9895833333333334,False,28.0,37.659217834472656,9.659217834472656,9.659217834472656,2021-06-20 15:15:00,2021-06-20 04:45:00,-630.0,630.0
D2,F5-2-nlinear-c96,2,4,2021-07-12,96,1.0,True,198.0,189.11724853515625,-8.88275146484375,8.88275146484375,2021-07-12 08:45:00,2021-07-12 12:45:00,240.0,240.0
D2,F5-2-nlinear-c96,2,4,2021-07-13,1,0.010416666666666666,False,79.0,95.71867370605469,16.718673706054688,16.718673706054688,2021-07-13 00:00:00,2021-07-13 00:00:00,0.0,0.0
D2,F5-2-nlinear-c96,2,4,2021-07-17,80,0.8333333333333334,False,108.0,108.92728424072266,0.9272842407226562,0.9272842407226562,2021-07-17 06:00:00,2021-07-17 04:15:00,-105.0,105.0
D2,F5-2-nlinear-c96,2,4,2021-07-18,84,0.875,False,28.0,33.86757278442383,5.867572784423828,5.867572784423828,2021-07-18 04:30:00,2021-07-18 06:00:00,90.0,90.0
D2,F5-2-nlinear-c96,2,4,2021-07-26,84,0.875,False,217.0,196.57882690429688,-20.421173095703125,20.421173095703125,2021-07-26 08:30:00,2021-07-26 12:00:00,210.0,210.0
D2,F5-2-nlinear-c96,2,4,2021-07-27,84,0.875,False,211.0,204.11734008789062,-6.882659912109375,6.882659912109375,2021-07-27 11:45:00,2021-07-27 11:30:00,-15.0,15.0
D2,F5-2-nlinear-c96,2,4,2021-07-28,84,0.875,False,212.0,210.3486328125,-1.6513671875,1.6513671875,2021-07-28 12:00:00,2021-07-28 11:00:00,-60.0,60.0
D2,F5-2-nlinear-c96,2,4,2021-07-29,84,0.875,False,211.0,208.6681671142578,-2.3318328857421875,2.3318328857421875,2021-07-29 12:00:00,2021-07-29 16:00:00,240.0,240.0
D2,F5-2-nlinear-c96,2,4,2021-07-30,85,0.8854166666666666,False,212.0,205.2796630859375,-6.7203369140625,6.7203369140625,2021-07-30 12:00:00,2021-07-30 11:00:00,-60.0,60.0
D2,F5-2-nlinear-c96,2,4,2021-07-31,96,1.0,True,80.0,99.76360321044922,19.76360321044922,19.76360321044922,2021-07-31 00:00:00,2021-07-31 00:00:00,0.0,0.0
D2,F5-2-nlinear-c96,2,4,2021-08-01,96,1.0,True,28.0,26.91466522216797,-1.0853347778320312,1.0853347778320312,2021-08-01 09:00:00,2021-08-01 10:00:00,60.0,60.0
D2,F5-2-nlinear-c96,2,4,2021-08-09,1,0.010416666666666666,False,21.0,20.69416046142578,-0.30583953857421875,0.30583953857421875,2021-08-09 00:00:00,2021-08-09 00:00:00,0.0,0.0
D2,F5-2-nlinear-c96,2,5,2021-07-12,96,1.0,True,198.0,185.24551391601562,-12.754486083984375,12.754486083984375,2021-07-12 08:45:00,2021-07-12 13:00:00,255.0,255.0
D2,F5-2-nlinear-c96,2,5,2021-07-13,1,0.010416666666666666,False,79.0,105.5954818725586,26.595481872558594,26.595481872558594,2021-07-13 00:00:00,2021-07-13 00:00:00,0.0,0.0
D2,F5-2-nlinear-c96,2,5,2021-07-17,79,0.8229166666666666,False,108.0,109.69401550292969,1.6940155029296875,1.6940155029296875,2021-07-17 06:00:00,2021-07-17 06:15:00,15.0,15.0
D2,F5-2-nlinear-c96,2,5,2021-07-18,84,0.875,False,28.0,29.194488525390625,1.194488525390625,1.194488525390625,2021-07-18 04:30:00,2021-07-18 06:15:00,105.0,105.0
D2,F5-2-nlinear-c96,2,5,2021-07-26,84,0.875,False,217.0,192.26593017578125,-24.73406982421875,24.73406982421875,2021-07-26 08:30:00,2021-07-26 13:15:00,285.0,285.0
D2,F5-2-nlinear-c96,2,5,2021-07-27,84,0.875,False,211.0,205.78244018554688,-5.217559814453125,5.217559814453125,2021-07-27 11:45:00,2021-07-27 13:15:00,90.0,90.0
D2,F5-2-nlinear-c96,2,5,2021-07-28,84,0.875,False,212.0,218.07852172851562,6.078521728515625,6.078521728515625,2021-07-28 12:00:00,2021-07-28 13:15:00,75.0,75.0
D2,F5-2-nlinear-c96,2,5,2021-07-29,84,0.875,False,211.0,214.41427612304688,3.414276123046875,3.414276123046875,2021-07-29 12:00:00,2021-07-29 13:15:00,75.0,75.0
D2,F5-2-nlinear-c96,2,5,2021-07-30,85,0.8854166666666666,False,212.0,218.28976440429688,6.289764404296875,6.289764404296875,2021-07-30 12:00:00,2021-07-30 13:15:00,75.0,75.0
D2,F5-2-nlinear-c96,2,5,2021-07-31,96,1.0,True,80.0,98.11799621582031,18.117996215820312,18.117996215820312,2021-07-31 00:00:00,2021-07-31 00:00:00,0.0,0.0
D2,F5-2-nlinear-c96,2,5,2021-08-01,96,1.0,True,28.0,25.922462463378906,-2.0775375366210938,2.0775375366210938,2021-08-01 09:00:00,2021-08-01 10:15:00,75.0,75.0
D2,F5-2-nlinear-c96,2,5,2021-08-09,1,0.010416666666666666,False,21.0,21.295860290527344,0.29586029052734375,0.29586029052734375,2021-08-09 00:00:00,2021-08-09 00:00:00,0.0,0.0
D2,F5-2-nlinear-c96,2,6,2021-07-12,96,1.0,True,198.0,186.00045776367188,-11.999542236328125,11.999542236328125,2021-07-12 08:45:00,2021-07-12 13:30:00,285.0,285.0
D2,F5-2-nlinear-c96,2,6,2021-07-13,1,0.010416666666666666,False,79.0,110.56591796875,31.56591796875,31.56591796875,2021-07-13 00:00:00,2021-07-13 00:00:00,0.0,0.0
D2,F5-2-nlinear-c96,2,6,2021-07-17,78,0.8125,False,108.0,114.60787200927734,6.607872009277344,6.607872009277344,2021-07-17 06:00:00,2021-07-17 08:45:00,165.0,165.0
D2,F5-2-nlinear-c96,2,6,2021-07-18,84,0.875,False,28.0,33.776275634765625,5.776275634765625,5.776275634765625,2021-07-18 01:15:00,2021-07-18 01:15:00,0.0,0.0
D2,F5-2-nlinear-c96,2,6,2021-07-26,84,0.875,False,217.0,194.38424682617188,-22.615753173828125,22.615753173828125,2021-07-26 08:30:00,2021-07-26 13:30:00,300.0,300.0
D2,F5-2-nlinear-c96,2,6,2021-07-27,84,0.875,False,211.0,227.01025390625,16.01025390625,16.01025390625,2021-07-27 11:45:00,2021-07-27 13:30:00,105.0,105.0
D2,F5-2-nlinear-c96,2,6,2021-07-28,84,0.875,False,212.0,233.17811584472656,21.178115844726562,21.178115844726562,2021-07-28 12:00:00,2021-07-28 13:30:00,90.0,90.0
D2,F5-2-nlinear-c96,2,6,2021-07-29,84,0.875,False,211.0,229.84901428222656,18.849014282226562,18.849014282226562,2021-07-29 12:00:00,2021-07-29 13:30:00,90.0,90.0
D2,F5-2-nlinear-c96,2,6,2021-07-30,85,0.8854166666666666,False,212.0,234.65811157226562,22.658111572265625,22.658111572265625,2021-07-30 12:00:00,2021-07-30 13:30:00,90.0,90.0
D2,F5-2-nlinear-c96,2,6,2021-07-31,96,1.0,True,80.0,115.97737121582031,35.97737121582031,35.97737121582031,2021-07-31 00:00:00,2021-07-31 00:00:00,0.0,0.0
D2,F5-2-nlinear-c96,2,6,2021-08-01,96,1.0,True,28.0,25.433975219726562,-2.5660247802734375,2.5660247802734375,2021-08-01 09:00:00,2021-08-01 21:45:00,765.0,765.0
D2,F5-2-nlinear-c96,2,6,2021-08-09,1,0.010416666666666666,False,21.0,22.392684936523438,1.3926849365234375,1.3926849365234375,2021-08-09 00:00:00,2021-08-09 00:00:00,0.0,0.0
D2,F5-2-nlinear-c96,2,7,2021-07-12,96,1.0,True,198.0,192.06243896484375,-5.93756103515625,5.93756103515625,2021-07-12 08:45:00,2021-07-12 13:30:00,285.0,285.0
D2,F5-2-nlinear-c96,2,7,2021-07-13,1,0.010416666666666666,False,79.0,96.8114013671875,17.8114013671875,17.8114013671875,2021-07-13 00:00:00,2021-07-13 00:00:00,0.0,0.0
D2,F5-2-nlinear-c96,2,7,2021-07-17,77,0.8020833333333334,False,108.0,122.56307983398438,14.563079833984375,14.563079833984375,2021-07-17 06:00:00,2021-07-17 07:45:00,105.0,105.0
D2,F5-2-nlinear-c96,2,7,2021-07-18,84,0.875,False,28.0,37.54595184326172,9.545951843261719,9.545951843261719,2021-07-18 01:15:00,2021-07-18 01:30:00,15.0,15.0
D2,F5-2-nlinear-c96,2,7,2021-07-26,84,0.875,False,217.0,194.37384033203125,-22.62615966796875,22.62615966796875,2021-07-26 08:30:00,2021-07-26 13:30:00,300.0,300.0
D2,F5-2-nlinear-c96,2,7,2021-07-27,84,0.875,False,211.0,223.7891845703125,12.7891845703125,12.7891845703125,2021-07-27 11:45:00,2021-07-27 13:45:00,120.0,120.0
D2,F5-2-nlinear-c96,2,7,2021-07-28,84,0.875,False,212.0,231.66555786132812,19.665557861328125,19.665557861328125,2021-07-28 12:00:00,2021-07-28 13:45:00,105.0,105.0
D2,F5-2-nlinear-c96,2,7,2021-07-29,84,0.875,False,211.0,225.408447265625,14.408447265625,14.408447265625,2021-07-29 12:00:00,2021-07-29 13:45:00,105.0,105.0
D2,F5-2-nlinear-c96,2,7,2021-07-30,85,0.8854166666666666,False,212.0,234.76849365234375,22.76849365234375,22.76849365234375,2021-07-30 12:00:00,2021-07-30 13:45:00,105.0,105.0
D2,F5-2-nlinear-c96,2,7,2021-07-31,96,1.0,True,80.0,113.1249771118164,33.124977111816406,33.124977111816406,2021-07-31 00:00:00,2021-07-31 01:30:00,90.0,90.0
D2,F5-2-nlinear-c96,2,7,2021-08-01,96,1.0,True,28.0,25.34307098388672,-2.6569290161132812,2.6569290161132812,2021-08-01 09:00:00,2021-08-01 18:30:00,570.0,570.0
D2,F5-2-nlinear-c96,2,7,2021-08-09,1,0.010416666666666666,False,21.0,23.288131713867188,2.2881317138671875,2.2881317138671875,2021-08-09 00:00:00,2021-08-09 00:00:00,0.0,0.0
D2,F5-2-nlinear-c96,2,8,2021-07-12,96,1.0,True,198.0,187.63995361328125,-10.36004638671875,10.36004638671875,2021-07-12 08:45:00,2021-07-12 13:30:00,285.0,285.0
D2,F5-2-nlinear-c96,2,8,2021-07-13,1,0.010416666666666666,False,79.0,86.20114135742188,7.201141357421875,7.201141357421875,2021-07-13 00:00:00,2021-07-13 00:00:00,0.0,0.0
D2,F5-2-nlinear-c96,2,8,2021-07-17,76,0.7916666666666666,False,108.0,126.720947265625,18.720947265625,18.720947265625,2021-07-17 06:00:00,2021-07-17 08:45:00,165.0,165.0
D2,F5-2-nlinear-c96,2,8,2021-07-18,84,0.875,False,28.0,34.59902572631836,6.599025726318359,6.599025726318359,2021-07-18 01:15:00,2021-07-18 01:45:00,30.0,30.0
D2,F5-2-nlinear-c96,2,8,2021-07-26,84,0.875,False,217.0,198.3389434814453,-18.661056518554688,18.661056518554688,2021-07-26 08:30:00,2021-07-26 13:15:00,285.0,285.0
D2,F5-2-nlinear-c96,2,8,2021-07-27,84,0.875,False,211.0,212.4602813720703,1.4602813720703125,1.4602813720703125,2021-07-27 11:45:00,2021-07-27 13:30:00,105.0,105.0
D2,F5-2-nlinear-c96,2,8,2021-07-28,84,0.875,False,212.0,228.65927124023438,16.659271240234375,16.659271240234375,2021-07-28 12:00:00,2021-07-28 14:00:00,120.0,120.0
D2,F5-2-nlinear-c96,2,8,2021-07-29,84,0.875,False,211.0,220.1630096435547,9.163009643554688,9.163009643554688,2021-07-29 12:00:00,2021-07-29 14:00:00,120.0,120.0
D2,F5-2-nlinear-c96,2,8,2021-07-30,85,0.8854166666666666,False,212.0,224.0677032470703,12.067703247070312,12.067703247070312,2021-07-30 12:00:00,2021-07-30 14:00:00,120.0,120.0
D2,F5-2-nlinear-c96,2,8,2021-07-31,96,1.0,True,80.0,118.2855453491211,38.285545349121094,38.285545349121094,2021-07-31 00:00:00,2021-07-31 01:45:00,105.0,105.0
D2,F5-2-nlinear-c96,2,8,2021-08-01,96,1.0,True,28.0,25.29157257080078,-2.7084274291992188,2.7084274291992188,2021-08-01 09:00:00,2021-08-01 11:00:00,120.0,120.0
D2,F5-2-nlinear-c96,2,8,2021-08-09,1,0.010416666666666666,False,21.0,24.71576690673828,3.7157669067382812,3.7157669067382812,2021-08-09 00:00:00,2021-08-09 00:00:00,0.0,0.0
D2,F5-2-nlinear-c96,2,9,2021-07-12,96,1.0,True,198.0,184.2045440673828,-13.795455932617188,13.795455932617188,2021-07-12 08:45:00,2021-07-12 13:30:00,285.0,285.0
D2,F5-2-nlinear-c96,2,9,2021-07-13,1,0.010416666666666666,False,79.0,88.36228942871094,9.362289428710938,9.362289428710938,2021-07-13 00:00:00,2021-07-13 00:00:00,0.0,0.0
D2,F5-2-nlinear-c96,2,9,2021-07-17,75,0.78125,False,108.0,129.2970733642578,21.297073364257812,21.297073364257812,2021-07-17 06:00:00,2021-07-17 08:15:00,135.0,135.0
D2,F5-2-nlinear-c96,2,9,2021-07-18,84,0.875,False,28.0,34.82108688354492,6.821086883544922,6.821086883544922,2021-07-18 01:15:00,2021-07-18 02:00:00,45.0,45.0
D2,F5-2-nlinear-c96,2,9,2021-07-26,84,0.875,False,217.0,201.8948516845703,-15.105148315429688,15.105148315429688,2021-07-26 08:30:00,2021-07-26 13:15:00,285.0,285.0
D2,F5-2-nlinear-c96,2,9,2021-07-27,84,0.875,False,211.0,208.42913818359375,-2.57086181640625,2.57086181640625,2021-07-27 11:45:00,2021-07-27 13:45:00,120.0,120.0
D2,F5-2-nlinear-c96,2,9,2021-07-28,84,0.875,False,212.0,228.4164276123047,16.416427612304688,16.416427612304688,2021-07-28 12:00:00,2021-07-28 14:15:00,135.0,135.0
D2,F5-2-nlinear-c96,2,9,2021-07-29,84,0.875,False,211.0,214.37606811523438,3.376068115234375,3.376068115234375,2021-07-29 12:00:00,2021-07-29 14:15:00,135.0,135.0
D2,F5-2-nlinear-c96,2,9,2021-07-30,85,0.8854166666666666,False,212.0,215.75131225585938,3.751312255859375,3.751312255859375,2021-07-30 12:00:00,2021-07-30 14:15:00,135.0,135.0
D2,F5-2-nlinear-c96,2,9,2021-07-31,96,1.0,True,80.0,119.10406494140625,39.10406494140625,39.10406494140625,2021-07-31 00:00:00,2021-07-31 02:00:00,120.0,120.0
D2,F5-2-nlinear-c96,2,9,2021-08-01,96,1.0,True,28.0,26.64751434326172,-1.3524856567382812,1.3524856567382812,2021-08-01 09:00:00,2021-08-01 11:15:00,135.0,135.0
D2,F5-2-nlinear-c96,2,9,2021-08-09,1,0.010416666666666666,False,21.0,21.172027587890625,0.172027587890625,0.172027587890625,2021-08-09 00:00:00,2021-08-09 00:00:00,0.0,0.0
D2,F5-2-nlinear-c96,2,10,2021-07-12,96,1.0,True,198.0,182.04649353027344,-15.953506469726562,15.953506469726562,2021-07-12 08:45:00,2021-07-12 13:30:00,285.0,285.0
D2,F5-2-nlinear-c96,2,10,2021-07-13,1,0.010416666666666666,False,79.0,102.42506408691406,23.425064086914062,23.425064086914062,2021-07-13 00:00:00,2021-07-13 00:00:00,0.0,0.0
D2,F5-2-nlinear-c96,2,10,2021-07-17,74,0.7708333333333334,False,108.0,142.0023956298828,34.00239562988281,34.00239562988281,2021-07-17 06:00:00,2021-07-17 08:30:00,150.0,150.0
D2,F5-2-nlinear-c96,2,10,2021-07-18,84,0.875,False,28.0,32.90632247924805,4.906322479248047,4.906322479248047,2021-07-18 01:15:00,2021-07-18 02:15:00,60.0,60.0
D2,F5-2-nlinear-c96,2,10,2021-07-26,84,0.875,False,217.0,199.72784423828125,-17.27215576171875,17.27215576171875,2021-07-26 08:30:00,2021-07-26 13:30:00,300.0,300.0
D2,F5-2-nlinear-c96,2,10,2021-07-27,84,0.875,False,211.0,211.00457763671875,0.00457763671875,0.00457763671875,2021-07-27 11:45:00,2021-07-27 14:30:00,165.0,165.0
D2,F5-2-nlinear-c96,2,10,2021-07-28,84,0.875,False,212.0,227.347412109375,15.347412109375,15.347412109375,2021-07-28 12:00:00,2021-07-28 14:30:00,150.0,150.0
D2,F5-2-nlinear-c96,2,10,2021-07-29,84,0.875,False,211.0,215.50552368164062,4.505523681640625,4.505523681640625,2021-07-29 12:00:00,2021-07-29 14:30:00,150.0,150.0
D2,F5-2-nlinear-c96,2,10,2021-07-30,85,0.8854166666666666,False,212.0,218.8599090576172,6.8599090576171875,6.8599090576171875,2021-07-30 12:00:00,2021-07-30 14:30:00,150.0,150.0
D2,F5-2-nlinear-c96,2,10,2021-07-31,96,1.0,True,80.0,123.53285217285156,43.53285217285156,43.53285217285156,2021-07-31 00:00:00,2021-07-31 01:45:00,105.0,105.0
D2,F5-2-nlinear-c96,2,10,2021-08-01,96,1.0,True,28.0,26.2799072265625,-1.7200927734375,1.7200927734375,2021-08-01 09:00:00,2021-08-01 11:30:00,150.0,150.0
D2,F5-2-nlinear-c96,2,10,2021-08-09,1,0.010416666666666666,False,21.0,21.361251831054688,0.3612518310546875,0.3612518310546875,2021-08-09 00:00:00,2021-08-09 00:00:00,0.0,0.0
D2,F5-2-nlinear-c96,2,11,2021-07-12,96,1.0,True,198.0,179.88235473632812,-18.117645263671875,18.117645263671875,2021-07-12 08:45:00,2021-07-12 13:45:00,300.0,300.0
D2,F5-2-nlinear-c96,2,11,2021-07-13,1,0.010416666666666666,False,79.0,95.08995819091797,16.08995819091797,16.08995819091797,2021-07-13 00:00:00,2021-07-13 00:00:00,0.0,0.0
D2,F5-2-nlinear-c96,2,11,2021-07-17,73,0.7604166666666666,False,108.0,151.02996826171875,43.02996826171875,43.02996826171875,2021-07-17 06:00:00,2021-07-17 08:45:00,165.0,165.0
D2,F5-2-nlinear-c96,2,11,2021-07-18,84,0.875,False,28.0,32.32233810424805,4.322338104248047,4.322338104248047,2021-07-18 01:15:00,2021-07-18 01:30:00,15.0,15.0
D2,F5-2-nlinear-c96,2,11,2021-07-26,84,0.875,False,217.0,194.0291748046875,-22.9708251953125,22.9708251953125,2021-07-26 08:30:00,2021-07-26 13:45:00,315.0,315.0
D2,F5-2-nlinear-c96,2,11,2021-07-27,84,0.875,False,211.0,216.64968872070312,5.649688720703125,5.649688720703125,2021-07-27 11:45:00,2021-07-27 14:45:00,180.0,180.0
D2,F5-2-nlinear-c96,2,11,2021-07-28,84,0.875,False,212.0,233.294921875,21.294921875,21.294921875,2021-07-28 12:00:00,2021-07-28 14:45:00,165.0,165.0
D2,F5-2-nlinear-c96,2,11,2021-07-29,84,0.875,False,211.0,218.96351623535156,7.9635162353515625,7.9635162353515625,2021-07-29 12:00:00,2021-07-29 14:45:00,165.0,165.0
D2,F5-2-nlinear-c96,2,11,2021-07-30,85,0.8854166666666666,False,212.0,225.77413940429688,13.774139404296875,13.774139404296875,2021-07-30 12:00:00,2021-07-30 14:45:00,165.0,165.0
D2,F5-2-nlinear-c96,2,11,2021-07-31,96,1.0,True,80.0,121.3787841796875,41.3787841796875,41.3787841796875,2021-07-31 00:00:00,2021-07-31 02:00:00,120.0,120.0
D2,F5-2-nlinear-c96,2,11,2021-08-01,96,1.0,True,28.0,24.728866577148438,-3.2711334228515625,3.2711334228515625,2021-08-01 09:00:00,2021-08-01 04:15:00,-285.0,285.0
D2,F5-2-nlinear-c96,2,11,2021-08-09,1,0.010416666666666666,False,21.0,20.674270629882812,-0.3257293701171875,0.3257293701171875,2021-08-09 00:00:00,2021-08-09 00:00:00,0.0,0.0
D2,F5-2-nlinear-c96,2,12,2021-07-12,96,1.0,True,198.0,184.1870574951172,-13.812942504882812,13.812942504882812,2021-07-12 08:45:00,2021-07-12 13:30:00,285.0,285.0
D2,F5-2-nlinear-c96,2,12,2021-07-13,1,0.010416666666666666,False,79.0,96.55722045898438,17.557220458984375,17.557220458984375,2021-07-13 00:00:00,2021-07-13 00:00:00,0.0,0.0
D2,F5-2-nlinear-c96,2,12,2021-07-17,72,0.75,False,108.0,148.5073699951172,40.50736999511719,40.50736999511719,2021-07-17 06:00:00,2021-07-17 09:00:00,180.0,180.0
D2,F5-2-nlinear-c96,2,12,2021-07-18,84,0.875,False,28.0,32.509307861328125,4.509307861328125,4.509307861328125,2021-07-18 01:15:00,2021-07-18 06:00:00,285.0,285.0
D2,F5-2-nlinear-c96,2,12,2021-07-26,84,0.875,False,217.0,195.081298828125,-21.918701171875,21.918701171875,2021-07-26 08:30:00,2021-07-26 13:30:00,300.0,300.0
D2,F5-2-nlinear-c96,2,12,2021-07-27,84,0.875,False,211.0,210.2986602783203,-0.7013397216796875,0.7013397216796875,2021-07-27 11:45:00,2021-07-27 14:45:00,180.0,180.0
D2,F5-2-nlinear-c96,2,12,2021-07-28,84,0.875,False,212.0,231.70632934570312,19.706329345703125,19.706329345703125,2021-07-28 12:00:00,2021-07-28 15:00:00,180.0,180.0
D2,F5-2-nlinear-c96,2,12,2021-07-29,84,0.875,False,211.0,214.54318237304688,3.543182373046875,3.543182373046875,2021-07-29 12:00:00,2021-07-29 13:30:00,90.0,90.0
D2,F5-2-nlinear-c96,2,12,2021-07-30,85,0.8854166666666666,False,212.0,226.28836059570312,14.288360595703125,14.288360595703125,2021-07-30 12:00:00,2021-07-30 15:00:00,180.0,180.0
D2,F5-2-nlinear-c96,2,12,2021-07-31,96,1.0,True,80.0,119.3564682006836,39.356468200683594,39.356468200683594,2021-07-31 00:00:00,2021-07-31 01:30:00,90.0,90.0
D2,F5-2-nlinear-c96,2,12,2021-08-01,96,1.0,True,28.0,24.74207305908203,-3.2579269409179688,3.2579269409179688,2021-08-01 09:00:00,2021-08-01 12:00:00,180.0,180.0
D2,F5-2-nlinear-c96,2,12,2021-08-09,1,0.010416666666666666,False,21.0,20.81365966796875,-0.18634033203125,0.18634033203125,2021-08-09 00:00:00,2021-08-09 00:00:00,0.0,0.0
D2,F5-2-nlinear-c96,2,13,2021-07-12,96,1.0,True,198.0,179.73153686523438,-18.268463134765625,18.268463134765625,2021-07-12 08:45:00,2021-07-12 14:15:00,330.0,330.0
D2,F5-2-nlinear-c96,2,13,2021-07-13,1,0.010416666666666666,False,79.0,102.84904479980469,23.849044799804688,23.849044799804688,2021-07-13 00:00:00,2021-07-13 00:00:00,0.0,0.0
D2,F5-2-nlinear-c96,2,13,2021-07-17,71,0.7395833333333334,False,96.0,149.52113342285156,53.52113342285156,53.52113342285156,2021-07-17 06:15:00,2021-07-17 09:15:00,180.0,180.0
D2,F5-2-nlinear-c96,2,13,2021-07-18,84,0.875,False,28.0,35.026634216308594,7.026634216308594,7.026634216308594,2021-07-18 01:15:00,2021-07-18 01:30:00,15.0,15.0
D2,F5-2-nlinear-c96,2,13,2021-07-26,84,0.875,False,217.0,191.56800842285156,-25.431991577148438,25.431991577148438,2021-07-26 08:30:00,2021-07-26 14:15:00,345.0,345.0
D2,F5-2-nlinear-c96,2,13,2021-07-27,84,0.875,False,211.0,205.01258850097656,-5.9874114990234375,5.9874114990234375,2021-07-27 11:45:00,2021-07-27 14:45:00,180.0,180.0
D2,F5-2-nlinear-c96,2,13,2021-07-28,84,0.875,False,212.0,211.8541259765625,-0.1458740234375,0.1458740234375,2021-07-28 12:00:00,2021-07-28 15:15:00,195.0,195.0
D2,F5-2-nlinear-c96,2,13,2021-07-29,84,0.875,False,211.0,209.2119140625,-1.7880859375,1.7880859375,2021-07-29 12:00:00,2021-07-29 13:45:00,105.0,105.0
D2,F5-2-nlinear-c96,2,13,2021-07-30,85,0.8854166666666666,False,212.0,209.08990478515625,-2.91009521484375,2.91009521484375,2021-07-30 12:00:00,2021-07-30 13:45:00,105.0,105.0
D2,F5-2-nlinear-c96,2,13,2021-07-31,96,1.0,True,80.0,127.32411193847656,47.32411193847656,47.32411193847656,2021-07-31 00:00:00,2021-07-31 01:45:00,105.0,105.0
D2,F5-2-nlinear-c96,2,13,2021-08-01,96,1.0,True,28.0,24.18329620361328,-3.8167037963867188,3.8167037963867188,2021-08-01 09:00:00,2021-08-01 12:15:00,195.0,195.0
D2,F5-2-nlinear-c96,2,13,2021-08-09,1,0.010416666666666666,False,21.0,20.595474243164062,-0.4045257568359375,0.4045257568359375,2021-08-09 00:00:00,2021-08-09 00:00:00,0.0,0.0
D2,F5-2-nlinear-c96,2,14,2021-07-12,96,1.0,True,198.0,177.80145263671875,-20.19854736328125,20.19854736328125,2021-07-12 08:45:00,2021-07-12 14:30:00,345.0,345.0
D2,F5-2-nlinear-c96,2,14,2021-07-13,1,0.010416666666666666,False,79.0,108.49139404296875,29.49139404296875,29.49139404296875,2021-07-13 00:00:00,2021-07-13 00:00:00,0.0,0.0
D2,F5-2-nlinear-c96,2,14,2021-07-17,70,0.7291666666666666,False,88.0,145.24330139160156,57.24330139160156,57.24330139160156,2021-07-17 07:15:00,2021-07-17 08:45:00,90.0,90.0
D2,F5-2-nlinear-c96,2,14,2021-07-18,84,0.875,False,28.0,37.889217376708984,9.889217376708984,9.889217376708984,2021-07-18 01:15:00,2021-07-18 01:30:00,15.0,15.0
D2,F5-2-nlinear-c96,2,14,2021-07-26,84,0.875,False,217.0,187.58975219726562,-29.410247802734375,29.410247802734375,2021-07-26 08:30:00,2021-07-26 14:30:00,360.0,360.0
D2,F5-2-nlinear-c96,2,14,2021-07-27,84,0.875,False,211.0,200.70208740234375,-10.29791259765625,10.29791259765625,2021-07-27 11:45:00,2021-07-27 13:30:00,105.0,105.0
D2,F5-2-nlinear-c96,2,14,2021-07-28,84,0.875,False,212.0,220.57040405273438,8.570404052734375,8.570404052734375,2021-07-28 12:00:00,2021-07-28 15:30:00,210.0,210.0
D2,F5-2-nlinear-c96,2,14,2021-07-29,84,0.875,False,211.0,208.5026092529297,-2.4973907470703125,2.4973907470703125,2021-07-29 12:00:00,2021-07-29 14:00:00,120.0,120.0
D2,F5-2-nlinear-c96,2,14,2021-07-30,84,0.875,False,212.0,211.123779296875,-0.876220703125,0.876220703125,2021-07-30 12:00:00,2021-07-30 13:30:00,90.0,90.0
D2,F5-2-nlinear-c96,2,14,2021-07-31,96,1.0,True,80.0,123.45358276367188,43.453582763671875,43.453582763671875,2021-07-31 00:00:00,2021-07-31 00:00:00,0.0,0.0
D2,F5-2-nlinear-c96,2,14,2021-08-01,96,1.0,True,28.0,24.18358612060547,-3.8164138793945312,3.8164138793945312,2021-08-01 09:00:00,2021-08-01 12:30:00,210.0,210.0
D2,F5-2-nlinear-c96,2,14,2021-08-09,1,0.010416666666666666,False,21.0,22.014381408691406,1.0143814086914062,1.0143814086914062,2021-08-09 00:00:00,2021-08-09 00:00:00,0.0,0.0
D2,F5-2-nlinear-c96,2,15,2021-07-12,96,1.0,True,198.0,176.3848876953125,-21.6151123046875,21.6151123046875,2021-07-12 08:45:00,2021-07-12 13:45:00,300.0,300.0
D2,F5-2-nlinear-c96,2,15,2021-07-13,1,0.010416666666666666,False,79.0,117.60858917236328,38.60858917236328,38.60858917236328,2021-07-13 00:00:00,2021-07-13 00:00:00,0.0,0.0
D2,F5-2-nlinear-c96,2,15,2021-07-17,69,0.71875,False,88.0,145.66143798828125,57.66143798828125,57.66143798828125,2021-07-17 07:15:00,2021-07-17 08:45:00,90.0,90.0
D2,F5-2-nlinear-c96,2,15,2021-07-18,84,0.875,False,28.0,36.468292236328125,8.468292236328125,8.468292236328125,2021-07-18 01:15:00,2021-07-18 01:30:00,15.0,15.0
D2,F5-2-nlinear-c96,2,15,2021-07-26,84,0.875,False,217.0,183.47012329101562,-33.529876708984375,33.529876708984375,2021-07-26 08:30:00,2021-07-26 15:45:00,435.0,435.0
D2,F5-2-nlinear-c96,2,15,2021-07-27,84,0.875,False,211.0,215.56991577148438,4.569915771484375,4.569915771484375,2021-07-27 11:45:00,2021-07-27 15:45:00,240.0,240.0
D2,F5-2-nlinear-c96,2,15,2021-07-28,84,0.875,False,212.0,229.2108154296875,17.2108154296875,17.2108154296875,2021-07-28 12:00:00,2021-07-28 15:45:00,225.0,225.0
D2,F5-2-nlinear-c96,2,15,2021-07-29,84,0.875,False,211.0,210.40072631835938,-0.599273681640625,0.599273681640625,2021-07-29 12:00:00,2021-07-29 15:45:00,225.0,225.0
D2,F5-2-nlinear-c96,2,15,2021-07-30,84,0.875,False,212.0,218.03579711914062,6.035797119140625,6.035797119140625,2021-07-30 12:00:00,2021-07-30 15:45:00,225.0,225.0
D2,F5-2-nlinear-c96,2,15,2021-07-31,96,1.0,True,80.0,133.32876586914062,53.328765869140625,53.328765869140625,2021-07-31 00:00:00,2021-07-31 00:00:00,0.0,0.0
D2,F5-2-nlinear-c96,2,15,2021-08-01,96,1.0,True,28.0,24.226234436035156,-3.7737655639648438,3.7737655639648438,2021-08-01 09:00:00,2021-08-01 12:45:00,225.0,225.0
D2,F5-2-nlinear-c96,2,15,2021-08-09,1,0.010416666666666666,False,21.0,20.914840698242188,-0.0851593017578125,0.0851593017578125,2021-08-09 00:00:00,2021-08-09 00:00:00,0.0,0.0
D2,F5-2-nlinear-c96,2,16,2021-07-12,96,1.0,True,198.0,182.29660034179688,-15.703399658203125,15.703399658203125,2021-07-12 08:45:00,2021-07-12 15:45:00,420.0,420.0
D2,F5-2-nlinear-c96,2,16,2021-07-13,1,0.010416666666666666,False,79.0,122.39842224121094,43.39842224121094,43.39842224121094,2021-07-13 00:00:00,2021-07-13 00:00:00,0.0,0.0
D2,F5-2-nlinear-c96,2,16,2021-07-17,68,0.7083333333333334,False,88.0,143.51144409179688,55.511444091796875,55.511444091796875,2021-07-17 07:15:00,2021-07-17 10:00:00,165.0,165.0
D2,F5-2-nlinear-c96,2,16,2021-07-18,84,0.875,False,28.0,34.25045394897461,6.250453948974609,6.250453948974609,2021-07-18 01:15:00,2021-07-18 01:30:00,15.0,15.0
D2,F5-2-nlinear-c96,2,16,2021-07-26,84,0.875,False,217.0,188.33114624023438,-28.668853759765625,28.668853759765625,2021-07-26 08:30:00,2021-07-26 16:00:00,450.0,450.0
D2,F5-2-nlinear-c96,2,16,2021-07-27,84,0.875,False,211.0,215.43374633789062,4.433746337890625,4.433746337890625,2021-07-27 11:45:00,2021-07-27 16:00:00,255.0,255.0
D2,F5-2-nlinear-c96,2,16,2021-07-28,84,0.875,False,212.0,234.29244995117188,22.292449951171875,22.292449951171875,2021-07-28 12:00:00,2021-07-28 16:00:00,240.0,240.0
D2,F5-2-nlinear-c96,2,16,2021-07-29,84,0.875,False,211.0,213.88072204589844,2.8807220458984375,2.8807220458984375,2021-07-29 12:00:00,2021-07-29 16:00:00,240.0,240.0
D2,F5-2-nlinear-c96,2,16,2021-07-30,84,0.875,False,212.0,221.82363891601562,9.823638916015625,9.823638916015625,2021-07-30 12:00:00,2021-07-30 16:00:00,240.0,240.0
D2,F5-2-nlinear-c96,2,16,2021-07-31,96,1.0,True,80.0,141.5662078857422,61.56620788574219,61.56620788574219,2021-07-31 00:00:00,2021-07-31 00:00:00,0.0,0.0
D2,F5-2-nlinear-c96,2,16,2021-08-01,96,1.0,True,28.0,23.523681640625,-4.476318359375,4.476318359375,2021-08-01 09:00:00,2021-08-01 13:00:00,240.0,240.0
D2,F5-2-nlinear-c96,2,16,2021-08-09,1,0.010416666666666666,False,21.0,19.91619873046875,-1.08380126953125,1.08380126953125,2021-08-09 00:00:00,2021-08-09 00:00:00,0.0,0.0
