dataset,model,fold,horizon,target_day,observed_slots,slot_coverage,full_day,actual_daily_max,predicted_daily_max,daily_max_error,daily_max_abs_error,actual_peak_time,predicted_peak_time,timing_error_minutes,timing_abs_error_minutes
D1,F1-1-lag1-16-ridge,0,4,2021-04-19,96,1.0,True,172.0,158.10648335092094,-13.89351664907906,13.89351664907906,2021-04-19 08:45:00,2021-04-19 11:00:00,135.0,135.0
D1,F1-1-lag1-16-ridge,0,4,2021-04-20,96,1.0,True,172.0,166.87693807673435,-5.123061923265652,5.123061923265652,2021-04-20 08:45:00,2021-04-20 11:00:00,135.0,135.0
D1,F1-1-lag1-16-ridge,0,4,2021-04-21,96,1.0,True,174.0,171.86735515269942,-2.1326448473005826,2.1326448473005826,2021-04-21 08:30:00,2021-04-21 12:00:00,210.0,210.0
D1,F1-1-lag1-16-ridge,0,4,2021-04-22,96,1.0,True,174.0,168.84408605594462,-5.155913944055385,5.155913944055385,2021-04-22 08:30:00,2021-04-22 11:30:00,180.0,180.0
D1,F1-1-lag1-16-ridge,0,4,2021-04-23,96,1.0,True,174.0,167.26813268787248,-6.73186731212752,6.73186731212752,2021-04-23 08:30:00,2021-04-23 11:30:00,180.0,180.0
D1,F1-1-lag1-16-ridge,0,4,2021-04-24,96,1.0,True,112.0,107.70573523015275,-4.294264769847246,4.294264769847246,2021-04-24 06:15:00,2021-04-24 07:15:00,60.0,60.0
D1,F1-1-lag1-16-ridge,0,4,2021-04-25,96,1.0,True,25.0,29.551475636120287,4.551475636120287,4.551475636120287,2021-04-25 01:30:00,2021-04-25 06:00:00,270.0,270.0
D1,F1-1-lag1-16-ridge,0,4,2021-05-03,96,1.0,True,184.0,169.82798092528853,-14.172019074711471,14.172019074711471,2021-05-03 08:30:00,2021-05-03 14:15:00,345.0,345.0
D1,F1-1-lag1-16-ridge,0,4,2021-05-04,96,1.0,True,181.0,176.12158179931225,-4.878418200687747,4.878418200687747,2021-05-04 08:30:00,2021-05-04 12:00:00,210.0,210.0
D1,F1-1-lag1-16-ridge,0,4,2021-05-05,96,1.0,True,120.0,121.06496147491828,1.0649614749182774,1.0649614749182774,2021-05-05 04:15:00,2021-05-05 08:30:00,255.0,255.0
D1,F1-1-lag1-16-ridge,0,4,2021-05-06,96,1.0,True,199.0,168.2841819246958,-30.715818075304213,30.715818075304213,2021-05-06 09:00:00,2021-05-06 10:45:00,105.0,105.0
D1,F1-1-lag1-16-ridge,0,4,2021-05-07,96,1.0,True,181.0,169.33128898100466,-11.668711018995339,11.668711018995339,2021-05-07 09:00:00,2021-05-07 14:15:00,315.0,315.0
D1,F1-1-lag1-16-ridge,0,4,2021-05-08,96,1.0,True,115.0,108.5934971479946,-6.406502852005403,6.406502852005403,2021-05-08 02:00:00,2021-05-08 07:15:00,315.0,315.0
D1,F1-1-lag1-16-ridge,0,4,2021-05-09,96,1.0,True,184.0,130.3275859143468,-53.6724140856532,53.6724140856532,2021-05-09 09:00:00,2021-05-09 09:30:00,30.0,30.0
D1,F1-1-lag1-16-ridge,0,5,2021-04-19,96,1.0,True,172.0,161.55837434633355,-10.44162565366645,10.44162565366645,2021-04-19 08:45:00,2021-04-19 13:15:00,270.0,270.0
D1,F1-1-lag1-16-ridge,0,5,2021-04-20,96,1.0,True,172.0,170.1760734839088,-1.8239265160912055,1.8239265160912055,2021-04-20 08:45:00,2021-04-20 13:15:00,270.0,270.0
D1,F1-1-lag1-16-ridge,0,5,2021-04-21,96,1.0,True,174.0,172.3019233098128,-1.6980766901872073,1.6980766901872073,2021-04-21 08:30:00,2021-04-21 12:00:00,210.0,210.0
D1,F1-1-lag1-16-ridge,0,5,2021-04-22,96,1.0,True,174.0,168.19511173964224,-5.804888260357757,5.804888260357757,2021-04-22 08:30:00,2021-04-22 12:00:00,210.0,210.0
D1,F1-1-lag1-16-ridge,0,5,2021-04-23,96,1.0,True,174.0,166.443562746346,-7.556437253653996,7.556437253653996,2021-04-23 08:30:00,2021-04-23 12:00:00,210.0,210.0
D1,F1-1-lag1-16-ridge,0,5,2021-04-24,96,1.0,True,112.0,105.30289267210104,-6.697107327898962,6.697107327898962,2021-04-24 06:15:00,2021-04-24 07:15:00,60.0,60.0
D1,F1-1-lag1-16-ridge,0,5,2021-04-25,96,1.0,True,25.0,31.513435007752783,6.513435007752783,6.513435007752783,2021-04-25 01:30:00,2021-04-25 06:15:00,285.0,285.0
D1,F1-1-lag1-16-ridge,0,5,2021-05-03,96,1.0,True,184.0,164.0633012804911,-19.93669871950891,19.93669871950891,2021-05-03 08:30:00,2021-05-03 13:15:00,285.0,285.0
D1,F1-1-lag1-16-ridge,0,5,2021-05-04,96,1.0,True,181.0,176.34730170200112,-4.652698297998882,4.652698297998882,2021-05-04 08:30:00,2021-05-04 11:15:00,165.0,165.0
D1,F1-1-lag1-16-ridge,0,5,2021-05-05,96,1.0,True,120.0,127.01613022182646,7.016130221826458,7.016130221826458,2021-05-05 04:15:00,2021-05-05 08:30:00,255.0,255.0
D1,F1-1-lag1-16-ridge,0,5,2021-05-06,96,1.0,True,199.0,167.31639288388266,-31.683607116117344,31.683607116117344,2021-05-06 09:00:00,2021-05-06 11:15:00,135.0,135.0
D1,F1-1-lag1-16-ridge,0,5,2021-05-07,96,1.0,True,181.0,169.22227966760363,-11.77772033239637,11.77772033239637,2021-05-07 09:00:00,2021-05-07 10:45:00,105.0,105.0
D1,F1-1-lag1-16-ridge,0,5,2021-05-08,96,1.0,True,115.0,105.91266694000359,-9.08733305999641,9.08733305999641,2021-05-08 02:00:00,2021-05-08 07:30:00,330.0,330.0
D1,F1-1-lag1-16-ridge,0,5,2021-05-09,96,1.0,True,184.0,126.00678065420311,-57.99321934579689,57.99321934579689,2021-05-09 09:00:00,2021-05-09 11:00:00,120.0,120.0
D1,F1-1-lag1-16-ridge,0,6,2021-04-19,96,1.0,True,172.0,163.5783555118689,-8.421644488131108,8.421644488131108,2021-04-19 08:45:00,2021-04-19 13:15:00,270.0,270.0
D1,F1-1-lag1-16-ridge,0,6,2021-04-20,96,1.0,True,172.0,172.97674373216074,0.9767437321607417,0.9767437321607417,2021-04-20 08:45:00,2021-04-20 13:30:00,285.0,285.0
D1,F1-1-lag1-16-ridge,0,6,2021-04-21,96,1.0,True,174.0,171.45454772856016,-2.545452271439842,2.545452271439842,2021-04-21 08:30:00,2021-04-21 10:45:00,135.0,135.0
D1,F1-1-lag1-16-ridge,0,6,2021-04-22,96,1.0,True,174.0,169.12341218586863,-4.876587814131369,4.876587814131369,2021-04-22 08:30:00,2021-04-22 10:45:00,135.0,135.0
D1,F1-1-lag1-16-ridge,0,6,2021-04-23,96,1.0,True,174.0,167.23758179508468,-6.7624182049153205,6.7624182049153205,2021-04-23 08:30:00,2021-04-23 10:45:00,135.0,135.0
D1,F1-1-lag1-16-ridge,0,6,2021-04-24,96,1.0,True,112.0,106.88480215556928,-5.115197844430725,5.115197844430725,2021-04-24 06:15:00,2021-04-24 06:15:00,0.0,0.0
D1,F1-1-lag1-16-ridge,0,6,2021-04-25,96,1.0,True,25.0,31.914241636493607,6.914241636493607,6.914241636493607,2021-04-25 01:30:00,2021-04-25 06:15:00,285.0,285.0
D1,F1-1-lag1-16-ridge,0,6,2021-05-03,96,1.0,True,184.0,166.63068935451435,-17.369310645485655,17.369310645485655,2021-05-03 08:30:00,2021-05-03 13:30:00,300.0,300.0
D1,F1-1-lag1-16-ridge,0,6,2021-05-04,96,1.0,True,181.0,177.71673905858728,-3.2832609414127205,3.2832609414127205,2021-05-04 08:30:00,2021-05-04 11:15:00,165.0,165.0
D1,F1-1-lag1-16-ridge,0,6,2021-05-05,96,1.0,True,120.0,130.26657681750635,10.266576817506348,10.266576817506348,2021-05-05 04:15:00,2021-05-05 08:30:00,255.0,255.0
D1,F1-1-lag1-16-ridge,0,6,2021-05-06,96,1.0,True,199.0,167.40184178212053,-31.598158217879472,31.598158217879472,2021-05-06 09:00:00,2021-05-06 11:15:00,135.0,135.0
D1,F1-1-lag1-16-ridge,0,6,2021-05-07,96,1.0,True,181.0,171.427581659954,-9.572418340046,9.572418340046,2021-05-07 09:00:00,2021-05-07 11:00:00,120.0,120.0
D1,F1-1-lag1-16-ridge,0,6,2021-05-08,96,1.0,True,115.0,107.04138323232588,-7.9586167676741155,7.9586167676741155,2021-05-08 02:00:00,2021-05-08 06:15:00,255.0,255.0
D1,F1-1-lag1-16-ridge,0,6,2021-05-09,96,1.0,True,184.0,124.39323716390398,-59.606762836096024,59.606762836096024,2021-05-09 09:00:00,2021-05-09 13:15:00,255.0,255.0
D1,F1-1-lag1-16-ridge,0,7,2021-04-19,96,1.0,True,172.0,165.21269139501666,-6.7873086049833375,6.7873086049833375,2021-04-19 08:45:00,2021-04-19 13:30:00,285.0,285.0
D1,F1-1-lag1-16-ridge,0,7,2021-04-20,96,1.0,True,172.0,175.17837055340175,3.1783705534017486,3.1783705534017486,2021-04-20 08:45:00,2021-04-20 13:30:00,285.0,285.0
D1,F1-1-lag1-16-ridge,0,7,2021-04-21,96,1.0,True,174.0,172.5335351776186,-1.466464822381397,1.466464822381397,2021-04-21 08:30:00,2021-04-21 13:15:00,285.0,285.0
D1,F1-1-lag1-16-ridge,0,7,2021-04-22,96,1.0,True,174.0,169.4169983442232,-4.583001655776798,4.583001655776798,2021-04-22 08:30:00,2021-04-22 13:15:00,285.0,285.0
D1,F1-1-lag1-16-ridge,0,7,2021-04-23,96,1.0,True,174.0,167.3961499716151,-6.6038500283848975,6.6038500283848975,2021-04-23 08:30:00,2021-04-23 13:15:00,285.0,285.0
D1,F1-1-lag1-16-ridge,0,7,2021-04-24,96,1.0,True,112.0,107.28665335272031,-4.7133466472796925,4.7133466472796925,2021-04-24 06:15:00,2021-04-24 06:15:00,0.0,0.0
D1,F1-1-lag1-16-ridge,0,7,2021-04-25,96,1.0,True,25.0,32.380056238673895,7.380056238673895,7.380056238673895,2021-04-25 01:30:00,2021-04-25 09:45:00,495.0,495.0
D1,F1-1-lag1-16-ridge,0,7,2021-05-03,96,1.0,True,184.0,166.28175482794154,-17.71824517205846,17.71824517205846,2021-05-03 08:30:00,2021-05-03 13:45:00,315.0,315.0
D1,F1-1-lag1-16-ridge,0,7,2021-05-04,96,1.0,True,181.0,175.257976175438,-5.742023824562011,5.742023824562011,2021-05-04 08:30:00,2021-05-04 11:30:00,180.0,180.0
D1,F1-1-lag1-16-ridge,0,7,2021-05-05,96,1.0,True,120.0,135.14876167758047,15.148761677580467,15.148761677580467,2021-05-05 04:15:00,2021-05-05 08:30:00,255.0,255.0
D1,F1-1-lag1-16-ridge,0,7,2021-05-06,96,1.0,True,199.0,167.85651387114788,-31.143486128852118,31.143486128852118,2021-05-06 09:00:00,2021-05-06 11:30:00,150.0,150.0
D1,F1-1-lag1-16-ridge,0,7,2021-05-07,96,1.0,True,181.0,169.58059691581502,-11.419403084184978,11.419403084184978,2021-05-07 09:00:00,2021-05-07 11:00:00,120.0,120.0
D1,F1-1-lag1-16-ridge,0,7,2021-05-08,96,1.0,True,115.0,108.4428545133222,-6.557145486677797,6.557145486677797,2021-05-08 02:00:00,2021-05-08 06:30:00,270.0,270.0
D1,F1-1-lag1-16-ridge,0,7,2021-05-09,96,1.0,True,184.0,123.5779520538597,-60.422047946140296,60.422047946140296,2021-05-09 09:00:00,2021-05-09 13:30:00,270.0,270.0
D1,F1-1-lag1-16-ridge,0,8,2021-04-19,96,1.0,True,172.0,165.88283985588924,-6.1171601441107555,6.1171601441107555,2021-04-19 08:45:00,2021-04-19 13:15:00,270.0,270.0
D1,F1-1-lag1-16-ridge,0,8,2021-04-20,96,1.0,True,172.0,175.62170841562454,3.621708415624539,3.621708415624539,2021-04-20 08:45:00,2021-04-20 13:45:00,300.0,300.0
D1,F1-1-lag1-16-ridge,0,8,2021-04-21,96,1.0,True,174.0,172.9617908408784,-1.0382091591216067,1.0382091591216067,2021-04-21 08:30:00,2021-04-21 13:15:00,285.0,285.0
D1,F1-1-lag1-16-ridge,0,8,2021-04-22,96,1.0,True,174.0,169.69485760827135,-4.305142391728651,4.305142391728651,2021-04-22 08:30:00,2021-04-22 13:15:00,285.0,285.0
D1,F1-1-lag1-16-ridge,0,8,2021-04-23,96,1.0,True,174.0,167.57250378232447,-6.427496217675525,6.427496217675525,2021-04-23 08:30:00,2021-04-23 13:15:00,285.0,285.0
D1,F1-1-lag1-16-ridge,0,8,2021-04-24,96,1.0,True,112.0,106.62512620945128,-5.374873790548719,5.374873790548719,2021-04-24 06:15:00,2021-04-24 06:30:00,15.0,15.0
D1,F1-1-lag1-16-ridge,0,8,2021-04-25,96,1.0,True,25.0,32.989697570059505,7.989697570059505,7.989697570059505,2021-04-25 01:30:00,2021-04-25 10:00:00,510.0,510.0
D1,F1-1-lag1-16-ridge,0,8,2021-05-03,96,1.0,True,184.0,165.6589760246651,-18.341023975334906,18.341023975334906,2021-05-03 08:30:00,2021-05-03 13:15:00,285.0,285.0
D1,F1-1-lag1-16-ridge,0,8,2021-05-04,96,1.0,True,181.0,175.5178999234831,-5.4821000765169,5.4821000765169,2021-05-04 08:30:00,2021-05-04 13:30:00,300.0,300.0
D1,F1-1-lag1-16-ridge,0,8,2021-05-05,96,1.0,True,120.0,136.8421891894317,16.842189189431707,16.842189189431707,2021-05-05 04:15:00,2021-05-05 08:30:00,255.0,255.0
D1,F1-1-lag1-16-ridge,0,8,2021-05-06,96,1.0,True,199.0,167.55885017405853,-31.441149825941466,31.441149825941466,2021-05-06 09:00:00,2021-05-06 13:45:00,285.0,285.0
D1,F1-1-lag1-16-ridge,0,8,2021-05-07,96,1.0,True,181.0,170.24715669557096,-10.752843304429035,10.752843304429035,2021-05-07 09:00:00,2021-05-07 11:00:00,120.0,120.0
D1,F1-1-lag1-16-ridge,0,8,2021-05-08,96,1.0,True,115.0,109.28448756499458,-5.715512435005422,5.715512435005422,2021-05-08 02:00:00,2021-05-08 06:45:00,285.0,285.0
D1,F1-1-lag1-16-ridge,0,8,2021-05-09,96,1.0,True,184.0,120.27208359368797,-63.72791640631203,63.72791640631203,2021-05-09 09:00:00,2021-05-09 13:30:00,270.0,270.0
D1,F1-1-lag1-16-ridge,0,9,2021-04-19,96,1.0,True,172.0,166.80328494901346,-5.1967150509865405,5.1967150509865405,2021-04-19 08:45:00,2021-04-19 13:30:00,285.0,285.0
D1,F1-1-lag1-16-ridge,0,9,2021-04-20,96,1.0,True,172.0,176.65087329599743,4.650873295997428,4.650873295997428,2021-04-20 08:45:00,2021-04-20 13:30:00,285.0,285.0
D1,F1-1-lag1-16-ridge,0,9,2021-04-21,96,1.0,True,174.0,179.16895674867231,5.168956748672315,5.168956748672315,2021-04-21 08:30:00,2021-04-21 13:15:00,285.0,285.0
D1,F1-1-lag1-16-ridge,0,9,2021-04-22,96,1.0,True,174.0,175.76224200191263,1.7622420019126253,1.7622420019126253,2021-04-22 08:30:00,2021-04-22 13:15:00,285.0,285.0
D1,F1-1-lag1-16-ridge,0,9,2021-04-23,96,1.0,True,174.0,173.48795306791345,-0.5120469320865482,0.5120469320865482,2021-04-23 08:30:00,2021-04-23 13:15:00,285.0,285.0
D1,F1-1-lag1-16-ridge,0,9,2021-04-24,96,1.0,True,112.0,107.30184022773595,-4.698159772264049,4.698159772264049,2021-04-24 06:15:00,2021-04-24 06:15:00,0.0,0.0
D1,F1-1-lag1-16-ridge,0,9,2021-04-25,96,1.0,True,25.0,33.76989538129497,8.769895381294972,8.769895381294972,2021-04-25 01:30:00,2021-04-25 10:30:00,540.0,540.0
D1,F1-1-lag1-16-ridge,0,9,2021-05-03,96,1.0,True,184.0,168.7362456755443,-15.263754324455704,15.263754324455704,2021-05-03 08:30:00,2021-05-03 13:30:00,300.0,300.0
D1,F1-1-lag1-16-ridge,0,9,2021-05-04,96,1.0,True,181.0,177.796404796602,-3.2035952033980095,3.2035952033980095,2021-05-04 08:30:00,2021-05-04 13:15:00,285.0,285.0
D1,F1-1-lag1-16-ridge,0,9,2021-05-05,96,1.0,True,120.0,135.64890017752737,15.648900177527366,15.648900177527366,2021-05-05 04:15:00,2021-05-05 08:30:00,255.0,255.0
D1,F1-1-lag1-16-ridge,0,9,2021-05-06,96,1.0,True,199.0,167.08228822219687,-31.917711777803135,31.917711777803135,2021-05-06 09:00:00,2021-05-06 13:45:00,285.0,285.0
D1,F1-1-lag1-16-ridge,0,9,2021-05-07,96,1.0,True,181.0,170.60345140564647,-10.396548594353533,10.396548594353533,2021-05-07 09:00:00,2021-05-07 11:00:00,120.0,120.0
D1,F1-1-lag1-16-ridge,0,9,2021-05-08,96,1.0,True,115.0,109.66554361416378,-5.334456385836219,5.334456385836219,2021-05-08 02:00:00,2021-05-08 06:45:00,285.0,285.0
D1,F1-1-lag1-16-ridge,0,9,2021-05-09,96,1.0,True,184.0,120.46670020184202,-63.533299798157984,63.533299798157984,2021-05-09 09:00:00,2021-05-09 13:30:00,270.0,270.0
D1,F1-1-lag1-16-ridge,0,10,2021-04-19,96,1.0,True,172.0,168.50714815283305,-3.4928518471669463,3.4928518471669463,2021-04-19 08:45:00,2021-04-19 13:15:00,270.0,270.0
D1,F1-1-lag1-16-ridge,0,10,2021-04-20,96,1.0,True,172.0,178.0079178585264,6.007917858526412,6.007917858526412,2021-04-20 08:45:00,2021-04-20 13:15:00,270.0,270.0
D1,F1-1-lag1-16-ridge,0,10,2021-04-21,96,1.0,True,174.0,180.2322565120357,6.23225651203569,6.23225651203569,2021-04-21 08:30:00,2021-04-21 13:30:00,300.0,300.0
D1,F1-1-lag1-16-ridge,0,10,2021-04-22,96,1.0,True,174.0,176.38676883963888,2.3867688396388758,2.3867688396388758,2021-04-22 08:30:00,2021-04-22 13:15:00,285.0,285.0
D1,F1-1-lag1-16-ridge,0,10,2021-04-23,96,1.0,True,174.0,174.0440507810444,0.04405078104440463,0.04405078104440463,2021-04-23 08:30:00,2021-04-23 13:15:00,285.0,285.0
D1,F1-1-lag1-16-ridge,0,10,2021-04-24,96,1.0,True,112.0,107.84242221716424,-4.157577782835759,4.157577782835759,2021-04-24 06:15:00,2021-04-24 06:15:00,0.0,0.0
D1,F1-1-lag1-16-ridge,0,10,2021-04-25,96,1.0,True,25.0,34.98367837578888,9.983678375788877,9.983678375788877,2021-04-25 01:30:00,2021-04-25 10:45:00,555.0,555.0
D1,F1-1-lag1-16-ridge,0,10,2021-05-03,96,1.0,True,184.0,167.81912686235393,-16.180873137646074,16.180873137646074,2021-05-03 08:30:00,2021-05-03 13:45:00,315.0,315.0
D1,F1-1-lag1-16-ridge,0,10,2021-05-04,96,1.0,True,181.0,179.75759305641938,-1.2424069435806189,1.2424069435806189,2021-05-04 08:30:00,2021-05-04 13:30:00,300.0,300.0
D1,F1-1-lag1-16-ridge,0,10,2021-05-05,96,1.0,True,120.0,138.091747592325,18.091747592324992,18.091747592324992,2021-05-05 04:15:00,2021-05-05 08:30:00,255.0,255.0
D1,F1-1-lag1-16-ridge,0,10,2021-05-06,96,1.0,True,199.0,169.59570039525167,-29.40429960474833,29.40429960474833,2021-05-06 09:00:00,2021-05-06 13:30:00,270.0,270.0
D1,F1-1-lag1-16-ridge,0,10,2021-05-07,96,1.0,True,181.0,168.3052700866811,-12.694729913318895,12.694729913318895,2021-05-07 09:00:00,2021-05-07 11:15:00,135.0,135.0
D1,F1-1-lag1-16-ridge,0,10,2021-05-08,96,1.0,True,115.0,109.86322047172695,-5.136779528273053,5.136779528273053,2021-05-08 02:00:00,2021-05-08 06:45:00,285.0,285.0
D1,F1-1-lag1-16-ridge,0,10,2021-05-09,96,1.0,True,184.0,119.75396026000685,-64.24603973999315,64.24603973999315,2021-05-09 09:00:00,2021-05-09 13:30:00,270.0,270.0
D1,F1-1-lag1-16-ridge,0,11,2021-04-19,96,1.0,True,172.0,168.15753751245242,-3.8424624875475786,3.8424624875475786,2021-04-19 08:45:00,2021-04-19 13:30:00,285.0,285.0
D1,F1-1-lag1-16-ridge,0,11,2021-04-20,96,1.0,True,172.0,178.83479446298333,6.834794462983325,6.834794462983325,2021-04-20 08:45:00,2021-04-20 13:30:00,285.0,285.0
D1,F1-1-lag1-16-ridge,0,11,2021-04-21,96,1.0,True,174.0,180.35482425338856,6.354824253388557,6.354824253388557,2021-04-21 08:30:00,2021-04-21 13:30:00,300.0,300.0
D1,F1-1-lag1-16-ridge,0,11,2021-04-22,96,1.0,True,174.0,175.87779349058522,1.8777934905852192,1.8777934905852192,2021-04-22 08:30:00,2021-04-22 13:30:00,300.0,300.0
D1,F1-1-lag1-16-ridge,0,11,2021-04-23,96,1.0,True,174.0,173.46666827138085,-0.5333317286191459,0.5333317286191459,2021-04-23 08:30:00,2021-04-23 13:30:00,300.0,300.0
D1,F1-1-lag1-16-ridge,0,11,2021-04-24,96,1.0,True,112.0,107.59138868064933,-4.408611319350669,4.408611319350669,2021-04-24 06:15:00,2021-04-24 06:30:00,15.0,15.0
D1,F1-1-lag1-16-ridge,0,11,2021-04-25,96,1.0,True,25.0,36.716817719820625,11.716817719820625,11.716817719820625,2021-04-25 01:30:00,2021-04-25 11:00:00,570.0,570.0
D1,F1-1-lag1-16-ridge,0,11,2021-05-03,96,1.0,True,184.0,166.81149353991015,-17.188506460089854,17.188506460089854,2021-05-03 08:30:00,2021-05-03 11:15:00,165.0,165.0
D1,F1-1-lag1-16-ridge,0,11,2021-05-04,96,1.0,True,181.0,180.30724772771467,-0.6927522722853325,0.6927522722853325,2021-05-04 08:30:00,2021-05-04 13:45:00,315.0,315.0
D1,F1-1-lag1-16-ridge,0,11,2021-05-05,96,1.0,True,120.0,140.2430036550062,20.24300365500619,20.24300365500619,2021-05-05 04:15:00,2021-05-05 08:30:00,255.0,255.0
D1,F1-1-lag1-16-ridge,0,11,2021-05-06,96,1.0,True,199.0,168.3748630437192,-30.625136956280812,30.625136956280812,2021-05-06 09:00:00,2021-05-06 13:30:00,270.0,270.0
D1,F1-1-lag1-16-ridge,0,11,2021-05-07,96,1.0,True,181.0,168.05891283391765,-12.941087166082355,12.941087166082355,2021-05-07 09:00:00,2021-05-07 13:45:00,285.0,285.0
D1,F1-1-lag1-16-ridge,0,11,2021-05-08,96,1.0,True,115.0,108.2272173939465,-6.772782606053497,6.772782606053497,2021-05-08 02:00:00,2021-05-08 06:30:00,270.0,270.0
D1,F1-1-lag1-16-ridge,0,11,2021-05-09,96,1.0,True,184.0,116.15106962722007,-67.84893037277993,67.84893037277993,2021-05-09 09:00:00,2021-05-09 13:45:00,285.0,285.0
D1,F1-1-lag1-16-ridge,0,12,2021-04-19,96,1.0,True,172.0,167.62728223490353,-4.372717765096468,4.372717765096468,2021-04-19 08:45:00,2021-04-19 13:45:00,300.0,300.0
D1,F1-1-lag1-16-ridge,0,12,2021-04-20,96,1.0,True,172.0,178.76964362396197,6.769643623961969,6.769643623961969,2021-04-20 08:45:00,2021-04-20 13:45:00,300.0,300.0
D1,F1-1-lag1-16-ridge,0,12,2021-04-21,96,1.0,True,174.0,179.1480214644311,5.14802146443111,5.14802146443111,2021-04-21 08:30:00,2021-04-21 13:30:00,300.0,300.0
D1,F1-1-lag1-16-ridge,0,12,2021-04-22,96,1.0,True,174.0,174.76757130546417,0.7675713054641733,0.7675713054641733,2021-04-22 08:30:00,2021-04-22 13:45:00,315.0,315.0
D1,F1-1-lag1-16-ridge,0,12,2021-04-23,96,1.0,True,174.0,172.3215863181574,-1.6784136818426134,1.6784136818426134,2021-04-23 08:30:00,2021-04-23 13:45:00,315.0,315.0
D1,F1-1-lag1-16-ridge,0,12,2021-04-24,96,1.0,True,112.0,108.76575421740277,-3.2342457825972275,3.2342457825972275,2021-04-24 06:15:00,2021-04-24 02:00:00,-255.0,255.0
D1,F1-1-lag1-16-ridge,0,12,2021-04-25,96,1.0,True,25.0,37.630026970612676,12.630026970612676,12.630026970612676,2021-04-25 01:30:00,2021-04-25 11:15:00,585.0,585.0
D1,F1-1-lag1-16-ridge,0,12,2021-05-03,96,1.0,True,184.0,165.53055997145185,-18.46944002854815,18.46944002854815,2021-05-03 08:30:00,2021-05-03 11:30:00,180.0,180.0
D1,F1-1-lag1-16-ridge,0,12,2021-05-04,96,1.0,True,181.0,179.33331185035254,-1.666688149647456,1.666688149647456,2021-05-04 08:30:00,2021-05-04 13:45:00,315.0,315.0
D1,F1-1-lag1-16-ridge,0,12,2021-05-05,96,1.0,True,120.0,141.05933356247604,21.05933356247604,21.05933356247604,2021-05-05 04:15:00,2021-05-05 08:30:00,255.0,255.0
D1,F1-1-lag1-16-ridge,0,12,2021-05-06,96,1.0,True,199.0,168.76697155367856,-30.23302844632144,30.23302844632144,2021-05-06 09:00:00,2021-05-06 11:30:00,150.0,150.0
D1,F1-1-lag1-16-ridge,0,12,2021-05-07,96,1.0,True,181.0,166.8100643019808,-14.189935698019212,14.189935698019212,2021-05-07 09:00:00,2021-05-07 14:00:00,300.0,300.0
D1,F1-1-lag1-16-ridge,0,12,2021-05-08,96,1.0,True,115.0,109.32037282265192,-5.679627177348081,5.679627177348081,2021-05-08 02:00:00,2021-05-08 06:45:00,285.0,285.0
D1,F1-1-lag1-16-ridge,0,12,2021-05-09,96,1.0,True,184.0,113.3988768718472,-70.6011231281528,70.6011231281528,2021-05-09 09:00:00,2021-05-09 13:30:00,270.0,270.0
D1,F1-1-lag1-16-ridge,0,13,2021-04-19,96,1.0,True,172.0,166.60186697450234,-5.398133025497657,5.398133025497657,2021-04-19 08:45:00,2021-04-19 13:45:00,300.0,300.0
D1,F1-1-lag1-16-ridge,0,13,2021-04-20,96,1.0,True,172.0,178.03428264816895,6.034282648168954,6.034282648168954,2021-04-20 08:45:00,2021-04-20 13:45:00,300.0,300.0
D1,F1-1-lag1-16-ridge,0,13,2021-04-21,96,1.0,True,174.0,177.5280268804887,3.52802688048871,3.52802688048871,2021-04-21 08:30:00,2021-04-21 13:45:00,315.0,315.0
D1,F1-1-lag1-16-ridge,0,13,2021-04-22,96,1.0,True,174.0,173.2126097227009,-0.7873902772990959,0.7873902772990959,2021-04-22 08:30:00,2021-04-22 13:45:00,315.0,315.0
D1,F1-1-lag1-16-ridge,0,13,2021-04-23,96,1.0,True,174.0,170.6556705519626,-3.3443294480373993,3.3443294480373993,2021-04-23 08:30:00,2021-04-23 13:45:00,315.0,315.0
D1,F1-1-lag1-16-ridge,0,13,2021-04-24,96,1.0,True,112.0,111.62100689587253,-0.3789931041274741,0.3789931041274741,2021-04-24 06:15:00,2021-04-24 02:00:00,-255.0,255.0
D1,F1-1-lag1-16-ridge,0,13,2021-04-25,96,1.0,True,25.0,38.00241180394594,13.00241180394594,13.00241180394594,2021-04-25 01:30:00,2021-04-25 11:15:00,585.0,585.0
D1,F1-1-lag1-16-ridge,0,13,2021-05-03,96,1.0,True,184.0,164.33685649076938,-19.663143509230622,19.663143509230622,2021-05-03 08:30:00,2021-05-03 11:45:00,195.0,195.0
D1,F1-1-lag1-16-ridge,0,13,2021-05-04,96,1.0,True,181.0,179.980189261914,-1.0198107380859938,1.0198107380859938,2021-05-04 08:30:00,2021-05-04 13:45:00,315.0,315.0
D1,F1-1-lag1-16-ridge,0,13,2021-05-05,96,1.0,True,120.0,143.3914871039742,23.391487103974214,23.391487103974214,2021-05-05 04:15:00,2021-05-05 08:30:00,255.0,255.0
D1,F1-1-lag1-16-ridge,0,13,2021-05-06,96,1.0,True,199.0,167.60327169707406,-31.396728302925936,31.396728302925936,2021-05-06 09:00:00,2021-05-06 13:45:00,285.0,285.0
D1,F1-1-lag1-16-ridge,0,13,2021-05-07,96,1.0,True,181.0,164.75123216545097,-16.248767834549028,16.248767834549028,2021-05-07 09:00:00,2021-05-07 13:45:00,285.0,285.0
D1,F1-1-lag1-16-ridge,0,13,2021-05-08,96,1.0,True,115.0,109.0649414667447,-5.935058533255301,5.935058533255301,2021-05-08 02:00:00,2021-05-08 06:45:00,285.0,285.0
D1,F1-1-lag1-16-ridge,0,13,2021-05-09,96,1.0,True,184.0,110.00498940660258,-73.99501059339742,73.99501059339742,2021-05-09 09:00:00,2021-05-09 13:45:00,285.0,285.0
D1,F1-1-lag1-16-ridge,0,14,2021-04-19,96,1.0,True,172.0,165.79628768340277,-6.203712316597233,6.203712316597233,2021-04-19 08:45:00,2021-04-19 13:15:00,270.0,270.0
D1,F1-1-lag1-16-ridge,0,14,2021-04-20,96,1.0,True,172.0,176.4581831599251,4.458183159925113,4.458183159925113,2021-04-20 08:45:00,2021-04-20 13:15:00,270.0,270.0
D1,F1-1-lag1-16-ridge,0,14,2021-04-21,96,1.0,True,174.0,173.9428358039837,-0.05716419601628786,0.05716419601628786,2021-04-21 08:30:00,2021-04-21 13:15:00,285.0,285.0
D1,F1-1-lag1-16-ridge,0,14,2021-04-22,96,1.0,True,174.0,169.80765229365522,-4.192347706344776,4.192347706344776,2021-04-22 08:30:00,2021-04-22 13:15:00,285.0,285.0
D1,F1-1-lag1-16-ridge,0,14,2021-04-23,96,1.0,True,174.0,167.18823933026778,-6.811760669732223,6.811760669732223,2021-04-23 08:30:00,2021-04-23 13:15:00,285.0,285.0
D1,F1-1-lag1-16-ridge,0,14,2021-04-24,96,1.0,True,112.0,111.28614076949442,-0.7138592305055766,0.7138592305055766,2021-04-24 06:15:00,2021-04-24 02:00:00,-255.0,255.0
D1,F1-1-lag1-16-ridge,0,14,2021-04-25,96,1.0,True,25.0,37.44513683641966,12.445136836419657,12.445136836419657,2021-04-25 01:30:00,2021-04-25 11:45:00,615.0,615.0
D1,F1-1-lag1-16-ridge,0,14,2021-05-03,96,1.0,True,184.0,164.57937281287258,-19.420627187127423,19.420627187127423,2021-05-03 08:30:00,2021-05-03 13:30:00,300.0,300.0
D1,F1-1-lag1-16-ridge,0,14,2021-05-04,96,1.0,True,181.0,179.35189452338375,-1.6481054766162515,1.6481054766162515,2021-05-04 08:30:00,2021-05-04 13:15:00,285.0,285.0
D1,F1-1-lag1-16-ridge,0,14,2021-05-05,96,1.0,True,120.0,150.38955769714192,30.389557697141925,30.389557697141925,2021-05-05 04:15:00,2021-05-05 08:30:00,255.0,255.0
D1,F1-1-lag1-16-ridge,0,14,2021-05-06,96,1.0,True,199.0,166.11745672736976,-32.882543272630244,32.882543272630244,2021-05-06 09:00:00,2021-05-06 13:30:00,270.0,270.0
D1,F1-1-lag1-16-ridge,0,14,2021-05-07,96,1.0,True,181.0,169.63328984716662,-11.366710152833377,11.366710152833377,2021-05-07 09:00:00,2021-05-07 14:30:00,330.0,330.0
D1,F1-1-lag1-16-ridge,0,14,2021-05-08,96,1.0,True,115.0,105.97621821864824,-9.023781781351758,9.023781781351758,2021-05-08 02:00:00,2021-05-08 06:30:00,270.0,270.0
D1,F1-1-lag1-16-ridge,0,14,2021-05-09,96,1.0,True,184.0,108.03546378749559,-75.96453621250441,75.96453621250441,2021-05-09 09:00:00,2021-05-09 14:00:00,300.0,300.0
D1,F1-1-lag1-16-ridge,0,15,2021-04-19,96,1.0,True,172.0,166.47756421474048,-5.522435785259518,5.522435785259518,2021-04-19 08:45:00,2021-04-19 13:45:00,300.0,300.0
D1,F1-1-lag1-16-ridge,0,15,2021-04-20,96,1.0,True,172.0,178.28244647435847,6.282446474358466,6.282446474358466,2021-04-20 08:45:00,2021-04-20 13:45:00,300.0,300.0
D1,F1-1-lag1-16-ridge,0,15,2021-04-21,96,1.0,True,174.0,176.87729060811716,2.877290608117164,2.877290608117164,2021-04-21 08:30:00,2021-04-21 13:15:00,285.0,285.0
D1,F1-1-lag1-16-ridge,0,15,2021-04-22,96,1.0,True,174.0,172.64379648935252,-1.3562035106474752,1.3562035106474752,2021-04-22 08:30:00,2021-04-22 13:15:00,285.0,285.0
D1,F1-1-lag1-16-ridge,0,15,2021-04-23,96,1.0,True,174.0,169.99418340389246,-4.005816596107536,4.005816596107536,2021-04-23 08:30:00,2021-04-23 13:15:00,285.0,285.0
D1,F1-1-lag1-16-ridge,0,15,2021-04-24,96,1.0,True,112.0,107.460547366772,-4.539452633227995,4.539452633227995,2021-04-24 06:15:00,2021-04-24 02:30:00,-225.0,225.0
D1,F1-1-lag1-16-ridge,0,15,2021-04-25,96,1.0,True,25.0,38.01633345225321,13.016333452253207,13.016333452253207,2021-04-25 01:30:00,2021-04-25 12:00:00,630.0,630.0
D1,F1-1-lag1-16-ridge,0,15,2021-05-03,96,1.0,True,184.0,165.57992780937101,-18.420072190628986,18.420072190628986,2021-05-03 08:30:00,2021-05-03 13:30:00,300.0,300.0
D1,F1-1-lag1-16-ridge,0,15,2021-05-04,96,1.0,True,181.0,180.39111897903007,-0.6088810209699318,0.6088810209699318,2021-05-04 08:30:00,2021-05-04 13:30:00,300.0,300.0
D1,F1-1-lag1-16-ridge,0,15,2021-05-05,96,1.0,True,120.0,154.95868618099436,34.95868618099436,34.95868618099436,2021-05-05 04:15:00,2021-05-05 08:30:00,255.0,255.0
D1,F1-1-lag1-16-ridge,0,15,2021-05-06,96,1.0,True,199.0,168.64302397895568,-30.356976021044318,30.356976021044318,2021-05-06 09:00:00,2021-05-06 13:30:00,270.0,270.0
D1,F1-1-lag1-16-ridge,0,15,2021-05-07,96,1.0,True,181.0,168.05401085206648,-12.945989147933517,12.945989147933517,2021-05-07 09:00:00,2021-05-07 14:45:00,345.0,345.0
D1,F1-1-lag1-16-ridge,0,15,2021-05-08,96,1.0,True,115.0,106.952721535798,-8.047278464201995,8.047278464201995,2021-05-08 02:00:00,2021-05-08 06:45:00,285.0,285.0
D1,F1-1-lag1-16-ridge,0,15,2021-05-09,96,1.0,True,184.0,107.74677609278643,-76.25322390721357,76.25322390721357,2021-05-09 09:00:00,2021-05-09 15:30:00,390.0,390.0
D1,F1-1-lag1-16-ridge,0,16,2021-04-19,96,1.0,True,172.0,169.73660036529856,-2.263399634701443,2.263399634701443,2021-04-19 08:45:00,2021-04-19 15:45:00,420.0,420.0
D1,F1-1-lag1-16-ridge,0,16,2021-04-20,96,1.0,True,172.0,181.71804376360683,9.718043763606829,9.718043763606829,2021-04-20 08:45:00,2021-04-20 15:45:00,420.0,420.0
D1,F1-1-lag1-16-ridge,0,16,2021-04-21,96,1.0,True,174.0,180.45079167795774,6.450791677957739,6.450791677957739,2021-04-21 08:30:00,2021-04-21 13:15:00,285.0,285.0
D1,F1-1-lag1-16-ridge,0,16,2021-04-22,96,1.0,True,174.0,176.1144410233564,2.1144410233563917,2.1144410233563917,2021-04-22 08:30:00,2021-04-22 13:15:00,285.0,285.0
D1,F1-1-lag1-16-ridge,0,16,2021-04-23,96,1.0,True,174.0,173.39738943173944,-0.6026105682605589,0.6026105682605589,2021-04-23 08:30:00,2021-04-23 13:15:00,285.0,285.0
D1,F1-1-lag1-16-ridge,0,16,2021-04-24,96,1.0,True,112.0,108.18567799636472,-3.814322003635283,3.814322003635283,2021-04-24 06:15:00,2021-04-24 02:00:00,-255.0,255.0
D1,F1-1-lag1-16-ridge,0,16,2021-04-25,96,1.0,True,25.0,38.15881072024734,13.158810720247338,13.158810720247338,2021-04-25 01:30:00,2021-04-25 12:00:00,630.0,630.0
D1,F1-1-lag1-16-ridge,0,16,2021-05-03,96,1.0,True,184.0,167.61726719274395,-16.382732807256048,16.382732807256048,2021-05-03 08:30:00,2021-05-03 13:30:00,300.0,300.0
D1,F1-1-lag1-16-ridge,0,16,2021-05-04,96,1.0,True,181.0,181.6499617473126,0.6499617473126023,0.6499617473126023,2021-05-04 08:30:00,2021-05-04 13:45:00,315.0,315.0
D1,F1-1-lag1-16-ridge,0,16,2021-05-05,96,1.0,True,120.0,156.37395782611196,36.37395782611196,36.37395782611196,2021-05-05 04:15:00,2021-05-05 08:30:00,255.0,255.0
D1,F1-1-lag1-16-ridge,0,16,2021-05-06,96,1.0,True,199.0,169.25390502091864,-29.746094979081363,29.746094979081363,2021-05-06 09:00:00,2021-05-06 13:45:00,285.0,285.0
D1,F1-1-lag1-16-ridge,0,16,2021-05-07,96,1.0,True,181.0,166.1108507780546,-14.889149221945388,14.889149221945388,2021-05-07 09:00:00,2021-05-07 14:30:00,330.0,330.0
D1,F1-1-lag1-16-ridge,0,16,2021-05-08,96,1.0,True,115.0,104.26794913161835,-10.732050868381648,10.732050868381648,2021-05-08 02:00:00,2021-05-08 06:15:00,255.0,255.0
D1,F1-1-lag1-16-ridge,0,16,2021-05-09,96,1.0,True,184.0,107.66882499588226,-76.33117500411774,76.33117500411774,2021-05-09 09:00:00,2021-05-09 15:30:00,390.0,390.0
D1,F1-1-lag1-16-ridge,1,4,2021-05-31,96,1.0,True,172.0,161.65782519603,-10.34217480397001,10.34217480397001,2021-05-31 10:30:00,2021-05-31 14:30:00,240.0,240.0
D1,F1-1-lag1-16-ridge,1,4,2021-06-01,96,1.0,True,195.0,180.817874393269,-14.182125606731006,14.182125606731006,2021-06-01 09:00:00,2021-06-01 11:30:00,150.0,150.0
D1,F1-1-lag1-16-ridge,1,4,2021-06-02,96,1.0,True,191.0,184.43330203168466,-6.566697968315339,6.566697968315339,2021-06-02 10:45:00,2021-06-02 11:45:00,60.0,60.0
D1,F1-1-lag1-16-ridge,1,4,2021-06-03,96,1.0,True,181.0,169.83071270047657,-11.169287299523432,11.169287299523432,2021-06-03 08:30:00,2021-06-03 09:30:00,60.0,60.0
D1,F1-1-lag1-16-ridge,1,4,2021-06-04,96,1.0,True,173.0,169.57608323559788,-3.4239167644021222,3.4239167644021222,2021-06-04 10:45:00,2021-06-04 11:45:00,60.0,60.0
D1,F1-1-lag1-16-ridge,1,4,2021-06-05,96,1.0,True,116.0,109.16644749797887,-6.833552502021135,6.833552502021135,2021-06-05 01:45:00,2021-06-05 04:30:00,165.0,165.0
D1,F1-1-lag1-16-ridge,1,4,2021-06-06,96,1.0,True,27.0,31.25924378307466,4.259243783074659,4.259243783074659,2021-06-06 01:30:00,2021-06-06 08:45:00,435.0,435.0
D1,F1-1-lag1-16-ridge,1,4,2021-06-14,96,1.0,True,204.0,177.90199154207966,-26.098008457920344,26.098008457920344,2021-06-14 09:00:00,2021-06-14 14:30:00,330.0,330.0
D1,F1-1-lag1-16-ridge,1,4,2021-06-15,96,1.0,True,198.0,185.61193038560856,-12.38806961439144,12.38806961439144,2021-06-15 08:45:00,2021-06-15 09:45:00,60.0,60.0
D1,F1-1-lag1-16-ridge,1,4,2021-06-16,96,1.0,True,193.0,185.24587884656415,-7.754121153435847,7.754121153435847,2021-06-16 10:45:00,2021-06-16 11:00:00,15.0,15.0
D1,F1-1-lag1-16-ridge,1,4,2021-06-17,96,1.0,True,197.0,185.9928656259658,-11.007134374034194,11.007134374034194,2021-06-17 08:45:00,2021-06-17 09:45:00,60.0,60.0
D1,F1-1-lag1-16-ridge,1,4,2021-06-18,96,1.0,True,186.0,178.25932908550197,-7.7406709144980255,7.7406709144980255,2021-06-18 10:00:00,2021-06-18 14:30:00,270.0,270.0
D1,F1-1-lag1-16-ridge,1,4,2021-06-19,96,1.0,True,119.0,112.98758641437408,-6.0124135856259215,6.0124135856259215,2021-06-19 02:15:00,2021-06-19 04:30:00,135.0,135.0
D1,F1-1-lag1-16-ridge,1,4,2021-06-20,96,1.0,True,28.0,32.59439018242085,4.594390182420852,4.594390182420852,2021-06-20 15:15:00,2021-06-20 06:15:00,-540.0,540.0
D1,F1-1-lag1-16-ridge,1,5,2021-05-31,96,1.0,True,172.0,159.50914443985266,-12.490855560147338,12.490855560147338,2021-05-31 10:30:00,2021-05-31 11:15:00,45.0,45.0
D1,F1-1-lag1-16-ridge,1,5,2021-06-01,96,1.0,True,195.0,180.55508618941442,-14.444913810585575,14.444913810585575,2021-06-01 09:00:00,2021-06-01 11:15:00,135.0,135.0
D1,F1-1-lag1-16-ridge,1,5,2021-06-02,96,1.0,True,191.0,182.9766108181798,-8.023389181820193,8.023389181820193,2021-06-02 10:45:00,2021-06-02 12:00:00,75.0,75.0
D1,F1-1-lag1-16-ridge,1,5,2021-06-03,96,1.0,True,181.0,170.59953933025895,-10.40046066974105,10.40046066974105,2021-06-03 08:30:00,2021-06-03 09:45:00,75.0,75.0
D1,F1-1-lag1-16-ridge,1,5,2021-06-04,96,1.0,True,173.0,170.41979075004326,-2.580209249956738,2.580209249956738,2021-06-04 10:45:00,2021-06-04 12:00:00,75.0,75.0
D1,F1-1-lag1-16-ridge,1,5,2021-06-05,96,1.0,True,116.0,110.10572543935494,-5.894274560645059,5.894274560645059,2021-06-05 01:45:00,2021-06-05 04:15:00,150.0,150.0
D1,F1-1-lag1-16-ridge,1,5,2021-06-06,96,1.0,True,27.0,32.62171955252677,5.62171955252677,5.62171955252677,2021-06-06 01:30:00,2021-06-06 06:00:00,270.0,270.0
D1,F1-1-lag1-16-ridge,1,5,2021-06-14,96,1.0,True,204.0,174.37882344095505,-29.621176559044955,29.621176559044955,2021-06-14 09:00:00,2021-06-14 14:45:00,345.0,345.0
D1,F1-1-lag1-16-ridge,1,5,2021-06-15,96,1.0,True,198.0,183.47377957921364,-14.526220420786359,14.526220420786359,2021-06-15 08:45:00,2021-06-15 10:00:00,75.0,75.0
D1,F1-1-lag1-16-ridge,1,5,2021-06-16,96,1.0,True,193.0,183.92919942246704,-9.070800577532964,9.070800577532964,2021-06-16 10:45:00,2021-06-16 11:15:00,30.0,30.0
D1,F1-1-lag1-16-ridge,1,5,2021-06-17,96,1.0,True,197.0,183.7439526972213,-13.256047302778711,13.256047302778711,2021-06-17 08:45:00,2021-06-17 10:00:00,75.0,75.0
D1,F1-1-lag1-16-ridge,1,5,2021-06-18,96,1.0,True,186.0,181.12692867175295,-4.87307132824705,4.87307132824705,2021-06-18 10:00:00,2021-06-18 11:15:00,75.0,75.0
D1,F1-1-lag1-16-ridge,1,5,2021-06-19,96,1.0,True,119.0,113.38922173047908,-5.610778269520921,5.610778269520921,2021-06-19 02:15:00,2021-06-19 04:15:00,120.0,120.0
D1,F1-1-lag1-16-ridge,1,5,2021-06-20,96,1.0,True,28.0,34.53795714115902,6.537957141159019,6.537957141159019,2021-06-20 15:15:00,2021-06-20 06:15:00,-540.0,540.0
D1,F1-1-lag1-16-ridge,1,6,2021-05-31,96,1.0,True,172.0,159.74745872116506,-12.25254127883494,12.25254127883494,2021-05-31 10:30:00,2021-05-31 11:15:00,45.0,45.0
D1,F1-1-lag1-16-ridge,1,6,2021-06-01,96,1.0,True,195.0,181.12274713082235,-13.877252869177653,13.877252869177653,2021-06-01 09:00:00,2021-06-01 10:30:00,90.0,90.0
D1,F1-1-lag1-16-ridge,1,6,2021-06-02,96,1.0,True,191.0,178.06198245573142,-12.938017544268575,12.938017544268575,2021-06-02 10:45:00,2021-06-02 11:00:00,15.0,15.0
D1,F1-1-lag1-16-ridge,1,6,2021-06-03,96,1.0,True,181.0,170.9071606139494,-10.0928393860506,10.0928393860506,2021-06-03 08:30:00,2021-06-03 11:00:00,150.0,150.0
D1,F1-1-lag1-16-ridge,1,6,2021-06-04,96,1.0,True,173.0,162.13301907270665,-10.866980927293355,10.866980927293355,2021-06-04 10:45:00,2021-06-04 11:30:00,45.0,45.0
D1,F1-1-lag1-16-ridge,1,6,2021-06-05,96,1.0,True,116.0,111.30470718060232,-4.695292819397679,4.695292819397679,2021-06-05 01:45:00,2021-06-05 04:15:00,150.0,150.0
D1,F1-1-lag1-16-ridge,1,6,2021-06-06,96,1.0,True,27.0,34.353715868906924,7.353715868906924,7.353715868906924,2021-06-06 01:30:00,2021-06-06 06:15:00,285.0,285.0
D1,F1-1-lag1-16-ridge,1,6,2021-06-14,96,1.0,True,204.0,175.19592345707667,-28.804076542923326,28.804076542923326,2021-06-14 09:00:00,2021-06-14 10:30:00,90.0,90.0
D1,F1-1-lag1-16-ridge,1,6,2021-06-15,96,1.0,True,198.0,185.01659735688793,-12.983402643112072,12.983402643112072,2021-06-15 08:45:00,2021-06-15 13:30:00,285.0,285.0
D1,F1-1-lag1-16-ridge,1,6,2021-06-16,96,1.0,True,193.0,183.66142729752352,-9.338572702476483,9.338572702476483,2021-06-16 10:45:00,2021-06-16 11:30:00,45.0,45.0
D1,F1-1-lag1-16-ridge,1,6,2021-06-17,96,1.0,True,197.0,183.73174766534115,-13.268252334658854,13.268252334658854,2021-06-17 08:45:00,2021-06-17 11:00:00,135.0,135.0
D1,F1-1-lag1-16-ridge,1,6,2021-06-18,96,1.0,True,186.0,176.956066603473,-9.043933396526995,9.043933396526995,2021-06-18 10:00:00,2021-06-18 11:30:00,90.0,90.0
D1,F1-1-lag1-16-ridge,1,6,2021-06-19,96,1.0,True,119.0,114.86534350340541,-4.134656496594587,4.134656496594587,2021-06-19 02:15:00,2021-06-19 04:30:00,135.0,135.0
D1,F1-1-lag1-16-ridge,1,6,2021-06-20,96,1.0,True,28.0,35.82558554814705,7.825585548147053,7.825585548147053,2021-06-20 15:15:00,2021-06-20 06:30:00,-525.0,525.0
D1,F1-1-lag1-16-ridge,1,7,2021-05-31,96,1.0,True,172.0,160.8840439712271,-11.1159560287729,11.1159560287729,2021-05-31 10:30:00,2021-05-31 13:30:00,180.0,180.0
D1,F1-1-lag1-16-ridge,1,7,2021-06-01,96,1.0,True,195.0,183.6302627430257,-11.369737256974304,11.369737256974304,2021-06-01 09:00:00,2021-06-01 10:45:00,105.0,105.0
D1,F1-1-lag1-16-ridge,1,7,2021-06-02,96,1.0,True,191.0,176.30418760060803,-14.695812399391968,14.695812399391968,2021-06-02 10:45:00,2021-06-02 13:30:00,165.0,165.0
D1,F1-1-lag1-16-ridge,1,7,2021-06-03,96,1.0,True,181.0,172.263813841566,-8.736186158434009,8.736186158434009,2021-06-03 08:30:00,2021-06-03 11:00:00,150.0,150.0
D1,F1-1-lag1-16-ridge,1,7,2021-06-04,96,1.0,True,173.0,162.2115637179017,-10.788436282098303,10.788436282098303,2021-06-04 10:45:00,2021-06-04 13:30:00,165.0,165.0
D1,F1-1-lag1-16-ridge,1,7,2021-06-05,96,1.0,True,116.0,109.22355897598526,-6.776441024014744,6.776441024014744,2021-06-05 01:45:00,2021-06-05 06:45:00,300.0,300.0
D1,F1-1-lag1-16-ridge,1,7,2021-06-06,96,1.0,True,27.0,35.50396735437677,8.503967354376769,8.503967354376769,2021-06-06 01:30:00,2021-06-06 06:30:00,300.0,300.0
D1,F1-1-lag1-16-ridge,1,7,2021-06-14,96,1.0,True,204.0,179.28182973288696,-24.718170267113038,24.718170267113038,2021-06-14 09:00:00,2021-06-14 13:30:00,270.0,270.0
D1,F1-1-lag1-16-ridge,1,7,2021-06-15,96,1.0,True,198.0,186.03870935578993,-11.961290644210067,11.961290644210067,2021-06-15 08:45:00,2021-06-15 11:15:00,150.0,150.0
D1,F1-1-lag1-16-ridge,1,7,2021-06-16,96,1.0,True,193.0,182.39937650408467,-10.600623495915329,10.600623495915329,2021-06-16 10:45:00,2021-06-16 11:45:00,60.0,60.0
D1,F1-1-lag1-16-ridge,1,7,2021-06-17,96,1.0,True,197.0,183.6476938621786,-13.352306137821387,13.352306137821387,2021-06-17 08:45:00,2021-06-17 11:00:00,135.0,135.0
D1,F1-1-lag1-16-ridge,1,7,2021-06-18,96,1.0,True,186.0,175.0995547780032,-10.90044522199679,10.90044522199679,2021-06-18 10:00:00,2021-06-18 11:45:00,105.0,105.0
D1,F1-1-lag1-16-ridge,1,7,2021-06-19,96,1.0,True,119.0,112.98558867489601,-6.014411325103993,6.014411325103993,2021-06-19 02:15:00,2021-06-19 04:30:00,135.0,135.0
D1,F1-1-lag1-16-ridge,1,7,2021-06-20,96,1.0,True,28.0,34.954176734513084,6.954176734513084,6.954176734513084,2021-06-20 15:15:00,2021-06-20 06:45:00,-510.0,510.0
D1,F1-1-lag1-16-ridge,1,8,2021-05-31,96,1.0,True,172.0,162.0221041494874,-9.977895850512596,9.977895850512596,2021-05-31 10:30:00,2021-05-31 13:45:00,195.0,195.0
D1,F1-1-lag1-16-ridge,1,8,2021-06-01,96,1.0,True,195.0,183.91477776278253,-11.085222237217465,11.085222237217465,2021-06-01 09:00:00,2021-06-01 11:00:00,120.0,120.0
D1,F1-1-lag1-16-ridge,1,8,2021-06-02,96,1.0,True,191.0,176.67937446955335,-14.320625530446648,14.320625530446648,2021-06-02 10:45:00,2021-06-02 13:30:00,165.0,165.0
D1,F1-1-lag1-16-ridge,1,8,2021-06-03,96,1.0,True,181.0,171.63223991722546,-9.367760082774538,9.367760082774538,2021-06-03 08:30:00,2021-06-03 11:15:00,165.0,165.0
D1,F1-1-lag1-16-ridge,1,8,2021-06-04,96,1.0,True,173.0,163.75816446748252,-9.241835532517484,9.241835532517484,2021-06-04 10:45:00,2021-06-04 13:45:00,180.0,180.0
D1,F1-1-lag1-16-ridge,1,8,2021-06-05,96,1.0,True,116.0,109.84637232916731,-6.153627670832691,6.153627670832691,2021-06-05 01:45:00,2021-06-05 06:45:00,300.0,300.0
D1,F1-1-lag1-16-ridge,1,8,2021-06-06,96,1.0,True,27.0,36.04036426684495,9.040364266844954,9.040364266844954,2021-06-06 01:30:00,2021-06-06 06:45:00,315.0,315.0
D1,F1-1-lag1-16-ridge,1,8,2021-06-14,96,1.0,True,204.0,184.46136560170802,-19.538634398291975,19.538634398291975,2021-06-14 09:00:00,2021-06-14 13:45:00,285.0,285.0
D1,F1-1-lag1-16-ridge,1,8,2021-06-15,96,1.0,True,198.0,185.9750661912868,-12.0249338087132,12.0249338087132,2021-06-15 08:45:00,2021-06-15 11:30:00,165.0,165.0
D1,F1-1-lag1-16-ridge,1,8,2021-06-16,96,1.0,True,193.0,180.569289752284,-12.430710247716007,12.430710247716007,2021-06-16 10:45:00,2021-06-16 11:45:00,60.0,60.0
D1,F1-1-lag1-16-ridge,1,8,2021-06-17,96,1.0,True,197.0,185.56389562820422,-11.436104371795778,11.436104371795778,2021-06-17 08:45:00,2021-06-17 10:45:00,120.0,120.0
D1,F1-1-lag1-16-ridge,1,8,2021-06-18,96,1.0,True,186.0,174.79895308850394,-11.201046911496064,11.201046911496064,2021-06-18 10:00:00,2021-06-18 11:15:00,75.0,75.0
D1,F1-1-lag1-16-ridge,1,8,2021-06-19,96,1.0,True,119.0,114.13173738562772,-4.868262614372284,4.868262614372284,2021-06-19 02:15:00,2021-06-19 06:45:00,270.0,270.0
D1,F1-1-lag1-16-ridge,1,8,2021-06-20,96,1.0,True,28.0,35.26426406749471,7.264264067494707,7.264264067494707,2021-06-20 15:15:00,2021-06-20 07:00:00,-495.0,495.0
D1,F1-1-lag1-16-ridge,1,9,2021-05-31,96,1.0,True,172.0,162.5743506547031,-9.425649345296904,9.425649345296904,2021-05-31 10:30:00,2021-05-31 13:30:00,180.0,180.0
D1,F1-1-lag1-16-ridge,1,9,2021-06-01,96,1.0,True,195.0,182.69634943449796,-12.30365056550204,12.30365056550204,2021-06-01 09:00:00,2021-06-01 11:15:00,135.0,135.0
D1,F1-1-lag1-16-ridge,1,9,2021-06-02,96,1.0,True,191.0,184.14391766406726,-6.85608233593274,6.85608233593274,2021-06-02 10:45:00,2021-06-02 13:15:00,150.0,150.0
D1,F1-1-lag1-16-ridge,1,9,2021-06-03,96,1.0,True,181.0,171.72321961239993,-9.27678038760007,9.27678038760007,2021-06-03 08:30:00,2021-06-03 11:00:00,150.0,150.0
D1,F1-1-lag1-16-ridge,1,9,2021-06-04,96,1.0,True,173.0,166.45307444335688,-6.546925556643117,6.546925556643117,2021-06-04 10:45:00,2021-06-04 13:15:00,150.0,150.0
D1,F1-1-lag1-16-ridge,1,9,2021-06-05,96,1.0,True,116.0,110.00546119467838,-5.994538805321625,5.994538805321625,2021-06-05 01:45:00,2021-06-05 04:15:00,150.0,150.0
D1,F1-1-lag1-16-ridge,1,9,2021-06-06,96,1.0,True,27.0,36.57047535950552,9.570475359505522,9.570475359505522,2021-06-06 01:30:00,2021-06-06 07:00:00,330.0,330.0
D1,F1-1-lag1-16-ridge,1,9,2021-06-14,96,1.0,True,204.0,186.02236586532456,-17.97763413467544,17.97763413467544,2021-06-14 09:00:00,2021-06-14 13:45:00,285.0,285.0
D1,F1-1-lag1-16-ridge,1,9,2021-06-15,96,1.0,True,198.0,185.41210767289618,-12.587892327103816,12.587892327103816,2021-06-15 08:45:00,2021-06-15 11:45:00,180.0,180.0
D1,F1-1-lag1-16-ridge,1,9,2021-06-16,96,1.0,True,193.0,183.43439536886044,-9.565604631139564,9.565604631139564,2021-06-16 10:45:00,2021-06-16 13:15:00,150.0,150.0
D1,F1-1-lag1-16-ridge,1,9,2021-06-17,96,1.0,True,197.0,185.2688127715524,-11.731187228447595,11.731187228447595,2021-06-17 08:45:00,2021-06-17 11:00:00,135.0,135.0
D1,F1-1-lag1-16-ridge,1,9,2021-06-18,96,1.0,True,186.0,174.12342793304646,-11.876572066953543,11.876572066953543,2021-06-18 10:00:00,2021-06-18 11:15:00,75.0,75.0
D1,F1-1-lag1-16-ridge,1,9,2021-06-19,96,1.0,True,119.0,114.07508856162721,-4.9249114383727886,4.9249114383727886,2021-06-19 02:15:00,2021-06-19 07:00:00,285.0,285.0
D1,F1-1-lag1-16-ridge,1,9,2021-06-20,96,1.0,True,28.0,35.826201333143324,7.826201333143324,7.826201333143324,2021-06-20 15:15:00,2021-06-20 07:15:00,-480.0,480.0
D1,F1-1-lag1-16-ridge,1,10,2021-05-31,96,1.0,True,172.0,165.3368852208169,-6.663114779183104,6.663114779183104,2021-05-31 10:30:00,2021-05-31 13:30:00,180.0,180.0
D1,F1-1-lag1-16-ridge,1,10,2021-06-01,96,1.0,True,195.0,181.57818691160412,-13.42181308839588,13.42181308839588,2021-06-01 09:00:00,2021-06-01 13:30:00,270.0,270.0
D1,F1-1-lag1-16-ridge,1,10,2021-06-02,96,1.0,True,191.0,188.93038653876474,-2.0696134612352637,2.0696134612352637,2021-06-02 10:45:00,2021-06-02 13:30:00,165.0,165.0
D1,F1-1-lag1-16-ridge,1,10,2021-06-03,96,1.0,True,181.0,174.22636068479858,-6.773639315201422,6.773639315201422,2021-06-03 08:30:00,2021-06-03 13:30:00,300.0,300.0
D1,F1-1-lag1-16-ridge,1,10,2021-06-04,96,1.0,True,173.0,171.77540453681914,-1.2245954631808615,1.2245954631808615,2021-06-04 10:45:00,2021-06-04 13:30:00,165.0,165.0
D1,F1-1-lag1-16-ridge,1,10,2021-06-05,96,1.0,True,116.0,113.60881396370196,-2.3911860362980377,2.3911860362980377,2021-06-05 01:45:00,2021-06-05 04:15:00,150.0,150.0
D1,F1-1-lag1-16-ridge,1,10,2021-06-06,96,1.0,True,27.0,36.571682928281845,9.571682928281845,9.571682928281845,2021-06-06 01:30:00,2021-06-06 07:15:00,345.0,345.0
D1,F1-1-lag1-16-ridge,1,10,2021-06-14,96,1.0,True,204.0,180.69615596982106,-23.303844030178936,23.303844030178936,2021-06-14 09:00:00,2021-06-14 14:00:00,300.0,300.0
D1,F1-1-lag1-16-ridge,1,10,2021-06-15,96,1.0,True,198.0,185.3818722583679,-12.618127741632094,12.618127741632094,2021-06-15 08:45:00,2021-06-15 11:15:00,150.0,150.0
D1,F1-1-lag1-16-ridge,1,10,2021-06-16,96,1.0,True,193.0,187.58798149220888,-5.412018507791117,5.412018507791117,2021-06-16 10:45:00,2021-06-16 13:30:00,165.0,165.0
D1,F1-1-lag1-16-ridge,1,10,2021-06-17,96,1.0,True,197.0,181.835664796415,-15.164335203585011,15.164335203585011,2021-06-17 08:45:00,2021-06-17 11:00:00,135.0,135.0
D1,F1-1-lag1-16-ridge,1,10,2021-06-18,96,1.0,True,186.0,170.89304965471536,-15.106950345284645,15.106950345284645,2021-06-18 10:00:00,2021-06-18 14:00:00,240.0,240.0
D1,F1-1-lag1-16-ridge,1,10,2021-06-19,96,1.0,True,119.0,113.15711617842352,-5.8428838215764785,5.8428838215764785,2021-06-19 02:15:00,2021-06-19 04:15:00,120.0,120.0
D1,F1-1-lag1-16-ridge,1,10,2021-06-20,96,1.0,True,28.0,36.39095070144618,8.39095070144618,8.39095070144618,2021-06-20 15:15:00,2021-06-20 11:00:00,-255.0,255.0
D1,F1-1-lag1-16-ridge,1,11,2021-05-31,96,1.0,True,172.0,167.363234920424,-4.6367650795760085,4.6367650795760085,2021-05-31 10:30:00,2021-05-31 13:30:00,180.0,180.0
D1,F1-1-lag1-16-ridge,1,11,2021-06-01,96,1.0,True,195.0,183.97822469075368,-11.021775309246323,11.021775309246323,2021-06-01 09:00:00,2021-06-01 13:45:00,285.0,285.0
D1,F1-1-lag1-16-ridge,1,11,2021-06-02,96,1.0,True,191.0,188.86129167403018,-2.138708325969816,2.138708325969816,2021-06-02 10:45:00,2021-06-02 13:30:00,165.0,165.0
D1,F1-1-lag1-16-ridge,1,11,2021-06-03,96,1.0,True,181.0,172.78090580039256,-8.21909419960744,8.21909419960744,2021-06-03 08:30:00,2021-06-03 11:15:00,165.0,165.0
D1,F1-1-lag1-16-ridge,1,11,2021-06-04,96,1.0,True,173.0,173.8022573073182,0.8022573073182002,0.8022573073182002,2021-06-04 10:45:00,2021-06-04 13:30:00,165.0,165.0
D1,F1-1-lag1-16-ridge,1,11,2021-06-05,96,1.0,True,116.0,113.0642037608101,-2.935796239189898,2.935796239189898,2021-06-05 01:45:00,2021-06-05 04:30:00,165.0,165.0
D1,F1-1-lag1-16-ridge,1,11,2021-06-06,96,1.0,True,27.0,38.03125617439238,11.031256174392382,11.031256174392382,2021-06-06 01:30:00,2021-06-06 07:30:00,360.0,360.0
D1,F1-1-lag1-16-ridge,1,11,2021-06-14,96,1.0,True,204.0,176.24438491964278,-27.755615080357217,27.755615080357217,2021-06-14 09:00:00,2021-06-14 13:45:00,285.0,285.0
D1,F1-1-lag1-16-ridge,1,11,2021-06-15,96,1.0,True,198.0,191.90718834242972,-6.09281165757028,6.09281165757028,2021-06-15 08:45:00,2021-06-15 13:30:00,285.0,285.0
D1,F1-1-lag1-16-ridge,1,11,2021-06-16,96,1.0,True,193.0,189.45273572863067,-3.547264271369329,3.547264271369329,2021-06-16 10:45:00,2021-06-16 13:45:00,180.0,180.0
D1,F1-1-lag1-16-ridge,1,11,2021-06-17,96,1.0,True,197.0,178.48965088576307,-18.51034911423693,18.51034911423693,2021-06-17 08:45:00,2021-06-17 11:00:00,135.0,135.0
D1,F1-1-lag1-16-ridge,1,11,2021-06-18,96,1.0,True,186.0,171.37310384503496,-14.626896154965038,14.626896154965038,2021-06-18 10:00:00,2021-06-18 16:15:00,375.0,375.0
D1,F1-1-lag1-16-ridge,1,11,2021-06-19,96,1.0,True,119.0,114.46520300950984,-4.534796990490165,4.534796990490165,2021-06-19 02:15:00,2021-06-19 04:30:00,135.0,135.0
D1,F1-1-lag1-16-ridge,1,11,2021-06-20,96,1.0,True,28.0,36.86743234829966,8.867432348299658,8.867432348299658,2021-06-20 15:15:00,2021-06-20 11:15:00,-240.0,240.0
D1,F1-1-lag1-16-ridge,1,12,2021-05-31,96,1.0,True,172.0,167.02096172359813,-4.979038276401866,4.979038276401866,2021-05-31 10:30:00,2021-05-31 13:45:00,195.0,195.0
D1,F1-1-lag1-16-ridge,1,12,2021-06-01,96,1.0,True,195.0,183.58917784719648,-11.410822152803519,11.410822152803519,2021-06-01 09:00:00,2021-06-01 14:00:00,300.0,300.0
D1,F1-1-lag1-16-ridge,1,12,2021-06-02,96,1.0,True,191.0,185.56220074175053,-5.43779925824947,5.43779925824947,2021-06-02 10:45:00,2021-06-02 13:45:00,180.0,180.0
D1,F1-1-lag1-16-ridge,1,12,2021-06-03,96,1.0,True,181.0,170.60259368386517,-10.397406316134834,10.397406316134834,2021-06-03 08:30:00,2021-06-03 13:30:00,300.0,300.0
D1,F1-1-lag1-16-ridge,1,12,2021-06-04,96,1.0,True,173.0,174.20328786352894,1.2032878635289421,1.2032878635289421,2021-06-04 10:45:00,2021-06-04 13:45:00,180.0,180.0
D1,F1-1-lag1-16-ridge,1,12,2021-06-05,96,1.0,True,116.0,112.01567223333788,-3.984327766662119,3.984327766662119,2021-06-05 01:45:00,2021-06-05 06:45:00,300.0,300.0
D1,F1-1-lag1-16-ridge,1,12,2021-06-06,96,1.0,True,27.0,39.18972683061829,12.18972683061829,12.18972683061829,2021-06-06 01:30:00,2021-06-06 11:00:00,570.0,570.0
D1,F1-1-lag1-16-ridge,1,12,2021-06-14,96,1.0,True,204.0,178.11804261552348,-25.88195738447652,25.88195738447652,2021-06-14 09:00:00,2021-06-14 13:45:00,285.0,285.0
D1,F1-1-lag1-16-ridge,1,12,2021-06-15,96,1.0,True,198.0,189.69446656762028,-8.305533432379718,8.305533432379718,2021-06-15 08:45:00,2021-06-15 13:30:00,285.0,285.0
D1,F1-1-lag1-16-ridge,1,12,2021-06-16,96,1.0,True,193.0,189.92177932858903,-3.0782206714109748,3.0782206714109748,2021-06-16 10:45:00,2021-06-16 13:45:00,180.0,180.0
D1,F1-1-lag1-16-ridge,1,12,2021-06-17,96,1.0,True,197.0,181.08811537201544,-15.911884627984563,15.911884627984563,2021-06-17 08:45:00,2021-06-17 11:45:00,180.0,180.0
D1,F1-1-lag1-16-ridge,1,12,2021-06-18,96,1.0,True,186.0,172.97094776785735,-13.029052232142647,13.029052232142647,2021-06-18 10:00:00,2021-06-18 16:30:00,390.0,390.0
D1,F1-1-lag1-16-ridge,1,12,2021-06-19,96,1.0,True,119.0,115.0713589477911,-3.928641052208903,3.928641052208903,2021-06-19 02:15:00,2021-06-19 04:30:00,135.0,135.0
D1,F1-1-lag1-16-ridge,1,12,2021-06-20,96,1.0,True,28.0,37.87569796355724,9.875697963557243,9.875697963557243,2021-06-20 15:15:00,2021-06-20 11:30:00,-225.0,225.0
D1,F1-1-lag1-16-ridge,1,13,2021-05-31,96,1.0,True,172.0,167.52795416110342,-4.472045838896577,4.472045838896577,2021-05-31 10:30:00,2021-05-31 13:45:00,195.0,195.0
D1,F1-1-lag1-16-ridge,1,13,2021-06-01,96,1.0,True,195.0,180.76698612817557,-14.233013871824426,14.233013871824426,2021-06-01 09:00:00,2021-06-01 14:00:00,300.0,300.0
D1,F1-1-lag1-16-ridge,1,13,2021-06-02,96,1.0,True,191.0,179.2521964027815,-11.747803597218507,11.747803597218507,2021-06-02 10:45:00,2021-06-02 14:15:00,210.0,210.0
D1,F1-1-lag1-16-ridge,1,13,2021-06-03,96,1.0,True,181.0,168.5092156318725,-12.490784368127493,12.490784368127493,2021-06-03 08:30:00,2021-06-03 13:45:00,315.0,315.0
D1,F1-1-lag1-16-ridge,1,13,2021-06-04,96,1.0,True,173.0,167.74894311716213,-5.251056882837872,5.251056882837872,2021-06-04 10:45:00,2021-06-04 14:00:00,195.0,195.0
D1,F1-1-lag1-16-ridge,1,13,2021-06-05,96,1.0,True,116.0,109.8514602705894,-6.148539729410601,6.148539729410601,2021-06-05 01:45:00,2021-06-05 06:45:00,300.0,300.0
D1,F1-1-lag1-16-ridge,1,13,2021-06-06,96,1.0,True,27.0,40.32207881910644,13.322078819106437,13.322078819106437,2021-06-06 01:30:00,2021-06-06 11:00:00,570.0,570.0
D1,F1-1-lag1-16-ridge,1,13,2021-06-14,96,1.0,True,204.0,177.52832036640365,-26.471679633596352,26.471679633596352,2021-06-14 09:00:00,2021-06-14 13:45:00,285.0,285.0
D1,F1-1-lag1-16-ridge,1,13,2021-06-15,96,1.0,True,198.0,186.40668624533288,-11.593313754667122,11.593313754667122,2021-06-15 08:45:00,2021-06-15 13:45:00,300.0,300.0
D1,F1-1-lag1-16-ridge,1,13,2021-06-16,96,1.0,True,193.0,188.17782493760654,-4.822175062393455,4.822175062393455,2021-06-16 10:45:00,2021-06-16 14:00:00,195.0,195.0
D1,F1-1-lag1-16-ridge,1,13,2021-06-17,96,1.0,True,197.0,177.36180481430983,-19.638195185690165,19.638195185690165,2021-06-17 08:45:00,2021-06-17 12:00:00,195.0,195.0
D1,F1-1-lag1-16-ridge,1,13,2021-06-18,96,1.0,True,186.0,175.0052259613965,-10.99477403860351,10.99477403860351,2021-06-18 10:00:00,2021-06-18 16:45:00,405.0,405.0
D1,F1-1-lag1-16-ridge,1,13,2021-06-19,96,1.0,True,119.0,113.64092429264952,-5.359075707350485,5.359075707350485,2021-06-19 02:15:00,2021-06-19 04:45:00,150.0,150.0
D1,F1-1-lag1-16-ridge,1,13,2021-06-20,96,1.0,True,28.0,38.01817925311653,10.018179253116529,10.018179253116529,2021-06-20 15:15:00,2021-06-20 11:45:00,-210.0,210.0
D1,F1-1-lag1-16-ridge,1,14,2021-05-31,96,1.0,True,172.0,162.91388150077188,-9.086118499228121,9.086118499228121,2021-05-31 10:30:00,2021-05-31 14:00:00,210.0,210.0
D1,F1-1-lag1-16-ridge,1,14,2021-06-01,96,1.0,True,195.0,180.90144192175768,-14.09855807824232,14.09855807824232,2021-06-01 09:00:00,2021-06-01 14:30:00,330.0,330.0
D1,F1-1-lag1-16-ridge,1,14,2021-06-02,96,1.0,True,191.0,184.47825800346993,-6.521741996530068,6.521741996530068,2021-06-02 10:45:00,2021-06-02 14:30:00,225.0,225.0
D1,F1-1-lag1-16-ridge,1,14,2021-06-03,96,1.0,True,181.0,168.4354144852561,-12.564585514743897,12.564585514743897,2021-06-03 08:30:00,2021-06-03 13:15:00,285.0,285.0
D1,F1-1-lag1-16-ridge,1,14,2021-06-04,96,1.0,True,173.0,164.40051525909132,-8.599484740908679,8.599484740908679,2021-06-04 10:45:00,2021-06-04 14:15:00,210.0,210.0
D1,F1-1-lag1-16-ridge,1,14,2021-06-05,96,1.0,True,116.0,107.84593958416458,-8.154060415835417,8.154060415835417,2021-06-05 01:45:00,2021-06-05 06:15:00,270.0,270.0
D1,F1-1-lag1-16-ridge,1,14,2021-06-06,96,1.0,True,27.0,40.287728183982736,13.287728183982736,13.287728183982736,2021-06-06 01:30:00,2021-06-06 11:15:00,585.0,585.0
D1,F1-1-lag1-16-ridge,1,14,2021-06-14,96,1.0,True,204.0,174.7319964952419,-29.2680035047581,29.2680035047581,2021-06-14 09:00:00,2021-06-14 15:00:00,360.0,360.0
D1,F1-1-lag1-16-ridge,1,14,2021-06-15,96,1.0,True,198.0,189.42617204965086,-8.573827950349141,8.573827950349141,2021-06-15 08:45:00,2021-06-15 13:30:00,285.0,285.0
D1,F1-1-lag1-16-ridge,1,14,2021-06-16,96,1.0,True,193.0,182.759861912404,-10.240138087595994,10.240138087595994,2021-06-16 10:45:00,2021-06-16 14:00:00,195.0,195.0
D1,F1-1-lag1-16-ridge,1,14,2021-06-17,96,1.0,True,197.0,173.9838455462678,-23.016154453732213,23.016154453732213,2021-06-17 08:45:00,2021-06-17 11:45:00,180.0,180.0
D1,F1-1-lag1-16-ridge,1,14,2021-06-18,96,1.0,True,186.0,171.5681854708478,-14.431814529152206,14.431814529152206,2021-06-18 10:00:00,2021-06-18 15:00:00,300.0,300.0
D1,F1-1-lag1-16-ridge,1,14,2021-06-19,96,1.0,True,119.0,111.09676508173906,-7.903234918260935,7.903234918260935,2021-06-19 02:15:00,2021-06-19 06:45:00,270.0,270.0
D1,F1-1-lag1-16-ridge,1,14,2021-06-20,96,1.0,True,28.0,38.5477236552008,10.547723655200798,10.547723655200798,2021-06-20 15:15:00,2021-06-20 12:00:00,-195.0,195.0
D1,F1-1-lag1-16-ridge,1,15,2021-05-31,96,1.0,True,172.0,166.56316350666873,-5.4368364933312705,5.4368364933312705,2021-05-31 10:30:00,2021-05-31 15:30:00,300.0,300.0
D1,F1-1-lag1-16-ridge,1,15,2021-06-01,96,1.0,True,195.0,181.12903708833412,-13.870962911665885,13.870962911665885,2021-06-01 09:00:00,2021-06-01 14:45:00,345.0,345.0
D1,F1-1-lag1-16-ridge,1,15,2021-06-02,96,1.0,True,191.0,183.43844960428476,-7.561550395715244,7.561550395715244,2021-06-02 10:45:00,2021-06-02 14:30:00,225.0,225.0
D1,F1-1-lag1-16-ridge,1,15,2021-06-03,96,1.0,True,181.0,172.52440796564,-8.475592034360005,8.475592034360005,2021-06-03 08:30:00,2021-06-03 13:15:00,285.0,285.0
D1,F1-1-lag1-16-ridge,1,15,2021-06-04,96,1.0,True,173.0,165.0206916352704,-7.979308364729604,7.979308364729604,2021-06-04 10:45:00,2021-06-04 13:45:00,180.0,180.0
D1,F1-1-lag1-16-ridge,1,15,2021-06-05,96,1.0,True,116.0,109.43887497597918,-6.561125024020825,6.561125024020825,2021-06-05 01:45:00,2021-06-05 06:45:00,300.0,300.0
D1,F1-1-lag1-16-ridge,1,15,2021-06-06,96,1.0,True,27.0,39.438393045038396,12.438393045038396,12.438393045038396,2021-06-06 01:30:00,2021-06-06 11:45:00,615.0,615.0
D1,F1-1-lag1-16-ridge,1,15,2021-06-14,96,1.0,True,204.0,180.13109869727882,-23.868901302721184,23.868901302721184,2021-06-14 09:00:00,2021-06-14 13:45:00,285.0,285.0
D1,F1-1-lag1-16-ridge,1,15,2021-06-15,96,1.0,True,198.0,189.84760205459605,-8.152397945403948,8.152397945403948,2021-06-15 08:45:00,2021-06-15 13:30:00,285.0,285.0
D1,F1-1-lag1-16-ridge,1,15,2021-06-16,96,1.0,True,193.0,186.70972072859544,-6.2902792714045574,6.2902792714045574,2021-06-16 10:45:00,2021-06-16 13:45:00,180.0,180.0
D1,F1-1-lag1-16-ridge,1,15,2021-06-17,96,1.0,True,197.0,176.8482878428929,-20.151712157107113,20.151712157107113,2021-06-17 08:45:00,2021-06-17 13:15:00,270.0,270.0
D1,F1-1-lag1-16-ridge,1,15,2021-06-18,96,1.0,True,186.0,171.34767265223144,-14.652327347768562,14.652327347768562,2021-06-18 10:00:00,2021-06-18 13:45:00,225.0,225.0
D1,F1-1-lag1-16-ridge,1,15,2021-06-19,96,1.0,True,119.0,115.01646247904094,-3.983537520959061,3.983537520959061,2021-06-19 02:15:00,2021-06-19 06:45:00,270.0,270.0
D1,F1-1-lag1-16-ridge,1,15,2021-06-20,96,1.0,True,28.0,39.424997979989236,11.424997979989236,11.424997979989236,2021-06-20 15:15:00,2021-06-20 12:15:00,-180.0,180.0
D1,F1-1-lag1-16-ridge,1,16,2021-05-31,96,1.0,True,172.0,169.344364228441,-2.655635771558991,2.655635771558991,2021-05-31 10:30:00,2021-05-31 15:30:00,300.0,300.0
D1,F1-1-lag1-16-ridge,1,16,2021-06-01,96,1.0,True,195.0,178.25445129070914,-16.74554870929086,16.74554870929086,2021-06-01 09:00:00,2021-06-01 14:45:00,345.0,345.0
D1,F1-1-lag1-16-ridge,1,16,2021-06-02,96,1.0,True,191.0,182.55628945686732,-8.443710543132681,8.443710543132681,2021-06-02 10:45:00,2021-06-02 14:45:00,240.0,240.0
D1,F1-1-lag1-16-ridge,1,16,2021-06-03,96,1.0,True,181.0,175.41282576091015,-5.587174239089848,5.587174239089848,2021-06-03 08:30:00,2021-06-03 13:30:00,300.0,300.0
D1,F1-1-lag1-16-ridge,1,16,2021-06-04,96,1.0,True,173.0,166.64155461431847,-6.358445385681534,6.358445385681534,2021-06-04 10:45:00,2021-06-04 13:30:00,165.0,165.0
D1,F1-1-lag1-16-ridge,1,16,2021-06-05,96,1.0,True,116.0,109.50385012183627,-6.496149878163735,6.496149878163735,2021-06-05 01:45:00,2021-06-05 06:45:00,300.0,300.0
D1,F1-1-lag1-16-ridge,1,16,2021-06-06,96,1.0,True,27.0,40.18398183566955,13.183981835669549,13.183981835669549,2021-06-06 01:30:00,2021-06-06 11:45:00,615.0,615.0
D1,F1-1-lag1-16-ridge,1,16,2021-06-14,96,1.0,True,204.0,182.05256147136004,-21.947438528639964,21.947438528639964,2021-06-14 09:00:00,2021-06-14 13:45:00,285.0,285.0
D1,F1-1-lag1-16-ridge,1,16,2021-06-15,96,1.0,True,198.0,195.58467825307878,-2.4153217469212223,2.4153217469212223,2021-06-15 08:45:00,2021-06-15 13:30:00,285.0,285.0
D1,F1-1-lag1-16-ridge,1,16,2021-06-16,96,1.0,True,193.0,186.2574913607249,-6.742508639275087,6.742508639275087,2021-06-16 10:45:00,2021-06-16 13:45:00,180.0,180.0
D1,F1-1-lag1-16-ridge,1,16,2021-06-17,96,1.0,True,197.0,176.56754988727513,-20.432450112724865,20.432450112724865,2021-06-17 08:45:00,2021-06-17 13:45:00,300.0,300.0
D1,F1-1-lag1-16-ridge,1,16,2021-06-18,96,1.0,True,186.0,171.1786482057644,-14.821351794235596,14.821351794235596,2021-06-18 10:00:00,2021-06-18 15:30:00,330.0,330.0
D1,F1-1-lag1-16-ridge,1,16,2021-06-19,96,1.0,True,119.0,113.0111804827358,-5.988819517264204,5.988819517264204,2021-06-19 02:15:00,2021-06-19 06:45:00,270.0,270.0
D1,F1-1-lag1-16-ridge,1,16,2021-06-20,96,1.0,True,28.0,39.24559340903809,11.245593409038086,11.245593409038086,2021-06-20 15:15:00,2021-06-20 12:30:00,-165.0,165.0
D1,F1-1-lag1-16-ridge,2,4,2021-07-12,96,1.0,True,198.0,189.18571514040718,-8.814284859592817,8.814284859592817,2021-07-12 08:45:00,2021-07-12 09:30:00,45.0,45.0
D1,F1-1-lag1-16-ridge,2,4,2021-07-13,1,0.010416666666666666,False,79.0,104.45728794049575,25.457287940495746,25.457287940495746,2021-07-13 00:00:00,2021-07-13 00:00:00,0.0,0.0
D1,F1-1-lag1-16-ridge,2,4,2021-07-17,80,0.8333333333333334,False,108.0,109.71228305595132,1.7122830559513176,1.7122830559513176,2021-07-17 06:00:00,2021-07-17 07:00:00,60.0,60.0
D1,F1-1-lag1-16-ridge,2,4,2021-07-18,84,0.875,False,28.0,32.39453910818085,4.394539108180851,4.394539108180851,2021-07-18 04:30:00,2021-07-18 08:45:00,255.0,255.0
D1,F1-1-lag1-16-ridge,2,4,2021-07-26,84,0.875,False,217.0,206.07928294213252,-10.920717057867478,10.920717057867478,2021-07-26 08:30:00,2021-07-26 09:30:00,60.0,60.0
D1,F1-1-lag1-16-ridge,2,4,2021-07-27,84,0.875,False,211.0,201.41275223386822,-9.587247766131782,9.587247766131782,2021-07-27 11:45:00,2021-07-27 09:30:00,-135.0,135.0
D1,F1-1-lag1-16-ridge,2,4,2021-07-28,84,0.875,False,212.0,207.42438634267802,-4.5756136573219806,4.5756136573219806,2021-07-28 12:00:00,2021-07-28 14:30:00,150.0,150.0
D1,F1-1-lag1-16-ridge,2,4,2021-07-29,84,0.875,False,211.0,203.8392100836194,-7.160789916380594,7.160789916380594,2021-07-29 12:00:00,2021-07-29 14:45:00,165.0,165.0
D1,F1-1-lag1-16-ridge,2,4,2021-07-30,85,0.8854166666666666,False,212.0,203.2544693497333,-8.745530650266687,8.745530650266687,2021-07-30 12:00:00,2021-07-30 14:30:00,150.0,150.0
D1,F1-1-lag1-16-ridge,2,4,2021-07-31,96,1.0,True,80.0,105.87476286909934,25.874762869099342,25.874762869099342,2021-07-31 00:00:00,2021-07-31 00:00:00,0.0,0.0
D1,F1-1-lag1-16-ridge,2,4,2021-08-01,96,1.0,True,28.0,32.07890280666726,4.078902806667259,4.078902806667259,2021-08-01 09:00:00,2021-08-01 10:00:00,60.0,60.0
D1,F1-1-lag1-16-ridge,2,4,2021-08-09,39,0.40625,False,215.0,148.291945156469,-66.70805484353099,66.70805484353099,2021-08-09 08:45:00,2021-08-09 09:30:00,45.0,45.0
D1,F1-1-lag1-16-ridge,2,5,2021-07-12,96,1.0,True,198.0,183.8207586596533,-14.179241340346692,14.179241340346692,2021-07-12 08:45:00,2021-07-12 09:45:00,60.0,60.0
D1,F1-1-lag1-16-ridge,2,5,2021-07-13,1,0.010416666666666666,False,79.0,109.07637973809571,30.07637973809571,30.07637973809571,2021-07-13 00:00:00,2021-07-13 00:00:00,0.0,0.0
D1,F1-1-lag1-16-ridge,2,5,2021-07-17,79,0.8229166666666666,False,108.0,113.28339947195963,5.283399471959626,5.283399471959626,2021-07-17 06:00:00,2021-07-17 07:15:00,75.0,75.0
D1,F1-1-lag1-16-ridge,2,5,2021-07-18,84,0.875,False,28.0,32.96303640331718,4.963036403317183,4.963036403317183,2021-07-18 04:30:00,2021-07-18 09:00:00,270.0,270.0
D1,F1-1-lag1-16-ridge,2,5,2021-07-26,84,0.875,False,217.0,201.96621653731674,-15.03378346268326,15.03378346268326,2021-07-26 08:30:00,2021-07-26 09:45:00,75.0,75.0
D1,F1-1-lag1-16-ridge,2,5,2021-07-27,84,0.875,False,211.0,196.75451128129106,-14.245488718708941,14.245488718708941,2021-07-27 11:45:00,2021-07-27 11:00:00,-45.0,45.0
D1,F1-1-lag1-16-ridge,2,5,2021-07-28,84,0.875,False,212.0,204.25913729037302,-7.740862709626981,7.740862709626981,2021-07-28 12:00:00,2021-07-28 14:45:00,165.0,165.0
D1,F1-1-lag1-16-ridge,2,5,2021-07-29,84,0.875,False,211.0,198.31296487467785,-12.687035125322154,12.687035125322154,2021-07-29 12:00:00,2021-07-29 14:45:00,165.0,165.0
D1,F1-1-lag1-16-ridge,2,5,2021-07-30,85,0.8854166666666666,False,212.0,200.84070156405153,-11.159298435948472,11.159298435948472,2021-07-30 12:00:00,2021-07-30 14:45:00,165.0,165.0
D1,F1-1-lag1-16-ridge,2,5,2021-07-31,96,1.0,True,80.0,101.90667363972095,21.90667363972095,21.90667363972095,2021-07-31 00:00:00,2021-07-31 00:00:00,0.0,0.0
D1,F1-1-lag1-16-ridge,2,5,2021-08-01,96,1.0,True,28.0,32.81299451895848,4.812994518958483,4.812994518958483,2021-08-01 09:00:00,2021-08-01 10:15:00,75.0,75.0
D1,F1-1-lag1-16-ridge,2,5,2021-08-09,39,0.40625,False,215.0,123.2018226075342,-91.7981773924658,91.7981773924658,2021-08-09 08:45:00,2021-08-09 09:30:00,45.0,45.0
D1,F1-1-lag1-16-ridge,2,6,2021-07-12,96,1.0,True,198.0,179.06375872309445,-18.936241276905548,18.936241276905548,2021-07-12 08:45:00,2021-07-12 11:00:00,135.0,135.0
D1,F1-1-lag1-16-ridge,2,6,2021-07-13,1,0.010416666666666666,False,79.0,103.46914249009352,24.469142490093517,24.469142490093517,2021-07-13 00:00:00,2021-07-13 00:00:00,0.0,0.0
D1,F1-1-lag1-16-ridge,2,6,2021-07-17,78,0.8125,False,108.0,105.88312803075988,-2.1168719692401226,2.1168719692401226,2021-07-17 06:00:00,2021-07-17 07:30:00,90.0,90.0
D1,F1-1-lag1-16-ridge,2,6,2021-07-18,84,0.875,False,28.0,34.48788645486391,6.4878864548639115,6.4878864548639115,2021-07-18 01:15:00,2021-07-18 09:15:00,480.0,480.0
D1,F1-1-lag1-16-ridge,2,6,2021-07-26,84,0.875,False,217.0,192.39076325356444,-24.609236746435556,24.609236746435556,2021-07-26 08:30:00,2021-07-26 10:00:00,90.0,90.0
D1,F1-1-lag1-16-ridge,2,6,2021-07-27,84,0.875,False,211.0,198.18320935975532,-12.816790640244676,12.816790640244676,2021-07-27 11:45:00,2021-07-27 11:00:00,-45.0,45.0
D1,F1-1-lag1-16-ridge,2,6,2021-07-28,84,0.875,False,212.0,198.19464374606525,-13.805356253934747,13.805356253934747,2021-07-28 12:00:00,2021-07-28 12:00:00,0.0,0.0
D1,F1-1-lag1-16-ridge,2,6,2021-07-29,84,0.875,False,211.0,195.78273504128623,-15.21726495871377,15.21726495871377,2021-07-29 12:00:00,2021-07-29 11:00:00,-60.0,60.0
D1,F1-1-lag1-16-ridge,2,6,2021-07-30,85,0.8854166666666666,False,212.0,199.67568920218562,-12.324310797814377,12.324310797814377,2021-07-30 12:00:00,2021-07-30 13:30:00,90.0,90.0
D1,F1-1-lag1-16-ridge,2,6,2021-07-31,96,1.0,True,80.0,101.71881002953866,21.71881002953866,21.71881002953866,2021-07-31 00:00:00,2021-07-31 00:00:00,0.0,0.0
D1,F1-1-lag1-16-ridge,2,6,2021-08-01,96,1.0,True,28.0,33.159075800238654,5.159075800238654,5.159075800238654,2021-08-01 09:00:00,2021-08-01 10:30:00,90.0,90.0
D1,F1-1-lag1-16-ridge,2,6,2021-08-09,39,0.40625,False,215.0,89.83019746405972,-125.16980253594028,125.16980253594028,2021-08-09 08:45:00,2021-08-09 09:30:00,45.0,45.0
D1,F1-1-lag1-16-ridge,2,7,2021-07-12,96,1.0,True,198.0,178.80954246161613,-19.190457538383868,19.190457538383868,2021-07-12 08:45:00,2021-07-12 11:15:00,150.0,150.0
D1,F1-1-lag1-16-ridge,2,7,2021-07-13,1,0.010416666666666666,False,79.0,100.15413865987905,21.154138659879052,21.154138659879052,2021-07-13 00:00:00,2021-07-13 00:00:00,0.0,0.0
D1,F1-1-lag1-16-ridge,2,7,2021-07-17,77,0.8020833333333334,False,108.0,102.66431614652129,-5.335683853478713,5.335683853478713,2021-07-17 06:00:00,2021-07-17 06:30:00,30.0,30.0
D1,F1-1-lag1-16-ridge,2,7,2021-07-18,84,0.875,False,28.0,35.7809118160304,7.780911816030397,7.780911816030397,2021-07-18 01:15:00,2021-07-18 09:30:00,495.0,495.0
D1,F1-1-lag1-16-ridge,2,7,2021-07-26,84,0.875,False,217.0,194.97242305584768,-22.027576944152315,22.027576944152315,2021-07-26 08:30:00,2021-07-26 13:30:00,300.0,300.0
D1,F1-1-lag1-16-ridge,2,7,2021-07-27,84,0.875,False,211.0,202.5855446874952,-8.4144553125048,8.4144553125048,2021-07-27 11:45:00,2021-07-27 13:30:00,105.0,105.0
D1,F1-1-lag1-16-ridge,2,7,2021-07-28,84,0.875,False,212.0,200.21589564619796,-11.784104353802036,11.784104353802036,2021-07-28 12:00:00,2021-07-28 13:45:00,105.0,105.0
D1,F1-1-lag1-16-ridge,2,7,2021-07-29,84,0.875,False,211.0,195.48424360365013,-15.515756396349872,15.515756396349872,2021-07-29 12:00:00,2021-07-29 13:45:00,105.0,105.0
D1,F1-1-lag1-16-ridge,2,7,2021-07-30,85,0.8854166666666666,False,212.0,198.5186434196708,-13.48135658032919,13.48135658032919,2021-07-30 12:00:00,2021-07-30 13:30:00,90.0,90.0
D1,F1-1-lag1-16-ridge,2,7,2021-07-31,96,1.0,True,80.0,97.6611867698431,17.6611867698431,17.6611867698431,2021-07-31 00:00:00,2021-07-31 00:00:00,0.0,0.0
D1,F1-1-lag1-16-ridge,2,7,2021-08-01,96,1.0,True,28.0,34.1138832511186,6.113883251118601,6.113883251118601,2021-08-01 09:00:00,2021-08-01 10:45:00,105.0,105.0
D1,F1-1-lag1-16-ridge,2,7,2021-08-09,39,0.40625,False,215.0,76.8974246904337,-138.1025753095663,138.1025753095663,2021-08-09 08:45:00,2021-08-09 09:30:00,45.0,45.0
D1,F1-1-lag1-16-ridge,2,8,2021-07-12,96,1.0,True,198.0,180.14985576385672,-17.85014423614328,17.85014423614328,2021-07-12 08:45:00,2021-07-12 13:45:00,300.0,300.0
D1,F1-1-lag1-16-ridge,2,8,2021-07-13,1,0.010416666666666666,False,79.0,98.80947117447187,19.809471174471867,19.809471174471867,2021-07-13 00:00:00,2021-07-13 00:00:00,0.0,0.0
D1,F1-1-lag1-16-ridge,2,8,2021-07-17,76,0.7916666666666666,False,108.0,101.87645723836536,-6.1235427616346385,6.1235427616346385,2021-07-17 06:00:00,2021-07-17 07:00:00,60.0,60.0
D1,F1-1-lag1-16-ridge,2,8,2021-07-18,84,0.875,False,28.0,36.07409593921949,8.07409593921949,8.07409593921949,2021-07-18 01:15:00,2021-07-18 09:45:00,510.0,510.0
D1,F1-1-lag1-16-ridge,2,8,2021-07-26,84,0.875,False,217.0,196.88429007500497,-20.11570992499503,20.11570992499503,2021-07-26 08:30:00,2021-07-26 13:30:00,300.0,300.0
D1,F1-1-lag1-16-ridge,2,8,2021-07-27,84,0.875,False,211.0,201.6379675625796,-9.362032437420396,9.362032437420396,2021-07-27 11:45:00,2021-07-27 13:30:00,105.0,105.0
D1,F1-1-lag1-16-ridge,2,8,2021-07-28,84,0.875,False,212.0,202.94877667078768,-9.05122332921232,9.05122332921232,2021-07-28 12:00:00,2021-07-28 14:00:00,120.0,120.0
D1,F1-1-lag1-16-ridge,2,8,2021-07-29,84,0.875,False,211.0,195.56032274110703,-15.43967725889297,15.43967725889297,2021-07-29 12:00:00,2021-07-29 11:00:00,-60.0,60.0
D1,F1-1-lag1-16-ridge,2,8,2021-07-30,85,0.8854166666666666,False,212.0,201.60369503860196,-10.396304961398044,10.396304961398044,2021-07-30 12:00:00,2021-07-30 13:30:00,90.0,90.0
D1,F1-1-lag1-16-ridge,2,8,2021-07-31,96,1.0,True,80.0,98.88335951035371,18.883359510353714,18.883359510353714,2021-07-31 00:00:00,2021-07-31 00:00:00,0.0,0.0
D1,F1-1-lag1-16-ridge,2,8,2021-08-01,96,1.0,True,28.0,35.059908952253544,7.059908952253544,7.059908952253544,2021-08-01 09:00:00,2021-08-01 11:00:00,120.0,120.0
D1,F1-1-lag1-16-ridge,2,8,2021-08-09,39,0.40625,False,215.0,51.86721447820903,-163.13278552179096,163.13278552179096,2021-08-09 08:45:00,2021-08-09 09:30:00,45.0,45.0
D1,F1-1-lag1-16-ridge,2,9,2021-07-12,96,1.0,True,198.0,186.26316792995283,-11.736832070047171,11.736832070047171,2021-07-12 08:45:00,2021-07-12 10:45:00,120.0,120.0
D1,F1-1-lag1-16-ridge,2,9,2021-07-13,1,0.010416666666666666,False,79.0,100.68716259886884,21.687162598868838,21.687162598868838,2021-07-13 00:00:00,2021-07-13 00:00:00,0.0,0.0
D1,F1-1-lag1-16-ridge,2,9,2021-07-17,75,0.78125,False,108.0,106.04902610827794,-1.9509738917220574,1.9509738917220574,2021-07-17 06:00:00,2021-07-17 07:15:00,75.0,75.0
D1,F1-1-lag1-16-ridge,2,9,2021-07-18,84,0.875,False,28.0,36.78472679220433,8.784726792204332,8.784726792204332,2021-07-18 01:15:00,2021-07-18 10:00:00,525.0,525.0
D1,F1-1-lag1-16-ridge,2,9,2021-07-26,84,0.875,False,217.0,206.95726229010154,-10.04273770989846,10.04273770989846,2021-07-26 08:30:00,2021-07-26 10:45:00,135.0,135.0
D1,F1-1-lag1-16-ridge,2,9,2021-07-27,84,0.875,False,211.0,201.02043936429254,-9.979560635707458,9.979560635707458,2021-07-27 11:45:00,2021-07-27 10:45:00,-60.0,60.0
D1,F1-1-lag1-16-ridge,2,9,2021-07-28,84,0.875,False,212.0,200.67187341096587,-11.328126589034127,11.328126589034127,2021-07-28 12:00:00,2021-07-28 13:45:00,105.0,105.0
D1,F1-1-lag1-16-ridge,2,9,2021-07-29,84,0.875,False,211.0,194.11743104138827,-16.882568958611728,16.882568958611728,2021-07-29 12:00:00,2021-07-29 16:00:00,240.0,240.0
D1,F1-1-lag1-16-ridge,2,9,2021-07-30,85,0.8854166666666666,False,212.0,196.3846655505905,-15.615334449409488,15.615334449409488,2021-07-30 12:00:00,2021-07-30 13:45:00,105.0,105.0
D1,F1-1-lag1-16-ridge,2,9,2021-07-31,96,1.0,True,80.0,96.18483252736485,16.184832527364847,16.184832527364847,2021-07-31 00:00:00,2021-07-31 00:00:00,0.0,0.0
D1,F1-1-lag1-16-ridge,2,9,2021-08-01,96,1.0,True,28.0,35.732411574520924,7.732411574520924,7.732411574520924,2021-08-01 09:00:00,2021-08-01 11:15:00,135.0,135.0
D1,F1-1-lag1-16-ridge,2,9,2021-08-09,39,0.40625,False,215.0,42.00315371049189,-172.9968462895081,172.9968462895081,2021-08-09 08:45:00,2021-08-09 09:30:00,45.0,45.0
D1,F1-1-lag1-16-ridge,2,10,2021-07-12,96,1.0,True,198.0,188.00952344224316,-9.990476557756836,9.990476557756836,2021-07-12 08:45:00,2021-07-12 11:00:00,135.0,135.0
D1,F1-1-lag1-16-ridge,2,10,2021-07-13,1,0.010416666666666666,False,79.0,104.38355783243374,25.383557832433738,25.383557832433738,2021-07-13 00:00:00,2021-07-13 00:00:00,0.0,0.0
D1,F1-1-lag1-16-ridge,2,10,2021-07-17,74,0.7708333333333334,False,108.0,104.40940973216834,-3.590590267831658,3.590590267831658,2021-07-17 06:00:00,2021-07-17 07:15:00,75.0,75.0
D1,F1-1-lag1-16-ridge,2,10,2021-07-18,84,0.875,False,28.0,37.822532163711294,9.822532163711294,9.822532163711294,2021-07-18 01:15:00,2021-07-18 10:15:00,540.0,540.0
D1,F1-1-lag1-16-ridge,2,10,2021-07-26,84,0.875,False,217.0,205.72077513754763,-11.279224862452367,11.279224862452367,2021-07-26 08:30:00,2021-07-26 11:00:00,150.0,150.0
D1,F1-1-lag1-16-ridge,2,10,2021-07-27,84,0.875,False,211.0,204.1384605066649,-6.861539493335101,6.861539493335101,2021-07-27 11:45:00,2021-07-27 13:30:00,105.0,105.0
D1,F1-1-lag1-16-ridge,2,10,2021-07-28,84,0.875,False,212.0,202.14636619981087,-9.85363380018913,9.85363380018913,2021-07-28 12:00:00,2021-07-28 14:00:00,120.0,120.0
D1,F1-1-lag1-16-ridge,2,10,2021-07-29,84,0.875,False,211.0,195.57969249149,-15.420307508510007,15.420307508510007,2021-07-29 12:00:00,2021-07-29 16:15:00,255.0,255.0
D1,F1-1-lag1-16-ridge,2,10,2021-07-30,85,0.8854166666666666,False,212.0,201.02837921430068,-10.971620785699315,10.971620785699315,2021-07-30 12:00:00,2021-07-30 13:30:00,90.0,90.0
D1,F1-1-lag1-16-ridge,2,10,2021-07-31,96,1.0,True,80.0,96.17602963180701,16.176029631807012,16.176029631807012,2021-07-31 00:00:00,2021-07-31 02:00:00,120.0,120.0
D1,F1-1-lag1-16-ridge,2,10,2021-08-01,96,1.0,True,28.0,36.23230783577777,8.232307835777767,8.232307835777767,2021-08-01 09:00:00,2021-08-01 11:30:00,150.0,150.0
D1,F1-1-lag1-16-ridge,2,10,2021-08-09,39,0.40625,False,215.0,40.64681673041779,-174.35318326958222,174.35318326958222,2021-08-09 08:45:00,2021-08-09 07:45:00,-60.0,60.0
D1,F1-1-lag1-16-ridge,2,11,2021-07-12,96,1.0,True,198.0,187.97868734939024,-10.021312650609758,10.021312650609758,2021-07-12 08:45:00,2021-07-12 11:15:00,150.0,150.0
D1,F1-1-lag1-16-ridge,2,11,2021-07-13,1,0.010416666666666666,False,79.0,100.96225419575887,21.962254195758874,21.962254195758874,2021-07-13 00:00:00,2021-07-13 00:00:00,0.0,0.0
D1,F1-1-lag1-16-ridge,2,11,2021-07-17,73,0.7604166666666666,False,108.0,102.72909292921143,-5.270907070788567,5.270907070788567,2021-07-17 06:00:00,2021-07-17 06:45:00,45.0,45.0
D1,F1-1-lag1-16-ridge,2,11,2021-07-18,84,0.875,False,28.0,38.494706485983855,10.494706485983855,10.494706485983855,2021-07-18 01:15:00,2021-07-18 10:30:00,555.0,555.0
D1,F1-1-lag1-16-ridge,2,11,2021-07-26,84,0.875,False,217.0,200.42828292367426,-16.57171707632574,16.57171707632574,2021-07-26 08:30:00,2021-07-26 13:45:00,315.0,315.0
D1,F1-1-lag1-16-ridge,2,11,2021-07-27,84,0.875,False,211.0,204.29368109243853,-6.706318907561467,6.706318907561467,2021-07-27 11:45:00,2021-07-27 13:30:00,105.0,105.0
D1,F1-1-lag1-16-ridge,2,11,2021-07-28,84,0.875,False,212.0,200.60326795646233,-11.396732043537668,11.396732043537668,2021-07-28 12:00:00,2021-07-28 13:45:00,105.0,105.0
D1,F1-1-lag1-16-ridge,2,11,2021-07-29,84,0.875,False,211.0,195.76662757164894,-15.23337242835106,15.23337242835106,2021-07-29 12:00:00,2021-07-29 16:30:00,270.0,270.0
D1,F1-1-lag1-16-ridge,2,11,2021-07-30,85,0.8854166666666666,False,212.0,199.80742256573566,-12.192577434264336,12.192577434264336,2021-07-30 12:00:00,2021-07-30 16:30:00,270.0,270.0
D1,F1-1-lag1-16-ridge,2,11,2021-07-31,96,1.0,True,80.0,98.78358798561732,18.783587985617316,18.783587985617316,2021-07-31 00:00:00,2021-07-31 00:00:00,0.0,0.0
D1,F1-1-lag1-16-ridge,2,11,2021-08-01,96,1.0,True,28.0,37.37913634847312,9.379136348473118,9.379136348473118,2021-08-01 09:00:00,2021-08-01 11:45:00,165.0,165.0
D1,F1-1-lag1-16-ridge,2,11,2021-08-09,39,0.40625,False,215.0,42.149758594497165,-172.85024140550283,172.85024140550283,2021-08-09 08:45:00,2021-08-09 08:00:00,-45.0,45.0
D1,F1-1-lag1-16-ridge,2,12,2021-07-12,96,1.0,True,198.0,182.444549978039,-15.555450021961008,15.555450021961008,2021-07-12 08:45:00,2021-07-12 14:00:00,315.0,315.0
D1,F1-1-lag1-16-ridge,2,12,2021-07-13,1,0.010416666666666666,False,79.0,103.52018859705444,24.520188597054442,24.520188597054442,2021-07-13 00:00:00,2021-07-13 00:00:00,0.0,0.0
D1,F1-1-lag1-16-ridge,2,12,2021-07-17,72,0.75,False,108.0,102.18069681310236,-5.819303186897642,5.819303186897642,2021-07-17 06:00:00,2021-07-17 07:15:00,75.0,75.0
D1,F1-1-lag1-16-ridge,2,12,2021-07-18,84,0.875,False,28.0,39.687800454849665,11.687800454849665,11.687800454849665,2021-07-18 01:15:00,2021-07-18 10:45:00,570.0,570.0
D1,F1-1-lag1-16-ridge,2,12,2021-07-26,84,0.875,False,217.0,210.3915662572469,-6.608433742753107,6.608433742753107,2021-07-26 08:30:00,2021-07-26 11:30:00,180.0,180.0
D1,F1-1-lag1-16-ridge,2,12,2021-07-27,84,0.875,False,211.0,202.2453159752634,-8.754684024736605,8.754684024736605,2021-07-27 11:45:00,2021-07-27 13:45:00,120.0,120.0
D1,F1-1-lag1-16-ridge,2,12,2021-07-28,84,0.875,False,212.0,202.6623216916439,-9.33767830835609,9.33767830835609,2021-07-28 12:00:00,2021-07-28 14:00:00,120.0,120.0
D1,F1-1-lag1-16-ridge,2,12,2021-07-29,84,0.875,False,211.0,195.48656207705426,-15.51343792294574,15.51343792294574,2021-07-29 12:00:00,2021-07-29 16:45:00,285.0,285.0
D1,F1-1-lag1-16-ridge,2,12,2021-07-30,85,0.8854166666666666,False,212.0,203.10895462406654,-8.891045375933459,8.891045375933459,2021-07-30 12:00:00,2021-07-30 16:30:00,270.0,270.0
D1,F1-1-lag1-16-ridge,2,12,2021-07-31,96,1.0,True,80.0,97.09046773438834,17.09046773438834,17.09046773438834,2021-07-31 00:00:00,2021-07-31 00:00:00,0.0,0.0
D1,F1-1-lag1-16-ridge,2,12,2021-08-01,96,1.0,True,28.0,38.51837344927427,10.518373449274272,10.518373449274272,2021-08-01 09:00:00,2021-08-01 08:00:00,-60.0,60.0
D1,F1-1-lag1-16-ridge,2,12,2021-08-09,39,0.40625,False,215.0,44.15288180152413,-170.84711819847587,170.84711819847587,2021-08-09 08:45:00,2021-08-09 08:15:00,-30.0,30.0
D1,F1-1-lag1-16-ridge,2,13,2021-07-12,96,1.0,True,198.0,181.85456097111458,-16.14543902888542,16.14543902888542,2021-07-12 08:45:00,2021-07-12 13:45:00,300.0,300.0
D1,F1-1-lag1-16-ridge,2,13,2021-07-13,1,0.010416666666666666,False,79.0,104.54859234595831,25.548592345958312,25.548592345958312,2021-07-13 00:00:00,2021-07-13 00:00:00,0.0,0.0
D1,F1-1-lag1-16-ridge,2,13,2021-07-17,71,0.7395833333333334,False,96.0,104.38089569691594,8.380895696915942,8.380895696915942,2021-07-17 06:15:00,2021-07-17 07:15:00,60.0,60.0
D1,F1-1-lag1-16-ridge,2,13,2021-07-18,84,0.875,False,28.0,39.76767778832204,11.76767778832204,11.76767778832204,2021-07-18 01:15:00,2021-07-18 11:00:00,585.0,585.0
D1,F1-1-lag1-16-ridge,2,13,2021-07-26,84,0.875,False,217.0,201.32634926705765,-15.673650732942349,15.673650732942349,2021-07-26 08:30:00,2021-07-26 11:45:00,195.0,195.0
D1,F1-1-lag1-16-ridge,2,13,2021-07-27,84,0.875,False,211.0,200.1065425879956,-10.893457412004409,10.893457412004409,2021-07-27 11:45:00,2021-07-27 14:00:00,135.0,135.0
D1,F1-1-lag1-16-ridge,2,13,2021-07-28,84,0.875,False,212.0,201.9312117607396,-10.068788239260414,10.068788239260414,2021-07-28 12:00:00,2021-07-28 14:00:00,120.0,120.0
D1,F1-1-lag1-16-ridge,2,13,2021-07-29,84,0.875,False,211.0,191.04680112319073,-19.953198876809267,19.953198876809267,2021-07-29 12:00:00,2021-07-29 16:45:00,285.0,285.0
D1,F1-1-lag1-16-ridge,2,13,2021-07-30,85,0.8854166666666666,False,212.0,199.17099588729454,-12.829004112705462,12.829004112705462,2021-07-30 12:00:00,2021-07-30 16:45:00,285.0,285.0
D1,F1-1-lag1-16-ridge,2,13,2021-07-31,96,1.0,True,80.0,94.91520893012958,14.91520893012958,14.91520893012958,2021-07-31 00:00:00,2021-07-31 00:00:00,0.0,0.0
D1,F1-1-lag1-16-ridge,2,13,2021-08-01,96,1.0,True,28.0,39.373194104376125,11.373194104376125,11.373194104376125,2021-08-01 09:00:00,2021-08-01 08:15:00,-45.0,45.0
D1,F1-1-lag1-16-ridge,2,13,2021-08-09,39,0.40625,False,215.0,45.71929846066227,-169.2807015393377,169.2807015393377,2021-08-09 08:45:00,2021-08-09 08:30:00,-15.0,15.0
D1,F1-1-lag1-16-ridge,2,14,2021-07-12,96,1.0,True,198.0,183.49689518267817,-14.503104817321827,14.503104817321827,2021-07-12 08:45:00,2021-07-12 14:00:00,315.0,315.0
D1,F1-1-lag1-16-ridge,2,14,2021-07-13,1,0.010416666666666666,False,79.0,110.25581666926479,31.25581666926479,31.25581666926479,2021-07-13 00:00:00,2021-07-13 00:00:00,0.0,0.0
D1,F1-1-lag1-16-ridge,2,14,2021-07-17,70,0.7291666666666666,False,88.0,104.52447208845919,16.52447208845919,16.52447208845919,2021-07-17 07:15:00,2021-07-17 06:30:00,-45.0,45.0
D1,F1-1-lag1-16-ridge,2,14,2021-07-18,84,0.875,False,28.0,40.59369566988799,12.593695669887992,12.593695669887992,2021-07-18 01:15:00,2021-07-18 11:30:00,615.0,615.0
D1,F1-1-lag1-16-ridge,2,14,2021-07-26,84,0.875,False,217.0,192.12899639523312,-24.871003604766884,24.871003604766884,2021-07-26 08:30:00,2021-07-26 14:30:00,360.0,360.0
D1,F1-1-lag1-16-ridge,2,14,2021-07-27,84,0.875,False,211.0,196.99026501027708,-14.009734989722915,14.009734989722915,2021-07-27 11:45:00,2021-07-27 14:30:00,165.0,165.0
D1,F1-1-lag1-16-ridge,2,14,2021-07-28,84,0.875,False,212.0,202.21967158271138,-9.780328417288615,9.780328417288615,2021-07-28 12:00:00,2021-07-28 14:30:00,150.0,150.0
D1,F1-1-lag1-16-ridge,2,14,2021-07-29,84,0.875,False,211.0,192.39590791622706,-18.60409208377294,18.60409208377294,2021-07-29 12:00:00,2021-07-29 14:30:00,150.0,150.0
D1,F1-1-lag1-16-ridge,2,14,2021-07-30,84,0.875,False,212.0,195.1284886249481,-16.87151137505191,16.87151137505191,2021-07-30 12:00:00,2021-07-30 14:00:00,120.0,120.0
D1,F1-1-lag1-16-ridge,2,14,2021-07-31,96,1.0,True,80.0,104.26606972992843,24.266069729928432,24.266069729928432,2021-07-31 00:00:00,2021-07-31 00:00:00,0.0,0.0
D1,F1-1-lag1-16-ridge,2,14,2021-08-01,96,1.0,True,28.0,40.772990940630564,12.772990940630564,12.772990940630564,2021-08-01 09:00:00,2021-08-01 09:30:00,30.0,30.0
D1,F1-1-lag1-16-ridge,2,14,2021-08-09,39,0.40625,False,215.0,47.15537055166295,-167.84462944833706,167.84462944833706,2021-08-09 08:45:00,2021-08-09 08:45:00,0.0,0.0
D1,F1-1-lag1-16-ridge,2,15,2021-07-12,96,1.0,True,198.0,181.2940646614611,-16.705935338538893,16.705935338538893,2021-07-12 08:45:00,2021-07-12 13:45:00,300.0,300.0
D1,F1-1-lag1-16-ridge,2,15,2021-07-13,1,0.010416666666666666,False,79.0,110.23676799363025,31.236767993630252,31.236767993630252,2021-07-13 00:00:00,2021-07-13 00:00:00,0.0,0.0
D1,F1-1-lag1-16-ridge,2,15,2021-07-17,69,0.71875,False,88.0,103.57968093386138,15.579680933861383,15.579680933861383,2021-07-17 07:15:00,2021-07-17 06:45:00,-30.0,30.0
D1,F1-1-lag1-16-ridge,2,15,2021-07-18,84,0.875,False,28.0,42.36151464305222,14.361514643052217,14.361514643052217,2021-07-18 01:15:00,2021-07-18 11:30:00,615.0,615.0
D1,F1-1-lag1-16-ridge,2,15,2021-07-26,84,0.875,False,217.0,190.8774686236706,-26.12253137632939,26.12253137632939,2021-07-26 08:30:00,2021-07-26 15:45:00,435.0,435.0
D1,F1-1-lag1-16-ridge,2,15,2021-07-27,84,0.875,False,211.0,198.5393879411817,-12.460612058818299,12.460612058818299,2021-07-27 11:45:00,2021-07-27 14:45:00,180.0,180.0
D1,F1-1-lag1-16-ridge,2,15,2021-07-28,84,0.875,False,212.0,203.50142980933703,-8.498570190662974,8.498570190662974,2021-07-28 12:00:00,2021-07-28 14:45:00,165.0,165.0
D1,F1-1-lag1-16-ridge,2,15,2021-07-29,84,0.875,False,211.0,194.14355328050826,-16.856446719491743,16.856446719491743,2021-07-29 12:00:00,2021-07-29 14:45:00,165.0,165.0
D1,F1-1-lag1-16-ridge,2,15,2021-07-30,84,0.875,False,212.0,197.93853186402902,-14.061468135970983,14.061468135970983,2021-07-30 12:00:00,2021-07-30 14:45:00,165.0,165.0
D1,F1-1-lag1-16-ridge,2,15,2021-07-31,96,1.0,True,80.0,104.50605639770335,24.506056397703347,24.506056397703347,2021-07-31 00:00:00,2021-07-31 00:00:00,0.0,0.0
D1,F1-1-lag1-16-ridge,2,15,2021-08-01,96,1.0,True,28.0,41.80773133532376,13.807731335323759,13.807731335323759,2021-08-01 09:00:00,2021-08-01 09:30:00,30.0,30.0
D1,F1-1-lag1-16-ridge,2,15,2021-08-09,39,0.40625,False,215.0,48.178549683083055,-166.82145031691695,166.82145031691695,2021-08-09 08:45:00,2021-08-09 09:00:00,15.0,15.0
D1,F1-1-lag1-16-ridge,2,16,2021-07-12,96,1.0,True,198.0,184.60445976882704,-13.395540231172959,13.395540231172959,2021-07-12 08:45:00,2021-07-12 14:00:00,315.0,315.0
D1,F1-1-lag1-16-ridge,2,16,2021-07-13,1,0.010416666666666666,False,79.0,108.4165778607776,29.416577860777593,29.416577860777593,2021-07-13 00:00:00,2021-07-13 00:00:00,0.0,0.0
D1,F1-1-lag1-16-ridge,2,16,2021-07-17,68,0.7083333333333334,False,88.0,99.34636375351518,11.346363753515178,11.346363753515178,2021-07-17 07:15:00,2021-07-17 07:00:00,-15.0,15.0
D1,F1-1-lag1-16-ridge,2,16,2021-07-18,84,0.875,False,28.0,43.29660186405833,15.296601864058331,15.296601864058331,2021-07-18 01:15:00,2021-07-18 11:45:00,630.0,630.0
D1,F1-1-lag1-16-ridge,2,16,2021-07-26,84,0.875,False,217.0,196.24533942353443,-20.754660576465568,20.754660576465568,2021-07-26 08:30:00,2021-07-26 15:45:00,435.0,435.0
D1,F1-1-lag1-16-ridge,2,16,2021-07-27,84,0.875,False,211.0,198.13124696671247,-12.868753033287533,12.868753033287533,2021-07-27 11:45:00,2021-07-27 16:00:00,255.0,255.0
D1,F1-1-lag1-16-ridge,2,16,2021-07-28,84,0.875,False,212.0,202.26110631215406,-9.738893687845945,9.738893687845945,2021-07-28 12:00:00,2021-07-28 14:45:00,165.0,165.0
D1,F1-1-lag1-16-ridge,2,16,2021-07-29,84,0.875,False,211.0,192.3610977456579,-18.6389022543421,18.6389022543421,2021-07-29 12:00:00,2021-07-29 15:00:00,180.0,180.0
D1,F1-1-lag1-16-ridge,2,16,2021-07-30,84,0.875,False,212.0,199.08224338646102,-12.917756613538984,12.917756613538984,2021-07-30 12:00:00,2021-07-30 16:00:00,240.0,240.0
D1,F1-1-lag1-16-ridge,2,16,2021-07-31,96,1.0,True,80.0,110.21352571682371,30.21352571682371,30.21352571682371,2021-07-31 00:00:00,2021-07-31 00:00:00,0.0,0.0
D1,F1-1-lag1-16-ridge,2,16,2021-08-01,96,1.0,True,28.0,41.93398523220796,13.93398523220796,13.93398523220796,2021-08-01 09:00:00,2021-08-01 09:30:00,30.0,30.0
D1,F1-1-lag1-16-ridge,2,16,2021-08-09,39,0.40625,False,215.0,48.751597781631446,-166.24840221836854,166.24840221836854,2021-08-09 08:45:00,2021-08-09 09:15:00,30.0,30.0
D2,F1-1-lag1-16-ridge,0,4,2021-04-19,96,1.0,True,172.0,158.10648335092094,-13.89351664907906,13.89351664907906,2021-04-19 08:45:00,2021-04-19 11:00:00,135.0,135.0
D2,F1-1-lag1-16-ridge,0,4,2021-04-20,96,1.0,True,172.0,166.87693807673435,-5.123061923265652,5.123061923265652,2021-04-20 08:45:00,2021-04-20 11:00:00,135.0,135.0
D2,F1-1-lag1-16-ridge,0,4,2021-04-21,96,1.0,True,174.0,171.86735515269942,-2.1326448473005826,2.1326448473005826,2021-04-21 08:30:00,2021-04-21 12:00:00,210.0,210.0
D2,F1-1-lag1-16-ridge,0,4,2021-04-22,96,1.0,True,174.0,168.84408605594462,-5.155913944055385,5.155913944055385,2021-04-22 08:30:00,2021-04-22 11:30:00,180.0,180.0
D2,F1-1-lag1-16-ridge,0,4,2021-04-23,96,1.0,True,174.0,167.26813268787248,-6.73186731212752,6.73186731212752,2021-04-23 08:30:00,2021-04-23 11:30:00,180.0,180.0
D2,F1-1-lag1-16-ridge,0,4,2021-04-24,96,1.0,True,112.0,107.70573523015275,-4.294264769847246,4.294264769847246,2021-04-24 06:15:00,2021-04-24 07:15:00,60.0,60.0
D2,F1-1-lag1-16-ridge,0,4,2021-04-25,96,1.0,True,25.0,29.551475636120287,4.551475636120287,4.551475636120287,2021-04-25 01:30:00,2021-04-25 06:00:00,270.0,270.0
D2,F1-1-lag1-16-ridge,0,4,2021-05-03,96,1.0,True,184.0,169.82798092528853,-14.172019074711471,14.172019074711471,2021-05-03 08:30:00,2021-05-03 14:15:00,345.0,345.0
D2,F1-1-lag1-16-ridge,0,4,2021-05-04,96,1.0,True,181.0,176.12158179931225,-4.878418200687747,4.878418200687747,2021-05-04 08:30:00,2021-05-04 12:00:00,210.0,210.0
D2,F1-1-lag1-16-ridge,0,4,2021-05-05,96,1.0,True,120.0,121.06496147491828,1.0649614749182774,1.0649614749182774,2021-05-05 04:15:00,2021-05-05 08:30:00,255.0,255.0
D2,F1-1-lag1-16-ridge,0,4,2021-05-06,96,1.0,True,199.0,168.2841819246958,-30.715818075304213,30.715818075304213,2021-05-06 09:00:00,2021-05-06 10:45:00,105.0,105.0
D2,F1-1-lag1-16-ridge,0,4,2021-05-07,96,1.0,True,181.0,169.33128898100466,-11.668711018995339,11.668711018995339,2021-05-07 09:00:00,2021-05-07 14:15:00,315.0,315.0
D2,F1-1-lag1-16-ridge,0,4,2021-05-08,96,1.0,True,115.0,108.5934971479946,-6.406502852005403,6.406502852005403,2021-05-08 02:00:00,2021-05-08 07:15:00,315.0,315.0
D2,F1-1-lag1-16-ridge,0,4,2021-05-09,96,1.0,True,184.0,130.3275859143468,-53.6724140856532,53.6724140856532,2021-05-09 09:00:00,2021-05-09 09:30:00,30.0,30.0
D2,F1-1-lag1-16-ridge,0,5,2021-04-19,96,1.0,True,172.0,161.55837434633355,-10.44162565366645,10.44162565366645,2021-04-19 08:45:00,2021-04-19 13:15:00,270.0,270.0
D2,F1-1-lag1-16-ridge,0,5,2021-04-20,96,1.0,True,172.0,170.1760734839088,-1.8239265160912055,1.8239265160912055,2021-04-20 08:45:00,2021-04-20 13:15:00,270.0,270.0
D2,F1-1-lag1-16-ridge,0,5,2021-04-21,96,1.0,True,174.0,172.3019233098128,-1.6980766901872073,1.6980766901872073,2021-04-21 08:30:00,2021-04-21 12:00:00,210.0,210.0
D2,F1-1-lag1-16-ridge,0,5,2021-04-22,96,1.0,True,174.0,168.19511173964224,-5.804888260357757,5.804888260357757,2021-04-22 08:30:00,2021-04-22 12:00:00,210.0,210.0
D2,F1-1-lag1-16-ridge,0,5,2021-04-23,96,1.0,True,174.0,166.443562746346,-7.556437253653996,7.556437253653996,2021-04-23 08:30:00,2021-04-23 12:00:00,210.0,210.0
D2,F1-1-lag1-16-ridge,0,5,2021-04-24,96,1.0,True,112.0,105.30289267210104,-6.697107327898962,6.697107327898962,2021-04-24 06:15:00,2021-04-24 07:15:00,60.0,60.0
D2,F1-1-lag1-16-ridge,0,5,2021-04-25,96,1.0,True,25.0,31.513435007752783,6.513435007752783,6.513435007752783,2021-04-25 01:30:00,2021-04-25 06:15:00,285.0,285.0
D2,F1-1-lag1-16-ridge,0,5,2021-05-03,96,1.0,True,184.0,164.0633012804911,-19.93669871950891,19.93669871950891,2021-05-03 08:30:00,2021-05-03 13:15:00,285.0,285.0
D2,F1-1-lag1-16-ridge,0,5,2021-05-04,96,1.0,True,181.0,176.34730170200112,-4.652698297998882,4.652698297998882,2021-05-04 08:30:00,2021-05-04 11:15:00,165.0,165.0
D2,F1-1-lag1-16-ridge,0,5,2021-05-05,96,1.0,True,120.0,127.01613022182646,7.016130221826458,7.016130221826458,2021-05-05 04:15:00,2021-05-05 08:30:00,255.0,255.0
D2,F1-1-lag1-16-ridge,0,5,2021-05-06,96,1.0,True,199.0,167.31639288388266,-31.683607116117344,31.683607116117344,2021-05-06 09:00:00,2021-05-06 11:15:00,135.0,135.0
D2,F1-1-lag1-16-ridge,0,5,2021-05-07,96,1.0,True,181.0,169.22227966760363,-11.77772033239637,11.77772033239637,2021-05-07 09:00:00,2021-05-07 10:45:00,105.0,105.0
D2,F1-1-lag1-16-ridge,0,5,2021-05-08,96,1.0,True,115.0,105.91266694000359,-9.08733305999641,9.08733305999641,2021-05-08 02:00:00,2021-05-08 07:30:00,330.0,330.0
D2,F1-1-lag1-16-ridge,0,5,2021-05-09,96,1.0,True,184.0,126.00678065420311,-57.99321934579689,57.99321934579689,2021-05-09 09:00:00,2021-05-09 11:00:00,120.0,120.0
D2,F1-1-lag1-16-ridge,0,6,2021-04-19,96,1.0,True,172.0,163.5783555118689,-8.421644488131108,8.421644488131108,2021-04-19 08:45:00,2021-04-19 13:15:00,270.0,270.0
D2,F1-1-lag1-16-ridge,0,6,2021-04-20,96,1.0,True,172.0,172.97674373216074,0.9767437321607417,0.9767437321607417,2021-04-20 08:45:00,2021-04-20 13:30:00,285.0,285.0
D2,F1-1-lag1-16-ridge,0,6,2021-04-21,96,1.0,True,174.0,171.45454772856016,-2.545452271439842,2.545452271439842,2021-04-21 08:30:00,2021-04-21 10:45:00,135.0,135.0
D2,F1-1-lag1-16-ridge,0,6,2021-04-22,96,1.0,True,174.0,169.12341218586863,-4.876587814131369,4.876587814131369,2021-04-22 08:30:00,2021-04-22 10:45:00,135.0,135.0
D2,F1-1-lag1-16-ridge,0,6,2021-04-23,96,1.0,True,174.0,167.23758179508468,-6.7624182049153205,6.7624182049153205,2021-04-23 08:30:00,2021-04-23 10:45:00,135.0,135.0
D2,F1-1-lag1-16-ridge,0,6,2021-04-24,96,1.0,True,112.0,106.88480215556928,-5.115197844430725,5.115197844430725,2021-04-24 06:15:00,2021-04-24 06:15:00,0.0,0.0
D2,F1-1-lag1-16-ridge,0,6,2021-04-25,96,1.0,True,25.0,31.914241636493607,6.914241636493607,6.914241636493607,2021-04-25 01:30:00,2021-04-25 06:15:00,285.0,285.0
D2,F1-1-lag1-16-ridge,0,6,2021-05-03,96,1.0,True,184.0,166.63068935451435,-17.369310645485655,17.369310645485655,2021-05-03 08:30:00,2021-05-03 13:30:00,300.0,300.0
D2,F1-1-lag1-16-ridge,0,6,2021-05-04,96,1.0,True,181.0,177.71673905858728,-3.2832609414127205,3.2832609414127205,2021-05-04 08:30:00,2021-05-04 11:15:00,165.0,165.0
D2,F1-1-lag1-16-ridge,0,6,2021-05-05,96,1.0,True,120.0,130.26657681750635,10.266576817506348,10.266576817506348,2021-05-05 04:15:00,2021-05-05 08:30:00,255.0,255.0
D2,F1-1-lag1-16-ridge,0,6,2021-05-06,96,1.0,True,199.0,167.40184178212053,-31.598158217879472,31.598158217879472,2021-05-06 09:00:00,2021-05-06 11:15:00,135.0,135.0
D2,F1-1-lag1-16-ridge,0,6,2021-05-07,96,1.0,True,181.0,171.427581659954,-9.572418340046,9.572418340046,2021-05-07 09:00:00,2021-05-07 11:00:00,120.0,120.0
D2,F1-1-lag1-16-ridge,0,6,2021-05-08,96,1.0,True,115.0,107.04138323232588,-7.9586167676741155,7.9586167676741155,2021-05-08 02:00:00,2021-05-08 06:15:00,255.0,255.0
D2,F1-1-lag1-16-ridge,0,6,2021-05-09,96,1.0,True,184.0,124.39323716390398,-59.606762836096024,59.606762836096024,2021-05-09 09:00:00,2021-05-09 13:15:00,255.0,255.0
D2,F1-1-lag1-16-ridge,0,7,2021-04-19,96,1.0,True,172.0,165.21269139501666,-6.7873086049833375,6.7873086049833375,2021-04-19 08:45:00,2021-04-19 13:30:00,285.0,285.0
D2,F1-1-lag1-16-ridge,0,7,2021-04-20,96,1.0,True,172.0,175.17837055340175,3.1783705534017486,3.1783705534017486,2021-04-20 08:45:00,2021-04-20 13:30:00,285.0,285.0
D2,F1-1-lag1-16-ridge,0,7,2021-04-21,96,1.0,True,174.0,172.5335351776186,-1.466464822381397,1.466464822381397,2021-04-21 08:30:00,2021-04-21 13:15:00,285.0,285.0
D2,F1-1-lag1-16-ridge,0,7,2021-04-22,96,1.0,True,174.0,169.4169983442232,-4.583001655776798,4.583001655776798,2021-04-22 08:30:00,2021-04-22 13:15:00,285.0,285.0
D2,F1-1-lag1-16-ridge,0,7,2021-04-23,96,1.0,True,174.0,167.3961499716151,-6.6038500283848975,6.6038500283848975,2021-04-23 08:30:00,2021-04-23 13:15:00,285.0,285.0
D2,F1-1-lag1-16-ridge,0,7,2021-04-24,96,1.0,True,112.0,107.28665335272031,-4.7133466472796925,4.7133466472796925,2021-04-24 06:15:00,2021-04-24 06:15:00,0.0,0.0
D2,F1-1-lag1-16-ridge,0,7,2021-04-25,96,1.0,True,25.0,32.380056238673895,7.380056238673895,7.380056238673895,2021-04-25 01:30:00,2021-04-25 09:45:00,495.0,495.0
D2,F1-1-lag1-16-ridge,0,7,2021-05-03,96,1.0,True,184.0,166.28175482794154,-17.71824517205846,17.71824517205846,2021-05-03 08:30:00,2021-05-03 13:45:00,315.0,315.0
D2,F1-1-lag1-16-ridge,0,7,2021-05-04,96,1.0,True,181.0,175.257976175438,-5.742023824562011,5.742023824562011,2021-05-04 08:30:00,2021-05-04 11:30:00,180.0,180.0
D2,F1-1-lag1-16-ridge,0,7,2021-05-05,96,1.0,True,120.0,135.14876167758047,15.148761677580467,15.148761677580467,2021-05-05 04:15:00,2021-05-05 08:30:00,255.0,255.0
D2,F1-1-lag1-16-ridge,0,7,2021-05-06,96,1.0,True,199.0,167.85651387114788,-31.143486128852118,31.143486128852118,2021-05-06 09:00:00,2021-05-06 11:30:00,150.0,150.0
D2,F1-1-lag1-16-ridge,0,7,2021-05-07,96,1.0,True,181.0,169.58059691581502,-11.419403084184978,11.419403084184978,2021-05-07 09:00:00,2021-05-07 11:00:00,120.0,120.0
D2,F1-1-lag1-16-ridge,0,7,2021-05-08,96,1.0,True,115.0,108.4428545133222,-6.557145486677797,6.557145486677797,2021-05-08 02:00:00,2021-05-08 06:30:00,270.0,270.0
D2,F1-1-lag1-16-ridge,0,7,2021-05-09,96,1.0,True,184.0,123.5779520538597,-60.422047946140296,60.422047946140296,2021-05-09 09:00:00,2021-05-09 13:30:00,270.0,270.0
D2,F1-1-lag1-16-ridge,0,8,2021-04-19,96,1.0,True,172.0,165.88283985588924,-6.1171601441107555,6.1171601441107555,2021-04-19 08:45:00,2021-04-19 13:15:00,270.0,270.0
D2,F1-1-lag1-16-ridge,0,8,2021-04-20,96,1.0,True,172.0,175.62170841562454,3.621708415624539,3.621708415624539,2021-04-20 08:45:00,2021-04-20 13:45:00,300.0,300.0
D2,F1-1-lag1-16-ridge,0,8,2021-04-21,96,1.0,True,174.0,172.9617908408784,-1.0382091591216067,1.0382091591216067,2021-04-21 08:30:00,2021-04-21 13:15:00,285.0,285.0
D2,F1-1-lag1-16-ridge,0,8,2021-04-22,96,1.0,True,174.0,169.69485760827135,-4.305142391728651,4.305142391728651,2021-04-22 08:30:00,2021-04-22 13:15:00,285.0,285.0
D2,F1-1-lag1-16-ridge,0,8,2021-04-23,96,1.0,True,174.0,167.57250378232447,-6.427496217675525,6.427496217675525,2021-04-23 08:30:00,2021-04-23 13:15:00,285.0,285.0
D2,F1-1-lag1-16-ridge,0,8,2021-04-24,96,1.0,True,112.0,106.62512620945128,-5.374873790548719,5.374873790548719,2021-04-24 06:15:00,2021-04-24 06:30:00,15.0,15.0
D2,F1-1-lag1-16-ridge,0,8,2021-04-25,96,1.0,True,25.0,32.989697570059505,7.989697570059505,7.989697570059505,2021-04-25 01:30:00,2021-04-25 10:00:00,510.0,510.0
D2,F1-1-lag1-16-ridge,0,8,2021-05-03,96,1.0,True,184.0,165.6589760246651,-18.341023975334906,18.341023975334906,2021-05-03 08:30:00,2021-05-03 13:15:00,285.0,285.0
D2,F1-1-lag1-16-ridge,0,8,2021-05-04,96,1.0,True,181.0,175.5178999234831,-5.4821000765169,5.4821000765169,2021-05-04 08:30:00,2021-05-04 13:30:00,300.0,300.0
D2,F1-1-lag1-16-ridge,0,8,2021-05-05,96,1.0,True,120.0,136.8421891894317,16.842189189431707,16.842189189431707,2021-05-05 04:15:00,2021-05-05 08:30:00,255.0,255.0
D2,F1-1-lag1-16-ridge,0,8,2021-05-06,96,1.0,True,199.0,167.55885017405853,-31.441149825941466,31.441149825941466,2021-05-06 09:00:00,2021-05-06 13:45:00,285.0,285.0
D2,F1-1-lag1-16-ridge,0,8,2021-05-07,96,1.0,True,181.0,170.24715669557096,-10.752843304429035,10.752843304429035,2021-05-07 09:00:00,2021-05-07 11:00:00,120.0,120.0
D2,F1-1-lag1-16-ridge,0,8,2021-05-08,96,1.0,True,115.0,109.28448756499458,-5.715512435005422,5.715512435005422,2021-05-08 02:00:00,2021-05-08 06:45:00,285.0,285.0
D2,F1-1-lag1-16-ridge,0,8,2021-05-09,96,1.0,True,184.0,120.27208359368797,-63.72791640631203,63.72791640631203,2021-05-09 09:00:00,2021-05-09 13:30:00,270.0,270.0
D2,F1-1-lag1-16-ridge,0,9,2021-04-19,96,1.0,True,172.0,166.80328494901346,-5.1967150509865405,5.1967150509865405,2021-04-19 08:45:00,2021-04-19 13:30:00,285.0,285.0
D2,F1-1-lag1-16-ridge,0,9,2021-04-20,96,1.0,True,172.0,176.65087329599743,4.650873295997428,4.650873295997428,2021-04-20 08:45:00,2021-04-20 13:30:00,285.0,285.0
D2,F1-1-lag1-16-ridge,0,9,2021-04-21,96,1.0,True,174.0,179.16895674867231,5.168956748672315,5.168956748672315,2021-04-21 08:30:00,2021-04-21 13:15:00,285.0,285.0
D2,F1-1-lag1-16-ridge,0,9,2021-04-22,96,1.0,True,174.0,175.76224200191263,1.7622420019126253,1.7622420019126253,2021-04-22 08:30:00,2021-04-22 13:15:00,285.0,285.0
D2,F1-1-lag1-16-ridge,0,9,2021-04-23,96,1.0,True,174.0,173.48795306791345,-0.5120469320865482,0.5120469320865482,2021-04-23 08:30:00,2021-04-23 13:15:00,285.0,285.0
D2,F1-1-lag1-16-ridge,0,9,2021-04-24,96,1.0,True,112.0,107.30184022773595,-4.698159772264049,4.698159772264049,2021-04-24 06:15:00,2021-04-24 06:15:00,0.0,0.0
D2,F1-1-lag1-16-ridge,0,9,2021-04-25,96,1.0,True,25.0,33.76989538129497,8.769895381294972,8.769895381294972,2021-04-25 01:30:00,2021-04-25 10:30:00,540.0,540.0
D2,F1-1-lag1-16-ridge,0,9,2021-05-03,96,1.0,True,184.0,168.7362456755443,-15.263754324455704,15.263754324455704,2021-05-03 08:30:00,2021-05-03 13:30:00,300.0,300.0
D2,F1-1-lag1-16-ridge,0,9,2021-05-04,96,1.0,True,181.0,177.796404796602,-3.2035952033980095,3.2035952033980095,2021-05-04 08:30:00,2021-05-04 13:15:00,285.0,285.0
D2,F1-1-lag1-16-ridge,0,9,2021-05-05,96,1.0,True,120.0,135.64890017752737,15.648900177527366,15.648900177527366,2021-05-05 04:15:00,2021-05-05 08:30:00,255.0,255.0
D2,F1-1-lag1-16-ridge,0,9,2021-05-06,96,1.0,True,199.0,167.08228822219687,-31.917711777803135,31.917711777803135,2021-05-06 09:00:00,2021-05-06 13:45:00,285.0,285.0
D2,F1-1-lag1-16-ridge,0,9,2021-05-07,96,1.0,True,181.0,170.60345140564647,-10.396548594353533,10.396548594353533,2021-05-07 09:00:00,2021-05-07 11:00:00,120.0,120.0
D2,F1-1-lag1-16-ridge,0,9,2021-05-08,96,1.0,True,115.0,109.66554361416378,-5.334456385836219,5.334456385836219,2021-05-08 02:00:00,2021-05-08 06:45:00,285.0,285.0
D2,F1-1-lag1-16-ridge,0,9,2021-05-09,96,1.0,True,184.0,120.46670020184202,-63.533299798157984,63.533299798157984,2021-05-09 09:00:00,2021-05-09 13:30:00,270.0,270.0
D2,F1-1-lag1-16-ridge,0,10,2021-04-19,96,1.0,True,172.0,168.50714815283305,-3.4928518471669463,3.4928518471669463,2021-04-19 08:45:00,2021-04-19 13:15:00,270.0,270.0
D2,F1-1-lag1-16-ridge,0,10,2021-04-20,96,1.0,True,172.0,178.0079178585264,6.007917858526412,6.007917858526412,2021-04-20 08:45:00,2021-04-20 13:15:00,270.0,270.0
D2,F1-1-lag1-16-ridge,0,10,2021-04-21,96,1.0,True,174.0,180.2322565120357,6.23225651203569,6.23225651203569,2021-04-21 08:30:00,2021-04-21 13:30:00,300.0,300.0
D2,F1-1-lag1-16-ridge,0,10,2021-04-22,96,1.0,True,174.0,176.38676883963888,2.3867688396388758,2.3867688396388758,2021-04-22 08:30:00,2021-04-22 13:15:00,285.0,285.0
D2,F1-1-lag1-16-ridge,0,10,2021-04-23,96,1.0,True,174.0,174.0440507810444,0.04405078104440463,0.04405078104440463,2021-04-23 08:30:00,2021-04-23 13:15:00,285.0,285.0
D2,F1-1-lag1-16-ridge,0,10,2021-04-24,96,1.0,True,112.0,107.84242221716424,-4.157577782835759,4.157577782835759,2021-04-24 06:15:00,2021-04-24 06:15:00,0.0,0.0
D2,F1-1-lag1-16-ridge,0,10,2021-04-25,96,1.0,True,25.0,34.98367837578888,9.983678375788877,9.983678375788877,2021-04-25 01:30:00,2021-04-25 10:45:00,555.0,555.0
D2,F1-1-lag1-16-ridge,0,10,2021-05-03,96,1.0,True,184.0,167.81912686235393,-16.180873137646074,16.180873137646074,2021-05-03 08:30:00,2021-05-03 13:45:00,315.0,315.0
D2,F1-1-lag1-16-ridge,0,10,2021-05-04,96,1.0,True,181.0,179.75759305641938,-1.2424069435806189,1.2424069435806189,2021-05-04 08:30:00,2021-05-04 13:30:00,300.0,300.0
D2,F1-1-lag1-16-ridge,0,10,2021-05-05,96,1.0,True,120.0,138.091747592325,18.091747592324992,18.091747592324992,2021-05-05 04:15:00,2021-05-05 08:30:00,255.0,255.0
D2,F1-1-lag1-16-ridge,0,10,2021-05-06,96,1.0,True,199.0,169.59570039525167,-29.40429960474833,29.40429960474833,2021-05-06 09:00:00,2021-05-06 13:30:00,270.0,270.0
D2,F1-1-lag1-16-ridge,0,10,2021-05-07,96,1.0,True,181.0,168.3052700866811,-12.694729913318895,12.694729913318895,2021-05-07 09:00:00,2021-05-07 11:15:00,135.0,135.0
D2,F1-1-lag1-16-ridge,0,10,2021-05-08,96,1.0,True,115.0,109.86322047172695,-5.136779528273053,5.136779528273053,2021-05-08 02:00:00,2021-05-08 06:45:00,285.0,285.0
D2,F1-1-lag1-16-ridge,0,10,2021-05-09,96,1.0,True,184.0,119.75396026000685,-64.24603973999315,64.24603973999315,2021-05-09 09:00:00,2021-05-09 13:30:00,270.0,270.0
D2,F1-1-lag1-16-ridge,0,11,2021-04-19,96,1.0,True,172.0,168.15753751245242,-3.8424624875475786,3.8424624875475786,2021-04-19 08:45:00,2021-04-19 13:30:00,285.0,285.0
D2,F1-1-lag1-16-ridge,0,11,2021-04-20,96,1.0,True,172.0,178.83479446298333,6.834794462983325,6.834794462983325,2021-04-20 08:45:00,2021-04-20 13:30:00,285.0,285.0
D2,F1-1-lag1-16-ridge,0,11,2021-04-21,96,1.0,True,174.0,180.35482425338856,6.354824253388557,6.354824253388557,2021-04-21 08:30:00,2021-04-21 13:30:00,300.0,300.0
D2,F1-1-lag1-16-ridge,0,11,2021-04-22,96,1.0,True,174.0,175.87779349058522,1.8777934905852192,1.8777934905852192,2021-04-22 08:30:00,2021-04-22 13:30:00,300.0,300.0
D2,F1-1-lag1-16-ridge,0,11,2021-04-23,96,1.0,True,174.0,173.46666827138085,-0.5333317286191459,0.5333317286191459,2021-04-23 08:30:00,2021-04-23 13:30:00,300.0,300.0
D2,F1-1-lag1-16-ridge,0,11,2021-04-24,96,1.0,True,112.0,107.59138868064933,-4.408611319350669,4.408611319350669,2021-04-24 06:15:00,2021-04-24 06:30:00,15.0,15.0
D2,F1-1-lag1-16-ridge,0,11,2021-04-25,96,1.0,True,25.0,36.716817719820625,11.716817719820625,11.716817719820625,2021-04-25 01:30:00,2021-04-25 11:00:00,570.0,570.0
D2,F1-1-lag1-16-ridge,0,11,2021-05-03,96,1.0,True,184.0,166.81149353991015,-17.188506460089854,17.188506460089854,2021-05-03 08:30:00,2021-05-03 11:15:00,165.0,165.0
D2,F1-1-lag1-16-ridge,0,11,2021-05-04,96,1.0,True,181.0,180.30724772771467,-0.6927522722853325,0.6927522722853325,2021-05-04 08:30:00,2021-05-04 13:45:00,315.0,315.0
D2,F1-1-lag1-16-ridge,0,11,2021-05-05,96,1.0,True,120.0,140.2430036550062,20.24300365500619,20.24300365500619,2021-05-05 04:15:00,2021-05-05 08:30:00,255.0,255.0
D2,F1-1-lag1-16-ridge,0,11,2021-05-06,96,1.0,True,199.0,168.3748630437192,-30.625136956280812,30.625136956280812,2021-05-06 09:00:00,2021-05-06 13:30:00,270.0,270.0
D2,F1-1-lag1-16-ridge,0,11,2021-05-07,96,1.0,True,181.0,168.05891283391765,-12.941087166082355,12.941087166082355,2021-05-07 09:00:00,2021-05-07 13:45:00,285.0,285.0
D2,F1-1-lag1-16-ridge,0,11,2021-05-08,96,1.0,True,115.0,108.2272173939465,-6.772782606053497,6.772782606053497,2021-05-08 02:00:00,2021-05-08 06:30:00,270.0,270.0
D2,F1-1-lag1-16-ridge,0,11,2021-05-09,96,1.0,True,184.0,116.15106962722007,-67.84893037277993,67.84893037277993,2021-05-09 09:00:00,2021-05-09 13:45:00,285.0,285.0
D2,F1-1-lag1-16-ridge,0,12,2021-04-19,96,1.0,True,172.0,167.62728223490353,-4.372717765096468,4.372717765096468,2021-04-19 08:45:00,2021-04-19 13:45:00,300.0,300.0
D2,F1-1-lag1-16-ridge,0,12,2021-04-20,96,1.0,True,172.0,178.76964362396197,6.769643623961969,6.769643623961969,2021-04-20 08:45:00,2021-04-20 13:45:00,300.0,300.0
D2,F1-1-lag1-16-ridge,0,12,2021-04-21,96,1.0,True,174.0,179.1480214644311,5.14802146443111,5.14802146443111,2021-04-21 08:30:00,2021-04-21 13:30:00,300.0,300.0
D2,F1-1-lag1-16-ridge,0,12,2021-04-22,96,1.0,True,174.0,174.76757130546417,0.7675713054641733,0.7675713054641733,2021-04-22 08:30:00,2021-04-22 13:45:00,315.0,315.0
D2,F1-1-lag1-16-ridge,0,12,2021-04-23,96,1.0,True,174.0,172.3215863181574,-1.6784136818426134,1.6784136818426134,2021-04-23 08:30:00,2021-04-23 13:45:00,315.0,315.0
D2,F1-1-lag1-16-ridge,0,12,2021-04-24,96,1.0,True,112.0,108.76575421740277,-3.2342457825972275,3.2342457825972275,2021-04-24 06:15:00,2021-04-24 02:00:00,-255.0,255.0
D2,F1-1-lag1-16-ridge,0,12,2021-04-25,96,1.0,True,25.0,37.630026970612676,12.630026970612676,12.630026970612676,2021-04-25 01:30:00,2021-04-25 11:15:00,585.0,585.0
D2,F1-1-lag1-16-ridge,0,12,2021-05-03,96,1.0,True,184.0,165.53055997145185,-18.46944002854815,18.46944002854815,2021-05-03 08:30:00,2021-05-03 11:30:00,180.0,180.0
D2,F1-1-lag1-16-ridge,0,12,2021-05-04,96,1.0,True,181.0,179.33331185035254,-1.666688149647456,1.666688149647456,2021-05-04 08:30:00,2021-05-04 13:45:00,315.0,315.0
D2,F1-1-lag1-16-ridge,0,12,2021-05-05,96,1.0,True,120.0,141.05933356247604,21.05933356247604,21.05933356247604,2021-05-05 04:15:00,2021-05-05 08:30:00,255.0,255.0
D2,F1-1-lag1-16-ridge,0,12,2021-05-06,96,1.0,True,199.0,168.76697155367856,-30.23302844632144,30.23302844632144,2021-05-06 09:00:00,2021-05-06 11:30:00,150.0,150.0
D2,F1-1-lag1-16-ridge,0,12,2021-05-07,96,1.0,True,181.0,166.8100643019808,-14.189935698019212,14.189935698019212,2021-05-07 09:00:00,2021-05-07 14:00:00,300.0,300.0
D2,F1-1-lag1-16-ridge,0,12,2021-05-08,96,1.0,True,115.0,109.32037282265192,-5.679627177348081,5.679627177348081,2021-05-08 02:00:00,2021-05-08 06:45:00,285.0,285.0
D2,F1-1-lag1-16-ridge,0,12,2021-05-09,96,1.0,True,184.0,113.3988768718472,-70.6011231281528,70.6011231281528,2021-05-09 09:00:00,2021-05-09 13:30:00,270.0,270.0
D2,F1-1-lag1-16-ridge,0,13,2021-04-19,96,1.0,True,172.0,166.60186697450234,-5.398133025497657,5.398133025497657,2021-04-19 08:45:00,2021-04-19 13:45:00,300.0,300.0
D2,F1-1-lag1-16-ridge,0,13,2021-04-20,96,1.0,True,172.0,178.03428264816895,6.034282648168954,6.034282648168954,2021-04-20 08:45:00,2021-04-20 13:45:00,300.0,300.0
D2,F1-1-lag1-16-ridge,0,13,2021-04-21,96,1.0,True,174.0,177.5280268804887,3.52802688048871,3.52802688048871,2021-04-21 08:30:00,2021-04-21 13:45:00,315.0,315.0
D2,F1-1-lag1-16-ridge,0,13,2021-04-22,96,1.0,True,174.0,173.2126097227009,-0.7873902772990959,0.7873902772990959,2021-04-22 08:30:00,2021-04-22 13:45:00,315.0,315.0
D2,F1-1-lag1-16-ridge,0,13,2021-04-23,96,1.0,True,174.0,170.6556705519626,-3.3443294480373993,3.3443294480373993,2021-04-23 08:30:00,2021-04-23 13:45:00,315.0,315.0
D2,F1-1-lag1-16-ridge,0,13,2021-04-24,96,1.0,True,112.0,111.62100689587253,-0.3789931041274741,0.3789931041274741,2021-04-24 06:15:00,2021-04-24 02:00:00,-255.0,255.0
D2,F1-1-lag1-16-ridge,0,13,2021-04-25,96,1.0,True,25.0,38.00241180394594,13.00241180394594,13.00241180394594,2021-04-25 01:30:00,2021-04-25 11:15:00,585.0,585.0
D2,F1-1-lag1-16-ridge,0,13,2021-05-03,96,1.0,True,184.0,164.33685649076938,-19.663143509230622,19.663143509230622,2021-05-03 08:30:00,2021-05-03 11:45:00,195.0,195.0
D2,F1-1-lag1-16-ridge,0,13,2021-05-04,96,1.0,True,181.0,179.980189261914,-1.0198107380859938,1.0198107380859938,2021-05-04 08:30:00,2021-05-04 13:45:00,315.0,315.0
D2,F1-1-lag1-16-ridge,0,13,2021-05-05,96,1.0,True,120.0,143.3914871039742,23.391487103974214,23.391487103974214,2021-05-05 04:15:00,2021-05-05 08:30:00,255.0,255.0
D2,F1-1-lag1-16-ridge,0,13,2021-05-06,96,1.0,True,199.0,167.60327169707406,-31.396728302925936,31.396728302925936,2021-05-06 09:00:00,2021-05-06 13:45:00,285.0,285.0
D2,F1-1-lag1-16-ridge,0,13,2021-05-07,96,1.0,True,181.0,164.75123216545097,-16.248767834549028,16.248767834549028,2021-05-07 09:00:00,2021-05-07 13:45:00,285.0,285.0
D2,F1-1-lag1-16-ridge,0,13,2021-05-08,96,1.0,True,115.0,109.0649414667447,-5.935058533255301,5.935058533255301,2021-05-08 02:00:00,2021-05-08 06:45:00,285.0,285.0
D2,F1-1-lag1-16-ridge,0,13,2021-05-09,96,1.0,True,184.0,110.00498940660258,-73.99501059339742,73.99501059339742,2021-05-09 09:00:00,2021-05-09 13:45:00,285.0,285.0
D2,F1-1-lag1-16-ridge,0,14,2021-04-19,96,1.0,True,172.0,165.79628768340277,-6.203712316597233,6.203712316597233,2021-04-19 08:45:00,2021-04-19 13:15:00,270.0,270.0
D2,F1-1-lag1-16-ridge,0,14,2021-04-20,96,1.0,True,172.0,176.4581831599251,4.458183159925113,4.458183159925113,2021-04-20 08:45:00,2021-04-20 13:15:00,270.0,270.0
D2,F1-1-lag1-16-ridge,0,14,2021-04-21,96,1.0,True,174.0,173.9428358039837,-0.05716419601628786,0.05716419601628786,2021-04-21 08:30:00,2021-04-21 13:15:00,285.0,285.0
D2,F1-1-lag1-16-ridge,0,14,2021-04-22,96,1.0,True,174.0,169.80765229365522,-4.192347706344776,4.192347706344776,2021-04-22 08:30:00,2021-04-22 13:15:00,285.0,285.0
D2,F1-1-lag1-16-ridge,0,14,2021-04-23,96,1.0,True,174.0,167.18823933026778,-6.811760669732223,6.811760669732223,2021-04-23 08:30:00,2021-04-23 13:15:00,285.0,285.0
D2,F1-1-lag1-16-ridge,0,14,2021-04-24,96,1.0,True,112.0,111.28614076949442,-0.7138592305055766,0.7138592305055766,2021-04-24 06:15:00,2021-04-24 02:00:00,-255.0,255.0
D2,F1-1-lag1-16-ridge,0,14,2021-04-25,96,1.0,True,25.0,37.44513683641966,12.445136836419657,12.445136836419657,2021-04-25 01:30:00,2021-04-25 11:45:00,615.0,615.0
D2,F1-1-lag1-16-ridge,0,14,2021-05-03,96,1.0,True,184.0,164.57937281287258,-19.420627187127423,19.420627187127423,2021-05-03 08:30:00,2021-05-03 13:30:00,300.0,300.0
D2,F1-1-lag1-16-ridge,0,14,2021-05-04,96,1.0,True,181.0,179.35189452338375,-1.6481054766162515,1.6481054766162515,2021-05-04 08:30:00,2021-05-04 13:15:00,285.0,285.0
D2,F1-1-lag1-16-ridge,0,14,2021-05-05,96,1.0,True,120.0,150.38955769714192,30.389557697141925,30.389557697141925,2021-05-05 04:15:00,2021-05-05 08:30:00,255.0,255.0
D2,F1-1-lag1-16-ridge,0,14,2021-05-06,96,1.0,True,199.0,166.11745672736976,-32.882543272630244,32.882543272630244,2021-05-06 09:00:00,2021-05-06 13:30:00,270.0,270.0
D2,F1-1-lag1-16-ridge,0,14,2021-05-07,96,1.0,True,181.0,169.63328984716662,-11.366710152833377,11.366710152833377,2021-05-07 09:00:00,2021-05-07 14:30:00,330.0,330.0
D2,F1-1-lag1-16-ridge,0,14,2021-05-08,96,1.0,True,115.0,105.97621821864824,-9.023781781351758,9.023781781351758,2021-05-08 02:00:00,2021-05-08 06:30:00,270.0,270.0
D2,F1-1-lag1-16-ridge,0,14,2021-05-09,96,1.0,True,184.0,108.03546378749559,-75.96453621250441,75.96453621250441,2021-05-09 09:00:00,2021-05-09 14:00:00,300.0,300.0
D2,F1-1-lag1-16-ridge,0,15,2021-04-19,96,1.0,True,172.0,166.47756421474048,-5.522435785259518,5.522435785259518,2021-04-19 08:45:00,2021-04-19 13:45:00,300.0,300.0
D2,F1-1-lag1-16-ridge,0,15,2021-04-20,96,1.0,True,172.0,178.28244647435847,6.282446474358466,6.282446474358466,2021-04-20 08:45:00,2021-04-20 13:45:00,300.0,300.0
D2,F1-1-lag1-16-ridge,0,15,2021-04-21,96,1.0,True,174.0,176.87729060811716,2.877290608117164,2.877290608117164,2021-04-21 08:30:00,2021-04-21 13:15:00,285.0,285.0
D2,F1-1-lag1-16-ridge,0,15,2021-04-22,96,1.0,True,174.0,172.64379648935252,-1.3562035106474752,1.3562035106474752,2021-04-22 08:30:00,2021-04-22 13:15:00,285.0,285.0
D2,F1-1-lag1-16-ridge,0,15,2021-04-23,96,1.0,True,174.0,169.99418340389246,-4.005816596107536,4.005816596107536,2021-04-23 08:30:00,2021-04-23 13:15:00,285.0,285.0
D2,F1-1-lag1-16-ridge,0,15,2021-04-24,96,1.0,True,112.0,107.460547366772,-4.539452633227995,4.539452633227995,2021-04-24 06:15:00,2021-04-24 02:30:00,-225.0,225.0
D2,F1-1-lag1-16-ridge,0,15,2021-04-25,96,1.0,True,25.0,38.01633345225321,13.016333452253207,13.016333452253207,2021-04-25 01:30:00,2021-04-25 12:00:00,630.0,630.0
D2,F1-1-lag1-16-ridge,0,15,2021-05-03,96,1.0,True,184.0,165.57992780937101,-18.420072190628986,18.420072190628986,2021-05-03 08:30:00,2021-05-03 13:30:00,300.0,300.0
D2,F1-1-lag1-16-ridge,0,15,2021-05-04,96,1.0,True,181.0,180.39111897903007,-0.6088810209699318,0.6088810209699318,2021-05-04 08:30:00,2021-05-04 13:30:00,300.0,300.0
D2,F1-1-lag1-16-ridge,0,15,2021-05-05,96,1.0,True,120.0,154.95868618099436,34.95868618099436,34.95868618099436,2021-05-05 04:15:00,2021-05-05 08:30:00,255.0,255.0
D2,F1-1-lag1-16-ridge,0,15,2021-05-06,96,1.0,True,199.0,168.64302397895568,-30.356976021044318,30.356976021044318,2021-05-06 09:00:00,2021-05-06 13:30:00,270.0,270.0
D2,F1-1-lag1-16-ridge,0,15,2021-05-07,96,1.0,True,181.0,168.05401085206648,-12.945989147933517,12.945989147933517,2021-05-07 09:00:00,2021-05-07 14:45:00,345.0,345.0
D2,F1-1-lag1-16-ridge,0,15,2021-05-08,96,1.0,True,115.0,106.952721535798,-8.047278464201995,8.047278464201995,2021-05-08 02:00:00,2021-05-08 06:45:00,285.0,285.0
D2,F1-1-lag1-16-ridge,0,15,2021-05-09,96,1.0,True,184.0,107.74677609278643,-76.25322390721357,76.25322390721357,2021-05-09 09:00:00,2021-05-09 15:30:00,390.0,390.0
D2,F1-1-lag1-16-ridge,0,16,2021-04-19,96,1.0,True,172.0,169.73660036529856,-2.263399634701443,2.263399634701443,2021-04-19 08:45:00,2021-04-19 15:45:00,420.0,420.0
D2,F1-1-lag1-16-ridge,0,16,2021-04-20,96,1.0,True,172.0,181.71804376360683,9.718043763606829,9.718043763606829,2021-04-20 08:45:00,2021-04-20 15:45:00,420.0,420.0
D2,F1-1-lag1-16-ridge,0,16,2021-04-21,96,1.0,True,174.0,180.45079167795774,6.450791677957739,6.450791677957739,2021-04-21 08:30:00,2021-04-21 13:15:00,285.0,285.0
D2,F1-1-lag1-16-ridge,0,16,2021-04-22,96,1.0,True,174.0,176.1144410233564,2.1144410233563917,2.1144410233563917,2021-04-22 08:30:00,2021-04-22 13:15:00,285.0,285.0
D2,F1-1-lag1-16-ridge,0,16,2021-04-23,96,1.0,True,174.0,173.39738943173944,-0.6026105682605589,0.6026105682605589,2021-04-23 08:30:00,2021-04-23 13:15:00,285.0,285.0
D2,F1-1-lag1-16-ridge,0,16,2021-04-24,96,1.0,True,112.0,108.18567799636472,-3.814322003635283,3.814322003635283,2021-04-24 06:15:00,2021-04-24 02:00:00,-255.0,255.0
D2,F1-1-lag1-16-ridge,0,16,2021-04-25,96,1.0,True,25.0,38.15881072024734,13.158810720247338,13.158810720247338,2021-04-25 01:30:00,2021-04-25 12:00:00,630.0,630.0
D2,F1-1-lag1-16-ridge,0,16,2021-05-03,96,1.0,True,184.0,167.61726719274395,-16.382732807256048,16.382732807256048,2021-05-03 08:30:00,2021-05-03 13:30:00,300.0,300.0
D2,F1-1-lag1-16-ridge,0,16,2021-05-04,96,1.0,True,181.0,181.6499617473126,0.6499617473126023,0.6499617473126023,2021-05-04 08:30:00,2021-05-04 13:45:00,315.0,315.0
D2,F1-1-lag1-16-ridge,0,16,2021-05-05,96,1.0,True,120.0,156.37395782611196,36.37395782611196,36.37395782611196,2021-05-05 04:15:00,2021-05-05 08:30:00,255.0,255.0
D2,F1-1-lag1-16-ridge,0,16,2021-05-06,96,1.0,True,199.0,169.25390502091864,-29.746094979081363,29.746094979081363,2021-05-06 09:00:00,2021-05-06 13:45:00,285.0,285.0
D2,F1-1-lag1-16-ridge,0,16,2021-05-07,96,1.0,True,181.0,166.1108507780546,-14.889149221945388,14.889149221945388,2021-05-07 09:00:00,2021-05-07 14:30:00,330.0,330.0
D2,F1-1-lag1-16-ridge,0,16,2021-05-08,96,1.0,True,115.0,104.26794913161835,-10.732050868381648,10.732050868381648,2021-05-08 02:00:00,2021-05-08 06:15:00,255.0,255.0
D2,F1-1-lag1-16-ridge,0,16,2021-05-09,96,1.0,True,184.0,107.66882499588226,-76.33117500411774,76.33117500411774,2021-05-09 09:00:00,2021-05-09 15:30:00,390.0,390.0
D2,F1-1-lag1-16-ridge,1,4,2021-05-31,95,0.9895833333333334,False,172.0,161.65782519603,-10.34217480397001,10.34217480397001,2021-05-31 10:30:00,2021-05-31 14:30:00,240.0,240.0
D2,F1-1-lag1-16-ridge,1,4,2021-06-01,1,0.010416666666666666,False,71.0,96.79507750677189,25.79507750677189,25.79507750677189,2021-06-01 00:00:00,2021-06-01 00:00:00,0.0,0.0
D2,F1-1-lag1-16-ridge,1,4,2021-06-20,95,0.9895833333333334,False,28.0,32.59439018242085,4.594390182420852,4.594390182420852,2021-06-20 15:15:00,2021-06-20 06:15:00,-540.0,540.0
D2,F1-1-lag1-16-ridge,1,5,2021-05-31,95,0.9895833333333334,False,172.0,159.50914443985266,-12.490855560147338,12.490855560147338,2021-05-31 10:30:00,2021-05-31 11:15:00,45.0,45.0
D2,F1-1-lag1-16-ridge,1,5,2021-06-01,1,0.010416666666666666,False,71.0,98.52246537992247,27.522465379922465,27.522465379922465,2021-06-01 00:00:00,2021-06-01 00:00:00,0.0,0.0
D2,F1-1-lag1-16-ridge,1,5,2021-06-20,95,0.9895833333333334,False,28.0,34.53795714115902,6.537957141159019,6.537957141159019,2021-06-20 15:15:00,2021-06-20 06:15:00,-540.0,540.0
D2,F1-1-lag1-16-ridge,1,6,2021-05-31,95,0.9895833333333334,False,172.0,159.74745872116506,-12.25254127883494,12.25254127883494,2021-05-31 10:30:00,2021-05-31 11:15:00,45.0,45.0
D2,F1-1-lag1-16-ridge,1,6,2021-06-01,1,0.010416666666666666,False,71.0,96.77667511992544,25.776675119925443,25.776675119925443,2021-06-01 00:00:00,2021-06-01 00:00:00,0.0,0.0
D2,F1-1-lag1-16-ridge,1,6,2021-06-20,95,0.9895833333333334,False,28.0,35.82558554814705,7.825585548147053,7.825585548147053,2021-06-20 15:15:00,2021-06-20 06:30:00,-525.0,525.0
D2,F1-1-lag1-16-ridge,1,7,2021-05-31,95,0.9895833333333334,False,172.0,160.8840439712271,-11.1159560287729,11.1159560287729,2021-05-31 10:30:00,2021-05-31 13:30:00,180.0,180.0
D2,F1-1-lag1-16-ridge,1,7,2021-06-01,1,0.010416666666666666,False,71.0,93.62069613989195,22.620696139891947,22.620696139891947,2021-06-01 00:00:00,2021-06-01 00:00:00,0.0,0.0
D2,F1-1-lag1-16-ridge,1,7,2021-06-20,95,0.9895833333333334,False,28.0,34.954176734513084,6.954176734513084,6.954176734513084,2021-06-20 15:15:00,2021-06-20 06:45:00,-510.0,510.0
D2,F1-1-lag1-16-ridge,1,8,2021-05-31,95,0.9895833333333334,False,172.0,162.0221041494874,-9.977895850512596,9.977895850512596,2021-05-31 10:30:00,2021-05-31 13:45:00,195.0,195.0
D2,F1-1-lag1-16-ridge,1,8,2021-06-01,1,0.010416666666666666,False,71.0,97.19667781127221,26.19667781127221,26.19667781127221,2021-06-01 00:00:00,2021-06-01 00:00:00,0.0,0.0
D2,F1-1-lag1-16-ridge,1,8,2021-06-20,95,0.9895833333333334,False,28.0,35.26426406749471,7.264264067494707,7.264264067494707,2021-06-20 15:15:00,2021-06-20 07:00:00,-495.0,495.0
D2,F1-1-lag1-16-ridge,1,9,2021-05-31,95,0.9895833333333334,False,172.0,162.5743506547031,-9.425649345296904,9.425649345296904,2021-05-31 10:30:00,2021-05-31 13:30:00,180.0,180.0
D2,F1-1-lag1-16-ridge,1,9,2021-06-01,1,0.010416666666666666,False,71.0,98.92061955095927,27.920619550959273,27.920619550959273,2021-06-01 00:00:00,2021-06-01 00:00:00,0.0,0.0
D2,F1-1-lag1-16-ridge,1,9,2021-06-20,95,0.9895833333333334,False,28.0,35.826201333143324,7.826201333143324,7.826201333143324,2021-06-20 15:15:00,2021-06-20 07:15:00,-480.0,480.0
D2,F1-1-lag1-16-ridge,1,10,2021-05-31,95,0.9895833333333334,False,172.0,165.3368852208169,-6.663114779183104,6.663114779183104,2021-05-31 10:30:00,2021-05-31 13:30:00,180.0,180.0
D2,F1-1-lag1-16-ridge,1,10,2021-06-01,1,0.010416666666666666,False,71.0,97.15769596374045,26.15769596374045,26.15769596374045,2021-06-01 00:00:00,2021-06-01 00:00:00,0.0,0.0
D2,F1-1-lag1-16-ridge,1,10,2021-06-20,95,0.9895833333333334,False,28.0,36.39095070144618,8.39095070144618,8.39095070144618,2021-06-20 15:15:00,2021-06-20 11:00:00,-255.0,255.0
D2,F1-1-lag1-16-ridge,1,11,2021-05-31,95,0.9895833333333334,False,172.0,167.363234920424,-4.6367650795760085,4.6367650795760085,2021-05-31 10:30:00,2021-05-31 13:30:00,180.0,180.0
D2,F1-1-lag1-16-ridge,1,11,2021-06-01,1,0.010416666666666666,False,71.0,93.20440099861702,22.204400998617018,22.204400998617018,2021-06-01 00:00:00,2021-06-01 00:00:00,0.0,0.0
D2,F1-1-lag1-16-ridge,1,11,2021-06-20,95,0.9895833333333334,False,28.0,36.86743234829966,8.867432348299658,8.867432348299658,2021-06-20 15:15:00,2021-06-20 11:15:00,-240.0,240.0
D2,F1-1-lag1-16-ridge,1,12,2021-05-31,95,0.9895833333333334,False,172.0,167.02096172359813,-4.979038276401866,4.979038276401866,2021-05-31 10:30:00,2021-05-31 13:45:00,195.0,195.0
D2,F1-1-lag1-16-ridge,1,12,2021-06-01,1,0.010416666666666666,False,71.0,93.24652144581759,22.246521445817592,22.246521445817592,2021-06-01 00:00:00,2021-06-01 00:00:00,0.0,0.0
D2,F1-1-lag1-16-ridge,1,12,2021-06-20,95,0.9895833333333334,False,28.0,37.87569796355724,9.875697963557243,9.875697963557243,2021-06-20 15:15:00,2021-06-20 11:30:00,-225.0,225.0
D2,F1-1-lag1-16-ridge,1,13,2021-05-31,95,0.9895833333333334,False,172.0,167.52795416110342,-4.472045838896577,4.472045838896577,2021-05-31 10:30:00,2021-05-31 13:45:00,195.0,195.0
D2,F1-1-lag1-16-ridge,1,13,2021-06-01,1,0.010416666666666666,False,71.0,95.6031550626158,24.603155062615798,24.603155062615798,2021-06-01 00:00:00,2021-06-01 00:00:00,0.0,0.0
D2,F1-1-lag1-16-ridge,1,13,2021-06-20,95,0.9895833333333334,False,28.0,38.01817925311653,10.018179253116529,10.018179253116529,2021-06-20 15:15:00,2021-06-20 11:45:00,-210.0,210.0
D2,F1-1-lag1-16-ridge,1,14,2021-05-31,95,0.9895833333333334,False,172.0,162.91388150077188,-9.086118499228121,9.086118499228121,2021-05-31 10:30:00,2021-05-31 14:00:00,210.0,210.0
D2,F1-1-lag1-16-ridge,1,14,2021-06-01,1,0.010416666666666666,False,71.0,104.52786403033585,33.52786403033585,33.52786403033585,2021-06-01 00:00:00,2021-06-01 00:00:00,0.0,0.0
D2,F1-1-lag1-16-ridge,1,14,2021-06-20,95,0.9895833333333334,False,28.0,38.5477236552008,10.547723655200798,10.547723655200798,2021-06-20 15:15:00,2021-06-20 12:00:00,-195.0,195.0
D2,F1-1-lag1-16-ridge,1,15,2021-05-31,95,0.9895833333333334,False,172.0,166.56316350666873,-5.4368364933312705,5.4368364933312705,2021-05-31 10:30:00,2021-05-31 15:30:00,300.0,300.0
D2,F1-1-lag1-16-ridge,1,15,2021-06-01,1,0.010416666666666666,False,71.0,104.18084884567608,33.18084884567608,33.18084884567608,2021-06-01 00:00:00,2021-06-01 00:00:00,0.0,0.0
D2,F1-1-lag1-16-ridge,1,15,2021-06-20,95,0.9895833333333334,False,28.0,39.424997979989236,11.424997979989236,11.424997979989236,2021-06-20 15:15:00,2021-06-20 12:15:00,-180.0,180.0
D2,F1-1-lag1-16-ridge,1,16,2021-05-31,95,0.9895833333333334,False,172.0,169.344364228441,-2.655635771558991,2.655635771558991,2021-05-31 10:30:00,2021-05-31 15:30:00,300.0,300.0
D2,F1-1-lag1-16-ridge,1,16,2021-06-01,1,0.010416666666666666,False,71.0,103.97379450152955,32.973794501529554,32.973794501529554,2021-06-01 00:00:00,2021-06-01 00:00:00,0.0,0.0
D2,F1-1-lag1-16-ridge,1,16,2021-06-20,95,0.9895833333333334,False,28.0,39.24559340903809,11.245593409038086,11.245593409038086,2021-06-20 15:15:00,2021-06-20 12:30:00,-165.0,165.0
D2,F1-1-lag1-16-ridge,2,4,2021-07-12,96,1.0,True,198.0,189.18571514040718,-8.814284859592817,8.814284859592817,2021-07-12 08:45:00,2021-07-12 09:30:00,45.0,45.0
D2,F1-1-lag1-16-ridge,2,4,2021-07-13,1,0.010416666666666666,False,79.0,104.45728794049575,25.457287940495746,25.457287940495746,2021-07-13 00:00:00,2021-07-13 00:00:00,0.0,0.0
D2,F1-1-lag1-16-ridge,2,4,2021-07-17,80,0.8333333333333334,False,108.0,109.71228305595132,1.7122830559513176,1.7122830559513176,2021-07-17 06:00:00,2021-07-17 07:00:00,60.0,60.0
D2,F1-1-lag1-16-ridge,2,4,2021-07-18,84,0.875,False,28.0,32.39453910818085,4.394539108180851,4.394539108180851,2021-07-18 04:30:00,2021-07-18 08:45:00,255.0,255.0
D2,F1-1-lag1-16-ridge,2,4,2021-07-26,84,0.875,False,217.0,206.07928294213252,-10.920717057867478,10.920717057867478,2021-07-26 08:30:00,2021-07-26 09:30:00,60.0,60.0
D2,F1-1-lag1-16-ridge,2,4,2021-07-27,84,0.875,False,211.0,201.41275223386822,-9.587247766131782,9.587247766131782,2021-07-27 11:45:00,2021-07-27 09:30:00,-135.0,135.0
D2,F1-1-lag1-16-ridge,2,4,2021-07-28,84,0.875,False,212.0,207.42438634267802,-4.5756136573219806,4.5756136573219806,2021-07-28 12:00:00,2021-07-28 14:30:00,150.0,150.0
D2,F1-1-lag1-16-ridge,2,4,2021-07-29,84,0.875,False,211.0,203.8392100836194,-7.160789916380594,7.160789916380594,2021-07-29 12:00:00,2021-07-29 14:45:00,165.0,165.0
D2,F1-1-lag1-16-ridge,2,4,2021-07-30,85,0.8854166666666666,False,212.0,203.2544693497333,-8.745530650266687,8.745530650266687,2021-07-30 12:00:00,2021-07-30 14:30:00,150.0,150.0
D2,F1-1-lag1-16-ridge,2,4,2021-07-31,96,1.0,True,80.0,105.87476286909934,25.874762869099342,25.874762869099342,2021-07-31 00:00:00,2021-07-31 00:00:00,0.0,0.0
D2,F1-1-lag1-16-ridge,2,4,2021-08-01,96,1.0,True,28.0,32.07890280666726,4.078902806667259,4.078902806667259,2021-08-01 09:00:00,2021-08-01 10:00:00,60.0,60.0
D2,F1-1-lag1-16-ridge,2,4,2021-08-09,1,0.010416666666666666,False,21.0,23.689927202641016,2.689927202641016,2.689927202641016,2021-08-09 00:00:00,2021-08-09 00:00:00,0.0,0.0
D2,F1-1-lag1-16-ridge,2,5,2021-07-12,96,1.0,True,198.0,183.8207586596533,-14.179241340346692,14.179241340346692,2021-07-12 08:45:00,2021-07-12 09:45:00,60.0,60.0
D2,F1-1-lag1-16-ridge,2,5,2021-07-13,1,0.010416666666666666,False,79.0,109.07637973809571,30.07637973809571,30.07637973809571,2021-07-13 00:00:00,2021-07-13 00:00:00,0.0,0.0
D2,F1-1-lag1-16-ridge,2,5,2021-07-17,79,0.8229166666666666,False,108.0,113.28339947195963,5.283399471959626,5.283399471959626,2021-07-17 06:00:00,2021-07-17 07:15:00,75.0,75.0
D2,F1-1-lag1-16-ridge,2,5,2021-07-18,84,0.875,False,28.0,32.96303640331718,4.963036403317183,4.963036403317183,2021-07-18 04:30:00,2021-07-18 09:00:00,270.0,270.0
D2,F1-1-lag1-16-ridge,2,5,2021-07-26,84,0.875,False,217.0,201.96621653731674,-15.03378346268326,15.03378346268326,2021-07-26 08:30:00,2021-07-26 09:45:00,75.0,75.0
D2,F1-1-lag1-16-ridge,2,5,2021-07-27,84,0.875,False,211.0,196.75451128129106,-14.245488718708941,14.245488718708941,2021-07-27 11:45:00,2021-07-27 11:00:00,-45.0,45.0
D2,F1-1-lag1-16-ridge,2,5,2021-07-28,84,0.875,False,212.0,204.25913729037302,-7.740862709626981,7.740862709626981,2021-07-28 12:00:00,2021-07-28 14:45:00,165.0,165.0
D2,F1-1-lag1-16-ridge,2,5,2021-07-29,84,0.875,False,211.0,198.31296487467785,-12.687035125322154,12.687035125322154,2021-07-29 12:00:00,2021-07-29 14:45:00,165.0,165.0
D2,F1-1-lag1-16-ridge,2,5,2021-07-30,85,0.8854166666666666,False,212.0,200.84070156405153,-11.159298435948472,11.159298435948472,2021-07-30 12:00:00,2021-07-30 14:45:00,165.0,165.0
D2,F1-1-lag1-16-ridge,2,5,2021-07-31,96,1.0,True,80.0,101.90667363972095,21.90667363972095,21.90667363972095,2021-07-31 00:00:00,2021-07-31 00:00:00,0.0,0.0
D2,F1-1-lag1-16-ridge,2,5,2021-08-01,96,1.0,True,28.0,32.81299451895848,4.812994518958483,4.812994518958483,2021-08-01 09:00:00,2021-08-01 10:15:00,75.0,75.0
D2,F1-1-lag1-16-ridge,2,5,2021-08-09,1,0.010416666666666666,False,21.0,25.430064864244585,4.430064864244585,4.430064864244585,2021-08-09 00:00:00,2021-08-09 00:00:00,0.0,0.0
D2,F1-1-lag1-16-ridge,2,6,2021-07-12,96,1.0,True,198.0,179.06375872309445,-18.936241276905548,18.936241276905548,2021-07-12 08:45:00,2021-07-12 11:00:00,135.0,135.0
D2,F1-1-lag1-16-ridge,2,6,2021-07-13,1,0.010416666666666666,False,79.0,103.46914249009352,24.469142490093517,24.469142490093517,2021-07-13 00:00:00,2021-07-13 00:00:00,0.0,0.0
D2,F1-1-lag1-16-ridge,2,6,2021-07-17,78,0.8125,False,108.0,105.88312803075988,-2.1168719692401226,2.1168719692401226,2021-07-17 06:00:00,2021-07-17 07:30:00,90.0,90.0
D2,F1-1-lag1-16-ridge,2,6,2021-07-18,84,0.875,False,28.0,34.48788645486391,6.4878864548639115,6.4878864548639115,2021-07-18 01:15:00,2021-07-18 09:15:00,480.0,480.0
D2,F1-1-lag1-16-ridge,2,6,2021-07-26,84,0.875,False,217.0,192.39076325356444,-24.609236746435556,24.609236746435556,2021-07-26 08:30:00,2021-07-26 10:00:00,90.0,90.0
D2,F1-1-lag1-16-ridge,2,6,2021-07-27,84,0.875,False,211.0,198.18320935975532,-12.816790640244676,12.816790640244676,2021-07-27 11:45:00,2021-07-27 11:00:00,-45.0,45.0
D2,F1-1-lag1-16-ridge,2,6,2021-07-28,84,0.875,False,212.0,198.19464374606525,-13.805356253934747,13.805356253934747,2021-07-28 12:00:00,2021-07-28 12:00:00,0.0,0.0
D2,F1-1-lag1-16-ridge,2,6,2021-07-29,84,0.875,False,211.0,195.78273504128623,-15.21726495871377,15.21726495871377,2021-07-29 12:00:00,2021-07-29 11:00:00,-60.0,60.0
D2,F1-1-lag1-16-ridge,2,6,2021-07-30,85,0.8854166666666666,False,212.0,199.67568920218562,-12.324310797814377,12.324310797814377,2021-07-30 12:00:00,2021-07-30 13:30:00,90.0,90.0
D2,F1-1-lag1-16-ridge,2,6,2021-07-31,96,1.0,True,80.0,101.71881002953866,21.71881002953866,21.71881002953866,2021-07-31 00:00:00,2021-07-31 00:00:00,0.0,0.0
D2,F1-1-lag1-16-ridge,2,6,2021-08-01,96,1.0,True,28.0,33.159075800238654,5.159075800238654,5.159075800238654,2021-08-01 09:00:00,2021-08-01 10:30:00,90.0,90.0
D2,F1-1-lag1-16-ridge,2,6,2021-08-09,1,0.010416666666666666,False,21.0,25.619843325712054,4.619843325712054,4.619843325712054,2021-08-09 00:00:00,2021-08-09 00:00:00,0.0,0.0
D2,F1-1-lag1-16-ridge,2,7,2021-07-12,96,1.0,True,198.0,178.80954246161613,-19.190457538383868,19.190457538383868,2021-07-12 08:45:00,2021-07-12 11:15:00,150.0,150.0
D2,F1-1-lag1-16-ridge,2,7,2021-07-13,1,0.010416666666666666,False,79.0,100.15413865987905,21.154138659879052,21.154138659879052,2021-07-13 00:00:00,2021-07-13 00:00:00,0.0,0.0
D2,F1-1-lag1-16-ridge,2,7,2021-07-17,77,0.8020833333333334,False,108.0,102.66431614652129,-5.335683853478713,5.335683853478713,2021-07-17 06:00:00,2021-07-17 06:30:00,30.0,30.0
D2,F1-1-lag1-16-ridge,2,7,2021-07-18,84,0.875,False,28.0,35.7809118160304,7.780911816030397,7.780911816030397,2021-07-18 01:15:00,2021-07-18 09:30:00,495.0,495.0
D2,F1-1-lag1-16-ridge,2,7,2021-07-26,84,0.875,False,217.0,194.97242305584768,-22.027576944152315,22.027576944152315,2021-07-26 08:30:00,2021-07-26 13:30:00,300.0,300.0
D2,F1-1-lag1-16-ridge,2,7,2021-07-27,84,0.875,False,211.0,202.5855446874952,-8.4144553125048,8.4144553125048,2021-07-27 11:45:00,2021-07-27 13:30:00,105.0,105.0
D2,F1-1-lag1-16-ridge,2,7,2021-07-28,84,0.875,False,212.0,200.21589564619796,-11.784104353802036,11.784104353802036,2021-07-28 12:00:00,2021-07-28 13:45:00,105.0,105.0
D2,F1-1-lag1-16-ridge,2,7,2021-07-29,84,0.875,False,211.0,195.48424360365013,-15.515756396349872,15.515756396349872,2021-07-29 12:00:00,2021-07-29 13:45:00,105.0,105.0
D2,F1-1-lag1-16-ridge,2,7,2021-07-30,85,0.8854166666666666,False,212.0,198.5186434196708,-13.48135658032919,13.48135658032919,2021-07-30 12:00:00,2021-07-30 13:30:00,90.0,90.0
D2,F1-1-lag1-16-ridge,2,7,2021-07-31,96,1.0,True,80.0,97.6611867698431,17.6611867698431,17.6611867698431,2021-07-31 00:00:00,2021-07-31 00:00:00,0.0,0.0
D2,F1-1-lag1-16-ridge,2,7,2021-08-01,96,1.0,True,28.0,34.1138832511186,6.113883251118601,6.113883251118601,2021-08-01 09:00:00,2021-08-01 10:45:00,105.0,105.0
D2,F1-1-lag1-16-ridge,2,7,2021-08-09,1,0.010416666666666666,False,21.0,25.89489478972621,4.894894789726209,4.894894789726209,2021-08-09 00:00:00,2021-08-09 00:00:00,0.0,0.0
D2,F1-1-lag1-16-ridge,2,8,2021-07-12,96,1.0,True,198.0,180.14985576385672,-17.85014423614328,17.85014423614328,2021-07-12 08:45:00,2021-07-12 13:45:00,300.0,300.0
D2,F1-1-lag1-16-ridge,2,8,2021-07-13,1,0.010416666666666666,False,79.0,98.80947117447187,19.809471174471867,19.809471174471867,2021-07-13 00:00:00,2021-07-13 00:00:00,0.0,0.0
D2,F1-1-lag1-16-ridge,2,8,2021-07-17,76,0.7916666666666666,False,108.0,101.87645723836536,-6.1235427616346385,6.1235427616346385,2021-07-17 06:00:00,2021-07-17 07:00:00,60.0,60.0
D2,F1-1-lag1-16-ridge,2,8,2021-07-18,84,0.875,False,28.0,36.07409593921949,8.07409593921949,8.07409593921949,2021-07-18 01:15:00,2021-07-18 09:45:00,510.0,510.0
D2,F1-1-lag1-16-ridge,2,8,2021-07-26,84,0.875,False,217.0,196.88429007500497,-20.11570992499503,20.11570992499503,2021-07-26 08:30:00,2021-07-26 13:30:00,300.0,300.0
D2,F1-1-lag1-16-ridge,2,8,2021-07-27,84,0.875,False,211.0,201.6379675625796,-9.362032437420396,9.362032437420396,2021-07-27 11:45:00,2021-07-27 13:30:00,105.0,105.0
D2,F1-1-lag1-16-ridge,2,8,2021-07-28,84,0.875,False,212.0,202.94877667078768,-9.05122332921232,9.05122332921232,2021-07-28 12:00:00,2021-07-28 14:00:00,120.0,120.0
D2,F1-1-lag1-16-ridge,2,8,2021-07-29,84,0.875,False,211.0,195.56032274110703,-15.43967725889297,15.43967725889297,2021-07-29 12:00:00,2021-07-29 11:00:00,-60.0,60.0
D2,F1-1-lag1-16-ridge,2,8,2021-07-30,85,0.8854166666666666,False,212.0,201.60369503860196,-10.396304961398044,10.396304961398044,2021-07-30 12:00:00,2021-07-30 13:30:00,90.0,90.0
D2,F1-1-lag1-16-ridge,2,8,2021-07-31,96,1.0,True,80.0,98.88335951035371,18.883359510353714,18.883359510353714,2021-07-31 00:00:00,2021-07-31 00:00:00,0.0,0.0
D2,F1-1-lag1-16-ridge,2,8,2021-08-01,96,1.0,True,28.0,35.059908952253544,7.059908952253544,7.059908952253544,2021-08-01 09:00:00,2021-08-01 11:00:00,120.0,120.0
D2,F1-1-lag1-16-ridge,2,8,2021-08-09,1,0.010416666666666666,False,21.0,26.814420208531985,5.814420208531985,5.814420208531985,2021-08-09 00:00:00,2021-08-09 00:00:00,0.0,0.0
D2,F1-1-lag1-16-ridge,2,9,2021-07-12,96,1.0,True,198.0,186.26316792995283,-11.736832070047171,11.736832070047171,2021-07-12 08:45:00,2021-07-12 10:45:00,120.0,120.0
D2,F1-1-lag1-16-ridge,2,9,2021-07-13,1,0.010416666666666666,False,79.0,100.68716259886884,21.687162598868838,21.687162598868838,2021-07-13 00:00:00,2021-07-13 00:00:00,0.0,0.0
D2,F1-1-lag1-16-ridge,2,9,2021-07-17,75,0.78125,False,108.0,106.04902610827794,-1.9509738917220574,1.9509738917220574,2021-07-17 06:00:00,2021-07-17 07:15:00,75.0,75.0
D2,F1-1-lag1-16-ridge,2,9,2021-07-18,84,0.875,False,28.0,36.78472679220433,8.784726792204332,8.784726792204332,2021-07-18 01:15:00,2021-07-18 10:00:00,525.0,525.0
D2,F1-1-lag1-16-ridge,2,9,2021-07-26,84,0.875,False,217.0,206.95726229010154,-10.04273770989846,10.04273770989846,2021-07-26 08:30:00,2021-07-26 10:45:00,135.0,135.0
D2,F1-1-lag1-16-ridge,2,9,2021-07-27,84,0.875,False,211.0,201.02043936429254,-9.979560635707458,9.979560635707458,2021-07-27 11:45:00,2021-07-27 10:45:00,-60.0,60.0
D2,F1-1-lag1-16-ridge,2,9,2021-07-28,84,0.875,False,212.0,200.67187341096587,-11.328126589034127,11.328126589034127,2021-07-28 12:00:00,2021-07-28 13:45:00,105.0,105.0
D2,F1-1-lag1-16-ridge,2,9,2021-07-29,84,0.875,False,211.0,194.11743104138827,-16.882568958611728,16.882568958611728,2021-07-29 12:00:00,2021-07-29 16:00:00,240.0,240.0
D2,F1-1-lag1-16-ridge,2,9,2021-07-30,85,0.8854166666666666,False,212.0,196.3846655505905,-15.615334449409488,15.615334449409488,2021-07-30 12:00:00,2021-07-30 13:45:00,105.0,105.0
D2,F1-1-lag1-16-ridge,2,9,2021-07-31,96,1.0,True,80.0,96.18483252736485,16.184832527364847,16.184832527364847,2021-07-31 00:00:00,2021-07-31 00:00:00,0.0,0.0
D2,F1-1-lag1-16-ridge,2,9,2021-08-01,96,1.0,True,28.0,35.732411574520924,7.732411574520924,7.732411574520924,2021-08-01 09:00:00,2021-08-01 11:15:00,135.0,135.0
D2,F1-1-lag1-16-ridge,2,9,2021-08-09,1,0.010416666666666666,False,21.0,24.157766232642075,3.157766232642075,3.157766232642075,2021-08-09 00:00:00,2021-08-09 00:00:00,0.0,0.0
D2,F1-1-lag1-16-ridge,2,10,2021-07-12,96,1.0,True,198.0,188.00952344224316,-9.990476557756836,9.990476557756836,2021-07-12 08:45:00,2021-07-12 11:00:00,135.0,135.0
D2,F1-1-lag1-16-ridge,2,10,2021-07-13,1,0.010416666666666666,False,79.0,104.38355783243374,25.383557832433738,25.383557832433738,2021-07-13 00:00:00,2021-07-13 00:00:00,0.0,0.0
D2,F1-1-lag1-16-ridge,2,10,2021-07-17,74,0.7708333333333334,False,108.0,104.40940973216834,-3.590590267831658,3.590590267831658,2021-07-17 06:00:00,2021-07-17 07:15:00,75.0,75.0
D2,F1-1-lag1-16-ridge,2,10,2021-07-18,84,0.875,False,28.0,37.822532163711294,9.822532163711294,9.822532163711294,2021-07-18 01:15:00,2021-07-18 10:15:00,540.0,540.0
D2,F1-1-lag1-16-ridge,2,10,2021-07-26,84,0.875,False,217.0,205.72077513754763,-11.279224862452367,11.279224862452367,2021-07-26 08:30:00,2021-07-26 11:00:00,150.0,150.0
D2,F1-1-lag1-16-ridge,2,10,2021-07-27,84,0.875,False,211.0,204.1384605066649,-6.861539493335101,6.861539493335101,2021-07-27 11:45:00,2021-07-27 13:30:00,105.0,105.0
D2,F1-1-lag1-16-ridge,2,10,2021-07-28,84,0.875,False,212.0,202.14636619981087,-9.85363380018913,9.85363380018913,2021-07-28 12:00:00,2021-07-28 14:00:00,120.0,120.0
D2,F1-1-lag1-16-ridge,2,10,2021-07-29,84,0.875,False,211.0,195.57969249149,-15.420307508510007,15.420307508510007,2021-07-29 12:00:00,2021-07-29 16:15:00,255.0,255.0
D2,F1-1-lag1-16-ridge,2,10,2021-07-30,85,0.8854166666666666,False,212.0,201.02837921430068,-10.971620785699315,10.971620785699315,2021-07-30 12:00:00,2021-07-30 13:30:00,90.0,90.0
D2,F1-1-lag1-16-ridge,2,10,2021-07-31,96,1.0,True,80.0,96.17602963180701,16.176029631807012,16.176029631807012,2021-07-31 00:00:00,2021-07-31 02:00:00,120.0,120.0
D2,F1-1-lag1-16-ridge,2,10,2021-08-01,96,1.0,True,28.0,36.23230783577777,8.232307835777767,8.232307835777767,2021-08-01 09:00:00,2021-08-01 11:30:00,150.0,150.0
D2,F1-1-lag1-16-ridge,2,10,2021-08-09,1,0.010416666666666666,False,21.0,24.66198683544711,3.6619868354471095,3.6619868354471095,2021-08-09 00:00:00,2021-08-09 00:00:00,0.0,0.0
D2,F1-1-lag1-16-ridge,2,11,2021-07-12,96,1.0,True,198.0,187.97868734939024,-10.021312650609758,10.021312650609758,2021-07-12 08:45:00,2021-07-12 11:15:00,150.0,150.0
D2,F1-1-lag1-16-ridge,2,11,2021-07-13,1,0.010416666666666666,False,79.0,100.96225419575887,21.962254195758874,21.962254195758874,2021-07-13 00:00:00,2021-07-13 00:00:00,0.0,0.0
D2,F1-1-lag1-16-ridge,2,11,2021-07-17,73,0.7604166666666666,False,108.0,102.72909292921143,-5.270907070788567,5.270907070788567,2021-07-17 06:00:00,2021-07-17 06:45:00,45.0,45.0
D2,F1-1-lag1-16-ridge,2,11,2021-07-18,84,0.875,False,28.0,38.494706485983855,10.494706485983855,10.494706485983855,2021-07-18 01:15:00,2021-07-18 10:30:00,555.0,555.0
D2,F1-1-lag1-16-ridge,2,11,2021-07-26,84,0.875,False,217.0,200.42828292367426,-16.57171707632574,16.57171707632574,2021-07-26 08:30:00,2021-07-26 13:45:00,315.0,315.0
D2,F1-1-lag1-16-ridge,2,11,2021-07-27,84,0.875,False,211.0,204.29368109243853,-6.706318907561467,6.706318907561467,2021-07-27 11:45:00,2021-07-27 13:30:00,105.0,105.0
D2,F1-1-lag1-16-ridge,2,11,2021-07-28,84,0.875,False,212.0,200.60326795646233,-11.396732043537668,11.396732043537668,2021-07-28 12:00:00,2021-07-28 13:45:00,105.0,105.0
D2,F1-1-lag1-16-ridge,2,11,2021-07-29,84,0.875,False,211.0,195.76662757164894,-15.23337242835106,15.23337242835106,2021-07-29 12:00:00,2021-07-29 16:30:00,270.0,270.0
D2,F1-1-lag1-16-ridge,2,11,2021-07-30,85,0.8854166666666666,False,212.0,199.80742256573566,-12.192577434264336,12.192577434264336,2021-07-30 12:00:00,2021-07-30 16:30:00,270.0,270.0
D2,F1-1-lag1-16-ridge,2,11,2021-07-31,96,1.0,True,80.0,98.78358798561732,18.783587985617316,18.783587985617316,2021-07-31 00:00:00,2021-07-31 00:00:00,0.0,0.0
D2,F1-1-lag1-16-ridge,2,11,2021-08-01,96,1.0,True,28.0,37.37913634847312,9.379136348473118,9.379136348473118,2021-08-01 09:00:00,2021-08-01 11:45:00,165.0,165.0
D2,F1-1-lag1-16-ridge,2,11,2021-08-09,1,0.010416666666666666,False,21.0,25.278761578341005,4.278761578341005,4.278761578341005,2021-08-09 00:00:00,2021-08-09 00:00:00,0.0,0.0
D2,F1-1-lag1-16-ridge,2,12,2021-07-12,96,1.0,True,198.0,182.444549978039,-15.555450021961008,15.555450021961008,2021-07-12 08:45:00,2021-07-12 14:00:00,315.0,315.0
D2,F1-1-lag1-16-ridge,2,12,2021-07-13,1,0.010416666666666666,False,79.0,103.52018859705444,24.520188597054442,24.520188597054442,2021-07-13 00:00:00,2021-07-13 00:00:00,0.0,0.0
D2,F1-1-lag1-16-ridge,2,12,2021-07-17,72,0.75,False,108.0,102.18069681310236,-5.819303186897642,5.819303186897642,2021-07-17 06:00:00,2021-07-17 07:15:00,75.0,75.0
D2,F1-1-lag1-16-ridge,2,12,2021-07-18,84,0.875,False,28.0,39.687800454849665,11.687800454849665,11.687800454849665,2021-07-18 01:15:00,2021-07-18 10:45:00,570.0,570.0
D2,F1-1-lag1-16-ridge,2,12,2021-07-26,84,0.875,False,217.0,210.3915662572469,-6.608433742753107,6.608433742753107,2021-07-26 08:30:00,2021-07-26 11:30:00,180.0,180.0
D2,F1-1-lag1-16-ridge,2,12,2021-07-27,84,0.875,False,211.0,202.2453159752634,-8.754684024736605,8.754684024736605,2021-07-27 11:45:00,2021-07-27 13:45:00,120.0,120.0
D2,F1-1-lag1-16-ridge,2,12,2021-07-28,84,0.875,False,212.0,202.6623216916439,-9.33767830835609,9.33767830835609,2021-07-28 12:00:00,2021-07-28 14:00:00,120.0,120.0
D2,F1-1-lag1-16-ridge,2,12,2021-07-29,84,0.875,False,211.0,195.48656207705426,-15.51343792294574,15.51343792294574,2021-07-29 12:00:00,2021-07-29 16:45:00,285.0,285.0
D2,F1-1-lag1-16-ridge,2,12,2021-07-30,85,0.8854166666666666,False,212.0,203.10895462406654,-8.891045375933459,8.891045375933459,2021-07-30 12:00:00,2021-07-30 16:30:00,270.0,270.0
D2,F1-1-lag1-16-ridge,2,12,2021-07-31,96,1.0,True,80.0,97.09046773438834,17.09046773438834,17.09046773438834,2021-07-31 00:00:00,2021-07-31 00:00:00,0.0,0.0
D2,F1-1-lag1-16-ridge,2,12,2021-08-01,96,1.0,True,28.0,38.51837344927427,10.518373449274272,10.518373449274272,2021-08-01 09:00:00,2021-08-01 08:00:00,-60.0,60.0
D2,F1-1-lag1-16-ridge,2,12,2021-08-09,1,0.010416666666666666,False,21.0,25.369782066535123,4.369782066535123,4.369782066535123,2021-08-09 00:00:00,2021-08-09 00:00:00,0.0,0.0
D2,F1-1-lag1-16-ridge,2,13,2021-07-12,96,1.0,True,198.0,181.85456097111458,-16.14543902888542,16.14543902888542,2021-07-12 08:45:00,2021-07-12 13:45:00,300.0,300.0
D2,F1-1-lag1-16-ridge,2,13,2021-07-13,1,0.010416666666666666,False,79.0,104.54859234595831,25.548592345958312,25.548592345958312,2021-07-13 00:00:00,2021-07-13 00:00:00,0.0,0.0
D2,F1-1-lag1-16-ridge,2,13,2021-07-17,71,0.7395833333333334,False,96.0,104.38089569691594,8.380895696915942,8.380895696915942,2021-07-17 06:15:00,2021-07-17 07:15:00,60.0,60.0
D2,F1-1-lag1-16-ridge,2,13,2021-07-18,84,0.875,False,28.0,39.76767778832204,11.76767778832204,11.76767778832204,2021-07-18 01:15:00,2021-07-18 11:00:00,585.0,585.0
D2,F1-1-lag1-16-ridge,2,13,2021-07-26,84,0.875,False,217.0,201.32634926705765,-15.673650732942349,15.673650732942349,2021-07-26 08:30:00,2021-07-26 11:45:00,195.0,195.0
D2,F1-1-lag1-16-ridge,2,13,2021-07-27,84,0.875,False,211.0,200.1065425879956,-10.893457412004409,10.893457412004409,2021-07-27 11:45:00,2021-07-27 14:00:00,135.0,135.0
D2,F1-1-lag1-16-ridge,2,13,2021-07-28,84,0.875,False,212.0,201.9312117607396,-10.068788239260414,10.068788239260414,2021-07-28 12:00:00,2021-07-28 14:00:00,120.0,120.0
D2,F1-1-lag1-16-ridge,2,13,2021-07-29,84,0.875,False,211.0,191.04680112319073,-19.953198876809267,19.953198876809267,2021-07-29 12:00:00,2021-07-29 16:45:00,285.0,285.0
D2,F1-1-lag1-16-ridge,2,13,2021-07-30,85,0.8854166666666666,False,212.0,199.17099588729454,-12.829004112705462,12.829004112705462,2021-07-30 12:00:00,2021-07-30 16:45:00,285.0,285.0
D2,F1-1-lag1-16-ridge,2,13,2021-07-31,96,1.0,True,80.0,94.91520893012958,14.91520893012958,14.91520893012958,2021-07-31 00:00:00,2021-07-31 00:00:00,0.0,0.0
D2,F1-1-lag1-16-ridge,2,13,2021-08-01,96,1.0,True,28.0,39.373194104376125,11.373194104376125,11.373194104376125,2021-08-01 09:00:00,2021-08-01 08:15:00,-45.0,45.0
D2,F1-1-lag1-16-ridge,2,13,2021-08-09,1,0.010416666666666666,False,21.0,25.14807843471246,4.14807843471246,4.14807843471246,2021-08-09 00:00:00,2021-08-09 00:00:00,0.0,0.0
D2,F1-1-lag1-16-ridge,2,14,2021-07-12,96,1.0,True,198.0,183.49689518267817,-14.503104817321827,14.503104817321827,2021-07-12 08:45:00,2021-07-12 14:00:00,315.0,315.0
D2,F1-1-lag1-16-ridge,2,14,2021-07-13,1,0.010416666666666666,False,79.0,110.25581666926479,31.25581666926479,31.25581666926479,2021-07-13 00:00:00,2021-07-13 00:00:00,0.0,0.0
D2,F1-1-lag1-16-ridge,2,14,2021-07-17,70,0.7291666666666666,False,88.0,104.52447208845919,16.52447208845919,16.52447208845919,2021-07-17 07:15:00,2021-07-17 06:30:00,-45.0,45.0
D2,F1-1-lag1-16-ridge,2,14,2021-07-18,84,0.875,False,28.0,40.59369566988799,12.593695669887992,12.593695669887992,2021-07-18 01:15:00,2021-07-18 11:30:00,615.0,615.0
D2,F1-1-lag1-16-ridge,2,14,2021-07-26,84,0.875,False,217.0,192.12899639523312,-24.871003604766884,24.871003604766884,2021-07-26 08:30:00,2021-07-26 14:30:00,360.0,360.0
D2,F1-1-lag1-16-ridge,2,14,2021-07-27,84,0.875,False,211.0,196.99026501027708,-14.009734989722915,14.009734989722915,2021-07-27 11:45:00,2021-07-27 14:30:00,165.0,165.0
D2,F1-1-lag1-16-ridge,2,14,2021-07-28,84,0.875,False,212.0,202.21967158271138,-9.780328417288615,9.780328417288615,2021-07-28 12:00:00,2021-07-28 14:30:00,150.0,150.0
D2,F1-1-lag1-16-ridge,2,14,2021-07-29,84,0.875,False,211.0,192.39590791622706,-18.60409208377294,18.60409208377294,2021-07-29 12:00:00,2021-07-29 14:30:00,150.0,150.0
D2,F1-1-lag1-16-ridge,2,14,2021-07-30,84,0.875,False,212.0,195.1284886249481,-16.87151137505191,16.87151137505191,2021-07-30 12:00:00,2021-07-30 14:00:00,120.0,120.0
D2,F1-1-lag1-16-ridge,2,14,2021-07-31,96,1.0,True,80.0,104.26606972992843,24.266069729928432,24.266069729928432,2021-07-31 00:00:00,2021-07-31 00:00:00,0.0,0.0
D2,F1-1-lag1-16-ridge,2,14,2021-08-01,96,1.0,True,28.0,40.772990940630564,12.772990940630564,12.772990940630564,2021-08-01 09:00:00,2021-08-01 09:30:00,30.0,30.0
D2,F1-1-lag1-16-ridge,2,14,2021-08-09,1,0.010416666666666666,False,21.0,25.706009885040956,4.706009885040956,4.706009885040956,2021-08-09 00:00:00,2021-08-09 00:00:00,0.0,0.0
D2,F1-1-lag1-16-ridge,2,15,2021-07-12,96,1.0,True,198.0,181.2940646614611,-16.705935338538893,16.705935338538893,2021-07-12 08:45:00,2021-07-12 13:45:00,300.0,300.0
D2,F1-1-lag1-16-ridge,2,15,2021-07-13,1,0.010416666666666666,False,79.0,110.23676799363025,31.236767993630252,31.236767993630252,2021-07-13 00:00:00,2021-07-13 00:00:00,0.0,0.0
D2,F1-1-lag1-16-ridge,2,15,2021-07-17,69,0.71875,False,88.0,103.57968093386138,15.579680933861383,15.579680933861383,2021-07-17 07:15:00,2021-07-17 06:45:00,-30.0,30.0
D2,F1-1-lag1-16-ridge,2,15,2021-07-18,84,0.875,False,28.0,42.36151464305222,14.361514643052217,14.361514643052217,2021-07-18 01:15:00,2021-07-18 11:30:00,615.0,615.0
D2,F1-1-lag1-16-ridge,2,15,2021-07-26,84,0.875,False,217.0,190.8774686236706,-26.12253137632939,26.12253137632939,2021-07-26 08:30:00,2021-07-26 15:45:00,435.0,435.0
D2,F1-1-lag1-16-ridge,2,15,2021-07-27,84,0.875,False,211.0,198.5393879411817,-12.460612058818299,12.460612058818299,2021-07-27 11:45:00,2021-07-27 14:45:00,180.0,180.0
D2,F1-1-lag1-16-ridge,2,15,2021-07-28,84,0.875,False,212.0,203.50142980933703,-8.498570190662974,8.498570190662974,2021-07-28 12:00:00,2021-07-28 14:45:00,165.0,165.0
D2,F1-1-lag1-16-ridge,2,15,2021-07-29,84,0.875,False,211.0,194.14355328050826,-16.856446719491743,16.856446719491743,2021-07-29 12:00:00,2021-07-29 14:45:00,165.0,165.0
D2,F1-1-lag1-16-ridge,2,15,2021-07-30,84,0.875,False,212.0,197.93853186402902,-14.061468135970983,14.061468135970983,2021-07-30 12:00:00,2021-07-30 14:45:00,165.0,165.0
D2,F1-1-lag1-16-ridge,2,15,2021-07-31,96,1.0,True,80.0,104.50605639770335,24.506056397703347,24.506056397703347,2021-07-31 00:00:00,2021-07-31 00:00:00,0.0,0.0
D2,F1-1-lag1-16-ridge,2,15,2021-08-01,96,1.0,True,28.0,41.80773133532376,13.807731335323759,13.807731335323759,2021-08-01 09:00:00,2021-08-01 09:30:00,30.0,30.0
D2,F1-1-lag1-16-ridge,2,15,2021-08-09,1,0.010416666666666666,False,21.0,25.462755217435102,4.462755217435102,4.462755217435102,2021-08-09 00:00:00,2021-08-09 00:00:00,0.0,0.0
D2,F1-1-lag1-16-ridge,2,16,2021-07-12,96,1.0,True,198.0,184.60445976882704,-13.395540231172959,13.395540231172959,2021-07-12 08:45:00,2021-07-12 14:00:00,315.0,315.0
D2,F1-1-lag1-16-ridge,2,16,2021-07-13,1,0.010416666666666666,False,79.0,108.4165778607776,29.416577860777593,29.416577860777593,2021-07-13 00:00:00,2021-07-13 00:00:00,0.0,0.0
D2,F1-1-lag1-16-ridge,2,16,2021-07-17,68,0.7083333333333334,False,88.0,99.34636375351518,11.346363753515178,11.346363753515178,2021-07-17 07:15:00,2021-07-17 07:00:00,-15.0,15.0
D2,F1-1-lag1-16-ridge,2,16,2021-07-18,84,0.875,False,28.0,43.29660186405833,15.296601864058331,15.296601864058331,2021-07-18 01:15:00,2021-07-18 11:45:00,630.0,630.0
D2,F1-1-lag1-16-ridge,2,16,2021-07-26,84,0.875,False,217.0,196.24533942353443,-20.754660576465568,20.754660576465568,2021-07-26 08:30:00,2021-07-26 15:45:00,435.0,435.0
D2,F1-1-lag1-16-ridge,2,16,2021-07-27,84,0.875,False,211.0,198.13124696671247,-12.868753033287533,12.868753033287533,2021-07-27 11:45:00,2021-07-27 16:00:00,255.0,255.0
D2,F1-1-lag1-16-ridge,2,16,2021-07-28,84,0.875,False,212.0,202.26110631215406,-9.738893687845945,9.738893687845945,2021-07-28 12:00:00,2021-07-28 14:45:00,165.0,165.0
D2,F1-1-lag1-16-ridge,2,16,2021-07-29,84,0.875,False,211.0,192.3610977456579,-18.6389022543421,18.6389022543421,2021-07-29 12:00:00,2021-07-29 15:00:00,180.0,180.0
D2,F1-1-lag1-16-ridge,2,16,2021-07-30,84,0.875,False,212.0,199.08224338646102,-12.917756613538984,12.917756613538984,2021-07-30 12:00:00,2021-07-30 16:00:00,240.0,240.0
D2,F1-1-lag1-16-ridge,2,16,2021-07-31,96,1.0,True,80.0,110.21352571682371,30.21352571682371,30.21352571682371,2021-07-31 00:00:00,2021-07-31 00:00:00,0.0,0.0
D2,F1-1-lag1-16-ridge,2,16,2021-08-01,96,1.0,True,28.0,41.93398523220796,13.93398523220796,13.93398523220796,2021-08-01 09:00:00,2021-08-01 09:30:00,30.0,30.0
D2,F1-1-lag1-16-ridge,2,16,2021-08-09,1,0.010416666666666666,False,21.0,25.95444556137798,4.95444556137798,4.95444556137798,2021-08-09 00:00:00,2021-08-09 00:00:00,0.0,0.0
