dataset,model,fold,horizon,target_day,observed_slots,slot_coverage,full_day,actual_daily_max,predicted_daily_max,daily_max_error,daily_max_abs_error,actual_peak_time,predicted_peak_time,timing_error_minutes,timing_abs_error_minutes
D1,F5-2-dlinear-c336,0,4,2021-04-19,96,1.0,True,172.0,167.08389282226562,-4.916107177734375,4.916107177734375,2021-04-19 08:45:00,2021-04-19 16:00:00,435.0,435.0
D1,F5-2-dlinear-c336,0,4,2021-04-20,96,1.0,True,172.0,178.18511962890625,6.18511962890625,6.18511962890625,2021-04-20 08:45:00,2021-04-20 16:00:00,435.0,435.0
D1,F5-2-dlinear-c336,0,4,2021-04-21,96,1.0,True,174.0,185.43087768554688,11.430877685546875,11.430877685546875,2021-04-21 08:30:00,2021-04-21 08:45:00,15.0,15.0
D1,F5-2-dlinear-c336,0,4,2021-04-22,96,1.0,True,174.0,169.92709350585938,-4.072906494140625,4.072906494140625,2021-04-22 08:30:00,2021-04-22 11:30:00,180.0,180.0
D1,F5-2-dlinear-c336,0,4,2021-04-23,96,1.0,True,174.0,167.4615478515625,-6.5384521484375,6.5384521484375,2021-04-23 08:30:00,2021-04-23 15:45:00,435.0,435.0
D1,F5-2-dlinear-c336,0,4,2021-04-24,96,1.0,True,112.0,113.06471252441406,1.0647125244140625,1.0647125244140625,2021-04-24 06:15:00,2021-04-24 08:30:00,135.0,135.0
D1,F5-2-dlinear-c336,0,4,2021-04-25,96,1.0,True,25.0,43.45590591430664,18.45590591430664,18.45590591430664,2021-04-25 01:30:00,2021-04-25 01:30:00,0.0,0.0
D1,F5-2-dlinear-c336,0,4,2021-05-03,96,1.0,True,184.0,177.53602600097656,-6.4639739990234375,6.4639739990234375,2021-05-03 08:30:00,2021-05-03 14:45:00,375.0,375.0
D1,F5-2-dlinear-c336,0,4,2021-05-04,96,1.0,True,181.0,189.84140014648438,8.841400146484375,8.841400146484375,2021-05-04 08:30:00,2021-05-04 08:45:00,15.0,15.0
D1,F5-2-dlinear-c336,0,4,2021-05-05,96,1.0,True,120.0,129.19248962402344,9.192489624023438,9.192489624023438,2021-05-05 04:15:00,2021-05-05 08:30:00,255.0,255.0
D1,F5-2-dlinear-c336,0,4,2021-05-06,96,1.0,True,199.0,182.07542419433594,-16.924575805664062,16.924575805664062,2021-05-06 09:00:00,2021-05-06 11:00:00,120.0,120.0
D1,F5-2-dlinear-c336,0,4,2021-05-07,96,1.0,True,181.0,185.4155731201172,4.4155731201171875,4.4155731201171875,2021-05-07 09:00:00,2021-05-07 08:45:00,-15.0,15.0
D1,F5-2-dlinear-c336,0,4,2021-05-08,96,1.0,True,115.0,124.31623840332031,9.316238403320312,9.316238403320312,2021-05-08 02:00:00,2021-05-08 08:30:00,390.0,390.0
D1,F5-2-dlinear-c336,0,4,2021-05-09,96,1.0,True,184.0,170.28012084960938,-13.719879150390625,13.719879150390625,2021-05-09 09:00:00,2021-05-09 20:30:00,690.0,690.0
D1,F5-2-dlinear-c336,0,5,2021-04-19,96,1.0,True,172.0,168.9781494140625,-3.0218505859375,3.0218505859375,2021-04-19 08:45:00,2021-04-19 13:15:00,270.0,270.0
D1,F5-2-dlinear-c336,0,5,2021-04-20,96,1.0,True,172.0,176.93109130859375,4.93109130859375,4.93109130859375,2021-04-20 08:45:00,2021-04-20 16:15:00,450.0,450.0
D1,F5-2-dlinear-c336,0,5,2021-04-21,96,1.0,True,174.0,189.51318359375,15.51318359375,15.51318359375,2021-04-21 08:30:00,2021-04-21 09:00:00,30.0,30.0
D1,F5-2-dlinear-c336,0,5,2021-04-22,96,1.0,True,174.0,168.1855926513672,-5.8144073486328125,5.8144073486328125,2021-04-22 08:30:00,2021-04-22 09:45:00,75.0,75.0
D1,F5-2-dlinear-c336,0,5,2021-04-23,96,1.0,True,174.0,167.35098266601562,-6.649017333984375,6.649017333984375,2021-04-23 08:30:00,2021-04-23 16:00:00,450.0,450.0
D1,F5-2-dlinear-c336,0,5,2021-04-24,96,1.0,True,112.0,118.53185272216797,6.531852722167969,6.531852722167969,2021-04-24 06:15:00,2021-04-24 08:30:00,135.0,135.0
D1,F5-2-dlinear-c336,0,5,2021-04-25,96,1.0,True,25.0,44.72148895263672,19.72148895263672,19.72148895263672,2021-04-25 01:30:00,2021-04-25 01:45:00,15.0,15.0
D1,F5-2-dlinear-c336,0,5,2021-05-03,96,1.0,True,184.0,178.73358154296875,-5.26641845703125,5.26641845703125,2021-05-03 08:30:00,2021-05-03 13:15:00,285.0,285.0
D1,F5-2-dlinear-c336,0,5,2021-05-04,96,1.0,True,181.0,189.244140625,8.244140625,8.244140625,2021-05-04 08:30:00,2021-05-04 09:00:00,30.0,30.0
D1,F5-2-dlinear-c336,0,5,2021-05-05,96,1.0,True,120.0,137.60977172851562,17.609771728515625,17.609771728515625,2021-05-05 04:15:00,2021-05-05 08:30:00,255.0,255.0
D1,F5-2-dlinear-c336,0,5,2021-05-06,96,1.0,True,199.0,182.2392578125,-16.7607421875,16.7607421875,2021-05-06 09:00:00,2021-05-06 11:15:00,135.0,135.0
D1,F5-2-dlinear-c336,0,5,2021-05-07,96,1.0,True,181.0,184.78289794921875,3.78289794921875,3.78289794921875,2021-05-07 09:00:00,2021-05-07 09:00:00,0.0,0.0
D1,F5-2-dlinear-c336,0,5,2021-05-08,96,1.0,True,115.0,133.831298828125,18.831298828125,18.831298828125,2021-05-08 02:00:00,2021-05-08 08:30:00,390.0,390.0
D1,F5-2-dlinear-c336,0,5,2021-05-09,96,1.0,True,184.0,170.42494201660156,-13.575057983398438,13.575057983398438,2021-05-09 09:00:00,2021-05-09 20:30:00,690.0,690.0
D1,F5-2-dlinear-c336,0,6,2021-04-19,96,1.0,True,172.0,168.31423950195312,-3.685760498046875,3.685760498046875,2021-04-19 08:45:00,2021-04-19 13:30:00,285.0,285.0
D1,F5-2-dlinear-c336,0,6,2021-04-20,96,1.0,True,172.0,177.7333526611328,5.7333526611328125,5.7333526611328125,2021-04-20 08:45:00,2021-04-20 13:30:00,285.0,285.0
D1,F5-2-dlinear-c336,0,6,2021-04-21,96,1.0,True,174.0,182.57432556152344,8.574325561523438,8.574325561523438,2021-04-21 08:30:00,2021-04-21 09:15:00,45.0,45.0
D1,F5-2-dlinear-c336,0,6,2021-04-22,96,1.0,True,174.0,167.56338500976562,-6.436614990234375,6.436614990234375,2021-04-22 08:30:00,2021-04-22 09:45:00,75.0,75.0
D1,F5-2-dlinear-c336,0,6,2021-04-23,96,1.0,True,174.0,160.90469360351562,-13.095306396484375,13.095306396484375,2021-04-23 08:30:00,2021-04-23 10:45:00,135.0,135.0
D1,F5-2-dlinear-c336,0,6,2021-04-24,96,1.0,True,112.0,125.31627655029297,13.316276550292969,13.316276550292969,2021-04-24 06:15:00,2021-04-24 08:30:00,135.0,135.0
D1,F5-2-dlinear-c336,0,6,2021-04-25,96,1.0,True,25.0,48.687679290771484,23.687679290771484,23.687679290771484,2021-04-25 01:30:00,2021-04-25 01:45:00,15.0,15.0
D1,F5-2-dlinear-c336,0,6,2021-05-03,96,1.0,True,184.0,178.73818969726562,-5.261810302734375,5.261810302734375,2021-05-03 08:30:00,2021-05-03 13:30:00,300.0,300.0
D1,F5-2-dlinear-c336,0,6,2021-05-04,96,1.0,True,181.0,183.95021057128906,2.9502105712890625,2.9502105712890625,2021-05-04 08:30:00,2021-05-04 13:30:00,300.0,300.0
D1,F5-2-dlinear-c336,0,6,2021-05-05,96,1.0,True,120.0,141.13182067871094,21.131820678710938,21.131820678710938,2021-05-05 04:15:00,2021-05-05 08:30:00,255.0,255.0
D1,F5-2-dlinear-c336,0,6,2021-05-06,96,1.0,True,199.0,184.90333557128906,-14.096664428710938,14.096664428710938,2021-05-06 09:00:00,2021-05-06 13:15:00,255.0,255.0
D1,F5-2-dlinear-c336,0,6,2021-05-07,96,1.0,True,181.0,172.45359802246094,-8.546401977539062,8.546401977539062,2021-05-07 09:00:00,2021-05-07 09:15:00,15.0,15.0
D1,F5-2-dlinear-c336,0,6,2021-05-08,96,1.0,True,115.0,146.46612548828125,31.46612548828125,31.46612548828125,2021-05-08 02:00:00,2021-05-08 08:45:00,405.0,405.0
D1,F5-2-dlinear-c336,0,6,2021-05-09,96,1.0,True,184.0,173.12789916992188,-10.872100830078125,10.872100830078125,2021-05-09 09:00:00,2021-05-09 13:15:00,255.0,255.0
D1,F5-2-dlinear-c336,0,7,2021-04-19,96,1.0,True,172.0,168.8558349609375,-3.1441650390625,3.1441650390625,2021-04-19 08:45:00,2021-04-19 13:45:00,300.0,300.0
D1,F5-2-dlinear-c336,0,7,2021-04-20,96,1.0,True,172.0,174.7070770263672,2.7070770263671875,2.7070770263671875,2021-04-20 08:45:00,2021-04-20 13:45:00,300.0,300.0
D1,F5-2-dlinear-c336,0,7,2021-04-21,96,1.0,True,174.0,182.5860595703125,8.5860595703125,8.5860595703125,2021-04-21 08:30:00,2021-04-21 09:30:00,60.0,60.0
D1,F5-2-dlinear-c336,0,7,2021-04-22,96,1.0,True,174.0,166.73782348632812,-7.262176513671875,7.262176513671875,2021-04-22 08:30:00,2021-04-22 11:00:00,150.0,150.0
D1,F5-2-dlinear-c336,0,7,2021-04-23,96,1.0,True,174.0,163.50262451171875,-10.49737548828125,10.49737548828125,2021-04-23 08:30:00,2021-04-23 11:00:00,150.0,150.0
D1,F5-2-dlinear-c336,0,7,2021-04-24,96,1.0,True,112.0,133.32199096679688,21.321990966796875,21.321990966796875,2021-04-24 06:15:00,2021-04-24 08:30:00,135.0,135.0
D1,F5-2-dlinear-c336,0,7,2021-04-25,96,1.0,True,25.0,43.64139175415039,18.64139175415039,18.64139175415039,2021-04-25 01:30:00,2021-04-25 02:00:00,30.0,30.0
D1,F5-2-dlinear-c336,0,7,2021-05-03,96,1.0,True,184.0,177.2566680908203,-6.7433319091796875,6.7433319091796875,2021-05-03 08:30:00,2021-05-03 13:45:00,315.0,315.0
D1,F5-2-dlinear-c336,0,7,2021-05-04,96,1.0,True,181.0,183.23895263671875,2.23895263671875,2.23895263671875,2021-05-04 08:30:00,2021-05-04 13:45:00,315.0,315.0
D1,F5-2-dlinear-c336,0,7,2021-05-05,96,1.0,True,120.0,149.86093139648438,29.860931396484375,29.860931396484375,2021-05-05 04:15:00,2021-05-05 08:30:00,255.0,255.0
D1,F5-2-dlinear-c336,0,7,2021-05-06,96,1.0,True,199.0,185.99728393554688,-13.002716064453125,13.002716064453125,2021-05-06 09:00:00,2021-05-06 11:45:00,165.0,165.0
D1,F5-2-dlinear-c336,0,7,2021-05-07,96,1.0,True,181.0,177.0670166015625,-3.9329833984375,3.9329833984375,2021-05-07 09:00:00,2021-05-07 09:30:00,30.0,30.0
D1,F5-2-dlinear-c336,0,7,2021-05-08,96,1.0,True,115.0,144.62576293945312,29.625762939453125,29.625762939453125,2021-05-08 02:00:00,2021-05-08 08:30:00,390.0,390.0
D1,F5-2-dlinear-c336,0,7,2021-05-09,96,1.0,True,184.0,169.63751220703125,-14.36248779296875,14.36248779296875,2021-05-09 09:00:00,2021-05-09 13:30:00,270.0,270.0
D1,F5-2-dlinear-c336,0,8,2021-04-19,96,1.0,True,172.0,165.63331604003906,-6.3666839599609375,6.3666839599609375,2021-04-19 08:45:00,2021-04-19 13:15:00,270.0,270.0
D1,F5-2-dlinear-c336,0,8,2021-04-20,96,1.0,True,172.0,173.35919189453125,1.35919189453125,1.35919189453125,2021-04-20 08:45:00,2021-04-20 14:00:00,315.0,315.0
D1,F5-2-dlinear-c336,0,8,2021-04-21,96,1.0,True,174.0,183.54513549804688,9.545135498046875,9.545135498046875,2021-04-21 08:30:00,2021-04-21 09:45:00,75.0,75.0
D1,F5-2-dlinear-c336,0,8,2021-04-22,96,1.0,True,174.0,168.32122802734375,-5.67877197265625,5.67877197265625,2021-04-22 08:30:00,2021-04-22 11:15:00,165.0,165.0
D1,F5-2-dlinear-c336,0,8,2021-04-23,96,1.0,True,174.0,162.59722900390625,-11.40277099609375,11.40277099609375,2021-04-23 08:30:00,2021-04-23 11:15:00,165.0,165.0
D1,F5-2-dlinear-c336,0,8,2021-04-24,96,1.0,True,112.0,136.4024200439453,24.402420043945312,24.402420043945312,2021-04-24 06:15:00,2021-04-24 08:30:00,135.0,135.0
D1,F5-2-dlinear-c336,0,8,2021-04-25,96,1.0,True,25.0,43.070499420166016,18.070499420166016,18.070499420166016,2021-04-25 01:30:00,2021-04-25 02:30:00,60.0,60.0
D1,F5-2-dlinear-c336,0,8,2021-05-03,96,1.0,True,184.0,174.8375244140625,-9.1624755859375,9.1624755859375,2021-05-03 08:30:00,2021-05-03 14:00:00,330.0,330.0
D1,F5-2-dlinear-c336,0,8,2021-05-04,96,1.0,True,181.0,186.15289306640625,5.15289306640625,5.15289306640625,2021-05-04 08:30:00,2021-05-04 14:00:00,330.0,330.0
D1,F5-2-dlinear-c336,0,8,2021-05-05,96,1.0,True,120.0,153.1444854736328,33.14448547363281,33.14448547363281,2021-05-05 04:15:00,2021-05-05 08:30:00,255.0,255.0
D1,F5-2-dlinear-c336,0,8,2021-05-06,96,1.0,True,199.0,185.57949829101562,-13.420501708984375,13.420501708984375,2021-05-06 09:00:00,2021-05-06 12:00:00,180.0,180.0
D1,F5-2-dlinear-c336,0,8,2021-05-07,96,1.0,True,181.0,174.4611053466797,-6.5388946533203125,6.5388946533203125,2021-05-07 09:00:00,2021-05-07 09:45:00,45.0,45.0
D1,F5-2-dlinear-c336,0,8,2021-05-08,96,1.0,True,115.0,150.62539672851562,35.625396728515625,35.625396728515625,2021-05-08 02:00:00,2021-05-08 08:45:00,405.0,405.0
D1,F5-2-dlinear-c336,0,8,2021-05-09,96,1.0,True,184.0,172.8883819580078,-11.111618041992188,11.111618041992188,2021-05-09 09:00:00,2021-05-09 13:15:00,255.0,255.0
D1,F5-2-dlinear-c336,0,9,2021-04-19,96,1.0,True,172.0,163.84727478027344,-8.152725219726562,8.152725219726562,2021-04-19 08:45:00,2021-04-19 13:30:00,285.0,285.0
D1,F5-2-dlinear-c336,0,9,2021-04-20,96,1.0,True,172.0,173.720703125,1.720703125,1.720703125,2021-04-20 08:45:00,2021-04-20 16:00:00,435.0,435.0
D1,F5-2-dlinear-c336,0,9,2021-04-21,96,1.0,True,174.0,181.17672729492188,7.176727294921875,7.176727294921875,2021-04-21 08:30:00,2021-04-21 08:45:00,15.0,15.0
D1,F5-2-dlinear-c336,0,9,2021-04-22,96,1.0,True,174.0,167.54421997070312,-6.455780029296875,6.455780029296875,2021-04-22 08:30:00,2021-04-22 10:45:00,135.0,135.0
D1,F5-2-dlinear-c336,0,9,2021-04-23,96,1.0,True,174.0,163.05795288085938,-10.942047119140625,10.942047119140625,2021-04-23 08:30:00,2021-04-23 10:45:00,135.0,135.0
D1,F5-2-dlinear-c336,0,9,2021-04-24,96,1.0,True,112.0,139.63156127929688,27.631561279296875,27.631561279296875,2021-04-24 06:15:00,2021-04-24 08:30:00,135.0,135.0
D1,F5-2-dlinear-c336,0,9,2021-04-25,96,1.0,True,25.0,41.639312744140625,16.639312744140625,16.639312744140625,2021-04-25 01:30:00,2021-04-25 02:30:00,60.0,60.0
D1,F5-2-dlinear-c336,0,9,2021-05-03,96,1.0,True,184.0,177.67718505859375,-6.32281494140625,6.32281494140625,2021-05-03 08:30:00,2021-05-03 16:00:00,450.0,450.0
D1,F5-2-dlinear-c336,0,9,2021-05-04,96,1.0,True,181.0,183.84481811523438,2.844818115234375,2.844818115234375,2021-05-04 08:30:00,2021-05-04 14:15:00,345.0,345.0
D1,F5-2-dlinear-c336,0,9,2021-05-05,96,1.0,True,120.0,154.50323486328125,34.50323486328125,34.50323486328125,2021-05-05 04:15:00,2021-05-05 08:45:00,270.0,270.0
D1,F5-2-dlinear-c336,0,9,2021-05-06,96,1.0,True,199.0,181.46957397460938,-17.530426025390625,17.530426025390625,2021-05-06 09:00:00,2021-05-06 12:00:00,180.0,180.0
D1,F5-2-dlinear-c336,0,9,2021-05-07,96,1.0,True,181.0,174.9495391845703,-6.0504608154296875,6.0504608154296875,2021-05-07 09:00:00,2021-05-07 16:00:00,420.0,420.0
D1,F5-2-dlinear-c336,0,9,2021-05-08,96,1.0,True,115.0,154.92355346679688,39.923553466796875,39.923553466796875,2021-05-08 02:00:00,2021-05-08 08:45:00,405.0,405.0
D1,F5-2-dlinear-c336,0,9,2021-05-09,96,1.0,True,184.0,167.4638671875,-16.5361328125,16.5361328125,2021-05-09 09:00:00,2021-05-09 13:30:00,270.0,270.0
D1,F5-2-dlinear-c336,0,10,2021-04-19,96,1.0,True,172.0,162.90066528320312,-9.099334716796875,9.099334716796875,2021-04-19 08:45:00,2021-04-19 13:45:00,300.0,300.0
D1,F5-2-dlinear-c336,0,10,2021-04-20,96,1.0,True,172.0,172.23841857910156,0.2384185791015625,0.2384185791015625,2021-04-20 08:45:00,2021-04-20 16:15:00,450.0,450.0
D1,F5-2-dlinear-c336,0,10,2021-04-21,96,1.0,True,174.0,181.9571533203125,7.9571533203125,7.9571533203125,2021-04-21 08:30:00,2021-04-21 09:00:00,30.0,30.0
D1,F5-2-dlinear-c336,0,10,2021-04-22,96,1.0,True,174.0,170.77142333984375,-3.22857666015625,3.22857666015625,2021-04-22 08:30:00,2021-04-22 11:00:00,150.0,150.0
D1,F5-2-dlinear-c336,0,10,2021-04-23,96,1.0,True,174.0,162.04885864257812,-11.951141357421875,11.951141357421875,2021-04-23 08:30:00,2021-04-23 11:00:00,150.0,150.0
D1,F5-2-dlinear-c336,0,10,2021-04-24,96,1.0,True,112.0,139.67649841308594,27.676498413085938,27.676498413085938,2021-04-24 06:15:00,2021-04-24 08:45:00,150.0,150.0
D1,F5-2-dlinear-c336,0,10,2021-04-25,96,1.0,True,25.0,41.67094039916992,16.670940399169922,16.670940399169922,2021-04-25 01:30:00,2021-04-25 03:30:00,120.0,120.0
D1,F5-2-dlinear-c336,0,10,2021-05-03,96,1.0,True,184.0,179.12387084960938,-4.876129150390625,4.876129150390625,2021-05-03 08:30:00,2021-05-03 16:30:00,480.0,480.0
D1,F5-2-dlinear-c336,0,10,2021-05-04,96,1.0,True,181.0,179.03594970703125,-1.96405029296875,1.96405029296875,2021-05-04 08:30:00,2021-05-04 13:45:00,315.0,315.0
D1,F5-2-dlinear-c336,0,10,2021-05-05,96,1.0,True,120.0,156.7935028076172,36.79350280761719,36.79350280761719,2021-05-05 04:15:00,2021-05-05 09:00:00,285.0,285.0
D1,F5-2-dlinear-c336,0,10,2021-05-06,96,1.0,True,199.0,182.08804321289062,-16.911956787109375,16.911956787109375,2021-05-06 09:00:00,2021-05-06 12:00:00,180.0,180.0
D1,F5-2-dlinear-c336,0,10,2021-05-07,96,1.0,True,181.0,169.08425903320312,-11.915740966796875,11.915740966796875,2021-05-07 09:00:00,2021-05-07 16:30:00,450.0,450.0
D1,F5-2-dlinear-c336,0,10,2021-05-08,96,1.0,True,115.0,154.3292236328125,39.3292236328125,39.3292236328125,2021-05-08 02:00:00,2021-05-08 08:45:00,405.0,405.0
D1,F5-2-dlinear-c336,0,10,2021-05-09,96,1.0,True,184.0,167.61712646484375,-16.38287353515625,16.38287353515625,2021-05-09 09:00:00,2021-05-09 13:45:00,285.0,285.0
D1,F5-2-dlinear-c336,0,11,2021-04-19,96,1.0,True,172.0,162.03285217285156,-9.967147827148438,9.967147827148438,2021-04-19 08:45:00,2021-04-19 14:00:00,315.0,315.0
D1,F5-2-dlinear-c336,0,11,2021-04-20,96,1.0,True,172.0,173.02012634277344,1.0201263427734375,1.0201263427734375,2021-04-20 08:45:00,2021-04-20 16:30:00,465.0,465.0
D1,F5-2-dlinear-c336,0,11,2021-04-21,96,1.0,True,174.0,183.52056884765625,9.52056884765625,9.52056884765625,2021-04-21 08:30:00,2021-04-21 09:15:00,45.0,45.0
D1,F5-2-dlinear-c336,0,11,2021-04-22,96,1.0,True,174.0,170.65151977539062,-3.348480224609375,3.348480224609375,2021-04-22 08:30:00,2021-04-22 11:00:00,150.0,150.0
D1,F5-2-dlinear-c336,0,11,2021-04-23,96,1.0,True,174.0,161.68887329101562,-12.311126708984375,12.311126708984375,2021-04-23 08:30:00,2021-04-23 11:15:00,165.0,165.0
D1,F5-2-dlinear-c336,0,11,2021-04-24,96,1.0,True,112.0,139.30120849609375,27.30120849609375,27.30120849609375,2021-04-24 06:15:00,2021-04-24 09:00:00,165.0,165.0
D1,F5-2-dlinear-c336,0,11,2021-04-25,96,1.0,True,25.0,43.64130401611328,18.64130401611328,18.64130401611328,2021-04-25 01:30:00,2021-04-25 03:30:00,120.0,120.0
D1,F5-2-dlinear-c336,0,11,2021-05-03,96,1.0,True,184.0,175.51014709472656,-8.489852905273438,8.489852905273438,2021-05-03 08:30:00,2021-05-03 16:30:00,480.0,480.0
D1,F5-2-dlinear-c336,0,11,2021-05-04,96,1.0,True,181.0,180.66830444335938,-0.331695556640625,0.331695556640625,2021-05-04 08:30:00,2021-05-04 14:00:00,330.0,330.0
D1,F5-2-dlinear-c336,0,11,2021-05-05,96,1.0,True,120.0,160.88998413085938,40.889984130859375,40.889984130859375,2021-05-05 04:15:00,2021-05-05 09:15:00,300.0,300.0
D1,F5-2-dlinear-c336,0,11,2021-05-06,96,1.0,True,199.0,176.01622009277344,-22.983779907226562,22.983779907226562,2021-05-06 09:00:00,2021-05-06 13:45:00,285.0,285.0
D1,F5-2-dlinear-c336,0,11,2021-05-07,96,1.0,True,181.0,171.7603759765625,-9.2396240234375,9.2396240234375,2021-05-07 09:00:00,2021-05-07 16:30:00,450.0,450.0
D1,F5-2-dlinear-c336,0,11,2021-05-08,96,1.0,True,115.0,158.8809814453125,43.8809814453125,43.8809814453125,2021-05-08 02:00:00,2021-05-08 09:00:00,420.0,420.0
D1,F5-2-dlinear-c336,0,11,2021-05-09,96,1.0,True,184.0,166.45912170410156,-17.540878295898438,17.540878295898438,2021-05-09 09:00:00,2021-05-09 13:45:00,285.0,285.0
D1,F5-2-dlinear-c336,0,12,2021-04-19,96,1.0,True,172.0,161.07525634765625,-10.92474365234375,10.92474365234375,2021-04-19 08:45:00,2021-04-19 13:45:00,300.0,300.0
D1,F5-2-dlinear-c336,0,12,2021-04-20,96,1.0,True,172.0,172.10601806640625,0.10601806640625,0.10601806640625,2021-04-20 08:45:00,2021-04-20 13:45:00,300.0,300.0
D1,F5-2-dlinear-c336,0,12,2021-04-21,96,1.0,True,174.0,183.51925659179688,9.519256591796875,9.519256591796875,2021-04-21 08:30:00,2021-04-21 10:45:00,135.0,135.0
D1,F5-2-dlinear-c336,0,12,2021-04-22,96,1.0,True,174.0,170.72848510742188,-3.271514892578125,3.271514892578125,2021-04-22 08:30:00,2021-04-22 11:15:00,165.0,165.0
D1,F5-2-dlinear-c336,0,12,2021-04-23,96,1.0,True,174.0,162.43130493164062,-11.568695068359375,11.568695068359375,2021-04-23 08:30:00,2021-04-23 11:15:00,165.0,165.0
D1,F5-2-dlinear-c336,0,12,2021-04-24,96,1.0,True,112.0,139.1519775390625,27.1519775390625,27.1519775390625,2021-04-24 06:15:00,2021-04-24 09:15:00,180.0,180.0
D1,F5-2-dlinear-c336,0,12,2021-04-25,96,1.0,True,25.0,46.31422805786133,21.314228057861328,21.314228057861328,2021-04-25 01:30:00,2021-04-25 03:30:00,120.0,120.0
D1,F5-2-dlinear-c336,0,12,2021-05-03,96,1.0,True,184.0,170.94667053222656,-13.053329467773438,13.053329467773438,2021-05-03 08:30:00,2021-05-03 16:45:00,495.0,495.0
D1,F5-2-dlinear-c336,0,12,2021-05-04,96,1.0,True,181.0,176.5145263671875,-4.4854736328125,4.4854736328125,2021-05-04 08:30:00,2021-05-04 14:15:00,345.0,345.0
D1,F5-2-dlinear-c336,0,12,2021-05-05,96,1.0,True,120.0,161.13052368164062,41.130523681640625,41.130523681640625,2021-05-05 04:15:00,2021-05-05 09:30:00,315.0,315.0
D1,F5-2-dlinear-c336,0,12,2021-05-06,96,1.0,True,199.0,176.7521209716797,-22.247879028320312,22.247879028320312,2021-05-06 09:00:00,2021-05-06 14:00:00,300.0,300.0
D1,F5-2-dlinear-c336,0,12,2021-05-07,96,1.0,True,181.0,168.5962677001953,-12.403732299804688,12.403732299804688,2021-05-07 09:00:00,2021-05-07 16:45:00,465.0,465.0
D1,F5-2-dlinear-c336,0,12,2021-05-08,96,1.0,True,115.0,154.9832763671875,39.9832763671875,39.9832763671875,2021-05-08 02:00:00,2021-05-08 09:30:00,450.0,450.0
D1,F5-2-dlinear-c336,0,12,2021-05-09,96,1.0,True,184.0,166.50526428222656,-17.494735717773438,17.494735717773438,2021-05-09 09:00:00,2021-05-09 13:45:00,285.0,285.0
D1,F5-2-dlinear-c336,0,13,2021-04-19,96,1.0,True,172.0,160.268798828125,-11.731201171875,11.731201171875,2021-04-19 08:45:00,2021-04-19 14:00:00,315.0,315.0
D1,F5-2-dlinear-c336,0,13,2021-04-20,96,1.0,True,172.0,174.44241333007812,2.442413330078125,2.442413330078125,2021-04-20 08:45:00,2021-04-20 14:00:00,315.0,315.0
D1,F5-2-dlinear-c336,0,13,2021-04-21,96,1.0,True,174.0,182.01370239257812,8.013702392578125,8.013702392578125,2021-04-21 08:30:00,2021-04-21 11:00:00,150.0,150.0
D1,F5-2-dlinear-c336,0,13,2021-04-22,96,1.0,True,174.0,165.16751098632812,-8.832489013671875,8.832489013671875,2021-04-22 08:30:00,2021-04-22 11:00:00,150.0,150.0
D1,F5-2-dlinear-c336,0,13,2021-04-23,96,1.0,True,174.0,160.09957885742188,-13.900421142578125,13.900421142578125,2021-04-23 08:30:00,2021-04-23 13:45:00,315.0,315.0
D1,F5-2-dlinear-c336,0,13,2021-04-24,96,1.0,True,112.0,135.11053466796875,23.11053466796875,23.11053466796875,2021-04-24 06:15:00,2021-04-24 09:30:00,195.0,195.0
D1,F5-2-dlinear-c336,0,13,2021-04-25,96,1.0,True,25.0,45.04248046875,20.04248046875,20.04248046875,2021-04-25 01:30:00,2021-04-25 03:45:00,135.0,135.0
D1,F5-2-dlinear-c336,0,13,2021-05-03,96,1.0,True,184.0,165.41331481933594,-18.586685180664062,18.586685180664062,2021-05-03 08:30:00,2021-05-03 15:15:00,405.0,405.0
D1,F5-2-dlinear-c336,0,13,2021-05-04,96,1.0,True,181.0,179.99655151367188,-1.003448486328125,1.003448486328125,2021-05-04 08:30:00,2021-05-04 14:00:00,330.0,330.0
D1,F5-2-dlinear-c336,0,13,2021-05-05,96,1.0,True,120.0,164.55247497558594,44.55247497558594,44.55247497558594,2021-05-05 04:15:00,2021-05-05 09:45:00,330.0,330.0
D1,F5-2-dlinear-c336,0,13,2021-05-06,96,1.0,True,199.0,181.15933227539062,-17.840667724609375,17.840667724609375,2021-05-06 09:00:00,2021-05-06 13:15:00,255.0,255.0
D1,F5-2-dlinear-c336,0,13,2021-05-07,96,1.0,True,181.0,168.75376892089844,-12.246231079101562,12.246231079101562,2021-05-07 09:00:00,2021-05-07 16:30:00,450.0,450.0
D1,F5-2-dlinear-c336,0,13,2021-05-08,96,1.0,True,115.0,157.31089782714844,42.31089782714844,42.31089782714844,2021-05-08 02:00:00,2021-05-08 09:30:00,450.0,450.0
D1,F5-2-dlinear-c336,0,13,2021-05-09,96,1.0,True,184.0,162.15322875976562,-21.846771240234375,21.846771240234375,2021-05-09 09:00:00,2021-05-09 13:45:00,285.0,285.0
D1,F5-2-dlinear-c336,0,14,2021-04-19,96,1.0,True,172.0,163.28167724609375,-8.71832275390625,8.71832275390625,2021-04-19 08:45:00,2021-04-19 15:30:00,405.0,405.0
D1,F5-2-dlinear-c336,0,14,2021-04-20,96,1.0,True,172.0,175.91162109375,3.91162109375,3.91162109375,2021-04-20 08:45:00,2021-04-20 15:30:00,405.0,405.0
D1,F5-2-dlinear-c336,0,14,2021-04-21,96,1.0,True,174.0,182.86758422851562,8.867584228515625,8.867584228515625,2021-04-21 08:30:00,2021-04-21 09:45:00,75.0,75.0
D1,F5-2-dlinear-c336,0,14,2021-04-22,96,1.0,True,174.0,163.95887756347656,-10.041122436523438,10.041122436523438,2021-04-22 08:30:00,2021-04-22 14:30:00,360.0,360.0
D1,F5-2-dlinear-c336,0,14,2021-04-23,96,1.0,True,174.0,157.18222045898438,-16.817779541015625,16.817779541015625,2021-04-23 08:30:00,2021-04-23 15:45:00,435.0,435.0
D1,F5-2-dlinear-c336,0,14,2021-04-24,96,1.0,True,112.0,133.29823303222656,21.298233032226562,21.298233032226562,2021-04-24 06:15:00,2021-04-24 09:45:00,210.0,210.0
D1,F5-2-dlinear-c336,0,14,2021-04-25,96,1.0,True,25.0,43.421443939208984,18.421443939208984,18.421443939208984,2021-04-25 01:30:00,2021-04-25 01:45:00,15.0,15.0
D1,F5-2-dlinear-c336,0,14,2021-05-03,96,1.0,True,184.0,172.3372039794922,-11.662796020507812,11.662796020507812,2021-05-03 08:30:00,2021-05-03 15:30:00,420.0,420.0
D1,F5-2-dlinear-c336,0,14,2021-05-04,96,1.0,True,181.0,179.9861297607422,-1.0138702392578125,1.0138702392578125,2021-05-04 08:30:00,2021-05-04 14:00:00,330.0,330.0
D1,F5-2-dlinear-c336,0,14,2021-05-05,96,1.0,True,120.0,164.5579071044922,44.55790710449219,44.55790710449219,2021-05-05 04:15:00,2021-05-05 09:45:00,330.0,330.0
D1,F5-2-dlinear-c336,0,14,2021-05-06,96,1.0,True,199.0,181.67941284179688,-17.320587158203125,17.320587158203125,2021-05-06 09:00:00,2021-05-06 13:30:00,270.0,270.0
D1,F5-2-dlinear-c336,0,14,2021-05-07,96,1.0,True,181.0,168.42518615722656,-12.574813842773438,12.574813842773438,2021-05-07 09:00:00,2021-05-07 16:45:00,465.0,465.0
D1,F5-2-dlinear-c336,0,14,2021-05-08,96,1.0,True,115.0,156.80206298828125,41.80206298828125,41.80206298828125,2021-05-08 02:00:00,2021-05-08 09:45:00,465.0,465.0
D1,F5-2-dlinear-c336,0,14,2021-05-09,96,1.0,True,184.0,162.16339111328125,-21.83660888671875,21.83660888671875,2021-05-09 09:00:00,2021-05-09 14:00:00,300.0,300.0
D1,F5-2-dlinear-c336,0,15,2021-04-19,96,1.0,True,172.0,163.80953979492188,-8.190460205078125,8.190460205078125,2021-04-19 08:45:00,2021-04-19 15:45:00,420.0,420.0
D1,F5-2-dlinear-c336,0,15,2021-04-20,96,1.0,True,172.0,181.8062744140625,9.8062744140625,9.8062744140625,2021-04-20 08:45:00,2021-04-20 15:45:00,420.0,420.0
D1,F5-2-dlinear-c336,0,15,2021-04-21,96,1.0,True,174.0,177.18807983398438,3.188079833984375,3.188079833984375,2021-04-21 08:30:00,2021-04-21 09:45:00,75.0,75.0
D1,F5-2-dlinear-c336,0,15,2021-04-22,96,1.0,True,174.0,163.21514892578125,-10.78485107421875,10.78485107421875,2021-04-22 08:30:00,2021-04-22 14:30:00,360.0,360.0
D1,F5-2-dlinear-c336,0,15,2021-04-23,96,1.0,True,174.0,158.982666015625,-15.017333984375,15.017333984375,2021-04-23 08:30:00,2021-04-23 15:45:00,435.0,435.0
D1,F5-2-dlinear-c336,0,15,2021-04-24,96,1.0,True,112.0,129.419677734375,17.419677734375,17.419677734375,2021-04-24 06:15:00,2021-04-24 09:45:00,210.0,210.0
D1,F5-2-dlinear-c336,0,15,2021-04-25,96,1.0,True,25.0,46.618595123291016,21.618595123291016,21.618595123291016,2021-04-25 01:30:00,2021-04-25 04:45:00,195.0,195.0
D1,F5-2-dlinear-c336,0,15,2021-05-03,96,1.0,True,184.0,174.3052978515625,-9.6947021484375,9.6947021484375,2021-05-03 08:30:00,2021-05-03 15:45:00,435.0,435.0
D1,F5-2-dlinear-c336,0,15,2021-05-04,96,1.0,True,181.0,178.04319763183594,-2.9568023681640625,2.9568023681640625,2021-05-04 08:30:00,2021-05-04 14:15:00,345.0,345.0
D1,F5-2-dlinear-c336,0,15,2021-05-05,96,1.0,True,120.0,163.9315185546875,43.9315185546875,43.9315185546875,2021-05-05 04:15:00,2021-05-05 09:30:00,315.0,315.0
D1,F5-2-dlinear-c336,0,15,2021-05-06,96,1.0,True,199.0,182.085205078125,-16.914794921875,16.914794921875,2021-05-06 09:00:00,2021-05-06 13:45:00,285.0,285.0
D1,F5-2-dlinear-c336,0,15,2021-05-07,96,1.0,True,181.0,164.7966766357422,-16.203323364257812,16.203323364257812,2021-05-07 09:00:00,2021-05-07 13:45:00,285.0,285.0
D1,F5-2-dlinear-c336,0,15,2021-05-08,96,1.0,True,115.0,149.3611297607422,34.36112976074219,34.36112976074219,2021-05-08 02:00:00,2021-05-08 09:30:00,450.0,450.0
D1,F5-2-dlinear-c336,0,15,2021-05-09,96,1.0,True,184.0,164.91705322265625,-19.08294677734375,19.08294677734375,2021-05-09 09:00:00,2021-05-09 15:30:00,390.0,390.0
D1,F5-2-dlinear-c336,0,16,2021-04-19,96,1.0,True,172.0,163.44439697265625,-8.55560302734375,8.55560302734375,2021-04-19 08:45:00,2021-04-19 16:00:00,435.0,435.0
D1,F5-2-dlinear-c336,0,16,2021-04-20,96,1.0,True,172.0,183.6460723876953,11.646072387695312,11.646072387695312,2021-04-20 08:45:00,2021-04-20 16:00:00,435.0,435.0
D1,F5-2-dlinear-c336,0,16,2021-04-21,96,1.0,True,174.0,180.25437927246094,6.2543792724609375,6.2543792724609375,2021-04-21 08:30:00,2021-04-21 09:00:00,30.0,30.0
D1,F5-2-dlinear-c336,0,16,2021-04-22,96,1.0,True,174.0,165.33154296875,-8.66845703125,8.66845703125,2021-04-22 08:30:00,2021-04-22 14:30:00,360.0,360.0
D1,F5-2-dlinear-c336,0,16,2021-04-23,96,1.0,True,174.0,157.30845642089844,-16.691543579101562,16.691543579101562,2021-04-23 08:30:00,2021-04-23 15:45:00,435.0,435.0
D1,F5-2-dlinear-c336,0,16,2021-04-24,96,1.0,True,112.0,131.42909240722656,19.429092407226562,19.429092407226562,2021-04-24 06:15:00,2021-04-24 10:45:00,270.0,270.0
D1,F5-2-dlinear-c336,0,16,2021-04-25,96,1.0,True,25.0,48.55455780029297,23.55455780029297,23.55455780029297,2021-04-25 01:30:00,2021-04-25 04:45:00,195.0,195.0
D1,F5-2-dlinear-c336,0,16,2021-05-03,96,1.0,True,184.0,173.5363311767578,-10.463668823242188,10.463668823242188,2021-05-03 08:30:00,2021-05-03 16:00:00,450.0,450.0
D1,F5-2-dlinear-c336,0,16,2021-05-04,96,1.0,True,181.0,179.29360961914062,-1.706390380859375,1.706390380859375,2021-05-04 08:30:00,2021-05-04 16:00:00,450.0,450.0
D1,F5-2-dlinear-c336,0,16,2021-05-05,96,1.0,True,120.0,170.09024047851562,50.090240478515625,50.090240478515625,2021-05-05 04:15:00,2021-05-05 09:45:00,330.0,330.0
D1,F5-2-dlinear-c336,0,16,2021-05-06,96,1.0,True,199.0,182.82635498046875,-16.17364501953125,16.17364501953125,2021-05-06 09:00:00,2021-05-06 14:00:00,300.0,300.0
D1,F5-2-dlinear-c336,0,16,2021-05-07,96,1.0,True,181.0,164.65533447265625,-16.34466552734375,16.34466552734375,2021-05-07 09:00:00,2021-05-07 16:30:00,450.0,450.0
D1,F5-2-dlinear-c336,0,16,2021-05-08,96,1.0,True,115.0,156.00344848632812,41.003448486328125,41.003448486328125,2021-05-08 02:00:00,2021-05-08 08:45:00,405.0,405.0
D1,F5-2-dlinear-c336,0,16,2021-05-09,96,1.0,True,184.0,166.10562133789062,-17.894378662109375,17.894378662109375,2021-05-09 09:00:00,2021-05-09 15:45:00,405.0,405.0
D1,F5-2-dlinear-c336,1,4,2021-05-31,96,1.0,True,172.0,170.3068389892578,-1.6931610107421875,1.6931610107421875,2021-05-31 10:30:00,2021-05-31 20:45:00,615.0,615.0
D1,F5-2-dlinear-c336,1,4,2021-06-01,96,1.0,True,195.0,181.492919921875,-13.507080078125,13.507080078125,2021-06-01 09:00:00,2021-06-01 10:00:00,60.0,60.0
D1,F5-2-dlinear-c336,1,4,2021-06-02,96,1.0,True,191.0,184.55966186523438,-6.440338134765625,6.440338134765625,2021-06-02 10:45:00,2021-06-02 16:00:00,315.0,315.0
D1,F5-2-dlinear-c336,1,4,2021-06-03,96,1.0,True,181.0,176.7235107421875,-4.2764892578125,4.2764892578125,2021-06-03 08:30:00,2021-06-03 10:45:00,135.0,135.0
D1,F5-2-dlinear-c336,1,4,2021-06-04,96,1.0,True,173.0,170.26284790039062,-2.737152099609375,2.737152099609375,2021-06-04 10:45:00,2021-06-04 11:00:00,15.0,15.0
D1,F5-2-dlinear-c336,1,4,2021-06-05,96,1.0,True,116.0,126.78579711914062,10.785797119140625,10.785797119140625,2021-06-05 01:45:00,2021-06-05 07:45:00,360.0,360.0
D1,F5-2-dlinear-c336,1,4,2021-06-06,96,1.0,True,27.0,42.97733688354492,15.977336883544922,15.977336883544922,2021-06-06 01:30:00,2021-06-06 01:45:00,15.0,15.0
D1,F5-2-dlinear-c336,1,4,2021-06-14,96,1.0,True,204.0,188.12648010253906,-15.873519897460938,15.873519897460938,2021-06-14 09:00:00,2021-06-14 16:45:00,465.0,465.0
D1,F5-2-dlinear-c336,1,4,2021-06-15,96,1.0,True,198.0,192.28823852539062,-5.711761474609375,5.711761474609375,2021-06-15 08:45:00,2021-06-15 09:00:00,15.0,15.0
D1,F5-2-dlinear-c336,1,4,2021-06-16,96,1.0,True,193.0,186.2517547607422,-6.7482452392578125,6.7482452392578125,2021-06-16 10:45:00,2021-06-16 11:30:00,45.0,45.0
D1,F5-2-dlinear-c336,1,4,2021-06-17,96,1.0,True,197.0,191.779296875,-5.220703125,5.220703125,2021-06-17 08:45:00,2021-06-17 10:00:00,75.0,75.0
D1,F5-2-dlinear-c336,1,4,2021-06-18,96,1.0,True,186.0,182.25128173828125,-3.74871826171875,3.74871826171875,2021-06-18 10:00:00,2021-06-18 11:00:00,60.0,60.0
D1,F5-2-dlinear-c336,1,4,2021-06-19,96,1.0,True,119.0,120.350341796875,1.350341796875,1.350341796875,2021-06-19 02:15:00,2021-06-19 03:30:00,75.0,75.0
D1,F5-2-dlinear-c336,1,4,2021-06-20,96,1.0,True,28.0,41.32270812988281,13.322708129882812,13.322708129882812,2021-06-20 15:15:00,2021-06-20 01:45:00,-810.0,810.0
D1,F5-2-dlinear-c336,1,5,2021-05-31,96,1.0,True,172.0,171.59930419921875,-0.40069580078125,0.40069580078125,2021-05-31 10:30:00,2021-05-31 13:15:00,165.0,165.0
D1,F5-2-dlinear-c336,1,5,2021-06-01,96,1.0,True,195.0,182.15774536132812,-12.842254638671875,12.842254638671875,2021-06-01 09:00:00,2021-06-01 11:15:00,135.0,135.0
D1,F5-2-dlinear-c336,1,5,2021-06-02,96,1.0,True,191.0,180.37564086914062,-10.624359130859375,10.624359130859375,2021-06-02 10:45:00,2021-06-02 09:00:00,-105.0,105.0
D1,F5-2-dlinear-c336,1,5,2021-06-03,96,1.0,True,181.0,171.9710693359375,-9.0289306640625,9.0289306640625,2021-06-03 08:30:00,2021-06-03 11:00:00,150.0,150.0
D1,F5-2-dlinear-c336,1,5,2021-06-04,96,1.0,True,173.0,165.66656494140625,-7.33343505859375,7.33343505859375,2021-06-04 10:45:00,2021-06-04 11:15:00,30.0,30.0
D1,F5-2-dlinear-c336,1,5,2021-06-05,96,1.0,True,116.0,129.12646484375,13.12646484375,13.12646484375,2021-06-05 01:45:00,2021-06-05 07:45:00,360.0,360.0
D1,F5-2-dlinear-c336,1,5,2021-06-06,96,1.0,True,27.0,47.87049102783203,20.87049102783203,20.87049102783203,2021-06-06 01:30:00,2021-06-06 01:45:00,15.0,15.0
D1,F5-2-dlinear-c336,1,5,2021-06-14,96,1.0,True,204.0,185.12905883789062,-18.870941162109375,18.870941162109375,2021-06-14 09:00:00,2021-06-14 16:15:00,435.0,435.0
D1,F5-2-dlinear-c336,1,5,2021-06-15,96,1.0,True,198.0,193.09848022460938,-4.901519775390625,4.901519775390625,2021-06-15 08:45:00,2021-06-15 09:00:00,15.0,15.0
D1,F5-2-dlinear-c336,1,5,2021-06-16,96,1.0,True,193.0,181.42298889160156,-11.577011108398438,11.577011108398438,2021-06-16 10:45:00,2021-06-16 12:00:00,75.0,75.0
D1,F5-2-dlinear-c336,1,5,2021-06-17,96,1.0,True,197.0,189.170166015625,-7.829833984375,7.829833984375,2021-06-17 08:45:00,2021-06-17 10:00:00,75.0,75.0
D1,F5-2-dlinear-c336,1,5,2021-06-18,96,1.0,True,186.0,178.40403747558594,-7.5959625244140625,7.5959625244140625,2021-06-18 10:00:00,2021-06-18 11:15:00,75.0,75.0
D1,F5-2-dlinear-c336,1,5,2021-06-19,96,1.0,True,119.0,127.33642578125,8.33642578125,8.33642578125,2021-06-19 02:15:00,2021-06-19 08:00:00,345.0,345.0
D1,F5-2-dlinear-c336,1,5,2021-06-20,96,1.0,True,28.0,45.734535217285156,17.734535217285156,17.734535217285156,2021-06-20 15:15:00,2021-06-20 01:45:00,-810.0,810.0
D1,F5-2-dlinear-c336,1,6,2021-05-31,96,1.0,True,172.0,174.0892333984375,2.0892333984375,2.0892333984375,2021-05-31 10:30:00,2021-05-31 13:30:00,180.0,180.0
D1,F5-2-dlinear-c336,1,6,2021-06-01,96,1.0,True,195.0,177.73294067382812,-17.267059326171875,17.267059326171875,2021-06-01 09:00:00,2021-06-01 12:00:00,180.0,180.0
D1,F5-2-dlinear-c336,1,6,2021-06-02,96,1.0,True,191.0,181.74191284179688,-9.258087158203125,9.258087158203125,2021-06-02 10:45:00,2021-06-02 11:15:00,30.0,30.0
D1,F5-2-dlinear-c336,1,6,2021-06-03,96,1.0,True,181.0,177.45208740234375,-3.54791259765625,3.54791259765625,2021-06-03 08:30:00,2021-06-03 13:30:00,300.0,300.0
D1,F5-2-dlinear-c336,1,6,2021-06-04,96,1.0,True,173.0,162.031494140625,-10.968505859375,10.968505859375,2021-06-04 10:45:00,2021-06-04 11:00:00,15.0,15.0
D1,F5-2-dlinear-c336,1,6,2021-06-05,96,1.0,True,116.0,130.58554077148438,14.585540771484375,14.585540771484375,2021-06-05 01:45:00,2021-06-05 08:30:00,405.0,405.0
D1,F5-2-dlinear-c336,1,6,2021-06-06,96,1.0,True,27.0,51.148834228515625,24.148834228515625,24.148834228515625,2021-06-06 01:30:00,2021-06-06 01:45:00,15.0,15.0
D1,F5-2-dlinear-c336,1,6,2021-06-14,96,1.0,True,204.0,186.60321044921875,-17.39678955078125,17.39678955078125,2021-06-14 09:00:00,2021-06-14 13:15:00,255.0,255.0
D1,F5-2-dlinear-c336,1,6,2021-06-15,96,1.0,True,198.0,192.105224609375,-5.894775390625,5.894775390625,2021-06-15 08:45:00,2021-06-15 13:30:00,285.0,285.0
D1,F5-2-dlinear-c336,1,6,2021-06-16,96,1.0,True,193.0,183.5501708984375,-9.4498291015625,9.4498291015625,2021-06-16 10:45:00,2021-06-16 13:30:00,165.0,165.0
D1,F5-2-dlinear-c336,1,6,2021-06-17,96,1.0,True,197.0,187.67727661132812,-9.322723388671875,9.322723388671875,2021-06-17 08:45:00,2021-06-17 10:45:00,120.0,120.0
D1,F5-2-dlinear-c336,1,6,2021-06-18,96,1.0,True,186.0,179.3773193359375,-6.6226806640625,6.6226806640625,2021-06-18 10:00:00,2021-06-18 13:30:00,210.0,210.0
D1,F5-2-dlinear-c336,1,6,2021-06-19,96,1.0,True,119.0,132.62986755371094,13.629867553710938,13.629867553710938,2021-06-19 02:15:00,2021-06-19 08:00:00,345.0,345.0
D1,F5-2-dlinear-c336,1,6,2021-06-20,96,1.0,True,28.0,46.782981872558594,18.782981872558594,18.782981872558594,2021-06-20 15:15:00,2021-06-20 01:45:00,-810.0,810.0
D1,F5-2-dlinear-c336,1,7,2021-05-31,96,1.0,True,172.0,175.94406127929688,3.944061279296875,3.944061279296875,2021-05-31 10:30:00,2021-05-31 13:45:00,195.0,195.0
D1,F5-2-dlinear-c336,1,7,2021-06-01,96,1.0,True,195.0,183.4037322998047,-11.596267700195312,11.596267700195312,2021-06-01 09:00:00,2021-06-01 13:30:00,270.0,270.0
D1,F5-2-dlinear-c336,1,7,2021-06-02,96,1.0,True,191.0,181.30328369140625,-9.69671630859375,9.69671630859375,2021-06-02 10:45:00,2021-06-02 11:15:00,30.0,30.0
D1,F5-2-dlinear-c336,1,7,2021-06-03,96,1.0,True,181.0,173.40670776367188,-7.593292236328125,7.593292236328125,2021-06-03 08:30:00,2021-06-03 11:15:00,165.0,165.0
D1,F5-2-dlinear-c336,1,7,2021-06-04,96,1.0,True,173.0,161.66152954101562,-11.338470458984375,11.338470458984375,2021-06-04 10:45:00,2021-06-04 11:15:00,30.0,30.0
D1,F5-2-dlinear-c336,1,7,2021-06-05,96,1.0,True,116.0,136.06646728515625,20.06646728515625,20.06646728515625,2021-06-05 01:45:00,2021-06-05 08:30:00,405.0,405.0
D1,F5-2-dlinear-c336,1,7,2021-06-06,96,1.0,True,27.0,46.760379791259766,19.760379791259766,19.760379791259766,2021-06-06 01:30:00,2021-06-06 02:00:00,30.0,30.0
D1,F5-2-dlinear-c336,1,7,2021-06-14,96,1.0,True,204.0,188.40115356445312,-15.598846435546875,15.598846435546875,2021-06-14 09:00:00,2021-06-14 13:30:00,270.0,270.0
D1,F5-2-dlinear-c336,1,7,2021-06-15,96,1.0,True,198.0,190.86322021484375,-7.13677978515625,7.13677978515625,2021-06-15 08:45:00,2021-06-15 13:45:00,300.0,300.0
D1,F5-2-dlinear-c336,1,7,2021-06-16,96,1.0,True,193.0,183.2653350830078,-9.734664916992188,9.734664916992188,2021-06-16 10:45:00,2021-06-16 13:30:00,165.0,165.0
D1,F5-2-dlinear-c336,1,7,2021-06-17,96,1.0,True,197.0,187.40638732910156,-9.593612670898438,9.593612670898438,2021-06-17 08:45:00,2021-06-17 11:00:00,135.0,135.0
D1,F5-2-dlinear-c336,1,7,2021-06-18,96,1.0,True,186.0,178.8737030029297,-7.1262969970703125,7.1262969970703125,2021-06-18 10:00:00,2021-06-18 13:45:00,225.0,225.0
D1,F5-2-dlinear-c336,1,7,2021-06-19,96,1.0,True,119.0,129.48240661621094,10.482406616210938,10.482406616210938,2021-06-19 02:15:00,2021-06-19 08:30:00,375.0,375.0
D1,F5-2-dlinear-c336,1,7,2021-06-20,96,1.0,True,28.0,46.63083267211914,18.63083267211914,18.63083267211914,2021-06-20 15:15:00,2021-06-20 02:30:00,-765.0,765.0
D1,F5-2-dlinear-c336,1,8,2021-05-31,96,1.0,True,172.0,175.26730346679688,3.267303466796875,3.267303466796875,2021-05-31 10:30:00,2021-05-31 14:00:00,210.0,210.0
D1,F5-2-dlinear-c336,1,8,2021-06-01,96,1.0,True,195.0,183.85000610351562,-11.149993896484375,11.149993896484375,2021-06-01 09:00:00,2021-06-01 13:30:00,270.0,270.0
D1,F5-2-dlinear-c336,1,8,2021-06-02,96,1.0,True,191.0,176.67636108398438,-14.323638916015625,14.323638916015625,2021-06-02 10:45:00,2021-06-02 13:15:00,150.0,150.0
D1,F5-2-dlinear-c336,1,8,2021-06-03,96,1.0,True,181.0,175.99813842773438,-5.001861572265625,5.001861572265625,2021-06-03 08:30:00,2021-06-03 11:15:00,165.0,165.0
D1,F5-2-dlinear-c336,1,8,2021-06-04,96,1.0,True,173.0,162.1024169921875,-10.8975830078125,10.8975830078125,2021-06-04 10:45:00,2021-06-04 11:15:00,30.0,30.0
D1,F5-2-dlinear-c336,1,8,2021-06-05,96,1.0,True,116.0,140.55328369140625,24.55328369140625,24.55328369140625,2021-06-05 01:45:00,2021-06-05 08:45:00,420.0,420.0
D1,F5-2-dlinear-c336,1,8,2021-06-06,96,1.0,True,27.0,44.243282318115234,17.243282318115234,17.243282318115234,2021-06-06 01:30:00,2021-06-06 03:00:00,90.0,90.0
D1,F5-2-dlinear-c336,1,8,2021-06-14,96,1.0,True,204.0,190.80563354492188,-13.194366455078125,13.194366455078125,2021-06-14 09:00:00,2021-06-14 13:45:00,285.0,285.0
D1,F5-2-dlinear-c336,1,8,2021-06-15,96,1.0,True,198.0,188.2675323486328,-9.732467651367188,9.732467651367188,2021-06-15 08:45:00,2021-06-15 11:30:00,165.0,165.0
D1,F5-2-dlinear-c336,1,8,2021-06-16,96,1.0,True,193.0,186.57948303222656,-6.4205169677734375,6.4205169677734375,2021-06-16 10:45:00,2021-06-16 13:15:00,150.0,150.0
D1,F5-2-dlinear-c336,1,8,2021-06-17,96,1.0,True,197.0,190.173095703125,-6.826904296875,6.826904296875,2021-06-17 08:45:00,2021-06-17 11:15:00,150.0,150.0
D1,F5-2-dlinear-c336,1,8,2021-06-18,96,1.0,True,186.0,177.64993286132812,-8.350067138671875,8.350067138671875,2021-06-18 10:00:00,2021-06-18 13:45:00,225.0,225.0
D1,F5-2-dlinear-c336,1,8,2021-06-19,96,1.0,True,119.0,133.81216430664062,14.812164306640625,14.812164306640625,2021-06-19 02:15:00,2021-06-19 08:30:00,375.0,375.0
D1,F5-2-dlinear-c336,1,8,2021-06-20,96,1.0,True,28.0,44.664817810058594,16.664817810058594,16.664817810058594,2021-06-20 15:15:00,2021-06-20 03:00:00,-735.0,735.0
D1,F5-2-dlinear-c336,1,9,2021-05-31,96,1.0,True,172.0,171.85586547851562,-0.144134521484375,0.144134521484375,2021-05-31 10:30:00,2021-05-31 14:15:00,225.0,225.0
D1,F5-2-dlinear-c336,1,9,2021-06-01,96,1.0,True,195.0,184.98300170898438,-10.016998291015625,10.016998291015625,2021-06-01 09:00:00,2021-06-01 11:15:00,135.0,135.0
D1,F5-2-dlinear-c336,1,9,2021-06-02,96,1.0,True,191.0,179.19520568847656,-11.804794311523438,11.804794311523438,2021-06-02 10:45:00,2021-06-02 13:30:00,165.0,165.0
D1,F5-2-dlinear-c336,1,9,2021-06-03,96,1.0,True,181.0,175.1181640625,-5.8818359375,5.8818359375,2021-06-03 08:30:00,2021-06-03 11:00:00,150.0,150.0
D1,F5-2-dlinear-c336,1,9,2021-06-04,96,1.0,True,173.0,161.15017700195312,-11.849822998046875,11.849822998046875,2021-06-04 10:45:00,2021-06-04 11:15:00,30.0,30.0
D1,F5-2-dlinear-c336,1,9,2021-06-05,96,1.0,True,116.0,143.30209350585938,27.302093505859375,27.302093505859375,2021-06-05 01:45:00,2021-06-05 08:45:00,420.0,420.0
D1,F5-2-dlinear-c336,1,9,2021-06-06,96,1.0,True,27.0,46.33009338378906,19.330093383789062,19.330093383789062,2021-06-06 01:30:00,2021-06-06 03:00:00,90.0,90.0
D1,F5-2-dlinear-c336,1,9,2021-06-14,96,1.0,True,204.0,188.93624877929688,-15.063751220703125,15.063751220703125,2021-06-14 09:00:00,2021-06-14 13:45:00,285.0,285.0
D1,F5-2-dlinear-c336,1,9,2021-06-15,96,1.0,True,198.0,187.02557373046875,-10.97442626953125,10.97442626953125,2021-06-15 08:45:00,2021-06-15 14:15:00,330.0,330.0
D1,F5-2-dlinear-c336,1,9,2021-06-16,96,1.0,True,193.0,192.131591796875,-0.868408203125,0.868408203125,2021-06-16 10:45:00,2021-06-16 13:30:00,165.0,165.0
D1,F5-2-dlinear-c336,1,9,2021-06-17,96,1.0,True,197.0,189.32315063476562,-7.676849365234375,7.676849365234375,2021-06-17 08:45:00,2021-06-17 11:15:00,150.0,150.0
D1,F5-2-dlinear-c336,1,9,2021-06-18,96,1.0,True,186.0,178.05267333984375,-7.94732666015625,7.94732666015625,2021-06-18 10:00:00,2021-06-18 13:45:00,225.0,225.0
D1,F5-2-dlinear-c336,1,9,2021-06-19,96,1.0,True,119.0,131.97064208984375,12.97064208984375,12.97064208984375,2021-06-19 02:15:00,2021-06-19 08:30:00,375.0,375.0
D1,F5-2-dlinear-c336,1,9,2021-06-20,96,1.0,True,28.0,46.76838684082031,18.768386840820312,18.768386840820312,2021-06-20 15:15:00,2021-06-20 03:00:00,-735.0,735.0
D1,F5-2-dlinear-c336,1,10,2021-05-31,96,1.0,True,172.0,168.96630859375,-3.03369140625,3.03369140625,2021-05-31 10:30:00,2021-05-31 14:30:00,240.0,240.0
D1,F5-2-dlinear-c336,1,10,2021-06-01,96,1.0,True,195.0,181.2376251220703,-13.762374877929688,13.762374877929688,2021-06-01 09:00:00,2021-06-01 13:30:00,270.0,270.0
D1,F5-2-dlinear-c336,1,10,2021-06-02,96,1.0,True,191.0,182.05279541015625,-8.94720458984375,8.94720458984375,2021-06-02 10:45:00,2021-06-02 13:30:00,165.0,165.0
D1,F5-2-dlinear-c336,1,10,2021-06-03,96,1.0,True,181.0,174.14218139648438,-6.857818603515625,6.857818603515625,2021-06-03 08:30:00,2021-06-03 11:00:00,150.0,150.0
D1,F5-2-dlinear-c336,1,10,2021-06-04,96,1.0,True,173.0,160.08969116210938,-12.910308837890625,12.910308837890625,2021-06-04 10:45:00,2021-06-04 13:30:00,165.0,165.0
D1,F5-2-dlinear-c336,1,10,2021-06-05,96,1.0,True,116.0,142.20111083984375,26.20111083984375,26.20111083984375,2021-06-05 01:45:00,2021-06-05 09:00:00,435.0,435.0
D1,F5-2-dlinear-c336,1,10,2021-06-06,96,1.0,True,27.0,48.25154113769531,21.251541137695312,21.251541137695312,2021-06-06 01:30:00,2021-06-06 03:00:00,90.0,90.0
D1,F5-2-dlinear-c336,1,10,2021-06-14,96,1.0,True,204.0,183.15145874023438,-20.848541259765625,20.848541259765625,2021-06-14 09:00:00,2021-06-14 14:00:00,300.0,300.0
D1,F5-2-dlinear-c336,1,10,2021-06-15,96,1.0,True,198.0,185.55152893066406,-12.448471069335938,12.448471069335938,2021-06-15 08:45:00,2021-06-15 11:15:00,150.0,150.0
D1,F5-2-dlinear-c336,1,10,2021-06-16,96,1.0,True,193.0,192.91371154785156,-0.0862884521484375,0.0862884521484375,2021-06-16 10:45:00,2021-06-16 13:30:00,165.0,165.0
D1,F5-2-dlinear-c336,1,10,2021-06-17,96,1.0,True,197.0,188.73934936523438,-8.260650634765625,8.260650634765625,2021-06-17 08:45:00,2021-06-17 11:45:00,180.0,180.0
D1,F5-2-dlinear-c336,1,10,2021-06-18,96,1.0,True,186.0,174.77928161621094,-11.220718383789062,11.220718383789062,2021-06-18 10:00:00,2021-06-18 14:00:00,240.0,240.0
D1,F5-2-dlinear-c336,1,10,2021-06-19,96,1.0,True,119.0,133.60609436035156,14.606094360351562,14.606094360351562,2021-06-19 02:15:00,2021-06-19 09:00:00,405.0,405.0
D1,F5-2-dlinear-c336,1,10,2021-06-20,96,1.0,True,28.0,45.18747329711914,17.18747329711914,17.18747329711914,2021-06-20 15:15:00,2021-06-20 03:30:00,-705.0,705.0
D1,F5-2-dlinear-c336,1,11,2021-05-31,96,1.0,True,172.0,168.33087158203125,-3.66912841796875,3.66912841796875,2021-05-31 10:30:00,2021-05-31 14:00:00,210.0,210.0
D1,F5-2-dlinear-c336,1,11,2021-06-01,96,1.0,True,195.0,179.98684692382812,-15.013153076171875,15.013153076171875,2021-06-01 09:00:00,2021-06-01 14:00:00,300.0,300.0
D1,F5-2-dlinear-c336,1,11,2021-06-02,96,1.0,True,191.0,183.55908203125,-7.44091796875,7.44091796875,2021-06-02 10:45:00,2021-06-02 13:30:00,165.0,165.0
D1,F5-2-dlinear-c336,1,11,2021-06-03,96,1.0,True,181.0,172.94235229492188,-8.057647705078125,8.057647705078125,2021-06-03 08:30:00,2021-06-03 11:15:00,165.0,165.0
D1,F5-2-dlinear-c336,1,11,2021-06-04,96,1.0,True,173.0,163.63009643554688,-9.369903564453125,9.369903564453125,2021-06-04 10:45:00,2021-06-04 13:30:00,165.0,165.0
D1,F5-2-dlinear-c336,1,11,2021-06-05,96,1.0,True,116.0,138.6905517578125,22.6905517578125,22.6905517578125,2021-06-05 01:45:00,2021-06-05 08:30:00,405.0,405.0
D1,F5-2-dlinear-c336,1,11,2021-06-06,96,1.0,True,27.0,48.14752960205078,21.14752960205078,21.14752960205078,2021-06-06 01:30:00,2021-06-06 03:00:00,90.0,90.0
D1,F5-2-dlinear-c336,1,11,2021-06-14,96,1.0,True,204.0,182.27008056640625,-21.72991943359375,21.72991943359375,2021-06-14 09:00:00,2021-06-14 14:15:00,315.0,315.0
D1,F5-2-dlinear-c336,1,11,2021-06-15,96,1.0,True,198.0,186.181640625,-11.818359375,11.818359375,2021-06-15 08:45:00,2021-06-15 11:30:00,165.0,165.0
D1,F5-2-dlinear-c336,1,11,2021-06-16,96,1.0,True,193.0,192.5267333984375,-0.4732666015625,0.4732666015625,2021-06-16 10:45:00,2021-06-16 13:30:00,165.0,165.0
D1,F5-2-dlinear-c336,1,11,2021-06-17,96,1.0,True,197.0,185.5394744873047,-11.460525512695312,11.460525512695312,2021-06-17 08:45:00,2021-06-17 11:45:00,180.0,180.0
D1,F5-2-dlinear-c336,1,11,2021-06-18,96,1.0,True,186.0,172.6001434326172,-13.399856567382812,13.399856567382812,2021-06-18 10:00:00,2021-06-18 14:45:00,285.0,285.0
D1,F5-2-dlinear-c336,1,11,2021-06-19,96,1.0,True,119.0,134.54531860351562,15.545318603515625,15.545318603515625,2021-06-19 02:15:00,2021-06-19 09:00:00,405.0,405.0
D1,F5-2-dlinear-c336,1,11,2021-06-20,96,1.0,True,28.0,48.27960968017578,20.27960968017578,20.27960968017578,2021-06-20 15:15:00,2021-06-20 03:30:00,-705.0,705.0
D1,F5-2-dlinear-c336,1,12,2021-05-31,96,1.0,True,172.0,168.91436767578125,-3.08563232421875,3.08563232421875,2021-05-31 10:30:00,2021-05-31 13:45:00,195.0,195.0
D1,F5-2-dlinear-c336,1,12,2021-06-01,96,1.0,True,195.0,183.38198852539062,-11.618011474609375,11.618011474609375,2021-06-01 09:00:00,2021-06-01 14:00:00,300.0,300.0
D1,F5-2-dlinear-c336,1,12,2021-06-02,96,1.0,True,191.0,180.94921875,-10.05078125,10.05078125,2021-06-02 10:45:00,2021-06-02 11:15:00,30.0,30.0
D1,F5-2-dlinear-c336,1,12,2021-06-03,96,1.0,True,181.0,165.63604736328125,-15.36395263671875,15.36395263671875,2021-06-03 08:30:00,2021-06-03 11:00:00,150.0,150.0
D1,F5-2-dlinear-c336,1,12,2021-06-04,96,1.0,True,173.0,162.54415893554688,-10.455841064453125,10.455841064453125,2021-06-04 10:45:00,2021-06-04 13:45:00,180.0,180.0
D1,F5-2-dlinear-c336,1,12,2021-06-05,96,1.0,True,116.0,139.8535919189453,23.853591918945312,23.853591918945312,2021-06-05 01:45:00,2021-06-05 08:45:00,420.0,420.0
D1,F5-2-dlinear-c336,1,12,2021-06-06,96,1.0,True,27.0,46.22233581542969,19.222335815429688,19.222335815429688,2021-06-06 01:30:00,2021-06-06 03:30:00,120.0,120.0
D1,F5-2-dlinear-c336,1,12,2021-06-14,96,1.0,True,204.0,183.08245849609375,-20.91754150390625,20.91754150390625,2021-06-14 09:00:00,2021-06-14 13:45:00,285.0,285.0
D1,F5-2-dlinear-c336,1,12,2021-06-15,96,1.0,True,198.0,188.76971435546875,-9.23028564453125,9.23028564453125,2021-06-15 08:45:00,2021-06-15 11:30:00,165.0,165.0
D1,F5-2-dlinear-c336,1,12,2021-06-16,96,1.0,True,193.0,185.6700897216797,-7.3299102783203125,7.3299102783203125,2021-06-16 10:45:00,2021-06-16 13:45:00,180.0,180.0
D1,F5-2-dlinear-c336,1,12,2021-06-17,96,1.0,True,197.0,182.4105224609375,-14.5894775390625,14.5894775390625,2021-06-17 08:45:00,2021-06-17 11:45:00,180.0,180.0
D1,F5-2-dlinear-c336,1,12,2021-06-18,96,1.0,True,186.0,177.47657775878906,-8.523422241210938,8.523422241210938,2021-06-18 10:00:00,2021-06-18 13:30:00,210.0,210.0
D1,F5-2-dlinear-c336,1,12,2021-06-19,96,1.0,True,119.0,137.43905639648438,18.439056396484375,18.439056396484375,2021-06-19 02:15:00,2021-06-19 09:45:00,450.0,450.0
D1,F5-2-dlinear-c336,1,12,2021-06-20,96,1.0,True,28.0,47.1989860534668,19.198986053466797,19.198986053466797,2021-06-20 15:15:00,2021-06-20 03:30:00,-705.0,705.0
D1,F5-2-dlinear-c336,1,13,2021-05-31,96,1.0,True,172.0,168.9551544189453,-3.0448455810546875,3.0448455810546875,2021-05-31 10:30:00,2021-05-31 14:00:00,210.0,210.0
D1,F5-2-dlinear-c336,1,13,2021-06-01,96,1.0,True,195.0,177.95452880859375,-17.04547119140625,17.04547119140625,2021-06-01 09:00:00,2021-06-01 14:15:00,315.0,315.0
D1,F5-2-dlinear-c336,1,13,2021-06-02,96,1.0,True,191.0,177.5644073486328,-13.435592651367188,13.435592651367188,2021-06-02 10:45:00,2021-06-02 14:00:00,195.0,195.0
D1,F5-2-dlinear-c336,1,13,2021-06-03,96,1.0,True,181.0,169.54214477539062,-11.457855224609375,11.457855224609375,2021-06-03 08:30:00,2021-06-03 13:30:00,300.0,300.0
D1,F5-2-dlinear-c336,1,13,2021-06-04,96,1.0,True,173.0,162.05972290039062,-10.940277099609375,10.940277099609375,2021-06-04 10:45:00,2021-06-04 11:00:00,15.0,15.0
D1,F5-2-dlinear-c336,1,13,2021-06-05,96,1.0,True,116.0,141.4444580078125,25.4444580078125,25.4444580078125,2021-06-05 01:45:00,2021-06-05 09:00:00,435.0,435.0
D1,F5-2-dlinear-c336,1,13,2021-06-06,96,1.0,True,27.0,44.0126838684082,17.012683868408203,17.012683868408203,2021-06-06 01:30:00,2021-06-06 01:45:00,15.0,15.0
D1,F5-2-dlinear-c336,1,13,2021-06-14,96,1.0,True,204.0,181.51856994628906,-22.481430053710938,22.481430053710938,2021-06-14 09:00:00,2021-06-14 14:00:00,300.0,300.0
D1,F5-2-dlinear-c336,1,13,2021-06-15,96,1.0,True,198.0,185.0550994873047,-12.944900512695312,12.944900512695312,2021-06-15 08:45:00,2021-06-15 14:00:00,315.0,315.0
D1,F5-2-dlinear-c336,1,13,2021-06-16,96,1.0,True,193.0,187.29470825195312,-5.705291748046875,5.705291748046875,2021-06-16 10:45:00,2021-06-16 14:30:00,225.0,225.0
D1,F5-2-dlinear-c336,1,13,2021-06-17,96,1.0,True,197.0,179.0827178955078,-17.917282104492188,17.917282104492188,2021-06-17 08:45:00,2021-06-17 11:45:00,180.0,180.0
D1,F5-2-dlinear-c336,1,13,2021-06-18,96,1.0,True,186.0,180.50863647460938,-5.491363525390625,5.491363525390625,2021-06-18 10:00:00,2021-06-18 13:45:00,225.0,225.0
D1,F5-2-dlinear-c336,1,13,2021-06-19,96,1.0,True,119.0,142.993896484375,23.993896484375,23.993896484375,2021-06-19 02:15:00,2021-06-19 09:45:00,450.0,450.0
D1,F5-2-dlinear-c336,1,13,2021-06-20,96,1.0,True,28.0,41.834136962890625,13.834136962890625,13.834136962890625,2021-06-20 15:15:00,2021-06-20 03:30:00,-705.0,705.0
D1,F5-2-dlinear-c336,1,14,2021-05-31,96,1.0,True,172.0,170.28909301757812,-1.710906982421875,1.710906982421875,2021-05-31 10:30:00,2021-05-31 14:15:00,225.0,225.0
D1,F5-2-dlinear-c336,1,14,2021-06-01,96,1.0,True,195.0,178.78968811035156,-16.210311889648438,16.210311889648438,2021-06-01 09:00:00,2021-06-01 14:00:00,300.0,300.0
D1,F5-2-dlinear-c336,1,14,2021-06-02,96,1.0,True,191.0,175.95811462402344,-15.041885375976562,15.041885375976562,2021-06-02 10:45:00,2021-06-02 14:15:00,210.0,210.0
D1,F5-2-dlinear-c336,1,14,2021-06-03,96,1.0,True,181.0,172.09664916992188,-8.903350830078125,8.903350830078125,2021-06-03 08:30:00,2021-06-03 13:30:00,300.0,300.0
D1,F5-2-dlinear-c336,1,14,2021-06-04,96,1.0,True,173.0,160.9818115234375,-12.0181884765625,12.0181884765625,2021-06-04 10:45:00,2021-06-04 11:15:00,30.0,30.0
D1,F5-2-dlinear-c336,1,14,2021-06-05,96,1.0,True,116.0,139.64767456054688,23.647674560546875,23.647674560546875,2021-06-05 01:45:00,2021-06-05 10:00:00,495.0,495.0
D1,F5-2-dlinear-c336,1,14,2021-06-06,96,1.0,True,27.0,46.12552261352539,19.12552261352539,19.12552261352539,2021-06-06 01:30:00,2021-06-06 01:45:00,15.0,15.0
D1,F5-2-dlinear-c336,1,14,2021-06-14,96,1.0,True,204.0,180.35755920410156,-23.642440795898438,23.642440795898438,2021-06-14 09:00:00,2021-06-14 14:15:00,315.0,315.0
D1,F5-2-dlinear-c336,1,14,2021-06-15,96,1.0,True,198.0,189.26699829101562,-8.733001708984375,8.733001708984375,2021-06-15 08:45:00,2021-06-15 13:30:00,285.0,285.0
D1,F5-2-dlinear-c336,1,14,2021-06-16,96,1.0,True,193.0,186.60443115234375,-6.39556884765625,6.39556884765625,2021-06-16 10:45:00,2021-06-16 14:30:00,225.0,225.0
D1,F5-2-dlinear-c336,1,14,2021-06-17,96,1.0,True,197.0,176.88821411132812,-20.111785888671875,20.111785888671875,2021-06-17 08:45:00,2021-06-17 13:30:00,285.0,285.0
D1,F5-2-dlinear-c336,1,14,2021-06-18,96,1.0,True,186.0,178.049072265625,-7.950927734375,7.950927734375,2021-06-18 10:00:00,2021-06-18 15:00:00,300.0,300.0
D1,F5-2-dlinear-c336,1,14,2021-06-19,96,1.0,True,119.0,147.13687133789062,28.136871337890625,28.136871337890625,2021-06-19 02:15:00,2021-06-19 10:00:00,465.0,465.0
D1,F5-2-dlinear-c336,1,14,2021-06-20,96,1.0,True,28.0,40.549293518066406,12.549293518066406,12.549293518066406,2021-06-20 15:15:00,2021-06-20 01:45:00,-810.0,810.0
D1,F5-2-dlinear-c336,1,15,2021-05-31,96,1.0,True,172.0,169.17742919921875,-2.82257080078125,2.82257080078125,2021-05-31 10:30:00,2021-05-31 15:45:00,315.0,315.0
D1,F5-2-dlinear-c336,1,15,2021-06-01,96,1.0,True,195.0,175.17791748046875,-19.82208251953125,19.82208251953125,2021-06-01 09:00:00,2021-06-01 13:45:00,285.0,285.0
D1,F5-2-dlinear-c336,1,15,2021-06-02,96,1.0,True,191.0,177.66619873046875,-13.33380126953125,13.33380126953125,2021-06-02 10:45:00,2021-06-02 13:30:00,165.0,165.0
D1,F5-2-dlinear-c336,1,15,2021-06-03,96,1.0,True,181.0,175.45367431640625,-5.54632568359375,5.54632568359375,2021-06-03 08:30:00,2021-06-03 13:30:00,300.0,300.0
D1,F5-2-dlinear-c336,1,15,2021-06-04,96,1.0,True,173.0,157.35116577148438,-15.648834228515625,15.648834228515625,2021-06-04 10:45:00,2021-06-04 13:45:00,180.0,180.0
D1,F5-2-dlinear-c336,1,15,2021-06-05,96,1.0,True,116.0,137.6133270263672,21.613327026367188,21.613327026367188,2021-06-05 01:45:00,2021-06-05 09:00:00,435.0,435.0
D1,F5-2-dlinear-c336,1,15,2021-06-06,96,1.0,True,27.0,48.7078857421875,21.7078857421875,21.7078857421875,2021-06-06 01:30:00,2021-06-06 01:45:00,15.0,15.0
D1,F5-2-dlinear-c336,1,15,2021-06-14,96,1.0,True,204.0,181.09091186523438,-22.909088134765625,22.909088134765625,2021-06-14 09:00:00,2021-06-14 13:45:00,285.0,285.0
D1,F5-2-dlinear-c336,1,15,2021-06-15,96,1.0,True,198.0,189.6027069091797,-8.397293090820312,8.397293090820312,2021-06-15 08:45:00,2021-06-15 13:45:00,300.0,300.0
D1,F5-2-dlinear-c336,1,15,2021-06-16,96,1.0,True,193.0,183.4114990234375,-9.5885009765625,9.5885009765625,2021-06-16 10:45:00,2021-06-16 14:30:00,225.0,225.0
D1,F5-2-dlinear-c336,1,15,2021-06-17,96,1.0,True,197.0,177.99009704589844,-19.009902954101562,19.009902954101562,2021-06-17 08:45:00,2021-06-17 13:30:00,285.0,285.0
D1,F5-2-dlinear-c336,1,15,2021-06-18,96,1.0,True,186.0,174.44107055664062,-11.558929443359375,11.558929443359375,2021-06-18 10:00:00,2021-06-18 13:45:00,225.0,225.0
D1,F5-2-dlinear-c336,1,15,2021-06-19,96,1.0,True,119.0,142.26870727539062,23.268707275390625,23.268707275390625,2021-06-19 02:15:00,2021-06-19 10:00:00,465.0,465.0
D1,F5-2-dlinear-c336,1,15,2021-06-20,96,1.0,True,28.0,43.48481369018555,15.484813690185547,15.484813690185547,2021-06-20 15:15:00,2021-06-20 01:45:00,-810.0,810.0
D1,F5-2-dlinear-c336,1,16,2021-05-31,96,1.0,True,172.0,171.39122009277344,-0.6087799072265625,0.6087799072265625,2021-05-31 10:30:00,2021-05-31 16:00:00,330.0,330.0
D1,F5-2-dlinear-c336,1,16,2021-06-01,96,1.0,True,195.0,177.93844604492188,-17.061553955078125,17.061553955078125,2021-06-01 09:00:00,2021-06-01 14:00:00,300.0,300.0
D1,F5-2-dlinear-c336,1,16,2021-06-02,96,1.0,True,191.0,176.86453247070312,-14.135467529296875,14.135467529296875,2021-06-02 10:45:00,2021-06-02 13:30:00,165.0,165.0
D1,F5-2-dlinear-c336,1,16,2021-06-03,96,1.0,True,181.0,175.04278564453125,-5.95721435546875,5.95721435546875,2021-06-03 08:30:00,2021-06-03 13:30:00,300.0,300.0
D1,F5-2-dlinear-c336,1,16,2021-06-04,96,1.0,True,173.0,159.48403930664062,-13.515960693359375,13.515960693359375,2021-06-04 10:45:00,2021-06-04 14:45:00,240.0,240.0
D1,F5-2-dlinear-c336,1,16,2021-06-05,96,1.0,True,116.0,143.16049194335938,27.160491943359375,27.160491943359375,2021-06-05 01:45:00,2021-06-05 09:00:00,435.0,435.0
D1,F5-2-dlinear-c336,1,16,2021-06-06,96,1.0,True,27.0,45.84751892089844,18.847518920898438,18.847518920898438,2021-06-06 01:30:00,2021-06-06 01:45:00,15.0,15.0
D1,F5-2-dlinear-c336,1,16,2021-06-14,96,1.0,True,204.0,181.42825317382812,-22.571746826171875,22.571746826171875,2021-06-14 09:00:00,2021-06-14 14:00:00,300.0,300.0
D1,F5-2-dlinear-c336,1,16,2021-06-15,96,1.0,True,198.0,192.44052124023438,-5.559478759765625,5.559478759765625,2021-06-15 08:45:00,2021-06-15 13:30:00,285.0,285.0
D1,F5-2-dlinear-c336,1,16,2021-06-16,96,1.0,True,193.0,183.21087646484375,-9.78912353515625,9.78912353515625,2021-06-16 10:45:00,2021-06-16 15:45:00,300.0,300.0
D1,F5-2-dlinear-c336,1,16,2021-06-17,96,1.0,True,197.0,184.68821716308594,-12.311782836914062,12.311782836914062,2021-06-17 08:45:00,2021-06-17 13:30:00,285.0,285.0
D1,F5-2-dlinear-c336,1,16,2021-06-18,96,1.0,True,186.0,174.67747497558594,-11.322525024414062,11.322525024414062,2021-06-18 10:00:00,2021-06-18 14:00:00,240.0,240.0
D1,F5-2-dlinear-c336,1,16,2021-06-19,96,1.0,True,119.0,141.53855895996094,22.538558959960938,22.538558959960938,2021-06-19 02:15:00,2021-06-19 10:00:00,465.0,465.0
D1,F5-2-dlinear-c336,1,16,2021-06-20,96,1.0,True,28.0,42.8000373840332,14.800037384033203,14.800037384033203,2021-06-20 15:15:00,2021-06-20 01:45:00,-810.0,810.0
D1,F5-2-dlinear-c336,2,4,2021-07-12,96,1.0,True,198.0,186.5780487060547,-11.421951293945312,11.421951293945312,2021-07-12 08:45:00,2021-07-12 11:00:00,135.0,135.0
D1,F5-2-dlinear-c336,2,4,2021-07-13,1,0.010416666666666666,False,79.0,100.87982177734375,21.87982177734375,21.87982177734375,2021-07-13 00:00:00,2021-07-13 00:00:00,0.0,0.0
D1,F5-2-dlinear-c336,2,4,2021-07-17,80,0.8333333333333334,False,108.0,116.54138946533203,8.541389465332031,8.541389465332031,2021-07-17 06:00:00,2021-07-17 08:30:00,150.0,150.0
D1,F5-2-dlinear-c336,2,4,2021-07-18,84,0.875,False,28.0,32.22597122192383,4.225971221923828,4.225971221923828,2021-07-18 04:30:00,2021-07-18 22:30:00,1080.0,1080.0
D1,F5-2-dlinear-c336,2,4,2021-07-26,84,0.875,False,217.0,194.89312744140625,-22.10687255859375,22.10687255859375,2021-07-26 08:30:00,2021-07-26 12:00:00,210.0,210.0
D1,F5-2-dlinear-c336,2,4,2021-07-27,84,0.875,False,211.0,200.05078125,-10.94921875,10.94921875,2021-07-27 11:45:00,2021-07-27 16:00:00,255.0,255.0
D1,F5-2-dlinear-c336,2,4,2021-07-28,84,0.875,False,212.0,205.82647705078125,-6.17352294921875,6.17352294921875,2021-07-28 12:00:00,2021-07-28 11:00:00,-60.0,60.0
D1,F5-2-dlinear-c336,2,4,2021-07-29,84,0.875,False,211.0,202.17861938476562,-8.821380615234375,8.821380615234375,2021-07-29 12:00:00,2021-07-29 11:00:00,-60.0,60.0
D1,F5-2-dlinear-c336,2,4,2021-07-30,85,0.8854166666666666,False,212.0,203.79638671875,-8.20361328125,8.20361328125,2021-07-30 12:00:00,2021-07-30 11:00:00,-60.0,60.0
D1,F5-2-dlinear-c336,2,4,2021-07-31,96,1.0,True,80.0,93.75953674316406,13.759536743164062,13.759536743164062,2021-07-31 00:00:00,2021-07-31 00:00:00,0.0,0.0
D1,F5-2-dlinear-c336,2,4,2021-08-01,96,1.0,True,28.0,37.02710723876953,9.027107238769531,9.027107238769531,2021-08-01 09:00:00,2021-08-01 08:00:00,-60.0,60.0
D1,F5-2-dlinear-c336,2,4,2021-08-09,39,0.40625,False,215.0,152.8308868408203,-62.16911315917969,62.16911315917969,2021-08-09 08:45:00,2021-08-09 09:30:00,45.0,45.0
D1,F5-2-dlinear-c336,2,5,2021-07-12,96,1.0,True,198.0,188.68255615234375,-9.31744384765625,9.31744384765625,2021-07-12 08:45:00,2021-07-12 11:15:00,150.0,150.0
D1,F5-2-dlinear-c336,2,5,2021-07-13,1,0.010416666666666666,False,79.0,106.16001892089844,27.160018920898438,27.160018920898438,2021-07-13 00:00:00,2021-07-13 00:00:00,0.0,0.0
D1,F5-2-dlinear-c336,2,5,2021-07-17,79,0.8229166666666666,False,108.0,123.59850311279297,15.598503112792969,15.598503112792969,2021-07-17 06:00:00,2021-07-17 08:30:00,150.0,150.0
D1,F5-2-dlinear-c336,2,5,2021-07-18,84,0.875,False,28.0,34.27931213378906,6.2793121337890625,6.2793121337890625,2021-07-18 04:30:00,2021-07-18 06:00:00,90.0,90.0
D1,F5-2-dlinear-c336,2,5,2021-07-26,84,0.875,False,217.0,195.11834716796875,-21.88165283203125,21.88165283203125,2021-07-26 08:30:00,2021-07-26 13:15:00,285.0,285.0
D1,F5-2-dlinear-c336,2,5,2021-07-27,84,0.875,False,211.0,198.61402893066406,-12.385971069335938,12.385971069335938,2021-07-27 11:45:00,2021-07-27 16:15:00,270.0,270.0
D1,F5-2-dlinear-c336,2,5,2021-07-28,84,0.875,False,212.0,203.1170196533203,-8.882980346679688,8.882980346679688,2021-07-28 12:00:00,2021-07-28 11:15:00,-45.0,45.0
D1,F5-2-dlinear-c336,2,5,2021-07-29,84,0.875,False,211.0,205.66586303710938,-5.334136962890625,5.334136962890625,2021-07-29 12:00:00,2021-07-29 11:00:00,-60.0,60.0
D1,F5-2-dlinear-c336,2,5,2021-07-30,85,0.8854166666666666,False,212.0,204.88641357421875,-7.11358642578125,7.11358642578125,2021-07-30 12:00:00,2021-07-30 11:15:00,-45.0,45.0
D1,F5-2-dlinear-c336,2,5,2021-07-31,96,1.0,True,80.0,90.12666320800781,10.126663208007812,10.126663208007812,2021-07-31 00:00:00,2021-07-31 00:00:00,0.0,0.0
D1,F5-2-dlinear-c336,2,5,2021-08-01,96,1.0,True,28.0,41.6746940612793,13.674694061279297,13.674694061279297,2021-08-01 09:00:00,2021-08-01 08:00:00,-60.0,60.0
D1,F5-2-dlinear-c336,2,5,2021-08-09,39,0.40625,False,215.0,122.90217590332031,-92.09782409667969,92.09782409667969,2021-08-09 08:45:00,2021-08-09 09:30:00,45.0,45.0
D1,F5-2-dlinear-c336,2,6,2021-07-12,96,1.0,True,198.0,192.4852294921875,-5.5147705078125,5.5147705078125,2021-07-12 08:45:00,2021-07-12 13:30:00,285.0,285.0
D1,F5-2-dlinear-c336,2,6,2021-07-13,1,0.010416666666666666,False,79.0,109.501953125,30.501953125,30.501953125,2021-07-13 00:00:00,2021-07-13 00:00:00,0.0,0.0
D1,F5-2-dlinear-c336,2,6,2021-07-17,78,0.8125,False,108.0,130.88987731933594,22.889877319335938,22.889877319335938,2021-07-17 06:00:00,2021-07-17 08:45:00,165.0,165.0
D1,F5-2-dlinear-c336,2,6,2021-07-18,84,0.875,False,28.0,34.620243072509766,6.620243072509766,6.620243072509766,2021-07-18 01:15:00,2021-07-18 06:00:00,285.0,285.0
D1,F5-2-dlinear-c336,2,6,2021-07-26,84,0.875,False,217.0,200.72463989257812,-16.275360107421875,16.275360107421875,2021-07-26 08:30:00,2021-07-26 13:30:00,300.0,300.0
D1,F5-2-dlinear-c336,2,6,2021-07-27,84,0.875,False,211.0,216.14779663085938,5.147796630859375,5.147796630859375,2021-07-27 11:45:00,2021-07-27 13:30:00,105.0,105.0
D1,F5-2-dlinear-c336,2,6,2021-07-28,84,0.875,False,212.0,207.01806640625,-4.98193359375,4.98193359375,2021-07-28 12:00:00,2021-07-28 11:00:00,-60.0,60.0
D1,F5-2-dlinear-c336,2,6,2021-07-29,84,0.875,False,211.0,207.20907592773438,-3.790924072265625,3.790924072265625,2021-07-29 12:00:00,2021-07-29 11:15:00,-45.0,45.0
D1,F5-2-dlinear-c336,2,6,2021-07-30,85,0.8854166666666666,False,212.0,207.48031616210938,-4.519683837890625,4.519683837890625,2021-07-30 12:00:00,2021-07-30 13:30:00,90.0,90.0
D1,F5-2-dlinear-c336,2,6,2021-07-31,96,1.0,True,80.0,98.47636413574219,18.476364135742188,18.476364135742188,2021-07-31 00:00:00,2021-07-31 01:30:00,90.0,90.0
D1,F5-2-dlinear-c336,2,6,2021-08-01,96,1.0,True,28.0,41.9224739074707,13.922473907470703,13.922473907470703,2021-08-01 09:00:00,2021-08-01 08:15:00,-45.0,45.0
D1,F5-2-dlinear-c336,2,6,2021-08-09,39,0.40625,False,215.0,86.67301177978516,-128.32698822021484,128.32698822021484,2021-08-09 08:45:00,2021-08-09 09:30:00,45.0,45.0
D1,F5-2-dlinear-c336,2,7,2021-07-12,96,1.0,True,198.0,193.90975952148438,-4.090240478515625,4.090240478515625,2021-07-12 08:45:00,2021-07-12 13:30:00,285.0,285.0
D1,F5-2-dlinear-c336,2,7,2021-07-13,1,0.010416666666666666,False,79.0,96.36022186279297,17.36022186279297,17.36022186279297,2021-07-13 00:00:00,2021-07-13 00:00:00,0.0,0.0
D1,F5-2-dlinear-c336,2,7,2021-07-17,77,0.8020833333333334,False,108.0,132.8416748046875,24.8416748046875,24.8416748046875,2021-07-17 06:00:00,2021-07-17 09:00:00,180.0,180.0
D1,F5-2-dlinear-c336,2,7,2021-07-18,84,0.875,False,28.0,31.860477447509766,3.8604774475097656,3.8604774475097656,2021-07-18 01:15:00,2021-07-18 06:00:00,285.0,285.0
D1,F5-2-dlinear-c336,2,7,2021-07-26,84,0.875,False,217.0,197.28762817382812,-19.712371826171875,19.712371826171875,2021-07-26 08:30:00,2021-07-26 13:30:00,300.0,300.0
D1,F5-2-dlinear-c336,2,7,2021-07-27,84,0.875,False,211.0,213.56448364257812,2.564483642578125,2.564483642578125,2021-07-27 11:45:00,2021-07-27 13:30:00,105.0,105.0
D1,F5-2-dlinear-c336,2,7,2021-07-28,84,0.875,False,212.0,203.1885986328125,-8.8114013671875,8.8114013671875,2021-07-28 12:00:00,2021-07-28 11:15:00,-45.0,45.0
D1,F5-2-dlinear-c336,2,7,2021-07-29,84,0.875,False,211.0,209.7105712890625,-1.2894287109375,1.2894287109375,2021-07-29 12:00:00,2021-07-29 11:15:00,-45.0,45.0
D1,F5-2-dlinear-c336,2,7,2021-07-30,85,0.8854166666666666,False,212.0,209.797607421875,-2.202392578125,2.202392578125,2021-07-30 12:00:00,2021-07-30 13:45:00,105.0,105.0
D1,F5-2-dlinear-c336,2,7,2021-07-31,96,1.0,True,80.0,111.01123809814453,31.01123809814453,31.01123809814453,2021-07-31 00:00:00,2021-07-31 01:45:00,105.0,105.0
D1,F5-2-dlinear-c336,2,7,2021-08-01,96,1.0,True,28.0,40.823551177978516,12.823551177978516,12.823551177978516,2021-08-01 09:00:00,2021-08-01 08:30:00,-30.0,30.0
D1,F5-2-dlinear-c336,2,7,2021-08-09,39,0.40625,False,215.0,65.41482543945312,-149.58517456054688,149.58517456054688,2021-08-09 08:45:00,2021-08-09 09:30:00,45.0,45.0
D1,F5-2-dlinear-c336,2,8,2021-07-12,96,1.0,True,198.0,192.4995880126953,-5.5004119873046875,5.5004119873046875,2021-07-12 08:45:00,2021-07-12 13:30:00,285.0,285.0
D1,F5-2-dlinear-c336,2,8,2021-07-13,1,0.010416666666666666,False,79.0,94.71359252929688,15.713592529296875,15.713592529296875,2021-07-13 00:00:00,2021-07-13 00:00:00,0.0,0.0
D1,F5-2-dlinear-c336,2,8,2021-07-17,76,0.7916666666666666,False,108.0,135.23565673828125,27.23565673828125,27.23565673828125,2021-07-17 06:00:00,2021-07-17 08:45:00,165.0,165.0
D1,F5-2-dlinear-c336,2,8,2021-07-18,84,0.875,False,28.0,32.83632278442383,4.836322784423828,4.836322784423828,2021-07-18 01:15:00,2021-07-18 15:00:00,825.0,825.0
D1,F5-2-dlinear-c336,2,8,2021-07-26,84,0.875,False,217.0,200.53932189941406,-16.460678100585938,16.460678100585938,2021-07-26 08:30:00,2021-07-26 13:30:00,300.0,300.0
D1,F5-2-dlinear-c336,2,8,2021-07-27,84,0.875,False,211.0,209.24533081054688,-1.754669189453125,1.754669189453125,2021-07-27 11:45:00,2021-07-27 13:45:00,120.0,120.0
D1,F5-2-dlinear-c336,2,8,2021-07-28,84,0.875,False,212.0,203.79736328125,-8.20263671875,8.20263671875,2021-07-28 12:00:00,2021-07-28 14:00:00,120.0,120.0
D1,F5-2-dlinear-c336,2,8,2021-07-29,84,0.875,False,211.0,206.8758087158203,-4.1241912841796875,4.1241912841796875,2021-07-29 12:00:00,2021-07-29 11:15:00,-45.0,45.0
D1,F5-2-dlinear-c336,2,8,2021-07-30,85,0.8854166666666666,False,212.0,204.28204345703125,-7.71795654296875,7.71795654296875,2021-07-30 12:00:00,2021-07-30 14:00:00,120.0,120.0
D1,F5-2-dlinear-c336,2,8,2021-07-31,96,1.0,True,80.0,113.26249694824219,33.26249694824219,33.26249694824219,2021-07-31 00:00:00,2021-07-31 01:45:00,105.0,105.0
D1,F5-2-dlinear-c336,2,8,2021-08-01,96,1.0,True,28.0,41.60266876220703,13.602668762207031,13.602668762207031,2021-08-01 09:00:00,2021-08-01 15:00:00,360.0,360.0
D1,F5-2-dlinear-c336,2,8,2021-08-09,39,0.40625,False,215.0,42.883853912353516,-172.11614608764648,172.11614608764648,2021-08-09 08:45:00,2021-08-09 09:30:00,45.0,45.0
D1,F5-2-dlinear-c336,2,9,2021-07-12,96,1.0,True,198.0,192.10256958007812,-5.897430419921875,5.897430419921875,2021-07-12 08:45:00,2021-07-12 13:30:00,285.0,285.0
D1,F5-2-dlinear-c336,2,9,2021-07-13,1,0.010416666666666666,False,79.0,98.05973052978516,19.059730529785156,19.059730529785156,2021-07-13 00:00:00,2021-07-13 00:00:00,0.0,0.0
D1,F5-2-dlinear-c336,2,9,2021-07-17,75,0.78125,False,108.0,134.71096801757812,26.710968017578125,26.710968017578125,2021-07-17 06:00:00,2021-07-17 08:30:00,150.0,150.0
D1,F5-2-dlinear-c336,2,9,2021-07-18,84,0.875,False,28.0,32.619022369384766,4.619022369384766,4.619022369384766,2021-07-18 01:15:00,2021-07-18 15:00:00,825.0,825.0
D1,F5-2-dlinear-c336,2,9,2021-07-26,84,0.875,False,217.0,205.29525756835938,-11.704742431640625,11.704742431640625,2021-07-26 08:30:00,2021-07-26 13:30:00,300.0,300.0
D1,F5-2-dlinear-c336,2,9,2021-07-27,84,0.875,False,211.0,207.30477905273438,-3.695220947265625,3.695220947265625,2021-07-27 11:45:00,2021-07-27 13:45:00,120.0,120.0
D1,F5-2-dlinear-c336,2,9,2021-07-28,84,0.875,False,212.0,207.06744384765625,-4.93255615234375,4.93255615234375,2021-07-28 12:00:00,2021-07-28 14:15:00,135.0,135.0
D1,F5-2-dlinear-c336,2,9,2021-07-29,84,0.875,False,211.0,205.57469177246094,-5.4253082275390625,5.4253082275390625,2021-07-29 12:00:00,2021-07-29 11:15:00,-45.0,45.0
D1,F5-2-dlinear-c336,2,9,2021-07-30,85,0.8854166666666666,False,212.0,207.34359741210938,-4.656402587890625,4.656402587890625,2021-07-30 12:00:00,2021-07-30 13:45:00,105.0,105.0
D1,F5-2-dlinear-c336,2,9,2021-07-31,96,1.0,True,80.0,116.24330139160156,36.24330139160156,36.24330139160156,2021-07-31 00:00:00,2021-07-31 01:45:00,105.0,105.0
D1,F5-2-dlinear-c336,2,9,2021-08-01,96,1.0,True,28.0,42.047672271728516,14.047672271728516,14.047672271728516,2021-08-01 09:00:00,2021-08-01 15:00:00,360.0,360.0
D1,F5-2-dlinear-c336,2,9,2021-08-09,39,0.40625,False,215.0,29.78754425048828,-185.21245574951172,185.21245574951172,2021-08-09 08:45:00,2021-08-09 09:30:00,45.0,45.0
D1,F5-2-dlinear-c336,2,10,2021-07-12,96,1.0,True,198.0,186.99188232421875,-11.00811767578125,11.00811767578125,2021-07-12 08:45:00,2021-07-12 13:30:00,285.0,285.0
D1,F5-2-dlinear-c336,2,10,2021-07-13,1,0.010416666666666666,False,79.0,106.65206146240234,27.652061462402344,27.652061462402344,2021-07-13 00:00:00,2021-07-13 00:00:00,0.0,0.0
D1,F5-2-dlinear-c336,2,10,2021-07-17,74,0.7708333333333334,False,108.0,144.5648956298828,36.56489562988281,36.56489562988281,2021-07-17 06:00:00,2021-07-17 08:45:00,165.0,165.0
D1,F5-2-dlinear-c336,2,10,2021-07-18,84,0.875,False,28.0,31.28915786743164,3.2891578674316406,3.2891578674316406,2021-07-18 01:15:00,2021-07-18 15:00:00,825.0,825.0
D1,F5-2-dlinear-c336,2,10,2021-07-26,84,0.875,False,217.0,202.1265869140625,-14.8734130859375,14.8734130859375,2021-07-26 08:30:00,2021-07-26 13:30:00,300.0,300.0
D1,F5-2-dlinear-c336,2,10,2021-07-27,84,0.875,False,211.0,201.7574920654297,-9.242507934570312,9.242507934570312,2021-07-27 11:45:00,2021-07-27 14:30:00,165.0,165.0
D1,F5-2-dlinear-c336,2,10,2021-07-28,84,0.875,False,212.0,198.49017333984375,-13.50982666015625,13.50982666015625,2021-07-28 12:00:00,2021-07-28 14:30:00,150.0,150.0
D1,F5-2-dlinear-c336,2,10,2021-07-29,84,0.875,False,211.0,201.757568359375,-9.242431640625,9.242431640625,2021-07-29 12:00:00,2021-07-29 12:00:00,0.0,0.0
D1,F5-2-dlinear-c336,2,10,2021-07-30,85,0.8854166666666666,False,212.0,202.63668823242188,-9.363311767578125,9.363311767578125,2021-07-30 12:00:00,2021-07-30 14:00:00,120.0,120.0
D1,F5-2-dlinear-c336,2,10,2021-07-31,96,1.0,True,80.0,116.87242889404297,36.87242889404297,36.87242889404297,2021-07-31 00:00:00,2021-07-31 01:45:00,105.0,105.0
D1,F5-2-dlinear-c336,2,10,2021-08-01,96,1.0,True,28.0,41.73370361328125,13.73370361328125,13.73370361328125,2021-08-01 09:00:00,2021-08-01 15:00:00,360.0,360.0
D1,F5-2-dlinear-c336,2,10,2021-08-09,39,0.40625,False,215.0,27.978858947753906,-187.0211410522461,187.0211410522461,2021-08-09 08:45:00,2021-08-09 00:30:00,-495.0,495.0
D1,F5-2-dlinear-c336,2,11,2021-07-12,96,1.0,True,198.0,185.85545349121094,-12.144546508789062,12.144546508789062,2021-07-12 08:45:00,2021-07-12 14:00:00,315.0,315.0
D1,F5-2-dlinear-c336,2,11,2021-07-13,1,0.010416666666666666,False,79.0,103.36647033691406,24.366470336914062,24.366470336914062,2021-07-13 00:00:00,2021-07-13 00:00:00,0.0,0.0
D1,F5-2-dlinear-c336,2,11,2021-07-17,73,0.7604166666666666,False,108.0,152.62887573242188,44.628875732421875,44.628875732421875,2021-07-17 06:00:00,2021-07-17 08:45:00,165.0,165.0
D1,F5-2-dlinear-c336,2,11,2021-07-18,84,0.875,False,28.0,34.05756759643555,6.057567596435547,6.057567596435547,2021-07-18 01:15:00,2021-07-18 06:00:00,285.0,285.0
D1,F5-2-dlinear-c336,2,11,2021-07-26,84,0.875,False,217.0,196.97625732421875,-20.02374267578125,20.02374267578125,2021-07-26 08:30:00,2021-07-26 13:45:00,315.0,315.0
D1,F5-2-dlinear-c336,2,11,2021-07-27,84,0.875,False,211.0,204.61630249023438,-6.383697509765625,6.383697509765625,2021-07-27 11:45:00,2021-07-27 14:45:00,180.0,180.0
D1,F5-2-dlinear-c336,2,11,2021-07-28,84,0.875,False,212.0,204.82357788085938,-7.176422119140625,7.176422119140625,2021-07-28 12:00:00,2021-07-28 14:45:00,165.0,165.0
D1,F5-2-dlinear-c336,2,11,2021-07-29,84,0.875,False,211.0,202.99365234375,-8.00634765625,8.00634765625,2021-07-29 12:00:00,2021-07-29 14:45:00,165.0,165.0
D1,F5-2-dlinear-c336,2,11,2021-07-30,85,0.8854166666666666,False,212.0,203.9932861328125,-8.0067138671875,8.0067138671875,2021-07-30 12:00:00,2021-07-30 14:45:00,165.0,165.0
D1,F5-2-dlinear-c336,2,11,2021-07-31,96,1.0,True,80.0,116.43545532226562,36.435455322265625,36.435455322265625,2021-07-31 00:00:00,2021-07-31 01:45:00,105.0,105.0
D1,F5-2-dlinear-c336,2,11,2021-08-01,96,1.0,True,28.0,40.850616455078125,12.850616455078125,12.850616455078125,2021-08-01 09:00:00,2021-08-01 08:00:00,-60.0,60.0
D1,F5-2-dlinear-c336,2,11,2021-08-09,39,0.40625,False,215.0,27.434494018554688,-187.5655059814453,187.5655059814453,2021-08-09 08:45:00,2021-08-09 04:30:00,-255.0,255.0
D1,F5-2-dlinear-c336,2,12,2021-07-12,96,1.0,True,198.0,184.22390747070312,-13.776092529296875,13.776092529296875,2021-07-12 08:45:00,2021-07-12 14:15:00,330.0,330.0
D1,F5-2-dlinear-c336,2,12,2021-07-13,1,0.010416666666666666,False,79.0,105.87244415283203,26.87244415283203,26.87244415283203,2021-07-13 00:00:00,2021-07-13 00:00:00,0.0,0.0
D1,F5-2-dlinear-c336,2,12,2021-07-17,72,0.75,False,108.0,149.98672485351562,41.986724853515625,41.986724853515625,2021-07-17 06:00:00,2021-07-17 09:00:00,180.0,180.0
D1,F5-2-dlinear-c336,2,12,2021-07-18,84,0.875,False,28.0,34.662166595458984,6.662166595458984,6.662166595458984,2021-07-18 01:15:00,2021-07-18 12:30:00,675.0,675.0
D1,F5-2-dlinear-c336,2,12,2021-07-26,84,0.875,False,217.0,195.61248779296875,-21.38751220703125,21.38751220703125,2021-07-26 08:30:00,2021-07-26 14:00:00,330.0,330.0
D1,F5-2-dlinear-c336,2,12,2021-07-27,84,0.875,False,211.0,206.1815185546875,-4.8184814453125,4.8184814453125,2021-07-27 11:45:00,2021-07-27 14:45:00,180.0,180.0
D1,F5-2-dlinear-c336,2,12,2021-07-28,84,0.875,False,212.0,204.81918334960938,-7.180816650390625,7.180816650390625,2021-07-28 12:00:00,2021-07-28 15:00:00,180.0,180.0
D1,F5-2-dlinear-c336,2,12,2021-07-29,84,0.875,False,211.0,199.75546264648438,-11.244537353515625,11.244537353515625,2021-07-29 12:00:00,2021-07-29 13:30:00,90.0,90.0
D1,F5-2-dlinear-c336,2,12,2021-07-30,85,0.8854166666666666,False,212.0,202.20948791503906,-9.790512084960938,9.790512084960938,2021-07-30 12:00:00,2021-07-30 15:00:00,180.0,180.0
D1,F5-2-dlinear-c336,2,12,2021-07-31,96,1.0,True,80.0,111.45173645019531,31.451736450195312,31.451736450195312,2021-07-31 00:00:00,2021-07-31 01:45:00,105.0,105.0
D1,F5-2-dlinear-c336,2,12,2021-08-01,96,1.0,True,28.0,41.893348693847656,13.893348693847656,13.893348693847656,2021-08-01 09:00:00,2021-08-01 08:15:00,-45.0,45.0
D1,F5-2-dlinear-c336,2,12,2021-08-09,39,0.40625,False,215.0,29.875347137451172,-185.12465286254883,185.12465286254883,2021-08-09 08:45:00,2021-08-09 01:00:00,-465.0,465.0
D1,F5-2-dlinear-c336,2,13,2021-07-12,96,1.0,True,198.0,183.71286010742188,-14.287139892578125,14.287139892578125,2021-07-12 08:45:00,2021-07-12 14:30:00,345.0,345.0
D1,F5-2-dlinear-c336,2,13,2021-07-13,1,0.010416666666666666,False,79.0,107.91503143310547,28.91503143310547,28.91503143310547,2021-07-13 00:00:00,2021-07-13 00:00:00,0.0,0.0
D1,F5-2-dlinear-c336,2,13,2021-07-17,71,0.7395833333333334,False,96.0,147.7004852294922,51.70048522949219,51.70048522949219,2021-07-17 06:15:00,2021-07-17 09:15:00,180.0,180.0
D1,F5-2-dlinear-c336,2,13,2021-07-18,84,0.875,False,28.0,39.361228942871094,11.361228942871094,11.361228942871094,2021-07-18 01:15:00,2021-07-18 01:30:00,15.0,15.0
D1,F5-2-dlinear-c336,2,13,2021-07-26,84,0.875,False,217.0,192.51284790039062,-24.487152099609375,24.487152099609375,2021-07-26 08:30:00,2021-07-26 14:15:00,345.0,345.0
D1,F5-2-dlinear-c336,2,13,2021-07-27,84,0.875,False,211.0,203.1025390625,-7.8974609375,7.8974609375,2021-07-27 11:45:00,2021-07-27 14:45:00,180.0,180.0
D1,F5-2-dlinear-c336,2,13,2021-07-28,84,0.875,False,212.0,201.26797485351562,-10.732025146484375,10.732025146484375,2021-07-28 12:00:00,2021-07-28 14:45:00,165.0,165.0
D1,F5-2-dlinear-c336,2,13,2021-07-29,84,0.875,False,211.0,197.971923828125,-13.028076171875,13.028076171875,2021-07-29 12:00:00,2021-07-29 14:45:00,165.0,165.0
D1,F5-2-dlinear-c336,2,13,2021-07-30,85,0.8854166666666666,False,212.0,202.15408325195312,-9.845916748046875,9.845916748046875,2021-07-30 12:00:00,2021-07-30 13:45:00,105.0,105.0
D1,F5-2-dlinear-c336,2,13,2021-07-31,96,1.0,True,80.0,112.83058166503906,32.83058166503906,32.83058166503906,2021-07-31 00:00:00,2021-07-31 01:45:00,105.0,105.0
D1,F5-2-dlinear-c336,2,13,2021-08-01,96,1.0,True,28.0,44.020423889160156,16.020423889160156,16.020423889160156,2021-08-01 09:00:00,2021-08-01 08:30:00,-30.0,30.0
D1,F5-2-dlinear-c336,2,13,2021-08-09,39,0.40625,False,215.0,30.60771942138672,-184.39228057861328,184.39228057861328,2021-08-09 08:45:00,2021-08-09 01:15:00,-450.0,450.0
D1,F5-2-dlinear-c336,2,14,2021-07-12,96,1.0,True,198.0,190.73468017578125,-7.26531982421875,7.26531982421875,2021-07-12 08:45:00,2021-07-12 13:30:00,285.0,285.0
D1,F5-2-dlinear-c336,2,14,2021-07-13,1,0.010416666666666666,False,79.0,106.70956420898438,27.709564208984375,27.709564208984375,2021-07-13 00:00:00,2021-07-13 00:00:00,0.0,0.0
D1,F5-2-dlinear-c336,2,14,2021-07-17,70,0.7291666666666666,False,88.0,143.04864501953125,55.04864501953125,55.04864501953125,2021-07-17 07:15:00,2021-07-17 08:45:00,90.0,90.0
D1,F5-2-dlinear-c336,2,14,2021-07-18,84,0.875,False,28.0,36.407291412353516,8.407291412353516,8.407291412353516,2021-07-18 01:15:00,2021-07-18 12:30:00,675.0,675.0
D1,F5-2-dlinear-c336,2,14,2021-07-26,84,0.875,False,217.0,192.11058044433594,-24.889419555664062,24.889419555664062,2021-07-26 08:30:00,2021-07-26 14:30:00,360.0,360.0
D1,F5-2-dlinear-c336,2,14,2021-07-27,84,0.875,False,211.0,191.45379638671875,-19.54620361328125,19.54620361328125,2021-07-27 11:45:00,2021-07-27 14:45:00,180.0,180.0
D1,F5-2-dlinear-c336,2,14,2021-07-28,84,0.875,False,212.0,204.79554748535156,-7.2044525146484375,7.2044525146484375,2021-07-28 12:00:00,2021-07-28 15:00:00,180.0,180.0
D1,F5-2-dlinear-c336,2,14,2021-07-29,84,0.875,False,211.0,198.64755249023438,-12.352447509765625,12.352447509765625,2021-07-29 12:00:00,2021-07-29 14:45:00,165.0,165.0
D1,F5-2-dlinear-c336,2,14,2021-07-30,84,0.875,False,212.0,203.38290405273438,-8.617095947265625,8.617095947265625,2021-07-30 12:00:00,2021-07-30 15:00:00,180.0,180.0
D1,F5-2-dlinear-c336,2,14,2021-07-31,96,1.0,True,80.0,110.38964080810547,30.38964080810547,30.38964080810547,2021-07-31 00:00:00,2021-07-31 01:45:00,105.0,105.0
D1,F5-2-dlinear-c336,2,14,2021-08-01,96,1.0,True,28.0,43.19195556640625,15.19195556640625,15.19195556640625,2021-08-01 09:00:00,2021-08-01 08:30:00,-30.0,30.0
D1,F5-2-dlinear-c336,2,14,2021-08-09,39,0.40625,False,215.0,31.54834747314453,-183.45165252685547,183.45165252685547,2021-08-09 08:45:00,2021-08-09 01:30:00,-435.0,435.0
D1,F5-2-dlinear-c336,2,15,2021-07-12,96,1.0,True,198.0,188.91287231445312,-9.087127685546875,9.087127685546875,2021-07-12 08:45:00,2021-07-12 13:45:00,300.0,300.0
D1,F5-2-dlinear-c336,2,15,2021-07-13,1,0.010416666666666666,False,79.0,115.51107788085938,36.511077880859375,36.511077880859375,2021-07-13 00:00:00,2021-07-13 00:00:00,0.0,0.0
D1,F5-2-dlinear-c336,2,15,2021-07-17,69,0.71875,False,88.0,144.17665100097656,56.17665100097656,56.17665100097656,2021-07-17 07:15:00,2021-07-17 09:45:00,150.0,150.0
D1,F5-2-dlinear-c336,2,15,2021-07-18,84,0.875,False,28.0,34.678314208984375,6.678314208984375,6.678314208984375,2021-07-18 01:15:00,2021-07-18 12:45:00,690.0,690.0
D1,F5-2-dlinear-c336,2,15,2021-07-26,84,0.875,False,217.0,194.04917907714844,-22.950820922851562,22.950820922851562,2021-07-26 08:30:00,2021-07-26 15:45:00,435.0,435.0
D1,F5-2-dlinear-c336,2,15,2021-07-27,84,0.875,False,211.0,203.70614624023438,-7.293853759765625,7.293853759765625,2021-07-27 11:45:00,2021-07-27 15:45:00,240.0,240.0
D1,F5-2-dlinear-c336,2,15,2021-07-28,84,0.875,False,212.0,203.38082885742188,-8.619171142578125,8.619171142578125,2021-07-28 12:00:00,2021-07-28 15:45:00,225.0,225.0
D1,F5-2-dlinear-c336,2,15,2021-07-29,84,0.875,False,211.0,198.410400390625,-12.589599609375,12.589599609375,2021-07-29 12:00:00,2021-07-29 13:30:00,90.0,90.0
D1,F5-2-dlinear-c336,2,15,2021-07-30,84,0.875,False,212.0,199.72378540039062,-12.276214599609375,12.276214599609375,2021-07-30 12:00:00,2021-07-30 13:45:00,105.0,105.0
D1,F5-2-dlinear-c336,2,15,2021-07-31,96,1.0,True,80.0,108.33465576171875,28.33465576171875,28.33465576171875,2021-07-31 00:00:00,2021-07-31 03:00:00,180.0,180.0
D1,F5-2-dlinear-c336,2,15,2021-08-01,96,1.0,True,28.0,44.05315399169922,16.05315399169922,16.05315399169922,2021-08-01 09:00:00,2021-08-01 08:30:00,-30.0,30.0
D1,F5-2-dlinear-c336,2,15,2021-08-09,39,0.40625,False,215.0,31.56817626953125,-183.43182373046875,183.43182373046875,2021-08-09 08:45:00,2021-08-09 09:00:00,15.0,15.0
D1,F5-2-dlinear-c336,2,16,2021-07-12,96,1.0,True,198.0,188.60610961914062,-9.393890380859375,9.393890380859375,2021-07-12 08:45:00,2021-07-12 13:30:00,285.0,285.0
D1,F5-2-dlinear-c336,2,16,2021-07-13,1,0.010416666666666666,False,79.0,120.95508575439453,41.95508575439453,41.95508575439453,2021-07-13 00:00:00,2021-07-13 00:00:00,0.0,0.0
D1,F5-2-dlinear-c336,2,16,2021-07-17,68,0.7083333333333334,False,88.0,145.89804077148438,57.898040771484375,57.898040771484375,2021-07-17 07:15:00,2021-07-17 09:00:00,105.0,105.0
D1,F5-2-dlinear-c336,2,16,2021-07-18,84,0.875,False,28.0,36.79241943359375,8.79241943359375,8.79241943359375,2021-07-18 01:15:00,2021-07-18 02:15:00,60.0,60.0
D1,F5-2-dlinear-c336,2,16,2021-07-26,84,0.875,False,217.0,199.0257568359375,-17.9742431640625,17.9742431640625,2021-07-26 08:30:00,2021-07-26 16:00:00,450.0,450.0
D1,F5-2-dlinear-c336,2,16,2021-07-27,84,0.875,False,211.0,211.16549682617188,0.165496826171875,0.165496826171875,2021-07-27 11:45:00,2021-07-27 15:45:00,240.0,240.0
D1,F5-2-dlinear-c336,2,16,2021-07-28,84,0.875,False,212.0,203.44970703125,-8.55029296875,8.55029296875,2021-07-28 12:00:00,2021-07-28 16:00:00,240.0,240.0
D1,F5-2-dlinear-c336,2,16,2021-07-29,84,0.875,False,211.0,199.28787231445312,-11.712127685546875,11.712127685546875,2021-07-29 12:00:00,2021-07-29 13:45:00,105.0,105.0
D1,F5-2-dlinear-c336,2,16,2021-07-30,84,0.875,False,212.0,200.95407104492188,-11.045928955078125,11.045928955078125,2021-07-30 12:00:00,2021-07-30 13:45:00,105.0,105.0
D1,F5-2-dlinear-c336,2,16,2021-07-31,96,1.0,True,80.0,109.41326904296875,29.41326904296875,29.41326904296875,2021-07-31 00:00:00,2021-07-31 03:45:00,225.0,225.0
D1,F5-2-dlinear-c336,2,16,2021-08-01,96,1.0,True,28.0,43.67986297607422,15.679862976074219,15.679862976074219,2021-08-01 09:00:00,2021-08-01 11:00:00,120.0,120.0
D1,F5-2-dlinear-c336,2,16,2021-08-09,39,0.40625,False,215.0,31.228900909423828,-183.77109909057617,183.77109909057617,2021-08-09 08:45:00,2021-08-09 05:45:00,-180.0,180.0
D2,F5-2-dlinear-c336,0,4,2021-04-19,96,1.0,True,172.0,167.08389282226562,-4.916107177734375,4.916107177734375,2021-04-19 08:45:00,2021-04-19 16:00:00,435.0,435.0
D2,F5-2-dlinear-c336,0,4,2021-04-20,96,1.0,True,172.0,178.18511962890625,6.18511962890625,6.18511962890625,2021-04-20 08:45:00,2021-04-20 16:00:00,435.0,435.0
D2,F5-2-dlinear-c336,0,4,2021-04-21,96,1.0,True,174.0,185.43087768554688,11.430877685546875,11.430877685546875,2021-04-21 08:30:00,2021-04-21 08:45:00,15.0,15.0
D2,F5-2-dlinear-c336,0,4,2021-04-22,96,1.0,True,174.0,169.92709350585938,-4.072906494140625,4.072906494140625,2021-04-22 08:30:00,2021-04-22 11:30:00,180.0,180.0
D2,F5-2-dlinear-c336,0,4,2021-04-23,96,1.0,True,174.0,167.4615478515625,-6.5384521484375,6.5384521484375,2021-04-23 08:30:00,2021-04-23 15:45:00,435.0,435.0
D2,F5-2-dlinear-c336,0,4,2021-04-24,96,1.0,True,112.0,113.06471252441406,1.0647125244140625,1.0647125244140625,2021-04-24 06:15:00,2021-04-24 08:30:00,135.0,135.0
D2,F5-2-dlinear-c336,0,4,2021-04-25,96,1.0,True,25.0,43.45590591430664,18.45590591430664,18.45590591430664,2021-04-25 01:30:00,2021-04-25 01:30:00,0.0,0.0
D2,F5-2-dlinear-c336,0,4,2021-05-03,96,1.0,True,184.0,177.53602600097656,-6.4639739990234375,6.4639739990234375,2021-05-03 08:30:00,2021-05-03 14:45:00,375.0,375.0
D2,F5-2-dlinear-c336,0,4,2021-05-04,96,1.0,True,181.0,189.84140014648438,8.841400146484375,8.841400146484375,2021-05-04 08:30:00,2021-05-04 08:45:00,15.0,15.0
D2,F5-2-dlinear-c336,0,4,2021-05-05,96,1.0,True,120.0,129.19248962402344,9.192489624023438,9.192489624023438,2021-05-05 04:15:00,2021-05-05 08:30:00,255.0,255.0
D2,F5-2-dlinear-c336,0,4,2021-05-06,96,1.0,True,199.0,182.07542419433594,-16.924575805664062,16.924575805664062,2021-05-06 09:00:00,2021-05-06 11:00:00,120.0,120.0
D2,F5-2-dlinear-c336,0,4,2021-05-07,96,1.0,True,181.0,185.4155731201172,4.4155731201171875,4.4155731201171875,2021-05-07 09:00:00,2021-05-07 08:45:00,-15.0,15.0
D2,F5-2-dlinear-c336,0,4,2021-05-08,96,1.0,True,115.0,124.31623840332031,9.316238403320312,9.316238403320312,2021-05-08 02:00:00,2021-05-08 08:30:00,390.0,390.0
D2,F5-2-dlinear-c336,0,4,2021-05-09,96,1.0,True,184.0,170.28012084960938,-13.719879150390625,13.719879150390625,2021-05-09 09:00:00,2021-05-09 20:30:00,690.0,690.0
D2,F5-2-dlinear-c336,0,5,2021-04-19,96,1.0,True,172.0,168.9781494140625,-3.0218505859375,3.0218505859375,2021-04-19 08:45:00,2021-04-19 13:15:00,270.0,270.0
D2,F5-2-dlinear-c336,0,5,2021-04-20,96,1.0,True,172.0,176.93109130859375,4.93109130859375,4.93109130859375,2021-04-20 08:45:00,2021-04-20 16:15:00,450.0,450.0
D2,F5-2-dlinear-c336,0,5,2021-04-21,96,1.0,True,174.0,189.51318359375,15.51318359375,15.51318359375,2021-04-21 08:30:00,2021-04-21 09:00:00,30.0,30.0
D2,F5-2-dlinear-c336,0,5,2021-04-22,96,1.0,True,174.0,168.1855926513672,-5.8144073486328125,5.8144073486328125,2021-04-22 08:30:00,2021-04-22 09:45:00,75.0,75.0
D2,F5-2-dlinear-c336,0,5,2021-04-23,96,1.0,True,174.0,167.35098266601562,-6.649017333984375,6.649017333984375,2021-04-23 08:30:00,2021-04-23 16:00:00,450.0,450.0
D2,F5-2-dlinear-c336,0,5,2021-04-24,96,1.0,True,112.0,118.53185272216797,6.531852722167969,6.531852722167969,2021-04-24 06:15:00,2021-04-24 08:30:00,135.0,135.0
D2,F5-2-dlinear-c336,0,5,2021-04-25,96,1.0,True,25.0,44.72148895263672,19.72148895263672,19.72148895263672,2021-04-25 01:30:00,2021-04-25 01:45:00,15.0,15.0
D2,F5-2-dlinear-c336,0,5,2021-05-03,96,1.0,True,184.0,178.73358154296875,-5.26641845703125,5.26641845703125,2021-05-03 08:30:00,2021-05-03 13:15:00,285.0,285.0
D2,F5-2-dlinear-c336,0,5,2021-05-04,96,1.0,True,181.0,189.244140625,8.244140625,8.244140625,2021-05-04 08:30:00,2021-05-04 09:00:00,30.0,30.0
D2,F5-2-dlinear-c336,0,5,2021-05-05,96,1.0,True,120.0,137.60977172851562,17.609771728515625,17.609771728515625,2021-05-05 04:15:00,2021-05-05 08:30:00,255.0,255.0
D2,F5-2-dlinear-c336,0,5,2021-05-06,96,1.0,True,199.0,182.2392578125,-16.7607421875,16.7607421875,2021-05-06 09:00:00,2021-05-06 11:15:00,135.0,135.0
D2,F5-2-dlinear-c336,0,5,2021-05-07,96,1.0,True,181.0,184.78289794921875,3.78289794921875,3.78289794921875,2021-05-07 09:00:00,2021-05-07 09:00:00,0.0,0.0
D2,F5-2-dlinear-c336,0,5,2021-05-08,96,1.0,True,115.0,133.831298828125,18.831298828125,18.831298828125,2021-05-08 02:00:00,2021-05-08 08:30:00,390.0,390.0
D2,F5-2-dlinear-c336,0,5,2021-05-09,96,1.0,True,184.0,170.42494201660156,-13.575057983398438,13.575057983398438,2021-05-09 09:00:00,2021-05-09 20:30:00,690.0,690.0
D2,F5-2-dlinear-c336,0,6,2021-04-19,96,1.0,True,172.0,168.31423950195312,-3.685760498046875,3.685760498046875,2021-04-19 08:45:00,2021-04-19 13:30:00,285.0,285.0
D2,F5-2-dlinear-c336,0,6,2021-04-20,96,1.0,True,172.0,177.7333526611328,5.7333526611328125,5.7333526611328125,2021-04-20 08:45:00,2021-04-20 13:30:00,285.0,285.0
D2,F5-2-dlinear-c336,0,6,2021-04-21,96,1.0,True,174.0,182.57432556152344,8.574325561523438,8.574325561523438,2021-04-21 08:30:00,2021-04-21 09:15:00,45.0,45.0
D2,F5-2-dlinear-c336,0,6,2021-04-22,96,1.0,True,174.0,167.56338500976562,-6.436614990234375,6.436614990234375,2021-04-22 08:30:00,2021-04-22 09:45:00,75.0,75.0
D2,F5-2-dlinear-c336,0,6,2021-04-23,96,1.0,True,174.0,160.90469360351562,-13.095306396484375,13.095306396484375,2021-04-23 08:30:00,2021-04-23 10:45:00,135.0,135.0
D2,F5-2-dlinear-c336,0,6,2021-04-24,96,1.0,True,112.0,125.31627655029297,13.316276550292969,13.316276550292969,2021-04-24 06:15:00,2021-04-24 08:30:00,135.0,135.0
D2,F5-2-dlinear-c336,0,6,2021-04-25,96,1.0,True,25.0,48.687679290771484,23.687679290771484,23.687679290771484,2021-04-25 01:30:00,2021-04-25 01:45:00,15.0,15.0
D2,F5-2-dlinear-c336,0,6,2021-05-03,96,1.0,True,184.0,178.73818969726562,-5.261810302734375,5.261810302734375,2021-05-03 08:30:00,2021-05-03 13:30:00,300.0,300.0
D2,F5-2-dlinear-c336,0,6,2021-05-04,96,1.0,True,181.0,183.95021057128906,2.9502105712890625,2.9502105712890625,2021-05-04 08:30:00,2021-05-04 13:30:00,300.0,300.0
D2,F5-2-dlinear-c336,0,6,2021-05-05,96,1.0,True,120.0,141.13182067871094,21.131820678710938,21.131820678710938,2021-05-05 04:15:00,2021-05-05 08:30:00,255.0,255.0
D2,F5-2-dlinear-c336,0,6,2021-05-06,96,1.0,True,199.0,184.90333557128906,-14.096664428710938,14.096664428710938,2021-05-06 09:00:00,2021-05-06 13:15:00,255.0,255.0
D2,F5-2-dlinear-c336,0,6,2021-05-07,96,1.0,True,181.0,172.45359802246094,-8.546401977539062,8.546401977539062,2021-05-07 09:00:00,2021-05-07 09:15:00,15.0,15.0
D2,F5-2-dlinear-c336,0,6,2021-05-08,96,1.0,True,115.0,146.46612548828125,31.46612548828125,31.46612548828125,2021-05-08 02:00:00,2021-05-08 08:45:00,405.0,405.0
D2,F5-2-dlinear-c336,0,6,2021-05-09,96,1.0,True,184.0,173.12789916992188,-10.872100830078125,10.872100830078125,2021-05-09 09:00:00,2021-05-09 13:15:00,255.0,255.0
D2,F5-2-dlinear-c336,0,7,2021-04-19,96,1.0,True,172.0,168.8558349609375,-3.1441650390625,3.1441650390625,2021-04-19 08:45:00,2021-04-19 13:45:00,300.0,300.0
D2,F5-2-dlinear-c336,0,7,2021-04-20,96,1.0,True,172.0,174.7070770263672,2.7070770263671875,2.7070770263671875,2021-04-20 08:45:00,2021-04-20 13:45:00,300.0,300.0
D2,F5-2-dlinear-c336,0,7,2021-04-21,96,1.0,True,174.0,182.5860595703125,8.5860595703125,8.5860595703125,2021-04-21 08:30:00,2021-04-21 09:30:00,60.0,60.0
D2,F5-2-dlinear-c336,0,7,2021-04-22,96,1.0,True,174.0,166.73782348632812,-7.262176513671875,7.262176513671875,2021-04-22 08:30:00,2021-04-22 11:00:00,150.0,150.0
D2,F5-2-dlinear-c336,0,7,2021-04-23,96,1.0,True,174.0,163.50262451171875,-10.49737548828125,10.49737548828125,2021-04-23 08:30:00,2021-04-23 11:00:00,150.0,150.0
D2,F5-2-dlinear-c336,0,7,2021-04-24,96,1.0,True,112.0,133.32199096679688,21.321990966796875,21.321990966796875,2021-04-24 06:15:00,2021-04-24 08:30:00,135.0,135.0
D2,F5-2-dlinear-c336,0,7,2021-04-25,96,1.0,True,25.0,43.64139175415039,18.64139175415039,18.64139175415039,2021-04-25 01:30:00,2021-04-25 02:00:00,30.0,30.0
D2,F5-2-dlinear-c336,0,7,2021-05-03,96,1.0,True,184.0,177.2566680908203,-6.7433319091796875,6.7433319091796875,2021-05-03 08:30:00,2021-05-03 13:45:00,315.0,315.0
D2,F5-2-dlinear-c336,0,7,2021-05-04,96,1.0,True,181.0,183.23895263671875,2.23895263671875,2.23895263671875,2021-05-04 08:30:00,2021-05-04 13:45:00,315.0,315.0
D2,F5-2-dlinear-c336,0,7,2021-05-05,96,1.0,True,120.0,149.86093139648438,29.860931396484375,29.860931396484375,2021-05-05 04:15:00,2021-05-05 08:30:00,255.0,255.0
D2,F5-2-dlinear-c336,0,7,2021-05-06,96,1.0,True,199.0,185.99728393554688,-13.002716064453125,13.002716064453125,2021-05-06 09:00:00,2021-05-06 11:45:00,165.0,165.0
D2,F5-2-dlinear-c336,0,7,2021-05-07,96,1.0,True,181.0,177.0670166015625,-3.9329833984375,3.9329833984375,2021-05-07 09:00:00,2021-05-07 09:30:00,30.0,30.0
D2,F5-2-dlinear-c336,0,7,2021-05-08,96,1.0,True,115.0,144.62576293945312,29.625762939453125,29.625762939453125,2021-05-08 02:00:00,2021-05-08 08:30:00,390.0,390.0
D2,F5-2-dlinear-c336,0,7,2021-05-09,96,1.0,True,184.0,169.63751220703125,-14.36248779296875,14.36248779296875,2021-05-09 09:00:00,2021-05-09 13:30:00,270.0,270.0
D2,F5-2-dlinear-c336,0,8,2021-04-19,96,1.0,True,172.0,165.63331604003906,-6.3666839599609375,6.3666839599609375,2021-04-19 08:45:00,2021-04-19 13:15:00,270.0,270.0
D2,F5-2-dlinear-c336,0,8,2021-04-20,96,1.0,True,172.0,173.35919189453125,1.35919189453125,1.35919189453125,2021-04-20 08:45:00,2021-04-20 14:00:00,315.0,315.0
D2,F5-2-dlinear-c336,0,8,2021-04-21,96,1.0,True,174.0,183.54513549804688,9.545135498046875,9.545135498046875,2021-04-21 08:30:00,2021-04-21 09:45:00,75.0,75.0
D2,F5-2-dlinear-c336,0,8,2021-04-22,96,1.0,True,174.0,168.32122802734375,-5.67877197265625,5.67877197265625,2021-04-22 08:30:00,2021-04-22 11:15:00,165.0,165.0
D2,F5-2-dlinear-c336,0,8,2021-04-23,96,1.0,True,174.0,162.59722900390625,-11.40277099609375,11.40277099609375,2021-04-23 08:30:00,2021-04-23 11:15:00,165.0,165.0
D2,F5-2-dlinear-c336,0,8,2021-04-24,96,1.0,True,112.0,136.4024200439453,24.402420043945312,24.402420043945312,2021-04-24 06:15:00,2021-04-24 08:30:00,135.0,135.0
D2,F5-2-dlinear-c336,0,8,2021-04-25,96,1.0,True,25.0,43.070499420166016,18.070499420166016,18.070499420166016,2021-04-25 01:30:00,2021-04-25 02:30:00,60.0,60.0
D2,F5-2-dlinear-c336,0,8,2021-05-03,96,1.0,True,184.0,174.8375244140625,-9.1624755859375,9.1624755859375,2021-05-03 08:30:00,2021-05-03 14:00:00,330.0,330.0
D2,F5-2-dlinear-c336,0,8,2021-05-04,96,1.0,True,181.0,186.15289306640625,5.15289306640625,5.15289306640625,2021-05-04 08:30:00,2021-05-04 14:00:00,330.0,330.0
D2,F5-2-dlinear-c336,0,8,2021-05-05,96,1.0,True,120.0,153.1444854736328,33.14448547363281,33.14448547363281,2021-05-05 04:15:00,2021-05-05 08:30:00,255.0,255.0
D2,F5-2-dlinear-c336,0,8,2021-05-06,96,1.0,True,199.0,185.57949829101562,-13.420501708984375,13.420501708984375,2021-05-06 09:00:00,2021-05-06 12:00:00,180.0,180.0
D2,F5-2-dlinear-c336,0,8,2021-05-07,96,1.0,True,181.0,174.4611053466797,-6.5388946533203125,6.5388946533203125,2021-05-07 09:00:00,2021-05-07 09:45:00,45.0,45.0
D2,F5-2-dlinear-c336,0,8,2021-05-08,96,1.0,True,115.0,150.62539672851562,35.625396728515625,35.625396728515625,2021-05-08 02:00:00,2021-05-08 08:45:00,405.0,405.0
D2,F5-2-dlinear-c336,0,8,2021-05-09,96,1.0,True,184.0,172.8883819580078,-11.111618041992188,11.111618041992188,2021-05-09 09:00:00,2021-05-09 13:15:00,255.0,255.0
D2,F5-2-dlinear-c336,0,9,2021-04-19,96,1.0,True,172.0,163.84727478027344,-8.152725219726562,8.152725219726562,2021-04-19 08:45:00,2021-04-19 13:30:00,285.0,285.0
D2,F5-2-dlinear-c336,0,9,2021-04-20,96,1.0,True,172.0,173.720703125,1.720703125,1.720703125,2021-04-20 08:45:00,2021-04-20 16:00:00,435.0,435.0
D2,F5-2-dlinear-c336,0,9,2021-04-21,96,1.0,True,174.0,181.17672729492188,7.176727294921875,7.176727294921875,2021-04-21 08:30:00,2021-04-21 08:45:00,15.0,15.0
D2,F5-2-dlinear-c336,0,9,2021-04-22,96,1.0,True,174.0,167.54421997070312,-6.455780029296875,6.455780029296875,2021-04-22 08:30:00,2021-04-22 10:45:00,135.0,135.0
D2,F5-2-dlinear-c336,0,9,2021-04-23,96,1.0,True,174.0,163.05795288085938,-10.942047119140625,10.942047119140625,2021-04-23 08:30:00,2021-04-23 10:45:00,135.0,135.0
D2,F5-2-dlinear-c336,0,9,2021-04-24,96,1.0,True,112.0,139.63156127929688,27.631561279296875,27.631561279296875,2021-04-24 06:15:00,2021-04-24 08:30:00,135.0,135.0
D2,F5-2-dlinear-c336,0,9,2021-04-25,96,1.0,True,25.0,41.639312744140625,16.639312744140625,16.639312744140625,2021-04-25 01:30:00,2021-04-25 02:30:00,60.0,60.0
D2,F5-2-dlinear-c336,0,9,2021-05-03,96,1.0,True,184.0,177.67718505859375,-6.32281494140625,6.32281494140625,2021-05-03 08:30:00,2021-05-03 16:00:00,450.0,450.0
D2,F5-2-dlinear-c336,0,9,2021-05-04,96,1.0,True,181.0,183.84481811523438,2.844818115234375,2.844818115234375,2021-05-04 08:30:00,2021-05-04 14:15:00,345.0,345.0
D2,F5-2-dlinear-c336,0,9,2021-05-05,96,1.0,True,120.0,154.50323486328125,34.50323486328125,34.50323486328125,2021-05-05 04:15:00,2021-05-05 08:45:00,270.0,270.0
D2,F5-2-dlinear-c336,0,9,2021-05-06,96,1.0,True,199.0,181.46957397460938,-17.530426025390625,17.530426025390625,2021-05-06 09:00:00,2021-05-06 12:00:00,180.0,180.0
D2,F5-2-dlinear-c336,0,9,2021-05-07,96,1.0,True,181.0,174.9495391845703,-6.0504608154296875,6.0504608154296875,2021-05-07 09:00:00,2021-05-07 16:00:00,420.0,420.0
D2,F5-2-dlinear-c336,0,9,2021-05-08,96,1.0,True,115.0,154.92355346679688,39.923553466796875,39.923553466796875,2021-05-08 02:00:00,2021-05-08 08:45:00,405.0,405.0
D2,F5-2-dlinear-c336,0,9,2021-05-09,96,1.0,True,184.0,167.4638671875,-16.5361328125,16.5361328125,2021-05-09 09:00:00,2021-05-09 13:30:00,270.0,270.0
D2,F5-2-dlinear-c336,0,10,2021-04-19,96,1.0,True,172.0,162.90066528320312,-9.099334716796875,9.099334716796875,2021-04-19 08:45:00,2021-04-19 13:45:00,300.0,300.0
D2,F5-2-dlinear-c336,0,10,2021-04-20,96,1.0,True,172.0,172.23841857910156,0.2384185791015625,0.2384185791015625,2021-04-20 08:45:00,2021-04-20 16:15:00,450.0,450.0
D2,F5-2-dlinear-c336,0,10,2021-04-21,96,1.0,True,174.0,181.9571533203125,7.9571533203125,7.9571533203125,2021-04-21 08:30:00,2021-04-21 09:00:00,30.0,30.0
D2,F5-2-dlinear-c336,0,10,2021-04-22,96,1.0,True,174.0,170.77142333984375,-3.22857666015625,3.22857666015625,2021-04-22 08:30:00,2021-04-22 11:00:00,150.0,150.0
D2,F5-2-dlinear-c336,0,10,2021-04-23,96,1.0,True,174.0,162.04885864257812,-11.951141357421875,11.951141357421875,2021-04-23 08:30:00,2021-04-23 11:00:00,150.0,150.0
D2,F5-2-dlinear-c336,0,10,2021-04-24,96,1.0,True,112.0,139.67649841308594,27.676498413085938,27.676498413085938,2021-04-24 06:15:00,2021-04-24 08:45:00,150.0,150.0
D2,F5-2-dlinear-c336,0,10,2021-04-25,96,1.0,True,25.0,41.67094039916992,16.670940399169922,16.670940399169922,2021-04-25 01:30:00,2021-04-25 03:30:00,120.0,120.0
D2,F5-2-dlinear-c336,0,10,2021-05-03,96,1.0,True,184.0,179.12387084960938,-4.876129150390625,4.876129150390625,2021-05-03 08:30:00,2021-05-03 16:30:00,480.0,480.0
D2,F5-2-dlinear-c336,0,10,2021-05-04,96,1.0,True,181.0,179.03594970703125,-1.96405029296875,1.96405029296875,2021-05-04 08:30:00,2021-05-04 13:45:00,315.0,315.0
D2,F5-2-dlinear-c336,0,10,2021-05-05,96,1.0,True,120.0,156.7935028076172,36.79350280761719,36.79350280761719,2021-05-05 04:15:00,2021-05-05 09:00:00,285.0,285.0
D2,F5-2-dlinear-c336,0,10,2021-05-06,96,1.0,True,199.0,182.08804321289062,-16.911956787109375,16.911956787109375,2021-05-06 09:00:00,2021-05-06 12:00:00,180.0,180.0
D2,F5-2-dlinear-c336,0,10,2021-05-07,96,1.0,True,181.0,169.08425903320312,-11.915740966796875,11.915740966796875,2021-05-07 09:00:00,2021-05-07 16:30:00,450.0,450.0
D2,F5-2-dlinear-c336,0,10,2021-05-08,96,1.0,True,115.0,154.3292236328125,39.3292236328125,39.3292236328125,2021-05-08 02:00:00,2021-05-08 08:45:00,405.0,405.0
D2,F5-2-dlinear-c336,0,10,2021-05-09,96,1.0,True,184.0,167.61712646484375,-16.38287353515625,16.38287353515625,2021-05-09 09:00:00,2021-05-09 13:45:00,285.0,285.0
D2,F5-2-dlinear-c336,0,11,2021-04-19,96,1.0,True,172.0,162.03285217285156,-9.967147827148438,9.967147827148438,2021-04-19 08:45:00,2021-04-19 14:00:00,315.0,315.0
D2,F5-2-dlinear-c336,0,11,2021-04-20,96,1.0,True,172.0,173.02012634277344,1.0201263427734375,1.0201263427734375,2021-04-20 08:45:00,2021-04-20 16:30:00,465.0,465.0
D2,F5-2-dlinear-c336,0,11,2021-04-21,96,1.0,True,174.0,183.52056884765625,9.52056884765625,9.52056884765625,2021-04-21 08:30:00,2021-04-21 09:15:00,45.0,45.0
D2,F5-2-dlinear-c336,0,11,2021-04-22,96,1.0,True,174.0,170.65151977539062,-3.348480224609375,3.348480224609375,2021-04-22 08:30:00,2021-04-22 11:00:00,150.0,150.0
D2,F5-2-dlinear-c336,0,11,2021-04-23,96,1.0,True,174.0,161.68887329101562,-12.311126708984375,12.311126708984375,2021-04-23 08:30:00,2021-04-23 11:15:00,165.0,165.0
D2,F5-2-dlinear-c336,0,11,2021-04-24,96,1.0,True,112.0,139.30120849609375,27.30120849609375,27.30120849609375,2021-04-24 06:15:00,2021-04-24 09:00:00,165.0,165.0
D2,F5-2-dlinear-c336,0,11,2021-04-25,96,1.0,True,25.0,43.64130401611328,18.64130401611328,18.64130401611328,2021-04-25 01:30:00,2021-04-25 03:30:00,120.0,120.0
D2,F5-2-dlinear-c336,0,11,2021-05-03,96,1.0,True,184.0,175.51014709472656,-8.489852905273438,8.489852905273438,2021-05-03 08:30:00,2021-05-03 16:30:00,480.0,480.0
D2,F5-2-dlinear-c336,0,11,2021-05-04,96,1.0,True,181.0,180.66830444335938,-0.331695556640625,0.331695556640625,2021-05-04 08:30:00,2021-05-04 14:00:00,330.0,330.0
D2,F5-2-dlinear-c336,0,11,2021-05-05,96,1.0,True,120.0,160.88998413085938,40.889984130859375,40.889984130859375,2021-05-05 04:15:00,2021-05-05 09:15:00,300.0,300.0
D2,F5-2-dlinear-c336,0,11,2021-05-06,96,1.0,True,199.0,176.01622009277344,-22.983779907226562,22.983779907226562,2021-05-06 09:00:00,2021-05-06 13:45:00,285.0,285.0
D2,F5-2-dlinear-c336,0,11,2021-05-07,96,1.0,True,181.0,171.7603759765625,-9.2396240234375,9.2396240234375,2021-05-07 09:00:00,2021-05-07 16:30:00,450.0,450.0
D2,F5-2-dlinear-c336,0,11,2021-05-08,96,1.0,True,115.0,158.8809814453125,43.8809814453125,43.8809814453125,2021-05-08 02:00:00,2021-05-08 09:00:00,420.0,420.0
D2,F5-2-dlinear-c336,0,11,2021-05-09,96,1.0,True,184.0,166.45912170410156,-17.540878295898438,17.540878295898438,2021-05-09 09:00:00,2021-05-09 13:45:00,285.0,285.0
D2,F5-2-dlinear-c336,0,12,2021-04-19,96,1.0,True,172.0,161.07525634765625,-10.92474365234375,10.92474365234375,2021-04-19 08:45:00,2021-04-19 13:45:00,300.0,300.0
D2,F5-2-dlinear-c336,0,12,2021-04-20,96,1.0,True,172.0,172.10601806640625,0.10601806640625,0.10601806640625,2021-04-20 08:45:00,2021-04-20 13:45:00,300.0,300.0
D2,F5-2-dlinear-c336,0,12,2021-04-21,96,1.0,True,174.0,183.51925659179688,9.519256591796875,9.519256591796875,2021-04-21 08:30:00,2021-04-21 10:45:00,135.0,135.0
D2,F5-2-dlinear-c336,0,12,2021-04-22,96,1.0,True,174.0,170.72848510742188,-3.271514892578125,3.271514892578125,2021-04-22 08:30:00,2021-04-22 11:15:00,165.0,165.0
D2,F5-2-dlinear-c336,0,12,2021-04-23,96,1.0,True,174.0,162.43130493164062,-11.568695068359375,11.568695068359375,2021-04-23 08:30:00,2021-04-23 11:15:00,165.0,165.0
D2,F5-2-dlinear-c336,0,12,2021-04-24,96,1.0,True,112.0,139.1519775390625,27.1519775390625,27.1519775390625,2021-04-24 06:15:00,2021-04-24 09:15:00,180.0,180.0
D2,F5-2-dlinear-c336,0,12,2021-04-25,96,1.0,True,25.0,46.31422805786133,21.314228057861328,21.314228057861328,2021-04-25 01:30:00,2021-04-25 03:30:00,120.0,120.0
D2,F5-2-dlinear-c336,0,12,2021-05-03,96,1.0,True,184.0,170.94667053222656,-13.053329467773438,13.053329467773438,2021-05-03 08:30:00,2021-05-03 16:45:00,495.0,495.0
D2,F5-2-dlinear-c336,0,12,2021-05-04,96,1.0,True,181.0,176.5145263671875,-4.4854736328125,4.4854736328125,2021-05-04 08:30:00,2021-05-04 14:15:00,345.0,345.0
D2,F5-2-dlinear-c336,0,12,2021-05-05,96,1.0,True,120.0,161.13052368164062,41.130523681640625,41.130523681640625,2021-05-05 04:15:00,2021-05-05 09:30:00,315.0,315.0
D2,F5-2-dlinear-c336,0,12,2021-05-06,96,1.0,True,199.0,176.7521209716797,-22.247879028320312,22.247879028320312,2021-05-06 09:00:00,2021-05-06 14:00:00,300.0,300.0
D2,F5-2-dlinear-c336,0,12,2021-05-07,96,1.0,True,181.0,168.5962677001953,-12.403732299804688,12.403732299804688,2021-05-07 09:00:00,2021-05-07 16:45:00,465.0,465.0
D2,F5-2-dlinear-c336,0,12,2021-05-08,96,1.0,True,115.0,154.9832763671875,39.9832763671875,39.9832763671875,2021-05-08 02:00:00,2021-05-08 09:30:00,450.0,450.0
D2,F5-2-dlinear-c336,0,12,2021-05-09,96,1.0,True,184.0,166.50526428222656,-17.494735717773438,17.494735717773438,2021-05-09 09:00:00,2021-05-09 13:45:00,285.0,285.0
D2,F5-2-dlinear-c336,0,13,2021-04-19,96,1.0,True,172.0,160.268798828125,-11.731201171875,11.731201171875,2021-04-19 08:45:00,2021-04-19 14:00:00,315.0,315.0
D2,F5-2-dlinear-c336,0,13,2021-04-20,96,1.0,True,172.0,174.44241333007812,2.442413330078125,2.442413330078125,2021-04-20 08:45:00,2021-04-20 14:00:00,315.0,315.0
D2,F5-2-dlinear-c336,0,13,2021-04-21,96,1.0,True,174.0,182.01370239257812,8.013702392578125,8.013702392578125,2021-04-21 08:30:00,2021-04-21 11:00:00,150.0,150.0
D2,F5-2-dlinear-c336,0,13,2021-04-22,96,1.0,True,174.0,165.16751098632812,-8.832489013671875,8.832489013671875,2021-04-22 08:30:00,2021-04-22 11:00:00,150.0,150.0
D2,F5-2-dlinear-c336,0,13,2021-04-23,96,1.0,True,174.0,160.09957885742188,-13.900421142578125,13.900421142578125,2021-04-23 08:30:00,2021-04-23 13:45:00,315.0,315.0
D2,F5-2-dlinear-c336,0,13,2021-04-24,96,1.0,True,112.0,135.11053466796875,23.11053466796875,23.11053466796875,2021-04-24 06:15:00,2021-04-24 09:30:00,195.0,195.0
D2,F5-2-dlinear-c336,0,13,2021-04-25,96,1.0,True,25.0,45.04248046875,20.04248046875,20.04248046875,2021-04-25 01:30:00,2021-04-25 03:45:00,135.0,135.0
D2,F5-2-dlinear-c336,0,13,2021-05-03,96,1.0,True,184.0,165.41331481933594,-18.586685180664062,18.586685180664062,2021-05-03 08:30:00,2021-05-03 15:15:00,405.0,405.0
D2,F5-2-dlinear-c336,0,13,2021-05-04,96,1.0,True,181.0,179.99655151367188,-1.003448486328125,1.003448486328125,2021-05-04 08:30:00,2021-05-04 14:00:00,330.0,330.0
D2,F5-2-dlinear-c336,0,13,2021-05-05,96,1.0,True,120.0,164.55247497558594,44.55247497558594,44.55247497558594,2021-05-05 04:15:00,2021-05-05 09:45:00,330.0,330.0
D2,F5-2-dlinear-c336,0,13,2021-05-06,96,1.0,True,199.0,181.15933227539062,-17.840667724609375,17.840667724609375,2021-05-06 09:00:00,2021-05-06 13:15:00,255.0,255.0
D2,F5-2-dlinear-c336,0,13,2021-05-07,96,1.0,True,181.0,168.75376892089844,-12.246231079101562,12.246231079101562,2021-05-07 09:00:00,2021-05-07 16:30:00,450.0,450.0
D2,F5-2-dlinear-c336,0,13,2021-05-08,96,1.0,True,115.0,157.31089782714844,42.31089782714844,42.31089782714844,2021-05-08 02:00:00,2021-05-08 09:30:00,450.0,450.0
D2,F5-2-dlinear-c336,0,13,2021-05-09,96,1.0,True,184.0,162.15322875976562,-21.846771240234375,21.846771240234375,2021-05-09 09:00:00,2021-05-09 13:45:00,285.0,285.0
D2,F5-2-dlinear-c336,0,14,2021-04-19,96,1.0,True,172.0,163.28167724609375,-8.71832275390625,8.71832275390625,2021-04-19 08:45:00,2021-04-19 15:30:00,405.0,405.0
D2,F5-2-dlinear-c336,0,14,2021-04-20,96,1.0,True,172.0,175.91162109375,3.91162109375,3.91162109375,2021-04-20 08:45:00,2021-04-20 15:30:00,405.0,405.0
D2,F5-2-dlinear-c336,0,14,2021-04-21,96,1.0,True,174.0,182.86758422851562,8.867584228515625,8.867584228515625,2021-04-21 08:30:00,2021-04-21 09:45:00,75.0,75.0
D2,F5-2-dlinear-c336,0,14,2021-04-22,96,1.0,True,174.0,163.95887756347656,-10.041122436523438,10.041122436523438,2021-04-22 08:30:00,2021-04-22 14:30:00,360.0,360.0
D2,F5-2-dlinear-c336,0,14,2021-04-23,96,1.0,True,174.0,157.18222045898438,-16.817779541015625,16.817779541015625,2021-04-23 08:30:00,2021-04-23 15:45:00,435.0,435.0
D2,F5-2-dlinear-c336,0,14,2021-04-24,96,1.0,True,112.0,133.29823303222656,21.298233032226562,21.298233032226562,2021-04-24 06:15:00,2021-04-24 09:45:00,210.0,210.0
D2,F5-2-dlinear-c336,0,14,2021-04-25,96,1.0,True,25.0,43.421443939208984,18.421443939208984,18.421443939208984,2021-04-25 01:30:00,2021-04-25 01:45:00,15.0,15.0
D2,F5-2-dlinear-c336,0,14,2021-05-03,96,1.0,True,184.0,172.3372039794922,-11.662796020507812,11.662796020507812,2021-05-03 08:30:00,2021-05-03 15:30:00,420.0,420.0
D2,F5-2-dlinear-c336,0,14,2021-05-04,96,1.0,True,181.0,179.9861297607422,-1.0138702392578125,1.0138702392578125,2021-05-04 08:30:00,2021-05-04 14:00:00,330.0,330.0
D2,F5-2-dlinear-c336,0,14,2021-05-05,96,1.0,True,120.0,164.5579071044922,44.55790710449219,44.55790710449219,2021-05-05 04:15:00,2021-05-05 09:45:00,330.0,330.0
D2,F5-2-dlinear-c336,0,14,2021-05-06,96,1.0,True,199.0,181.67941284179688,-17.320587158203125,17.320587158203125,2021-05-06 09:00:00,2021-05-06 13:30:00,270.0,270.0
D2,F5-2-dlinear-c336,0,14,2021-05-07,96,1.0,True,181.0,168.42518615722656,-12.574813842773438,12.574813842773438,2021-05-07 09:00:00,2021-05-07 16:45:00,465.0,465.0
D2,F5-2-dlinear-c336,0,14,2021-05-08,96,1.0,True,115.0,156.80206298828125,41.80206298828125,41.80206298828125,2021-05-08 02:00:00,2021-05-08 09:45:00,465.0,465.0
D2,F5-2-dlinear-c336,0,14,2021-05-09,96,1.0,True,184.0,162.16339111328125,-21.83660888671875,21.83660888671875,2021-05-09 09:00:00,2021-05-09 14:00:00,300.0,300.0
D2,F5-2-dlinear-c336,0,15,2021-04-19,96,1.0,True,172.0,163.80953979492188,-8.190460205078125,8.190460205078125,2021-04-19 08:45:00,2021-04-19 15:45:00,420.0,420.0
D2,F5-2-dlinear-c336,0,15,2021-04-20,96,1.0,True,172.0,181.8062744140625,9.8062744140625,9.8062744140625,2021-04-20 08:45:00,2021-04-20 15:45:00,420.0,420.0
D2,F5-2-dlinear-c336,0,15,2021-04-21,96,1.0,True,174.0,177.18807983398438,3.188079833984375,3.188079833984375,2021-04-21 08:30:00,2021-04-21 09:45:00,75.0,75.0
D2,F5-2-dlinear-c336,0,15,2021-04-22,96,1.0,True,174.0,163.21514892578125,-10.78485107421875,10.78485107421875,2021-04-22 08:30:00,2021-04-22 14:30:00,360.0,360.0
D2,F5-2-dlinear-c336,0,15,2021-04-23,96,1.0,True,174.0,158.982666015625,-15.017333984375,15.017333984375,2021-04-23 08:30:00,2021-04-23 15:45:00,435.0,435.0
D2,F5-2-dlinear-c336,0,15,2021-04-24,96,1.0,True,112.0,129.419677734375,17.419677734375,17.419677734375,2021-04-24 06:15:00,2021-04-24 09:45:00,210.0,210.0
D2,F5-2-dlinear-c336,0,15,2021-04-25,96,1.0,True,25.0,46.618595123291016,21.618595123291016,21.618595123291016,2021-04-25 01:30:00,2021-04-25 04:45:00,195.0,195.0
D2,F5-2-dlinear-c336,0,15,2021-05-03,96,1.0,True,184.0,174.3052978515625,-9.6947021484375,9.6947021484375,2021-05-03 08:30:00,2021-05-03 15:45:00,435.0,435.0
D2,F5-2-dlinear-c336,0,15,2021-05-04,96,1.0,True,181.0,178.04319763183594,-2.9568023681640625,2.9568023681640625,2021-05-04 08:30:00,2021-05-04 14:15:00,345.0,345.0
D2,F5-2-dlinear-c336,0,15,2021-05-05,96,1.0,True,120.0,163.9315185546875,43.9315185546875,43.9315185546875,2021-05-05 04:15:00,2021-05-05 09:30:00,315.0,315.0
D2,F5-2-dlinear-c336,0,15,2021-05-06,96,1.0,True,199.0,182.085205078125,-16.914794921875,16.914794921875,2021-05-06 09:00:00,2021-05-06 13:45:00,285.0,285.0
D2,F5-2-dlinear-c336,0,15,2021-05-07,96,1.0,True,181.0,164.7966766357422,-16.203323364257812,16.203323364257812,2021-05-07 09:00:00,2021-05-07 13:45:00,285.0,285.0
D2,F5-2-dlinear-c336,0,15,2021-05-08,96,1.0,True,115.0,149.3611297607422,34.36112976074219,34.36112976074219,2021-05-08 02:00:00,2021-05-08 09:30:00,450.0,450.0
D2,F5-2-dlinear-c336,0,15,2021-05-09,96,1.0,True,184.0,164.91705322265625,-19.08294677734375,19.08294677734375,2021-05-09 09:00:00,2021-05-09 15:30:00,390.0,390.0
D2,F5-2-dlinear-c336,0,16,2021-04-19,96,1.0,True,172.0,163.44439697265625,-8.55560302734375,8.55560302734375,2021-04-19 08:45:00,2021-04-19 16:00:00,435.0,435.0
D2,F5-2-dlinear-c336,0,16,2021-04-20,96,1.0,True,172.0,183.6460723876953,11.646072387695312,11.646072387695312,2021-04-20 08:45:00,2021-04-20 16:00:00,435.0,435.0
D2,F5-2-dlinear-c336,0,16,2021-04-21,96,1.0,True,174.0,180.25437927246094,6.2543792724609375,6.2543792724609375,2021-04-21 08:30:00,2021-04-21 09:00:00,30.0,30.0
D2,F5-2-dlinear-c336,0,16,2021-04-22,96,1.0,True,174.0,165.33154296875,-8.66845703125,8.66845703125,2021-04-22 08:30:00,2021-04-22 14:30:00,360.0,360.0
D2,F5-2-dlinear-c336,0,16,2021-04-23,96,1.0,True,174.0,157.30845642089844,-16.691543579101562,16.691543579101562,2021-04-23 08:30:00,2021-04-23 15:45:00,435.0,435.0
D2,F5-2-dlinear-c336,0,16,2021-04-24,96,1.0,True,112.0,131.42909240722656,19.429092407226562,19.429092407226562,2021-04-24 06:15:00,2021-04-24 10:45:00,270.0,270.0
D2,F5-2-dlinear-c336,0,16,2021-04-25,96,1.0,True,25.0,48.55455780029297,23.55455780029297,23.55455780029297,2021-04-25 01:30:00,2021-04-25 04:45:00,195.0,195.0
D2,F5-2-dlinear-c336,0,16,2021-05-03,96,1.0,True,184.0,173.5363311767578,-10.463668823242188,10.463668823242188,2021-05-03 08:30:00,2021-05-03 16:00:00,450.0,450.0
D2,F5-2-dlinear-c336,0,16,2021-05-04,96,1.0,True,181.0,179.29360961914062,-1.706390380859375,1.706390380859375,2021-05-04 08:30:00,2021-05-04 16:00:00,450.0,450.0
D2,F5-2-dlinear-c336,0,16,2021-05-05,96,1.0,True,120.0,170.09024047851562,50.090240478515625,50.090240478515625,2021-05-05 04:15:00,2021-05-05 09:45:00,330.0,330.0
D2,F5-2-dlinear-c336,0,16,2021-05-06,96,1.0,True,199.0,182.82635498046875,-16.17364501953125,16.17364501953125,2021-05-06 09:00:00,2021-05-06 14:00:00,300.0,300.0
D2,F5-2-dlinear-c336,0,16,2021-05-07,96,1.0,True,181.0,164.65533447265625,-16.34466552734375,16.34466552734375,2021-05-07 09:00:00,2021-05-07 16:30:00,450.0,450.0
D2,F5-2-dlinear-c336,0,16,2021-05-08,96,1.0,True,115.0,156.00344848632812,41.003448486328125,41.003448486328125,2021-05-08 02:00:00,2021-05-08 08:45:00,405.0,405.0
D2,F5-2-dlinear-c336,0,16,2021-05-09,96,1.0,True,184.0,166.10562133789062,-17.894378662109375,17.894378662109375,2021-05-09 09:00:00,2021-05-09 15:45:00,405.0,405.0
D2,F5-2-dlinear-c336,1,4,2021-05-31,95,0.9895833333333334,False,172.0,170.3068389892578,-1.6931610107421875,1.6931610107421875,2021-05-31 10:30:00,2021-05-31 20:45:00,615.0,615.0
D2,F5-2-dlinear-c336,1,4,2021-06-01,1,0.010416666666666666,False,71.0,97.2181167602539,26.218116760253906,26.218116760253906,2021-06-01 00:00:00,2021-06-01 00:00:00,0.0,0.0
D2,F5-2-dlinear-c336,1,4,2021-06-20,95,0.9895833333333334,False,28.0,41.32270812988281,13.322708129882812,13.322708129882812,2021-06-20 15:15:00,2021-06-20 01:45:00,-810.0,810.0
D2,F5-2-dlinear-c336,1,5,2021-05-31,95,0.9895833333333334,False,172.0,171.59930419921875,-0.40069580078125,0.40069580078125,2021-05-31 10:30:00,2021-05-31 13:15:00,165.0,165.0
D2,F5-2-dlinear-c336,1,5,2021-06-01,1,0.010416666666666666,False,71.0,100.38145446777344,29.381454467773438,29.381454467773438,2021-06-01 00:00:00,2021-06-01 00:00:00,0.0,0.0
D2,F5-2-dlinear-c336,1,5,2021-06-20,95,0.9895833333333334,False,28.0,45.734535217285156,17.734535217285156,17.734535217285156,2021-06-20 15:15:00,2021-06-20 01:45:00,-810.0,810.0
D2,F5-2-dlinear-c336,1,6,2021-05-31,95,0.9895833333333334,False,172.0,174.0892333984375,2.0892333984375,2.0892333984375,2021-05-31 10:30:00,2021-05-31 13:30:00,180.0,180.0
D2,F5-2-dlinear-c336,1,6,2021-06-01,1,0.010416666666666666,False,71.0,100.14043426513672,29.14043426513672,29.14043426513672,2021-06-01 00:00:00,2021-06-01 00:00:00,0.0,0.0
D2,F5-2-dlinear-c336,1,6,2021-06-20,95,0.9895833333333334,False,28.0,46.782981872558594,18.782981872558594,18.782981872558594,2021-06-20 15:15:00,2021-06-20 01:45:00,-810.0,810.0
D2,F5-2-dlinear-c336,1,7,2021-05-31,95,0.9895833333333334,False,172.0,175.94406127929688,3.944061279296875,3.944061279296875,2021-05-31 10:30:00,2021-05-31 13:45:00,195.0,195.0
D2,F5-2-dlinear-c336,1,7,2021-06-01,1,0.010416666666666666,False,71.0,98.36338806152344,27.363388061523438,27.363388061523438,2021-06-01 00:00:00,2021-06-01 00:00:00,0.0,0.0
D2,F5-2-dlinear-c336,1,7,2021-06-20,95,0.9895833333333334,False,28.0,46.63083267211914,18.63083267211914,18.63083267211914,2021-06-20 15:15:00,2021-06-20 02:30:00,-765.0,765.0
D2,F5-2-dlinear-c336,1,8,2021-05-31,95,0.9895833333333334,False,172.0,175.26730346679688,3.267303466796875,3.267303466796875,2021-05-31 10:30:00,2021-05-31 14:00:00,210.0,210.0
D2,F5-2-dlinear-c336,1,8,2021-06-01,1,0.010416666666666666,False,71.0,102.08857727050781,31.088577270507812,31.088577270507812,2021-06-01 00:00:00,2021-06-01 00:00:00,0.0,0.0
D2,F5-2-dlinear-c336,1,8,2021-06-20,95,0.9895833333333334,False,28.0,44.664817810058594,16.664817810058594,16.664817810058594,2021-06-20 15:15:00,2021-06-20 03:00:00,-735.0,735.0
D2,F5-2-dlinear-c336,1,9,2021-05-31,95,0.9895833333333334,False,172.0,171.85586547851562,-0.144134521484375,0.144134521484375,2021-05-31 10:30:00,2021-05-31 14:15:00,225.0,225.0
D2,F5-2-dlinear-c336,1,9,2021-06-01,1,0.010416666666666666,False,71.0,99.33141326904297,28.33141326904297,28.33141326904297,2021-06-01 00:00:00,2021-06-01 00:00:00,0.0,0.0
D2,F5-2-dlinear-c336,1,9,2021-06-20,95,0.9895833333333334,False,28.0,46.76838684082031,18.768386840820312,18.768386840820312,2021-06-20 15:15:00,2021-06-20 03:00:00,-735.0,735.0
D2,F5-2-dlinear-c336,1,10,2021-05-31,95,0.9895833333333334,False,172.0,168.96630859375,-3.03369140625,3.03369140625,2021-05-31 10:30:00,2021-05-31 14:30:00,240.0,240.0
D2,F5-2-dlinear-c336,1,10,2021-06-01,1,0.010416666666666666,False,71.0,91.35771942138672,20.35771942138672,20.35771942138672,2021-06-01 00:00:00,2021-06-01 00:00:00,0.0,0.0
D2,F5-2-dlinear-c336,1,10,2021-06-20,95,0.9895833333333334,False,28.0,45.18747329711914,17.18747329711914,17.18747329711914,2021-06-20 15:15:00,2021-06-20 03:30:00,-705.0,705.0
D2,F5-2-dlinear-c336,1,11,2021-05-31,95,0.9895833333333334,False,172.0,168.33087158203125,-3.66912841796875,3.66912841796875,2021-05-31 10:30:00,2021-05-31 14:00:00,210.0,210.0
D2,F5-2-dlinear-c336,1,11,2021-06-01,1,0.010416666666666666,False,71.0,88.98888397216797,17.98888397216797,17.98888397216797,2021-06-01 00:00:00,2021-06-01 00:00:00,0.0,0.0
D2,F5-2-dlinear-c336,1,11,2021-06-20,95,0.9895833333333334,False,28.0,48.27960968017578,20.27960968017578,20.27960968017578,2021-06-20 15:15:00,2021-06-20 03:30:00,-705.0,705.0
D2,F5-2-dlinear-c336,1,12,2021-05-31,95,0.9895833333333334,False,172.0,168.91436767578125,-3.08563232421875,3.08563232421875,2021-05-31 10:30:00,2021-05-31 13:45:00,195.0,195.0
D2,F5-2-dlinear-c336,1,12,2021-06-01,1,0.010416666666666666,False,71.0,96.82727813720703,25.82727813720703,25.82727813720703,2021-06-01 00:00:00,2021-06-01 00:00:00,0.0,0.0
D2,F5-2-dlinear-c336,1,12,2021-06-20,95,0.9895833333333334,False,28.0,47.1989860534668,19.198986053466797,19.198986053466797,2021-06-20 15:15:00,2021-06-20 03:30:00,-705.0,705.0
D2,F5-2-dlinear-c336,1,13,2021-05-31,95,0.9895833333333334,False,172.0,168.9551544189453,-3.0448455810546875,3.0448455810546875,2021-05-31 10:30:00,2021-05-31 14:00:00,210.0,210.0
D2,F5-2-dlinear-c336,1,13,2021-06-01,1,0.010416666666666666,False,71.0,101.85198974609375,30.85198974609375,30.85198974609375,2021-06-01 00:00:00,2021-06-01 00:00:00,0.0,0.0
D2,F5-2-dlinear-c336,1,13,2021-06-20,95,0.9895833333333334,False,28.0,41.834136962890625,13.834136962890625,13.834136962890625,2021-06-20 15:15:00,2021-06-20 03:30:00,-705.0,705.0
D2,F5-2-dlinear-c336,1,14,2021-05-31,95,0.9895833333333334,False,172.0,170.28909301757812,-1.710906982421875,1.710906982421875,2021-05-31 10:30:00,2021-05-31 14:15:00,225.0,225.0
D2,F5-2-dlinear-c336,1,14,2021-06-01,1,0.010416666666666666,False,71.0,106.98480224609375,35.98480224609375,35.98480224609375,2021-06-01 00:00:00,2021-06-01 00:00:00,0.0,0.0
D2,F5-2-dlinear-c336,1,14,2021-06-20,95,0.9895833333333334,False,28.0,40.549293518066406,12.549293518066406,12.549293518066406,2021-06-20 15:15:00,2021-06-20 01:45:00,-810.0,810.0
D2,F5-2-dlinear-c336,1,15,2021-05-31,95,0.9895833333333334,False,172.0,169.17742919921875,-2.82257080078125,2.82257080078125,2021-05-31 10:30:00,2021-05-31 15:45:00,315.0,315.0
D2,F5-2-dlinear-c336,1,15,2021-06-01,1,0.010416666666666666,False,71.0,119.07804870605469,48.07804870605469,48.07804870605469,2021-06-01 00:00:00,2021-06-01 00:00:00,0.0,0.0
D2,F5-2-dlinear-c336,1,15,2021-06-20,95,0.9895833333333334,False,28.0,43.48481369018555,15.484813690185547,15.484813690185547,2021-06-20 15:15:00,2021-06-20 01:45:00,-810.0,810.0
D2,F5-2-dlinear-c336,1,16,2021-05-31,95,0.9895833333333334,False,172.0,171.39122009277344,-0.6087799072265625,0.6087799072265625,2021-05-31 10:30:00,2021-05-31 16:00:00,330.0,330.0
D2,F5-2-dlinear-c336,1,16,2021-06-01,1,0.010416666666666666,False,71.0,129.61502075195312,58.615020751953125,58.615020751953125,2021-06-01 00:00:00,2021-06-01 00:00:00,0.0,0.0
D2,F5-2-dlinear-c336,1,16,2021-06-20,95,0.9895833333333334,False,28.0,42.8000373840332,14.800037384033203,14.800037384033203,2021-06-20 15:15:00,2021-06-20 01:45:00,-810.0,810.0
D2,F5-2-dlinear-c336,2,4,2021-07-12,96,1.0,True,198.0,186.5780487060547,-11.421951293945312,11.421951293945312,2021-07-12 08:45:00,2021-07-12 11:00:00,135.0,135.0
D2,F5-2-dlinear-c336,2,4,2021-07-13,1,0.010416666666666666,False,79.0,100.87982177734375,21.87982177734375,21.87982177734375,2021-07-13 00:00:00,2021-07-13 00:00:00,0.0,0.0
D2,F5-2-dlinear-c336,2,4,2021-07-17,80,0.8333333333333334,False,108.0,116.54138946533203,8.541389465332031,8.541389465332031,2021-07-17 06:00:00,2021-07-17 08:30:00,150.0,150.0
D2,F5-2-dlinear-c336,2,4,2021-07-18,84,0.875,False,28.0,32.22597122192383,4.225971221923828,4.225971221923828,2021-07-18 04:30:00,2021-07-18 22:30:00,1080.0,1080.0
D2,F5-2-dlinear-c336,2,4,2021-07-26,84,0.875,False,217.0,194.89312744140625,-22.10687255859375,22.10687255859375,2021-07-26 08:30:00,2021-07-26 12:00:00,210.0,210.0
D2,F5-2-dlinear-c336,2,4,2021-07-27,84,0.875,False,211.0,200.05078125,-10.94921875,10.94921875,2021-07-27 11:45:00,2021-07-27 16:00:00,255.0,255.0
D2,F5-2-dlinear-c336,2,4,2021-07-28,84,0.875,False,212.0,205.82647705078125,-6.17352294921875,6.17352294921875,2021-07-28 12:00:00,2021-07-28 11:00:00,-60.0,60.0
D2,F5-2-dlinear-c336,2,4,2021-07-29,84,0.875,False,211.0,202.17861938476562,-8.821380615234375,8.821380615234375,2021-07-29 12:00:00,2021-07-29 11:00:00,-60.0,60.0
D2,F5-2-dlinear-c336,2,4,2021-07-30,85,0.8854166666666666,False,212.0,203.79638671875,-8.20361328125,8.20361328125,2021-07-30 12:00:00,2021-07-30 11:00:00,-60.0,60.0
D2,F5-2-dlinear-c336,2,4,2021-07-31,96,1.0,True,80.0,93.75953674316406,13.759536743164062,13.759536743164062,2021-07-31 00:00:00,2021-07-31 00:00:00,0.0,0.0
D2,F5-2-dlinear-c336,2,4,2021-08-01,96,1.0,True,28.0,37.02710723876953,9.027107238769531,9.027107238769531,2021-08-01 09:00:00,2021-08-01 08:00:00,-60.0,60.0
D2,F5-2-dlinear-c336,2,4,2021-08-09,1,0.010416666666666666,False,21.0,22.334442138671875,1.334442138671875,1.334442138671875,2021-08-09 00:00:00,2021-08-09 00:00:00,0.0,0.0
D2,F5-2-dlinear-c336,2,5,2021-07-12,96,1.0,True,198.0,188.68255615234375,-9.31744384765625,9.31744384765625,2021-07-12 08:45:00,2021-07-12 11:15:00,150.0,150.0
D2,F5-2-dlinear-c336,2,5,2021-07-13,1,0.010416666666666666,False,79.0,106.16001892089844,27.160018920898438,27.160018920898438,2021-07-13 00:00:00,2021-07-13 00:00:00,0.0,0.0
D2,F5-2-dlinear-c336,2,5,2021-07-17,79,0.8229166666666666,False,108.0,123.59850311279297,15.598503112792969,15.598503112792969,2021-07-17 06:00:00,2021-07-17 08:30:00,150.0,150.0
D2,F5-2-dlinear-c336,2,5,2021-07-18,84,0.875,False,28.0,34.27931213378906,6.2793121337890625,6.2793121337890625,2021-07-18 04:30:00,2021-07-18 06:00:00,90.0,90.0
D2,F5-2-dlinear-c336,2,5,2021-07-26,84,0.875,False,217.0,195.11834716796875,-21.88165283203125,21.88165283203125,2021-07-26 08:30:00,2021-07-26 13:15:00,285.0,285.0
D2,F5-2-dlinear-c336,2,5,2021-07-27,84,0.875,False,211.0,198.61402893066406,-12.385971069335938,12.385971069335938,2021-07-27 11:45:00,2021-07-27 16:15:00,270.0,270.0
D2,F5-2-dlinear-c336,2,5,2021-07-28,84,0.875,False,212.0,203.1170196533203,-8.882980346679688,8.882980346679688,2021-07-28 12:00:00,2021-07-28 11:15:00,-45.0,45.0
D2,F5-2-dlinear-c336,2,5,2021-07-29,84,0.875,False,211.0,205.66586303710938,-5.334136962890625,5.334136962890625,2021-07-29 12:00:00,2021-07-29 11:00:00,-60.0,60.0
D2,F5-2-dlinear-c336,2,5,2021-07-30,85,0.8854166666666666,False,212.0,204.88641357421875,-7.11358642578125,7.11358642578125,2021-07-30 12:00:00,2021-07-30 11:15:00,-45.0,45.0
D2,F5-2-dlinear-c336,2,5,2021-07-31,96,1.0,True,80.0,90.12666320800781,10.126663208007812,10.126663208007812,2021-07-31 00:00:00,2021-07-31 00:00:00,0.0,0.0
D2,F5-2-dlinear-c336,2,5,2021-08-01,96,1.0,True,28.0,41.6746940612793,13.674694061279297,13.674694061279297,2021-08-01 09:00:00,2021-08-01 08:00:00,-60.0,60.0
D2,F5-2-dlinear-c336,2,5,2021-08-09,1,0.010416666666666666,False,21.0,25.103599548339844,4.103599548339844,4.103599548339844,2021-08-09 00:00:00,2021-08-09 00:00:00,0.0,0.0
D2,F5-2-dlinear-c336,2,6,2021-07-12,96,1.0,True,198.0,192.4852294921875,-5.5147705078125,5.5147705078125,2021-07-12 08:45:00,2021-07-12 13:30:00,285.0,285.0
D2,F5-2-dlinear-c336,2,6,2021-07-13,1,0.010416666666666666,False,79.0,109.501953125,30.501953125,30.501953125,2021-07-13 00:00:00,2021-07-13 00:00:00,0.0,0.0
D2,F5-2-dlinear-c336,2,6,2021-07-17,78,0.8125,False,108.0,130.88987731933594,22.889877319335938,22.889877319335938,2021-07-17 06:00:00,2021-07-17 08:45:00,165.0,165.0
D2,F5-2-dlinear-c336,2,6,2021-07-18,84,0.875,False,28.0,34.620243072509766,6.620243072509766,6.620243072509766,2021-07-18 01:15:00,2021-07-18 06:00:00,285.0,285.0
D2,F5-2-dlinear-c336,2,6,2021-07-26,84,0.875,False,217.0,200.72463989257812,-16.275360107421875,16.275360107421875,2021-07-26 08:30:00,2021-07-26 13:30:00,300.0,300.0
D2,F5-2-dlinear-c336,2,6,2021-07-27,84,0.875,False,211.0,216.14779663085938,5.147796630859375,5.147796630859375,2021-07-27 11:45:00,2021-07-27 13:30:00,105.0,105.0
D2,F5-2-dlinear-c336,2,6,2021-07-28,84,0.875,False,212.0,207.01806640625,-4.98193359375,4.98193359375,2021-07-28 12:00:00,2021-07-28 11:00:00,-60.0,60.0
D2,F5-2-dlinear-c336,2,6,2021-07-29,84,0.875,False,211.0,207.20907592773438,-3.790924072265625,3.790924072265625,2021-07-29 12:00:00,2021-07-29 11:15:00,-45.0,45.0
D2,F5-2-dlinear-c336,2,6,2021-07-30,85,0.8854166666666666,False,212.0,207.48031616210938,-4.519683837890625,4.519683837890625,2021-07-30 12:00:00,2021-07-30 13:30:00,90.0,90.0
D2,F5-2-dlinear-c336,2,6,2021-07-31,96,1.0,True,80.0,98.47636413574219,18.476364135742188,18.476364135742188,2021-07-31 00:00:00,2021-07-31 01:30:00,90.0,90.0
D2,F5-2-dlinear-c336,2,6,2021-08-01,96,1.0,True,28.0,41.9224739074707,13.922473907470703,13.922473907470703,2021-08-01 09:00:00,2021-08-01 08:15:00,-45.0,45.0
D2,F5-2-dlinear-c336,2,6,2021-08-09,1,0.010416666666666666,False,21.0,28.49321746826172,7.493217468261719,7.493217468261719,2021-08-09 00:00:00,2021-08-09 00:00:00,0.0,0.0
D2,F5-2-dlinear-c336,2,7,2021-07-12,96,1.0,True,198.0,193.90975952148438,-4.090240478515625,4.090240478515625,2021-07-12 08:45:00,2021-07-12 13:30:00,285.0,285.0
D2,F5-2-dlinear-c336,2,7,2021-07-13,1,0.010416666666666666,False,79.0,96.36022186279297,17.36022186279297,17.36022186279297,2021-07-13 00:00:00,2021-07-13 00:00:00,0.0,0.0
D2,F5-2-dlinear-c336,2,7,2021-07-17,77,0.8020833333333334,False,108.0,132.8416748046875,24.8416748046875,24.8416748046875,2021-07-17 06:00:00,2021-07-17 09:00:00,180.0,180.0
D2,F5-2-dlinear-c336,2,7,2021-07-18,84,0.875,False,28.0,31.860477447509766,3.8604774475097656,3.8604774475097656,2021-07-18 01:15:00,2021-07-18 06:00:00,285.0,285.0
D2,F5-2-dlinear-c336,2,7,2021-07-26,84,0.875,False,217.0,197.28762817382812,-19.712371826171875,19.712371826171875,2021-07-26 08:30:00,2021-07-26 13:30:00,300.0,300.0
D2,F5-2-dlinear-c336,2,7,2021-07-27,84,0.875,False,211.0,213.56448364257812,2.564483642578125,2.564483642578125,2021-07-27 11:45:00,2021-07-27 13:30:00,105.0,105.0
D2,F5-2-dlinear-c336,2,7,2021-07-28,84,0.875,False,212.0,203.1885986328125,-8.8114013671875,8.8114013671875,2021-07-28 12:00:00,2021-07-28 11:15:00,-45.0,45.0
D2,F5-2-dlinear-c336,2,7,2021-07-29,84,0.875,False,211.0,209.7105712890625,-1.2894287109375,1.2894287109375,2021-07-29 12:00:00,2021-07-29 11:15:00,-45.0,45.0
D2,F5-2-dlinear-c336,2,7,2021-07-30,85,0.8854166666666666,False,212.0,209.797607421875,-2.202392578125,2.202392578125,2021-07-30 12:00:00,2021-07-30 13:45:00,105.0,105.0
D2,F5-2-dlinear-c336,2,7,2021-07-31,96,1.0,True,80.0,111.01123809814453,31.01123809814453,31.01123809814453,2021-07-31 00:00:00,2021-07-31 01:45:00,105.0,105.0
D2,F5-2-dlinear-c336,2,7,2021-08-01,96,1.0,True,28.0,40.823551177978516,12.823551177978516,12.823551177978516,2021-08-01 09:00:00,2021-08-01 08:30:00,-30.0,30.0
D2,F5-2-dlinear-c336,2,7,2021-08-09,1,0.010416666666666666,False,21.0,27.221282958984375,6.221282958984375,6.221282958984375,2021-08-09 00:00:00,2021-08-09 00:00:00,0.0,0.0
D2,F5-2-dlinear-c336,2,8,2021-07-12,96,1.0,True,198.0,192.4995880126953,-5.5004119873046875,5.5004119873046875,2021-07-12 08:45:00,2021-07-12 13:30:00,285.0,285.0
D2,F5-2-dlinear-c336,2,8,2021-07-13,1,0.010416666666666666,False,79.0,94.71359252929688,15.713592529296875,15.713592529296875,2021-07-13 00:00:00,2021-07-13 00:00:00,0.0,0.0
D2,F5-2-dlinear-c336,2,8,2021-07-17,76,0.7916666666666666,False,108.0,135.23565673828125,27.23565673828125,27.23565673828125,2021-07-17 06:00:00,2021-07-17 08:45:00,165.0,165.0
D2,F5-2-dlinear-c336,2,8,2021-07-18,84,0.875,False,28.0,32.83632278442383,4.836322784423828,4.836322784423828,2021-07-18 01:15:00,2021-07-18 15:00:00,825.0,825.0
D2,F5-2-dlinear-c336,2,8,2021-07-26,84,0.875,False,217.0,200.53932189941406,-16.460678100585938,16.460678100585938,2021-07-26 08:30:00,2021-07-26 13:30:00,300.0,300.0
D2,F5-2-dlinear-c336,2,8,2021-07-27,84,0.875,False,211.0,209.24533081054688,-1.754669189453125,1.754669189453125,2021-07-27 11:45:00,2021-07-27 13:45:00,120.0,120.0
D2,F5-2-dlinear-c336,2,8,2021-07-28,84,0.875,False,212.0,203.79736328125,-8.20263671875,8.20263671875,2021-07-28 12:00:00,2021-07-28 14:00:00,120.0,120.0
D2,F5-2-dlinear-c336,2,8,2021-07-29,84,0.875,False,211.0,206.8758087158203,-4.1241912841796875,4.1241912841796875,2021-07-29 12:00:00,2021-07-29 11:15:00,-45.0,45.0
D2,F5-2-dlinear-c336,2,8,2021-07-30,85,0.8854166666666666,False,212.0,204.28204345703125,-7.71795654296875,7.71795654296875,2021-07-30 12:00:00,2021-07-30 14:00:00,120.0,120.0
D2,F5-2-dlinear-c336,2,8,2021-07-31,96,1.0,True,80.0,113.26249694824219,33.26249694824219,33.26249694824219,2021-07-31 00:00:00,2021-07-31 01:45:00,105.0,105.0
D2,F5-2-dlinear-c336,2,8,2021-08-01,96,1.0,True,28.0,41.60266876220703,13.602668762207031,13.602668762207031,2021-08-01 09:00:00,2021-08-01 15:00:00,360.0,360.0
D2,F5-2-dlinear-c336,2,8,2021-08-09,1,0.010416666666666666,False,21.0,30.604949951171875,9.604949951171875,9.604949951171875,2021-08-09 00:00:00,2021-08-09 00:00:00,0.0,0.0
D2,F5-2-dlinear-c336,2,9,2021-07-12,96,1.0,True,198.0,192.10256958007812,-5.897430419921875,5.897430419921875,2021-07-12 08:45:00,2021-07-12 13:30:00,285.0,285.0
D2,F5-2-dlinear-c336,2,9,2021-07-13,1,0.010416666666666666,False,79.0,98.05973052978516,19.059730529785156,19.059730529785156,2021-07-13 00:00:00,2021-07-13 00:00:00,0.0,0.0
D2,F5-2-dlinear-c336,2,9,2021-07-17,75,0.78125,False,108.0,134.71096801757812,26.710968017578125,26.710968017578125,2021-07-17 06:00:00,2021-07-17 08:30:00,150.0,150.0
D2,F5-2-dlinear-c336,2,9,2021-07-18,84,0.875,False,28.0,32.619022369384766,4.619022369384766,4.619022369384766,2021-07-18 01:15:00,2021-07-18 15:00:00,825.0,825.0
D2,F5-2-dlinear-c336,2,9,2021-07-26,84,0.875,False,217.0,205.29525756835938,-11.704742431640625,11.704742431640625,2021-07-26 08:30:00,2021-07-26 13:30:00,300.0,300.0
D2,F5-2-dlinear-c336,2,9,2021-07-27,84,0.875,False,211.0,207.30477905273438,-3.695220947265625,3.695220947265625,2021-07-27 11:45:00,2021-07-27 13:45:00,120.0,120.0
D2,F5-2-dlinear-c336,2,9,2021-07-28,84,0.875,False,212.0,207.06744384765625,-4.93255615234375,4.93255615234375,2021-07-28 12:00:00,2021-07-28 14:15:00,135.0,135.0
D2,F5-2-dlinear-c336,2,9,2021-07-29,84,0.875,False,211.0,205.57469177246094,-5.4253082275390625,5.4253082275390625,2021-07-29 12:00:00,2021-07-29 11:15:00,-45.0,45.0
D2,F5-2-dlinear-c336,2,9,2021-07-30,85,0.8854166666666666,False,212.0,207.34359741210938,-4.656402587890625,4.656402587890625,2021-07-30 12:00:00,2021-07-30 13:45:00,105.0,105.0
D2,F5-2-dlinear-c336,2,9,2021-07-31,96,1.0,True,80.0,116.24330139160156,36.24330139160156,36.24330139160156,2021-07-31 00:00:00,2021-07-31 01:45:00,105.0,105.0
D2,F5-2-dlinear-c336,2,9,2021-08-01,96,1.0,True,28.0,42.047672271728516,14.047672271728516,14.047672271728516,2021-08-01 09:00:00,2021-08-01 15:00:00,360.0,360.0
D2,F5-2-dlinear-c336,2,9,2021-08-09,1,0.010416666666666666,False,21.0,27.582435607910156,6.582435607910156,6.582435607910156,2021-08-09 00:00:00,2021-08-09 00:00:00,0.0,0.0
D2,F5-2-dlinear-c336,2,10,2021-07-12,96,1.0,True,198.0,186.99188232421875,-11.00811767578125,11.00811767578125,2021-07-12 08:45:00,2021-07-12 13:30:00,285.0,285.0
D2,F5-2-dlinear-c336,2,10,2021-07-13,1,0.010416666666666666,False,79.0,106.65206146240234,27.652061462402344,27.652061462402344,2021-07-13 00:00:00,2021-07-13 00:00:00,0.0,0.0
D2,F5-2-dlinear-c336,2,10,2021-07-17,74,0.7708333333333334,False,108.0,144.5648956298828,36.56489562988281,36.56489562988281,2021-07-17 06:00:00,2021-07-17 08:45:00,165.0,165.0
D2,F5-2-dlinear-c336,2,10,2021-07-18,84,0.875,False,28.0,31.28915786743164,3.2891578674316406,3.2891578674316406,2021-07-18 01:15:00,2021-07-18 15:00:00,825.0,825.0
D2,F5-2-dlinear-c336,2,10,2021-07-26,84,0.875,False,217.0,202.1265869140625,-14.8734130859375,14.8734130859375,2021-07-26 08:30:00,2021-07-26 13:30:00,300.0,300.0
D2,F5-2-dlinear-c336,2,10,2021-07-27,84,0.875,False,211.0,201.7574920654297,-9.242507934570312,9.242507934570312,2021-07-27 11:45:00,2021-07-27 14:30:00,165.0,165.0
D2,F5-2-dlinear-c336,2,10,2021-07-28,84,0.875,False,212.0,198.49017333984375,-13.50982666015625,13.50982666015625,2021-07-28 12:00:00,2021-07-28 14:30:00,150.0,150.0
D2,F5-2-dlinear-c336,2,10,2021-07-29,84,0.875,False,211.0,201.757568359375,-9.242431640625,9.242431640625,2021-07-29 12:00:00,2021-07-29 12:00:00,0.0,0.0
D2,F5-2-dlinear-c336,2,10,2021-07-30,85,0.8854166666666666,False,212.0,202.63668823242188,-9.363311767578125,9.363311767578125,2021-07-30 12:00:00,2021-07-30 14:00:00,120.0,120.0
D2,F5-2-dlinear-c336,2,10,2021-07-31,96,1.0,True,80.0,116.87242889404297,36.87242889404297,36.87242889404297,2021-07-31 00:00:00,2021-07-31 01:45:00,105.0,105.0
D2,F5-2-dlinear-c336,2,10,2021-08-01,96,1.0,True,28.0,41.73370361328125,13.73370361328125,13.73370361328125,2021-08-01 09:00:00,2021-08-01 15:00:00,360.0,360.0
D2,F5-2-dlinear-c336,2,10,2021-08-09,1,0.010416666666666666,False,21.0,26.234336853027344,5.234336853027344,5.234336853027344,2021-08-09 00:00:00,2021-08-09 00:00:00,0.0,0.0
D2,F5-2-dlinear-c336,2,11,2021-07-12,96,1.0,True,198.0,185.85545349121094,-12.144546508789062,12.144546508789062,2021-07-12 08:45:00,2021-07-12 14:00:00,315.0,315.0
D2,F5-2-dlinear-c336,2,11,2021-07-13,1,0.010416666666666666,False,79.0,103.36647033691406,24.366470336914062,24.366470336914062,2021-07-13 00:00:00,2021-07-13 00:00:00,0.0,0.0
D2,F5-2-dlinear-c336,2,11,2021-07-17,73,0.7604166666666666,False,108.0,152.62887573242188,44.628875732421875,44.628875732421875,2021-07-17 06:00:00,2021-07-17 08:45:00,165.0,165.0
D2,F5-2-dlinear-c336,2,11,2021-07-18,84,0.875,False,28.0,34.05756759643555,6.057567596435547,6.057567596435547,2021-07-18 01:15:00,2021-07-18 06:00:00,285.0,285.0
D2,F5-2-dlinear-c336,2,11,2021-07-26,84,0.875,False,217.0,196.97625732421875,-20.02374267578125,20.02374267578125,2021-07-26 08:30:00,2021-07-26 13:45:00,315.0,315.0
D2,F5-2-dlinear-c336,2,11,2021-07-27,84,0.875,False,211.0,204.61630249023438,-6.383697509765625,6.383697509765625,2021-07-27 11:45:00,2021-07-27 14:45:00,180.0,180.0
D2,F5-2-dlinear-c336,2,11,2021-07-28,84,0.875,False,212.0,204.82357788085938,-7.176422119140625,7.176422119140625,2021-07-28 12:00:00,2021-07-28 14:45:00,165.0,165.0
D2,F5-2-dlinear-c336,2,11,2021-07-29,84,0.875,False,211.0,202.99365234375,-8.00634765625,8.00634765625,2021-07-29 12:00:00,2021-07-29 14:45:00,165.0,165.0
D2,F5-2-dlinear-c336,2,11,2021-07-30,85,0.8854166666666666,False,212.0,203.9932861328125,-8.0067138671875,8.0067138671875,2021-07-30 12:00:00,2021-07-30 14:45:00,165.0,165.0
D2,F5-2-dlinear-c336,2,11,2021-07-31,96,1.0,True,80.0,116.43545532226562,36.435455322265625,36.435455322265625,2021-07-31 00:00:00,2021-07-31 01:45:00,105.0,105.0
D2,F5-2-dlinear-c336,2,11,2021-08-01,96,1.0,True,28.0,40.850616455078125,12.850616455078125,12.850616455078125,2021-08-01 09:00:00,2021-08-01 08:00:00,-60.0,60.0
D2,F5-2-dlinear-c336,2,11,2021-08-09,1,0.010416666666666666,False,21.0,25.727676391601562,4.7276763916015625,4.7276763916015625,2021-08-09 00:00:00,2021-08-09 00:00:00,0.0,0.0
D2,F5-2-dlinear-c336,2,12,2021-07-12,96,1.0,True,198.0,184.22390747070312,-13.776092529296875,13.776092529296875,2021-07-12 08:45:00,2021-07-12 14:15:00,330.0,330.0
D2,F5-2-dlinear-c336,2,12,2021-07-13,1,0.010416666666666666,False,79.0,105.87244415283203,26.87244415283203,26.87244415283203,2021-07-13 00:00:00,2021-07-13 00:00:00,0.0,0.0
D2,F5-2-dlinear-c336,2,12,2021-07-17,72,0.75,False,108.0,149.98672485351562,41.986724853515625,41.986724853515625,2021-07-17 06:00:00,2021-07-17 09:00:00,180.0,180.0
D2,F5-2-dlinear-c336,2,12,2021-07-18,84,0.875,False,28.0,34.662166595458984,6.662166595458984,6.662166595458984,2021-07-18 01:15:00,2021-07-18 12:30:00,675.0,675.0
D2,F5-2-dlinear-c336,2,12,2021-07-26,84,0.875,False,217.0,195.61248779296875,-21.38751220703125,21.38751220703125,2021-07-26 08:30:00,2021-07-26 14:00:00,330.0,330.0
D2,F5-2-dlinear-c336,2,12,2021-07-27,84,0.875,False,211.0,206.1815185546875,-4.8184814453125,4.8184814453125,2021-07-27 11:45:00,2021-07-27 14:45:00,180.0,180.0
D2,F5-2-dlinear-c336,2,12,2021-07-28,84,0.875,False,212.0,204.81918334960938,-7.180816650390625,7.180816650390625,2021-07-28 12:00:00,2021-07-28 15:00:00,180.0,180.0
D2,F5-2-dlinear-c336,2,12,2021-07-29,84,0.875,False,211.0,199.75546264648438,-11.244537353515625,11.244537353515625,2021-07-29 12:00:00,2021-07-29 13:30:00,90.0,90.0
D2,F5-2-dlinear-c336,2,12,2021-07-30,85,0.8854166666666666,False,212.0,202.20948791503906,-9.790512084960938,9.790512084960938,2021-07-30 12:00:00,2021-07-30 15:00:00,180.0,180.0
D2,F5-2-dlinear-c336,2,12,2021-07-31,96,1.0,True,80.0,111.45173645019531,31.451736450195312,31.451736450195312,2021-07-31 00:00:00,2021-07-31 01:45:00,105.0,105.0
D2,F5-2-dlinear-c336,2,12,2021-08-01,96,1.0,True,28.0,41.893348693847656,13.893348693847656,13.893348693847656,2021-08-01 09:00:00,2021-08-01 08:15:00,-45.0,45.0
D2,F5-2-dlinear-c336,2,12,2021-08-09,1,0.010416666666666666,False,21.0,28.070175170898438,7.0701751708984375,7.0701751708984375,2021-08-09 00:00:00,2021-08-09 00:00:00,0.0,0.0
D2,F5-2-dlinear-c336,2,13,2021-07-12,96,1.0,True,198.0,183.71286010742188,-14.287139892578125,14.287139892578125,2021-07-12 08:45:00,2021-07-12 14:30:00,345.0,345.0
D2,F5-2-dlinear-c336,2,13,2021-07-13,1,0.010416666666666666,False,79.0,107.91503143310547,28.91503143310547,28.91503143310547,2021-07-13 00:00:00,2021-07-13 00:00:00,0.0,0.0
D2,F5-2-dlinear-c336,2,13,2021-07-17,71,0.7395833333333334,False,96.0,147.7004852294922,51.70048522949219,51.70048522949219,2021-07-17 06:15:00,2021-07-17 09:15:00,180.0,180.0
D2,F5-2-dlinear-c336,2,13,2021-07-18,84,0.875,False,28.0,39.361228942871094,11.361228942871094,11.361228942871094,2021-07-18 01:15:00,2021-07-18 01:30:00,15.0,15.0
D2,F5-2-dlinear-c336,2,13,2021-07-26,84,0.875,False,217.0,192.51284790039062,-24.487152099609375,24.487152099609375,2021-07-26 08:30:00,2021-07-26 14:15:00,345.0,345.0
D2,F5-2-dlinear-c336,2,13,2021-07-27,84,0.875,False,211.0,203.1025390625,-7.8974609375,7.8974609375,2021-07-27 11:45:00,2021-07-27 14:45:00,180.0,180.0
D2,F5-2-dlinear-c336,2,13,2021-07-28,84,0.875,False,212.0,201.26797485351562,-10.732025146484375,10.732025146484375,2021-07-28 12:00:00,2021-07-28 14:45:00,165.0,165.0
D2,F5-2-dlinear-c336,2,13,2021-07-29,84,0.875,False,211.0,197.971923828125,-13.028076171875,13.028076171875,2021-07-29 12:00:00,2021-07-29 14:45:00,165.0,165.0
D2,F5-2-dlinear-c336,2,13,2021-07-30,85,0.8854166666666666,False,212.0,202.15408325195312,-9.845916748046875,9.845916748046875,2021-07-30 12:00:00,2021-07-30 13:45:00,105.0,105.0
D2,F5-2-dlinear-c336,2,13,2021-07-31,96,1.0,True,80.0,112.83058166503906,32.83058166503906,32.83058166503906,2021-07-31 00:00:00,2021-07-31 01:45:00,105.0,105.0
D2,F5-2-dlinear-c336,2,13,2021-08-01,96,1.0,True,28.0,44.020423889160156,16.020423889160156,16.020423889160156,2021-08-01 09:00:00,2021-08-01 08:30:00,-30.0,30.0
D2,F5-2-dlinear-c336,2,13,2021-08-09,1,0.010416666666666666,False,21.0,28.338096618652344,7.338096618652344,7.338096618652344,2021-08-09 00:00:00,2021-08-09 00:00:00,0.0,0.0
D2,F5-2-dlinear-c336,2,14,2021-07-12,96,1.0,True,198.0,190.73468017578125,-7.26531982421875,7.26531982421875,2021-07-12 08:45:00,2021-07-12 13:30:00,285.0,285.0
D2,F5-2-dlinear-c336,2,14,2021-07-13,1,0.010416666666666666,False,79.0,106.70956420898438,27.709564208984375,27.709564208984375,2021-07-13 00:00:00,2021-07-13 00:00:00,0.0,0.0
D2,F5-2-dlinear-c336,2,14,2021-07-17,70,0.7291666666666666,False,88.0,143.04864501953125,55.04864501953125,55.04864501953125,2021-07-17 07:15:00,2021-07-17 08:45:00,90.0,90.0
D2,F5-2-dlinear-c336,2,14,2021-07-18,84,0.875,False,28.0,36.407291412353516,8.407291412353516,8.407291412353516,2021-07-18 01:15:00,2021-07-18 12:30:00,675.0,675.0
D2,F5-2-dlinear-c336,2,14,2021-07-26,84,0.875,False,217.0,192.11058044433594,-24.889419555664062,24.889419555664062,2021-07-26 08:30:00,2021-07-26 14:30:00,360.0,360.0
D2,F5-2-dlinear-c336,2,14,2021-07-27,84,0.875,False,211.0,191.45379638671875,-19.54620361328125,19.54620361328125,2021-07-27 11:45:00,2021-07-27 14:45:00,180.0,180.0
D2,F5-2-dlinear-c336,2,14,2021-07-28,84,0.875,False,212.0,204.79554748535156,-7.2044525146484375,7.2044525146484375,2021-07-28 12:00:00,2021-07-28 15:00:00,180.0,180.0
D2,F5-2-dlinear-c336,2,14,2021-07-29,84,0.875,False,211.0,198.64755249023438,-12.352447509765625,12.352447509765625,2021-07-29 12:00:00,2021-07-29 14:45:00,165.0,165.0
D2,F5-2-dlinear-c336,2,14,2021-07-30,84,0.875,False,212.0,203.38290405273438,-8.617095947265625,8.617095947265625,2021-07-30 12:00:00,2021-07-30 15:00:00,180.0,180.0
D2,F5-2-dlinear-c336,2,14,2021-07-31,96,1.0,True,80.0,110.38964080810547,30.38964080810547,30.38964080810547,2021-07-31 00:00:00,2021-07-31 01:45:00,105.0,105.0
D2,F5-2-dlinear-c336,2,14,2021-08-01,96,1.0,True,28.0,43.19195556640625,15.19195556640625,15.19195556640625,2021-08-01 09:00:00,2021-08-01 08:30:00,-30.0,30.0
D2,F5-2-dlinear-c336,2,14,2021-08-09,1,0.010416666666666666,False,21.0,30.11434555053711,9.11434555053711,9.11434555053711,2021-08-09 00:00:00,2021-08-09 00:00:00,0.0,0.0
D2,F5-2-dlinear-c336,2,15,2021-07-12,96,1.0,True,198.0,188.91287231445312,-9.087127685546875,9.087127685546875,2021-07-12 08:45:00,2021-07-12 13:45:00,300.0,300.0
D2,F5-2-dlinear-c336,2,15,2021-07-13,1,0.010416666666666666,False,79.0,115.51107788085938,36.511077880859375,36.511077880859375,2021-07-13 00:00:00,2021-07-13 00:00:00,0.0,0.0
D2,F5-2-dlinear-c336,2,15,2021-07-17,69,0.71875,False,88.0,144.17665100097656,56.17665100097656,56.17665100097656,2021-07-17 07:15:00,2021-07-17 09:45:00,150.0,150.0
D2,F5-2-dlinear-c336,2,15,2021-07-18,84,0.875,False,28.0,34.678314208984375,6.678314208984375,6.678314208984375,2021-07-18 01:15:00,2021-07-18 12:45:00,690.0,690.0
D2,F5-2-dlinear-c336,2,15,2021-07-26,84,0.875,False,217.0,194.04917907714844,-22.950820922851562,22.950820922851562,2021-07-26 08:30:00,2021-07-26 15:45:00,435.0,435.0
D2,F5-2-dlinear-c336,2,15,2021-07-27,84,0.875,False,211.0,203.70614624023438,-7.293853759765625,7.293853759765625,2021-07-27 11:45:00,2021-07-27 15:45:00,240.0,240.0
D2,F5-2-dlinear-c336,2,15,2021-07-28,84,0.875,False,212.0,203.38082885742188,-8.619171142578125,8.619171142578125,2021-07-28 12:00:00,2021-07-28 15:45:00,225.0,225.0
D2,F5-2-dlinear-c336,2,15,2021-07-29,84,0.875,False,211.0,198.410400390625,-12.589599609375,12.589599609375,2021-07-29 12:00:00,2021-07-29 13:30:00,90.0,90.0
D2,F5-2-dlinear-c336,2,15,2021-07-30,84,0.875,False,212.0,199.72378540039062,-12.276214599609375,12.276214599609375,2021-07-30 12:00:00,2021-07-30 13:45:00,105.0,105.0
D2,F5-2-dlinear-c336,2,15,2021-07-31,96,1.0,True,80.0,108.33465576171875,28.33465576171875,28.33465576171875,2021-07-31 00:00:00,2021-07-31 03:00:00,180.0,180.0
D2,F5-2-dlinear-c336,2,15,2021-08-01,96,1.0,True,28.0,44.05315399169922,16.05315399169922,16.05315399169922,2021-08-01 09:00:00,2021-08-01 08:30:00,-30.0,30.0
D2,F5-2-dlinear-c336,2,15,2021-08-09,1,0.010416666666666666,False,21.0,29.977054595947266,8.977054595947266,8.977054595947266,2021-08-09 00:00:00,2021-08-09 00:00:00,0.0,0.0
D2,F5-2-dlinear-c336,2,16,2021-07-12,96,1.0,True,198.0,188.60610961914062,-9.393890380859375,9.393890380859375,2021-07-12 08:45:00,2021-07-12 13:30:00,285.0,285.0
D2,F5-2-dlinear-c336,2,16,2021-07-13,1,0.010416666666666666,False,79.0,120.95508575439453,41.95508575439453,41.95508575439453,2021-07-13 00:00:00,2021-07-13 00:00:00,0.0,0.0
D2,F5-2-dlinear-c336,2,16,2021-07-17,68,0.7083333333333334,False,88.0,145.89804077148438,57.898040771484375,57.898040771484375,2021-07-17 07:15:00,2021-07-17 09:00:00,105.0,105.0
D2,F5-2-dlinear-c336,2,16,2021-07-18,84,0.875,False,28.0,36.79241943359375,8.79241943359375,8.79241943359375,2021-07-18 01:15:00,2021-07-18 02:15:00,60.0,60.0
D2,F5-2-dlinear-c336,2,16,2021-07-26,84,0.875,False,217.0,199.0257568359375,-17.9742431640625,17.9742431640625,2021-07-26 08:30:00,2021-07-26 16:00:00,450.0,450.0
D2,F5-2-dlinear-c336,2,16,2021-07-27,84,0.875,False,211.0,211.16549682617188,0.165496826171875,0.165496826171875,2021-07-27 11:45:00,2021-07-27 15:45:00,240.0,240.0
D2,F5-2-dlinear-c336,2,16,2021-07-28,84,0.875,False,212.0,203.44970703125,-8.55029296875,8.55029296875,2021-07-28 12:00:00,2021-07-28 16:00:00,240.0,240.0
D2,F5-2-dlinear-c336,2,16,2021-07-29,84,0.875,False,211.0,199.28787231445312,-11.712127685546875,11.712127685546875,2021-07-29 12:00:00,2021-07-29 13:45:00,105.0,105.0
D2,F5-2-dlinear-c336,2,16,2021-07-30,84,0.875,False,212.0,200.95407104492188,-11.045928955078125,11.045928955078125,2021-07-30 12:00:00,2021-07-30 13:45:00,105.0,105.0
D2,F5-2-dlinear-c336,2,16,2021-07-31,96,1.0,True,80.0,109.41326904296875,29.41326904296875,29.41326904296875,2021-07-31 00:00:00,2021-07-31 03:45:00,225.0,225.0
D2,F5-2-dlinear-c336,2,16,2021-08-01,96,1.0,True,28.0,43.67986297607422,15.679862976074219,15.679862976074219,2021-08-01 09:00:00,2021-08-01 11:00:00,120.0,120.0
D2,F5-2-dlinear-c336,2,16,2021-08-09,1,0.010416666666666666,False,21.0,30.213924407958984,9.213924407958984,9.213924407958984,2021-08-09 00:00:00,2021-08-09 00:00:00,0.0,0.0
