dataset,model,fold,horizon,target_day,observed_slots,slot_coverage,full_day,actual_daily_max,predicted_daily_max,daily_max_error,daily_max_abs_error,actual_peak_time,predicted_peak_time,timing_error_minutes,timing_abs_error_minutes
D1,F0-1-B1,1,4,2021-04-19,96,1.0,True,172.0,182.0,10.0,10.0,2021-04-19 08:45:00,2021-04-19 13:15:00,270.0,270.0
D1,F0-1-B1,1,4,2021-04-20,96,1.0,True,172.0,182.0,10.0,10.0,2021-04-20 08:45:00,2021-04-20 13:15:00,270.0,270.0
D1,F0-1-B1,1,4,2021-04-21,96,1.0,True,174.0,182.0,8.0,8.0,2021-04-21 08:30:00,2021-04-21 13:15:00,285.0,285.0
D1,F0-1-B1,1,4,2021-04-22,96,1.0,True,174.0,182.0,8.0,8.0,2021-04-22 08:30:00,2021-04-22 13:15:00,285.0,285.0
D1,F0-1-B1,1,4,2021-04-23,96,1.0,True,174.0,182.0,8.0,8.0,2021-04-23 08:30:00,2021-04-23 13:15:00,285.0,285.0
D1,F0-1-B1,1,4,2021-04-24,96,1.0,True,112.0,115.0,3.0,3.0,2021-04-24 06:15:00,2021-04-24 02:00:00,-255.0,255.0
D1,F0-1-B1,1,4,2021-04-25,96,1.0,True,25.0,25.0,0.0,0.0,2021-04-25 01:30:00,2021-04-25 01:30:00,0.0,0.0
D1,F0-1-B1,1,5,2021-04-19,96,1.0,True,172.0,182.0,10.0,10.0,2021-04-19 08:45:00,2021-04-19 13:15:00,270.0,270.0
D1,F0-1-B1,1,5,2021-04-20,96,1.0,True,172.0,182.0,10.0,10.0,2021-04-20 08:45:00,2021-04-20 13:15:00,270.0,270.0
D1,F0-1-B1,1,5,2021-04-21,96,1.0,True,174.0,182.0,8.0,8.0,2021-04-21 08:30:00,2021-04-21 13:15:00,285.0,285.0
D1,F0-1-B1,1,5,2021-04-22,96,1.0,True,174.0,182.0,8.0,8.0,2021-04-22 08:30:00,2021-04-22 13:15:00,285.0,285.0
D1,F0-1-B1,1,5,2021-04-23,96,1.0,True,174.0,182.0,8.0,8.0,2021-04-23 08:30:00,2021-04-23 13:15:00,285.0,285.0
D1,F0-1-B1,1,5,2021-04-24,96,1.0,True,112.0,115.0,3.0,3.0,2021-04-24 06:15:00,2021-04-24 02:00:00,-255.0,255.0
D1,F0-1-B1,1,5,2021-04-25,96,1.0,True,25.0,25.0,0.0,0.0,2021-04-25 01:30:00,2021-04-25 01:30:00,0.0,0.0
D1,F0-1-B1,1,6,2021-04-19,96,1.0,True,172.0,182.0,10.0,10.0,2021-04-19 08:45:00,2021-04-19 13:15:00,270.0,270.0
D1,F0-1-B1,1,6,2021-04-20,96,1.0,True,172.0,182.0,10.0,10.0,2021-04-20 08:45:00,2021-04-20 13:15:00,270.0,270.0
D1,F0-1-B1,1,6,2021-04-21,96,1.0,True,174.0,182.0,8.0,8.0,2021-04-21 08:30:00,2021-04-21 13:15:00,285.0,285.0
D1,F0-1-B1,1,6,2021-04-22,96,1.0,True,174.0,182.0,8.0,8.0,2021-04-22 08:30:00,2021-04-22 13:15:00,285.0,285.0
D1,F0-1-B1,1,6,2021-04-23,96,1.0,True,174.0,182.0,8.0,8.0,2021-04-23 08:30:00,2021-04-23 13:15:00,285.0,285.0
D1,F0-1-B1,1,6,2021-04-24,96,1.0,True,112.0,115.0,3.0,3.0,2021-04-24 06:15:00,2021-04-24 02:00:00,-255.0,255.0
D1,F0-1-B1,1,6,2021-04-25,96,1.0,True,25.0,25.0,0.0,0.0,2021-04-25 01:30:00,2021-04-25 01:30:00,0.0,0.0
D1,F0-1-B1,1,7,2021-04-19,96,1.0,True,172.0,182.0,10.0,10.0,2021-04-19 08:45:00,2021-04-19 13:15:00,270.0,270.0
D1,F0-1-B1,1,7,2021-04-20,96,1.0,True,172.0,182.0,10.0,10.0,2021-04-20 08:45:00,2021-04-20 13:15:00,270.0,270.0
D1,F0-1-B1,1,7,2021-04-21,96,1.0,True,174.0,182.0,8.0,8.0,2021-04-21 08:30:00,2021-04-21 13:15:00,285.0,285.0
D1,F0-1-B1,1,7,2021-04-22,96,1.0,True,174.0,182.0,8.0,8.0,2021-04-22 08:30:00,2021-04-22 13:15:00,285.0,285.0
D1,F0-1-B1,1,7,2021-04-23,96,1.0,True,174.0,182.0,8.0,8.0,2021-04-23 08:30:00,2021-04-23 13:15:00,285.0,285.0
D1,F0-1-B1,1,7,2021-04-24,96,1.0,True,112.0,115.0,3.0,3.0,2021-04-24 06:15:00,2021-04-24 02:00:00,-255.0,255.0
D1,F0-1-B1,1,7,2021-04-25,96,1.0,True,25.0,25.0,0.0,0.0,2021-04-25 01:30:00,2021-04-25 01:30:00,0.0,0.0
D1,F0-1-B1,1,8,2021-04-19,96,1.0,True,172.0,182.0,10.0,10.0,2021-04-19 08:45:00,2021-04-19 13:15:00,270.0,270.0
D1,F0-1-B1,1,8,2021-04-20,96,1.0,True,172.0,182.0,10.0,10.0,2021-04-20 08:45:00,2021-04-20 13:15:00,270.0,270.0
D1,F0-1-B1,1,8,2021-04-21,96,1.0,True,174.0,182.0,8.0,8.0,2021-04-21 08:30:00,2021-04-21 13:15:00,285.0,285.0
D1,F0-1-B1,1,8,2021-04-22,96,1.0,True,174.0,182.0,8.0,8.0,2021-04-22 08:30:00,2021-04-22 13:15:00,285.0,285.0
D1,F0-1-B1,1,8,2021-04-23,96,1.0,True,174.0,182.0,8.0,8.0,2021-04-23 08:30:00,2021-04-23 13:15:00,285.0,285.0
D1,F0-1-B1,1,8,2021-04-24,96,1.0,True,112.0,115.0,3.0,3.0,2021-04-24 06:15:00,2021-04-24 02:00:00,-255.0,255.0
D1,F0-1-B1,1,8,2021-04-25,96,1.0,True,25.0,25.0,0.0,0.0,2021-04-25 01:30:00,2021-04-25 01:30:00,0.0,0.0
D1,F0-1-B1,1,9,2021-04-19,96,1.0,True,172.0,182.0,10.0,10.0,2021-04-19 08:45:00,2021-04-19 13:15:00,270.0,270.0
D1,F0-1-B1,1,9,2021-04-20,96,1.0,True,172.0,182.0,10.0,10.0,2021-04-20 08:45:00,2021-04-20 13:15:00,270.0,270.0
D1,F0-1-B1,1,9,2021-04-21,96,1.0,True,174.0,182.0,8.0,8.0,2021-04-21 08:30:00,2021-04-21 13:15:00,285.0,285.0
D1,F0-1-B1,1,9,2021-04-22,96,1.0,True,174.0,182.0,8.0,8.0,2021-04-22 08:30:00,2021-04-22 13:15:00,285.0,285.0
D1,F0-1-B1,1,9,2021-04-23,96,1.0,True,174.0,182.0,8.0,8.0,2021-04-23 08:30:00,2021-04-23 13:15:00,285.0,285.0
D1,F0-1-B1,1,9,2021-04-24,96,1.0,True,112.0,115.0,3.0,3.0,2021-04-24 06:15:00,2021-04-24 02:00:00,-255.0,255.0
D1,F0-1-B1,1,9,2021-04-25,96,1.0,True,25.0,25.0,0.0,0.0,2021-04-25 01:30:00,2021-04-25 01:30:00,0.0,0.0
D1,F0-1-B1,1,10,2021-04-19,96,1.0,True,172.0,182.0,10.0,10.0,2021-04-19 08:45:00,2021-04-19 13:15:00,270.0,270.0
D1,F0-1-B1,1,10,2021-04-20,96,1.0,True,172.0,182.0,10.0,10.0,2021-04-20 08:45:00,2021-04-20 13:15:00,270.0,270.0
D1,F0-1-B1,1,10,2021-04-21,96,1.0,True,174.0,182.0,8.0,8.0,2021-04-21 08:30:00,2021-04-21 13:15:00,285.0,285.0
D1,F0-1-B1,1,10,2021-04-22,96,1.0,True,174.0,182.0,8.0,8.0,2021-04-22 08:30:00,2021-04-22 13:15:00,285.0,285.0
D1,F0-1-B1,1,10,2021-04-23,96,1.0,True,174.0,182.0,8.0,8.0,2021-04-23 08:30:00,2021-04-23 13:15:00,285.0,285.0
D1,F0-1-B1,1,10,2021-04-24,96,1.0,True,112.0,115.0,3.0,3.0,2021-04-24 06:15:00,2021-04-24 02:00:00,-255.0,255.0
D1,F0-1-B1,1,10,2021-04-25,96,1.0,True,25.0,25.0,0.0,0.0,2021-04-25 01:30:00,2021-04-25 01:30:00,0.0,0.0
D1,F0-1-B1,1,11,2021-04-19,96,1.0,True,172.0,182.0,10.0,10.0,2021-04-19 08:45:00,2021-04-19 13:15:00,270.0,270.0
D1,F0-1-B1,1,11,2021-04-20,96,1.0,True,172.0,182.0,10.0,10.0,2021-04-20 08:45:00,2021-04-20 13:15:00,270.0,270.0
D1,F0-1-B1,1,11,2021-04-21,96,1.0,True,174.0,182.0,8.0,8.0,2021-04-21 08:30:00,2021-04-21 13:15:00,285.0,285.0
D1,F0-1-B1,1,11,2021-04-22,96,1.0,True,174.0,182.0,8.0,8.0,2021-04-22 08:30:00,2021-04-22 13:15:00,285.0,285.0
D1,F0-1-B1,1,11,2021-04-23,96,1.0,True,174.0,182.0,8.0,8.0,2021-04-23 08:30:00,2021-04-23 13:15:00,285.0,285.0
D1,F0-1-B1,1,11,2021-04-24,96,1.0,True,112.0,115.0,3.0,3.0,2021-04-24 06:15:00,2021-04-24 02:00:00,-255.0,255.0
D1,F0-1-B1,1,11,2021-04-25,96,1.0,True,25.0,25.0,0.0,0.0,2021-04-25 01:30:00,2021-04-25 01:30:00,0.0,0.0
D1,F0-1-B1,1,12,2021-04-19,96,1.0,True,172.0,182.0,10.0,10.0,2021-04-19 08:45:00,2021-04-19 13:15:00,270.0,270.0
D1,F0-1-B1,1,12,2021-04-20,96,1.0,True,172.0,182.0,10.0,10.0,2021-04-20 08:45:00,2021-04-20 13:15:00,270.0,270.0
D1,F0-1-B1,1,12,2021-04-21,96,1.0,True,174.0,182.0,8.0,8.0,2021-04-21 08:30:00,2021-04-21 13:15:00,285.0,285.0
D1,F0-1-B1,1,12,2021-04-22,96,1.0,True,174.0,182.0,8.0,8.0,2021-04-22 08:30:00,2021-04-22 13:15:00,285.0,285.0
D1,F0-1-B1,1,12,2021-04-23,96,1.0,True,174.0,182.0,8.0,8.0,2021-04-23 08:30:00,2021-04-23 13:15:00,285.0,285.0
D1,F0-1-B1,1,12,2021-04-24,96,1.0,True,112.0,115.0,3.0,3.0,2021-04-24 06:15:00,2021-04-24 02:00:00,-255.0,255.0
D1,F0-1-B1,1,12,2021-04-25,96,1.0,True,25.0,25.0,0.0,0.0,2021-04-25 01:30:00,2021-04-25 01:30:00,0.0,0.0
D1,F0-1-B1,1,13,2021-04-19,96,1.0,True,172.0,182.0,10.0,10.0,2021-04-19 08:45:00,2021-04-19 13:15:00,270.0,270.0
D1,F0-1-B1,1,13,2021-04-20,96,1.0,True,172.0,182.0,10.0,10.0,2021-04-20 08:45:00,2021-04-20 13:15:00,270.0,270.0
D1,F0-1-B1,1,13,2021-04-21,96,1.0,True,174.0,182.0,8.0,8.0,2021-04-21 08:30:00,2021-04-21 13:15:00,285.0,285.0
D1,F0-1-B1,1,13,2021-04-22,96,1.0,True,174.0,182.0,8.0,8.0,2021-04-22 08:30:00,2021-04-22 13:15:00,285.0,285.0
D1,F0-1-B1,1,13,2021-04-23,96,1.0,True,174.0,182.0,8.0,8.0,2021-04-23 08:30:00,2021-04-23 13:15:00,285.0,285.0
D1,F0-1-B1,1,13,2021-04-24,96,1.0,True,112.0,115.0,3.0,3.0,2021-04-24 06:15:00,2021-04-24 02:00:00,-255.0,255.0
D1,F0-1-B1,1,13,2021-04-25,96,1.0,True,25.0,25.0,0.0,0.0,2021-04-25 01:30:00,2021-04-25 01:30:00,0.0,0.0
D1,F0-1-B1,1,14,2021-04-19,96,1.0,True,172.0,182.0,10.0,10.0,2021-04-19 08:45:00,2021-04-19 13:15:00,270.0,270.0
D1,F0-1-B1,1,14,2021-04-20,96,1.0,True,172.0,182.0,10.0,10.0,2021-04-20 08:45:00,2021-04-20 13:15:00,270.0,270.0
D1,F0-1-B1,1,14,2021-04-21,96,1.0,True,174.0,182.0,8.0,8.0,2021-04-21 08:30:00,2021-04-21 13:15:00,285.0,285.0
D1,F0-1-B1,1,14,2021-04-22,96,1.0,True,174.0,182.0,8.0,8.0,2021-04-22 08:30:00,2021-04-22 13:15:00,285.0,285.0
D1,F0-1-B1,1,14,2021-04-23,96,1.0,True,174.0,182.0,8.0,8.0,2021-04-23 08:30:00,2021-04-23 13:15:00,285.0,285.0
D1,F0-1-B1,1,14,2021-04-24,96,1.0,True,112.0,115.0,3.0,3.0,2021-04-24 06:15:00,2021-04-24 02:00:00,-255.0,255.0
D1,F0-1-B1,1,14,2021-04-25,96,1.0,True,25.0,25.0,0.0,0.0,2021-04-25 01:30:00,2021-04-25 01:30:00,0.0,0.0
D1,F0-1-B1,1,15,2021-04-19,96,1.0,True,172.0,182.0,10.0,10.0,2021-04-19 08:45:00,2021-04-19 13:15:00,270.0,270.0
D1,F0-1-B1,1,15,2021-04-20,96,1.0,True,172.0,182.0,10.0,10.0,2021-04-20 08:45:00,2021-04-20 13:15:00,270.0,270.0
D1,F0-1-B1,1,15,2021-04-21,96,1.0,True,174.0,182.0,8.0,8.0,2021-04-21 08:30:00,2021-04-21 13:15:00,285.0,285.0
D1,F0-1-B1,1,15,2021-04-22,96,1.0,True,174.0,182.0,8.0,8.0,2021-04-22 08:30:00,2021-04-22 13:15:00,285.0,285.0
D1,F0-1-B1,1,15,2021-04-23,96,1.0,True,174.0,182.0,8.0,8.0,2021-04-23 08:30:00,2021-04-23 13:15:00,285.0,285.0
D1,F0-1-B1,1,15,2021-04-24,96,1.0,True,112.0,115.0,3.0,3.0,2021-04-24 06:15:00,2021-04-24 02:00:00,-255.0,255.0
D1,F0-1-B1,1,15,2021-04-25,96,1.0,True,25.0,25.0,0.0,0.0,2021-04-25 01:30:00,2021-04-25 01:30:00,0.0,0.0
D1,F0-1-B1,1,16,2021-04-19,96,1.0,True,172.0,182.0,10.0,10.0,2021-04-19 08:45:00,2021-04-19 13:15:00,270.0,270.0
D1,F0-1-B1,1,16,2021-04-20,96,1.0,True,172.0,182.0,10.0,10.0,2021-04-20 08:45:00,2021-04-20 13:15:00,270.0,270.0
D1,F0-1-B1,1,16,2021-04-21,96,1.0,True,174.0,182.0,8.0,8.0,2021-04-21 08:30:00,2021-04-21 13:15:00,285.0,285.0
D1,F0-1-B1,1,16,2021-04-22,96,1.0,True,174.0,182.0,8.0,8.0,2021-04-22 08:30:00,2021-04-22 13:15:00,285.0,285.0
D1,F0-1-B1,1,16,2021-04-23,96,1.0,True,174.0,182.0,8.0,8.0,2021-04-23 08:30:00,2021-04-23 13:15:00,285.0,285.0
D1,F0-1-B1,1,16,2021-04-24,96,1.0,True,112.0,115.0,3.0,3.0,2021-04-24 06:15:00,2021-04-24 02:00:00,-255.0,255.0
D1,F0-1-B1,1,16,2021-04-25,96,1.0,True,25.0,25.0,0.0,0.0,2021-04-25 01:30:00,2021-04-25 01:30:00,0.0,0.0
D1,F0-1-B1,3,4,2021-05-03,96,1.0,True,184.0,176.0,-8.0,8.0,2021-05-03 08:30:00,2021-05-03 08:30:00,0.0,0.0
D1,F0-1-B1,3,4,2021-05-04,96,1.0,True,181.0,176.0,-5.0,5.0,2021-05-04 08:30:00,2021-05-04 08:30:00,0.0,0.0
D1,F0-1-B1,3,4,2021-05-05,96,1.0,True,120.0,175.0,55.0,55.0,2021-05-05 04:15:00,2021-05-05 08:30:00,255.0,255.0
D1,F0-1-B1,3,4,2021-05-06,96,1.0,True,199.0,175.0,-24.0,24.0,2021-05-06 09:00:00,2021-05-06 08:30:00,-30.0,30.0
D1,F0-1-B1,3,4,2021-05-07,96,1.0,True,181.0,174.0,-7.0,7.0,2021-05-07 09:00:00,2021-05-07 08:30:00,-30.0,30.0
D1,F0-1-B1,3,4,2021-05-08,96,1.0,True,115.0,118.0,3.0,3.0,2021-05-08 02:00:00,2021-05-08 02:15:00,15.0,15.0
D1,F0-1-B1,3,4,2021-05-09,96,1.0,True,184.0,26.0,-158.0,158.0,2021-05-09 09:00:00,2021-05-09 04:30:00,-270.0,270.0
D1,F0-1-B1,3,5,2021-05-03,96,1.0,True,184.0,176.0,-8.0,8.0,2021-05-03 08:30:00,2021-05-03 08:30:00,0.0,0.0
D1,F0-1-B1,3,5,2021-05-04,96,1.0,True,181.0,176.0,-5.0,5.0,2021-05-04 08:30:00,2021-05-04 08:30:00,0.0,0.0
D1,F0-1-B1,3,5,2021-05-05,96,1.0,True,120.0,175.0,55.0,55.0,2021-05-05 04:15:00,2021-05-05 08:30:00,255.0,255.0
D1,F0-1-B1,3,5,2021-05-06,96,1.0,True,199.0,175.0,-24.0,24.0,2021-05-06 09:00:00,2021-05-06 08:30:00,-30.0,30.0
D1,F0-1-B1,3,5,2021-05-07,96,1.0,True,181.0,174.0,-7.0,7.0,2021-05-07 09:00:00,2021-05-07 08:30:00,-30.0,30.0
D1,F0-1-B1,3,5,2021-05-08,96,1.0,True,115.0,118.0,3.0,3.0,2021-05-08 02:00:00,2021-05-08 02:15:00,15.0,15.0
D1,F0-1-B1,3,5,2021-05-09,96,1.0,True,184.0,26.0,-158.0,158.0,2021-05-09 09:00:00,2021-05-09 04:30:00,-270.0,270.0
D1,F0-1-B1,3,6,2021-05-03,96,1.0,True,184.0,176.0,-8.0,8.0,2021-05-03 08:30:00,2021-05-03 08:30:00,0.0,0.0
D1,F0-1-B1,3,6,2021-05-04,96,1.0,True,181.0,176.0,-5.0,5.0,2021-05-04 08:30:00,2021-05-04 08:30:00,0.0,0.0
D1,F0-1-B1,3,6,2021-05-05,96,1.0,True,120.0,175.0,55.0,55.0,2021-05-05 04:15:00,2021-05-05 08:30:00,255.0,255.0
D1,F0-1-B1,3,6,2021-05-06,96,1.0,True,199.0,175.0,-24.0,24.0,2021-05-06 09:00:00,2021-05-06 08:30:00,-30.0,30.0
D1,F0-1-B1,3,6,2021-05-07,96,1.0,True,181.0,174.0,-7.0,7.0,2021-05-07 09:00:00,2021-05-07 08:30:00,-30.0,30.0
D1,F0-1-B1,3,6,2021-05-08,96,1.0,True,115.0,118.0,3.0,3.0,2021-05-08 02:00:00,2021-05-08 02:15:00,15.0,15.0
D1,F0-1-B1,3,6,2021-05-09,96,1.0,True,184.0,26.0,-158.0,158.0,2021-05-09 09:00:00,2021-05-09 04:30:00,-270.0,270.0
D1,F0-1-B1,3,7,2021-05-03,96,1.0,True,184.0,176.0,-8.0,8.0,2021-05-03 08:30:00,2021-05-03 08:30:00,0.0,0.0
D1,F0-1-B1,3,7,2021-05-04,96,1.0,True,181.0,176.0,-5.0,5.0,2021-05-04 08:30:00,2021-05-04 08:30:00,0.0,0.0
D1,F0-1-B1,3,7,2021-05-05,96,1.0,True,120.0,175.0,55.0,55.0,2021-05-05 04:15:00,2021-05-05 08:30:00,255.0,255.0
D1,F0-1-B1,3,7,2021-05-06,96,1.0,True,199.0,175.0,-24.0,24.0,2021-05-06 09:00:00,2021-05-06 08:30:00,-30.0,30.0
D1,F0-1-B1,3,7,2021-05-07,96,1.0,True,181.0,174.0,-7.0,7.0,2021-05-07 09:00:00,2021-05-07 08:30:00,-30.0,30.0
D1,F0-1-B1,3,7,2021-05-08,96,1.0,True,115.0,118.0,3.0,3.0,2021-05-08 02:00:00,2021-05-08 02:15:00,15.0,15.0
D1,F0-1-B1,3,7,2021-05-09,96,1.0,True,184.0,26.0,-158.0,158.0,2021-05-09 09:00:00,2021-05-09 04:30:00,-270.0,270.0
D1,F0-1-B1,3,8,2021-05-03,96,1.0,True,184.0,176.0,-8.0,8.0,2021-05-03 08:30:00,2021-05-03 08:30:00,0.0,0.0
D1,F0-1-B1,3,8,2021-05-04,96,1.0,True,181.0,176.0,-5.0,5.0,2021-05-04 08:30:00,2021-05-04 08:30:00,0.0,0.0
D1,F0-1-B1,3,8,2021-05-05,96,1.0,True,120.0,175.0,55.0,55.0,2021-05-05 04:15:00,2021-05-05 08:30:00,255.0,255.0
D1,F0-1-B1,3,8,2021-05-06,96,1.0,True,199.0,175.0,-24.0,24.0,2021-05-06 09:00:00,2021-05-06 08:30:00,-30.0,30.0
D1,F0-1-B1,3,8,2021-05-07,96,1.0,True,181.0,174.0,-7.0,7.0,2021-05-07 09:00:00,2021-05-07 08:30:00,-30.0,30.0
D1,F0-1-B1,3,8,2021-05-08,96,1.0,True,115.0,118.0,3.0,3.0,2021-05-08 02:00:00,2021-05-08 02:15:00,15.0,15.0
D1,F0-1-B1,3,8,2021-05-09,96,1.0,True,184.0,26.0,-158.0,158.0,2021-05-09 09:00:00,2021-05-09 04:30:00,-270.0,270.0
D1,F0-1-B1,3,9,2021-05-03,96,1.0,True,184.0,176.0,-8.0,8.0,2021-05-03 08:30:00,2021-05-03 08:30:00,0.0,0.0
D1,F0-1-B1,3,9,2021-05-04,96,1.0,True,181.0,176.0,-5.0,5.0,2021-05-04 08:30:00,2021-05-04 08:30:00,0.0,0.0
D1,F0-1-B1,3,9,2021-05-05,96,1.0,True,120.0,175.0,55.0,55.0,2021-05-05 04:15:00,2021-05-05 08:30:00,255.0,255.0
D1,F0-1-B1,3,9,2021-05-06,96,1.0,True,199.0,175.0,-24.0,24.0,2021-05-06 09:00:00,2021-05-06 08:30:00,-30.0,30.0
D1,F0-1-B1,3,9,2021-05-07,96,1.0,True,181.0,174.0,-7.0,7.0,2021-05-07 09:00:00,2021-05-07 08:30:00,-30.0,30.0
D1,F0-1-B1,3,9,2021-05-08,96,1.0,True,115.0,118.0,3.0,3.0,2021-05-08 02:00:00,2021-05-08 02:15:00,15.0,15.0
D1,F0-1-B1,3,9,2021-05-09,96,1.0,True,184.0,26.0,-158.0,158.0,2021-05-09 09:00:00,2021-05-09 04:30:00,-270.0,270.0
D1,F0-1-B1,3,10,2021-05-03,96,1.0,True,184.0,176.0,-8.0,8.0,2021-05-03 08:30:00,2021-05-03 08:30:00,0.0,0.0
D1,F0-1-B1,3,10,2021-05-04,96,1.0,True,181.0,176.0,-5.0,5.0,2021-05-04 08:30:00,2021-05-04 08:30:00,0.0,0.0
D1,F0-1-B1,3,10,2021-05-05,96,1.0,True,120.0,175.0,55.0,55.0,2021-05-05 04:15:00,2021-05-05 08:30:00,255.0,255.0
D1,F0-1-B1,3,10,2021-05-06,96,1.0,True,199.0,175.0,-24.0,24.0,2021-05-06 09:00:00,2021-05-06 08:30:00,-30.0,30.0
D1,F0-1-B1,3,10,2021-05-07,96,1.0,True,181.0,174.0,-7.0,7.0,2021-05-07 09:00:00,2021-05-07 08:30:00,-30.0,30.0
D1,F0-1-B1,3,10,2021-05-08,96,1.0,True,115.0,118.0,3.0,3.0,2021-05-08 02:00:00,2021-05-08 02:15:00,15.0,15.0
D1,F0-1-B1,3,10,2021-05-09,96,1.0,True,184.0,26.0,-158.0,158.0,2021-05-09 09:00:00,2021-05-09 04:30:00,-270.0,270.0
D1,F0-1-B1,3,11,2021-05-03,96,1.0,True,184.0,176.0,-8.0,8.0,2021-05-03 08:30:00,2021-05-03 08:30:00,0.0,0.0
D1,F0-1-B1,3,11,2021-05-04,96,1.0,True,181.0,176.0,-5.0,5.0,2021-05-04 08:30:00,2021-05-04 08:30:00,0.0,0.0
D1,F0-1-B1,3,11,2021-05-05,96,1.0,True,120.0,175.0,55.0,55.0,2021-05-05 04:15:00,2021-05-05 08:30:00,255.0,255.0
D1,F0-1-B1,3,11,2021-05-06,96,1.0,True,199.0,175.0,-24.0,24.0,2021-05-06 09:00:00,2021-05-06 08:30:00,-30.0,30.0
D1,F0-1-B1,3,11,2021-05-07,96,1.0,True,181.0,174.0,-7.0,7.0,2021-05-07 09:00:00,2021-05-07 08:30:00,-30.0,30.0
D1,F0-1-B1,3,11,2021-05-08,96,1.0,True,115.0,118.0,3.0,3.0,2021-05-08 02:00:00,2021-05-08 02:15:00,15.0,15.0
D1,F0-1-B1,3,11,2021-05-09,96,1.0,True,184.0,26.0,-158.0,158.0,2021-05-09 09:00:00,2021-05-09 04:30:00,-270.0,270.0
D1,F0-1-B1,3,12,2021-05-03,96,1.0,True,184.0,176.0,-8.0,8.0,2021-05-03 08:30:00,2021-05-03 08:30:00,0.0,0.0
D1,F0-1-B1,3,12,2021-05-04,96,1.0,True,181.0,176.0,-5.0,5.0,2021-05-04 08:30:00,2021-05-04 08:30:00,0.0,0.0
D1,F0-1-B1,3,12,2021-05-05,96,1.0,True,120.0,175.0,55.0,55.0,2021-05-05 04:15:00,2021-05-05 08:30:00,255.0,255.0
D1,F0-1-B1,3,12,2021-05-06,96,1.0,True,199.0,175.0,-24.0,24.0,2021-05-06 09:00:00,2021-05-06 08:30:00,-30.0,30.0
D1,F0-1-B1,3,12,2021-05-07,96,1.0,True,181.0,174.0,-7.0,7.0,2021-05-07 09:00:00,2021-05-07 08:30:00,-30.0,30.0
D1,F0-1-B1,3,12,2021-05-08,96,1.0,True,115.0,118.0,3.0,3.0,2021-05-08 02:00:00,2021-05-08 02:15:00,15.0,15.0
D1,F0-1-B1,3,12,2021-05-09,96,1.0,True,184.0,26.0,-158.0,158.0,2021-05-09 09:00:00,2021-05-09 04:30:00,-270.0,270.0
D1,F0-1-B1,3,13,2021-05-03,96,1.0,True,184.0,176.0,-8.0,8.0,2021-05-03 08:30:00,2021-05-03 08:30:00,0.0,0.0
D1,F0-1-B1,3,13,2021-05-04,96,1.0,True,181.0,176.0,-5.0,5.0,2021-05-04 08:30:00,2021-05-04 08:30:00,0.0,0.0
D1,F0-1-B1,3,13,2021-05-05,96,1.0,True,120.0,175.0,55.0,55.0,2021-05-05 04:15:00,2021-05-05 08:30:00,255.0,255.0
D1,F0-1-B1,3,13,2021-05-06,96,1.0,True,199.0,175.0,-24.0,24.0,2021-05-06 09:00:00,2021-05-06 08:30:00,-30.0,30.0
D1,F0-1-B1,3,13,2021-05-07,96,1.0,True,181.0,174.0,-7.0,7.0,2021-05-07 09:00:00,2021-05-07 08:30:00,-30.0,30.0
D1,F0-1-B1,3,13,2021-05-08,96,1.0,True,115.0,118.0,3.0,3.0,2021-05-08 02:00:00,2021-05-08 02:15:00,15.0,15.0
D1,F0-1-B1,3,13,2021-05-09,96,1.0,True,184.0,26.0,-158.0,158.0,2021-05-09 09:00:00,2021-05-09 04:30:00,-270.0,270.0
D1,F0-1-B1,3,14,2021-05-03,96,1.0,True,184.0,176.0,-8.0,8.0,2021-05-03 08:30:00,2021-05-03 08:30:00,0.0,0.0
D1,F0-1-B1,3,14,2021-05-04,96,1.0,True,181.0,176.0,-5.0,5.0,2021-05-04 08:30:00,2021-05-04 08:30:00,0.0,0.0
D1,F0-1-B1,3,14,2021-05-05,96,1.0,True,120.0,175.0,55.0,55.0,2021-05-05 04:15:00,2021-05-05 08:30:00,255.0,255.0
D1,F0-1-B1,3,14,2021-05-06,96,1.0,True,199.0,175.0,-24.0,24.0,2021-05-06 09:00:00,2021-05-06 08:30:00,-30.0,30.0
D1,F0-1-B1,3,14,2021-05-07,96,1.0,True,181.0,174.0,-7.0,7.0,2021-05-07 09:00:00,2021-05-07 08:30:00,-30.0,30.0
D1,F0-1-B1,3,14,2021-05-08,96,1.0,True,115.0,118.0,3.0,3.0,2021-05-08 02:00:00,2021-05-08 02:15:00,15.0,15.0
D1,F0-1-B1,3,14,2021-05-09,96,1.0,True,184.0,26.0,-158.0,158.0,2021-05-09 09:00:00,2021-05-09 04:30:00,-270.0,270.0
D1,F0-1-B1,3,15,2021-05-03,96,1.0,True,184.0,176.0,-8.0,8.0,2021-05-03 08:30:00,2021-05-03 08:30:00,0.0,0.0
D1,F0-1-B1,3,15,2021-05-04,96,1.0,True,181.0,176.0,-5.0,5.0,2021-05-04 08:30:00,2021-05-04 08:30:00,0.0,0.0
D1,F0-1-B1,3,15,2021-05-05,96,1.0,True,120.0,175.0,55.0,55.0,2021-05-05 04:15:00,2021-05-05 08:30:00,255.0,255.0
D1,F0-1-B1,3,15,2021-05-06,96,1.0,True,199.0,175.0,-24.0,24.0,2021-05-06 09:00:00,2021-05-06 08:30:00,-30.0,30.0
D1,F0-1-B1,3,15,2021-05-07,96,1.0,True,181.0,174.0,-7.0,7.0,2021-05-07 09:00:00,2021-05-07 08:30:00,-30.0,30.0
D1,F0-1-B1,3,15,2021-05-08,96,1.0,True,115.0,118.0,3.0,3.0,2021-05-08 02:00:00,2021-05-08 02:15:00,15.0,15.0
D1,F0-1-B1,3,15,2021-05-09,96,1.0,True,184.0,26.0,-158.0,158.0,2021-05-09 09:00:00,2021-05-09 04:30:00,-270.0,270.0
D1,F0-1-B1,3,16,2021-05-03,96,1.0,True,184.0,176.0,-8.0,8.0,2021-05-03 08:30:00,2021-05-03 08:30:00,0.0,0.0
D1,F0-1-B1,3,16,2021-05-04,96,1.0,True,181.0,176.0,-5.0,5.0,2021-05-04 08:30:00,2021-05-04 08:30:00,0.0,0.0
D1,F0-1-B1,3,16,2021-05-05,96,1.0,True,120.0,175.0,55.0,55.0,2021-05-05 04:15:00,2021-05-05 08:30:00,255.0,255.0
D1,F0-1-B1,3,16,2021-05-06,96,1.0,True,199.0,175.0,-24.0,24.0,2021-05-06 09:00:00,2021-05-06 08:30:00,-30.0,30.0
D1,F0-1-B1,3,16,2021-05-07,96,1.0,True,181.0,174.0,-7.0,7.0,2021-05-07 09:00:00,2021-05-07 08:30:00,-30.0,30.0
D1,F0-1-B1,3,16,2021-05-08,96,1.0,True,115.0,118.0,3.0,3.0,2021-05-08 02:00:00,2021-05-08 02:15:00,15.0,15.0
D1,F0-1-B1,3,16,2021-05-09,96,1.0,True,184.0,26.0,-158.0,158.0,2021-05-09 09:00:00,2021-05-09 04:30:00,-270.0,270.0
D1,F0-1-B1,5,4,2021-05-17,96,1.0,True,192.0,184.0,-8.0,8.0,2021-05-17 09:00:00,2021-05-17 09:00:00,0.0,0.0
D1,F0-1-B1,5,4,2021-05-18,96,1.0,True,182.0,185.0,3.0,3.0,2021-05-18 13:15:00,2021-05-18 13:15:00,0.0,0.0
D1,F0-1-B1,5,4,2021-05-19,96,1.0,True,108.0,184.0,76.0,76.0,2021-05-19 06:15:00,2021-05-19 13:30:00,435.0,435.0
D1,F0-1-B1,5,4,2021-05-20,96,1.0,True,181.0,176.0,-5.0,5.0,2021-05-20 13:15:00,2021-05-20 08:30:00,-285.0,285.0
D1,F0-1-B1,5,4,2021-05-21,96,1.0,True,160.0,157.0,-3.0,3.0,2021-05-21 08:30:00,2021-05-21 08:45:00,15.0,15.0
D1,F0-1-B1,5,4,2021-05-22,96,1.0,True,112.0,105.0,-7.0,7.0,2021-05-22 06:15:00,2021-05-22 04:45:00,-90.0,90.0
D1,F0-1-B1,5,4,2021-05-23,96,1.0,True,25.0,25.0,0.0,0.0,2021-05-23 03:00:00,2021-05-23 01:30:00,-90.0,90.0
D1,F0-1-B1,5,5,2021-05-17,96,1.0,True,192.0,184.0,-8.0,8.0,2021-05-17 09:00:00,2021-05-17 09:00:00,0.0,0.0
D1,F0-1-B1,5,5,2021-05-18,96,1.0,True,182.0,185.0,3.0,3.0,2021-05-18 13:15:00,2021-05-18 13:15:00,0.0,0.0
D1,F0-1-B1,5,5,2021-05-19,96,1.0,True,108.0,184.0,76.0,76.0,2021-05-19 06:15:00,2021-05-19 13:30:00,435.0,435.0
D1,F0-1-B1,5,5,2021-05-20,96,1.0,True,181.0,176.0,-5.0,5.0,2021-05-20 13:15:00,2021-05-20 08:30:00,-285.0,285.0
D1,F0-1-B1,5,5,2021-05-21,96,1.0,True,160.0,157.0,-3.0,3.0,2021-05-21 08:30:00,2021-05-21 08:45:00,15.0,15.0
D1,F0-1-B1,5,5,2021-05-22,96,1.0,True,112.0,105.0,-7.0,7.0,2021-05-22 06:15:00,2021-05-22 04:45:00,-90.0,90.0
D1,F0-1-B1,5,5,2021-05-23,96,1.0,True,25.0,25.0,0.0,0.0,2021-05-23 03:00:00,2021-05-23 01:30:00,-90.0,90.0
D1,F0-1-B1,5,6,2021-05-17,96,1.0,True,192.0,184.0,-8.0,8.0,2021-05-17 09:00:00,2021-05-17 09:00:00,0.0,0.0
D1,F0-1-B1,5,6,2021-05-18,96,1.0,True,182.0,185.0,3.0,3.0,2021-05-18 13:15:00,2021-05-18 13:15:00,0.0,0.0
D1,F0-1-B1,5,6,2021-05-19,96,1.0,True,108.0,184.0,76.0,76.0,2021-05-19 06:15:00,2021-05-19 13:30:00,435.0,435.0
D1,F0-1-B1,5,6,2021-05-20,96,1.0,True,181.0,176.0,-5.0,5.0,2021-05-20 13:15:00,2021-05-20 08:30:00,-285.0,285.0
D1,F0-1-B1,5,6,2021-05-21,96,1.0,True,160.0,157.0,-3.0,3.0,2021-05-21 08:30:00,2021-05-21 08:45:00,15.0,15.0
D1,F0-1-B1,5,6,2021-05-22,96,1.0,True,112.0,105.0,-7.0,7.0,2021-05-22 06:15:00,2021-05-22 04:45:00,-90.0,90.0
D1,F0-1-B1,5,6,2021-05-23,96,1.0,True,25.0,25.0,0.0,0.0,2021-05-23 03:00:00,2021-05-23 01:30:00,-90.0,90.0
D1,F0-1-B1,5,7,2021-05-17,96,1.0,True,192.0,184.0,-8.0,8.0,2021-05-17 09:00:00,2021-05-17 09:00:00,0.0,0.0
D1,F0-1-B1,5,7,2021-05-18,96,1.0,True,182.0,185.0,3.0,3.0,2021-05-18 13:15:00,2021-05-18 13:15:00,0.0,0.0
D1,F0-1-B1,5,7,2021-05-19,96,1.0,True,108.0,184.0,76.0,76.0,2021-05-19 06:15:00,2021-05-19 13:30:00,435.0,435.0
D1,F0-1-B1,5,7,2021-05-20,96,1.0,True,181.0,176.0,-5.0,5.0,2021-05-20 13:15:00,2021-05-20 08:30:00,-285.0,285.0
D1,F0-1-B1,5,7,2021-05-21,96,1.0,True,160.0,157.0,-3.0,3.0,2021-05-21 08:30:00,2021-05-21 08:45:00,15.0,15.0
D1,F0-1-B1,5,7,2021-05-22,96,1.0,True,112.0,105.0,-7.0,7.0,2021-05-22 06:15:00,2021-05-22 04:45:00,-90.0,90.0
D1,F0-1-B1,5,7,2021-05-23,96,1.0,True,25.0,25.0,0.0,0.0,2021-05-23 03:00:00,2021-05-23 01:30:00,-90.0,90.0
D1,F0-1-B1,5,8,2021-05-17,96,1.0,True,192.0,184.0,-8.0,8.0,2021-05-17 09:00:00,2021-05-17 09:00:00,0.0,0.0
D1,F0-1-B1,5,8,2021-05-18,96,1.0,True,182.0,185.0,3.0,3.0,2021-05-18 13:15:00,2021-05-18 13:15:00,0.0,0.0
D1,F0-1-B1,5,8,2021-05-19,96,1.0,True,108.0,184.0,76.0,76.0,2021-05-19 06:15:00,2021-05-19 13:30:00,435.0,435.0
D1,F0-1-B1,5,8,2021-05-20,96,1.0,True,181.0,176.0,-5.0,5.0,2021-05-20 13:15:00,2021-05-20 08:30:00,-285.0,285.0
D1,F0-1-B1,5,8,2021-05-21,96,1.0,True,160.0,157.0,-3.0,3.0,2021-05-21 08:30:00,2021-05-21 08:45:00,15.0,15.0
D1,F0-1-B1,5,8,2021-05-22,96,1.0,True,112.0,105.0,-7.0,7.0,2021-05-22 06:15:00,2021-05-22 04:45:00,-90.0,90.0
D1,F0-1-B1,5,8,2021-05-23,96,1.0,True,25.0,25.0,0.0,0.0,2021-05-23 03:00:00,2021-05-23 01:30:00,-90.0,90.0
D1,F0-1-B1,5,9,2021-05-17,96,1.0,True,192.0,184.0,-8.0,8.0,2021-05-17 09:00:00,2021-05-17 09:00:00,0.0,0.0
D1,F0-1-B1,5,9,2021-05-18,96,1.0,True,182.0,185.0,3.0,3.0,2021-05-18 13:15:00,2021-05-18 13:15:00,0.0,0.0
D1,F0-1-B1,5,9,2021-05-19,96,1.0,True,108.0,184.0,76.0,76.0,2021-05-19 06:15:00,2021-05-19 13:30:00,435.0,435.0
D1,F0-1-B1,5,9,2021-05-20,96,1.0,True,181.0,176.0,-5.0,5.0,2021-05-20 13:15:00,2021-05-20 08:30:00,-285.0,285.0
D1,F0-1-B1,5,9,2021-05-21,96,1.0,True,160.0,157.0,-3.0,3.0,2021-05-21 08:30:00,2021-05-21 08:45:00,15.0,15.0
D1,F0-1-B1,5,9,2021-05-22,96,1.0,True,112.0,105.0,-7.0,7.0,2021-05-22 06:15:00,2021-05-22 04:45:00,-90.0,90.0
D1,F0-1-B1,5,9,2021-05-23,96,1.0,True,25.0,25.0,0.0,0.0,2021-05-23 03:00:00,2021-05-23 01:30:00,-90.0,90.0
D1,F0-1-B1,5,10,2021-05-17,96,1.0,True,192.0,184.0,-8.0,8.0,2021-05-17 09:00:00,2021-05-17 09:00:00,0.0,0.0
D1,F0-1-B1,5,10,2021-05-18,96,1.0,True,182.0,185.0,3.0,3.0,2021-05-18 13:15:00,2021-05-18 13:15:00,0.0,0.0
D1,F0-1-B1,5,10,2021-05-19,96,1.0,True,108.0,184.0,76.0,76.0,2021-05-19 06:15:00,2021-05-19 13:30:00,435.0,435.0
D1,F0-1-B1,5,10,2021-05-20,96,1.0,True,181.0,176.0,-5.0,5.0,2021-05-20 13:15:00,2021-05-20 08:30:00,-285.0,285.0
D1,F0-1-B1,5,10,2021-05-21,96,1.0,True,160.0,157.0,-3.0,3.0,2021-05-21 08:30:00,2021-05-21 08:45:00,15.0,15.0
D1,F0-1-B1,5,10,2021-05-22,96,1.0,True,112.0,105.0,-7.0,7.0,2021-05-22 06:15:00,2021-05-22 04:45:00,-90.0,90.0
D1,F0-1-B1,5,10,2021-05-23,96,1.0,True,25.0,25.0,0.0,0.0,2021-05-23 03:00:00,2021-05-23 01:30:00,-90.0,90.0
D1,F0-1-B1,5,11,2021-05-17,96,1.0,True,192.0,184.0,-8.0,8.0,2021-05-17 09:00:00,2021-05-17 09:00:00,0.0,0.0
D1,F0-1-B1,5,11,2021-05-18,96,1.0,True,182.0,185.0,3.0,3.0,2021-05-18 13:15:00,2021-05-18 13:15:00,0.0,0.0
D1,F0-1-B1,5,11,2021-05-19,96,1.0,True,108.0,184.0,76.0,76.0,2021-05-19 06:15:00,2021-05-19 13:30:00,435.0,435.0
D1,F0-1-B1,5,11,2021-05-20,96,1.0,True,181.0,176.0,-5.0,5.0,2021-05-20 13:15:00,2021-05-20 08:30:00,-285.0,285.0
D1,F0-1-B1,5,11,2021-05-21,96,1.0,True,160.0,157.0,-3.0,3.0,2021-05-21 08:30:00,2021-05-21 08:45:00,15.0,15.0
D1,F0-1-B1,5,11,2021-05-22,96,1.0,True,112.0,105.0,-7.0,7.0,2021-05-22 06:15:00,2021-05-22 04:45:00,-90.0,90.0
D1,F0-1-B1,5,11,2021-05-23,96,1.0,True,25.0,25.0,0.0,0.0,2021-05-23 03:00:00,2021-05-23 01:30:00,-90.0,90.0
D1,F0-1-B1,5,12,2021-05-17,96,1.0,True,192.0,184.0,-8.0,8.0,2021-05-17 09:00:00,2021-05-17 09:00:00,0.0,0.0
D1,F0-1-B1,5,12,2021-05-18,96,1.0,True,182.0,185.0,3.0,3.0,2021-05-18 13:15:00,2021-05-18 13:15:00,0.0,0.0
D1,F0-1-B1,5,12,2021-05-19,96,1.0,True,108.0,184.0,76.0,76.0,2021-05-19 06:15:00,2021-05-19 13:30:00,435.0,435.0
D1,F0-1-B1,5,12,2021-05-20,96,1.0,True,181.0,176.0,-5.0,5.0,2021-05-20 13:15:00,2021-05-20 08:30:00,-285.0,285.0
D1,F0-1-B1,5,12,2021-05-21,96,1.0,True,160.0,157.0,-3.0,3.0,2021-05-21 08:30:00,2021-05-21 08:45:00,15.0,15.0
D1,F0-1-B1,5,12,2021-05-22,96,1.0,True,112.0,105.0,-7.0,7.0,2021-05-22 06:15:00,2021-05-22 04:45:00,-90.0,90.0
D1,F0-1-B1,5,12,2021-05-23,96,1.0,True,25.0,25.0,0.0,0.0,2021-05-23 03:00:00,2021-05-23 01:30:00,-90.0,90.0
D1,F0-1-B1,5,13,2021-05-17,96,1.0,True,192.0,184.0,-8.0,8.0,2021-05-17 09:00:00,2021-05-17 09:00:00,0.0,0.0
D1,F0-1-B1,5,13,2021-05-18,96,1.0,True,182.0,185.0,3.0,3.0,2021-05-18 13:15:00,2021-05-18 13:15:00,0.0,0.0
D1,F0-1-B1,5,13,2021-05-19,96,1.0,True,108.0,184.0,76.0,76.0,2021-05-19 06:15:00,2021-05-19 13:30:00,435.0,435.0
D1,F0-1-B1,5,13,2021-05-20,96,1.0,True,181.0,176.0,-5.0,5.0,2021-05-20 13:15:00,2021-05-20 08:30:00,-285.0,285.0
D1,F0-1-B1,5,13,2021-05-21,96,1.0,True,160.0,157.0,-3.0,3.0,2021-05-21 08:30:00,2021-05-21 08:45:00,15.0,15.0
D1,F0-1-B1,5,13,2021-05-22,96,1.0,True,112.0,105.0,-7.0,7.0,2021-05-22 06:15:00,2021-05-22 04:45:00,-90.0,90.0
D1,F0-1-B1,5,13,2021-05-23,96,1.0,True,25.0,25.0,0.0,0.0,2021-05-23 03:00:00,2021-05-23 01:30:00,-90.0,90.0
D1,F0-1-B1,5,14,2021-05-17,96,1.0,True,192.0,184.0,-8.0,8.0,2021-05-17 09:00:00,2021-05-17 09:00:00,0.0,0.0
D1,F0-1-B1,5,14,2021-05-18,96,1.0,True,182.0,185.0,3.0,3.0,2021-05-18 13:15:00,2021-05-18 13:15:00,0.0,0.0
D1,F0-1-B1,5,14,2021-05-19,96,1.0,True,108.0,184.0,76.0,76.0,2021-05-19 06:15:00,2021-05-19 13:30:00,435.0,435.0
D1,F0-1-B1,5,14,2021-05-20,96,1.0,True,181.0,176.0,-5.0,5.0,2021-05-20 13:15:00,2021-05-20 08:30:00,-285.0,285.0
D1,F0-1-B1,5,14,2021-05-21,96,1.0,True,160.0,157.0,-3.0,3.0,2021-05-21 08:30:00,2021-05-21 08:45:00,15.0,15.0
D1,F0-1-B1,5,14,2021-05-22,96,1.0,True,112.0,105.0,-7.0,7.0,2021-05-22 06:15:00,2021-05-22 04:45:00,-90.0,90.0
D1,F0-1-B1,5,14,2021-05-23,96,1.0,True,25.0,25.0,0.0,0.0,2021-05-23 03:00:00,2021-05-23 01:30:00,-90.0,90.0
D1,F0-1-B1,5,15,2021-05-17,96,1.0,True,192.0,184.0,-8.0,8.0,2021-05-17 09:00:00,2021-05-17 09:00:00,0.0,0.0
D1,F0-1-B1,5,15,2021-05-18,96,1.0,True,182.0,185.0,3.0,3.0,2021-05-18 13:15:00,2021-05-18 13:15:00,0.0,0.0
D1,F0-1-B1,5,15,2021-05-19,96,1.0,True,108.0,184.0,76.0,76.0,2021-05-19 06:15:00,2021-05-19 13:30:00,435.0,435.0
D1,F0-1-B1,5,15,2021-05-20,96,1.0,True,181.0,176.0,-5.0,5.0,2021-05-20 13:15:00,2021-05-20 08:30:00,-285.0,285.0
D1,F0-1-B1,5,15,2021-05-21,96,1.0,True,160.0,157.0,-3.0,3.0,2021-05-21 08:30:00,2021-05-21 08:45:00,15.0,15.0
D1,F0-1-B1,5,15,2021-05-22,96,1.0,True,112.0,105.0,-7.0,7.0,2021-05-22 06:15:00,2021-05-22 04:45:00,-90.0,90.0
D1,F0-1-B1,5,15,2021-05-23,96,1.0,True,25.0,25.0,0.0,0.0,2021-05-23 03:00:00,2021-05-23 01:30:00,-90.0,90.0
D1,F0-1-B1,5,16,2021-05-17,96,1.0,True,192.0,184.0,-8.0,8.0,2021-05-17 09:00:00,2021-05-17 09:00:00,0.0,0.0
D1,F0-1-B1,5,16,2021-05-18,96,1.0,True,182.0,185.0,3.0,3.0,2021-05-18 13:15:00,2021-05-18 13:15:00,0.0,0.0
D1,F0-1-B1,5,16,2021-05-19,96,1.0,True,108.0,184.0,76.0,76.0,2021-05-19 06:15:00,2021-05-19 13:30:00,435.0,435.0
D1,F0-1-B1,5,16,2021-05-20,96,1.0,True,181.0,176.0,-5.0,5.0,2021-05-20 13:15:00,2021-05-20 08:30:00,-285.0,285.0
D1,F0-1-B1,5,16,2021-05-21,96,1.0,True,160.0,157.0,-3.0,3.0,2021-05-21 08:30:00,2021-05-21 08:45:00,15.0,15.0
D1,F0-1-B1,5,16,2021-05-22,96,1.0,True,112.0,105.0,-7.0,7.0,2021-05-22 06:15:00,2021-05-22 04:45:00,-90.0,90.0
D1,F0-1-B1,5,16,2021-05-23,96,1.0,True,25.0,25.0,0.0,0.0,2021-05-23 03:00:00,2021-05-23 01:30:00,-90.0,90.0
D1,F0-1-B1,7,4,2021-05-31,96,1.0,True,172.0,172.0,0.0,0.0,2021-05-31 10:30:00,2021-05-31 08:45:00,-105.0,105.0
D1,F0-1-B1,7,4,2021-06-01,96,1.0,True,195.0,174.0,-21.0,21.0,2021-06-01 09:00:00,2021-06-01 08:30:00,-30.0,30.0
D1,F0-1-B1,7,4,2021-06-02,96,1.0,True,191.0,166.0,-25.0,25.0,2021-06-02 10:45:00,2021-06-02 11:45:00,60.0,60.0
D1,F0-1-B1,7,4,2021-06-03,96,1.0,True,181.0,176.0,-5.0,5.0,2021-06-03 08:30:00,2021-06-03 08:30:00,0.0,0.0
D1,F0-1-B1,7,4,2021-06-04,96,1.0,True,173.0,175.0,2.0,2.0,2021-06-04 10:45:00,2021-06-04 08:30:00,-135.0,135.0
D1,F0-1-B1,7,4,2021-06-05,96,1.0,True,116.0,107.0,-9.0,9.0,2021-06-05 01:45:00,2021-06-05 02:00:00,15.0,15.0
D1,F0-1-B1,7,4,2021-06-06,96,1.0,True,27.0,26.0,-1.0,1.0,2021-06-06 01:30:00,2021-06-06 00:45:00,-45.0,45.0
D1,F0-1-B1,7,5,2021-05-31,96,1.0,True,172.0,172.0,0.0,0.0,2021-05-31 10:30:00,2021-05-31 08:45:00,-105.0,105.0
D1,F0-1-B1,7,5,2021-06-01,96,1.0,True,195.0,174.0,-21.0,21.0,2021-06-01 09:00:00,2021-06-01 08:30:00,-30.0,30.0
D1,F0-1-B1,7,5,2021-06-02,96,1.0,True,191.0,166.0,-25.0,25.0,2021-06-02 10:45:00,2021-06-02 11:45:00,60.0,60.0
D1,F0-1-B1,7,5,2021-06-03,96,1.0,True,181.0,176.0,-5.0,5.0,2021-06-03 08:30:00,2021-06-03 08:30:00,0.0,0.0
D1,F0-1-B1,7,5,2021-06-04,96,1.0,True,173.0,175.0,2.0,2.0,2021-06-04 10:45:00,2021-06-04 08:30:00,-135.0,135.0
D1,F0-1-B1,7,5,2021-06-05,96,1.0,True,116.0,107.0,-9.0,9.0,2021-06-05 01:45:00,2021-06-05 02:00:00,15.0,15.0
D1,F0-1-B1,7,5,2021-06-06,96,1.0,True,27.0,26.0,-1.0,1.0,2021-06-06 01:30:00,2021-06-06 00:45:00,-45.0,45.0
D1,F0-1-B1,7,6,2021-05-31,96,1.0,True,172.0,172.0,0.0,0.0,2021-05-31 10:30:00,2021-05-31 08:45:00,-105.0,105.0
D1,F0-1-B1,7,6,2021-06-01,96,1.0,True,195.0,174.0,-21.0,21.0,2021-06-01 09:00:00,2021-06-01 08:30:00,-30.0,30.0
D1,F0-1-B1,7,6,2021-06-02,96,1.0,True,191.0,166.0,-25.0,25.0,2021-06-02 10:45:00,2021-06-02 11:45:00,60.0,60.0
D1,F0-1-B1,7,6,2021-06-03,96,1.0,True,181.0,176.0,-5.0,5.0,2021-06-03 08:30:00,2021-06-03 08:30:00,0.0,0.0
D1,F0-1-B1,7,6,2021-06-04,96,1.0,True,173.0,175.0,2.0,2.0,2021-06-04 10:45:00,2021-06-04 08:30:00,-135.0,135.0
D1,F0-1-B1,7,6,2021-06-05,96,1.0,True,116.0,107.0,-9.0,9.0,2021-06-05 01:45:00,2021-06-05 02:00:00,15.0,15.0
D1,F0-1-B1,7,6,2021-06-06,96,1.0,True,27.0,26.0,-1.0,1.0,2021-06-06 01:30:00,2021-06-06 00:45:00,-45.0,45.0
D1,F0-1-B1,7,7,2021-05-31,96,1.0,True,172.0,172.0,0.0,0.0,2021-05-31 10:30:00,2021-05-31 08:45:00,-105.0,105.0
D1,F0-1-B1,7,7,2021-06-01,96,1.0,True,195.0,174.0,-21.0,21.0,2021-06-01 09:00:00,2021-06-01 08:30:00,-30.0,30.0
D1,F0-1-B1,7,7,2021-06-02,96,1.0,True,191.0,166.0,-25.0,25.0,2021-06-02 10:45:00,2021-06-02 11:45:00,60.0,60.0
D1,F0-1-B1,7,7,2021-06-03,96,1.0,True,181.0,176.0,-5.0,5.0,2021-06-03 08:30:00,2021-06-03 08:30:00,0.0,0.0
D1,F0-1-B1,7,7,2021-06-04,96,1.0,True,173.0,175.0,2.0,2.0,2021-06-04 10:45:00,2021-06-04 08:30:00,-135.0,135.0
D1,F0-1-B1,7,7,2021-06-05,96,1.0,True,116.0,107.0,-9.0,9.0,2021-06-05 01:45:00,2021-06-05 02:00:00,15.0,15.0
D1,F0-1-B1,7,7,2021-06-06,96,1.0,True,27.0,26.0,-1.0,1.0,2021-06-06 01:30:00,2021-06-06 00:45:00,-45.0,45.0
D1,F0-1-B1,7,8,2021-05-31,96,1.0,True,172.0,172.0,0.0,0.0,2021-05-31 10:30:00,2021-05-31 08:45:00,-105.0,105.0
D1,F0-1-B1,7,8,2021-06-01,96,1.0,True,195.0,174.0,-21.0,21.0,2021-06-01 09:00:00,2021-06-01 08:30:00,-30.0,30.0
D1,F0-1-B1,7,8,2021-06-02,96,1.0,True,191.0,166.0,-25.0,25.0,2021-06-02 10:45:00,2021-06-02 11:45:00,60.0,60.0
D1,F0-1-B1,7,8,2021-06-03,96,1.0,True,181.0,176.0,-5.0,5.0,2021-06-03 08:30:00,2021-06-03 08:30:00,0.0,0.0
D1,F0-1-B1,7,8,2021-06-04,96,1.0,True,173.0,175.0,2.0,2.0,2021-06-04 10:45:00,2021-06-04 08:30:00,-135.0,135.0
D1,F0-1-B1,7,8,2021-06-05,96,1.0,True,116.0,107.0,-9.0,9.0,2021-06-05 01:45:00,2021-06-05 02:00:00,15.0,15.0
D1,F0-1-B1,7,8,2021-06-06,96,1.0,True,27.0,26.0,-1.0,1.0,2021-06-06 01:30:00,2021-06-06 00:45:00,-45.0,45.0
D1,F0-1-B1,7,9,2021-05-31,96,1.0,True,172.0,172.0,0.0,0.0,2021-05-31 10:30:00,2021-05-31 08:45:00,-105.0,105.0
D1,F0-1-B1,7,9,2021-06-01,96,1.0,True,195.0,174.0,-21.0,21.0,2021-06-01 09:00:00,2021-06-01 08:30:00,-30.0,30.0
D1,F0-1-B1,7,9,2021-06-02,96,1.0,True,191.0,166.0,-25.0,25.0,2021-06-02 10:45:00,2021-06-02 11:45:00,60.0,60.0
D1,F0-1-B1,7,9,2021-06-03,96,1.0,True,181.0,176.0,-5.0,5.0,2021-06-03 08:30:00,2021-06-03 08:30:00,0.0,0.0
D1,F0-1-B1,7,9,2021-06-04,96,1.0,True,173.0,175.0,2.0,2.0,2021-06-04 10:45:00,2021-06-04 08:30:00,-135.0,135.0
D1,F0-1-B1,7,9,2021-06-05,96,1.0,True,116.0,107.0,-9.0,9.0,2021-06-05 01:45:00,2021-06-05 02:00:00,15.0,15.0
D1,F0-1-B1,7,9,2021-06-06,96,1.0,True,27.0,26.0,-1.0,1.0,2021-06-06 01:30:00,2021-06-06 00:45:00,-45.0,45.0
D1,F0-1-B1,7,10,2021-05-31,96,1.0,True,172.0,172.0,0.0,0.0,2021-05-31 10:30:00,2021-05-31 08:45:00,-105.0,105.0
D1,F0-1-B1,7,10,2021-06-01,96,1.0,True,195.0,174.0,-21.0,21.0,2021-06-01 09:00:00,2021-06-01 08:30:00,-30.0,30.0
D1,F0-1-B1,7,10,2021-06-02,96,1.0,True,191.0,166.0,-25.0,25.0,2021-06-02 10:45:00,2021-06-02 11:45:00,60.0,60.0
D1,F0-1-B1,7,10,2021-06-03,96,1.0,True,181.0,176.0,-5.0,5.0,2021-06-03 08:30:00,2021-06-03 08:30:00,0.0,0.0
D1,F0-1-B1,7,10,2021-06-04,96,1.0,True,173.0,175.0,2.0,2.0,2021-06-04 10:45:00,2021-06-04 08:30:00,-135.0,135.0
D1,F0-1-B1,7,10,2021-06-05,96,1.0,True,116.0,107.0,-9.0,9.0,2021-06-05 01:45:00,2021-06-05 02:00:00,15.0,15.0
D1,F0-1-B1,7,10,2021-06-06,96,1.0,True,27.0,26.0,-1.0,1.0,2021-06-06 01:30:00,2021-06-06 00:45:00,-45.0,45.0
D1,F0-1-B1,7,11,2021-05-31,96,1.0,True,172.0,172.0,0.0,0.0,2021-05-31 10:30:00,2021-05-31 08:45:00,-105.0,105.0
D1,F0-1-B1,7,11,2021-06-01,96,1.0,True,195.0,174.0,-21.0,21.0,2021-06-01 09:00:00,2021-06-01 08:30:00,-30.0,30.0
D1,F0-1-B1,7,11,2021-06-02,96,1.0,True,191.0,166.0,-25.0,25.0,2021-06-02 10:45:00,2021-06-02 11:45:00,60.0,60.0
D1,F0-1-B1,7,11,2021-06-03,96,1.0,True,181.0,176.0,-5.0,5.0,2021-06-03 08:30:00,2021-06-03 08:30:00,0.0,0.0
D1,F0-1-B1,7,11,2021-06-04,96,1.0,True,173.0,175.0,2.0,2.0,2021-06-04 10:45:00,2021-06-04 08:30:00,-135.0,135.0
D1,F0-1-B1,7,11,2021-06-05,96,1.0,True,116.0,107.0,-9.0,9.0,2021-06-05 01:45:00,2021-06-05 02:00:00,15.0,15.0
D1,F0-1-B1,7,11,2021-06-06,96,1.0,True,27.0,26.0,-1.0,1.0,2021-06-06 01:30:00,2021-06-06 00:45:00,-45.0,45.0
D1,F0-1-B1,7,12,2021-05-31,96,1.0,True,172.0,172.0,0.0,0.0,2021-05-31 10:30:00,2021-05-31 08:45:00,-105.0,105.0
D1,F0-1-B1,7,12,2021-06-01,96,1.0,True,195.0,174.0,-21.0,21.0,2021-06-01 09:00:00,2021-06-01 08:30:00,-30.0,30.0
D1,F0-1-B1,7,12,2021-06-02,96,1.0,True,191.0,166.0,-25.0,25.0,2021-06-02 10:45:00,2021-06-02 11:45:00,60.0,60.0
D1,F0-1-B1,7,12,2021-06-03,96,1.0,True,181.0,176.0,-5.0,5.0,2021-06-03 08:30:00,2021-06-03 08:30:00,0.0,0.0
D1,F0-1-B1,7,12,2021-06-04,96,1.0,True,173.0,175.0,2.0,2.0,2021-06-04 10:45:00,2021-06-04 08:30:00,-135.0,135.0
D1,F0-1-B1,7,12,2021-06-05,96,1.0,True,116.0,107.0,-9.0,9.0,2021-06-05 01:45:00,2021-06-05 02:00:00,15.0,15.0
D1,F0-1-B1,7,12,2021-06-06,96,1.0,True,27.0,26.0,-1.0,1.0,2021-06-06 01:30:00,2021-06-06 00:45:00,-45.0,45.0
D1,F0-1-B1,7,13,2021-05-31,96,1.0,True,172.0,172.0,0.0,0.0,2021-05-31 10:30:00,2021-05-31 08:45:00,-105.0,105.0
D1,F0-1-B1,7,13,2021-06-01,96,1.0,True,195.0,174.0,-21.0,21.0,2021-06-01 09:00:00,2021-06-01 08:30:00,-30.0,30.0
D1,F0-1-B1,7,13,2021-06-02,96,1.0,True,191.0,166.0,-25.0,25.0,2021-06-02 10:45:00,2021-06-02 11:45:00,60.0,60.0
D1,F0-1-B1,7,13,2021-06-03,96,1.0,True,181.0,176.0,-5.0,5.0,2021-06-03 08:30:00,2021-06-03 08:30:00,0.0,0.0
D1,F0-1-B1,7,13,2021-06-04,96,1.0,True,173.0,175.0,2.0,2.0,2021-06-04 10:45:00,2021-06-04 08:30:00,-135.0,135.0
D1,F0-1-B1,7,13,2021-06-05,96,1.0,True,116.0,107.0,-9.0,9.0,2021-06-05 01:45:00,2021-06-05 02:00:00,15.0,15.0
D1,F0-1-B1,7,13,2021-06-06,96,1.0,True,27.0,26.0,-1.0,1.0,2021-06-06 01:30:00,2021-06-06 00:45:00,-45.0,45.0
D1,F0-1-B1,7,14,2021-05-31,96,1.0,True,172.0,172.0,0.0,0.0,2021-05-31 10:30:00,2021-05-31 08:45:00,-105.0,105.0
D1,F0-1-B1,7,14,2021-06-01,96,1.0,True,195.0,174.0,-21.0,21.0,2021-06-01 09:00:00,2021-06-01 08:30:00,-30.0,30.0
D1,F0-1-B1,7,14,2021-06-02,96,1.0,True,191.0,166.0,-25.0,25.0,2021-06-02 10:45:00,2021-06-02 11:45:00,60.0,60.0
D1,F0-1-B1,7,14,2021-06-03,96,1.0,True,181.0,176.0,-5.0,5.0,2021-06-03 08:30:00,2021-06-03 08:30:00,0.0,0.0
D1,F0-1-B1,7,14,2021-06-04,96,1.0,True,173.0,175.0,2.0,2.0,2021-06-04 10:45:00,2021-06-04 08:30:00,-135.0,135.0
D1,F0-1-B1,7,14,2021-06-05,96,1.0,True,116.0,107.0,-9.0,9.0,2021-06-05 01:45:00,2021-06-05 02:00:00,15.0,15.0
D1,F0-1-B1,7,14,2021-06-06,96,1.0,True,27.0,26.0,-1.0,1.0,2021-06-06 01:30:00,2021-06-06 00:45:00,-45.0,45.0
D1,F0-1-B1,7,15,2021-05-31,96,1.0,True,172.0,172.0,0.0,0.0,2021-05-31 10:30:00,2021-05-31 08:45:00,-105.0,105.0
D1,F0-1-B1,7,15,2021-06-01,96,1.0,True,195.0,174.0,-21.0,21.0,2021-06-01 09:00:00,2021-06-01 08:30:00,-30.0,30.0
D1,F0-1-B1,7,15,2021-06-02,96,1.0,True,191.0,166.0,-25.0,25.0,2021-06-02 10:45:00,2021-06-02 11:45:00,60.0,60.0
D1,F0-1-B1,7,15,2021-06-03,96,1.0,True,181.0,176.0,-5.0,5.0,2021-06-03 08:30:00,2021-06-03 08:30:00,0.0,0.0
D1,F0-1-B1,7,15,2021-06-04,96,1.0,True,173.0,175.0,2.0,2.0,2021-06-04 10:45:00,2021-06-04 08:30:00,-135.0,135.0
D1,F0-1-B1,7,15,2021-06-05,96,1.0,True,116.0,107.0,-9.0,9.0,2021-06-05 01:45:00,2021-06-05 02:00:00,15.0,15.0
D1,F0-1-B1,7,15,2021-06-06,96,1.0,True,27.0,26.0,-1.0,1.0,2021-06-06 01:30:00,2021-06-06 00:45:00,-45.0,45.0
D1,F0-1-B1,7,16,2021-05-31,96,1.0,True,172.0,172.0,0.0,0.0,2021-05-31 10:30:00,2021-05-31 08:45:00,-105.0,105.0
D1,F0-1-B1,7,16,2021-06-01,96,1.0,True,195.0,174.0,-21.0,21.0,2021-06-01 09:00:00,2021-06-01 08:30:00,-30.0,30.0
D1,F0-1-B1,7,16,2021-06-02,96,1.0,True,191.0,166.0,-25.0,25.0,2021-06-02 10:45:00,2021-06-02 11:45:00,60.0,60.0
D1,F0-1-B1,7,16,2021-06-03,96,1.0,True,181.0,176.0,-5.0,5.0,2021-06-03 08:30:00,2021-06-03 08:30:00,0.0,0.0
D1,F0-1-B1,7,16,2021-06-04,96,1.0,True,173.0,175.0,2.0,2.0,2021-06-04 10:45:00,2021-06-04 08:30:00,-135.0,135.0
D1,F0-1-B1,7,16,2021-06-05,96,1.0,True,116.0,107.0,-9.0,9.0,2021-06-05 01:45:00,2021-06-05 02:00:00,15.0,15.0
D1,F0-1-B1,7,16,2021-06-06,96,1.0,True,27.0,26.0,-1.0,1.0,2021-06-06 01:30:00,2021-06-06 00:45:00,-45.0,45.0
D1,F0-1-B1,9,4,2021-06-14,96,1.0,True,204.0,182.0,-22.0,22.0,2021-06-14 09:00:00,2021-06-14 08:45:00,-15.0,15.0
D1,F0-1-B1,9,4,2021-06-15,96,1.0,True,198.0,180.0,-18.0,18.0,2021-06-15 08:45:00,2021-06-15 16:00:00,435.0,435.0
D1,F0-1-B1,9,4,2021-06-16,96,1.0,True,193.0,181.0,-12.0,12.0,2021-06-16 10:45:00,2021-06-16 14:00:00,195.0,195.0
D1,F0-1-B1,9,4,2021-06-17,96,1.0,True,197.0,177.0,-20.0,20.0,2021-06-17 08:45:00,2021-06-17 10:45:00,120.0,120.0
D1,F0-1-B1,9,4,2021-06-18,96,1.0,True,186.0,175.0,-11.0,11.0,2021-06-18 10:00:00,2021-06-18 08:30:00,-90.0,90.0
D1,F0-1-B1,9,4,2021-06-19,96,1.0,True,119.0,113.0,-6.0,6.0,2021-06-19 02:15:00,2021-06-19 04:45:00,150.0,150.0
D1,F0-1-B1,9,4,2021-06-20,96,1.0,True,28.0,27.0,-1.0,1.0,2021-06-20 15:15:00,2021-06-20 02:45:00,-750.0,750.0
D1,F0-1-B1,9,5,2021-06-14,96,1.0,True,204.0,182.0,-22.0,22.0,2021-06-14 09:00:00,2021-06-14 08:45:00,-15.0,15.0
D1,F0-1-B1,9,5,2021-06-15,96,1.0,True,198.0,180.0,-18.0,18.0,2021-06-15 08:45:00,2021-06-15 16:00:00,435.0,435.0
D1,F0-1-B1,9,5,2021-06-16,96,1.0,True,193.0,181.0,-12.0,12.0,2021-06-16 10:45:00,2021-06-16 14:00:00,195.0,195.0
D1,F0-1-B1,9,5,2021-06-17,96,1.0,True,197.0,177.0,-20.0,20.0,2021-06-17 08:45:00,2021-06-17 10:45:00,120.0,120.0
D1,F0-1-B1,9,5,2021-06-18,96,1.0,True,186.0,175.0,-11.0,11.0,2021-06-18 10:00:00,2021-06-18 08:30:00,-90.0,90.0
D1,F0-1-B1,9,5,2021-06-19,96,1.0,True,119.0,113.0,-6.0,6.0,2021-06-19 02:15:00,2021-06-19 04:45:00,150.0,150.0
D1,F0-1-B1,9,5,2021-06-20,96,1.0,True,28.0,27.0,-1.0,1.0,2021-06-20 15:15:00,2021-06-20 02:45:00,-750.0,750.0
D1,F0-1-B1,9,6,2021-06-14,96,1.0,True,204.0,182.0,-22.0,22.0,2021-06-14 09:00:00,2021-06-14 08:45:00,-15.0,15.0
D1,F0-1-B1,9,6,2021-06-15,96,1.0,True,198.0,180.0,-18.0,18.0,2021-06-15 08:45:00,2021-06-15 16:00:00,435.0,435.0
D1,F0-1-B1,9,6,2021-06-16,96,1.0,True,193.0,181.0,-12.0,12.0,2021-06-16 10:45:00,2021-06-16 14:00:00,195.0,195.0
D1,F0-1-B1,9,6,2021-06-17,96,1.0,True,197.0,177.0,-20.0,20.0,2021-06-17 08:45:00,2021-06-17 10:45:00,120.0,120.0
D1,F0-1-B1,9,6,2021-06-18,96,1.0,True,186.0,175.0,-11.0,11.0,2021-06-18 10:00:00,2021-06-18 08:30:00,-90.0,90.0
D1,F0-1-B1,9,6,2021-06-19,96,1.0,True,119.0,113.0,-6.0,6.0,2021-06-19 02:15:00,2021-06-19 04:45:00,150.0,150.0
D1,F0-1-B1,9,6,2021-06-20,96,1.0,True,28.0,27.0,-1.0,1.0,2021-06-20 15:15:00,2021-06-20 02:45:00,-750.0,750.0
D1,F0-1-B1,9,7,2021-06-14,96,1.0,True,204.0,182.0,-22.0,22.0,2021-06-14 09:00:00,2021-06-14 08:45:00,-15.0,15.0
D1,F0-1-B1,9,7,2021-06-15,96,1.0,True,198.0,180.0,-18.0,18.0,2021-06-15 08:45:00,2021-06-15 16:00:00,435.0,435.0
D1,F0-1-B1,9,7,2021-06-16,96,1.0,True,193.0,181.0,-12.0,12.0,2021-06-16 10:45:00,2021-06-16 14:00:00,195.0,195.0
D1,F0-1-B1,9,7,2021-06-17,96,1.0,True,197.0,177.0,-20.0,20.0,2021-06-17 08:45:00,2021-06-17 10:45:00,120.0,120.0
D1,F0-1-B1,9,7,2021-06-18,96,1.0,True,186.0,175.0,-11.0,11.0,2021-06-18 10:00:00,2021-06-18 08:30:00,-90.0,90.0
D1,F0-1-B1,9,7,2021-06-19,96,1.0,True,119.0,113.0,-6.0,6.0,2021-06-19 02:15:00,2021-06-19 04:45:00,150.0,150.0
D1,F0-1-B1,9,7,2021-06-20,96,1.0,True,28.0,27.0,-1.0,1.0,2021-06-20 15:15:00,2021-06-20 02:45:00,-750.0,750.0
D1,F0-1-B1,9,8,2021-06-14,96,1.0,True,204.0,182.0,-22.0,22.0,2021-06-14 09:00:00,2021-06-14 08:45:00,-15.0,15.0
D1,F0-1-B1,9,8,2021-06-15,96,1.0,True,198.0,180.0,-18.0,18.0,2021-06-15 08:45:00,2021-06-15 16:00:00,435.0,435.0
D1,F0-1-B1,9,8,2021-06-16,96,1.0,True,193.0,181.0,-12.0,12.0,2021-06-16 10:45:00,2021-06-16 14:00:00,195.0,195.0
D1,F0-1-B1,9,8,2021-06-17,96,1.0,True,197.0,177.0,-20.0,20.0,2021-06-17 08:45:00,2021-06-17 10:45:00,120.0,120.0
D1,F0-1-B1,9,8,2021-06-18,96,1.0,True,186.0,175.0,-11.0,11.0,2021-06-18 10:00:00,2021-06-18 08:30:00,-90.0,90.0
D1,F0-1-B1,9,8,2021-06-19,96,1.0,True,119.0,113.0,-6.0,6.0,2021-06-19 02:15:00,2021-06-19 04:45:00,150.0,150.0
D1,F0-1-B1,9,8,2021-06-20,96,1.0,True,28.0,27.0,-1.0,1.0,2021-06-20 15:15:00,2021-06-20 02:45:00,-750.0,750.0
D1,F0-1-B1,9,9,2021-06-14,96,1.0,True,204.0,182.0,-22.0,22.0,2021-06-14 09:00:00,2021-06-14 08:45:00,-15.0,15.0
D1,F0-1-B1,9,9,2021-06-15,96,1.0,True,198.0,180.0,-18.0,18.0,2021-06-15 08:45:00,2021-06-15 16:00:00,435.0,435.0
D1,F0-1-B1,9,9,2021-06-16,96,1.0,True,193.0,181.0,-12.0,12.0,2021-06-16 10:45:00,2021-06-16 14:00:00,195.0,195.0
D1,F0-1-B1,9,9,2021-06-17,96,1.0,True,197.0,177.0,-20.0,20.0,2021-06-17 08:45:00,2021-06-17 10:45:00,120.0,120.0
D1,F0-1-B1,9,9,2021-06-18,96,1.0,True,186.0,175.0,-11.0,11.0,2021-06-18 10:00:00,2021-06-18 08:30:00,-90.0,90.0
D1,F0-1-B1,9,9,2021-06-19,96,1.0,True,119.0,113.0,-6.0,6.0,2021-06-19 02:15:00,2021-06-19 04:45:00,150.0,150.0
D1,F0-1-B1,9,9,2021-06-20,96,1.0,True,28.0,27.0,-1.0,1.0,2021-06-20 15:15:00,2021-06-20 02:45:00,-750.0,750.0
D1,F0-1-B1,9,10,2021-06-14,96,1.0,True,204.0,182.0,-22.0,22.0,2021-06-14 09:00:00,2021-06-14 08:45:00,-15.0,15.0
D1,F0-1-B1,9,10,2021-06-15,96,1.0,True,198.0,180.0,-18.0,18.0,2021-06-15 08:45:00,2021-06-15 16:00:00,435.0,435.0
D1,F0-1-B1,9,10,2021-06-16,96,1.0,True,193.0,181.0,-12.0,12.0,2021-06-16 10:45:00,2021-06-16 14:00:00,195.0,195.0
D1,F0-1-B1,9,10,2021-06-17,96,1.0,True,197.0,177.0,-20.0,20.0,2021-06-17 08:45:00,2021-06-17 10:45:00,120.0,120.0
D1,F0-1-B1,9,10,2021-06-18,96,1.0,True,186.0,175.0,-11.0,11.0,2021-06-18 10:00:00,2021-06-18 08:30:00,-90.0,90.0
D1,F0-1-B1,9,10,2021-06-19,96,1.0,True,119.0,113.0,-6.0,6.0,2021-06-19 02:15:00,2021-06-19 04:45:00,150.0,150.0
D1,F0-1-B1,9,10,2021-06-20,96,1.0,True,28.0,27.0,-1.0,1.0,2021-06-20 15:15:00,2021-06-20 02:45:00,-750.0,750.0
D1,F0-1-B1,9,11,2021-06-14,96,1.0,True,204.0,182.0,-22.0,22.0,2021-06-14 09:00:00,2021-06-14 08:45:00,-15.0,15.0
D1,F0-1-B1,9,11,2021-06-15,96,1.0,True,198.0,180.0,-18.0,18.0,2021-06-15 08:45:00,2021-06-15 16:00:00,435.0,435.0
D1,F0-1-B1,9,11,2021-06-16,96,1.0,True,193.0,181.0,-12.0,12.0,2021-06-16 10:45:00,2021-06-16 14:00:00,195.0,195.0
D1,F0-1-B1,9,11,2021-06-17,96,1.0,True,197.0,177.0,-20.0,20.0,2021-06-17 08:45:00,2021-06-17 10:45:00,120.0,120.0
D1,F0-1-B1,9,11,2021-06-18,96,1.0,True,186.0,175.0,-11.0,11.0,2021-06-18 10:00:00,2021-06-18 08:30:00,-90.0,90.0
D1,F0-1-B1,9,11,2021-06-19,96,1.0,True,119.0,113.0,-6.0,6.0,2021-06-19 02:15:00,2021-06-19 04:45:00,150.0,150.0
D1,F0-1-B1,9,11,2021-06-20,96,1.0,True,28.0,27.0,-1.0,1.0,2021-06-20 15:15:00,2021-06-20 02:45:00,-750.0,750.0
D1,F0-1-B1,9,12,2021-06-14,96,1.0,True,204.0,182.0,-22.0,22.0,2021-06-14 09:00:00,2021-06-14 08:45:00,-15.0,15.0
D1,F0-1-B1,9,12,2021-06-15,96,1.0,True,198.0,180.0,-18.0,18.0,2021-06-15 08:45:00,2021-06-15 16:00:00,435.0,435.0
D1,F0-1-B1,9,12,2021-06-16,96,1.0,True,193.0,181.0,-12.0,12.0,2021-06-16 10:45:00,2021-06-16 14:00:00,195.0,195.0
D1,F0-1-B1,9,12,2021-06-17,96,1.0,True,197.0,177.0,-20.0,20.0,2021-06-17 08:45:00,2021-06-17 10:45:00,120.0,120.0
D1,F0-1-B1,9,12,2021-06-18,96,1.0,True,186.0,175.0,-11.0,11.0,2021-06-18 10:00:00,2021-06-18 08:30:00,-90.0,90.0
D1,F0-1-B1,9,12,2021-06-19,96,1.0,True,119.0,113.0,-6.0,6.0,2021-06-19 02:15:00,2021-06-19 04:45:00,150.0,150.0
D1,F0-1-B1,9,12,2021-06-20,96,1.0,True,28.0,27.0,-1.0,1.0,2021-06-20 15:15:00,2021-06-20 02:45:00,-750.0,750.0
D1,F0-1-B1,9,13,2021-06-14,96,1.0,True,204.0,182.0,-22.0,22.0,2021-06-14 09:00:00,2021-06-14 08:45:00,-15.0,15.0
D1,F0-1-B1,9,13,2021-06-15,96,1.0,True,198.0,180.0,-18.0,18.0,2021-06-15 08:45:00,2021-06-15 16:00:00,435.0,435.0
D1,F0-1-B1,9,13,2021-06-16,96,1.0,True,193.0,181.0,-12.0,12.0,2021-06-16 10:45:00,2021-06-16 14:00:00,195.0,195.0
D1,F0-1-B1,9,13,2021-06-17,96,1.0,True,197.0,177.0,-20.0,20.0,2021-06-17 08:45:00,2021-06-17 10:45:00,120.0,120.0
D1,F0-1-B1,9,13,2021-06-18,96,1.0,True,186.0,175.0,-11.0,11.0,2021-06-18 10:00:00,2021-06-18 08:30:00,-90.0,90.0
D1,F0-1-B1,9,13,2021-06-19,96,1.0,True,119.0,113.0,-6.0,6.0,2021-06-19 02:15:00,2021-06-19 04:45:00,150.0,150.0
D1,F0-1-B1,9,13,2021-06-20,96,1.0,True,28.0,27.0,-1.0,1.0,2021-06-20 15:15:00,2021-06-20 02:45:00,-750.0,750.0
D1,F0-1-B1,9,14,2021-06-14,96,1.0,True,204.0,182.0,-22.0,22.0,2021-06-14 09:00:00,2021-06-14 08:45:00,-15.0,15.0
D1,F0-1-B1,9,14,2021-06-15,96,1.0,True,198.0,180.0,-18.0,18.0,2021-06-15 08:45:00,2021-06-15 16:00:00,435.0,435.0
D1,F0-1-B1,9,14,2021-06-16,96,1.0,True,193.0,181.0,-12.0,12.0,2021-06-16 10:45:00,2021-06-16 14:00:00,195.0,195.0
D1,F0-1-B1,9,14,2021-06-17,96,1.0,True,197.0,177.0,-20.0,20.0,2021-06-17 08:45:00,2021-06-17 10:45:00,120.0,120.0
D1,F0-1-B1,9,14,2021-06-18,96,1.0,True,186.0,175.0,-11.0,11.0,2021-06-18 10:00:00,2021-06-18 08:30:00,-90.0,90.0
D1,F0-1-B1,9,14,2021-06-19,96,1.0,True,119.0,113.0,-6.0,6.0,2021-06-19 02:15:00,2021-06-19 04:45:00,150.0,150.0
D1,F0-1-B1,9,14,2021-06-20,96,1.0,True,28.0,27.0,-1.0,1.0,2021-06-20 15:15:00,2021-06-20 02:45:00,-750.0,750.0
D1,F0-1-B1,9,15,2021-06-14,96,1.0,True,204.0,182.0,-22.0,22.0,2021-06-14 09:00:00,2021-06-14 08:45:00,-15.0,15.0
D1,F0-1-B1,9,15,2021-06-15,96,1.0,True,198.0,180.0,-18.0,18.0,2021-06-15 08:45:00,2021-06-15 16:00:00,435.0,435.0
D1,F0-1-B1,9,15,2021-06-16,96,1.0,True,193.0,181.0,-12.0,12.0,2021-06-16 10:45:00,2021-06-16 14:00:00,195.0,195.0
D1,F0-1-B1,9,15,2021-06-17,96,1.0,True,197.0,177.0,-20.0,20.0,2021-06-17 08:45:00,2021-06-17 10:45:00,120.0,120.0
D1,F0-1-B1,9,15,2021-06-18,96,1.0,True,186.0,175.0,-11.0,11.0,2021-06-18 10:00:00,2021-06-18 08:30:00,-90.0,90.0
D1,F0-1-B1,9,15,2021-06-19,96,1.0,True,119.0,113.0,-6.0,6.0,2021-06-19 02:15:00,2021-06-19 04:45:00,150.0,150.0
D1,F0-1-B1,9,15,2021-06-20,96,1.0,True,28.0,27.0,-1.0,1.0,2021-06-20 15:15:00,2021-06-20 02:45:00,-750.0,750.0
D1,F0-1-B1,9,16,2021-06-14,96,1.0,True,204.0,182.0,-22.0,22.0,2021-06-14 09:00:00,2021-06-14 08:45:00,-15.0,15.0
D1,F0-1-B1,9,16,2021-06-15,96,1.0,True,198.0,180.0,-18.0,18.0,2021-06-15 08:45:00,2021-06-15 16:00:00,435.0,435.0
D1,F0-1-B1,9,16,2021-06-16,96,1.0,True,193.0,181.0,-12.0,12.0,2021-06-16 10:45:00,2021-06-16 14:00:00,195.0,195.0
D1,F0-1-B1,9,16,2021-06-17,96,1.0,True,197.0,177.0,-20.0,20.0,2021-06-17 08:45:00,2021-06-17 10:45:00,120.0,120.0
D1,F0-1-B1,9,16,2021-06-18,96,1.0,True,186.0,175.0,-11.0,11.0,2021-06-18 10:00:00,2021-06-18 08:30:00,-90.0,90.0
D1,F0-1-B1,9,16,2021-06-19,96,1.0,True,119.0,113.0,-6.0,6.0,2021-06-19 02:15:00,2021-06-19 04:45:00,150.0,150.0
D1,F0-1-B1,9,16,2021-06-20,96,1.0,True,28.0,27.0,-1.0,1.0,2021-06-20 15:15:00,2021-06-20 02:45:00,-750.0,750.0
D1,F0-1-B1,11,4,2021-06-28,96,1.0,True,198.0,208.0,10.0,10.0,2021-06-28 09:00:00,2021-06-28 08:45:00,-15.0,15.0
D1,F0-1-B1,11,4,2021-06-29,96,1.0,True,222.0,189.0,-33.0,33.0,2021-06-29 08:30:00,2021-06-29 10:45:00,135.0,135.0
D1,F0-1-B1,11,4,2021-06-30,96,1.0,True,193.0,174.0,-19.0,19.0,2021-06-30 09:00:00,2021-06-30 08:30:00,-30.0,30.0
D1,F0-1-B1,11,4,2021-07-01,96,1.0,True,206.0,190.0,-16.0,16.0,2021-07-01 14:00:00,2021-07-01 14:00:00,0.0,0.0
D1,F0-1-B1,11,4,2021-07-02,96,1.0,True,187.0,186.0,-1.0,1.0,2021-07-02 09:15:00,2021-07-02 15:45:00,390.0,390.0
D1,F0-1-B1,11,4,2021-07-03,96,1.0,True,112.0,131.0,19.0,19.0,2021-07-03 04:15:00,2021-07-03 04:30:00,15.0,15.0
D1,F0-1-B1,11,4,2021-07-04,96,1.0,True,28.0,31.0,3.0,3.0,2021-07-04 08:30:00,2021-07-04 12:30:00,240.0,240.0
D1,F0-1-B1,11,5,2021-06-28,96,1.0,True,198.0,208.0,10.0,10.0,2021-06-28 09:00:00,2021-06-28 08:45:00,-15.0,15.0
D1,F0-1-B1,11,5,2021-06-29,96,1.0,True,222.0,189.0,-33.0,33.0,2021-06-29 08:30:00,2021-06-29 10:45:00,135.0,135.0
D1,F0-1-B1,11,5,2021-06-30,96,1.0,True,193.0,174.0,-19.0,19.0,2021-06-30 09:00:00,2021-06-30 08:30:00,-30.0,30.0
D1,F0-1-B1,11,5,2021-07-01,96,1.0,True,206.0,190.0,-16.0,16.0,2021-07-01 14:00:00,2021-07-01 14:00:00,0.0,0.0
D1,F0-1-B1,11,5,2021-07-02,96,1.0,True,187.0,186.0,-1.0,1.0,2021-07-02 09:15:00,2021-07-02 15:45:00,390.0,390.0
D1,F0-1-B1,11,5,2021-07-03,96,1.0,True,112.0,131.0,19.0,19.0,2021-07-03 04:15:00,2021-07-03 04:30:00,15.0,15.0
D1,F0-1-B1,11,5,2021-07-04,96,1.0,True,28.0,31.0,3.0,3.0,2021-07-04 08:30:00,2021-07-04 12:30:00,240.0,240.0
D1,F0-1-B1,11,6,2021-06-28,96,1.0,True,198.0,208.0,10.0,10.0,2021-06-28 09:00:00,2021-06-28 08:45:00,-15.0,15.0
D1,F0-1-B1,11,6,2021-06-29,96,1.0,True,222.0,189.0,-33.0,33.0,2021-06-29 08:30:00,2021-06-29 10:45:00,135.0,135.0
D1,F0-1-B1,11,6,2021-06-30,96,1.0,True,193.0,174.0,-19.0,19.0,2021-06-30 09:00:00,2021-06-30 08:30:00,-30.0,30.0
D1,F0-1-B1,11,6,2021-07-01,96,1.0,True,206.0,190.0,-16.0,16.0,2021-07-01 14:00:00,2021-07-01 14:00:00,0.0,0.0
D1,F0-1-B1,11,6,2021-07-02,96,1.0,True,187.0,186.0,-1.0,1.0,2021-07-02 09:15:00,2021-07-02 15:45:00,390.0,390.0
D1,F0-1-B1,11,6,2021-07-03,96,1.0,True,112.0,131.0,19.0,19.0,2021-07-03 04:15:00,2021-07-03 04:30:00,15.0,15.0
D1,F0-1-B1,11,6,2021-07-04,96,1.0,True,28.0,31.0,3.0,3.0,2021-07-04 08:30:00,2021-07-04 12:30:00,240.0,240.0
D1,F0-1-B1,11,7,2021-06-28,96,1.0,True,198.0,208.0,10.0,10.0,2021-06-28 09:00:00,2021-06-28 08:45:00,-15.0,15.0
D1,F0-1-B1,11,7,2021-06-29,96,1.0,True,222.0,189.0,-33.0,33.0,2021-06-29 08:30:00,2021-06-29 10:45:00,135.0,135.0
D1,F0-1-B1,11,7,2021-06-30,96,1.0,True,193.0,174.0,-19.0,19.0,2021-06-30 09:00:00,2021-06-30 08:30:00,-30.0,30.0
D1,F0-1-B1,11,7,2021-07-01,96,1.0,True,206.0,190.0,-16.0,16.0,2021-07-01 14:00:00,2021-07-01 14:00:00,0.0,0.0
D1,F0-1-B1,11,7,2021-07-02,96,1.0,True,187.0,186.0,-1.0,1.0,2021-07-02 09:15:00,2021-07-02 15:45:00,390.0,390.0
D1,F0-1-B1,11,7,2021-07-03,96,1.0,True,112.0,131.0,19.0,19.0,2021-07-03 04:15:00,2021-07-03 04:30:00,15.0,15.0
D1,F0-1-B1,11,7,2021-07-04,96,1.0,True,28.0,31.0,3.0,3.0,2021-07-04 08:30:00,2021-07-04 12:30:00,240.0,240.0
D1,F0-1-B1,11,8,2021-06-28,96,1.0,True,198.0,208.0,10.0,10.0,2021-06-28 09:00:00,2021-06-28 08:45:00,-15.0,15.0
D1,F0-1-B1,11,8,2021-06-29,96,1.0,True,222.0,189.0,-33.0,33.0,2021-06-29 08:30:00,2021-06-29 10:45:00,135.0,135.0
D1,F0-1-B1,11,8,2021-06-30,96,1.0,True,193.0,174.0,-19.0,19.0,2021-06-30 09:00:00,2021-06-30 08:30:00,-30.0,30.0
D1,F0-1-B1,11,8,2021-07-01,96,1.0,True,206.0,190.0,-16.0,16.0,2021-07-01 14:00:00,2021-07-01 14:00:00,0.0,0.0
D1,F0-1-B1,11,8,2021-07-02,96,1.0,True,187.0,186.0,-1.0,1.0,2021-07-02 09:15:00,2021-07-02 15:45:00,390.0,390.0
D1,F0-1-B1,11,8,2021-07-03,96,1.0,True,112.0,131.0,19.0,19.0,2021-07-03 04:15:00,2021-07-03 04:30:00,15.0,15.0
D1,F0-1-B1,11,8,2021-07-04,96,1.0,True,28.0,31.0,3.0,3.0,2021-07-04 08:30:00,2021-07-04 12:30:00,240.0,240.0
D1,F0-1-B1,11,9,2021-06-28,96,1.0,True,198.0,208.0,10.0,10.0,2021-06-28 09:00:00,2021-06-28 08:45:00,-15.0,15.0
D1,F0-1-B1,11,9,2021-06-29,96,1.0,True,222.0,189.0,-33.0,33.0,2021-06-29 08:30:00,2021-06-29 10:45:00,135.0,135.0
D1,F0-1-B1,11,9,2021-06-30,96,1.0,True,193.0,174.0,-19.0,19.0,2021-06-30 09:00:00,2021-06-30 08:30:00,-30.0,30.0
D1,F0-1-B1,11,9,2021-07-01,96,1.0,True,206.0,190.0,-16.0,16.0,2021-07-01 14:00:00,2021-07-01 14:00:00,0.0,0.0
D1,F0-1-B1,11,9,2021-07-02,96,1.0,True,187.0,186.0,-1.0,1.0,2021-07-02 09:15:00,2021-07-02 15:45:00,390.0,390.0
D1,F0-1-B1,11,9,2021-07-03,96,1.0,True,112.0,131.0,19.0,19.0,2021-07-03 04:15:00,2021-07-03 04:30:00,15.0,15.0
D1,F0-1-B1,11,9,2021-07-04,96,1.0,True,28.0,31.0,3.0,3.0,2021-07-04 08:30:00,2021-07-04 12:30:00,240.0,240.0
D1,F0-1-B1,11,10,2021-06-28,96,1.0,True,198.0,208.0,10.0,10.0,2021-06-28 09:00:00,2021-06-28 08:45:00,-15.0,15.0
D1,F0-1-B1,11,10,2021-06-29,96,1.0,True,222.0,189.0,-33.0,33.0,2021-06-29 08:30:00,2021-06-29 10:45:00,135.0,135.0
D1,F0-1-B1,11,10,2021-06-30,96,1.0,True,193.0,174.0,-19.0,19.0,2021-06-30 09:00:00,2021-06-30 08:30:00,-30.0,30.0
D1,F0-1-B1,11,10,2021-07-01,96,1.0,True,206.0,190.0,-16.0,16.0,2021-07-01 14:00:00,2021-07-01 14:00:00,0.0,0.0
D1,F0-1-B1,11,10,2021-07-02,96,1.0,True,187.0,186.0,-1.0,1.0,2021-07-02 09:15:00,2021-07-02 15:45:00,390.0,390.0
D1,F0-1-B1,11,10,2021-07-03,96,1.0,True,112.0,131.0,19.0,19.0,2021-07-03 04:15:00,2021-07-03 04:30:00,15.0,15.0
D1,F0-1-B1,11,10,2021-07-04,96,1.0,True,28.0,31.0,3.0,3.0,2021-07-04 08:30:00,2021-07-04 12:30:00,240.0,240.0
D1,F0-1-B1,11,11,2021-06-28,96,1.0,True,198.0,208.0,10.0,10.0,2021-06-28 09:00:00,2021-06-28 08:45:00,-15.0,15.0
D1,F0-1-B1,11,11,2021-06-29,96,1.0,True,222.0,189.0,-33.0,33.0,2021-06-29 08:30:00,2021-06-29 10:45:00,135.0,135.0
D1,F0-1-B1,11,11,2021-06-30,96,1.0,True,193.0,174.0,-19.0,19.0,2021-06-30 09:00:00,2021-06-30 08:30:00,-30.0,30.0
D1,F0-1-B1,11,11,2021-07-01,96,1.0,True,206.0,190.0,-16.0,16.0,2021-07-01 14:00:00,2021-07-01 14:00:00,0.0,0.0
D1,F0-1-B1,11,11,2021-07-02,96,1.0,True,187.0,186.0,-1.0,1.0,2021-07-02 09:15:00,2021-07-02 15:45:00,390.0,390.0
D1,F0-1-B1,11,11,2021-07-03,96,1.0,True,112.0,131.0,19.0,19.0,2021-07-03 04:15:00,2021-07-03 04:30:00,15.0,15.0
D1,F0-1-B1,11,11,2021-07-04,96,1.0,True,28.0,31.0,3.0,3.0,2021-07-04 08:30:00,2021-07-04 12:30:00,240.0,240.0
D1,F0-1-B1,11,12,2021-06-28,96,1.0,True,198.0,208.0,10.0,10.0,2021-06-28 09:00:00,2021-06-28 08:45:00,-15.0,15.0
D1,F0-1-B1,11,12,2021-06-29,96,1.0,True,222.0,189.0,-33.0,33.0,2021-06-29 08:30:00,2021-06-29 10:45:00,135.0,135.0
D1,F0-1-B1,11,12,2021-06-30,96,1.0,True,193.0,174.0,-19.0,19.0,2021-06-30 09:00:00,2021-06-30 08:30:00,-30.0,30.0
D1,F0-1-B1,11,12,2021-07-01,96,1.0,True,206.0,190.0,-16.0,16.0,2021-07-01 14:00:00,2021-07-01 14:00:00,0.0,0.0
D1,F0-1-B1,11,12,2021-07-02,96,1.0,True,187.0,186.0,-1.0,1.0,2021-07-02 09:15:00,2021-07-02 15:45:00,390.0,390.0
D1,F0-1-B1,11,12,2021-07-03,96,1.0,True,112.0,131.0,19.0,19.0,2021-07-03 04:15:00,2021-07-03 04:30:00,15.0,15.0
D1,F0-1-B1,11,12,2021-07-04,96,1.0,True,28.0,31.0,3.0,3.0,2021-07-04 08:30:00,2021-07-04 12:30:00,240.0,240.0
D1,F0-1-B1,11,13,2021-06-28,96,1.0,True,198.0,208.0,10.0,10.0,2021-06-28 09:00:00,2021-06-28 08:45:00,-15.0,15.0
D1,F0-1-B1,11,13,2021-06-29,96,1.0,True,222.0,189.0,-33.0,33.0,2021-06-29 08:30:00,2021-06-29 10:45:00,135.0,135.0
D1,F0-1-B1,11,13,2021-06-30,96,1.0,True,193.0,174.0,-19.0,19.0,2021-06-30 09:00:00,2021-06-30 08:30:00,-30.0,30.0
D1,F0-1-B1,11,13,2021-07-01,96,1.0,True,206.0,190.0,-16.0,16.0,2021-07-01 14:00:00,2021-07-01 14:00:00,0.0,0.0
D1,F0-1-B1,11,13,2021-07-02,96,1.0,True,187.0,186.0,-1.0,1.0,2021-07-02 09:15:00,2021-07-02 15:45:00,390.0,390.0
D1,F0-1-B1,11,13,2021-07-03,96,1.0,True,112.0,131.0,19.0,19.0,2021-07-03 04:15:00,2021-07-03 04:30:00,15.0,15.0
D1,F0-1-B1,11,13,2021-07-04,96,1.0,True,28.0,31.0,3.0,3.0,2021-07-04 08:30:00,2021-07-04 12:30:00,240.0,240.0
D1,F0-1-B1,11,14,2021-06-28,96,1.0,True,198.0,208.0,10.0,10.0,2021-06-28 09:00:00,2021-06-28 08:45:00,-15.0,15.0
D1,F0-1-B1,11,14,2021-06-29,96,1.0,True,222.0,189.0,-33.0,33.0,2021-06-29 08:30:00,2021-06-29 10:45:00,135.0,135.0
D1,F0-1-B1,11,14,2021-06-30,96,1.0,True,193.0,174.0,-19.0,19.0,2021-06-30 09:00:00,2021-06-30 08:30:00,-30.0,30.0
D1,F0-1-B1,11,14,2021-07-01,96,1.0,True,206.0,190.0,-16.0,16.0,2021-07-01 14:00:00,2021-07-01 14:00:00,0.0,0.0
D1,F0-1-B1,11,14,2021-07-02,96,1.0,True,187.0,186.0,-1.0,1.0,2021-07-02 09:15:00,2021-07-02 15:45:00,390.0,390.0
D1,F0-1-B1,11,14,2021-07-03,96,1.0,True,112.0,131.0,19.0,19.0,2021-07-03 04:15:00,2021-07-03 04:30:00,15.0,15.0
D1,F0-1-B1,11,14,2021-07-04,96,1.0,True,28.0,31.0,3.0,3.0,2021-07-04 08:30:00,2021-07-04 12:30:00,240.0,240.0
D1,F0-1-B1,11,15,2021-06-28,96,1.0,True,198.0,208.0,10.0,10.0,2021-06-28 09:00:00,2021-06-28 08:45:00,-15.0,15.0
D1,F0-1-B1,11,15,2021-06-29,96,1.0,True,222.0,189.0,-33.0,33.0,2021-06-29 08:30:00,2021-06-29 10:45:00,135.0,135.0
D1,F0-1-B1,11,15,2021-06-30,96,1.0,True,193.0,174.0,-19.0,19.0,2021-06-30 09:00:00,2021-06-30 08:30:00,-30.0,30.0
D1,F0-1-B1,11,15,2021-07-01,96,1.0,True,206.0,190.0,-16.0,16.0,2021-07-01 14:00:00,2021-07-01 14:00:00,0.0,0.0
D1,F0-1-B1,11,15,2021-07-02,96,1.0,True,187.0,186.0,-1.0,1.0,2021-07-02 09:15:00,2021-07-02 15:45:00,390.0,390.0
D1,F0-1-B1,11,15,2021-07-03,96,1.0,True,112.0,131.0,19.0,19.0,2021-07-03 04:15:00,2021-07-03 04:30:00,15.0,15.0
D1,F0-1-B1,11,15,2021-07-04,96,1.0,True,28.0,31.0,3.0,3.0,2021-07-04 08:30:00,2021-07-04 12:30:00,240.0,240.0
D1,F0-1-B1,11,16,2021-06-28,96,1.0,True,198.0,208.0,10.0,10.0,2021-06-28 09:00:00,2021-06-28 08:45:00,-15.0,15.0
D1,F0-1-B1,11,16,2021-06-29,96,1.0,True,222.0,189.0,-33.0,33.0,2021-06-29 08:30:00,2021-06-29 10:45:00,135.0,135.0
D1,F0-1-B1,11,16,2021-06-30,96,1.0,True,193.0,174.0,-19.0,19.0,2021-06-30 09:00:00,2021-06-30 08:30:00,-30.0,30.0
D1,F0-1-B1,11,16,2021-07-01,96,1.0,True,206.0,190.0,-16.0,16.0,2021-07-01 14:00:00,2021-07-01 14:00:00,0.0,0.0
D1,F0-1-B1,11,16,2021-07-02,96,1.0,True,187.0,186.0,-1.0,1.0,2021-07-02 09:15:00,2021-07-02 15:45:00,390.0,390.0
D1,F0-1-B1,11,16,2021-07-03,96,1.0,True,112.0,131.0,19.0,19.0,2021-07-03 04:15:00,2021-07-03 04:30:00,15.0,15.0
D1,F0-1-B1,11,16,2021-07-04,96,1.0,True,28.0,31.0,3.0,3.0,2021-07-04 08:30:00,2021-07-04 12:30:00,240.0,240.0
D1,F0-1-B1,13,4,2021-07-12,96,1.0,True,198.0,185.0,-13.0,13.0,2021-07-12 08:45:00,2021-07-12 11:00:00,135.0,135.0
D1,F0-1-B1,13,4,2021-07-13,1,0.010416666666666666,False,79.0,83.0,4.0,4.0,2021-07-13 00:00:00,2021-07-13 00:00:00,0.0,0.0
D1,F0-1-B1,13,4,2021-07-17,92,0.9583333333333334,False,110.0,106.0,-4.0,4.0,2021-07-17 01:30:00,2021-07-17 04:00:00,150.0,150.0
D1,F0-1-B1,13,4,2021-07-18,96,1.0,True,28.0,28.0,0.0,0.0,2021-07-18 01:15:00,2021-07-18 11:45:00,630.0,630.0
D1,F0-1-B1,13,5,2021-07-12,96,1.0,True,198.0,185.0,-13.0,13.0,2021-07-12 08:45:00,2021-07-12 11:00:00,135.0,135.0
D1,F0-1-B1,13,5,2021-07-13,1,0.010416666666666666,False,79.0,83.0,4.0,4.0,2021-07-13 00:00:00,2021-07-13 00:00:00,0.0,0.0
D1,F0-1-B1,13,5,2021-07-17,91,0.9479166666666666,False,110.0,106.0,-4.0,4.0,2021-07-17 01:30:00,2021-07-17 04:00:00,150.0,150.0
D1,F0-1-B1,13,5,2021-07-18,96,1.0,True,28.0,28.0,0.0,0.0,2021-07-18 01:15:00,2021-07-18 11:45:00,630.0,630.0
D1,F0-1-B1,13,6,2021-07-12,96,1.0,True,198.0,185.0,-13.0,13.0,2021-07-12 08:45:00,2021-07-12 11:00:00,135.0,135.0
D1,F0-1-B1,13,6,2021-07-13,1,0.010416666666666666,False,79.0,83.0,4.0,4.0,2021-07-13 00:00:00,2021-07-13 00:00:00,0.0,0.0
D1,F0-1-B1,13,6,2021-07-17,90,0.9375,False,110.0,106.0,-4.0,4.0,2021-07-17 01:30:00,2021-07-17 04:00:00,150.0,150.0
D1,F0-1-B1,13,6,2021-07-18,96,1.0,True,28.0,28.0,0.0,0.0,2021-07-18 01:15:00,2021-07-18 11:45:00,630.0,630.0
D1,F0-1-B1,13,7,2021-07-12,96,1.0,True,198.0,185.0,-13.0,13.0,2021-07-12 08:45:00,2021-07-12 11:00:00,135.0,135.0
D1,F0-1-B1,13,7,2021-07-13,1,0.010416666666666666,False,79.0,83.0,4.0,4.0,2021-07-13 00:00:00,2021-07-13 00:00:00,0.0,0.0
D1,F0-1-B1,13,7,2021-07-17,89,0.9270833333333334,False,108.0,106.0,-2.0,2.0,2021-07-17 06:00:00,2021-07-17 04:00:00,-120.0,120.0
D1,F0-1-B1,13,7,2021-07-18,96,1.0,True,28.0,28.0,0.0,0.0,2021-07-18 01:15:00,2021-07-18 11:45:00,630.0,630.0
D1,F0-1-B1,13,8,2021-07-12,96,1.0,True,198.0,185.0,-13.0,13.0,2021-07-12 08:45:00,2021-07-12 11:00:00,135.0,135.0
D1,F0-1-B1,13,8,2021-07-13,1,0.010416666666666666,False,79.0,83.0,4.0,4.0,2021-07-13 00:00:00,2021-07-13 00:00:00,0.0,0.0
D1,F0-1-B1,13,8,2021-07-17,88,0.9166666666666666,False,108.0,106.0,-2.0,2.0,2021-07-17 06:00:00,2021-07-17 04:00:00,-120.0,120.0
D1,F0-1-B1,13,8,2021-07-18,96,1.0,True,28.0,28.0,0.0,0.0,2021-07-18 01:15:00,2021-07-18 11:45:00,630.0,630.0
D1,F0-1-B1,13,9,2021-07-12,96,1.0,True,198.0,185.0,-13.0,13.0,2021-07-12 08:45:00,2021-07-12 11:00:00,135.0,135.0
D1,F0-1-B1,13,9,2021-07-13,1,0.010416666666666666,False,79.0,83.0,4.0,4.0,2021-07-13 00:00:00,2021-07-13 00:00:00,0.0,0.0
D1,F0-1-B1,13,9,2021-07-17,87,0.90625,False,108.0,106.0,-2.0,2.0,2021-07-17 06:00:00,2021-07-17 04:00:00,-120.0,120.0
D1,F0-1-B1,13,9,2021-07-18,96,1.0,True,28.0,28.0,0.0,0.0,2021-07-18 01:15:00,2021-07-18 11:45:00,630.0,630.0
D1,F0-1-B1,13,10,2021-07-12,96,1.0,True,198.0,185.0,-13.0,13.0,2021-07-12 08:45:00,2021-07-12 11:00:00,135.0,135.0
D1,F0-1-B1,13,10,2021-07-13,1,0.010416666666666666,False,79.0,83.0,4.0,4.0,2021-07-13 00:00:00,2021-07-13 00:00:00,0.0,0.0
D1,F0-1-B1,13,10,2021-07-17,86,0.8958333333333334,False,108.0,106.0,-2.0,2.0,2021-07-17 06:00:00,2021-07-17 04:00:00,-120.0,120.0
D1,F0-1-B1,13,10,2021-07-18,96,1.0,True,28.0,28.0,0.0,0.0,2021-07-18 01:15:00,2021-07-18 11:45:00,630.0,630.0
D1,F0-1-B1,13,11,2021-07-12,96,1.0,True,198.0,185.0,-13.0,13.0,2021-07-12 08:45:00,2021-07-12 11:00:00,135.0,135.0
D1,F0-1-B1,13,11,2021-07-13,1,0.010416666666666666,False,79.0,83.0,4.0,4.0,2021-07-13 00:00:00,2021-07-13 00:00:00,0.0,0.0
D1,F0-1-B1,13,11,2021-07-17,85,0.8854166666666666,False,108.0,106.0,-2.0,2.0,2021-07-17 06:00:00,2021-07-17 04:00:00,-120.0,120.0
D1,F0-1-B1,13,11,2021-07-18,96,1.0,True,28.0,28.0,0.0,0.0,2021-07-18 01:15:00,2021-07-18 11:45:00,630.0,630.0
D1,F0-1-B1,13,12,2021-07-12,96,1.0,True,198.0,185.0,-13.0,13.0,2021-07-12 08:45:00,2021-07-12 11:00:00,135.0,135.0
D1,F0-1-B1,13,12,2021-07-13,1,0.010416666666666666,False,79.0,83.0,4.0,4.0,2021-07-13 00:00:00,2021-07-13 00:00:00,0.0,0.0
D1,F0-1-B1,13,12,2021-07-17,84,0.875,False,108.0,106.0,-2.0,2.0,2021-07-17 06:00:00,2021-07-17 04:00:00,-120.0,120.0
D1,F0-1-B1,13,12,2021-07-18,96,1.0,True,28.0,28.0,0.0,0.0,2021-07-18 01:15:00,2021-07-18 11:45:00,630.0,630.0
D1,F0-1-B1,13,13,2021-07-12,96,1.0,True,198.0,185.0,-13.0,13.0,2021-07-12 08:45:00,2021-07-12 11:00:00,135.0,135.0
D1,F0-1-B1,13,13,2021-07-13,1,0.010416666666666666,False,79.0,83.0,4.0,4.0,2021-07-13 00:00:00,2021-07-13 00:00:00,0.0,0.0
D1,F0-1-B1,13,13,2021-07-17,83,0.8645833333333334,False,108.0,106.0,-2.0,2.0,2021-07-17 06:00:00,2021-07-17 04:00:00,-120.0,120.0
D1,F0-1-B1,13,13,2021-07-18,96,1.0,True,28.0,28.0,0.0,0.0,2021-07-18 01:15:00,2021-07-18 11:45:00,630.0,630.0
D1,F0-1-B1,13,14,2021-07-12,96,1.0,True,198.0,185.0,-13.0,13.0,2021-07-12 08:45:00,2021-07-12 11:00:00,135.0,135.0
D1,F0-1-B1,13,14,2021-07-13,1,0.010416666666666666,False,79.0,83.0,4.0,4.0,2021-07-13 00:00:00,2021-07-13 00:00:00,0.0,0.0
D1,F0-1-B1,13,14,2021-07-17,82,0.8541666666666666,False,108.0,106.0,-2.0,2.0,2021-07-17 06:00:00,2021-07-17 04:00:00,-120.0,120.0
D1,F0-1-B1,13,14,2021-07-18,96,1.0,True,28.0,28.0,0.0,0.0,2021-07-18 01:15:00,2021-07-18 11:45:00,630.0,630.0
D1,F0-1-B1,13,15,2021-07-12,96,1.0,True,198.0,185.0,-13.0,13.0,2021-07-12 08:45:00,2021-07-12 11:00:00,135.0,135.0
D1,F0-1-B1,13,15,2021-07-13,1,0.010416666666666666,False,79.0,83.0,4.0,4.0,2021-07-13 00:00:00,2021-07-13 00:00:00,0.0,0.0
D1,F0-1-B1,13,15,2021-07-17,81,0.84375,False,108.0,106.0,-2.0,2.0,2021-07-17 06:00:00,2021-07-17 04:00:00,-120.0,120.0
D1,F0-1-B1,13,15,2021-07-18,96,1.0,True,28.0,28.0,0.0,0.0,2021-07-18 01:15:00,2021-07-18 11:45:00,630.0,630.0
D1,F0-1-B1,13,16,2021-07-12,96,1.0,True,198.0,185.0,-13.0,13.0,2021-07-12 08:45:00,2021-07-12 11:00:00,135.0,135.0
D1,F0-1-B1,13,16,2021-07-13,1,0.010416666666666666,False,79.0,83.0,4.0,4.0,2021-07-13 00:00:00,2021-07-13 00:00:00,0.0,0.0
D1,F0-1-B1,13,16,2021-07-17,80,0.8333333333333334,False,108.0,106.0,-2.0,2.0,2021-07-17 06:00:00,2021-07-17 04:00:00,-120.0,120.0
D1,F0-1-B1,13,16,2021-07-18,96,1.0,True,28.0,28.0,0.0,0.0,2021-07-18 01:15:00,2021-07-18 11:45:00,630.0,630.0
D1,F0-1-B1,15,4,2021-07-26,96,1.0,True,217.0,222.0,5.0,5.0,2021-07-26 08:30:00,2021-07-26 11:30:00,180.0,180.0
D1,F0-1-B1,15,4,2021-07-27,96,1.0,True,211.0,201.0,-10.0,10.0,2021-07-27 11:45:00,2021-07-27 08:45:00,-180.0,180.0
D1,F0-1-B1,15,4,2021-07-28,96,1.0,True,212.0,214.0,2.0,2.0,2021-07-28 12:00:00,2021-07-28 10:00:00,-120.0,120.0
D1,F0-1-B1,15,4,2021-07-29,96,1.0,True,211.0,213.0,2.0,2.0,2021-07-29 12:00:00,2021-07-29 08:30:00,-210.0,210.0
D1,F0-1-B1,15,4,2021-07-30,96,1.0,True,212.0,206.0,-6.0,6.0,2021-07-30 12:00:00,2021-07-30 16:00:00,240.0,240.0
D1,F0-1-B1,15,4,2021-07-31,96,1.0,True,80.0,104.0,24.0,24.0,2021-07-31 00:00:00,2021-07-31 03:45:00,225.0,225.0
D1,F0-1-B1,15,4,2021-08-01,96,1.0,True,28.0,29.0,1.0,1.0,2021-08-01 09:00:00,2021-08-01 02:15:00,-405.0,405.0
D1,F0-1-B1,15,5,2021-07-26,96,1.0,True,217.0,222.0,5.0,5.0,2021-07-26 08:30:00,2021-07-26 11:30:00,180.0,180.0
D1,F0-1-B1,15,5,2021-07-27,96,1.0,True,211.0,201.0,-10.0,10.0,2021-07-27 11:45:00,2021-07-27 08:45:00,-180.0,180.0
D1,F0-1-B1,15,5,2021-07-28,96,1.0,True,212.0,214.0,2.0,2.0,2021-07-28 12:00:00,2021-07-28 10:00:00,-120.0,120.0
D1,F0-1-B1,15,5,2021-07-29,96,1.0,True,211.0,213.0,2.0,2.0,2021-07-29 12:00:00,2021-07-29 08:30:00,-210.0,210.0
D1,F0-1-B1,15,5,2021-07-30,96,1.0,True,212.0,206.0,-6.0,6.0,2021-07-30 12:00:00,2021-07-30 16:00:00,240.0,240.0
D1,F0-1-B1,15,5,2021-07-31,96,1.0,True,80.0,104.0,24.0,24.0,2021-07-31 00:00:00,2021-07-31 03:45:00,225.0,225.0
D1,F0-1-B1,15,5,2021-08-01,96,1.0,True,28.0,29.0,1.0,1.0,2021-08-01 09:00:00,2021-08-01 02:15:00,-405.0,405.0
D1,F0-1-B1,15,6,2021-07-26,96,1.0,True,217.0,222.0,5.0,5.0,2021-07-26 08:30:00,2021-07-26 11:30:00,180.0,180.0
D1,F0-1-B1,15,6,2021-07-27,96,1.0,True,211.0,201.0,-10.0,10.0,2021-07-27 11:45:00,2021-07-27 08:45:00,-180.0,180.0
D1,F0-1-B1,15,6,2021-07-28,96,1.0,True,212.0,214.0,2.0,2.0,2021-07-28 12:00:00,2021-07-28 10:00:00,-120.0,120.0
D1,F0-1-B1,15,6,2021-07-29,96,1.0,True,211.0,213.0,2.0,2.0,2021-07-29 12:00:00,2021-07-29 08:30:00,-210.0,210.0
D1,F0-1-B1,15,6,2021-07-30,96,1.0,True,212.0,206.0,-6.0,6.0,2021-07-30 12:00:00,2021-07-30 16:00:00,240.0,240.0
D1,F0-1-B1,15,6,2021-07-31,96,1.0,True,80.0,104.0,24.0,24.0,2021-07-31 00:00:00,2021-07-31 03:45:00,225.0,225.0
D1,F0-1-B1,15,6,2021-08-01,96,1.0,True,28.0,29.0,1.0,1.0,2021-08-01 09:00:00,2021-08-01 02:15:00,-405.0,405.0
D1,F0-1-B1,15,7,2021-07-26,96,1.0,True,217.0,222.0,5.0,5.0,2021-07-26 08:30:00,2021-07-26 11:30:00,180.0,180.0
D1,F0-1-B1,15,7,2021-07-27,96,1.0,True,211.0,201.0,-10.0,10.0,2021-07-27 11:45:00,2021-07-27 08:45:00,-180.0,180.0
D1,F0-1-B1,15,7,2021-07-28,96,1.0,True,212.0,214.0,2.0,2.0,2021-07-28 12:00:00,2021-07-28 10:00:00,-120.0,120.0
D1,F0-1-B1,15,7,2021-07-29,96,1.0,True,211.0,213.0,2.0,2.0,2021-07-29 12:00:00,2021-07-29 08:30:00,-210.0,210.0
D1,F0-1-B1,15,7,2021-07-30,96,1.0,True,212.0,206.0,-6.0,6.0,2021-07-30 12:00:00,2021-07-30 16:00:00,240.0,240.0
D1,F0-1-B1,15,7,2021-07-31,96,1.0,True,80.0,104.0,24.0,24.0,2021-07-31 00:00:00,2021-07-31 03:45:00,225.0,225.0
D1,F0-1-B1,15,7,2021-08-01,96,1.0,True,28.0,29.0,1.0,1.0,2021-08-01 09:00:00,2021-08-01 02:15:00,-405.0,405.0
D1,F0-1-B1,15,8,2021-07-26,96,1.0,True,217.0,222.0,5.0,5.0,2021-07-26 08:30:00,2021-07-26 11:30:00,180.0,180.0
D1,F0-1-B1,15,8,2021-07-27,96,1.0,True,211.0,201.0,-10.0,10.0,2021-07-27 11:45:00,2021-07-27 08:45:00,-180.0,180.0
D1,F0-1-B1,15,8,2021-07-28,96,1.0,True,212.0,214.0,2.0,2.0,2021-07-28 12:00:00,2021-07-28 10:00:00,-120.0,120.0
D1,F0-1-B1,15,8,2021-07-29,96,1.0,True,211.0,213.0,2.0,2.0,2021-07-29 12:00:00,2021-07-29 08:30:00,-210.0,210.0
D1,F0-1-B1,15,8,2021-07-30,96,1.0,True,212.0,206.0,-6.0,6.0,2021-07-30 12:00:00,2021-07-30 16:00:00,240.0,240.0
D1,F0-1-B1,15,8,2021-07-31,96,1.0,True,80.0,104.0,24.0,24.0,2021-07-31 00:00:00,2021-07-31 03:45:00,225.0,225.0
D1,F0-1-B1,15,8,2021-08-01,96,1.0,True,28.0,29.0,1.0,1.0,2021-08-01 09:00:00,2021-08-01 02:15:00,-405.0,405.0
D1,F0-1-B1,15,9,2021-07-26,96,1.0,True,217.0,222.0,5.0,5.0,2021-07-26 08:30:00,2021-07-26 11:30:00,180.0,180.0
D1,F0-1-B1,15,9,2021-07-27,96,1.0,True,211.0,201.0,-10.0,10.0,2021-07-27 11:45:00,2021-07-27 08:45:00,-180.0,180.0
D1,F0-1-B1,15,9,2021-07-28,96,1.0,True,212.0,214.0,2.0,2.0,2021-07-28 12:00:00,2021-07-28 10:00:00,-120.0,120.0
D1,F0-1-B1,15,9,2021-07-29,96,1.0,True,211.0,213.0,2.0,2.0,2021-07-29 12:00:00,2021-07-29 08:30:00,-210.0,210.0
D1,F0-1-B1,15,9,2021-07-30,96,1.0,True,212.0,206.0,-6.0,6.0,2021-07-30 12:00:00,2021-07-30 16:00:00,240.0,240.0
D1,F0-1-B1,15,9,2021-07-31,96,1.0,True,80.0,104.0,24.0,24.0,2021-07-31 00:00:00,2021-07-31 03:45:00,225.0,225.0
D1,F0-1-B1,15,9,2021-08-01,96,1.0,True,28.0,29.0,1.0,1.0,2021-08-01 09:00:00,2021-08-01 02:15:00,-405.0,405.0
D1,F0-1-B1,15,10,2021-07-26,96,1.0,True,217.0,222.0,5.0,5.0,2021-07-26 08:30:00,2021-07-26 11:30:00,180.0,180.0
D1,F0-1-B1,15,10,2021-07-27,96,1.0,True,211.0,201.0,-10.0,10.0,2021-07-27 11:45:00,2021-07-27 08:45:00,-180.0,180.0
D1,F0-1-B1,15,10,2021-07-28,96,1.0,True,212.0,214.0,2.0,2.0,2021-07-28 12:00:00,2021-07-28 10:00:00,-120.0,120.0
D1,F0-1-B1,15,10,2021-07-29,96,1.0,True,211.0,213.0,2.0,2.0,2021-07-29 12:00:00,2021-07-29 08:30:00,-210.0,210.0
D1,F0-1-B1,15,10,2021-07-30,96,1.0,True,212.0,206.0,-6.0,6.0,2021-07-30 12:00:00,2021-07-30 16:00:00,240.0,240.0
D1,F0-1-B1,15,10,2021-07-31,96,1.0,True,80.0,104.0,24.0,24.0,2021-07-31 00:00:00,2021-07-31 03:45:00,225.0,225.0
D1,F0-1-B1,15,10,2021-08-01,96,1.0,True,28.0,29.0,1.0,1.0,2021-08-01 09:00:00,2021-08-01 02:15:00,-405.0,405.0
D1,F0-1-B1,15,11,2021-07-26,96,1.0,True,217.0,222.0,5.0,5.0,2021-07-26 08:30:00,2021-07-26 11:30:00,180.0,180.0
D1,F0-1-B1,15,11,2021-07-27,96,1.0,True,211.0,201.0,-10.0,10.0,2021-07-27 11:45:00,2021-07-27 08:45:00,-180.0,180.0
D1,F0-1-B1,15,11,2021-07-28,96,1.0,True,212.0,214.0,2.0,2.0,2021-07-28 12:00:00,2021-07-28 10:00:00,-120.0,120.0
D1,F0-1-B1,15,11,2021-07-29,96,1.0,True,211.0,213.0,2.0,2.0,2021-07-29 12:00:00,2021-07-29 08:30:00,-210.0,210.0
D1,F0-1-B1,15,11,2021-07-30,96,1.0,True,212.0,206.0,-6.0,6.0,2021-07-30 12:00:00,2021-07-30 16:00:00,240.0,240.0
D1,F0-1-B1,15,11,2021-07-31,96,1.0,True,80.0,104.0,24.0,24.0,2021-07-31 00:00:00,2021-07-31 03:45:00,225.0,225.0
D1,F0-1-B1,15,11,2021-08-01,96,1.0,True,28.0,29.0,1.0,1.0,2021-08-01 09:00:00,2021-08-01 02:15:00,-405.0,405.0
D1,F0-1-B1,15,12,2021-07-26,96,1.0,True,217.0,222.0,5.0,5.0,2021-07-26 08:30:00,2021-07-26 11:30:00,180.0,180.0
D1,F0-1-B1,15,12,2021-07-27,96,1.0,True,211.0,201.0,-10.0,10.0,2021-07-27 11:45:00,2021-07-27 08:45:00,-180.0,180.0
D1,F0-1-B1,15,12,2021-07-28,96,1.0,True,212.0,214.0,2.0,2.0,2021-07-28 12:00:00,2021-07-28 10:00:00,-120.0,120.0
D1,F0-1-B1,15,12,2021-07-29,96,1.0,True,211.0,213.0,2.0,2.0,2021-07-29 12:00:00,2021-07-29 08:30:00,-210.0,210.0
D1,F0-1-B1,15,12,2021-07-30,96,1.0,True,212.0,206.0,-6.0,6.0,2021-07-30 12:00:00,2021-07-30 16:00:00,240.0,240.0
D1,F0-1-B1,15,12,2021-07-31,96,1.0,True,80.0,104.0,24.0,24.0,2021-07-31 00:00:00,2021-07-31 03:45:00,225.0,225.0
D1,F0-1-B1,15,12,2021-08-01,96,1.0,True,28.0,29.0,1.0,1.0,2021-08-01 09:00:00,2021-08-01 02:15:00,-405.0,405.0
D1,F0-1-B1,15,13,2021-07-26,96,1.0,True,217.0,222.0,5.0,5.0,2021-07-26 08:30:00,2021-07-26 11:30:00,180.0,180.0
D1,F0-1-B1,15,13,2021-07-27,96,1.0,True,211.0,201.0,-10.0,10.0,2021-07-27 11:45:00,2021-07-27 08:45:00,-180.0,180.0
D1,F0-1-B1,15,13,2021-07-28,96,1.0,True,212.0,214.0,2.0,2.0,2021-07-28 12:00:00,2021-07-28 10:00:00,-120.0,120.0
D1,F0-1-B1,15,13,2021-07-29,96,1.0,True,211.0,213.0,2.0,2.0,2021-07-29 12:00:00,2021-07-29 08:30:00,-210.0,210.0
D1,F0-1-B1,15,13,2021-07-30,96,1.0,True,212.0,206.0,-6.0,6.0,2021-07-30 12:00:00,2021-07-30 16:00:00,240.0,240.0
D1,F0-1-B1,15,13,2021-07-31,96,1.0,True,80.0,104.0,24.0,24.0,2021-07-31 00:00:00,2021-07-31 03:45:00,225.0,225.0
D1,F0-1-B1,15,13,2021-08-01,96,1.0,True,28.0,29.0,1.0,1.0,2021-08-01 09:00:00,2021-08-01 02:15:00,-405.0,405.0
D1,F0-1-B1,15,14,2021-07-26,96,1.0,True,217.0,222.0,5.0,5.0,2021-07-26 08:30:00,2021-07-26 11:30:00,180.0,180.0
D1,F0-1-B1,15,14,2021-07-27,96,1.0,True,211.0,201.0,-10.0,10.0,2021-07-27 11:45:00,2021-07-27 08:45:00,-180.0,180.0
D1,F0-1-B1,15,14,2021-07-28,96,1.0,True,212.0,214.0,2.0,2.0,2021-07-28 12:00:00,2021-07-28 10:00:00,-120.0,120.0
D1,F0-1-B1,15,14,2021-07-29,96,1.0,True,211.0,213.0,2.0,2.0,2021-07-29 12:00:00,2021-07-29 08:30:00,-210.0,210.0
D1,F0-1-B1,15,14,2021-07-30,96,1.0,True,212.0,206.0,-6.0,6.0,2021-07-30 12:00:00,2021-07-30 16:00:00,240.0,240.0
D1,F0-1-B1,15,14,2021-07-31,96,1.0,True,80.0,104.0,24.0,24.0,2021-07-31 00:00:00,2021-07-31 03:45:00,225.0,225.0
D1,F0-1-B1,15,14,2021-08-01,96,1.0,True,28.0,29.0,1.0,1.0,2021-08-01 09:00:00,2021-08-01 02:15:00,-405.0,405.0
D1,F0-1-B1,15,15,2021-07-26,96,1.0,True,217.0,222.0,5.0,5.0,2021-07-26 08:30:00,2021-07-26 11:30:00,180.0,180.0
D1,F0-1-B1,15,15,2021-07-27,96,1.0,True,211.0,201.0,-10.0,10.0,2021-07-27 11:45:00,2021-07-27 08:45:00,-180.0,180.0
D1,F0-1-B1,15,15,2021-07-28,96,1.0,True,212.0,214.0,2.0,2.0,2021-07-28 12:00:00,2021-07-28 10:00:00,-120.0,120.0
D1,F0-1-B1,15,15,2021-07-29,96,1.0,True,211.0,213.0,2.0,2.0,2021-07-29 12:00:00,2021-07-29 08:30:00,-210.0,210.0
D1,F0-1-B1,15,15,2021-07-30,96,1.0,True,212.0,206.0,-6.0,6.0,2021-07-30 12:00:00,2021-07-30 16:00:00,240.0,240.0
D1,F0-1-B1,15,15,2021-07-31,96,1.0,True,80.0,104.0,24.0,24.0,2021-07-31 00:00:00,2021-07-31 03:45:00,225.0,225.0
D1,F0-1-B1,15,15,2021-08-01,96,1.0,True,28.0,29.0,1.0,1.0,2021-08-01 09:00:00,2021-08-01 02:15:00,-405.0,405.0
D1,F0-1-B1,15,16,2021-07-26,96,1.0,True,217.0,222.0,5.0,5.0,2021-07-26 08:30:00,2021-07-26 11:30:00,180.0,180.0
D1,F0-1-B1,15,16,2021-07-27,96,1.0,True,211.0,201.0,-10.0,10.0,2021-07-27 11:45:00,2021-07-27 08:45:00,-180.0,180.0
D1,F0-1-B1,15,16,2021-07-28,96,1.0,True,212.0,214.0,2.0,2.0,2021-07-28 12:00:00,2021-07-28 10:00:00,-120.0,120.0
D1,F0-1-B1,15,16,2021-07-29,96,1.0,True,211.0,213.0,2.0,2.0,2021-07-29 12:00:00,2021-07-29 08:30:00,-210.0,210.0
D1,F0-1-B1,15,16,2021-07-30,96,1.0,True,212.0,206.0,-6.0,6.0,2021-07-30 12:00:00,2021-07-30 16:00:00,240.0,240.0
D1,F0-1-B1,15,16,2021-07-31,96,1.0,True,80.0,104.0,24.0,24.0,2021-07-31 00:00:00,2021-07-31 03:45:00,225.0,225.0
D1,F0-1-B1,15,16,2021-08-01,96,1.0,True,28.0,29.0,1.0,1.0,2021-08-01 09:00:00,2021-08-01 02:15:00,-405.0,405.0
D2,F0-1-B1,1,4,2021-04-19,96,1.0,True,172.0,182.0,10.0,10.0,2021-04-19 08:45:00,2021-04-19 13:15:00,270.0,270.0
D2,F0-1-B1,1,4,2021-04-20,96,1.0,True,172.0,182.0,10.0,10.0,2021-04-20 08:45:00,2021-04-20 13:15:00,270.0,270.0
D2,F0-1-B1,1,4,2021-04-21,96,1.0,True,174.0,182.0,8.0,8.0,2021-04-21 08:30:00,2021-04-21 13:15:00,285.0,285.0
D2,F0-1-B1,1,4,2021-04-22,96,1.0,True,174.0,182.0,8.0,8.0,2021-04-22 08:30:00,2021-04-22 13:15:00,285.0,285.0
D2,F0-1-B1,1,4,2021-04-23,96,1.0,True,174.0,182.0,8.0,8.0,2021-04-23 08:30:00,2021-04-23 13:15:00,285.0,285.0
D2,F0-1-B1,1,4,2021-04-24,96,1.0,True,112.0,115.0,3.0,3.0,2021-04-24 06:15:00,2021-04-24 02:00:00,-255.0,255.0
D2,F0-1-B1,1,4,2021-04-25,96,1.0,True,25.0,25.0,0.0,0.0,2021-04-25 01:30:00,2021-04-25 01:30:00,0.0,0.0
D2,F0-1-B1,1,5,2021-04-19,96,1.0,True,172.0,182.0,10.0,10.0,2021-04-19 08:45:00,2021-04-19 13:15:00,270.0,270.0
D2,F0-1-B1,1,5,2021-04-20,96,1.0,True,172.0,182.0,10.0,10.0,2021-04-20 08:45:00,2021-04-20 13:15:00,270.0,270.0
D2,F0-1-B1,1,5,2021-04-21,96,1.0,True,174.0,182.0,8.0,8.0,2021-04-21 08:30:00,2021-04-21 13:15:00,285.0,285.0
D2,F0-1-B1,1,5,2021-04-22,96,1.0,True,174.0,182.0,8.0,8.0,2021-04-22 08:30:00,2021-04-22 13:15:00,285.0,285.0
D2,F0-1-B1,1,5,2021-04-23,96,1.0,True,174.0,182.0,8.0,8.0,2021-04-23 08:30:00,2021-04-23 13:15:00,285.0,285.0
D2,F0-1-B1,1,5,2021-04-24,96,1.0,True,112.0,115.0,3.0,3.0,2021-04-24 06:15:00,2021-04-24 02:00:00,-255.0,255.0
D2,F0-1-B1,1,5,2021-04-25,96,1.0,True,25.0,25.0,0.0,0.0,2021-04-25 01:30:00,2021-04-25 01:30:00,0.0,0.0
D2,F0-1-B1,1,6,2021-04-19,96,1.0,True,172.0,182.0,10.0,10.0,2021-04-19 08:45:00,2021-04-19 13:15:00,270.0,270.0
D2,F0-1-B1,1,6,2021-04-20,96,1.0,True,172.0,182.0,10.0,10.0,2021-04-20 08:45:00,2021-04-20 13:15:00,270.0,270.0
D2,F0-1-B1,1,6,2021-04-21,96,1.0,True,174.0,182.0,8.0,8.0,2021-04-21 08:30:00,2021-04-21 13:15:00,285.0,285.0
D2,F0-1-B1,1,6,2021-04-22,96,1.0,True,174.0,182.0,8.0,8.0,2021-04-22 08:30:00,2021-04-22 13:15:00,285.0,285.0
D2,F0-1-B1,1,6,2021-04-23,96,1.0,True,174.0,182.0,8.0,8.0,2021-04-23 08:30:00,2021-04-23 13:15:00,285.0,285.0
D2,F0-1-B1,1,6,2021-04-24,96,1.0,True,112.0,115.0,3.0,3.0,2021-04-24 06:15:00,2021-04-24 02:00:00,-255.0,255.0
D2,F0-1-B1,1,6,2021-04-25,96,1.0,True,25.0,25.0,0.0,0.0,2021-04-25 01:30:00,2021-04-25 01:30:00,0.0,0.0
D2,F0-1-B1,1,7,2021-04-19,96,1.0,True,172.0,182.0,10.0,10.0,2021-04-19 08:45:00,2021-04-19 13:15:00,270.0,270.0
D2,F0-1-B1,1,7,2021-04-20,96,1.0,True,172.0,182.0,10.0,10.0,2021-04-20 08:45:00,2021-04-20 13:15:00,270.0,270.0
D2,F0-1-B1,1,7,2021-04-21,96,1.0,True,174.0,182.0,8.0,8.0,2021-04-21 08:30:00,2021-04-21 13:15:00,285.0,285.0
D2,F0-1-B1,1,7,2021-04-22,96,1.0,True,174.0,182.0,8.0,8.0,2021-04-22 08:30:00,2021-04-22 13:15:00,285.0,285.0
D2,F0-1-B1,1,7,2021-04-23,96,1.0,True,174.0,182.0,8.0,8.0,2021-04-23 08:30:00,2021-04-23 13:15:00,285.0,285.0
D2,F0-1-B1,1,7,2021-04-24,96,1.0,True,112.0,115.0,3.0,3.0,2021-04-24 06:15:00,2021-04-24 02:00:00,-255.0,255.0
D2,F0-1-B1,1,7,2021-04-25,96,1.0,True,25.0,25.0,0.0,0.0,2021-04-25 01:30:00,2021-04-25 01:30:00,0.0,0.0
D2,F0-1-B1,1,8,2021-04-19,96,1.0,True,172.0,182.0,10.0,10.0,2021-04-19 08:45:00,2021-04-19 13:15:00,270.0,270.0
D2,F0-1-B1,1,8,2021-04-20,96,1.0,True,172.0,182.0,10.0,10.0,2021-04-20 08:45:00,2021-04-20 13:15:00,270.0,270.0
D2,F0-1-B1,1,8,2021-04-21,96,1.0,True,174.0,182.0,8.0,8.0,2021-04-21 08:30:00,2021-04-21 13:15:00,285.0,285.0
D2,F0-1-B1,1,8,2021-04-22,96,1.0,True,174.0,182.0,8.0,8.0,2021-04-22 08:30:00,2021-04-22 13:15:00,285.0,285.0
D2,F0-1-B1,1,8,2021-04-23,96,1.0,True,174.0,182.0,8.0,8.0,2021-04-23 08:30:00,2021-04-23 13:15:00,285.0,285.0
D2,F0-1-B1,1,8,2021-04-24,96,1.0,True,112.0,115.0,3.0,3.0,2021-04-24 06:15:00,2021-04-24 02:00:00,-255.0,255.0
D2,F0-1-B1,1,8,2021-04-25,96,1.0,True,25.0,25.0,0.0,0.0,2021-04-25 01:30:00,2021-04-25 01:30:00,0.0,0.0
D2,F0-1-B1,1,9,2021-04-19,96,1.0,True,172.0,182.0,10.0,10.0,2021-04-19 08:45:00,2021-04-19 13:15:00,270.0,270.0
D2,F0-1-B1,1,9,2021-04-20,96,1.0,True,172.0,182.0,10.0,10.0,2021-04-20 08:45:00,2021-04-20 13:15:00,270.0,270.0
D2,F0-1-B1,1,9,2021-04-21,96,1.0,True,174.0,182.0,8.0,8.0,2021-04-21 08:30:00,2021-04-21 13:15:00,285.0,285.0
D2,F0-1-B1,1,9,2021-04-22,96,1.0,True,174.0,182.0,8.0,8.0,2021-04-22 08:30:00,2021-04-22 13:15:00,285.0,285.0
D2,F0-1-B1,1,9,2021-04-23,96,1.0,True,174.0,182.0,8.0,8.0,2021-04-23 08:30:00,2021-04-23 13:15:00,285.0,285.0
D2,F0-1-B1,1,9,2021-04-24,96,1.0,True,112.0,115.0,3.0,3.0,2021-04-24 06:15:00,2021-04-24 02:00:00,-255.0,255.0
D2,F0-1-B1,1,9,2021-04-25,96,1.0,True,25.0,25.0,0.0,0.0,2021-04-25 01:30:00,2021-04-25 01:30:00,0.0,0.0
D2,F0-1-B1,1,10,2021-04-19,96,1.0,True,172.0,182.0,10.0,10.0,2021-04-19 08:45:00,2021-04-19 13:15:00,270.0,270.0
D2,F0-1-B1,1,10,2021-04-20,96,1.0,True,172.0,182.0,10.0,10.0,2021-04-20 08:45:00,2021-04-20 13:15:00,270.0,270.0
D2,F0-1-B1,1,10,2021-04-21,96,1.0,True,174.0,182.0,8.0,8.0,2021-04-21 08:30:00,2021-04-21 13:15:00,285.0,285.0
D2,F0-1-B1,1,10,2021-04-22,96,1.0,True,174.0,182.0,8.0,8.0,2021-04-22 08:30:00,2021-04-22 13:15:00,285.0,285.0
D2,F0-1-B1,1,10,2021-04-23,96,1.0,True,174.0,182.0,8.0,8.0,2021-04-23 08:30:00,2021-04-23 13:15:00,285.0,285.0
D2,F0-1-B1,1,10,2021-04-24,96,1.0,True,112.0,115.0,3.0,3.0,2021-04-24 06:15:00,2021-04-24 02:00:00,-255.0,255.0
D2,F0-1-B1,1,10,2021-04-25,96,1.0,True,25.0,25.0,0.0,0.0,2021-04-25 01:30:00,2021-04-25 01:30:00,0.0,0.0
D2,F0-1-B1,1,11,2021-04-19,96,1.0,True,172.0,182.0,10.0,10.0,2021-04-19 08:45:00,2021-04-19 13:15:00,270.0,270.0
D2,F0-1-B1,1,11,2021-04-20,96,1.0,True,172.0,182.0,10.0,10.0,2021-04-20 08:45:00,2021-04-20 13:15:00,270.0,270.0
D2,F0-1-B1,1,11,2021-04-21,96,1.0,True,174.0,182.0,8.0,8.0,2021-04-21 08:30:00,2021-04-21 13:15:00,285.0,285.0
D2,F0-1-B1,1,11,2021-04-22,96,1.0,True,174.0,182.0,8.0,8.0,2021-04-22 08:30:00,2021-04-22 13:15:00,285.0,285.0
D2,F0-1-B1,1,11,2021-04-23,96,1.0,True,174.0,182.0,8.0,8.0,2021-04-23 08:30:00,2021-04-23 13:15:00,285.0,285.0
D2,F0-1-B1,1,11,2021-04-24,96,1.0,True,112.0,115.0,3.0,3.0,2021-04-24 06:15:00,2021-04-24 02:00:00,-255.0,255.0
D2,F0-1-B1,1,11,2021-04-25,96,1.0,True,25.0,25.0,0.0,0.0,2021-04-25 01:30:00,2021-04-25 01:30:00,0.0,0.0
D2,F0-1-B1,1,12,2021-04-19,96,1.0,True,172.0,182.0,10.0,10.0,2021-04-19 08:45:00,2021-04-19 13:15:00,270.0,270.0
D2,F0-1-B1,1,12,2021-04-20,96,1.0,True,172.0,182.0,10.0,10.0,2021-04-20 08:45:00,2021-04-20 13:15:00,270.0,270.0
D2,F0-1-B1,1,12,2021-04-21,96,1.0,True,174.0,182.0,8.0,8.0,2021-04-21 08:30:00,2021-04-21 13:15:00,285.0,285.0
D2,F0-1-B1,1,12,2021-04-22,96,1.0,True,174.0,182.0,8.0,8.0,2021-04-22 08:30:00,2021-04-22 13:15:00,285.0,285.0
D2,F0-1-B1,1,12,2021-04-23,96,1.0,True,174.0,182.0,8.0,8.0,2021-04-23 08:30:00,2021-04-23 13:15:00,285.0,285.0
D2,F0-1-B1,1,12,2021-04-24,96,1.0,True,112.0,115.0,3.0,3.0,2021-04-24 06:15:00,2021-04-24 02:00:00,-255.0,255.0
D2,F0-1-B1,1,12,2021-04-25,96,1.0,True,25.0,25.0,0.0,0.0,2021-04-25 01:30:00,2021-04-25 01:30:00,0.0,0.0
D2,F0-1-B1,1,13,2021-04-19,96,1.0,True,172.0,182.0,10.0,10.0,2021-04-19 08:45:00,2021-04-19 13:15:00,270.0,270.0
D2,F0-1-B1,1,13,2021-04-20,96,1.0,True,172.0,182.0,10.0,10.0,2021-04-20 08:45:00,2021-04-20 13:15:00,270.0,270.0
D2,F0-1-B1,1,13,2021-04-21,96,1.0,True,174.0,182.0,8.0,8.0,2021-04-21 08:30:00,2021-04-21 13:15:00,285.0,285.0
D2,F0-1-B1,1,13,2021-04-22,96,1.0,True,174.0,182.0,8.0,8.0,2021-04-22 08:30:00,2021-04-22 13:15:00,285.0,285.0
D2,F0-1-B1,1,13,2021-04-23,96,1.0,True,174.0,182.0,8.0,8.0,2021-04-23 08:30:00,2021-04-23 13:15:00,285.0,285.0
D2,F0-1-B1,1,13,2021-04-24,96,1.0,True,112.0,115.0,3.0,3.0,2021-04-24 06:15:00,2021-04-24 02:00:00,-255.0,255.0
D2,F0-1-B1,1,13,2021-04-25,96,1.0,True,25.0,25.0,0.0,0.0,2021-04-25 01:30:00,2021-04-25 01:30:00,0.0,0.0
D2,F0-1-B1,1,14,2021-04-19,96,1.0,True,172.0,182.0,10.0,10.0,2021-04-19 08:45:00,2021-04-19 13:15:00,270.0,270.0
D2,F0-1-B1,1,14,2021-04-20,96,1.0,True,172.0,182.0,10.0,10.0,2021-04-20 08:45:00,2021-04-20 13:15:00,270.0,270.0
D2,F0-1-B1,1,14,2021-04-21,96,1.0,True,174.0,182.0,8.0,8.0,2021-04-21 08:30:00,2021-04-21 13:15:00,285.0,285.0
D2,F0-1-B1,1,14,2021-04-22,96,1.0,True,174.0,182.0,8.0,8.0,2021-04-22 08:30:00,2021-04-22 13:15:00,285.0,285.0
D2,F0-1-B1,1,14,2021-04-23,96,1.0,True,174.0,182.0,8.0,8.0,2021-04-23 08:30:00,2021-04-23 13:15:00,285.0,285.0
D2,F0-1-B1,1,14,2021-04-24,96,1.0,True,112.0,115.0,3.0,3.0,2021-04-24 06:15:00,2021-04-24 02:00:00,-255.0,255.0
D2,F0-1-B1,1,14,2021-04-25,96,1.0,True,25.0,25.0,0.0,0.0,2021-04-25 01:30:00,2021-04-25 01:30:00,0.0,0.0
D2,F0-1-B1,1,15,2021-04-19,96,1.0,True,172.0,182.0,10.0,10.0,2021-04-19 08:45:00,2021-04-19 13:15:00,270.0,270.0
D2,F0-1-B1,1,15,2021-04-20,96,1.0,True,172.0,182.0,10.0,10.0,2021-04-20 08:45:00,2021-04-20 13:15:00,270.0,270.0
D2,F0-1-B1,1,15,2021-04-21,96,1.0,True,174.0,182.0,8.0,8.0,2021-04-21 08:30:00,2021-04-21 13:15:00,285.0,285.0
D2,F0-1-B1,1,15,2021-04-22,96,1.0,True,174.0,182.0,8.0,8.0,2021-04-22 08:30:00,2021-04-22 13:15:00,285.0,285.0
D2,F0-1-B1,1,15,2021-04-23,96,1.0,True,174.0,182.0,8.0,8.0,2021-04-23 08:30:00,2021-04-23 13:15:00,285.0,285.0
D2,F0-1-B1,1,15,2021-04-24,96,1.0,True,112.0,115.0,3.0,3.0,2021-04-24 06:15:00,2021-04-24 02:00:00,-255.0,255.0
D2,F0-1-B1,1,15,2021-04-25,96,1.0,True,25.0,25.0,0.0,0.0,2021-04-25 01:30:00,2021-04-25 01:30:00,0.0,0.0
D2,F0-1-B1,1,16,2021-04-19,96,1.0,True,172.0,182.0,10.0,10.0,2021-04-19 08:45:00,2021-04-19 13:15:00,270.0,270.0
D2,F0-1-B1,1,16,2021-04-20,96,1.0,True,172.0,182.0,10.0,10.0,2021-04-20 08:45:00,2021-04-20 13:15:00,270.0,270.0
D2,F0-1-B1,1,16,2021-04-21,96,1.0,True,174.0,182.0,8.0,8.0,2021-04-21 08:30:00,2021-04-21 13:15:00,285.0,285.0
D2,F0-1-B1,1,16,2021-04-22,96,1.0,True,174.0,182.0,8.0,8.0,2021-04-22 08:30:00,2021-04-22 13:15:00,285.0,285.0
D2,F0-1-B1,1,16,2021-04-23,96,1.0,True,174.0,182.0,8.0,8.0,2021-04-23 08:30:00,2021-04-23 13:15:00,285.0,285.0
D2,F0-1-B1,1,16,2021-04-24,96,1.0,True,112.0,115.0,3.0,3.0,2021-04-24 06:15:00,2021-04-24 02:00:00,-255.0,255.0
D2,F0-1-B1,1,16,2021-04-25,96,1.0,True,25.0,25.0,0.0,0.0,2021-04-25 01:30:00,2021-04-25 01:30:00,0.0,0.0
D2,F0-1-B1,3,4,2021-05-05,95,0.9895833333333334,False,120.0,175.0,55.0,55.0,2021-05-05 04:15:00,2021-05-05 08:30:00,255.0,255.0
D2,F0-1-B1,3,4,2021-05-06,96,1.0,True,199.0,175.0,-24.0,24.0,2021-05-06 09:00:00,2021-05-06 08:30:00,-30.0,30.0
D2,F0-1-B1,3,4,2021-05-07,96,1.0,True,181.0,174.0,-7.0,7.0,2021-05-07 09:00:00,2021-05-07 08:30:00,-30.0,30.0
D2,F0-1-B1,3,4,2021-05-08,96,1.0,True,115.0,118.0,3.0,3.0,2021-05-08 02:00:00,2021-05-08 02:15:00,15.0,15.0
D2,F0-1-B1,3,4,2021-05-09,96,1.0,True,184.0,26.0,-158.0,158.0,2021-05-09 09:00:00,2021-05-09 04:30:00,-270.0,270.0
D2,F0-1-B1,3,5,2021-05-05,95,0.9895833333333334,False,120.0,175.0,55.0,55.0,2021-05-05 04:15:00,2021-05-05 08:30:00,255.0,255.0
D2,F0-1-B1,3,5,2021-05-06,96,1.0,True,199.0,175.0,-24.0,24.0,2021-05-06 09:00:00,2021-05-06 08:30:00,-30.0,30.0
D2,F0-1-B1,3,5,2021-05-07,96,1.0,True,181.0,174.0,-7.0,7.0,2021-05-07 09:00:00,2021-05-07 08:30:00,-30.0,30.0
D2,F0-1-B1,3,5,2021-05-08,96,1.0,True,115.0,118.0,3.0,3.0,2021-05-08 02:00:00,2021-05-08 02:15:00,15.0,15.0
D2,F0-1-B1,3,5,2021-05-09,96,1.0,True,184.0,26.0,-158.0,158.0,2021-05-09 09:00:00,2021-05-09 04:30:00,-270.0,270.0
D2,F0-1-B1,3,6,2021-05-05,95,0.9895833333333334,False,120.0,175.0,55.0,55.0,2021-05-05 04:15:00,2021-05-05 08:30:00,255.0,255.0
D2,F0-1-B1,3,6,2021-05-06,96,1.0,True,199.0,175.0,-24.0,24.0,2021-05-06 09:00:00,2021-05-06 08:30:00,-30.0,30.0
D2,F0-1-B1,3,6,2021-05-07,96,1.0,True,181.0,174.0,-7.0,7.0,2021-05-07 09:00:00,2021-05-07 08:30:00,-30.0,30.0
D2,F0-1-B1,3,6,2021-05-08,96,1.0,True,115.0,118.0,3.0,3.0,2021-05-08 02:00:00,2021-05-08 02:15:00,15.0,15.0
D2,F0-1-B1,3,6,2021-05-09,96,1.0,True,184.0,26.0,-158.0,158.0,2021-05-09 09:00:00,2021-05-09 04:30:00,-270.0,270.0
D2,F0-1-B1,3,7,2021-05-05,95,0.9895833333333334,False,120.0,175.0,55.0,55.0,2021-05-05 04:15:00,2021-05-05 08:30:00,255.0,255.0
D2,F0-1-B1,3,7,2021-05-06,96,1.0,True,199.0,175.0,-24.0,24.0,2021-05-06 09:00:00,2021-05-06 08:30:00,-30.0,30.0
D2,F0-1-B1,3,7,2021-05-07,96,1.0,True,181.0,174.0,-7.0,7.0,2021-05-07 09:00:00,2021-05-07 08:30:00,-30.0,30.0
D2,F0-1-B1,3,7,2021-05-08,96,1.0,True,115.0,118.0,3.0,3.0,2021-05-08 02:00:00,2021-05-08 02:15:00,15.0,15.0
D2,F0-1-B1,3,7,2021-05-09,96,1.0,True,184.0,26.0,-158.0,158.0,2021-05-09 09:00:00,2021-05-09 04:30:00,-270.0,270.0
D2,F0-1-B1,3,8,2021-05-05,95,0.9895833333333334,False,120.0,175.0,55.0,55.0,2021-05-05 04:15:00,2021-05-05 08:30:00,255.0,255.0
D2,F0-1-B1,3,8,2021-05-06,96,1.0,True,199.0,175.0,-24.0,24.0,2021-05-06 09:00:00,2021-05-06 08:30:00,-30.0,30.0
D2,F0-1-B1,3,8,2021-05-07,96,1.0,True,181.0,174.0,-7.0,7.0,2021-05-07 09:00:00,2021-05-07 08:30:00,-30.0,30.0
D2,F0-1-B1,3,8,2021-05-08,96,1.0,True,115.0,118.0,3.0,3.0,2021-05-08 02:00:00,2021-05-08 02:15:00,15.0,15.0
D2,F0-1-B1,3,8,2021-05-09,96,1.0,True,184.0,26.0,-158.0,158.0,2021-05-09 09:00:00,2021-05-09 04:30:00,-270.0,270.0
D2,F0-1-B1,3,9,2021-05-05,95,0.9895833333333334,False,120.0,175.0,55.0,55.0,2021-05-05 04:15:00,2021-05-05 08:30:00,255.0,255.0
D2,F0-1-B1,3,9,2021-05-06,96,1.0,True,199.0,175.0,-24.0,24.0,2021-05-06 09:00:00,2021-05-06 08:30:00,-30.0,30.0
D2,F0-1-B1,3,9,2021-05-07,96,1.0,True,181.0,174.0,-7.0,7.0,2021-05-07 09:00:00,2021-05-07 08:30:00,-30.0,30.0
D2,F0-1-B1,3,9,2021-05-08,96,1.0,True,115.0,118.0,3.0,3.0,2021-05-08 02:00:00,2021-05-08 02:15:00,15.0,15.0
D2,F0-1-B1,3,9,2021-05-09,96,1.0,True,184.0,26.0,-158.0,158.0,2021-05-09 09:00:00,2021-05-09 04:30:00,-270.0,270.0
D2,F0-1-B1,3,10,2021-05-05,95,0.9895833333333334,False,120.0,175.0,55.0,55.0,2021-05-05 04:15:00,2021-05-05 08:30:00,255.0,255.0
D2,F0-1-B1,3,10,2021-05-06,96,1.0,True,199.0,175.0,-24.0,24.0,2021-05-06 09:00:00,2021-05-06 08:30:00,-30.0,30.0
D2,F0-1-B1,3,10,2021-05-07,96,1.0,True,181.0,174.0,-7.0,7.0,2021-05-07 09:00:00,2021-05-07 08:30:00,-30.0,30.0
D2,F0-1-B1,3,10,2021-05-08,96,1.0,True,115.0,118.0,3.0,3.0,2021-05-08 02:00:00,2021-05-08 02:15:00,15.0,15.0
D2,F0-1-B1,3,10,2021-05-09,96,1.0,True,184.0,26.0,-158.0,158.0,2021-05-09 09:00:00,2021-05-09 04:30:00,-270.0,270.0
D2,F0-1-B1,3,11,2021-05-05,95,0.9895833333333334,False,120.0,175.0,55.0,55.0,2021-05-05 04:15:00,2021-05-05 08:30:00,255.0,255.0
D2,F0-1-B1,3,11,2021-05-06,96,1.0,True,199.0,175.0,-24.0,24.0,2021-05-06 09:00:00,2021-05-06 08:30:00,-30.0,30.0
D2,F0-1-B1,3,11,2021-05-07,96,1.0,True,181.0,174.0,-7.0,7.0,2021-05-07 09:00:00,2021-05-07 08:30:00,-30.0,30.0
D2,F0-1-B1,3,11,2021-05-08,96,1.0,True,115.0,118.0,3.0,3.0,2021-05-08 02:00:00,2021-05-08 02:15:00,15.0,15.0
D2,F0-1-B1,3,11,2021-05-09,96,1.0,True,184.0,26.0,-158.0,158.0,2021-05-09 09:00:00,2021-05-09 04:30:00,-270.0,270.0
D2,F0-1-B1,3,12,2021-05-05,95,0.9895833333333334,False,120.0,175.0,55.0,55.0,2021-05-05 04:15:00,2021-05-05 08:30:00,255.0,255.0
D2,F0-1-B1,3,12,2021-05-06,96,1.0,True,199.0,175.0,-24.0,24.0,2021-05-06 09:00:00,2021-05-06 08:30:00,-30.0,30.0
D2,F0-1-B1,3,12,2021-05-07,96,1.0,True,181.0,174.0,-7.0,7.0,2021-05-07 09:00:00,2021-05-07 08:30:00,-30.0,30.0
D2,F0-1-B1,3,12,2021-05-08,96,1.0,True,115.0,118.0,3.0,3.0,2021-05-08 02:00:00,2021-05-08 02:15:00,15.0,15.0
D2,F0-1-B1,3,12,2021-05-09,96,1.0,True,184.0,26.0,-158.0,158.0,2021-05-09 09:00:00,2021-05-09 04:30:00,-270.0,270.0
D2,F0-1-B1,3,13,2021-05-05,95,0.9895833333333334,False,120.0,175.0,55.0,55.0,2021-05-05 04:15:00,2021-05-05 08:30:00,255.0,255.0
D2,F0-1-B1,3,13,2021-05-06,96,1.0,True,199.0,175.0,-24.0,24.0,2021-05-06 09:00:00,2021-05-06 08:30:00,-30.0,30.0
D2,F0-1-B1,3,13,2021-05-07,96,1.0,True,181.0,174.0,-7.0,7.0,2021-05-07 09:00:00,2021-05-07 08:30:00,-30.0,30.0
D2,F0-1-B1,3,13,2021-05-08,96,1.0,True,115.0,118.0,3.0,3.0,2021-05-08 02:00:00,2021-05-08 02:15:00,15.0,15.0
D2,F0-1-B1,3,13,2021-05-09,96,1.0,True,184.0,26.0,-158.0,158.0,2021-05-09 09:00:00,2021-05-09 04:30:00,-270.0,270.0
D2,F0-1-B1,3,14,2021-05-05,95,0.9895833333333334,False,120.0,175.0,55.0,55.0,2021-05-05 04:15:00,2021-05-05 08:30:00,255.0,255.0
D2,F0-1-B1,3,14,2021-05-06,96,1.0,True,199.0,175.0,-24.0,24.0,2021-05-06 09:00:00,2021-05-06 08:30:00,-30.0,30.0
D2,F0-1-B1,3,14,2021-05-07,96,1.0,True,181.0,174.0,-7.0,7.0,2021-05-07 09:00:00,2021-05-07 08:30:00,-30.0,30.0
D2,F0-1-B1,3,14,2021-05-08,96,1.0,True,115.0,118.0,3.0,3.0,2021-05-08 02:00:00,2021-05-08 02:15:00,15.0,15.0
D2,F0-1-B1,3,14,2021-05-09,96,1.0,True,184.0,26.0,-158.0,158.0,2021-05-09 09:00:00,2021-05-09 04:30:00,-270.0,270.0
D2,F0-1-B1,3,15,2021-05-05,95,0.9895833333333334,False,120.0,175.0,55.0,55.0,2021-05-05 04:15:00,2021-05-05 08:30:00,255.0,255.0
D2,F0-1-B1,3,15,2021-05-06,96,1.0,True,199.0,175.0,-24.0,24.0,2021-05-06 09:00:00,2021-05-06 08:30:00,-30.0,30.0
D2,F0-1-B1,3,15,2021-05-07,96,1.0,True,181.0,174.0,-7.0,7.0,2021-05-07 09:00:00,2021-05-07 08:30:00,-30.0,30.0
D2,F0-1-B1,3,15,2021-05-08,96,1.0,True,115.0,118.0,3.0,3.0,2021-05-08 02:00:00,2021-05-08 02:15:00,15.0,15.0
D2,F0-1-B1,3,15,2021-05-09,96,1.0,True,184.0,26.0,-158.0,158.0,2021-05-09 09:00:00,2021-05-09 04:30:00,-270.0,270.0
D2,F0-1-B1,3,16,2021-05-05,95,0.9895833333333334,False,120.0,175.0,55.0,55.0,2021-05-05 04:15:00,2021-05-05 08:30:00,255.0,255.0
D2,F0-1-B1,3,16,2021-05-06,96,1.0,True,199.0,175.0,-24.0,24.0,2021-05-06 09:00:00,2021-05-06 08:30:00,-30.0,30.0
D2,F0-1-B1,3,16,2021-05-07,96,1.0,True,181.0,174.0,-7.0,7.0,2021-05-07 09:00:00,2021-05-07 08:30:00,-30.0,30.0
D2,F0-1-B1,3,16,2021-05-08,96,1.0,True,115.0,118.0,3.0,3.0,2021-05-08 02:00:00,2021-05-08 02:15:00,15.0,15.0
D2,F0-1-B1,3,16,2021-05-09,96,1.0,True,184.0,26.0,-158.0,158.0,2021-05-09 09:00:00,2021-05-09 04:30:00,-270.0,270.0
D2,F0-1-B1,5,4,2021-05-17,95,0.9895833333333334,False,192.0,184.0,-8.0,8.0,2021-05-17 09:00:00,2021-05-17 09:00:00,0.0,0.0
D2,F0-1-B1,5,4,2021-05-18,1,0.010416666666666666,False,73.0,84.0,11.0,11.0,2021-05-18 00:00:00,2021-05-18 00:00:00,0.0,0.0
D2,F0-1-B1,5,4,2021-05-19,95,0.9895833333333334,False,108.0,184.0,76.0,76.0,2021-05-19 06:15:00,2021-05-19 13:30:00,435.0,435.0
D2,F0-1-B1,5,4,2021-05-20,96,1.0,True,181.0,176.0,-5.0,5.0,2021-05-20 13:15:00,2021-05-20 08:30:00,-285.0,285.0
D2,F0-1-B1,5,4,2021-05-21,96,1.0,True,160.0,157.0,-3.0,3.0,2021-05-21 08:30:00,2021-05-21 08:45:00,15.0,15.0
D2,F0-1-B1,5,4,2021-05-22,96,1.0,True,112.0,105.0,-7.0,7.0,2021-05-22 06:15:00,2021-05-22 04:45:00,-90.0,90.0
D2,F0-1-B1,5,4,2021-05-23,96,1.0,True,25.0,25.0,0.0,0.0,2021-05-23 03:00:00,2021-05-23 01:30:00,-90.0,90.0
D2,F0-1-B1,5,5,2021-05-17,95,0.9895833333333334,False,192.0,184.0,-8.0,8.0,2021-05-17 09:00:00,2021-05-17 09:00:00,0.0,0.0
D2,F0-1-B1,5,5,2021-05-18,1,0.010416666666666666,False,73.0,84.0,11.0,11.0,2021-05-18 00:00:00,2021-05-18 00:00:00,0.0,0.0
D2,F0-1-B1,5,5,2021-05-19,95,0.9895833333333334,False,108.0,184.0,76.0,76.0,2021-05-19 06:15:00,2021-05-19 13:30:00,435.0,435.0
D2,F0-1-B1,5,5,2021-05-20,96,1.0,True,181.0,176.0,-5.0,5.0,2021-05-20 13:15:00,2021-05-20 08:30:00,-285.0,285.0
D2,F0-1-B1,5,5,2021-05-21,96,1.0,True,160.0,157.0,-3.0,3.0,2021-05-21 08:30:00,2021-05-21 08:45:00,15.0,15.0
D2,F0-1-B1,5,5,2021-05-22,96,1.0,True,112.0,105.0,-7.0,7.0,2021-05-22 06:15:00,2021-05-22 04:45:00,-90.0,90.0
D2,F0-1-B1,5,5,2021-05-23,96,1.0,True,25.0,25.0,0.0,0.0,2021-05-23 03:00:00,2021-05-23 01:30:00,-90.0,90.0
D2,F0-1-B1,5,6,2021-05-17,95,0.9895833333333334,False,192.0,184.0,-8.0,8.0,2021-05-17 09:00:00,2021-05-17 09:00:00,0.0,0.0
D2,F0-1-B1,5,6,2021-05-18,1,0.010416666666666666,False,73.0,84.0,11.0,11.0,2021-05-18 00:00:00,2021-05-18 00:00:00,0.0,0.0
D2,F0-1-B1,5,6,2021-05-19,95,0.9895833333333334,False,108.0,184.0,76.0,76.0,2021-05-19 06:15:00,2021-05-19 13:30:00,435.0,435.0
D2,F0-1-B1,5,6,2021-05-20,96,1.0,True,181.0,176.0,-5.0,5.0,2021-05-20 13:15:00,2021-05-20 08:30:00,-285.0,285.0
D2,F0-1-B1,5,6,2021-05-21,96,1.0,True,160.0,157.0,-3.0,3.0,2021-05-21 08:30:00,2021-05-21 08:45:00,15.0,15.0
D2,F0-1-B1,5,6,2021-05-22,96,1.0,True,112.0,105.0,-7.0,7.0,2021-05-22 06:15:00,2021-05-22 04:45:00,-90.0,90.0
D2,F0-1-B1,5,6,2021-05-23,96,1.0,True,25.0,25.0,0.0,0.0,2021-05-23 03:00:00,2021-05-23 01:30:00,-90.0,90.0
D2,F0-1-B1,5,7,2021-05-17,95,0.9895833333333334,False,192.0,184.0,-8.0,8.0,2021-05-17 09:00:00,2021-05-17 09:00:00,0.0,0.0
D2,F0-1-B1,5,7,2021-05-18,1,0.010416666666666666,False,73.0,84.0,11.0,11.0,2021-05-18 00:00:00,2021-05-18 00:00:00,0.0,0.0
D2,F0-1-B1,5,7,2021-05-19,95,0.9895833333333334,False,108.0,184.0,76.0,76.0,2021-05-19 06:15:00,2021-05-19 13:30:00,435.0,435.0
D2,F0-1-B1,5,7,2021-05-20,96,1.0,True,181.0,176.0,-5.0,5.0,2021-05-20 13:15:00,2021-05-20 08:30:00,-285.0,285.0
D2,F0-1-B1,5,7,2021-05-21,96,1.0,True,160.0,157.0,-3.0,3.0,2021-05-21 08:30:00,2021-05-21 08:45:00,15.0,15.0
D2,F0-1-B1,5,7,2021-05-22,96,1.0,True,112.0,105.0,-7.0,7.0,2021-05-22 06:15:00,2021-05-22 04:45:00,-90.0,90.0
D2,F0-1-B1,5,7,2021-05-23,96,1.0,True,25.0,25.0,0.0,0.0,2021-05-23 03:00:00,2021-05-23 01:30:00,-90.0,90.0
D2,F0-1-B1,5,8,2021-05-17,95,0.9895833333333334,False,192.0,184.0,-8.0,8.0,2021-05-17 09:00:00,2021-05-17 09:00:00,0.0,0.0
D2,F0-1-B1,5,8,2021-05-18,1,0.010416666666666666,False,73.0,84.0,11.0,11.0,2021-05-18 00:00:00,2021-05-18 00:00:00,0.0,0.0
D2,F0-1-B1,5,8,2021-05-19,95,0.9895833333333334,False,108.0,184.0,76.0,76.0,2021-05-19 06:15:00,2021-05-19 13:30:00,435.0,435.0
D2,F0-1-B1,5,8,2021-05-20,96,1.0,True,181.0,176.0,-5.0,5.0,2021-05-20 13:15:00,2021-05-20 08:30:00,-285.0,285.0
D2,F0-1-B1,5,8,2021-05-21,96,1.0,True,160.0,157.0,-3.0,3.0,2021-05-21 08:30:00,2021-05-21 08:45:00,15.0,15.0
D2,F0-1-B1,5,8,2021-05-22,96,1.0,True,112.0,105.0,-7.0,7.0,2021-05-22 06:15:00,2021-05-22 04:45:00,-90.0,90.0
D2,F0-1-B1,5,8,2021-05-23,96,1.0,True,25.0,25.0,0.0,0.0,2021-05-23 03:00:00,2021-05-23 01:30:00,-90.0,90.0
D2,F0-1-B1,5,9,2021-05-17,95,0.9895833333333334,False,192.0,184.0,-8.0,8.0,2021-05-17 09:00:00,2021-05-17 09:00:00,0.0,0.0
D2,F0-1-B1,5,9,2021-05-18,1,0.010416666666666666,False,73.0,84.0,11.0,11.0,2021-05-18 00:00:00,2021-05-18 00:00:00,0.0,0.0
D2,F0-1-B1,5,9,2021-05-19,95,0.9895833333333334,False,108.0,184.0,76.0,76.0,2021-05-19 06:15:00,2021-05-19 13:30:00,435.0,435.0
D2,F0-1-B1,5,9,2021-05-20,96,1.0,True,181.0,176.0,-5.0,5.0,2021-05-20 13:15:00,2021-05-20 08:30:00,-285.0,285.0
D2,F0-1-B1,5,9,2021-05-21,96,1.0,True,160.0,157.0,-3.0,3.0,2021-05-21 08:30:00,2021-05-21 08:45:00,15.0,15.0
D2,F0-1-B1,5,9,2021-05-22,96,1.0,True,112.0,105.0,-7.0,7.0,2021-05-22 06:15:00,2021-05-22 04:45:00,-90.0,90.0
D2,F0-1-B1,5,9,2021-05-23,96,1.0,True,25.0,25.0,0.0,0.0,2021-05-23 03:00:00,2021-05-23 01:30:00,-90.0,90.0
D2,F0-1-B1,5,10,2021-05-17,95,0.9895833333333334,False,192.0,184.0,-8.0,8.0,2021-05-17 09:00:00,2021-05-17 09:00:00,0.0,0.0
D2,F0-1-B1,5,10,2021-05-18,1,0.010416666666666666,False,73.0,84.0,11.0,11.0,2021-05-18 00:00:00,2021-05-18 00:00:00,0.0,0.0
D2,F0-1-B1,5,10,2021-05-19,95,0.9895833333333334,False,108.0,184.0,76.0,76.0,2021-05-19 06:15:00,2021-05-19 13:30:00,435.0,435.0
D2,F0-1-B1,5,10,2021-05-20,96,1.0,True,181.0,176.0,-5.0,5.0,2021-05-20 13:15:00,2021-05-20 08:30:00,-285.0,285.0
D2,F0-1-B1,5,10,2021-05-21,96,1.0,True,160.0,157.0,-3.0,3.0,2021-05-21 08:30:00,2021-05-21 08:45:00,15.0,15.0
D2,F0-1-B1,5,10,2021-05-22,96,1.0,True,112.0,105.0,-7.0,7.0,2021-05-22 06:15:00,2021-05-22 04:45:00,-90.0,90.0
D2,F0-1-B1,5,10,2021-05-23,96,1.0,True,25.0,25.0,0.0,0.0,2021-05-23 03:00:00,2021-05-23 01:30:00,-90.0,90.0
D2,F0-1-B1,5,11,2021-05-17,95,0.9895833333333334,False,192.0,184.0,-8.0,8.0,2021-05-17 09:00:00,2021-05-17 09:00:00,0.0,0.0
D2,F0-1-B1,5,11,2021-05-18,1,0.010416666666666666,False,73.0,84.0,11.0,11.0,2021-05-18 00:00:00,2021-05-18 00:00:00,0.0,0.0
D2,F0-1-B1,5,11,2021-05-19,95,0.9895833333333334,False,108.0,184.0,76.0,76.0,2021-05-19 06:15:00,2021-05-19 13:30:00,435.0,435.0
D2,F0-1-B1,5,11,2021-05-20,96,1.0,True,181.0,176.0,-5.0,5.0,2021-05-20 13:15:00,2021-05-20 08:30:00,-285.0,285.0
D2,F0-1-B1,5,11,2021-05-21,96,1.0,True,160.0,157.0,-3.0,3.0,2021-05-21 08:30:00,2021-05-21 08:45:00,15.0,15.0
D2,F0-1-B1,5,11,2021-05-22,96,1.0,True,112.0,105.0,-7.0,7.0,2021-05-22 06:15:00,2021-05-22 04:45:00,-90.0,90.0
D2,F0-1-B1,5,11,2021-05-23,96,1.0,True,25.0,25.0,0.0,0.0,2021-05-23 03:00:00,2021-05-23 01:30:00,-90.0,90.0
D2,F0-1-B1,5,12,2021-05-17,95,0.9895833333333334,False,192.0,184.0,-8.0,8.0,2021-05-17 09:00:00,2021-05-17 09:00:00,0.0,0.0
D2,F0-1-B1,5,12,2021-05-18,1,0.010416666666666666,False,73.0,84.0,11.0,11.0,2021-05-18 00:00:00,2021-05-18 00:00:00,0.0,0.0
D2,F0-1-B1,5,12,2021-05-19,95,0.9895833333333334,False,108.0,184.0,76.0,76.0,2021-05-19 06:15:00,2021-05-19 13:30:00,435.0,435.0
D2,F0-1-B1,5,12,2021-05-20,96,1.0,True,181.0,176.0,-5.0,5.0,2021-05-20 13:15:00,2021-05-20 08:30:00,-285.0,285.0
D2,F0-1-B1,5,12,2021-05-21,96,1.0,True,160.0,157.0,-3.0,3.0,2021-05-21 08:30:00,2021-05-21 08:45:00,15.0,15.0
D2,F0-1-B1,5,12,2021-05-22,96,1.0,True,112.0,105.0,-7.0,7.0,2021-05-22 06:15:00,2021-05-22 04:45:00,-90.0,90.0
D2,F0-1-B1,5,12,2021-05-23,96,1.0,True,25.0,25.0,0.0,0.0,2021-05-23 03:00:00,2021-05-23 01:30:00,-90.0,90.0
D2,F0-1-B1,5,13,2021-05-17,95,0.9895833333333334,False,192.0,184.0,-8.0,8.0,2021-05-17 09:00:00,2021-05-17 09:00:00,0.0,0.0
D2,F0-1-B1,5,13,2021-05-18,1,0.010416666666666666,False,73.0,84.0,11.0,11.0,2021-05-18 00:00:00,2021-05-18 00:00:00,0.0,0.0
D2,F0-1-B1,5,13,2021-05-19,95,0.9895833333333334,False,108.0,184.0,76.0,76.0,2021-05-19 06:15:00,2021-05-19 13:30:00,435.0,435.0
D2,F0-1-B1,5,13,2021-05-20,96,1.0,True,181.0,176.0,-5.0,5.0,2021-05-20 13:15:00,2021-05-20 08:30:00,-285.0,285.0
D2,F0-1-B1,5,13,2021-05-21,96,1.0,True,160.0,157.0,-3.0,3.0,2021-05-21 08:30:00,2021-05-21 08:45:00,15.0,15.0
D2,F0-1-B1,5,13,2021-05-22,96,1.0,True,112.0,105.0,-7.0,7.0,2021-05-22 06:15:00,2021-05-22 04:45:00,-90.0,90.0
D2,F0-1-B1,5,13,2021-05-23,96,1.0,True,25.0,25.0,0.0,0.0,2021-05-23 03:00:00,2021-05-23 01:30:00,-90.0,90.0
D2,F0-1-B1,5,14,2021-05-17,95,0.9895833333333334,False,192.0,184.0,-8.0,8.0,2021-05-17 09:00:00,2021-05-17 09:00:00,0.0,0.0
D2,F0-1-B1,5,14,2021-05-18,1,0.010416666666666666,False,73.0,84.0,11.0,11.0,2021-05-18 00:00:00,2021-05-18 00:00:00,0.0,0.0
D2,F0-1-B1,5,14,2021-05-19,95,0.9895833333333334,False,108.0,184.0,76.0,76.0,2021-05-19 06:15:00,2021-05-19 13:30:00,435.0,435.0
D2,F0-1-B1,5,14,2021-05-20,96,1.0,True,181.0,176.0,-5.0,5.0,2021-05-20 13:15:00,2021-05-20 08:30:00,-285.0,285.0
D2,F0-1-B1,5,14,2021-05-21,96,1.0,True,160.0,157.0,-3.0,3.0,2021-05-21 08:30:00,2021-05-21 08:45:00,15.0,15.0
D2,F0-1-B1,5,14,2021-05-22,96,1.0,True,112.0,105.0,-7.0,7.0,2021-05-22 06:15:00,2021-05-22 04:45:00,-90.0,90.0
D2,F0-1-B1,5,14,2021-05-23,96,1.0,True,25.0,25.0,0.0,0.0,2021-05-23 03:00:00,2021-05-23 01:30:00,-90.0,90.0
D2,F0-1-B1,5,15,2021-05-17,95,0.9895833333333334,False,192.0,184.0,-8.0,8.0,2021-05-17 09:00:00,2021-05-17 09:00:00,0.0,0.0
D2,F0-1-B1,5,15,2021-05-18,1,0.010416666666666666,False,73.0,84.0,11.0,11.0,2021-05-18 00:00:00,2021-05-18 00:00:00,0.0,0.0
D2,F0-1-B1,5,15,2021-05-19,95,0.9895833333333334,False,108.0,184.0,76.0,76.0,2021-05-19 06:15:00,2021-05-19 13:30:00,435.0,435.0
D2,F0-1-B1,5,15,2021-05-20,96,1.0,True,181.0,176.0,-5.0,5.0,2021-05-20 13:15:00,2021-05-20 08:30:00,-285.0,285.0
D2,F0-1-B1,5,15,2021-05-21,96,1.0,True,160.0,157.0,-3.0,3.0,2021-05-21 08:30:00,2021-05-21 08:45:00,15.0,15.0
D2,F0-1-B1,5,15,2021-05-22,96,1.0,True,112.0,105.0,-7.0,7.0,2021-05-22 06:15:00,2021-05-22 04:45:00,-90.0,90.0
D2,F0-1-B1,5,15,2021-05-23,96,1.0,True,25.0,25.0,0.0,0.0,2021-05-23 03:00:00,2021-05-23 01:30:00,-90.0,90.0
D2,F0-1-B1,5,16,2021-05-17,95,0.9895833333333334,False,192.0,184.0,-8.0,8.0,2021-05-17 09:00:00,2021-05-17 09:00:00,0.0,0.0
D2,F0-1-B1,5,16,2021-05-18,1,0.010416666666666666,False,73.0,84.0,11.0,11.0,2021-05-18 00:00:00,2021-05-18 00:00:00,0.0,0.0
D2,F0-1-B1,5,16,2021-05-19,95,0.9895833333333334,False,108.0,184.0,76.0,76.0,2021-05-19 06:15:00,2021-05-19 13:30:00,435.0,435.0
D2,F0-1-B1,5,16,2021-05-20,96,1.0,True,181.0,176.0,-5.0,5.0,2021-05-20 13:15:00,2021-05-20 08:30:00,-285.0,285.0
D2,F0-1-B1,5,16,2021-05-21,96,1.0,True,160.0,157.0,-3.0,3.0,2021-05-21 08:30:00,2021-05-21 08:45:00,15.0,15.0
D2,F0-1-B1,5,16,2021-05-22,96,1.0,True,112.0,105.0,-7.0,7.0,2021-05-22 06:15:00,2021-05-22 04:45:00,-90.0,90.0
D2,F0-1-B1,5,16,2021-05-23,96,1.0,True,25.0,25.0,0.0,0.0,2021-05-23 03:00:00,2021-05-23 01:30:00,-90.0,90.0
D2,F0-1-B1,7,4,2021-05-31,95,0.9895833333333334,False,172.0,172.0,0.0,0.0,2021-05-31 10:30:00,2021-05-31 08:45:00,-105.0,105.0
D2,F0-1-B1,7,4,2021-06-01,1,0.010416666666666666,False,71.0,77.0,6.0,6.0,2021-06-01 00:00:00,2021-06-01 00:00:00,0.0,0.0
D2,F0-1-B1,7,5,2021-05-31,95,0.9895833333333334,False,172.0,172.0,0.0,0.0,2021-05-31 10:30:00,2021-05-31 08:45:00,-105.0,105.0
D2,F0-1-B1,7,5,2021-06-01,1,0.010416666666666666,False,71.0,77.0,6.0,6.0,2021-06-01 00:00:00,2021-06-01 00:00:00,0.0,0.0
D2,F0-1-B1,7,6,2021-05-31,95,0.9895833333333334,False,172.0,172.0,0.0,0.0,2021-05-31 10:30:00,2021-05-31 08:45:00,-105.0,105.0
D2,F0-1-B1,7,6,2021-06-01,1,0.010416666666666666,False,71.0,77.0,6.0,6.0,2021-06-01 00:00:00,2021-06-01 00:00:00,0.0,0.0
D2,F0-1-B1,7,7,2021-05-31,95,0.9895833333333334,False,172.0,172.0,0.0,0.0,2021-05-31 10:30:00,2021-05-31 08:45:00,-105.0,105.0
D2,F0-1-B1,7,7,2021-06-01,1,0.010416666666666666,False,71.0,77.0,6.0,6.0,2021-06-01 00:00:00,2021-06-01 00:00:00,0.0,0.0
D2,F0-1-B1,7,8,2021-05-31,95,0.9895833333333334,False,172.0,172.0,0.0,0.0,2021-05-31 10:30:00,2021-05-31 08:45:00,-105.0,105.0
D2,F0-1-B1,7,8,2021-06-01,1,0.010416666666666666,False,71.0,77.0,6.0,6.0,2021-06-01 00:00:00,2021-06-01 00:00:00,0.0,0.0
D2,F0-1-B1,7,9,2021-05-31,95,0.9895833333333334,False,172.0,172.0,0.0,0.0,2021-05-31 10:30:00,2021-05-31 08:45:00,-105.0,105.0
D2,F0-1-B1,7,9,2021-06-01,1,0.010416666666666666,False,71.0,77.0,6.0,6.0,2021-06-01 00:00:00,2021-06-01 00:00:00,0.0,0.0
D2,F0-1-B1,7,10,2021-05-31,95,0.9895833333333334,False,172.0,172.0,0.0,0.0,2021-05-31 10:30:00,2021-05-31 08:45:00,-105.0,105.0
D2,F0-1-B1,7,10,2021-06-01,1,0.010416666666666666,False,71.0,77.0,6.0,6.0,2021-06-01 00:00:00,2021-06-01 00:00:00,0.0,0.0
D2,F0-1-B1,7,11,2021-05-31,95,0.9895833333333334,False,172.0,172.0,0.0,0.0,2021-05-31 10:30:00,2021-05-31 08:45:00,-105.0,105.0
D2,F0-1-B1,7,11,2021-06-01,1,0.010416666666666666,False,71.0,77.0,6.0,6.0,2021-06-01 00:00:00,2021-06-01 00:00:00,0.0,0.0
D2,F0-1-B1,7,12,2021-05-31,95,0.9895833333333334,False,172.0,172.0,0.0,0.0,2021-05-31 10:30:00,2021-05-31 08:45:00,-105.0,105.0
D2,F0-1-B1,7,12,2021-06-01,1,0.010416666666666666,False,71.0,77.0,6.0,6.0,2021-06-01 00:00:00,2021-06-01 00:00:00,0.0,0.0
D2,F0-1-B1,7,13,2021-05-31,95,0.9895833333333334,False,172.0,172.0,0.0,0.0,2021-05-31 10:30:00,2021-05-31 08:45:00,-105.0,105.0
D2,F0-1-B1,7,13,2021-06-01,1,0.010416666666666666,False,71.0,77.0,6.0,6.0,2021-06-01 00:00:00,2021-06-01 00:00:00,0.0,0.0
D2,F0-1-B1,7,14,2021-05-31,95,0.9895833333333334,False,172.0,172.0,0.0,0.0,2021-05-31 10:30:00,2021-05-31 08:45:00,-105.0,105.0
D2,F0-1-B1,7,14,2021-06-01,1,0.010416666666666666,False,71.0,77.0,6.0,6.0,2021-06-01 00:00:00,2021-06-01 00:00:00,0.0,0.0
D2,F0-1-B1,7,15,2021-05-31,95,0.9895833333333334,False,172.0,172.0,0.0,0.0,2021-05-31 10:30:00,2021-05-31 08:45:00,-105.0,105.0
D2,F0-1-B1,7,15,2021-06-01,1,0.010416666666666666,False,71.0,77.0,6.0,6.0,2021-06-01 00:00:00,2021-06-01 00:00:00,0.0,0.0
D2,F0-1-B1,7,16,2021-05-31,95,0.9895833333333334,False,172.0,172.0,0.0,0.0,2021-05-31 10:30:00,2021-05-31 08:45:00,-105.0,105.0
D2,F0-1-B1,7,16,2021-06-01,1,0.010416666666666666,False,71.0,77.0,6.0,6.0,2021-06-01 00:00:00,2021-06-01 00:00:00,0.0,0.0
D2,F0-1-B1,9,4,2021-06-20,95,0.9895833333333334,False,28.0,27.0,-1.0,1.0,2021-06-20 15:15:00,2021-06-20 02:45:00,-750.0,750.0
D2,F0-1-B1,9,5,2021-06-20,95,0.9895833333333334,False,28.0,27.0,-1.0,1.0,2021-06-20 15:15:00,2021-06-20 02:45:00,-750.0,750.0
D2,F0-1-B1,9,6,2021-06-20,95,0.9895833333333334,False,28.0,27.0,-1.0,1.0,2021-06-20 15:15:00,2021-06-20 02:45:00,-750.0,750.0
D2,F0-1-B1,9,7,2021-06-20,95,0.9895833333333334,False,28.0,27.0,-1.0,1.0,2021-06-20 15:15:00,2021-06-20 02:45:00,-750.0,750.0
D2,F0-1-B1,9,8,2021-06-20,95,0.9895833333333334,False,28.0,27.0,-1.0,1.0,2021-06-20 15:15:00,2021-06-20 02:45:00,-750.0,750.0
D2,F0-1-B1,9,9,2021-06-20,95,0.9895833333333334,False,28.0,27.0,-1.0,1.0,2021-06-20 15:15:00,2021-06-20 02:45:00,-750.0,750.0
D2,F0-1-B1,9,10,2021-06-20,95,0.9895833333333334,False,28.0,27.0,-1.0,1.0,2021-06-20 15:15:00,2021-06-20 02:45:00,-750.0,750.0
D2,F0-1-B1,9,11,2021-06-20,95,0.9895833333333334,False,28.0,27.0,-1.0,1.0,2021-06-20 15:15:00,2021-06-20 02:45:00,-750.0,750.0
D2,F0-1-B1,9,12,2021-06-20,95,0.9895833333333334,False,28.0,27.0,-1.0,1.0,2021-06-20 15:15:00,2021-06-20 02:45:00,-750.0,750.0
D2,F0-1-B1,9,13,2021-06-20,95,0.9895833333333334,False,28.0,27.0,-1.0,1.0,2021-06-20 15:15:00,2021-06-20 02:45:00,-750.0,750.0
D2,F0-1-B1,9,14,2021-06-20,95,0.9895833333333334,False,28.0,27.0,-1.0,1.0,2021-06-20 15:15:00,2021-06-20 02:45:00,-750.0,750.0
D2,F0-1-B1,9,15,2021-06-20,95,0.9895833333333334,False,28.0,27.0,-1.0,1.0,2021-06-20 15:15:00,2021-06-20 02:45:00,-750.0,750.0
D2,F0-1-B1,9,16,2021-06-20,95,0.9895833333333334,False,28.0,27.0,-1.0,1.0,2021-06-20 15:15:00,2021-06-20 02:45:00,-750.0,750.0
D2,F0-1-B1,11,4,2021-06-28,1,0.010416666666666666,False,24.0,23.0,-1.0,1.0,2021-06-28 00:00:00,2021-06-28 00:00:00,0.0,0.0
D2,F0-1-B1,11,4,2021-07-01,95,0.9895833333333334,False,206.0,190.0,-16.0,16.0,2021-07-01 14:00:00,2021-07-01 14:00:00,0.0,0.0
D2,F0-1-B1,11,4,2021-07-02,96,1.0,True,187.0,186.0,-1.0,1.0,2021-07-02 09:15:00,2021-07-02 15:45:00,390.0,390.0
D2,F0-1-B1,11,4,2021-07-03,96,1.0,True,112.0,131.0,19.0,19.0,2021-07-03 04:15:00,2021-07-03 04:30:00,15.0,15.0
D2,F0-1-B1,11,4,2021-07-04,96,1.0,True,28.0,31.0,3.0,3.0,2021-07-04 08:30:00,2021-07-04 12:30:00,240.0,240.0
D2,F0-1-B1,11,5,2021-06-28,1,0.010416666666666666,False,24.0,23.0,-1.0,1.0,2021-06-28 00:00:00,2021-06-28 00:00:00,0.0,0.0
D2,F0-1-B1,11,5,2021-07-01,95,0.9895833333333334,False,206.0,190.0,-16.0,16.0,2021-07-01 14:00:00,2021-07-01 14:00:00,0.0,0.0
D2,F0-1-B1,11,5,2021-07-02,96,1.0,True,187.0,186.0,-1.0,1.0,2021-07-02 09:15:00,2021-07-02 15:45:00,390.0,390.0
D2,F0-1-B1,11,5,2021-07-03,96,1.0,True,112.0,131.0,19.0,19.0,2021-07-03 04:15:00,2021-07-03 04:30:00,15.0,15.0
D2,F0-1-B1,11,5,2021-07-04,96,1.0,True,28.0,31.0,3.0,3.0,2021-07-04 08:30:00,2021-07-04 12:30:00,240.0,240.0
D2,F0-1-B1,11,6,2021-06-28,1,0.010416666666666666,False,24.0,23.0,-1.0,1.0,2021-06-28 00:00:00,2021-06-28 00:00:00,0.0,0.0
D2,F0-1-B1,11,6,2021-07-01,95,0.9895833333333334,False,206.0,190.0,-16.0,16.0,2021-07-01 14:00:00,2021-07-01 14:00:00,0.0,0.0
D2,F0-1-B1,11,6,2021-07-02,96,1.0,True,187.0,186.0,-1.0,1.0,2021-07-02 09:15:00,2021-07-02 15:45:00,390.0,390.0
D2,F0-1-B1,11,6,2021-07-03,96,1.0,True,112.0,131.0,19.0,19.0,2021-07-03 04:15:00,2021-07-03 04:30:00,15.0,15.0
D2,F0-1-B1,11,6,2021-07-04,96,1.0,True,28.0,31.0,3.0,3.0,2021-07-04 08:30:00,2021-07-04 12:30:00,240.0,240.0
D2,F0-1-B1,11,7,2021-06-28,1,0.010416666666666666,False,24.0,23.0,-1.0,1.0,2021-06-28 00:00:00,2021-06-28 00:00:00,0.0,0.0
D2,F0-1-B1,11,7,2021-07-01,95,0.9895833333333334,False,206.0,190.0,-16.0,16.0,2021-07-01 14:00:00,2021-07-01 14:00:00,0.0,0.0
D2,F0-1-B1,11,7,2021-07-02,96,1.0,True,187.0,186.0,-1.0,1.0,2021-07-02 09:15:00,2021-07-02 15:45:00,390.0,390.0
D2,F0-1-B1,11,7,2021-07-03,96,1.0,True,112.0,131.0,19.0,19.0,2021-07-03 04:15:00,2021-07-03 04:30:00,15.0,15.0
D2,F0-1-B1,11,7,2021-07-04,96,1.0,True,28.0,31.0,3.0,3.0,2021-07-04 08:30:00,2021-07-04 12:30:00,240.0,240.0
D2,F0-1-B1,11,8,2021-06-28,1,0.010416666666666666,False,24.0,23.0,-1.0,1.0,2021-06-28 00:00:00,2021-06-28 00:00:00,0.0,0.0
D2,F0-1-B1,11,8,2021-07-01,95,0.9895833333333334,False,206.0,190.0,-16.0,16.0,2021-07-01 14:00:00,2021-07-01 14:00:00,0.0,0.0
D2,F0-1-B1,11,8,2021-07-02,96,1.0,True,187.0,186.0,-1.0,1.0,2021-07-02 09:15:00,2021-07-02 15:45:00,390.0,390.0
D2,F0-1-B1,11,8,2021-07-03,96,1.0,True,112.0,131.0,19.0,19.0,2021-07-03 04:15:00,2021-07-03 04:30:00,15.0,15.0
D2,F0-1-B1,11,8,2021-07-04,96,1.0,True,28.0,31.0,3.0,3.0,2021-07-04 08:30:00,2021-07-04 12:30:00,240.0,240.0
D2,F0-1-B1,11,9,2021-06-28,1,0.010416666666666666,False,24.0,23.0,-1.0,1.0,2021-06-28 00:00:00,2021-06-28 00:00:00,0.0,0.0
D2,F0-1-B1,11,9,2021-07-01,95,0.9895833333333334,False,206.0,190.0,-16.0,16.0,2021-07-01 14:00:00,2021-07-01 14:00:00,0.0,0.0
D2,F0-1-B1,11,9,2021-07-02,96,1.0,True,187.0,186.0,-1.0,1.0,2021-07-02 09:15:00,2021-07-02 15:45:00,390.0,390.0
D2,F0-1-B1,11,9,2021-07-03,96,1.0,True,112.0,131.0,19.0,19.0,2021-07-03 04:15:00,2021-07-03 04:30:00,15.0,15.0
D2,F0-1-B1,11,9,2021-07-04,96,1.0,True,28.0,31.0,3.0,3.0,2021-07-04 08:30:00,2021-07-04 12:30:00,240.0,240.0
D2,F0-1-B1,11,10,2021-06-28,1,0.010416666666666666,False,24.0,23.0,-1.0,1.0,2021-06-28 00:00:00,2021-06-28 00:00:00,0.0,0.0
D2,F0-1-B1,11,10,2021-07-01,95,0.9895833333333334,False,206.0,190.0,-16.0,16.0,2021-07-01 14:00:00,2021-07-01 14:00:00,0.0,0.0
D2,F0-1-B1,11,10,2021-07-02,96,1.0,True,187.0,186.0,-1.0,1.0,2021-07-02 09:15:00,2021-07-02 15:45:00,390.0,390.0
D2,F0-1-B1,11,10,2021-07-03,96,1.0,True,112.0,131.0,19.0,19.0,2021-07-03 04:15:00,2021-07-03 04:30:00,15.0,15.0
D2,F0-1-B1,11,10,2021-07-04,96,1.0,True,28.0,31.0,3.0,3.0,2021-07-04 08:30:00,2021-07-04 12:30:00,240.0,240.0
D2,F0-1-B1,11,11,2021-06-28,1,0.010416666666666666,False,24.0,23.0,-1.0,1.0,2021-06-28 00:00:00,2021-06-28 00:00:00,0.0,0.0
D2,F0-1-B1,11,11,2021-07-01,95,0.9895833333333334,False,206.0,190.0,-16.0,16.0,2021-07-01 14:00:00,2021-07-01 14:00:00,0.0,0.0
D2,F0-1-B1,11,11,2021-07-02,96,1.0,True,187.0,186.0,-1.0,1.0,2021-07-02 09:15:00,2021-07-02 15:45:00,390.0,390.0
D2,F0-1-B1,11,11,2021-07-03,96,1.0,True,112.0,131.0,19.0,19.0,2021-07-03 04:15:00,2021-07-03 04:30:00,15.0,15.0
D2,F0-1-B1,11,11,2021-07-04,96,1.0,True,28.0,31.0,3.0,3.0,2021-07-04 08:30:00,2021-07-04 12:30:00,240.0,240.0
D2,F0-1-B1,11,12,2021-06-28,1,0.010416666666666666,False,24.0,23.0,-1.0,1.0,2021-06-28 00:00:00,2021-06-28 00:00:00,0.0,0.0
D2,F0-1-B1,11,12,2021-07-01,95,0.9895833333333334,False,206.0,190.0,-16.0,16.0,2021-07-01 14:00:00,2021-07-01 14:00:00,0.0,0.0
D2,F0-1-B1,11,12,2021-07-02,96,1.0,True,187.0,186.0,-1.0,1.0,2021-07-02 09:15:00,2021-07-02 15:45:00,390.0,390.0
D2,F0-1-B1,11,12,2021-07-03,96,1.0,True,112.0,131.0,19.0,19.0,2021-07-03 04:15:00,2021-07-03 04:30:00,15.0,15.0
D2,F0-1-B1,11,12,2021-07-04,96,1.0,True,28.0,31.0,3.0,3.0,2021-07-04 08:30:00,2021-07-04 12:30:00,240.0,240.0
D2,F0-1-B1,11,13,2021-06-28,1,0.010416666666666666,False,24.0,23.0,-1.0,1.0,2021-06-28 00:00:00,2021-06-28 00:00:00,0.0,0.0
D2,F0-1-B1,11,13,2021-07-01,95,0.9895833333333334,False,206.0,190.0,-16.0,16.0,2021-07-01 14:00:00,2021-07-01 14:00:00,0.0,0.0
D2,F0-1-B1,11,13,2021-07-02,96,1.0,True,187.0,186.0,-1.0,1.0,2021-07-02 09:15:00,2021-07-02 15:45:00,390.0,390.0
D2,F0-1-B1,11,13,2021-07-03,96,1.0,True,112.0,131.0,19.0,19.0,2021-07-03 04:15:00,2021-07-03 04:30:00,15.0,15.0
D2,F0-1-B1,11,13,2021-07-04,96,1.0,True,28.0,31.0,3.0,3.0,2021-07-04 08:30:00,2021-07-04 12:30:00,240.0,240.0
D2,F0-1-B1,11,14,2021-06-28,1,0.010416666666666666,False,24.0,23.0,-1.0,1.0,2021-06-28 00:00:00,2021-06-28 00:00:00,0.0,0.0
D2,F0-1-B1,11,14,2021-07-01,95,0.9895833333333334,False,206.0,190.0,-16.0,16.0,2021-07-01 14:00:00,2021-07-01 14:00:00,0.0,0.0
D2,F0-1-B1,11,14,2021-07-02,96,1.0,True,187.0,186.0,-1.0,1.0,2021-07-02 09:15:00,2021-07-02 15:45:00,390.0,390.0
D2,F0-1-B1,11,14,2021-07-03,96,1.0,True,112.0,131.0,19.0,19.0,2021-07-03 04:15:00,2021-07-03 04:30:00,15.0,15.0
D2,F0-1-B1,11,14,2021-07-04,96,1.0,True,28.0,31.0,3.0,3.0,2021-07-04 08:30:00,2021-07-04 12:30:00,240.0,240.0
D2,F0-1-B1,11,15,2021-06-28,1,0.010416666666666666,False,24.0,23.0,-1.0,1.0,2021-06-28 00:00:00,2021-06-28 00:00:00,0.0,0.0
D2,F0-1-B1,11,15,2021-07-01,95,0.9895833333333334,False,206.0,190.0,-16.0,16.0,2021-07-01 14:00:00,2021-07-01 14:00:00,0.0,0.0
D2,F0-1-B1,11,15,2021-07-02,96,1.0,True,187.0,186.0,-1.0,1.0,2021-07-02 09:15:00,2021-07-02 15:45:00,390.0,390.0
D2,F0-1-B1,11,15,2021-07-03,96,1.0,True,112.0,131.0,19.0,19.0,2021-07-03 04:15:00,2021-07-03 04:30:00,15.0,15.0
D2,F0-1-B1,11,15,2021-07-04,96,1.0,True,28.0,31.0,3.0,3.0,2021-07-04 08:30:00,2021-07-04 12:30:00,240.0,240.0
D2,F0-1-B1,11,16,2021-06-28,1,0.010416666666666666,False,24.0,23.0,-1.0,1.0,2021-06-28 00:00:00,2021-06-28 00:00:00,0.0,0.0
D2,F0-1-B1,11,16,2021-07-01,95,0.9895833333333334,False,206.0,190.0,-16.0,16.0,2021-07-01 14:00:00,2021-07-01 14:00:00,0.0,0.0
D2,F0-1-B1,11,16,2021-07-02,96,1.0,True,187.0,186.0,-1.0,1.0,2021-07-02 09:15:00,2021-07-02 15:45:00,390.0,390.0
D2,F0-1-B1,11,16,2021-07-03,96,1.0,True,112.0,131.0,19.0,19.0,2021-07-03 04:15:00,2021-07-03 04:30:00,15.0,15.0
D2,F0-1-B1,11,16,2021-07-04,96,1.0,True,28.0,31.0,3.0,3.0,2021-07-04 08:30:00,2021-07-04 12:30:00,240.0,240.0
D2,F0-1-B1,13,4,2021-07-12,96,1.0,True,198.0,185.0,-13.0,13.0,2021-07-12 08:45:00,2021-07-12 11:00:00,135.0,135.0
D2,F0-1-B1,13,4,2021-07-13,1,0.010416666666666666,False,79.0,83.0,4.0,4.0,2021-07-13 00:00:00,2021-07-13 00:00:00,0.0,0.0
D2,F0-1-B1,13,4,2021-07-17,92,0.9583333333333334,False,110.0,106.0,-4.0,4.0,2021-07-17 01:30:00,2021-07-17 04:00:00,150.0,150.0
D2,F0-1-B1,13,4,2021-07-18,96,1.0,True,28.0,28.0,0.0,0.0,2021-07-18 01:15:00,2021-07-18 11:45:00,630.0,630.0
D2,F0-1-B1,13,5,2021-07-12,96,1.0,True,198.0,185.0,-13.0,13.0,2021-07-12 08:45:00,2021-07-12 11:00:00,135.0,135.0
D2,F0-1-B1,13,5,2021-07-13,1,0.010416666666666666,False,79.0,83.0,4.0,4.0,2021-07-13 00:00:00,2021-07-13 00:00:00,0.0,0.0
D2,F0-1-B1,13,5,2021-07-17,91,0.9479166666666666,False,110.0,106.0,-4.0,4.0,2021-07-17 01:30:00,2021-07-17 04:00:00,150.0,150.0
D2,F0-1-B1,13,5,2021-07-18,96,1.0,True,28.0,28.0,0.0,0.0,2021-07-18 01:15:00,2021-07-18 11:45:00,630.0,630.0
D2,F0-1-B1,13,6,2021-07-12,96,1.0,True,198.0,185.0,-13.0,13.0,2021-07-12 08:45:00,2021-07-12 11:00:00,135.0,135.0
D2,F0-1-B1,13,6,2021-07-13,1,0.010416666666666666,False,79.0,83.0,4.0,4.0,2021-07-13 00:00:00,2021-07-13 00:00:00,0.0,0.0
D2,F0-1-B1,13,6,2021-07-17,90,0.9375,False,110.0,106.0,-4.0,4.0,2021-07-17 01:30:00,2021-07-17 04:00:00,150.0,150.0
D2,F0-1-B1,13,6,2021-07-18,96,1.0,True,28.0,28.0,0.0,0.0,2021-07-18 01:15:00,2021-07-18 11:45:00,630.0,630.0
D2,F0-1-B1,13,7,2021-07-12,96,1.0,True,198.0,185.0,-13.0,13.0,2021-07-12 08:45:00,2021-07-12 11:00:00,135.0,135.0
D2,F0-1-B1,13,7,2021-07-13,1,0.010416666666666666,False,79.0,83.0,4.0,4.0,2021-07-13 00:00:00,2021-07-13 00:00:00,0.0,0.0
D2,F0-1-B1,13,7,2021-07-17,89,0.9270833333333334,False,108.0,106.0,-2.0,2.0,2021-07-17 06:00:00,2021-07-17 04:00:00,-120.0,120.0
D2,F0-1-B1,13,7,2021-07-18,96,1.0,True,28.0,28.0,0.0,0.0,2021-07-18 01:15:00,2021-07-18 11:45:00,630.0,630.0
D2,F0-1-B1,13,8,2021-07-12,96,1.0,True,198.0,185.0,-13.0,13.0,2021-07-12 08:45:00,2021-07-12 11:00:00,135.0,135.0
D2,F0-1-B1,13,8,2021-07-13,1,0.010416666666666666,False,79.0,83.0,4.0,4.0,2021-07-13 00:00:00,2021-07-13 00:00:00,0.0,0.0
D2,F0-1-B1,13,8,2021-07-17,88,0.9166666666666666,False,108.0,106.0,-2.0,2.0,2021-07-17 06:00:00,2021-07-17 04:00:00,-120.0,120.0
D2,F0-1-B1,13,8,2021-07-18,96,1.0,True,28.0,28.0,0.0,0.0,2021-07-18 01:15:00,2021-07-18 11:45:00,630.0,630.0
D2,F0-1-B1,13,9,2021-07-12,96,1.0,True,198.0,185.0,-13.0,13.0,2021-07-12 08:45:00,2021-07-12 11:00:00,135.0,135.0
D2,F0-1-B1,13,9,2021-07-13,1,0.010416666666666666,False,79.0,83.0,4.0,4.0,2021-07-13 00:00:00,2021-07-13 00:00:00,0.0,0.0
D2,F0-1-B1,13,9,2021-07-17,87,0.90625,False,108.0,106.0,-2.0,2.0,2021-07-17 06:00:00,2021-07-17 04:00:00,-120.0,120.0
D2,F0-1-B1,13,9,2021-07-18,96,1.0,True,28.0,28.0,0.0,0.0,2021-07-18 01:15:00,2021-07-18 11:45:00,630.0,630.0
D2,F0-1-B1,13,10,2021-07-12,96,1.0,True,198.0,185.0,-13.0,13.0,2021-07-12 08:45:00,2021-07-12 11:00:00,135.0,135.0
D2,F0-1-B1,13,10,2021-07-13,1,0.010416666666666666,False,79.0,83.0,4.0,4.0,2021-07-13 00:00:00,2021-07-13 00:00:00,0.0,0.0
D2,F0-1-B1,13,10,2021-07-17,86,0.8958333333333334,False,108.0,106.0,-2.0,2.0,2021-07-17 06:00:00,2021-07-17 04:00:00,-120.0,120.0
D2,F0-1-B1,13,10,2021-07-18,96,1.0,True,28.0,28.0,0.0,0.0,2021-07-18 01:15:00,2021-07-18 11:45:00,630.0,630.0
D2,F0-1-B1,13,11,2021-07-12,96,1.0,True,198.0,185.0,-13.0,13.0,2021-07-12 08:45:00,2021-07-12 11:00:00,135.0,135.0
D2,F0-1-B1,13,11,2021-07-13,1,0.010416666666666666,False,79.0,83.0,4.0,4.0,2021-07-13 00:00:00,2021-07-13 00:00:00,0.0,0.0
D2,F0-1-B1,13,11,2021-07-17,85,0.8854166666666666,False,108.0,106.0,-2.0,2.0,2021-07-17 06:00:00,2021-07-17 04:00:00,-120.0,120.0
D2,F0-1-B1,13,11,2021-07-18,96,1.0,True,28.0,28.0,0.0,0.0,2021-07-18 01:15:00,2021-07-18 11:45:00,630.0,630.0
D2,F0-1-B1,13,12,2021-07-12,96,1.0,True,198.0,185.0,-13.0,13.0,2021-07-12 08:45:00,2021-07-12 11:00:00,135.0,135.0
D2,F0-1-B1,13,12,2021-07-13,1,0.010416666666666666,False,79.0,83.0,4.0,4.0,2021-07-13 00:00:00,2021-07-13 00:00:00,0.0,0.0
D2,F0-1-B1,13,12,2021-07-17,84,0.875,False,108.0,106.0,-2.0,2.0,2021-07-17 06:00:00,2021-07-17 04:00:00,-120.0,120.0
D2,F0-1-B1,13,12,2021-07-18,96,1.0,True,28.0,28.0,0.0,0.0,2021-07-18 01:15:00,2021-07-18 11:45:00,630.0,630.0
D2,F0-1-B1,13,13,2021-07-12,96,1.0,True,198.0,185.0,-13.0,13.0,2021-07-12 08:45:00,2021-07-12 11:00:00,135.0,135.0
D2,F0-1-B1,13,13,2021-07-13,1,0.010416666666666666,False,79.0,83.0,4.0,4.0,2021-07-13 00:00:00,2021-07-13 00:00:00,0.0,0.0
D2,F0-1-B1,13,13,2021-07-17,83,0.8645833333333334,False,108.0,106.0,-2.0,2.0,2021-07-17 06:00:00,2021-07-17 04:00:00,-120.0,120.0
D2,F0-1-B1,13,13,2021-07-18,96,1.0,True,28.0,28.0,0.0,0.0,2021-07-18 01:15:00,2021-07-18 11:45:00,630.0,630.0
D2,F0-1-B1,13,14,2021-07-12,96,1.0,True,198.0,185.0,-13.0,13.0,2021-07-12 08:45:00,2021-07-12 11:00:00,135.0,135.0
D2,F0-1-B1,13,14,2021-07-13,1,0.010416666666666666,False,79.0,83.0,4.0,4.0,2021-07-13 00:00:00,2021-07-13 00:00:00,0.0,0.0
D2,F0-1-B1,13,14,2021-07-17,82,0.8541666666666666,False,108.0,106.0,-2.0,2.0,2021-07-17 06:00:00,2021-07-17 04:00:00,-120.0,120.0
D2,F0-1-B1,13,14,2021-07-18,96,1.0,True,28.0,28.0,0.0,0.0,2021-07-18 01:15:00,2021-07-18 11:45:00,630.0,630.0
D2,F0-1-B1,13,15,2021-07-12,96,1.0,True,198.0,185.0,-13.0,13.0,2021-07-12 08:45:00,2021-07-12 11:00:00,135.0,135.0
D2,F0-1-B1,13,15,2021-07-13,1,0.010416666666666666,False,79.0,83.0,4.0,4.0,2021-07-13 00:00:00,2021-07-13 00:00:00,0.0,0.0
D2,F0-1-B1,13,15,2021-07-17,81,0.84375,False,108.0,106.0,-2.0,2.0,2021-07-17 06:00:00,2021-07-17 04:00:00,-120.0,120.0
D2,F0-1-B1,13,15,2021-07-18,96,1.0,True,28.0,28.0,0.0,0.0,2021-07-18 01:15:00,2021-07-18 11:45:00,630.0,630.0
D2,F0-1-B1,13,16,2021-07-12,96,1.0,True,198.0,185.0,-13.0,13.0,2021-07-12 08:45:00,2021-07-12 11:00:00,135.0,135.0
D2,F0-1-B1,13,16,2021-07-13,1,0.010416666666666666,False,79.0,83.0,4.0,4.0,2021-07-13 00:00:00,2021-07-13 00:00:00,0.0,0.0
D2,F0-1-B1,13,16,2021-07-17,80,0.8333333333333334,False,108.0,106.0,-2.0,2.0,2021-07-17 06:00:00,2021-07-17 04:00:00,-120.0,120.0
D2,F0-1-B1,13,16,2021-07-18,96,1.0,True,28.0,28.0,0.0,0.0,2021-07-18 01:15:00,2021-07-18 11:45:00,630.0,630.0
D2,F0-1-B1,15,4,2021-07-26,96,1.0,True,217.0,222.0,5.0,5.0,2021-07-26 08:30:00,2021-07-26 11:30:00,180.0,180.0
D2,F0-1-B1,15,4,2021-07-27,96,1.0,True,211.0,201.0,-10.0,10.0,2021-07-27 11:45:00,2021-07-27 08:45:00,-180.0,180.0
D2,F0-1-B1,15,4,2021-07-28,96,1.0,True,212.0,214.0,2.0,2.0,2021-07-28 12:00:00,2021-07-28 10:00:00,-120.0,120.0
D2,F0-1-B1,15,4,2021-07-29,96,1.0,True,211.0,213.0,2.0,2.0,2021-07-29 12:00:00,2021-07-29 08:30:00,-210.0,210.0
D2,F0-1-B1,15,4,2021-07-30,96,1.0,True,212.0,206.0,-6.0,6.0,2021-07-30 12:00:00,2021-07-30 16:00:00,240.0,240.0
D2,F0-1-B1,15,4,2021-07-31,96,1.0,True,80.0,104.0,24.0,24.0,2021-07-31 00:00:00,2021-07-31 03:45:00,225.0,225.0
D2,F0-1-B1,15,4,2021-08-01,96,1.0,True,28.0,29.0,1.0,1.0,2021-08-01 09:00:00,2021-08-01 02:15:00,-405.0,405.0
D2,F0-1-B1,15,5,2021-07-26,96,1.0,True,217.0,222.0,5.0,5.0,2021-07-26 08:30:00,2021-07-26 11:30:00,180.0,180.0
D2,F0-1-B1,15,5,2021-07-27,96,1.0,True,211.0,201.0,-10.0,10.0,2021-07-27 11:45:00,2021-07-27 08:45:00,-180.0,180.0
D2,F0-1-B1,15,5,2021-07-28,96,1.0,True,212.0,214.0,2.0,2.0,2021-07-28 12:00:00,2021-07-28 10:00:00,-120.0,120.0
D2,F0-1-B1,15,5,2021-07-29,96,1.0,True,211.0,213.0,2.0,2.0,2021-07-29 12:00:00,2021-07-29 08:30:00,-210.0,210.0
D2,F0-1-B1,15,5,2021-07-30,96,1.0,True,212.0,206.0,-6.0,6.0,2021-07-30 12:00:00,2021-07-30 16:00:00,240.0,240.0
D2,F0-1-B1,15,5,2021-07-31,96,1.0,True,80.0,104.0,24.0,24.0,2021-07-31 00:00:00,2021-07-31 03:45:00,225.0,225.0
D2,F0-1-B1,15,5,2021-08-01,96,1.0,True,28.0,29.0,1.0,1.0,2021-08-01 09:00:00,2021-08-01 02:15:00,-405.0,405.0
D2,F0-1-B1,15,6,2021-07-26,96,1.0,True,217.0,222.0,5.0,5.0,2021-07-26 08:30:00,2021-07-26 11:30:00,180.0,180.0
D2,F0-1-B1,15,6,2021-07-27,96,1.0,True,211.0,201.0,-10.0,10.0,2021-07-27 11:45:00,2021-07-27 08:45:00,-180.0,180.0
D2,F0-1-B1,15,6,2021-07-28,96,1.0,True,212.0,214.0,2.0,2.0,2021-07-28 12:00:00,2021-07-28 10:00:00,-120.0,120.0
D2,F0-1-B1,15,6,2021-07-29,96,1.0,True,211.0,213.0,2.0,2.0,2021-07-29 12:00:00,2021-07-29 08:30:00,-210.0,210.0
D2,F0-1-B1,15,6,2021-07-30,96,1.0,True,212.0,206.0,-6.0,6.0,2021-07-30 12:00:00,2021-07-30 16:00:00,240.0,240.0
D2,F0-1-B1,15,6,2021-07-31,96,1.0,True,80.0,104.0,24.0,24.0,2021-07-31 00:00:00,2021-07-31 03:45:00,225.0,225.0
D2,F0-1-B1,15,6,2021-08-01,96,1.0,True,28.0,29.0,1.0,1.0,2021-08-01 09:00:00,2021-08-01 02:15:00,-405.0,405.0
D2,F0-1-B1,15,7,2021-07-26,96,1.0,True,217.0,222.0,5.0,5.0,2021-07-26 08:30:00,2021-07-26 11:30:00,180.0,180.0
D2,F0-1-B1,15,7,2021-07-27,96,1.0,True,211.0,201.0,-10.0,10.0,2021-07-27 11:45:00,2021-07-27 08:45:00,-180.0,180.0
D2,F0-1-B1,15,7,2021-07-28,96,1.0,True,212.0,214.0,2.0,2.0,2021-07-28 12:00:00,2021-07-28 10:00:00,-120.0,120.0
D2,F0-1-B1,15,7,2021-07-29,96,1.0,True,211.0,213.0,2.0,2.0,2021-07-29 12:00:00,2021-07-29 08:30:00,-210.0,210.0
D2,F0-1-B1,15,7,2021-07-30,96,1.0,True,212.0,206.0,-6.0,6.0,2021-07-30 12:00:00,2021-07-30 16:00:00,240.0,240.0
D2,F0-1-B1,15,7,2021-07-31,96,1.0,True,80.0,104.0,24.0,24.0,2021-07-31 00:00:00,2021-07-31 03:45:00,225.0,225.0
D2,F0-1-B1,15,7,2021-08-01,96,1.0,True,28.0,29.0,1.0,1.0,2021-08-01 09:00:00,2021-08-01 02:15:00,-405.0,405.0
D2,F0-1-B1,15,8,2021-07-26,96,1.0,True,217.0,222.0,5.0,5.0,2021-07-26 08:30:00,2021-07-26 11:30:00,180.0,180.0
D2,F0-1-B1,15,8,2021-07-27,96,1.0,True,211.0,201.0,-10.0,10.0,2021-07-27 11:45:00,2021-07-27 08:45:00,-180.0,180.0
D2,F0-1-B1,15,8,2021-07-28,96,1.0,True,212.0,214.0,2.0,2.0,2021-07-28 12:00:00,2021-07-28 10:00:00,-120.0,120.0
D2,F0-1-B1,15,8,2021-07-29,96,1.0,True,211.0,213.0,2.0,2.0,2021-07-29 12:00:00,2021-07-29 08:30:00,-210.0,210.0
D2,F0-1-B1,15,8,2021-07-30,96,1.0,True,212.0,206.0,-6.0,6.0,2021-07-30 12:00:00,2021-07-30 16:00:00,240.0,240.0
D2,F0-1-B1,15,8,2021-07-31,96,1.0,True,80.0,104.0,24.0,24.0,2021-07-31 00:00:00,2021-07-31 03:45:00,225.0,225.0
D2,F0-1-B1,15,8,2021-08-01,96,1.0,True,28.0,29.0,1.0,1.0,2021-08-01 09:00:00,2021-08-01 02:15:00,-405.0,405.0
D2,F0-1-B1,15,9,2021-07-26,96,1.0,True,217.0,222.0,5.0,5.0,2021-07-26 08:30:00,2021-07-26 11:30:00,180.0,180.0
D2,F0-1-B1,15,9,2021-07-27,96,1.0,True,211.0,201.0,-10.0,10.0,2021-07-27 11:45:00,2021-07-27 08:45:00,-180.0,180.0
D2,F0-1-B1,15,9,2021-07-28,96,1.0,True,212.0,214.0,2.0,2.0,2021-07-28 12:00:00,2021-07-28 10:00:00,-120.0,120.0
D2,F0-1-B1,15,9,2021-07-29,96,1.0,True,211.0,213.0,2.0,2.0,2021-07-29 12:00:00,2021-07-29 08:30:00,-210.0,210.0
D2,F0-1-B1,15,9,2021-07-30,96,1.0,True,212.0,206.0,-6.0,6.0,2021-07-30 12:00:00,2021-07-30 16:00:00,240.0,240.0
D2,F0-1-B1,15,9,2021-07-31,96,1.0,True,80.0,104.0,24.0,24.0,2021-07-31 00:00:00,2021-07-31 03:45:00,225.0,225.0
D2,F0-1-B1,15,9,2021-08-01,96,1.0,True,28.0,29.0,1.0,1.0,2021-08-01 09:00:00,2021-08-01 02:15:00,-405.0,405.0
D2,F0-1-B1,15,10,2021-07-26,96,1.0,True,217.0,222.0,5.0,5.0,2021-07-26 08:30:00,2021-07-26 11:30:00,180.0,180.0
D2,F0-1-B1,15,10,2021-07-27,96,1.0,True,211.0,201.0,-10.0,10.0,2021-07-27 11:45:00,2021-07-27 08:45:00,-180.0,180.0
D2,F0-1-B1,15,10,2021-07-28,96,1.0,True,212.0,214.0,2.0,2.0,2021-07-28 12:00:00,2021-07-28 10:00:00,-120.0,120.0
D2,F0-1-B1,15,10,2021-07-29,96,1.0,True,211.0,213.0,2.0,2.0,2021-07-29 12:00:00,2021-07-29 08:30:00,-210.0,210.0
D2,F0-1-B1,15,10,2021-07-30,96,1.0,True,212.0,206.0,-6.0,6.0,2021-07-30 12:00:00,2021-07-30 16:00:00,240.0,240.0
D2,F0-1-B1,15,10,2021-07-31,96,1.0,True,80.0,104.0,24.0,24.0,2021-07-31 00:00:00,2021-07-31 03:45:00,225.0,225.0
D2,F0-1-B1,15,10,2021-08-01,96,1.0,True,28.0,29.0,1.0,1.0,2021-08-01 09:00:00,2021-08-01 02:15:00,-405.0,405.0
D2,F0-1-B1,15,11,2021-07-26,96,1.0,True,217.0,222.0,5.0,5.0,2021-07-26 08:30:00,2021-07-26 11:30:00,180.0,180.0
D2,F0-1-B1,15,11,2021-07-27,96,1.0,True,211.0,201.0,-10.0,10.0,2021-07-27 11:45:00,2021-07-27 08:45:00,-180.0,180.0
D2,F0-1-B1,15,11,2021-07-28,96,1.0,True,212.0,214.0,2.0,2.0,2021-07-28 12:00:00,2021-07-28 10:00:00,-120.0,120.0
D2,F0-1-B1,15,11,2021-07-29,96,1.0,True,211.0,213.0,2.0,2.0,2021-07-29 12:00:00,2021-07-29 08:30:00,-210.0,210.0
D2,F0-1-B1,15,11,2021-07-30,96,1.0,True,212.0,206.0,-6.0,6.0,2021-07-30 12:00:00,2021-07-30 16:00:00,240.0,240.0
D2,F0-1-B1,15,11,2021-07-31,96,1.0,True,80.0,104.0,24.0,24.0,2021-07-31 00:00:00,2021-07-31 03:45:00,225.0,225.0
D2,F0-1-B1,15,11,2021-08-01,96,1.0,True,28.0,29.0,1.0,1.0,2021-08-01 09:00:00,2021-08-01 02:15:00,-405.0,405.0
D2,F0-1-B1,15,12,2021-07-26,96,1.0,True,217.0,222.0,5.0,5.0,2021-07-26 08:30:00,2021-07-26 11:30:00,180.0,180.0
D2,F0-1-B1,15,12,2021-07-27,96,1.0,True,211.0,201.0,-10.0,10.0,2021-07-27 11:45:00,2021-07-27 08:45:00,-180.0,180.0
D2,F0-1-B1,15,12,2021-07-28,96,1.0,True,212.0,214.0,2.0,2.0,2021-07-28 12:00:00,2021-07-28 10:00:00,-120.0,120.0
D2,F0-1-B1,15,12,2021-07-29,96,1.0,True,211.0,213.0,2.0,2.0,2021-07-29 12:00:00,2021-07-29 08:30:00,-210.0,210.0
D2,F0-1-B1,15,12,2021-07-30,96,1.0,True,212.0,206.0,-6.0,6.0,2021-07-30 12:00:00,2021-07-30 16:00:00,240.0,240.0
D2,F0-1-B1,15,12,2021-07-31,96,1.0,True,80.0,104.0,24.0,24.0,2021-07-31 00:00:00,2021-07-31 03:45:00,225.0,225.0
D2,F0-1-B1,15,12,2021-08-01,96,1.0,True,28.0,29.0,1.0,1.0,2021-08-01 09:00:00,2021-08-01 02:15:00,-405.0,405.0
D2,F0-1-B1,15,13,2021-07-26,96,1.0,True,217.0,222.0,5.0,5.0,2021-07-26 08:30:00,2021-07-26 11:30:00,180.0,180.0
D2,F0-1-B1,15,13,2021-07-27,96,1.0,True,211.0,201.0,-10.0,10.0,2021-07-27 11:45:00,2021-07-27 08:45:00,-180.0,180.0
D2,F0-1-B1,15,13,2021-07-28,96,1.0,True,212.0,214.0,2.0,2.0,2021-07-28 12:00:00,2021-07-28 10:00:00,-120.0,120.0
D2,F0-1-B1,15,13,2021-07-29,96,1.0,True,211.0,213.0,2.0,2.0,2021-07-29 12:00:00,2021-07-29 08:30:00,-210.0,210.0
D2,F0-1-B1,15,13,2021-07-30,96,1.0,True,212.0,206.0,-6.0,6.0,2021-07-30 12:00:00,2021-07-30 16:00:00,240.0,240.0
D2,F0-1-B1,15,13,2021-07-31,96,1.0,True,80.0,104.0,24.0,24.0,2021-07-31 00:00:00,2021-07-31 03:45:00,225.0,225.0
D2,F0-1-B1,15,13,2021-08-01,96,1.0,True,28.0,29.0,1.0,1.0,2021-08-01 09:00:00,2021-08-01 02:15:00,-405.0,405.0
D2,F0-1-B1,15,14,2021-07-26,96,1.0,True,217.0,222.0,5.0,5.0,2021-07-26 08:30:00,2021-07-26 11:30:00,180.0,180.0
D2,F0-1-B1,15,14,2021-07-27,96,1.0,True,211.0,201.0,-10.0,10.0,2021-07-27 11:45:00,2021-07-27 08:45:00,-180.0,180.0
D2,F0-1-B1,15,14,2021-07-28,96,1.0,True,212.0,214.0,2.0,2.0,2021-07-28 12:00:00,2021-07-28 10:00:00,-120.0,120.0
D2,F0-1-B1,15,14,2021-07-29,96,1.0,True,211.0,213.0,2.0,2.0,2021-07-29 12:00:00,2021-07-29 08:30:00,-210.0,210.0
D2,F0-1-B1,15,14,2021-07-30,96,1.0,True,212.0,206.0,-6.0,6.0,2021-07-30 12:00:00,2021-07-30 16:00:00,240.0,240.0
D2,F0-1-B1,15,14,2021-07-31,96,1.0,True,80.0,104.0,24.0,24.0,2021-07-31 00:00:00,2021-07-31 03:45:00,225.0,225.0
D2,F0-1-B1,15,14,2021-08-01,96,1.0,True,28.0,29.0,1.0,1.0,2021-08-01 09:00:00,2021-08-01 02:15:00,-405.0,405.0
D2,F0-1-B1,15,15,2021-07-26,96,1.0,True,217.0,222.0,5.0,5.0,2021-07-26 08:30:00,2021-07-26 11:30:00,180.0,180.0
D2,F0-1-B1,15,15,2021-07-27,96,1.0,True,211.0,201.0,-10.0,10.0,2021-07-27 11:45:00,2021-07-27 08:45:00,-180.0,180.0
D2,F0-1-B1,15,15,2021-07-28,96,1.0,True,212.0,214.0,2.0,2.0,2021-07-28 12:00:00,2021-07-28 10:00:00,-120.0,120.0
D2,F0-1-B1,15,15,2021-07-29,96,1.0,True,211.0,213.0,2.0,2.0,2021-07-29 12:00:00,2021-07-29 08:30:00,-210.0,210.0
D2,F0-1-B1,15,15,2021-07-30,96,1.0,True,212.0,206.0,-6.0,6.0,2021-07-30 12:00:00,2021-07-30 16:00:00,240.0,240.0
D2,F0-1-B1,15,15,2021-07-31,96,1.0,True,80.0,104.0,24.0,24.0,2021-07-31 00:00:00,2021-07-31 03:45:00,225.0,225.0
D2,F0-1-B1,15,15,2021-08-01,96,1.0,True,28.0,29.0,1.0,1.0,2021-08-01 09:00:00,2021-08-01 02:15:00,-405.0,405.0
D2,F0-1-B1,15,16,2021-07-26,96,1.0,True,217.0,222.0,5.0,5.0,2021-07-26 08:30:00,2021-07-26 11:30:00,180.0,180.0
D2,F0-1-B1,15,16,2021-07-27,96,1.0,True,211.0,201.0,-10.0,10.0,2021-07-27 11:45:00,2021-07-27 08:45:00,-180.0,180.0
D2,F0-1-B1,15,16,2021-07-28,96,1.0,True,212.0,214.0,2.0,2.0,2021-07-28 12:00:00,2021-07-28 10:00:00,-120.0,120.0
D2,F0-1-B1,15,16,2021-07-29,96,1.0,True,211.0,213.0,2.0,2.0,2021-07-29 12:00:00,2021-07-29 08:30:00,-210.0,210.0
D2,F0-1-B1,15,16,2021-07-30,96,1.0,True,212.0,206.0,-6.0,6.0,2021-07-30 12:00:00,2021-07-30 16:00:00,240.0,240.0
D2,F0-1-B1,15,16,2021-07-31,96,1.0,True,80.0,104.0,24.0,24.0,2021-07-31 00:00:00,2021-07-31 03:45:00,225.0,225.0
D2,F0-1-B1,15,16,2021-08-01,96,1.0,True,28.0,29.0,1.0,1.0,2021-08-01 09:00:00,2021-08-01 02:15:00,-405.0,405.0
