dataset,model,fold,horizon,target_day,observed_slots,slot_coverage,full_day,actual_daily_max,predicted_daily_max,daily_max_error,daily_max_abs_error,actual_peak_time,predicted_peak_time,timing_error_minutes,timing_abs_error_minutes
D1,FG-R5-recent-w16-k5,1,4,2021-04-19,96,1.0,True,172.0,182.3360137939453,10.336013793945312,10.336013793945312,2021-04-19 08:45:00,2021-04-19 09:00:00,15.0,15.0
D1,FG-R5-recent-w16-k5,1,4,2021-04-20,96,1.0,True,172.0,171.72894287109375,-0.27105712890625,0.27105712890625,2021-04-20 08:45:00,2021-04-20 08:45:00,0.0,0.0
D1,FG-R5-recent-w16-k5,1,4,2021-04-21,96,1.0,True,174.0,174.99928283691406,0.9992828369140625,0.9992828369140625,2021-04-21 08:30:00,2021-04-21 08:45:00,15.0,15.0
D1,FG-R5-recent-w16-k5,1,4,2021-04-22,96,1.0,True,174.0,171.2184600830078,-2.7815399169921875,2.7815399169921875,2021-04-22 08:30:00,2021-04-22 10:30:00,120.0,120.0
D1,FG-R5-recent-w16-k5,1,4,2021-04-23,96,1.0,True,174.0,172.8061065673828,-1.1938934326171875,1.1938934326171875,2021-04-23 08:30:00,2021-04-23 08:30:00,0.0,0.0
D1,FG-R5-recent-w16-k5,1,4,2021-04-24,96,1.0,True,112.0,108.59696960449219,-3.4030303955078125,3.4030303955078125,2021-04-24 06:15:00,2021-04-24 04:45:00,-90.0,90.0
D1,FG-R5-recent-w16-k5,1,4,2021-04-25,96,1.0,True,25.0,55.425771713256836,30.425771713256836,30.425771713256836,2021-04-25 01:30:00,2021-04-25 00:45:00,-45.0,45.0
D1,FG-R5-recent-w16-k5,1,5,2021-04-19,96,1.0,True,172.0,176.343017578125,4.343017578125,4.343017578125,2021-04-19 08:45:00,2021-04-19 13:15:00,270.0,270.0
D1,FG-R5-recent-w16-k5,1,5,2021-04-20,96,1.0,True,172.0,170.6914520263672,-1.3085479736328125,1.3085479736328125,2021-04-20 08:45:00,2021-04-20 09:00:00,15.0,15.0
D1,FG-R5-recent-w16-k5,1,5,2021-04-21,96,1.0,True,174.0,175.6646270751953,1.6646270751953125,1.6646270751953125,2021-04-21 08:30:00,2021-04-21 09:00:00,30.0,30.0
D1,FG-R5-recent-w16-k5,1,5,2021-04-22,96,1.0,True,174.0,171.17344665527344,-2.8265533447265625,2.8265533447265625,2021-04-22 08:30:00,2021-04-22 08:30:00,0.0,0.0
D1,FG-R5-recent-w16-k5,1,5,2021-04-23,96,1.0,True,174.0,172.52565002441406,-1.4743499755859375,1.4743499755859375,2021-04-23 08:30:00,2021-04-23 08:30:00,0.0,0.0
D1,FG-R5-recent-w16-k5,1,5,2021-04-24,96,1.0,True,112.0,111.6807632446289,-0.31923675537109375,0.31923675537109375,2021-04-24 06:15:00,2021-04-24 02:30:00,-225.0,225.0
D1,FG-R5-recent-w16-k5,1,5,2021-04-25,96,1.0,True,25.0,65.95016479492188,40.950164794921875,40.950164794921875,2021-04-25 01:30:00,2021-04-25 01:15:00,-15.0,15.0
D1,FG-R5-recent-w16-k5,1,6,2021-04-19,96,1.0,True,172.0,176.97293090820312,4.972930908203125,4.972930908203125,2021-04-19 08:45:00,2021-04-19 13:15:00,270.0,270.0
D1,FG-R5-recent-w16-k5,1,6,2021-04-20,96,1.0,True,172.0,169.78936004638672,-2.2106399536132812,2.2106399536132812,2021-04-20 08:45:00,2021-04-20 08:45:00,0.0,0.0
D1,FG-R5-recent-w16-k5,1,6,2021-04-21,96,1.0,True,174.0,175.22744750976562,1.227447509765625,1.227447509765625,2021-04-21 08:30:00,2021-04-21 09:00:00,30.0,30.0
D1,FG-R5-recent-w16-k5,1,6,2021-04-22,96,1.0,True,174.0,171.62847900390625,-2.37152099609375,2.37152099609375,2021-04-22 08:30:00,2021-04-22 08:30:00,0.0,0.0
D1,FG-R5-recent-w16-k5,1,6,2021-04-23,96,1.0,True,174.0,172.90579986572266,-1.0942001342773438,1.0942001342773438,2021-04-23 08:30:00,2021-04-23 08:30:00,0.0,0.0
D1,FG-R5-recent-w16-k5,1,6,2021-04-24,96,1.0,True,112.0,109.45199966430664,-2.5480003356933594,2.5480003356933594,2021-04-24 06:15:00,2021-04-24 04:45:00,-90.0,90.0
D1,FG-R5-recent-w16-k5,1,6,2021-04-25,96,1.0,True,25.0,77.94279098510742,52.94279098510742,52.94279098510742,2021-04-25 01:30:00,2021-04-25 01:15:00,-15.0,15.0
D1,FG-R5-recent-w16-k5,1,7,2021-04-19,96,1.0,True,172.0,172.35877990722656,0.3587799072265625,0.3587799072265625,2021-04-19 08:45:00,2021-04-19 13:30:00,285.0,285.0
D1,FG-R5-recent-w16-k5,1,7,2021-04-20,96,1.0,True,172.0,169.19651794433594,-2.8034820556640625,2.8034820556640625,2021-04-20 08:45:00,2021-04-20 09:00:00,15.0,15.0
D1,FG-R5-recent-w16-k5,1,7,2021-04-21,96,1.0,True,174.0,174.21713256835938,0.217132568359375,0.217132568359375,2021-04-21 08:30:00,2021-04-21 10:00:00,90.0,90.0
D1,FG-R5-recent-w16-k5,1,7,2021-04-22,96,1.0,True,174.0,170.0869903564453,-3.9130096435546875,3.9130096435546875,2021-04-22 08:30:00,2021-04-22 10:30:00,120.0,120.0
D1,FG-R5-recent-w16-k5,1,7,2021-04-23,96,1.0,True,174.0,172.19300842285156,-1.8069915771484375,1.8069915771484375,2021-04-23 08:30:00,2021-04-23 10:30:00,120.0,120.0
D1,FG-R5-recent-w16-k5,1,7,2021-04-24,96,1.0,True,112.0,109.20270538330078,-2.7972946166992188,2.7972946166992188,2021-04-24 06:15:00,2021-04-24 04:45:00,-90.0,90.0
D1,FG-R5-recent-w16-k5,1,7,2021-04-25,96,1.0,True,25.0,78.96305847167969,53.96305847167969,53.96305847167969,2021-04-25 01:30:00,2021-04-25 01:30:00,0.0,0.0
D1,FG-R5-recent-w16-k5,1,8,2021-04-19,96,1.0,True,172.0,171.9317169189453,-0.0682830810546875,0.0682830810546875,2021-04-19 08:45:00,2021-04-19 13:15:00,270.0,270.0
D1,FG-R5-recent-w16-k5,1,8,2021-04-20,96,1.0,True,172.0,166.31842041015625,-5.68157958984375,5.68157958984375,2021-04-20 08:45:00,2021-04-20 12:00:00,195.0,195.0
D1,FG-R5-recent-w16-k5,1,8,2021-04-21,96,1.0,True,174.0,173.0201416015625,-0.9798583984375,0.9798583984375,2021-04-21 08:30:00,2021-04-21 08:45:00,15.0,15.0
D1,FG-R5-recent-w16-k5,1,8,2021-04-22,96,1.0,True,174.0,172.18648529052734,-1.8135147094726562,1.8135147094726562,2021-04-22 08:30:00,2021-04-22 08:30:00,0.0,0.0
D1,FG-R5-recent-w16-k5,1,8,2021-04-23,96,1.0,True,174.0,173.51924896240234,-0.48075103759765625,0.48075103759765625,2021-04-23 08:30:00,2021-04-23 08:30:00,0.0,0.0
D1,FG-R5-recent-w16-k5,1,8,2021-04-24,96,1.0,True,112.0,105.89693069458008,-6.103069305419922,6.103069305419922,2021-04-24 06:15:00,2021-04-24 02:30:00,-225.0,225.0
D1,FG-R5-recent-w16-k5,1,8,2021-04-25,96,1.0,True,25.0,91.15063095092773,66.15063095092773,66.15063095092773,2021-04-25 01:30:00,2021-04-25 01:45:00,15.0,15.0
D1,FG-R5-recent-w16-k5,1,9,2021-04-19,96,1.0,True,172.0,171.98094177246094,-0.0190582275390625,0.0190582275390625,2021-04-19 08:45:00,2021-04-19 13:30:00,285.0,285.0
D1,FG-R5-recent-w16-k5,1,9,2021-04-20,96,1.0,True,172.0,166.69498443603516,-5.305015563964844,5.305015563964844,2021-04-20 08:45:00,2021-04-20 12:00:00,195.0,195.0
D1,FG-R5-recent-w16-k5,1,9,2021-04-21,96,1.0,True,174.0,174.14108276367188,0.141082763671875,0.141082763671875,2021-04-21 08:30:00,2021-04-21 09:00:00,30.0,30.0
D1,FG-R5-recent-w16-k5,1,9,2021-04-22,96,1.0,True,174.0,172.05196380615234,-1.9480361938476562,1.9480361938476562,2021-04-22 08:30:00,2021-04-22 08:30:00,0.0,0.0
D1,FG-R5-recent-w16-k5,1,9,2021-04-23,96,1.0,True,174.0,172.70811462402344,-1.2918853759765625,1.2918853759765625,2021-04-23 08:30:00,2021-04-23 08:30:00,0.0,0.0
D1,FG-R5-recent-w16-k5,1,9,2021-04-24,96,1.0,True,112.0,109.27693176269531,-2.7230682373046875,2.7230682373046875,2021-04-24 06:15:00,2021-04-24 06:15:00,0.0,0.0
D1,FG-R5-recent-w16-k5,1,9,2021-04-25,96,1.0,True,25.0,88.01184463500977,63.011844635009766,63.011844635009766,2021-04-25 01:30:00,2021-04-25 02:00:00,30.0,30.0
D1,FG-R5-recent-w16-k5,1,10,2021-04-19,96,1.0,True,172.0,176.16692352294922,4.166923522949219,4.166923522949219,2021-04-19 08:45:00,2021-04-19 13:15:00,270.0,270.0
D1,FG-R5-recent-w16-k5,1,10,2021-04-20,96,1.0,True,172.0,166.73006439208984,-5.269935607910156,5.269935607910156,2021-04-20 08:45:00,2021-04-20 11:15:00,150.0,150.0
D1,FG-R5-recent-w16-k5,1,10,2021-04-21,96,1.0,True,174.0,172.8370361328125,-1.1629638671875,1.1629638671875,2021-04-21 08:30:00,2021-04-21 09:00:00,30.0,30.0
D1,FG-R5-recent-w16-k5,1,10,2021-04-22,96,1.0,True,174.0,171.5899658203125,-2.4100341796875,2.4100341796875,2021-04-22 08:30:00,2021-04-22 08:30:00,0.0,0.0
D1,FG-R5-recent-w16-k5,1,10,2021-04-23,96,1.0,True,174.0,173.8354263305664,-0.16457366943359375,0.16457366943359375,2021-04-23 08:30:00,2021-04-23 08:30:00,0.0,0.0
D1,FG-R5-recent-w16-k5,1,10,2021-04-24,96,1.0,True,112.0,112.2931900024414,0.29319000244140625,0.29319000244140625,2021-04-24 06:15:00,2021-04-24 04:45:00,-90.0,90.0
D1,FG-R5-recent-w16-k5,1,10,2021-04-25,96,1.0,True,25.0,84.2155818939209,59.2155818939209,59.2155818939209,2021-04-25 01:30:00,2021-04-25 02:15:00,45.0,45.0
D1,FG-R5-recent-w16-k5,1,11,2021-04-19,96,1.0,True,172.0,175.9231948852539,3.9231948852539062,3.9231948852539062,2021-04-19 08:45:00,2021-04-19 13:30:00,285.0,285.0
D1,FG-R5-recent-w16-k5,1,11,2021-04-20,96,1.0,True,172.0,165.8992156982422,-6.1007843017578125,6.1007843017578125,2021-04-20 08:45:00,2021-04-20 12:00:00,195.0,195.0
D1,FG-R5-recent-w16-k5,1,11,2021-04-21,96,1.0,True,174.0,173.6722869873047,-0.3277130126953125,0.3277130126953125,2021-04-21 08:30:00,2021-04-21 10:45:00,135.0,135.0
D1,FG-R5-recent-w16-k5,1,11,2021-04-22,96,1.0,True,174.0,171.36587524414062,-2.634124755859375,2.634124755859375,2021-04-22 08:30:00,2021-04-22 08:30:00,0.0,0.0
D1,FG-R5-recent-w16-k5,1,11,2021-04-23,96,1.0,True,174.0,172.1022491455078,-1.8977508544921875,1.8977508544921875,2021-04-23 08:30:00,2021-04-23 08:30:00,0.0,0.0
D1,FG-R5-recent-w16-k5,1,11,2021-04-24,96,1.0,True,112.0,110.49580001831055,-1.5041999816894531,1.5041999816894531,2021-04-24 06:15:00,2021-04-24 04:45:00,-90.0,90.0
D1,FG-R5-recent-w16-k5,1,11,2021-04-25,96,1.0,True,25.0,79.19661712646484,54.196617126464844,54.196617126464844,2021-04-25 01:30:00,2021-04-25 02:30:00,60.0,60.0
D1,FG-R5-recent-w16-k5,1,12,2021-04-19,96,1.0,True,172.0,177.416259765625,5.416259765625,5.416259765625,2021-04-19 08:45:00,2021-04-19 13:45:00,300.0,300.0
D1,FG-R5-recent-w16-k5,1,12,2021-04-20,96,1.0,True,172.0,165.18722534179688,-6.812774658203125,6.812774658203125,2021-04-20 08:45:00,2021-04-20 08:45:00,0.0,0.0
D1,FG-R5-recent-w16-k5,1,12,2021-04-21,96,1.0,True,174.0,172.3815460205078,-1.6184539794921875,1.6184539794921875,2021-04-21 08:30:00,2021-04-21 11:15:00,165.0,165.0
D1,FG-R5-recent-w16-k5,1,12,2021-04-22,96,1.0,True,174.0,171.67144012451172,-2.3285598754882812,2.3285598754882812,2021-04-22 08:30:00,2021-04-22 08:30:00,0.0,0.0
D1,FG-R5-recent-w16-k5,1,12,2021-04-23,96,1.0,True,174.0,171.9318389892578,-2.0681610107421875,2.0681610107421875,2021-04-23 08:30:00,2021-04-23 08:30:00,0.0,0.0
D1,FG-R5-recent-w16-k5,1,12,2021-04-24,96,1.0,True,112.0,111.2411880493164,-0.7588119506835938,0.7588119506835938,2021-04-24 06:15:00,2021-04-24 04:45:00,-90.0,90.0
D1,FG-R5-recent-w16-k5,1,12,2021-04-25,96,1.0,True,25.0,84.28451919555664,59.28451919555664,59.28451919555664,2021-04-25 01:30:00,2021-04-25 02:45:00,75.0,75.0
D1,FG-R5-recent-w16-k5,1,13,2021-04-19,96,1.0,True,172.0,173.13330078125,1.13330078125,1.13330078125,2021-04-19 08:45:00,2021-04-19 15:30:00,405.0,405.0
D1,FG-R5-recent-w16-k5,1,13,2021-04-20,96,1.0,True,172.0,167.7543487548828,-4.2456512451171875,4.2456512451171875,2021-04-20 08:45:00,2021-04-20 08:45:00,0.0,0.0
D1,FG-R5-recent-w16-k5,1,13,2021-04-21,96,1.0,True,174.0,169.04751586914062,-4.952484130859375,4.952484130859375,2021-04-21 08:30:00,2021-04-21 12:00:00,210.0,210.0
D1,FG-R5-recent-w16-k5,1,13,2021-04-22,96,1.0,True,174.0,171.27354431152344,-2.7264556884765625,2.7264556884765625,2021-04-22 08:30:00,2021-04-22 10:30:00,120.0,120.0
D1,FG-R5-recent-w16-k5,1,13,2021-04-23,96,1.0,True,174.0,172.24807739257812,-1.751922607421875,1.751922607421875,2021-04-23 08:30:00,2021-04-23 10:30:00,120.0,120.0
D1,FG-R5-recent-w16-k5,1,13,2021-04-24,96,1.0,True,112.0,110.74740600585938,-1.252593994140625,1.252593994140625,2021-04-24 06:15:00,2021-04-24 04:30:00,-105.0,105.0
D1,FG-R5-recent-w16-k5,1,13,2021-04-25,96,1.0,True,25.0,83.50829887390137,58.50829887390137,58.50829887390137,2021-04-25 01:30:00,2021-04-25 03:00:00,90.0,90.0
D1,FG-R5-recent-w16-k5,1,14,2021-04-19,96,1.0,True,172.0,174.84608459472656,2.8460845947265625,2.8460845947265625,2021-04-19 08:45:00,2021-04-19 13:15:00,270.0,270.0
D1,FG-R5-recent-w16-k5,1,14,2021-04-20,96,1.0,True,172.0,168.4748764038086,-3.5251235961914062,3.5251235961914062,2021-04-20 08:45:00,2021-04-20 09:00:00,15.0,15.0
D1,FG-R5-recent-w16-k5,1,14,2021-04-21,96,1.0,True,174.0,171.5033721923828,-2.4966278076171875,2.4966278076171875,2021-04-21 08:30:00,2021-04-21 11:45:00,195.0,195.0
D1,FG-R5-recent-w16-k5,1,14,2021-04-22,96,1.0,True,174.0,170.87757873535156,-3.1224212646484375,3.1224212646484375,2021-04-22 08:30:00,2021-04-22 10:45:00,135.0,135.0
D1,FG-R5-recent-w16-k5,1,14,2021-04-23,96,1.0,True,174.0,171.73805236816406,-2.2619476318359375,2.2619476318359375,2021-04-23 08:30:00,2021-04-23 10:30:00,120.0,120.0
D1,FG-R5-recent-w16-k5,1,14,2021-04-24,96,1.0,True,112.0,114.89495468139648,2.8949546813964844,2.8949546813964844,2021-04-24 06:15:00,2021-04-24 04:45:00,-90.0,90.0
D1,FG-R5-recent-w16-k5,1,14,2021-04-25,96,1.0,True,25.0,73.13849258422852,48.138492584228516,48.138492584228516,2021-04-25 01:30:00,2021-04-25 03:15:00,105.0,105.0
D1,FG-R5-recent-w16-k5,1,15,2021-04-19,96,1.0,True,172.0,174.9493408203125,2.9493408203125,2.9493408203125,2021-04-19 08:45:00,2021-04-19 13:45:00,300.0,300.0
D1,FG-R5-recent-w16-k5,1,15,2021-04-20,96,1.0,True,172.0,167.09918975830078,-4.900810241699219,4.900810241699219,2021-04-20 08:45:00,2021-04-20 09:00:00,15.0,15.0
D1,FG-R5-recent-w16-k5,1,15,2021-04-21,96,1.0,True,174.0,169.5496063232422,-4.4503936767578125,4.4503936767578125,2021-04-21 08:30:00,2021-04-21 11:30:00,180.0,180.0
D1,FG-R5-recent-w16-k5,1,15,2021-04-22,96,1.0,True,174.0,170.79708862304688,-3.202911376953125,3.202911376953125,2021-04-22 08:30:00,2021-04-22 08:30:00,0.0,0.0
D1,FG-R5-recent-w16-k5,1,15,2021-04-23,96,1.0,True,174.0,171.59879302978516,-2.4012069702148438,2.4012069702148438,2021-04-23 08:30:00,2021-04-23 10:30:00,120.0,120.0
D1,FG-R5-recent-w16-k5,1,15,2021-04-24,96,1.0,True,112.0,112.05469512939453,0.05469512939453125,0.05469512939453125,2021-04-24 06:15:00,2021-04-24 04:45:00,-90.0,90.0
D1,FG-R5-recent-w16-k5,1,15,2021-04-25,96,1.0,True,25.0,84.07308006286621,59.07308006286621,59.07308006286621,2021-04-25 01:30:00,2021-04-25 03:30:00,120.0,120.0
D1,FG-R5-recent-w16-k5,1,16,2021-04-19,96,1.0,True,172.0,175.81121826171875,3.81121826171875,3.81121826171875,2021-04-19 08:45:00,2021-04-19 13:45:00,300.0,300.0
D1,FG-R5-recent-w16-k5,1,16,2021-04-20,96,1.0,True,172.0,167.06595611572266,-4.934043884277344,4.934043884277344,2021-04-20 08:45:00,2021-04-20 08:45:00,0.0,0.0
D1,FG-R5-recent-w16-k5,1,16,2021-04-21,96,1.0,True,174.0,172.53160095214844,-1.4683990478515625,1.4683990478515625,2021-04-21 08:30:00,2021-04-21 08:30:00,0.0,0.0
D1,FG-R5-recent-w16-k5,1,16,2021-04-22,96,1.0,True,174.0,172.10206604003906,-1.8979339599609375,1.8979339599609375,2021-04-22 08:30:00,2021-04-22 08:30:00,0.0,0.0
D1,FG-R5-recent-w16-k5,1,16,2021-04-23,96,1.0,True,174.0,172.88733673095703,-1.1126632690429688,1.1126632690429688,2021-04-23 08:30:00,2021-04-23 10:30:00,120.0,120.0
D1,FG-R5-recent-w16-k5,1,16,2021-04-24,96,1.0,True,112.0,113.36437225341797,1.3643722534179688,1.3643722534179688,2021-04-24 06:15:00,2021-04-24 04:45:00,-90.0,90.0
D1,FG-R5-recent-w16-k5,1,16,2021-04-25,96,1.0,True,25.0,83.92973709106445,58.92973709106445,58.92973709106445,2021-04-25 01:30:00,2021-04-25 03:45:00,135.0,135.0
D1,FG-R5-recent-w16-k5,3,4,2021-05-03,96,1.0,True,184.0,173.36468505859375,-10.63531494140625,10.63531494140625,2021-05-03 08:30:00,2021-05-03 13:45:00,315.0,315.0
D1,FG-R5-recent-w16-k5,3,4,2021-05-04,96,1.0,True,181.0,177.4586181640625,-3.5413818359375,3.5413818359375,2021-05-04 08:30:00,2021-05-04 08:30:00,0.0,0.0
D1,FG-R5-recent-w16-k5,3,4,2021-05-05,96,1.0,True,120.0,115.03038787841797,-4.969612121582031,4.969612121582031,2021-05-05 04:15:00,2021-05-05 06:30:00,135.0,135.0
D1,FG-R5-recent-w16-k5,3,4,2021-05-06,96,1.0,True,199.0,183.99163818359375,-15.00836181640625,15.00836181640625,2021-05-06 09:00:00,2021-05-06 09:00:00,0.0,0.0
D1,FG-R5-recent-w16-k5,3,4,2021-05-07,96,1.0,True,181.0,174.42679595947266,-6.573204040527344,6.573204040527344,2021-05-07 09:00:00,2021-05-07 09:00:00,0.0,0.0
D1,FG-R5-recent-w16-k5,3,4,2021-05-08,96,1.0,True,115.0,111.28955841064453,-3.7104415893554688,3.7104415893554688,2021-05-08 02:00:00,2021-05-08 02:15:00,15.0,15.0
D1,FG-R5-recent-w16-k5,3,4,2021-05-09,96,1.0,True,184.0,178.84662628173828,-5.153373718261719,5.153373718261719,2021-05-09 09:00:00,2021-05-09 09:00:00,0.0,0.0
D1,FG-R5-recent-w16-k5,3,5,2021-05-03,96,1.0,True,184.0,172.81729125976562,-11.182708740234375,11.182708740234375,2021-05-03 08:30:00,2021-05-03 13:45:00,315.0,315.0
D1,FG-R5-recent-w16-k5,3,5,2021-05-04,96,1.0,True,181.0,177.14292907714844,-3.8570709228515625,3.8570709228515625,2021-05-04 08:30:00,2021-05-04 08:30:00,0.0,0.0
D1,FG-R5-recent-w16-k5,3,5,2021-05-05,96,1.0,True,120.0,114.28691482543945,-5.713085174560547,5.713085174560547,2021-05-05 04:15:00,2021-05-05 06:15:00,120.0,120.0
D1,FG-R5-recent-w16-k5,3,5,2021-05-06,96,1.0,True,199.0,180.1531524658203,-18.846847534179688,18.846847534179688,2021-05-06 09:00:00,2021-05-06 09:00:00,0.0,0.0
D1,FG-R5-recent-w16-k5,3,5,2021-05-07,96,1.0,True,181.0,174.26600646972656,-6.7339935302734375,6.7339935302734375,2021-05-07 09:00:00,2021-05-07 09:00:00,0.0,0.0
D1,FG-R5-recent-w16-k5,3,5,2021-05-08,96,1.0,True,115.0,111.16156005859375,-3.83843994140625,3.83843994140625,2021-05-08 02:00:00,2021-05-08 06:15:00,255.0,255.0
D1,FG-R5-recent-w16-k5,3,5,2021-05-09,96,1.0,True,184.0,168.6436309814453,-15.356369018554688,15.356369018554688,2021-05-09 09:00:00,2021-05-09 11:45:00,165.0,165.0
D1,FG-R5-recent-w16-k5,3,6,2021-05-03,96,1.0,True,184.0,173.54098510742188,-10.459014892578125,10.459014892578125,2021-05-03 08:30:00,2021-05-03 13:45:00,315.0,315.0
D1,FG-R5-recent-w16-k5,3,6,2021-05-04,96,1.0,True,181.0,177.88544464111328,-3.1145553588867188,3.1145553588867188,2021-05-04 08:30:00,2021-05-04 08:30:00,0.0,0.0
D1,FG-R5-recent-w16-k5,3,6,2021-05-05,96,1.0,True,120.0,115.39270401000977,-4.607295989990234,4.607295989990234,2021-05-05 04:15:00,2021-05-05 06:00:00,105.0,105.0
D1,FG-R5-recent-w16-k5,3,6,2021-05-06,96,1.0,True,199.0,177.1357421875,-21.8642578125,21.8642578125,2021-05-06 09:00:00,2021-05-06 11:45:00,165.0,165.0
D1,FG-R5-recent-w16-k5,3,6,2021-05-07,96,1.0,True,181.0,173.9540252685547,-7.0459747314453125,7.0459747314453125,2021-05-07 09:00:00,2021-05-07 09:00:00,0.0,0.0
D1,FG-R5-recent-w16-k5,3,6,2021-05-08,96,1.0,True,115.0,112.60190200805664,-2.3980979919433594,2.3980979919433594,2021-05-08 02:00:00,2021-05-08 06:15:00,255.0,255.0
D1,FG-R5-recent-w16-k5,3,6,2021-05-09,96,1.0,True,184.0,169.94271850585938,-14.057281494140625,14.057281494140625,2021-05-09 09:00:00,2021-05-09 10:30:00,90.0,90.0
D1,FG-R5-recent-w16-k5,3,7,2021-05-03,96,1.0,True,184.0,172.22474670410156,-11.775253295898438,11.775253295898438,2021-05-03 08:30:00,2021-05-03 13:45:00,315.0,315.0
D1,FG-R5-recent-w16-k5,3,7,2021-05-04,96,1.0,True,181.0,176.95338439941406,-4.0466156005859375,4.0466156005859375,2021-05-04 08:30:00,2021-05-04 08:30:00,0.0,0.0
D1,FG-R5-recent-w16-k5,3,7,2021-05-05,96,1.0,True,120.0,125.40613555908203,5.406135559082031,5.406135559082031,2021-05-05 04:15:00,2021-05-05 06:00:00,105.0,105.0
D1,FG-R5-recent-w16-k5,3,7,2021-05-06,96,1.0,True,199.0,178.86387634277344,-20.136123657226562,20.136123657226562,2021-05-06 09:00:00,2021-05-06 11:45:00,165.0,165.0
D1,FG-R5-recent-w16-k5,3,7,2021-05-07,96,1.0,True,181.0,173.39266967773438,-7.607330322265625,7.607330322265625,2021-05-07 09:00:00,2021-05-07 09:00:00,0.0,0.0
D1,FG-R5-recent-w16-k5,3,7,2021-05-08,96,1.0,True,115.0,111.99859619140625,-3.00140380859375,3.00140380859375,2021-05-08 02:00:00,2021-05-08 06:15:00,255.0,255.0
D1,FG-R5-recent-w16-k5,3,7,2021-05-09,96,1.0,True,184.0,168.828125,-15.171875,15.171875,2021-05-09 09:00:00,2021-05-09 10:30:00,90.0,90.0
D1,FG-R5-recent-w16-k5,3,8,2021-05-03,96,1.0,True,184.0,172.65478515625,-11.34521484375,11.34521484375,2021-05-03 08:30:00,2021-05-03 13:45:00,315.0,315.0
D1,FG-R5-recent-w16-k5,3,8,2021-05-04,96,1.0,True,181.0,177.41931915283203,-3.5806808471679688,3.5806808471679688,2021-05-04 08:30:00,2021-05-04 08:30:00,0.0,0.0
D1,FG-R5-recent-w16-k5,3,8,2021-05-05,96,1.0,True,120.0,140.2539291381836,20.253929138183594,20.253929138183594,2021-05-05 04:15:00,2021-05-05 07:45:00,210.0,210.0
D1,FG-R5-recent-w16-k5,3,8,2021-05-06,96,1.0,True,199.0,177.21908569335938,-21.780914306640625,21.780914306640625,2021-05-06 09:00:00,2021-05-06 11:45:00,165.0,165.0
D1,FG-R5-recent-w16-k5,3,8,2021-05-07,96,1.0,True,181.0,174.1194305419922,-6.8805694580078125,6.8805694580078125,2021-05-07 09:00:00,2021-05-07 08:30:00,-30.0,30.0
D1,FG-R5-recent-w16-k5,3,8,2021-05-08,96,1.0,True,115.0,111.97801971435547,-3.0219802856445312,3.0219802856445312,2021-05-08 02:00:00,2021-05-08 06:15:00,255.0,255.0
D1,FG-R5-recent-w16-k5,3,8,2021-05-09,96,1.0,True,184.0,169.43545532226562,-14.564544677734375,14.564544677734375,2021-05-09 09:00:00,2021-05-09 11:00:00,120.0,120.0
D1,FG-R5-recent-w16-k5,3,9,2021-05-03,96,1.0,True,184.0,173.1329116821289,-10.867088317871094,10.867088317871094,2021-05-03 08:30:00,2021-05-03 13:45:00,315.0,315.0
D1,FG-R5-recent-w16-k5,3,9,2021-05-04,96,1.0,True,181.0,177.02294921875,-3.97705078125,3.97705078125,2021-05-04 08:30:00,2021-05-04 08:30:00,0.0,0.0
D1,FG-R5-recent-w16-k5,3,9,2021-05-05,96,1.0,True,120.0,145.10049438476562,25.100494384765625,25.100494384765625,2021-05-05 04:15:00,2021-05-05 07:45:00,210.0,210.0
D1,FG-R5-recent-w16-k5,3,9,2021-05-06,96,1.0,True,199.0,176.61267852783203,-22.38732147216797,22.38732147216797,2021-05-06 09:00:00,2021-05-06 11:45:00,165.0,165.0
D1,FG-R5-recent-w16-k5,3,9,2021-05-07,96,1.0,True,181.0,174.66040802001953,-6.339591979980469,6.339591979980469,2021-05-07 09:00:00,2021-05-07 08:30:00,-30.0,30.0
D1,FG-R5-recent-w16-k5,3,9,2021-05-08,96,1.0,True,115.0,110.93640518188477,-4.063594818115234,4.063594818115234,2021-05-08 02:00:00,2021-05-08 06:15:00,255.0,255.0
D1,FG-R5-recent-w16-k5,3,9,2021-05-09,96,1.0,True,184.0,172.0332794189453,-11.966720581054688,11.966720581054688,2021-05-09 09:00:00,2021-05-09 11:15:00,135.0,135.0
D1,FG-R5-recent-w16-k5,3,10,2021-05-03,96,1.0,True,184.0,174.47376251220703,-9.526237487792969,9.526237487792969,2021-05-03 08:30:00,2021-05-03 12:00:00,210.0,210.0
D1,FG-R5-recent-w16-k5,3,10,2021-05-04,96,1.0,True,181.0,176.7322235107422,-4.2677764892578125,4.2677764892578125,2021-05-04 08:30:00,2021-05-04 08:30:00,0.0,0.0
D1,FG-R5-recent-w16-k5,3,10,2021-05-05,96,1.0,True,120.0,164.57142639160156,44.57142639160156,44.57142639160156,2021-05-05 04:15:00,2021-05-05 08:15:00,240.0,240.0
D1,FG-R5-recent-w16-k5,3,10,2021-05-06,96,1.0,True,199.0,175.59066009521484,-23.409339904785156,23.409339904785156,2021-05-06 09:00:00,2021-05-06 11:45:00,165.0,165.0
D1,FG-R5-recent-w16-k5,3,10,2021-05-07,96,1.0,True,181.0,174.28199768066406,-6.7180023193359375,6.7180023193359375,2021-05-07 09:00:00,2021-05-07 08:30:00,-30.0,30.0
D1,FG-R5-recent-w16-k5,3,10,2021-05-08,96,1.0,True,115.0,112.34814453125,-2.65185546875,2.65185546875,2021-05-08 02:00:00,2021-05-08 06:15:00,255.0,255.0
D1,FG-R5-recent-w16-k5,3,10,2021-05-09,96,1.0,True,184.0,171.04096221923828,-12.959037780761719,12.959037780761719,2021-05-09 09:00:00,2021-05-09 11:15:00,135.0,135.0
D1,FG-R5-recent-w16-k5,3,11,2021-05-03,96,1.0,True,184.0,173.99790954589844,-10.002090454101562,10.002090454101562,2021-05-03 08:30:00,2021-05-03 13:45:00,315.0,315.0
D1,FG-R5-recent-w16-k5,3,11,2021-05-04,96,1.0,True,181.0,176.68975067138672,-4.310249328613281,4.310249328613281,2021-05-04 08:30:00,2021-05-04 08:30:00,0.0,0.0
D1,FG-R5-recent-w16-k5,3,11,2021-05-05,96,1.0,True,120.0,175.84777069091797,55.84777069091797,55.84777069091797,2021-05-05 04:15:00,2021-05-05 08:30:00,255.0,255.0
D1,FG-R5-recent-w16-k5,3,11,2021-05-06,96,1.0,True,199.0,177.2742156982422,-21.725784301757812,21.725784301757812,2021-05-06 09:00:00,2021-05-06 11:45:00,165.0,165.0
D1,FG-R5-recent-w16-k5,3,11,2021-05-07,96,1.0,True,181.0,173.53175354003906,-7.4682464599609375,7.4682464599609375,2021-05-07 09:00:00,2021-05-07 09:00:00,0.0,0.0
D1,FG-R5-recent-w16-k5,3,11,2021-05-08,96,1.0,True,115.0,110.93365097045898,-4.066349029541016,4.066349029541016,2021-05-08 02:00:00,2021-05-08 06:15:00,255.0,255.0
D1,FG-R5-recent-w16-k5,3,11,2021-05-09,96,1.0,True,184.0,171.61373901367188,-12.386260986328125,12.386260986328125,2021-05-09 09:00:00,2021-05-09 11:15:00,135.0,135.0
D1,FG-R5-recent-w16-k5,3,12,2021-05-03,96,1.0,True,184.0,173.16575622558594,-10.834243774414062,10.834243774414062,2021-05-03 08:30:00,2021-05-03 13:45:00,315.0,315.0
D1,FG-R5-recent-w16-k5,3,12,2021-05-04,96,1.0,True,181.0,175.7482452392578,-5.2517547607421875,5.2517547607421875,2021-05-04 08:30:00,2021-05-04 08:30:00,0.0,0.0
D1,FG-R5-recent-w16-k5,3,12,2021-05-05,96,1.0,True,120.0,179.74270629882812,59.742706298828125,59.742706298828125,2021-05-05 04:15:00,2021-05-05 08:30:00,255.0,255.0
D1,FG-R5-recent-w16-k5,3,12,2021-05-06,96,1.0,True,199.0,175.22420501708984,-23.775794982910156,23.775794982910156,2021-05-06 09:00:00,2021-05-06 11:45:00,165.0,165.0
D1,FG-R5-recent-w16-k5,3,12,2021-05-07,96,1.0,True,181.0,173.15309143066406,-7.8469085693359375,7.8469085693359375,2021-05-07 09:00:00,2021-05-07 09:00:00,0.0,0.0
D1,FG-R5-recent-w16-k5,3,12,2021-05-08,96,1.0,True,115.0,107.27294921875,-7.72705078125,7.72705078125,2021-05-08 02:00:00,2021-05-08 06:30:00,270.0,270.0
D1,FG-R5-recent-w16-k5,3,12,2021-05-09,96,1.0,True,184.0,169.62593841552734,-14.374061584472656,14.374061584472656,2021-05-09 09:00:00,2021-05-09 11:45:00,165.0,165.0
D1,FG-R5-recent-w16-k5,3,13,2021-05-03,96,1.0,True,184.0,172.1783218383789,-11.821678161621094,11.821678161621094,2021-05-03 08:30:00,2021-05-03 13:45:00,315.0,315.0
D1,FG-R5-recent-w16-k5,3,13,2021-05-04,96,1.0,True,181.0,175.61746215820312,-5.382537841796875,5.382537841796875,2021-05-04 08:30:00,2021-05-04 08:30:00,0.0,0.0
D1,FG-R5-recent-w16-k5,3,13,2021-05-05,96,1.0,True,120.0,172.3284454345703,52.32844543457031,52.32844543457031,2021-05-05 04:15:00,2021-05-05 08:45:00,270.0,270.0
D1,FG-R5-recent-w16-k5,3,13,2021-05-06,96,1.0,True,199.0,175.26282501220703,-23.73717498779297,23.73717498779297,2021-05-06 09:00:00,2021-05-06 11:45:00,165.0,165.0
D1,FG-R5-recent-w16-k5,3,13,2021-05-07,96,1.0,True,181.0,172.776611328125,-8.223388671875,8.223388671875,2021-05-07 09:00:00,2021-05-07 09:00:00,0.0,0.0
D1,FG-R5-recent-w16-k5,3,13,2021-05-08,96,1.0,True,115.0,112.25269317626953,-2.7473068237304688,2.7473068237304688,2021-05-08 02:00:00,2021-05-08 06:15:00,255.0,255.0
D1,FG-R5-recent-w16-k5,3,13,2021-05-09,96,1.0,True,184.0,170.50282287597656,-13.497177124023438,13.497177124023438,2021-05-09 09:00:00,2021-05-09 11:45:00,165.0,165.0
D1,FG-R5-recent-w16-k5,3,14,2021-05-03,96,1.0,True,184.0,172.7969970703125,-11.2030029296875,11.2030029296875,2021-05-03 08:30:00,2021-05-03 13:45:00,315.0,315.0
D1,FG-R5-recent-w16-k5,3,14,2021-05-04,96,1.0,True,181.0,175.75967407226562,-5.240325927734375,5.240325927734375,2021-05-04 08:30:00,2021-05-04 08:30:00,0.0,0.0
D1,FG-R5-recent-w16-k5,3,14,2021-05-05,96,1.0,True,120.0,168.32666015625,48.32666015625,48.32666015625,2021-05-05 04:15:00,2021-05-05 09:00:00,285.0,285.0
D1,FG-R5-recent-w16-k5,3,14,2021-05-06,96,1.0,True,199.0,175.45362854003906,-23.546371459960938,23.546371459960938,2021-05-06 09:00:00,2021-05-06 11:45:00,165.0,165.0
D1,FG-R5-recent-w16-k5,3,14,2021-05-07,96,1.0,True,181.0,173.26725006103516,-7.732749938964844,7.732749938964844,2021-05-07 09:00:00,2021-05-07 09:00:00,0.0,0.0
D1,FG-R5-recent-w16-k5,3,14,2021-05-08,96,1.0,True,115.0,111.03958511352539,-3.9604148864746094,3.9604148864746094,2021-05-08 02:00:00,2021-05-08 06:30:00,270.0,270.0
D1,FG-R5-recent-w16-k5,3,14,2021-05-09,96,1.0,True,184.0,167.59637451171875,-16.40362548828125,16.40362548828125,2021-05-09 09:00:00,2021-05-09 11:45:00,165.0,165.0
D1,FG-R5-recent-w16-k5,3,15,2021-05-03,96,1.0,True,184.0,171.4652557373047,-12.534744262695312,12.534744262695312,2021-05-03 08:30:00,2021-05-03 12:00:00,210.0,210.0
D1,FG-R5-recent-w16-k5,3,15,2021-05-04,96,1.0,True,181.0,177.0123748779297,-3.9876251220703125,3.9876251220703125,2021-05-04 08:30:00,2021-05-04 08:30:00,0.0,0.0
D1,FG-R5-recent-w16-k5,3,15,2021-05-05,96,1.0,True,120.0,176.94310760498047,56.94310760498047,56.94310760498047,2021-05-05 04:15:00,2021-05-05 08:30:00,255.0,255.0
D1,FG-R5-recent-w16-k5,3,15,2021-05-06,96,1.0,True,199.0,171.7895736694336,-27.210426330566406,27.210426330566406,2021-05-06 09:00:00,2021-05-06 13:30:00,270.0,270.0
D1,FG-R5-recent-w16-k5,3,15,2021-05-07,96,1.0,True,181.0,173.3499298095703,-7.6500701904296875,7.6500701904296875,2021-05-07 09:00:00,2021-05-07 08:30:00,-30.0,30.0
D1,FG-R5-recent-w16-k5,3,15,2021-05-08,96,1.0,True,115.0,109.12754440307617,-5.872455596923828,5.872455596923828,2021-05-08 02:00:00,2021-05-08 06:45:00,285.0,285.0
D1,FG-R5-recent-w16-k5,3,15,2021-05-09,96,1.0,True,184.0,165.1006622314453,-18.899337768554688,18.899337768554688,2021-05-09 09:00:00,2021-05-09 11:45:00,165.0,165.0
D1,FG-R5-recent-w16-k5,3,16,2021-05-03,96,1.0,True,184.0,171.40462493896484,-12.595375061035156,12.595375061035156,2021-05-03 08:30:00,2021-05-03 13:45:00,315.0,315.0
D1,FG-R5-recent-w16-k5,3,16,2021-05-04,96,1.0,True,181.0,175.580322265625,-5.419677734375,5.419677734375,2021-05-04 08:30:00,2021-05-04 08:30:00,0.0,0.0
D1,FG-R5-recent-w16-k5,3,16,2021-05-05,96,1.0,True,120.0,179.80571746826172,59.80571746826172,59.80571746826172,2021-05-05 04:15:00,2021-05-05 08:30:00,255.0,255.0
D1,FG-R5-recent-w16-k5,3,16,2021-05-06,96,1.0,True,199.0,171.00193786621094,-27.998062133789062,27.998062133789062,2021-05-06 09:00:00,2021-05-06 13:30:00,270.0,270.0
D1,FG-R5-recent-w16-k5,3,16,2021-05-07,96,1.0,True,181.0,173.5851287841797,-7.4148712158203125,7.4148712158203125,2021-05-07 09:00:00,2021-05-07 09:00:00,0.0,0.0
D1,FG-R5-recent-w16-k5,3,16,2021-05-08,96,1.0,True,115.0,102.01871109008789,-12.98128890991211,12.98128890991211,2021-05-08 02:00:00,2021-05-08 06:30:00,270.0,270.0
D1,FG-R5-recent-w16-k5,3,16,2021-05-09,96,1.0,True,184.0,158.569580078125,-25.430419921875,25.430419921875,2021-05-09 09:00:00,2021-05-09 14:45:00,345.0,345.0
D1,FG-R5-recent-w16-k5,5,4,2021-05-17,96,1.0,True,192.0,189.0,-3.0,3.0,2021-05-17 09:00:00,2021-05-17 11:45:00,165.0,165.0
D1,FG-R5-recent-w16-k5,5,4,2021-05-18,96,1.0,True,182.0,182.0,0.0,0.0,2021-05-18 13:15:00,2021-05-18 13:15:00,0.0,0.0
D1,FG-R5-recent-w16-k5,5,4,2021-05-19,96,1.0,True,108.0,108.0,0.0,0.0,2021-05-19 06:15:00,2021-05-19 06:15:00,0.0,0.0
D1,FG-R5-recent-w16-k5,5,4,2021-05-20,96,1.0,True,181.0,190.0,9.0,9.0,2021-05-20 13:15:00,2021-05-20 08:30:00,-285.0,285.0
D1,FG-R5-recent-w16-k5,5,4,2021-05-21,96,1.0,True,160.0,180.0,20.0,20.0,2021-05-21 08:30:00,2021-05-21 08:30:00,0.0,0.0
D1,FG-R5-recent-w16-k5,5,4,2021-05-22,96,1.0,True,112.0,115.0,3.0,3.0,2021-05-22 06:15:00,2021-05-22 02:30:00,-225.0,225.0
D1,FG-R5-recent-w16-k5,5,4,2021-05-23,96,1.0,True,25.0,159.0,134.0,134.0,2021-05-23 03:00:00,2021-05-23 08:15:00,315.0,315.0
D1,FG-R5-recent-w16-k5,5,5,2021-05-17,96,1.0,True,192.0,188.0,-4.0,4.0,2021-05-17 09:00:00,2021-05-17 13:15:00,255.0,255.0
D1,FG-R5-recent-w16-k5,5,5,2021-05-18,96,1.0,True,182.0,182.0,0.0,0.0,2021-05-18 13:15:00,2021-05-18 13:15:00,0.0,0.0
D1,FG-R5-recent-w16-k5,5,5,2021-05-19,96,1.0,True,108.0,121.0,13.0,13.0,2021-05-19 06:15:00,2021-05-19 07:45:00,90.0,90.0
D1,FG-R5-recent-w16-k5,5,5,2021-05-20,96,1.0,True,181.0,189.0,8.0,8.0,2021-05-20 13:15:00,2021-05-20 08:45:00,-270.0,270.0
D1,FG-R5-recent-w16-k5,5,5,2021-05-21,96,1.0,True,160.0,175.0,15.0,15.0,2021-05-21 08:30:00,2021-05-21 10:45:00,135.0,135.0
D1,FG-R5-recent-w16-k5,5,5,2021-05-22,96,1.0,True,112.0,117.0,5.0,5.0,2021-05-22 06:15:00,2021-05-22 02:15:00,-240.0,240.0
D1,FG-R5-recent-w16-k5,5,5,2021-05-23,96,1.0,True,25.0,190.0,165.0,165.0,2021-05-23 03:00:00,2021-05-23 08:30:00,330.0,330.0
D1,FG-R5-recent-w16-k5,5,6,2021-05-17,96,1.0,True,192.0,191.0,-1.0,1.0,2021-05-17 09:00:00,2021-05-17 13:30:00,270.0,270.0
D1,FG-R5-recent-w16-k5,5,6,2021-05-18,96,1.0,True,182.0,182.0,0.0,0.0,2021-05-18 13:15:00,2021-05-18 13:15:00,0.0,0.0
D1,FG-R5-recent-w16-k5,5,6,2021-05-19,96,1.0,True,108.0,127.0,19.0,19.0,2021-05-19 06:15:00,2021-05-19 07:45:00,90.0,90.0
D1,FG-R5-recent-w16-k5,5,6,2021-05-20,96,1.0,True,181.0,186.0,5.0,5.0,2021-05-20 13:15:00,2021-05-20 09:30:00,-225.0,225.0
D1,FG-R5-recent-w16-k5,5,6,2021-05-21,96,1.0,True,160.0,175.0,15.0,15.0,2021-05-21 08:30:00,2021-05-21 11:00:00,150.0,150.0
D1,FG-R5-recent-w16-k5,5,6,2021-05-22,96,1.0,True,112.0,114.0,2.0,2.0,2021-05-22 06:15:00,2021-05-22 02:30:00,-225.0,225.0
D1,FG-R5-recent-w16-k5,5,6,2021-05-23,96,1.0,True,25.0,189.0,164.0,164.0,2021-05-23 03:00:00,2021-05-23 08:45:00,345.0,345.0
D1,FG-R5-recent-w16-k5,5,7,2021-05-17,96,1.0,True,192.0,191.0,-1.0,1.0,2021-05-17 09:00:00,2021-05-17 13:45:00,285.0,285.0
D1,FG-R5-recent-w16-k5,5,7,2021-05-18,96,1.0,True,182.0,182.0,0.0,0.0,2021-05-18 13:15:00,2021-05-18 13:15:00,0.0,0.0
D1,FG-R5-recent-w16-k5,5,7,2021-05-19,96,1.0,True,108.0,140.0,32.0,32.0,2021-05-19 06:15:00,2021-05-19 08:15:00,120.0,120.0
D1,FG-R5-recent-w16-k5,5,7,2021-05-20,96,1.0,True,181.0,187.0,6.0,6.0,2021-05-20 13:15:00,2021-05-20 09:15:00,-240.0,240.0
D1,FG-R5-recent-w16-k5,5,7,2021-05-21,96,1.0,True,160.0,173.0,13.0,13.0,2021-05-21 08:30:00,2021-05-21 09:45:00,75.0,75.0
D1,FG-R5-recent-w16-k5,5,7,2021-05-22,96,1.0,True,112.0,113.0,1.0,1.0,2021-05-22 06:15:00,2021-05-22 02:45:00,-210.0,210.0
D1,FG-R5-recent-w16-k5,5,7,2021-05-23,96,1.0,True,25.0,198.0,173.0,173.0,2021-05-23 03:00:00,2021-05-23 09:00:00,360.0,360.0
D1,FG-R5-recent-w16-k5,5,8,2021-05-17,96,1.0,True,192.0,192.0,0.0,0.0,2021-05-17 09:00:00,2021-05-17 14:00:00,300.0,300.0
D1,FG-R5-recent-w16-k5,5,8,2021-05-18,96,1.0,True,182.0,182.0,0.0,0.0,2021-05-18 13:15:00,2021-05-18 13:15:00,0.0,0.0
D1,FG-R5-recent-w16-k5,5,8,2021-05-19,96,1.0,True,108.0,159.0,51.0,51.0,2021-05-19 06:15:00,2021-05-19 08:30:00,135.0,135.0
D1,FG-R5-recent-w16-k5,5,8,2021-05-20,96,1.0,True,181.0,189.0,8.0,8.0,2021-05-20 13:15:00,2021-05-20 12:00:00,-75.0,75.0
D1,FG-R5-recent-w16-k5,5,8,2021-05-21,96,1.0,True,160.0,176.0,16.0,16.0,2021-05-21 08:30:00,2021-05-21 08:30:00,0.0,0.0
D1,FG-R5-recent-w16-k5,5,8,2021-05-22,96,1.0,True,112.0,112.0,0.0,0.0,2021-05-22 06:15:00,2021-05-22 06:15:00,0.0,0.0
D1,FG-R5-recent-w16-k5,5,8,2021-05-23,96,1.0,True,25.0,184.0,159.0,159.0,2021-05-23 03:00:00,2021-05-23 09:15:00,375.0,375.0
D1,FG-R5-recent-w16-k5,5,9,2021-05-17,96,1.0,True,192.0,186.0,-6.0,6.0,2021-05-17 09:00:00,2021-05-17 11:15:00,135.0,135.0
D1,FG-R5-recent-w16-k5,5,9,2021-05-18,96,1.0,True,182.0,182.0,0.0,0.0,2021-05-18 13:15:00,2021-05-18 13:15:00,0.0,0.0
D1,FG-R5-recent-w16-k5,5,9,2021-05-19,96,1.0,True,108.0,165.0,57.0,57.0,2021-05-19 06:15:00,2021-05-19 08:30:00,135.0,135.0
D1,FG-R5-recent-w16-k5,5,9,2021-05-20,96,1.0,True,181.0,173.0,-8.0,8.0,2021-05-20 13:15:00,2021-05-20 15:30:00,135.0,135.0
D1,FG-R5-recent-w16-k5,5,9,2021-05-21,96,1.0,True,160.0,176.0,16.0,16.0,2021-05-21 08:30:00,2021-05-21 09:45:00,75.0,75.0
D1,FG-R5-recent-w16-k5,5,9,2021-05-22,96,1.0,True,112.0,112.0,0.0,0.0,2021-05-22 06:15:00,2021-05-22 06:15:00,0.0,0.0
D1,FG-R5-recent-w16-k5,5,9,2021-05-23,96,1.0,True,25.0,186.0,161.0,161.0,2021-05-23 03:00:00,2021-05-23 09:30:00,390.0,390.0
D1,FG-R5-recent-w16-k5,5,10,2021-05-17,96,1.0,True,192.0,185.0,-7.0,7.0,2021-05-17 09:00:00,2021-05-17 14:30:00,330.0,330.0
D1,FG-R5-recent-w16-k5,5,10,2021-05-18,96,1.0,True,182.0,182.0,0.0,0.0,2021-05-18 13:15:00,2021-05-18 13:15:00,0.0,0.0
D1,FG-R5-recent-w16-k5,5,10,2021-05-19,96,1.0,True,108.0,169.0,61.0,61.0,2021-05-19 06:15:00,2021-05-19 08:45:00,150.0,150.0
D1,FG-R5-recent-w16-k5,5,10,2021-05-20,96,1.0,True,181.0,176.0,-5.0,5.0,2021-05-20 13:15:00,2021-05-20 15:45:00,150.0,150.0
D1,FG-R5-recent-w16-k5,5,10,2021-05-21,96,1.0,True,160.0,182.0,22.0,22.0,2021-05-21 08:30:00,2021-05-21 08:30:00,0.0,0.0
D1,FG-R5-recent-w16-k5,5,10,2021-05-22,96,1.0,True,112.0,111.0,-1.0,1.0,2021-05-22 06:15:00,2021-05-22 04:00:00,-135.0,135.0
D1,FG-R5-recent-w16-k5,5,10,2021-05-23,96,1.0,True,25.0,185.0,160.0,160.0,2021-05-23 03:00:00,2021-05-23 09:45:00,405.0,405.0
D1,FG-R5-recent-w16-k5,5,11,2021-05-17,96,1.0,True,192.0,196.0,4.0,4.0,2021-05-17 09:00:00,2021-05-17 14:45:00,345.0,345.0
D1,FG-R5-recent-w16-k5,5,11,2021-05-18,96,1.0,True,182.0,182.0,0.0,0.0,2021-05-18 13:15:00,2021-05-18 13:15:00,0.0,0.0
D1,FG-R5-recent-w16-k5,5,11,2021-05-19,96,1.0,True,108.0,168.0,60.0,60.0,2021-05-19 06:15:00,2021-05-19 09:00:00,165.0,165.0
D1,FG-R5-recent-w16-k5,5,11,2021-05-20,96,1.0,True,181.0,179.0,-2.0,2.0,2021-05-20 13:15:00,2021-05-20 08:30:00,-285.0,285.0
D1,FG-R5-recent-w16-k5,5,11,2021-05-21,96,1.0,True,160.0,173.0,13.0,13.0,2021-05-21 08:30:00,2021-05-21 08:30:00,0.0,0.0
D1,FG-R5-recent-w16-k5,5,11,2021-05-22,96,1.0,True,112.0,112.0,0.0,0.0,2021-05-22 06:15:00,2021-05-22 06:15:00,0.0,0.0
D1,FG-R5-recent-w16-k5,5,11,2021-05-23,96,1.0,True,25.0,191.0,166.0,166.0,2021-05-23 03:00:00,2021-05-23 08:30:00,330.0,330.0
D1,FG-R5-recent-w16-k5,5,12,2021-05-17,96,1.0,True,192.0,192.0,0.0,0.0,2021-05-17 09:00:00,2021-05-17 12:00:00,180.0,180.0
D1,FG-R5-recent-w16-k5,5,12,2021-05-18,96,1.0,True,182.0,182.0,0.0,0.0,2021-05-18 13:15:00,2021-05-18 13:15:00,0.0,0.0
D1,FG-R5-recent-w16-k5,5,12,2021-05-19,96,1.0,True,108.0,193.0,85.0,85.0,2021-05-19 06:15:00,2021-05-19 08:00:00,105.0,105.0
D1,FG-R5-recent-w16-k5,5,12,2021-05-20,96,1.0,True,181.0,188.0,7.0,7.0,2021-05-20 13:15:00,2021-05-20 08:30:00,-285.0,285.0
D1,FG-R5-recent-w16-k5,5,12,2021-05-21,96,1.0,True,160.0,177.0,17.0,17.0,2021-05-21 08:30:00,2021-05-21 08:30:00,0.0,0.0
D1,FG-R5-recent-w16-k5,5,12,2021-05-22,96,1.0,True,112.0,110.0,-2.0,2.0,2021-05-22 06:15:00,2021-05-22 04:00:00,-135.0,135.0
D1,FG-R5-recent-w16-k5,5,12,2021-05-23,96,1.0,True,25.0,191.0,166.0,166.0,2021-05-23 03:00:00,2021-05-23 08:30:00,330.0,330.0
D1,FG-R5-recent-w16-k5,5,13,2021-05-17,96,1.0,True,192.0,183.0,-9.0,9.0,2021-05-17 09:00:00,2021-05-17 08:30:00,-30.0,30.0
D1,FG-R5-recent-w16-k5,5,13,2021-05-18,96,1.0,True,182.0,182.0,0.0,0.0,2021-05-18 13:15:00,2021-05-18 13:15:00,0.0,0.0
D1,FG-R5-recent-w16-k5,5,13,2021-05-19,96,1.0,True,108.0,222.0,114.0,114.0,2021-05-19 06:15:00,2021-05-19 08:15:00,120.0,120.0
D1,FG-R5-recent-w16-k5,5,13,2021-05-20,96,1.0,True,181.0,188.0,7.0,7.0,2021-05-20 13:15:00,2021-05-20 08:30:00,-285.0,285.0
D1,FG-R5-recent-w16-k5,5,13,2021-05-21,96,1.0,True,160.0,182.0,22.0,22.0,2021-05-21 08:30:00,2021-05-21 08:30:00,0.0,0.0
D1,FG-R5-recent-w16-k5,5,13,2021-05-22,96,1.0,True,112.0,107.0,-5.0,5.0,2021-05-22 06:15:00,2021-05-22 04:00:00,-135.0,135.0
D1,FG-R5-recent-w16-k5,5,13,2021-05-23,96,1.0,True,25.0,199.0,174.0,174.0,2021-05-23 03:00:00,2021-05-23 09:00:00,360.0,360.0
D1,FG-R5-recent-w16-k5,5,14,2021-05-17,96,1.0,True,192.0,183.0,-9.0,9.0,2021-05-17 09:00:00,2021-05-17 08:30:00,-30.0,30.0
D1,FG-R5-recent-w16-k5,5,14,2021-05-18,96,1.0,True,182.0,182.0,0.0,0.0,2021-05-18 13:15:00,2021-05-18 13:15:00,0.0,0.0
D1,FG-R5-recent-w16-k5,5,14,2021-05-19,96,1.0,True,108.0,242.0,134.0,134.0,2021-05-19 06:15:00,2021-05-19 08:30:00,135.0,135.0
D1,FG-R5-recent-w16-k5,5,14,2021-05-20,96,1.0,True,181.0,187.0,6.0,6.0,2021-05-20 13:15:00,2021-05-20 08:45:00,-270.0,270.0
D1,FG-R5-recent-w16-k5,5,14,2021-05-21,96,1.0,True,160.0,186.0,26.0,26.0,2021-05-21 08:30:00,2021-05-21 08:30:00,0.0,0.0
D1,FG-R5-recent-w16-k5,5,14,2021-05-22,96,1.0,True,112.0,110.0,-2.0,2.0,2021-05-22 06:15:00,2021-05-22 01:45:00,-270.0,270.0
D1,FG-R5-recent-w16-k5,5,14,2021-05-23,96,1.0,True,25.0,199.0,174.0,174.0,2021-05-23 03:00:00,2021-05-23 09:00:00,360.0,360.0
D1,FG-R5-recent-w16-k5,5,15,2021-05-17,96,1.0,True,192.0,184.0,-8.0,8.0,2021-05-17 09:00:00,2021-05-17 15:45:00,405.0,405.0
D1,FG-R5-recent-w16-k5,5,15,2021-05-18,96,1.0,True,182.0,182.0,0.0,0.0,2021-05-18 13:15:00,2021-05-18 13:15:00,0.0,0.0
D1,FG-R5-recent-w16-k5,5,15,2021-05-19,96,1.0,True,108.0,244.0,136.0,136.0,2021-05-19 06:15:00,2021-05-19 08:45:00,150.0,150.0
D1,FG-R5-recent-w16-k5,5,15,2021-05-20,96,1.0,True,181.0,192.0,11.0,11.0,2021-05-20 13:15:00,2021-05-20 13:45:00,30.0,30.0
D1,FG-R5-recent-w16-k5,5,15,2021-05-21,96,1.0,True,160.0,189.0,29.0,29.0,2021-05-21 08:30:00,2021-05-21 09:00:00,30.0,30.0
D1,FG-R5-recent-w16-k5,5,15,2021-05-22,96,1.0,True,112.0,113.0,1.0,1.0,2021-05-22 06:15:00,2021-05-22 01:30:00,-285.0,285.0
D1,FG-R5-recent-w16-k5,5,15,2021-05-23,96,1.0,True,25.0,187.0,162.0,162.0,2021-05-23 03:00:00,2021-05-23 09:30:00,390.0,390.0
D1,FG-R5-recent-w16-k5,5,16,2021-05-17,96,1.0,True,192.0,183.0,-9.0,9.0,2021-05-17 09:00:00,2021-05-17 08:30:00,-30.0,30.0
D1,FG-R5-recent-w16-k5,5,16,2021-05-18,96,1.0,True,182.0,182.0,0.0,0.0,2021-05-18 13:15:00,2021-05-18 13:15:00,0.0,0.0
D1,FG-R5-recent-w16-k5,5,16,2021-05-19,96,1.0,True,108.0,246.0,138.0,138.0,2021-05-19 06:15:00,2021-05-19 09:00:00,165.0,165.0
D1,FG-R5-recent-w16-k5,5,16,2021-05-20,96,1.0,True,181.0,189.0,8.0,8.0,2021-05-20 13:15:00,2021-05-20 14:00:00,45.0,45.0
D1,FG-R5-recent-w16-k5,5,16,2021-05-21,96,1.0,True,160.0,193.0,33.0,33.0,2021-05-21 08:30:00,2021-05-21 09:00:00,30.0,30.0
D1,FG-R5-recent-w16-k5,5,16,2021-05-22,96,1.0,True,112.0,124.0,12.0,12.0,2021-05-22 06:15:00,2021-05-22 01:45:00,-270.0,270.0
D1,FG-R5-recent-w16-k5,5,16,2021-05-23,96,1.0,True,25.0,191.0,166.0,166.0,2021-05-23 03:00:00,2021-05-23 08:30:00,330.0,330.0
D1,FG-R5-recent-w16-k5,7,4,2021-05-31,96,1.0,True,172.0,187.0,15.0,15.0,2021-05-31 10:30:00,2021-05-31 09:00:00,-90.0,90.0
D1,FG-R5-recent-w16-k5,7,4,2021-06-01,96,1.0,True,195.0,196.0,1.0,1.0,2021-06-01 09:00:00,2021-06-01 14:30:00,330.0,330.0
D1,FG-R5-recent-w16-k5,7,4,2021-06-02,96,1.0,True,191.0,200.0,9.0,9.0,2021-06-02 10:45:00,2021-06-02 09:00:00,-105.0,105.0
D1,FG-R5-recent-w16-k5,7,4,2021-06-03,96,1.0,True,181.0,199.0,18.0,18.0,2021-06-03 08:30:00,2021-06-03 10:30:00,120.0,120.0
D1,FG-R5-recent-w16-k5,7,4,2021-06-04,96,1.0,True,173.0,188.0,15.0,15.0,2021-06-04 10:45:00,2021-06-04 13:45:00,180.0,180.0
D1,FG-R5-recent-w16-k5,7,4,2021-06-05,96,1.0,True,116.0,119.0,3.0,3.0,2021-06-05 01:45:00,2021-06-05 06:30:00,285.0,285.0
D1,FG-R5-recent-w16-k5,7,4,2021-06-06,96,1.0,True,27.0,103.0,76.0,76.0,2021-06-06 01:30:00,2021-06-06 08:00:00,390.0,390.0
D1,FG-R5-recent-w16-k5,7,5,2021-05-31,96,1.0,True,172.0,184.0,12.0,12.0,2021-05-31 10:30:00,2021-05-31 08:30:00,-120.0,120.0
D1,FG-R5-recent-w16-k5,7,5,2021-06-01,96,1.0,True,195.0,192.0,-3.0,3.0,2021-06-01 09:00:00,2021-06-01 14:45:00,345.0,345.0
D1,FG-R5-recent-w16-k5,7,5,2021-06-02,96,1.0,True,191.0,194.0,3.0,3.0,2021-06-02 10:45:00,2021-06-02 09:00:00,-105.0,105.0
D1,FG-R5-recent-w16-k5,7,5,2021-06-03,96,1.0,True,181.0,198.0,17.0,17.0,2021-06-03 08:30:00,2021-06-03 10:45:00,135.0,135.0
D1,FG-R5-recent-w16-k5,7,5,2021-06-04,96,1.0,True,173.0,185.0,12.0,12.0,2021-06-04 10:45:00,2021-06-04 08:30:00,-135.0,135.0
D1,FG-R5-recent-w16-k5,7,5,2021-06-05,96,1.0,True,116.0,126.0,10.0,10.0,2021-06-05 01:45:00,2021-06-05 06:45:00,300.0,300.0
D1,FG-R5-recent-w16-k5,7,5,2021-06-06,96,1.0,True,27.0,148.0,121.0,121.0,2021-06-06 01:30:00,2021-06-06 08:15:00,405.0,405.0
D1,FG-R5-recent-w16-k5,7,6,2021-05-31,96,1.0,True,172.0,194.0,22.0,22.0,2021-05-31 10:30:00,2021-05-31 09:00:00,-90.0,90.0
D1,FG-R5-recent-w16-k5,7,6,2021-06-01,96,1.0,True,195.0,192.0,-3.0,3.0,2021-06-01 09:00:00,2021-06-01 12:00:00,180.0,180.0
D1,FG-R5-recent-w16-k5,7,6,2021-06-02,96,1.0,True,191.0,198.0,7.0,7.0,2021-06-02 10:45:00,2021-06-02 09:00:00,-105.0,105.0
D1,FG-R5-recent-w16-k5,7,6,2021-06-03,96,1.0,True,181.0,198.0,17.0,17.0,2021-06-03 08:30:00,2021-06-03 09:00:00,30.0,30.0
D1,FG-R5-recent-w16-k5,7,6,2021-06-04,96,1.0,True,173.0,183.0,10.0,10.0,2021-06-04 10:45:00,2021-06-04 09:00:00,-105.0,105.0
D1,FG-R5-recent-w16-k5,7,6,2021-06-05,96,1.0,True,116.0,122.0,6.0,6.0,2021-06-05 01:45:00,2021-06-05 06:45:00,300.0,300.0
D1,FG-R5-recent-w16-k5,7,6,2021-06-06,96,1.0,True,27.0,154.0,127.0,127.0,2021-06-06 01:30:00,2021-06-06 08:30:00,420.0,420.0
D1,FG-R5-recent-w16-k5,7,7,2021-05-31,96,1.0,True,172.0,185.0,13.0,13.0,2021-05-31 10:30:00,2021-05-31 08:30:00,-120.0,120.0
D1,FG-R5-recent-w16-k5,7,7,2021-06-01,96,1.0,True,195.0,195.0,0.0,0.0,2021-06-01 09:00:00,2021-06-01 13:15:00,255.0,255.0
D1,FG-R5-recent-w16-k5,7,7,2021-06-02,96,1.0,True,191.0,193.0,2.0,2.0,2021-06-02 10:45:00,2021-06-02 09:45:00,-60.0,60.0
D1,FG-R5-recent-w16-k5,7,7,2021-06-03,96,1.0,True,181.0,191.0,10.0,10.0,2021-06-03 08:30:00,2021-06-03 09:00:00,30.0,30.0
D1,FG-R5-recent-w16-k5,7,7,2021-06-04,96,1.0,True,173.0,184.0,11.0,11.0,2021-06-04 10:45:00,2021-06-04 11:45:00,60.0,60.0
D1,FG-R5-recent-w16-k5,7,7,2021-06-05,96,1.0,True,116.0,123.0,7.0,7.0,2021-06-05 01:45:00,2021-06-05 07:45:00,360.0,360.0
D1,FG-R5-recent-w16-k5,7,7,2021-06-06,96,1.0,True,27.0,174.0,147.0,147.0,2021-06-06 01:30:00,2021-06-06 08:45:00,435.0,435.0
D1,FG-R5-recent-w16-k5,7,8,2021-05-31,96,1.0,True,172.0,185.0,13.0,13.0,2021-05-31 10:30:00,2021-05-31 08:30:00,-120.0,120.0
D1,FG-R5-recent-w16-k5,7,8,2021-06-01,96,1.0,True,195.0,202.0,7.0,7.0,2021-06-01 09:00:00,2021-06-01 13:15:00,255.0,255.0
D1,FG-R5-recent-w16-k5,7,8,2021-06-02,96,1.0,True,191.0,196.0,5.0,5.0,2021-06-02 10:45:00,2021-06-02 10:00:00,-45.0,45.0
D1,FG-R5-recent-w16-k5,7,8,2021-06-03,96,1.0,True,181.0,197.0,16.0,16.0,2021-06-03 08:30:00,2021-06-03 09:00:00,30.0,30.0
D1,FG-R5-recent-w16-k5,7,8,2021-06-04,96,1.0,True,173.0,180.0,7.0,7.0,2021-06-04 10:45:00,2021-06-04 08:30:00,-135.0,135.0
D1,FG-R5-recent-w16-k5,7,8,2021-06-05,96,1.0,True,116.0,133.0,17.0,17.0,2021-06-05 01:45:00,2021-06-05 07:45:00,360.0,360.0
D1,FG-R5-recent-w16-k5,7,8,2021-06-06,96,1.0,True,27.0,174.0,147.0,147.0,2021-06-06 01:30:00,2021-06-06 08:45:00,435.0,435.0
D1,FG-R5-recent-w16-k5,7,9,2021-05-31,96,1.0,True,172.0,184.0,12.0,12.0,2021-05-31 10:30:00,2021-05-31 08:45:00,-105.0,105.0
D1,FG-R5-recent-w16-k5,7,9,2021-06-01,96,1.0,True,195.0,200.0,5.0,5.0,2021-06-01 09:00:00,2021-06-01 13:15:00,255.0,255.0
D1,FG-R5-recent-w16-k5,7,9,2021-06-02,96,1.0,True,191.0,193.0,2.0,2.0,2021-06-02 10:45:00,2021-06-02 13:30:00,165.0,165.0
D1,FG-R5-recent-w16-k5,7,9,2021-06-03,96,1.0,True,181.0,194.0,13.0,13.0,2021-06-03 08:30:00,2021-06-03 09:00:00,30.0,30.0
D1,FG-R5-recent-w16-k5,7,9,2021-06-04,96,1.0,True,173.0,184.0,11.0,11.0,2021-06-04 10:45:00,2021-06-04 15:00:00,255.0,255.0
D1,FG-R5-recent-w16-k5,7,9,2021-06-05,96,1.0,True,116.0,146.0,30.0,30.0,2021-06-05 01:45:00,2021-06-05 07:45:00,360.0,360.0
D1,FG-R5-recent-w16-k5,7,9,2021-06-06,96,1.0,True,27.0,174.0,147.0,147.0,2021-06-06 01:30:00,2021-06-06 08:45:00,435.0,435.0
D1,FG-R5-recent-w16-k5,7,10,2021-05-31,96,1.0,True,172.0,184.0,12.0,12.0,2021-05-31 10:30:00,2021-05-31 08:30:00,-120.0,120.0
D1,FG-R5-recent-w16-k5,7,10,2021-06-01,96,1.0,True,195.0,197.0,2.0,2.0,2021-06-01 09:00:00,2021-06-01 13:45:00,285.0,285.0
D1,FG-R5-recent-w16-k5,7,10,2021-06-02,96,1.0,True,191.0,201.0,10.0,10.0,2021-06-02 10:45:00,2021-06-02 13:15:00,150.0,150.0
D1,FG-R5-recent-w16-k5,7,10,2021-06-03,96,1.0,True,181.0,198.0,17.0,17.0,2021-06-03 08:30:00,2021-06-03 09:00:00,30.0,30.0
D1,FG-R5-recent-w16-k5,7,10,2021-06-04,96,1.0,True,173.0,184.0,11.0,11.0,2021-06-04 10:45:00,2021-06-04 10:00:00,-45.0,45.0
D1,FG-R5-recent-w16-k5,7,10,2021-06-05,96,1.0,True,116.0,150.0,34.0,34.0,2021-06-05 01:45:00,2021-06-05 08:15:00,390.0,390.0
D1,FG-R5-recent-w16-k5,7,10,2021-06-06,96,1.0,True,27.0,174.0,147.0,147.0,2021-06-06 01:30:00,2021-06-06 08:45:00,435.0,435.0
D1,FG-R5-recent-w16-k5,7,11,2021-05-31,96,1.0,True,172.0,183.0,11.0,11.0,2021-05-31 10:30:00,2021-05-31 08:30:00,-120.0,120.0
D1,FG-R5-recent-w16-k5,7,11,2021-06-01,96,1.0,True,195.0,202.0,7.0,7.0,2021-06-01 09:00:00,2021-06-01 13:15:00,255.0,255.0
D1,FG-R5-recent-w16-k5,7,11,2021-06-02,96,1.0,True,191.0,197.0,6.0,6.0,2021-06-02 10:45:00,2021-06-02 13:30:00,165.0,165.0
D1,FG-R5-recent-w16-k5,7,11,2021-06-03,96,1.0,True,181.0,195.0,14.0,14.0,2021-06-03 08:30:00,2021-06-03 09:00:00,30.0,30.0
D1,FG-R5-recent-w16-k5,7,11,2021-06-04,96,1.0,True,173.0,185.0,12.0,12.0,2021-06-04 10:45:00,2021-06-04 15:30:00,285.0,285.0
D1,FG-R5-recent-w16-k5,7,11,2021-06-05,96,1.0,True,116.0,173.0,57.0,57.0,2021-06-05 01:45:00,2021-06-05 08:30:00,405.0,405.0
D1,FG-R5-recent-w16-k5,7,11,2021-06-06,96,1.0,True,27.0,174.0,147.0,147.0,2021-06-06 01:30:00,2021-06-06 08:45:00,435.0,435.0
D1,FG-R5-recent-w16-k5,7,12,2021-05-31,96,1.0,True,172.0,184.0,12.0,12.0,2021-05-31 10:30:00,2021-05-31 08:30:00,-120.0,120.0
D1,FG-R5-recent-w16-k5,7,12,2021-06-01,96,1.0,True,195.0,222.0,27.0,27.0,2021-06-01 09:00:00,2021-06-01 08:15:00,-45.0,45.0
D1,FG-R5-recent-w16-k5,7,12,2021-06-02,96,1.0,True,191.0,196.0,5.0,5.0,2021-06-02 10:45:00,2021-06-02 13:45:00,180.0,180.0
D1,FG-R5-recent-w16-k5,7,12,2021-06-03,96,1.0,True,181.0,193.0,12.0,12.0,2021-06-03 08:30:00,2021-06-03 10:00:00,90.0,90.0
D1,FG-R5-recent-w16-k5,7,12,2021-06-04,96,1.0,True,173.0,211.0,38.0,38.0,2021-06-04 10:45:00,2021-06-04 08:00:00,-165.0,165.0
D1,FG-R5-recent-w16-k5,7,12,2021-06-05,96,1.0,True,116.0,187.0,71.0,71.0,2021-06-05 01:45:00,2021-06-05 08:30:00,405.0,405.0
D1,FG-R5-recent-w16-k5,7,12,2021-06-06,96,1.0,True,27.0,174.0,147.0,147.0,2021-06-06 01:30:00,2021-06-06 08:45:00,435.0,435.0
D1,FG-R5-recent-w16-k5,7,13,2021-05-31,96,1.0,True,172.0,184.0,12.0,12.0,2021-05-31 10:30:00,2021-05-31 08:30:00,-120.0,120.0
D1,FG-R5-recent-w16-k5,7,13,2021-06-01,96,1.0,True,195.0,242.0,47.0,47.0,2021-06-01 09:00:00,2021-06-01 08:30:00,-30.0,30.0
D1,FG-R5-recent-w16-k5,7,13,2021-06-02,96,1.0,True,191.0,191.0,0.0,0.0,2021-06-02 10:45:00,2021-06-02 10:45:00,0.0,0.0
D1,FG-R5-recent-w16-k5,7,13,2021-06-03,96,1.0,True,181.0,191.0,10.0,10.0,2021-06-03 08:30:00,2021-06-03 09:45:00,75.0,75.0
D1,FG-R5-recent-w16-k5,7,13,2021-06-04,96,1.0,True,173.0,240.0,67.0,67.0,2021-06-04 10:45:00,2021-06-04 08:15:00,-150.0,150.0
D1,FG-R5-recent-w16-k5,7,13,2021-06-05,96,1.0,True,116.0,183.0,67.0,67.0,2021-06-05 01:45:00,2021-06-05 08:30:00,405.0,405.0
D1,FG-R5-recent-w16-k5,7,13,2021-06-06,96,1.0,True,27.0,174.0,147.0,147.0,2021-06-06 01:30:00,2021-06-06 08:45:00,435.0,435.0
D1,FG-R5-recent-w16-k5,7,14,2021-05-31,96,1.0,True,172.0,184.0,12.0,12.0,2021-05-31 10:30:00,2021-05-31 08:30:00,-120.0,120.0
D1,FG-R5-recent-w16-k5,7,14,2021-06-01,96,1.0,True,195.0,257.0,62.0,62.0,2021-06-01 09:00:00,2021-06-01 08:30:00,-30.0,30.0
D1,FG-R5-recent-w16-k5,7,14,2021-06-02,96,1.0,True,191.0,189.0,-2.0,2.0,2021-06-02 10:45:00,2021-06-02 13:15:00,150.0,150.0
D1,FG-R5-recent-w16-k5,7,14,2021-06-03,96,1.0,True,181.0,197.0,16.0,16.0,2021-06-03 08:30:00,2021-06-03 08:30:00,0.0,0.0
D1,FG-R5-recent-w16-k5,7,14,2021-06-04,96,1.0,True,173.0,260.0,87.0,87.0,2021-06-04 10:45:00,2021-06-04 08:30:00,-135.0,135.0
D1,FG-R5-recent-w16-k5,7,14,2021-06-05,96,1.0,True,116.0,178.0,62.0,62.0,2021-06-05 01:45:00,2021-06-05 08:30:00,405.0,405.0
D1,FG-R5-recent-w16-k5,7,14,2021-06-06,96,1.0,True,27.0,174.0,147.0,147.0,2021-06-06 01:30:00,2021-06-06 08:45:00,435.0,435.0
D1,FG-R5-recent-w16-k5,7,15,2021-05-31,96,1.0,True,172.0,184.0,12.0,12.0,2021-05-31 10:30:00,2021-05-31 08:30:00,-120.0,120.0
D1,FG-R5-recent-w16-k5,7,15,2021-06-01,96,1.0,True,195.0,259.0,64.0,64.0,2021-06-01 09:00:00,2021-06-01 08:45:00,-15.0,15.0
D1,FG-R5-recent-w16-k5,7,15,2021-06-02,96,1.0,True,191.0,193.0,2.0,2.0,2021-06-02 10:45:00,2021-06-02 13:15:00,150.0,150.0
D1,FG-R5-recent-w16-k5,7,15,2021-06-03,96,1.0,True,181.0,194.0,13.0,13.0,2021-06-03 08:30:00,2021-06-03 09:00:00,30.0,30.0
D1,FG-R5-recent-w16-k5,7,15,2021-06-04,96,1.0,True,173.0,262.0,89.0,89.0,2021-06-04 10:45:00,2021-06-04 08:45:00,-120.0,120.0
D1,FG-R5-recent-w16-k5,7,15,2021-06-05,96,1.0,True,116.0,178.0,62.0,62.0,2021-06-05 01:45:00,2021-06-05 08:30:00,405.0,405.0
D1,FG-R5-recent-w16-k5,7,15,2021-06-06,96,1.0,True,27.0,173.0,146.0,146.0,2021-06-06 01:30:00,2021-06-06 09:00:00,450.0,450.0
D1,FG-R5-recent-w16-k5,7,16,2021-05-31,96,1.0,True,172.0,184.0,12.0,12.0,2021-05-31 10:30:00,2021-05-31 08:30:00,-120.0,120.0
D1,FG-R5-recent-w16-k5,7,16,2021-06-01,96,1.0,True,195.0,261.0,66.0,66.0,2021-06-01 09:00:00,2021-06-01 09:00:00,0.0,0.0
D1,FG-R5-recent-w16-k5,7,16,2021-06-02,96,1.0,True,191.0,193.0,2.0,2.0,2021-06-02 10:45:00,2021-06-02 09:00:00,-105.0,105.0
D1,FG-R5-recent-w16-k5,7,16,2021-06-03,96,1.0,True,181.0,204.0,23.0,23.0,2021-06-03 08:30:00,2021-06-03 09:00:00,30.0,30.0
D1,FG-R5-recent-w16-k5,7,16,2021-06-04,96,1.0,True,173.0,264.0,91.0,91.0,2021-06-04 10:45:00,2021-06-04 09:00:00,-105.0,105.0
D1,FG-R5-recent-w16-k5,7,16,2021-06-05,96,1.0,True,116.0,179.0,63.0,63.0,2021-06-05 01:45:00,2021-06-05 08:45:00,420.0,420.0
D1,FG-R5-recent-w16-k5,7,16,2021-06-06,96,1.0,True,27.0,174.0,147.0,147.0,2021-06-06 01:30:00,2021-06-06 08:45:00,435.0,435.0
D1,FG-R5-recent-w16-k5,9,4,2021-06-14,96,1.0,True,204.0,181.9609375,-22.0390625,22.0390625,2021-06-14 09:00:00,2021-06-14 15:00:00,360.0,360.0
D1,FG-R5-recent-w16-k5,9,4,2021-06-15,96,1.0,True,198.0,186.169921875,-11.830078125,11.830078125,2021-06-15 08:45:00,2021-06-15 09:45:00,60.0,60.0
D1,FG-R5-recent-w16-k5,9,4,2021-06-16,96,1.0,True,193.0,182.573486328125,-10.426513671875,10.426513671875,2021-06-16 10:45:00,2021-06-16 09:00:00,-105.0,105.0
D1,FG-R5-recent-w16-k5,9,4,2021-06-17,96,1.0,True,197.0,187.45387268066406,-9.546127319335938,9.546127319335938,2021-06-17 08:45:00,2021-06-17 10:00:00,75.0,75.0
D1,FG-R5-recent-w16-k5,9,4,2021-06-18,96,1.0,True,186.0,183.67373657226562,-2.326263427734375,2.326263427734375,2021-06-18 10:00:00,2021-06-18 08:30:00,-90.0,90.0
D1,FG-R5-recent-w16-k5,9,4,2021-06-19,96,1.0,True,119.0,116.90335845947266,-2.0966415405273438,2.0966415405273438,2021-06-19 02:15:00,2021-06-19 03:30:00,75.0,75.0
D1,FG-R5-recent-w16-k5,9,4,2021-06-20,96,1.0,True,28.0,24.15581512451172,-3.8441848754882812,3.8441848754882812,2021-06-20 15:15:00,2021-06-20 23:00:00,465.0,465.0
D1,FG-R5-recent-w16-k5,9,5,2021-06-14,96,1.0,True,204.0,180.5606689453125,-23.4393310546875,23.4393310546875,2021-06-14 09:00:00,2021-06-14 15:00:00,360.0,360.0
D1,FG-R5-recent-w16-k5,9,5,2021-06-15,96,1.0,True,198.0,187.07032775878906,-10.929672241210938,10.929672241210938,2021-06-15 08:45:00,2021-06-15 10:45:00,120.0,120.0
D1,FG-R5-recent-w16-k5,9,5,2021-06-16,96,1.0,True,193.0,180.2988739013672,-12.701126098632812,12.701126098632812,2021-06-16 10:45:00,2021-06-16 09:45:00,-60.0,60.0
D1,FG-R5-recent-w16-k5,9,5,2021-06-17,96,1.0,True,197.0,184.76605224609375,-12.23394775390625,12.23394775390625,2021-06-17 08:45:00,2021-06-17 10:00:00,75.0,75.0
D1,FG-R5-recent-w16-k5,9,5,2021-06-18,96,1.0,True,186.0,182.66796875,-3.33203125,3.33203125,2021-06-18 10:00:00,2021-06-18 08:45:00,-75.0,75.0
D1,FG-R5-recent-w16-k5,9,5,2021-06-19,96,1.0,True,119.0,116.71592712402344,-2.2840728759765625,2.2840728759765625,2021-06-19 02:15:00,2021-06-19 03:45:00,90.0,90.0
D1,FG-R5-recent-w16-k5,9,5,2021-06-20,96,1.0,True,28.0,24.30297088623047,-3.6970291137695312,3.6970291137695312,2021-06-20 15:15:00,2021-06-20 23:15:00,480.0,480.0
D1,FG-R5-recent-w16-k5,9,6,2021-06-14,96,1.0,True,204.0,177.81402587890625,-26.18597412109375,26.18597412109375,2021-06-14 09:00:00,2021-06-14 15:45:00,405.0,405.0
D1,FG-R5-recent-w16-k5,9,6,2021-06-15,96,1.0,True,198.0,186.19094848632812,-11.809051513671875,11.809051513671875,2021-06-15 08:45:00,2021-06-15 11:00:00,135.0,135.0
D1,FG-R5-recent-w16-k5,9,6,2021-06-16,96,1.0,True,193.0,179.7107696533203,-13.289230346679688,13.289230346679688,2021-06-16 10:45:00,2021-06-16 08:30:00,-135.0,135.0
D1,FG-R5-recent-w16-k5,9,6,2021-06-17,96,1.0,True,197.0,186.9392547607422,-10.060745239257812,10.060745239257812,2021-06-17 08:45:00,2021-06-17 10:45:00,120.0,120.0
D1,FG-R5-recent-w16-k5,9,6,2021-06-18,96,1.0,True,186.0,182.6621551513672,-3.3378448486328125,3.3378448486328125,2021-06-18 10:00:00,2021-06-18 08:30:00,-90.0,90.0
D1,FG-R5-recent-w16-k5,9,6,2021-06-19,96,1.0,True,119.0,116.53787231445312,-2.462127685546875,2.462127685546875,2021-06-19 02:15:00,2021-06-19 03:45:00,90.0,90.0
D1,FG-R5-recent-w16-k5,9,6,2021-06-20,96,1.0,True,28.0,24.169578552246094,-3.8304214477539062,3.8304214477539062,2021-06-20 15:15:00,2021-06-20 23:30:00,495.0,495.0
D1,FG-R5-recent-w16-k5,9,7,2021-06-14,96,1.0,True,204.0,176.63499450683594,-27.365005493164062,27.365005493164062,2021-06-14 09:00:00,2021-06-14 16:00:00,420.0,420.0
D1,FG-R5-recent-w16-k5,9,7,2021-06-15,96,1.0,True,198.0,187.41143798828125,-10.58856201171875,10.58856201171875,2021-06-15 08:45:00,2021-06-15 10:30:00,105.0,105.0
D1,FG-R5-recent-w16-k5,9,7,2021-06-16,96,1.0,True,193.0,180.70542907714844,-12.294570922851562,12.294570922851562,2021-06-16 10:45:00,2021-06-16 08:30:00,-135.0,135.0
D1,FG-R5-recent-w16-k5,9,7,2021-06-17,96,1.0,True,197.0,184.45745849609375,-12.54254150390625,12.54254150390625,2021-06-17 08:45:00,2021-06-17 10:45:00,120.0,120.0
D1,FG-R5-recent-w16-k5,9,7,2021-06-18,96,1.0,True,186.0,183.20669555664062,-2.793304443359375,2.793304443359375,2021-06-18 10:00:00,2021-06-18 08:30:00,-90.0,90.0
D1,FG-R5-recent-w16-k5,9,7,2021-06-19,96,1.0,True,119.0,115.45600891113281,-3.5439910888671875,3.5439910888671875,2021-06-19 02:15:00,2021-06-19 03:45:00,90.0,90.0
D1,FG-R5-recent-w16-k5,9,7,2021-06-20,96,1.0,True,28.0,24.149803161621094,-3.8501968383789062,3.8501968383789062,2021-06-20 15:15:00,2021-06-20 07:00:00,-495.0,495.0
D1,FG-R5-recent-w16-k5,9,8,2021-06-14,96,1.0,True,204.0,177.9178009033203,-26.082199096679688,26.082199096679688,2021-06-14 09:00:00,2021-06-14 11:00:00,120.0,120.0
D1,FG-R5-recent-w16-k5,9,8,2021-06-15,96,1.0,True,198.0,190.32106018066406,-7.6789398193359375,7.6789398193359375,2021-06-15 08:45:00,2021-06-15 10:45:00,120.0,120.0
D1,FG-R5-recent-w16-k5,9,8,2021-06-16,96,1.0,True,193.0,182.9700164794922,-10.029983520507812,10.029983520507812,2021-06-16 10:45:00,2021-06-16 08:30:00,-135.0,135.0
D1,FG-R5-recent-w16-k5,9,8,2021-06-17,96,1.0,True,197.0,185.4278106689453,-11.572189331054688,11.572189331054688,2021-06-17 08:45:00,2021-06-17 10:45:00,120.0,120.0
D1,FG-R5-recent-w16-k5,9,8,2021-06-18,96,1.0,True,186.0,184.657470703125,-1.342529296875,1.342529296875,2021-06-18 10:00:00,2021-06-18 08:30:00,-90.0,90.0
D1,FG-R5-recent-w16-k5,9,8,2021-06-19,96,1.0,True,119.0,114.36349487304688,-4.636505126953125,4.636505126953125,2021-06-19 02:15:00,2021-06-19 03:45:00,90.0,90.0
D1,FG-R5-recent-w16-k5,9,8,2021-06-20,96,1.0,True,28.0,24.143035888671875,-3.856964111328125,3.856964111328125,2021-06-20 15:15:00,2021-06-20 07:15:00,-480.0,480.0
D1,FG-R5-recent-w16-k5,9,9,2021-06-14,96,1.0,True,204.0,176.92581176757812,-27.074188232421875,27.074188232421875,2021-06-14 09:00:00,2021-06-14 11:15:00,135.0,135.0
D1,FG-R5-recent-w16-k5,9,9,2021-06-15,96,1.0,True,198.0,189.56283569335938,-8.437164306640625,8.437164306640625,2021-06-15 08:45:00,2021-06-15 11:00:00,135.0,135.0
D1,FG-R5-recent-w16-k5,9,9,2021-06-16,96,1.0,True,193.0,181.70700073242188,-11.292999267578125,11.292999267578125,2021-06-16 10:45:00,2021-06-16 10:45:00,0.0,0.0
D1,FG-R5-recent-w16-k5,9,9,2021-06-17,96,1.0,True,197.0,184.28390502929688,-12.716094970703125,12.716094970703125,2021-06-17 08:45:00,2021-06-17 10:45:00,120.0,120.0
D1,FG-R5-recent-w16-k5,9,9,2021-06-18,96,1.0,True,186.0,184.48223876953125,-1.51776123046875,1.51776123046875,2021-06-18 10:00:00,2021-06-18 08:30:00,-90.0,90.0
D1,FG-R5-recent-w16-k5,9,9,2021-06-19,96,1.0,True,119.0,114.51365661621094,-4.4863433837890625,4.4863433837890625,2021-06-19 02:15:00,2021-06-19 04:45:00,150.0,150.0
D1,FG-R5-recent-w16-k5,9,9,2021-06-20,96,1.0,True,28.0,24.230934143066406,-3.7690658569335938,3.7690658569335938,2021-06-20 15:15:00,2021-06-20 07:30:00,-465.0,465.0
D1,FG-R5-recent-w16-k5,9,10,2021-06-14,96,1.0,True,204.0,175.848876953125,-28.151123046875,28.151123046875,2021-06-14 09:00:00,2021-06-14 12:00:00,180.0,180.0
D1,FG-R5-recent-w16-k5,9,10,2021-06-15,96,1.0,True,198.0,188.982666015625,-9.017333984375,9.017333984375,2021-06-15 08:45:00,2021-06-15 11:15:00,150.0,150.0
D1,FG-R5-recent-w16-k5,9,10,2021-06-16,96,1.0,True,193.0,181.82891845703125,-11.17108154296875,11.17108154296875,2021-06-16 10:45:00,2021-06-16 10:45:00,0.0,0.0
D1,FG-R5-recent-w16-k5,9,10,2021-06-17,96,1.0,True,197.0,184.76809692382812,-12.231903076171875,12.231903076171875,2021-06-17 08:45:00,2021-06-17 10:45:00,120.0,120.0
D1,FG-R5-recent-w16-k5,9,10,2021-06-18,96,1.0,True,186.0,184.21359252929688,-1.786407470703125,1.786407470703125,2021-06-18 10:00:00,2021-06-18 08:30:00,-90.0,90.0
D1,FG-R5-recent-w16-k5,9,10,2021-06-19,96,1.0,True,119.0,114.19277954101562,-4.807220458984375,4.807220458984375,2021-06-19 02:15:00,2021-06-19 04:45:00,150.0,150.0
D1,FG-R5-recent-w16-k5,9,10,2021-06-20,96,1.0,True,28.0,24.218246459960938,-3.7817535400390625,3.7817535400390625,2021-06-20 15:15:00,2021-06-20 07:45:00,-450.0,450.0
D1,FG-R5-recent-w16-k5,9,11,2021-06-14,96,1.0,True,204.0,177.2233428955078,-26.776657104492188,26.776657104492188,2021-06-14 09:00:00,2021-06-14 09:00:00,0.0,0.0
D1,FG-R5-recent-w16-k5,9,11,2021-06-15,96,1.0,True,198.0,187.13790893554688,-10.862091064453125,10.862091064453125,2021-06-15 08:45:00,2021-06-15 11:30:00,165.0,165.0
D1,FG-R5-recent-w16-k5,9,11,2021-06-16,96,1.0,True,193.0,182.63966369628906,-10.360336303710938,10.360336303710938,2021-06-16 10:45:00,2021-06-16 10:45:00,0.0,0.0
D1,FG-R5-recent-w16-k5,9,11,2021-06-17,96,1.0,True,197.0,183.0267333984375,-13.9732666015625,13.9732666015625,2021-06-17 08:45:00,2021-06-17 10:45:00,120.0,120.0
D1,FG-R5-recent-w16-k5,9,11,2021-06-18,96,1.0,True,186.0,182.8426971435547,-3.1573028564453125,3.1573028564453125,2021-06-18 10:00:00,2021-06-18 08:45:00,-75.0,75.0
D1,FG-R5-recent-w16-k5,9,11,2021-06-19,96,1.0,True,119.0,114.13504791259766,-4.864952087402344,4.864952087402344,2021-06-19 02:15:00,2021-06-19 03:45:00,90.0,90.0
D1,FG-R5-recent-w16-k5,9,11,2021-06-20,96,1.0,True,28.0,24.556556701660156,-3.4434432983398438,3.4434432983398438,2021-06-20 15:15:00,2021-06-20 18:00:00,165.0,165.0
D1,FG-R5-recent-w16-k5,9,12,2021-06-14,96,1.0,True,204.0,176.48439025878906,-27.515609741210938,27.515609741210938,2021-06-14 09:00:00,2021-06-14 09:00:00,0.0,0.0
D1,FG-R5-recent-w16-k5,9,12,2021-06-15,96,1.0,True,198.0,186.69430541992188,-11.305694580078125,11.305694580078125,2021-06-15 08:45:00,2021-06-15 11:45:00,180.0,180.0
D1,FG-R5-recent-w16-k5,9,12,2021-06-16,96,1.0,True,193.0,181.7623291015625,-11.2376708984375,11.2376708984375,2021-06-16 10:45:00,2021-06-16 11:00:00,15.0,15.0
D1,FG-R5-recent-w16-k5,9,12,2021-06-17,96,1.0,True,197.0,184.63320922851562,-12.366790771484375,12.366790771484375,2021-06-17 08:45:00,2021-06-17 10:45:00,120.0,120.0
D1,FG-R5-recent-w16-k5,9,12,2021-06-18,96,1.0,True,186.0,182.33908081054688,-3.660919189453125,3.660919189453125,2021-06-18 10:00:00,2021-06-18 08:30:00,-90.0,90.0
D1,FG-R5-recent-w16-k5,9,12,2021-06-19,96,1.0,True,119.0,114.97743225097656,-4.0225677490234375,4.0225677490234375,2021-06-19 02:15:00,2021-06-19 03:45:00,90.0,90.0
D1,FG-R5-recent-w16-k5,9,12,2021-06-20,96,1.0,True,28.0,24.717613220214844,-3.2823867797851562,3.2823867797851562,2021-06-20 15:15:00,2021-06-20 18:15:00,180.0,180.0
D1,FG-R5-recent-w16-k5,9,13,2021-06-14,96,1.0,True,204.0,175.78500366210938,-28.214996337890625,28.214996337890625,2021-06-14 09:00:00,2021-06-14 13:45:00,285.0,285.0
D1,FG-R5-recent-w16-k5,9,13,2021-06-15,96,1.0,True,198.0,184.594970703125,-13.405029296875,13.405029296875,2021-06-15 08:45:00,2021-06-15 11:45:00,180.0,180.0
D1,FG-R5-recent-w16-k5,9,13,2021-06-16,96,1.0,True,193.0,180.6492919921875,-12.3507080078125,12.3507080078125,2021-06-16 10:45:00,2021-06-16 09:00:00,-105.0,105.0
D1,FG-R5-recent-w16-k5,9,13,2021-06-17,96,1.0,True,197.0,182.63021850585938,-14.369781494140625,14.369781494140625,2021-06-17 08:45:00,2021-06-17 11:00:00,135.0,135.0
D1,FG-R5-recent-w16-k5,9,13,2021-06-18,96,1.0,True,186.0,182.40887451171875,-3.59112548828125,3.59112548828125,2021-06-18 10:00:00,2021-06-18 08:45:00,-75.0,75.0
D1,FG-R5-recent-w16-k5,9,13,2021-06-19,96,1.0,True,119.0,114.61170959472656,-4.3882904052734375,4.3882904052734375,2021-06-19 02:15:00,2021-06-19 03:45:00,90.0,90.0
D1,FG-R5-recent-w16-k5,9,13,2021-06-20,96,1.0,True,28.0,24.801513671875,-3.198486328125,3.198486328125,2021-06-20 15:15:00,2021-06-20 18:30:00,195.0,195.0
D1,FG-R5-recent-w16-k5,9,14,2021-06-14,96,1.0,True,204.0,175.56198120117188,-28.438018798828125,28.438018798828125,2021-06-14 09:00:00,2021-06-14 13:45:00,285.0,285.0
D1,FG-R5-recent-w16-k5,9,14,2021-06-15,96,1.0,True,198.0,182.93626403808594,-15.063735961914062,15.063735961914062,2021-06-15 08:45:00,2021-06-15 10:45:00,120.0,120.0
D1,FG-R5-recent-w16-k5,9,14,2021-06-16,96,1.0,True,193.0,180.848388671875,-12.151611328125,12.151611328125,2021-06-16 10:45:00,2021-06-16 09:45:00,-60.0,60.0
D1,FG-R5-recent-w16-k5,9,14,2021-06-17,96,1.0,True,197.0,180.9568328857422,-16.043167114257812,16.043167114257812,2021-06-17 08:45:00,2021-06-17 10:45:00,120.0,120.0
D1,FG-R5-recent-w16-k5,9,14,2021-06-18,96,1.0,True,186.0,181.4833526611328,-4.5166473388671875,4.5166473388671875,2021-06-18 10:00:00,2021-06-18 08:45:00,-75.0,75.0
D1,FG-R5-recent-w16-k5,9,14,2021-06-19,96,1.0,True,119.0,114.82115173339844,-4.1788482666015625,4.1788482666015625,2021-06-19 02:15:00,2021-06-19 03:45:00,90.0,90.0
D1,FG-R5-recent-w16-k5,9,14,2021-06-20,96,1.0,True,28.0,24.624244689941406,-3.3757553100585938,3.3757553100585938,2021-06-20 15:15:00,2021-06-20 18:45:00,210.0,210.0
D1,FG-R5-recent-w16-k5,9,15,2021-06-14,96,1.0,True,204.0,174.1446990966797,-29.855300903320312,29.855300903320312,2021-06-14 09:00:00,2021-06-14 13:45:00,285.0,285.0
D1,FG-R5-recent-w16-k5,9,15,2021-06-15,96,1.0,True,198.0,183.59754943847656,-14.402450561523438,14.402450561523438,2021-06-15 08:45:00,2021-06-15 09:00:00,15.0,15.0
D1,FG-R5-recent-w16-k5,9,15,2021-06-16,96,1.0,True,193.0,181.4980926513672,-11.501907348632812,11.501907348632812,2021-06-16 10:45:00,2021-06-16 09:00:00,-105.0,105.0
D1,FG-R5-recent-w16-k5,9,15,2021-06-17,96,1.0,True,197.0,180.36671447753906,-16.633285522460938,16.633285522460938,2021-06-17 08:45:00,2021-06-17 10:45:00,120.0,120.0
D1,FG-R5-recent-w16-k5,9,15,2021-06-18,96,1.0,True,186.0,181.94619750976562,-4.053802490234375,4.053802490234375,2021-06-18 10:00:00,2021-06-18 08:45:00,-75.0,75.0
D1,FG-R5-recent-w16-k5,9,15,2021-06-19,96,1.0,True,119.0,114.06890869140625,-4.93109130859375,4.93109130859375,2021-06-19 02:15:00,2021-06-19 03:45:00,90.0,90.0
D1,FG-R5-recent-w16-k5,9,15,2021-06-20,96,1.0,True,28.0,24.369476318359375,-3.630523681640625,3.630523681640625,2021-06-20 15:15:00,2021-06-20 23:00:00,465.0,465.0
D1,FG-R5-recent-w16-k5,9,16,2021-06-14,96,1.0,True,204.0,173.53366088867188,-30.466339111328125,30.466339111328125,2021-06-14 09:00:00,2021-06-14 14:45:00,345.0,345.0
D1,FG-R5-recent-w16-k5,9,16,2021-06-15,96,1.0,True,198.0,183.4248046875,-14.5751953125,14.5751953125,2021-06-15 08:45:00,2021-06-15 13:30:00,285.0,285.0
D1,FG-R5-recent-w16-k5,9,16,2021-06-16,96,1.0,True,193.0,182.49609375,-10.50390625,10.50390625,2021-06-16 10:45:00,2021-06-16 10:45:00,0.0,0.0
D1,FG-R5-recent-w16-k5,9,16,2021-06-17,96,1.0,True,197.0,179.82037353515625,-17.17962646484375,17.17962646484375,2021-06-17 08:45:00,2021-06-17 10:45:00,120.0,120.0
D1,FG-R5-recent-w16-k5,9,16,2021-06-18,96,1.0,True,186.0,180.83929443359375,-5.16070556640625,5.16070556640625,2021-06-18 10:00:00,2021-06-18 08:45:00,-75.0,75.0
D1,FG-R5-recent-w16-k5,9,16,2021-06-19,96,1.0,True,119.0,114.89390563964844,-4.1060943603515625,4.1060943603515625,2021-06-19 02:15:00,2021-06-19 03:45:00,90.0,90.0
D1,FG-R5-recent-w16-k5,9,16,2021-06-20,96,1.0,True,28.0,24.042373657226562,-3.9576263427734375,3.9576263427734375,2021-06-20 15:15:00,2021-06-20 23:15:00,480.0,480.0
D1,FG-R5-recent-w16-k5,11,4,2021-06-28,96,1.0,True,198.0,195.3317413330078,-2.6682586669921875,2.6682586669921875,2021-06-28 09:00:00,2021-06-28 08:45:00,-15.0,15.0
D1,FG-R5-recent-w16-k5,11,4,2021-06-29,96,1.0,True,222.0,186.51544189453125,-35.48455810546875,35.48455810546875,2021-06-29 08:30:00,2021-06-29 09:30:00,60.0,60.0
D1,FG-R5-recent-w16-k5,11,4,2021-06-30,96,1.0,True,193.0,181.95643615722656,-11.043563842773438,11.043563842773438,2021-06-30 09:00:00,2021-06-30 08:30:00,-30.0,30.0
D1,FG-R5-recent-w16-k5,11,4,2021-07-01,96,1.0,True,206.0,183.93637084960938,-22.063629150390625,22.063629150390625,2021-07-01 14:00:00,2021-07-01 15:45:00,105.0,105.0
D1,FG-R5-recent-w16-k5,11,4,2021-07-02,96,1.0,True,187.0,176.22213745117188,-10.777862548828125,10.777862548828125,2021-07-02 09:15:00,2021-07-02 08:45:00,-30.0,30.0
D1,FG-R5-recent-w16-k5,11,4,2021-07-03,96,1.0,True,112.0,112.30168151855469,0.3016815185546875,0.3016815185546875,2021-07-03 04:15:00,2021-07-03 01:45:00,-150.0,150.0
D1,FG-R5-recent-w16-k5,11,4,2021-07-04,96,1.0,True,28.0,24.83246612548828,-3.1675338745117188,3.1675338745117188,2021-07-04 08:30:00,2021-07-04 22:45:00,855.0,855.0
D1,FG-R5-recent-w16-k5,11,5,2021-06-28,96,1.0,True,198.0,196.6011962890625,-1.3988037109375,1.3988037109375,2021-06-28 09:00:00,2021-06-28 09:00:00,0.0,0.0
D1,FG-R5-recent-w16-k5,11,5,2021-06-29,96,1.0,True,222.0,184.99850463867188,-37.001495361328125,37.001495361328125,2021-06-29 08:30:00,2021-06-29 09:45:00,75.0,75.0
D1,FG-R5-recent-w16-k5,11,5,2021-06-30,96,1.0,True,193.0,184.7907257080078,-8.209274291992188,8.209274291992188,2021-06-30 09:00:00,2021-06-30 08:30:00,-30.0,30.0
D1,FG-R5-recent-w16-k5,11,5,2021-07-01,96,1.0,True,206.0,182.60263061523438,-23.397369384765625,23.397369384765625,2021-07-01 14:00:00,2021-07-01 15:45:00,105.0,105.0
D1,FG-R5-recent-w16-k5,11,5,2021-07-02,96,1.0,True,187.0,178.83743286132812,-8.162567138671875,8.162567138671875,2021-07-02 09:15:00,2021-07-02 08:45:00,-30.0,30.0
D1,FG-R5-recent-w16-k5,11,5,2021-07-03,96,1.0,True,112.0,112.46630096435547,0.46630096435546875,0.46630096435546875,2021-07-03 04:15:00,2021-07-03 02:00:00,-135.0,135.0
D1,FG-R5-recent-w16-k5,11,5,2021-07-04,96,1.0,True,28.0,24.920982360839844,-3.0790176391601562,3.0790176391601562,2021-07-04 08:30:00,2021-07-04 23:00:00,870.0,870.0
D1,FG-R5-recent-w16-k5,11,6,2021-06-28,96,1.0,True,198.0,197.10165405273438,-0.898345947265625,0.898345947265625,2021-06-28 09:00:00,2021-06-28 08:45:00,-15.0,15.0
D1,FG-R5-recent-w16-k5,11,6,2021-06-29,96,1.0,True,222.0,184.64332580566406,-37.35667419433594,37.35667419433594,2021-06-29 08:30:00,2021-06-29 13:45:00,315.0,315.0
D1,FG-R5-recent-w16-k5,11,6,2021-06-30,96,1.0,True,193.0,183.16940307617188,-9.830596923828125,9.830596923828125,2021-06-30 09:00:00,2021-06-30 08:30:00,-30.0,30.0
D1,FG-R5-recent-w16-k5,11,6,2021-07-01,96,1.0,True,206.0,182.74378967285156,-23.256210327148438,23.256210327148438,2021-07-01 14:00:00,2021-07-01 15:45:00,105.0,105.0
D1,FG-R5-recent-w16-k5,11,6,2021-07-02,96,1.0,True,187.0,178.5745391845703,-8.425460815429688,8.425460815429688,2021-07-02 09:15:00,2021-07-02 09:00:00,-15.0,15.0
D1,FG-R5-recent-w16-k5,11,6,2021-07-03,96,1.0,True,112.0,111.74151611328125,-0.25848388671875,0.25848388671875,2021-07-03 04:15:00,2021-07-03 02:00:00,-135.0,135.0
D1,FG-R5-recent-w16-k5,11,6,2021-07-04,96,1.0,True,28.0,24.723228454589844,-3.2767715454101562,3.2767715454101562,2021-07-04 08:30:00,2021-07-04 23:15:00,885.0,885.0
D1,FG-R5-recent-w16-k5,11,7,2021-06-28,96,1.0,True,198.0,198.37203979492188,0.372039794921875,0.372039794921875,2021-06-28 09:00:00,2021-06-28 09:00:00,0.0,0.0
D1,FG-R5-recent-w16-k5,11,7,2021-06-29,96,1.0,True,222.0,183.18788146972656,-38.81211853027344,38.81211853027344,2021-06-29 08:30:00,2021-06-29 10:45:00,135.0,135.0
D1,FG-R5-recent-w16-k5,11,7,2021-06-30,96,1.0,True,193.0,181.0867156982422,-11.913284301757812,11.913284301757812,2021-06-30 09:00:00,2021-06-30 08:45:00,-15.0,15.0
D1,FG-R5-recent-w16-k5,11,7,2021-07-01,96,1.0,True,206.0,181.99310302734375,-24.00689697265625,24.00689697265625,2021-07-01 14:00:00,2021-07-01 15:45:00,105.0,105.0
D1,FG-R5-recent-w16-k5,11,7,2021-07-02,96,1.0,True,187.0,177.9425048828125,-9.0574951171875,9.0574951171875,2021-07-02 09:15:00,2021-07-02 09:00:00,-15.0,15.0
D1,FG-R5-recent-w16-k5,11,7,2021-07-03,96,1.0,True,112.0,111.1767807006836,-0.8232192993164062,0.8232192993164062,2021-07-03 04:15:00,2021-07-03 02:00:00,-135.0,135.0
D1,FG-R5-recent-w16-k5,11,7,2021-07-04,96,1.0,True,28.0,24.67455291748047,-3.3254470825195312,3.3254470825195312,2021-07-04 08:30:00,2021-07-04 23:30:00,900.0,900.0
D1,FG-R5-recent-w16-k5,11,8,2021-06-28,96,1.0,True,198.0,199.35671997070312,1.356719970703125,1.356719970703125,2021-06-28 09:00:00,2021-06-28 09:00:00,0.0,0.0
D1,FG-R5-recent-w16-k5,11,8,2021-06-29,96,1.0,True,222.0,185.4305877685547,-36.56941223144531,36.56941223144531,2021-06-29 08:30:00,2021-06-29 10:45:00,135.0,135.0
D1,FG-R5-recent-w16-k5,11,8,2021-06-30,96,1.0,True,193.0,180.7960662841797,-12.203933715820312,12.203933715820312,2021-06-30 09:00:00,2021-06-30 08:30:00,-30.0,30.0
D1,FG-R5-recent-w16-k5,11,8,2021-07-01,96,1.0,True,206.0,181.04681396484375,-24.95318603515625,24.95318603515625,2021-07-01 14:00:00,2021-07-01 14:00:00,0.0,0.0
D1,FG-R5-recent-w16-k5,11,8,2021-07-02,96,1.0,True,187.0,177.42636108398438,-9.573638916015625,9.573638916015625,2021-07-02 09:15:00,2021-07-02 11:15:00,120.0,120.0
D1,FG-R5-recent-w16-k5,11,8,2021-07-03,96,1.0,True,112.0,111.43488311767578,-0.5651168823242188,0.5651168823242188,2021-07-03 04:15:00,2021-07-03 02:15:00,-120.0,120.0
D1,FG-R5-recent-w16-k5,11,8,2021-07-04,96,1.0,True,28.0,24.791549682617188,-3.2084503173828125,3.2084503173828125,2021-07-04 08:30:00,2021-07-04 17:15:00,525.0,525.0
D1,FG-R5-recent-w16-k5,11,9,2021-06-28,96,1.0,True,198.0,201.54864501953125,3.54864501953125,3.54864501953125,2021-06-28 09:00:00,2021-06-28 09:00:00,0.0,0.0
D1,FG-R5-recent-w16-k5,11,9,2021-06-29,96,1.0,True,222.0,185.13845825195312,-36.861541748046875,36.861541748046875,2021-06-29 08:30:00,2021-06-29 10:45:00,135.0,135.0
D1,FG-R5-recent-w16-k5,11,9,2021-06-30,96,1.0,True,193.0,181.0641632080078,-11.935836791992188,11.935836791992188,2021-06-30 09:00:00,2021-06-30 11:45:00,165.0,165.0
D1,FG-R5-recent-w16-k5,11,9,2021-07-01,96,1.0,True,206.0,180.79917907714844,-25.200820922851562,25.200820922851562,2021-07-01 14:00:00,2021-07-01 14:00:00,0.0,0.0
D1,FG-R5-recent-w16-k5,11,9,2021-07-02,96,1.0,True,187.0,179.04049682617188,-7.959503173828125,7.959503173828125,2021-07-02 09:15:00,2021-07-02 14:00:00,285.0,285.0
D1,FG-R5-recent-w16-k5,11,9,2021-07-03,96,1.0,True,112.0,111.16877746582031,-0.8312225341796875,0.8312225341796875,2021-07-03 04:15:00,2021-07-03 02:15:00,-120.0,120.0
D1,FG-R5-recent-w16-k5,11,9,2021-07-04,96,1.0,True,28.0,24.89923858642578,-3.1007614135742188,3.1007614135742188,2021-07-04 08:30:00,2021-07-04 17:30:00,540.0,540.0
D1,FG-R5-recent-w16-k5,11,10,2021-06-28,96,1.0,True,198.0,204.34271240234375,6.34271240234375,6.34271240234375,2021-06-28 09:00:00,2021-06-28 08:45:00,-15.0,15.0
D1,FG-R5-recent-w16-k5,11,10,2021-06-29,96,1.0,True,222.0,183.02291870117188,-38.977081298828125,38.977081298828125,2021-06-29 08:30:00,2021-06-29 15:45:00,435.0,435.0
D1,FG-R5-recent-w16-k5,11,10,2021-06-30,96,1.0,True,193.0,183.86224365234375,-9.13775634765625,9.13775634765625,2021-06-30 09:00:00,2021-06-30 08:30:00,-30.0,30.0
D1,FG-R5-recent-w16-k5,11,10,2021-07-01,96,1.0,True,206.0,181.08023071289062,-24.919769287109375,24.919769287109375,2021-07-01 14:00:00,2021-07-01 14:00:00,0.0,0.0
D1,FG-R5-recent-w16-k5,11,10,2021-07-02,96,1.0,True,187.0,180.2591094970703,-6.7408905029296875,6.7408905029296875,2021-07-02 09:15:00,2021-07-02 09:00:00,-15.0,15.0
D1,FG-R5-recent-w16-k5,11,10,2021-07-03,96,1.0,True,112.0,111.24820709228516,-0.7517929077148438,0.7517929077148438,2021-07-03 04:15:00,2021-07-03 02:00:00,-135.0,135.0
D1,FG-R5-recent-w16-k5,11,10,2021-07-04,96,1.0,True,28.0,24.97473907470703,-3.0252609252929688,3.0252609252929688,2021-07-04 08:30:00,2021-07-04 17:45:00,555.0,555.0
D1,FG-R5-recent-w16-k5,11,11,2021-06-28,96,1.0,True,198.0,205.13648986816406,7.1364898681640625,7.1364898681640625,2021-06-28 09:00:00,2021-06-28 09:00:00,0.0,0.0
D1,FG-R5-recent-w16-k5,11,11,2021-06-29,96,1.0,True,222.0,183.31991577148438,-38.680084228515625,38.680084228515625,2021-06-29 08:30:00,2021-06-29 11:30:00,180.0,180.0
D1,FG-R5-recent-w16-k5,11,11,2021-06-30,96,1.0,True,193.0,182.95375061035156,-10.046249389648438,10.046249389648438,2021-06-30 09:00:00,2021-06-30 08:30:00,-30.0,30.0
D1,FG-R5-recent-w16-k5,11,11,2021-07-01,96,1.0,True,206.0,179.87704467773438,-26.122955322265625,26.122955322265625,2021-07-01 14:00:00,2021-07-01 14:00:00,0.0,0.0
D1,FG-R5-recent-w16-k5,11,11,2021-07-02,96,1.0,True,187.0,180.73123168945312,-6.268768310546875,6.268768310546875,2021-07-02 09:15:00,2021-07-02 09:00:00,-15.0,15.0
D1,FG-R5-recent-w16-k5,11,11,2021-07-03,96,1.0,True,112.0,110.77993774414062,-1.220062255859375,1.220062255859375,2021-07-03 04:15:00,2021-07-03 01:45:00,-150.0,150.0
D1,FG-R5-recent-w16-k5,11,11,2021-07-04,96,1.0,True,28.0,25.33032989501953,-2.6696701049804688,2.6696701049804688,2021-07-04 08:30:00,2021-07-04 18:00:00,570.0,570.0
D1,FG-R5-recent-w16-k5,11,12,2021-06-28,96,1.0,True,198.0,205.7186279296875,7.7186279296875,7.7186279296875,2021-06-28 09:00:00,2021-06-28 08:45:00,-15.0,15.0
D1,FG-R5-recent-w16-k5,11,12,2021-06-29,96,1.0,True,222.0,184.85044860839844,-37.14955139160156,37.14955139160156,2021-06-29 08:30:00,2021-06-29 11:45:00,195.0,195.0
D1,FG-R5-recent-w16-k5,11,12,2021-06-30,96,1.0,True,193.0,181.48289489746094,-11.517105102539062,11.517105102539062,2021-06-30 09:00:00,2021-06-30 08:30:00,-30.0,30.0
D1,FG-R5-recent-w16-k5,11,12,2021-07-01,96,1.0,True,206.0,178.98788452148438,-27.012115478515625,27.012115478515625,2021-07-01 14:00:00,2021-07-01 14:00:00,0.0,0.0
D1,FG-R5-recent-w16-k5,11,12,2021-07-02,96,1.0,True,187.0,180.60385131835938,-6.396148681640625,6.396148681640625,2021-07-02 09:15:00,2021-07-02 09:00:00,-15.0,15.0
D1,FG-R5-recent-w16-k5,11,12,2021-07-03,96,1.0,True,112.0,112.22775268554688,0.227752685546875,0.227752685546875,2021-07-03 04:15:00,2021-07-03 02:00:00,-135.0,135.0
D1,FG-R5-recent-w16-k5,11,12,2021-07-04,96,1.0,True,28.0,25.50104522705078,-2.4989547729492188,2.4989547729492188,2021-07-04 08:30:00,2021-07-04 18:15:00,585.0,585.0
D1,FG-R5-recent-w16-k5,11,13,2021-06-28,96,1.0,True,198.0,206.1178436279297,8.117843627929688,8.117843627929688,2021-06-28 09:00:00,2021-06-28 09:00:00,0.0,0.0
D1,FG-R5-recent-w16-k5,11,13,2021-06-29,96,1.0,True,222.0,185.51025390625,-36.48974609375,36.48974609375,2021-06-29 08:30:00,2021-06-29 11:45:00,195.0,195.0
D1,FG-R5-recent-w16-k5,11,13,2021-06-30,96,1.0,True,193.0,181.88906860351562,-11.110931396484375,11.110931396484375,2021-06-30 09:00:00,2021-06-30 08:45:00,-15.0,15.0
D1,FG-R5-recent-w16-k5,11,13,2021-07-01,96,1.0,True,206.0,179.2186279296875,-26.7813720703125,26.7813720703125,2021-07-01 14:00:00,2021-07-01 14:00:00,0.0,0.0
D1,FG-R5-recent-w16-k5,11,13,2021-07-02,96,1.0,True,187.0,178.63014221191406,-8.369857788085938,8.369857788085938,2021-07-02 09:15:00,2021-07-02 09:00:00,-15.0,15.0
D1,FG-R5-recent-w16-k5,11,13,2021-07-03,96,1.0,True,112.0,114.2901382446289,2.2901382446289062,2.2901382446289062,2021-07-03 04:15:00,2021-07-03 01:45:00,-150.0,150.0
D1,FG-R5-recent-w16-k5,11,13,2021-07-04,96,1.0,True,28.0,25.73706817626953,-2.2629318237304688,2.2629318237304688,2021-07-04 08:30:00,2021-07-04 18:30:00,600.0,600.0
D1,FG-R5-recent-w16-k5,11,14,2021-06-28,96,1.0,True,198.0,205.66053771972656,7.6605377197265625,7.6605377197265625,2021-06-28 09:00:00,2021-06-28 09:00:00,0.0,0.0
D1,FG-R5-recent-w16-k5,11,14,2021-06-29,96,1.0,True,222.0,185.68057250976562,-36.319427490234375,36.319427490234375,2021-06-29 08:30:00,2021-06-29 12:00:00,210.0,210.0
D1,FG-R5-recent-w16-k5,11,14,2021-06-30,96,1.0,True,193.0,182.0250244140625,-10.9749755859375,10.9749755859375,2021-06-30 09:00:00,2021-06-30 08:30:00,-30.0,30.0
D1,FG-R5-recent-w16-k5,11,14,2021-07-01,96,1.0,True,206.0,178.5942840576172,-27.405715942382812,27.405715942382812,2021-07-01 14:00:00,2021-07-01 14:00:00,0.0,0.0
D1,FG-R5-recent-w16-k5,11,14,2021-07-02,96,1.0,True,187.0,179.89248657226562,-7.107513427734375,7.107513427734375,2021-07-02 09:15:00,2021-07-02 09:00:00,-15.0,15.0
D1,FG-R5-recent-w16-k5,11,14,2021-07-03,96,1.0,True,112.0,114.91915130615234,2.9191513061523438,2.9191513061523438,2021-07-03 04:15:00,2021-07-03 02:00:00,-135.0,135.0
D1,FG-R5-recent-w16-k5,11,14,2021-07-04,96,1.0,True,28.0,25.67951202392578,-2.3204879760742188,2.3204879760742188,2021-07-04 08:30:00,2021-07-04 18:45:00,615.0,615.0
D1,FG-R5-recent-w16-k5,11,15,2021-06-28,96,1.0,True,198.0,204.35089111328125,6.35089111328125,6.35089111328125,2021-06-28 09:00:00,2021-06-28 09:00:00,0.0,0.0
D1,FG-R5-recent-w16-k5,11,15,2021-06-29,96,1.0,True,222.0,181.47079467773438,-40.529205322265625,40.529205322265625,2021-06-29 08:30:00,2021-06-29 12:00:00,210.0,210.0
D1,FG-R5-recent-w16-k5,11,15,2021-06-30,96,1.0,True,193.0,183.18463134765625,-9.81536865234375,9.81536865234375,2021-06-30 09:00:00,2021-06-30 08:30:00,-30.0,30.0
D1,FG-R5-recent-w16-k5,11,15,2021-07-01,96,1.0,True,206.0,178.3429718017578,-27.657028198242188,27.657028198242188,2021-07-01 14:00:00,2021-07-01 08:45:00,-315.0,315.0
D1,FG-R5-recent-w16-k5,11,15,2021-07-02,96,1.0,True,187.0,179.69973754882812,-7.300262451171875,7.300262451171875,2021-07-02 09:15:00,2021-07-02 09:00:00,-15.0,15.0
D1,FG-R5-recent-w16-k5,11,15,2021-07-03,96,1.0,True,112.0,114.6249008178711,2.6249008178710938,2.6249008178710938,2021-07-03 04:15:00,2021-07-03 02:15:00,-120.0,120.0
D1,FG-R5-recent-w16-k5,11,15,2021-07-04,96,1.0,True,28.0,25.548843383789062,-2.4511566162109375,2.4511566162109375,2021-07-04 08:30:00,2021-07-04 15:30:00,420.0,420.0
D1,FG-R5-recent-w16-k5,11,16,2021-06-28,96,1.0,True,198.0,203.604248046875,5.604248046875,5.604248046875,2021-06-28 09:00:00,2021-06-28 09:00:00,0.0,0.0
D1,FG-R5-recent-w16-k5,11,16,2021-06-29,96,1.0,True,222.0,180.8992156982422,-41.10078430175781,41.10078430175781,2021-06-29 08:30:00,2021-06-29 14:00:00,330.0,330.0
D1,FG-R5-recent-w16-k5,11,16,2021-06-30,96,1.0,True,193.0,183.0489501953125,-9.9510498046875,9.9510498046875,2021-06-30 09:00:00,2021-06-30 08:30:00,-30.0,30.0
D1,FG-R5-recent-w16-k5,11,16,2021-07-01,96,1.0,True,206.0,178.46099853515625,-27.53900146484375,27.53900146484375,2021-07-01 14:00:00,2021-07-01 14:00:00,0.0,0.0
D1,FG-R5-recent-w16-k5,11,16,2021-07-02,96,1.0,True,187.0,179.23159790039062,-7.768402099609375,7.768402099609375,2021-07-02 09:15:00,2021-07-02 09:00:00,-15.0,15.0
D1,FG-R5-recent-w16-k5,11,16,2021-07-03,96,1.0,True,112.0,114.1263198852539,2.1263198852539062,2.1263198852539062,2021-07-03 04:15:00,2021-07-03 02:15:00,-120.0,120.0
D1,FG-R5-recent-w16-k5,11,16,2021-07-04,96,1.0,True,28.0,25.05451202392578,-2.9454879760742188,2.9454879760742188,2021-07-04 08:30:00,2021-07-04 15:45:00,435.0,435.0
D1,FG-R5-recent-w16-k5,13,4,2021-07-12,96,1.0,True,198.0,186.37210083007812,-11.627899169921875,11.627899169921875,2021-07-12 08:45:00,2021-07-12 10:30:00,105.0,105.0
D1,FG-R5-recent-w16-k5,13,4,2021-07-13,1,0.010416666666666666,False,79.0,89.57919311523438,10.579193115234375,10.579193115234375,2021-07-13 00:00:00,2021-07-13 00:00:00,0.0,0.0
D1,FG-R5-recent-w16-k5,13,4,2021-07-17,92,0.9583333333333334,False,110.0,105.19061279296875,-4.80938720703125,4.80938720703125,2021-07-17 01:30:00,2021-07-17 04:00:00,150.0,150.0
D1,FG-R5-recent-w16-k5,13,4,2021-07-18,96,1.0,True,28.0,25.74866485595703,-2.2513351440429688,2.2513351440429688,2021-07-18 01:15:00,2021-07-18 02:15:00,60.0,60.0
D1,FG-R5-recent-w16-k5,13,5,2021-07-12,96,1.0,True,198.0,187.49649047851562,-10.503509521484375,10.503509521484375,2021-07-12 08:45:00,2021-07-12 13:45:00,300.0,300.0
D1,FG-R5-recent-w16-k5,13,5,2021-07-13,1,0.010416666666666666,False,79.0,91.2537612915039,12.253761291503906,12.253761291503906,2021-07-13 00:00:00,2021-07-13 00:00:00,0.0,0.0
D1,FG-R5-recent-w16-k5,13,5,2021-07-17,91,0.9479166666666666,False,110.0,105.64269256591797,-4.357307434082031,4.357307434082031,2021-07-17 01:30:00,2021-07-17 03:45:00,135.0,135.0
D1,FG-R5-recent-w16-k5,13,5,2021-07-18,96,1.0,True,28.0,25.547950744628906,-2.4520492553710938,2.4520492553710938,2021-07-18 01:15:00,2021-07-18 02:30:00,75.0,75.0
D1,FG-R5-recent-w16-k5,13,6,2021-07-12,96,1.0,True,198.0,186.51612854003906,-11.483871459960938,11.483871459960938,2021-07-12 08:45:00,2021-07-12 13:45:00,300.0,300.0
D1,FG-R5-recent-w16-k5,13,6,2021-07-13,1,0.010416666666666666,False,79.0,90.9736328125,11.9736328125,11.9736328125,2021-07-13 00:00:00,2021-07-13 00:00:00,0.0,0.0
D1,FG-R5-recent-w16-k5,13,6,2021-07-17,90,0.9375,False,110.0,107.1926498413086,-2.8073501586914062,2.8073501586914062,2021-07-17 01:30:00,2021-07-17 04:00:00,150.0,150.0
D1,FG-R5-recent-w16-k5,13,6,2021-07-18,96,1.0,True,28.0,25.26526641845703,-2.7347335815429688,2.7347335815429688,2021-07-18 01:15:00,2021-07-18 02:45:00,90.0,90.0
D1,FG-R5-recent-w16-k5,13,7,2021-07-12,96,1.0,True,198.0,186.87380981445312,-11.126190185546875,11.126190185546875,2021-07-12 08:45:00,2021-07-12 11:45:00,180.0,180.0
D1,FG-R5-recent-w16-k5,13,7,2021-07-13,1,0.010416666666666666,False,79.0,90.94697570800781,11.946975708007812,11.946975708007812,2021-07-13 00:00:00,2021-07-13 00:00:00,0.0,0.0
D1,FG-R5-recent-w16-k5,13,7,2021-07-17,89,0.9270833333333334,False,108.0,108.2225341796875,0.2225341796875,0.2225341796875,2021-07-17 06:00:00,2021-07-17 04:00:00,-120.0,120.0
D1,FG-R5-recent-w16-k5,13,7,2021-07-18,96,1.0,True,28.0,25.151100158691406,-2.8488998413085938,2.8488998413085938,2021-07-18 01:15:00,2021-07-18 03:00:00,105.0,105.0
D1,FG-R5-recent-w16-k5,13,8,2021-07-12,96,1.0,True,198.0,187.43112182617188,-10.568878173828125,10.568878173828125,2021-07-12 08:45:00,2021-07-12 13:45:00,300.0,300.0
D1,FG-R5-recent-w16-k5,13,8,2021-07-13,1,0.010416666666666666,False,79.0,90.66654205322266,11.666542053222656,11.666542053222656,2021-07-13 00:00:00,2021-07-13 00:00:00,0.0,0.0
D1,FG-R5-recent-w16-k5,13,8,2021-07-17,88,0.9166666666666666,False,108.0,108.67405700683594,0.6740570068359375,0.6740570068359375,2021-07-17 06:00:00,2021-07-17 04:15:00,-105.0,105.0
D1,FG-R5-recent-w16-k5,13,8,2021-07-18,96,1.0,True,28.0,25.082862854003906,-2.9171371459960938,2.9171371459960938,2021-07-18 01:15:00,2021-07-18 17:30:00,975.0,975.0
D1,FG-R5-recent-w16-k5,13,9,2021-07-12,96,1.0,True,198.0,188.212646484375,-9.787353515625,9.787353515625,2021-07-12 08:45:00,2021-07-12 13:45:00,300.0,300.0
D1,FG-R5-recent-w16-k5,13,9,2021-07-13,1,0.010416666666666666,False,79.0,91.68154907226562,12.681549072265625,12.681549072265625,2021-07-13 00:00:00,2021-07-13 00:00:00,0.0,0.0
D1,FG-R5-recent-w16-k5,13,9,2021-07-17,87,0.90625,False,108.0,107.03289794921875,-0.96710205078125,0.96710205078125,2021-07-17 06:00:00,2021-07-17 03:45:00,-135.0,135.0
D1,FG-R5-recent-w16-k5,13,9,2021-07-18,96,1.0,True,28.0,25.08477020263672,-2.9152297973632812,2.9152297973632812,2021-07-18 01:15:00,2021-07-18 17:45:00,990.0,990.0
D1,FG-R5-recent-w16-k5,13,10,2021-07-12,96,1.0,True,198.0,189.08709716796875,-8.91290283203125,8.91290283203125,2021-07-12 08:45:00,2021-07-12 13:45:00,300.0,300.0
D1,FG-R5-recent-w16-k5,13,10,2021-07-13,1,0.010416666666666666,False,79.0,89.42801666259766,10.428016662597656,10.428016662597656,2021-07-13 00:00:00,2021-07-13 00:00:00,0.0,0.0
D1,FG-R5-recent-w16-k5,13,10,2021-07-17,86,0.8958333333333334,False,108.0,108.05625915527344,0.0562591552734375,0.0562591552734375,2021-07-17 06:00:00,2021-07-17 04:00:00,-120.0,120.0
D1,FG-R5-recent-w16-k5,13,10,2021-07-18,96,1.0,True,28.0,25.24950408935547,-2.7504959106445312,2.7504959106445312,2021-07-18 01:15:00,2021-07-18 03:45:00,150.0,150.0
D1,FG-R5-recent-w16-k5,13,11,2021-07-12,96,1.0,True,198.0,186.7164306640625,-11.2835693359375,11.2835693359375,2021-07-12 08:45:00,2021-07-12 13:45:00,300.0,300.0
D1,FG-R5-recent-w16-k5,13,11,2021-07-13,1,0.010416666666666666,False,79.0,87.4456787109375,8.4456787109375,8.4456787109375,2021-07-13 00:00:00,2021-07-13 00:00:00,0.0,0.0
D1,FG-R5-recent-w16-k5,13,11,2021-07-17,85,0.8854166666666666,False,108.0,108.35612487792969,0.3561248779296875,0.3561248779296875,2021-07-17 06:00:00,2021-07-17 04:15:00,-105.0,105.0
D1,FG-R5-recent-w16-k5,13,11,2021-07-18,96,1.0,True,28.0,25.400596618652344,-2.5994033813476562,2.5994033813476562,2021-07-18 01:15:00,2021-07-18 18:15:00,1020.0,1020.0
D1,FG-R5-recent-w16-k5,13,12,2021-07-12,96,1.0,True,198.0,185.322265625,-12.677734375,12.677734375,2021-07-12 08:45:00,2021-07-12 13:45:00,300.0,300.0
D1,FG-R5-recent-w16-k5,13,12,2021-07-13,1,0.010416666666666666,False,79.0,87.61878967285156,8.618789672851562,8.618789672851562,2021-07-13 00:00:00,2021-07-13 00:00:00,0.0,0.0
D1,FG-R5-recent-w16-k5,13,12,2021-07-17,84,0.875,False,108.0,107.67716979980469,-0.3228302001953125,0.3228302001953125,2021-07-17 06:00:00,2021-07-17 04:00:00,-120.0,120.0
D1,FG-R5-recent-w16-k5,13,12,2021-07-18,96,1.0,True,28.0,25.523651123046875,-2.476348876953125,2.476348876953125,2021-07-18 01:15:00,2021-07-18 11:00:00,585.0,585.0
D1,FG-R5-recent-w16-k5,13,13,2021-07-12,96,1.0,True,198.0,185.78378295898438,-12.216217041015625,12.216217041015625,2021-07-12 08:45:00,2021-07-12 13:45:00,300.0,300.0
D1,FG-R5-recent-w16-k5,13,13,2021-07-13,1,0.010416666666666666,False,79.0,88.28103637695312,9.281036376953125,9.281036376953125,2021-07-13 00:00:00,2021-07-13 00:00:00,0.0,0.0
D1,FG-R5-recent-w16-k5,13,13,2021-07-17,83,0.8645833333333334,False,108.0,107.88163757324219,-0.1183624267578125,0.1183624267578125,2021-07-17 06:00:00,2021-07-17 04:15:00,-105.0,105.0
D1,FG-R5-recent-w16-k5,13,13,2021-07-18,96,1.0,True,28.0,25.89624786376953,-2.1037521362304688,2.1037521362304688,2021-07-18 01:15:00,2021-07-18 01:30:00,15.0,15.0
D1,FG-R5-recent-w16-k5,13,14,2021-07-12,96,1.0,True,198.0,186.79791259765625,-11.20208740234375,11.20208740234375,2021-07-12 08:45:00,2021-07-12 13:45:00,300.0,300.0
D1,FG-R5-recent-w16-k5,13,14,2021-07-13,1,0.010416666666666666,False,79.0,89.0565185546875,10.0565185546875,10.0565185546875,2021-07-13 00:00:00,2021-07-13 00:00:00,0.0,0.0
D1,FG-R5-recent-w16-k5,13,14,2021-07-17,82,0.8541666666666666,False,108.0,108.20196533203125,0.20196533203125,0.20196533203125,2021-07-17 06:00:00,2021-07-17 04:00:00,-120.0,120.0
D1,FG-R5-recent-w16-k5,13,14,2021-07-18,96,1.0,True,28.0,26.129356384277344,-1.8706436157226562,1.8706436157226562,2021-07-18 01:15:00,2021-07-18 01:45:00,30.0,30.0
D1,FG-R5-recent-w16-k5,13,15,2021-07-12,96,1.0,True,198.0,186.45391845703125,-11.54608154296875,11.54608154296875,2021-07-12 08:45:00,2021-07-12 13:45:00,300.0,300.0
D1,FG-R5-recent-w16-k5,13,15,2021-07-13,1,0.010416666666666666,False,79.0,88.6214370727539,9.621437072753906,9.621437072753906,2021-07-13 00:00:00,2021-07-13 00:00:00,0.0,0.0
D1,FG-R5-recent-w16-k5,13,15,2021-07-17,81,0.84375,False,108.0,107.70569610595703,-0.29430389404296875,0.29430389404296875,2021-07-17 06:00:00,2021-07-17 04:00:00,-120.0,120.0
D1,FG-R5-recent-w16-k5,13,15,2021-07-18,96,1.0,True,28.0,26.16785430908203,-1.8321456909179688,1.8321456909179688,2021-07-18 01:15:00,2021-07-18 11:30:00,615.0,615.0
D1,FG-R5-recent-w16-k5,13,16,2021-07-12,96,1.0,True,198.0,186.93109130859375,-11.06890869140625,11.06890869140625,2021-07-12 08:45:00,2021-07-12 14:00:00,315.0,315.0
D1,FG-R5-recent-w16-k5,13,16,2021-07-13,1,0.010416666666666666,False,79.0,88.64269256591797,9.642692565917969,9.642692565917969,2021-07-13 00:00:00,2021-07-13 00:00:00,0.0,0.0
D1,FG-R5-recent-w16-k5,13,16,2021-07-17,80,0.8333333333333334,False,108.0,107.27289581298828,-0.7271041870117188,0.7271041870117188,2021-07-17 06:00:00,2021-07-17 04:15:00,-105.0,105.0
D1,FG-R5-recent-w16-k5,13,16,2021-07-18,96,1.0,True,28.0,25.99913787841797,-2.0008621215820312,2.0008621215820312,2021-07-18 01:15:00,2021-07-18 11:45:00,630.0,630.0
D1,FG-R5-recent-w16-k5,15,4,2021-07-26,96,1.0,True,217.0,196.78622436523438,-20.213775634765625,20.213775634765625,2021-07-26 08:30:00,2021-07-26 09:00:00,30.0,30.0
D1,FG-R5-recent-w16-k5,15,4,2021-07-27,96,1.0,True,211.0,199.5068817138672,-11.493118286132812,11.493118286132812,2021-07-27 11:45:00,2021-07-27 08:45:00,-180.0,180.0
D1,FG-R5-recent-w16-k5,15,4,2021-07-28,96,1.0,True,212.0,213.3167724609375,1.3167724609375,1.3167724609375,2021-07-28 12:00:00,2021-07-28 08:45:00,-195.0,195.0
D1,FG-R5-recent-w16-k5,15,4,2021-07-29,96,1.0,True,211.0,203.46742248535156,-7.5325775146484375,7.5325775146484375,2021-07-29 12:00:00,2021-07-29 08:30:00,-210.0,210.0
D1,FG-R5-recent-w16-k5,15,4,2021-07-30,96,1.0,True,212.0,204.7494354248047,-7.2505645751953125,7.2505645751953125,2021-07-30 12:00:00,2021-07-30 08:45:00,-195.0,195.0
D1,FG-R5-recent-w16-k5,15,4,2021-07-31,96,1.0,True,80.0,97.78275299072266,17.782752990722656,17.782752990722656,2021-07-31 00:00:00,2021-07-31 01:30:00,90.0,90.0
D1,FG-R5-recent-w16-k5,15,4,2021-08-01,96,1.0,True,28.0,25.044204711914062,-2.9557952880859375,2.9557952880859375,2021-08-01 09:00:00,2021-08-01 02:30:00,-390.0,390.0
D1,FG-R5-recent-w16-k5,15,5,2021-07-26,96,1.0,True,217.0,197.76315307617188,-19.236846923828125,19.236846923828125,2021-07-26 08:30:00,2021-07-26 11:45:00,195.0,195.0
D1,FG-R5-recent-w16-k5,15,5,2021-07-27,96,1.0,True,211.0,198.09786987304688,-12.902130126953125,12.902130126953125,2021-07-27 11:45:00,2021-07-27 08:45:00,-180.0,180.0
D1,FG-R5-recent-w16-k5,15,5,2021-07-28,96,1.0,True,212.0,212.6049346923828,0.6049346923828125,0.6049346923828125,2021-07-28 12:00:00,2021-07-28 08:45:00,-195.0,195.0
D1,FG-R5-recent-w16-k5,15,5,2021-07-29,96,1.0,True,211.0,203.40139770507812,-7.598602294921875,7.598602294921875,2021-07-29 12:00:00,2021-07-29 08:30:00,-210.0,210.0
D1,FG-R5-recent-w16-k5,15,5,2021-07-30,96,1.0,True,212.0,206.28443908691406,-5.7155609130859375,5.7155609130859375,2021-07-30 12:00:00,2021-07-30 11:45:00,-15.0,15.0
D1,FG-R5-recent-w16-k5,15,5,2021-07-31,96,1.0,True,80.0,100.97398376464844,20.973983764648438,20.973983764648438,2021-07-31 00:00:00,2021-07-31 01:30:00,90.0,90.0
D1,FG-R5-recent-w16-k5,15,5,2021-08-01,96,1.0,True,28.0,24.959556579589844,-3.0404434204101562,3.0404434204101562,2021-08-01 09:00:00,2021-08-01 02:45:00,-375.0,375.0
D1,FG-R5-recent-w16-k5,15,6,2021-07-26,96,1.0,True,217.0,192.22059631347656,-24.779403686523438,24.779403686523438,2021-07-26 08:30:00,2021-07-26 11:30:00,180.0,180.0
D1,FG-R5-recent-w16-k5,15,6,2021-07-27,96,1.0,True,211.0,197.31570434570312,-13.684295654296875,13.684295654296875,2021-07-27 11:45:00,2021-07-27 08:45:00,-180.0,180.0
D1,FG-R5-recent-w16-k5,15,6,2021-07-28,96,1.0,True,212.0,210.87384033203125,-1.12615966796875,1.12615966796875,2021-07-28 12:00:00,2021-07-28 08:45:00,-195.0,195.0
D1,FG-R5-recent-w16-k5,15,6,2021-07-29,96,1.0,True,211.0,202.74668884277344,-8.253311157226562,8.253311157226562,2021-07-29 12:00:00,2021-07-29 08:30:00,-210.0,210.0
D1,FG-R5-recent-w16-k5,15,6,2021-07-30,96,1.0,True,212.0,206.5980224609375,-5.4019775390625,5.4019775390625,2021-07-30 12:00:00,2021-07-30 12:00:00,0.0,0.0
D1,FG-R5-recent-w16-k5,15,6,2021-07-31,96,1.0,True,80.0,108.05547332763672,28.05547332763672,28.05547332763672,2021-07-31 00:00:00,2021-07-31 01:30:00,90.0,90.0
D1,FG-R5-recent-w16-k5,15,6,2021-08-01,96,1.0,True,28.0,24.98754119873047,-3.0124588012695312,3.0124588012695312,2021-08-01 09:00:00,2021-08-01 03:00:00,-360.0,360.0
D1,FG-R5-recent-w16-k5,15,7,2021-07-26,96,1.0,True,217.0,193.6900634765625,-23.3099365234375,23.3099365234375,2021-07-26 08:30:00,2021-07-26 11:45:00,195.0,195.0
D1,FG-R5-recent-w16-k5,15,7,2021-07-27,96,1.0,True,211.0,195.93109130859375,-15.06890869140625,15.06890869140625,2021-07-27 11:45:00,2021-07-27 08:45:00,-180.0,180.0
D1,FG-R5-recent-w16-k5,15,7,2021-07-28,96,1.0,True,212.0,206.97842407226562,-5.021575927734375,5.021575927734375,2021-07-28 12:00:00,2021-07-28 08:45:00,-195.0,195.0
D1,FG-R5-recent-w16-k5,15,7,2021-07-29,96,1.0,True,211.0,201.28421020507812,-9.715789794921875,9.715789794921875,2021-07-29 12:00:00,2021-07-29 08:30:00,-210.0,210.0
D1,FG-R5-recent-w16-k5,15,7,2021-07-30,96,1.0,True,212.0,204.47824096679688,-7.521759033203125,7.521759033203125,2021-07-30 12:00:00,2021-07-30 12:00:00,0.0,0.0
D1,FG-R5-recent-w16-k5,15,7,2021-07-31,96,1.0,True,80.0,108.93250274658203,28.93250274658203,28.93250274658203,2021-07-31 00:00:00,2021-07-31 01:45:00,105.0,105.0
D1,FG-R5-recent-w16-k5,15,7,2021-08-01,96,1.0,True,28.0,24.952674865722656,-3.0473251342773438,3.0473251342773438,2021-08-01 09:00:00,2021-08-01 03:15:00,-345.0,345.0
D1,FG-R5-recent-w16-k5,15,8,2021-07-26,96,1.0,True,217.0,195.66537475585938,-21.334625244140625,21.334625244140625,2021-07-26 08:30:00,2021-07-26 11:45:00,195.0,195.0
D1,FG-R5-recent-w16-k5,15,8,2021-07-27,96,1.0,True,211.0,197.45474243164062,-13.545257568359375,13.545257568359375,2021-07-27 11:45:00,2021-07-27 08:30:00,-195.0,195.0
D1,FG-R5-recent-w16-k5,15,8,2021-07-28,96,1.0,True,212.0,208.7926483154297,-3.2073516845703125,3.2073516845703125,2021-07-28 12:00:00,2021-07-28 08:30:00,-210.0,210.0
D1,FG-R5-recent-w16-k5,15,8,2021-07-29,96,1.0,True,211.0,202.65130615234375,-8.34869384765625,8.34869384765625,2021-07-29 12:00:00,2021-07-29 08:30:00,-210.0,210.0
D1,FG-R5-recent-w16-k5,15,8,2021-07-30,96,1.0,True,212.0,205.8682861328125,-6.1317138671875,6.1317138671875,2021-07-30 12:00:00,2021-07-30 11:30:00,-30.0,30.0
D1,FG-R5-recent-w16-k5,15,8,2021-07-31,96,1.0,True,80.0,111.21670532226562,31.216705322265625,31.216705322265625,2021-07-31 00:00:00,2021-07-31 01:45:00,105.0,105.0
D1,FG-R5-recent-w16-k5,15,8,2021-08-01,96,1.0,True,28.0,24.94715118408203,-3.0528488159179688,3.0528488159179688,2021-08-01 09:00:00,2021-08-01 03:30:00,-330.0,330.0
D1,FG-R5-recent-w16-k5,15,9,2021-07-26,96,1.0,True,217.0,195.13327026367188,-21.866729736328125,21.866729736328125,2021-07-26 08:30:00,2021-07-26 11:45:00,195.0,195.0
D1,FG-R5-recent-w16-k5,15,9,2021-07-27,96,1.0,True,211.0,198.42001342773438,-12.579986572265625,12.579986572265625,2021-07-27 11:45:00,2021-07-27 08:30:00,-195.0,195.0
D1,FG-R5-recent-w16-k5,15,9,2021-07-28,96,1.0,True,212.0,210.26893615722656,-1.7310638427734375,1.7310638427734375,2021-07-28 12:00:00,2021-07-28 08:45:00,-195.0,195.0
D1,FG-R5-recent-w16-k5,15,9,2021-07-29,96,1.0,True,211.0,203.14669799804688,-7.853302001953125,7.853302001953125,2021-07-29 12:00:00,2021-07-29 08:30:00,-210.0,210.0
D1,FG-R5-recent-w16-k5,15,9,2021-07-30,96,1.0,True,212.0,208.5184326171875,-3.4815673828125,3.4815673828125,2021-07-30 12:00:00,2021-07-30 12:00:00,0.0,0.0
D1,FG-R5-recent-w16-k5,15,9,2021-07-31,96,1.0,True,80.0,111.89642333984375,31.89642333984375,31.89642333984375,2021-07-31 00:00:00,2021-07-31 01:45:00,105.0,105.0
D1,FG-R5-recent-w16-k5,15,9,2021-08-01,96,1.0,True,28.0,24.946372985839844,-3.0536270141601562,3.0536270141601562,2021-08-01 09:00:00,2021-08-01 03:45:00,-315.0,315.0
D1,FG-R5-recent-w16-k5,15,10,2021-07-26,96,1.0,True,217.0,196.95887756347656,-20.041122436523438,20.041122436523438,2021-07-26 08:30:00,2021-07-26 11:30:00,180.0,180.0
D1,FG-R5-recent-w16-k5,15,10,2021-07-27,96,1.0,True,211.0,199.80075073242188,-11.199249267578125,11.199249267578125,2021-07-27 11:45:00,2021-07-27 08:30:00,-195.0,195.0
D1,FG-R5-recent-w16-k5,15,10,2021-07-28,96,1.0,True,212.0,211.09017944335938,-0.909820556640625,0.909820556640625,2021-07-28 12:00:00,2021-07-28 08:45:00,-195.0,195.0
D1,FG-R5-recent-w16-k5,15,10,2021-07-29,96,1.0,True,211.0,202.27423095703125,-8.72576904296875,8.72576904296875,2021-07-29 12:00:00,2021-07-29 08:30:00,-210.0,210.0
D1,FG-R5-recent-w16-k5,15,10,2021-07-30,96,1.0,True,212.0,208.46121215820312,-3.538787841796875,3.538787841796875,2021-07-30 12:00:00,2021-07-30 12:00:00,0.0,0.0
D1,FG-R5-recent-w16-k5,15,10,2021-07-31,96,1.0,True,80.0,112.85990905761719,32.85990905761719,32.85990905761719,2021-07-31 00:00:00,2021-07-31 01:45:00,105.0,105.0
D1,FG-R5-recent-w16-k5,15,10,2021-08-01,96,1.0,True,28.0,25.22608184814453,-2.7739181518554688,2.7739181518554688,2021-08-01 09:00:00,2021-08-01 04:00:00,-300.0,300.0
D1,FG-R5-recent-w16-k5,15,11,2021-07-26,96,1.0,True,217.0,199.0858917236328,-17.914108276367188,17.914108276367188,2021-07-26 08:30:00,2021-07-26 11:45:00,195.0,195.0
D1,FG-R5-recent-w16-k5,15,11,2021-07-27,96,1.0,True,211.0,200.3604736328125,-10.6395263671875,10.6395263671875,2021-07-27 11:45:00,2021-07-27 08:45:00,-180.0,180.0
D1,FG-R5-recent-w16-k5,15,11,2021-07-28,96,1.0,True,212.0,210.920166015625,-1.079833984375,1.079833984375,2021-07-28 12:00:00,2021-07-28 08:45:00,-195.0,195.0
D1,FG-R5-recent-w16-k5,15,11,2021-07-29,96,1.0,True,211.0,201.97979736328125,-9.02020263671875,9.02020263671875,2021-07-29 12:00:00,2021-07-29 11:45:00,-15.0,15.0
D1,FG-R5-recent-w16-k5,15,11,2021-07-30,96,1.0,True,212.0,207.0131378173828,-4.9868621826171875,4.9868621826171875,2021-07-30 12:00:00,2021-07-30 11:45:00,-15.0,15.0
D1,FG-R5-recent-w16-k5,15,11,2021-07-31,96,1.0,True,80.0,112.35309600830078,32.35309600830078,32.35309600830078,2021-07-31 00:00:00,2021-07-31 01:45:00,105.0,105.0
D1,FG-R5-recent-w16-k5,15,11,2021-08-01,96,1.0,True,28.0,25.099151611328125,-2.900848388671875,2.900848388671875,2021-08-01 09:00:00,2021-08-01 04:15:00,-285.0,285.0
D1,FG-R5-recent-w16-k5,15,12,2021-07-26,96,1.0,True,217.0,198.22311401367188,-18.776885986328125,18.776885986328125,2021-07-26 08:30:00,2021-07-26 11:45:00,195.0,195.0
D1,FG-R5-recent-w16-k5,15,12,2021-07-27,96,1.0,True,211.0,198.62796020507812,-12.372039794921875,12.372039794921875,2021-07-27 11:45:00,2021-07-27 08:45:00,-180.0,180.0
D1,FG-R5-recent-w16-k5,15,12,2021-07-28,96,1.0,True,212.0,209.4625244140625,-2.5374755859375,2.5374755859375,2021-07-28 12:00:00,2021-07-28 08:45:00,-195.0,195.0
D1,FG-R5-recent-w16-k5,15,12,2021-07-29,96,1.0,True,211.0,200.75,-10.25,10.25,2021-07-29 12:00:00,2021-07-29 11:45:00,-15.0,15.0
D1,FG-R5-recent-w16-k5,15,12,2021-07-30,96,1.0,True,212.0,207.71359252929688,-4.286407470703125,4.286407470703125,2021-07-30 12:00:00,2021-07-30 12:00:00,0.0,0.0
D1,FG-R5-recent-w16-k5,15,12,2021-07-31,96,1.0,True,80.0,111.89511108398438,31.895111083984375,31.895111083984375,2021-07-31 00:00:00,2021-07-31 01:45:00,105.0,105.0
D1,FG-R5-recent-w16-k5,15,12,2021-08-01,96,1.0,True,28.0,25.162620544433594,-2.8373794555664062,2.8373794555664062,2021-08-01 09:00:00,2021-08-01 04:30:00,-270.0,270.0
D1,FG-R5-recent-w16-k5,15,13,2021-07-26,96,1.0,True,217.0,198.679443359375,-18.320556640625,18.320556640625,2021-07-26 08:30:00,2021-07-26 11:45:00,195.0,195.0
D1,FG-R5-recent-w16-k5,15,13,2021-07-27,96,1.0,True,211.0,196.47265625,-14.52734375,14.52734375,2021-07-27 11:45:00,2021-07-27 11:45:00,0.0,0.0
D1,FG-R5-recent-w16-k5,15,13,2021-07-28,96,1.0,True,212.0,206.42550659179688,-5.574493408203125,5.574493408203125,2021-07-28 12:00:00,2021-07-28 11:45:00,-15.0,15.0
D1,FG-R5-recent-w16-k5,15,13,2021-07-29,96,1.0,True,211.0,200.72056579589844,-10.279434204101562,10.279434204101562,2021-07-29 12:00:00,2021-07-29 11:45:00,-15.0,15.0
D1,FG-R5-recent-w16-k5,15,13,2021-07-30,96,1.0,True,212.0,207.84283447265625,-4.15716552734375,4.15716552734375,2021-07-30 12:00:00,2021-07-30 11:45:00,-15.0,15.0
D1,FG-R5-recent-w16-k5,15,13,2021-07-31,96,1.0,True,80.0,111.69265747070312,31.692657470703125,31.692657470703125,2021-07-31 00:00:00,2021-07-31 01:45:00,105.0,105.0
D1,FG-R5-recent-w16-k5,15,13,2021-08-01,96,1.0,True,28.0,25.011947631835938,-2.9880523681640625,2.9880523681640625,2021-08-01 09:00:00,2021-08-01 04:45:00,-255.0,255.0
D1,FG-R5-recent-w16-k5,15,14,2021-07-26,96,1.0,True,217.0,195.4542694091797,-21.545730590820312,21.545730590820312,2021-07-26 08:30:00,2021-07-26 08:45:00,15.0,15.0
D1,FG-R5-recent-w16-k5,15,14,2021-07-27,96,1.0,True,211.0,197.00172424316406,-13.998275756835938,13.998275756835938,2021-07-27 11:45:00,2021-07-27 12:00:00,15.0,15.0
D1,FG-R5-recent-w16-k5,15,14,2021-07-28,96,1.0,True,212.0,208.71441650390625,-3.28558349609375,3.28558349609375,2021-07-28 12:00:00,2021-07-28 11:45:00,-15.0,15.0
D1,FG-R5-recent-w16-k5,15,14,2021-07-29,96,1.0,True,211.0,201.53224182128906,-9.467758178710938,9.467758178710938,2021-07-29 12:00:00,2021-07-29 11:45:00,-15.0,15.0
D1,FG-R5-recent-w16-k5,15,14,2021-07-30,96,1.0,True,212.0,209.84494018554688,-2.155059814453125,2.155059814453125,2021-07-30 12:00:00,2021-07-30 12:00:00,0.0,0.0
D1,FG-R5-recent-w16-k5,15,14,2021-07-31,96,1.0,True,80.0,110.06908416748047,30.06908416748047,30.06908416748047,2021-07-31 00:00:00,2021-07-31 01:45:00,105.0,105.0
D1,FG-R5-recent-w16-k5,15,14,2021-08-01,96,1.0,True,28.0,24.863189697265625,-3.136810302734375,3.136810302734375,2021-08-01 09:00:00,2021-08-01 01:30:00,-450.0,450.0
D1,FG-R5-recent-w16-k5,15,15,2021-07-26,96,1.0,True,217.0,195.55841064453125,-21.44158935546875,21.44158935546875,2021-07-26 08:30:00,2021-07-26 11:45:00,195.0,195.0
D1,FG-R5-recent-w16-k5,15,15,2021-07-27,96,1.0,True,211.0,195.2646484375,-15.7353515625,15.7353515625,2021-07-27 11:45:00,2021-07-27 08:45:00,-180.0,180.0
D1,FG-R5-recent-w16-k5,15,15,2021-07-28,96,1.0,True,212.0,208.3951873779297,-3.6048126220703125,3.6048126220703125,2021-07-28 12:00:00,2021-07-28 08:45:00,-195.0,195.0
D1,FG-R5-recent-w16-k5,15,15,2021-07-29,96,1.0,True,211.0,200.53790283203125,-10.46209716796875,10.46209716796875,2021-07-29 12:00:00,2021-07-29 11:45:00,-15.0,15.0
D1,FG-R5-recent-w16-k5,15,15,2021-07-30,96,1.0,True,212.0,209.4776611328125,-2.5223388671875,2.5223388671875,2021-07-30 12:00:00,2021-07-30 12:00:00,0.0,0.0
D1,FG-R5-recent-w16-k5,15,15,2021-07-31,96,1.0,True,80.0,111.3851089477539,31.385108947753906,31.385108947753906,2021-07-31 00:00:00,2021-07-31 01:45:00,105.0,105.0
D1,FG-R5-recent-w16-k5,15,15,2021-08-01,96,1.0,True,28.0,24.82959747314453,-3.1704025268554688,3.1704025268554688,2021-08-01 09:00:00,2021-08-01 01:45:00,-435.0,435.0
D1,FG-R5-recent-w16-k5,15,16,2021-07-26,96,1.0,True,217.0,193.43368530273438,-23.566314697265625,23.566314697265625,2021-07-26 08:30:00,2021-07-26 16:00:00,450.0,450.0
D1,FG-R5-recent-w16-k5,15,16,2021-07-27,96,1.0,True,211.0,195.40078735351562,-15.599212646484375,15.599212646484375,2021-07-27 11:45:00,2021-07-27 08:45:00,-180.0,180.0
D1,FG-R5-recent-w16-k5,15,16,2021-07-28,96,1.0,True,212.0,208.3544921875,-3.6455078125,3.6455078125,2021-07-28 12:00:00,2021-07-28 11:45:00,-15.0,15.0
D1,FG-R5-recent-w16-k5,15,16,2021-07-29,96,1.0,True,211.0,201.66738891601562,-9.332611083984375,9.332611083984375,2021-07-29 12:00:00,2021-07-29 11:45:00,-15.0,15.0
D1,FG-R5-recent-w16-k5,15,16,2021-07-30,96,1.0,True,212.0,207.12864685058594,-4.8713531494140625,4.8713531494140625,2021-07-30 12:00:00,2021-07-30 12:00:00,0.0,0.0
D1,FG-R5-recent-w16-k5,15,16,2021-07-31,96,1.0,True,80.0,110.85799407958984,30.857994079589844,30.857994079589844,2021-07-31 00:00:00,2021-07-31 03:45:00,225.0,225.0
D1,FG-R5-recent-w16-k5,15,16,2021-08-01,96,1.0,True,28.0,24.552139282226562,-3.4478607177734375,3.4478607177734375,2021-08-01 09:00:00,2021-08-01 02:00:00,-420.0,420.0
D2,FG-R5-recent-w16-k5,1,4,2021-04-19,96,1.0,True,172.0,182.3360137939453,10.336013793945312,10.336013793945312,2021-04-19 08:45:00,2021-04-19 09:00:00,15.0,15.0
D2,FG-R5-recent-w16-k5,1,4,2021-04-20,96,1.0,True,172.0,171.72894287109375,-0.27105712890625,0.27105712890625,2021-04-20 08:45:00,2021-04-20 08:45:00,0.0,0.0
D2,FG-R5-recent-w16-k5,1,4,2021-04-21,96,1.0,True,174.0,174.99928283691406,0.9992828369140625,0.9992828369140625,2021-04-21 08:30:00,2021-04-21 08:45:00,15.0,15.0
D2,FG-R5-recent-w16-k5,1,4,2021-04-22,96,1.0,True,174.0,171.2184600830078,-2.7815399169921875,2.7815399169921875,2021-04-22 08:30:00,2021-04-22 10:30:00,120.0,120.0
D2,FG-R5-recent-w16-k5,1,4,2021-04-23,96,1.0,True,174.0,172.8061065673828,-1.1938934326171875,1.1938934326171875,2021-04-23 08:30:00,2021-04-23 08:30:00,0.0,0.0
D2,FG-R5-recent-w16-k5,1,4,2021-04-24,96,1.0,True,112.0,108.59696960449219,-3.4030303955078125,3.4030303955078125,2021-04-24 06:15:00,2021-04-24 04:45:00,-90.0,90.0
D2,FG-R5-recent-w16-k5,1,4,2021-04-25,96,1.0,True,25.0,55.425771713256836,30.425771713256836,30.425771713256836,2021-04-25 01:30:00,2021-04-25 00:45:00,-45.0,45.0
D2,FG-R5-recent-w16-k5,1,5,2021-04-19,96,1.0,True,172.0,176.343017578125,4.343017578125,4.343017578125,2021-04-19 08:45:00,2021-04-19 13:15:00,270.0,270.0
D2,FG-R5-recent-w16-k5,1,5,2021-04-20,96,1.0,True,172.0,170.6914520263672,-1.3085479736328125,1.3085479736328125,2021-04-20 08:45:00,2021-04-20 09:00:00,15.0,15.0
D2,FG-R5-recent-w16-k5,1,5,2021-04-21,96,1.0,True,174.0,175.6646270751953,1.6646270751953125,1.6646270751953125,2021-04-21 08:30:00,2021-04-21 09:00:00,30.0,30.0
D2,FG-R5-recent-w16-k5,1,5,2021-04-22,96,1.0,True,174.0,171.17344665527344,-2.8265533447265625,2.8265533447265625,2021-04-22 08:30:00,2021-04-22 08:30:00,0.0,0.0
D2,FG-R5-recent-w16-k5,1,5,2021-04-23,96,1.0,True,174.0,172.52565002441406,-1.4743499755859375,1.4743499755859375,2021-04-23 08:30:00,2021-04-23 08:30:00,0.0,0.0
D2,FG-R5-recent-w16-k5,1,5,2021-04-24,96,1.0,True,112.0,111.6807632446289,-0.31923675537109375,0.31923675537109375,2021-04-24 06:15:00,2021-04-24 02:30:00,-225.0,225.0
D2,FG-R5-recent-w16-k5,1,5,2021-04-25,96,1.0,True,25.0,65.95016479492188,40.950164794921875,40.950164794921875,2021-04-25 01:30:00,2021-04-25 01:15:00,-15.0,15.0
D2,FG-R5-recent-w16-k5,1,6,2021-04-19,96,1.0,True,172.0,176.97293090820312,4.972930908203125,4.972930908203125,2021-04-19 08:45:00,2021-04-19 13:15:00,270.0,270.0
D2,FG-R5-recent-w16-k5,1,6,2021-04-20,96,1.0,True,172.0,169.78936004638672,-2.2106399536132812,2.2106399536132812,2021-04-20 08:45:00,2021-04-20 08:45:00,0.0,0.0
D2,FG-R5-recent-w16-k5,1,6,2021-04-21,96,1.0,True,174.0,175.22744750976562,1.227447509765625,1.227447509765625,2021-04-21 08:30:00,2021-04-21 09:00:00,30.0,30.0
D2,FG-R5-recent-w16-k5,1,6,2021-04-22,96,1.0,True,174.0,171.62847900390625,-2.37152099609375,2.37152099609375,2021-04-22 08:30:00,2021-04-22 08:30:00,0.0,0.0
D2,FG-R5-recent-w16-k5,1,6,2021-04-23,96,1.0,True,174.0,172.90579986572266,-1.0942001342773438,1.0942001342773438,2021-04-23 08:30:00,2021-04-23 08:30:00,0.0,0.0
D2,FG-R5-recent-w16-k5,1,6,2021-04-24,96,1.0,True,112.0,109.45199966430664,-2.5480003356933594,2.5480003356933594,2021-04-24 06:15:00,2021-04-24 04:45:00,-90.0,90.0
D2,FG-R5-recent-w16-k5,1,6,2021-04-25,96,1.0,True,25.0,77.94279098510742,52.94279098510742,52.94279098510742,2021-04-25 01:30:00,2021-04-25 01:15:00,-15.0,15.0
D2,FG-R5-recent-w16-k5,1,7,2021-04-19,96,1.0,True,172.0,172.35877990722656,0.3587799072265625,0.3587799072265625,2021-04-19 08:45:00,2021-04-19 13:30:00,285.0,285.0
D2,FG-R5-recent-w16-k5,1,7,2021-04-20,96,1.0,True,172.0,169.19651794433594,-2.8034820556640625,2.8034820556640625,2021-04-20 08:45:00,2021-04-20 09:00:00,15.0,15.0
D2,FG-R5-recent-w16-k5,1,7,2021-04-21,96,1.0,True,174.0,174.21713256835938,0.217132568359375,0.217132568359375,2021-04-21 08:30:00,2021-04-21 10:00:00,90.0,90.0
D2,FG-R5-recent-w16-k5,1,7,2021-04-22,96,1.0,True,174.0,170.0869903564453,-3.9130096435546875,3.9130096435546875,2021-04-22 08:30:00,2021-04-22 10:30:00,120.0,120.0
D2,FG-R5-recent-w16-k5,1,7,2021-04-23,96,1.0,True,174.0,172.19300842285156,-1.8069915771484375,1.8069915771484375,2021-04-23 08:30:00,2021-04-23 10:30:00,120.0,120.0
D2,FG-R5-recent-w16-k5,1,7,2021-04-24,96,1.0,True,112.0,109.20270538330078,-2.7972946166992188,2.7972946166992188,2021-04-24 06:15:00,2021-04-24 04:45:00,-90.0,90.0
D2,FG-R5-recent-w16-k5,1,7,2021-04-25,96,1.0,True,25.0,78.96305847167969,53.96305847167969,53.96305847167969,2021-04-25 01:30:00,2021-04-25 01:30:00,0.0,0.0
D2,FG-R5-recent-w16-k5,1,8,2021-04-19,96,1.0,True,172.0,171.9317169189453,-0.0682830810546875,0.0682830810546875,2021-04-19 08:45:00,2021-04-19 13:15:00,270.0,270.0
D2,FG-R5-recent-w16-k5,1,8,2021-04-20,96,1.0,True,172.0,166.31842041015625,-5.68157958984375,5.68157958984375,2021-04-20 08:45:00,2021-04-20 12:00:00,195.0,195.0
D2,FG-R5-recent-w16-k5,1,8,2021-04-21,96,1.0,True,174.0,173.0201416015625,-0.9798583984375,0.9798583984375,2021-04-21 08:30:00,2021-04-21 08:45:00,15.0,15.0
D2,FG-R5-recent-w16-k5,1,8,2021-04-22,96,1.0,True,174.0,172.18648529052734,-1.8135147094726562,1.8135147094726562,2021-04-22 08:30:00,2021-04-22 08:30:00,0.0,0.0
D2,FG-R5-recent-w16-k5,1,8,2021-04-23,96,1.0,True,174.0,173.51924896240234,-0.48075103759765625,0.48075103759765625,2021-04-23 08:30:00,2021-04-23 08:30:00,0.0,0.0
D2,FG-R5-recent-w16-k5,1,8,2021-04-24,96,1.0,True,112.0,105.89693069458008,-6.103069305419922,6.103069305419922,2021-04-24 06:15:00,2021-04-24 02:30:00,-225.0,225.0
D2,FG-R5-recent-w16-k5,1,8,2021-04-25,96,1.0,True,25.0,91.15063095092773,66.15063095092773,66.15063095092773,2021-04-25 01:30:00,2021-04-25 01:45:00,15.0,15.0
D2,FG-R5-recent-w16-k5,1,9,2021-04-19,96,1.0,True,172.0,171.98094177246094,-0.0190582275390625,0.0190582275390625,2021-04-19 08:45:00,2021-04-19 13:30:00,285.0,285.0
D2,FG-R5-recent-w16-k5,1,9,2021-04-20,96,1.0,True,172.0,166.69498443603516,-5.305015563964844,5.305015563964844,2021-04-20 08:45:00,2021-04-20 12:00:00,195.0,195.0
D2,FG-R5-recent-w16-k5,1,9,2021-04-21,96,1.0,True,174.0,174.14108276367188,0.141082763671875,0.141082763671875,2021-04-21 08:30:00,2021-04-21 09:00:00,30.0,30.0
D2,FG-R5-recent-w16-k5,1,9,2021-04-22,96,1.0,True,174.0,172.05196380615234,-1.9480361938476562,1.9480361938476562,2021-04-22 08:30:00,2021-04-22 08:30:00,0.0,0.0
D2,FG-R5-recent-w16-k5,1,9,2021-04-23,96,1.0,True,174.0,172.70811462402344,-1.2918853759765625,1.2918853759765625,2021-04-23 08:30:00,2021-04-23 08:30:00,0.0,0.0
D2,FG-R5-recent-w16-k5,1,9,2021-04-24,96,1.0,True,112.0,109.27693176269531,-2.7230682373046875,2.7230682373046875,2021-04-24 06:15:00,2021-04-24 06:15:00,0.0,0.0
D2,FG-R5-recent-w16-k5,1,9,2021-04-25,96,1.0,True,25.0,88.01184463500977,63.011844635009766,63.011844635009766,2021-04-25 01:30:00,2021-04-25 02:00:00,30.0,30.0
D2,FG-R5-recent-w16-k5,1,10,2021-04-19,96,1.0,True,172.0,176.16692352294922,4.166923522949219,4.166923522949219,2021-04-19 08:45:00,2021-04-19 13:15:00,270.0,270.0
D2,FG-R5-recent-w16-k5,1,10,2021-04-20,96,1.0,True,172.0,166.73006439208984,-5.269935607910156,5.269935607910156,2021-04-20 08:45:00,2021-04-20 11:15:00,150.0,150.0
D2,FG-R5-recent-w16-k5,1,10,2021-04-21,96,1.0,True,174.0,172.8370361328125,-1.1629638671875,1.1629638671875,2021-04-21 08:30:00,2021-04-21 09:00:00,30.0,30.0
D2,FG-R5-recent-w16-k5,1,10,2021-04-22,96,1.0,True,174.0,171.5899658203125,-2.4100341796875,2.4100341796875,2021-04-22 08:30:00,2021-04-22 08:30:00,0.0,0.0
D2,FG-R5-recent-w16-k5,1,10,2021-04-23,96,1.0,True,174.0,173.8354263305664,-0.16457366943359375,0.16457366943359375,2021-04-23 08:30:00,2021-04-23 08:30:00,0.0,0.0
D2,FG-R5-recent-w16-k5,1,10,2021-04-24,96,1.0,True,112.0,112.2931900024414,0.29319000244140625,0.29319000244140625,2021-04-24 06:15:00,2021-04-24 04:45:00,-90.0,90.0
D2,FG-R5-recent-w16-k5,1,10,2021-04-25,96,1.0,True,25.0,84.2155818939209,59.2155818939209,59.2155818939209,2021-04-25 01:30:00,2021-04-25 02:15:00,45.0,45.0
D2,FG-R5-recent-w16-k5,1,11,2021-04-19,96,1.0,True,172.0,175.9231948852539,3.9231948852539062,3.9231948852539062,2021-04-19 08:45:00,2021-04-19 13:30:00,285.0,285.0
D2,FG-R5-recent-w16-k5,1,11,2021-04-20,96,1.0,True,172.0,165.8992156982422,-6.1007843017578125,6.1007843017578125,2021-04-20 08:45:00,2021-04-20 12:00:00,195.0,195.0
D2,FG-R5-recent-w16-k5,1,11,2021-04-21,96,1.0,True,174.0,173.6722869873047,-0.3277130126953125,0.3277130126953125,2021-04-21 08:30:00,2021-04-21 10:45:00,135.0,135.0
D2,FG-R5-recent-w16-k5,1,11,2021-04-22,96,1.0,True,174.0,171.36587524414062,-2.634124755859375,2.634124755859375,2021-04-22 08:30:00,2021-04-22 08:30:00,0.0,0.0
D2,FG-R5-recent-w16-k5,1,11,2021-04-23,96,1.0,True,174.0,172.1022491455078,-1.8977508544921875,1.8977508544921875,2021-04-23 08:30:00,2021-04-23 08:30:00,0.0,0.0
D2,FG-R5-recent-w16-k5,1,11,2021-04-24,96,1.0,True,112.0,110.49580001831055,-1.5041999816894531,1.5041999816894531,2021-04-24 06:15:00,2021-04-24 04:45:00,-90.0,90.0
D2,FG-R5-recent-w16-k5,1,11,2021-04-25,96,1.0,True,25.0,79.19661712646484,54.196617126464844,54.196617126464844,2021-04-25 01:30:00,2021-04-25 02:30:00,60.0,60.0
D2,FG-R5-recent-w16-k5,1,12,2021-04-19,96,1.0,True,172.0,177.416259765625,5.416259765625,5.416259765625,2021-04-19 08:45:00,2021-04-19 13:45:00,300.0,300.0
D2,FG-R5-recent-w16-k5,1,12,2021-04-20,96,1.0,True,172.0,165.18722534179688,-6.812774658203125,6.812774658203125,2021-04-20 08:45:00,2021-04-20 08:45:00,0.0,0.0
D2,FG-R5-recent-w16-k5,1,12,2021-04-21,96,1.0,True,174.0,172.3815460205078,-1.6184539794921875,1.6184539794921875,2021-04-21 08:30:00,2021-04-21 11:15:00,165.0,165.0
D2,FG-R5-recent-w16-k5,1,12,2021-04-22,96,1.0,True,174.0,171.67144012451172,-2.3285598754882812,2.3285598754882812,2021-04-22 08:30:00,2021-04-22 08:30:00,0.0,0.0
D2,FG-R5-recent-w16-k5,1,12,2021-04-23,96,1.0,True,174.0,171.9318389892578,-2.0681610107421875,2.0681610107421875,2021-04-23 08:30:00,2021-04-23 08:30:00,0.0,0.0
D2,FG-R5-recent-w16-k5,1,12,2021-04-24,96,1.0,True,112.0,111.2411880493164,-0.7588119506835938,0.7588119506835938,2021-04-24 06:15:00,2021-04-24 04:45:00,-90.0,90.0
D2,FG-R5-recent-w16-k5,1,12,2021-04-25,96,1.0,True,25.0,84.28451919555664,59.28451919555664,59.28451919555664,2021-04-25 01:30:00,2021-04-25 02:45:00,75.0,75.0
D2,FG-R5-recent-w16-k5,1,13,2021-04-19,96,1.0,True,172.0,173.13330078125,1.13330078125,1.13330078125,2021-04-19 08:45:00,2021-04-19 15:30:00,405.0,405.0
D2,FG-R5-recent-w16-k5,1,13,2021-04-20,96,1.0,True,172.0,167.7543487548828,-4.2456512451171875,4.2456512451171875,2021-04-20 08:45:00,2021-04-20 08:45:00,0.0,0.0
D2,FG-R5-recent-w16-k5,1,13,2021-04-21,96,1.0,True,174.0,169.04751586914062,-4.952484130859375,4.952484130859375,2021-04-21 08:30:00,2021-04-21 12:00:00,210.0,210.0
D2,FG-R5-recent-w16-k5,1,13,2021-04-22,96,1.0,True,174.0,171.27354431152344,-2.7264556884765625,2.7264556884765625,2021-04-22 08:30:00,2021-04-22 10:30:00,120.0,120.0
D2,FG-R5-recent-w16-k5,1,13,2021-04-23,96,1.0,True,174.0,172.24807739257812,-1.751922607421875,1.751922607421875,2021-04-23 08:30:00,2021-04-23 10:30:00,120.0,120.0
D2,FG-R5-recent-w16-k5,1,13,2021-04-24,96,1.0,True,112.0,110.74740600585938,-1.252593994140625,1.252593994140625,2021-04-24 06:15:00,2021-04-24 04:30:00,-105.0,105.0
D2,FG-R5-recent-w16-k5,1,13,2021-04-25,96,1.0,True,25.0,83.50829887390137,58.50829887390137,58.50829887390137,2021-04-25 01:30:00,2021-04-25 03:00:00,90.0,90.0
D2,FG-R5-recent-w16-k5,1,14,2021-04-19,96,1.0,True,172.0,174.84608459472656,2.8460845947265625,2.8460845947265625,2021-04-19 08:45:00,2021-04-19 13:15:00,270.0,270.0
D2,FG-R5-recent-w16-k5,1,14,2021-04-20,96,1.0,True,172.0,168.4748764038086,-3.5251235961914062,3.5251235961914062,2021-04-20 08:45:00,2021-04-20 09:00:00,15.0,15.0
D2,FG-R5-recent-w16-k5,1,14,2021-04-21,96,1.0,True,174.0,171.5033721923828,-2.4966278076171875,2.4966278076171875,2021-04-21 08:30:00,2021-04-21 11:45:00,195.0,195.0
D2,FG-R5-recent-w16-k5,1,14,2021-04-22,96,1.0,True,174.0,170.87757873535156,-3.1224212646484375,3.1224212646484375,2021-04-22 08:30:00,2021-04-22 10:45:00,135.0,135.0
D2,FG-R5-recent-w16-k5,1,14,2021-04-23,96,1.0,True,174.0,171.73805236816406,-2.2619476318359375,2.2619476318359375,2021-04-23 08:30:00,2021-04-23 10:30:00,120.0,120.0
D2,FG-R5-recent-w16-k5,1,14,2021-04-24,96,1.0,True,112.0,114.89495468139648,2.8949546813964844,2.8949546813964844,2021-04-24 06:15:00,2021-04-24 04:45:00,-90.0,90.0
D2,FG-R5-recent-w16-k5,1,14,2021-04-25,96,1.0,True,25.0,73.13849258422852,48.138492584228516,48.138492584228516,2021-04-25 01:30:00,2021-04-25 03:15:00,105.0,105.0
D2,FG-R5-recent-w16-k5,1,15,2021-04-19,96,1.0,True,172.0,174.9493408203125,2.9493408203125,2.9493408203125,2021-04-19 08:45:00,2021-04-19 13:45:00,300.0,300.0
D2,FG-R5-recent-w16-k5,1,15,2021-04-20,96,1.0,True,172.0,167.09918975830078,-4.900810241699219,4.900810241699219,2021-04-20 08:45:00,2021-04-20 09:00:00,15.0,15.0
D2,FG-R5-recent-w16-k5,1,15,2021-04-21,96,1.0,True,174.0,169.5496063232422,-4.4503936767578125,4.4503936767578125,2021-04-21 08:30:00,2021-04-21 11:30:00,180.0,180.0
D2,FG-R5-recent-w16-k5,1,15,2021-04-22,96,1.0,True,174.0,170.79708862304688,-3.202911376953125,3.202911376953125,2021-04-22 08:30:00,2021-04-22 08:30:00,0.0,0.0
D2,FG-R5-recent-w16-k5,1,15,2021-04-23,96,1.0,True,174.0,171.59879302978516,-2.4012069702148438,2.4012069702148438,2021-04-23 08:30:00,2021-04-23 10:30:00,120.0,120.0
D2,FG-R5-recent-w16-k5,1,15,2021-04-24,96,1.0,True,112.0,112.05469512939453,0.05469512939453125,0.05469512939453125,2021-04-24 06:15:00,2021-04-24 04:45:00,-90.0,90.0
D2,FG-R5-recent-w16-k5,1,15,2021-04-25,96,1.0,True,25.0,84.07308006286621,59.07308006286621,59.07308006286621,2021-04-25 01:30:00,2021-04-25 03:30:00,120.0,120.0
D2,FG-R5-recent-w16-k5,1,16,2021-04-19,96,1.0,True,172.0,175.81121826171875,3.81121826171875,3.81121826171875,2021-04-19 08:45:00,2021-04-19 13:45:00,300.0,300.0
D2,FG-R5-recent-w16-k5,1,16,2021-04-20,96,1.0,True,172.0,167.06595611572266,-4.934043884277344,4.934043884277344,2021-04-20 08:45:00,2021-04-20 08:45:00,0.0,0.0
D2,FG-R5-recent-w16-k5,1,16,2021-04-21,96,1.0,True,174.0,172.53160095214844,-1.4683990478515625,1.4683990478515625,2021-04-21 08:30:00,2021-04-21 08:30:00,0.0,0.0
D2,FG-R5-recent-w16-k5,1,16,2021-04-22,96,1.0,True,174.0,172.10206604003906,-1.8979339599609375,1.8979339599609375,2021-04-22 08:30:00,2021-04-22 08:30:00,0.0,0.0
D2,FG-R5-recent-w16-k5,1,16,2021-04-23,96,1.0,True,174.0,172.88733673095703,-1.1126632690429688,1.1126632690429688,2021-04-23 08:30:00,2021-04-23 10:30:00,120.0,120.0
D2,FG-R5-recent-w16-k5,1,16,2021-04-24,96,1.0,True,112.0,113.36437225341797,1.3643722534179688,1.3643722534179688,2021-04-24 06:15:00,2021-04-24 04:45:00,-90.0,90.0
D2,FG-R5-recent-w16-k5,1,16,2021-04-25,96,1.0,True,25.0,83.92973709106445,58.92973709106445,58.92973709106445,2021-04-25 01:30:00,2021-04-25 03:45:00,135.0,135.0
D2,FG-R5-recent-w16-k5,3,4,2021-05-05,95,0.9895833333333334,False,120.0,115.03038787841797,-4.969612121582031,4.969612121582031,2021-05-05 04:15:00,2021-05-05 06:30:00,135.0,135.0
D2,FG-R5-recent-w16-k5,3,4,2021-05-06,96,1.0,True,199.0,183.99163818359375,-15.00836181640625,15.00836181640625,2021-05-06 09:00:00,2021-05-06 09:00:00,0.0,0.0
D2,FG-R5-recent-w16-k5,3,4,2021-05-07,96,1.0,True,181.0,174.42679595947266,-6.573204040527344,6.573204040527344,2021-05-07 09:00:00,2021-05-07 09:00:00,0.0,0.0
D2,FG-R5-recent-w16-k5,3,4,2021-05-08,96,1.0,True,115.0,111.28955841064453,-3.7104415893554688,3.7104415893554688,2021-05-08 02:00:00,2021-05-08 02:15:00,15.0,15.0
D2,FG-R5-recent-w16-k5,3,4,2021-05-09,96,1.0,True,184.0,178.84662628173828,-5.153373718261719,5.153373718261719,2021-05-09 09:00:00,2021-05-09 09:00:00,0.0,0.0
D2,FG-R5-recent-w16-k5,3,5,2021-05-05,95,0.9895833333333334,False,120.0,114.28691482543945,-5.713085174560547,5.713085174560547,2021-05-05 04:15:00,2021-05-05 06:15:00,120.0,120.0
D2,FG-R5-recent-w16-k5,3,5,2021-05-06,96,1.0,True,199.0,180.1531524658203,-18.846847534179688,18.846847534179688,2021-05-06 09:00:00,2021-05-06 09:00:00,0.0,0.0
D2,FG-R5-recent-w16-k5,3,5,2021-05-07,96,1.0,True,181.0,174.26600646972656,-6.7339935302734375,6.7339935302734375,2021-05-07 09:00:00,2021-05-07 09:00:00,0.0,0.0
D2,FG-R5-recent-w16-k5,3,5,2021-05-08,96,1.0,True,115.0,111.16156005859375,-3.83843994140625,3.83843994140625,2021-05-08 02:00:00,2021-05-08 06:15:00,255.0,255.0
D2,FG-R5-recent-w16-k5,3,5,2021-05-09,96,1.0,True,184.0,168.6436309814453,-15.356369018554688,15.356369018554688,2021-05-09 09:00:00,2021-05-09 11:45:00,165.0,165.0
D2,FG-R5-recent-w16-k5,3,6,2021-05-05,95,0.9895833333333334,False,120.0,115.39270401000977,-4.607295989990234,4.607295989990234,2021-05-05 04:15:00,2021-05-05 06:00:00,105.0,105.0
D2,FG-R5-recent-w16-k5,3,6,2021-05-06,96,1.0,True,199.0,177.1357421875,-21.8642578125,21.8642578125,2021-05-06 09:00:00,2021-05-06 11:45:00,165.0,165.0
D2,FG-R5-recent-w16-k5,3,6,2021-05-07,96,1.0,True,181.0,173.9540252685547,-7.0459747314453125,7.0459747314453125,2021-05-07 09:00:00,2021-05-07 09:00:00,0.0,0.0
D2,FG-R5-recent-w16-k5,3,6,2021-05-08,96,1.0,True,115.0,112.60190200805664,-2.3980979919433594,2.3980979919433594,2021-05-08 02:00:00,2021-05-08 06:15:00,255.0,255.0
D2,FG-R5-recent-w16-k5,3,6,2021-05-09,96,1.0,True,184.0,169.94271850585938,-14.057281494140625,14.057281494140625,2021-05-09 09:00:00,2021-05-09 10:30:00,90.0,90.0
D2,FG-R5-recent-w16-k5,3,7,2021-05-05,95,0.9895833333333334,False,120.0,125.40613555908203,5.406135559082031,5.406135559082031,2021-05-05 04:15:00,2021-05-05 06:00:00,105.0,105.0
D2,FG-R5-recent-w16-k5,3,7,2021-05-06,96,1.0,True,199.0,178.86387634277344,-20.136123657226562,20.136123657226562,2021-05-06 09:00:00,2021-05-06 11:45:00,165.0,165.0
D2,FG-R5-recent-w16-k5,3,7,2021-05-07,96,1.0,True,181.0,173.39266967773438,-7.607330322265625,7.607330322265625,2021-05-07 09:00:00,2021-05-07 09:00:00,0.0,0.0
D2,FG-R5-recent-w16-k5,3,7,2021-05-08,96,1.0,True,115.0,111.99859619140625,-3.00140380859375,3.00140380859375,2021-05-08 02:00:00,2021-05-08 06:15:00,255.0,255.0
D2,FG-R5-recent-w16-k5,3,7,2021-05-09,96,1.0,True,184.0,168.828125,-15.171875,15.171875,2021-05-09 09:00:00,2021-05-09 10:30:00,90.0,90.0
D2,FG-R5-recent-w16-k5,3,8,2021-05-05,95,0.9895833333333334,False,120.0,140.2539291381836,20.253929138183594,20.253929138183594,2021-05-05 04:15:00,2021-05-05 07:45:00,210.0,210.0
D2,FG-R5-recent-w16-k5,3,8,2021-05-06,96,1.0,True,199.0,177.21908569335938,-21.780914306640625,21.780914306640625,2021-05-06 09:00:00,2021-05-06 11:45:00,165.0,165.0
D2,FG-R5-recent-w16-k5,3,8,2021-05-07,96,1.0,True,181.0,174.1194305419922,-6.8805694580078125,6.8805694580078125,2021-05-07 09:00:00,2021-05-07 08:30:00,-30.0,30.0
D2,FG-R5-recent-w16-k5,3,8,2021-05-08,96,1.0,True,115.0,111.97801971435547,-3.0219802856445312,3.0219802856445312,2021-05-08 02:00:00,2021-05-08 06:15:00,255.0,255.0
D2,FG-R5-recent-w16-k5,3,8,2021-05-09,96,1.0,True,184.0,169.43545532226562,-14.564544677734375,14.564544677734375,2021-05-09 09:00:00,2021-05-09 11:00:00,120.0,120.0
D2,FG-R5-recent-w16-k5,3,9,2021-05-05,95,0.9895833333333334,False,120.0,145.10049438476562,25.100494384765625,25.100494384765625,2021-05-05 04:15:00,2021-05-05 07:45:00,210.0,210.0
D2,FG-R5-recent-w16-k5,3,9,2021-05-06,96,1.0,True,199.0,176.61267852783203,-22.38732147216797,22.38732147216797,2021-05-06 09:00:00,2021-05-06 11:45:00,165.0,165.0
D2,FG-R5-recent-w16-k5,3,9,2021-05-07,96,1.0,True,181.0,174.66040802001953,-6.339591979980469,6.339591979980469,2021-05-07 09:00:00,2021-05-07 08:30:00,-30.0,30.0
D2,FG-R5-recent-w16-k5,3,9,2021-05-08,96,1.0,True,115.0,110.93640518188477,-4.063594818115234,4.063594818115234,2021-05-08 02:00:00,2021-05-08 06:15:00,255.0,255.0
D2,FG-R5-recent-w16-k5,3,9,2021-05-09,96,1.0,True,184.0,172.0332794189453,-11.966720581054688,11.966720581054688,2021-05-09 09:00:00,2021-05-09 11:15:00,135.0,135.0
D2,FG-R5-recent-w16-k5,3,10,2021-05-05,95,0.9895833333333334,False,120.0,164.57142639160156,44.57142639160156,44.57142639160156,2021-05-05 04:15:00,2021-05-05 08:15:00,240.0,240.0
D2,FG-R5-recent-w16-k5,3,10,2021-05-06,96,1.0,True,199.0,175.59066009521484,-23.409339904785156,23.409339904785156,2021-05-06 09:00:00,2021-05-06 11:45:00,165.0,165.0
D2,FG-R5-recent-w16-k5,3,10,2021-05-07,96,1.0,True,181.0,174.28199768066406,-6.7180023193359375,6.7180023193359375,2021-05-07 09:00:00,2021-05-07 08:30:00,-30.0,30.0
D2,FG-R5-recent-w16-k5,3,10,2021-05-08,96,1.0,True,115.0,112.34814453125,-2.65185546875,2.65185546875,2021-05-08 02:00:00,2021-05-08 06:15:00,255.0,255.0
D2,FG-R5-recent-w16-k5,3,10,2021-05-09,96,1.0,True,184.0,171.04096221923828,-12.959037780761719,12.959037780761719,2021-05-09 09:00:00,2021-05-09 11:15:00,135.0,135.0
D2,FG-R5-recent-w16-k5,3,11,2021-05-05,95,0.9895833333333334,False,120.0,175.84777069091797,55.84777069091797,55.84777069091797,2021-05-05 04:15:00,2021-05-05 08:30:00,255.0,255.0
D2,FG-R5-recent-w16-k5,3,11,2021-05-06,96,1.0,True,199.0,177.2742156982422,-21.725784301757812,21.725784301757812,2021-05-06 09:00:00,2021-05-06 11:45:00,165.0,165.0
D2,FG-R5-recent-w16-k5,3,11,2021-05-07,96,1.0,True,181.0,173.53175354003906,-7.4682464599609375,7.4682464599609375,2021-05-07 09:00:00,2021-05-07 09:00:00,0.0,0.0
D2,FG-R5-recent-w16-k5,3,11,2021-05-08,96,1.0,True,115.0,110.93365097045898,-4.066349029541016,4.066349029541016,2021-05-08 02:00:00,2021-05-08 06:15:00,255.0,255.0
D2,FG-R5-recent-w16-k5,3,11,2021-05-09,96,1.0,True,184.0,171.61373901367188,-12.386260986328125,12.386260986328125,2021-05-09 09:00:00,2021-05-09 11:15:00,135.0,135.0
D2,FG-R5-recent-w16-k5,3,12,2021-05-05,95,0.9895833333333334,False,120.0,179.74270629882812,59.742706298828125,59.742706298828125,2021-05-05 04:15:00,2021-05-05 08:30:00,255.0,255.0
D2,FG-R5-recent-w16-k5,3,12,2021-05-06,96,1.0,True,199.0,175.22420501708984,-23.775794982910156,23.775794982910156,2021-05-06 09:00:00,2021-05-06 11:45:00,165.0,165.0
D2,FG-R5-recent-w16-k5,3,12,2021-05-07,96,1.0,True,181.0,173.15309143066406,-7.8469085693359375,7.8469085693359375,2021-05-07 09:00:00,2021-05-07 09:00:00,0.0,0.0
D2,FG-R5-recent-w16-k5,3,12,2021-05-08,96,1.0,True,115.0,107.27294921875,-7.72705078125,7.72705078125,2021-05-08 02:00:00,2021-05-08 06:30:00,270.0,270.0
D2,FG-R5-recent-w16-k5,3,12,2021-05-09,96,1.0,True,184.0,169.62593841552734,-14.374061584472656,14.374061584472656,2021-05-09 09:00:00,2021-05-09 11:45:00,165.0,165.0
D2,FG-R5-recent-w16-k5,3,13,2021-05-05,95,0.9895833333333334,False,120.0,172.3284454345703,52.32844543457031,52.32844543457031,2021-05-05 04:15:00,2021-05-05 08:45:00,270.0,270.0
D2,FG-R5-recent-w16-k5,3,13,2021-05-06,96,1.0,True,199.0,175.26282501220703,-23.73717498779297,23.73717498779297,2021-05-06 09:00:00,2021-05-06 11:45:00,165.0,165.0
D2,FG-R5-recent-w16-k5,3,13,2021-05-07,96,1.0,True,181.0,172.776611328125,-8.223388671875,8.223388671875,2021-05-07 09:00:00,2021-05-07 09:00:00,0.0,0.0
D2,FG-R5-recent-w16-k5,3,13,2021-05-08,96,1.0,True,115.0,112.25269317626953,-2.7473068237304688,2.7473068237304688,2021-05-08 02:00:00,2021-05-08 06:15:00,255.0,255.0
D2,FG-R5-recent-w16-k5,3,13,2021-05-09,96,1.0,True,184.0,170.50282287597656,-13.497177124023438,13.497177124023438,2021-05-09 09:00:00,2021-05-09 11:45:00,165.0,165.0
D2,FG-R5-recent-w16-k5,3,14,2021-05-05,95,0.9895833333333334,False,120.0,168.32666015625,48.32666015625,48.32666015625,2021-05-05 04:15:00,2021-05-05 09:00:00,285.0,285.0
D2,FG-R5-recent-w16-k5,3,14,2021-05-06,96,1.0,True,199.0,175.45362854003906,-23.546371459960938,23.546371459960938,2021-05-06 09:00:00,2021-05-06 11:45:00,165.0,165.0
D2,FG-R5-recent-w16-k5,3,14,2021-05-07,96,1.0,True,181.0,173.26725006103516,-7.732749938964844,7.732749938964844,2021-05-07 09:00:00,2021-05-07 09:00:00,0.0,0.0
D2,FG-R5-recent-w16-k5,3,14,2021-05-08,96,1.0,True,115.0,111.03958511352539,-3.9604148864746094,3.9604148864746094,2021-05-08 02:00:00,2021-05-08 06:30:00,270.0,270.0
D2,FG-R5-recent-w16-k5,3,14,2021-05-09,96,1.0,True,184.0,167.59637451171875,-16.40362548828125,16.40362548828125,2021-05-09 09:00:00,2021-05-09 11:45:00,165.0,165.0
D2,FG-R5-recent-w16-k5,3,15,2021-05-05,95,0.9895833333333334,False,120.0,176.94310760498047,56.94310760498047,56.94310760498047,2021-05-05 04:15:00,2021-05-05 08:30:00,255.0,255.0
D2,FG-R5-recent-w16-k5,3,15,2021-05-06,96,1.0,True,199.0,171.7895736694336,-27.210426330566406,27.210426330566406,2021-05-06 09:00:00,2021-05-06 13:30:00,270.0,270.0
D2,FG-R5-recent-w16-k5,3,15,2021-05-07,96,1.0,True,181.0,173.3499298095703,-7.6500701904296875,7.6500701904296875,2021-05-07 09:00:00,2021-05-07 08:30:00,-30.0,30.0
D2,FG-R5-recent-w16-k5,3,15,2021-05-08,96,1.0,True,115.0,109.12754440307617,-5.872455596923828,5.872455596923828,2021-05-08 02:00:00,2021-05-08 06:45:00,285.0,285.0
D2,FG-R5-recent-w16-k5,3,15,2021-05-09,96,1.0,True,184.0,165.1006622314453,-18.899337768554688,18.899337768554688,2021-05-09 09:00:00,2021-05-09 11:45:00,165.0,165.0
D2,FG-R5-recent-w16-k5,3,16,2021-05-05,95,0.9895833333333334,False,120.0,179.80571746826172,59.80571746826172,59.80571746826172,2021-05-05 04:15:00,2021-05-05 08:30:00,255.0,255.0
D2,FG-R5-recent-w16-k5,3,16,2021-05-06,96,1.0,True,199.0,171.00193786621094,-27.998062133789062,27.998062133789062,2021-05-06 09:00:00,2021-05-06 13:30:00,270.0,270.0
D2,FG-R5-recent-w16-k5,3,16,2021-05-07,96,1.0,True,181.0,173.5851287841797,-7.4148712158203125,7.4148712158203125,2021-05-07 09:00:00,2021-05-07 09:00:00,0.0,0.0
D2,FG-R5-recent-w16-k5,3,16,2021-05-08,96,1.0,True,115.0,102.01871109008789,-12.98128890991211,12.98128890991211,2021-05-08 02:00:00,2021-05-08 06:30:00,270.0,270.0
D2,FG-R5-recent-w16-k5,3,16,2021-05-09,96,1.0,True,184.0,158.569580078125,-25.430419921875,25.430419921875,2021-05-09 09:00:00,2021-05-09 14:45:00,345.0,345.0
D2,FG-R5-recent-w16-k5,5,4,2021-05-17,95,0.9895833333333334,False,192.0,189.0,-3.0,3.0,2021-05-17 09:00:00,2021-05-17 11:45:00,165.0,165.0
D2,FG-R5-recent-w16-k5,5,4,2021-05-18,1,0.010416666666666666,False,73.0,61.0,-12.0,12.0,2021-05-18 00:00:00,2021-05-18 00:00:00,0.0,0.0
D2,FG-R5-recent-w16-k5,5,4,2021-05-19,95,0.9895833333333334,False,108.0,108.0,0.0,0.0,2021-05-19 06:15:00,2021-05-19 06:15:00,0.0,0.0
D2,FG-R5-recent-w16-k5,5,4,2021-05-20,96,1.0,True,181.0,190.0,9.0,9.0,2021-05-20 13:15:00,2021-05-20 08:30:00,-285.0,285.0
D2,FG-R5-recent-w16-k5,5,4,2021-05-21,96,1.0,True,160.0,180.0,20.0,20.0,2021-05-21 08:30:00,2021-05-21 08:30:00,0.0,0.0
D2,FG-R5-recent-w16-k5,5,4,2021-05-22,96,1.0,True,112.0,115.0,3.0,3.0,2021-05-22 06:15:00,2021-05-22 02:30:00,-225.0,225.0
D2,FG-R5-recent-w16-k5,5,4,2021-05-23,96,1.0,True,25.0,159.0,134.0,134.0,2021-05-23 03:00:00,2021-05-23 08:15:00,315.0,315.0
D2,FG-R5-recent-w16-k5,5,5,2021-05-17,95,0.9895833333333334,False,192.0,188.0,-4.0,4.0,2021-05-17 09:00:00,2021-05-17 13:15:00,255.0,255.0
D2,FG-R5-recent-w16-k5,5,5,2021-05-18,1,0.010416666666666666,False,73.0,59.0,-14.0,14.0,2021-05-18 00:00:00,2021-05-18 00:00:00,0.0,0.0
D2,FG-R5-recent-w16-k5,5,5,2021-05-19,95,0.9895833333333334,False,108.0,121.0,13.0,13.0,2021-05-19 06:15:00,2021-05-19 07:45:00,90.0,90.0
D2,FG-R5-recent-w16-k5,5,5,2021-05-20,96,1.0,True,181.0,189.0,8.0,8.0,2021-05-20 13:15:00,2021-05-20 08:45:00,-270.0,270.0
D2,FG-R5-recent-w16-k5,5,5,2021-05-21,96,1.0,True,160.0,175.0,15.0,15.0,2021-05-21 08:30:00,2021-05-21 10:45:00,135.0,135.0
D2,FG-R5-recent-w16-k5,5,5,2021-05-22,96,1.0,True,112.0,117.0,5.0,5.0,2021-05-22 06:15:00,2021-05-22 02:15:00,-240.0,240.0
D2,FG-R5-recent-w16-k5,5,5,2021-05-23,96,1.0,True,25.0,190.0,165.0,165.0,2021-05-23 03:00:00,2021-05-23 08:30:00,330.0,330.0
D2,FG-R5-recent-w16-k5,5,6,2021-05-17,95,0.9895833333333334,False,192.0,191.0,-1.0,1.0,2021-05-17 09:00:00,2021-05-17 13:30:00,270.0,270.0
D2,FG-R5-recent-w16-k5,5,6,2021-05-18,1,0.010416666666666666,False,73.0,62.0,-11.0,11.0,2021-05-18 00:00:00,2021-05-18 00:00:00,0.0,0.0
D2,FG-R5-recent-w16-k5,5,6,2021-05-19,95,0.9895833333333334,False,108.0,127.0,19.0,19.0,2021-05-19 06:15:00,2021-05-19 07:45:00,90.0,90.0
D2,FG-R5-recent-w16-k5,5,6,2021-05-20,96,1.0,True,181.0,186.0,5.0,5.0,2021-05-20 13:15:00,2021-05-20 09:30:00,-225.0,225.0
D2,FG-R5-recent-w16-k5,5,6,2021-05-21,96,1.0,True,160.0,175.0,15.0,15.0,2021-05-21 08:30:00,2021-05-21 11:00:00,150.0,150.0
D2,FG-R5-recent-w16-k5,5,6,2021-05-22,96,1.0,True,112.0,114.0,2.0,2.0,2021-05-22 06:15:00,2021-05-22 02:30:00,-225.0,225.0
D2,FG-R5-recent-w16-k5,5,6,2021-05-23,96,1.0,True,25.0,189.0,164.0,164.0,2021-05-23 03:00:00,2021-05-23 08:45:00,345.0,345.0
D2,FG-R5-recent-w16-k5,5,7,2021-05-17,95,0.9895833333333334,False,192.0,191.0,-1.0,1.0,2021-05-17 09:00:00,2021-05-17 13:45:00,285.0,285.0
D2,FG-R5-recent-w16-k5,5,7,2021-05-18,1,0.010416666666666666,False,73.0,82.0,9.0,9.0,2021-05-18 00:00:00,2021-05-18 00:00:00,0.0,0.0
D2,FG-R5-recent-w16-k5,5,7,2021-05-19,95,0.9895833333333334,False,108.0,140.0,32.0,32.0,2021-05-19 06:15:00,2021-05-19 08:15:00,120.0,120.0
D2,FG-R5-recent-w16-k5,5,7,2021-05-20,96,1.0,True,181.0,187.0,6.0,6.0,2021-05-20 13:15:00,2021-05-20 09:15:00,-240.0,240.0
D2,FG-R5-recent-w16-k5,5,7,2021-05-21,96,1.0,True,160.0,173.0,13.0,13.0,2021-05-21 08:30:00,2021-05-21 09:45:00,75.0,75.0
D2,FG-R5-recent-w16-k5,5,7,2021-05-22,96,1.0,True,112.0,113.0,1.0,1.0,2021-05-22 06:15:00,2021-05-22 02:45:00,-210.0,210.0
D2,FG-R5-recent-w16-k5,5,7,2021-05-23,96,1.0,True,25.0,198.0,173.0,173.0,2021-05-23 03:00:00,2021-05-23 09:00:00,360.0,360.0
D2,FG-R5-recent-w16-k5,5,8,2021-05-17,95,0.9895833333333334,False,192.0,192.0,0.0,0.0,2021-05-17 09:00:00,2021-05-17 14:00:00,300.0,300.0
D2,FG-R5-recent-w16-k5,5,8,2021-05-18,1,0.010416666666666666,False,73.0,60.0,-13.0,13.0,2021-05-18 00:00:00,2021-05-18 00:00:00,0.0,0.0
D2,FG-R5-recent-w16-k5,5,8,2021-05-19,95,0.9895833333333334,False,108.0,159.0,51.0,51.0,2021-05-19 06:15:00,2021-05-19 08:30:00,135.0,135.0
D2,FG-R5-recent-w16-k5,5,8,2021-05-20,96,1.0,True,181.0,189.0,8.0,8.0,2021-05-20 13:15:00,2021-05-20 12:00:00,-75.0,75.0
D2,FG-R5-recent-w16-k5,5,8,2021-05-21,96,1.0,True,160.0,176.0,16.0,16.0,2021-05-21 08:30:00,2021-05-21 08:30:00,0.0,0.0
D2,FG-R5-recent-w16-k5,5,8,2021-05-22,96,1.0,True,112.0,112.0,0.0,0.0,2021-05-22 06:15:00,2021-05-22 06:15:00,0.0,0.0
D2,FG-R5-recent-w16-k5,5,8,2021-05-23,96,1.0,True,25.0,184.0,159.0,159.0,2021-05-23 03:00:00,2021-05-23 09:15:00,375.0,375.0
D2,FG-R5-recent-w16-k5,5,9,2021-05-17,95,0.9895833333333334,False,192.0,186.0,-6.0,6.0,2021-05-17 09:00:00,2021-05-17 11:15:00,135.0,135.0
D2,FG-R5-recent-w16-k5,5,9,2021-05-18,1,0.010416666666666666,False,73.0,46.0,-27.0,27.0,2021-05-18 00:00:00,2021-05-18 00:00:00,0.0,0.0
D2,FG-R5-recent-w16-k5,5,9,2021-05-19,95,0.9895833333333334,False,108.0,165.0,57.0,57.0,2021-05-19 06:15:00,2021-05-19 08:30:00,135.0,135.0
D2,FG-R5-recent-w16-k5,5,9,2021-05-20,96,1.0,True,181.0,173.0,-8.0,8.0,2021-05-20 13:15:00,2021-05-20 15:30:00,135.0,135.0
D2,FG-R5-recent-w16-k5,5,9,2021-05-21,96,1.0,True,160.0,176.0,16.0,16.0,2021-05-21 08:30:00,2021-05-21 09:45:00,75.0,75.0
D2,FG-R5-recent-w16-k5,5,9,2021-05-22,96,1.0,True,112.0,112.0,0.0,0.0,2021-05-22 06:15:00,2021-05-22 06:15:00,0.0,0.0
D2,FG-R5-recent-w16-k5,5,9,2021-05-23,96,1.0,True,25.0,186.0,161.0,161.0,2021-05-23 03:00:00,2021-05-23 09:30:00,390.0,390.0
D2,FG-R5-recent-w16-k5,5,10,2021-05-17,95,0.9895833333333334,False,192.0,185.0,-7.0,7.0,2021-05-17 09:00:00,2021-05-17 14:30:00,330.0,330.0
D2,FG-R5-recent-w16-k5,5,10,2021-05-18,1,0.010416666666666666,False,73.0,48.0,-25.0,25.0,2021-05-18 00:00:00,2021-05-18 00:00:00,0.0,0.0
D2,FG-R5-recent-w16-k5,5,10,2021-05-19,95,0.9895833333333334,False,108.0,169.0,61.0,61.0,2021-05-19 06:15:00,2021-05-19 08:45:00,150.0,150.0
D2,FG-R5-recent-w16-k5,5,10,2021-05-20,96,1.0,True,181.0,176.0,-5.0,5.0,2021-05-20 13:15:00,2021-05-20 15:45:00,150.0,150.0
D2,FG-R5-recent-w16-k5,5,10,2021-05-21,96,1.0,True,160.0,182.0,22.0,22.0,2021-05-21 08:30:00,2021-05-21 08:30:00,0.0,0.0
D2,FG-R5-recent-w16-k5,5,10,2021-05-22,96,1.0,True,112.0,111.0,-1.0,1.0,2021-05-22 06:15:00,2021-05-22 04:00:00,-135.0,135.0
D2,FG-R5-recent-w16-k5,5,10,2021-05-23,96,1.0,True,25.0,185.0,160.0,160.0,2021-05-23 03:00:00,2021-05-23 09:45:00,405.0,405.0
D2,FG-R5-recent-w16-k5,5,11,2021-05-17,95,0.9895833333333334,False,192.0,196.0,4.0,4.0,2021-05-17 09:00:00,2021-05-17 14:45:00,345.0,345.0
D2,FG-R5-recent-w16-k5,5,11,2021-05-18,1,0.010416666666666666,False,73.0,62.0,-11.0,11.0,2021-05-18 00:00:00,2021-05-18 00:00:00,0.0,0.0
D2,FG-R5-recent-w16-k5,5,11,2021-05-19,95,0.9895833333333334,False,108.0,168.0,60.0,60.0,2021-05-19 06:15:00,2021-05-19 09:00:00,165.0,165.0
D2,FG-R5-recent-w16-k5,5,11,2021-05-20,96,1.0,True,181.0,179.0,-2.0,2.0,2021-05-20 13:15:00,2021-05-20 08:30:00,-285.0,285.0
D2,FG-R5-recent-w16-k5,5,11,2021-05-21,96,1.0,True,160.0,173.0,13.0,13.0,2021-05-21 08:30:00,2021-05-21 08:30:00,0.0,0.0
D2,FG-R5-recent-w16-k5,5,11,2021-05-22,96,1.0,True,112.0,112.0,0.0,0.0,2021-05-22 06:15:00,2021-05-22 06:15:00,0.0,0.0
D2,FG-R5-recent-w16-k5,5,11,2021-05-23,96,1.0,True,25.0,191.0,166.0,166.0,2021-05-23 03:00:00,2021-05-23 08:30:00,330.0,330.0
D2,FG-R5-recent-w16-k5,5,12,2021-05-17,95,0.9895833333333334,False,192.0,192.0,0.0,0.0,2021-05-17 09:00:00,2021-05-17 12:00:00,180.0,180.0
D2,FG-R5-recent-w16-k5,5,12,2021-05-18,1,0.010416666666666666,False,73.0,70.0,-3.0,3.0,2021-05-18 00:00:00,2021-05-18 00:00:00,0.0,0.0
D2,FG-R5-recent-w16-k5,5,12,2021-05-19,95,0.9895833333333334,False,108.0,193.0,85.0,85.0,2021-05-19 06:15:00,2021-05-19 08:00:00,105.0,105.0
D2,FG-R5-recent-w16-k5,5,12,2021-05-20,96,1.0,True,181.0,188.0,7.0,7.0,2021-05-20 13:15:00,2021-05-20 08:30:00,-285.0,285.0
D2,FG-R5-recent-w16-k5,5,12,2021-05-21,96,1.0,True,160.0,177.0,17.0,17.0,2021-05-21 08:30:00,2021-05-21 08:30:00,0.0,0.0
D2,FG-R5-recent-w16-k5,5,12,2021-05-22,96,1.0,True,112.0,110.0,-2.0,2.0,2021-05-22 06:15:00,2021-05-22 04:00:00,-135.0,135.0
D2,FG-R5-recent-w16-k5,5,12,2021-05-23,96,1.0,True,25.0,191.0,166.0,166.0,2021-05-23 03:00:00,2021-05-23 08:30:00,330.0,330.0
D2,FG-R5-recent-w16-k5,5,13,2021-05-17,95,0.9895833333333334,False,192.0,183.0,-9.0,9.0,2021-05-17 09:00:00,2021-05-17 08:30:00,-30.0,30.0
D2,FG-R5-recent-w16-k5,5,13,2021-05-18,1,0.010416666666666666,False,73.0,60.0,-13.0,13.0,2021-05-18 00:00:00,2021-05-18 00:00:00,0.0,0.0
D2,FG-R5-recent-w16-k5,5,13,2021-05-19,95,0.9895833333333334,False,108.0,222.0,114.0,114.0,2021-05-19 06:15:00,2021-05-19 08:15:00,120.0,120.0
D2,FG-R5-recent-w16-k5,5,13,2021-05-20,96,1.0,True,181.0,188.0,7.0,7.0,2021-05-20 13:15:00,2021-05-20 08:30:00,-285.0,285.0
D2,FG-R5-recent-w16-k5,5,13,2021-05-21,96,1.0,True,160.0,182.0,22.0,22.0,2021-05-21 08:30:00,2021-05-21 08:30:00,0.0,0.0
D2,FG-R5-recent-w16-k5,5,13,2021-05-22,96,1.0,True,112.0,107.0,-5.0,5.0,2021-05-22 06:15:00,2021-05-22 04:00:00,-135.0,135.0
D2,FG-R5-recent-w16-k5,5,13,2021-05-23,96,1.0,True,25.0,199.0,174.0,174.0,2021-05-23 03:00:00,2021-05-23 09:00:00,360.0,360.0
D2,FG-R5-recent-w16-k5,5,14,2021-05-17,95,0.9895833333333334,False,192.0,183.0,-9.0,9.0,2021-05-17 09:00:00,2021-05-17 08:30:00,-30.0,30.0
D2,FG-R5-recent-w16-k5,5,14,2021-05-18,1,0.010416666666666666,False,73.0,68.0,-5.0,5.0,2021-05-18 00:00:00,2021-05-18 00:00:00,0.0,0.0
D2,FG-R5-recent-w16-k5,5,14,2021-05-19,95,0.9895833333333334,False,108.0,242.0,134.0,134.0,2021-05-19 06:15:00,2021-05-19 08:30:00,135.0,135.0
D2,FG-R5-recent-w16-k5,5,14,2021-05-20,96,1.0,True,181.0,187.0,6.0,6.0,2021-05-20 13:15:00,2021-05-20 08:45:00,-270.0,270.0
D2,FG-R5-recent-w16-k5,5,14,2021-05-21,96,1.0,True,160.0,186.0,26.0,26.0,2021-05-21 08:30:00,2021-05-21 08:30:00,0.0,0.0
D2,FG-R5-recent-w16-k5,5,14,2021-05-22,96,1.0,True,112.0,110.0,-2.0,2.0,2021-05-22 06:15:00,2021-05-22 01:45:00,-270.0,270.0
D2,FG-R5-recent-w16-k5,5,14,2021-05-23,96,1.0,True,25.0,199.0,174.0,174.0,2021-05-23 03:00:00,2021-05-23 09:00:00,360.0,360.0
D2,FG-R5-recent-w16-k5,5,15,2021-05-17,95,0.9895833333333334,False,192.0,184.0,-8.0,8.0,2021-05-17 09:00:00,2021-05-17 15:45:00,405.0,405.0
D2,FG-R5-recent-w16-k5,5,15,2021-05-18,1,0.010416666666666666,False,73.0,69.0,-4.0,4.0,2021-05-18 00:00:00,2021-05-18 00:00:00,0.0,0.0
D2,FG-R5-recent-w16-k5,5,15,2021-05-19,95,0.9895833333333334,False,108.0,244.0,136.0,136.0,2021-05-19 06:15:00,2021-05-19 08:45:00,150.0,150.0
D2,FG-R5-recent-w16-k5,5,15,2021-05-20,96,1.0,True,181.0,192.0,11.0,11.0,2021-05-20 13:15:00,2021-05-20 13:45:00,30.0,30.0
D2,FG-R5-recent-w16-k5,5,15,2021-05-21,96,1.0,True,160.0,189.0,29.0,29.0,2021-05-21 08:30:00,2021-05-21 09:00:00,30.0,30.0
D2,FG-R5-recent-w16-k5,5,15,2021-05-22,96,1.0,True,112.0,113.0,1.0,1.0,2021-05-22 06:15:00,2021-05-22 01:30:00,-285.0,285.0
D2,FG-R5-recent-w16-k5,5,15,2021-05-23,96,1.0,True,25.0,187.0,162.0,162.0,2021-05-23 03:00:00,2021-05-23 09:30:00,390.0,390.0
D2,FG-R5-recent-w16-k5,5,16,2021-05-17,95,0.9895833333333334,False,192.0,183.0,-9.0,9.0,2021-05-17 09:00:00,2021-05-17 08:30:00,-30.0,30.0
D2,FG-R5-recent-w16-k5,5,16,2021-05-18,1,0.010416666666666666,False,73.0,71.0,-2.0,2.0,2021-05-18 00:00:00,2021-05-18 00:00:00,0.0,0.0
D2,FG-R5-recent-w16-k5,5,16,2021-05-19,95,0.9895833333333334,False,108.0,246.0,138.0,138.0,2021-05-19 06:15:00,2021-05-19 09:00:00,165.0,165.0
D2,FG-R5-recent-w16-k5,5,16,2021-05-20,96,1.0,True,181.0,189.0,8.0,8.0,2021-05-20 13:15:00,2021-05-20 14:00:00,45.0,45.0
D2,FG-R5-recent-w16-k5,5,16,2021-05-21,96,1.0,True,160.0,193.0,33.0,33.0,2021-05-21 08:30:00,2021-05-21 09:00:00,30.0,30.0
D2,FG-R5-recent-w16-k5,5,16,2021-05-22,96,1.0,True,112.0,124.0,12.0,12.0,2021-05-22 06:15:00,2021-05-22 01:45:00,-270.0,270.0
D2,FG-R5-recent-w16-k5,5,16,2021-05-23,96,1.0,True,25.0,191.0,166.0,166.0,2021-05-23 03:00:00,2021-05-23 08:30:00,330.0,330.0
D2,FG-R5-recent-w16-k5,7,4,2021-05-31,95,0.9895833333333334,False,172.0,187.0,15.0,15.0,2021-05-31 10:30:00,2021-05-31 09:00:00,-90.0,90.0
D2,FG-R5-recent-w16-k5,7,4,2021-06-01,1,0.010416666666666666,False,71.0,75.0,4.0,4.0,2021-06-01 00:00:00,2021-06-01 00:00:00,0.0,0.0
D2,FG-R5-recent-w16-k5,7,5,2021-05-31,95,0.9895833333333334,False,172.0,184.0,12.0,12.0,2021-05-31 10:30:00,2021-05-31 08:30:00,-120.0,120.0
D2,FG-R5-recent-w16-k5,7,5,2021-06-01,1,0.010416666666666666,False,71.0,70.0,-1.0,1.0,2021-06-01 00:00:00,2021-06-01 00:00:00,0.0,0.0
D2,FG-R5-recent-w16-k5,7,6,2021-05-31,95,0.9895833333333334,False,172.0,194.0,22.0,22.0,2021-05-31 10:30:00,2021-05-31 09:00:00,-90.0,90.0
D2,FG-R5-recent-w16-k5,7,6,2021-06-01,1,0.010416666666666666,False,71.0,82.0,11.0,11.0,2021-06-01 00:00:00,2021-06-01 00:00:00,0.0,0.0
D2,FG-R5-recent-w16-k5,7,7,2021-05-31,95,0.9895833333333334,False,172.0,185.0,13.0,13.0,2021-05-31 10:30:00,2021-05-31 08:30:00,-120.0,120.0
D2,FG-R5-recent-w16-k5,7,7,2021-06-01,1,0.010416666666666666,False,71.0,80.0,9.0,9.0,2021-06-01 00:00:00,2021-06-01 00:00:00,0.0,0.0
D2,FG-R5-recent-w16-k5,7,8,2021-05-31,95,0.9895833333333334,False,172.0,185.0,13.0,13.0,2021-05-31 10:30:00,2021-05-31 08:30:00,-120.0,120.0
D2,FG-R5-recent-w16-k5,7,8,2021-06-01,1,0.010416666666666666,False,71.0,90.0,19.0,19.0,2021-06-01 00:00:00,2021-06-01 00:00:00,0.0,0.0
D2,FG-R5-recent-w16-k5,7,9,2021-05-31,95,0.9895833333333334,False,172.0,184.0,12.0,12.0,2021-05-31 10:30:00,2021-05-31 08:45:00,-105.0,105.0
D2,FG-R5-recent-w16-k5,7,9,2021-06-01,1,0.010416666666666666,False,71.0,91.0,20.0,20.0,2021-06-01 00:00:00,2021-06-01 00:00:00,0.0,0.0
D2,FG-R5-recent-w16-k5,7,10,2021-05-31,95,0.9895833333333334,False,172.0,184.0,12.0,12.0,2021-05-31 10:30:00,2021-05-31 08:30:00,-120.0,120.0
D2,FG-R5-recent-w16-k5,7,10,2021-06-01,1,0.010416666666666666,False,71.0,82.0,11.0,11.0,2021-06-01 00:00:00,2021-06-01 00:00:00,0.0,0.0
D2,FG-R5-recent-w16-k5,7,11,2021-05-31,95,0.9895833333333334,False,172.0,183.0,11.0,11.0,2021-05-31 10:30:00,2021-05-31 08:30:00,-120.0,120.0
D2,FG-R5-recent-w16-k5,7,11,2021-06-01,1,0.010416666666666666,False,71.0,63.0,-8.0,8.0,2021-06-01 00:00:00,2021-06-01 00:00:00,0.0,0.0
D2,FG-R5-recent-w16-k5,7,12,2021-05-31,95,0.9895833333333334,False,172.0,184.0,12.0,12.0,2021-05-31 10:30:00,2021-05-31 08:30:00,-120.0,120.0
D2,FG-R5-recent-w16-k5,7,12,2021-06-01,1,0.010416666666666666,False,71.0,80.0,9.0,9.0,2021-06-01 00:00:00,2021-06-01 00:00:00,0.0,0.0
D2,FG-R5-recent-w16-k5,7,13,2021-05-31,95,0.9895833333333334,False,172.0,184.0,12.0,12.0,2021-05-31 10:30:00,2021-05-31 08:30:00,-120.0,120.0
D2,FG-R5-recent-w16-k5,7,13,2021-06-01,1,0.010416666666666666,False,71.0,73.0,2.0,2.0,2021-06-01 00:00:00,2021-06-01 00:00:00,0.0,0.0
D2,FG-R5-recent-w16-k5,7,14,2021-05-31,95,0.9895833333333334,False,172.0,184.0,12.0,12.0,2021-05-31 10:30:00,2021-05-31 08:30:00,-120.0,120.0
D2,FG-R5-recent-w16-k5,7,14,2021-06-01,1,0.010416666666666666,False,71.0,69.0,-2.0,2.0,2021-06-01 00:00:00,2021-06-01 00:00:00,0.0,0.0
D2,FG-R5-recent-w16-k5,7,15,2021-05-31,95,0.9895833333333334,False,172.0,184.0,12.0,12.0,2021-05-31 10:30:00,2021-05-31 08:30:00,-120.0,120.0
D2,FG-R5-recent-w16-k5,7,15,2021-06-01,1,0.010416666666666666,False,71.0,80.0,9.0,9.0,2021-06-01 00:00:00,2021-06-01 00:00:00,0.0,0.0
D2,FG-R5-recent-w16-k5,7,16,2021-05-31,95,0.9895833333333334,False,172.0,184.0,12.0,12.0,2021-05-31 10:30:00,2021-05-31 08:30:00,-120.0,120.0
D2,FG-R5-recent-w16-k5,7,16,2021-06-01,1,0.010416666666666666,False,71.0,91.0,20.0,20.0,2021-06-01 00:00:00,2021-06-01 00:00:00,0.0,0.0
D2,FG-R5-recent-w16-k5,9,4,2021-06-20,95,0.9895833333333334,False,28.0,24.15581512451172,-3.8441848754882812,3.8441848754882812,2021-06-20 15:15:00,2021-06-20 23:00:00,465.0,465.0
D2,FG-R5-recent-w16-k5,9,5,2021-06-20,95,0.9895833333333334,False,28.0,24.30297088623047,-3.6970291137695312,3.6970291137695312,2021-06-20 15:15:00,2021-06-20 23:15:00,480.0,480.0
D2,FG-R5-recent-w16-k5,9,6,2021-06-20,95,0.9895833333333334,False,28.0,24.169578552246094,-3.8304214477539062,3.8304214477539062,2021-06-20 15:15:00,2021-06-20 23:30:00,495.0,495.0
D2,FG-R5-recent-w16-k5,9,7,2021-06-20,95,0.9895833333333334,False,28.0,24.149803161621094,-3.8501968383789062,3.8501968383789062,2021-06-20 15:15:00,2021-06-20 07:00:00,-495.0,495.0
D2,FG-R5-recent-w16-k5,9,8,2021-06-20,95,0.9895833333333334,False,28.0,24.143035888671875,-3.856964111328125,3.856964111328125,2021-06-20 15:15:00,2021-06-20 07:15:00,-480.0,480.0
D2,FG-R5-recent-w16-k5,9,9,2021-06-20,95,0.9895833333333334,False,28.0,24.230934143066406,-3.7690658569335938,3.7690658569335938,2021-06-20 15:15:00,2021-06-20 07:30:00,-465.0,465.0
D2,FG-R5-recent-w16-k5,9,10,2021-06-20,95,0.9895833333333334,False,28.0,24.218246459960938,-3.7817535400390625,3.7817535400390625,2021-06-20 15:15:00,2021-06-20 07:45:00,-450.0,450.0
D2,FG-R5-recent-w16-k5,9,11,2021-06-20,95,0.9895833333333334,False,28.0,24.556556701660156,-3.4434432983398438,3.4434432983398438,2021-06-20 15:15:00,2021-06-20 18:00:00,165.0,165.0
D2,FG-R5-recent-w16-k5,9,12,2021-06-20,95,0.9895833333333334,False,28.0,24.717613220214844,-3.2823867797851562,3.2823867797851562,2021-06-20 15:15:00,2021-06-20 18:15:00,180.0,180.0
D2,FG-R5-recent-w16-k5,9,13,2021-06-20,95,0.9895833333333334,False,28.0,24.801513671875,-3.198486328125,3.198486328125,2021-06-20 15:15:00,2021-06-20 18:30:00,195.0,195.0
D2,FG-R5-recent-w16-k5,9,14,2021-06-20,95,0.9895833333333334,False,28.0,24.624244689941406,-3.3757553100585938,3.3757553100585938,2021-06-20 15:15:00,2021-06-20 18:45:00,210.0,210.0
D2,FG-R5-recent-w16-k5,9,15,2021-06-20,95,0.9895833333333334,False,28.0,24.369476318359375,-3.630523681640625,3.630523681640625,2021-06-20 15:15:00,2021-06-20 23:00:00,465.0,465.0
D2,FG-R5-recent-w16-k5,9,16,2021-06-20,95,0.9895833333333334,False,28.0,24.042373657226562,-3.9576263427734375,3.9576263427734375,2021-06-20 15:15:00,2021-06-20 23:15:00,480.0,480.0
D2,FG-R5-recent-w16-k5,11,4,2021-06-28,1,0.010416666666666666,False,24.0,25.156166076660156,1.1561660766601562,1.1561660766601562,2021-06-28 00:00:00,2021-06-28 00:00:00,0.0,0.0
D2,FG-R5-recent-w16-k5,11,4,2021-07-01,95,0.9895833333333334,False,206.0,183.93637084960938,-22.063629150390625,22.063629150390625,2021-07-01 14:00:00,2021-07-01 15:45:00,105.0,105.0
D2,FG-R5-recent-w16-k5,11,4,2021-07-02,96,1.0,True,187.0,176.22213745117188,-10.777862548828125,10.777862548828125,2021-07-02 09:15:00,2021-07-02 08:45:00,-30.0,30.0
D2,FG-R5-recent-w16-k5,11,4,2021-07-03,96,1.0,True,112.0,112.30168151855469,0.3016815185546875,0.3016815185546875,2021-07-03 04:15:00,2021-07-03 01:45:00,-150.0,150.0
D2,FG-R5-recent-w16-k5,11,4,2021-07-04,96,1.0,True,28.0,24.83246612548828,-3.1675338745117188,3.1675338745117188,2021-07-04 08:30:00,2021-07-04 22:45:00,855.0,855.0
D2,FG-R5-recent-w16-k5,11,5,2021-06-28,1,0.010416666666666666,False,24.0,24.989662170410156,0.9896621704101562,0.9896621704101562,2021-06-28 00:00:00,2021-06-28 00:00:00,0.0,0.0
D2,FG-R5-recent-w16-k5,11,5,2021-07-01,95,0.9895833333333334,False,206.0,182.60263061523438,-23.397369384765625,23.397369384765625,2021-07-01 14:00:00,2021-07-01 15:45:00,105.0,105.0
D2,FG-R5-recent-w16-k5,11,5,2021-07-02,96,1.0,True,187.0,178.83743286132812,-8.162567138671875,8.162567138671875,2021-07-02 09:15:00,2021-07-02 08:45:00,-30.0,30.0
D2,FG-R5-recent-w16-k5,11,5,2021-07-03,96,1.0,True,112.0,112.46630096435547,0.46630096435546875,0.46630096435546875,2021-07-03 04:15:00,2021-07-03 02:00:00,-135.0,135.0
D2,FG-R5-recent-w16-k5,11,5,2021-07-04,96,1.0,True,28.0,24.920982360839844,-3.0790176391601562,3.0790176391601562,2021-07-04 08:30:00,2021-07-04 23:00:00,870.0,870.0
D2,FG-R5-recent-w16-k5,11,6,2021-06-28,1,0.010416666666666666,False,24.0,25.054847717285156,1.0548477172851562,1.0548477172851562,2021-06-28 00:00:00,2021-06-28 00:00:00,0.0,0.0
D2,FG-R5-recent-w16-k5,11,6,2021-07-01,95,0.9895833333333334,False,206.0,182.74378967285156,-23.256210327148438,23.256210327148438,2021-07-01 14:00:00,2021-07-01 15:45:00,105.0,105.0
D2,FG-R5-recent-w16-k5,11,6,2021-07-02,96,1.0,True,187.0,178.5745391845703,-8.425460815429688,8.425460815429688,2021-07-02 09:15:00,2021-07-02 09:00:00,-15.0,15.0
D2,FG-R5-recent-w16-k5,11,6,2021-07-03,96,1.0,True,112.0,111.74151611328125,-0.25848388671875,0.25848388671875,2021-07-03 04:15:00,2021-07-03 02:00:00,-135.0,135.0
D2,FG-R5-recent-w16-k5,11,6,2021-07-04,96,1.0,True,28.0,24.723228454589844,-3.2767715454101562,3.2767715454101562,2021-07-04 08:30:00,2021-07-04 23:15:00,885.0,885.0
D2,FG-R5-recent-w16-k5,11,7,2021-06-28,1,0.010416666666666666,False,24.0,25.228195190429688,1.2281951904296875,1.2281951904296875,2021-06-28 00:00:00,2021-06-28 00:00:00,0.0,0.0
D2,FG-R5-recent-w16-k5,11,7,2021-07-01,95,0.9895833333333334,False,206.0,181.99310302734375,-24.00689697265625,24.00689697265625,2021-07-01 14:00:00,2021-07-01 15:45:00,105.0,105.0
D2,FG-R5-recent-w16-k5,11,7,2021-07-02,96,1.0,True,187.0,177.9425048828125,-9.0574951171875,9.0574951171875,2021-07-02 09:15:00,2021-07-02 09:00:00,-15.0,15.0
D2,FG-R5-recent-w16-k5,11,7,2021-07-03,96,1.0,True,112.0,111.1767807006836,-0.8232192993164062,0.8232192993164062,2021-07-03 04:15:00,2021-07-03 02:00:00,-135.0,135.0
D2,FG-R5-recent-w16-k5,11,7,2021-07-04,96,1.0,True,28.0,24.67455291748047,-3.3254470825195312,3.3254470825195312,2021-07-04 08:30:00,2021-07-04 23:30:00,900.0,900.0
D2,FG-R5-recent-w16-k5,11,8,2021-06-28,1,0.010416666666666666,False,24.0,24.510581970214844,0.5105819702148438,0.5105819702148438,2021-06-28 00:00:00,2021-06-28 00:00:00,0.0,0.0
D2,FG-R5-recent-w16-k5,11,8,2021-07-01,95,0.9895833333333334,False,206.0,181.04681396484375,-24.95318603515625,24.95318603515625,2021-07-01 14:00:00,2021-07-01 14:00:00,0.0,0.0
D2,FG-R5-recent-w16-k5,11,8,2021-07-02,96,1.0,True,187.0,177.42636108398438,-9.573638916015625,9.573638916015625,2021-07-02 09:15:00,2021-07-02 11:15:00,120.0,120.0
D2,FG-R5-recent-w16-k5,11,8,2021-07-03,96,1.0,True,112.0,111.43488311767578,-0.5651168823242188,0.5651168823242188,2021-07-03 04:15:00,2021-07-03 02:15:00,-120.0,120.0
D2,FG-R5-recent-w16-k5,11,8,2021-07-04,96,1.0,True,28.0,24.791549682617188,-3.2084503173828125,3.2084503173828125,2021-07-04 08:30:00,2021-07-04 17:15:00,525.0,525.0
D2,FG-R5-recent-w16-k5,11,9,2021-06-28,1,0.010416666666666666,False,24.0,24.639801025390625,0.639801025390625,0.639801025390625,2021-06-28 00:00:00,2021-06-28 00:00:00,0.0,0.0
D2,FG-R5-recent-w16-k5,11,9,2021-07-01,95,0.9895833333333334,False,206.0,180.79917907714844,-25.200820922851562,25.200820922851562,2021-07-01 14:00:00,2021-07-01 14:00:00,0.0,0.0
D2,FG-R5-recent-w16-k5,11,9,2021-07-02,96,1.0,True,187.0,179.04049682617188,-7.959503173828125,7.959503173828125,2021-07-02 09:15:00,2021-07-02 14:00:00,285.0,285.0
D2,FG-R5-recent-w16-k5,11,9,2021-07-03,96,1.0,True,112.0,111.16877746582031,-0.8312225341796875,0.8312225341796875,2021-07-03 04:15:00,2021-07-03 02:15:00,-120.0,120.0
D2,FG-R5-recent-w16-k5,11,9,2021-07-04,96,1.0,True,28.0,24.89923858642578,-3.1007614135742188,3.1007614135742188,2021-07-04 08:30:00,2021-07-04 17:30:00,540.0,540.0
D2,FG-R5-recent-w16-k5,11,10,2021-06-28,1,0.010416666666666666,False,24.0,24.960716247558594,0.9607162475585938,0.9607162475585938,2021-06-28 00:00:00,2021-06-28 00:00:00,0.0,0.0
D2,FG-R5-recent-w16-k5,11,10,2021-07-01,95,0.9895833333333334,False,206.0,181.08023071289062,-24.919769287109375,24.919769287109375,2021-07-01 14:00:00,2021-07-01 14:00:00,0.0,0.0
D2,FG-R5-recent-w16-k5,11,10,2021-07-02,96,1.0,True,187.0,180.2591094970703,-6.7408905029296875,6.7408905029296875,2021-07-02 09:15:00,2021-07-02 09:00:00,-15.0,15.0
D2,FG-R5-recent-w16-k5,11,10,2021-07-03,96,1.0,True,112.0,111.24820709228516,-0.7517929077148438,0.7517929077148438,2021-07-03 04:15:00,2021-07-03 02:00:00,-135.0,135.0
D2,FG-R5-recent-w16-k5,11,10,2021-07-04,96,1.0,True,28.0,24.97473907470703,-3.0252609252929688,3.0252609252929688,2021-07-04 08:30:00,2021-07-04 17:45:00,555.0,555.0
D2,FG-R5-recent-w16-k5,11,11,2021-06-28,1,0.010416666666666666,False,24.0,25.26538848876953,1.2653884887695312,1.2653884887695312,2021-06-28 00:00:00,2021-06-28 00:00:00,0.0,0.0
D2,FG-R5-recent-w16-k5,11,11,2021-07-01,95,0.9895833333333334,False,206.0,179.87704467773438,-26.122955322265625,26.122955322265625,2021-07-01 14:00:00,2021-07-01 14:00:00,0.0,0.0
D2,FG-R5-recent-w16-k5,11,11,2021-07-02,96,1.0,True,187.0,180.73123168945312,-6.268768310546875,6.268768310546875,2021-07-02 09:15:00,2021-07-02 09:00:00,-15.0,15.0
D2,FG-R5-recent-w16-k5,11,11,2021-07-03,96,1.0,True,112.0,110.77993774414062,-1.220062255859375,1.220062255859375,2021-07-03 04:15:00,2021-07-03 01:45:00,-150.0,150.0
D2,FG-R5-recent-w16-k5,11,11,2021-07-04,96,1.0,True,28.0,25.33032989501953,-2.6696701049804688,2.6696701049804688,2021-07-04 08:30:00,2021-07-04 18:00:00,570.0,570.0
D2,FG-R5-recent-w16-k5,11,12,2021-06-28,1,0.010416666666666666,False,24.0,24.92328643798828,0.9232864379882812,0.9232864379882812,2021-06-28 00:00:00,2021-06-28 00:00:00,0.0,0.0
D2,FG-R5-recent-w16-k5,11,12,2021-07-01,95,0.9895833333333334,False,206.0,178.98788452148438,-27.012115478515625,27.012115478515625,2021-07-01 14:00:00,2021-07-01 14:00:00,0.0,0.0
D2,FG-R5-recent-w16-k5,11,12,2021-07-02,96,1.0,True,187.0,180.60385131835938,-6.396148681640625,6.396148681640625,2021-07-02 09:15:00,2021-07-02 09:00:00,-15.0,15.0
D2,FG-R5-recent-w16-k5,11,12,2021-07-03,96,1.0,True,112.0,112.22775268554688,0.227752685546875,0.227752685546875,2021-07-03 04:15:00,2021-07-03 02:00:00,-135.0,135.0
D2,FG-R5-recent-w16-k5,11,12,2021-07-04,96,1.0,True,28.0,25.50104522705078,-2.4989547729492188,2.4989547729492188,2021-07-04 08:30:00,2021-07-04 18:15:00,585.0,585.0
D2,FG-R5-recent-w16-k5,11,13,2021-06-28,1,0.010416666666666666,False,24.0,25.195022583007812,1.1950225830078125,1.1950225830078125,2021-06-28 00:00:00,2021-06-28 00:00:00,0.0,0.0
D2,FG-R5-recent-w16-k5,11,13,2021-07-01,95,0.9895833333333334,False,206.0,179.2186279296875,-26.7813720703125,26.7813720703125,2021-07-01 14:00:00,2021-07-01 14:00:00,0.0,0.0
D2,FG-R5-recent-w16-k5,11,13,2021-07-02,96,1.0,True,187.0,178.63014221191406,-8.369857788085938,8.369857788085938,2021-07-02 09:15:00,2021-07-02 09:00:00,-15.0,15.0
D2,FG-R5-recent-w16-k5,11,13,2021-07-03,96,1.0,True,112.0,114.2901382446289,2.2901382446289062,2.2901382446289062,2021-07-03 04:15:00,2021-07-03 01:45:00,-150.0,150.0
D2,FG-R5-recent-w16-k5,11,13,2021-07-04,96,1.0,True,28.0,25.73706817626953,-2.2629318237304688,2.2629318237304688,2021-07-04 08:30:00,2021-07-04 18:30:00,600.0,600.0
D2,FG-R5-recent-w16-k5,11,14,2021-06-28,1,0.010416666666666666,False,24.0,25.225784301757812,1.2257843017578125,1.2257843017578125,2021-06-28 00:00:00,2021-06-28 00:00:00,0.0,0.0
D2,FG-R5-recent-w16-k5,11,14,2021-07-01,95,0.9895833333333334,False,206.0,178.5942840576172,-27.405715942382812,27.405715942382812,2021-07-01 14:00:00,2021-07-01 14:00:00,0.0,0.0
D2,FG-R5-recent-w16-k5,11,14,2021-07-02,96,1.0,True,187.0,179.89248657226562,-7.107513427734375,7.107513427734375,2021-07-02 09:15:00,2021-07-02 09:00:00,-15.0,15.0
D2,FG-R5-recent-w16-k5,11,14,2021-07-03,96,1.0,True,112.0,114.91915130615234,2.9191513061523438,2.9191513061523438,2021-07-03 04:15:00,2021-07-03 02:00:00,-135.0,135.0
D2,FG-R5-recent-w16-k5,11,14,2021-07-04,96,1.0,True,28.0,25.67951202392578,-2.3204879760742188,2.3204879760742188,2021-07-04 08:30:00,2021-07-04 18:45:00,615.0,615.0
D2,FG-R5-recent-w16-k5,11,15,2021-06-28,1,0.010416666666666666,False,24.0,25.00945281982422,1.0094528198242188,1.0094528198242188,2021-06-28 00:00:00,2021-06-28 00:00:00,0.0,0.0
D2,FG-R5-recent-w16-k5,11,15,2021-07-01,95,0.9895833333333334,False,206.0,178.3429718017578,-27.657028198242188,27.657028198242188,2021-07-01 14:00:00,2021-07-01 08:45:00,-315.0,315.0
D2,FG-R5-recent-w16-k5,11,15,2021-07-02,96,1.0,True,187.0,179.69973754882812,-7.300262451171875,7.300262451171875,2021-07-02 09:15:00,2021-07-02 09:00:00,-15.0,15.0
D2,FG-R5-recent-w16-k5,11,15,2021-07-03,96,1.0,True,112.0,114.6249008178711,2.6249008178710938,2.6249008178710938,2021-07-03 04:15:00,2021-07-03 02:15:00,-120.0,120.0
D2,FG-R5-recent-w16-k5,11,15,2021-07-04,96,1.0,True,28.0,25.548843383789062,-2.4511566162109375,2.4511566162109375,2021-07-04 08:30:00,2021-07-04 15:30:00,420.0,420.0
D2,FG-R5-recent-w16-k5,11,16,2021-06-28,1,0.010416666666666666,False,24.0,24.804969787597656,0.8049697875976562,0.8049697875976562,2021-06-28 00:00:00,2021-06-28 00:00:00,0.0,0.0
D2,FG-R5-recent-w16-k5,11,16,2021-07-01,95,0.9895833333333334,False,206.0,178.46099853515625,-27.53900146484375,27.53900146484375,2021-07-01 14:00:00,2021-07-01 14:00:00,0.0,0.0
D2,FG-R5-recent-w16-k5,11,16,2021-07-02,96,1.0,True,187.0,179.23159790039062,-7.768402099609375,7.768402099609375,2021-07-02 09:15:00,2021-07-02 09:00:00,-15.0,15.0
D2,FG-R5-recent-w16-k5,11,16,2021-07-03,96,1.0,True,112.0,114.1263198852539,2.1263198852539062,2.1263198852539062,2021-07-03 04:15:00,2021-07-03 02:15:00,-120.0,120.0
D2,FG-R5-recent-w16-k5,11,16,2021-07-04,96,1.0,True,28.0,25.05451202392578,-2.9454879760742188,2.9454879760742188,2021-07-04 08:30:00,2021-07-04 15:45:00,435.0,435.0
D2,FG-R5-recent-w16-k5,13,4,2021-07-12,96,1.0,True,198.0,186.37210083007812,-11.627899169921875,11.627899169921875,2021-07-12 08:45:00,2021-07-12 10:30:00,105.0,105.0
D2,FG-R5-recent-w16-k5,13,4,2021-07-13,1,0.010416666666666666,False,79.0,89.57919311523438,10.579193115234375,10.579193115234375,2021-07-13 00:00:00,2021-07-13 00:00:00,0.0,0.0
D2,FG-R5-recent-w16-k5,13,4,2021-07-17,92,0.9583333333333334,False,110.0,105.19061279296875,-4.80938720703125,4.80938720703125,2021-07-17 01:30:00,2021-07-17 04:00:00,150.0,150.0
D2,FG-R5-recent-w16-k5,13,4,2021-07-18,96,1.0,True,28.0,25.74866485595703,-2.2513351440429688,2.2513351440429688,2021-07-18 01:15:00,2021-07-18 02:15:00,60.0,60.0
D2,FG-R5-recent-w16-k5,13,5,2021-07-12,96,1.0,True,198.0,187.49649047851562,-10.503509521484375,10.503509521484375,2021-07-12 08:45:00,2021-07-12 13:45:00,300.0,300.0
D2,FG-R5-recent-w16-k5,13,5,2021-07-13,1,0.010416666666666666,False,79.0,91.2537612915039,12.253761291503906,12.253761291503906,2021-07-13 00:00:00,2021-07-13 00:00:00,0.0,0.0
D2,FG-R5-recent-w16-k5,13,5,2021-07-17,91,0.9479166666666666,False,110.0,105.64269256591797,-4.357307434082031,4.357307434082031,2021-07-17 01:30:00,2021-07-17 03:45:00,135.0,135.0
D2,FG-R5-recent-w16-k5,13,5,2021-07-18,96,1.0,True,28.0,25.547950744628906,-2.4520492553710938,2.4520492553710938,2021-07-18 01:15:00,2021-07-18 02:30:00,75.0,75.0
D2,FG-R5-recent-w16-k5,13,6,2021-07-12,96,1.0,True,198.0,186.51612854003906,-11.483871459960938,11.483871459960938,2021-07-12 08:45:00,2021-07-12 13:45:00,300.0,300.0
D2,FG-R5-recent-w16-k5,13,6,2021-07-13,1,0.010416666666666666,False,79.0,90.9736328125,11.9736328125,11.9736328125,2021-07-13 00:00:00,2021-07-13 00:00:00,0.0,0.0
D2,FG-R5-recent-w16-k5,13,6,2021-07-17,90,0.9375,False,110.0,107.1926498413086,-2.8073501586914062,2.8073501586914062,2021-07-17 01:30:00,2021-07-17 04:00:00,150.0,150.0
D2,FG-R5-recent-w16-k5,13,6,2021-07-18,96,1.0,True,28.0,25.26526641845703,-2.7347335815429688,2.7347335815429688,2021-07-18 01:15:00,2021-07-18 02:45:00,90.0,90.0
D2,FG-R5-recent-w16-k5,13,7,2021-07-12,96,1.0,True,198.0,186.87380981445312,-11.126190185546875,11.126190185546875,2021-07-12 08:45:00,2021-07-12 11:45:00,180.0,180.0
D2,FG-R5-recent-w16-k5,13,7,2021-07-13,1,0.010416666666666666,False,79.0,90.94697570800781,11.946975708007812,11.946975708007812,2021-07-13 00:00:00,2021-07-13 00:00:00,0.0,0.0
D2,FG-R5-recent-w16-k5,13,7,2021-07-17,89,0.9270833333333334,False,108.0,108.2225341796875,0.2225341796875,0.2225341796875,2021-07-17 06:00:00,2021-07-17 04:00:00,-120.0,120.0
D2,FG-R5-recent-w16-k5,13,7,2021-07-18,96,1.0,True,28.0,25.151100158691406,-2.8488998413085938,2.8488998413085938,2021-07-18 01:15:00,2021-07-18 03:00:00,105.0,105.0
D2,FG-R5-recent-w16-k5,13,8,2021-07-12,96,1.0,True,198.0,187.43112182617188,-10.568878173828125,10.568878173828125,2021-07-12 08:45:00,2021-07-12 13:45:00,300.0,300.0
D2,FG-R5-recent-w16-k5,13,8,2021-07-13,1,0.010416666666666666,False,79.0,90.66654205322266,11.666542053222656,11.666542053222656,2021-07-13 00:00:00,2021-07-13 00:00:00,0.0,0.0
D2,FG-R5-recent-w16-k5,13,8,2021-07-17,88,0.9166666666666666,False,108.0,108.67405700683594,0.6740570068359375,0.6740570068359375,2021-07-17 06:00:00,2021-07-17 04:15:00,-105.0,105.0
D2,FG-R5-recent-w16-k5,13,8,2021-07-18,96,1.0,True,28.0,25.082862854003906,-2.9171371459960938,2.9171371459960938,2021-07-18 01:15:00,2021-07-18 17:30:00,975.0,975.0
D2,FG-R5-recent-w16-k5,13,9,2021-07-12,96,1.0,True,198.0,188.212646484375,-9.787353515625,9.787353515625,2021-07-12 08:45:00,2021-07-12 13:45:00,300.0,300.0
D2,FG-R5-recent-w16-k5,13,9,2021-07-13,1,0.010416666666666666,False,79.0,91.68154907226562,12.681549072265625,12.681549072265625,2021-07-13 00:00:00,2021-07-13 00:00:00,0.0,0.0
D2,FG-R5-recent-w16-k5,13,9,2021-07-17,87,0.90625,False,108.0,107.03289794921875,-0.96710205078125,0.96710205078125,2021-07-17 06:00:00,2021-07-17 03:45:00,-135.0,135.0
D2,FG-R5-recent-w16-k5,13,9,2021-07-18,96,1.0,True,28.0,25.08477020263672,-2.9152297973632812,2.9152297973632812,2021-07-18 01:15:00,2021-07-18 17:45:00,990.0,990.0
D2,FG-R5-recent-w16-k5,13,10,2021-07-12,96,1.0,True,198.0,189.08709716796875,-8.91290283203125,8.91290283203125,2021-07-12 08:45:00,2021-07-12 13:45:00,300.0,300.0
D2,FG-R5-recent-w16-k5,13,10,2021-07-13,1,0.010416666666666666,False,79.0,89.42801666259766,10.428016662597656,10.428016662597656,2021-07-13 00:00:00,2021-07-13 00:00:00,0.0,0.0
D2,FG-R5-recent-w16-k5,13,10,2021-07-17,86,0.8958333333333334,False,108.0,108.05625915527344,0.0562591552734375,0.0562591552734375,2021-07-17 06:00:00,2021-07-17 04:00:00,-120.0,120.0
D2,FG-R5-recent-w16-k5,13,10,2021-07-18,96,1.0,True,28.0,25.24950408935547,-2.7504959106445312,2.7504959106445312,2021-07-18 01:15:00,2021-07-18 03:45:00,150.0,150.0
D2,FG-R5-recent-w16-k5,13,11,2021-07-12,96,1.0,True,198.0,186.7164306640625,-11.2835693359375,11.2835693359375,2021-07-12 08:45:00,2021-07-12 13:45:00,300.0,300.0
D2,FG-R5-recent-w16-k5,13,11,2021-07-13,1,0.010416666666666666,False,79.0,87.4456787109375,8.4456787109375,8.4456787109375,2021-07-13 00:00:00,2021-07-13 00:00:00,0.0,0.0
D2,FG-R5-recent-w16-k5,13,11,2021-07-17,85,0.8854166666666666,False,108.0,108.35612487792969,0.3561248779296875,0.3561248779296875,2021-07-17 06:00:00,2021-07-17 04:15:00,-105.0,105.0
D2,FG-R5-recent-w16-k5,13,11,2021-07-18,96,1.0,True,28.0,25.400596618652344,-2.5994033813476562,2.5994033813476562,2021-07-18 01:15:00,2021-07-18 18:15:00,1020.0,1020.0
D2,FG-R5-recent-w16-k5,13,12,2021-07-12,96,1.0,True,198.0,185.322265625,-12.677734375,12.677734375,2021-07-12 08:45:00,2021-07-12 13:45:00,300.0,300.0
D2,FG-R5-recent-w16-k5,13,12,2021-07-13,1,0.010416666666666666,False,79.0,87.61878967285156,8.618789672851562,8.618789672851562,2021-07-13 00:00:00,2021-07-13 00:00:00,0.0,0.0
D2,FG-R5-recent-w16-k5,13,12,2021-07-17,84,0.875,False,108.0,107.67716979980469,-0.3228302001953125,0.3228302001953125,2021-07-17 06:00:00,2021-07-17 04:00:00,-120.0,120.0
D2,FG-R5-recent-w16-k5,13,12,2021-07-18,96,1.0,True,28.0,25.523651123046875,-2.476348876953125,2.476348876953125,2021-07-18 01:15:00,2021-07-18 11:00:00,585.0,585.0
D2,FG-R5-recent-w16-k5,13,13,2021-07-12,96,1.0,True,198.0,185.78378295898438,-12.216217041015625,12.216217041015625,2021-07-12 08:45:00,2021-07-12 13:45:00,300.0,300.0
D2,FG-R5-recent-w16-k5,13,13,2021-07-13,1,0.010416666666666666,False,79.0,88.28103637695312,9.281036376953125,9.281036376953125,2021-07-13 00:00:00,2021-07-13 00:00:00,0.0,0.0
D2,FG-R5-recent-w16-k5,13,13,2021-07-17,83,0.8645833333333334,False,108.0,107.88163757324219,-0.1183624267578125,0.1183624267578125,2021-07-17 06:00:00,2021-07-17 04:15:00,-105.0,105.0
D2,FG-R5-recent-w16-k5,13,13,2021-07-18,96,1.0,True,28.0,25.89624786376953,-2.1037521362304688,2.1037521362304688,2021-07-18 01:15:00,2021-07-18 01:30:00,15.0,15.0
D2,FG-R5-recent-w16-k5,13,14,2021-07-12,96,1.0,True,198.0,186.79791259765625,-11.20208740234375,11.20208740234375,2021-07-12 08:45:00,2021-07-12 13:45:00,300.0,300.0
D2,FG-R5-recent-w16-k5,13,14,2021-07-13,1,0.010416666666666666,False,79.0,89.0565185546875,10.0565185546875,10.0565185546875,2021-07-13 00:00:00,2021-07-13 00:00:00,0.0,0.0
D2,FG-R5-recent-w16-k5,13,14,2021-07-17,82,0.8541666666666666,False,108.0,108.20196533203125,0.20196533203125,0.20196533203125,2021-07-17 06:00:00,2021-07-17 04:00:00,-120.0,120.0
D2,FG-R5-recent-w16-k5,13,14,2021-07-18,96,1.0,True,28.0,26.129356384277344,-1.8706436157226562,1.8706436157226562,2021-07-18 01:15:00,2021-07-18 01:45:00,30.0,30.0
D2,FG-R5-recent-w16-k5,13,15,2021-07-12,96,1.0,True,198.0,186.45391845703125,-11.54608154296875,11.54608154296875,2021-07-12 08:45:00,2021-07-12 13:45:00,300.0,300.0
D2,FG-R5-recent-w16-k5,13,15,2021-07-13,1,0.010416666666666666,False,79.0,88.6214370727539,9.621437072753906,9.621437072753906,2021-07-13 00:00:00,2021-07-13 00:00:00,0.0,0.0
D2,FG-R5-recent-w16-k5,13,15,2021-07-17,81,0.84375,False,108.0,107.70569610595703,-0.29430389404296875,0.29430389404296875,2021-07-17 06:00:00,2021-07-17 04:00:00,-120.0,120.0
D2,FG-R5-recent-w16-k5,13,15,2021-07-18,96,1.0,True,28.0,26.16785430908203,-1.8321456909179688,1.8321456909179688,2021-07-18 01:15:00,2021-07-18 11:30:00,615.0,615.0
D2,FG-R5-recent-w16-k5,13,16,2021-07-12,96,1.0,True,198.0,186.93109130859375,-11.06890869140625,11.06890869140625,2021-07-12 08:45:00,2021-07-12 14:00:00,315.0,315.0
D2,FG-R5-recent-w16-k5,13,16,2021-07-13,1,0.010416666666666666,False,79.0,88.64269256591797,9.642692565917969,9.642692565917969,2021-07-13 00:00:00,2021-07-13 00:00:00,0.0,0.0
D2,FG-R5-recent-w16-k5,13,16,2021-07-17,80,0.8333333333333334,False,108.0,107.27289581298828,-0.7271041870117188,0.7271041870117188,2021-07-17 06:00:00,2021-07-17 04:15:00,-105.0,105.0
D2,FG-R5-recent-w16-k5,13,16,2021-07-18,96,1.0,True,28.0,25.99913787841797,-2.0008621215820312,2.0008621215820312,2021-07-18 01:15:00,2021-07-18 11:45:00,630.0,630.0
D2,FG-R5-recent-w16-k5,15,4,2021-07-26,96,1.0,True,217.0,196.78622436523438,-20.213775634765625,20.213775634765625,2021-07-26 08:30:00,2021-07-26 09:00:00,30.0,30.0
D2,FG-R5-recent-w16-k5,15,4,2021-07-27,96,1.0,True,211.0,199.5068817138672,-11.493118286132812,11.493118286132812,2021-07-27 11:45:00,2021-07-27 08:45:00,-180.0,180.0
D2,FG-R5-recent-w16-k5,15,4,2021-07-28,96,1.0,True,212.0,213.3167724609375,1.3167724609375,1.3167724609375,2021-07-28 12:00:00,2021-07-28 08:45:00,-195.0,195.0
D2,FG-R5-recent-w16-k5,15,4,2021-07-29,96,1.0,True,211.0,203.46742248535156,-7.5325775146484375,7.5325775146484375,2021-07-29 12:00:00,2021-07-29 08:30:00,-210.0,210.0
D2,FG-R5-recent-w16-k5,15,4,2021-07-30,96,1.0,True,212.0,204.7494354248047,-7.2505645751953125,7.2505645751953125,2021-07-30 12:00:00,2021-07-30 08:45:00,-195.0,195.0
D2,FG-R5-recent-w16-k5,15,4,2021-07-31,96,1.0,True,80.0,97.78275299072266,17.782752990722656,17.782752990722656,2021-07-31 00:00:00,2021-07-31 01:30:00,90.0,90.0
D2,FG-R5-recent-w16-k5,15,4,2021-08-01,96,1.0,True,28.0,25.044204711914062,-2.9557952880859375,2.9557952880859375,2021-08-01 09:00:00,2021-08-01 02:30:00,-390.0,390.0
D2,FG-R5-recent-w16-k5,15,5,2021-07-26,96,1.0,True,217.0,197.76315307617188,-19.236846923828125,19.236846923828125,2021-07-26 08:30:00,2021-07-26 11:45:00,195.0,195.0
D2,FG-R5-recent-w16-k5,15,5,2021-07-27,96,1.0,True,211.0,198.09786987304688,-12.902130126953125,12.902130126953125,2021-07-27 11:45:00,2021-07-27 08:45:00,-180.0,180.0
D2,FG-R5-recent-w16-k5,15,5,2021-07-28,96,1.0,True,212.0,212.6049346923828,0.6049346923828125,0.6049346923828125,2021-07-28 12:00:00,2021-07-28 08:45:00,-195.0,195.0
D2,FG-R5-recent-w16-k5,15,5,2021-07-29,96,1.0,True,211.0,203.40139770507812,-7.598602294921875,7.598602294921875,2021-07-29 12:00:00,2021-07-29 08:30:00,-210.0,210.0
D2,FG-R5-recent-w16-k5,15,5,2021-07-30,96,1.0,True,212.0,206.28443908691406,-5.7155609130859375,5.7155609130859375,2021-07-30 12:00:00,2021-07-30 11:45:00,-15.0,15.0
D2,FG-R5-recent-w16-k5,15,5,2021-07-31,96,1.0,True,80.0,100.97398376464844,20.973983764648438,20.973983764648438,2021-07-31 00:00:00,2021-07-31 01:30:00,90.0,90.0
D2,FG-R5-recent-w16-k5,15,5,2021-08-01,96,1.0,True,28.0,24.959556579589844,-3.0404434204101562,3.0404434204101562,2021-08-01 09:00:00,2021-08-01 02:45:00,-375.0,375.0
D2,FG-R5-recent-w16-k5,15,6,2021-07-26,96,1.0,True,217.0,192.22059631347656,-24.779403686523438,24.779403686523438,2021-07-26 08:30:00,2021-07-26 11:30:00,180.0,180.0
D2,FG-R5-recent-w16-k5,15,6,2021-07-27,96,1.0,True,211.0,197.31570434570312,-13.684295654296875,13.684295654296875,2021-07-27 11:45:00,2021-07-27 08:45:00,-180.0,180.0
D2,FG-R5-recent-w16-k5,15,6,2021-07-28,96,1.0,True,212.0,210.87384033203125,-1.12615966796875,1.12615966796875,2021-07-28 12:00:00,2021-07-28 08:45:00,-195.0,195.0
D2,FG-R5-recent-w16-k5,15,6,2021-07-29,96,1.0,True,211.0,202.74668884277344,-8.253311157226562,8.253311157226562,2021-07-29 12:00:00,2021-07-29 08:30:00,-210.0,210.0
D2,FG-R5-recent-w16-k5,15,6,2021-07-30,96,1.0,True,212.0,206.5980224609375,-5.4019775390625,5.4019775390625,2021-07-30 12:00:00,2021-07-30 12:00:00,0.0,0.0
D2,FG-R5-recent-w16-k5,15,6,2021-07-31,96,1.0,True,80.0,108.05547332763672,28.05547332763672,28.05547332763672,2021-07-31 00:00:00,2021-07-31 01:30:00,90.0,90.0
D2,FG-R5-recent-w16-k5,15,6,2021-08-01,96,1.0,True,28.0,24.98754119873047,-3.0124588012695312,3.0124588012695312,2021-08-01 09:00:00,2021-08-01 03:00:00,-360.0,360.0
D2,FG-R5-recent-w16-k5,15,7,2021-07-26,96,1.0,True,217.0,193.6900634765625,-23.3099365234375,23.3099365234375,2021-07-26 08:30:00,2021-07-26 11:45:00,195.0,195.0
D2,FG-R5-recent-w16-k5,15,7,2021-07-27,96,1.0,True,211.0,195.93109130859375,-15.06890869140625,15.06890869140625,2021-07-27 11:45:00,2021-07-27 08:45:00,-180.0,180.0
D2,FG-R5-recent-w16-k5,15,7,2021-07-28,96,1.0,True,212.0,206.97842407226562,-5.021575927734375,5.021575927734375,2021-07-28 12:00:00,2021-07-28 08:45:00,-195.0,195.0
D2,FG-R5-recent-w16-k5,15,7,2021-07-29,96,1.0,True,211.0,201.28421020507812,-9.715789794921875,9.715789794921875,2021-07-29 12:00:00,2021-07-29 08:30:00,-210.0,210.0
D2,FG-R5-recent-w16-k5,15,7,2021-07-30,96,1.0,True,212.0,204.47824096679688,-7.521759033203125,7.521759033203125,2021-07-30 12:00:00,2021-07-30 12:00:00,0.0,0.0
D2,FG-R5-recent-w16-k5,15,7,2021-07-31,96,1.0,True,80.0,108.93250274658203,28.93250274658203,28.93250274658203,2021-07-31 00:00:00,2021-07-31 01:45:00,105.0,105.0
D2,FG-R5-recent-w16-k5,15,7,2021-08-01,96,1.0,True,28.0,24.952674865722656,-3.0473251342773438,3.0473251342773438,2021-08-01 09:00:00,2021-08-01 03:15:00,-345.0,345.0
D2,FG-R5-recent-w16-k5,15,8,2021-07-26,96,1.0,True,217.0,195.66537475585938,-21.334625244140625,21.334625244140625,2021-07-26 08:30:00,2021-07-26 11:45:00,195.0,195.0
D2,FG-R5-recent-w16-k5,15,8,2021-07-27,96,1.0,True,211.0,197.45474243164062,-13.545257568359375,13.545257568359375,2021-07-27 11:45:00,2021-07-27 08:30:00,-195.0,195.0
D2,FG-R5-recent-w16-k5,15,8,2021-07-28,96,1.0,True,212.0,208.7926483154297,-3.2073516845703125,3.2073516845703125,2021-07-28 12:00:00,2021-07-28 08:30:00,-210.0,210.0
D2,FG-R5-recent-w16-k5,15,8,2021-07-29,96,1.0,True,211.0,202.65130615234375,-8.34869384765625,8.34869384765625,2021-07-29 12:00:00,2021-07-29 08:30:00,-210.0,210.0
D2,FG-R5-recent-w16-k5,15,8,2021-07-30,96,1.0,True,212.0,205.8682861328125,-6.1317138671875,6.1317138671875,2021-07-30 12:00:00,2021-07-30 11:30:00,-30.0,30.0
D2,FG-R5-recent-w16-k5,15,8,2021-07-31,96,1.0,True,80.0,111.21670532226562,31.216705322265625,31.216705322265625,2021-07-31 00:00:00,2021-07-31 01:45:00,105.0,105.0
D2,FG-R5-recent-w16-k5,15,8,2021-08-01,96,1.0,True,28.0,24.94715118408203,-3.0528488159179688,3.0528488159179688,2021-08-01 09:00:00,2021-08-01 03:30:00,-330.0,330.0
D2,FG-R5-recent-w16-k5,15,9,2021-07-26,96,1.0,True,217.0,195.13327026367188,-21.866729736328125,21.866729736328125,2021-07-26 08:30:00,2021-07-26 11:45:00,195.0,195.0
D2,FG-R5-recent-w16-k5,15,9,2021-07-27,96,1.0,True,211.0,198.42001342773438,-12.579986572265625,12.579986572265625,2021-07-27 11:45:00,2021-07-27 08:30:00,-195.0,195.0
D2,FG-R5-recent-w16-k5,15,9,2021-07-28,96,1.0,True,212.0,210.26893615722656,-1.7310638427734375,1.7310638427734375,2021-07-28 12:00:00,2021-07-28 08:45:00,-195.0,195.0
D2,FG-R5-recent-w16-k5,15,9,2021-07-29,96,1.0,True,211.0,203.14669799804688,-7.853302001953125,7.853302001953125,2021-07-29 12:00:00,2021-07-29 08:30:00,-210.0,210.0
D2,FG-R5-recent-w16-k5,15,9,2021-07-30,96,1.0,True,212.0,208.5184326171875,-3.4815673828125,3.4815673828125,2021-07-30 12:00:00,2021-07-30 12:00:00,0.0,0.0
D2,FG-R5-recent-w16-k5,15,9,2021-07-31,96,1.0,True,80.0,111.89642333984375,31.89642333984375,31.89642333984375,2021-07-31 00:00:00,2021-07-31 01:45:00,105.0,105.0
D2,FG-R5-recent-w16-k5,15,9,2021-08-01,96,1.0,True,28.0,24.946372985839844,-3.0536270141601562,3.0536270141601562,2021-08-01 09:00:00,2021-08-01 03:45:00,-315.0,315.0
D2,FG-R5-recent-w16-k5,15,10,2021-07-26,96,1.0,True,217.0,196.95887756347656,-20.041122436523438,20.041122436523438,2021-07-26 08:30:00,2021-07-26 11:30:00,180.0,180.0
D2,FG-R5-recent-w16-k5,15,10,2021-07-27,96,1.0,True,211.0,199.80075073242188,-11.199249267578125,11.199249267578125,2021-07-27 11:45:00,2021-07-27 08:30:00,-195.0,195.0
D2,FG-R5-recent-w16-k5,15,10,2021-07-28,96,1.0,True,212.0,211.09017944335938,-0.909820556640625,0.909820556640625,2021-07-28 12:00:00,2021-07-28 08:45:00,-195.0,195.0
D2,FG-R5-recent-w16-k5,15,10,2021-07-29,96,1.0,True,211.0,202.27423095703125,-8.72576904296875,8.72576904296875,2021-07-29 12:00:00,2021-07-29 08:30:00,-210.0,210.0
D2,FG-R5-recent-w16-k5,15,10,2021-07-30,96,1.0,True,212.0,208.46121215820312,-3.538787841796875,3.538787841796875,2021-07-30 12:00:00,2021-07-30 12:00:00,0.0,0.0
D2,FG-R5-recent-w16-k5,15,10,2021-07-31,96,1.0,True,80.0,112.85990905761719,32.85990905761719,32.85990905761719,2021-07-31 00:00:00,2021-07-31 01:45:00,105.0,105.0
D2,FG-R5-recent-w16-k5,15,10,2021-08-01,96,1.0,True,28.0,25.22608184814453,-2.7739181518554688,2.7739181518554688,2021-08-01 09:00:00,2021-08-01 04:00:00,-300.0,300.0
D2,FG-R5-recent-w16-k5,15,11,2021-07-26,96,1.0,True,217.0,199.0858917236328,-17.914108276367188,17.914108276367188,2021-07-26 08:30:00,2021-07-26 11:45:00,195.0,195.0
D2,FG-R5-recent-w16-k5,15,11,2021-07-27,96,1.0,True,211.0,200.3604736328125,-10.6395263671875,10.6395263671875,2021-07-27 11:45:00,2021-07-27 08:45:00,-180.0,180.0
D2,FG-R5-recent-w16-k5,15,11,2021-07-28,96,1.0,True,212.0,210.920166015625,-1.079833984375,1.079833984375,2021-07-28 12:00:00,2021-07-28 08:45:00,-195.0,195.0
D2,FG-R5-recent-w16-k5,15,11,2021-07-29,96,1.0,True,211.0,201.97979736328125,-9.02020263671875,9.02020263671875,2021-07-29 12:00:00,2021-07-29 11:45:00,-15.0,15.0
D2,FG-R5-recent-w16-k5,15,11,2021-07-30,96,1.0,True,212.0,207.0131378173828,-4.9868621826171875,4.9868621826171875,2021-07-30 12:00:00,2021-07-30 11:45:00,-15.0,15.0
D2,FG-R5-recent-w16-k5,15,11,2021-07-31,96,1.0,True,80.0,112.35309600830078,32.35309600830078,32.35309600830078,2021-07-31 00:00:00,2021-07-31 01:45:00,105.0,105.0
D2,FG-R5-recent-w16-k5,15,11,2021-08-01,96,1.0,True,28.0,25.099151611328125,-2.900848388671875,2.900848388671875,2021-08-01 09:00:00,2021-08-01 04:15:00,-285.0,285.0
D2,FG-R5-recent-w16-k5,15,12,2021-07-26,96,1.0,True,217.0,198.22311401367188,-18.776885986328125,18.776885986328125,2021-07-26 08:30:00,2021-07-26 11:45:00,195.0,195.0
D2,FG-R5-recent-w16-k5,15,12,2021-07-27,96,1.0,True,211.0,198.62796020507812,-12.372039794921875,12.372039794921875,2021-07-27 11:45:00,2021-07-27 08:45:00,-180.0,180.0
D2,FG-R5-recent-w16-k5,15,12,2021-07-28,96,1.0,True,212.0,209.4625244140625,-2.5374755859375,2.5374755859375,2021-07-28 12:00:00,2021-07-28 08:45:00,-195.0,195.0
D2,FG-R5-recent-w16-k5,15,12,2021-07-29,96,1.0,True,211.0,200.75,-10.25,10.25,2021-07-29 12:00:00,2021-07-29 11:45:00,-15.0,15.0
D2,FG-R5-recent-w16-k5,15,12,2021-07-30,96,1.0,True,212.0,207.71359252929688,-4.286407470703125,4.286407470703125,2021-07-30 12:00:00,2021-07-30 12:00:00,0.0,0.0
D2,FG-R5-recent-w16-k5,15,12,2021-07-31,96,1.0,True,80.0,111.89511108398438,31.895111083984375,31.895111083984375,2021-07-31 00:00:00,2021-07-31 01:45:00,105.0,105.0
D2,FG-R5-recent-w16-k5,15,12,2021-08-01,96,1.0,True,28.0,25.162620544433594,-2.8373794555664062,2.8373794555664062,2021-08-01 09:00:00,2021-08-01 04:30:00,-270.0,270.0
D2,FG-R5-recent-w16-k5,15,13,2021-07-26,96,1.0,True,217.0,198.679443359375,-18.320556640625,18.320556640625,2021-07-26 08:30:00,2021-07-26 11:45:00,195.0,195.0
D2,FG-R5-recent-w16-k5,15,13,2021-07-27,96,1.0,True,211.0,196.47265625,-14.52734375,14.52734375,2021-07-27 11:45:00,2021-07-27 11:45:00,0.0,0.0
D2,FG-R5-recent-w16-k5,15,13,2021-07-28,96,1.0,True,212.0,206.42550659179688,-5.574493408203125,5.574493408203125,2021-07-28 12:00:00,2021-07-28 11:45:00,-15.0,15.0
D2,FG-R5-recent-w16-k5,15,13,2021-07-29,96,1.0,True,211.0,200.72056579589844,-10.279434204101562,10.279434204101562,2021-07-29 12:00:00,2021-07-29 11:45:00,-15.0,15.0
D2,FG-R5-recent-w16-k5,15,13,2021-07-30,96,1.0,True,212.0,207.84283447265625,-4.15716552734375,4.15716552734375,2021-07-30 12:00:00,2021-07-30 11:45:00,-15.0,15.0
D2,FG-R5-recent-w16-k5,15,13,2021-07-31,96,1.0,True,80.0,111.69265747070312,31.692657470703125,31.692657470703125,2021-07-31 00:00:00,2021-07-31 01:45:00,105.0,105.0
D2,FG-R5-recent-w16-k5,15,13,2021-08-01,96,1.0,True,28.0,25.011947631835938,-2.9880523681640625,2.9880523681640625,2021-08-01 09:00:00,2021-08-01 04:45:00,-255.0,255.0
D2,FG-R5-recent-w16-k5,15,14,2021-07-26,96,1.0,True,217.0,195.4542694091797,-21.545730590820312,21.545730590820312,2021-07-26 08:30:00,2021-07-26 08:45:00,15.0,15.0
D2,FG-R5-recent-w16-k5,15,14,2021-07-27,96,1.0,True,211.0,197.00172424316406,-13.998275756835938,13.998275756835938,2021-07-27 11:45:00,2021-07-27 12:00:00,15.0,15.0
D2,FG-R5-recent-w16-k5,15,14,2021-07-28,96,1.0,True,212.0,208.71441650390625,-3.28558349609375,3.28558349609375,2021-07-28 12:00:00,2021-07-28 11:45:00,-15.0,15.0
D2,FG-R5-recent-w16-k5,15,14,2021-07-29,96,1.0,True,211.0,201.53224182128906,-9.467758178710938,9.467758178710938,2021-07-29 12:00:00,2021-07-29 11:45:00,-15.0,15.0
D2,FG-R5-recent-w16-k5,15,14,2021-07-30,96,1.0,True,212.0,209.84494018554688,-2.155059814453125,2.155059814453125,2021-07-30 12:00:00,2021-07-30 12:00:00,0.0,0.0
D2,FG-R5-recent-w16-k5,15,14,2021-07-31,96,1.0,True,80.0,110.06908416748047,30.06908416748047,30.06908416748047,2021-07-31 00:00:00,2021-07-31 01:45:00,105.0,105.0
D2,FG-R5-recent-w16-k5,15,14,2021-08-01,96,1.0,True,28.0,24.863189697265625,-3.136810302734375,3.136810302734375,2021-08-01 09:00:00,2021-08-01 01:30:00,-450.0,450.0
D2,FG-R5-recent-w16-k5,15,15,2021-07-26,96,1.0,True,217.0,195.55841064453125,-21.44158935546875,21.44158935546875,2021-07-26 08:30:00,2021-07-26 11:45:00,195.0,195.0
D2,FG-R5-recent-w16-k5,15,15,2021-07-27,96,1.0,True,211.0,195.2646484375,-15.7353515625,15.7353515625,2021-07-27 11:45:00,2021-07-27 08:45:00,-180.0,180.0
D2,FG-R5-recent-w16-k5,15,15,2021-07-28,96,1.0,True,212.0,208.3951873779297,-3.6048126220703125,3.6048126220703125,2021-07-28 12:00:00,2021-07-28 08:45:00,-195.0,195.0
D2,FG-R5-recent-w16-k5,15,15,2021-07-29,96,1.0,True,211.0,200.53790283203125,-10.46209716796875,10.46209716796875,2021-07-29 12:00:00,2021-07-29 11:45:00,-15.0,15.0
D2,FG-R5-recent-w16-k5,15,15,2021-07-30,96,1.0,True,212.0,209.4776611328125,-2.5223388671875,2.5223388671875,2021-07-30 12:00:00,2021-07-30 12:00:00,0.0,0.0
D2,FG-R5-recent-w16-k5,15,15,2021-07-31,96,1.0,True,80.0,111.3851089477539,31.385108947753906,31.385108947753906,2021-07-31 00:00:00,2021-07-31 01:45:00,105.0,105.0
D2,FG-R5-recent-w16-k5,15,15,2021-08-01,96,1.0,True,28.0,24.82959747314453,-3.1704025268554688,3.1704025268554688,2021-08-01 09:00:00,2021-08-01 01:45:00,-435.0,435.0
D2,FG-R5-recent-w16-k5,15,16,2021-07-26,96,1.0,True,217.0,193.43368530273438,-23.566314697265625,23.566314697265625,2021-07-26 08:30:00,2021-07-26 16:00:00,450.0,450.0
D2,FG-R5-recent-w16-k5,15,16,2021-07-27,96,1.0,True,211.0,195.40078735351562,-15.599212646484375,15.599212646484375,2021-07-27 11:45:00,2021-07-27 08:45:00,-180.0,180.0
D2,FG-R5-recent-w16-k5,15,16,2021-07-28,96,1.0,True,212.0,208.3544921875,-3.6455078125,3.6455078125,2021-07-28 12:00:00,2021-07-28 11:45:00,-15.0,15.0
D2,FG-R5-recent-w16-k5,15,16,2021-07-29,96,1.0,True,211.0,201.66738891601562,-9.332611083984375,9.332611083984375,2021-07-29 12:00:00,2021-07-29 11:45:00,-15.0,15.0
D2,FG-R5-recent-w16-k5,15,16,2021-07-30,96,1.0,True,212.0,207.12864685058594,-4.8713531494140625,4.8713531494140625,2021-07-30 12:00:00,2021-07-30 12:00:00,0.0,0.0
D2,FG-R5-recent-w16-k5,15,16,2021-07-31,96,1.0,True,80.0,110.85799407958984,30.857994079589844,30.857994079589844,2021-07-31 00:00:00,2021-07-31 03:45:00,225.0,225.0
D2,FG-R5-recent-w16-k5,15,16,2021-08-01,96,1.0,True,28.0,24.552139282226562,-3.4478607177734375,3.4478607177734375,2021-08-01 09:00:00,2021-08-01 02:00:00,-420.0,420.0
