dataset,model,fold,horizon,target_day,observed_slots,slot_coverage,full_day,actual_daily_max,predicted_daily_max,daily_max_error,daily_max_abs_error,actual_peak_time,predicted_peak_time,timing_error_minutes,timing_abs_error_minutes
D1,F5-2-nlinear-c672,0,4,2021-04-19,96,1.0,True,172.0,177.03939819335938,5.039398193359375,5.039398193359375,2021-04-19 08:45:00,2021-04-19 16:00:00,435.0,435.0
D1,F5-2-nlinear-c672,0,4,2021-04-20,96,1.0,True,172.0,183.85845947265625,11.85845947265625,11.85845947265625,2021-04-20 08:45:00,2021-04-20 16:00:00,435.0,435.0
D1,F5-2-nlinear-c672,0,4,2021-04-21,96,1.0,True,174.0,182.10789489746094,8.107894897460938,8.107894897460938,2021-04-21 08:30:00,2021-04-21 08:45:00,15.0,15.0
D1,F5-2-nlinear-c672,0,4,2021-04-22,96,1.0,True,174.0,174.9658203125,0.9658203125,0.9658203125,2021-04-22 08:30:00,2021-04-22 16:00:00,450.0,450.0
D1,F5-2-nlinear-c672,0,4,2021-04-23,96,1.0,True,174.0,174.70980834960938,0.709808349609375,0.709808349609375,2021-04-23 08:30:00,2021-04-23 16:00:00,450.0,450.0
D1,F5-2-nlinear-c672,0,4,2021-04-24,96,1.0,True,112.0,109.01593017578125,-2.98406982421875,2.98406982421875,2021-04-24 06:15:00,2021-04-24 04:45:00,-90.0,90.0
D1,F5-2-nlinear-c672,0,4,2021-04-25,96,1.0,True,25.0,33.1325569152832,8.132556915283203,8.132556915283203,2021-04-25 01:30:00,2021-04-25 01:45:00,15.0,15.0
D1,F5-2-nlinear-c672,0,4,2021-05-03,96,1.0,True,184.0,180.70233154296875,-3.29766845703125,3.29766845703125,2021-05-03 08:30:00,2021-05-03 14:45:00,375.0,375.0
D1,F5-2-nlinear-c672,0,4,2021-05-04,96,1.0,True,181.0,192.10446166992188,11.104461669921875,11.104461669921875,2021-05-04 08:30:00,2021-05-04 09:30:00,60.0,60.0
D1,F5-2-nlinear-c672,0,4,2021-05-05,96,1.0,True,120.0,142.80368041992188,22.803680419921875,22.803680419921875,2021-05-05 04:15:00,2021-05-05 08:30:00,255.0,255.0
D1,F5-2-nlinear-c672,0,4,2021-05-06,96,1.0,True,199.0,196.8875732421875,-2.1124267578125,2.1124267578125,2021-05-06 09:00:00,2021-05-06 11:00:00,120.0,120.0
D1,F5-2-nlinear-c672,0,4,2021-05-07,96,1.0,True,181.0,179.269775390625,-1.730224609375,1.730224609375,2021-05-07 09:00:00,2021-05-07 11:00:00,120.0,120.0
D1,F5-2-nlinear-c672,0,4,2021-05-08,96,1.0,True,115.0,116.81218719482422,1.8121871948242188,1.8121871948242188,2021-05-08 02:00:00,2021-05-08 04:00:00,120.0,120.0
D1,F5-2-nlinear-c672,0,4,2021-05-09,96,1.0,True,184.0,159.9842529296875,-24.0157470703125,24.0157470703125,2021-05-09 09:00:00,2021-05-09 10:00:00,60.0,60.0
D1,F5-2-nlinear-c672,0,5,2021-04-19,96,1.0,True,172.0,182.75015258789062,10.750152587890625,10.750152587890625,2021-04-19 08:45:00,2021-04-19 13:15:00,270.0,270.0
D1,F5-2-nlinear-c672,0,5,2021-04-20,96,1.0,True,172.0,183.54920959472656,11.549209594726562,11.549209594726562,2021-04-20 08:45:00,2021-04-20 13:30:00,285.0,285.0
D1,F5-2-nlinear-c672,0,5,2021-04-21,96,1.0,True,174.0,183.657958984375,9.657958984375,9.657958984375,2021-04-21 08:30:00,2021-04-21 09:00:00,30.0,30.0
D1,F5-2-nlinear-c672,0,5,2021-04-22,96,1.0,True,174.0,171.4012451171875,-2.5987548828125,2.5987548828125,2021-04-22 08:30:00,2021-04-22 11:45:00,195.0,195.0
D1,F5-2-nlinear-c672,0,5,2021-04-23,96,1.0,True,174.0,170.29110717773438,-3.708892822265625,3.708892822265625,2021-04-23 08:30:00,2021-04-23 13:30:00,300.0,300.0
D1,F5-2-nlinear-c672,0,5,2021-04-24,96,1.0,True,112.0,105.54364776611328,-6.456352233886719,6.456352233886719,2021-04-24 06:15:00,2021-04-24 04:45:00,-90.0,90.0
D1,F5-2-nlinear-c672,0,5,2021-04-25,96,1.0,True,25.0,33.95347213745117,8.953472137451172,8.953472137451172,2021-04-25 01:30:00,2021-04-25 01:30:00,0.0,0.0
D1,F5-2-nlinear-c672,0,5,2021-05-03,96,1.0,True,184.0,186.83953857421875,2.83953857421875,2.83953857421875,2021-05-03 08:30:00,2021-05-03 13:15:00,285.0,285.0
D1,F5-2-nlinear-c672,0,5,2021-05-04,96,1.0,True,181.0,193.73423767089844,12.734237670898438,12.734237670898438,2021-05-04 08:30:00,2021-05-04 09:45:00,75.0,75.0
D1,F5-2-nlinear-c672,0,5,2021-05-05,96,1.0,True,120.0,155.60263061523438,35.602630615234375,35.602630615234375,2021-05-05 04:15:00,2021-05-05 08:30:00,255.0,255.0
D1,F5-2-nlinear-c672,0,5,2021-05-06,96,1.0,True,199.0,188.23989868164062,-10.760101318359375,10.760101318359375,2021-05-06 09:00:00,2021-05-06 11:15:00,135.0,135.0
D1,F5-2-nlinear-c672,0,5,2021-05-07,96,1.0,True,181.0,179.27691650390625,-1.72308349609375,1.72308349609375,2021-05-07 09:00:00,2021-05-07 14:30:00,330.0,330.0
D1,F5-2-nlinear-c672,0,5,2021-05-08,96,1.0,True,115.0,118.2450942993164,3.2450942993164062,3.2450942993164062,2021-05-08 02:00:00,2021-05-08 04:15:00,135.0,135.0
D1,F5-2-nlinear-c672,0,5,2021-05-09,96,1.0,True,184.0,156.51995849609375,-27.48004150390625,27.48004150390625,2021-05-09 09:00:00,2021-05-09 11:45:00,165.0,165.0
D1,F5-2-nlinear-c672,0,6,2021-04-19,96,1.0,True,172.0,191.82958984375,19.82958984375,19.82958984375,2021-04-19 08:45:00,2021-04-19 13:30:00,285.0,285.0
D1,F5-2-nlinear-c672,0,6,2021-04-20,96,1.0,True,172.0,195.18887329101562,23.188873291015625,23.188873291015625,2021-04-20 08:45:00,2021-04-20 13:30:00,285.0,285.0
D1,F5-2-nlinear-c672,0,6,2021-04-21,96,1.0,True,174.0,179.69879150390625,5.69879150390625,5.69879150390625,2021-04-21 08:30:00,2021-04-21 09:45:00,75.0,75.0
D1,F5-2-nlinear-c672,0,6,2021-04-22,96,1.0,True,174.0,173.45938110351562,-0.540618896484375,0.540618896484375,2021-04-22 08:30:00,2021-04-22 13:30:00,300.0,300.0
D1,F5-2-nlinear-c672,0,6,2021-04-23,96,1.0,True,174.0,179.30528259277344,5.3052825927734375,5.3052825927734375,2021-04-23 08:30:00,2021-04-23 13:30:00,300.0,300.0
D1,F5-2-nlinear-c672,0,6,2021-04-24,96,1.0,True,112.0,106.04618072509766,-5.953819274902344,5.953819274902344,2021-04-24 06:15:00,2021-04-24 04:30:00,-105.0,105.0
D1,F5-2-nlinear-c672,0,6,2021-04-25,96,1.0,True,25.0,31.225887298583984,6.225887298583984,6.225887298583984,2021-04-25 01:30:00,2021-04-25 01:45:00,15.0,15.0
D1,F5-2-nlinear-c672,0,6,2021-05-03,96,1.0,True,184.0,195.21678161621094,11.216781616210938,11.216781616210938,2021-05-03 08:30:00,2021-05-03 13:30:00,300.0,300.0
D1,F5-2-nlinear-c672,0,6,2021-05-04,96,1.0,True,181.0,194.34796142578125,13.34796142578125,13.34796142578125,2021-05-04 08:30:00,2021-05-04 13:30:00,300.0,300.0
D1,F5-2-nlinear-c672,0,6,2021-05-05,96,1.0,True,120.0,153.3700408935547,33.37004089355469,33.37004089355469,2021-05-05 04:15:00,2021-05-05 08:30:00,255.0,255.0
D1,F5-2-nlinear-c672,0,6,2021-05-06,96,1.0,True,199.0,190.64862060546875,-8.35137939453125,8.35137939453125,2021-05-06 09:00:00,2021-05-06 11:30:00,150.0,150.0
D1,F5-2-nlinear-c672,0,6,2021-05-07,96,1.0,True,181.0,179.60580444335938,-1.394195556640625,1.394195556640625,2021-05-07 09:00:00,2021-05-07 14:45:00,345.0,345.0
D1,F5-2-nlinear-c672,0,6,2021-05-08,96,1.0,True,115.0,118.17047119140625,3.17047119140625,3.17047119140625,2021-05-08 02:00:00,2021-05-08 04:30:00,150.0,150.0
D1,F5-2-nlinear-c672,0,6,2021-05-09,96,1.0,True,184.0,152.3506622314453,-31.649337768554688,31.649337768554688,2021-05-09 09:00:00,2021-05-09 12:00:00,180.0,180.0
D1,F5-2-nlinear-c672,0,7,2021-04-19,96,1.0,True,172.0,193.60885620117188,21.608856201171875,21.608856201171875,2021-04-19 08:45:00,2021-04-19 13:45:00,300.0,300.0
D1,F5-2-nlinear-c672,0,7,2021-04-20,96,1.0,True,172.0,193.02565002441406,21.025650024414062,21.025650024414062,2021-04-20 08:45:00,2021-04-20 13:45:00,300.0,300.0
D1,F5-2-nlinear-c672,0,7,2021-04-21,96,1.0,True,174.0,179.9230194091797,5.9230194091796875,5.9230194091796875,2021-04-21 08:30:00,2021-04-21 09:30:00,60.0,60.0
D1,F5-2-nlinear-c672,0,7,2021-04-22,96,1.0,True,174.0,171.0985107421875,-2.9014892578125,2.9014892578125,2021-04-22 08:30:00,2021-04-22 13:45:00,315.0,315.0
D1,F5-2-nlinear-c672,0,7,2021-04-23,96,1.0,True,174.0,180.24136352539062,6.241363525390625,6.241363525390625,2021-04-23 08:30:00,2021-04-23 13:45:00,315.0,315.0
D1,F5-2-nlinear-c672,0,7,2021-04-24,96,1.0,True,112.0,105.69010925292969,-6.3098907470703125,6.3098907470703125,2021-04-24 06:15:00,2021-04-24 04:15:00,-120.0,120.0
D1,F5-2-nlinear-c672,0,7,2021-04-25,96,1.0,True,25.0,34.151329040527344,9.151329040527344,9.151329040527344,2021-04-25 01:30:00,2021-04-25 01:30:00,0.0,0.0
D1,F5-2-nlinear-c672,0,7,2021-05-03,96,1.0,True,184.0,197.47923278808594,13.479232788085938,13.479232788085938,2021-05-03 08:30:00,2021-05-03 13:45:00,315.0,315.0
D1,F5-2-nlinear-c672,0,7,2021-05-04,96,1.0,True,181.0,194.5998077392578,13.599807739257812,13.599807739257812,2021-05-04 08:30:00,2021-05-04 13:45:00,315.0,315.0
D1,F5-2-nlinear-c672,0,7,2021-05-05,96,1.0,True,120.0,162.09494018554688,42.094940185546875,42.094940185546875,2021-05-05 04:15:00,2021-05-05 08:30:00,255.0,255.0
D1,F5-2-nlinear-c672,0,7,2021-05-06,96,1.0,True,199.0,194.55239868164062,-4.447601318359375,4.447601318359375,2021-05-06 09:00:00,2021-05-06 11:45:00,165.0,165.0
D1,F5-2-nlinear-c672,0,7,2021-05-07,96,1.0,True,181.0,179.1268310546875,-1.8731689453125,1.8731689453125,2021-05-07 09:00:00,2021-05-07 11:00:00,120.0,120.0
D1,F5-2-nlinear-c672,0,7,2021-05-08,96,1.0,True,115.0,111.47479248046875,-3.52520751953125,3.52520751953125,2021-05-08 02:00:00,2021-05-08 04:45:00,165.0,165.0
D1,F5-2-nlinear-c672,0,7,2021-05-09,96,1.0,True,184.0,150.5130615234375,-33.4869384765625,33.4869384765625,2021-05-09 09:00:00,2021-05-09 10:45:00,105.0,105.0
D1,F5-2-nlinear-c672,0,8,2021-04-19,96,1.0,True,172.0,188.4173583984375,16.4173583984375,16.4173583984375,2021-04-19 08:45:00,2021-04-19 14:00:00,315.0,315.0
D1,F5-2-nlinear-c672,0,8,2021-04-20,96,1.0,True,172.0,189.0818634033203,17.081863403320312,17.081863403320312,2021-04-20 08:45:00,2021-04-20 14:00:00,315.0,315.0
D1,F5-2-nlinear-c672,0,8,2021-04-21,96,1.0,True,174.0,184.96310424804688,10.963104248046875,10.963104248046875,2021-04-21 08:30:00,2021-04-21 09:45:00,75.0,75.0
D1,F5-2-nlinear-c672,0,8,2021-04-22,96,1.0,True,174.0,172.3623046875,-1.6376953125,1.6376953125,2021-04-22 08:30:00,2021-04-22 08:30:00,0.0,0.0
D1,F5-2-nlinear-c672,0,8,2021-04-23,96,1.0,True,174.0,175.07186889648438,1.071868896484375,1.071868896484375,2021-04-23 08:30:00,2021-04-23 14:00:00,330.0,330.0
D1,F5-2-nlinear-c672,0,8,2021-04-24,96,1.0,True,112.0,112.48229217529297,0.48229217529296875,0.48229217529296875,2021-04-24 06:15:00,2021-04-24 01:45:00,-270.0,270.0
D1,F5-2-nlinear-c672,0,8,2021-04-25,96,1.0,True,25.0,33.77448272705078,8.774482727050781,8.774482727050781,2021-04-25 01:30:00,2021-04-25 01:15:00,-15.0,15.0
D1,F5-2-nlinear-c672,0,8,2021-05-03,96,1.0,True,184.0,195.04331970214844,11.043319702148438,11.043319702148438,2021-05-03 08:30:00,2021-05-03 14:00:00,330.0,330.0
D1,F5-2-nlinear-c672,0,8,2021-05-04,96,1.0,True,181.0,196.01339721679688,15.013397216796875,15.013397216796875,2021-05-04 08:30:00,2021-05-04 14:00:00,330.0,330.0
D1,F5-2-nlinear-c672,0,8,2021-05-05,96,1.0,True,120.0,163.7716064453125,43.7716064453125,43.7716064453125,2021-05-05 04:15:00,2021-05-05 08:30:00,255.0,255.0
D1,F5-2-nlinear-c672,0,8,2021-05-06,96,1.0,True,199.0,189.14663696289062,-9.853363037109375,9.853363037109375,2021-05-06 09:00:00,2021-05-06 12:00:00,180.0,180.0
D1,F5-2-nlinear-c672,0,8,2021-05-07,96,1.0,True,181.0,177.99932861328125,-3.00067138671875,3.00067138671875,2021-05-07 09:00:00,2021-05-07 14:00:00,300.0,300.0
D1,F5-2-nlinear-c672,0,8,2021-05-08,96,1.0,True,115.0,108.89131164550781,-6.1086883544921875,6.1086883544921875,2021-05-08 02:00:00,2021-05-08 04:30:00,150.0,150.0
D1,F5-2-nlinear-c672,0,8,2021-05-09,96,1.0,True,184.0,151.08255004882812,-32.917449951171875,32.917449951171875,2021-05-09 09:00:00,2021-05-09 11:00:00,120.0,120.0
D1,F5-2-nlinear-c672,0,9,2021-04-19,96,1.0,True,172.0,188.6417236328125,16.6417236328125,16.6417236328125,2021-04-19 08:45:00,2021-04-19 14:15:00,330.0,330.0
D1,F5-2-nlinear-c672,0,9,2021-04-20,96,1.0,True,172.0,188.70697021484375,16.70697021484375,16.70697021484375,2021-04-20 08:45:00,2021-04-20 14:15:00,330.0,330.0
D1,F5-2-nlinear-c672,0,9,2021-04-21,96,1.0,True,174.0,187.0531463623047,13.053146362304688,13.053146362304688,2021-04-21 08:30:00,2021-04-21 09:00:00,30.0,30.0
D1,F5-2-nlinear-c672,0,9,2021-04-22,96,1.0,True,174.0,175.06385803222656,1.0638580322265625,1.0638580322265625,2021-04-22 08:30:00,2021-04-22 08:30:00,0.0,0.0
D1,F5-2-nlinear-c672,0,9,2021-04-23,96,1.0,True,174.0,174.45684814453125,0.45684814453125,0.45684814453125,2021-04-23 08:30:00,2021-04-23 08:30:00,0.0,0.0
D1,F5-2-nlinear-c672,0,9,2021-04-24,96,1.0,True,112.0,112.79197692871094,0.7919769287109375,0.7919769287109375,2021-04-24 06:15:00,2021-04-24 01:45:00,-270.0,270.0
D1,F5-2-nlinear-c672,0,9,2021-04-25,96,1.0,True,25.0,33.75069046020508,8.750690460205078,8.750690460205078,2021-04-25 01:30:00,2021-04-25 01:30:00,0.0,0.0
D1,F5-2-nlinear-c672,0,9,2021-05-03,96,1.0,True,184.0,192.65338134765625,8.65338134765625,8.65338134765625,2021-05-03 08:30:00,2021-05-03 14:15:00,345.0,345.0
D1,F5-2-nlinear-c672,0,9,2021-05-04,96,1.0,True,181.0,191.92535400390625,10.92535400390625,10.92535400390625,2021-05-04 08:30:00,2021-05-04 14:15:00,345.0,345.0
D1,F5-2-nlinear-c672,0,9,2021-05-05,96,1.0,True,120.0,163.99415588378906,43.99415588378906,43.99415588378906,2021-05-05 04:15:00,2021-05-05 08:45:00,270.0,270.0
D1,F5-2-nlinear-c672,0,9,2021-05-06,96,1.0,True,199.0,179.5706787109375,-19.4293212890625,19.4293212890625,2021-05-06 09:00:00,2021-05-06 11:15:00,135.0,135.0
D1,F5-2-nlinear-c672,0,9,2021-05-07,96,1.0,True,181.0,180.71731567382812,-0.282684326171875,0.282684326171875,2021-05-07 09:00:00,2021-05-07 11:00:00,120.0,120.0
D1,F5-2-nlinear-c672,0,9,2021-05-08,96,1.0,True,115.0,110.88307189941406,-4.1169281005859375,4.1169281005859375,2021-05-08 02:00:00,2021-05-08 06:30:00,270.0,270.0
D1,F5-2-nlinear-c672,0,9,2021-05-09,96,1.0,True,184.0,150.90631103515625,-33.09368896484375,33.09368896484375,2021-05-09 09:00:00,2021-05-09 11:15:00,135.0,135.0
D1,F5-2-nlinear-c672,0,10,2021-04-19,96,1.0,True,172.0,186.9971160888672,14.997116088867188,14.997116088867188,2021-04-19 08:45:00,2021-04-19 14:30:00,345.0,345.0
D1,F5-2-nlinear-c672,0,10,2021-04-20,96,1.0,True,172.0,184.322265625,12.322265625,12.322265625,2021-04-20 08:45:00,2021-04-20 14:30:00,345.0,345.0
D1,F5-2-nlinear-c672,0,10,2021-04-21,96,1.0,True,174.0,187.0535125732422,13.053512573242188,13.053512573242188,2021-04-21 08:30:00,2021-04-21 09:00:00,30.0,30.0
D1,F5-2-nlinear-c672,0,10,2021-04-22,96,1.0,True,174.0,179.0668487548828,5.0668487548828125,5.0668487548828125,2021-04-22 08:30:00,2021-04-22 08:45:00,15.0,15.0
D1,F5-2-nlinear-c672,0,10,2021-04-23,96,1.0,True,174.0,179.01295471191406,5.0129547119140625,5.0129547119140625,2021-04-23 08:30:00,2021-04-23 08:45:00,15.0,15.0
D1,F5-2-nlinear-c672,0,10,2021-04-24,96,1.0,True,112.0,110.93433380126953,-1.0656661987304688,1.0656661987304688,2021-04-24 06:15:00,2021-04-24 02:00:00,-255.0,255.0
D1,F5-2-nlinear-c672,0,10,2021-04-25,96,1.0,True,25.0,33.51014709472656,8.510147094726562,8.510147094726562,2021-04-25 01:30:00,2021-04-25 01:30:00,0.0,0.0
D1,F5-2-nlinear-c672,0,10,2021-05-03,96,1.0,True,184.0,190.443115234375,6.443115234375,6.443115234375,2021-05-03 08:30:00,2021-05-03 14:30:00,360.0,360.0
D1,F5-2-nlinear-c672,0,10,2021-05-04,96,1.0,True,181.0,191.73397827148438,10.733978271484375,10.733978271484375,2021-05-04 08:30:00,2021-05-04 11:00:00,150.0,150.0
D1,F5-2-nlinear-c672,0,10,2021-05-05,96,1.0,True,120.0,164.25570678710938,44.255706787109375,44.255706787109375,2021-05-05 04:15:00,2021-05-05 08:30:00,255.0,255.0
D1,F5-2-nlinear-c672,0,10,2021-05-06,96,1.0,True,199.0,178.84486389160156,-20.155136108398438,20.155136108398438,2021-05-06 09:00:00,2021-05-06 11:45:00,165.0,165.0
D1,F5-2-nlinear-c672,0,10,2021-05-07,96,1.0,True,181.0,185.0891876220703,4.0891876220703125,4.0891876220703125,2021-05-07 09:00:00,2021-05-07 14:30:00,330.0,330.0
D1,F5-2-nlinear-c672,0,10,2021-05-08,96,1.0,True,115.0,105.864990234375,-9.135009765625,9.135009765625,2021-05-08 02:00:00,2021-05-08 06:15:00,255.0,255.0
D1,F5-2-nlinear-c672,0,10,2021-05-09,96,1.0,True,184.0,145.66928100585938,-38.330718994140625,38.330718994140625,2021-05-09 09:00:00,2021-05-09 11:30:00,150.0,150.0
D1,F5-2-nlinear-c672,0,11,2021-04-19,96,1.0,True,172.0,189.35325622558594,17.353256225585938,17.353256225585938,2021-04-19 08:45:00,2021-04-19 14:45:00,360.0,360.0
D1,F5-2-nlinear-c672,0,11,2021-04-20,96,1.0,True,172.0,184.81820678710938,12.818206787109375,12.818206787109375,2021-04-20 08:45:00,2021-04-20 14:45:00,360.0,360.0
D1,F5-2-nlinear-c672,0,11,2021-04-21,96,1.0,True,174.0,184.48049926757812,10.480499267578125,10.480499267578125,2021-04-21 08:30:00,2021-04-21 09:30:00,60.0,60.0
D1,F5-2-nlinear-c672,0,11,2021-04-22,96,1.0,True,174.0,178.407958984375,4.407958984375,4.407958984375,2021-04-22 08:30:00,2021-04-22 09:00:00,30.0,30.0
D1,F5-2-nlinear-c672,0,11,2021-04-23,96,1.0,True,174.0,179.31185913085938,5.311859130859375,5.311859130859375,2021-04-23 08:30:00,2021-04-23 09:00:00,30.0,30.0
D1,F5-2-nlinear-c672,0,11,2021-04-24,96,1.0,True,112.0,112.21601867675781,0.2160186767578125,0.2160186767578125,2021-04-24 06:15:00,2021-04-24 02:00:00,-255.0,255.0
D1,F5-2-nlinear-c672,0,11,2021-04-25,96,1.0,True,25.0,35.044979095458984,10.044979095458984,10.044979095458984,2021-04-25 01:30:00,2021-04-25 01:30:00,0.0,0.0
D1,F5-2-nlinear-c672,0,11,2021-05-03,96,1.0,True,184.0,195.85069274902344,11.850692749023438,11.850692749023438,2021-05-03 08:30:00,2021-05-03 14:45:00,375.0,375.0
D1,F5-2-nlinear-c672,0,11,2021-05-04,96,1.0,True,181.0,188.86166381835938,7.861663818359375,7.861663818359375,2021-05-04 08:30:00,2021-05-04 11:15:00,165.0,165.0
D1,F5-2-nlinear-c672,0,11,2021-05-05,96,1.0,True,120.0,161.86387634277344,41.86387634277344,41.86387634277344,2021-05-05 04:15:00,2021-05-05 08:45:00,270.0,270.0
D1,F5-2-nlinear-c672,0,11,2021-05-06,96,1.0,True,199.0,180.30995178222656,-18.690048217773438,18.690048217773438,2021-05-06 09:00:00,2021-05-06 14:45:00,345.0,345.0
D1,F5-2-nlinear-c672,0,11,2021-05-07,96,1.0,True,181.0,179.46261596679688,-1.537384033203125,1.537384033203125,2021-05-07 09:00:00,2021-05-07 14:45:00,345.0,345.0
D1,F5-2-nlinear-c672,0,11,2021-05-08,96,1.0,True,115.0,106.3326416015625,-8.6673583984375,8.6673583984375,2021-05-08 02:00:00,2021-05-08 06:15:00,255.0,255.0
D1,F5-2-nlinear-c672,0,11,2021-05-09,96,1.0,True,184.0,144.8516845703125,-39.1483154296875,39.1483154296875,2021-05-09 09:00:00,2021-05-09 11:45:00,165.0,165.0
D1,F5-2-nlinear-c672,0,12,2021-04-19,96,1.0,True,172.0,181.70838928222656,9.708389282226562,9.708389282226562,2021-04-19 08:45:00,2021-04-19 15:00:00,375.0,375.0
D1,F5-2-nlinear-c672,0,12,2021-04-20,96,1.0,True,172.0,187.5723876953125,15.5723876953125,15.5723876953125,2021-04-20 08:45:00,2021-04-20 13:30:00,285.0,285.0
D1,F5-2-nlinear-c672,0,12,2021-04-21,96,1.0,True,174.0,187.5878448486328,13.587844848632812,13.587844848632812,2021-04-21 08:30:00,2021-04-21 09:45:00,75.0,75.0
D1,F5-2-nlinear-c672,0,12,2021-04-22,96,1.0,True,174.0,178.48944091796875,4.48944091796875,4.48944091796875,2021-04-22 08:30:00,2021-04-22 09:45:00,75.0,75.0
D1,F5-2-nlinear-c672,0,12,2021-04-23,96,1.0,True,174.0,179.1116943359375,5.1116943359375,5.1116943359375,2021-04-23 08:30:00,2021-04-23 09:00:00,30.0,30.0
D1,F5-2-nlinear-c672,0,12,2021-04-24,96,1.0,True,112.0,110.51029968261719,-1.4897003173828125,1.4897003173828125,2021-04-24 06:15:00,2021-04-24 02:30:00,-225.0,225.0
D1,F5-2-nlinear-c672,0,12,2021-04-25,96,1.0,True,25.0,38.03327941894531,13.033279418945312,13.033279418945312,2021-04-25 01:30:00,2021-04-25 01:15:00,-15.0,15.0
D1,F5-2-nlinear-c672,0,12,2021-05-03,96,1.0,True,184.0,189.76934814453125,5.76934814453125,5.76934814453125,2021-05-03 08:30:00,2021-05-03 15:00:00,390.0,390.0
D1,F5-2-nlinear-c672,0,12,2021-05-04,96,1.0,True,181.0,186.6707305908203,5.6707305908203125,5.6707305908203125,2021-05-04 08:30:00,2021-05-04 11:30:00,180.0,180.0
D1,F5-2-nlinear-c672,0,12,2021-05-05,96,1.0,True,120.0,163.71615600585938,43.716156005859375,43.716156005859375,2021-05-05 04:15:00,2021-05-05 09:45:00,330.0,330.0
D1,F5-2-nlinear-c672,0,12,2021-05-06,96,1.0,True,199.0,171.0072784423828,-27.992721557617188,27.992721557617188,2021-05-06 09:00:00,2021-05-06 12:00:00,180.0,180.0
D1,F5-2-nlinear-c672,0,12,2021-05-07,96,1.0,True,181.0,175.07737731933594,-5.9226226806640625,5.9226226806640625,2021-05-07 09:00:00,2021-05-07 14:45:00,345.0,345.0
D1,F5-2-nlinear-c672,0,12,2021-05-08,96,1.0,True,115.0,107.95165252685547,-7.048347473144531,7.048347473144531,2021-05-08 02:00:00,2021-05-08 06:30:00,270.0,270.0
D1,F5-2-nlinear-c672,0,12,2021-05-09,96,1.0,True,184.0,143.35153198242188,-40.648468017578125,40.648468017578125,2021-05-09 09:00:00,2021-05-09 12:00:00,180.0,180.0
D1,F5-2-nlinear-c672,0,13,2021-04-19,96,1.0,True,172.0,177.8380126953125,5.8380126953125,5.8380126953125,2021-04-19 08:45:00,2021-04-19 15:30:00,405.0,405.0
D1,F5-2-nlinear-c672,0,13,2021-04-20,96,1.0,True,172.0,183.34190368652344,11.341903686523438,11.341903686523438,2021-04-20 08:45:00,2021-04-20 15:45:00,420.0,420.0
D1,F5-2-nlinear-c672,0,13,2021-04-21,96,1.0,True,174.0,186.0604248046875,12.0604248046875,12.0604248046875,2021-04-21 08:30:00,2021-04-21 09:45:00,75.0,75.0
D1,F5-2-nlinear-c672,0,13,2021-04-22,96,1.0,True,174.0,179.57078552246094,5.5707855224609375,5.5707855224609375,2021-04-22 08:30:00,2021-04-22 09:45:00,75.0,75.0
D1,F5-2-nlinear-c672,0,13,2021-04-23,96,1.0,True,174.0,176.260986328125,2.260986328125,2.260986328125,2021-04-23 08:30:00,2021-04-23 09:45:00,75.0,75.0
D1,F5-2-nlinear-c672,0,13,2021-04-24,96,1.0,True,112.0,109.3484878540039,-2.6515121459960938,2.6515121459960938,2021-04-24 06:15:00,2021-04-24 04:30:00,-105.0,105.0
D1,F5-2-nlinear-c672,0,13,2021-04-25,96,1.0,True,25.0,38.76615524291992,13.766155242919922,13.766155242919922,2021-04-25 01:30:00,2021-04-25 01:30:00,0.0,0.0
D1,F5-2-nlinear-c672,0,13,2021-05-03,96,1.0,True,184.0,183.0222930908203,-0.9777069091796875,0.9777069091796875,2021-05-03 08:30:00,2021-05-03 15:15:00,405.0,405.0
D1,F5-2-nlinear-c672,0,13,2021-05-04,96,1.0,True,181.0,183.2966766357422,2.2966766357421875,2.2966766357421875,2021-05-04 08:30:00,2021-05-04 11:45:00,195.0,195.0
D1,F5-2-nlinear-c672,0,13,2021-05-05,96,1.0,True,120.0,170.86859130859375,50.86859130859375,50.86859130859375,2021-05-05 04:15:00,2021-05-05 08:30:00,255.0,255.0
D1,F5-2-nlinear-c672,0,13,2021-05-06,96,1.0,True,199.0,175.2705535888672,-23.729446411132812,23.729446411132812,2021-05-06 09:00:00,2021-05-06 13:15:00,255.0,255.0
D1,F5-2-nlinear-c672,0,13,2021-05-07,96,1.0,True,181.0,171.49371337890625,-9.50628662109375,9.50628662109375,2021-05-07 09:00:00,2021-05-07 16:30:00,450.0,450.0
D1,F5-2-nlinear-c672,0,13,2021-05-08,96,1.0,True,115.0,110.40739440917969,-4.5926055908203125,4.5926055908203125,2021-05-08 02:00:00,2021-05-08 06:15:00,255.0,255.0
D1,F5-2-nlinear-c672,0,13,2021-05-09,96,1.0,True,184.0,131.586181640625,-52.413818359375,52.413818359375,2021-05-09 09:00:00,2021-05-09 12:00:00,180.0,180.0
D1,F5-2-nlinear-c672,0,14,2021-04-19,96,1.0,True,172.0,182.69329833984375,10.69329833984375,10.69329833984375,2021-04-19 08:45:00,2021-04-19 15:30:00,405.0,405.0
D1,F5-2-nlinear-c672,0,14,2021-04-20,96,1.0,True,172.0,187.8513641357422,15.851364135742188,15.851364135742188,2021-04-20 08:45:00,2021-04-20 13:30:00,285.0,285.0
D1,F5-2-nlinear-c672,0,14,2021-04-21,96,1.0,True,174.0,190.11676025390625,16.11676025390625,16.11676025390625,2021-04-21 08:30:00,2021-04-21 08:45:00,15.0,15.0
D1,F5-2-nlinear-c672,0,14,2021-04-22,96,1.0,True,174.0,182.38656616210938,8.386566162109375,8.386566162109375,2021-04-22 08:30:00,2021-04-22 09:45:00,75.0,75.0
D1,F5-2-nlinear-c672,0,14,2021-04-23,96,1.0,True,174.0,181.3701934814453,7.3701934814453125,7.3701934814453125,2021-04-23 08:30:00,2021-04-23 09:45:00,75.0,75.0
D1,F5-2-nlinear-c672,0,14,2021-04-24,96,1.0,True,112.0,106.226806640625,-5.773193359375,5.773193359375,2021-04-24 06:15:00,2021-04-24 04:45:00,-90.0,90.0
D1,F5-2-nlinear-c672,0,14,2021-04-25,96,1.0,True,25.0,39.465633392333984,14.465633392333984,14.465633392333984,2021-04-25 01:30:00,2021-04-25 01:45:00,15.0,15.0
D1,F5-2-nlinear-c672,0,14,2021-05-03,96,1.0,True,184.0,183.7467041015625,-0.2532958984375,0.2532958984375,2021-05-03 08:30:00,2021-05-03 15:30:00,420.0,420.0
D1,F5-2-nlinear-c672,0,14,2021-05-04,96,1.0,True,181.0,179.7090301513672,-1.2909698486328125,1.2909698486328125,2021-05-04 08:30:00,2021-05-04 13:30:00,300.0,300.0
D1,F5-2-nlinear-c672,0,14,2021-05-05,96,1.0,True,120.0,174.03182983398438,54.031829833984375,54.031829833984375,2021-05-05 04:15:00,2021-05-05 08:45:00,270.0,270.0
D1,F5-2-nlinear-c672,0,14,2021-05-06,96,1.0,True,199.0,187.62879943847656,-11.371200561523438,11.371200561523438,2021-05-06 09:00:00,2021-05-06 13:30:00,270.0,270.0
D1,F5-2-nlinear-c672,0,14,2021-05-07,96,1.0,True,181.0,176.642822265625,-4.357177734375,4.357177734375,2021-05-07 09:00:00,2021-05-07 08:30:00,-30.0,30.0
D1,F5-2-nlinear-c672,0,14,2021-05-08,96,1.0,True,115.0,111.30702209472656,-3.6929779052734375,3.6929779052734375,2021-05-08 02:00:00,2021-05-08 06:30:00,270.0,270.0
D1,F5-2-nlinear-c672,0,14,2021-05-09,96,1.0,True,184.0,124.92178344726562,-59.078216552734375,59.078216552734375,2021-05-09 09:00:00,2021-05-09 14:00:00,300.0,300.0
D1,F5-2-nlinear-c672,0,15,2021-04-19,96,1.0,True,172.0,194.41297912597656,22.412979125976562,22.412979125976562,2021-04-19 08:45:00,2021-04-19 15:45:00,420.0,420.0
D1,F5-2-nlinear-c672,0,15,2021-04-20,96,1.0,True,172.0,189.44985961914062,17.449859619140625,17.449859619140625,2021-04-20 08:45:00,2021-04-20 15:45:00,420.0,420.0
D1,F5-2-nlinear-c672,0,15,2021-04-21,96,1.0,True,174.0,188.17803955078125,14.17803955078125,14.17803955078125,2021-04-21 08:30:00,2021-04-21 08:45:00,15.0,15.0
D1,F5-2-nlinear-c672,0,15,2021-04-22,96,1.0,True,174.0,182.02645874023438,8.026458740234375,8.026458740234375,2021-04-22 08:30:00,2021-04-22 09:45:00,75.0,75.0
D1,F5-2-nlinear-c672,0,15,2021-04-23,96,1.0,True,174.0,183.14251708984375,9.14251708984375,9.14251708984375,2021-04-23 08:30:00,2021-04-23 09:45:00,75.0,75.0
D1,F5-2-nlinear-c672,0,15,2021-04-24,96,1.0,True,112.0,110.69316101074219,-1.3068389892578125,1.3068389892578125,2021-04-24 06:15:00,2021-04-24 01:45:00,-270.0,270.0
D1,F5-2-nlinear-c672,0,15,2021-04-25,96,1.0,True,25.0,37.41184616088867,12.411846160888672,12.411846160888672,2021-04-25 01:30:00,2021-04-25 02:00:00,30.0,30.0
D1,F5-2-nlinear-c672,0,15,2021-05-03,96,1.0,True,184.0,187.2397918701172,3.2397918701171875,3.2397918701171875,2021-05-03 08:30:00,2021-05-03 15:45:00,435.0,435.0
D1,F5-2-nlinear-c672,0,15,2021-05-04,96,1.0,True,181.0,181.73983764648438,0.739837646484375,0.739837646484375,2021-05-04 08:30:00,2021-05-04 13:45:00,315.0,315.0
D1,F5-2-nlinear-c672,0,15,2021-05-05,96,1.0,True,120.0,166.37425231933594,46.37425231933594,46.37425231933594,2021-05-05 04:15:00,2021-05-05 08:30:00,255.0,255.0
D1,F5-2-nlinear-c672,0,15,2021-05-06,96,1.0,True,199.0,190.35787963867188,-8.642120361328125,8.642120361328125,2021-05-06 09:00:00,2021-05-06 13:45:00,285.0,285.0
D1,F5-2-nlinear-c672,0,15,2021-05-07,96,1.0,True,181.0,177.09957885742188,-3.900421142578125,3.900421142578125,2021-05-07 09:00:00,2021-05-07 15:45:00,405.0,405.0
D1,F5-2-nlinear-c672,0,15,2021-05-08,96,1.0,True,115.0,110.87223815917969,-4.1277618408203125,4.1277618408203125,2021-05-08 02:00:00,2021-05-08 06:45:00,285.0,285.0
D1,F5-2-nlinear-c672,0,15,2021-05-09,96,1.0,True,184.0,130.46974182128906,-53.53025817871094,53.53025817871094,2021-05-09 09:00:00,2021-05-09 15:00:00,360.0,360.0
D1,F5-2-nlinear-c672,0,16,2021-04-19,96,1.0,True,172.0,193.6083221435547,21.608322143554688,21.608322143554688,2021-04-19 08:45:00,2021-04-19 16:00:00,435.0,435.0
D1,F5-2-nlinear-c672,0,16,2021-04-20,96,1.0,True,172.0,192.0679473876953,20.067947387695312,20.067947387695312,2021-04-20 08:45:00,2021-04-20 16:00:00,435.0,435.0
D1,F5-2-nlinear-c672,0,16,2021-04-21,96,1.0,True,174.0,190.49935913085938,16.499359130859375,16.499359130859375,2021-04-21 08:30:00,2021-04-21 09:00:00,30.0,30.0
D1,F5-2-nlinear-c672,0,16,2021-04-22,96,1.0,True,174.0,181.85023498535156,7.8502349853515625,7.8502349853515625,2021-04-22 08:30:00,2021-04-22 08:45:00,15.0,15.0
D1,F5-2-nlinear-c672,0,16,2021-04-23,96,1.0,True,174.0,181.42974853515625,7.42974853515625,7.42974853515625,2021-04-23 08:30:00,2021-04-23 08:45:00,15.0,15.0
D1,F5-2-nlinear-c672,0,16,2021-04-24,96,1.0,True,112.0,110.70116424560547,-1.2988357543945312,1.2988357543945312,2021-04-24 06:15:00,2021-04-24 02:00:00,-255.0,255.0
D1,F5-2-nlinear-c672,0,16,2021-04-25,96,1.0,True,25.0,34.2783203125,9.2783203125,9.2783203125,2021-04-25 01:30:00,2021-04-25 02:15:00,45.0,45.0
D1,F5-2-nlinear-c672,0,16,2021-05-03,96,1.0,True,184.0,186.9034423828125,2.9034423828125,2.9034423828125,2021-05-03 08:30:00,2021-05-03 16:00:00,450.0,450.0
D1,F5-2-nlinear-c672,0,16,2021-05-04,96,1.0,True,181.0,185.10739135742188,4.107391357421875,4.107391357421875,2021-05-04 08:30:00,2021-05-04 14:00:00,330.0,330.0
D1,F5-2-nlinear-c672,0,16,2021-05-05,96,1.0,True,120.0,171.55421447753906,51.55421447753906,51.55421447753906,2021-05-05 04:15:00,2021-05-05 08:30:00,255.0,255.0
D1,F5-2-nlinear-c672,0,16,2021-05-06,96,1.0,True,199.0,188.09535217285156,-10.904647827148438,10.904647827148438,2021-05-06 09:00:00,2021-05-06 14:00:00,300.0,300.0
D1,F5-2-nlinear-c672,0,16,2021-05-07,96,1.0,True,181.0,181.14212036132812,0.142120361328125,0.142120361328125,2021-05-07 09:00:00,2021-05-07 16:00:00,420.0,420.0
D1,F5-2-nlinear-c672,0,16,2021-05-08,96,1.0,True,115.0,105.38423919677734,-9.615760803222656,9.615760803222656,2021-05-08 02:00:00,2021-05-08 07:00:00,300.0,300.0
D1,F5-2-nlinear-c672,0,16,2021-05-09,96,1.0,True,184.0,126.92134094238281,-57.07865905761719,57.07865905761719,2021-05-09 09:00:00,2021-05-09 14:30:00,330.0,330.0
D1,F5-2-nlinear-c672,1,4,2021-05-31,96,1.0,True,172.0,177.75732421875,5.75732421875,5.75732421875,2021-05-31 10:30:00,2021-05-31 11:00:00,30.0,30.0
D1,F5-2-nlinear-c672,1,4,2021-06-01,96,1.0,True,195.0,192.7186737060547,-2.2813262939453125,2.2813262939453125,2021-06-01 09:00:00,2021-06-01 11:00:00,120.0,120.0
D1,F5-2-nlinear-c672,1,4,2021-06-02,96,1.0,True,191.0,190.43450927734375,-0.56549072265625,0.56549072265625,2021-06-02 10:45:00,2021-06-02 11:00:00,15.0,15.0
D1,F5-2-nlinear-c672,1,4,2021-06-03,96,1.0,True,181.0,181.3704833984375,0.3704833984375,0.3704833984375,2021-06-03 08:30:00,2021-06-03 09:30:00,60.0,60.0
D1,F5-2-nlinear-c672,1,4,2021-06-04,96,1.0,True,173.0,176.78330993652344,3.7833099365234375,3.7833099365234375,2021-06-04 10:45:00,2021-06-04 11:00:00,15.0,15.0
D1,F5-2-nlinear-c672,1,4,2021-06-05,96,1.0,True,116.0,114.90396118164062,-1.096038818359375,1.096038818359375,2021-06-05 01:45:00,2021-06-05 04:30:00,165.0,165.0
D1,F5-2-nlinear-c672,1,4,2021-06-06,96,1.0,True,27.0,33.637351989746094,6.637351989746094,6.637351989746094,2021-06-06 01:30:00,2021-06-06 02:00:00,30.0,30.0
D1,F5-2-nlinear-c672,1,4,2021-06-14,96,1.0,True,204.0,187.20362854003906,-16.796371459960938,16.796371459960938,2021-06-14 09:00:00,2021-06-14 16:00:00,420.0,420.0
D1,F5-2-nlinear-c672,1,4,2021-06-15,96,1.0,True,198.0,196.23533630371094,-1.7646636962890625,1.7646636962890625,2021-06-15 08:45:00,2021-06-15 09:15:00,30.0,30.0
D1,F5-2-nlinear-c672,1,4,2021-06-16,96,1.0,True,193.0,193.87954711914062,0.879547119140625,0.879547119140625,2021-06-16 10:45:00,2021-06-16 11:00:00,15.0,15.0
D1,F5-2-nlinear-c672,1,4,2021-06-17,96,1.0,True,197.0,192.62802124023438,-4.371978759765625,4.371978759765625,2021-06-17 08:45:00,2021-06-17 09:45:00,60.0,60.0
D1,F5-2-nlinear-c672,1,4,2021-06-18,96,1.0,True,186.0,186.93634033203125,0.93634033203125,0.93634033203125,2021-06-18 10:00:00,2021-06-18 11:00:00,60.0,60.0
D1,F5-2-nlinear-c672,1,4,2021-06-19,96,1.0,True,119.0,118.67533111572266,-0.32466888427734375,0.32466888427734375,2021-06-19 02:15:00,2021-06-19 03:30:00,75.0,75.0
D1,F5-2-nlinear-c672,1,4,2021-06-20,96,1.0,True,28.0,35.227272033691406,7.227272033691406,7.227272033691406,2021-06-20 15:15:00,2021-06-20 01:45:00,-810.0,810.0
D1,F5-2-nlinear-c672,1,5,2021-05-31,96,1.0,True,172.0,174.0282440185547,2.0282440185546875,2.0282440185546875,2021-05-31 10:30:00,2021-05-31 11:15:00,45.0,45.0
D1,F5-2-nlinear-c672,1,5,2021-06-01,96,1.0,True,195.0,193.00048828125,-1.99951171875,1.99951171875,2021-06-01 09:00:00,2021-06-01 11:15:00,135.0,135.0
D1,F5-2-nlinear-c672,1,5,2021-06-02,96,1.0,True,191.0,185.28707885742188,-5.712921142578125,5.712921142578125,2021-06-02 10:45:00,2021-06-02 11:00:00,15.0,15.0
D1,F5-2-nlinear-c672,1,5,2021-06-03,96,1.0,True,181.0,183.9749755859375,2.9749755859375,2.9749755859375,2021-06-03 08:30:00,2021-06-03 09:45:00,75.0,75.0
D1,F5-2-nlinear-c672,1,5,2021-06-04,96,1.0,True,173.0,175.90048217773438,2.900482177734375,2.900482177734375,2021-06-04 10:45:00,2021-06-04 11:15:00,30.0,30.0
D1,F5-2-nlinear-c672,1,5,2021-06-05,96,1.0,True,116.0,115.54762268066406,-0.4523773193359375,0.4523773193359375,2021-06-05 01:45:00,2021-06-05 04:15:00,150.0,150.0
D1,F5-2-nlinear-c672,1,5,2021-06-06,96,1.0,True,27.0,33.47029495239258,6.470294952392578,6.470294952392578,2021-06-06 01:30:00,2021-06-06 10:30:00,540.0,540.0
D1,F5-2-nlinear-c672,1,5,2021-06-14,96,1.0,True,204.0,185.10614013671875,-18.89385986328125,18.89385986328125,2021-06-14 09:00:00,2021-06-14 11:45:00,165.0,165.0
D1,F5-2-nlinear-c672,1,5,2021-06-15,96,1.0,True,198.0,196.39804077148438,-1.601959228515625,1.601959228515625,2021-06-15 08:45:00,2021-06-15 11:45:00,180.0,180.0
D1,F5-2-nlinear-c672,1,5,2021-06-16,96,1.0,True,193.0,190.0584716796875,-2.9415283203125,2.9415283203125,2021-06-16 10:45:00,2021-06-16 11:15:00,30.0,30.0
D1,F5-2-nlinear-c672,1,5,2021-06-17,96,1.0,True,197.0,189.45291137695312,-7.547088623046875,7.547088623046875,2021-06-17 08:45:00,2021-06-17 09:45:00,60.0,60.0
D1,F5-2-nlinear-c672,1,5,2021-06-18,96,1.0,True,186.0,189.47171020507812,3.471710205078125,3.471710205078125,2021-06-18 10:00:00,2021-06-18 11:15:00,75.0,75.0
D1,F5-2-nlinear-c672,1,5,2021-06-19,96,1.0,True,119.0,121.46005249023438,2.460052490234375,2.460052490234375,2021-06-19 02:15:00,2021-06-19 03:30:00,75.0,75.0
D1,F5-2-nlinear-c672,1,5,2021-06-20,96,1.0,True,28.0,34.43756103515625,6.43756103515625,6.43756103515625,2021-06-20 15:15:00,2021-06-20 10:00:00,-315.0,315.0
D1,F5-2-nlinear-c672,1,6,2021-05-31,96,1.0,True,172.0,177.5662841796875,5.5662841796875,5.5662841796875,2021-05-31 10:30:00,2021-05-31 13:30:00,180.0,180.0
D1,F5-2-nlinear-c672,1,6,2021-06-01,96,1.0,True,195.0,185.2826690673828,-9.717330932617188,9.717330932617188,2021-06-01 09:00:00,2021-06-01 10:45:00,105.0,105.0
D1,F5-2-nlinear-c672,1,6,2021-06-02,96,1.0,True,191.0,187.92892456054688,-3.071075439453125,3.071075439453125,2021-06-02 10:45:00,2021-06-02 13:30:00,165.0,165.0
D1,F5-2-nlinear-c672,1,6,2021-06-03,96,1.0,True,181.0,183.53494262695312,2.534942626953125,2.534942626953125,2021-06-03 08:30:00,2021-06-03 13:30:00,300.0,300.0
D1,F5-2-nlinear-c672,1,6,2021-06-04,96,1.0,True,173.0,170.65647888183594,-2.3435211181640625,2.3435211181640625,2021-06-04 10:45:00,2021-06-04 13:30:00,165.0,165.0
D1,F5-2-nlinear-c672,1,6,2021-06-05,96,1.0,True,116.0,115.46890258789062,-0.531097412109375,0.531097412109375,2021-06-05 01:45:00,2021-06-05 04:15:00,150.0,150.0
D1,F5-2-nlinear-c672,1,6,2021-06-06,96,1.0,True,27.0,35.023983001708984,8.023983001708984,8.023983001708984,2021-06-06 01:30:00,2021-06-06 14:15:00,765.0,765.0
D1,F5-2-nlinear-c672,1,6,2021-06-14,96,1.0,True,204.0,195.30316162109375,-8.69683837890625,8.69683837890625,2021-06-14 09:00:00,2021-06-14 13:30:00,270.0,270.0
D1,F5-2-nlinear-c672,1,6,2021-06-15,96,1.0,True,198.0,201.6758270263672,3.6758270263671875,3.6758270263671875,2021-06-15 08:45:00,2021-06-15 13:30:00,285.0,285.0
D1,F5-2-nlinear-c672,1,6,2021-06-16,96,1.0,True,193.0,186.29815673828125,-6.70184326171875,6.70184326171875,2021-06-16 10:45:00,2021-06-16 13:30:00,165.0,165.0
D1,F5-2-nlinear-c672,1,6,2021-06-17,96,1.0,True,197.0,189.07748413085938,-7.922515869140625,7.922515869140625,2021-06-17 08:45:00,2021-06-17 16:30:00,465.0,465.0
D1,F5-2-nlinear-c672,1,6,2021-06-18,96,1.0,True,186.0,186.17686462402344,0.1768646240234375,0.1768646240234375,2021-06-18 10:00:00,2021-06-18 13:30:00,210.0,210.0
D1,F5-2-nlinear-c672,1,6,2021-06-19,96,1.0,True,119.0,121.44268798828125,2.44268798828125,2.44268798828125,2021-06-19 02:15:00,2021-06-19 03:45:00,90.0,90.0
D1,F5-2-nlinear-c672,1,6,2021-06-20,96,1.0,True,28.0,34.80049133300781,6.8004913330078125,6.8004913330078125,2021-06-20 15:15:00,2021-06-20 10:00:00,-315.0,315.0
D1,F5-2-nlinear-c672,1,7,2021-05-31,96,1.0,True,172.0,177.92889404296875,5.92889404296875,5.92889404296875,2021-05-31 10:30:00,2021-05-31 13:45:00,195.0,195.0
D1,F5-2-nlinear-c672,1,7,2021-06-01,96,1.0,True,195.0,188.8202667236328,-6.1797332763671875,6.1797332763671875,2021-06-01 09:00:00,2021-06-01 10:45:00,105.0,105.0
D1,F5-2-nlinear-c672,1,7,2021-06-02,96,1.0,True,191.0,181.99801635742188,-9.001983642578125,9.001983642578125,2021-06-02 10:45:00,2021-06-02 11:45:00,60.0,60.0
D1,F5-2-nlinear-c672,1,7,2021-06-03,96,1.0,True,181.0,176.9468994140625,-4.0531005859375,4.0531005859375,2021-06-03 08:30:00,2021-06-03 13:45:00,315.0,315.0
D1,F5-2-nlinear-c672,1,7,2021-06-04,96,1.0,True,173.0,169.13116455078125,-3.86883544921875,3.86883544921875,2021-06-04 10:45:00,2021-06-04 13:45:00,180.0,180.0
D1,F5-2-nlinear-c672,1,7,2021-06-05,96,1.0,True,116.0,114.79750061035156,-1.2024993896484375,1.2024993896484375,2021-06-05 01:45:00,2021-06-05 04:30:00,165.0,165.0
D1,F5-2-nlinear-c672,1,7,2021-06-06,96,1.0,True,27.0,34.989906311035156,7.989906311035156,7.989906311035156,2021-06-06 01:30:00,2021-06-06 14:45:00,795.0,795.0
D1,F5-2-nlinear-c672,1,7,2021-06-14,96,1.0,True,204.0,199.5780029296875,-4.4219970703125,4.4219970703125,2021-06-14 09:00:00,2021-06-14 13:45:00,285.0,285.0
D1,F5-2-nlinear-c672,1,7,2021-06-15,96,1.0,True,198.0,201.74703979492188,3.747039794921875,3.747039794921875,2021-06-15 08:45:00,2021-06-15 13:45:00,300.0,300.0
D1,F5-2-nlinear-c672,1,7,2021-06-16,96,1.0,True,193.0,187.99832153320312,-5.001678466796875,5.001678466796875,2021-06-16 10:45:00,2021-06-16 11:45:00,60.0,60.0
D1,F5-2-nlinear-c672,1,7,2021-06-17,96,1.0,True,197.0,184.22576904296875,-12.77423095703125,12.77423095703125,2021-06-17 08:45:00,2021-06-17 16:45:00,480.0,480.0
D1,F5-2-nlinear-c672,1,7,2021-06-18,96,1.0,True,186.0,187.37112426757812,1.371124267578125,1.371124267578125,2021-06-18 10:00:00,2021-06-18 13:45:00,225.0,225.0
D1,F5-2-nlinear-c672,1,7,2021-06-19,96,1.0,True,119.0,119.37506103515625,0.37506103515625,0.37506103515625,2021-06-19 02:15:00,2021-06-19 04:45:00,150.0,150.0
D1,F5-2-nlinear-c672,1,7,2021-06-20,96,1.0,True,28.0,39.487144470214844,11.487144470214844,11.487144470214844,2021-06-20 15:15:00,2021-06-20 10:00:00,-315.0,315.0
D1,F5-2-nlinear-c672,1,8,2021-05-31,96,1.0,True,172.0,177.41323852539062,5.413238525390625,5.413238525390625,2021-05-31 10:30:00,2021-05-31 14:00:00,210.0,210.0
D1,F5-2-nlinear-c672,1,8,2021-06-01,96,1.0,True,195.0,190.6070098876953,-4.3929901123046875,4.3929901123046875,2021-06-01 09:00:00,2021-06-01 11:00:00,120.0,120.0
D1,F5-2-nlinear-c672,1,8,2021-06-02,96,1.0,True,191.0,182.09640502929688,-8.903594970703125,8.903594970703125,2021-06-02 10:45:00,2021-06-02 14:00:00,195.0,195.0
D1,F5-2-nlinear-c672,1,8,2021-06-03,96,1.0,True,181.0,178.89767456054688,-2.102325439453125,2.102325439453125,2021-06-03 08:30:00,2021-06-03 14:00:00,330.0,330.0
D1,F5-2-nlinear-c672,1,8,2021-06-04,96,1.0,True,173.0,166.695556640625,-6.304443359375,6.304443359375,2021-06-04 10:45:00,2021-06-04 14:00:00,195.0,195.0
D1,F5-2-nlinear-c672,1,8,2021-06-05,96,1.0,True,116.0,114.27969360351562,-1.720306396484375,1.720306396484375,2021-06-05 01:45:00,2021-06-05 04:15:00,150.0,150.0
D1,F5-2-nlinear-c672,1,8,2021-06-06,96,1.0,True,27.0,33.896583557128906,6.896583557128906,6.896583557128906,2021-06-06 01:30:00,2021-06-06 14:45:00,795.0,795.0
D1,F5-2-nlinear-c672,1,8,2021-06-14,96,1.0,True,204.0,195.29104614257812,-8.708953857421875,8.708953857421875,2021-06-14 09:00:00,2021-06-14 14:00:00,300.0,300.0
D1,F5-2-nlinear-c672,1,8,2021-06-15,96,1.0,True,198.0,200.2472686767578,2.2472686767578125,2.2472686767578125,2021-06-15 08:45:00,2021-06-15 14:00:00,315.0,315.0
D1,F5-2-nlinear-c672,1,8,2021-06-16,96,1.0,True,193.0,189.47308349609375,-3.52691650390625,3.52691650390625,2021-06-16 10:45:00,2021-06-16 14:00:00,195.0,195.0
D1,F5-2-nlinear-c672,1,8,2021-06-17,96,1.0,True,197.0,188.17050170898438,-8.829498291015625,8.829498291015625,2021-06-17 08:45:00,2021-06-17 10:45:00,120.0,120.0
D1,F5-2-nlinear-c672,1,8,2021-06-18,96,1.0,True,186.0,191.312255859375,5.312255859375,5.312255859375,2021-06-18 10:00:00,2021-06-18 14:00:00,240.0,240.0
D1,F5-2-nlinear-c672,1,8,2021-06-19,96,1.0,True,119.0,121.41630554199219,2.4163055419921875,2.4163055419921875,2021-06-19 02:15:00,2021-06-19 01:45:00,-30.0,30.0
D1,F5-2-nlinear-c672,1,8,2021-06-20,96,1.0,True,28.0,34.02671432495117,6.026714324951172,6.026714324951172,2021-06-20 15:15:00,2021-06-20 03:00:00,-735.0,735.0
D1,F5-2-nlinear-c672,1,9,2021-05-31,96,1.0,True,172.0,181.030029296875,9.030029296875,9.030029296875,2021-05-31 10:30:00,2021-05-31 14:15:00,225.0,225.0
D1,F5-2-nlinear-c672,1,9,2021-06-01,96,1.0,True,195.0,188.86329650878906,-6.1367034912109375,6.1367034912109375,2021-06-01 09:00:00,2021-06-01 11:15:00,135.0,135.0
D1,F5-2-nlinear-c672,1,9,2021-06-02,96,1.0,True,191.0,186.63246154785156,-4.3675384521484375,4.3675384521484375,2021-06-02 10:45:00,2021-06-02 13:30:00,165.0,165.0
D1,F5-2-nlinear-c672,1,9,2021-06-03,96,1.0,True,181.0,185.13575744628906,4.1357574462890625,4.1357574462890625,2021-06-03 08:30:00,2021-06-03 10:45:00,135.0,135.0
D1,F5-2-nlinear-c672,1,9,2021-06-04,96,1.0,True,173.0,166.0399169921875,-6.9600830078125,6.9600830078125,2021-06-04 10:45:00,2021-06-04 08:30:00,-135.0,135.0
D1,F5-2-nlinear-c672,1,9,2021-06-05,96,1.0,True,116.0,117.40167236328125,1.40167236328125,1.40167236328125,2021-06-05 01:45:00,2021-06-05 04:15:00,150.0,150.0
D1,F5-2-nlinear-c672,1,9,2021-06-06,96,1.0,True,27.0,32.618717193603516,5.618717193603516,5.618717193603516,2021-06-06 01:30:00,2021-06-06 15:00:00,810.0,810.0
D1,F5-2-nlinear-c672,1,9,2021-06-14,96,1.0,True,204.0,198.11524963378906,-5.8847503662109375,5.8847503662109375,2021-06-14 09:00:00,2021-06-14 13:45:00,285.0,285.0
D1,F5-2-nlinear-c672,1,9,2021-06-15,96,1.0,True,198.0,200.71783447265625,2.71783447265625,2.71783447265625,2021-06-15 08:45:00,2021-06-15 14:15:00,330.0,330.0
D1,F5-2-nlinear-c672,1,9,2021-06-16,96,1.0,True,193.0,186.2891845703125,-6.7108154296875,6.7108154296875,2021-06-16 10:45:00,2021-06-16 13:30:00,165.0,165.0
D1,F5-2-nlinear-c672,1,9,2021-06-17,96,1.0,True,197.0,189.85549926757812,-7.144500732421875,7.144500732421875,2021-06-17 08:45:00,2021-06-17 10:45:00,120.0,120.0
D1,F5-2-nlinear-c672,1,9,2021-06-18,96,1.0,True,186.0,188.33926391601562,2.339263916015625,2.339263916015625,2021-06-18 10:00:00,2021-06-18 14:15:00,255.0,255.0
D1,F5-2-nlinear-c672,1,9,2021-06-19,96,1.0,True,119.0,124.93547058105469,5.9354705810546875,5.9354705810546875,2021-06-19 02:15:00,2021-06-19 04:30:00,135.0,135.0
D1,F5-2-nlinear-c672,1,9,2021-06-20,96,1.0,True,28.0,34.78657150268555,6.786571502685547,6.786571502685547,2021-06-20 15:15:00,2021-06-20 10:00:00,-315.0,315.0
D1,F5-2-nlinear-c672,1,10,2021-05-31,96,1.0,True,172.0,184.75479125976562,12.754791259765625,12.754791259765625,2021-05-31 10:30:00,2021-05-31 14:30:00,240.0,240.0
D1,F5-2-nlinear-c672,1,10,2021-06-01,96,1.0,True,195.0,187.12619018554688,-7.873809814453125,7.873809814453125,2021-06-01 09:00:00,2021-06-01 11:00:00,120.0,120.0
D1,F5-2-nlinear-c672,1,10,2021-06-02,96,1.0,True,191.0,187.13934326171875,-3.86065673828125,3.86065673828125,2021-06-02 10:45:00,2021-06-02 13:30:00,165.0,165.0
D1,F5-2-nlinear-c672,1,10,2021-06-03,96,1.0,True,181.0,184.0939483642578,3.0939483642578125,3.0939483642578125,2021-06-03 08:30:00,2021-06-03 11:00:00,150.0,150.0
D1,F5-2-nlinear-c672,1,10,2021-06-04,96,1.0,True,173.0,166.61868286132812,-6.381317138671875,6.381317138671875,2021-06-04 10:45:00,2021-06-04 08:45:00,-120.0,120.0
D1,F5-2-nlinear-c672,1,10,2021-06-05,96,1.0,True,116.0,115.87303161621094,-0.1269683837890625,0.1269683837890625,2021-06-05 01:45:00,2021-06-05 04:30:00,165.0,165.0
D1,F5-2-nlinear-c672,1,10,2021-06-06,96,1.0,True,27.0,33.56629943847656,6.5662994384765625,6.5662994384765625,2021-06-06 01:30:00,2021-06-06 11:45:00,615.0,615.0
D1,F5-2-nlinear-c672,1,10,2021-06-14,96,1.0,True,204.0,195.87017822265625,-8.12982177734375,8.12982177734375,2021-06-14 09:00:00,2021-06-14 14:30:00,330.0,330.0
D1,F5-2-nlinear-c672,1,10,2021-06-15,96,1.0,True,198.0,197.484619140625,-0.515380859375,0.515380859375,2021-06-15 08:45:00,2021-06-15 14:30:00,345.0,345.0
D1,F5-2-nlinear-c672,1,10,2021-06-16,96,1.0,True,193.0,188.3250732421875,-4.6749267578125,4.6749267578125,2021-06-16 10:45:00,2021-06-16 13:45:00,180.0,180.0
D1,F5-2-nlinear-c672,1,10,2021-06-17,96,1.0,True,197.0,185.00228881835938,-11.997711181640625,11.997711181640625,2021-06-17 08:45:00,2021-06-17 11:00:00,135.0,135.0
D1,F5-2-nlinear-c672,1,10,2021-06-18,96,1.0,True,186.0,187.00070190429688,1.000701904296875,1.000701904296875,2021-06-18 10:00:00,2021-06-18 14:30:00,270.0,270.0
D1,F5-2-nlinear-c672,1,10,2021-06-19,96,1.0,True,119.0,124.39957427978516,5.399574279785156,5.399574279785156,2021-06-19 02:15:00,2021-06-19 04:45:00,150.0,150.0
D1,F5-2-nlinear-c672,1,10,2021-06-20,96,1.0,True,28.0,34.54185104370117,6.541851043701172,6.541851043701172,2021-06-20 15:15:00,2021-06-20 10:00:00,-315.0,315.0
D1,F5-2-nlinear-c672,1,11,2021-05-31,96,1.0,True,172.0,185.88516235351562,13.885162353515625,13.885162353515625,2021-05-31 10:30:00,2021-05-31 14:45:00,255.0,255.0
D1,F5-2-nlinear-c672,1,11,2021-06-01,96,1.0,True,195.0,184.6175537109375,-10.3824462890625,10.3824462890625,2021-06-01 09:00:00,2021-06-01 14:30:00,330.0,330.0
D1,F5-2-nlinear-c672,1,11,2021-06-02,96,1.0,True,191.0,183.71408081054688,-7.285919189453125,7.285919189453125,2021-06-02 10:45:00,2021-06-02 13:30:00,165.0,165.0
D1,F5-2-nlinear-c672,1,11,2021-06-03,96,1.0,True,181.0,183.26947021484375,2.26947021484375,2.26947021484375,2021-06-03 08:30:00,2021-06-03 11:15:00,165.0,165.0
D1,F5-2-nlinear-c672,1,11,2021-06-04,96,1.0,True,173.0,168.43484497070312,-4.565155029296875,4.565155029296875,2021-06-04 10:45:00,2021-06-04 13:30:00,165.0,165.0
D1,F5-2-nlinear-c672,1,11,2021-06-05,96,1.0,True,116.0,113.18254089355469,-2.8174591064453125,2.8174591064453125,2021-06-05 01:45:00,2021-06-05 04:45:00,180.0,180.0
D1,F5-2-nlinear-c672,1,11,2021-06-06,96,1.0,True,27.0,35.20078659057617,8.200786590576172,8.200786590576172,2021-06-06 01:30:00,2021-06-06 12:00:00,630.0,630.0
D1,F5-2-nlinear-c672,1,11,2021-06-14,96,1.0,True,204.0,198.56687927246094,-5.4331207275390625,5.4331207275390625,2021-06-14 09:00:00,2021-06-14 14:45:00,345.0,345.0
D1,F5-2-nlinear-c672,1,11,2021-06-15,96,1.0,True,198.0,194.47451782226562,-3.525482177734375,3.525482177734375,2021-06-15 08:45:00,2021-06-15 14:45:00,360.0,360.0
D1,F5-2-nlinear-c672,1,11,2021-06-16,96,1.0,True,193.0,185.99032592773438,-7.009674072265625,7.009674072265625,2021-06-16 10:45:00,2021-06-16 13:45:00,180.0,180.0
D1,F5-2-nlinear-c672,1,11,2021-06-17,96,1.0,True,197.0,184.67950439453125,-12.32049560546875,12.32049560546875,2021-06-17 08:45:00,2021-06-17 11:00:00,135.0,135.0
D1,F5-2-nlinear-c672,1,11,2021-06-18,96,1.0,True,186.0,186.84317016601562,0.843170166015625,0.843170166015625,2021-06-18 10:00:00,2021-06-18 14:45:00,285.0,285.0
D1,F5-2-nlinear-c672,1,11,2021-06-19,96,1.0,True,119.0,119.79254913330078,0.7925491333007812,0.7925491333007812,2021-06-19 02:15:00,2021-06-19 04:45:00,150.0,150.0
D1,F5-2-nlinear-c672,1,11,2021-06-20,96,1.0,True,28.0,34.075382232666016,6.075382232666016,6.075382232666016,2021-06-20 15:15:00,2021-06-20 10:00:00,-315.0,315.0
D1,F5-2-nlinear-c672,1,12,2021-05-31,96,1.0,True,172.0,174.03155517578125,2.03155517578125,2.03155517578125,2021-05-31 10:30:00,2021-05-31 15:00:00,270.0,270.0
D1,F5-2-nlinear-c672,1,12,2021-06-01,96,1.0,True,195.0,183.6042022705078,-11.395797729492188,11.395797729492188,2021-06-01 09:00:00,2021-06-01 14:30:00,330.0,330.0
D1,F5-2-nlinear-c672,1,12,2021-06-02,96,1.0,True,191.0,181.89193725585938,-9.108062744140625,9.108062744140625,2021-06-02 10:45:00,2021-06-02 13:30:00,165.0,165.0
D1,F5-2-nlinear-c672,1,12,2021-06-03,96,1.0,True,181.0,175.9678192138672,-5.0321807861328125,5.0321807861328125,2021-06-03 08:30:00,2021-06-03 11:30:00,180.0,180.0
D1,F5-2-nlinear-c672,1,12,2021-06-04,96,1.0,True,173.0,163.62432861328125,-9.37567138671875,9.37567138671875,2021-06-04 10:45:00,2021-06-04 09:00:00,-105.0,105.0
D1,F5-2-nlinear-c672,1,12,2021-06-05,96,1.0,True,116.0,107.26884460449219,-8.731155395507812,8.731155395507812,2021-06-05 01:45:00,2021-06-05 04:15:00,150.0,150.0
D1,F5-2-nlinear-c672,1,12,2021-06-06,96,1.0,True,27.0,37.5733642578125,10.5733642578125,10.5733642578125,2021-06-06 01:30:00,2021-06-06 01:15:00,-15.0,15.0
D1,F5-2-nlinear-c672,1,12,2021-06-14,96,1.0,True,204.0,190.85142517089844,-13.148574829101562,13.148574829101562,2021-06-14 09:00:00,2021-06-14 13:45:00,285.0,285.0
D1,F5-2-nlinear-c672,1,12,2021-06-15,96,1.0,True,198.0,195.482666015625,-2.517333984375,2.517333984375,2021-06-15 08:45:00,2021-06-15 13:30:00,285.0,285.0
D1,F5-2-nlinear-c672,1,12,2021-06-16,96,1.0,True,193.0,185.9669189453125,-7.0330810546875,7.0330810546875,2021-06-16 10:45:00,2021-06-16 13:45:00,180.0,180.0
D1,F5-2-nlinear-c672,1,12,2021-06-17,96,1.0,True,197.0,183.45973205566406,-13.540267944335938,13.540267944335938,2021-06-17 08:45:00,2021-06-17 09:45:00,60.0,60.0
D1,F5-2-nlinear-c672,1,12,2021-06-18,96,1.0,True,186.0,179.3085174560547,-6.6914825439453125,6.6914825439453125,2021-06-18 10:00:00,2021-06-18 09:00:00,-60.0,60.0
D1,F5-2-nlinear-c672,1,12,2021-06-19,96,1.0,True,119.0,113.09828186035156,-5.9017181396484375,5.9017181396484375,2021-06-19 02:15:00,2021-06-19 01:45:00,-30.0,30.0
D1,F5-2-nlinear-c672,1,12,2021-06-20,96,1.0,True,28.0,37.245826721191406,9.245826721191406,9.245826721191406,2021-06-20 15:15:00,2021-06-20 12:00:00,-195.0,195.0
D1,F5-2-nlinear-c672,1,13,2021-05-31,96,1.0,True,172.0,165.7162628173828,-6.2837371826171875,6.2837371826171875,2021-05-31 10:30:00,2021-05-31 14:30:00,240.0,240.0
D1,F5-2-nlinear-c672,1,13,2021-06-01,96,1.0,True,195.0,184.04364013671875,-10.95635986328125,10.95635986328125,2021-06-01 09:00:00,2021-06-01 14:30:00,330.0,330.0
D1,F5-2-nlinear-c672,1,13,2021-06-02,96,1.0,True,191.0,181.58291625976562,-9.417083740234375,9.417083740234375,2021-06-02 10:45:00,2021-06-02 13:45:00,180.0,180.0
D1,F5-2-nlinear-c672,1,13,2021-06-03,96,1.0,True,181.0,175.10910034179688,-5.890899658203125,5.890899658203125,2021-06-03 08:30:00,2021-06-03 11:45:00,195.0,195.0
D1,F5-2-nlinear-c672,1,13,2021-06-04,96,1.0,True,173.0,167.53591918945312,-5.464080810546875,5.464080810546875,2021-06-04 10:45:00,2021-06-04 18:15:00,450.0,450.0
D1,F5-2-nlinear-c672,1,13,2021-06-05,96,1.0,True,116.0,107.04705047607422,-8.952949523925781,8.952949523925781,2021-06-05 01:45:00,2021-06-05 01:45:00,0.0,0.0
D1,F5-2-nlinear-c672,1,13,2021-06-06,96,1.0,True,27.0,37.891387939453125,10.891387939453125,10.891387939453125,2021-06-06 01:30:00,2021-06-06 01:30:00,0.0,0.0
D1,F5-2-nlinear-c672,1,13,2021-06-14,96,1.0,True,204.0,191.7474365234375,-12.2525634765625,12.2525634765625,2021-06-14 09:00:00,2021-06-14 13:45:00,285.0,285.0
D1,F5-2-nlinear-c672,1,13,2021-06-15,96,1.0,True,198.0,196.51669311523438,-1.483306884765625,1.483306884765625,2021-06-15 08:45:00,2021-06-15 13:45:00,300.0,300.0
D1,F5-2-nlinear-c672,1,13,2021-06-16,96,1.0,True,193.0,188.67352294921875,-4.32647705078125,4.32647705078125,2021-06-16 10:45:00,2021-06-16 13:45:00,180.0,180.0
D1,F5-2-nlinear-c672,1,13,2021-06-17,96,1.0,True,197.0,180.6920166015625,-16.3079833984375,16.3079833984375,2021-06-17 08:45:00,2021-06-17 11:00:00,135.0,135.0
D1,F5-2-nlinear-c672,1,13,2021-06-18,96,1.0,True,186.0,178.05813598632812,-7.941864013671875,7.941864013671875,2021-06-18 10:00:00,2021-06-18 08:30:00,-90.0,90.0
D1,F5-2-nlinear-c672,1,13,2021-06-19,96,1.0,True,119.0,118.34317779541016,-0.6568222045898438,0.6568222045898438,2021-06-19 02:15:00,2021-06-19 01:45:00,-30.0,30.0
D1,F5-2-nlinear-c672,1,13,2021-06-20,96,1.0,True,28.0,37.21156692504883,9.211566925048828,9.211566925048828,2021-06-20 15:15:00,2021-06-20 01:30:00,-825.0,825.0
D1,F5-2-nlinear-c672,1,14,2021-05-31,96,1.0,True,172.0,176.35012817382812,4.350128173828125,4.350128173828125,2021-05-31 10:30:00,2021-05-31 15:30:00,300.0,300.0
D1,F5-2-nlinear-c672,1,14,2021-06-01,96,1.0,True,195.0,180.39596557617188,-14.604034423828125,14.604034423828125,2021-06-01 09:00:00,2021-06-01 14:45:00,345.0,345.0
D1,F5-2-nlinear-c672,1,14,2021-06-02,96,1.0,True,191.0,188.22494506835938,-2.775054931640625,2.775054931640625,2021-06-02 10:45:00,2021-06-02 13:30:00,165.0,165.0
D1,F5-2-nlinear-c672,1,14,2021-06-03,96,1.0,True,181.0,178.11087036132812,-2.889129638671875,2.889129638671875,2021-06-03 08:30:00,2021-06-03 13:30:00,300.0,300.0
D1,F5-2-nlinear-c672,1,14,2021-06-04,96,1.0,True,173.0,173.34947204589844,0.3494720458984375,0.3494720458984375,2021-06-04 10:45:00,2021-06-04 13:30:00,165.0,165.0
D1,F5-2-nlinear-c672,1,14,2021-06-05,96,1.0,True,116.0,107.50410461425781,-8.495895385742188,8.495895385742188,2021-06-05 01:45:00,2021-06-05 06:15:00,270.0,270.0
D1,F5-2-nlinear-c672,1,14,2021-06-06,96,1.0,True,27.0,41.26459503173828,14.264595031738281,14.264595031738281,2021-06-06 01:30:00,2021-06-06 01:45:00,15.0,15.0
D1,F5-2-nlinear-c672,1,14,2021-06-14,96,1.0,True,204.0,193.21270751953125,-10.78729248046875,10.78729248046875,2021-06-14 09:00:00,2021-06-14 14:00:00,300.0,300.0
D1,F5-2-nlinear-c672,1,14,2021-06-15,96,1.0,True,198.0,200.2060089111328,2.2060089111328125,2.2060089111328125,2021-06-15 08:45:00,2021-06-15 13:30:00,285.0,285.0
D1,F5-2-nlinear-c672,1,14,2021-06-16,96,1.0,True,193.0,188.5589599609375,-4.4410400390625,4.4410400390625,2021-06-16 10:45:00,2021-06-16 13:30:00,165.0,165.0
D1,F5-2-nlinear-c672,1,14,2021-06-17,96,1.0,True,197.0,181.64364624023438,-15.356353759765625,15.356353759765625,2021-06-17 08:45:00,2021-06-17 14:45:00,360.0,360.0
D1,F5-2-nlinear-c672,1,14,2021-06-18,96,1.0,True,186.0,180.12637329101562,-5.873626708984375,5.873626708984375,2021-06-18 10:00:00,2021-06-18 08:45:00,-75.0,75.0
D1,F5-2-nlinear-c672,1,14,2021-06-19,96,1.0,True,119.0,120.62725830078125,1.62725830078125,1.62725830078125,2021-06-19 02:15:00,2021-06-19 01:45:00,-30.0,30.0
D1,F5-2-nlinear-c672,1,14,2021-06-20,96,1.0,True,28.0,36.7037353515625,8.7037353515625,8.7037353515625,2021-06-20 15:15:00,2021-06-20 01:45:00,-810.0,810.0
D1,F5-2-nlinear-c672,1,15,2021-05-31,96,1.0,True,172.0,179.26931762695312,7.269317626953125,7.269317626953125,2021-05-31 10:30:00,2021-05-31 15:45:00,315.0,315.0
D1,F5-2-nlinear-c672,1,15,2021-06-01,96,1.0,True,195.0,176.21337890625,-18.78662109375,18.78662109375,2021-06-01 09:00:00,2021-06-01 13:45:00,285.0,285.0
D1,F5-2-nlinear-c672,1,15,2021-06-02,96,1.0,True,191.0,181.95571899414062,-9.044281005859375,9.044281005859375,2021-06-02 10:45:00,2021-06-02 13:30:00,165.0,165.0
D1,F5-2-nlinear-c672,1,15,2021-06-03,96,1.0,True,181.0,172.82826232910156,-8.171737670898438,8.171737670898438,2021-06-03 08:30:00,2021-06-03 13:45:00,315.0,315.0
D1,F5-2-nlinear-c672,1,15,2021-06-04,96,1.0,True,173.0,171.3333740234375,-1.6666259765625,1.6666259765625,2021-06-04 10:45:00,2021-06-04 13:45:00,180.0,180.0
D1,F5-2-nlinear-c672,1,15,2021-06-05,96,1.0,True,116.0,114.78971862792969,-1.2102813720703125,1.2102813720703125,2021-06-05 01:45:00,2021-06-05 04:15:00,150.0,150.0
D1,F5-2-nlinear-c672,1,15,2021-06-06,96,1.0,True,27.0,40.11167907714844,13.111679077148438,13.111679077148438,2021-06-06 01:30:00,2021-06-06 02:00:00,30.0,30.0
D1,F5-2-nlinear-c672,1,15,2021-06-14,96,1.0,True,204.0,192.33126831054688,-11.668731689453125,11.668731689453125,2021-06-14 09:00:00,2021-06-14 13:45:00,285.0,285.0
D1,F5-2-nlinear-c672,1,15,2021-06-15,96,1.0,True,198.0,194.2587127685547,-3.7412872314453125,3.7412872314453125,2021-06-15 08:45:00,2021-06-15 13:45:00,300.0,300.0
D1,F5-2-nlinear-c672,1,15,2021-06-16,96,1.0,True,193.0,187.04803466796875,-5.95196533203125,5.95196533203125,2021-06-16 10:45:00,2021-06-16 13:45:00,180.0,180.0
D1,F5-2-nlinear-c672,1,15,2021-06-17,96,1.0,True,197.0,178.88833618164062,-18.111663818359375,18.111663818359375,2021-06-17 08:45:00,2021-06-17 15:00:00,375.0,375.0
D1,F5-2-nlinear-c672,1,15,2021-06-18,96,1.0,True,186.0,180.88311767578125,-5.11688232421875,5.11688232421875,2021-06-18 10:00:00,2021-06-18 09:45:00,-15.0,15.0
D1,F5-2-nlinear-c672,1,15,2021-06-19,96,1.0,True,119.0,122.18621826171875,3.18621826171875,3.18621826171875,2021-06-19 02:15:00,2021-06-19 01:45:00,-30.0,30.0
D1,F5-2-nlinear-c672,1,15,2021-06-20,96,1.0,True,28.0,36.72197341918945,8.721973419189453,8.721973419189453,2021-06-20 15:15:00,2021-06-20 01:30:00,-825.0,825.0
D1,F5-2-nlinear-c672,1,16,2021-05-31,96,1.0,True,172.0,183.00021362304688,11.000213623046875,11.000213623046875,2021-05-31 10:30:00,2021-05-31 16:00:00,330.0,330.0
D1,F5-2-nlinear-c672,1,16,2021-06-01,96,1.0,True,195.0,182.55262756347656,-12.447372436523438,12.447372436523438,2021-06-01 09:00:00,2021-06-01 14:00:00,300.0,300.0
D1,F5-2-nlinear-c672,1,16,2021-06-02,96,1.0,True,191.0,184.07421875,-6.92578125,6.92578125,2021-06-02 10:45:00,2021-06-02 14:45:00,240.0,240.0
D1,F5-2-nlinear-c672,1,16,2021-06-03,96,1.0,True,181.0,173.89845275878906,-7.1015472412109375,7.1015472412109375,2021-06-03 08:30:00,2021-06-03 14:00:00,330.0,330.0
D1,F5-2-nlinear-c672,1,16,2021-06-04,96,1.0,True,173.0,167.4514617919922,-5.5485382080078125,5.5485382080078125,2021-06-04 10:45:00,2021-06-04 09:00:00,-105.0,105.0
D1,F5-2-nlinear-c672,1,16,2021-06-05,96,1.0,True,116.0,112.26063537597656,-3.7393646240234375,3.7393646240234375,2021-06-05 01:45:00,2021-06-05 04:30:00,165.0,165.0
D1,F5-2-nlinear-c672,1,16,2021-06-06,96,1.0,True,27.0,33.449405670166016,6.449405670166016,6.449405670166016,2021-06-06 01:30:00,2021-06-06 01:45:00,15.0,15.0
D1,F5-2-nlinear-c672,1,16,2021-06-14,96,1.0,True,204.0,195.45086669921875,-8.54913330078125,8.54913330078125,2021-06-14 09:00:00,2021-06-14 16:00:00,420.0,420.0
D1,F5-2-nlinear-c672,1,16,2021-06-15,96,1.0,True,198.0,199.64312744140625,1.64312744140625,1.64312744140625,2021-06-15 08:45:00,2021-06-15 16:00:00,435.0,435.0
D1,F5-2-nlinear-c672,1,16,2021-06-16,96,1.0,True,193.0,190.75897216796875,-2.24102783203125,2.24102783203125,2021-06-16 10:45:00,2021-06-16 14:00:00,195.0,195.0
D1,F5-2-nlinear-c672,1,16,2021-06-17,96,1.0,True,197.0,180.279296875,-16.720703125,16.720703125,2021-06-17 08:45:00,2021-06-17 10:45:00,120.0,120.0
D1,F5-2-nlinear-c672,1,16,2021-06-18,96,1.0,True,186.0,179.74728393554688,-6.252716064453125,6.252716064453125,2021-06-18 10:00:00,2021-06-18 16:00:00,360.0,360.0
D1,F5-2-nlinear-c672,1,16,2021-06-19,96,1.0,True,119.0,118.59944152832031,-0.4005584716796875,0.4005584716796875,2021-06-19 02:15:00,2021-06-19 03:45:00,90.0,90.0
D1,F5-2-nlinear-c672,1,16,2021-06-20,96,1.0,True,28.0,33.717201232910156,5.717201232910156,5.717201232910156,2021-06-20 15:15:00,2021-06-20 01:45:00,-810.0,810.0
D1,F5-2-nlinear-c672,2,4,2021-07-12,96,1.0,True,198.0,202.2745361328125,4.2745361328125,4.2745361328125,2021-07-12 08:45:00,2021-07-12 11:00:00,135.0,135.0
D1,F5-2-nlinear-c672,2,4,2021-07-13,1,0.010416666666666666,False,79.0,89.94963073730469,10.949630737304688,10.949630737304688,2021-07-13 00:00:00,2021-07-13 00:00:00,0.0,0.0
D1,F5-2-nlinear-c672,2,4,2021-07-17,80,0.8333333333333334,False,108.0,106.25785064697266,-1.7421493530273438,1.7421493530273438,2021-07-17 06:00:00,2021-07-17 04:00:00,-120.0,120.0
D1,F5-2-nlinear-c672,2,4,2021-07-18,84,0.875,False,28.0,37.043434143066406,9.043434143066406,9.043434143066406,2021-07-18 04:30:00,2021-07-18 15:00:00,630.0,630.0
D1,F5-2-nlinear-c672,2,4,2021-07-26,84,0.875,False,217.0,207.70553588867188,-9.294464111328125,9.294464111328125,2021-07-26 08:30:00,2021-07-26 11:00:00,150.0,150.0
D1,F5-2-nlinear-c672,2,4,2021-07-27,84,0.875,False,211.0,204.9442138671875,-6.0557861328125,6.0557861328125,2021-07-27 11:45:00,2021-07-27 16:00:00,255.0,255.0
D1,F5-2-nlinear-c672,2,4,2021-07-28,84,0.875,False,212.0,211.64962768554688,-0.350372314453125,0.350372314453125,2021-07-28 12:00:00,2021-07-28 08:45:00,-195.0,195.0
D1,F5-2-nlinear-c672,2,4,2021-07-29,84,0.875,False,211.0,207.69100952148438,-3.308990478515625,3.308990478515625,2021-07-29 12:00:00,2021-07-29 14:45:00,165.0,165.0
D1,F5-2-nlinear-c672,2,4,2021-07-30,85,0.8854166666666666,False,212.0,206.53338623046875,-5.46661376953125,5.46661376953125,2021-07-30 12:00:00,2021-07-30 16:00:00,240.0,240.0
D1,F5-2-nlinear-c672,2,4,2021-07-31,96,1.0,True,80.0,93.31981658935547,13.319816589355469,13.319816589355469,2021-07-31 00:00:00,2021-07-31 00:00:00,0.0,0.0
D1,F5-2-nlinear-c672,2,4,2021-08-01,96,1.0,True,28.0,44.36554718017578,16.36554718017578,16.36554718017578,2021-08-01 09:00:00,2021-08-01 08:30:00,-30.0,30.0
D1,F5-2-nlinear-c672,2,4,2021-08-09,39,0.40625,False,215.0,149.08103942871094,-65.91896057128906,65.91896057128906,2021-08-09 08:45:00,2021-08-09 09:30:00,45.0,45.0
D1,F5-2-nlinear-c672,2,5,2021-07-12,96,1.0,True,198.0,199.0788116455078,1.0788116455078125,1.0788116455078125,2021-07-12 08:45:00,2021-07-12 11:15:00,150.0,150.0
D1,F5-2-nlinear-c672,2,5,2021-07-13,1,0.010416666666666666,False,79.0,97.77438354492188,18.774383544921875,18.774383544921875,2021-07-13 00:00:00,2021-07-13 00:00:00,0.0,0.0
D1,F5-2-nlinear-c672,2,5,2021-07-17,79,0.8229166666666666,False,108.0,108.03057861328125,0.03057861328125,0.03057861328125,2021-07-17 06:00:00,2021-07-17 04:15:00,-105.0,105.0
D1,F5-2-nlinear-c672,2,5,2021-07-18,84,0.875,False,28.0,35.65083312988281,7.6508331298828125,7.6508331298828125,2021-07-18 04:30:00,2021-07-18 15:00:00,630.0,630.0
D1,F5-2-nlinear-c672,2,5,2021-07-26,84,0.875,False,217.0,205.52645874023438,-11.473541259765625,11.473541259765625,2021-07-26 08:30:00,2021-07-26 16:00:00,450.0,450.0
D1,F5-2-nlinear-c672,2,5,2021-07-27,84,0.875,False,211.0,207.4908447265625,-3.5091552734375,3.5091552734375,2021-07-27 11:45:00,2021-07-27 16:15:00,270.0,270.0
D1,F5-2-nlinear-c672,2,5,2021-07-28,84,0.875,False,212.0,215.39865112304688,3.398651123046875,3.398651123046875,2021-07-28 12:00:00,2021-07-28 11:45:00,-15.0,15.0
D1,F5-2-nlinear-c672,2,5,2021-07-29,84,0.875,False,211.0,197.8501739501953,-13.149826049804688,13.149826049804688,2021-07-29 12:00:00,2021-07-29 15:00:00,180.0,180.0
D1,F5-2-nlinear-c672,2,5,2021-07-30,85,0.8854166666666666,False,212.0,204.56895446777344,-7.4310455322265625,7.4310455322265625,2021-07-30 12:00:00,2021-07-30 11:45:00,-15.0,15.0
D1,F5-2-nlinear-c672,2,5,2021-07-31,96,1.0,True,80.0,90.8661880493164,10.866188049316406,10.866188049316406,2021-07-31 00:00:00,2021-07-31 01:15:00,75.0,75.0
D1,F5-2-nlinear-c672,2,5,2021-08-01,96,1.0,True,28.0,40.74466323852539,12.74466323852539,12.74466323852539,2021-08-01 09:00:00,2021-08-01 08:30:00,-30.0,30.0
D1,F5-2-nlinear-c672,2,5,2021-08-09,39,0.40625,False,215.0,117.9229965209961,-97.0770034790039,97.0770034790039,2021-08-09 08:45:00,2021-08-09 09:30:00,45.0,45.0
D1,F5-2-nlinear-c672,2,6,2021-07-12,96,1.0,True,198.0,195.35760498046875,-2.64239501953125,2.64239501953125,2021-07-12 08:45:00,2021-07-12 13:30:00,285.0,285.0
D1,F5-2-nlinear-c672,2,6,2021-07-13,1,0.010416666666666666,False,79.0,100.98429870605469,21.984298706054688,21.984298706054688,2021-07-13 00:00:00,2021-07-13 00:00:00,0.0,0.0
D1,F5-2-nlinear-c672,2,6,2021-07-17,78,0.8125,False,108.0,106.91356658935547,-1.0864334106445312,1.0864334106445312,2021-07-17 06:00:00,2021-07-17 04:30:00,-90.0,90.0
D1,F5-2-nlinear-c672,2,6,2021-07-18,84,0.875,False,28.0,38.884605407714844,10.884605407714844,10.884605407714844,2021-07-18 01:15:00,2021-07-18 15:00:00,825.0,825.0
D1,F5-2-nlinear-c672,2,6,2021-07-26,84,0.875,False,217.0,206.36956787109375,-10.63043212890625,10.63043212890625,2021-07-26 08:30:00,2021-07-26 11:30:00,180.0,180.0
D1,F5-2-nlinear-c672,2,6,2021-07-27,84,0.875,False,211.0,204.78369140625,-6.21630859375,6.21630859375,2021-07-27 11:45:00,2021-07-27 16:30:00,285.0,285.0
D1,F5-2-nlinear-c672,2,6,2021-07-28,84,0.875,False,212.0,211.73541259765625,-0.26458740234375,0.26458740234375,2021-07-28 12:00:00,2021-07-28 12:00:00,0.0,0.0
D1,F5-2-nlinear-c672,2,6,2021-07-29,84,0.875,False,211.0,211.36090087890625,0.36090087890625,0.36090087890625,2021-07-29 12:00:00,2021-07-29 13:30:00,90.0,90.0
D1,F5-2-nlinear-c672,2,6,2021-07-30,85,0.8854166666666666,False,212.0,222.67730712890625,10.67730712890625,10.67730712890625,2021-07-30 12:00:00,2021-07-30 13:30:00,90.0,90.0
D1,F5-2-nlinear-c672,2,6,2021-07-31,96,1.0,True,80.0,102.49766540527344,22.497665405273438,22.497665405273438,2021-07-31 00:00:00,2021-07-31 01:30:00,90.0,90.0
D1,F5-2-nlinear-c672,2,6,2021-08-01,96,1.0,True,28.0,43.54275131225586,15.54275131225586,15.54275131225586,2021-08-01 09:00:00,2021-08-01 08:30:00,-30.0,30.0
D1,F5-2-nlinear-c672,2,6,2021-08-09,39,0.40625,False,215.0,79.10429382324219,-135.8957061767578,135.8957061767578,2021-08-09 08:45:00,2021-08-09 09:30:00,45.0,45.0
D1,F5-2-nlinear-c672,2,7,2021-07-12,96,1.0,True,198.0,196.7843017578125,-1.2156982421875,1.2156982421875,2021-07-12 08:45:00,2021-07-12 13:45:00,300.0,300.0
D1,F5-2-nlinear-c672,2,7,2021-07-13,1,0.010416666666666666,False,79.0,98.68899536132812,19.688995361328125,19.688995361328125,2021-07-13 00:00:00,2021-07-13 00:00:00,0.0,0.0
D1,F5-2-nlinear-c672,2,7,2021-07-17,77,0.8020833333333334,False,108.0,102.716552734375,-5.283447265625,5.283447265625,2021-07-17 06:00:00,2021-07-17 04:45:00,-75.0,75.0
D1,F5-2-nlinear-c672,2,7,2021-07-18,84,0.875,False,28.0,38.676273345947266,10.676273345947266,10.676273345947266,2021-07-18 01:15:00,2021-07-18 15:00:00,825.0,825.0
D1,F5-2-nlinear-c672,2,7,2021-07-26,84,0.875,False,217.0,205.600341796875,-11.399658203125,11.399658203125,2021-07-26 08:30:00,2021-07-26 11:45:00,195.0,195.0
D1,F5-2-nlinear-c672,2,7,2021-07-27,84,0.875,False,211.0,201.81390380859375,-9.18609619140625,9.18609619140625,2021-07-27 11:45:00,2021-07-27 13:45:00,120.0,120.0
D1,F5-2-nlinear-c672,2,7,2021-07-28,84,0.875,False,212.0,209.0018768310547,-2.9981231689453125,2.9981231689453125,2021-07-28 12:00:00,2021-07-28 11:45:00,-15.0,15.0
D1,F5-2-nlinear-c672,2,7,2021-07-29,84,0.875,False,211.0,208.453369140625,-2.546630859375,2.546630859375,2021-07-29 12:00:00,2021-07-29 13:45:00,105.0,105.0
D1,F5-2-nlinear-c672,2,7,2021-07-30,85,0.8854166666666666,False,212.0,216.61862182617188,4.618621826171875,4.618621826171875,2021-07-30 12:00:00,2021-07-30 13:45:00,105.0,105.0
D1,F5-2-nlinear-c672,2,7,2021-07-31,96,1.0,True,80.0,103.01189422607422,23.01189422607422,23.01189422607422,2021-07-31 00:00:00,2021-07-31 01:45:00,105.0,105.0
D1,F5-2-nlinear-c672,2,7,2021-08-01,96,1.0,True,28.0,42.1202278137207,14.120227813720703,14.120227813720703,2021-08-01 09:00:00,2021-08-01 14:45:00,345.0,345.0
D1,F5-2-nlinear-c672,2,7,2021-08-09,39,0.40625,False,215.0,62.53639221191406,-152.46360778808594,152.46360778808594,2021-08-09 08:45:00,2021-08-09 09:30:00,45.0,45.0
D1,F5-2-nlinear-c672,2,8,2021-07-12,96,1.0,True,198.0,197.6270294189453,-0.3729705810546875,0.3729705810546875,2021-07-12 08:45:00,2021-07-12 14:00:00,315.0,315.0
D1,F5-2-nlinear-c672,2,8,2021-07-13,1,0.010416666666666666,False,79.0,88.65253448486328,9.652534484863281,9.652534484863281,2021-07-13 00:00:00,2021-07-13 00:00:00,0.0,0.0
D1,F5-2-nlinear-c672,2,8,2021-07-17,76,0.7916666666666666,False,108.0,100.92160034179688,-7.078399658203125,7.078399658203125,2021-07-17 06:00:00,2021-07-17 05:00:00,-60.0,60.0
D1,F5-2-nlinear-c672,2,8,2021-07-18,84,0.875,False,28.0,38.49550247192383,10.495502471923828,10.495502471923828,2021-07-18 01:15:00,2021-07-18 15:00:00,825.0,825.0
D1,F5-2-nlinear-c672,2,8,2021-07-26,84,0.875,False,217.0,199.43165588378906,-17.568344116210938,17.568344116210938,2021-07-26 08:30:00,2021-07-26 11:45:00,195.0,195.0
D1,F5-2-nlinear-c672,2,8,2021-07-27,84,0.875,False,211.0,207.63113403320312,-3.368865966796875,3.368865966796875,2021-07-27 11:45:00,2021-07-27 14:00:00,135.0,135.0
D1,F5-2-nlinear-c672,2,8,2021-07-28,84,0.875,False,212.0,212.64761352539062,0.647613525390625,0.647613525390625,2021-07-28 12:00:00,2021-07-28 14:00:00,120.0,120.0
D1,F5-2-nlinear-c672,2,8,2021-07-29,84,0.875,False,211.0,210.7579803466797,-0.2420196533203125,0.2420196533203125,2021-07-29 12:00:00,2021-07-29 14:00:00,120.0,120.0
D1,F5-2-nlinear-c672,2,8,2021-07-30,85,0.8854166666666666,False,212.0,214.8108673095703,2.8108673095703125,2.8108673095703125,2021-07-30 12:00:00,2021-07-30 14:00:00,120.0,120.0
D1,F5-2-nlinear-c672,2,8,2021-07-31,96,1.0,True,80.0,106.32444763183594,26.324447631835938,26.324447631835938,2021-07-31 00:00:00,2021-07-31 01:45:00,105.0,105.0
D1,F5-2-nlinear-c672,2,8,2021-08-01,96,1.0,True,28.0,45.2038459777832,17.203845977783203,17.203845977783203,2021-08-01 09:00:00,2021-08-01 15:00:00,360.0,360.0
D1,F5-2-nlinear-c672,2,8,2021-08-09,39,0.40625,False,215.0,36.972747802734375,-178.02725219726562,178.02725219726562,2021-08-09 08:45:00,2021-08-09 09:30:00,45.0,45.0
D1,F5-2-nlinear-c672,2,9,2021-07-12,96,1.0,True,198.0,193.4063720703125,-4.5936279296875,4.5936279296875,2021-07-12 08:45:00,2021-07-12 14:15:00,330.0,330.0
D1,F5-2-nlinear-c672,2,9,2021-07-13,1,0.010416666666666666,False,79.0,95.69766998291016,16.697669982910156,16.697669982910156,2021-07-13 00:00:00,2021-07-13 00:00:00,0.0,0.0
D1,F5-2-nlinear-c672,2,9,2021-07-17,75,0.78125,False,108.0,102.549072265625,-5.450927734375,5.450927734375,2021-07-17 06:00:00,2021-07-17 06:15:00,15.0,15.0
D1,F5-2-nlinear-c672,2,9,2021-07-18,84,0.875,False,28.0,38.422035217285156,10.422035217285156,10.422035217285156,2021-07-18 01:15:00,2021-07-18 15:00:00,825.0,825.0
D1,F5-2-nlinear-c672,2,9,2021-07-26,84,0.875,False,217.0,200.2999267578125,-16.7000732421875,16.7000732421875,2021-07-26 08:30:00,2021-07-26 10:45:00,135.0,135.0
D1,F5-2-nlinear-c672,2,9,2021-07-27,84,0.875,False,211.0,199.83355712890625,-11.16644287109375,11.16644287109375,2021-07-27 11:45:00,2021-07-27 14:00:00,135.0,135.0
D1,F5-2-nlinear-c672,2,9,2021-07-28,84,0.875,False,212.0,208.6875,-3.3125,3.3125,2021-07-28 12:00:00,2021-07-28 14:15:00,135.0,135.0
D1,F5-2-nlinear-c672,2,9,2021-07-29,84,0.875,False,211.0,209.78536987304688,-1.214630126953125,1.214630126953125,2021-07-29 12:00:00,2021-07-29 14:15:00,135.0,135.0
D1,F5-2-nlinear-c672,2,9,2021-07-30,85,0.8854166666666666,False,212.0,207.238525390625,-4.761474609375,4.761474609375,2021-07-30 12:00:00,2021-07-30 14:15:00,135.0,135.0
D1,F5-2-nlinear-c672,2,9,2021-07-31,96,1.0,True,80.0,106.12777709960938,26.127777099609375,26.127777099609375,2021-07-31 00:00:00,2021-07-31 02:00:00,120.0,120.0
D1,F5-2-nlinear-c672,2,9,2021-08-01,96,1.0,True,28.0,38.98452377319336,10.98452377319336,10.98452377319336,2021-08-01 09:00:00,2021-08-01 15:00:00,360.0,360.0
D1,F5-2-nlinear-c672,2,9,2021-08-09,39,0.40625,False,215.0,24.466751098632812,-190.5332489013672,190.5332489013672,2021-08-09 08:45:00,2021-08-09 03:45:00,-300.0,300.0
D1,F5-2-nlinear-c672,2,10,2021-07-12,96,1.0,True,198.0,193.536865234375,-4.463134765625,4.463134765625,2021-07-12 08:45:00,2021-07-12 14:30:00,345.0,345.0
D1,F5-2-nlinear-c672,2,10,2021-07-13,1,0.010416666666666666,False,79.0,105.54753112792969,26.547531127929688,26.547531127929688,2021-07-13 00:00:00,2021-07-13 00:00:00,0.0,0.0
D1,F5-2-nlinear-c672,2,10,2021-07-17,74,0.7708333333333334,False,108.0,100.63077545166016,-7.369224548339844,7.369224548339844,2021-07-17 06:00:00,2021-07-17 06:30:00,30.0,30.0
D1,F5-2-nlinear-c672,2,10,2021-07-18,84,0.875,False,28.0,36.183448791503906,8.183448791503906,8.183448791503906,2021-07-18 01:15:00,2021-07-18 01:30:00,15.0,15.0
D1,F5-2-nlinear-c672,2,10,2021-07-26,84,0.875,False,217.0,200.65301513671875,-16.34698486328125,16.34698486328125,2021-07-26 08:30:00,2021-07-26 11:00:00,150.0,150.0
D1,F5-2-nlinear-c672,2,10,2021-07-27,84,0.875,False,211.0,202.94302368164062,-8.056976318359375,8.056976318359375,2021-07-27 11:45:00,2021-07-27 14:30:00,165.0,165.0
D1,F5-2-nlinear-c672,2,10,2021-07-28,84,0.875,False,212.0,211.97442626953125,-0.02557373046875,0.02557373046875,2021-07-28 12:00:00,2021-07-28 08:45:00,-195.0,195.0
D1,F5-2-nlinear-c672,2,10,2021-07-29,84,0.875,False,211.0,213.278076171875,2.278076171875,2.278076171875,2021-07-29 12:00:00,2021-07-29 14:30:00,150.0,150.0
D1,F5-2-nlinear-c672,2,10,2021-07-30,85,0.8854166666666666,False,212.0,210.77166748046875,-1.22833251953125,1.22833251953125,2021-07-30 12:00:00,2021-07-30 14:30:00,150.0,150.0
D1,F5-2-nlinear-c672,2,10,2021-07-31,96,1.0,True,80.0,100.95272827148438,20.952728271484375,20.952728271484375,2021-07-31 00:00:00,2021-07-31 02:15:00,135.0,135.0
D1,F5-2-nlinear-c672,2,10,2021-08-01,96,1.0,True,28.0,37.000404357910156,9.000404357910156,9.000404357910156,2021-08-01 09:00:00,2021-08-01 15:45:00,405.0,405.0
D1,F5-2-nlinear-c672,2,10,2021-08-09,39,0.40625,False,215.0,23.410858154296875,-191.58914184570312,191.58914184570312,2021-08-09 08:45:00,2021-08-09 03:30:00,-315.0,315.0
D1,F5-2-nlinear-c672,2,11,2021-07-12,96,1.0,True,198.0,195.67575073242188,-2.324249267578125,2.324249267578125,2021-07-12 08:45:00,2021-07-12 14:45:00,360.0,360.0
D1,F5-2-nlinear-c672,2,11,2021-07-13,1,0.010416666666666666,False,79.0,95.31246948242188,16.312469482421875,16.312469482421875,2021-07-13 00:00:00,2021-07-13 00:00:00,0.0,0.0
D1,F5-2-nlinear-c672,2,11,2021-07-17,73,0.7604166666666666,False,108.0,100.02500915527344,-7.9749908447265625,7.9749908447265625,2021-07-17 06:00:00,2021-07-17 06:45:00,45.0,45.0
D1,F5-2-nlinear-c672,2,11,2021-07-18,84,0.875,False,28.0,36.37199783325195,8.371997833251953,8.371997833251953,2021-07-18 01:15:00,2021-07-18 01:45:00,30.0,30.0
D1,F5-2-nlinear-c672,2,11,2021-07-26,84,0.875,False,217.0,201.98147583007812,-15.018524169921875,15.018524169921875,2021-07-26 08:30:00,2021-07-26 11:30:00,180.0,180.0
D1,F5-2-nlinear-c672,2,11,2021-07-27,84,0.875,False,211.0,205.53936767578125,-5.46063232421875,5.46063232421875,2021-07-27 11:45:00,2021-07-27 14:45:00,180.0,180.0
D1,F5-2-nlinear-c672,2,11,2021-07-28,84,0.875,False,212.0,214.52548217773438,2.525482177734375,2.525482177734375,2021-07-28 12:00:00,2021-07-28 14:45:00,165.0,165.0
D1,F5-2-nlinear-c672,2,11,2021-07-29,84,0.875,False,211.0,217.56915283203125,6.56915283203125,6.56915283203125,2021-07-29 12:00:00,2021-07-29 14:45:00,165.0,165.0
D1,F5-2-nlinear-c672,2,11,2021-07-30,85,0.8854166666666666,False,212.0,218.6702880859375,6.6702880859375,6.6702880859375,2021-07-30 12:00:00,2021-07-30 14:45:00,165.0,165.0
D1,F5-2-nlinear-c672,2,11,2021-07-31,96,1.0,True,80.0,100.2589111328125,20.2589111328125,20.2589111328125,2021-07-31 00:00:00,2021-07-31 02:30:00,150.0,150.0
D1,F5-2-nlinear-c672,2,11,2021-08-01,96,1.0,True,28.0,37.76825714111328,9.768257141113281,9.768257141113281,2021-08-01 09:00:00,2021-08-01 15:45:00,405.0,405.0
D1,F5-2-nlinear-c672,2,11,2021-08-09,39,0.40625,False,215.0,23.279983520507812,-191.7200164794922,191.7200164794922,2021-08-09 08:45:00,2021-08-09 03:30:00,-315.0,315.0
D1,F5-2-nlinear-c672,2,12,2021-07-12,96,1.0,True,198.0,188.05288696289062,-9.947113037109375,9.947113037109375,2021-07-12 08:45:00,2021-07-12 15:00:00,375.0,375.0
D1,F5-2-nlinear-c672,2,12,2021-07-13,1,0.010416666666666666,False,79.0,91.96058654785156,12.960586547851562,12.960586547851562,2021-07-13 00:00:00,2021-07-13 00:00:00,0.0,0.0
D1,F5-2-nlinear-c672,2,12,2021-07-17,72,0.75,False,108.0,97.49226379394531,-10.507736206054688,10.507736206054688,2021-07-17 06:00:00,2021-07-17 06:15:00,15.0,15.0
D1,F5-2-nlinear-c672,2,12,2021-07-18,84,0.875,False,28.0,38.14724349975586,10.14724349975586,10.14724349975586,2021-07-18 01:15:00,2021-07-18 10:45:00,570.0,570.0
D1,F5-2-nlinear-c672,2,12,2021-07-26,84,0.875,False,217.0,201.7667694091797,-15.233230590820312,15.233230590820312,2021-07-26 08:30:00,2021-07-26 11:30:00,180.0,180.0
D1,F5-2-nlinear-c672,2,12,2021-07-27,84,0.875,False,211.0,203.70477294921875,-7.29522705078125,7.29522705078125,2021-07-27 11:45:00,2021-07-27 14:45:00,180.0,180.0
D1,F5-2-nlinear-c672,2,12,2021-07-28,84,0.875,False,212.0,206.59552001953125,-5.40447998046875,5.40447998046875,2021-07-28 12:00:00,2021-07-28 13:30:00,90.0,90.0
D1,F5-2-nlinear-c672,2,12,2021-07-29,84,0.875,False,211.0,208.93008422851562,-2.069915771484375,2.069915771484375,2021-07-29 12:00:00,2021-07-29 15:00:00,180.0,180.0
D1,F5-2-nlinear-c672,2,12,2021-07-30,85,0.8854166666666666,False,212.0,209.66989135742188,-2.330108642578125,2.330108642578125,2021-07-30 12:00:00,2021-07-30 15:00:00,180.0,180.0
D1,F5-2-nlinear-c672,2,12,2021-07-31,96,1.0,True,80.0,98.22855377197266,18.228553771972656,18.228553771972656,2021-07-31 00:00:00,2021-07-31 02:00:00,120.0,120.0
D1,F5-2-nlinear-c672,2,12,2021-08-01,96,1.0,True,28.0,39.433998107910156,11.433998107910156,11.433998107910156,2021-08-01 09:00:00,2021-08-01 10:30:00,90.0,90.0
D1,F5-2-nlinear-c672,2,12,2021-08-09,39,0.40625,False,215.0,24.035751342773438,-190.96424865722656,190.96424865722656,2021-08-09 08:45:00,2021-08-09 03:30:00,-315.0,315.0
D1,F5-2-nlinear-c672,2,13,2021-07-12,96,1.0,True,198.0,186.9715576171875,-11.0284423828125,11.0284423828125,2021-07-12 08:45:00,2021-07-12 13:45:00,300.0,300.0
D1,F5-2-nlinear-c672,2,13,2021-07-13,1,0.010416666666666666,False,79.0,93.8721923828125,14.8721923828125,14.8721923828125,2021-07-13 00:00:00,2021-07-13 00:00:00,0.0,0.0
D1,F5-2-nlinear-c672,2,13,2021-07-17,71,0.7395833333333334,False,96.0,102.75070190429688,6.750701904296875,6.750701904296875,2021-07-17 06:15:00,2021-07-17 06:15:00,0.0,0.0
D1,F5-2-nlinear-c672,2,13,2021-07-18,84,0.875,False,28.0,41.18100357055664,13.18100357055664,13.18100357055664,2021-07-18 01:15:00,2021-07-18 01:30:00,15.0,15.0
D1,F5-2-nlinear-c672,2,13,2021-07-26,84,0.875,False,217.0,198.40676879882812,-18.593231201171875,18.593231201171875,2021-07-26 08:30:00,2021-07-26 11:45:00,195.0,195.0
D1,F5-2-nlinear-c672,2,13,2021-07-27,84,0.875,False,211.0,202.17860412597656,-8.821395874023438,8.821395874023438,2021-07-27 11:45:00,2021-07-27 14:45:00,180.0,180.0
D1,F5-2-nlinear-c672,2,13,2021-07-28,84,0.875,False,212.0,211.17584228515625,-0.82415771484375,0.82415771484375,2021-07-28 12:00:00,2021-07-28 13:45:00,105.0,105.0
D1,F5-2-nlinear-c672,2,13,2021-07-29,84,0.875,False,211.0,202.15931701660156,-8.840682983398438,8.840682983398438,2021-07-29 12:00:00,2021-07-29 08:30:00,-210.0,210.0
D1,F5-2-nlinear-c672,2,13,2021-07-30,85,0.8854166666666666,False,212.0,205.08074951171875,-6.91925048828125,6.91925048828125,2021-07-30 12:00:00,2021-07-30 08:45:00,-195.0,195.0
D1,F5-2-nlinear-c672,2,13,2021-07-31,96,1.0,True,80.0,103.62150573730469,23.621505737304688,23.621505737304688,2021-07-31 00:00:00,2021-07-31 01:45:00,105.0,105.0
D1,F5-2-nlinear-c672,2,13,2021-08-01,96,1.0,True,28.0,35.91986846923828,7.919868469238281,7.919868469238281,2021-08-01 09:00:00,2021-08-01 10:45:00,105.0,105.0
D1,F5-2-nlinear-c672,2,13,2021-08-09,39,0.40625,False,215.0,23.71668243408203,-191.28331756591797,191.28331756591797,2021-08-09 08:45:00,2021-08-09 01:15:00,-450.0,450.0
D1,F5-2-nlinear-c672,2,14,2021-07-12,96,1.0,True,198.0,193.1466064453125,-4.8533935546875,4.8533935546875,2021-07-12 08:45:00,2021-07-12 13:30:00,285.0,285.0
D1,F5-2-nlinear-c672,2,14,2021-07-13,1,0.010416666666666666,False,79.0,95.23320770263672,16.23320770263672,16.23320770263672,2021-07-13 00:00:00,2021-07-13 00:00:00,0.0,0.0
D1,F5-2-nlinear-c672,2,14,2021-07-17,70,0.7291666666666666,False,88.0,102.66056823730469,14.660568237304688,14.660568237304688,2021-07-17 07:15:00,2021-07-17 06:30:00,-45.0,45.0
D1,F5-2-nlinear-c672,2,14,2021-07-18,84,0.875,False,28.0,36.49557113647461,8.49557113647461,8.49557113647461,2021-07-18 01:15:00,2021-07-18 01:45:00,30.0,30.0
D1,F5-2-nlinear-c672,2,14,2021-07-26,84,0.875,False,217.0,201.49951171875,-15.50048828125,15.50048828125,2021-07-26 08:30:00,2021-07-26 13:30:00,300.0,300.0
D1,F5-2-nlinear-c672,2,14,2021-07-27,84,0.875,False,211.0,204.17984008789062,-6.820159912109375,6.820159912109375,2021-07-27 11:45:00,2021-07-27 08:45:00,-180.0,180.0
D1,F5-2-nlinear-c672,2,14,2021-07-28,84,0.875,False,212.0,213.43246459960938,1.432464599609375,1.432464599609375,2021-07-28 12:00:00,2021-07-28 14:00:00,120.0,120.0
D1,F5-2-nlinear-c672,2,14,2021-07-29,84,0.875,False,211.0,200.21112060546875,-10.78887939453125,10.78887939453125,2021-07-29 12:00:00,2021-07-29 08:45:00,-195.0,195.0
D1,F5-2-nlinear-c672,2,14,2021-07-30,84,0.875,False,212.0,213.0977783203125,1.0977783203125,1.0977783203125,2021-07-30 12:00:00,2021-07-30 08:45:00,-195.0,195.0
D1,F5-2-nlinear-c672,2,14,2021-07-31,96,1.0,True,80.0,97.23446655273438,17.234466552734375,17.234466552734375,2021-07-31 00:00:00,2021-07-31 01:45:00,105.0,105.0
D1,F5-2-nlinear-c672,2,14,2021-08-01,96,1.0,True,28.0,36.027854919433594,8.027854919433594,8.027854919433594,2021-08-01 09:00:00,2021-08-01 11:00:00,120.0,120.0
D1,F5-2-nlinear-c672,2,14,2021-08-09,39,0.40625,False,215.0,23.484222412109375,-191.51577758789062,191.51577758789062,2021-08-09 08:45:00,2021-08-09 01:30:00,-435.0,435.0
D1,F5-2-nlinear-c672,2,15,2021-07-12,96,1.0,True,198.0,196.1738739013672,-1.8261260986328125,1.8261260986328125,2021-07-12 08:45:00,2021-07-12 13:45:00,300.0,300.0
D1,F5-2-nlinear-c672,2,15,2021-07-13,1,0.010416666666666666,False,79.0,104.67919921875,25.67919921875,25.67919921875,2021-07-13 00:00:00,2021-07-13 00:00:00,0.0,0.0
D1,F5-2-nlinear-c672,2,15,2021-07-17,69,0.71875,False,88.0,100.89630889892578,12.896308898925781,12.896308898925781,2021-07-17 07:15:00,2021-07-17 06:45:00,-30.0,30.0
D1,F5-2-nlinear-c672,2,15,2021-07-18,84,0.875,False,28.0,37.33806610107422,9.338066101074219,9.338066101074219,2021-07-18 01:15:00,2021-07-18 02:00:00,45.0,45.0
D1,F5-2-nlinear-c672,2,15,2021-07-26,84,0.875,False,217.0,204.67405700683594,-12.325942993164062,12.325942993164062,2021-07-26 08:30:00,2021-07-26 15:45:00,435.0,435.0
D1,F5-2-nlinear-c672,2,15,2021-07-27,84,0.875,False,211.0,199.88226318359375,-11.11773681640625,11.11773681640625,2021-07-27 11:45:00,2021-07-27 14:30:00,165.0,165.0
D1,F5-2-nlinear-c672,2,15,2021-07-28,84,0.875,False,212.0,215.85964965820312,3.859649658203125,3.859649658203125,2021-07-28 12:00:00,2021-07-28 14:15:00,135.0,135.0
D1,F5-2-nlinear-c672,2,15,2021-07-29,84,0.875,False,211.0,205.96414184570312,-5.035858154296875,5.035858154296875,2021-07-29 12:00:00,2021-07-29 15:45:00,225.0,225.0
D1,F5-2-nlinear-c672,2,15,2021-07-30,84,0.875,False,212.0,217.82357788085938,5.823577880859375,5.823577880859375,2021-07-30 12:00:00,2021-07-30 15:45:00,225.0,225.0
D1,F5-2-nlinear-c672,2,15,2021-07-31,96,1.0,True,80.0,98.89884948730469,18.898849487304688,18.898849487304688,2021-07-31 00:00:00,2021-07-31 01:45:00,105.0,105.0
D1,F5-2-nlinear-c672,2,15,2021-08-01,96,1.0,True,28.0,34.45085525512695,6.450855255126953,6.450855255126953,2021-08-01 09:00:00,2021-08-01 11:15:00,135.0,135.0
D1,F5-2-nlinear-c672,2,15,2021-08-09,39,0.40625,False,215.0,22.730323791503906,-192.2696762084961,192.2696762084961,2021-08-09 08:45:00,2021-08-09 01:45:00,-420.0,420.0
D1,F5-2-nlinear-c672,2,16,2021-07-12,96,1.0,True,198.0,196.89053344726562,-1.109466552734375,1.109466552734375,2021-07-12 08:45:00,2021-07-12 16:00:00,435.0,435.0
D1,F5-2-nlinear-c672,2,16,2021-07-13,1,0.010416666666666666,False,79.0,99.19325256347656,20.193252563476562,20.193252563476562,2021-07-13 00:00:00,2021-07-13 00:00:00,0.0,0.0
D1,F5-2-nlinear-c672,2,16,2021-07-17,68,0.7083333333333334,False,88.0,101.79662322998047,13.796623229980469,13.796623229980469,2021-07-17 07:15:00,2021-07-17 07:00:00,-15.0,15.0
D1,F5-2-nlinear-c672,2,16,2021-07-18,84,0.875,False,28.0,37.90723419189453,9.907234191894531,9.907234191894531,2021-07-18 01:15:00,2021-07-18 02:15:00,60.0,60.0
D1,F5-2-nlinear-c672,2,16,2021-07-26,84,0.875,False,217.0,208.9029541015625,-8.0970458984375,8.0970458984375,2021-07-26 08:30:00,2021-07-26 16:00:00,450.0,450.0
D1,F5-2-nlinear-c672,2,16,2021-07-27,84,0.875,False,211.0,204.79248046875,-6.20751953125,6.20751953125,2021-07-27 11:45:00,2021-07-27 08:45:00,-180.0,180.0
D1,F5-2-nlinear-c672,2,16,2021-07-28,84,0.875,False,212.0,212.02816772460938,0.028167724609375,0.028167724609375,2021-07-28 12:00:00,2021-07-28 14:30:00,150.0,150.0
D1,F5-2-nlinear-c672,2,16,2021-07-29,84,0.875,False,211.0,209.63134765625,-1.36865234375,1.36865234375,2021-07-29 12:00:00,2021-07-29 16:00:00,240.0,240.0
D1,F5-2-nlinear-c672,2,16,2021-07-30,84,0.875,False,212.0,221.1636962890625,9.1636962890625,9.1636962890625,2021-07-30 12:00:00,2021-07-30 16:00:00,240.0,240.0
D1,F5-2-nlinear-c672,2,16,2021-07-31,96,1.0,True,80.0,104.68916320800781,24.689163208007812,24.689163208007812,2021-07-31 00:00:00,2021-07-31 03:45:00,225.0,225.0
D1,F5-2-nlinear-c672,2,16,2021-08-01,96,1.0,True,28.0,32.812477111816406,4.812477111816406,4.812477111816406,2021-08-01 09:00:00,2021-08-01 17:00:00,480.0,480.0
D1,F5-2-nlinear-c672,2,16,2021-08-09,39,0.40625,False,215.0,22.973854064941406,-192.0261459350586,192.0261459350586,2021-08-09 08:45:00,2021-08-09 03:30:00,-315.0,315.0
D2,F5-2-nlinear-c672,0,4,2021-04-19,96,1.0,True,172.0,177.03939819335938,5.039398193359375,5.039398193359375,2021-04-19 08:45:00,2021-04-19 16:00:00,435.0,435.0
D2,F5-2-nlinear-c672,0,4,2021-04-20,96,1.0,True,172.0,183.85845947265625,11.85845947265625,11.85845947265625,2021-04-20 08:45:00,2021-04-20 16:00:00,435.0,435.0
D2,F5-2-nlinear-c672,0,4,2021-04-21,96,1.0,True,174.0,182.10789489746094,8.107894897460938,8.107894897460938,2021-04-21 08:30:00,2021-04-21 08:45:00,15.0,15.0
D2,F5-2-nlinear-c672,0,4,2021-04-22,96,1.0,True,174.0,174.9658203125,0.9658203125,0.9658203125,2021-04-22 08:30:00,2021-04-22 16:00:00,450.0,450.0
D2,F5-2-nlinear-c672,0,4,2021-04-23,96,1.0,True,174.0,174.70980834960938,0.709808349609375,0.709808349609375,2021-04-23 08:30:00,2021-04-23 16:00:00,450.0,450.0
D2,F5-2-nlinear-c672,0,4,2021-04-24,96,1.0,True,112.0,109.01593017578125,-2.98406982421875,2.98406982421875,2021-04-24 06:15:00,2021-04-24 04:45:00,-90.0,90.0
D2,F5-2-nlinear-c672,0,4,2021-04-25,96,1.0,True,25.0,33.1325569152832,8.132556915283203,8.132556915283203,2021-04-25 01:30:00,2021-04-25 01:45:00,15.0,15.0
D2,F5-2-nlinear-c672,0,4,2021-05-03,96,1.0,True,184.0,180.70233154296875,-3.29766845703125,3.29766845703125,2021-05-03 08:30:00,2021-05-03 14:45:00,375.0,375.0
D2,F5-2-nlinear-c672,0,4,2021-05-04,96,1.0,True,181.0,192.10446166992188,11.104461669921875,11.104461669921875,2021-05-04 08:30:00,2021-05-04 09:30:00,60.0,60.0
D2,F5-2-nlinear-c672,0,4,2021-05-05,96,1.0,True,120.0,142.80368041992188,22.803680419921875,22.803680419921875,2021-05-05 04:15:00,2021-05-05 08:30:00,255.0,255.0
D2,F5-2-nlinear-c672,0,4,2021-05-06,96,1.0,True,199.0,196.8875732421875,-2.1124267578125,2.1124267578125,2021-05-06 09:00:00,2021-05-06 11:00:00,120.0,120.0
D2,F5-2-nlinear-c672,0,4,2021-05-07,96,1.0,True,181.0,179.269775390625,-1.730224609375,1.730224609375,2021-05-07 09:00:00,2021-05-07 11:00:00,120.0,120.0
D2,F5-2-nlinear-c672,0,4,2021-05-08,96,1.0,True,115.0,116.81218719482422,1.8121871948242188,1.8121871948242188,2021-05-08 02:00:00,2021-05-08 04:00:00,120.0,120.0
D2,F5-2-nlinear-c672,0,4,2021-05-09,96,1.0,True,184.0,159.9842529296875,-24.0157470703125,24.0157470703125,2021-05-09 09:00:00,2021-05-09 10:00:00,60.0,60.0
D2,F5-2-nlinear-c672,0,5,2021-04-19,96,1.0,True,172.0,182.75015258789062,10.750152587890625,10.750152587890625,2021-04-19 08:45:00,2021-04-19 13:15:00,270.0,270.0
D2,F5-2-nlinear-c672,0,5,2021-04-20,96,1.0,True,172.0,183.54920959472656,11.549209594726562,11.549209594726562,2021-04-20 08:45:00,2021-04-20 13:30:00,285.0,285.0
D2,F5-2-nlinear-c672,0,5,2021-04-21,96,1.0,True,174.0,183.657958984375,9.657958984375,9.657958984375,2021-04-21 08:30:00,2021-04-21 09:00:00,30.0,30.0
D2,F5-2-nlinear-c672,0,5,2021-04-22,96,1.0,True,174.0,171.4012451171875,-2.5987548828125,2.5987548828125,2021-04-22 08:30:00,2021-04-22 11:45:00,195.0,195.0
D2,F5-2-nlinear-c672,0,5,2021-04-23,96,1.0,True,174.0,170.29110717773438,-3.708892822265625,3.708892822265625,2021-04-23 08:30:00,2021-04-23 13:30:00,300.0,300.0
D2,F5-2-nlinear-c672,0,5,2021-04-24,96,1.0,True,112.0,105.54364776611328,-6.456352233886719,6.456352233886719,2021-04-24 06:15:00,2021-04-24 04:45:00,-90.0,90.0
D2,F5-2-nlinear-c672,0,5,2021-04-25,96,1.0,True,25.0,33.95347213745117,8.953472137451172,8.953472137451172,2021-04-25 01:30:00,2021-04-25 01:30:00,0.0,0.0
D2,F5-2-nlinear-c672,0,5,2021-05-03,96,1.0,True,184.0,186.83953857421875,2.83953857421875,2.83953857421875,2021-05-03 08:30:00,2021-05-03 13:15:00,285.0,285.0
D2,F5-2-nlinear-c672,0,5,2021-05-04,96,1.0,True,181.0,193.73423767089844,12.734237670898438,12.734237670898438,2021-05-04 08:30:00,2021-05-04 09:45:00,75.0,75.0
D2,F5-2-nlinear-c672,0,5,2021-05-05,96,1.0,True,120.0,155.60263061523438,35.602630615234375,35.602630615234375,2021-05-05 04:15:00,2021-05-05 08:30:00,255.0,255.0
D2,F5-2-nlinear-c672,0,5,2021-05-06,96,1.0,True,199.0,188.23989868164062,-10.760101318359375,10.760101318359375,2021-05-06 09:00:00,2021-05-06 11:15:00,135.0,135.0
D2,F5-2-nlinear-c672,0,5,2021-05-07,96,1.0,True,181.0,179.27691650390625,-1.72308349609375,1.72308349609375,2021-05-07 09:00:00,2021-05-07 14:30:00,330.0,330.0
D2,F5-2-nlinear-c672,0,5,2021-05-08,96,1.0,True,115.0,118.2450942993164,3.2450942993164062,3.2450942993164062,2021-05-08 02:00:00,2021-05-08 04:15:00,135.0,135.0
D2,F5-2-nlinear-c672,0,5,2021-05-09,96,1.0,True,184.0,156.51995849609375,-27.48004150390625,27.48004150390625,2021-05-09 09:00:00,2021-05-09 11:45:00,165.0,165.0
D2,F5-2-nlinear-c672,0,6,2021-04-19,96,1.0,True,172.0,191.82958984375,19.82958984375,19.82958984375,2021-04-19 08:45:00,2021-04-19 13:30:00,285.0,285.0
D2,F5-2-nlinear-c672,0,6,2021-04-20,96,1.0,True,172.0,195.18887329101562,23.188873291015625,23.188873291015625,2021-04-20 08:45:00,2021-04-20 13:30:00,285.0,285.0
D2,F5-2-nlinear-c672,0,6,2021-04-21,96,1.0,True,174.0,179.69879150390625,5.69879150390625,5.69879150390625,2021-04-21 08:30:00,2021-04-21 09:45:00,75.0,75.0
D2,F5-2-nlinear-c672,0,6,2021-04-22,96,1.0,True,174.0,173.45938110351562,-0.540618896484375,0.540618896484375,2021-04-22 08:30:00,2021-04-22 13:30:00,300.0,300.0
D2,F5-2-nlinear-c672,0,6,2021-04-23,96,1.0,True,174.0,179.30528259277344,5.3052825927734375,5.3052825927734375,2021-04-23 08:30:00,2021-04-23 13:30:00,300.0,300.0
D2,F5-2-nlinear-c672,0,6,2021-04-24,96,1.0,True,112.0,106.04618072509766,-5.953819274902344,5.953819274902344,2021-04-24 06:15:00,2021-04-24 04:30:00,-105.0,105.0
D2,F5-2-nlinear-c672,0,6,2021-04-25,96,1.0,True,25.0,31.225887298583984,6.225887298583984,6.225887298583984,2021-04-25 01:30:00,2021-04-25 01:45:00,15.0,15.0
D2,F5-2-nlinear-c672,0,6,2021-05-03,96,1.0,True,184.0,195.21678161621094,11.216781616210938,11.216781616210938,2021-05-03 08:30:00,2021-05-03 13:30:00,300.0,300.0
D2,F5-2-nlinear-c672,0,6,2021-05-04,96,1.0,True,181.0,194.34796142578125,13.34796142578125,13.34796142578125,2021-05-04 08:30:00,2021-05-04 13:30:00,300.0,300.0
D2,F5-2-nlinear-c672,0,6,2021-05-05,96,1.0,True,120.0,153.3700408935547,33.37004089355469,33.37004089355469,2021-05-05 04:15:00,2021-05-05 08:30:00,255.0,255.0
D2,F5-2-nlinear-c672,0,6,2021-05-06,96,1.0,True,199.0,190.64862060546875,-8.35137939453125,8.35137939453125,2021-05-06 09:00:00,2021-05-06 11:30:00,150.0,150.0
D2,F5-2-nlinear-c672,0,6,2021-05-07,96,1.0,True,181.0,179.60580444335938,-1.394195556640625,1.394195556640625,2021-05-07 09:00:00,2021-05-07 14:45:00,345.0,345.0
D2,F5-2-nlinear-c672,0,6,2021-05-08,96,1.0,True,115.0,118.17047119140625,3.17047119140625,3.17047119140625,2021-05-08 02:00:00,2021-05-08 04:30:00,150.0,150.0
D2,F5-2-nlinear-c672,0,6,2021-05-09,96,1.0,True,184.0,152.3506622314453,-31.649337768554688,31.649337768554688,2021-05-09 09:00:00,2021-05-09 12:00:00,180.0,180.0
D2,F5-2-nlinear-c672,0,7,2021-04-19,96,1.0,True,172.0,193.60885620117188,21.608856201171875,21.608856201171875,2021-04-19 08:45:00,2021-04-19 13:45:00,300.0,300.0
D2,F5-2-nlinear-c672,0,7,2021-04-20,96,1.0,True,172.0,193.02565002441406,21.025650024414062,21.025650024414062,2021-04-20 08:45:00,2021-04-20 13:45:00,300.0,300.0
D2,F5-2-nlinear-c672,0,7,2021-04-21,96,1.0,True,174.0,179.9230194091797,5.9230194091796875,5.9230194091796875,2021-04-21 08:30:00,2021-04-21 09:30:00,60.0,60.0
D2,F5-2-nlinear-c672,0,7,2021-04-22,96,1.0,True,174.0,171.0985107421875,-2.9014892578125,2.9014892578125,2021-04-22 08:30:00,2021-04-22 13:45:00,315.0,315.0
D2,F5-2-nlinear-c672,0,7,2021-04-23,96,1.0,True,174.0,180.24136352539062,6.241363525390625,6.241363525390625,2021-04-23 08:30:00,2021-04-23 13:45:00,315.0,315.0
D2,F5-2-nlinear-c672,0,7,2021-04-24,96,1.0,True,112.0,105.69010925292969,-6.3098907470703125,6.3098907470703125,2021-04-24 06:15:00,2021-04-24 04:15:00,-120.0,120.0
D2,F5-2-nlinear-c672,0,7,2021-04-25,96,1.0,True,25.0,34.151329040527344,9.151329040527344,9.151329040527344,2021-04-25 01:30:00,2021-04-25 01:30:00,0.0,0.0
D2,F5-2-nlinear-c672,0,7,2021-05-03,96,1.0,True,184.0,197.47923278808594,13.479232788085938,13.479232788085938,2021-05-03 08:30:00,2021-05-03 13:45:00,315.0,315.0
D2,F5-2-nlinear-c672,0,7,2021-05-04,96,1.0,True,181.0,194.5998077392578,13.599807739257812,13.599807739257812,2021-05-04 08:30:00,2021-05-04 13:45:00,315.0,315.0
D2,F5-2-nlinear-c672,0,7,2021-05-05,96,1.0,True,120.0,162.09494018554688,42.094940185546875,42.094940185546875,2021-05-05 04:15:00,2021-05-05 08:30:00,255.0,255.0
D2,F5-2-nlinear-c672,0,7,2021-05-06,96,1.0,True,199.0,194.55239868164062,-4.447601318359375,4.447601318359375,2021-05-06 09:00:00,2021-05-06 11:45:00,165.0,165.0
D2,F5-2-nlinear-c672,0,7,2021-05-07,96,1.0,True,181.0,179.1268310546875,-1.8731689453125,1.8731689453125,2021-05-07 09:00:00,2021-05-07 11:00:00,120.0,120.0
D2,F5-2-nlinear-c672,0,7,2021-05-08,96,1.0,True,115.0,111.47479248046875,-3.52520751953125,3.52520751953125,2021-05-08 02:00:00,2021-05-08 04:45:00,165.0,165.0
D2,F5-2-nlinear-c672,0,7,2021-05-09,96,1.0,True,184.0,150.5130615234375,-33.4869384765625,33.4869384765625,2021-05-09 09:00:00,2021-05-09 10:45:00,105.0,105.0
D2,F5-2-nlinear-c672,0,8,2021-04-19,96,1.0,True,172.0,188.4173583984375,16.4173583984375,16.4173583984375,2021-04-19 08:45:00,2021-04-19 14:00:00,315.0,315.0
D2,F5-2-nlinear-c672,0,8,2021-04-20,96,1.0,True,172.0,189.0818634033203,17.081863403320312,17.081863403320312,2021-04-20 08:45:00,2021-04-20 14:00:00,315.0,315.0
D2,F5-2-nlinear-c672,0,8,2021-04-21,96,1.0,True,174.0,184.96310424804688,10.963104248046875,10.963104248046875,2021-04-21 08:30:00,2021-04-21 09:45:00,75.0,75.0
D2,F5-2-nlinear-c672,0,8,2021-04-22,96,1.0,True,174.0,172.3623046875,-1.6376953125,1.6376953125,2021-04-22 08:30:00,2021-04-22 08:30:00,0.0,0.0
D2,F5-2-nlinear-c672,0,8,2021-04-23,96,1.0,True,174.0,175.07186889648438,1.071868896484375,1.071868896484375,2021-04-23 08:30:00,2021-04-23 14:00:00,330.0,330.0
D2,F5-2-nlinear-c672,0,8,2021-04-24,96,1.0,True,112.0,112.48229217529297,0.48229217529296875,0.48229217529296875,2021-04-24 06:15:00,2021-04-24 01:45:00,-270.0,270.0
D2,F5-2-nlinear-c672,0,8,2021-04-25,96,1.0,True,25.0,33.77448272705078,8.774482727050781,8.774482727050781,2021-04-25 01:30:00,2021-04-25 01:15:00,-15.0,15.0
D2,F5-2-nlinear-c672,0,8,2021-05-03,96,1.0,True,184.0,195.04331970214844,11.043319702148438,11.043319702148438,2021-05-03 08:30:00,2021-05-03 14:00:00,330.0,330.0
D2,F5-2-nlinear-c672,0,8,2021-05-04,96,1.0,True,181.0,196.01339721679688,15.013397216796875,15.013397216796875,2021-05-04 08:30:00,2021-05-04 14:00:00,330.0,330.0
D2,F5-2-nlinear-c672,0,8,2021-05-05,96,1.0,True,120.0,163.7716064453125,43.7716064453125,43.7716064453125,2021-05-05 04:15:00,2021-05-05 08:30:00,255.0,255.0
D2,F5-2-nlinear-c672,0,8,2021-05-06,96,1.0,True,199.0,189.14663696289062,-9.853363037109375,9.853363037109375,2021-05-06 09:00:00,2021-05-06 12:00:00,180.0,180.0
D2,F5-2-nlinear-c672,0,8,2021-05-07,96,1.0,True,181.0,177.99932861328125,-3.00067138671875,3.00067138671875,2021-05-07 09:00:00,2021-05-07 14:00:00,300.0,300.0
D2,F5-2-nlinear-c672,0,8,2021-05-08,96,1.0,True,115.0,108.89131164550781,-6.1086883544921875,6.1086883544921875,2021-05-08 02:00:00,2021-05-08 04:30:00,150.0,150.0
D2,F5-2-nlinear-c672,0,8,2021-05-09,96,1.0,True,184.0,151.08255004882812,-32.917449951171875,32.917449951171875,2021-05-09 09:00:00,2021-05-09 11:00:00,120.0,120.0
D2,F5-2-nlinear-c672,0,9,2021-04-19,96,1.0,True,172.0,188.6417236328125,16.6417236328125,16.6417236328125,2021-04-19 08:45:00,2021-04-19 14:15:00,330.0,330.0
D2,F5-2-nlinear-c672,0,9,2021-04-20,96,1.0,True,172.0,188.70697021484375,16.70697021484375,16.70697021484375,2021-04-20 08:45:00,2021-04-20 14:15:00,330.0,330.0
D2,F5-2-nlinear-c672,0,9,2021-04-21,96,1.0,True,174.0,187.0531463623047,13.053146362304688,13.053146362304688,2021-04-21 08:30:00,2021-04-21 09:00:00,30.0,30.0
D2,F5-2-nlinear-c672,0,9,2021-04-22,96,1.0,True,174.0,175.06385803222656,1.0638580322265625,1.0638580322265625,2021-04-22 08:30:00,2021-04-22 08:30:00,0.0,0.0
D2,F5-2-nlinear-c672,0,9,2021-04-23,96,1.0,True,174.0,174.45684814453125,0.45684814453125,0.45684814453125,2021-04-23 08:30:00,2021-04-23 08:30:00,0.0,0.0
D2,F5-2-nlinear-c672,0,9,2021-04-24,96,1.0,True,112.0,112.79197692871094,0.7919769287109375,0.7919769287109375,2021-04-24 06:15:00,2021-04-24 01:45:00,-270.0,270.0
D2,F5-2-nlinear-c672,0,9,2021-04-25,96,1.0,True,25.0,33.75069046020508,8.750690460205078,8.750690460205078,2021-04-25 01:30:00,2021-04-25 01:30:00,0.0,0.0
D2,F5-2-nlinear-c672,0,9,2021-05-03,96,1.0,True,184.0,192.65338134765625,8.65338134765625,8.65338134765625,2021-05-03 08:30:00,2021-05-03 14:15:00,345.0,345.0
D2,F5-2-nlinear-c672,0,9,2021-05-04,96,1.0,True,181.0,191.92535400390625,10.92535400390625,10.92535400390625,2021-05-04 08:30:00,2021-05-04 14:15:00,345.0,345.0
D2,F5-2-nlinear-c672,0,9,2021-05-05,96,1.0,True,120.0,163.99415588378906,43.99415588378906,43.99415588378906,2021-05-05 04:15:00,2021-05-05 08:45:00,270.0,270.0
D2,F5-2-nlinear-c672,0,9,2021-05-06,96,1.0,True,199.0,179.5706787109375,-19.4293212890625,19.4293212890625,2021-05-06 09:00:00,2021-05-06 11:15:00,135.0,135.0
D2,F5-2-nlinear-c672,0,9,2021-05-07,96,1.0,True,181.0,180.71731567382812,-0.282684326171875,0.282684326171875,2021-05-07 09:00:00,2021-05-07 11:00:00,120.0,120.0
D2,F5-2-nlinear-c672,0,9,2021-05-08,96,1.0,True,115.0,110.88307189941406,-4.1169281005859375,4.1169281005859375,2021-05-08 02:00:00,2021-05-08 06:30:00,270.0,270.0
D2,F5-2-nlinear-c672,0,9,2021-05-09,96,1.0,True,184.0,150.90631103515625,-33.09368896484375,33.09368896484375,2021-05-09 09:00:00,2021-05-09 11:15:00,135.0,135.0
D2,F5-2-nlinear-c672,0,10,2021-04-19,96,1.0,True,172.0,186.9971160888672,14.997116088867188,14.997116088867188,2021-04-19 08:45:00,2021-04-19 14:30:00,345.0,345.0
D2,F5-2-nlinear-c672,0,10,2021-04-20,96,1.0,True,172.0,184.322265625,12.322265625,12.322265625,2021-04-20 08:45:00,2021-04-20 14:30:00,345.0,345.0
D2,F5-2-nlinear-c672,0,10,2021-04-21,96,1.0,True,174.0,187.0535125732422,13.053512573242188,13.053512573242188,2021-04-21 08:30:00,2021-04-21 09:00:00,30.0,30.0
D2,F5-2-nlinear-c672,0,10,2021-04-22,96,1.0,True,174.0,179.0668487548828,5.0668487548828125,5.0668487548828125,2021-04-22 08:30:00,2021-04-22 08:45:00,15.0,15.0
D2,F5-2-nlinear-c672,0,10,2021-04-23,96,1.0,True,174.0,179.01295471191406,5.0129547119140625,5.0129547119140625,2021-04-23 08:30:00,2021-04-23 08:45:00,15.0,15.0
D2,F5-2-nlinear-c672,0,10,2021-04-24,96,1.0,True,112.0,110.93433380126953,-1.0656661987304688,1.0656661987304688,2021-04-24 06:15:00,2021-04-24 02:00:00,-255.0,255.0
D2,F5-2-nlinear-c672,0,10,2021-04-25,96,1.0,True,25.0,33.51014709472656,8.510147094726562,8.510147094726562,2021-04-25 01:30:00,2021-04-25 01:30:00,0.0,0.0
D2,F5-2-nlinear-c672,0,10,2021-05-03,96,1.0,True,184.0,190.443115234375,6.443115234375,6.443115234375,2021-05-03 08:30:00,2021-05-03 14:30:00,360.0,360.0
D2,F5-2-nlinear-c672,0,10,2021-05-04,96,1.0,True,181.0,191.73397827148438,10.733978271484375,10.733978271484375,2021-05-04 08:30:00,2021-05-04 11:00:00,150.0,150.0
D2,F5-2-nlinear-c672,0,10,2021-05-05,96,1.0,True,120.0,164.25570678710938,44.255706787109375,44.255706787109375,2021-05-05 04:15:00,2021-05-05 08:30:00,255.0,255.0
D2,F5-2-nlinear-c672,0,10,2021-05-06,96,1.0,True,199.0,178.84486389160156,-20.155136108398438,20.155136108398438,2021-05-06 09:00:00,2021-05-06 11:45:00,165.0,165.0
D2,F5-2-nlinear-c672,0,10,2021-05-07,96,1.0,True,181.0,185.0891876220703,4.0891876220703125,4.0891876220703125,2021-05-07 09:00:00,2021-05-07 14:30:00,330.0,330.0
D2,F5-2-nlinear-c672,0,10,2021-05-08,96,1.0,True,115.0,105.864990234375,-9.135009765625,9.135009765625,2021-05-08 02:00:00,2021-05-08 06:15:00,255.0,255.0
D2,F5-2-nlinear-c672,0,10,2021-05-09,96,1.0,True,184.0,145.66928100585938,-38.330718994140625,38.330718994140625,2021-05-09 09:00:00,2021-05-09 11:30:00,150.0,150.0
D2,F5-2-nlinear-c672,0,11,2021-04-19,96,1.0,True,172.0,189.35325622558594,17.353256225585938,17.353256225585938,2021-04-19 08:45:00,2021-04-19 14:45:00,360.0,360.0
D2,F5-2-nlinear-c672,0,11,2021-04-20,96,1.0,True,172.0,184.81820678710938,12.818206787109375,12.818206787109375,2021-04-20 08:45:00,2021-04-20 14:45:00,360.0,360.0
D2,F5-2-nlinear-c672,0,11,2021-04-21,96,1.0,True,174.0,184.48049926757812,10.480499267578125,10.480499267578125,2021-04-21 08:30:00,2021-04-21 09:30:00,60.0,60.0
D2,F5-2-nlinear-c672,0,11,2021-04-22,96,1.0,True,174.0,178.407958984375,4.407958984375,4.407958984375,2021-04-22 08:30:00,2021-04-22 09:00:00,30.0,30.0
D2,F5-2-nlinear-c672,0,11,2021-04-23,96,1.0,True,174.0,179.31185913085938,5.311859130859375,5.311859130859375,2021-04-23 08:30:00,2021-04-23 09:00:00,30.0,30.0
D2,F5-2-nlinear-c672,0,11,2021-04-24,96,1.0,True,112.0,112.21601867675781,0.2160186767578125,0.2160186767578125,2021-04-24 06:15:00,2021-04-24 02:00:00,-255.0,255.0
D2,F5-2-nlinear-c672,0,11,2021-04-25,96,1.0,True,25.0,35.044979095458984,10.044979095458984,10.044979095458984,2021-04-25 01:30:00,2021-04-25 01:30:00,0.0,0.0
D2,F5-2-nlinear-c672,0,11,2021-05-03,96,1.0,True,184.0,195.85069274902344,11.850692749023438,11.850692749023438,2021-05-03 08:30:00,2021-05-03 14:45:00,375.0,375.0
D2,F5-2-nlinear-c672,0,11,2021-05-04,96,1.0,True,181.0,188.86166381835938,7.861663818359375,7.861663818359375,2021-05-04 08:30:00,2021-05-04 11:15:00,165.0,165.0
D2,F5-2-nlinear-c672,0,11,2021-05-05,96,1.0,True,120.0,161.86387634277344,41.86387634277344,41.86387634277344,2021-05-05 04:15:00,2021-05-05 08:45:00,270.0,270.0
D2,F5-2-nlinear-c672,0,11,2021-05-06,96,1.0,True,199.0,180.30995178222656,-18.690048217773438,18.690048217773438,2021-05-06 09:00:00,2021-05-06 14:45:00,345.0,345.0
D2,F5-2-nlinear-c672,0,11,2021-05-07,96,1.0,True,181.0,179.46261596679688,-1.537384033203125,1.537384033203125,2021-05-07 09:00:00,2021-05-07 14:45:00,345.0,345.0
D2,F5-2-nlinear-c672,0,11,2021-05-08,96,1.0,True,115.0,106.3326416015625,-8.6673583984375,8.6673583984375,2021-05-08 02:00:00,2021-05-08 06:15:00,255.0,255.0
D2,F5-2-nlinear-c672,0,11,2021-05-09,96,1.0,True,184.0,144.8516845703125,-39.1483154296875,39.1483154296875,2021-05-09 09:00:00,2021-05-09 11:45:00,165.0,165.0
D2,F5-2-nlinear-c672,0,12,2021-04-19,96,1.0,True,172.0,181.70838928222656,9.708389282226562,9.708389282226562,2021-04-19 08:45:00,2021-04-19 15:00:00,375.0,375.0
D2,F5-2-nlinear-c672,0,12,2021-04-20,96,1.0,True,172.0,187.5723876953125,15.5723876953125,15.5723876953125,2021-04-20 08:45:00,2021-04-20 13:30:00,285.0,285.0
D2,F5-2-nlinear-c672,0,12,2021-04-21,96,1.0,True,174.0,187.5878448486328,13.587844848632812,13.587844848632812,2021-04-21 08:30:00,2021-04-21 09:45:00,75.0,75.0
D2,F5-2-nlinear-c672,0,12,2021-04-22,96,1.0,True,174.0,178.48944091796875,4.48944091796875,4.48944091796875,2021-04-22 08:30:00,2021-04-22 09:45:00,75.0,75.0
D2,F5-2-nlinear-c672,0,12,2021-04-23,96,1.0,True,174.0,179.1116943359375,5.1116943359375,5.1116943359375,2021-04-23 08:30:00,2021-04-23 09:00:00,30.0,30.0
D2,F5-2-nlinear-c672,0,12,2021-04-24,96,1.0,True,112.0,110.51029968261719,-1.4897003173828125,1.4897003173828125,2021-04-24 06:15:00,2021-04-24 02:30:00,-225.0,225.0
D2,F5-2-nlinear-c672,0,12,2021-04-25,96,1.0,True,25.0,38.03327941894531,13.033279418945312,13.033279418945312,2021-04-25 01:30:00,2021-04-25 01:15:00,-15.0,15.0
D2,F5-2-nlinear-c672,0,12,2021-05-03,96,1.0,True,184.0,189.76934814453125,5.76934814453125,5.76934814453125,2021-05-03 08:30:00,2021-05-03 15:00:00,390.0,390.0
D2,F5-2-nlinear-c672,0,12,2021-05-04,96,1.0,True,181.0,186.6707305908203,5.6707305908203125,5.6707305908203125,2021-05-04 08:30:00,2021-05-04 11:30:00,180.0,180.0
D2,F5-2-nlinear-c672,0,12,2021-05-05,96,1.0,True,120.0,163.71615600585938,43.716156005859375,43.716156005859375,2021-05-05 04:15:00,2021-05-05 09:45:00,330.0,330.0
D2,F5-2-nlinear-c672,0,12,2021-05-06,96,1.0,True,199.0,171.0072784423828,-27.992721557617188,27.992721557617188,2021-05-06 09:00:00,2021-05-06 12:00:00,180.0,180.0
D2,F5-2-nlinear-c672,0,12,2021-05-07,96,1.0,True,181.0,175.07737731933594,-5.9226226806640625,5.9226226806640625,2021-05-07 09:00:00,2021-05-07 14:45:00,345.0,345.0
D2,F5-2-nlinear-c672,0,12,2021-05-08,96,1.0,True,115.0,107.95165252685547,-7.048347473144531,7.048347473144531,2021-05-08 02:00:00,2021-05-08 06:30:00,270.0,270.0
D2,F5-2-nlinear-c672,0,12,2021-05-09,96,1.0,True,184.0,143.35153198242188,-40.648468017578125,40.648468017578125,2021-05-09 09:00:00,2021-05-09 12:00:00,180.0,180.0
D2,F5-2-nlinear-c672,0,13,2021-04-19,96,1.0,True,172.0,177.8380126953125,5.8380126953125,5.8380126953125,2021-04-19 08:45:00,2021-04-19 15:30:00,405.0,405.0
D2,F5-2-nlinear-c672,0,13,2021-04-20,96,1.0,True,172.0,183.34190368652344,11.341903686523438,11.341903686523438,2021-04-20 08:45:00,2021-04-20 15:45:00,420.0,420.0
D2,F5-2-nlinear-c672,0,13,2021-04-21,96,1.0,True,174.0,186.0604248046875,12.0604248046875,12.0604248046875,2021-04-21 08:30:00,2021-04-21 09:45:00,75.0,75.0
D2,F5-2-nlinear-c672,0,13,2021-04-22,96,1.0,True,174.0,179.57078552246094,5.5707855224609375,5.5707855224609375,2021-04-22 08:30:00,2021-04-22 09:45:00,75.0,75.0
D2,F5-2-nlinear-c672,0,13,2021-04-23,96,1.0,True,174.0,176.260986328125,2.260986328125,2.260986328125,2021-04-23 08:30:00,2021-04-23 09:45:00,75.0,75.0
D2,F5-2-nlinear-c672,0,13,2021-04-24,96,1.0,True,112.0,109.3484878540039,-2.6515121459960938,2.6515121459960938,2021-04-24 06:15:00,2021-04-24 04:30:00,-105.0,105.0
D2,F5-2-nlinear-c672,0,13,2021-04-25,96,1.0,True,25.0,38.76615524291992,13.766155242919922,13.766155242919922,2021-04-25 01:30:00,2021-04-25 01:30:00,0.0,0.0
D2,F5-2-nlinear-c672,0,13,2021-05-03,96,1.0,True,184.0,183.0222930908203,-0.9777069091796875,0.9777069091796875,2021-05-03 08:30:00,2021-05-03 15:15:00,405.0,405.0
D2,F5-2-nlinear-c672,0,13,2021-05-04,96,1.0,True,181.0,183.2966766357422,2.2966766357421875,2.2966766357421875,2021-05-04 08:30:00,2021-05-04 11:45:00,195.0,195.0
D2,F5-2-nlinear-c672,0,13,2021-05-05,96,1.0,True,120.0,170.86859130859375,50.86859130859375,50.86859130859375,2021-05-05 04:15:00,2021-05-05 08:30:00,255.0,255.0
D2,F5-2-nlinear-c672,0,13,2021-05-06,96,1.0,True,199.0,175.2705535888672,-23.729446411132812,23.729446411132812,2021-05-06 09:00:00,2021-05-06 13:15:00,255.0,255.0
D2,F5-2-nlinear-c672,0,13,2021-05-07,96,1.0,True,181.0,171.49371337890625,-9.50628662109375,9.50628662109375,2021-05-07 09:00:00,2021-05-07 16:30:00,450.0,450.0
D2,F5-2-nlinear-c672,0,13,2021-05-08,96,1.0,True,115.0,110.40739440917969,-4.5926055908203125,4.5926055908203125,2021-05-08 02:00:00,2021-05-08 06:15:00,255.0,255.0
D2,F5-2-nlinear-c672,0,13,2021-05-09,96,1.0,True,184.0,131.586181640625,-52.413818359375,52.413818359375,2021-05-09 09:00:00,2021-05-09 12:00:00,180.0,180.0
D2,F5-2-nlinear-c672,0,14,2021-04-19,96,1.0,True,172.0,182.69329833984375,10.69329833984375,10.69329833984375,2021-04-19 08:45:00,2021-04-19 15:30:00,405.0,405.0
D2,F5-2-nlinear-c672,0,14,2021-04-20,96,1.0,True,172.0,187.8513641357422,15.851364135742188,15.851364135742188,2021-04-20 08:45:00,2021-04-20 13:30:00,285.0,285.0
D2,F5-2-nlinear-c672,0,14,2021-04-21,96,1.0,True,174.0,190.11676025390625,16.11676025390625,16.11676025390625,2021-04-21 08:30:00,2021-04-21 08:45:00,15.0,15.0
D2,F5-2-nlinear-c672,0,14,2021-04-22,96,1.0,True,174.0,182.38656616210938,8.386566162109375,8.386566162109375,2021-04-22 08:30:00,2021-04-22 09:45:00,75.0,75.0
D2,F5-2-nlinear-c672,0,14,2021-04-23,96,1.0,True,174.0,181.3701934814453,7.3701934814453125,7.3701934814453125,2021-04-23 08:30:00,2021-04-23 09:45:00,75.0,75.0
D2,F5-2-nlinear-c672,0,14,2021-04-24,96,1.0,True,112.0,106.226806640625,-5.773193359375,5.773193359375,2021-04-24 06:15:00,2021-04-24 04:45:00,-90.0,90.0
D2,F5-2-nlinear-c672,0,14,2021-04-25,96,1.0,True,25.0,39.465633392333984,14.465633392333984,14.465633392333984,2021-04-25 01:30:00,2021-04-25 01:45:00,15.0,15.0
D2,F5-2-nlinear-c672,0,14,2021-05-03,96,1.0,True,184.0,183.7467041015625,-0.2532958984375,0.2532958984375,2021-05-03 08:30:00,2021-05-03 15:30:00,420.0,420.0
D2,F5-2-nlinear-c672,0,14,2021-05-04,96,1.0,True,181.0,179.7090301513672,-1.2909698486328125,1.2909698486328125,2021-05-04 08:30:00,2021-05-04 13:30:00,300.0,300.0
D2,F5-2-nlinear-c672,0,14,2021-05-05,96,1.0,True,120.0,174.03182983398438,54.031829833984375,54.031829833984375,2021-05-05 04:15:00,2021-05-05 08:45:00,270.0,270.0
D2,F5-2-nlinear-c672,0,14,2021-05-06,96,1.0,True,199.0,187.62879943847656,-11.371200561523438,11.371200561523438,2021-05-06 09:00:00,2021-05-06 13:30:00,270.0,270.0
D2,F5-2-nlinear-c672,0,14,2021-05-07,96,1.0,True,181.0,176.642822265625,-4.357177734375,4.357177734375,2021-05-07 09:00:00,2021-05-07 08:30:00,-30.0,30.0
D2,F5-2-nlinear-c672,0,14,2021-05-08,96,1.0,True,115.0,111.30702209472656,-3.6929779052734375,3.6929779052734375,2021-05-08 02:00:00,2021-05-08 06:30:00,270.0,270.0
D2,F5-2-nlinear-c672,0,14,2021-05-09,96,1.0,True,184.0,124.92178344726562,-59.078216552734375,59.078216552734375,2021-05-09 09:00:00,2021-05-09 14:00:00,300.0,300.0
D2,F5-2-nlinear-c672,0,15,2021-04-19,96,1.0,True,172.0,194.41297912597656,22.412979125976562,22.412979125976562,2021-04-19 08:45:00,2021-04-19 15:45:00,420.0,420.0
D2,F5-2-nlinear-c672,0,15,2021-04-20,96,1.0,True,172.0,189.44985961914062,17.449859619140625,17.449859619140625,2021-04-20 08:45:00,2021-04-20 15:45:00,420.0,420.0
D2,F5-2-nlinear-c672,0,15,2021-04-21,96,1.0,True,174.0,188.17803955078125,14.17803955078125,14.17803955078125,2021-04-21 08:30:00,2021-04-21 08:45:00,15.0,15.0
D2,F5-2-nlinear-c672,0,15,2021-04-22,96,1.0,True,174.0,182.02645874023438,8.026458740234375,8.026458740234375,2021-04-22 08:30:00,2021-04-22 09:45:00,75.0,75.0
D2,F5-2-nlinear-c672,0,15,2021-04-23,96,1.0,True,174.0,183.14251708984375,9.14251708984375,9.14251708984375,2021-04-23 08:30:00,2021-04-23 09:45:00,75.0,75.0
D2,F5-2-nlinear-c672,0,15,2021-04-24,96,1.0,True,112.0,110.69316101074219,-1.3068389892578125,1.3068389892578125,2021-04-24 06:15:00,2021-04-24 01:45:00,-270.0,270.0
D2,F5-2-nlinear-c672,0,15,2021-04-25,96,1.0,True,25.0,37.41184616088867,12.411846160888672,12.411846160888672,2021-04-25 01:30:00,2021-04-25 02:00:00,30.0,30.0
D2,F5-2-nlinear-c672,0,15,2021-05-03,96,1.0,True,184.0,187.2397918701172,3.2397918701171875,3.2397918701171875,2021-05-03 08:30:00,2021-05-03 15:45:00,435.0,435.0
D2,F5-2-nlinear-c672,0,15,2021-05-04,96,1.0,True,181.0,181.73983764648438,0.739837646484375,0.739837646484375,2021-05-04 08:30:00,2021-05-04 13:45:00,315.0,315.0
D2,F5-2-nlinear-c672,0,15,2021-05-05,96,1.0,True,120.0,166.37425231933594,46.37425231933594,46.37425231933594,2021-05-05 04:15:00,2021-05-05 08:30:00,255.0,255.0
D2,F5-2-nlinear-c672,0,15,2021-05-06,96,1.0,True,199.0,190.35787963867188,-8.642120361328125,8.642120361328125,2021-05-06 09:00:00,2021-05-06 13:45:00,285.0,285.0
D2,F5-2-nlinear-c672,0,15,2021-05-07,96,1.0,True,181.0,177.09957885742188,-3.900421142578125,3.900421142578125,2021-05-07 09:00:00,2021-05-07 15:45:00,405.0,405.0
D2,F5-2-nlinear-c672,0,15,2021-05-08,96,1.0,True,115.0,110.87223815917969,-4.1277618408203125,4.1277618408203125,2021-05-08 02:00:00,2021-05-08 06:45:00,285.0,285.0
D2,F5-2-nlinear-c672,0,15,2021-05-09,96,1.0,True,184.0,130.46974182128906,-53.53025817871094,53.53025817871094,2021-05-09 09:00:00,2021-05-09 15:00:00,360.0,360.0
D2,F5-2-nlinear-c672,0,16,2021-04-19,96,1.0,True,172.0,193.6083221435547,21.608322143554688,21.608322143554688,2021-04-19 08:45:00,2021-04-19 16:00:00,435.0,435.0
D2,F5-2-nlinear-c672,0,16,2021-04-20,96,1.0,True,172.0,192.0679473876953,20.067947387695312,20.067947387695312,2021-04-20 08:45:00,2021-04-20 16:00:00,435.0,435.0
D2,F5-2-nlinear-c672,0,16,2021-04-21,96,1.0,True,174.0,190.49935913085938,16.499359130859375,16.499359130859375,2021-04-21 08:30:00,2021-04-21 09:00:00,30.0,30.0
D2,F5-2-nlinear-c672,0,16,2021-04-22,96,1.0,True,174.0,181.85023498535156,7.8502349853515625,7.8502349853515625,2021-04-22 08:30:00,2021-04-22 08:45:00,15.0,15.0
D2,F5-2-nlinear-c672,0,16,2021-04-23,96,1.0,True,174.0,181.42974853515625,7.42974853515625,7.42974853515625,2021-04-23 08:30:00,2021-04-23 08:45:00,15.0,15.0
D2,F5-2-nlinear-c672,0,16,2021-04-24,96,1.0,True,112.0,110.70116424560547,-1.2988357543945312,1.2988357543945312,2021-04-24 06:15:00,2021-04-24 02:00:00,-255.0,255.0
D2,F5-2-nlinear-c672,0,16,2021-04-25,96,1.0,True,25.0,34.2783203125,9.2783203125,9.2783203125,2021-04-25 01:30:00,2021-04-25 02:15:00,45.0,45.0
D2,F5-2-nlinear-c672,0,16,2021-05-03,96,1.0,True,184.0,186.9034423828125,2.9034423828125,2.9034423828125,2021-05-03 08:30:00,2021-05-03 16:00:00,450.0,450.0
D2,F5-2-nlinear-c672,0,16,2021-05-04,96,1.0,True,181.0,185.10739135742188,4.107391357421875,4.107391357421875,2021-05-04 08:30:00,2021-05-04 14:00:00,330.0,330.0
D2,F5-2-nlinear-c672,0,16,2021-05-05,96,1.0,True,120.0,171.55421447753906,51.55421447753906,51.55421447753906,2021-05-05 04:15:00,2021-05-05 08:30:00,255.0,255.0
D2,F5-2-nlinear-c672,0,16,2021-05-06,96,1.0,True,199.0,188.09535217285156,-10.904647827148438,10.904647827148438,2021-05-06 09:00:00,2021-05-06 14:00:00,300.0,300.0
D2,F5-2-nlinear-c672,0,16,2021-05-07,96,1.0,True,181.0,181.14212036132812,0.142120361328125,0.142120361328125,2021-05-07 09:00:00,2021-05-07 16:00:00,420.0,420.0
D2,F5-2-nlinear-c672,0,16,2021-05-08,96,1.0,True,115.0,105.38423919677734,-9.615760803222656,9.615760803222656,2021-05-08 02:00:00,2021-05-08 07:00:00,300.0,300.0
D2,F5-2-nlinear-c672,0,16,2021-05-09,96,1.0,True,184.0,126.92134094238281,-57.07865905761719,57.07865905761719,2021-05-09 09:00:00,2021-05-09 14:30:00,330.0,330.0
D2,F5-2-nlinear-c672,1,4,2021-05-31,95,0.9895833333333334,False,172.0,177.75732421875,5.75732421875,5.75732421875,2021-05-31 10:30:00,2021-05-31 11:00:00,30.0,30.0
D2,F5-2-nlinear-c672,1,4,2021-06-01,1,0.010416666666666666,False,71.0,81.52886962890625,10.52886962890625,10.52886962890625,2021-06-01 00:00:00,2021-06-01 00:00:00,0.0,0.0
D2,F5-2-nlinear-c672,1,4,2021-06-20,95,0.9895833333333334,False,28.0,35.227272033691406,7.227272033691406,7.227272033691406,2021-06-20 15:15:00,2021-06-20 01:45:00,-810.0,810.0
D2,F5-2-nlinear-c672,1,5,2021-05-31,95,0.9895833333333334,False,172.0,174.0282440185547,2.0282440185546875,2.0282440185546875,2021-05-31 10:30:00,2021-05-31 11:15:00,45.0,45.0
D2,F5-2-nlinear-c672,1,5,2021-06-01,1,0.010416666666666666,False,71.0,81.21694946289062,10.216949462890625,10.216949462890625,2021-06-01 00:00:00,2021-06-01 00:00:00,0.0,0.0
D2,F5-2-nlinear-c672,1,5,2021-06-20,95,0.9895833333333334,False,28.0,34.43756103515625,6.43756103515625,6.43756103515625,2021-06-20 15:15:00,2021-06-20 10:00:00,-315.0,315.0
D2,F5-2-nlinear-c672,1,6,2021-05-31,95,0.9895833333333334,False,172.0,177.5662841796875,5.5662841796875,5.5662841796875,2021-05-31 10:30:00,2021-05-31 13:30:00,180.0,180.0
D2,F5-2-nlinear-c672,1,6,2021-06-01,1,0.010416666666666666,False,71.0,85.672607421875,14.672607421875,14.672607421875,2021-06-01 00:00:00,2021-06-01 00:00:00,0.0,0.0
D2,F5-2-nlinear-c672,1,6,2021-06-20,95,0.9895833333333334,False,28.0,34.80049133300781,6.8004913330078125,6.8004913330078125,2021-06-20 15:15:00,2021-06-20 10:00:00,-315.0,315.0
D2,F5-2-nlinear-c672,1,7,2021-05-31,95,0.9895833333333334,False,172.0,177.92889404296875,5.92889404296875,5.92889404296875,2021-05-31 10:30:00,2021-05-31 13:45:00,195.0,195.0
D2,F5-2-nlinear-c672,1,7,2021-06-01,1,0.010416666666666666,False,71.0,84.32793426513672,13.327934265136719,13.327934265136719,2021-06-01 00:00:00,2021-06-01 00:00:00,0.0,0.0
D2,F5-2-nlinear-c672,1,7,2021-06-20,95,0.9895833333333334,False,28.0,39.487144470214844,11.487144470214844,11.487144470214844,2021-06-20 15:15:00,2021-06-20 10:00:00,-315.0,315.0
D2,F5-2-nlinear-c672,1,8,2021-05-31,95,0.9895833333333334,False,172.0,177.41323852539062,5.413238525390625,5.413238525390625,2021-05-31 10:30:00,2021-05-31 14:00:00,210.0,210.0
D2,F5-2-nlinear-c672,1,8,2021-06-01,1,0.010416666666666666,False,71.0,87.4939956665039,16.493995666503906,16.493995666503906,2021-06-01 00:00:00,2021-06-01 00:00:00,0.0,0.0
D2,F5-2-nlinear-c672,1,8,2021-06-20,95,0.9895833333333334,False,28.0,34.02671432495117,6.026714324951172,6.026714324951172,2021-06-20 15:15:00,2021-06-20 03:00:00,-735.0,735.0
D2,F5-2-nlinear-c672,1,9,2021-05-31,95,0.9895833333333334,False,172.0,181.030029296875,9.030029296875,9.030029296875,2021-05-31 10:30:00,2021-05-31 14:15:00,225.0,225.0
D2,F5-2-nlinear-c672,1,9,2021-06-01,1,0.010416666666666666,False,71.0,92.0653305053711,21.065330505371094,21.065330505371094,2021-06-01 00:00:00,2021-06-01 00:00:00,0.0,0.0
D2,F5-2-nlinear-c672,1,9,2021-06-20,95,0.9895833333333334,False,28.0,34.78657150268555,6.786571502685547,6.786571502685547,2021-06-20 15:15:00,2021-06-20 10:00:00,-315.0,315.0
D2,F5-2-nlinear-c672,1,10,2021-05-31,95,0.9895833333333334,False,172.0,184.75479125976562,12.754791259765625,12.754791259765625,2021-05-31 10:30:00,2021-05-31 14:30:00,240.0,240.0
D2,F5-2-nlinear-c672,1,10,2021-06-01,1,0.010416666666666666,False,71.0,88.21424865722656,17.214248657226562,17.214248657226562,2021-06-01 00:00:00,2021-06-01 00:00:00,0.0,0.0
D2,F5-2-nlinear-c672,1,10,2021-06-20,95,0.9895833333333334,False,28.0,34.54185104370117,6.541851043701172,6.541851043701172,2021-06-20 15:15:00,2021-06-20 10:00:00,-315.0,315.0
D2,F5-2-nlinear-c672,1,11,2021-05-31,95,0.9895833333333334,False,172.0,185.88516235351562,13.885162353515625,13.885162353515625,2021-05-31 10:30:00,2021-05-31 14:45:00,255.0,255.0
D2,F5-2-nlinear-c672,1,11,2021-06-01,1,0.010416666666666666,False,71.0,82.7068099975586,11.706809997558594,11.706809997558594,2021-06-01 00:00:00,2021-06-01 00:00:00,0.0,0.0
D2,F5-2-nlinear-c672,1,11,2021-06-20,95,0.9895833333333334,False,28.0,34.075382232666016,6.075382232666016,6.075382232666016,2021-06-20 15:15:00,2021-06-20 10:00:00,-315.0,315.0
D2,F5-2-nlinear-c672,1,12,2021-05-31,95,0.9895833333333334,False,172.0,174.03155517578125,2.03155517578125,2.03155517578125,2021-05-31 10:30:00,2021-05-31 15:00:00,270.0,270.0
D2,F5-2-nlinear-c672,1,12,2021-06-01,1,0.010416666666666666,False,71.0,81.85015869140625,10.85015869140625,10.85015869140625,2021-06-01 00:00:00,2021-06-01 00:00:00,0.0,0.0
D2,F5-2-nlinear-c672,1,12,2021-06-20,95,0.9895833333333334,False,28.0,37.245826721191406,9.245826721191406,9.245826721191406,2021-06-20 15:15:00,2021-06-20 12:00:00,-195.0,195.0
D2,F5-2-nlinear-c672,1,13,2021-05-31,95,0.9895833333333334,False,172.0,165.7162628173828,-6.2837371826171875,6.2837371826171875,2021-05-31 10:30:00,2021-05-31 14:30:00,240.0,240.0
D2,F5-2-nlinear-c672,1,13,2021-06-01,1,0.010416666666666666,False,71.0,92.16452026367188,21.164520263671875,21.164520263671875,2021-06-01 00:00:00,2021-06-01 00:00:00,0.0,0.0
D2,F5-2-nlinear-c672,1,13,2021-06-20,95,0.9895833333333334,False,28.0,37.21156692504883,9.211566925048828,9.211566925048828,2021-06-20 15:15:00,2021-06-20 01:30:00,-825.0,825.0
D2,F5-2-nlinear-c672,1,14,2021-05-31,95,0.9895833333333334,False,172.0,176.35012817382812,4.350128173828125,4.350128173828125,2021-05-31 10:30:00,2021-05-31 15:30:00,300.0,300.0
D2,F5-2-nlinear-c672,1,14,2021-06-01,1,0.010416666666666666,False,71.0,94.30525970458984,23.305259704589844,23.305259704589844,2021-06-01 00:00:00,2021-06-01 00:00:00,0.0,0.0
D2,F5-2-nlinear-c672,1,14,2021-06-20,95,0.9895833333333334,False,28.0,36.7037353515625,8.7037353515625,8.7037353515625,2021-06-20 15:15:00,2021-06-20 01:45:00,-810.0,810.0
D2,F5-2-nlinear-c672,1,15,2021-05-31,95,0.9895833333333334,False,172.0,179.26931762695312,7.269317626953125,7.269317626953125,2021-05-31 10:30:00,2021-05-31 15:45:00,315.0,315.0
D2,F5-2-nlinear-c672,1,15,2021-06-01,1,0.010416666666666666,False,71.0,100.05201721191406,29.052017211914062,29.052017211914062,2021-06-01 00:00:00,2021-06-01 00:00:00,0.0,0.0
D2,F5-2-nlinear-c672,1,15,2021-06-20,95,0.9895833333333334,False,28.0,36.72197341918945,8.721973419189453,8.721973419189453,2021-06-20 15:15:00,2021-06-20 01:30:00,-825.0,825.0
D2,F5-2-nlinear-c672,1,16,2021-05-31,95,0.9895833333333334,False,172.0,183.00021362304688,11.000213623046875,11.000213623046875,2021-05-31 10:30:00,2021-05-31 16:00:00,330.0,330.0
D2,F5-2-nlinear-c672,1,16,2021-06-01,1,0.010416666666666666,False,71.0,103.95391082763672,32.95391082763672,32.95391082763672,2021-06-01 00:00:00,2021-06-01 00:00:00,0.0,0.0
D2,F5-2-nlinear-c672,1,16,2021-06-20,95,0.9895833333333334,False,28.0,33.717201232910156,5.717201232910156,5.717201232910156,2021-06-20 15:15:00,2021-06-20 01:45:00,-810.0,810.0
D2,F5-2-nlinear-c672,2,4,2021-07-12,96,1.0,True,198.0,202.2745361328125,4.2745361328125,4.2745361328125,2021-07-12 08:45:00,2021-07-12 11:00:00,135.0,135.0
D2,F5-2-nlinear-c672,2,4,2021-07-13,1,0.010416666666666666,False,79.0,89.94963073730469,10.949630737304688,10.949630737304688,2021-07-13 00:00:00,2021-07-13 00:00:00,0.0,0.0
D2,F5-2-nlinear-c672,2,4,2021-07-17,80,0.8333333333333334,False,108.0,106.25785064697266,-1.7421493530273438,1.7421493530273438,2021-07-17 06:00:00,2021-07-17 04:00:00,-120.0,120.0
D2,F5-2-nlinear-c672,2,4,2021-07-18,84,0.875,False,28.0,37.043434143066406,9.043434143066406,9.043434143066406,2021-07-18 04:30:00,2021-07-18 15:00:00,630.0,630.0
D2,F5-2-nlinear-c672,2,4,2021-07-26,84,0.875,False,217.0,207.70553588867188,-9.294464111328125,9.294464111328125,2021-07-26 08:30:00,2021-07-26 11:00:00,150.0,150.0
D2,F5-2-nlinear-c672,2,4,2021-07-27,84,0.875,False,211.0,204.9442138671875,-6.0557861328125,6.0557861328125,2021-07-27 11:45:00,2021-07-27 16:00:00,255.0,255.0
D2,F5-2-nlinear-c672,2,4,2021-07-28,84,0.875,False,212.0,211.64962768554688,-0.350372314453125,0.350372314453125,2021-07-28 12:00:00,2021-07-28 08:45:00,-195.0,195.0
D2,F5-2-nlinear-c672,2,4,2021-07-29,84,0.875,False,211.0,207.69100952148438,-3.308990478515625,3.308990478515625,2021-07-29 12:00:00,2021-07-29 14:45:00,165.0,165.0
D2,F5-2-nlinear-c672,2,4,2021-07-30,85,0.8854166666666666,False,212.0,206.53338623046875,-5.46661376953125,5.46661376953125,2021-07-30 12:00:00,2021-07-30 16:00:00,240.0,240.0
D2,F5-2-nlinear-c672,2,4,2021-07-31,96,1.0,True,80.0,93.31981658935547,13.319816589355469,13.319816589355469,2021-07-31 00:00:00,2021-07-31 00:00:00,0.0,0.0
D2,F5-2-nlinear-c672,2,4,2021-08-01,96,1.0,True,28.0,44.36554718017578,16.36554718017578,16.36554718017578,2021-08-01 09:00:00,2021-08-01 08:30:00,-30.0,30.0
D2,F5-2-nlinear-c672,2,4,2021-08-09,1,0.010416666666666666,False,21.0,22.18456268310547,1.1845626831054688,1.1845626831054688,2021-08-09 00:00:00,2021-08-09 00:00:00,0.0,0.0
D2,F5-2-nlinear-c672,2,5,2021-07-12,96,1.0,True,198.0,199.0788116455078,1.0788116455078125,1.0788116455078125,2021-07-12 08:45:00,2021-07-12 11:15:00,150.0,150.0
D2,F5-2-nlinear-c672,2,5,2021-07-13,1,0.010416666666666666,False,79.0,97.77438354492188,18.774383544921875,18.774383544921875,2021-07-13 00:00:00,2021-07-13 00:00:00,0.0,0.0
D2,F5-2-nlinear-c672,2,5,2021-07-17,79,0.8229166666666666,False,108.0,108.03057861328125,0.03057861328125,0.03057861328125,2021-07-17 06:00:00,2021-07-17 04:15:00,-105.0,105.0
D2,F5-2-nlinear-c672,2,5,2021-07-18,84,0.875,False,28.0,35.65083312988281,7.6508331298828125,7.6508331298828125,2021-07-18 04:30:00,2021-07-18 15:00:00,630.0,630.0
D2,F5-2-nlinear-c672,2,5,2021-07-26,84,0.875,False,217.0,205.52645874023438,-11.473541259765625,11.473541259765625,2021-07-26 08:30:00,2021-07-26 16:00:00,450.0,450.0
D2,F5-2-nlinear-c672,2,5,2021-07-27,84,0.875,False,211.0,207.4908447265625,-3.5091552734375,3.5091552734375,2021-07-27 11:45:00,2021-07-27 16:15:00,270.0,270.0
D2,F5-2-nlinear-c672,2,5,2021-07-28,84,0.875,False,212.0,215.39865112304688,3.398651123046875,3.398651123046875,2021-07-28 12:00:00,2021-07-28 11:45:00,-15.0,15.0
D2,F5-2-nlinear-c672,2,5,2021-07-29,84,0.875,False,211.0,197.8501739501953,-13.149826049804688,13.149826049804688,2021-07-29 12:00:00,2021-07-29 15:00:00,180.0,180.0
D2,F5-2-nlinear-c672,2,5,2021-07-30,85,0.8854166666666666,False,212.0,204.56895446777344,-7.4310455322265625,7.4310455322265625,2021-07-30 12:00:00,2021-07-30 11:45:00,-15.0,15.0
D2,F5-2-nlinear-c672,2,5,2021-07-31,96,1.0,True,80.0,90.8661880493164,10.866188049316406,10.866188049316406,2021-07-31 00:00:00,2021-07-31 01:15:00,75.0,75.0
D2,F5-2-nlinear-c672,2,5,2021-08-01,96,1.0,True,28.0,40.74466323852539,12.74466323852539,12.74466323852539,2021-08-01 09:00:00,2021-08-01 08:30:00,-30.0,30.0
D2,F5-2-nlinear-c672,2,5,2021-08-09,1,0.010416666666666666,False,21.0,22.2576904296875,1.2576904296875,1.2576904296875,2021-08-09 00:00:00,2021-08-09 00:00:00,0.0,0.0
D2,F5-2-nlinear-c672,2,6,2021-07-12,96,1.0,True,198.0,195.35760498046875,-2.64239501953125,2.64239501953125,2021-07-12 08:45:00,2021-07-12 13:30:00,285.0,285.0
D2,F5-2-nlinear-c672,2,6,2021-07-13,1,0.010416666666666666,False,79.0,100.98429870605469,21.984298706054688,21.984298706054688,2021-07-13 00:00:00,2021-07-13 00:00:00,0.0,0.0
D2,F5-2-nlinear-c672,2,6,2021-07-17,78,0.8125,False,108.0,106.91356658935547,-1.0864334106445312,1.0864334106445312,2021-07-17 06:00:00,2021-07-17 04:30:00,-90.0,90.0
D2,F5-2-nlinear-c672,2,6,2021-07-18,84,0.875,False,28.0,38.884605407714844,10.884605407714844,10.884605407714844,2021-07-18 01:15:00,2021-07-18 15:00:00,825.0,825.0
D2,F5-2-nlinear-c672,2,6,2021-07-26,84,0.875,False,217.0,206.36956787109375,-10.63043212890625,10.63043212890625,2021-07-26 08:30:00,2021-07-26 11:30:00,180.0,180.0
D2,F5-2-nlinear-c672,2,6,2021-07-27,84,0.875,False,211.0,204.78369140625,-6.21630859375,6.21630859375,2021-07-27 11:45:00,2021-07-27 16:30:00,285.0,285.0
D2,F5-2-nlinear-c672,2,6,2021-07-28,84,0.875,False,212.0,211.73541259765625,-0.26458740234375,0.26458740234375,2021-07-28 12:00:00,2021-07-28 12:00:00,0.0,0.0
D2,F5-2-nlinear-c672,2,6,2021-07-29,84,0.875,False,211.0,211.36090087890625,0.36090087890625,0.36090087890625,2021-07-29 12:00:00,2021-07-29 13:30:00,90.0,90.0
D2,F5-2-nlinear-c672,2,6,2021-07-30,85,0.8854166666666666,False,212.0,222.67730712890625,10.67730712890625,10.67730712890625,2021-07-30 12:00:00,2021-07-30 13:30:00,90.0,90.0
D2,F5-2-nlinear-c672,2,6,2021-07-31,96,1.0,True,80.0,102.49766540527344,22.497665405273438,22.497665405273438,2021-07-31 00:00:00,2021-07-31 01:30:00,90.0,90.0
D2,F5-2-nlinear-c672,2,6,2021-08-01,96,1.0,True,28.0,43.54275131225586,15.54275131225586,15.54275131225586,2021-08-01 09:00:00,2021-08-01 08:30:00,-30.0,30.0
D2,F5-2-nlinear-c672,2,6,2021-08-09,1,0.010416666666666666,False,21.0,22.13103485107422,1.1310348510742188,1.1310348510742188,2021-08-09 00:00:00,2021-08-09 00:00:00,0.0,0.0
D2,F5-2-nlinear-c672,2,7,2021-07-12,96,1.0,True,198.0,196.7843017578125,-1.2156982421875,1.2156982421875,2021-07-12 08:45:00,2021-07-12 13:45:00,300.0,300.0
D2,F5-2-nlinear-c672,2,7,2021-07-13,1,0.010416666666666666,False,79.0,98.68899536132812,19.688995361328125,19.688995361328125,2021-07-13 00:00:00,2021-07-13 00:00:00,0.0,0.0
D2,F5-2-nlinear-c672,2,7,2021-07-17,77,0.8020833333333334,False,108.0,102.716552734375,-5.283447265625,5.283447265625,2021-07-17 06:00:00,2021-07-17 04:45:00,-75.0,75.0
D2,F5-2-nlinear-c672,2,7,2021-07-18,84,0.875,False,28.0,38.676273345947266,10.676273345947266,10.676273345947266,2021-07-18 01:15:00,2021-07-18 15:00:00,825.0,825.0
D2,F5-2-nlinear-c672,2,7,2021-07-26,84,0.875,False,217.0,205.600341796875,-11.399658203125,11.399658203125,2021-07-26 08:30:00,2021-07-26 11:45:00,195.0,195.0
D2,F5-2-nlinear-c672,2,7,2021-07-27,84,0.875,False,211.0,201.81390380859375,-9.18609619140625,9.18609619140625,2021-07-27 11:45:00,2021-07-27 13:45:00,120.0,120.0
D2,F5-2-nlinear-c672,2,7,2021-07-28,84,0.875,False,212.0,209.0018768310547,-2.9981231689453125,2.9981231689453125,2021-07-28 12:00:00,2021-07-28 11:45:00,-15.0,15.0
D2,F5-2-nlinear-c672,2,7,2021-07-29,84,0.875,False,211.0,208.453369140625,-2.546630859375,2.546630859375,2021-07-29 12:00:00,2021-07-29 13:45:00,105.0,105.0
D2,F5-2-nlinear-c672,2,7,2021-07-30,85,0.8854166666666666,False,212.0,216.61862182617188,4.618621826171875,4.618621826171875,2021-07-30 12:00:00,2021-07-30 13:45:00,105.0,105.0
D2,F5-2-nlinear-c672,2,7,2021-07-31,96,1.0,True,80.0,103.01189422607422,23.01189422607422,23.01189422607422,2021-07-31 00:00:00,2021-07-31 01:45:00,105.0,105.0
D2,F5-2-nlinear-c672,2,7,2021-08-01,96,1.0,True,28.0,42.1202278137207,14.120227813720703,14.120227813720703,2021-08-01 09:00:00,2021-08-01 14:45:00,345.0,345.0
D2,F5-2-nlinear-c672,2,7,2021-08-09,1,0.010416666666666666,False,21.0,23.34784698486328,2.3478469848632812,2.3478469848632812,2021-08-09 00:00:00,2021-08-09 00:00:00,0.0,0.0
D2,F5-2-nlinear-c672,2,8,2021-07-12,96,1.0,True,198.0,197.6270294189453,-0.3729705810546875,0.3729705810546875,2021-07-12 08:45:00,2021-07-12 14:00:00,315.0,315.0
D2,F5-2-nlinear-c672,2,8,2021-07-13,1,0.010416666666666666,False,79.0,88.65253448486328,9.652534484863281,9.652534484863281,2021-07-13 00:00:00,2021-07-13 00:00:00,0.0,0.0
D2,F5-2-nlinear-c672,2,8,2021-07-17,76,0.7916666666666666,False,108.0,100.92160034179688,-7.078399658203125,7.078399658203125,2021-07-17 06:00:00,2021-07-17 05:00:00,-60.0,60.0
D2,F5-2-nlinear-c672,2,8,2021-07-18,84,0.875,False,28.0,38.49550247192383,10.495502471923828,10.495502471923828,2021-07-18 01:15:00,2021-07-18 15:00:00,825.0,825.0
D2,F5-2-nlinear-c672,2,8,2021-07-26,84,0.875,False,217.0,199.43165588378906,-17.568344116210938,17.568344116210938,2021-07-26 08:30:00,2021-07-26 11:45:00,195.0,195.0
D2,F5-2-nlinear-c672,2,8,2021-07-27,84,0.875,False,211.0,207.63113403320312,-3.368865966796875,3.368865966796875,2021-07-27 11:45:00,2021-07-27 14:00:00,135.0,135.0
D2,F5-2-nlinear-c672,2,8,2021-07-28,84,0.875,False,212.0,212.64761352539062,0.647613525390625,0.647613525390625,2021-07-28 12:00:00,2021-07-28 14:00:00,120.0,120.0
D2,F5-2-nlinear-c672,2,8,2021-07-29,84,0.875,False,211.0,210.7579803466797,-0.2420196533203125,0.2420196533203125,2021-07-29 12:00:00,2021-07-29 14:00:00,120.0,120.0
D2,F5-2-nlinear-c672,2,8,2021-07-30,85,0.8854166666666666,False,212.0,214.8108673095703,2.8108673095703125,2.8108673095703125,2021-07-30 12:00:00,2021-07-30 14:00:00,120.0,120.0
D2,F5-2-nlinear-c672,2,8,2021-07-31,96,1.0,True,80.0,106.32444763183594,26.324447631835938,26.324447631835938,2021-07-31 00:00:00,2021-07-31 01:45:00,105.0,105.0
D2,F5-2-nlinear-c672,2,8,2021-08-01,96,1.0,True,28.0,45.2038459777832,17.203845977783203,17.203845977783203,2021-08-01 09:00:00,2021-08-01 15:00:00,360.0,360.0
D2,F5-2-nlinear-c672,2,8,2021-08-09,1,0.010416666666666666,False,21.0,24.85845947265625,3.85845947265625,3.85845947265625,2021-08-09 00:00:00,2021-08-09 00:00:00,0.0,0.0
D2,F5-2-nlinear-c672,2,9,2021-07-12,96,1.0,True,198.0,193.4063720703125,-4.5936279296875,4.5936279296875,2021-07-12 08:45:00,2021-07-12 14:15:00,330.0,330.0
D2,F5-2-nlinear-c672,2,9,2021-07-13,1,0.010416666666666666,False,79.0,95.69766998291016,16.697669982910156,16.697669982910156,2021-07-13 00:00:00,2021-07-13 00:00:00,0.0,0.0
D2,F5-2-nlinear-c672,2,9,2021-07-17,75,0.78125,False,108.0,102.549072265625,-5.450927734375,5.450927734375,2021-07-17 06:00:00,2021-07-17 06:15:00,15.0,15.0
D2,F5-2-nlinear-c672,2,9,2021-07-18,84,0.875,False,28.0,38.422035217285156,10.422035217285156,10.422035217285156,2021-07-18 01:15:00,2021-07-18 15:00:00,825.0,825.0
D2,F5-2-nlinear-c672,2,9,2021-07-26,84,0.875,False,217.0,200.2999267578125,-16.7000732421875,16.7000732421875,2021-07-26 08:30:00,2021-07-26 10:45:00,135.0,135.0
D2,F5-2-nlinear-c672,2,9,2021-07-27,84,0.875,False,211.0,199.83355712890625,-11.16644287109375,11.16644287109375,2021-07-27 11:45:00,2021-07-27 14:00:00,135.0,135.0
D2,F5-2-nlinear-c672,2,9,2021-07-28,84,0.875,False,212.0,208.6875,-3.3125,3.3125,2021-07-28 12:00:00,2021-07-28 14:15:00,135.0,135.0
D2,F5-2-nlinear-c672,2,9,2021-07-29,84,0.875,False,211.0,209.78536987304688,-1.214630126953125,1.214630126953125,2021-07-29 12:00:00,2021-07-29 14:15:00,135.0,135.0
D2,F5-2-nlinear-c672,2,9,2021-07-30,85,0.8854166666666666,False,212.0,207.238525390625,-4.761474609375,4.761474609375,2021-07-30 12:00:00,2021-07-30 14:15:00,135.0,135.0
D2,F5-2-nlinear-c672,2,9,2021-07-31,96,1.0,True,80.0,106.12777709960938,26.127777099609375,26.127777099609375,2021-07-31 00:00:00,2021-07-31 02:00:00,120.0,120.0
D2,F5-2-nlinear-c672,2,9,2021-08-01,96,1.0,True,28.0,38.98452377319336,10.98452377319336,10.98452377319336,2021-08-01 09:00:00,2021-08-01 15:00:00,360.0,360.0
D2,F5-2-nlinear-c672,2,9,2021-08-09,1,0.010416666666666666,False,21.0,22.114227294921875,1.114227294921875,1.114227294921875,2021-08-09 00:00:00,2021-08-09 00:00:00,0.0,0.0
D2,F5-2-nlinear-c672,2,10,2021-07-12,96,1.0,True,198.0,193.536865234375,-4.463134765625,4.463134765625,2021-07-12 08:45:00,2021-07-12 14:30:00,345.0,345.0
D2,F5-2-nlinear-c672,2,10,2021-07-13,1,0.010416666666666666,False,79.0,105.54753112792969,26.547531127929688,26.547531127929688,2021-07-13 00:00:00,2021-07-13 00:00:00,0.0,0.0
D2,F5-2-nlinear-c672,2,10,2021-07-17,74,0.7708333333333334,False,108.0,100.63077545166016,-7.369224548339844,7.369224548339844,2021-07-17 06:00:00,2021-07-17 06:30:00,30.0,30.0
D2,F5-2-nlinear-c672,2,10,2021-07-18,84,0.875,False,28.0,36.183448791503906,8.183448791503906,8.183448791503906,2021-07-18 01:15:00,2021-07-18 01:30:00,15.0,15.0
D2,F5-2-nlinear-c672,2,10,2021-07-26,84,0.875,False,217.0,200.65301513671875,-16.34698486328125,16.34698486328125,2021-07-26 08:30:00,2021-07-26 11:00:00,150.0,150.0
D2,F5-2-nlinear-c672,2,10,2021-07-27,84,0.875,False,211.0,202.94302368164062,-8.056976318359375,8.056976318359375,2021-07-27 11:45:00,2021-07-27 14:30:00,165.0,165.0
D2,F5-2-nlinear-c672,2,10,2021-07-28,84,0.875,False,212.0,211.97442626953125,-0.02557373046875,0.02557373046875,2021-07-28 12:00:00,2021-07-28 08:45:00,-195.0,195.0
D2,F5-2-nlinear-c672,2,10,2021-07-29,84,0.875,False,211.0,213.278076171875,2.278076171875,2.278076171875,2021-07-29 12:00:00,2021-07-29 14:30:00,150.0,150.0
D2,F5-2-nlinear-c672,2,10,2021-07-30,85,0.8854166666666666,False,212.0,210.77166748046875,-1.22833251953125,1.22833251953125,2021-07-30 12:00:00,2021-07-30 14:30:00,150.0,150.0
D2,F5-2-nlinear-c672,2,10,2021-07-31,96,1.0,True,80.0,100.95272827148438,20.952728271484375,20.952728271484375,2021-07-31 00:00:00,2021-07-31 02:15:00,135.0,135.0
D2,F5-2-nlinear-c672,2,10,2021-08-01,96,1.0,True,28.0,37.000404357910156,9.000404357910156,9.000404357910156,2021-08-01 09:00:00,2021-08-01 15:45:00,405.0,405.0
D2,F5-2-nlinear-c672,2,10,2021-08-09,1,0.010416666666666666,False,21.0,22.29277801513672,1.2927780151367188,1.2927780151367188,2021-08-09 00:00:00,2021-08-09 00:00:00,0.0,0.0
D2,F5-2-nlinear-c672,2,11,2021-07-12,96,1.0,True,198.0,195.67575073242188,-2.324249267578125,2.324249267578125,2021-07-12 08:45:00,2021-07-12 14:45:00,360.0,360.0
D2,F5-2-nlinear-c672,2,11,2021-07-13,1,0.010416666666666666,False,79.0,95.31246948242188,16.312469482421875,16.312469482421875,2021-07-13 00:00:00,2021-07-13 00:00:00,0.0,0.0
D2,F5-2-nlinear-c672,2,11,2021-07-17,73,0.7604166666666666,False,108.0,100.02500915527344,-7.9749908447265625,7.9749908447265625,2021-07-17 06:00:00,2021-07-17 06:45:00,45.0,45.0
D2,F5-2-nlinear-c672,2,11,2021-07-18,84,0.875,False,28.0,36.37199783325195,8.371997833251953,8.371997833251953,2021-07-18 01:15:00,2021-07-18 01:45:00,30.0,30.0
D2,F5-2-nlinear-c672,2,11,2021-07-26,84,0.875,False,217.0,201.98147583007812,-15.018524169921875,15.018524169921875,2021-07-26 08:30:00,2021-07-26 11:30:00,180.0,180.0
D2,F5-2-nlinear-c672,2,11,2021-07-27,84,0.875,False,211.0,205.53936767578125,-5.46063232421875,5.46063232421875,2021-07-27 11:45:00,2021-07-27 14:45:00,180.0,180.0
D2,F5-2-nlinear-c672,2,11,2021-07-28,84,0.875,False,212.0,214.52548217773438,2.525482177734375,2.525482177734375,2021-07-28 12:00:00,2021-07-28 14:45:00,165.0,165.0
D2,F5-2-nlinear-c672,2,11,2021-07-29,84,0.875,False,211.0,217.56915283203125,6.56915283203125,6.56915283203125,2021-07-29 12:00:00,2021-07-29 14:45:00,165.0,165.0
D2,F5-2-nlinear-c672,2,11,2021-07-30,85,0.8854166666666666,False,212.0,218.6702880859375,6.6702880859375,6.6702880859375,2021-07-30 12:00:00,2021-07-30 14:45:00,165.0,165.0
D2,F5-2-nlinear-c672,2,11,2021-07-31,96,1.0,True,80.0,100.2589111328125,20.2589111328125,20.2589111328125,2021-07-31 00:00:00,2021-07-31 02:30:00,150.0,150.0
D2,F5-2-nlinear-c672,2,11,2021-08-01,96,1.0,True,28.0,37.76825714111328,9.768257141113281,9.768257141113281,2021-08-01 09:00:00,2021-08-01 15:45:00,405.0,405.0
D2,F5-2-nlinear-c672,2,11,2021-08-09,1,0.010416666666666666,False,21.0,21.514450073242188,0.5144500732421875,0.5144500732421875,2021-08-09 00:00:00,2021-08-09 00:00:00,0.0,0.0
D2,F5-2-nlinear-c672,2,12,2021-07-12,96,1.0,True,198.0,188.05288696289062,-9.947113037109375,9.947113037109375,2021-07-12 08:45:00,2021-07-12 15:00:00,375.0,375.0
D2,F5-2-nlinear-c672,2,12,2021-07-13,1,0.010416666666666666,False,79.0,91.96058654785156,12.960586547851562,12.960586547851562,2021-07-13 00:00:00,2021-07-13 00:00:00,0.0,0.0
D2,F5-2-nlinear-c672,2,12,2021-07-17,72,0.75,False,108.0,97.49226379394531,-10.507736206054688,10.507736206054688,2021-07-17 06:00:00,2021-07-17 06:15:00,15.0,15.0
D2,F5-2-nlinear-c672,2,12,2021-07-18,84,0.875,False,28.0,38.14724349975586,10.14724349975586,10.14724349975586,2021-07-18 01:15:00,2021-07-18 10:45:00,570.0,570.0
D2,F5-2-nlinear-c672,2,12,2021-07-26,84,0.875,False,217.0,201.7667694091797,-15.233230590820312,15.233230590820312,2021-07-26 08:30:00,2021-07-26 11:30:00,180.0,180.0
D2,F5-2-nlinear-c672,2,12,2021-07-27,84,0.875,False,211.0,203.70477294921875,-7.29522705078125,7.29522705078125,2021-07-27 11:45:00,2021-07-27 14:45:00,180.0,180.0
D2,F5-2-nlinear-c672,2,12,2021-07-28,84,0.875,False,212.0,206.59552001953125,-5.40447998046875,5.40447998046875,2021-07-28 12:00:00,2021-07-28 13:30:00,90.0,90.0
D2,F5-2-nlinear-c672,2,12,2021-07-29,84,0.875,False,211.0,208.93008422851562,-2.069915771484375,2.069915771484375,2021-07-29 12:00:00,2021-07-29 15:00:00,180.0,180.0
D2,F5-2-nlinear-c672,2,12,2021-07-30,85,0.8854166666666666,False,212.0,209.66989135742188,-2.330108642578125,2.330108642578125,2021-07-30 12:00:00,2021-07-30 15:00:00,180.0,180.0
D2,F5-2-nlinear-c672,2,12,2021-07-31,96,1.0,True,80.0,98.22855377197266,18.228553771972656,18.228553771972656,2021-07-31 00:00:00,2021-07-31 02:00:00,120.0,120.0
D2,F5-2-nlinear-c672,2,12,2021-08-01,96,1.0,True,28.0,39.433998107910156,11.433998107910156,11.433998107910156,2021-08-01 09:00:00,2021-08-01 10:30:00,90.0,90.0
D2,F5-2-nlinear-c672,2,12,2021-08-09,1,0.010416666666666666,False,21.0,21.388992309570312,0.3889923095703125,0.3889923095703125,2021-08-09 00:00:00,2021-08-09 00:00:00,0.0,0.0
D2,F5-2-nlinear-c672,2,13,2021-07-12,96,1.0,True,198.0,186.9715576171875,-11.0284423828125,11.0284423828125,2021-07-12 08:45:00,2021-07-12 13:45:00,300.0,300.0
D2,F5-2-nlinear-c672,2,13,2021-07-13,1,0.010416666666666666,False,79.0,93.8721923828125,14.8721923828125,14.8721923828125,2021-07-13 00:00:00,2021-07-13 00:00:00,0.0,0.0
D2,F5-2-nlinear-c672,2,13,2021-07-17,71,0.7395833333333334,False,96.0,102.75070190429688,6.750701904296875,6.750701904296875,2021-07-17 06:15:00,2021-07-17 06:15:00,0.0,0.0
D2,F5-2-nlinear-c672,2,13,2021-07-18,84,0.875,False,28.0,41.18100357055664,13.18100357055664,13.18100357055664,2021-07-18 01:15:00,2021-07-18 01:30:00,15.0,15.0
D2,F5-2-nlinear-c672,2,13,2021-07-26,84,0.875,False,217.0,198.40676879882812,-18.593231201171875,18.593231201171875,2021-07-26 08:30:00,2021-07-26 11:45:00,195.0,195.0
D2,F5-2-nlinear-c672,2,13,2021-07-27,84,0.875,False,211.0,202.17860412597656,-8.821395874023438,8.821395874023438,2021-07-27 11:45:00,2021-07-27 14:45:00,180.0,180.0
D2,F5-2-nlinear-c672,2,13,2021-07-28,84,0.875,False,212.0,211.17584228515625,-0.82415771484375,0.82415771484375,2021-07-28 12:00:00,2021-07-28 13:45:00,105.0,105.0
D2,F5-2-nlinear-c672,2,13,2021-07-29,84,0.875,False,211.0,202.15931701660156,-8.840682983398438,8.840682983398438,2021-07-29 12:00:00,2021-07-29 08:30:00,-210.0,210.0
D2,F5-2-nlinear-c672,2,13,2021-07-30,85,0.8854166666666666,False,212.0,205.08074951171875,-6.91925048828125,6.91925048828125,2021-07-30 12:00:00,2021-07-30 08:45:00,-195.0,195.0
D2,F5-2-nlinear-c672,2,13,2021-07-31,96,1.0,True,80.0,103.62150573730469,23.621505737304688,23.621505737304688,2021-07-31 00:00:00,2021-07-31 01:45:00,105.0,105.0
D2,F5-2-nlinear-c672,2,13,2021-08-01,96,1.0,True,28.0,35.91986846923828,7.919868469238281,7.919868469238281,2021-08-01 09:00:00,2021-08-01 10:45:00,105.0,105.0
D2,F5-2-nlinear-c672,2,13,2021-08-09,1,0.010416666666666666,False,21.0,21.696334838867188,0.6963348388671875,0.6963348388671875,2021-08-09 00:00:00,2021-08-09 00:00:00,0.0,0.0
D2,F5-2-nlinear-c672,2,14,2021-07-12,96,1.0,True,198.0,193.1466064453125,-4.8533935546875,4.8533935546875,2021-07-12 08:45:00,2021-07-12 13:30:00,285.0,285.0
D2,F5-2-nlinear-c672,2,14,2021-07-13,1,0.010416666666666666,False,79.0,95.23320770263672,16.23320770263672,16.23320770263672,2021-07-13 00:00:00,2021-07-13 00:00:00,0.0,0.0
D2,F5-2-nlinear-c672,2,14,2021-07-17,70,0.7291666666666666,False,88.0,102.66056823730469,14.660568237304688,14.660568237304688,2021-07-17 07:15:00,2021-07-17 06:30:00,-45.0,45.0
D2,F5-2-nlinear-c672,2,14,2021-07-18,84,0.875,False,28.0,36.49557113647461,8.49557113647461,8.49557113647461,2021-07-18 01:15:00,2021-07-18 01:45:00,30.0,30.0
D2,F5-2-nlinear-c672,2,14,2021-07-26,84,0.875,False,217.0,201.49951171875,-15.50048828125,15.50048828125,2021-07-26 08:30:00,2021-07-26 13:30:00,300.0,300.0
D2,F5-2-nlinear-c672,2,14,2021-07-27,84,0.875,False,211.0,204.17984008789062,-6.820159912109375,6.820159912109375,2021-07-27 11:45:00,2021-07-27 08:45:00,-180.0,180.0
D2,F5-2-nlinear-c672,2,14,2021-07-28,84,0.875,False,212.0,213.43246459960938,1.432464599609375,1.432464599609375,2021-07-28 12:00:00,2021-07-28 14:00:00,120.0,120.0
D2,F5-2-nlinear-c672,2,14,2021-07-29,84,0.875,False,211.0,200.21112060546875,-10.78887939453125,10.78887939453125,2021-07-29 12:00:00,2021-07-29 08:45:00,-195.0,195.0
D2,F5-2-nlinear-c672,2,14,2021-07-30,84,0.875,False,212.0,213.0977783203125,1.0977783203125,1.0977783203125,2021-07-30 12:00:00,2021-07-30 08:45:00,-195.0,195.0
D2,F5-2-nlinear-c672,2,14,2021-07-31,96,1.0,True,80.0,97.23446655273438,17.234466552734375,17.234466552734375,2021-07-31 00:00:00,2021-07-31 01:45:00,105.0,105.0
D2,F5-2-nlinear-c672,2,14,2021-08-01,96,1.0,True,28.0,36.027854919433594,8.027854919433594,8.027854919433594,2021-08-01 09:00:00,2021-08-01 11:00:00,120.0,120.0
D2,F5-2-nlinear-c672,2,14,2021-08-09,1,0.010416666666666666,False,21.0,22.81903076171875,1.81903076171875,1.81903076171875,2021-08-09 00:00:00,2021-08-09 00:00:00,0.0,0.0
D2,F5-2-nlinear-c672,2,15,2021-07-12,96,1.0,True,198.0,196.1738739013672,-1.8261260986328125,1.8261260986328125,2021-07-12 08:45:00,2021-07-12 13:45:00,300.0,300.0
D2,F5-2-nlinear-c672,2,15,2021-07-13,1,0.010416666666666666,False,79.0,104.67919921875,25.67919921875,25.67919921875,2021-07-13 00:00:00,2021-07-13 00:00:00,0.0,0.0
D2,F5-2-nlinear-c672,2,15,2021-07-17,69,0.71875,False,88.0,100.89630889892578,12.896308898925781,12.896308898925781,2021-07-17 07:15:00,2021-07-17 06:45:00,-30.0,30.0
D2,F5-2-nlinear-c672,2,15,2021-07-18,84,0.875,False,28.0,37.33806610107422,9.338066101074219,9.338066101074219,2021-07-18 01:15:00,2021-07-18 02:00:00,45.0,45.0
D2,F5-2-nlinear-c672,2,15,2021-07-26,84,0.875,False,217.0,204.67405700683594,-12.325942993164062,12.325942993164062,2021-07-26 08:30:00,2021-07-26 15:45:00,435.0,435.0
D2,F5-2-nlinear-c672,2,15,2021-07-27,84,0.875,False,211.0,199.88226318359375,-11.11773681640625,11.11773681640625,2021-07-27 11:45:00,2021-07-27 14:30:00,165.0,165.0
D2,F5-2-nlinear-c672,2,15,2021-07-28,84,0.875,False,212.0,215.85964965820312,3.859649658203125,3.859649658203125,2021-07-28 12:00:00,2021-07-28 14:15:00,135.0,135.0
D2,F5-2-nlinear-c672,2,15,2021-07-29,84,0.875,False,211.0,205.96414184570312,-5.035858154296875,5.035858154296875,2021-07-29 12:00:00,2021-07-29 15:45:00,225.0,225.0
D2,F5-2-nlinear-c672,2,15,2021-07-30,84,0.875,False,212.0,217.82357788085938,5.823577880859375,5.823577880859375,2021-07-30 12:00:00,2021-07-30 15:45:00,225.0,225.0
D2,F5-2-nlinear-c672,2,15,2021-07-31,96,1.0,True,80.0,98.89884948730469,18.898849487304688,18.898849487304688,2021-07-31 00:00:00,2021-07-31 01:45:00,105.0,105.0
D2,F5-2-nlinear-c672,2,15,2021-08-01,96,1.0,True,28.0,34.45085525512695,6.450855255126953,6.450855255126953,2021-08-01 09:00:00,2021-08-01 11:15:00,135.0,135.0
D2,F5-2-nlinear-c672,2,15,2021-08-09,1,0.010416666666666666,False,21.0,21.519805908203125,0.519805908203125,0.519805908203125,2021-08-09 00:00:00,2021-08-09 00:00:00,0.0,0.0
D2,F5-2-nlinear-c672,2,16,2021-07-12,96,1.0,True,198.0,196.89053344726562,-1.109466552734375,1.109466552734375,2021-07-12 08:45:00,2021-07-12 16:00:00,435.0,435.0
D2,F5-2-nlinear-c672,2,16,2021-07-13,1,0.010416666666666666,False,79.0,99.19325256347656,20.193252563476562,20.193252563476562,2021-07-13 00:00:00,2021-07-13 00:00:00,0.0,0.0
D2,F5-2-nlinear-c672,2,16,2021-07-17,68,0.7083333333333334,False,88.0,101.79662322998047,13.796623229980469,13.796623229980469,2021-07-17 07:15:00,2021-07-17 07:00:00,-15.0,15.0
D2,F5-2-nlinear-c672,2,16,2021-07-18,84,0.875,False,28.0,37.90723419189453,9.907234191894531,9.907234191894531,2021-07-18 01:15:00,2021-07-18 02:15:00,60.0,60.0
D2,F5-2-nlinear-c672,2,16,2021-07-26,84,0.875,False,217.0,208.9029541015625,-8.0970458984375,8.0970458984375,2021-07-26 08:30:00,2021-07-26 16:00:00,450.0,450.0
D2,F5-2-nlinear-c672,2,16,2021-07-27,84,0.875,False,211.0,204.79248046875,-6.20751953125,6.20751953125,2021-07-27 11:45:00,2021-07-27 08:45:00,-180.0,180.0
D2,F5-2-nlinear-c672,2,16,2021-07-28,84,0.875,False,212.0,212.02816772460938,0.028167724609375,0.028167724609375,2021-07-28 12:00:00,2021-07-28 14:30:00,150.0,150.0
D2,F5-2-nlinear-c672,2,16,2021-07-29,84,0.875,False,211.0,209.63134765625,-1.36865234375,1.36865234375,2021-07-29 12:00:00,2021-07-29 16:00:00,240.0,240.0
D2,F5-2-nlinear-c672,2,16,2021-07-30,84,0.875,False,212.0,221.1636962890625,9.1636962890625,9.1636962890625,2021-07-30 12:00:00,2021-07-30 16:00:00,240.0,240.0
D2,F5-2-nlinear-c672,2,16,2021-07-31,96,1.0,True,80.0,104.68916320800781,24.689163208007812,24.689163208007812,2021-07-31 00:00:00,2021-07-31 03:45:00,225.0,225.0
D2,F5-2-nlinear-c672,2,16,2021-08-01,96,1.0,True,28.0,32.812477111816406,4.812477111816406,4.812477111816406,2021-08-01 09:00:00,2021-08-01 17:00:00,480.0,480.0
D2,F5-2-nlinear-c672,2,16,2021-08-09,1,0.010416666666666666,False,21.0,20.27745819091797,-0.7225418090820312,0.7225418090820312,2021-08-09 00:00:00,2021-08-09 00:00:00,0.0,0.0
