dataset,model,fold,horizon,target_day,observed_slots,slot_coverage,full_day,actual_daily_max,predicted_daily_max,daily_max_error,daily_max_abs_error,actual_peak_time,predicted_peak_time,timing_error_minutes,timing_abs_error_minutes
D1,F1-3-five-workdays-lightgbm,0,4,2021-04-19,96,1.0,True,172.0,195.06047794941472,23.060477949414718,23.060477949414718,2021-04-19 08:45:00,2021-04-19 09:00:00,15.0,15.0
D1,F1-3-five-workdays-lightgbm,0,4,2021-04-20,96,1.0,True,172.0,166.0185836752709,-5.981416324729111,5.981416324729111,2021-04-20 08:45:00,2021-04-20 09:30:00,45.0,45.0
D1,F1-3-five-workdays-lightgbm,0,4,2021-04-21,96,1.0,True,174.0,166.22099774705214,-7.779002252947862,7.779002252947862,2021-04-21 08:30:00,2021-04-21 10:30:00,120.0,120.0
D1,F1-3-five-workdays-lightgbm,0,4,2021-04-22,96,1.0,True,174.0,168.85823409533455,-5.141765904665448,5.141765904665448,2021-04-22 08:30:00,2021-04-22 09:00:00,30.0,30.0
D1,F1-3-five-workdays-lightgbm,0,4,2021-04-23,96,1.0,True,174.0,137.23917333370642,-36.76082666629358,36.76082666629358,2021-04-23 08:30:00,2021-04-23 18:00:00,570.0,570.0
D1,F1-3-five-workdays-lightgbm,0,4,2021-04-24,96,1.0,True,112.0,114.6757462511011,2.6757462511011028,2.6757462511011028,2021-04-24 06:15:00,2021-04-24 02:00:00,-255.0,255.0
D1,F1-3-five-workdays-lightgbm,0,4,2021-04-25,96,1.0,True,25.0,26.035446975250686,1.0354469752506859,1.0354469752506859,2021-04-25 01:30:00,2021-04-25 07:45:00,375.0,375.0
D1,F1-3-five-workdays-lightgbm,0,4,2021-05-03,96,1.0,True,184.0,196.53588346169784,12.535883461697836,12.535883461697836,2021-05-03 08:30:00,2021-05-03 09:00:00,30.0,30.0
D1,F1-3-five-workdays-lightgbm,0,4,2021-05-04,96,1.0,True,181.0,175.99550327512566,-5.004496724874343,5.004496724874343,2021-05-04 08:30:00,2021-05-04 10:45:00,135.0,135.0
D1,F1-3-five-workdays-lightgbm,0,4,2021-05-05,96,1.0,True,120.0,154.18107967575875,34.18107967575875,34.18107967575875,2021-05-05 04:15:00,2021-05-05 08:45:00,270.0,270.0
D1,F1-3-five-workdays-lightgbm,0,4,2021-05-06,96,1.0,True,199.0,198.85341167271312,-0.14658832728687798,0.14658832728687798,2021-05-06 09:00:00,2021-05-06 09:00:00,0.0,0.0
D1,F1-3-five-workdays-lightgbm,0,4,2021-05-07,96,1.0,True,181.0,168.8529061897012,-12.147093810298799,12.147093810298799,2021-05-07 09:00:00,2021-05-07 09:30:00,30.0,30.0
D1,F1-3-five-workdays-lightgbm,0,4,2021-05-08,96,1.0,True,115.0,108.95446781836225,-6.045532181637753,6.045532181637753,2021-05-08 02:00:00,2021-05-08 01:45:00,-15.0,15.0
D1,F1-3-five-workdays-lightgbm,0,4,2021-05-09,96,1.0,True,184.0,190.95264388072894,6.952643880728942,6.952643880728942,2021-05-09 09:00:00,2021-05-09 13:30:00,270.0,270.0
D1,F1-3-five-workdays-lightgbm,0,5,2021-04-19,96,1.0,True,172.0,188.78335740475978,16.783357404759784,16.783357404759784,2021-04-19 08:45:00,2021-04-19 09:30:00,45.0,45.0
D1,F1-3-five-workdays-lightgbm,0,5,2021-04-20,96,1.0,True,172.0,167.5024788183739,-4.497521181626098,4.497521181626098,2021-04-20 08:45:00,2021-04-20 09:45:00,60.0,60.0
D1,F1-3-five-workdays-lightgbm,0,5,2021-04-21,96,1.0,True,174.0,169.65347114203166,-4.346528857968337,4.346528857968337,2021-04-21 08:30:00,2021-04-21 09:45:00,75.0,75.0
D1,F1-3-five-workdays-lightgbm,0,5,2021-04-22,96,1.0,True,174.0,172.2509870419258,-1.7490129580741893,1.7490129580741893,2021-04-22 08:30:00,2021-04-22 09:45:00,75.0,75.0
D1,F1-3-five-workdays-lightgbm,0,5,2021-04-23,96,1.0,True,174.0,141.16279859216354,-32.83720140783646,32.83720140783646,2021-04-23 08:30:00,2021-04-23 18:00:00,570.0,570.0
D1,F1-3-five-workdays-lightgbm,0,5,2021-04-24,96,1.0,True,112.0,111.36655447887358,-0.6334455211264185,0.6334455211264185,2021-04-24 06:15:00,2021-04-24 02:00:00,-255.0,255.0
D1,F1-3-five-workdays-lightgbm,0,5,2021-04-25,96,1.0,True,25.0,35.00244625834506,10.00244625834506,10.00244625834506,2021-04-25 01:30:00,2021-04-25 07:45:00,375.0,375.0
D1,F1-3-five-workdays-lightgbm,0,5,2021-05-03,96,1.0,True,184.0,195.98407858969708,11.984078589697077,11.984078589697077,2021-05-03 08:30:00,2021-05-03 09:00:00,30.0,30.0
D1,F1-3-five-workdays-lightgbm,0,5,2021-05-04,96,1.0,True,181.0,172.00460118244396,-8.995398817556037,8.995398817556037,2021-05-04 08:30:00,2021-05-04 11:00:00,150.0,150.0
D1,F1-3-five-workdays-lightgbm,0,5,2021-05-05,96,1.0,True,120.0,163.05270471617428,43.052704716174276,43.052704716174276,2021-05-05 04:15:00,2021-05-05 08:15:00,240.0,240.0
D1,F1-3-five-workdays-lightgbm,0,5,2021-05-06,96,1.0,True,199.0,196.95414590907538,-2.045854090924621,2.045854090924621,2021-05-06 09:00:00,2021-05-06 08:45:00,-15.0,15.0
D1,F1-3-five-workdays-lightgbm,0,5,2021-05-07,96,1.0,True,181.0,168.75729179220437,-12.24270820779563,12.24270820779563,2021-05-07 09:00:00,2021-05-07 09:15:00,15.0,15.0
D1,F1-3-five-workdays-lightgbm,0,5,2021-05-08,96,1.0,True,115.0,107.66528527699663,-7.334714723003373,7.334714723003373,2021-05-08 02:00:00,2021-05-08 02:00:00,0.0,0.0
D1,F1-3-five-workdays-lightgbm,0,5,2021-05-09,96,1.0,True,184.0,189.63973346139178,5.639733461391785,5.639733461391785,2021-05-09 09:00:00,2021-05-09 13:45:00,285.0,285.0
D1,F1-3-five-workdays-lightgbm,0,6,2021-04-19,96,1.0,True,172.0,182.42156842413738,10.421568424137376,10.421568424137376,2021-04-19 08:45:00,2021-04-19 09:45:00,60.0,60.0
D1,F1-3-five-workdays-lightgbm,0,6,2021-04-20,96,1.0,True,172.0,163.9720411085362,-8.027958891463811,8.027958891463811,2021-04-20 08:45:00,2021-04-20 11:15:00,150.0,150.0
D1,F1-3-five-workdays-lightgbm,0,6,2021-04-21,96,1.0,True,174.0,170.88332091250848,-3.1166790874915193,3.1166790874915193,2021-04-21 08:30:00,2021-04-21 11:00:00,150.0,150.0
D1,F1-3-five-workdays-lightgbm,0,6,2021-04-22,96,1.0,True,174.0,170.99202355332758,-3.0079764466724157,3.0079764466724157,2021-04-22 08:30:00,2021-04-22 11:00:00,150.0,150.0
D1,F1-3-five-workdays-lightgbm,0,6,2021-04-23,96,1.0,True,174.0,148.66389990099313,-25.33610009900687,25.33610009900687,2021-04-23 08:30:00,2021-04-23 18:00:00,570.0,570.0
D1,F1-3-five-workdays-lightgbm,0,6,2021-04-24,96,1.0,True,112.0,115.36697863192742,3.3669786319274237,3.3669786319274237,2021-04-24 06:15:00,2021-04-24 02:00:00,-255.0,255.0
D1,F1-3-five-workdays-lightgbm,0,6,2021-04-25,96,1.0,True,25.0,40.11117679466697,15.111176794666967,15.111176794666967,2021-04-25 01:30:00,2021-04-25 07:45:00,375.0,375.0
D1,F1-3-five-workdays-lightgbm,0,6,2021-05-03,96,1.0,True,184.0,185.01276241034932,1.0127624103493247,1.0127624103493247,2021-05-03 08:30:00,2021-05-03 09:15:00,45.0,45.0
D1,F1-3-five-workdays-lightgbm,0,6,2021-05-04,96,1.0,True,181.0,177.0624496295247,-3.937550370475293,3.937550370475293,2021-05-04 08:30:00,2021-05-04 10:45:00,135.0,135.0
D1,F1-3-five-workdays-lightgbm,0,6,2021-05-05,96,1.0,True,120.0,163.30439272217032,43.30439272217032,43.30439272217032,2021-05-05 04:15:00,2021-05-05 08:30:00,255.0,255.0
D1,F1-3-five-workdays-lightgbm,0,6,2021-05-06,96,1.0,True,199.0,179.9142025108306,-19.08579748916941,19.08579748916941,2021-05-06 09:00:00,2021-05-06 12:00:00,180.0,180.0
D1,F1-3-five-workdays-lightgbm,0,6,2021-05-07,96,1.0,True,181.0,167.31196618739355,-13.688033812606449,13.688033812606449,2021-05-07 09:00:00,2021-05-07 09:15:00,15.0,15.0
D1,F1-3-five-workdays-lightgbm,0,6,2021-05-08,96,1.0,True,115.0,106.4995518310186,-8.500448168981407,8.500448168981407,2021-05-08 02:00:00,2021-05-08 03:45:00,105.0,105.0
D1,F1-3-five-workdays-lightgbm,0,6,2021-05-09,96,1.0,True,184.0,180.96202451140164,-3.037975488598363,3.037975488598363,2021-05-09 09:00:00,2021-05-09 13:45:00,285.0,285.0
D1,F1-3-five-workdays-lightgbm,0,7,2021-04-19,96,1.0,True,172.0,184.43813800880127,12.438138008801275,12.438138008801275,2021-04-19 08:45:00,2021-04-19 10:00:00,75.0,75.0
D1,F1-3-five-workdays-lightgbm,0,7,2021-04-20,96,1.0,True,172.0,168.87220453462194,-3.127795465378057,3.127795465378057,2021-04-20 08:45:00,2021-04-20 11:15:00,150.0,150.0
D1,F1-3-five-workdays-lightgbm,0,7,2021-04-21,96,1.0,True,174.0,169.60368540936108,-4.396314590638923,4.396314590638923,2021-04-21 08:30:00,2021-04-21 14:45:00,375.0,375.0
D1,F1-3-five-workdays-lightgbm,0,7,2021-04-22,96,1.0,True,174.0,168.9619822138052,-5.038017786194814,5.038017786194814,2021-04-22 08:30:00,2021-04-22 11:15:00,165.0,165.0
D1,F1-3-five-workdays-lightgbm,0,7,2021-04-23,96,1.0,True,174.0,136.8938879787256,-37.10611202127441,37.10611202127441,2021-04-23 08:30:00,2021-04-23 18:00:00,570.0,570.0
D1,F1-3-five-workdays-lightgbm,0,7,2021-04-24,96,1.0,True,112.0,116.11586190478818,4.115861904788176,4.115861904788176,2021-04-24 06:15:00,2021-04-24 02:00:00,-255.0,255.0
D1,F1-3-five-workdays-lightgbm,0,7,2021-04-25,96,1.0,True,25.0,50.838862093297074,25.838862093297074,25.838862093297074,2021-04-25 01:30:00,2021-04-25 08:45:00,435.0,435.0
D1,F1-3-five-workdays-lightgbm,0,7,2021-05-03,96,1.0,True,184.0,174.85170654108745,-9.148293458912548,9.148293458912548,2021-05-03 08:30:00,2021-05-03 11:00:00,150.0,150.0
D1,F1-3-five-workdays-lightgbm,0,7,2021-05-04,96,1.0,True,181.0,175.88933567929155,-5.110664320708452,5.110664320708452,2021-05-04 08:30:00,2021-05-04 11:00:00,150.0,150.0
D1,F1-3-five-workdays-lightgbm,0,7,2021-05-05,96,1.0,True,120.0,165.77704694922832,45.77704694922832,45.77704694922832,2021-05-05 04:15:00,2021-05-05 08:45:00,270.0,270.0
D1,F1-3-five-workdays-lightgbm,0,7,2021-05-06,96,1.0,True,199.0,179.25671955214258,-19.743280447857416,19.743280447857416,2021-05-06 09:00:00,2021-05-06 12:00:00,180.0,180.0
D1,F1-3-five-workdays-lightgbm,0,7,2021-05-07,96,1.0,True,181.0,180.9254951729846,-0.07450482701540295,0.07450482701540295,2021-05-07 09:00:00,2021-05-07 10:30:00,90.0,90.0
D1,F1-3-five-workdays-lightgbm,0,7,2021-05-08,96,1.0,True,115.0,106.34592131511354,-8.654078684886457,8.654078684886457,2021-05-08 02:00:00,2021-05-08 06:15:00,255.0,255.0
D1,F1-3-five-workdays-lightgbm,0,7,2021-05-09,96,1.0,True,184.0,180.55003149394284,-3.4499685060571608,3.4499685060571608,2021-05-09 09:00:00,2021-05-09 14:00:00,300.0,300.0
D1,F1-3-five-workdays-lightgbm,0,8,2021-04-19,96,1.0,True,172.0,167.6551926244672,-4.34480737553281,4.34480737553281,2021-04-19 08:45:00,2021-04-19 10:30:00,105.0,105.0
D1,F1-3-five-workdays-lightgbm,0,8,2021-04-20,96,1.0,True,172.0,166.01644927145554,-5.983550728544458,5.983550728544458,2021-04-20 08:45:00,2021-04-20 11:00:00,135.0,135.0
D1,F1-3-five-workdays-lightgbm,0,8,2021-04-21,96,1.0,True,174.0,170.2416384915084,-3.758361508491589,3.758361508491589,2021-04-21 08:30:00,2021-04-21 10:30:00,120.0,120.0
D1,F1-3-five-workdays-lightgbm,0,8,2021-04-22,96,1.0,True,174.0,170.7128761393025,-3.2871238606975055,3.2871238606975055,2021-04-22 08:30:00,2021-04-22 10:30:00,120.0,120.0
D1,F1-3-five-workdays-lightgbm,0,8,2021-04-23,96,1.0,True,174.0,130.94035715134453,-43.05964284865547,43.05964284865547,2021-04-23 08:30:00,2021-04-23 18:00:00,570.0,570.0
D1,F1-3-five-workdays-lightgbm,0,8,2021-04-24,96,1.0,True,112.0,110.68264213347611,-1.317357866523892,1.317357866523892,2021-04-24 06:15:00,2021-04-24 02:00:00,-255.0,255.0
D1,F1-3-five-workdays-lightgbm,0,8,2021-04-25,96,1.0,True,25.0,50.36769651124421,25.367696511244212,25.367696511244212,2021-04-25 01:30:00,2021-04-25 09:00:00,450.0,450.0
D1,F1-3-five-workdays-lightgbm,0,8,2021-05-03,96,1.0,True,184.0,181.13814622024714,-2.861853779752863,2.861853779752863,2021-05-03 08:30:00,2021-05-03 10:30:00,120.0,120.0
D1,F1-3-five-workdays-lightgbm,0,8,2021-05-04,96,1.0,True,181.0,172.51107240728834,-8.488927592711661,8.488927592711661,2021-05-04 08:30:00,2021-05-04 13:15:00,285.0,285.0
D1,F1-3-five-workdays-lightgbm,0,8,2021-05-05,96,1.0,True,120.0,168.0464138212338,48.04641382123381,48.04641382123381,2021-05-05 04:15:00,2021-05-05 08:45:00,270.0,270.0
D1,F1-3-five-workdays-lightgbm,0,8,2021-05-06,96,1.0,True,199.0,180.87564859446223,-18.124351405537766,18.124351405537766,2021-05-06 09:00:00,2021-05-06 10:30:00,90.0,90.0
D1,F1-3-five-workdays-lightgbm,0,8,2021-05-07,96,1.0,True,181.0,175.27524502229392,-5.724754977706084,5.724754977706084,2021-05-07 09:00:00,2021-05-07 08:45:00,-15.0,15.0
D1,F1-3-five-workdays-lightgbm,0,8,2021-05-08,96,1.0,True,115.0,111.70320326401443,-3.2967967359855663,3.2967967359855663,2021-05-08 02:00:00,2021-05-08 06:15:00,255.0,255.0
D1,F1-3-five-workdays-lightgbm,0,8,2021-05-09,96,1.0,True,184.0,174.91337606536453,-9.086623934635469,9.086623934635469,2021-05-09 09:00:00,2021-05-09 19:45:00,645.0,645.0
D1,F1-3-five-workdays-lightgbm,0,9,2021-04-19,96,1.0,True,172.0,187.8090575851219,15.809057585121906,15.809057585121906,2021-04-19 08:45:00,2021-04-19 10:30:00,105.0,105.0
D1,F1-3-five-workdays-lightgbm,0,9,2021-04-20,96,1.0,True,172.0,164.50851410311154,-7.491485896888463,7.491485896888463,2021-04-20 08:45:00,2021-04-20 11:45:00,180.0,180.0
D1,F1-3-five-workdays-lightgbm,0,9,2021-04-21,96,1.0,True,174.0,169.8012656496209,-4.198734350379112,4.198734350379112,2021-04-21 08:30:00,2021-04-21 11:30:00,180.0,180.0
D1,F1-3-five-workdays-lightgbm,0,9,2021-04-22,96,1.0,True,174.0,171.64395566226963,-2.356044337730367,2.356044337730367,2021-04-22 08:30:00,2021-04-22 11:30:00,180.0,180.0
D1,F1-3-five-workdays-lightgbm,0,9,2021-04-23,96,1.0,True,174.0,140.49200688163472,-33.50799311836528,33.50799311836528,2021-04-23 08:30:00,2021-04-23 18:00:00,570.0,570.0
D1,F1-3-five-workdays-lightgbm,0,9,2021-04-24,96,1.0,True,112.0,112.13486936287129,0.13486936287128515,0.13486936287128515,2021-04-24 06:15:00,2021-04-24 03:30:00,-165.0,165.0
D1,F1-3-five-workdays-lightgbm,0,9,2021-04-25,96,1.0,True,25.0,50.62396863706907,25.62396863706907,25.62396863706907,2021-04-25 01:30:00,2021-04-25 09:00:00,450.0,450.0
D1,F1-3-five-workdays-lightgbm,0,9,2021-05-03,96,1.0,True,184.0,177.8266163524565,-6.1733836475434885,6.1733836475434885,2021-05-03 08:30:00,2021-05-03 10:45:00,135.0,135.0
D1,F1-3-five-workdays-lightgbm,0,9,2021-05-04,96,1.0,True,181.0,171.0759073615654,-9.924092638434587,9.924092638434587,2021-05-04 08:30:00,2021-05-04 10:45:00,135.0,135.0
D1,F1-3-five-workdays-lightgbm,0,9,2021-05-05,96,1.0,True,120.0,165.4346894744521,45.434689474452114,45.434689474452114,2021-05-05 04:15:00,2021-05-05 09:00:00,285.0,285.0
D1,F1-3-five-workdays-lightgbm,0,9,2021-05-06,96,1.0,True,199.0,183.70935787472789,-15.290642125272115,15.290642125272115,2021-05-06 09:00:00,2021-05-06 14:45:00,345.0,345.0
D1,F1-3-five-workdays-lightgbm,0,9,2021-05-07,96,1.0,True,181.0,175.7125721775132,-5.287427822486791,5.287427822486791,2021-05-07 09:00:00,2021-05-07 08:45:00,-15.0,15.0
D1,F1-3-five-workdays-lightgbm,0,9,2021-05-08,96,1.0,True,115.0,108.34739536495464,-6.652604635045364,6.652604635045364,2021-05-08 02:00:00,2021-05-08 06:15:00,255.0,255.0
D1,F1-3-five-workdays-lightgbm,0,9,2021-05-09,96,1.0,True,184.0,176.45091309623507,-7.54908690376493,7.54908690376493,2021-05-09 09:00:00,2021-05-09 14:45:00,345.0,345.0
D1,F1-3-five-workdays-lightgbm,0,10,2021-04-19,96,1.0,True,172.0,187.73078857143852,15.730788571438524,15.730788571438524,2021-04-19 08:45:00,2021-04-19 10:45:00,120.0,120.0
D1,F1-3-five-workdays-lightgbm,0,10,2021-04-20,96,1.0,True,172.0,163.58414400320177,-8.415855996798228,8.415855996798228,2021-04-20 08:45:00,2021-04-20 13:45:00,300.0,300.0
D1,F1-3-five-workdays-lightgbm,0,10,2021-04-21,96,1.0,True,174.0,170.00701683319934,-3.9929831668006557,3.9929831668006557,2021-04-21 08:30:00,2021-04-21 11:00:00,150.0,150.0
D1,F1-3-five-workdays-lightgbm,0,10,2021-04-22,96,1.0,True,174.0,170.13528548961418,-3.8647145103858236,3.8647145103858236,2021-04-22 08:30:00,2021-04-22 11:00:00,150.0,150.0
D1,F1-3-five-workdays-lightgbm,0,10,2021-04-23,96,1.0,True,174.0,135.2857252294896,-38.7142747705104,38.7142747705104,2021-04-23 08:30:00,2021-04-23 18:45:00,615.0,615.0
D1,F1-3-five-workdays-lightgbm,0,10,2021-04-24,96,1.0,True,112.0,110.69051966629489,-1.3094803337051104,1.3094803337051104,2021-04-24 06:15:00,2021-04-24 03:45:00,-150.0,150.0
D1,F1-3-five-workdays-lightgbm,0,10,2021-04-25,96,1.0,True,25.0,60.6227385912088,35.6227385912088,35.6227385912088,2021-04-25 01:30:00,2021-04-25 09:00:00,450.0,450.0
D1,F1-3-five-workdays-lightgbm,0,10,2021-05-03,96,1.0,True,184.0,175.80442796859896,-8.195572031401042,8.195572031401042,2021-05-03 08:30:00,2021-05-03 08:30:00,0.0,0.0
D1,F1-3-five-workdays-lightgbm,0,10,2021-05-04,96,1.0,True,181.0,165.44302728358394,-15.556972716416055,15.556972716416055,2021-05-04 08:30:00,2021-05-04 11:45:00,195.0,195.0
D1,F1-3-five-workdays-lightgbm,0,10,2021-05-05,96,1.0,True,120.0,171.29733931143397,51.29733931143397,51.29733931143397,2021-05-05 04:15:00,2021-05-05 09:00:00,285.0,285.0
D1,F1-3-five-workdays-lightgbm,0,10,2021-05-06,96,1.0,True,199.0,180.23189401747211,-18.768105982527885,18.768105982527885,2021-05-06 09:00:00,2021-05-06 12:00:00,180.0,180.0
D1,F1-3-five-workdays-lightgbm,0,10,2021-05-07,96,1.0,True,181.0,179.49141692906,-1.5085830709400057,1.5085830709400057,2021-05-07 09:00:00,2021-05-07 11:00:00,120.0,120.0
D1,F1-3-five-workdays-lightgbm,0,10,2021-05-08,96,1.0,True,115.0,110.17605299409603,-4.823947005903975,4.823947005903975,2021-05-08 02:00:00,2021-05-08 01:45:00,-15.0,15.0
D1,F1-3-five-workdays-lightgbm,0,10,2021-05-09,96,1.0,True,184.0,178.2177418632196,-5.782258136780399,5.782258136780399,2021-05-09 09:00:00,2021-05-09 13:30:00,270.0,270.0
D1,F1-3-five-workdays-lightgbm,0,11,2021-04-19,96,1.0,True,172.0,185.9340231119145,13.934023111914513,13.934023111914513,2021-04-19 08:45:00,2021-04-19 10:45:00,120.0,120.0
D1,F1-3-five-workdays-lightgbm,0,11,2021-04-20,96,1.0,True,172.0,171.6245107413897,-0.3754892586102869,0.3754892586102869,2021-04-20 08:45:00,2021-04-20 10:45:00,120.0,120.0
D1,F1-3-five-workdays-lightgbm,0,11,2021-04-21,96,1.0,True,174.0,167.68951125824913,-6.3104887417508735,6.3104887417508735,2021-04-21 08:30:00,2021-04-21 11:15:00,165.0,165.0
D1,F1-3-five-workdays-lightgbm,0,11,2021-04-22,96,1.0,True,174.0,166.99510743460033,-7.004892565399672,7.004892565399672,2021-04-22 08:30:00,2021-04-22 11:00:00,150.0,150.0
D1,F1-3-five-workdays-lightgbm,0,11,2021-04-23,96,1.0,True,174.0,135.10612923435002,-38.89387076564998,38.89387076564998,2021-04-23 08:30:00,2021-04-23 19:00:00,630.0,630.0
D1,F1-3-five-workdays-lightgbm,0,11,2021-04-24,96,1.0,True,112.0,107.87302906392758,-4.126970936072425,4.126970936072425,2021-04-24 06:15:00,2021-04-24 03:45:00,-150.0,150.0
D1,F1-3-five-workdays-lightgbm,0,11,2021-04-25,96,1.0,True,25.0,51.09526611779141,26.09526611779141,26.09526611779141,2021-04-25 01:30:00,2021-04-25 08:45:00,435.0,435.0
D1,F1-3-five-workdays-lightgbm,0,11,2021-05-03,96,1.0,True,184.0,184.26752814205932,0.2675281420593194,0.2675281420593194,2021-05-03 08:30:00,2021-05-03 10:45:00,135.0,135.0
D1,F1-3-five-workdays-lightgbm,0,11,2021-05-04,96,1.0,True,181.0,169.60657385563957,-11.393426144360433,11.393426144360433,2021-05-04 08:30:00,2021-05-04 10:45:00,135.0,135.0
D1,F1-3-five-workdays-lightgbm,0,11,2021-05-05,96,1.0,True,120.0,170.8953402208601,50.895340220860106,50.895340220860106,2021-05-05 04:15:00,2021-05-05 08:45:00,270.0,270.0
D1,F1-3-five-workdays-lightgbm,0,11,2021-05-06,96,1.0,True,199.0,188.27888912570157,-10.721110874298432,10.721110874298432,2021-05-06 09:00:00,2021-05-06 11:45:00,165.0,165.0
D1,F1-3-five-workdays-lightgbm,0,11,2021-05-07,96,1.0,True,181.0,177.2406269054405,-3.7593730945594928,3.7593730945594928,2021-05-07 09:00:00,2021-05-07 09:00:00,0.0,0.0
D1,F1-3-five-workdays-lightgbm,0,11,2021-05-08,96,1.0,True,115.0,108.34018427373977,-6.659815726260234,6.659815726260234,2021-05-08 02:00:00,2021-05-08 06:15:00,255.0,255.0
D1,F1-3-five-workdays-lightgbm,0,11,2021-05-09,96,1.0,True,184.0,176.77748651522006,-7.222513484779938,7.222513484779938,2021-05-09 09:00:00,2021-05-09 16:00:00,420.0,420.0
D1,F1-3-five-workdays-lightgbm,0,12,2021-04-19,96,1.0,True,172.0,180.54638204564716,8.546382045647164,8.546382045647164,2021-04-19 08:45:00,2021-04-19 10:45:00,120.0,120.0
D1,F1-3-five-workdays-lightgbm,0,12,2021-04-20,96,1.0,True,172.0,159.41429115820912,-12.585708841790876,12.585708841790876,2021-04-20 08:45:00,2021-04-20 12:00:00,195.0,195.0
D1,F1-3-five-workdays-lightgbm,0,12,2021-04-21,96,1.0,True,174.0,167.56843429622853,-6.431565703771469,6.431565703771469,2021-04-21 08:30:00,2021-04-21 11:30:00,180.0,180.0
D1,F1-3-five-workdays-lightgbm,0,12,2021-04-22,96,1.0,True,174.0,166.58013513906977,-7.4198648609302325,7.4198648609302325,2021-04-22 08:30:00,2021-04-22 11:15:00,165.0,165.0
D1,F1-3-five-workdays-lightgbm,0,12,2021-04-23,96,1.0,True,174.0,150.6642929224206,-23.3357070775794,23.3357070775794,2021-04-23 08:30:00,2021-04-23 13:45:00,315.0,315.0
D1,F1-3-five-workdays-lightgbm,0,12,2021-04-24,96,1.0,True,112.0,110.27192465552012,-1.7280753444798762,1.7280753444798762,2021-04-24 06:15:00,2021-04-24 03:30:00,-165.0,165.0
D1,F1-3-five-workdays-lightgbm,0,12,2021-04-25,96,1.0,True,25.0,51.81664828874943,26.816648288749427,26.816648288749427,2021-04-25 01:30:00,2021-04-25 09:00:00,450.0,450.0
D1,F1-3-five-workdays-lightgbm,0,12,2021-05-03,96,1.0,True,184.0,179.2801766863774,-4.719823313622612,4.719823313622612,2021-05-03 08:30:00,2021-05-03 09:00:00,30.0,30.0
D1,F1-3-five-workdays-lightgbm,0,12,2021-05-04,96,1.0,True,181.0,167.6946197864044,-13.305380213595612,13.305380213595612,2021-05-04 08:30:00,2021-05-04 09:00:00,30.0,30.0
D1,F1-3-five-workdays-lightgbm,0,12,2021-05-05,96,1.0,True,120.0,175.73513886110155,55.73513886110155,55.73513886110155,2021-05-05 04:15:00,2021-05-05 08:45:00,270.0,270.0
D1,F1-3-five-workdays-lightgbm,0,12,2021-05-06,96,1.0,True,199.0,181.6835936243229,-17.316406375677104,17.316406375677104,2021-05-06 09:00:00,2021-05-06 12:00:00,180.0,180.0
D1,F1-3-five-workdays-lightgbm,0,12,2021-05-07,96,1.0,True,181.0,180.30914275225874,-0.6908572477412633,0.6908572477412633,2021-05-07 09:00:00,2021-05-07 11:45:00,165.0,165.0
D1,F1-3-five-workdays-lightgbm,0,12,2021-05-08,96,1.0,True,115.0,107.7767271072796,-7.223272892720402,7.223272892720402,2021-05-08 02:00:00,2021-05-08 06:15:00,255.0,255.0
D1,F1-3-five-workdays-lightgbm,0,12,2021-05-09,96,1.0,True,184.0,176.7296953115107,-7.27030468848929,7.27030468848929,2021-05-09 09:00:00,2021-05-09 12:15:00,195.0,195.0
D1,F1-3-five-workdays-lightgbm,0,13,2021-04-19,96,1.0,True,172.0,185.012718409118,13.012718409118008,13.012718409118008,2021-04-19 08:45:00,2021-04-19 10:45:00,120.0,120.0
D1,F1-3-five-workdays-lightgbm,0,13,2021-04-20,96,1.0,True,172.0,162.27628971153587,-9.723710288464133,9.723710288464133,2021-04-20 08:45:00,2021-04-20 11:45:00,180.0,180.0
D1,F1-3-five-workdays-lightgbm,0,13,2021-04-21,96,1.0,True,174.0,169.10917280855838,-4.890827191441616,4.890827191441616,2021-04-21 08:30:00,2021-04-21 11:45:00,195.0,195.0
D1,F1-3-five-workdays-lightgbm,0,13,2021-04-22,96,1.0,True,174.0,168.2855139451412,-5.71448605485881,5.71448605485881,2021-04-22 08:30:00,2021-04-22 11:45:00,195.0,195.0
D1,F1-3-five-workdays-lightgbm,0,13,2021-04-23,96,1.0,True,174.0,147.43291528840518,-26.567084711594816,26.567084711594816,2021-04-23 08:30:00,2021-04-23 16:15:00,465.0,465.0
D1,F1-3-five-workdays-lightgbm,0,13,2021-04-24,96,1.0,True,112.0,111.45141819980114,-0.5485818001988605,0.5485818001988605,2021-04-24 06:15:00,2021-04-24 04:30:00,-105.0,105.0
D1,F1-3-five-workdays-lightgbm,0,13,2021-04-25,96,1.0,True,25.0,44.01982820432152,19.01982820432152,19.01982820432152,2021-04-25 01:30:00,2021-04-25 10:15:00,525.0,525.0
D1,F1-3-five-workdays-lightgbm,0,13,2021-05-03,96,1.0,True,184.0,184.51938617788647,0.5193861778864743,0.5193861778864743,2021-05-03 08:30:00,2021-05-03 11:30:00,180.0,180.0
D1,F1-3-five-workdays-lightgbm,0,13,2021-05-04,96,1.0,True,181.0,168.287262319148,-12.712737680852001,12.712737680852001,2021-05-04 08:30:00,2021-05-04 11:45:00,195.0,195.0
D1,F1-3-five-workdays-lightgbm,0,13,2021-05-05,96,1.0,True,120.0,170.35458416014706,50.354584160147056,50.354584160147056,2021-05-05 04:15:00,2021-05-05 09:00:00,285.0,285.0
D1,F1-3-five-workdays-lightgbm,0,13,2021-05-06,96,1.0,True,199.0,185.41002247248474,-13.58997752751526,13.58997752751526,2021-05-06 09:00:00,2021-05-06 11:45:00,165.0,165.0
D1,F1-3-five-workdays-lightgbm,0,13,2021-05-07,96,1.0,True,181.0,174.0195164807434,-6.980483519256609,6.980483519256609,2021-05-07 09:00:00,2021-05-07 11:30:00,150.0,150.0
D1,F1-3-five-workdays-lightgbm,0,13,2021-05-08,96,1.0,True,115.0,107.78080638953998,-7.2191936104600245,7.2191936104600245,2021-05-08 02:00:00,2021-05-08 06:15:00,255.0,255.0
D1,F1-3-five-workdays-lightgbm,0,13,2021-05-09,96,1.0,True,184.0,184.31976718569163,0.31976718569163154,0.31976718569163154,2021-05-09 09:00:00,2021-05-09 12:15:00,195.0,195.0
D1,F1-3-five-workdays-lightgbm,0,14,2021-04-19,96,1.0,True,172.0,186.82593987943196,14.825939879431957,14.825939879431957,2021-04-19 08:45:00,2021-04-19 12:00:00,195.0,195.0
D1,F1-3-five-workdays-lightgbm,0,14,2021-04-20,96,1.0,True,172.0,159.86425352307987,-12.135746476920133,12.135746476920133,2021-04-20 08:45:00,2021-04-20 12:00:00,195.0,195.0
D1,F1-3-five-workdays-lightgbm,0,14,2021-04-21,96,1.0,True,174.0,165.06624826072363,-8.933751739276374,8.933751739276374,2021-04-21 08:30:00,2021-04-21 12:00:00,210.0,210.0
D1,F1-3-five-workdays-lightgbm,0,14,2021-04-22,96,1.0,True,174.0,165.31424078580974,-8.685759214190256,8.685759214190256,2021-04-22 08:30:00,2021-04-22 11:45:00,195.0,195.0
D1,F1-3-five-workdays-lightgbm,0,14,2021-04-23,96,1.0,True,174.0,150.99378009318457,-23.00621990681543,23.00621990681543,2021-04-23 08:30:00,2021-04-23 17:00:00,510.0,510.0
D1,F1-3-five-workdays-lightgbm,0,14,2021-04-24,96,1.0,True,112.0,113.44504841786537,1.4450484178653653,1.4450484178653653,2021-04-24 06:15:00,2021-04-24 03:45:00,-150.0,150.0
D1,F1-3-five-workdays-lightgbm,0,14,2021-04-25,96,1.0,True,25.0,50.56308167698198,25.56308167698198,25.56308167698198,2021-04-25 01:30:00,2021-04-25 10:30:00,540.0,540.0
D1,F1-3-five-workdays-lightgbm,0,14,2021-05-03,96,1.0,True,184.0,185.39559789356215,1.3955978935621545,1.3955978935621545,2021-05-03 08:30:00,2021-05-03 11:45:00,195.0,195.0
D1,F1-3-five-workdays-lightgbm,0,14,2021-05-04,96,1.0,True,181.0,167.41919556505778,-13.580804434942223,13.580804434942223,2021-05-04 08:30:00,2021-05-04 11:00:00,150.0,150.0
D1,F1-3-five-workdays-lightgbm,0,14,2021-05-05,96,1.0,True,120.0,168.77860734892133,48.77860734892133,48.77860734892133,2021-05-05 04:15:00,2021-05-05 09:00:00,285.0,285.0
D1,F1-3-five-workdays-lightgbm,0,14,2021-05-06,96,1.0,True,199.0,186.45126631619502,-12.548733683804983,12.548733683804983,2021-05-06 09:00:00,2021-05-06 11:45:00,165.0,165.0
D1,F1-3-five-workdays-lightgbm,0,14,2021-05-07,96,1.0,True,181.0,175.0911267927796,-5.9088732072204095,5.9088732072204095,2021-05-07 09:00:00,2021-05-07 11:45:00,165.0,165.0
D1,F1-3-five-workdays-lightgbm,0,14,2021-05-08,96,1.0,True,115.0,107.23034065186248,-7.769659348137523,7.769659348137523,2021-05-08 02:00:00,2021-05-08 06:15:00,255.0,255.0
D1,F1-3-five-workdays-lightgbm,0,14,2021-05-09,96,1.0,True,184.0,171.7520153604995,-12.247984639500487,12.247984639500487,2021-05-09 09:00:00,2021-05-09 16:00:00,420.0,420.0
D1,F1-3-five-workdays-lightgbm,0,15,2021-04-19,96,1.0,True,172.0,187.1815651966837,15.181565196683692,15.181565196683692,2021-04-19 08:45:00,2021-04-19 11:45:00,180.0,180.0
D1,F1-3-five-workdays-lightgbm,0,15,2021-04-20,96,1.0,True,172.0,173.36933110787183,1.3693311078718295,1.3693311078718295,2021-04-20 08:45:00,2021-04-20 11:45:00,180.0,180.0
D1,F1-3-five-workdays-lightgbm,0,15,2021-04-21,96,1.0,True,174.0,163.27735893585742,-10.722641064142579,10.722641064142579,2021-04-21 08:30:00,2021-04-21 14:15:00,345.0,345.0
D1,F1-3-five-workdays-lightgbm,0,15,2021-04-22,96,1.0,True,174.0,162.52302971467705,-11.476970285322949,11.476970285322949,2021-04-22 08:30:00,2021-04-22 11:45:00,195.0,195.0
D1,F1-3-five-workdays-lightgbm,0,15,2021-04-23,96,1.0,True,174.0,149.18379846730653,-24.81620153269347,24.81620153269347,2021-04-23 08:30:00,2021-04-23 19:15:00,645.0,645.0
D1,F1-3-five-workdays-lightgbm,0,15,2021-04-24,96,1.0,True,112.0,114.13041849732929,2.1304184973292877,2.1304184973292877,2021-04-24 06:15:00,2021-04-24 02:00:00,-255.0,255.0
D1,F1-3-five-workdays-lightgbm,0,15,2021-04-25,96,1.0,True,25.0,55.82739605183942,30.827396051839422,30.827396051839422,2021-04-25 01:30:00,2021-04-25 11:15:00,585.0,585.0
D1,F1-3-five-workdays-lightgbm,0,15,2021-05-03,96,1.0,True,184.0,188.94055951692624,4.940559516926243,4.940559516926243,2021-05-03 08:30:00,2021-05-03 12:00:00,210.0,210.0
D1,F1-3-five-workdays-lightgbm,0,15,2021-05-04,96,1.0,True,181.0,170.90578493877666,-10.094215061223338,10.094215061223338,2021-05-04 08:30:00,2021-05-04 14:00:00,330.0,330.0
D1,F1-3-five-workdays-lightgbm,0,15,2021-05-05,96,1.0,True,120.0,169.71300827732682,49.71300827732682,49.71300827732682,2021-05-05 04:15:00,2021-05-05 11:15:00,420.0,420.0
D1,F1-3-five-workdays-lightgbm,0,15,2021-05-06,96,1.0,True,199.0,188.8625068690695,-10.137493130930494,10.137493130930494,2021-05-06 09:00:00,2021-05-06 11:45:00,165.0,165.0
D1,F1-3-five-workdays-lightgbm,0,15,2021-05-07,96,1.0,True,181.0,174.4893550487867,-6.510644951213294,6.510644951213294,2021-05-07 09:00:00,2021-05-07 11:30:00,150.0,150.0
D1,F1-3-five-workdays-lightgbm,0,15,2021-05-08,96,1.0,True,115.0,108.01599356531264,-6.984006434687359,6.984006434687359,2021-05-08 02:00:00,2021-05-08 06:45:00,285.0,285.0
D1,F1-3-five-workdays-lightgbm,0,15,2021-05-09,96,1.0,True,184.0,180.95321045902554,-3.0467895409744585,3.0467895409744585,2021-05-09 09:00:00,2021-05-09 16:15:00,435.0,435.0
D1,F1-3-five-workdays-lightgbm,0,16,2021-04-19,96,1.0,True,172.0,180.65853227745697,8.65853227745697,8.65853227745697,2021-04-19 08:45:00,2021-04-19 12:00:00,195.0,195.0
D1,F1-3-five-workdays-lightgbm,0,16,2021-04-20,96,1.0,True,172.0,167.94798656295572,-4.05201343704428,4.05201343704428,2021-04-20 08:45:00,2021-04-20 12:00:00,195.0,195.0
D1,F1-3-five-workdays-lightgbm,0,16,2021-04-21,96,1.0,True,174.0,164.3488173206193,-9.651182679380696,9.651182679380696,2021-04-21 08:30:00,2021-04-21 13:45:00,315.0,315.0
D1,F1-3-five-workdays-lightgbm,0,16,2021-04-22,96,1.0,True,174.0,162.4028859861295,-11.59711401387051,11.59711401387051,2021-04-22 08:30:00,2021-04-22 15:45:00,435.0,435.0
D1,F1-3-five-workdays-lightgbm,0,16,2021-04-23,96,1.0,True,174.0,144.11596539887006,-29.88403460112994,29.88403460112994,2021-04-23 08:30:00,2021-04-23 18:45:00,615.0,615.0
D1,F1-3-five-workdays-lightgbm,0,16,2021-04-24,96,1.0,True,112.0,114.3513507564731,2.3513507564730958,2.3513507564730958,2021-04-24 06:15:00,2021-04-24 06:15:00,0.0,0.0
D1,F1-3-five-workdays-lightgbm,0,16,2021-04-25,96,1.0,True,25.0,60.70299445711631,35.70299445711631,35.70299445711631,2021-04-25 01:30:00,2021-04-25 11:15:00,585.0,585.0
D1,F1-3-five-workdays-lightgbm,0,16,2021-05-03,96,1.0,True,184.0,180.45099387697917,-3.549006123020831,3.549006123020831,2021-05-03 08:30:00,2021-05-03 12:00:00,210.0,210.0
D1,F1-3-five-workdays-lightgbm,0,16,2021-05-04,96,1.0,True,181.0,170.58770965082263,-10.412290349177368,10.412290349177368,2021-05-04 08:30:00,2021-05-04 13:30:00,300.0,300.0
D1,F1-3-five-workdays-lightgbm,0,16,2021-05-05,96,1.0,True,120.0,172.70275794279647,52.70275794279647,52.70275794279647,2021-05-05 04:15:00,2021-05-05 08:45:00,270.0,270.0
D1,F1-3-five-workdays-lightgbm,0,16,2021-05-06,96,1.0,True,199.0,183.74666007470657,-15.253339925293432,15.253339925293432,2021-05-06 09:00:00,2021-05-06 13:45:00,285.0,285.0
D1,F1-3-five-workdays-lightgbm,0,16,2021-05-07,96,1.0,True,181.0,179.69205741418,-1.3079425858200011,1.3079425858200011,2021-05-07 09:00:00,2021-05-07 08:45:00,-15.0,15.0
D1,F1-3-five-workdays-lightgbm,0,16,2021-05-08,96,1.0,True,115.0,110.48410610846663,-4.515893891533366,4.515893891533366,2021-05-08 02:00:00,2021-05-08 06:15:00,255.0,255.0
D1,F1-3-five-workdays-lightgbm,0,16,2021-05-09,96,1.0,True,184.0,171.64395352728607,-12.356046472713928,12.356046472713928,2021-05-09 09:00:00,2021-05-09 14:00:00,300.0,300.0
D1,F1-3-five-workdays-lightgbm,1,4,2021-05-31,96,1.0,True,172.0,189.8302051484871,17.830205148487096,17.830205148487096,2021-05-31 10:30:00,2021-05-31 08:45:00,-105.0,105.0
D1,F1-3-five-workdays-lightgbm,1,4,2021-06-01,96,1.0,True,195.0,180.39189212555246,-14.60810787444754,14.60810787444754,2021-06-01 09:00:00,2021-06-01 10:45:00,105.0,105.0
D1,F1-3-five-workdays-lightgbm,1,4,2021-06-02,96,1.0,True,191.0,177.87470482323002,-13.125295176769981,13.125295176769981,2021-06-02 10:45:00,2021-06-02 08:45:00,-120.0,120.0
D1,F1-3-five-workdays-lightgbm,1,4,2021-06-03,96,1.0,True,181.0,176.43326306734969,-4.566736932650315,4.566736932650315,2021-06-03 08:30:00,2021-06-03 08:30:00,0.0,0.0
D1,F1-3-five-workdays-lightgbm,1,4,2021-06-04,96,1.0,True,173.0,162.09303042778845,-10.906969572211551,10.906969572211551,2021-06-04 10:45:00,2021-06-04 09:30:00,-75.0,75.0
D1,F1-3-five-workdays-lightgbm,1,4,2021-06-05,96,1.0,True,116.0,108.61150744711864,-7.38849255288136,7.38849255288136,2021-06-05 01:45:00,2021-06-05 06:15:00,270.0,270.0
D1,F1-3-five-workdays-lightgbm,1,4,2021-06-06,96,1.0,True,27.0,64.96932474442355,37.969324744423545,37.969324744423545,2021-06-06 01:30:00,2021-06-06 08:30:00,420.0,420.0
D1,F1-3-five-workdays-lightgbm,1,4,2021-06-14,96,1.0,True,204.0,196.45689816066155,-7.543101839338448,7.543101839338448,2021-06-14 09:00:00,2021-06-14 08:45:00,-15.0,15.0
D1,F1-3-five-workdays-lightgbm,1,4,2021-06-15,96,1.0,True,198.0,195.34189586828316,-2.65810413171684,2.65810413171684,2021-06-15 08:45:00,2021-06-15 08:30:00,-15.0,15.0
D1,F1-3-five-workdays-lightgbm,1,4,2021-06-16,96,1.0,True,193.0,181.040019422733,-11.959980577267004,11.959980577267004,2021-06-16 10:45:00,2021-06-16 08:30:00,-135.0,135.0
D1,F1-3-five-workdays-lightgbm,1,4,2021-06-17,96,1.0,True,197.0,186.53741755481363,-10.46258244518637,10.46258244518637,2021-06-17 08:45:00,2021-06-17 13:30:00,285.0,285.0
D1,F1-3-five-workdays-lightgbm,1,4,2021-06-18,96,1.0,True,186.0,178.06523419864723,-7.934765801352768,7.934765801352768,2021-06-18 10:00:00,2021-06-18 10:30:00,30.0,30.0
D1,F1-3-five-workdays-lightgbm,1,4,2021-06-19,96,1.0,True,119.0,113.69594557350096,-5.304054426499036,5.304054426499036,2021-06-19 02:15:00,2021-06-19 02:30:00,15.0,15.0
D1,F1-3-five-workdays-lightgbm,1,4,2021-06-20,96,1.0,True,28.0,46.95486630719309,18.954866307193093,18.954866307193093,2021-06-20 15:15:00,2021-06-20 08:15:00,-420.0,420.0
D1,F1-3-five-workdays-lightgbm,1,5,2021-05-31,96,1.0,True,172.0,191.77309711811483,19.773097118114833,19.773097118114833,2021-05-31 10:30:00,2021-05-31 08:45:00,-105.0,105.0
D1,F1-3-five-workdays-lightgbm,1,5,2021-06-01,96,1.0,True,195.0,179.04943588755182,-15.950564112448177,15.950564112448177,2021-06-01 09:00:00,2021-06-01 13:30:00,270.0,270.0
D1,F1-3-five-workdays-lightgbm,1,5,2021-06-02,96,1.0,True,191.0,179.56108786243797,-11.438912137562028,11.438912137562028,2021-06-02 10:45:00,2021-06-02 14:45:00,240.0,240.0
D1,F1-3-five-workdays-lightgbm,1,5,2021-06-03,96,1.0,True,181.0,176.38907442386952,-4.610925576130484,4.610925576130484,2021-06-03 08:30:00,2021-06-03 08:30:00,0.0,0.0
D1,F1-3-five-workdays-lightgbm,1,5,2021-06-04,96,1.0,True,173.0,160.26561295413265,-12.73438704586735,12.73438704586735,2021-06-04 10:45:00,2021-06-04 11:00:00,15.0,15.0
D1,F1-3-five-workdays-lightgbm,1,5,2021-06-05,96,1.0,True,116.0,107.77616788883218,-8.223832111167823,8.223832111167823,2021-06-05 01:45:00,2021-06-05 06:30:00,285.0,285.0
D1,F1-3-five-workdays-lightgbm,1,5,2021-06-06,96,1.0,True,27.0,56.02629100023855,29.02629100023855,29.02629100023855,2021-06-06 01:30:00,2021-06-06 08:30:00,420.0,420.0
D1,F1-3-five-workdays-lightgbm,1,5,2021-06-14,96,1.0,True,204.0,198.30059628756896,-5.699403712431035,5.699403712431035,2021-06-14 09:00:00,2021-06-14 09:00:00,0.0,0.0
D1,F1-3-five-workdays-lightgbm,1,5,2021-06-15,96,1.0,True,198.0,199.56870452324202,1.568704523242019,1.568704523242019,2021-06-15 08:45:00,2021-06-15 08:30:00,-15.0,15.0
D1,F1-3-five-workdays-lightgbm,1,5,2021-06-16,96,1.0,True,193.0,180.2142300475911,-12.785769952408913,12.785769952408913,2021-06-16 10:45:00,2021-06-16 12:00:00,75.0,75.0
D1,F1-3-five-workdays-lightgbm,1,5,2021-06-17,96,1.0,True,197.0,188.79348605965183,-8.206513940348174,8.206513940348174,2021-06-17 08:45:00,2021-06-17 13:45:00,300.0,300.0
D1,F1-3-five-workdays-lightgbm,1,5,2021-06-18,96,1.0,True,186.0,176.09085358704152,-9.909146412958478,9.909146412958478,2021-06-18 10:00:00,2021-06-18 11:45:00,105.0,105.0
D1,F1-3-five-workdays-lightgbm,1,5,2021-06-19,96,1.0,True,119.0,113.04669577854654,-5.953304221453465,5.953304221453465,2021-06-19 02:15:00,2021-06-19 03:30:00,75.0,75.0
D1,F1-3-five-workdays-lightgbm,1,5,2021-06-20,96,1.0,True,28.0,53.112915622023046,25.112915622023046,25.112915622023046,2021-06-20 15:15:00,2021-06-20 08:30:00,-405.0,405.0
D1,F1-3-five-workdays-lightgbm,1,6,2021-05-31,96,1.0,True,172.0,192.22535941421495,20.22535941421495,20.22535941421495,2021-05-31 10:30:00,2021-05-31 09:00:00,-90.0,90.0
D1,F1-3-five-workdays-lightgbm,1,6,2021-06-01,96,1.0,True,195.0,177.05412219670666,-17.945877803293342,17.945877803293342,2021-06-01 09:00:00,2021-06-01 11:15:00,135.0,135.0
D1,F1-3-five-workdays-lightgbm,1,6,2021-06-02,96,1.0,True,191.0,179.38940931224755,-11.610590687752449,11.610590687752449,2021-06-02 10:45:00,2021-06-02 13:45:00,180.0,180.0
D1,F1-3-five-workdays-lightgbm,1,6,2021-06-03,96,1.0,True,181.0,174.16673343473846,-6.833266565261539,6.833266565261539,2021-06-03 08:30:00,2021-06-03 11:15:00,165.0,165.0
D1,F1-3-five-workdays-lightgbm,1,6,2021-06-04,96,1.0,True,173.0,164.49637434053008,-8.503625659469918,8.503625659469918,2021-06-04 10:45:00,2021-06-04 09:45:00,-60.0,60.0
D1,F1-3-five-workdays-lightgbm,1,6,2021-06-05,96,1.0,True,116.0,108.5507087979994,-7.449291202000595,7.449291202000595,2021-06-05 01:45:00,2021-06-05 06:30:00,285.0,285.0
D1,F1-3-five-workdays-lightgbm,1,6,2021-06-06,96,1.0,True,27.0,78.9331235754666,51.933123575466595,51.933123575466595,2021-06-06 01:30:00,2021-06-06 08:45:00,435.0,435.0
D1,F1-3-five-workdays-lightgbm,1,6,2021-06-14,96,1.0,True,204.0,198.87451348011484,-5.125486519885158,5.125486519885158,2021-06-14 09:00:00,2021-06-14 09:00:00,0.0,0.0
D1,F1-3-five-workdays-lightgbm,1,6,2021-06-15,96,1.0,True,198.0,191.1984039372072,-6.801596062792811,6.801596062792811,2021-06-15 08:45:00,2021-06-15 08:30:00,-15.0,15.0
D1,F1-3-five-workdays-lightgbm,1,6,2021-06-16,96,1.0,True,193.0,180.968306620924,-12.031693379075989,12.031693379075989,2021-06-16 10:45:00,2021-06-16 10:00:00,-45.0,45.0
D1,F1-3-five-workdays-lightgbm,1,6,2021-06-17,96,1.0,True,197.0,185.19383518477972,-11.806164815220285,11.806164815220285,2021-06-17 08:45:00,2021-06-17 15:00:00,375.0,375.0
D1,F1-3-five-workdays-lightgbm,1,6,2021-06-18,96,1.0,True,186.0,178.2202768093665,-7.77972319063349,7.77972319063349,2021-06-18 10:00:00,2021-06-18 11:30:00,90.0,90.0
D1,F1-3-five-workdays-lightgbm,1,6,2021-06-19,96,1.0,True,119.0,113.6631468654406,-5.336853134559405,5.336853134559405,2021-06-19 02:15:00,2021-06-19 03:45:00,90.0,90.0
D1,F1-3-five-workdays-lightgbm,1,6,2021-06-20,96,1.0,True,28.0,78.9331235754666,50.933123575466595,50.933123575466595,2021-06-20 15:15:00,2021-06-20 08:45:00,-390.0,390.0
D1,F1-3-five-workdays-lightgbm,1,7,2021-05-31,96,1.0,True,172.0,186.3584952127603,14.358495212760289,14.358495212760289,2021-05-31 10:30:00,2021-05-31 09:45:00,-45.0,45.0
D1,F1-3-five-workdays-lightgbm,1,7,2021-06-01,96,1.0,True,195.0,179.08960226434283,-15.91039773565717,15.91039773565717,2021-06-01 09:00:00,2021-06-01 11:45:00,165.0,165.0
D1,F1-3-five-workdays-lightgbm,1,7,2021-06-02,96,1.0,True,191.0,178.22394706392527,-12.776052936074734,12.776052936074734,2021-06-02 10:45:00,2021-06-02 08:45:00,-120.0,120.0
D1,F1-3-five-workdays-lightgbm,1,7,2021-06-03,96,1.0,True,181.0,175.06718716149496,-5.932812838505043,5.932812838505043,2021-06-03 08:30:00,2021-06-03 11:00:00,150.0,150.0
D1,F1-3-five-workdays-lightgbm,1,7,2021-06-04,96,1.0,True,173.0,162.4790404188899,-10.520959581110105,10.520959581110105,2021-06-04 10:45:00,2021-06-04 09:45:00,-60.0,60.0
D1,F1-3-five-workdays-lightgbm,1,7,2021-06-05,96,1.0,True,116.0,110.36796056131713,-5.632039438682867,5.632039438682867,2021-06-05 01:45:00,2021-06-05 04:15:00,150.0,150.0
D1,F1-3-five-workdays-lightgbm,1,7,2021-06-06,96,1.0,True,27.0,70.9661964184315,43.966196418431494,43.966196418431494,2021-06-06 01:30:00,2021-06-06 08:45:00,435.0,435.0
D1,F1-3-five-workdays-lightgbm,1,7,2021-06-14,96,1.0,True,204.0,215.25642067527647,11.256420675276473,11.256420675276473,2021-06-14 09:00:00,2021-06-14 09:00:00,0.0,0.0
D1,F1-3-five-workdays-lightgbm,1,7,2021-06-15,96,1.0,True,198.0,192.33401926789492,-5.6659807321050835,5.6659807321050835,2021-06-15 08:45:00,2021-06-15 08:45:00,0.0,0.0
D1,F1-3-five-workdays-lightgbm,1,7,2021-06-16,96,1.0,True,193.0,188.56563347767118,-4.434366522328816,4.434366522328816,2021-06-16 10:45:00,2021-06-16 08:30:00,-135.0,135.0
D1,F1-3-five-workdays-lightgbm,1,7,2021-06-17,96,1.0,True,197.0,185.2481252314718,-11.75187476852821,11.75187476852821,2021-06-17 08:45:00,2021-06-17 13:45:00,300.0,300.0
D1,F1-3-five-workdays-lightgbm,1,7,2021-06-18,96,1.0,True,186.0,176.30850662185463,-9.691493378145367,9.691493378145367,2021-06-18 10:00:00,2021-06-18 11:45:00,105.0,105.0
D1,F1-3-five-workdays-lightgbm,1,7,2021-06-19,96,1.0,True,119.0,113.94227937541399,-5.057720624586011,5.057720624586011,2021-06-19 02:15:00,2021-06-19 04:45:00,150.0,150.0
D1,F1-3-five-workdays-lightgbm,1,7,2021-06-20,96,1.0,True,28.0,70.2095963530643,42.2095963530643,42.2095963530643,2021-06-20 15:15:00,2021-06-20 08:45:00,-390.0,390.0
D1,F1-3-five-workdays-lightgbm,1,8,2021-05-31,96,1.0,True,172.0,184.65209271885104,12.652092718851037,12.652092718851037,2021-05-31 10:30:00,2021-05-31 10:00:00,-30.0,30.0
D1,F1-3-five-workdays-lightgbm,1,8,2021-06-01,96,1.0,True,195.0,175.86255391310382,-19.137446086896176,19.137446086896176,2021-06-01 09:00:00,2021-06-01 11:00:00,120.0,120.0
D1,F1-3-five-workdays-lightgbm,1,8,2021-06-02,96,1.0,True,191.0,181.5565315816436,-9.443468418356389,9.443468418356389,2021-06-02 10:45:00,2021-06-02 09:30:00,-75.0,75.0
D1,F1-3-five-workdays-lightgbm,1,8,2021-06-03,96,1.0,True,181.0,176.2070610603748,-4.792938939625202,4.792938939625202,2021-06-03 08:30:00,2021-06-03 09:30:00,60.0,60.0
D1,F1-3-five-workdays-lightgbm,1,8,2021-06-04,96,1.0,True,173.0,166.08920246813383,-6.910797531866166,6.910797531866166,2021-06-04 10:45:00,2021-06-04 09:45:00,-60.0,60.0
D1,F1-3-five-workdays-lightgbm,1,8,2021-06-05,96,1.0,True,116.0,109.23837520377481,-6.761624796225192,6.761624796225192,2021-06-05 01:45:00,2021-06-05 04:15:00,150.0,150.0
D1,F1-3-five-workdays-lightgbm,1,8,2021-06-06,96,1.0,True,27.0,80.72090346416665,53.72090346416665,53.72090346416665,2021-06-06 01:30:00,2021-06-06 09:00:00,450.0,450.0
D1,F1-3-five-workdays-lightgbm,1,8,2021-06-14,96,1.0,True,204.0,217.03727212397854,13.03727212397854,13.03727212397854,2021-06-14 09:00:00,2021-06-14 09:00:00,0.0,0.0
D1,F1-3-five-workdays-lightgbm,1,8,2021-06-15,96,1.0,True,198.0,188.97014557240487,-9.029854427595126,9.029854427595126,2021-06-15 08:45:00,2021-06-15 08:30:00,-15.0,15.0
D1,F1-3-five-workdays-lightgbm,1,8,2021-06-16,96,1.0,True,193.0,185.6048910364021,-7.395108963597892,7.395108963597892,2021-06-16 10:45:00,2021-06-16 08:30:00,-135.0,135.0
D1,F1-3-five-workdays-lightgbm,1,8,2021-06-17,96,1.0,True,197.0,183.03534319012,-13.964656809880012,13.964656809880012,2021-06-17 08:45:00,2021-06-17 15:45:00,420.0,420.0
D1,F1-3-five-workdays-lightgbm,1,8,2021-06-18,96,1.0,True,186.0,174.7093711084656,-11.290628891534396,11.290628891534396,2021-06-18 10:00:00,2021-06-18 10:30:00,30.0,30.0
D1,F1-3-five-workdays-lightgbm,1,8,2021-06-19,96,1.0,True,119.0,110.4481395887124,-8.551860411287606,8.551860411287606,2021-06-19 02:15:00,2021-06-19 06:45:00,270.0,270.0
D1,F1-3-five-workdays-lightgbm,1,8,2021-06-20,96,1.0,True,28.0,80.72090346416665,52.72090346416665,52.72090346416665,2021-06-20 15:15:00,2021-06-20 09:00:00,-375.0,375.0
D1,F1-3-five-workdays-lightgbm,1,9,2021-05-31,96,1.0,True,172.0,166.10704872394166,-5.892951276058341,5.892951276058341,2021-05-31 10:30:00,2021-05-31 10:45:00,15.0,15.0
D1,F1-3-five-workdays-lightgbm,1,9,2021-06-01,96,1.0,True,195.0,172.44259838612334,-22.557401613876664,22.557401613876664,2021-06-01 09:00:00,2021-06-01 11:15:00,135.0,135.0
D1,F1-3-five-workdays-lightgbm,1,9,2021-06-02,96,1.0,True,191.0,173.71914210326744,-17.280857896732556,17.280857896732556,2021-06-02 10:45:00,2021-06-02 09:45:00,-60.0,60.0
D1,F1-3-five-workdays-lightgbm,1,9,2021-06-03,96,1.0,True,181.0,172.62739329299828,-8.372606707001722,8.372606707001722,2021-06-03 08:30:00,2021-06-03 09:00:00,30.0,30.0
D1,F1-3-five-workdays-lightgbm,1,9,2021-06-04,96,1.0,True,173.0,163.2134821921463,-9.786517807853699,9.786517807853699,2021-06-04 10:45:00,2021-06-04 09:45:00,-60.0,60.0
D1,F1-3-five-workdays-lightgbm,1,9,2021-06-05,96,1.0,True,116.0,106.21718851321192,-9.782811486788077,9.782811486788077,2021-06-05 01:45:00,2021-06-05 04:15:00,150.0,150.0
D1,F1-3-five-workdays-lightgbm,1,9,2021-06-06,96,1.0,True,27.0,57.40961220537841,30.40961220537841,30.40961220537841,2021-06-06 01:30:00,2021-06-06 08:45:00,435.0,435.0
D1,F1-3-five-workdays-lightgbm,1,9,2021-06-14,96,1.0,True,204.0,193.64306937245567,-10.35693062754433,10.35693062754433,2021-06-14 09:00:00,2021-06-14 08:45:00,-15.0,15.0
D1,F1-3-five-workdays-lightgbm,1,9,2021-06-15,96,1.0,True,198.0,175.55919175521208,-22.440808244787917,22.440808244787917,2021-06-15 08:45:00,2021-06-15 09:00:00,15.0,15.0
D1,F1-3-five-workdays-lightgbm,1,9,2021-06-16,96,1.0,True,193.0,174.38848278841334,-18.61151721158666,18.61151721158666,2021-06-16 10:45:00,2021-06-16 09:00:00,-105.0,105.0
D1,F1-3-five-workdays-lightgbm,1,9,2021-06-17,96,1.0,True,197.0,173.71914210326744,-23.280857896732556,23.280857896732556,2021-06-17 08:45:00,2021-06-17 08:30:00,-15.0,15.0
D1,F1-3-five-workdays-lightgbm,1,9,2021-06-18,96,1.0,True,186.0,171.7301856453211,-14.269814354678914,14.269814354678914,2021-06-18 10:00:00,2021-06-18 14:15:00,255.0,255.0
D1,F1-3-five-workdays-lightgbm,1,9,2021-06-19,96,1.0,True,119.0,106.00823248775328,-12.991767512246724,12.991767512246724,2021-06-19 02:15:00,2021-06-19 03:30:00,75.0,75.0
D1,F1-3-five-workdays-lightgbm,1,9,2021-06-20,96,1.0,True,28.0,54.988974163349226,26.988974163349226,26.988974163349226,2021-06-20 15:15:00,2021-06-20 09:00:00,-375.0,375.0
D1,F1-3-five-workdays-lightgbm,1,10,2021-05-31,96,1.0,True,172.0,173.83938461954662,1.839384619546621,1.839384619546621,2021-05-31 10:30:00,2021-05-31 10:45:00,15.0,15.0
D1,F1-3-five-workdays-lightgbm,1,10,2021-06-01,96,1.0,True,195.0,172.70283298370245,-22.29716701629755,22.29716701629755,2021-06-01 09:00:00,2021-06-01 11:45:00,165.0,165.0
D1,F1-3-five-workdays-lightgbm,1,10,2021-06-02,96,1.0,True,191.0,177.65657899773745,-13.343421002262545,13.343421002262545,2021-06-02 10:45:00,2021-06-02 08:45:00,-120.0,120.0
D1,F1-3-five-workdays-lightgbm,1,10,2021-06-03,96,1.0,True,181.0,175.90376365764655,-5.09623634235345,5.09623634235345,2021-06-03 08:30:00,2021-06-03 09:00:00,30.0,30.0
D1,F1-3-five-workdays-lightgbm,1,10,2021-06-04,96,1.0,True,173.0,136.68043451609338,-36.319565483906615,36.319565483906615,2021-06-04 10:45:00,2021-06-04 16:45:00,360.0,360.0
D1,F1-3-five-workdays-lightgbm,1,10,2021-06-05,96,1.0,True,116.0,108.42851772391563,-7.571482276084367,7.571482276084367,2021-06-05 01:45:00,2021-06-05 04:15:00,150.0,150.0
D1,F1-3-five-workdays-lightgbm,1,10,2021-06-06,96,1.0,True,27.0,62.34174545536049,35.34174545536049,35.34174545536049,2021-06-06 01:30:00,2021-06-06 08:30:00,420.0,420.0
D1,F1-3-five-workdays-lightgbm,1,10,2021-06-14,96,1.0,True,204.0,196.9670822085503,-7.032917791449705,7.032917791449705,2021-06-14 09:00:00,2021-06-14 09:00:00,0.0,0.0
D1,F1-3-five-workdays-lightgbm,1,10,2021-06-15,96,1.0,True,198.0,179.4357265343061,-18.5642734656939,18.5642734656939,2021-06-15 08:45:00,2021-06-15 08:30:00,-15.0,15.0
D1,F1-3-five-workdays-lightgbm,1,10,2021-06-16,96,1.0,True,193.0,177.60108783319967,-15.39891216680033,15.39891216680033,2021-06-16 10:45:00,2021-06-16 10:00:00,-45.0,45.0
D1,F1-3-five-workdays-lightgbm,1,10,2021-06-17,96,1.0,True,197.0,178.1035321930785,-18.896467806921493,18.896467806921493,2021-06-17 08:45:00,2021-06-17 08:30:00,-15.0,15.0
D1,F1-3-five-workdays-lightgbm,1,10,2021-06-18,96,1.0,True,186.0,174.66889946154708,-11.331100538452915,11.331100538452915,2021-06-18 10:00:00,2021-06-18 10:45:00,45.0,45.0
D1,F1-3-five-workdays-lightgbm,1,10,2021-06-19,96,1.0,True,119.0,113.7051315948544,-5.294868405145607,5.294868405145607,2021-06-19 02:15:00,2021-06-19 04:45:00,150.0,150.0
D1,F1-3-five-workdays-lightgbm,1,10,2021-06-20,96,1.0,True,28.0,64.63934729838698,36.63934729838698,36.63934729838698,2021-06-20 15:15:00,2021-06-20 09:30:00,-345.0,345.0
D1,F1-3-five-workdays-lightgbm,1,11,2021-05-31,96,1.0,True,172.0,171.23542308361206,-0.7645769163879379,0.7645769163879379,2021-05-31 10:30:00,2021-05-31 11:15:00,45.0,45.0
D1,F1-3-five-workdays-lightgbm,1,11,2021-06-01,96,1.0,True,195.0,172.34843405421788,-22.651565945782124,22.651565945782124,2021-06-01 09:00:00,2021-06-01 14:45:00,345.0,345.0
D1,F1-3-five-workdays-lightgbm,1,11,2021-06-02,96,1.0,True,191.0,174.88322185890053,-16.116778141099473,16.116778141099473,2021-06-02 10:45:00,2021-06-02 08:30:00,-135.0,135.0
D1,F1-3-five-workdays-lightgbm,1,11,2021-06-03,96,1.0,True,181.0,171.43744152909025,-9.56255847090975,9.56255847090975,2021-06-03 08:30:00,2021-06-03 08:30:00,0.0,0.0
D1,F1-3-five-workdays-lightgbm,1,11,2021-06-04,96,1.0,True,173.0,143.80810079248363,-29.19189920751637,29.19189920751637,2021-06-04 10:45:00,2021-06-04 09:00:00,-105.0,105.0
D1,F1-3-five-workdays-lightgbm,1,11,2021-06-05,96,1.0,True,116.0,105.91558284103378,-10.084417158966218,10.084417158966218,2021-06-05 01:45:00,2021-06-05 04:15:00,150.0,150.0
D1,F1-3-five-workdays-lightgbm,1,11,2021-06-06,96,1.0,True,27.0,55.526501966038595,28.526501966038595,28.526501966038595,2021-06-06 01:30:00,2021-06-06 08:45:00,435.0,435.0
D1,F1-3-five-workdays-lightgbm,1,11,2021-06-14,96,1.0,True,204.0,185.15995073837425,-18.84004926162575,18.84004926162575,2021-06-14 09:00:00,2021-06-14 09:00:00,0.0,0.0
D1,F1-3-five-workdays-lightgbm,1,11,2021-06-15,96,1.0,True,198.0,176.47805373606425,-21.521946263935746,21.521946263935746,2021-06-15 08:45:00,2021-06-15 11:30:00,165.0,165.0
D1,F1-3-five-workdays-lightgbm,1,11,2021-06-16,96,1.0,True,193.0,175.8705692827536,-17.129430717246407,17.129430717246407,2021-06-16 10:45:00,2021-06-16 08:30:00,-135.0,135.0
D1,F1-3-five-workdays-lightgbm,1,11,2021-06-17,96,1.0,True,197.0,175.8078342905978,-21.19216570940219,21.19216570940219,2021-06-17 08:45:00,2021-06-17 13:45:00,300.0,300.0
D1,F1-3-five-workdays-lightgbm,1,11,2021-06-18,96,1.0,True,186.0,172.9373913547787,-13.062608645221303,13.062608645221303,2021-06-18 10:00:00,2021-06-18 10:30:00,30.0,30.0
D1,F1-3-five-workdays-lightgbm,1,11,2021-06-19,96,1.0,True,119.0,111.11413818914696,-7.885861810853044,7.885861810853044,2021-06-19 02:15:00,2021-06-19 04:45:00,150.0,150.0
D1,F1-3-five-workdays-lightgbm,1,11,2021-06-20,96,1.0,True,28.0,48.047084905089385,20.047084905089385,20.047084905089385,2021-06-20 15:15:00,2021-06-20 09:45:00,-330.0,330.0
D1,F1-3-five-workdays-lightgbm,1,12,2021-05-31,96,1.0,True,172.0,168.396918737166,-3.603081262833996,3.603081262833996,2021-05-31 10:30:00,2021-05-31 11:30:00,60.0,60.0
D1,F1-3-five-workdays-lightgbm,1,12,2021-06-01,96,1.0,True,195.0,171.61711400037848,-23.38288599962152,23.38288599962152,2021-06-01 09:00:00,2021-06-01 14:45:00,345.0,345.0
D1,F1-3-five-workdays-lightgbm,1,12,2021-06-02,96,1.0,True,191.0,174.1473913179968,-16.852608682003194,16.852608682003194,2021-06-02 10:45:00,2021-06-02 08:30:00,-135.0,135.0
D1,F1-3-five-workdays-lightgbm,1,12,2021-06-03,96,1.0,True,181.0,169.5358181557897,-11.464181844210287,11.464181844210287,2021-06-03 08:30:00,2021-06-03 08:30:00,0.0,0.0
D1,F1-3-five-workdays-lightgbm,1,12,2021-06-04,96,1.0,True,173.0,161.1192174643868,-11.880782535613207,11.880782535613207,2021-06-04 10:45:00,2021-06-04 11:00:00,15.0,15.0
D1,F1-3-five-workdays-lightgbm,1,12,2021-06-05,96,1.0,True,116.0,107.07045532587034,-8.929544674129659,8.929544674129659,2021-06-05 01:45:00,2021-06-05 04:15:00,150.0,150.0
D1,F1-3-five-workdays-lightgbm,1,12,2021-06-06,96,1.0,True,27.0,33.676035190270674,6.6760351902706745,6.6760351902706745,2021-06-06 01:30:00,2021-06-06 11:00:00,570.0,570.0
D1,F1-3-five-workdays-lightgbm,1,12,2021-06-14,96,1.0,True,204.0,185.8432771348329,-18.156722865167097,18.156722865167097,2021-06-14 09:00:00,2021-06-14 09:15:00,15.0,15.0
D1,F1-3-five-workdays-lightgbm,1,12,2021-06-15,96,1.0,True,198.0,173.39018510507157,-24.609814894928434,24.609814894928434,2021-06-15 08:45:00,2021-06-15 15:30:00,405.0,405.0
D1,F1-3-five-workdays-lightgbm,1,12,2021-06-16,96,1.0,True,193.0,173.9012286454728,-19.0987713545272,19.0987713545272,2021-06-16 10:45:00,2021-06-16 08:30:00,-135.0,135.0
D1,F1-3-five-workdays-lightgbm,1,12,2021-06-17,96,1.0,True,197.0,173.21796746043103,-23.782032539568974,23.782032539568974,2021-06-17 08:45:00,2021-06-17 15:30:00,405.0,405.0
D1,F1-3-five-workdays-lightgbm,1,12,2021-06-18,96,1.0,True,186.0,174.44012860792625,-11.559871392073745,11.559871392073745,2021-06-18 10:00:00,2021-06-18 08:45:00,-75.0,75.0
D1,F1-3-five-workdays-lightgbm,1,12,2021-06-19,96,1.0,True,119.0,111.0829407343602,-7.917059265639793,7.917059265639793,2021-06-19 02:15:00,2021-06-19 05:00:00,165.0,165.0
D1,F1-3-five-workdays-lightgbm,1,12,2021-06-20,96,1.0,True,28.0,35.877869601813046,7.877869601813046,7.877869601813046,2021-06-20 15:15:00,2021-06-20 09:45:00,-330.0,330.0
D1,F1-3-five-workdays-lightgbm,1,13,2021-05-31,96,1.0,True,172.0,169.57980829146194,-2.4201917085380558,2.4201917085380558,2021-05-31 10:30:00,2021-05-31 11:45:00,75.0,75.0
D1,F1-3-five-workdays-lightgbm,1,13,2021-06-01,96,1.0,True,195.0,170.49522727383317,-24.504772726166834,24.504772726166834,2021-06-01 09:00:00,2021-06-01 14:45:00,345.0,345.0
D1,F1-3-five-workdays-lightgbm,1,13,2021-06-02,96,1.0,True,191.0,171.92269204551909,-19.077307954480915,19.077307954480915,2021-06-02 10:45:00,2021-06-02 11:00:00,15.0,15.0
D1,F1-3-five-workdays-lightgbm,1,13,2021-06-03,96,1.0,True,181.0,169.24067243465396,-11.759327565346041,11.759327565346041,2021-06-03 08:30:00,2021-06-03 11:15:00,165.0,165.0
D1,F1-3-five-workdays-lightgbm,1,13,2021-06-04,96,1.0,True,173.0,161.76239221363093,-11.237607786369068,11.237607786369068,2021-06-04 10:45:00,2021-06-04 11:00:00,15.0,15.0
D1,F1-3-five-workdays-lightgbm,1,13,2021-06-05,96,1.0,True,116.0,106.36886181492505,-9.631138185074946,9.631138185074946,2021-06-05 01:45:00,2021-06-05 06:15:00,270.0,270.0
D1,F1-3-five-workdays-lightgbm,1,13,2021-06-06,96,1.0,True,27.0,63.01823036670269,36.01823036670269,36.01823036670269,2021-06-06 01:30:00,2021-06-06 08:45:00,435.0,435.0
D1,F1-3-five-workdays-lightgbm,1,13,2021-06-14,96,1.0,True,204.0,186.77324838698357,-17.226751613016432,17.226751613016432,2021-06-14 09:00:00,2021-06-14 09:15:00,15.0,15.0
D1,F1-3-five-workdays-lightgbm,1,13,2021-06-15,96,1.0,True,198.0,174.06831713300616,-23.93168286699384,23.93168286699384,2021-06-15 08:45:00,2021-06-15 09:15:00,30.0,30.0
D1,F1-3-five-workdays-lightgbm,1,13,2021-06-16,96,1.0,True,193.0,174.25895498748898,-18.741045012511023,18.741045012511023,2021-06-16 10:45:00,2021-06-16 08:30:00,-135.0,135.0
D1,F1-3-five-workdays-lightgbm,1,13,2021-06-17,96,1.0,True,197.0,175.06117834196775,-21.938821658032253,21.938821658032253,2021-06-17 08:45:00,2021-06-17 09:00:00,15.0,15.0
D1,F1-3-five-workdays-lightgbm,1,13,2021-06-18,96,1.0,True,186.0,172.3508873497804,-13.649112650219593,13.649112650219593,2021-06-18 10:00:00,2021-06-18 09:00:00,-60.0,60.0
D1,F1-3-five-workdays-lightgbm,1,13,2021-06-19,96,1.0,True,119.0,110.52067538671727,-8.479324613282728,8.479324613282728,2021-06-19 02:15:00,2021-06-19 05:00:00,165.0,165.0
D1,F1-3-five-workdays-lightgbm,1,13,2021-06-20,96,1.0,True,28.0,64.13432107894201,36.13432107894201,36.13432107894201,2021-06-20 15:15:00,2021-06-20 08:45:00,-390.0,390.0
D1,F1-3-five-workdays-lightgbm,1,14,2021-05-31,96,1.0,True,172.0,168.189721733361,-3.8102782666389885,3.8102782666389885,2021-05-31 10:30:00,2021-05-31 11:00:00,30.0,30.0
D1,F1-3-five-workdays-lightgbm,1,14,2021-06-01,96,1.0,True,195.0,166.16211183241728,-28.83788816758272,28.83788816758272,2021-06-01 09:00:00,2021-06-01 14:45:00,345.0,345.0
D1,F1-3-five-workdays-lightgbm,1,14,2021-06-02,96,1.0,True,191.0,166.8070754658643,-24.1929245341357,24.1929245341357,2021-06-02 10:45:00,2021-06-02 08:30:00,-135.0,135.0
D1,F1-3-five-workdays-lightgbm,1,14,2021-06-03,96,1.0,True,181.0,164.39306533056808,-16.606934669431922,16.606934669431922,2021-06-03 08:30:00,2021-06-03 08:30:00,0.0,0.0
D1,F1-3-five-workdays-lightgbm,1,14,2021-06-04,96,1.0,True,173.0,155.72101189256244,-17.278988107437556,17.278988107437556,2021-06-04 10:45:00,2021-06-04 08:30:00,-135.0,135.0
D1,F1-3-five-workdays-lightgbm,1,14,2021-06-05,96,1.0,True,116.0,106.94191719257867,-9.058082807421329,9.058082807421329,2021-06-05 01:45:00,2021-06-05 06:15:00,270.0,270.0
D1,F1-3-five-workdays-lightgbm,1,14,2021-06-06,96,1.0,True,27.0,51.84251024637344,24.842510246373443,24.842510246373443,2021-06-06 01:30:00,2021-06-06 08:45:00,435.0,435.0
D1,F1-3-five-workdays-lightgbm,1,14,2021-06-14,96,1.0,True,204.0,179.09449757773427,-24.905502422265727,24.905502422265727,2021-06-14 09:00:00,2021-06-14 08:45:00,-15.0,15.0
D1,F1-3-five-workdays-lightgbm,1,14,2021-06-15,96,1.0,True,198.0,167.4800648700049,-30.519935129995105,30.519935129995105,2021-06-15 08:45:00,2021-06-15 12:00:00,195.0,195.0
D1,F1-3-five-workdays-lightgbm,1,14,2021-06-16,96,1.0,True,193.0,167.12643896631496,-25.873561033685036,25.873561033685036,2021-06-16 10:45:00,2021-06-16 14:15:00,210.0,210.0
D1,F1-3-five-workdays-lightgbm,1,14,2021-06-17,96,1.0,True,197.0,167.3362452915056,-29.663754708494395,29.663754708494395,2021-06-17 08:45:00,2021-06-17 13:45:00,300.0,300.0
D1,F1-3-five-workdays-lightgbm,1,14,2021-06-18,96,1.0,True,186.0,166.8336160898078,-19.166383910192195,19.166383910192195,2021-06-18 10:00:00,2021-06-18 08:30:00,-90.0,90.0
D1,F1-3-five-workdays-lightgbm,1,14,2021-06-19,96,1.0,True,119.0,108.33566283264408,-10.664337167355924,10.664337167355924,2021-06-19 02:15:00,2021-06-19 06:15:00,240.0,240.0
D1,F1-3-five-workdays-lightgbm,1,14,2021-06-20,96,1.0,True,28.0,50.61425541856113,22.61425541856113,22.61425541856113,2021-06-20 15:15:00,2021-06-20 08:45:00,-390.0,390.0
D1,F1-3-five-workdays-lightgbm,1,15,2021-05-31,96,1.0,True,172.0,166.34667280448764,-5.653327195512361,5.653327195512361,2021-05-31 10:30:00,2021-05-31 11:15:00,45.0,45.0
D1,F1-3-five-workdays-lightgbm,1,15,2021-06-01,96,1.0,True,195.0,168.58708789369174,-26.412912106308255,26.412912106308255,2021-06-01 09:00:00,2021-06-01 14:45:00,345.0,345.0
D1,F1-3-five-workdays-lightgbm,1,15,2021-06-02,96,1.0,True,191.0,169.50794907739066,-21.492050922609337,21.492050922609337,2021-06-02 10:45:00,2021-06-02 08:30:00,-135.0,135.0
D1,F1-3-five-workdays-lightgbm,1,15,2021-06-03,96,1.0,True,181.0,166.27422783238887,-14.725772167611126,14.725772167611126,2021-06-03 08:30:00,2021-06-03 08:30:00,0.0,0.0
D1,F1-3-five-workdays-lightgbm,1,15,2021-06-04,96,1.0,True,173.0,159.23725273719447,-13.762747262805533,13.762747262805533,2021-06-04 10:45:00,2021-06-04 08:30:00,-135.0,135.0
D1,F1-3-five-workdays-lightgbm,1,15,2021-06-05,96,1.0,True,116.0,107.63226327828755,-8.367736721712447,8.367736721712447,2021-06-05 01:45:00,2021-06-05 06:30:00,285.0,285.0
D1,F1-3-five-workdays-lightgbm,1,15,2021-06-06,96,1.0,True,27.0,49.10519087518706,22.105190875187063,22.105190875187063,2021-06-06 01:30:00,2021-06-06 08:45:00,435.0,435.0
D1,F1-3-five-workdays-lightgbm,1,15,2021-06-14,96,1.0,True,204.0,179.47229638503987,-24.52770361496013,24.52770361496013,2021-06-14 09:00:00,2021-06-14 10:30:00,90.0,90.0
D1,F1-3-five-workdays-lightgbm,1,15,2021-06-15,96,1.0,True,198.0,169.85816517099545,-28.14183482900455,28.14183482900455,2021-06-15 08:45:00,2021-06-15 13:15:00,270.0,270.0
D1,F1-3-five-workdays-lightgbm,1,15,2021-06-16,96,1.0,True,193.0,169.7600680567545,-23.239931943245494,23.239931943245494,2021-06-16 10:45:00,2021-06-16 14:30:00,225.0,225.0
D1,F1-3-five-workdays-lightgbm,1,15,2021-06-17,96,1.0,True,197.0,169.78164441464799,-27.218355585352015,27.218355585352015,2021-06-17 08:45:00,2021-06-17 13:45:00,300.0,300.0
D1,F1-3-five-workdays-lightgbm,1,15,2021-06-18,96,1.0,True,186.0,169.52952543528414,-16.470474564715857,16.470474564715857,2021-06-18 10:00:00,2021-06-18 08:30:00,-90.0,90.0
D1,F1-3-five-workdays-lightgbm,1,15,2021-06-19,96,1.0,True,119.0,112.07110440193262,-6.928895598067385,6.928895598067385,2021-06-19 02:15:00,2021-06-19 07:00:00,285.0,285.0
D1,F1-3-five-workdays-lightgbm,1,15,2021-06-20,96,1.0,True,28.0,49.10519087518706,21.105190875187063,21.105190875187063,2021-06-20 15:15:00,2021-06-20 08:45:00,-390.0,390.0
D1,F1-3-five-workdays-lightgbm,1,16,2021-05-31,96,1.0,True,172.0,161.85889211637755,-10.141107883622453,10.141107883622453,2021-05-31 10:30:00,2021-05-31 12:00:00,90.0,90.0
D1,F1-3-five-workdays-lightgbm,1,16,2021-06-01,96,1.0,True,195.0,166.93425111831954,-28.065748881680463,28.065748881680463,2021-06-01 09:00:00,2021-06-01 14:00:00,300.0,300.0
D1,F1-3-five-workdays-lightgbm,1,16,2021-06-02,96,1.0,True,191.0,167.67847694845636,-23.321523051543636,23.321523051543636,2021-06-02 10:45:00,2021-06-02 08:30:00,-135.0,135.0
D1,F1-3-five-workdays-lightgbm,1,16,2021-06-03,96,1.0,True,181.0,165.1664161102472,-15.833583889752788,15.833583889752788,2021-06-03 08:30:00,2021-06-03 13:30:00,300.0,300.0
D1,F1-3-five-workdays-lightgbm,1,16,2021-06-04,96,1.0,True,173.0,159.55649831043132,-13.443501689568677,13.443501689568677,2021-06-04 10:45:00,2021-06-04 08:30:00,-135.0,135.0
D1,F1-3-five-workdays-lightgbm,1,16,2021-06-05,96,1.0,True,116.0,105.91692757086085,-10.08307242913915,10.08307242913915,2021-06-05 01:45:00,2021-06-05 04:15:00,150.0,150.0
D1,F1-3-five-workdays-lightgbm,1,16,2021-06-06,96,1.0,True,27.0,53.24509972082737,26.24509972082737,26.24509972082737,2021-06-06 01:30:00,2021-06-06 08:45:00,435.0,435.0
D1,F1-3-five-workdays-lightgbm,1,16,2021-06-14,96,1.0,True,204.0,181.07668273805103,-22.923317261948966,22.923317261948966,2021-06-14 09:00:00,2021-06-14 10:30:00,90.0,90.0
D1,F1-3-five-workdays-lightgbm,1,16,2021-06-15,96,1.0,True,198.0,169.06663446284045,-28.933365537159546,28.933365537159546,2021-06-15 08:45:00,2021-06-15 13:30:00,285.0,285.0
D1,F1-3-five-workdays-lightgbm,1,16,2021-06-16,96,1.0,True,193.0,168.7662759429226,-24.23372405707741,24.23372405707741,2021-06-16 10:45:00,2021-06-16 14:45:00,240.0,240.0
D1,F1-3-five-workdays-lightgbm,1,16,2021-06-17,96,1.0,True,197.0,168.7662759429226,-28.23372405707741,28.23372405707741,2021-06-17 08:45:00,2021-06-17 13:45:00,300.0,300.0
D1,F1-3-five-workdays-lightgbm,1,16,2021-06-18,96,1.0,True,186.0,167.67847694845636,-18.321523051543636,18.321523051543636,2021-06-18 10:00:00,2021-06-18 08:30:00,-90.0,90.0
D1,F1-3-five-workdays-lightgbm,1,16,2021-06-19,96,1.0,True,119.0,109.30090254825778,-9.699097451742219,9.699097451742219,2021-06-19 02:15:00,2021-06-19 07:00:00,285.0,285.0
D1,F1-3-five-workdays-lightgbm,1,16,2021-06-20,96,1.0,True,28.0,46.72029223522733,18.720292235227333,18.720292235227333,2021-06-20 15:15:00,2021-06-20 09:45:00,-330.0,330.0
D1,F1-3-five-workdays-lightgbm,2,4,2021-07-12,96,1.0,True,198.0,187.9994440886928,-10.000555911307202,10.000555911307202,2021-07-12 08:45:00,2021-07-12 08:30:00,-15.0,15.0
D1,F1-3-five-workdays-lightgbm,2,4,2021-07-13,1,0.010416666666666666,False,79.0,95.84433186660422,16.84433186660422,16.84433186660422,2021-07-13 00:00:00,2021-07-13 00:00:00,0.0,0.0
D1,F1-3-five-workdays-lightgbm,2,4,2021-07-17,80,0.8333333333333334,False,108.0,109.22205356751793,1.222053567517932,1.222053567517932,2021-07-17 06:00:00,2021-07-17 06:15:00,15.0,15.0
D1,F1-3-five-workdays-lightgbm,2,4,2021-07-18,84,0.875,False,28.0,103.61098245520027,75.61098245520027,75.61098245520027,2021-07-18 04:30:00,2021-07-18 08:30:00,240.0,240.0
D1,F1-3-five-workdays-lightgbm,2,4,2021-07-26,84,0.875,False,217.0,181.15767045484648,-35.84232954515352,35.84232954515352,2021-07-26 08:30:00,2021-07-26 10:00:00,90.0,90.0
D1,F1-3-five-workdays-lightgbm,2,4,2021-07-27,84,0.875,False,211.0,186.36431012375076,-24.635689876249245,24.635689876249245,2021-07-27 11:45:00,2021-07-27 13:30:00,105.0,105.0
D1,F1-3-five-workdays-lightgbm,2,4,2021-07-28,84,0.875,False,212.0,186.9027753810278,-25.097224618972206,25.097224618972206,2021-07-28 12:00:00,2021-07-28 13:30:00,90.0,90.0
D1,F1-3-five-workdays-lightgbm,2,4,2021-07-29,84,0.875,False,211.0,186.07870512419834,-24.921294875801664,24.921294875801664,2021-07-29 12:00:00,2021-07-29 14:00:00,120.0,120.0
D1,F1-3-five-workdays-lightgbm,2,4,2021-07-30,85,0.8854166666666666,False,212.0,181.5846910616609,-30.41530893833911,30.41530893833911,2021-07-30 12:00:00,2021-07-30 14:15:00,135.0,135.0
D1,F1-3-five-workdays-lightgbm,2,4,2021-07-31,96,1.0,True,80.0,89.43231180275953,9.432311802759529,9.432311802759529,2021-07-31 00:00:00,2021-07-31 00:00:00,0.0,0.0
D1,F1-3-five-workdays-lightgbm,2,4,2021-08-01,96,1.0,True,28.0,30.45977373862952,2.4597737386295186,2.4597737386295186,2021-08-01 09:00:00,2021-08-01 11:00:00,120.0,120.0
D1,F1-3-five-workdays-lightgbm,2,4,2021-08-09,39,0.40625,False,215.0,144.19972756876658,-70.80027243123342,70.80027243123342,2021-08-09 08:45:00,2021-08-09 09:00:00,15.0,15.0
D1,F1-3-five-workdays-lightgbm,2,5,2021-07-12,96,1.0,True,198.0,200.0673192347355,2.0673192347354927,2.0673192347354927,2021-07-12 08:45:00,2021-07-12 08:30:00,-15.0,15.0
D1,F1-3-five-workdays-lightgbm,2,5,2021-07-13,1,0.010416666666666666,False,79.0,92.51948965973504,13.519489659735044,13.519489659735044,2021-07-13 00:00:00,2021-07-13 00:00:00,0.0,0.0
D1,F1-3-five-workdays-lightgbm,2,5,2021-07-17,79,0.8229166666666666,False,108.0,108.93509794431716,0.9350979443171639,0.9350979443171639,2021-07-17 06:00:00,2021-07-17 04:15:00,-105.0,105.0
D1,F1-3-five-workdays-lightgbm,2,5,2021-07-18,84,0.875,False,28.0,113.51491039414772,85.51491039414772,85.51491039414772,2021-07-18 04:30:00,2021-07-18 08:30:00,240.0,240.0
D1,F1-3-five-workdays-lightgbm,2,5,2021-07-26,84,0.875,False,217.0,201.93387837023977,-15.066121629760232,15.066121629760232,2021-07-26 08:30:00,2021-07-26 08:15:00,-15.0,15.0
D1,F1-3-five-workdays-lightgbm,2,5,2021-07-27,84,0.875,False,211.0,186.80857541597706,-24.19142458402294,24.19142458402294,2021-07-27 11:45:00,2021-07-27 14:00:00,135.0,135.0
D1,F1-3-five-workdays-lightgbm,2,5,2021-07-28,84,0.875,False,212.0,189.438824982901,-22.561175017099004,22.561175017099004,2021-07-28 12:00:00,2021-07-28 14:30:00,150.0,150.0
D1,F1-3-five-workdays-lightgbm,2,5,2021-07-29,84,0.875,False,211.0,185.71325997922833,-25.286740020771674,25.286740020771674,2021-07-29 12:00:00,2021-07-29 14:45:00,165.0,165.0
D1,F1-3-five-workdays-lightgbm,2,5,2021-07-30,85,0.8854166666666666,False,212.0,184.4380169961846,-27.561983003815413,27.561983003815413,2021-07-30 12:00:00,2021-07-30 10:45:00,-75.0,75.0
D1,F1-3-five-workdays-lightgbm,2,5,2021-07-31,96,1.0,True,80.0,94.66062318832995,14.66062318832995,14.66062318832995,2021-07-31 00:00:00,2021-07-31 01:15:00,75.0,75.0
D1,F1-3-five-workdays-lightgbm,2,5,2021-08-01,96,1.0,True,28.0,36.58833041894442,8.588330418944423,8.588330418944423,2021-08-01 09:00:00,2021-08-01 12:45:00,225.0,225.0
D1,F1-3-five-workdays-lightgbm,2,5,2021-08-09,39,0.40625,False,215.0,139.94568432047353,-75.05431567952647,75.05431567952647,2021-08-09 08:45:00,2021-08-09 09:00:00,15.0,15.0
D1,F1-3-five-workdays-lightgbm,2,6,2021-07-12,96,1.0,True,198.0,207.16168030596998,9.16168030596998,9.16168030596998,2021-07-12 08:45:00,2021-07-12 08:45:00,0.0,0.0
D1,F1-3-five-workdays-lightgbm,2,6,2021-07-13,1,0.010416666666666666,False,79.0,90.67632328454701,11.67632328454701,11.67632328454701,2021-07-13 00:00:00,2021-07-13 00:00:00,0.0,0.0
D1,F1-3-five-workdays-lightgbm,2,6,2021-07-17,78,0.8125,False,108.0,105.41958834566292,-2.580411654337084,2.580411654337084,2021-07-17 06:00:00,2021-07-17 04:30:00,-90.0,90.0
D1,F1-3-five-workdays-lightgbm,2,6,2021-07-18,84,0.875,False,28.0,106.46974376970637,78.46974376970637,78.46974376970637,2021-07-18 01:15:00,2021-07-18 08:30:00,435.0,435.0
D1,F1-3-five-workdays-lightgbm,2,6,2021-07-26,84,0.875,False,217.0,226.59354268229134,9.593542682291343,9.593542682291343,2021-07-26 08:30:00,2021-07-26 08:30:00,0.0,0.0
D1,F1-3-five-workdays-lightgbm,2,6,2021-07-27,84,0.875,False,211.0,185.876577408184,-25.123422591815995,25.123422591815995,2021-07-27 11:45:00,2021-07-27 15:00:00,195.0,195.0
D1,F1-3-five-workdays-lightgbm,2,6,2021-07-28,84,0.875,False,212.0,187.57301586712282,-24.42698413287718,24.42698413287718,2021-07-28 12:00:00,2021-07-28 15:00:00,180.0,180.0
D1,F1-3-five-workdays-lightgbm,2,6,2021-07-29,84,0.875,False,211.0,186.7115654999634,-24.2884345000366,24.2884345000366,2021-07-29 12:00:00,2021-07-29 15:00:00,180.0,180.0
D1,F1-3-five-workdays-lightgbm,2,6,2021-07-30,85,0.8854166666666666,False,212.0,181.45231669480447,-30.547683305195534,30.547683305195534,2021-07-30 12:00:00,2021-07-30 15:00:00,180.0,180.0
D1,F1-3-five-workdays-lightgbm,2,6,2021-07-31,96,1.0,True,80.0,98.44268146034906,18.442681460349064,18.442681460349064,2021-07-31 00:00:00,2021-07-31 01:30:00,90.0,90.0
D1,F1-3-five-workdays-lightgbm,2,6,2021-08-01,96,1.0,True,28.0,44.822042173775394,16.822042173775394,16.822042173775394,2021-08-01 09:00:00,2021-08-01 10:45:00,105.0,105.0
D1,F1-3-five-workdays-lightgbm,2,6,2021-08-09,39,0.40625,False,215.0,129.71457760911923,-85.28542239088077,85.28542239088077,2021-08-09 08:45:00,2021-08-09 09:00:00,15.0,15.0
D1,F1-3-five-workdays-lightgbm,2,7,2021-07-12,96,1.0,True,198.0,216.0819490538354,18.081949053835388,18.081949053835388,2021-07-12 08:45:00,2021-07-12 08:30:00,-15.0,15.0
D1,F1-3-five-workdays-lightgbm,2,7,2021-07-13,1,0.010416666666666666,False,79.0,91.69218167744341,12.692181677443415,12.692181677443415,2021-07-13 00:00:00,2021-07-13 00:00:00,0.0,0.0
D1,F1-3-five-workdays-lightgbm,2,7,2021-07-17,77,0.8020833333333334,False,108.0,107.81708705399299,-0.1829129460070078,0.1829129460070078,2021-07-17 06:00:00,2021-07-17 04:45:00,-75.0,75.0
D1,F1-3-five-workdays-lightgbm,2,7,2021-07-18,84,0.875,False,28.0,92.52293978695143,64.52293978695143,64.52293978695143,2021-07-18 01:15:00,2021-07-18 08:30:00,435.0,435.0
D1,F1-3-five-workdays-lightgbm,2,7,2021-07-26,84,0.875,False,217.0,220.3142557638536,3.3142557638535948,3.3142557638535948,2021-07-26 08:30:00,2021-07-26 08:15:00,-15.0,15.0
D1,F1-3-five-workdays-lightgbm,2,7,2021-07-27,84,0.875,False,211.0,178.11388483996222,-32.886115160037775,32.886115160037775,2021-07-27 11:45:00,2021-07-27 14:00:00,135.0,135.0
D1,F1-3-five-workdays-lightgbm,2,7,2021-07-28,84,0.875,False,212.0,178.26595150710983,-33.73404849289017,33.73404849289017,2021-07-28 12:00:00,2021-07-28 13:45:00,105.0,105.0
D1,F1-3-five-workdays-lightgbm,2,7,2021-07-29,84,0.875,False,211.0,178.4136405771922,-32.58635942280779,32.58635942280779,2021-07-29 12:00:00,2021-07-29 09:00:00,-180.0,180.0
D1,F1-3-five-workdays-lightgbm,2,7,2021-07-30,85,0.8854166666666666,False,212.0,177.0850806500503,-34.91491934994971,34.91491934994971,2021-07-30 12:00:00,2021-07-30 11:00:00,-60.0,60.0
D1,F1-3-five-workdays-lightgbm,2,7,2021-07-31,96,1.0,True,80.0,105.36194215439065,25.361942154390647,25.361942154390647,2021-07-31 00:00:00,2021-07-31 01:45:00,105.0,105.0
D1,F1-3-five-workdays-lightgbm,2,7,2021-08-01,96,1.0,True,28.0,51.8932375606087,23.893237560608704,23.893237560608704,2021-08-01 09:00:00,2021-08-01 11:15:00,135.0,135.0
D1,F1-3-five-workdays-lightgbm,2,7,2021-08-09,39,0.40625,False,215.0,116.14364344621762,-98.85635655378238,98.85635655378238,2021-08-09 08:45:00,2021-08-09 09:15:00,30.0,30.0
D1,F1-3-five-workdays-lightgbm,2,8,2021-07-12,96,1.0,True,198.0,208.04524741984648,10.045247419846476,10.045247419846476,2021-07-12 08:45:00,2021-07-12 09:15:00,30.0,30.0
D1,F1-3-five-workdays-lightgbm,2,8,2021-07-13,1,0.010416666666666666,False,79.0,98.53252912255407,19.532529122554067,19.532529122554067,2021-07-13 00:00:00,2021-07-13 00:00:00,0.0,0.0
D1,F1-3-five-workdays-lightgbm,2,8,2021-07-17,76,0.7916666666666666,False,108.0,105.55753668776823,-2.442463312231766,2.442463312231766,2021-07-17 06:00:00,2021-07-17 07:15:00,75.0,75.0
D1,F1-3-five-workdays-lightgbm,2,8,2021-07-18,84,0.875,False,28.0,76.80912290511105,48.80912290511105,48.80912290511105,2021-07-18 01:15:00,2021-07-18 09:00:00,465.0,465.0
D1,F1-3-five-workdays-lightgbm,2,8,2021-07-26,84,0.875,False,217.0,209.4664276681394,-7.533572331860597,7.533572331860597,2021-07-26 08:30:00,2021-07-26 08:45:00,15.0,15.0
D1,F1-3-five-workdays-lightgbm,2,8,2021-07-27,84,0.875,False,211.0,175.09694079831277,-35.90305920168723,35.90305920168723,2021-07-27 11:45:00,2021-07-27 13:15:00,90.0,90.0
D1,F1-3-five-workdays-lightgbm,2,8,2021-07-28,84,0.875,False,212.0,175.09694079831277,-36.90305920168723,36.90305920168723,2021-07-28 12:00:00,2021-07-28 13:15:00,75.0,75.0
D1,F1-3-five-workdays-lightgbm,2,8,2021-07-29,84,0.875,False,211.0,175.04876012967193,-35.95123987032807,35.95123987032807,2021-07-29 12:00:00,2021-07-29 11:30:00,-30.0,30.0
D1,F1-3-five-workdays-lightgbm,2,8,2021-07-30,85,0.8854166666666666,False,212.0,175.4239348850342,-36.576065114965786,36.576065114965786,2021-07-30 12:00:00,2021-07-30 13:15:00,75.0,75.0
D1,F1-3-five-workdays-lightgbm,2,8,2021-07-31,96,1.0,True,80.0,109.45159463243687,29.451594632436866,29.451594632436866,2021-07-31 00:00:00,2021-07-31 01:45:00,105.0,105.0
D1,F1-3-five-workdays-lightgbm,2,8,2021-08-01,96,1.0,True,28.0,60.26580189755856,32.26580189755856,32.26580189755856,2021-08-01 09:00:00,2021-08-01 08:15:00,-45.0,45.0
D1,F1-3-five-workdays-lightgbm,2,8,2021-08-09,39,0.40625,False,215.0,89.58748380855455,-125.41251619144545,125.41251619144545,2021-08-09 08:45:00,2021-08-09 09:30:00,45.0,45.0
D1,F1-3-five-workdays-lightgbm,2,9,2021-07-12,96,1.0,True,198.0,209.244789151506,11.244789151506012,11.244789151506012,2021-07-12 08:45:00,2021-07-12 08:45:00,0.0,0.0
D1,F1-3-five-workdays-lightgbm,2,9,2021-07-13,1,0.010416666666666666,False,79.0,94.25087287050472,15.250872870504722,15.250872870504722,2021-07-13 00:00:00,2021-07-13 00:00:00,0.0,0.0
D1,F1-3-five-workdays-lightgbm,2,9,2021-07-17,75,0.78125,False,108.0,104.83232682461707,-3.16767317538293,3.16767317538293,2021-07-17 06:00:00,2021-07-17 06:15:00,15.0,15.0
D1,F1-3-five-workdays-lightgbm,2,9,2021-07-18,84,0.875,False,28.0,88.94073167722311,60.94073167722311,60.94073167722311,2021-07-18 01:15:00,2021-07-18 09:00:00,465.0,465.0
D1,F1-3-five-workdays-lightgbm,2,9,2021-07-26,84,0.875,False,217.0,207.90031514426767,-9.099684855732335,9.099684855732335,2021-07-26 08:30:00,2021-07-26 08:30:00,0.0,0.0
D1,F1-3-five-workdays-lightgbm,2,9,2021-07-27,84,0.875,False,211.0,177.3862563738744,-33.6137436261256,33.6137436261256,2021-07-27 11:45:00,2021-07-27 13:30:00,105.0,105.0
D1,F1-3-five-workdays-lightgbm,2,9,2021-07-28,84,0.875,False,212.0,177.6230585403149,-34.3769414596851,34.3769414596851,2021-07-28 12:00:00,2021-07-28 11:30:00,-30.0,30.0
D1,F1-3-five-workdays-lightgbm,2,9,2021-07-29,84,0.875,False,211.0,177.6230585403149,-33.3769414596851,33.3769414596851,2021-07-29 12:00:00,2021-07-29 12:00:00,0.0,0.0
D1,F1-3-five-workdays-lightgbm,2,9,2021-07-30,85,0.8854166666666666,False,212.0,177.6230585403149,-34.3769414596851,34.3769414596851,2021-07-30 12:00:00,2021-07-30 11:45:00,-15.0,15.0
D1,F1-3-five-workdays-lightgbm,2,9,2021-07-31,96,1.0,True,80.0,110.03936901404667,30.03936901404667,30.03936901404667,2021-07-31 00:00:00,2021-07-31 01:45:00,105.0,105.0
D1,F1-3-five-workdays-lightgbm,2,9,2021-08-01,96,1.0,True,28.0,53.3132217191626,25.3132217191626,25.3132217191626,2021-08-01 09:00:00,2021-08-01 08:15:00,-45.0,45.0
D1,F1-3-five-workdays-lightgbm,2,9,2021-08-09,39,0.40625,False,215.0,44.64517653224502,-170.35482346775498,170.35482346775498,2021-08-09 08:45:00,2021-08-09 01:30:00,-435.0,435.0
D1,F1-3-five-workdays-lightgbm,2,10,2021-07-12,96,1.0,True,198.0,196.26266450208513,-1.73733549791487,1.73733549791487,2021-07-12 08:45:00,2021-07-12 09:00:00,15.0,15.0
D1,F1-3-five-workdays-lightgbm,2,10,2021-07-13,1,0.010416666666666666,False,79.0,91.57201734610955,12.572017346109547,12.572017346109547,2021-07-13 00:00:00,2021-07-13 00:00:00,0.0,0.0
D1,F1-3-five-workdays-lightgbm,2,10,2021-07-17,74,0.7708333333333334,False,108.0,105.0531649956996,-2.9468350043003966,2.9468350043003966,2021-07-17 06:00:00,2021-07-17 06:15:00,15.0,15.0
D1,F1-3-five-workdays-lightgbm,2,10,2021-07-18,84,0.875,False,28.0,93.93841011592951,65.93841011592951,65.93841011592951,2021-07-18 01:15:00,2021-07-18 09:45:00,510.0,510.0
D1,F1-3-five-workdays-lightgbm,2,10,2021-07-26,84,0.875,False,217.0,189.20193131515904,-27.798068684840956,27.798068684840956,2021-07-26 08:30:00,2021-07-26 08:45:00,15.0,15.0
D1,F1-3-five-workdays-lightgbm,2,10,2021-07-27,84,0.875,False,211.0,174.8029724470455,-36.197027552954495,36.197027552954495,2021-07-27 11:45:00,2021-07-27 11:00:00,-45.0,45.0
D1,F1-3-five-workdays-lightgbm,2,10,2021-07-28,84,0.875,False,212.0,174.8029724470455,-37.197027552954495,37.197027552954495,2021-07-28 12:00:00,2021-07-28 11:30:00,-30.0,30.0
D1,F1-3-five-workdays-lightgbm,2,10,2021-07-29,84,0.875,False,211.0,174.8029724470455,-36.197027552954495,36.197027552954495,2021-07-29 12:00:00,2021-07-29 11:30:00,-30.0,30.0
D1,F1-3-five-workdays-lightgbm,2,10,2021-07-30,85,0.8854166666666666,False,212.0,174.8029724470455,-37.197027552954495,37.197027552954495,2021-07-30 12:00:00,2021-07-30 11:30:00,-30.0,30.0
D1,F1-3-five-workdays-lightgbm,2,10,2021-07-31,96,1.0,True,80.0,109.38002030699894,29.380020306998944,29.380020306998944,2021-07-31 00:00:00,2021-07-31 02:15:00,135.0,135.0
D1,F1-3-five-workdays-lightgbm,2,10,2021-08-01,96,1.0,True,28.0,61.397949409636766,33.397949409636766,33.397949409636766,2021-08-01 09:00:00,2021-08-01 08:15:00,-45.0,45.0
D1,F1-3-five-workdays-lightgbm,2,10,2021-08-09,39,0.40625,False,215.0,52.94517495020465,-162.05482504979534,162.05482504979534,2021-08-09 08:45:00,2021-08-09 01:15:00,-450.0,450.0
D1,F1-3-five-workdays-lightgbm,2,11,2021-07-12,96,1.0,True,198.0,201.64312312709671,3.6431231270967146,3.6431231270967146,2021-07-12 08:45:00,2021-07-12 09:45:00,60.0,60.0
D1,F1-3-five-workdays-lightgbm,2,11,2021-07-13,1,0.010416666666666666,False,79.0,89.37412613097386,10.374126130973863,10.374126130973863,2021-07-13 00:00:00,2021-07-13 00:00:00,0.0,0.0
D1,F1-3-five-workdays-lightgbm,2,11,2021-07-17,73,0.7604166666666666,False,108.0,105.46857476007915,-2.53142523992085,2.53142523992085,2021-07-17 06:00:00,2021-07-17 06:15:00,15.0,15.0
D1,F1-3-five-workdays-lightgbm,2,11,2021-07-18,84,0.875,False,28.0,91.54269636198256,63.542696361982564,63.542696361982564,2021-07-18 01:15:00,2021-07-18 09:45:00,510.0,510.0
D1,F1-3-five-workdays-lightgbm,2,11,2021-07-26,84,0.875,False,217.0,201.23423512897324,-15.76576487102676,15.76576487102676,2021-07-26 08:30:00,2021-07-26 08:30:00,0.0,0.0
D1,F1-3-five-workdays-lightgbm,2,11,2021-07-27,84,0.875,False,211.0,176.7517335307438,-34.24826646925621,34.24826646925621,2021-07-27 11:45:00,2021-07-27 15:00:00,195.0,195.0
D1,F1-3-five-workdays-lightgbm,2,11,2021-07-28,84,0.875,False,212.0,176.81968036303925,-35.180319636960746,35.180319636960746,2021-07-28 12:00:00,2021-07-28 15:00:00,180.0,180.0
D1,F1-3-five-workdays-lightgbm,2,11,2021-07-29,84,0.875,False,211.0,176.81968036303925,-34.180319636960746,34.180319636960746,2021-07-29 12:00:00,2021-07-29 15:00:00,180.0,180.0
D1,F1-3-five-workdays-lightgbm,2,11,2021-07-30,85,0.8854166666666666,False,212.0,176.01307874203636,-35.986921257963644,35.986921257963644,2021-07-30 12:00:00,2021-07-30 15:00:00,180.0,180.0
D1,F1-3-five-workdays-lightgbm,2,11,2021-07-31,96,1.0,True,80.0,109.57115802215584,29.571158022155842,29.571158022155842,2021-07-31 00:00:00,2021-07-31 02:15:00,135.0,135.0
D1,F1-3-five-workdays-lightgbm,2,11,2021-08-01,96,1.0,True,28.0,50.7423622692079,22.742362269207902,22.742362269207902,2021-08-01 09:00:00,2021-08-01 11:45:00,165.0,165.0
D1,F1-3-five-workdays-lightgbm,2,11,2021-08-09,39,0.40625,False,215.0,61.51901228536513,-153.48098771463486,153.48098771463486,2021-08-09 08:45:00,2021-08-09 01:15:00,-450.0,450.0
D1,F1-3-five-workdays-lightgbm,2,12,2021-07-12,96,1.0,True,198.0,197.68770524209648,-0.3122947579035156,0.3122947579035156,2021-07-12 08:45:00,2021-07-12 09:00:00,15.0,15.0
D1,F1-3-five-workdays-lightgbm,2,12,2021-07-13,1,0.010416666666666666,False,79.0,85.15552270980415,6.155522709804146,6.155522709804146,2021-07-13 00:00:00,2021-07-13 00:00:00,0.0,0.0
D1,F1-3-five-workdays-lightgbm,2,12,2021-07-17,72,0.75,False,108.0,107.49867546093199,-0.5013245390680083,0.5013245390680083,2021-07-17 06:00:00,2021-07-17 06:00:00,0.0,0.0
D1,F1-3-five-workdays-lightgbm,2,12,2021-07-18,84,0.875,False,28.0,99.65130916520908,71.65130916520908,71.65130916520908,2021-07-18 01:15:00,2021-07-18 09:45:00,510.0,510.0
D1,F1-3-five-workdays-lightgbm,2,12,2021-07-26,84,0.875,False,217.0,196.5498789475576,-20.450121052442398,20.450121052442398,2021-07-26 08:30:00,2021-07-26 08:30:00,0.0,0.0
D1,F1-3-five-workdays-lightgbm,2,12,2021-07-27,84,0.875,False,211.0,176.22751827264247,-34.77248172735753,34.77248172735753,2021-07-27 11:45:00,2021-07-27 12:00:00,15.0,15.0
D1,F1-3-five-workdays-lightgbm,2,12,2021-07-28,84,0.875,False,212.0,175.95820984052932,-36.04179015947068,36.04179015947068,2021-07-28 12:00:00,2021-07-28 13:30:00,90.0,90.0
D1,F1-3-five-workdays-lightgbm,2,12,2021-07-29,84,0.875,False,211.0,175.95820984052932,-35.04179015947068,35.04179015947068,2021-07-29 12:00:00,2021-07-29 13:30:00,90.0,90.0
D1,F1-3-five-workdays-lightgbm,2,12,2021-07-30,85,0.8854166666666666,False,212.0,175.95820984052932,-36.04179015947068,36.04179015947068,2021-07-30 12:00:00,2021-07-30 13:30:00,90.0,90.0
D1,F1-3-five-workdays-lightgbm,2,12,2021-07-31,96,1.0,True,80.0,109.59344734197933,29.593447341979328,29.593447341979328,2021-07-31 00:00:00,2021-07-31 02:00:00,120.0,120.0
D1,F1-3-five-workdays-lightgbm,2,12,2021-08-01,96,1.0,True,28.0,54.73106250350923,26.73106250350923,26.73106250350923,2021-08-01 09:00:00,2021-08-01 08:45:00,-15.0,15.0
D1,F1-3-five-workdays-lightgbm,2,12,2021-08-09,39,0.40625,False,215.0,56.026669534319204,-158.9733304656808,158.9733304656808,2021-08-09 08:45:00,2021-08-09 09:15:00,30.0,30.0
D1,F1-3-five-workdays-lightgbm,2,13,2021-07-12,96,1.0,True,198.0,193.91382330061018,-4.086176699389824,4.086176699389824,2021-07-12 08:45:00,2021-07-12 09:00:00,15.0,15.0
D1,F1-3-five-workdays-lightgbm,2,13,2021-07-13,1,0.010416666666666666,False,79.0,86.53074683404606,7.530746834046056,7.530746834046056,2021-07-13 00:00:00,2021-07-13 00:00:00,0.0,0.0
D1,F1-3-five-workdays-lightgbm,2,13,2021-07-17,71,0.7395833333333334,False,96.0,108.10140183041118,12.101401830411177,12.101401830411177,2021-07-17 06:15:00,2021-07-17 06:15:00,0.0,0.0
D1,F1-3-five-workdays-lightgbm,2,13,2021-07-18,84,0.875,False,28.0,95.05816006692572,67.05816006692572,67.05816006692572,2021-07-18 01:15:00,2021-07-18 09:45:00,510.0,510.0
D1,F1-3-five-workdays-lightgbm,2,13,2021-07-26,84,0.875,False,217.0,193.91382330061018,-23.086176699389824,23.086176699389824,2021-07-26 08:30:00,2021-07-26 09:15:00,45.0,45.0
D1,F1-3-five-workdays-lightgbm,2,13,2021-07-27,84,0.875,False,211.0,174.25194841949278,-36.74805158050722,36.74805158050722,2021-07-27 11:45:00,2021-07-27 11:45:00,0.0,0.0
D1,F1-3-five-workdays-lightgbm,2,13,2021-07-28,84,0.875,False,212.0,174.25194841949278,-37.74805158050722,37.74805158050722,2021-07-28 12:00:00,2021-07-28 14:15:00,135.0,135.0
D1,F1-3-five-workdays-lightgbm,2,13,2021-07-29,84,0.875,False,211.0,174.25194841949278,-36.74805158050722,36.74805158050722,2021-07-29 12:00:00,2021-07-29 13:45:00,105.0,105.0
D1,F1-3-five-workdays-lightgbm,2,13,2021-07-30,85,0.8854166666666666,False,212.0,174.25194841949278,-37.74805158050722,37.74805158050722,2021-07-30 12:00:00,2021-07-30 14:15:00,135.0,135.0
D1,F1-3-five-workdays-lightgbm,2,13,2021-07-31,96,1.0,True,80.0,109.0503462471212,29.050346247121198,29.050346247121198,2021-07-31 00:00:00,2021-07-31 02:15:00,135.0,135.0
D1,F1-3-five-workdays-lightgbm,2,13,2021-08-01,96,1.0,True,28.0,51.34890170262695,23.348901702626947,23.348901702626947,2021-08-01 09:00:00,2021-08-01 01:15:00,-465.0,465.0
D1,F1-3-five-workdays-lightgbm,2,13,2021-08-09,39,0.40625,False,215.0,55.33891890146777,-159.66108109853224,159.66108109853224,2021-08-09 08:45:00,2021-08-09 09:30:00,45.0,45.0
D1,F1-3-five-workdays-lightgbm,2,14,2021-07-12,96,1.0,True,198.0,185.4392113639952,-12.560788636004787,12.560788636004787,2021-07-12 08:45:00,2021-07-12 09:00:00,15.0,15.0
D1,F1-3-five-workdays-lightgbm,2,14,2021-07-13,1,0.010416666666666666,False,79.0,91.396899518664,12.396899518664,12.396899518664,2021-07-13 00:00:00,2021-07-13 00:00:00,0.0,0.0
D1,F1-3-five-workdays-lightgbm,2,14,2021-07-17,70,0.7291666666666666,False,88.0,108.56583028265423,20.565830282654233,20.565830282654233,2021-07-17 07:15:00,2021-07-17 06:30:00,-45.0,45.0
D1,F1-3-five-workdays-lightgbm,2,14,2021-07-18,84,0.875,False,28.0,93.66901262636071,65.66901262636071,65.66901262636071,2021-07-18 01:15:00,2021-07-18 09:45:00,510.0,510.0
D1,F1-3-five-workdays-lightgbm,2,14,2021-07-26,84,0.875,False,217.0,182.7171458156942,-34.28285418430579,34.28285418430579,2021-07-26 08:30:00,2021-07-26 08:30:00,0.0,0.0
D1,F1-3-five-workdays-lightgbm,2,14,2021-07-27,84,0.875,False,211.0,171.62883283197692,-39.37116716802308,39.37116716802308,2021-07-27 11:45:00,2021-07-27 10:30:00,-75.0,75.0
D1,F1-3-five-workdays-lightgbm,2,14,2021-07-28,84,0.875,False,212.0,171.3220608515837,-40.6779391484163,40.6779391484163,2021-07-28 12:00:00,2021-07-28 14:15:00,135.0,135.0
D1,F1-3-five-workdays-lightgbm,2,14,2021-07-29,84,0.875,False,211.0,171.3220608515837,-39.6779391484163,39.6779391484163,2021-07-29 12:00:00,2021-07-29 14:00:00,120.0,120.0
D1,F1-3-five-workdays-lightgbm,2,14,2021-07-30,84,0.875,False,212.0,171.14369689227118,-40.85630310772882,40.85630310772882,2021-07-30 12:00:00,2021-07-30 14:15:00,135.0,135.0
D1,F1-3-five-workdays-lightgbm,2,14,2021-07-31,96,1.0,True,80.0,109.0330170022955,29.033017002295495,29.033017002295495,2021-07-31 00:00:00,2021-07-31 01:45:00,105.0,105.0
D1,F1-3-five-workdays-lightgbm,2,14,2021-08-01,96,1.0,True,28.0,45.65171361700964,17.65171361700964,17.65171361700964,2021-08-01 09:00:00,2021-08-01 08:45:00,-15.0,15.0
D1,F1-3-five-workdays-lightgbm,2,14,2021-08-09,39,0.40625,False,215.0,60.23870875988343,-154.76129124011658,154.76129124011658,2021-08-09 08:45:00,2021-08-09 09:00:00,15.0,15.0
D1,F1-3-five-workdays-lightgbm,2,15,2021-07-12,96,1.0,True,198.0,189.0760476111962,-8.923952388803798,8.923952388803798,2021-07-12 08:45:00,2021-07-12 10:30:00,105.0,105.0
D1,F1-3-five-workdays-lightgbm,2,15,2021-07-13,1,0.010416666666666666,False,79.0,93.1709654107452,14.170965410745197,14.170965410745197,2021-07-13 00:00:00,2021-07-13 00:00:00,0.0,0.0
D1,F1-3-five-workdays-lightgbm,2,15,2021-07-17,69,0.71875,False,88.0,106.78361238209533,18.783612382095328,18.783612382095328,2021-07-17 07:15:00,2021-07-17 06:45:00,-30.0,30.0
D1,F1-3-five-workdays-lightgbm,2,15,2021-07-18,84,0.875,False,28.0,86.4358310654695,58.4358310654695,58.4358310654695,2021-07-18 01:15:00,2021-07-18 09:45:00,510.0,510.0
D1,F1-3-five-workdays-lightgbm,2,15,2021-07-26,84,0.875,False,217.0,183.91218637681803,-33.08781362318197,33.08781362318197,2021-07-26 08:30:00,2021-07-26 10:30:00,120.0,120.0
D1,F1-3-five-workdays-lightgbm,2,15,2021-07-27,84,0.875,False,211.0,170.7541712372236,-40.2458287627764,40.2458287627764,2021-07-27 11:45:00,2021-07-27 10:45:00,-60.0,60.0
D1,F1-3-five-workdays-lightgbm,2,15,2021-07-28,84,0.875,False,212.0,170.21299288263677,-41.78700711736323,41.78700711736323,2021-07-28 12:00:00,2021-07-28 08:30:00,-210.0,210.0
D1,F1-3-five-workdays-lightgbm,2,15,2021-07-29,84,0.875,False,211.0,170.5850096263468,-40.41499037365321,40.41499037365321,2021-07-29 12:00:00,2021-07-29 08:30:00,-210.0,210.0
D1,F1-3-five-workdays-lightgbm,2,15,2021-07-30,84,0.875,False,212.0,169.9711309420781,-42.028869057921895,42.028869057921895,2021-07-30 12:00:00,2021-07-30 08:30:00,-210.0,210.0
D1,F1-3-five-workdays-lightgbm,2,15,2021-07-31,96,1.0,True,80.0,111.16156707695382,31.161567076953816,31.161567076953816,2021-07-31 00:00:00,2021-07-31 01:45:00,105.0,105.0
D1,F1-3-five-workdays-lightgbm,2,15,2021-08-01,96,1.0,True,28.0,50.72177083332755,22.721770833327547,22.721770833327547,2021-08-01 09:00:00,2021-08-01 02:00:00,-420.0,420.0
D1,F1-3-five-workdays-lightgbm,2,15,2021-08-09,39,0.40625,False,215.0,58.391917244078186,-156.60808275592183,156.60808275592183,2021-08-09 08:45:00,2021-08-09 01:15:00,-450.0,450.0
D1,F1-3-five-workdays-lightgbm,2,16,2021-07-12,96,1.0,True,198.0,176.1955653433121,-21.804434656687903,21.804434656687903,2021-07-12 08:45:00,2021-07-12 09:45:00,60.0,60.0
D1,F1-3-five-workdays-lightgbm,2,16,2021-07-13,1,0.010416666666666666,False,79.0,93.20938500981191,14.20938500981191,14.20938500981191,2021-07-13 00:00:00,2021-07-13 00:00:00,0.0,0.0
D1,F1-3-five-workdays-lightgbm,2,16,2021-07-17,68,0.7083333333333334,False,88.0,106.40397347302975,18.40397347302975,18.40397347302975,2021-07-17 07:15:00,2021-07-17 07:00:00,-15.0,15.0
D1,F1-3-five-workdays-lightgbm,2,16,2021-07-18,84,0.875,False,28.0,92.7763144127047,64.7763144127047,64.7763144127047,2021-07-18 01:15:00,2021-07-18 09:45:00,510.0,510.0
D1,F1-3-five-workdays-lightgbm,2,16,2021-07-26,84,0.875,False,217.0,176.1955653433121,-40.8044346566879,40.8044346566879,2021-07-26 08:30:00,2021-07-26 08:30:00,0.0,0.0
D1,F1-3-five-workdays-lightgbm,2,16,2021-07-27,84,0.875,False,211.0,166.42923060470685,-44.570769395293155,44.570769395293155,2021-07-27 11:45:00,2021-07-27 13:30:00,105.0,105.0
D1,F1-3-five-workdays-lightgbm,2,16,2021-07-28,84,0.875,False,212.0,166.42923060470685,-45.570769395293155,45.570769395293155,2021-07-28 12:00:00,2021-07-28 13:30:00,90.0,90.0
D1,F1-3-five-workdays-lightgbm,2,16,2021-07-29,84,0.875,False,211.0,166.42923060470685,-44.570769395293155,44.570769395293155,2021-07-29 12:00:00,2021-07-29 13:30:00,90.0,90.0
D1,F1-3-five-workdays-lightgbm,2,16,2021-07-30,84,0.875,False,212.0,166.299288943578,-45.700711056421994,45.700711056421994,2021-07-30 12:00:00,2021-07-30 13:15:00,75.0,75.0
D1,F1-3-five-workdays-lightgbm,2,16,2021-07-31,96,1.0,True,80.0,107.28139976438013,27.281399764380126,27.281399764380126,2021-07-31 00:00:00,2021-07-31 02:00:00,120.0,120.0
D1,F1-3-five-workdays-lightgbm,2,16,2021-08-01,96,1.0,True,28.0,45.368619682421404,17.368619682421404,17.368619682421404,2021-08-01 09:00:00,2021-08-01 02:00:00,-420.0,420.0
D1,F1-3-five-workdays-lightgbm,2,16,2021-08-09,39,0.40625,False,215.0,50.83165284479735,-164.16834715520264,164.16834715520264,2021-08-09 08:45:00,2021-08-09 00:45:00,-480.0,480.0
D2,F1-3-five-workdays-lightgbm,0,4,2021-04-19,96,1.0,True,172.0,195.06047794941472,23.060477949414718,23.060477949414718,2021-04-19 08:45:00,2021-04-19 09:00:00,15.0,15.0
D2,F1-3-five-workdays-lightgbm,0,4,2021-04-20,96,1.0,True,172.0,166.0185836752709,-5.981416324729111,5.981416324729111,2021-04-20 08:45:00,2021-04-20 09:30:00,45.0,45.0
D2,F1-3-five-workdays-lightgbm,0,4,2021-04-21,96,1.0,True,174.0,166.22099774705214,-7.779002252947862,7.779002252947862,2021-04-21 08:30:00,2021-04-21 10:30:00,120.0,120.0
D2,F1-3-five-workdays-lightgbm,0,4,2021-04-22,96,1.0,True,174.0,168.85823409533455,-5.141765904665448,5.141765904665448,2021-04-22 08:30:00,2021-04-22 09:00:00,30.0,30.0
D2,F1-3-five-workdays-lightgbm,0,4,2021-04-23,96,1.0,True,174.0,137.23917333370642,-36.76082666629358,36.76082666629358,2021-04-23 08:30:00,2021-04-23 18:00:00,570.0,570.0
D2,F1-3-five-workdays-lightgbm,0,4,2021-04-24,96,1.0,True,112.0,114.6757462511011,2.6757462511011028,2.6757462511011028,2021-04-24 06:15:00,2021-04-24 02:00:00,-255.0,255.0
D2,F1-3-five-workdays-lightgbm,0,4,2021-04-25,96,1.0,True,25.0,26.035446975250686,1.0354469752506859,1.0354469752506859,2021-04-25 01:30:00,2021-04-25 07:45:00,375.0,375.0
D2,F1-3-five-workdays-lightgbm,0,4,2021-05-03,96,1.0,True,184.0,196.53588346169784,12.535883461697836,12.535883461697836,2021-05-03 08:30:00,2021-05-03 09:00:00,30.0,30.0
D2,F1-3-five-workdays-lightgbm,0,4,2021-05-04,96,1.0,True,181.0,175.99550327512566,-5.004496724874343,5.004496724874343,2021-05-04 08:30:00,2021-05-04 10:45:00,135.0,135.0
D2,F1-3-five-workdays-lightgbm,0,4,2021-05-05,96,1.0,True,120.0,154.18107967575875,34.18107967575875,34.18107967575875,2021-05-05 04:15:00,2021-05-05 08:45:00,270.0,270.0
D2,F1-3-five-workdays-lightgbm,0,4,2021-05-06,96,1.0,True,199.0,198.85341167271312,-0.14658832728687798,0.14658832728687798,2021-05-06 09:00:00,2021-05-06 09:00:00,0.0,0.0
D2,F1-3-five-workdays-lightgbm,0,4,2021-05-07,96,1.0,True,181.0,168.8529061897012,-12.147093810298799,12.147093810298799,2021-05-07 09:00:00,2021-05-07 09:30:00,30.0,30.0
D2,F1-3-five-workdays-lightgbm,0,4,2021-05-08,96,1.0,True,115.0,108.95446781836225,-6.045532181637753,6.045532181637753,2021-05-08 02:00:00,2021-05-08 01:45:00,-15.0,15.0
D2,F1-3-five-workdays-lightgbm,0,4,2021-05-09,96,1.0,True,184.0,190.95264388072894,6.952643880728942,6.952643880728942,2021-05-09 09:00:00,2021-05-09 13:30:00,270.0,270.0
D2,F1-3-five-workdays-lightgbm,0,5,2021-04-19,96,1.0,True,172.0,188.78335740475978,16.783357404759784,16.783357404759784,2021-04-19 08:45:00,2021-04-19 09:30:00,45.0,45.0
D2,F1-3-five-workdays-lightgbm,0,5,2021-04-20,96,1.0,True,172.0,167.5024788183739,-4.497521181626098,4.497521181626098,2021-04-20 08:45:00,2021-04-20 09:45:00,60.0,60.0
D2,F1-3-five-workdays-lightgbm,0,5,2021-04-21,96,1.0,True,174.0,169.65347114203166,-4.346528857968337,4.346528857968337,2021-04-21 08:30:00,2021-04-21 09:45:00,75.0,75.0
D2,F1-3-five-workdays-lightgbm,0,5,2021-04-22,96,1.0,True,174.0,172.2509870419258,-1.7490129580741893,1.7490129580741893,2021-04-22 08:30:00,2021-04-22 09:45:00,75.0,75.0
D2,F1-3-five-workdays-lightgbm,0,5,2021-04-23,96,1.0,True,174.0,141.16279859216354,-32.83720140783646,32.83720140783646,2021-04-23 08:30:00,2021-04-23 18:00:00,570.0,570.0
D2,F1-3-five-workdays-lightgbm,0,5,2021-04-24,96,1.0,True,112.0,111.36655447887358,-0.6334455211264185,0.6334455211264185,2021-04-24 06:15:00,2021-04-24 02:00:00,-255.0,255.0
D2,F1-3-five-workdays-lightgbm,0,5,2021-04-25,96,1.0,True,25.0,35.00244625834506,10.00244625834506,10.00244625834506,2021-04-25 01:30:00,2021-04-25 07:45:00,375.0,375.0
D2,F1-3-five-workdays-lightgbm,0,5,2021-05-03,96,1.0,True,184.0,195.98407858969708,11.984078589697077,11.984078589697077,2021-05-03 08:30:00,2021-05-03 09:00:00,30.0,30.0
D2,F1-3-five-workdays-lightgbm,0,5,2021-05-04,96,1.0,True,181.0,172.00460118244396,-8.995398817556037,8.995398817556037,2021-05-04 08:30:00,2021-05-04 11:00:00,150.0,150.0
D2,F1-3-five-workdays-lightgbm,0,5,2021-05-05,96,1.0,True,120.0,163.05270471617428,43.052704716174276,43.052704716174276,2021-05-05 04:15:00,2021-05-05 08:15:00,240.0,240.0
D2,F1-3-five-workdays-lightgbm,0,5,2021-05-06,96,1.0,True,199.0,196.95414590907538,-2.045854090924621,2.045854090924621,2021-05-06 09:00:00,2021-05-06 08:45:00,-15.0,15.0
D2,F1-3-five-workdays-lightgbm,0,5,2021-05-07,96,1.0,True,181.0,168.75729179220437,-12.24270820779563,12.24270820779563,2021-05-07 09:00:00,2021-05-07 09:15:00,15.0,15.0
D2,F1-3-five-workdays-lightgbm,0,5,2021-05-08,96,1.0,True,115.0,107.66528527699663,-7.334714723003373,7.334714723003373,2021-05-08 02:00:00,2021-05-08 02:00:00,0.0,0.0
D2,F1-3-five-workdays-lightgbm,0,5,2021-05-09,96,1.0,True,184.0,189.63973346139178,5.639733461391785,5.639733461391785,2021-05-09 09:00:00,2021-05-09 13:45:00,285.0,285.0
D2,F1-3-five-workdays-lightgbm,0,6,2021-04-19,96,1.0,True,172.0,182.42156842413738,10.421568424137376,10.421568424137376,2021-04-19 08:45:00,2021-04-19 09:45:00,60.0,60.0
D2,F1-3-five-workdays-lightgbm,0,6,2021-04-20,96,1.0,True,172.0,163.9720411085362,-8.027958891463811,8.027958891463811,2021-04-20 08:45:00,2021-04-20 11:15:00,150.0,150.0
D2,F1-3-five-workdays-lightgbm,0,6,2021-04-21,96,1.0,True,174.0,170.88332091250848,-3.1166790874915193,3.1166790874915193,2021-04-21 08:30:00,2021-04-21 11:00:00,150.0,150.0
D2,F1-3-five-workdays-lightgbm,0,6,2021-04-22,96,1.0,True,174.0,170.99202355332758,-3.0079764466724157,3.0079764466724157,2021-04-22 08:30:00,2021-04-22 11:00:00,150.0,150.0
D2,F1-3-five-workdays-lightgbm,0,6,2021-04-23,96,1.0,True,174.0,148.66389990099313,-25.33610009900687,25.33610009900687,2021-04-23 08:30:00,2021-04-23 18:00:00,570.0,570.0
D2,F1-3-five-workdays-lightgbm,0,6,2021-04-24,96,1.0,True,112.0,115.36697863192742,3.3669786319274237,3.3669786319274237,2021-04-24 06:15:00,2021-04-24 02:00:00,-255.0,255.0
D2,F1-3-five-workdays-lightgbm,0,6,2021-04-25,96,1.0,True,25.0,40.11117679466697,15.111176794666967,15.111176794666967,2021-04-25 01:30:00,2021-04-25 07:45:00,375.0,375.0
D2,F1-3-five-workdays-lightgbm,0,6,2021-05-03,96,1.0,True,184.0,185.01276241034932,1.0127624103493247,1.0127624103493247,2021-05-03 08:30:00,2021-05-03 09:15:00,45.0,45.0
D2,F1-3-five-workdays-lightgbm,0,6,2021-05-04,96,1.0,True,181.0,177.0624496295247,-3.937550370475293,3.937550370475293,2021-05-04 08:30:00,2021-05-04 10:45:00,135.0,135.0
D2,F1-3-five-workdays-lightgbm,0,6,2021-05-05,96,1.0,True,120.0,163.30439272217032,43.30439272217032,43.30439272217032,2021-05-05 04:15:00,2021-05-05 08:30:00,255.0,255.0
D2,F1-3-five-workdays-lightgbm,0,6,2021-05-06,96,1.0,True,199.0,179.9142025108306,-19.08579748916941,19.08579748916941,2021-05-06 09:00:00,2021-05-06 12:00:00,180.0,180.0
D2,F1-3-five-workdays-lightgbm,0,6,2021-05-07,96,1.0,True,181.0,167.31196618739355,-13.688033812606449,13.688033812606449,2021-05-07 09:00:00,2021-05-07 09:15:00,15.0,15.0
D2,F1-3-five-workdays-lightgbm,0,6,2021-05-08,96,1.0,True,115.0,106.4995518310186,-8.500448168981407,8.500448168981407,2021-05-08 02:00:00,2021-05-08 03:45:00,105.0,105.0
D2,F1-3-five-workdays-lightgbm,0,6,2021-05-09,96,1.0,True,184.0,180.96202451140164,-3.037975488598363,3.037975488598363,2021-05-09 09:00:00,2021-05-09 13:45:00,285.0,285.0
D2,F1-3-five-workdays-lightgbm,0,7,2021-04-19,96,1.0,True,172.0,184.43813800880127,12.438138008801275,12.438138008801275,2021-04-19 08:45:00,2021-04-19 10:00:00,75.0,75.0
D2,F1-3-five-workdays-lightgbm,0,7,2021-04-20,96,1.0,True,172.0,168.87220453462194,-3.127795465378057,3.127795465378057,2021-04-20 08:45:00,2021-04-20 11:15:00,150.0,150.0
D2,F1-3-five-workdays-lightgbm,0,7,2021-04-21,96,1.0,True,174.0,169.60368540936108,-4.396314590638923,4.396314590638923,2021-04-21 08:30:00,2021-04-21 14:45:00,375.0,375.0
D2,F1-3-five-workdays-lightgbm,0,7,2021-04-22,96,1.0,True,174.0,168.9619822138052,-5.038017786194814,5.038017786194814,2021-04-22 08:30:00,2021-04-22 11:15:00,165.0,165.0
D2,F1-3-five-workdays-lightgbm,0,7,2021-04-23,96,1.0,True,174.0,136.8938879787256,-37.10611202127441,37.10611202127441,2021-04-23 08:30:00,2021-04-23 18:00:00,570.0,570.0
D2,F1-3-five-workdays-lightgbm,0,7,2021-04-24,96,1.0,True,112.0,116.11586190478818,4.115861904788176,4.115861904788176,2021-04-24 06:15:00,2021-04-24 02:00:00,-255.0,255.0
D2,F1-3-five-workdays-lightgbm,0,7,2021-04-25,96,1.0,True,25.0,50.838862093297074,25.838862093297074,25.838862093297074,2021-04-25 01:30:00,2021-04-25 08:45:00,435.0,435.0
D2,F1-3-five-workdays-lightgbm,0,7,2021-05-03,96,1.0,True,184.0,174.85170654108745,-9.148293458912548,9.148293458912548,2021-05-03 08:30:00,2021-05-03 11:00:00,150.0,150.0
D2,F1-3-five-workdays-lightgbm,0,7,2021-05-04,96,1.0,True,181.0,175.88933567929155,-5.110664320708452,5.110664320708452,2021-05-04 08:30:00,2021-05-04 11:00:00,150.0,150.0
D2,F1-3-five-workdays-lightgbm,0,7,2021-05-05,96,1.0,True,120.0,165.77704694922832,45.77704694922832,45.77704694922832,2021-05-05 04:15:00,2021-05-05 08:45:00,270.0,270.0
D2,F1-3-five-workdays-lightgbm,0,7,2021-05-06,96,1.0,True,199.0,179.25671955214258,-19.743280447857416,19.743280447857416,2021-05-06 09:00:00,2021-05-06 12:00:00,180.0,180.0
D2,F1-3-five-workdays-lightgbm,0,7,2021-05-07,96,1.0,True,181.0,180.9254951729846,-0.07450482701540295,0.07450482701540295,2021-05-07 09:00:00,2021-05-07 10:30:00,90.0,90.0
D2,F1-3-five-workdays-lightgbm,0,7,2021-05-08,96,1.0,True,115.0,106.34592131511354,-8.654078684886457,8.654078684886457,2021-05-08 02:00:00,2021-05-08 06:15:00,255.0,255.0
D2,F1-3-five-workdays-lightgbm,0,7,2021-05-09,96,1.0,True,184.0,180.55003149394284,-3.4499685060571608,3.4499685060571608,2021-05-09 09:00:00,2021-05-09 14:00:00,300.0,300.0
D2,F1-3-five-workdays-lightgbm,0,8,2021-04-19,96,1.0,True,172.0,167.6551926244672,-4.34480737553281,4.34480737553281,2021-04-19 08:45:00,2021-04-19 10:30:00,105.0,105.0
D2,F1-3-five-workdays-lightgbm,0,8,2021-04-20,96,1.0,True,172.0,166.01644927145554,-5.983550728544458,5.983550728544458,2021-04-20 08:45:00,2021-04-20 11:00:00,135.0,135.0
D2,F1-3-five-workdays-lightgbm,0,8,2021-04-21,96,1.0,True,174.0,170.2416384915084,-3.758361508491589,3.758361508491589,2021-04-21 08:30:00,2021-04-21 10:30:00,120.0,120.0
D2,F1-3-five-workdays-lightgbm,0,8,2021-04-22,96,1.0,True,174.0,170.7128761393025,-3.2871238606975055,3.2871238606975055,2021-04-22 08:30:00,2021-04-22 10:30:00,120.0,120.0
D2,F1-3-five-workdays-lightgbm,0,8,2021-04-23,96,1.0,True,174.0,130.94035715134453,-43.05964284865547,43.05964284865547,2021-04-23 08:30:00,2021-04-23 18:00:00,570.0,570.0
D2,F1-3-five-workdays-lightgbm,0,8,2021-04-24,96,1.0,True,112.0,110.68264213347611,-1.317357866523892,1.317357866523892,2021-04-24 06:15:00,2021-04-24 02:00:00,-255.0,255.0
D2,F1-3-five-workdays-lightgbm,0,8,2021-04-25,96,1.0,True,25.0,50.36769651124421,25.367696511244212,25.367696511244212,2021-04-25 01:30:00,2021-04-25 09:00:00,450.0,450.0
D2,F1-3-five-workdays-lightgbm,0,8,2021-05-03,96,1.0,True,184.0,181.13814622024714,-2.861853779752863,2.861853779752863,2021-05-03 08:30:00,2021-05-03 10:30:00,120.0,120.0
D2,F1-3-five-workdays-lightgbm,0,8,2021-05-04,96,1.0,True,181.0,172.51107240728834,-8.488927592711661,8.488927592711661,2021-05-04 08:30:00,2021-05-04 13:15:00,285.0,285.0
D2,F1-3-five-workdays-lightgbm,0,8,2021-05-05,96,1.0,True,120.0,168.0464138212338,48.04641382123381,48.04641382123381,2021-05-05 04:15:00,2021-05-05 08:45:00,270.0,270.0
D2,F1-3-five-workdays-lightgbm,0,8,2021-05-06,96,1.0,True,199.0,180.87564859446223,-18.124351405537766,18.124351405537766,2021-05-06 09:00:00,2021-05-06 10:30:00,90.0,90.0
D2,F1-3-five-workdays-lightgbm,0,8,2021-05-07,96,1.0,True,181.0,175.27524502229392,-5.724754977706084,5.724754977706084,2021-05-07 09:00:00,2021-05-07 08:45:00,-15.0,15.0
D2,F1-3-five-workdays-lightgbm,0,8,2021-05-08,96,1.0,True,115.0,111.70320326401443,-3.2967967359855663,3.2967967359855663,2021-05-08 02:00:00,2021-05-08 06:15:00,255.0,255.0
D2,F1-3-five-workdays-lightgbm,0,8,2021-05-09,96,1.0,True,184.0,174.91337606536453,-9.086623934635469,9.086623934635469,2021-05-09 09:00:00,2021-05-09 19:45:00,645.0,645.0
D2,F1-3-five-workdays-lightgbm,0,9,2021-04-19,96,1.0,True,172.0,187.8090575851219,15.809057585121906,15.809057585121906,2021-04-19 08:45:00,2021-04-19 10:30:00,105.0,105.0
D2,F1-3-five-workdays-lightgbm,0,9,2021-04-20,96,1.0,True,172.0,164.50851410311154,-7.491485896888463,7.491485896888463,2021-04-20 08:45:00,2021-04-20 11:45:00,180.0,180.0
D2,F1-3-five-workdays-lightgbm,0,9,2021-04-21,96,1.0,True,174.0,169.8012656496209,-4.198734350379112,4.198734350379112,2021-04-21 08:30:00,2021-04-21 11:30:00,180.0,180.0
D2,F1-3-five-workdays-lightgbm,0,9,2021-04-22,96,1.0,True,174.0,171.64395566226963,-2.356044337730367,2.356044337730367,2021-04-22 08:30:00,2021-04-22 11:30:00,180.0,180.0
D2,F1-3-five-workdays-lightgbm,0,9,2021-04-23,96,1.0,True,174.0,140.49200688163472,-33.50799311836528,33.50799311836528,2021-04-23 08:30:00,2021-04-23 18:00:00,570.0,570.0
D2,F1-3-five-workdays-lightgbm,0,9,2021-04-24,96,1.0,True,112.0,112.13486936287129,0.13486936287128515,0.13486936287128515,2021-04-24 06:15:00,2021-04-24 03:30:00,-165.0,165.0
D2,F1-3-five-workdays-lightgbm,0,9,2021-04-25,96,1.0,True,25.0,50.62396863706907,25.62396863706907,25.62396863706907,2021-04-25 01:30:00,2021-04-25 09:00:00,450.0,450.0
D2,F1-3-five-workdays-lightgbm,0,9,2021-05-03,96,1.0,True,184.0,177.8266163524565,-6.1733836475434885,6.1733836475434885,2021-05-03 08:30:00,2021-05-03 10:45:00,135.0,135.0
D2,F1-3-five-workdays-lightgbm,0,9,2021-05-04,96,1.0,True,181.0,171.0759073615654,-9.924092638434587,9.924092638434587,2021-05-04 08:30:00,2021-05-04 10:45:00,135.0,135.0
D2,F1-3-five-workdays-lightgbm,0,9,2021-05-05,96,1.0,True,120.0,165.4346894744521,45.434689474452114,45.434689474452114,2021-05-05 04:15:00,2021-05-05 09:00:00,285.0,285.0
D2,F1-3-five-workdays-lightgbm,0,9,2021-05-06,96,1.0,True,199.0,183.70935787472789,-15.290642125272115,15.290642125272115,2021-05-06 09:00:00,2021-05-06 14:45:00,345.0,345.0
D2,F1-3-five-workdays-lightgbm,0,9,2021-05-07,96,1.0,True,181.0,175.7125721775132,-5.287427822486791,5.287427822486791,2021-05-07 09:00:00,2021-05-07 08:45:00,-15.0,15.0
D2,F1-3-five-workdays-lightgbm,0,9,2021-05-08,96,1.0,True,115.0,108.34739536495464,-6.652604635045364,6.652604635045364,2021-05-08 02:00:00,2021-05-08 06:15:00,255.0,255.0
D2,F1-3-five-workdays-lightgbm,0,9,2021-05-09,96,1.0,True,184.0,176.45091309623507,-7.54908690376493,7.54908690376493,2021-05-09 09:00:00,2021-05-09 14:45:00,345.0,345.0
D2,F1-3-five-workdays-lightgbm,0,10,2021-04-19,96,1.0,True,172.0,187.73078857143852,15.730788571438524,15.730788571438524,2021-04-19 08:45:00,2021-04-19 10:45:00,120.0,120.0
D2,F1-3-five-workdays-lightgbm,0,10,2021-04-20,96,1.0,True,172.0,163.58414400320177,-8.415855996798228,8.415855996798228,2021-04-20 08:45:00,2021-04-20 13:45:00,300.0,300.0
D2,F1-3-five-workdays-lightgbm,0,10,2021-04-21,96,1.0,True,174.0,170.00701683319934,-3.9929831668006557,3.9929831668006557,2021-04-21 08:30:00,2021-04-21 11:00:00,150.0,150.0
D2,F1-3-five-workdays-lightgbm,0,10,2021-04-22,96,1.0,True,174.0,170.13528548961418,-3.8647145103858236,3.8647145103858236,2021-04-22 08:30:00,2021-04-22 11:00:00,150.0,150.0
D2,F1-3-five-workdays-lightgbm,0,10,2021-04-23,96,1.0,True,174.0,135.2857252294896,-38.7142747705104,38.7142747705104,2021-04-23 08:30:00,2021-04-23 18:45:00,615.0,615.0
D2,F1-3-five-workdays-lightgbm,0,10,2021-04-24,96,1.0,True,112.0,110.69051966629489,-1.3094803337051104,1.3094803337051104,2021-04-24 06:15:00,2021-04-24 03:45:00,-150.0,150.0
D2,F1-3-five-workdays-lightgbm,0,10,2021-04-25,96,1.0,True,25.0,60.6227385912088,35.6227385912088,35.6227385912088,2021-04-25 01:30:00,2021-04-25 09:00:00,450.0,450.0
D2,F1-3-five-workdays-lightgbm,0,10,2021-05-03,96,1.0,True,184.0,175.80442796859896,-8.195572031401042,8.195572031401042,2021-05-03 08:30:00,2021-05-03 08:30:00,0.0,0.0
D2,F1-3-five-workdays-lightgbm,0,10,2021-05-04,96,1.0,True,181.0,165.44302728358394,-15.556972716416055,15.556972716416055,2021-05-04 08:30:00,2021-05-04 11:45:00,195.0,195.0
D2,F1-3-five-workdays-lightgbm,0,10,2021-05-05,96,1.0,True,120.0,171.29733931143397,51.29733931143397,51.29733931143397,2021-05-05 04:15:00,2021-05-05 09:00:00,285.0,285.0
D2,F1-3-five-workdays-lightgbm,0,10,2021-05-06,96,1.0,True,199.0,180.23189401747211,-18.768105982527885,18.768105982527885,2021-05-06 09:00:00,2021-05-06 12:00:00,180.0,180.0
D2,F1-3-five-workdays-lightgbm,0,10,2021-05-07,96,1.0,True,181.0,179.49141692906,-1.5085830709400057,1.5085830709400057,2021-05-07 09:00:00,2021-05-07 11:00:00,120.0,120.0
D2,F1-3-five-workdays-lightgbm,0,10,2021-05-08,96,1.0,True,115.0,110.17605299409603,-4.823947005903975,4.823947005903975,2021-05-08 02:00:00,2021-05-08 01:45:00,-15.0,15.0
D2,F1-3-five-workdays-lightgbm,0,10,2021-05-09,96,1.0,True,184.0,178.2177418632196,-5.782258136780399,5.782258136780399,2021-05-09 09:00:00,2021-05-09 13:30:00,270.0,270.0
D2,F1-3-five-workdays-lightgbm,0,11,2021-04-19,96,1.0,True,172.0,185.9340231119145,13.934023111914513,13.934023111914513,2021-04-19 08:45:00,2021-04-19 10:45:00,120.0,120.0
D2,F1-3-five-workdays-lightgbm,0,11,2021-04-20,96,1.0,True,172.0,171.6245107413897,-0.3754892586102869,0.3754892586102869,2021-04-20 08:45:00,2021-04-20 10:45:00,120.0,120.0
D2,F1-3-five-workdays-lightgbm,0,11,2021-04-21,96,1.0,True,174.0,167.68951125824913,-6.3104887417508735,6.3104887417508735,2021-04-21 08:30:00,2021-04-21 11:15:00,165.0,165.0
D2,F1-3-five-workdays-lightgbm,0,11,2021-04-22,96,1.0,True,174.0,166.99510743460033,-7.004892565399672,7.004892565399672,2021-04-22 08:30:00,2021-04-22 11:00:00,150.0,150.0
D2,F1-3-five-workdays-lightgbm,0,11,2021-04-23,96,1.0,True,174.0,135.10612923435002,-38.89387076564998,38.89387076564998,2021-04-23 08:30:00,2021-04-23 19:00:00,630.0,630.0
D2,F1-3-five-workdays-lightgbm,0,11,2021-04-24,96,1.0,True,112.0,107.87302906392758,-4.126970936072425,4.126970936072425,2021-04-24 06:15:00,2021-04-24 03:45:00,-150.0,150.0
D2,F1-3-five-workdays-lightgbm,0,11,2021-04-25,96,1.0,True,25.0,51.09526611779141,26.09526611779141,26.09526611779141,2021-04-25 01:30:00,2021-04-25 08:45:00,435.0,435.0
D2,F1-3-five-workdays-lightgbm,0,11,2021-05-03,96,1.0,True,184.0,184.26752814205932,0.2675281420593194,0.2675281420593194,2021-05-03 08:30:00,2021-05-03 10:45:00,135.0,135.0
D2,F1-3-five-workdays-lightgbm,0,11,2021-05-04,96,1.0,True,181.0,169.60657385563957,-11.393426144360433,11.393426144360433,2021-05-04 08:30:00,2021-05-04 10:45:00,135.0,135.0
D2,F1-3-five-workdays-lightgbm,0,11,2021-05-05,96,1.0,True,120.0,170.8953402208601,50.895340220860106,50.895340220860106,2021-05-05 04:15:00,2021-05-05 08:45:00,270.0,270.0
D2,F1-3-five-workdays-lightgbm,0,11,2021-05-06,96,1.0,True,199.0,188.27888912570157,-10.721110874298432,10.721110874298432,2021-05-06 09:00:00,2021-05-06 11:45:00,165.0,165.0
D2,F1-3-five-workdays-lightgbm,0,11,2021-05-07,96,1.0,True,181.0,177.2406269054405,-3.7593730945594928,3.7593730945594928,2021-05-07 09:00:00,2021-05-07 09:00:00,0.0,0.0
D2,F1-3-five-workdays-lightgbm,0,11,2021-05-08,96,1.0,True,115.0,108.34018427373977,-6.659815726260234,6.659815726260234,2021-05-08 02:00:00,2021-05-08 06:15:00,255.0,255.0
D2,F1-3-five-workdays-lightgbm,0,11,2021-05-09,96,1.0,True,184.0,176.77748651522006,-7.222513484779938,7.222513484779938,2021-05-09 09:00:00,2021-05-09 16:00:00,420.0,420.0
D2,F1-3-five-workdays-lightgbm,0,12,2021-04-19,96,1.0,True,172.0,180.54638204564716,8.546382045647164,8.546382045647164,2021-04-19 08:45:00,2021-04-19 10:45:00,120.0,120.0
D2,F1-3-five-workdays-lightgbm,0,12,2021-04-20,96,1.0,True,172.0,159.41429115820912,-12.585708841790876,12.585708841790876,2021-04-20 08:45:00,2021-04-20 12:00:00,195.0,195.0
D2,F1-3-five-workdays-lightgbm,0,12,2021-04-21,96,1.0,True,174.0,167.56843429622853,-6.431565703771469,6.431565703771469,2021-04-21 08:30:00,2021-04-21 11:30:00,180.0,180.0
D2,F1-3-five-workdays-lightgbm,0,12,2021-04-22,96,1.0,True,174.0,166.58013513906977,-7.4198648609302325,7.4198648609302325,2021-04-22 08:30:00,2021-04-22 11:15:00,165.0,165.0
D2,F1-3-five-workdays-lightgbm,0,12,2021-04-23,96,1.0,True,174.0,150.6642929224206,-23.3357070775794,23.3357070775794,2021-04-23 08:30:00,2021-04-23 13:45:00,315.0,315.0
D2,F1-3-five-workdays-lightgbm,0,12,2021-04-24,96,1.0,True,112.0,110.27192465552012,-1.7280753444798762,1.7280753444798762,2021-04-24 06:15:00,2021-04-24 03:30:00,-165.0,165.0
D2,F1-3-five-workdays-lightgbm,0,12,2021-04-25,96,1.0,True,25.0,51.81664828874943,26.816648288749427,26.816648288749427,2021-04-25 01:30:00,2021-04-25 09:00:00,450.0,450.0
D2,F1-3-five-workdays-lightgbm,0,12,2021-05-03,96,1.0,True,184.0,179.2801766863774,-4.719823313622612,4.719823313622612,2021-05-03 08:30:00,2021-05-03 09:00:00,30.0,30.0
D2,F1-3-five-workdays-lightgbm,0,12,2021-05-04,96,1.0,True,181.0,167.6946197864044,-13.305380213595612,13.305380213595612,2021-05-04 08:30:00,2021-05-04 09:00:00,30.0,30.0
D2,F1-3-five-workdays-lightgbm,0,12,2021-05-05,96,1.0,True,120.0,175.73513886110155,55.73513886110155,55.73513886110155,2021-05-05 04:15:00,2021-05-05 08:45:00,270.0,270.0
D2,F1-3-five-workdays-lightgbm,0,12,2021-05-06,96,1.0,True,199.0,181.6835936243229,-17.316406375677104,17.316406375677104,2021-05-06 09:00:00,2021-05-06 12:00:00,180.0,180.0
D2,F1-3-five-workdays-lightgbm,0,12,2021-05-07,96,1.0,True,181.0,180.30914275225874,-0.6908572477412633,0.6908572477412633,2021-05-07 09:00:00,2021-05-07 11:45:00,165.0,165.0
D2,F1-3-five-workdays-lightgbm,0,12,2021-05-08,96,1.0,True,115.0,107.7767271072796,-7.223272892720402,7.223272892720402,2021-05-08 02:00:00,2021-05-08 06:15:00,255.0,255.0
D2,F1-3-five-workdays-lightgbm,0,12,2021-05-09,96,1.0,True,184.0,176.7296953115107,-7.27030468848929,7.27030468848929,2021-05-09 09:00:00,2021-05-09 12:15:00,195.0,195.0
D2,F1-3-five-workdays-lightgbm,0,13,2021-04-19,96,1.0,True,172.0,185.012718409118,13.012718409118008,13.012718409118008,2021-04-19 08:45:00,2021-04-19 10:45:00,120.0,120.0
D2,F1-3-five-workdays-lightgbm,0,13,2021-04-20,96,1.0,True,172.0,162.27628971153587,-9.723710288464133,9.723710288464133,2021-04-20 08:45:00,2021-04-20 11:45:00,180.0,180.0
D2,F1-3-five-workdays-lightgbm,0,13,2021-04-21,96,1.0,True,174.0,169.10917280855838,-4.890827191441616,4.890827191441616,2021-04-21 08:30:00,2021-04-21 11:45:00,195.0,195.0
D2,F1-3-five-workdays-lightgbm,0,13,2021-04-22,96,1.0,True,174.0,168.2855139451412,-5.71448605485881,5.71448605485881,2021-04-22 08:30:00,2021-04-22 11:45:00,195.0,195.0
D2,F1-3-five-workdays-lightgbm,0,13,2021-04-23,96,1.0,True,174.0,147.43291528840518,-26.567084711594816,26.567084711594816,2021-04-23 08:30:00,2021-04-23 16:15:00,465.0,465.0
D2,F1-3-five-workdays-lightgbm,0,13,2021-04-24,96,1.0,True,112.0,111.45141819980114,-0.5485818001988605,0.5485818001988605,2021-04-24 06:15:00,2021-04-24 04:30:00,-105.0,105.0
D2,F1-3-five-workdays-lightgbm,0,13,2021-04-25,96,1.0,True,25.0,44.01982820432152,19.01982820432152,19.01982820432152,2021-04-25 01:30:00,2021-04-25 10:15:00,525.0,525.0
D2,F1-3-five-workdays-lightgbm,0,13,2021-05-03,96,1.0,True,184.0,184.51938617788647,0.5193861778864743,0.5193861778864743,2021-05-03 08:30:00,2021-05-03 11:30:00,180.0,180.0
D2,F1-3-five-workdays-lightgbm,0,13,2021-05-04,96,1.0,True,181.0,168.287262319148,-12.712737680852001,12.712737680852001,2021-05-04 08:30:00,2021-05-04 11:45:00,195.0,195.0
D2,F1-3-five-workdays-lightgbm,0,13,2021-05-05,96,1.0,True,120.0,170.35458416014706,50.354584160147056,50.354584160147056,2021-05-05 04:15:00,2021-05-05 09:00:00,285.0,285.0
D2,F1-3-five-workdays-lightgbm,0,13,2021-05-06,96,1.0,True,199.0,185.41002247248474,-13.58997752751526,13.58997752751526,2021-05-06 09:00:00,2021-05-06 11:45:00,165.0,165.0
D2,F1-3-five-workdays-lightgbm,0,13,2021-05-07,96,1.0,True,181.0,174.0195164807434,-6.980483519256609,6.980483519256609,2021-05-07 09:00:00,2021-05-07 11:30:00,150.0,150.0
D2,F1-3-five-workdays-lightgbm,0,13,2021-05-08,96,1.0,True,115.0,107.78080638953998,-7.2191936104600245,7.2191936104600245,2021-05-08 02:00:00,2021-05-08 06:15:00,255.0,255.0
D2,F1-3-five-workdays-lightgbm,0,13,2021-05-09,96,1.0,True,184.0,184.31976718569163,0.31976718569163154,0.31976718569163154,2021-05-09 09:00:00,2021-05-09 12:15:00,195.0,195.0
D2,F1-3-five-workdays-lightgbm,0,14,2021-04-19,96,1.0,True,172.0,186.82593987943196,14.825939879431957,14.825939879431957,2021-04-19 08:45:00,2021-04-19 12:00:00,195.0,195.0
D2,F1-3-five-workdays-lightgbm,0,14,2021-04-20,96,1.0,True,172.0,159.86425352307987,-12.135746476920133,12.135746476920133,2021-04-20 08:45:00,2021-04-20 12:00:00,195.0,195.0
D2,F1-3-five-workdays-lightgbm,0,14,2021-04-21,96,1.0,True,174.0,165.06624826072363,-8.933751739276374,8.933751739276374,2021-04-21 08:30:00,2021-04-21 12:00:00,210.0,210.0
D2,F1-3-five-workdays-lightgbm,0,14,2021-04-22,96,1.0,True,174.0,165.31424078580974,-8.685759214190256,8.685759214190256,2021-04-22 08:30:00,2021-04-22 11:45:00,195.0,195.0
D2,F1-3-five-workdays-lightgbm,0,14,2021-04-23,96,1.0,True,174.0,150.99378009318457,-23.00621990681543,23.00621990681543,2021-04-23 08:30:00,2021-04-23 17:00:00,510.0,510.0
D2,F1-3-five-workdays-lightgbm,0,14,2021-04-24,96,1.0,True,112.0,113.44504841786537,1.4450484178653653,1.4450484178653653,2021-04-24 06:15:00,2021-04-24 03:45:00,-150.0,150.0
D2,F1-3-five-workdays-lightgbm,0,14,2021-04-25,96,1.0,True,25.0,50.56308167698198,25.56308167698198,25.56308167698198,2021-04-25 01:30:00,2021-04-25 10:30:00,540.0,540.0
D2,F1-3-five-workdays-lightgbm,0,14,2021-05-03,96,1.0,True,184.0,185.39559789356215,1.3955978935621545,1.3955978935621545,2021-05-03 08:30:00,2021-05-03 11:45:00,195.0,195.0
D2,F1-3-five-workdays-lightgbm,0,14,2021-05-04,96,1.0,True,181.0,167.41919556505778,-13.580804434942223,13.580804434942223,2021-05-04 08:30:00,2021-05-04 11:00:00,150.0,150.0
D2,F1-3-five-workdays-lightgbm,0,14,2021-05-05,96,1.0,True,120.0,168.77860734892133,48.77860734892133,48.77860734892133,2021-05-05 04:15:00,2021-05-05 09:00:00,285.0,285.0
D2,F1-3-five-workdays-lightgbm,0,14,2021-05-06,96,1.0,True,199.0,186.45126631619502,-12.548733683804983,12.548733683804983,2021-05-06 09:00:00,2021-05-06 11:45:00,165.0,165.0
D2,F1-3-five-workdays-lightgbm,0,14,2021-05-07,96,1.0,True,181.0,175.0911267927796,-5.9088732072204095,5.9088732072204095,2021-05-07 09:00:00,2021-05-07 11:45:00,165.0,165.0
D2,F1-3-five-workdays-lightgbm,0,14,2021-05-08,96,1.0,True,115.0,107.23034065186248,-7.769659348137523,7.769659348137523,2021-05-08 02:00:00,2021-05-08 06:15:00,255.0,255.0
D2,F1-3-five-workdays-lightgbm,0,14,2021-05-09,96,1.0,True,184.0,171.7520153604995,-12.247984639500487,12.247984639500487,2021-05-09 09:00:00,2021-05-09 16:00:00,420.0,420.0
D2,F1-3-five-workdays-lightgbm,0,15,2021-04-19,96,1.0,True,172.0,187.1815651966837,15.181565196683692,15.181565196683692,2021-04-19 08:45:00,2021-04-19 11:45:00,180.0,180.0
D2,F1-3-five-workdays-lightgbm,0,15,2021-04-20,96,1.0,True,172.0,173.36933110787183,1.3693311078718295,1.3693311078718295,2021-04-20 08:45:00,2021-04-20 11:45:00,180.0,180.0
D2,F1-3-five-workdays-lightgbm,0,15,2021-04-21,96,1.0,True,174.0,163.27735893585742,-10.722641064142579,10.722641064142579,2021-04-21 08:30:00,2021-04-21 14:15:00,345.0,345.0
D2,F1-3-five-workdays-lightgbm,0,15,2021-04-22,96,1.0,True,174.0,162.52302971467705,-11.476970285322949,11.476970285322949,2021-04-22 08:30:00,2021-04-22 11:45:00,195.0,195.0
D2,F1-3-five-workdays-lightgbm,0,15,2021-04-23,96,1.0,True,174.0,149.18379846730653,-24.81620153269347,24.81620153269347,2021-04-23 08:30:00,2021-04-23 19:15:00,645.0,645.0
D2,F1-3-five-workdays-lightgbm,0,15,2021-04-24,96,1.0,True,112.0,114.13041849732929,2.1304184973292877,2.1304184973292877,2021-04-24 06:15:00,2021-04-24 02:00:00,-255.0,255.0
D2,F1-3-five-workdays-lightgbm,0,15,2021-04-25,96,1.0,True,25.0,55.82739605183942,30.827396051839422,30.827396051839422,2021-04-25 01:30:00,2021-04-25 11:15:00,585.0,585.0
D2,F1-3-five-workdays-lightgbm,0,15,2021-05-03,96,1.0,True,184.0,188.94055951692624,4.940559516926243,4.940559516926243,2021-05-03 08:30:00,2021-05-03 12:00:00,210.0,210.0
D2,F1-3-five-workdays-lightgbm,0,15,2021-05-04,96,1.0,True,181.0,170.90578493877666,-10.094215061223338,10.094215061223338,2021-05-04 08:30:00,2021-05-04 14:00:00,330.0,330.0
D2,F1-3-five-workdays-lightgbm,0,15,2021-05-05,96,1.0,True,120.0,169.71300827732682,49.71300827732682,49.71300827732682,2021-05-05 04:15:00,2021-05-05 11:15:00,420.0,420.0
D2,F1-3-five-workdays-lightgbm,0,15,2021-05-06,96,1.0,True,199.0,188.8625068690695,-10.137493130930494,10.137493130930494,2021-05-06 09:00:00,2021-05-06 11:45:00,165.0,165.0
D2,F1-3-five-workdays-lightgbm,0,15,2021-05-07,96,1.0,True,181.0,174.4893550487867,-6.510644951213294,6.510644951213294,2021-05-07 09:00:00,2021-05-07 11:30:00,150.0,150.0
D2,F1-3-five-workdays-lightgbm,0,15,2021-05-08,96,1.0,True,115.0,108.01599356531264,-6.984006434687359,6.984006434687359,2021-05-08 02:00:00,2021-05-08 06:45:00,285.0,285.0
D2,F1-3-five-workdays-lightgbm,0,15,2021-05-09,96,1.0,True,184.0,180.95321045902554,-3.0467895409744585,3.0467895409744585,2021-05-09 09:00:00,2021-05-09 16:15:00,435.0,435.0
D2,F1-3-five-workdays-lightgbm,0,16,2021-04-19,96,1.0,True,172.0,180.65853227745697,8.65853227745697,8.65853227745697,2021-04-19 08:45:00,2021-04-19 12:00:00,195.0,195.0
D2,F1-3-five-workdays-lightgbm,0,16,2021-04-20,96,1.0,True,172.0,167.94798656295572,-4.05201343704428,4.05201343704428,2021-04-20 08:45:00,2021-04-20 12:00:00,195.0,195.0
D2,F1-3-five-workdays-lightgbm,0,16,2021-04-21,96,1.0,True,174.0,164.3488173206193,-9.651182679380696,9.651182679380696,2021-04-21 08:30:00,2021-04-21 13:45:00,315.0,315.0
D2,F1-3-five-workdays-lightgbm,0,16,2021-04-22,96,1.0,True,174.0,162.4028859861295,-11.59711401387051,11.59711401387051,2021-04-22 08:30:00,2021-04-22 15:45:00,435.0,435.0
D2,F1-3-five-workdays-lightgbm,0,16,2021-04-23,96,1.0,True,174.0,144.11596539887006,-29.88403460112994,29.88403460112994,2021-04-23 08:30:00,2021-04-23 18:45:00,615.0,615.0
D2,F1-3-five-workdays-lightgbm,0,16,2021-04-24,96,1.0,True,112.0,114.3513507564731,2.3513507564730958,2.3513507564730958,2021-04-24 06:15:00,2021-04-24 06:15:00,0.0,0.0
D2,F1-3-five-workdays-lightgbm,0,16,2021-04-25,96,1.0,True,25.0,60.70299445711631,35.70299445711631,35.70299445711631,2021-04-25 01:30:00,2021-04-25 11:15:00,585.0,585.0
D2,F1-3-five-workdays-lightgbm,0,16,2021-05-03,96,1.0,True,184.0,180.45099387697917,-3.549006123020831,3.549006123020831,2021-05-03 08:30:00,2021-05-03 12:00:00,210.0,210.0
D2,F1-3-five-workdays-lightgbm,0,16,2021-05-04,96,1.0,True,181.0,170.58770965082263,-10.412290349177368,10.412290349177368,2021-05-04 08:30:00,2021-05-04 13:30:00,300.0,300.0
D2,F1-3-five-workdays-lightgbm,0,16,2021-05-05,96,1.0,True,120.0,172.70275794279647,52.70275794279647,52.70275794279647,2021-05-05 04:15:00,2021-05-05 08:45:00,270.0,270.0
D2,F1-3-five-workdays-lightgbm,0,16,2021-05-06,96,1.0,True,199.0,183.74666007470657,-15.253339925293432,15.253339925293432,2021-05-06 09:00:00,2021-05-06 13:45:00,285.0,285.0
D2,F1-3-five-workdays-lightgbm,0,16,2021-05-07,96,1.0,True,181.0,179.69205741418,-1.3079425858200011,1.3079425858200011,2021-05-07 09:00:00,2021-05-07 08:45:00,-15.0,15.0
D2,F1-3-five-workdays-lightgbm,0,16,2021-05-08,96,1.0,True,115.0,110.48410610846663,-4.515893891533366,4.515893891533366,2021-05-08 02:00:00,2021-05-08 06:15:00,255.0,255.0
D2,F1-3-five-workdays-lightgbm,0,16,2021-05-09,96,1.0,True,184.0,171.64395352728607,-12.356046472713928,12.356046472713928,2021-05-09 09:00:00,2021-05-09 14:00:00,300.0,300.0
D2,F1-3-five-workdays-lightgbm,1,4,2021-05-31,95,0.9895833333333334,False,172.0,189.8302051484871,17.830205148487096,17.830205148487096,2021-05-31 10:30:00,2021-05-31 08:45:00,-105.0,105.0
D2,F1-3-five-workdays-lightgbm,1,4,2021-06-01,1,0.010416666666666666,False,71.0,77.76857488845836,6.76857488845836,6.76857488845836,2021-06-01 00:00:00,2021-06-01 00:00:00,0.0,0.0
D2,F1-3-five-workdays-lightgbm,1,4,2021-06-20,95,0.9895833333333334,False,28.0,46.95486630719309,18.954866307193093,18.954866307193093,2021-06-20 15:15:00,2021-06-20 08:15:00,-420.0,420.0
D2,F1-3-five-workdays-lightgbm,1,5,2021-05-31,95,0.9895833333333334,False,172.0,191.77309711811483,19.773097118114833,19.773097118114833,2021-05-31 10:30:00,2021-05-31 08:45:00,-105.0,105.0
D2,F1-3-five-workdays-lightgbm,1,5,2021-06-01,1,0.010416666666666666,False,71.0,79.68528267743544,8.685282677435438,8.685282677435438,2021-06-01 00:00:00,2021-06-01 00:00:00,0.0,0.0
D2,F1-3-five-workdays-lightgbm,1,5,2021-06-20,95,0.9895833333333334,False,28.0,53.112915622023046,25.112915622023046,25.112915622023046,2021-06-20 15:15:00,2021-06-20 08:30:00,-405.0,405.0
D2,F1-3-five-workdays-lightgbm,1,6,2021-05-31,95,0.9895833333333334,False,172.0,192.22535941421495,20.22535941421495,20.22535941421495,2021-05-31 10:30:00,2021-05-31 09:00:00,-90.0,90.0
D2,F1-3-five-workdays-lightgbm,1,6,2021-06-01,1,0.010416666666666666,False,71.0,83.54939066966946,12.549390669669464,12.549390669669464,2021-06-01 00:00:00,2021-06-01 00:00:00,0.0,0.0
D2,F1-3-five-workdays-lightgbm,1,6,2021-06-20,95,0.9895833333333334,False,28.0,78.9331235754666,50.933123575466595,50.933123575466595,2021-06-20 15:15:00,2021-06-20 08:45:00,-390.0,390.0
D2,F1-3-five-workdays-lightgbm,1,7,2021-05-31,95,0.9895833333333334,False,172.0,186.3584952127603,14.358495212760289,14.358495212760289,2021-05-31 10:30:00,2021-05-31 09:45:00,-45.0,45.0
D2,F1-3-five-workdays-lightgbm,1,7,2021-06-01,1,0.010416666666666666,False,71.0,82.70266878921052,11.70266878921052,11.70266878921052,2021-06-01 00:00:00,2021-06-01 00:00:00,0.0,0.0
D2,F1-3-five-workdays-lightgbm,1,7,2021-06-20,95,0.9895833333333334,False,28.0,70.2095963530643,42.2095963530643,42.2095963530643,2021-06-20 15:15:00,2021-06-20 08:45:00,-390.0,390.0
D2,F1-3-five-workdays-lightgbm,1,8,2021-05-31,95,0.9895833333333334,False,172.0,184.65209271885104,12.652092718851037,12.652092718851037,2021-05-31 10:30:00,2021-05-31 10:00:00,-30.0,30.0
D2,F1-3-five-workdays-lightgbm,1,8,2021-06-01,1,0.010416666666666666,False,71.0,82.94844199147086,11.948441991470858,11.948441991470858,2021-06-01 00:00:00,2021-06-01 00:00:00,0.0,0.0
D2,F1-3-five-workdays-lightgbm,1,8,2021-06-20,95,0.9895833333333334,False,28.0,80.72090346416665,52.72090346416665,52.72090346416665,2021-06-20 15:15:00,2021-06-20 09:00:00,-375.0,375.0
D2,F1-3-five-workdays-lightgbm,1,9,2021-05-31,95,0.9895833333333334,False,172.0,166.10704872394166,-5.892951276058341,5.892951276058341,2021-05-31 10:30:00,2021-05-31 10:45:00,15.0,15.0
D2,F1-3-five-workdays-lightgbm,1,9,2021-06-01,1,0.010416666666666666,False,71.0,86.72270316818413,15.722703168184125,15.722703168184125,2021-06-01 00:00:00,2021-06-01 00:00:00,0.0,0.0
D2,F1-3-five-workdays-lightgbm,1,9,2021-06-20,95,0.9895833333333334,False,28.0,54.988974163349226,26.988974163349226,26.988974163349226,2021-06-20 15:15:00,2021-06-20 09:00:00,-375.0,375.0
D2,F1-3-five-workdays-lightgbm,1,10,2021-05-31,95,0.9895833333333334,False,172.0,173.83938461954662,1.839384619546621,1.839384619546621,2021-05-31 10:30:00,2021-05-31 10:45:00,15.0,15.0
D2,F1-3-five-workdays-lightgbm,1,10,2021-06-01,1,0.010416666666666666,False,71.0,82.93157632695414,11.931576326954143,11.931576326954143,2021-06-01 00:00:00,2021-06-01 00:00:00,0.0,0.0
D2,F1-3-five-workdays-lightgbm,1,10,2021-06-20,95,0.9895833333333334,False,28.0,64.63934729838698,36.63934729838698,36.63934729838698,2021-06-20 15:15:00,2021-06-20 09:30:00,-345.0,345.0
D2,F1-3-five-workdays-lightgbm,1,11,2021-05-31,95,0.9895833333333334,False,172.0,171.23542308361206,-0.7645769163879379,0.7645769163879379,2021-05-31 10:30:00,2021-05-31 11:15:00,45.0,45.0
D2,F1-3-five-workdays-lightgbm,1,11,2021-06-01,1,0.010416666666666666,False,71.0,83.19234526110682,12.192345261106823,12.192345261106823,2021-06-01 00:00:00,2021-06-01 00:00:00,0.0,0.0
D2,F1-3-five-workdays-lightgbm,1,11,2021-06-20,95,0.9895833333333334,False,28.0,48.047084905089385,20.047084905089385,20.047084905089385,2021-06-20 15:15:00,2021-06-20 09:45:00,-330.0,330.0
D2,F1-3-five-workdays-lightgbm,1,12,2021-05-31,95,0.9895833333333334,False,172.0,168.396918737166,-3.603081262833996,3.603081262833996,2021-05-31 10:30:00,2021-05-31 11:30:00,60.0,60.0
D2,F1-3-five-workdays-lightgbm,1,12,2021-06-01,1,0.010416666666666666,False,71.0,84.72813322799652,13.728133227996523,13.728133227996523,2021-06-01 00:00:00,2021-06-01 00:00:00,0.0,0.0
D2,F1-3-five-workdays-lightgbm,1,12,2021-06-20,95,0.9895833333333334,False,28.0,35.877869601813046,7.877869601813046,7.877869601813046,2021-06-20 15:15:00,2021-06-20 09:45:00,-330.0,330.0
D2,F1-3-five-workdays-lightgbm,1,13,2021-05-31,95,0.9895833333333334,False,172.0,169.57980829146194,-2.4201917085380558,2.4201917085380558,2021-05-31 10:30:00,2021-05-31 11:45:00,75.0,75.0
D2,F1-3-five-workdays-lightgbm,1,13,2021-06-01,1,0.010416666666666666,False,71.0,80.34604478790683,9.346044787906834,9.346044787906834,2021-06-01 00:00:00,2021-06-01 00:00:00,0.0,0.0
D2,F1-3-five-workdays-lightgbm,1,13,2021-06-20,95,0.9895833333333334,False,28.0,64.13432107894201,36.13432107894201,36.13432107894201,2021-06-20 15:15:00,2021-06-20 08:45:00,-390.0,390.0
D2,F1-3-five-workdays-lightgbm,1,14,2021-05-31,95,0.9895833333333334,False,172.0,168.189721733361,-3.8102782666389885,3.8102782666389885,2021-05-31 10:30:00,2021-05-31 11:00:00,30.0,30.0
D2,F1-3-five-workdays-lightgbm,1,14,2021-06-01,1,0.010416666666666666,False,71.0,84.44995060269265,13.449950602692653,13.449950602692653,2021-06-01 00:00:00,2021-06-01 00:00:00,0.0,0.0
D2,F1-3-five-workdays-lightgbm,1,14,2021-06-20,95,0.9895833333333334,False,28.0,50.61425541856113,22.61425541856113,22.61425541856113,2021-06-20 15:15:00,2021-06-20 08:45:00,-390.0,390.0
D2,F1-3-five-workdays-lightgbm,1,15,2021-05-31,95,0.9895833333333334,False,172.0,166.34667280448764,-5.653327195512361,5.653327195512361,2021-05-31 10:30:00,2021-05-31 11:15:00,45.0,45.0
D2,F1-3-five-workdays-lightgbm,1,15,2021-06-01,1,0.010416666666666666,False,71.0,83.98534131310757,12.985341313107568,12.985341313107568,2021-06-01 00:00:00,2021-06-01 00:00:00,0.0,0.0
D2,F1-3-five-workdays-lightgbm,1,15,2021-06-20,95,0.9895833333333334,False,28.0,49.10519087518706,21.105190875187063,21.105190875187063,2021-06-20 15:15:00,2021-06-20 08:45:00,-390.0,390.0
D2,F1-3-five-workdays-lightgbm,1,16,2021-05-31,95,0.9895833333333334,False,172.0,161.85889211637755,-10.141107883622453,10.141107883622453,2021-05-31 10:30:00,2021-05-31 12:00:00,90.0,90.0
D2,F1-3-five-workdays-lightgbm,1,16,2021-06-01,1,0.010416666666666666,False,71.0,80.90307837769414,9.903078377694143,9.903078377694143,2021-06-01 00:00:00,2021-06-01 00:00:00,0.0,0.0
D2,F1-3-five-workdays-lightgbm,1,16,2021-06-20,95,0.9895833333333334,False,28.0,46.72029223522733,18.720292235227333,18.720292235227333,2021-06-20 15:15:00,2021-06-20 09:45:00,-330.0,330.0
D2,F1-3-five-workdays-lightgbm,2,4,2021-07-12,96,1.0,True,198.0,187.9994440886928,-10.000555911307202,10.000555911307202,2021-07-12 08:45:00,2021-07-12 08:30:00,-15.0,15.0
D2,F1-3-five-workdays-lightgbm,2,4,2021-07-13,1,0.010416666666666666,False,79.0,95.84433186660422,16.84433186660422,16.84433186660422,2021-07-13 00:00:00,2021-07-13 00:00:00,0.0,0.0
D2,F1-3-five-workdays-lightgbm,2,4,2021-07-17,80,0.8333333333333334,False,108.0,109.22205356751793,1.222053567517932,1.222053567517932,2021-07-17 06:00:00,2021-07-17 06:15:00,15.0,15.0
D2,F1-3-five-workdays-lightgbm,2,4,2021-07-18,84,0.875,False,28.0,103.61098245520027,75.61098245520027,75.61098245520027,2021-07-18 04:30:00,2021-07-18 08:30:00,240.0,240.0
D2,F1-3-five-workdays-lightgbm,2,4,2021-07-26,84,0.875,False,217.0,181.15767045484648,-35.84232954515352,35.84232954515352,2021-07-26 08:30:00,2021-07-26 10:00:00,90.0,90.0
D2,F1-3-five-workdays-lightgbm,2,4,2021-07-27,84,0.875,False,211.0,186.36431012375076,-24.635689876249245,24.635689876249245,2021-07-27 11:45:00,2021-07-27 13:30:00,105.0,105.0
D2,F1-3-five-workdays-lightgbm,2,4,2021-07-28,84,0.875,False,212.0,186.9027753810278,-25.097224618972206,25.097224618972206,2021-07-28 12:00:00,2021-07-28 13:30:00,90.0,90.0
D2,F1-3-five-workdays-lightgbm,2,4,2021-07-29,84,0.875,False,211.0,186.07870512419834,-24.921294875801664,24.921294875801664,2021-07-29 12:00:00,2021-07-29 14:00:00,120.0,120.0
D2,F1-3-five-workdays-lightgbm,2,4,2021-07-30,85,0.8854166666666666,False,212.0,181.5846910616609,-30.41530893833911,30.41530893833911,2021-07-30 12:00:00,2021-07-30 14:15:00,135.0,135.0
D2,F1-3-five-workdays-lightgbm,2,4,2021-07-31,96,1.0,True,80.0,89.43231180275953,9.432311802759529,9.432311802759529,2021-07-31 00:00:00,2021-07-31 00:00:00,0.0,0.0
D2,F1-3-five-workdays-lightgbm,2,4,2021-08-01,96,1.0,True,28.0,30.45977373862952,2.4597737386295186,2.4597737386295186,2021-08-01 09:00:00,2021-08-01 11:00:00,120.0,120.0
D2,F1-3-five-workdays-lightgbm,2,4,2021-08-09,1,0.010416666666666666,False,21.0,30.692485124774482,9.692485124774482,9.692485124774482,2021-08-09 00:00:00,2021-08-09 00:00:00,0.0,0.0
D2,F1-3-five-workdays-lightgbm,2,5,2021-07-12,96,1.0,True,198.0,200.0673192347355,2.0673192347354927,2.0673192347354927,2021-07-12 08:45:00,2021-07-12 08:30:00,-15.0,15.0
D2,F1-3-five-workdays-lightgbm,2,5,2021-07-13,1,0.010416666666666666,False,79.0,92.51948965973504,13.519489659735044,13.519489659735044,2021-07-13 00:00:00,2021-07-13 00:00:00,0.0,0.0
D2,F1-3-five-workdays-lightgbm,2,5,2021-07-17,79,0.8229166666666666,False,108.0,108.93509794431716,0.9350979443171639,0.9350979443171639,2021-07-17 06:00:00,2021-07-17 04:15:00,-105.0,105.0
D2,F1-3-five-workdays-lightgbm,2,5,2021-07-18,84,0.875,False,28.0,113.51491039414772,85.51491039414772,85.51491039414772,2021-07-18 04:30:00,2021-07-18 08:30:00,240.0,240.0
D2,F1-3-five-workdays-lightgbm,2,5,2021-07-26,84,0.875,False,217.0,201.93387837023977,-15.066121629760232,15.066121629760232,2021-07-26 08:30:00,2021-07-26 08:15:00,-15.0,15.0
D2,F1-3-five-workdays-lightgbm,2,5,2021-07-27,84,0.875,False,211.0,186.80857541597706,-24.19142458402294,24.19142458402294,2021-07-27 11:45:00,2021-07-27 14:00:00,135.0,135.0
D2,F1-3-five-workdays-lightgbm,2,5,2021-07-28,84,0.875,False,212.0,189.438824982901,-22.561175017099004,22.561175017099004,2021-07-28 12:00:00,2021-07-28 14:30:00,150.0,150.0
D2,F1-3-five-workdays-lightgbm,2,5,2021-07-29,84,0.875,False,211.0,185.71325997922833,-25.286740020771674,25.286740020771674,2021-07-29 12:00:00,2021-07-29 14:45:00,165.0,165.0
D2,F1-3-five-workdays-lightgbm,2,5,2021-07-30,85,0.8854166666666666,False,212.0,184.4380169961846,-27.561983003815413,27.561983003815413,2021-07-30 12:00:00,2021-07-30 10:45:00,-75.0,75.0
D2,F1-3-five-workdays-lightgbm,2,5,2021-07-31,96,1.0,True,80.0,94.66062318832995,14.66062318832995,14.66062318832995,2021-07-31 00:00:00,2021-07-31 01:15:00,75.0,75.0
D2,F1-3-five-workdays-lightgbm,2,5,2021-08-01,96,1.0,True,28.0,36.58833041894442,8.588330418944423,8.588330418944423,2021-08-01 09:00:00,2021-08-01 12:45:00,225.0,225.0
D2,F1-3-five-workdays-lightgbm,2,5,2021-08-09,1,0.010416666666666666,False,21.0,28.612575858527336,7.612575858527336,7.612575858527336,2021-08-09 00:00:00,2021-08-09 00:00:00,0.0,0.0
D2,F1-3-five-workdays-lightgbm,2,6,2021-07-12,96,1.0,True,198.0,207.16168030596998,9.16168030596998,9.16168030596998,2021-07-12 08:45:00,2021-07-12 08:45:00,0.0,0.0
D2,F1-3-five-workdays-lightgbm,2,6,2021-07-13,1,0.010416666666666666,False,79.0,90.67632328454701,11.67632328454701,11.67632328454701,2021-07-13 00:00:00,2021-07-13 00:00:00,0.0,0.0
D2,F1-3-five-workdays-lightgbm,2,6,2021-07-17,78,0.8125,False,108.0,105.41958834566292,-2.580411654337084,2.580411654337084,2021-07-17 06:00:00,2021-07-17 04:30:00,-90.0,90.0
D2,F1-3-five-workdays-lightgbm,2,6,2021-07-18,84,0.875,False,28.0,106.46974376970637,78.46974376970637,78.46974376970637,2021-07-18 01:15:00,2021-07-18 08:30:00,435.0,435.0
D2,F1-3-five-workdays-lightgbm,2,6,2021-07-26,84,0.875,False,217.0,226.59354268229134,9.593542682291343,9.593542682291343,2021-07-26 08:30:00,2021-07-26 08:30:00,0.0,0.0
D2,F1-3-five-workdays-lightgbm,2,6,2021-07-27,84,0.875,False,211.0,185.876577408184,-25.123422591815995,25.123422591815995,2021-07-27 11:45:00,2021-07-27 15:00:00,195.0,195.0
D2,F1-3-five-workdays-lightgbm,2,6,2021-07-28,84,0.875,False,212.0,187.57301586712282,-24.42698413287718,24.42698413287718,2021-07-28 12:00:00,2021-07-28 15:00:00,180.0,180.0
D2,F1-3-five-workdays-lightgbm,2,6,2021-07-29,84,0.875,False,211.0,186.7115654999634,-24.2884345000366,24.2884345000366,2021-07-29 12:00:00,2021-07-29 15:00:00,180.0,180.0
D2,F1-3-five-workdays-lightgbm,2,6,2021-07-30,85,0.8854166666666666,False,212.0,181.45231669480447,-30.547683305195534,30.547683305195534,2021-07-30 12:00:00,2021-07-30 15:00:00,180.0,180.0
D2,F1-3-five-workdays-lightgbm,2,6,2021-07-31,96,1.0,True,80.0,98.44268146034906,18.442681460349064,18.442681460349064,2021-07-31 00:00:00,2021-07-31 01:30:00,90.0,90.0
D2,F1-3-five-workdays-lightgbm,2,6,2021-08-01,96,1.0,True,28.0,44.822042173775394,16.822042173775394,16.822042173775394,2021-08-01 09:00:00,2021-08-01 10:45:00,105.0,105.0
D2,F1-3-five-workdays-lightgbm,2,6,2021-08-09,1,0.010416666666666666,False,21.0,30.545603658831325,9.545603658831325,9.545603658831325,2021-08-09 00:00:00,2021-08-09 00:00:00,0.0,0.0
D2,F1-3-five-workdays-lightgbm,2,7,2021-07-12,96,1.0,True,198.0,216.0819490538354,18.081949053835388,18.081949053835388,2021-07-12 08:45:00,2021-07-12 08:30:00,-15.0,15.0
D2,F1-3-five-workdays-lightgbm,2,7,2021-07-13,1,0.010416666666666666,False,79.0,91.69218167744341,12.692181677443415,12.692181677443415,2021-07-13 00:00:00,2021-07-13 00:00:00,0.0,0.0
D2,F1-3-five-workdays-lightgbm,2,7,2021-07-17,77,0.8020833333333334,False,108.0,107.81708705399299,-0.1829129460070078,0.1829129460070078,2021-07-17 06:00:00,2021-07-17 04:45:00,-75.0,75.0
D2,F1-3-five-workdays-lightgbm,2,7,2021-07-18,84,0.875,False,28.0,92.52293978695143,64.52293978695143,64.52293978695143,2021-07-18 01:15:00,2021-07-18 08:30:00,435.0,435.0
D2,F1-3-five-workdays-lightgbm,2,7,2021-07-26,84,0.875,False,217.0,220.3142557638536,3.3142557638535948,3.3142557638535948,2021-07-26 08:30:00,2021-07-26 08:15:00,-15.0,15.0
D2,F1-3-five-workdays-lightgbm,2,7,2021-07-27,84,0.875,False,211.0,178.11388483996222,-32.886115160037775,32.886115160037775,2021-07-27 11:45:00,2021-07-27 14:00:00,135.0,135.0
D2,F1-3-five-workdays-lightgbm,2,7,2021-07-28,84,0.875,False,212.0,178.26595150710983,-33.73404849289017,33.73404849289017,2021-07-28 12:00:00,2021-07-28 13:45:00,105.0,105.0
D2,F1-3-five-workdays-lightgbm,2,7,2021-07-29,84,0.875,False,211.0,178.4136405771922,-32.58635942280779,32.58635942280779,2021-07-29 12:00:00,2021-07-29 09:00:00,-180.0,180.0
D2,F1-3-five-workdays-lightgbm,2,7,2021-07-30,85,0.8854166666666666,False,212.0,177.0850806500503,-34.91491934994971,34.91491934994971,2021-07-30 12:00:00,2021-07-30 11:00:00,-60.0,60.0
D2,F1-3-five-workdays-lightgbm,2,7,2021-07-31,96,1.0,True,80.0,105.36194215439065,25.361942154390647,25.361942154390647,2021-07-31 00:00:00,2021-07-31 01:45:00,105.0,105.0
D2,F1-3-five-workdays-lightgbm,2,7,2021-08-01,96,1.0,True,28.0,51.8932375606087,23.893237560608704,23.893237560608704,2021-08-01 09:00:00,2021-08-01 11:15:00,135.0,135.0
D2,F1-3-five-workdays-lightgbm,2,7,2021-08-09,1,0.010416666666666666,False,21.0,25.699579344122153,4.699579344122153,4.699579344122153,2021-08-09 00:00:00,2021-08-09 00:00:00,0.0,0.0
D2,F1-3-five-workdays-lightgbm,2,8,2021-07-12,96,1.0,True,198.0,208.04524741984648,10.045247419846476,10.045247419846476,2021-07-12 08:45:00,2021-07-12 09:15:00,30.0,30.0
D2,F1-3-five-workdays-lightgbm,2,8,2021-07-13,1,0.010416666666666666,False,79.0,98.53252912255407,19.532529122554067,19.532529122554067,2021-07-13 00:00:00,2021-07-13 00:00:00,0.0,0.0
D2,F1-3-five-workdays-lightgbm,2,8,2021-07-17,76,0.7916666666666666,False,108.0,105.55753668776823,-2.442463312231766,2.442463312231766,2021-07-17 06:00:00,2021-07-17 07:15:00,75.0,75.0
D2,F1-3-five-workdays-lightgbm,2,8,2021-07-18,84,0.875,False,28.0,76.80912290511105,48.80912290511105,48.80912290511105,2021-07-18 01:15:00,2021-07-18 09:00:00,465.0,465.0
D2,F1-3-five-workdays-lightgbm,2,8,2021-07-26,84,0.875,False,217.0,209.4664276681394,-7.533572331860597,7.533572331860597,2021-07-26 08:30:00,2021-07-26 08:45:00,15.0,15.0
D2,F1-3-five-workdays-lightgbm,2,8,2021-07-27,84,0.875,False,211.0,175.09694079831277,-35.90305920168723,35.90305920168723,2021-07-27 11:45:00,2021-07-27 13:15:00,90.0,90.0
D2,F1-3-five-workdays-lightgbm,2,8,2021-07-28,84,0.875,False,212.0,175.09694079831277,-36.90305920168723,36.90305920168723,2021-07-28 12:00:00,2021-07-28 13:15:00,75.0,75.0
D2,F1-3-five-workdays-lightgbm,2,8,2021-07-29,84,0.875,False,211.0,175.04876012967193,-35.95123987032807,35.95123987032807,2021-07-29 12:00:00,2021-07-29 11:30:00,-30.0,30.0
D2,F1-3-five-workdays-lightgbm,2,8,2021-07-30,85,0.8854166666666666,False,212.0,175.4239348850342,-36.576065114965786,36.576065114965786,2021-07-30 12:00:00,2021-07-30 13:15:00,75.0,75.0
D2,F1-3-five-workdays-lightgbm,2,8,2021-07-31,96,1.0,True,80.0,109.45159463243687,29.451594632436866,29.451594632436866,2021-07-31 00:00:00,2021-07-31 01:45:00,105.0,105.0
D2,F1-3-five-workdays-lightgbm,2,8,2021-08-01,96,1.0,True,28.0,60.26580189755856,32.26580189755856,32.26580189755856,2021-08-01 09:00:00,2021-08-01 08:15:00,-45.0,45.0
D2,F1-3-five-workdays-lightgbm,2,8,2021-08-09,1,0.010416666666666666,False,21.0,25.092872821465637,4.092872821465637,4.092872821465637,2021-08-09 00:00:00,2021-08-09 00:00:00,0.0,0.0
D2,F1-3-five-workdays-lightgbm,2,9,2021-07-12,96,1.0,True,198.0,209.244789151506,11.244789151506012,11.244789151506012,2021-07-12 08:45:00,2021-07-12 08:45:00,0.0,0.0
D2,F1-3-five-workdays-lightgbm,2,9,2021-07-13,1,0.010416666666666666,False,79.0,94.25087287050472,15.250872870504722,15.250872870504722,2021-07-13 00:00:00,2021-07-13 00:00:00,0.0,0.0
D2,F1-3-five-workdays-lightgbm,2,9,2021-07-17,75,0.78125,False,108.0,104.83232682461707,-3.16767317538293,3.16767317538293,2021-07-17 06:00:00,2021-07-17 06:15:00,15.0,15.0
D2,F1-3-five-workdays-lightgbm,2,9,2021-07-18,84,0.875,False,28.0,88.94073167722311,60.94073167722311,60.94073167722311,2021-07-18 01:15:00,2021-07-18 09:00:00,465.0,465.0
D2,F1-3-five-workdays-lightgbm,2,9,2021-07-26,84,0.875,False,217.0,207.90031514426767,-9.099684855732335,9.099684855732335,2021-07-26 08:30:00,2021-07-26 08:30:00,0.0,0.0
D2,F1-3-five-workdays-lightgbm,2,9,2021-07-27,84,0.875,False,211.0,177.3862563738744,-33.6137436261256,33.6137436261256,2021-07-27 11:45:00,2021-07-27 13:30:00,105.0,105.0
D2,F1-3-five-workdays-lightgbm,2,9,2021-07-28,84,0.875,False,212.0,177.6230585403149,-34.3769414596851,34.3769414596851,2021-07-28 12:00:00,2021-07-28 11:30:00,-30.0,30.0
D2,F1-3-five-workdays-lightgbm,2,9,2021-07-29,84,0.875,False,211.0,177.6230585403149,-33.3769414596851,33.3769414596851,2021-07-29 12:00:00,2021-07-29 12:00:00,0.0,0.0
D2,F1-3-five-workdays-lightgbm,2,9,2021-07-30,85,0.8854166666666666,False,212.0,177.6230585403149,-34.3769414596851,34.3769414596851,2021-07-30 12:00:00,2021-07-30 11:45:00,-15.0,15.0
D2,F1-3-five-workdays-lightgbm,2,9,2021-07-31,96,1.0,True,80.0,110.03936901404667,30.03936901404667,30.03936901404667,2021-07-31 00:00:00,2021-07-31 01:45:00,105.0,105.0
D2,F1-3-five-workdays-lightgbm,2,9,2021-08-01,96,1.0,True,28.0,53.3132217191626,25.3132217191626,25.3132217191626,2021-08-01 09:00:00,2021-08-01 08:15:00,-45.0,45.0
D2,F1-3-five-workdays-lightgbm,2,9,2021-08-09,1,0.010416666666666666,False,21.0,23.10885271255447,2.1088527125544694,2.1088527125544694,2021-08-09 00:00:00,2021-08-09 00:00:00,0.0,0.0
D2,F1-3-five-workdays-lightgbm,2,10,2021-07-12,96,1.0,True,198.0,196.26266450208513,-1.73733549791487,1.73733549791487,2021-07-12 08:45:00,2021-07-12 09:00:00,15.0,15.0
D2,F1-3-five-workdays-lightgbm,2,10,2021-07-13,1,0.010416666666666666,False,79.0,91.57201734610955,12.572017346109547,12.572017346109547,2021-07-13 00:00:00,2021-07-13 00:00:00,0.0,0.0
D2,F1-3-five-workdays-lightgbm,2,10,2021-07-17,74,0.7708333333333334,False,108.0,105.0531649956996,-2.9468350043003966,2.9468350043003966,2021-07-17 06:00:00,2021-07-17 06:15:00,15.0,15.0
D2,F1-3-five-workdays-lightgbm,2,10,2021-07-18,84,0.875,False,28.0,93.93841011592951,65.93841011592951,65.93841011592951,2021-07-18 01:15:00,2021-07-18 09:45:00,510.0,510.0
D2,F1-3-five-workdays-lightgbm,2,10,2021-07-26,84,0.875,False,217.0,189.20193131515904,-27.798068684840956,27.798068684840956,2021-07-26 08:30:00,2021-07-26 08:45:00,15.0,15.0
D2,F1-3-five-workdays-lightgbm,2,10,2021-07-27,84,0.875,False,211.0,174.8029724470455,-36.197027552954495,36.197027552954495,2021-07-27 11:45:00,2021-07-27 11:00:00,-45.0,45.0
D2,F1-3-five-workdays-lightgbm,2,10,2021-07-28,84,0.875,False,212.0,174.8029724470455,-37.197027552954495,37.197027552954495,2021-07-28 12:00:00,2021-07-28 11:30:00,-30.0,30.0
D2,F1-3-five-workdays-lightgbm,2,10,2021-07-29,84,0.875,False,211.0,174.8029724470455,-36.197027552954495,36.197027552954495,2021-07-29 12:00:00,2021-07-29 11:30:00,-30.0,30.0
D2,F1-3-five-workdays-lightgbm,2,10,2021-07-30,85,0.8854166666666666,False,212.0,174.8029724470455,-37.197027552954495,37.197027552954495,2021-07-30 12:00:00,2021-07-30 11:30:00,-30.0,30.0
D2,F1-3-five-workdays-lightgbm,2,10,2021-07-31,96,1.0,True,80.0,109.38002030699894,29.380020306998944,29.380020306998944,2021-07-31 00:00:00,2021-07-31 02:15:00,135.0,135.0
D2,F1-3-five-workdays-lightgbm,2,10,2021-08-01,96,1.0,True,28.0,61.397949409636766,33.397949409636766,33.397949409636766,2021-08-01 09:00:00,2021-08-01 08:15:00,-45.0,45.0
D2,F1-3-five-workdays-lightgbm,2,10,2021-08-09,1,0.010416666666666666,False,21.0,24.813736594177225,3.813736594177225,3.813736594177225,2021-08-09 00:00:00,2021-08-09 00:00:00,0.0,0.0
D2,F1-3-five-workdays-lightgbm,2,11,2021-07-12,96,1.0,True,198.0,201.64312312709671,3.6431231270967146,3.6431231270967146,2021-07-12 08:45:00,2021-07-12 09:45:00,60.0,60.0
D2,F1-3-five-workdays-lightgbm,2,11,2021-07-13,1,0.010416666666666666,False,79.0,89.37412613097386,10.374126130973863,10.374126130973863,2021-07-13 00:00:00,2021-07-13 00:00:00,0.0,0.0
D2,F1-3-five-workdays-lightgbm,2,11,2021-07-17,73,0.7604166666666666,False,108.0,105.46857476007915,-2.53142523992085,2.53142523992085,2021-07-17 06:00:00,2021-07-17 06:15:00,15.0,15.0
D2,F1-3-five-workdays-lightgbm,2,11,2021-07-18,84,0.875,False,28.0,91.54269636198256,63.542696361982564,63.542696361982564,2021-07-18 01:15:00,2021-07-18 09:45:00,510.0,510.0
D2,F1-3-five-workdays-lightgbm,2,11,2021-07-26,84,0.875,False,217.0,201.23423512897324,-15.76576487102676,15.76576487102676,2021-07-26 08:30:00,2021-07-26 08:30:00,0.0,0.0
D2,F1-3-five-workdays-lightgbm,2,11,2021-07-27,84,0.875,False,211.0,176.7517335307438,-34.24826646925621,34.24826646925621,2021-07-27 11:45:00,2021-07-27 15:00:00,195.0,195.0
D2,F1-3-five-workdays-lightgbm,2,11,2021-07-28,84,0.875,False,212.0,176.81968036303925,-35.180319636960746,35.180319636960746,2021-07-28 12:00:00,2021-07-28 15:00:00,180.0,180.0
D2,F1-3-five-workdays-lightgbm,2,11,2021-07-29,84,0.875,False,211.0,176.81968036303925,-34.180319636960746,34.180319636960746,2021-07-29 12:00:00,2021-07-29 15:00:00,180.0,180.0
D2,F1-3-five-workdays-lightgbm,2,11,2021-07-30,85,0.8854166666666666,False,212.0,176.01307874203636,-35.986921257963644,35.986921257963644,2021-07-30 12:00:00,2021-07-30 15:00:00,180.0,180.0
D2,F1-3-five-workdays-lightgbm,2,11,2021-07-31,96,1.0,True,80.0,109.57115802215584,29.571158022155842,29.571158022155842,2021-07-31 00:00:00,2021-07-31 02:15:00,135.0,135.0
D2,F1-3-five-workdays-lightgbm,2,11,2021-08-01,96,1.0,True,28.0,50.7423622692079,22.742362269207902,22.742362269207902,2021-08-01 09:00:00,2021-08-01 11:45:00,165.0,165.0
D2,F1-3-five-workdays-lightgbm,2,11,2021-08-09,1,0.010416666666666666,False,21.0,25.539017054093286,4.539017054093286,4.539017054093286,2021-08-09 00:00:00,2021-08-09 00:00:00,0.0,0.0
D2,F1-3-five-workdays-lightgbm,2,12,2021-07-12,96,1.0,True,198.0,197.68770524209648,-0.3122947579035156,0.3122947579035156,2021-07-12 08:45:00,2021-07-12 09:00:00,15.0,15.0
D2,F1-3-five-workdays-lightgbm,2,12,2021-07-13,1,0.010416666666666666,False,79.0,85.15552270980415,6.155522709804146,6.155522709804146,2021-07-13 00:00:00,2021-07-13 00:00:00,0.0,0.0
D2,F1-3-five-workdays-lightgbm,2,12,2021-07-17,72,0.75,False,108.0,107.49867546093199,-0.5013245390680083,0.5013245390680083,2021-07-17 06:00:00,2021-07-17 06:00:00,0.0,0.0
D2,F1-3-five-workdays-lightgbm,2,12,2021-07-18,84,0.875,False,28.0,99.65130916520908,71.65130916520908,71.65130916520908,2021-07-18 01:15:00,2021-07-18 09:45:00,510.0,510.0
D2,F1-3-five-workdays-lightgbm,2,12,2021-07-26,84,0.875,False,217.0,196.5498789475576,-20.450121052442398,20.450121052442398,2021-07-26 08:30:00,2021-07-26 08:30:00,0.0,0.0
D2,F1-3-five-workdays-lightgbm,2,12,2021-07-27,84,0.875,False,211.0,176.22751827264247,-34.77248172735753,34.77248172735753,2021-07-27 11:45:00,2021-07-27 12:00:00,15.0,15.0
D2,F1-3-five-workdays-lightgbm,2,12,2021-07-28,84,0.875,False,212.0,175.95820984052932,-36.04179015947068,36.04179015947068,2021-07-28 12:00:00,2021-07-28 13:30:00,90.0,90.0
D2,F1-3-five-workdays-lightgbm,2,12,2021-07-29,84,0.875,False,211.0,175.95820984052932,-35.04179015947068,35.04179015947068,2021-07-29 12:00:00,2021-07-29 13:30:00,90.0,90.0
D2,F1-3-five-workdays-lightgbm,2,12,2021-07-30,85,0.8854166666666666,False,212.0,175.95820984052932,-36.04179015947068,36.04179015947068,2021-07-30 12:00:00,2021-07-30 13:30:00,90.0,90.0
D2,F1-3-five-workdays-lightgbm,2,12,2021-07-31,96,1.0,True,80.0,109.59344734197933,29.593447341979328,29.593447341979328,2021-07-31 00:00:00,2021-07-31 02:00:00,120.0,120.0
D2,F1-3-five-workdays-lightgbm,2,12,2021-08-01,96,1.0,True,28.0,54.73106250350923,26.73106250350923,26.73106250350923,2021-08-01 09:00:00,2021-08-01 08:45:00,-15.0,15.0
D2,F1-3-five-workdays-lightgbm,2,12,2021-08-09,1,0.010416666666666666,False,21.0,26.709308033865362,5.709308033865362,5.709308033865362,2021-08-09 00:00:00,2021-08-09 00:00:00,0.0,0.0
D2,F1-3-five-workdays-lightgbm,2,13,2021-07-12,96,1.0,True,198.0,193.91382330061018,-4.086176699389824,4.086176699389824,2021-07-12 08:45:00,2021-07-12 09:00:00,15.0,15.0
D2,F1-3-five-workdays-lightgbm,2,13,2021-07-13,1,0.010416666666666666,False,79.0,86.53074683404606,7.530746834046056,7.530746834046056,2021-07-13 00:00:00,2021-07-13 00:00:00,0.0,0.0
D2,F1-3-five-workdays-lightgbm,2,13,2021-07-17,71,0.7395833333333334,False,96.0,108.10140183041118,12.101401830411177,12.101401830411177,2021-07-17 06:15:00,2021-07-17 06:15:00,0.0,0.0
D2,F1-3-five-workdays-lightgbm,2,13,2021-07-18,84,0.875,False,28.0,95.05816006692572,67.05816006692572,67.05816006692572,2021-07-18 01:15:00,2021-07-18 09:45:00,510.0,510.0
D2,F1-3-five-workdays-lightgbm,2,13,2021-07-26,84,0.875,False,217.0,193.91382330061018,-23.086176699389824,23.086176699389824,2021-07-26 08:30:00,2021-07-26 09:15:00,45.0,45.0
D2,F1-3-five-workdays-lightgbm,2,13,2021-07-27,84,0.875,False,211.0,174.25194841949278,-36.74805158050722,36.74805158050722,2021-07-27 11:45:00,2021-07-27 11:45:00,0.0,0.0
D2,F1-3-five-workdays-lightgbm,2,13,2021-07-28,84,0.875,False,212.0,174.25194841949278,-37.74805158050722,37.74805158050722,2021-07-28 12:00:00,2021-07-28 14:15:00,135.0,135.0
D2,F1-3-five-workdays-lightgbm,2,13,2021-07-29,84,0.875,False,211.0,174.25194841949278,-36.74805158050722,36.74805158050722,2021-07-29 12:00:00,2021-07-29 13:45:00,105.0,105.0
D2,F1-3-five-workdays-lightgbm,2,13,2021-07-30,85,0.8854166666666666,False,212.0,174.25194841949278,-37.74805158050722,37.74805158050722,2021-07-30 12:00:00,2021-07-30 14:15:00,135.0,135.0
D2,F1-3-five-workdays-lightgbm,2,13,2021-07-31,96,1.0,True,80.0,109.0503462471212,29.050346247121198,29.050346247121198,2021-07-31 00:00:00,2021-07-31 02:15:00,135.0,135.0
D2,F1-3-five-workdays-lightgbm,2,13,2021-08-01,96,1.0,True,28.0,51.34890170262695,23.348901702626947,23.348901702626947,2021-08-01 09:00:00,2021-08-01 01:15:00,-465.0,465.0
D2,F1-3-five-workdays-lightgbm,2,13,2021-08-09,1,0.010416666666666666,False,21.0,26.774373879293467,5.774373879293467,5.774373879293467,2021-08-09 00:00:00,2021-08-09 00:00:00,0.0,0.0
D2,F1-3-five-workdays-lightgbm,2,14,2021-07-12,96,1.0,True,198.0,185.4392113639952,-12.560788636004787,12.560788636004787,2021-07-12 08:45:00,2021-07-12 09:00:00,15.0,15.0
D2,F1-3-five-workdays-lightgbm,2,14,2021-07-13,1,0.010416666666666666,False,79.0,91.396899518664,12.396899518664,12.396899518664,2021-07-13 00:00:00,2021-07-13 00:00:00,0.0,0.0
D2,F1-3-five-workdays-lightgbm,2,14,2021-07-17,70,0.7291666666666666,False,88.0,108.56583028265423,20.565830282654233,20.565830282654233,2021-07-17 07:15:00,2021-07-17 06:30:00,-45.0,45.0
D2,F1-3-five-workdays-lightgbm,2,14,2021-07-18,84,0.875,False,28.0,93.66901262636071,65.66901262636071,65.66901262636071,2021-07-18 01:15:00,2021-07-18 09:45:00,510.0,510.0
D2,F1-3-five-workdays-lightgbm,2,14,2021-07-26,84,0.875,False,217.0,182.7171458156942,-34.28285418430579,34.28285418430579,2021-07-26 08:30:00,2021-07-26 08:30:00,0.0,0.0
D2,F1-3-five-workdays-lightgbm,2,14,2021-07-27,84,0.875,False,211.0,171.62883283197692,-39.37116716802308,39.37116716802308,2021-07-27 11:45:00,2021-07-27 10:30:00,-75.0,75.0
D2,F1-3-five-workdays-lightgbm,2,14,2021-07-28,84,0.875,False,212.0,171.3220608515837,-40.6779391484163,40.6779391484163,2021-07-28 12:00:00,2021-07-28 14:15:00,135.0,135.0
D2,F1-3-five-workdays-lightgbm,2,14,2021-07-29,84,0.875,False,211.0,171.3220608515837,-39.6779391484163,39.6779391484163,2021-07-29 12:00:00,2021-07-29 14:00:00,120.0,120.0
D2,F1-3-five-workdays-lightgbm,2,14,2021-07-30,84,0.875,False,212.0,171.14369689227118,-40.85630310772882,40.85630310772882,2021-07-30 12:00:00,2021-07-30 14:15:00,135.0,135.0
D2,F1-3-five-workdays-lightgbm,2,14,2021-07-31,96,1.0,True,80.0,109.0330170022955,29.033017002295495,29.033017002295495,2021-07-31 00:00:00,2021-07-31 01:45:00,105.0,105.0
D2,F1-3-five-workdays-lightgbm,2,14,2021-08-01,96,1.0,True,28.0,45.65171361700964,17.65171361700964,17.65171361700964,2021-08-01 09:00:00,2021-08-01 08:45:00,-15.0,15.0
D2,F1-3-five-workdays-lightgbm,2,14,2021-08-09,1,0.010416666666666666,False,21.0,25.24521805974095,4.2452180597409495,4.2452180597409495,2021-08-09 00:00:00,2021-08-09 00:00:00,0.0,0.0
D2,F1-3-five-workdays-lightgbm,2,15,2021-07-12,96,1.0,True,198.0,189.0760476111962,-8.923952388803798,8.923952388803798,2021-07-12 08:45:00,2021-07-12 10:30:00,105.0,105.0
D2,F1-3-five-workdays-lightgbm,2,15,2021-07-13,1,0.010416666666666666,False,79.0,93.1709654107452,14.170965410745197,14.170965410745197,2021-07-13 00:00:00,2021-07-13 00:00:00,0.0,0.0
D2,F1-3-five-workdays-lightgbm,2,15,2021-07-17,69,0.71875,False,88.0,106.78361238209533,18.783612382095328,18.783612382095328,2021-07-17 07:15:00,2021-07-17 06:45:00,-30.0,30.0
D2,F1-3-five-workdays-lightgbm,2,15,2021-07-18,84,0.875,False,28.0,86.4358310654695,58.4358310654695,58.4358310654695,2021-07-18 01:15:00,2021-07-18 09:45:00,510.0,510.0
D2,F1-3-five-workdays-lightgbm,2,15,2021-07-26,84,0.875,False,217.0,183.91218637681803,-33.08781362318197,33.08781362318197,2021-07-26 08:30:00,2021-07-26 10:30:00,120.0,120.0
D2,F1-3-five-workdays-lightgbm,2,15,2021-07-27,84,0.875,False,211.0,170.7541712372236,-40.2458287627764,40.2458287627764,2021-07-27 11:45:00,2021-07-27 10:45:00,-60.0,60.0
D2,F1-3-five-workdays-lightgbm,2,15,2021-07-28,84,0.875,False,212.0,170.21299288263677,-41.78700711736323,41.78700711736323,2021-07-28 12:00:00,2021-07-28 08:30:00,-210.0,210.0
D2,F1-3-five-workdays-lightgbm,2,15,2021-07-29,84,0.875,False,211.0,170.5850096263468,-40.41499037365321,40.41499037365321,2021-07-29 12:00:00,2021-07-29 08:30:00,-210.0,210.0
D2,F1-3-five-workdays-lightgbm,2,15,2021-07-30,84,0.875,False,212.0,169.9711309420781,-42.028869057921895,42.028869057921895,2021-07-30 12:00:00,2021-07-30 08:30:00,-210.0,210.0
D2,F1-3-five-workdays-lightgbm,2,15,2021-07-31,96,1.0,True,80.0,111.16156707695382,31.161567076953816,31.161567076953816,2021-07-31 00:00:00,2021-07-31 01:45:00,105.0,105.0
D2,F1-3-five-workdays-lightgbm,2,15,2021-08-01,96,1.0,True,28.0,50.72177083332755,22.721770833327547,22.721770833327547,2021-08-01 09:00:00,2021-08-01 02:00:00,-420.0,420.0
D2,F1-3-five-workdays-lightgbm,2,15,2021-08-09,1,0.010416666666666666,False,21.0,30.47780482149086,9.47780482149086,9.47780482149086,2021-08-09 00:00:00,2021-08-09 00:00:00,0.0,0.0
D2,F1-3-five-workdays-lightgbm,2,16,2021-07-12,96,1.0,True,198.0,176.1955653433121,-21.804434656687903,21.804434656687903,2021-07-12 08:45:00,2021-07-12 09:45:00,60.0,60.0
D2,F1-3-five-workdays-lightgbm,2,16,2021-07-13,1,0.010416666666666666,False,79.0,93.20938500981191,14.20938500981191,14.20938500981191,2021-07-13 00:00:00,2021-07-13 00:00:00,0.0,0.0
D2,F1-3-five-workdays-lightgbm,2,16,2021-07-17,68,0.7083333333333334,False,88.0,106.40397347302975,18.40397347302975,18.40397347302975,2021-07-17 07:15:00,2021-07-17 07:00:00,-15.0,15.0
D2,F1-3-five-workdays-lightgbm,2,16,2021-07-18,84,0.875,False,28.0,92.7763144127047,64.7763144127047,64.7763144127047,2021-07-18 01:15:00,2021-07-18 09:45:00,510.0,510.0
D2,F1-3-five-workdays-lightgbm,2,16,2021-07-26,84,0.875,False,217.0,176.1955653433121,-40.8044346566879,40.8044346566879,2021-07-26 08:30:00,2021-07-26 08:30:00,0.0,0.0
D2,F1-3-five-workdays-lightgbm,2,16,2021-07-27,84,0.875,False,211.0,166.42923060470685,-44.570769395293155,44.570769395293155,2021-07-27 11:45:00,2021-07-27 13:30:00,105.0,105.0
D2,F1-3-five-workdays-lightgbm,2,16,2021-07-28,84,0.875,False,212.0,166.42923060470685,-45.570769395293155,45.570769395293155,2021-07-28 12:00:00,2021-07-28 13:30:00,90.0,90.0
D2,F1-3-five-workdays-lightgbm,2,16,2021-07-29,84,0.875,False,211.0,166.42923060470685,-44.570769395293155,44.570769395293155,2021-07-29 12:00:00,2021-07-29 13:30:00,90.0,90.0
D2,F1-3-five-workdays-lightgbm,2,16,2021-07-30,84,0.875,False,212.0,166.299288943578,-45.700711056421994,45.700711056421994,2021-07-30 12:00:00,2021-07-30 13:15:00,75.0,75.0
D2,F1-3-five-workdays-lightgbm,2,16,2021-07-31,96,1.0,True,80.0,107.28139976438013,27.281399764380126,27.281399764380126,2021-07-31 00:00:00,2021-07-31 02:00:00,120.0,120.0
D2,F1-3-five-workdays-lightgbm,2,16,2021-08-01,96,1.0,True,28.0,45.368619682421404,17.368619682421404,17.368619682421404,2021-08-01 09:00:00,2021-08-01 02:00:00,-420.0,420.0
D2,F1-3-five-workdays-lightgbm,2,16,2021-08-09,1,0.010416666666666666,False,21.0,28.790260029491755,7.790260029491755,7.790260029491755,2021-08-09 00:00:00,2021-08-09 00:00:00,0.0,0.0
