dataset,model,fold,horizon,target_day,observed_slots,slot_coverage,full_day,actual_daily_max,predicted_daily_max,daily_max_error,daily_max_abs_error,actual_peak_time,predicted_peak_time,timing_error_minutes,timing_abs_error_minutes
D1,FG-R1-expanded-q55__guard-q90-half,1,4,2021-04-19,96,1.0,True,172.0,174.5622110999781,2.5622110999781,2.5622110999781,2021-04-19 08:45:00,2021-04-19 13:15:00,270.0,270.0
D1,FG-R1-expanded-q55__guard-q90-half,1,4,2021-04-20,96,1.0,True,172.0,172.33710438244276,0.3371043824427602,0.3371043824427602,2021-04-20 08:45:00,2021-04-20 09:00:00,15.0,15.0
D1,FG-R1-expanded-q55__guard-q90-half,1,4,2021-04-21,96,1.0,True,174.0,176.1481060059745,2.148106005974512,2.148106005974512,2021-04-21 08:30:00,2021-04-21 09:00:00,30.0,30.0
D1,FG-R1-expanded-q55__guard-q90-half,1,4,2021-04-22,96,1.0,True,174.0,169.53183108630097,-4.4681689136990315,4.4681689136990315,2021-04-22 08:30:00,2021-04-22 10:30:00,120.0,120.0
D1,FG-R1-expanded-q55__guard-q90-half,1,4,2021-04-23,96,1.0,True,174.0,171.94528300932566,-2.0547169906743363,2.0547169906743363,2021-04-23 08:30:00,2021-04-23 10:30:00,120.0,120.0
D1,FG-R1-expanded-q55__guard-q90-half,1,4,2021-04-24,96,1.0,True,112.0,110.00508100006371,-1.9949189999362886,1.9949189999362886,2021-04-24 06:15:00,2021-04-24 04:30:00,-105.0,105.0
D1,FG-R1-expanded-q55__guard-q90-half,1,4,2021-04-25,96,1.0,True,25.0,47.68555732261919,22.68555732261919,22.68555732261919,2021-04-25 01:30:00,2021-04-25 00:45:00,-45.0,45.0
D1,FG-R1-expanded-q55__guard-q90-half,1,5,2021-04-19,96,1.0,True,172.0,174.6056223548609,2.6056223548609125,2.6056223548609125,2021-04-19 08:45:00,2021-04-19 13:15:00,270.0,270.0
D1,FG-R1-expanded-q55__guard-q90-half,1,5,2021-04-20,96,1.0,True,172.0,170.42772633068495,-1.5722736693150523,1.5722736693150523,2021-04-20 08:45:00,2021-04-20 09:00:00,15.0,15.0
D1,FG-R1-expanded-q55__guard-q90-half,1,5,2021-04-21,96,1.0,True,174.0,175.42808952648232,1.4280895264823243,1.4280895264823243,2021-04-21 08:30:00,2021-04-21 09:00:00,30.0,30.0
D1,FG-R1-expanded-q55__guard-q90-half,1,5,2021-04-22,96,1.0,True,174.0,168.86639529528534,-5.1336047047146565,5.1336047047146565,2021-04-22 08:30:00,2021-04-22 10:45:00,135.0,135.0
D1,FG-R1-expanded-q55__guard-q90-half,1,5,2021-04-23,96,1.0,True,174.0,171.0978621410633,-2.9021378589366975,2.9021378589366975,2021-04-23 08:30:00,2021-04-23 08:30:00,0.0,0.0
D1,FG-R1-expanded-q55__guard-q90-half,1,5,2021-04-24,96,1.0,True,112.0,109.83597547027856,-2.164024529721445,2.164024529721445,2021-04-24 06:15:00,2021-04-24 04:45:00,-90.0,90.0
D1,FG-R1-expanded-q55__guard-q90-half,1,5,2021-04-25,96,1.0,True,25.0,48.72629066002153,23.726290660021533,23.726290660021533,2021-04-25 01:30:00,2021-04-25 01:00:00,-30.0,30.0
D1,FG-R1-expanded-q55__guard-q90-half,1,6,2021-04-19,96,1.0,True,172.0,174.86544901501716,2.8654490150171625,2.8654490150171625,2021-04-19 08:45:00,2021-04-19 13:15:00,270.0,270.0
D1,FG-R1-expanded-q55__guard-q90-half,1,6,2021-04-20,96,1.0,True,172.0,167.623542370724,-4.37645762927599,4.37645762927599,2021-04-20 08:45:00,2021-04-20 08:45:00,0.0,0.0
D1,FG-R1-expanded-q55__guard-q90-half,1,6,2021-04-21,96,1.0,True,174.0,173.58037403767884,-0.4196259623211631,0.4196259623211631,2021-04-21 08:30:00,2021-04-21 09:00:00,30.0,30.0
D1,FG-R1-expanded-q55__guard-q90-half,1,6,2021-04-22,96,1.0,True,174.0,169.45023984569806,-4.549760154301936,4.549760154301936,2021-04-22 08:30:00,2021-04-22 10:30:00,120.0,120.0
D1,FG-R1-expanded-q55__guard-q90-half,1,6,2021-04-23,96,1.0,True,174.0,171.88097530940013,-2.119024690599872,2.119024690599872,2021-04-23 08:30:00,2021-04-23 08:30:00,0.0,0.0
D1,FG-R1-expanded-q55__guard-q90-half,1,6,2021-04-24,96,1.0,True,112.0,108.43140393707543,-3.56859606292457,3.56859606292457,2021-04-24 06:15:00,2021-04-24 06:15:00,0.0,0.0
D1,FG-R1-expanded-q55__guard-q90-half,1,6,2021-04-25,96,1.0,True,25.0,60.81985328530226,35.81985328530226,35.81985328530226,2021-04-25 01:30:00,2021-04-25 01:15:00,-15.0,15.0
D1,FG-R1-expanded-q55__guard-q90-half,1,7,2021-04-19,96,1.0,True,172.0,174.47039896618904,2.4703989661890375,2.4703989661890375,2021-04-19 08:45:00,2021-04-19 13:15:00,270.0,270.0
D1,FG-R1-expanded-q55__guard-q90-half,1,7,2021-04-20,96,1.0,True,172.0,167.43785816662245,-4.562141833377552,4.562141833377552,2021-04-20 08:45:00,2021-04-20 09:00:00,15.0,15.0
D1,FG-R1-expanded-q55__guard-q90-half,1,7,2021-04-21,96,1.0,True,174.0,172.62724903767884,-1.3727509623211631,1.3727509623211631,2021-04-21 08:30:00,2021-04-21 09:00:00,30.0,30.0
D1,FG-R1-expanded-q55__guard-q90-half,1,7,2021-04-22,96,1.0,True,174.0,168.23172122301972,-5.7682787769802815,5.7682787769802815,2021-04-22 08:30:00,2021-04-22 10:45:00,135.0,135.0
D1,FG-R1-expanded-q55__guard-q90-half,1,7,2021-04-23,96,1.0,True,174.0,171.37252910307566,-2.6274708969243363,2.6274708969243363,2021-04-23 08:30:00,2021-04-23 10:30:00,120.0,120.0
D1,FG-R1-expanded-q55__guard-q90-half,1,7,2021-04-24,96,1.0,True,112.0,107.4510267398098,-4.548973260190195,4.548973260190195,2021-04-24 06:15:00,2021-04-24 04:45:00,-90.0,90.0
D1,FG-R1-expanded-q55__guard-q90-half,1,7,2021-04-25,96,1.0,True,25.0,65.8603882584468,40.860388258446804,40.860388258446804,2021-04-25 01:30:00,2021-04-25 01:30:00,0.0,0.0
D1,FG-R1-expanded-q55__guard-q90-half,1,8,2021-04-19,96,1.0,True,172.0,173.80966467855737,1.8096646785573682,1.8096646785573682,2021-04-19 08:45:00,2021-04-19 13:15:00,270.0,270.0
D1,FG-R1-expanded-q55__guard-q90-half,1,8,2021-04-20,96,1.0,True,172.0,164.69748392531653,-7.302516074683467,7.302516074683467,2021-04-20 08:45:00,2021-04-20 11:45:00,180.0,180.0
D1,FG-R1-expanded-q55__guard-q90-half,1,8,2021-04-21,96,1.0,True,174.0,174.57558098156045,0.5755809815604493,0.5755809815604493,2021-04-21 08:30:00,2021-04-21 09:00:00,30.0,30.0
D1,FG-R1-expanded-q55__guard-q90-half,1,8,2021-04-22,96,1.0,True,174.0,170.39175855229365,-3.608241447706348,3.608241447706348,2021-04-22 08:30:00,2021-04-22 08:30:00,0.0,0.0
D1,FG-R1-expanded-q55__guard-q90-half,1,8,2021-04-23,96,1.0,True,174.0,173.1078735027595,-0.892126497240497,0.892126497240497,2021-04-23 08:30:00,2021-04-23 08:30:00,0.0,0.0
D1,FG-R1-expanded-q55__guard-q90-half,1,8,2021-04-24,96,1.0,True,112.0,106.8394773623684,-5.160522637631601,5.160522637631601,2021-04-24 06:15:00,2021-04-24 02:30:00,-225.0,225.0
D1,FG-R1-expanded-q55__guard-q90-half,1,8,2021-04-25,96,1.0,True,25.0,67.13527579796099,42.135275797960986,42.135275797960986,2021-04-25 01:30:00,2021-04-25 01:45:00,15.0,15.0
D1,FG-R1-expanded-q55__guard-q90-half,1,9,2021-04-19,96,1.0,True,172.0,173.94049353597924,1.9404935359792432,1.9404935359792432,2021-04-19 08:45:00,2021-04-19 13:15:00,270.0,270.0
D1,FG-R1-expanded-q55__guard-q90-half,1,9,2021-04-20,96,1.0,True,172.0,165.37163248488685,-6.628367515113155,6.628367515113155,2021-04-20 08:45:00,2021-04-20 12:00:00,195.0,195.0
D1,FG-R1-expanded-q55__guard-q90-half,1,9,2021-04-21,96,1.0,True,174.0,174.38100090343545,0.38100090343544935,0.38100090343544935,2021-04-21 08:30:00,2021-04-21 09:00:00,30.0,30.0
D1,FG-R1-expanded-q55__guard-q90-half,1,9,2021-04-22,96,1.0,True,174.0,170.12271558354365,-3.877284416456348,3.877284416456348,2021-04-22 08:30:00,2021-04-22 08:30:00,0.0,0.0
D1,FG-R1-expanded-q55__guard-q90-half,1,9,2021-04-23,96,1.0,True,174.0,171.90523902004185,-2.094760979958153,2.094760979958153,2021-04-23 08:30:00,2021-04-23 10:30:00,120.0,120.0
D1,FG-R1-expanded-q55__guard-q90-half,1,9,2021-04-24,96,1.0,True,112.0,108.40941602203637,-3.5905839779636324,3.5905839779636324,2021-04-24 06:15:00,2021-04-24 04:45:00,-90.0,90.0
D1,FG-R1-expanded-q55__guard-q90-half,1,9,2021-04-25,96,1.0,True,25.0,63.85770316612504,38.85770316612504,38.85770316612504,2021-04-25 01:30:00,2021-04-25 02:00:00,30.0,30.0
D1,FG-R1-expanded-q55__guard-q90-half,1,10,2021-04-19,96,1.0,True,172.0,177.25343424450935,5.25343424450935,5.25343424450935,2021-04-19 08:45:00,2021-04-19 13:15:00,270.0,270.0
D1,FG-R1-expanded-q55__guard-q90-half,1,10,2021-04-20,96,1.0,True,172.0,165.44179239699622,-6.55820760300378,6.55820760300378,2021-04-20 08:45:00,2021-04-20 11:15:00,150.0,150.0
D1,FG-R1-expanded-q55__guard-q90-half,1,10,2021-04-21,96,1.0,True,174.0,175.7729076417167,1.7729076417166993,1.7729076417166993,2021-04-21 08:30:00,2021-04-21 09:00:00,30.0,30.0
D1,FG-R1-expanded-q55__guard-q90-half,1,10,2021-04-22,96,1.0,True,174.0,169.5184338695041,-4.4815661304959065,4.4815661304959065,2021-04-22 08:30:00,2021-04-22 11:00:00,150.0,150.0
D1,FG-R1-expanded-q55__guard-q90-half,1,10,2021-04-23,96,1.0,True,174.0,173.74022823908763,-0.259771760912372,0.259771760912372,2021-04-23 08:30:00,2021-04-23 08:30:00,0.0,0.0
D1,FG-R1-expanded-q55__guard-q90-half,1,10,2021-04-24,96,1.0,True,112.0,111.61644114185958,-0.3835588581404181,0.3835588581404181,2021-04-24 06:15:00,2021-04-24 04:45:00,-90.0,90.0
D1,FG-R1-expanded-q55__guard-q90-half,1,10,2021-04-25,96,1.0,True,25.0,63.26517768394731,38.26517768394731,38.26517768394731,2021-04-25 01:30:00,2021-04-25 02:15:00,45.0,45.0
D1,FG-R1-expanded-q55__guard-q90-half,1,11,2021-04-19,96,1.0,True,172.0,175.5388956702906,3.5388956702906,3.5388956702906,2021-04-19 08:45:00,2021-04-19 13:15:00,270.0,270.0
D1,FG-R1-expanded-q55__guard-q90-half,1,11,2021-04-20,96,1.0,True,172.0,163.7800950093009,-8.219904990699092,8.219904990699092,2021-04-20 08:45:00,2021-04-20 12:00:00,195.0,195.0
D1,FG-R1-expanded-q55__guard-q90-half,1,11,2021-04-21,96,1.0,True,174.0,175.18483391124795,1.1848339112479493,1.1848339112479493,2021-04-21 08:30:00,2021-04-21 09:00:00,30.0,30.0
D1,FG-R1-expanded-q55__guard-q90-half,1,11,2021-04-22,96,1.0,True,174.0,168.77268635719477,-5.227313642805228,5.227313642805228,2021-04-22 08:30:00,2021-04-22 08:30:00,0.0,0.0
D1,FG-R1-expanded-q55__guard-q90-half,1,11,2021-04-23,96,1.0,True,174.0,170.2510603832508,-3.7489396167491975,3.7489396167491975,2021-04-23 08:30:00,2021-04-23 08:30:00,0.0,0.0
D1,FG-R1-expanded-q55__guard-q90-half,1,11,2021-04-24,96,1.0,True,112.0,111.02166117359786,-0.9783388264021369,0.9783388264021369,2021-04-24 06:15:00,2021-04-24 04:45:00,-90.0,90.0
D1,FG-R1-expanded-q55__guard-q90-half,1,11,2021-04-25,96,1.0,True,25.0,63.2272481490352,38.2272481490352,38.2272481490352,2021-04-25 01:30:00,2021-04-25 02:30:00,60.0,60.0
D1,FG-R1-expanded-q55__guard-q90-half,1,12,2021-04-19,96,1.0,True,172.0,173.90659771270907,1.9065977127090719,1.9065977127090719,2021-04-19 08:45:00,2021-04-19 13:15:00,270.0,270.0
D1,FG-R1-expanded-q55__guard-q90-half,1,12,2021-04-20,96,1.0,True,172.0,164.3528946919181,-7.647105308081905,7.647105308081905,2021-04-20 08:45:00,2021-04-20 11:45:00,180.0,180.0
D1,FG-R1-expanded-q55__guard-q90-half,1,12,2021-04-21,96,1.0,True,174.0,175.16579094249795,1.1657909424979493,1.1657909424979493,2021-04-21 08:30:00,2021-04-21 09:00:00,30.0,30.0
D1,FG-R1-expanded-q55__guard-q90-half,1,12,2021-04-22,96,1.0,True,174.0,169.38381611793696,-4.616183882063041,4.616183882063041,2021-04-22 08:30:00,2021-04-22 08:30:00,0.0,0.0
D1,FG-R1-expanded-q55__guard-q90-half,1,12,2021-04-23,96,1.0,True,174.0,171.02511206691685,-2.974887933083153,2.974887933083153,2021-04-23 08:30:00,2021-04-23 10:45:00,135.0,135.0
D1,FG-R1-expanded-q55__guard-q90-half,1,12,2021-04-24,96,1.0,True,112.0,110.51243723560958,-1.4875627643904181,1.4875627643904181,2021-04-24 06:15:00,2021-04-24 04:45:00,-90.0,90.0
D1,FG-R1-expanded-q55__guard-q90-half,1,12,2021-04-25,96,1.0,True,25.0,63.40305228721879,38.40305228721879,38.40305228721879,2021-04-25 01:30:00,2021-04-25 02:45:00,75.0,75.0
D1,FG-R1-expanded-q55__guard-q90-half,1,13,2021-04-19,96,1.0,True,172.0,172.2918821365372,0.29188213653719686,0.29188213653719686,2021-04-19 08:45:00,2021-04-19 13:15:00,270.0,270.0
D1,FG-R1-expanded-q55__guard-q90-half,1,13,2021-04-20,96,1.0,True,172.0,163.7921639303718,-8.2078360696282,8.2078360696282,2021-04-20 08:45:00,2021-04-20 11:00:00,135.0,135.0
D1,FG-R1-expanded-q55__guard-q90-half,1,13,2021-04-21,96,1.0,True,174.0,172.24466541951477,-1.7553345804852256,1.7553345804852256,2021-04-21 08:30:00,2021-04-21 09:00:00,30.0,30.0
D1,FG-R1-expanded-q55__guard-q90-half,1,13,2021-04-22,96,1.0,True,174.0,170.0916197652179,-3.9083802347821006,3.9083802347821006,2021-04-22 08:30:00,2021-04-22 11:00:00,150.0,150.0
D1,FG-R1-expanded-q55__guard-q90-half,1,13,2021-04-23,96,1.0,True,174.0,171.85979793313714,-2.140202066862855,2.140202066862855,2021-04-23 08:30:00,2021-04-23 11:00:00,150.0,150.0
D1,FG-R1-expanded-q55__guard-q90-half,1,13,2021-04-24,96,1.0,True,112.0,110.06833780934005,-1.9316621906599494,1.9316621906599494,2021-04-24 06:15:00,2021-04-24 04:45:00,-90.0,90.0
D1,FG-R1-expanded-q55__guard-q90-half,1,13,2021-04-25,96,1.0,True,25.0,60.850611643908245,35.850611643908245,35.850611643908245,2021-04-25 01:30:00,2021-04-25 03:00:00,90.0,90.0
D1,FG-R1-expanded-q55__guard-q90-half,1,14,2021-04-19,96,1.0,True,172.0,172.719814875795,0.7198148757950094,0.7198148757950094,2021-04-19 08:45:00,2021-04-19 13:15:00,270.0,270.0
D1,FG-R1-expanded-q55__guard-q90-half,1,14,2021-04-20,96,1.0,True,172.0,165.99457508556776,-6.00542491443224,6.00542491443224,2021-04-20 08:45:00,2021-04-20 09:00:00,15.0,15.0
D1,FG-R1-expanded-q55__guard-q90-half,1,14,2021-04-21,96,1.0,True,174.0,173.67205526851603,-0.3279447314839672,0.3279447314839672,2021-04-21 08:30:00,2021-04-21 12:00:00,210.0,210.0
D1,FG-R1-expanded-q55__guard-q90-half,1,14,2021-04-22,96,1.0,True,174.0,169.8806364888507,-4.119363511149288,4.119363511149288,2021-04-22 08:30:00,2021-04-22 10:45:00,135.0,135.0
D1,FG-R1-expanded-q55__guard-q90-half,1,14,2021-04-23,96,1.0,True,174.0,170.4778098208231,-3.522190179176903,3.522190179176903,2021-04-23 08:30:00,2021-04-23 10:30:00,120.0,120.0
D1,FG-R1-expanded-q55__guard-q90-half,1,14,2021-04-24,96,1.0,True,112.0,109.72664080097465,-2.27335919902535,2.27335919902535,2021-04-24 06:15:00,2021-04-24 04:45:00,-90.0,90.0
D1,FG-R1-expanded-q55__guard-q90-half,1,14,2021-04-25,96,1.0,True,25.0,55.11099906456254,30.11099906456254,30.11099906456254,2021-04-25 01:30:00,2021-04-25 03:15:00,105.0,105.0
D1,FG-R1-expanded-q55__guard-q90-half,1,15,2021-04-19,96,1.0,True,172.0,169.10091839142,-2.8990816085799906,2.8990816085799906,2021-04-19 08:45:00,2021-04-19 13:15:00,270.0,270.0
D1,FG-R1-expanded-q55__guard-q90-half,1,15,2021-04-20,96,1.0,True,172.0,164.27672203584055,-7.7232779641594504,7.7232779641594504,2021-04-20 08:45:00,2021-04-20 11:45:00,180.0,180.0
D1,FG-R1-expanded-q55__guard-q90-half,1,15,2021-04-21,96,1.0,True,174.0,173.13599073002803,-0.864009269971973,0.864009269971973,2021-04-21 08:30:00,2021-04-21 12:00:00,210.0,210.0
D1,FG-R1-expanded-q55__guard-q90-half,1,15,2021-04-22,96,1.0,True,174.0,168.48747852986634,-5.512521470133663,5.512521470133663,2021-04-22 08:30:00,2021-04-22 11:00:00,150.0,150.0
D1,FG-R1-expanded-q55__guard-q90-half,1,15,2021-04-23,96,1.0,True,174.0,170.19929114406528,-3.8007088559347153,3.8007088559347153,2021-04-23 08:30:00,2021-04-23 10:30:00,120.0,120.0
D1,FG-R1-expanded-q55__guard-q90-half,1,15,2021-04-24,96,1.0,True,112.0,109.1550062319973,-2.844993768002695,2.844993768002695,2021-04-24 06:15:00,2021-04-24 04:45:00,-90.0,90.0
D1,FG-R1-expanded-q55__guard-q90-half,1,15,2021-04-25,96,1.0,True,25.0,58.98017402183793,33.98017402183793,33.98017402183793,2021-04-25 01:30:00,2021-04-25 03:30:00,120.0,120.0
D1,FG-R1-expanded-q55__guard-q90-half,1,16,2021-04-19,96,1.0,True,172.0,173.09710369415438,1.0971036941543844,1.0971036941543844,2021-04-19 08:45:00,2021-04-19 13:15:00,270.0,270.0
D1,FG-R1-expanded-q55__guard-q90-half,1,16,2021-04-20,96,1.0,True,172.0,164.92540367646555,-7.0745963235344504,7.0745963235344504,2021-04-20 08:45:00,2021-04-20 11:45:00,180.0,180.0
D1,FG-R1-expanded-q55__guard-q90-half,1,16,2021-04-21,96,1.0,True,174.0,171.98479138920771,-2.0152086107922855,2.0152086107922855,2021-04-21 08:30:00,2021-04-21 12:00:00,210.0,210.0
D1,FG-R1-expanded-q55__guard-q90-half,1,16,2021-04-22,96,1.0,True,174.0,170.2229200513171,-3.7770799486829105,3.7770799486829105,2021-04-22 08:30:00,2021-04-22 08:30:00,0.0,0.0
D1,FG-R1-expanded-q55__guard-q90-half,1,16,2021-04-23,96,1.0,True,174.0,172.8151812339184,-1.1848187660816052,1.1848187660816052,2021-04-23 08:30:00,2021-04-23 10:30:00,120.0,120.0
D1,FG-R1-expanded-q55__guard-q90-half,1,16,2021-04-24,96,1.0,True,112.0,111.77436048004418,-0.22563951995581988,0.22563951995581988,2021-04-24 06:15:00,2021-04-24 04:45:00,-90.0,90.0
D1,FG-R1-expanded-q55__guard-q90-half,1,16,2021-04-25,96,1.0,True,25.0,58.69348807823442,33.69348807823442,33.69348807823442,2021-04-25 01:30:00,2021-04-25 03:45:00,135.0,135.0
D1,FG-R1-expanded-q55__guard-q90-half,3,4,2021-05-03,96,1.0,True,184.0,174.0142753851394,-9.985724614860601,9.985724614860601,2021-05-03 08:30:00,2021-05-03 15:00:00,390.0,390.0
D1,FG-R1-expanded-q55__guard-q90-half,3,4,2021-05-04,96,1.0,True,181.0,175.8362746548812,-5.163725345118792,5.163725345118792,2021-05-04 08:30:00,2021-05-04 08:30:00,0.0,0.0
D1,FG-R1-expanded-q55__guard-q90-half,3,4,2021-05-05,96,1.0,True,120.0,168.8510066973945,48.851006697394496,48.851006697394496,2021-05-05 04:15:00,2021-05-05 08:30:00,255.0,255.0
D1,FG-R1-expanded-q55__guard-q90-half,3,4,2021-05-06,96,1.0,True,199.0,178.46558849469966,-20.53441150530034,20.53441150530034,2021-05-06 09:00:00,2021-05-06 12:00:00,180.0,180.0
D1,FG-R1-expanded-q55__guard-q90-half,3,4,2021-05-07,96,1.0,True,181.0,177.5102397347901,-3.4897602652098954,3.4897602652098954,2021-05-07 09:00:00,2021-05-07 08:30:00,-30.0,30.0
D1,FG-R1-expanded-q55__guard-q90-half,3,4,2021-05-08,96,1.0,True,115.0,108.40652217107167,-6.593477828928329,6.593477828928329,2021-05-08 02:00:00,2021-05-08 06:15:00,255.0,255.0
D1,FG-R1-expanded-q55__guard-q90-half,3,4,2021-05-09,96,1.0,True,184.0,177.4048311022964,-6.595168897703587,6.595168897703587,2021-05-09 09:00:00,2021-05-09 09:45:00,45.0,45.0
D1,FG-R1-expanded-q55__guard-q90-half,3,5,2021-05-03,96,1.0,True,184.0,173.9916396453028,-10.008360354697203,10.008360354697203,2021-05-03 08:30:00,2021-05-03 15:30:00,420.0,420.0
D1,FG-R1-expanded-q55__guard-q90-half,3,5,2021-05-04,96,1.0,True,181.0,175.20489648105308,-5.795103518946917,5.795103518946917,2021-05-04 08:30:00,2021-05-04 08:30:00,0.0,0.0
D1,FG-R1-expanded-q55__guard-q90-half,3,5,2021-05-05,96,1.0,True,120.0,175.47477129405647,55.47477129405647,55.47477129405647,2021-05-05 04:15:00,2021-05-05 08:30:00,255.0,255.0
D1,FG-R1-expanded-q55__guard-q90-half,3,5,2021-05-06,96,1.0,True,199.0,180.76425041302878,-18.235749586971224,18.235749586971224,2021-05-06 09:00:00,2021-05-06 11:15:00,135.0,135.0
D1,FG-R1-expanded-q55__guard-q90-half,3,5,2021-05-07,96,1.0,True,181.0,176.35164944716865,-4.648350552831346,4.648350552831346,2021-05-07 09:00:00,2021-05-07 08:30:00,-30.0,30.0
D1,FG-R1-expanded-q55__guard-q90-half,3,5,2021-05-08,96,1.0,True,115.0,108.72044886784902,-6.279551132150985,6.279551132150985,2021-05-08 02:00:00,2021-05-08 06:15:00,255.0,255.0
D1,FG-R1-expanded-q55__guard-q90-half,3,5,2021-05-09,96,1.0,True,184.0,175.52862565796048,-8.471374342039525,8.471374342039525,2021-05-09 09:00:00,2021-05-09 09:45:00,45.0,45.0
D1,FG-R1-expanded-q55__guard-q90-half,3,6,2021-05-03,96,1.0,True,184.0,173.85650352590088,-10.143496474099123,10.143496474099123,2021-05-03 08:30:00,2021-05-03 15:45:00,435.0,435.0
D1,FG-R1-expanded-q55__guard-q90-half,3,6,2021-05-04,96,1.0,True,181.0,176.68992760898277,-4.310072391017229,4.310072391017229,2021-05-04 08:30:00,2021-05-04 08:30:00,0.0,0.0
D1,FG-R1-expanded-q55__guard-q90-half,3,6,2021-05-05,96,1.0,True,120.0,177.3464791616801,57.346479161680094,57.346479161680094,2021-05-05 04:15:00,2021-05-05 08:30:00,255.0,255.0
D1,FG-R1-expanded-q55__guard-q90-half,3,6,2021-05-06,96,1.0,True,199.0,178.57485668317622,-20.425143316823778,20.425143316823778,2021-05-06 09:00:00,2021-05-06 12:00:00,180.0,180.0
D1,FG-R1-expanded-q55__guard-q90-half,3,6,2021-05-07,96,1.0,True,181.0,176.2724925424073,-4.727507457592708,4.727507457592708,2021-05-07 09:00:00,2021-05-07 08:30:00,-30.0,30.0
D1,FG-R1-expanded-q55__guard-q90-half,3,6,2021-05-08,96,1.0,True,115.0,111.58649070419338,-3.4135092958066195,3.4135092958066195,2021-05-08 02:00:00,2021-05-08 06:15:00,255.0,255.0
D1,FG-R1-expanded-q55__guard-q90-half,3,6,2021-05-09,96,1.0,True,184.0,174.39916901471034,-9.600830985289662,9.600830985289662,2021-05-09 09:00:00,2021-05-09 10:00:00,60.0,60.0
D1,FG-R1-expanded-q55__guard-q90-half,3,7,2021-05-03,96,1.0,True,184.0,170.49014000051025,-13.509859999489748,13.509859999489748,2021-05-03 08:30:00,2021-05-03 15:45:00,435.0,435.0
D1,FG-R1-expanded-q55__guard-q90-half,3,7,2021-05-04,96,1.0,True,181.0,174.83648698517337,-6.163513014826634,6.163513014826634,2021-05-04 08:30:00,2021-05-04 08:30:00,0.0,0.0
D1,FG-R1-expanded-q55__guard-q90-half,3,7,2021-05-05,96,1.0,True,120.0,175.6383302540174,55.638330254017404,55.638330254017404,2021-05-05 04:15:00,2021-05-05 08:30:00,255.0,255.0
D1,FG-R1-expanded-q55__guard-q90-half,3,7,2021-05-06,96,1.0,True,199.0,179.06646874804528,-19.93353125195472,19.93353125195472,2021-05-06 09:00:00,2021-05-06 11:45:00,165.0,165.0
D1,FG-R1-expanded-q55__guard-q90-half,3,7,2021-05-07,96,1.0,True,181.0,174.91880337783272,-6.081196622167283,6.081196622167283,2021-05-07 09:00:00,2021-05-07 08:30:00,-30.0,30.0
D1,FG-R1-expanded-q55__guard-q90-half,3,7,2021-05-08,96,1.0,True,115.0,110.3798790708926,-4.620120929107401,4.620120929107401,2021-05-08 02:00:00,2021-05-08 06:15:00,255.0,255.0
D1,FG-R1-expanded-q55__guard-q90-half,3,7,2021-05-09,96,1.0,True,184.0,170.9725801257339,-13.027419874266087,13.027419874266087,2021-05-09 09:00:00,2021-05-09 10:45:00,105.0,105.0
D1,FG-R1-expanded-q55__guard-q90-half,3,8,2021-05-03,96,1.0,True,184.0,169.60782017887962,-14.39217982112038,14.39217982112038,2021-05-03 08:30:00,2021-05-03 11:15:00,165.0,165.0
D1,FG-R1-expanded-q55__guard-q90-half,3,8,2021-05-04,96,1.0,True,181.0,175.7195811290261,-5.280418870973904,5.280418870973904,2021-05-04 08:30:00,2021-05-04 08:30:00,0.0,0.0
D1,FG-R1-expanded-q55__guard-q90-half,3,8,2021-05-05,96,1.0,True,120.0,177.98081754058634,57.980817540586344,57.980817540586344,2021-05-05 04:15:00,2021-05-05 08:30:00,255.0,255.0
D1,FG-R1-expanded-q55__guard-q90-half,3,8,2021-05-06,96,1.0,True,199.0,181.36231701032466,-17.63768298967534,17.63768298967534,2021-05-06 09:00:00,2021-05-06 12:00:00,180.0,180.0
D1,FG-R1-expanded-q55__guard-q90-half,3,8,2021-05-07,96,1.0,True,181.0,176.91925157561042,-4.080748424389583,4.080748424389583,2021-05-07 09:00:00,2021-05-07 08:30:00,-30.0,30.0
D1,FG-R1-expanded-q55__guard-q90-half,3,8,2021-05-08,96,1.0,True,115.0,110.33872611679104,-4.661273883208963,4.661273883208963,2021-05-08 02:00:00,2021-05-08 06:15:00,255.0,255.0
D1,FG-R1-expanded-q55__guard-q90-half,3,8,2021-05-09,96,1.0,True,184.0,171.52006946000765,-12.479930539992353,12.479930539992353,2021-05-09 09:00:00,2021-05-09 11:00:00,120.0,120.0
D1,FG-R1-expanded-q55__guard-q90-half,3,9,2021-05-03,96,1.0,True,184.0,169.3214743813381,-14.678525618661894,14.678525618661894,2021-05-03 08:30:00,2021-05-03 11:45:00,195.0,195.0
D1,FG-R1-expanded-q55__guard-q90-half,3,9,2021-05-04,96,1.0,True,181.0,174.93752112045107,-6.062478879548934,6.062478879548934,2021-05-04 08:30:00,2021-05-04 08:30:00,0.0,0.0
D1,FG-R1-expanded-q55__guard-q90-half,3,9,2021-05-05,96,1.0,True,120.0,177.72993253082072,57.72993253082072,57.72993253082072,2021-05-05 04:15:00,2021-05-05 08:30:00,255.0,255.0
D1,FG-R1-expanded-q55__guard-q90-half,3,9,2021-05-06,96,1.0,True,199.0,180.9042481626684,-18.09575183733159,18.09575183733159,2021-05-06 09:00:00,2021-05-06 12:00:00,180.0,180.0
D1,FG-R1-expanded-q55__guard-q90-half,3,9,2021-05-07,96,1.0,True,181.0,178.0012065316651,-2.9987934683348954,2.9987934683348954,2021-05-07 09:00:00,2021-05-07 08:30:00,-30.0,30.0
D1,FG-R1-expanded-q55__guard-q90-half,3,9,2021-05-08,96,1.0,True,115.0,108.26924724269138,-6.730752757308622,6.730752757308622,2021-05-08 02:00:00,2021-05-08 06:15:00,255.0,255.0
D1,FG-R1-expanded-q55__guard-q90-half,3,9,2021-05-09,96,1.0,True,184.0,172.07740152808407,-11.922598471915933,11.922598471915933,2021-05-09 09:00:00,2021-05-09 11:00:00,120.0,120.0
D1,FG-R1-expanded-q55__guard-q90-half,3,10,2021-05-03,96,1.0,True,184.0,171.57020991100902,-12.429790088990984,12.429790088990984,2021-05-03 08:30:00,2021-05-03 12:00:00,210.0,210.0
D1,FG-R1-expanded-q55__guard-q90-half,3,10,2021-05-04,96,1.0,True,181.0,174.5561678332025,-6.443832166797506,6.443832166797506,2021-05-04 08:30:00,2021-05-04 08:30:00,0.0,0.0
D1,FG-R1-expanded-q55__guard-q90-half,3,10,2021-05-05,96,1.0,True,120.0,179.37000821441447,59.37000821441447,59.37000821441447,2021-05-05 04:15:00,2021-05-05 08:30:00,255.0,255.0
D1,FG-R1-expanded-q55__guard-q90-half,3,10,2021-05-06,96,1.0,True,199.0,180.37987619338296,-18.620123806617045,18.620123806617045,2021-05-06 09:00:00,2021-05-06 13:30:00,270.0,270.0
D1,FG-R1-expanded-q55__guard-q90-half,3,10,2021-05-07,96,1.0,True,181.0,177.24438585295417,-3.755614147045833,3.755614147045833,2021-05-07 09:00:00,2021-05-07 08:30:00,-30.0,30.0
D1,FG-R1-expanded-q55__guard-q90-half,3,10,2021-05-08,96,1.0,True,115.0,111.06725252594387,-3.9327474740561286,3.9327474740561286,2021-05-08 02:00:00,2021-05-08 06:15:00,255.0,255.0
D1,FG-R1-expanded-q55__guard-q90-half,3,10,2021-05-09,96,1.0,True,184.0,171.65281046363094,-12.347189536369058,12.347189536369058,2021-05-09 09:00:00,2021-05-09 11:00:00,120.0,120.0
D1,FG-R1-expanded-q55__guard-q90-half,3,11,2021-05-03,96,1.0,True,184.0,169.93953031625955,-14.06046968374045,14.06046968374045,2021-05-03 08:30:00,2021-05-03 12:00:00,210.0,210.0
D1,FG-R1-expanded-q55__guard-q90-half,3,11,2021-05-04,96,1.0,True,181.0,174.48916412048555,-6.510835879514445,6.510835879514445,2021-05-04 08:30:00,2021-05-04 08:30:00,0.0,0.0
D1,FG-R1-expanded-q55__guard-q90-half,3,11,2021-05-05,96,1.0,True,120.0,178.35763333648478,58.35763333648478,58.35763333648478,2021-05-05 04:15:00,2021-05-05 08:30:00,255.0,255.0
D1,FG-R1-expanded-q55__guard-q90-half,3,11,2021-05-06,96,1.0,True,199.0,181.03840344079737,-17.961596559202633,17.961596559202633,2021-05-06 09:00:00,2021-05-06 13:45:00,285.0,285.0
D1,FG-R1-expanded-q55__guard-q90-half,3,11,2021-05-07,96,1.0,True,181.0,175.2202407557624,-5.779759244237596,5.779759244237596,2021-05-07 09:00:00,2021-05-07 08:30:00,-30.0,30.0
D1,FG-R1-expanded-q55__guard-q90-half,3,11,2021-05-08,96,1.0,True,115.0,108.26373881983982,-6.736261180160184,6.736261180160184,2021-05-08 02:00:00,2021-05-08 06:15:00,255.0,255.0
D1,FG-R1-expanded-q55__guard-q90-half,3,11,2021-05-09,96,1.0,True,184.0,170.94945533289837,-13.050544667101633,13.050544667101633,2021-05-09 09:00:00,2021-05-09 11:15:00,135.0,135.0
D1,FG-R1-expanded-q55__guard-q90-half,3,12,2021-05-03,96,1.0,True,184.0,166.17317289438455,-17.82682710561545,17.82682710561545,2021-05-03 08:30:00,2021-05-03 13:45:00,315.0,315.0
D1,FG-R1-expanded-q55__guard-q90-half,3,12,2021-05-04,96,1.0,True,181.0,172.94274531074694,-8.057254689253057,8.057254689253057,2021-05-04 08:30:00,2021-05-04 13:30:00,300.0,300.0
D1,FG-R1-expanded-q55__guard-q90-half,3,12,2021-05-05,96,1.0,True,120.0,176.19417505204265,56.19417505204265,56.19417505204265,2021-05-05 04:15:00,2021-05-05 08:30:00,255.0,255.0
D1,FG-R1-expanded-q55__guard-q90-half,3,12,2021-05-06,96,1.0,True,199.0,178.82035165725014,-20.179648342749857,20.179648342749857,2021-05-06 09:00:00,2021-05-06 13:30:00,270.0,270.0
D1,FG-R1-expanded-q55__guard-q90-half,3,12,2021-05-07,96,1.0,True,181.0,173.41532437392647,-7.584675626073533,7.584675626073533,2021-05-07 09:00:00,2021-05-07 08:30:00,-30.0,30.0
D1,FG-R1-expanded-q55__guard-q90-half,3,12,2021-05-08,96,1.0,True,115.0,107.34797472628115,-7.6520252737188486,7.6520252737188486,2021-05-08 02:00:00,2021-05-08 06:15:00,255.0,255.0
D1,FG-R1-expanded-q55__guard-q90-half,3,12,2021-05-09,96,1.0,True,184.0,169.1237058837085,-14.87629411629149,14.87629411629149,2021-05-09 09:00:00,2021-05-09 11:30:00,150.0,150.0
D1,FG-R1-expanded-q55__guard-q90-half,3,13,2021-05-03,96,1.0,True,184.0,166.00087997046666,-17.999120029533344,17.999120029533344,2021-05-03 08:30:00,2021-05-03 12:00:00,210.0,210.0
D1,FG-R1-expanded-q55__guard-q90-half,3,13,2021-05-04,96,1.0,True,181.0,173.07824335762194,-7.921756642378057,7.921756642378057,2021-05-04 08:30:00,2021-05-04 13:45:00,315.0,315.0
D1,FG-R1-expanded-q55__guard-q90-half,3,13,2021-05-05,96,1.0,True,120.0,175.76387720048015,55.76387720048015,55.76387720048015,2021-05-05 04:15:00,2021-05-05 08:30:00,255.0,255.0
D1,FG-R1-expanded-q55__guard-q90-half,3,13,2021-05-06,96,1.0,True,199.0,179.74125378259424,-19.258746217405758,19.258746217405758,2021-05-06 09:00:00,2021-05-06 13:45:00,285.0,285.0
D1,FG-R1-expanded-q55__guard-q90-half,3,13,2021-05-07,96,1.0,True,181.0,173.26795691599463,-7.732043084005369,7.732043084005369,2021-05-07 09:00:00,2021-05-07 08:30:00,-30.0,30.0
D1,FG-R1-expanded-q55__guard-q90-half,3,13,2021-05-08,96,1.0,True,115.0,108.90182323146091,-6.098176768539091,6.098176768539091,2021-05-08 02:00:00,2021-05-08 06:15:00,255.0,255.0
D1,FG-R1-expanded-q55__guard-q90-half,3,13,2021-05-09,96,1.0,True,184.0,169.93883039542726,-14.06116960457274,14.06116960457274,2021-05-09 09:00:00,2021-05-09 11:45:00,165.0,165.0
D1,FG-R1-expanded-q55__guard-q90-half,3,14,2021-05-03,96,1.0,True,184.0,166.23830672827916,-17.761693271720844,17.761693271720844,2021-05-03 08:30:00,2021-05-03 12:00:00,210.0,210.0
D1,FG-R1-expanded-q55__guard-q90-half,3,14,2021-05-04,96,1.0,True,181.0,173.81169520392328,-7.1883047960767215,7.1883047960767215,2021-05-04 08:30:00,2021-05-04 13:15:00,285.0,285.0
D1,FG-R1-expanded-q55__guard-q90-half,3,14,2021-05-05,96,1.0,True,120.0,177.3638131460551,57.363813146055094,57.363813146055094,2021-05-05 04:15:00,2021-05-05 08:30:00,255.0,255.0
D1,FG-R1-expanded-q55__guard-q90-half,3,14,2021-05-06,96,1.0,True,199.0,179.99977975783608,-19.00022024216392,19.00022024216392,2021-05-06 09:00:00,2021-05-06 13:30:00,270.0,270.0
D1,FG-R1-expanded-q55__guard-q90-half,3,14,2021-05-07,96,1.0,True,181.0,174.87849158396338,-6.121508416036619,6.121508416036619,2021-05-07 09:00:00,2021-05-07 08:30:00,-30.0,30.0
D1,FG-R1-expanded-q55__guard-q90-half,3,14,2021-05-08,96,1.0,True,115.0,107.69576418700294,-7.304235812997064,7.304235812997064,2021-05-08 02:00:00,2021-05-08 06:15:00,255.0,255.0
D1,FG-R1-expanded-q55__guard-q90-half,3,14,2021-05-09,96,1.0,True,184.0,167.07112409659914,-16.928875903400865,16.928875903400865,2021-05-09 09:00:00,2021-05-09 12:00:00,180.0,180.0
D1,FG-R1-expanded-q55__guard-q90-half,3,15,2021-05-03,96,1.0,True,184.0,165.81414258249916,-18.18585741750084,18.18585741750084,2021-05-03 08:30:00,2021-05-03 12:00:00,210.0,210.0
D1,FG-R1-expanded-q55__guard-q90-half,3,15,2021-05-04,96,1.0,True,181.0,174.97240990819859,-6.0275900918014145,6.0275900918014145,2021-05-04 08:30:00,2021-05-04 08:30:00,0.0,0.0
D1,FG-R1-expanded-q55__guard-q90-half,3,15,2021-05-05,96,1.0,True,120.0,178.56624913060378,58.56624913060378,58.56624913060378,2021-05-05 04:15:00,2021-05-05 08:30:00,255.0,255.0
D1,FG-R1-expanded-q55__guard-q90-half,3,15,2021-05-06,96,1.0,True,199.0,180.1209534896255,-18.879046510374508,18.879046510374508,2021-05-06 09:00:00,2021-05-06 13:45:00,285.0,285.0
D1,FG-R1-expanded-q55__guard-q90-half,3,15,2021-05-07,96,1.0,True,181.0,175.38025011076667,-5.619749889233333,5.619749889233333,2021-05-07 09:00:00,2021-05-07 08:30:00,-30.0,30.0
D1,FG-R1-expanded-q55__guard-q90-half,3,15,2021-05-08,96,1.0,True,115.0,106.84743628989581,-8.15256371010419,8.15256371010419,2021-05-08 02:00:00,2021-05-08 06:15:00,255.0,255.0
D1,FG-R1-expanded-q55__guard-q90-half,3,15,2021-05-09,96,1.0,True,184.0,161.38815380147992,-22.611846198520084,22.611846198520084,2021-05-09 09:00:00,2021-05-09 15:00:00,360.0,360.0
D1,FG-R1-expanded-q55__guard-q90-half,3,16,2021-05-03,96,1.0,True,184.0,166.56836027231424,-17.431639727685763,17.431639727685763,2021-05-03 08:30:00,2021-05-03 13:30:00,300.0,300.0
D1,FG-R1-expanded-q55__guard-q90-half,3,16,2021-05-04,96,1.0,True,181.0,173.89080861373995,-7.109191386260051,7.109191386260051,2021-05-04 08:30:00,2021-05-04 13:15:00,285.0,285.0
D1,FG-R1-expanded-q55__guard-q90-half,3,16,2021-05-05,96,1.0,True,120.0,178.20664806038258,58.20664806038258,58.20664806038258,2021-05-05 04:15:00,2021-05-05 08:30:00,255.0,255.0
D1,FG-R1-expanded-q55__guard-q90-half,3,16,2021-05-06,96,1.0,True,199.0,176.69682515367077,-22.303174846329227,22.303174846329227,2021-05-06 09:00:00,2021-05-06 13:45:00,285.0,285.0
D1,FG-R1-expanded-q55__guard-q90-half,3,16,2021-05-07,96,1.0,True,181.0,174.33078111662604,-6.669218883373958,6.669218883373958,2021-05-07 09:00:00,2021-05-07 08:30:00,-30.0,30.0
D1,FG-R1-expanded-q55__guard-q90-half,3,16,2021-05-08,96,1.0,True,115.0,108.00492037262356,-6.995079627376441,6.995079627376441,2021-05-08 02:00:00,2021-05-08 06:15:00,255.0,255.0
D1,FG-R1-expanded-q55__guard-q90-half,3,16,2021-05-09,96,1.0,True,184.0,158.87959936691666,-25.120400633083335,25.120400633083335,2021-05-09 09:00:00,2021-05-09 15:45:00,405.0,405.0
D1,FG-R1-expanded-q55__guard-q90-half,5,4,2021-05-17,96,1.0,True,192.0,169.674983001287,-22.32501699871301,22.32501699871301,2021-05-17 09:00:00,2021-05-17 11:45:00,165.0,165.0
D1,FG-R1-expanded-q55__guard-q90-half,5,4,2021-05-18,96,1.0,True,182.0,169.0741198616834,-12.925880138316586,12.925880138316586,2021-05-18 13:15:00,2021-05-18 11:45:00,-90.0,90.0
D1,FG-R1-expanded-q55__guard-q90-half,5,4,2021-05-19,96,1.0,True,108.0,144.96491785381065,36.96491785381065,36.96491785381065,2021-05-19 06:15:00,2021-05-19 08:15:00,120.0,120.0
D1,FG-R1-expanded-q55__guard-q90-half,5,4,2021-05-20,96,1.0,True,181.0,181.24769096328166,0.24769096328165574,0.24769096328165574,2021-05-20 13:15:00,2021-05-20 09:00:00,-255.0,255.0
D1,FG-R1-expanded-q55__guard-q90-half,5,4,2021-05-21,96,1.0,True,160.0,169.32068392489307,9.320683924893075,9.320683924893075,2021-05-21 08:30:00,2021-05-21 09:00:00,30.0,30.0
D1,FG-R1-expanded-q55__guard-q90-half,5,4,2021-05-22,96,1.0,True,112.0,104.94669253355221,-7.053307466447791,7.053307466447791,2021-05-22 06:15:00,2021-05-22 02:30:00,-225.0,225.0
D1,FG-R1-expanded-q55__guard-q90-half,5,4,2021-05-23,96,1.0,True,25.0,25.15478839400091,0.15478839400091005,0.15478839400091005,2021-05-23 03:00:00,2021-05-23 07:15:00,255.0,255.0
D1,FG-R1-expanded-q55__guard-q90-half,5,5,2021-05-17,96,1.0,True,192.0,169.25782025785603,-22.742179742143975,22.742179742143975,2021-05-17 09:00:00,2021-05-17 13:30:00,270.0,270.0
D1,FG-R1-expanded-q55__guard-q90-half,5,5,2021-05-18,96,1.0,True,182.0,168.8767321663709,-13.123267833629086,13.123267833629086,2021-05-18 13:15:00,2021-05-18 11:45:00,-90.0,90.0
D1,FG-R1-expanded-q55__guard-q90-half,5,5,2021-05-19,96,1.0,True,108.0,162.06140397343873,54.06140397343873,54.06140397343873,2021-05-19 06:15:00,2021-05-19 08:30:00,135.0,135.0
D1,FG-R1-expanded-q55__guard-q90-half,5,5,2021-05-20,96,1.0,True,181.0,181.75780681252752,0.7578068125275195,0.7578068125275195,2021-05-20 13:15:00,2021-05-20 09:00:00,-255.0,255.0
D1,FG-R1-expanded-q55__guard-q90-half,5,5,2021-05-21,96,1.0,True,160.0,168.1025622444959,8.102562244495914,8.102562244495914,2021-05-21 08:30:00,2021-05-21 09:00:00,30.0,30.0
D1,FG-R1-expanded-q55__guard-q90-half,5,5,2021-05-22,96,1.0,True,112.0,103.98453532347612,-8.015464676523877,8.015464676523877,2021-05-22 06:15:00,2021-05-22 02:15:00,-240.0,240.0
D1,FG-R1-expanded-q55__guard-q90-half,5,5,2021-05-23,96,1.0,True,25.0,29.954410118667717,4.954410118667717,4.954410118667717,2021-05-23 03:00:00,2021-05-23 07:30:00,270.0,270.0
D1,FG-R1-expanded-q55__guard-q90-half,5,6,2021-05-17,96,1.0,True,192.0,169.45801557035603,-22.541984429643975,22.541984429643975,2021-05-17 09:00:00,2021-05-17 13:30:00,270.0,270.0
D1,FG-R1-expanded-q55__guard-q90-half,5,6,2021-05-18,96,1.0,True,182.0,168.71990233238654,-13.280097667613461,13.280097667613461,2021-05-18 13:15:00,2021-05-18 11:30:00,-105.0,105.0
D1,FG-R1-expanded-q55__guard-q90-half,5,6,2021-05-19,96,1.0,True,108.0,165.41670587712463,57.41670587712463,57.41670587712463,2021-05-19 06:15:00,2021-05-19 08:30:00,135.0,135.0
D1,FG-R1-expanded-q55__guard-q90-half,5,6,2021-05-20,96,1.0,True,181.0,178.36455730080877,-2.6354426991912305,2.6354426991912305,2021-05-20 13:15:00,2021-05-20 09:00:00,-255.0,255.0
D1,FG-R1-expanded-q55__guard-q90-half,5,6,2021-05-21,96,1.0,True,160.0,167.12723570640998,7.1272357064099765,7.1272357064099765,2021-05-21 08:30:00,2021-05-21 09:00:00,30.0,30.0
D1,FG-R1-expanded-q55__guard-q90-half,5,6,2021-05-22,96,1.0,True,112.0,103.78894053587847,-8.211059464121533,8.211059464121533,2021-05-22 06:15:00,2021-05-22 02:15:00,-240.0,240.0
D1,FG-R1-expanded-q55__guard-q90-half,5,6,2021-05-23,96,1.0,True,25.0,50.469024223892326,25.469024223892326,25.469024223892326,2021-05-23 03:00:00,2021-05-23 07:45:00,285.0,285.0
D1,FG-R1-expanded-q55__guard-q90-half,5,7,2021-05-17,96,1.0,True,192.0,168.29368112140418,-23.706318878595823,23.706318878595823,2021-05-17 09:00:00,2021-05-17 11:00:00,120.0,120.0
D1,FG-R1-expanded-q55__guard-q90-half,5,7,2021-05-18,96,1.0,True,182.0,168.11324339683966,-13.886756603160336,13.886756603160336,2021-05-18 13:15:00,2021-05-18 11:45:00,-90.0,90.0
D1,FG-R1-expanded-q55__guard-q90-half,5,7,2021-05-19,96,1.0,True,108.0,163.77859757695435,55.778597576954354,55.778597576954354,2021-05-19 06:15:00,2021-05-19 08:30:00,135.0,135.0
D1,FG-R1-expanded-q55__guard-q90-half,5,7,2021-05-20,96,1.0,True,181.0,178.27810030707192,-2.7218996929280763,2.7218996929280763,2021-05-20 13:15:00,2021-05-20 09:00:00,-255.0,255.0
D1,FG-R1-expanded-q55__guard-q90-half,5,7,2021-05-21,96,1.0,True,160.0,165.02535369199654,5.025353691996543,5.025353691996543,2021-05-21 08:30:00,2021-05-21 09:00:00,30.0,30.0
D1,FG-R1-expanded-q55__guard-q90-half,5,7,2021-05-22,96,1.0,True,112.0,103.67747578507203,-8.322524214927967,8.322524214927967,2021-05-22 06:15:00,2021-05-22 03:30:00,-165.0,165.0
D1,FG-R1-expanded-q55__guard-q90-half,5,7,2021-05-23,96,1.0,True,25.0,102.35518723606324,77.35518723606324,77.35518723606324,2021-05-23 03:00:00,2021-05-23 08:00:00,300.0,300.0
D1,FG-R1-expanded-q55__guard-q90-half,5,8,2021-05-17,96,1.0,True,192.0,168.80851668439738,-23.191483315602625,23.191483315602625,2021-05-17 09:00:00,2021-05-17 11:15:00,135.0,135.0
D1,FG-R1-expanded-q55__guard-q90-half,5,8,2021-05-18,96,1.0,True,182.0,170.5925590427958,-11.407440957204187,11.407440957204187,2021-05-18 13:15:00,2021-05-18 12:00:00,-75.0,75.0
D1,FG-R1-expanded-q55__guard-q90-half,5,8,2021-05-19,96,1.0,True,108.0,168.08542836596982,60.08542836596982,60.08542836596982,2021-05-19 06:15:00,2021-05-19 08:30:00,135.0,135.0
D1,FG-R1-expanded-q55__guard-q90-half,5,8,2021-05-20,96,1.0,True,181.0,179.14602022894692,-1.8539797710530763,1.8539797710530763,2021-05-20 13:15:00,2021-05-20 09:00:00,-255.0,255.0
D1,FG-R1-expanded-q55__guard-q90-half,5,8,2021-05-21,96,1.0,True,160.0,166.43686653948802,6.4368665394880225,6.4368665394880225,2021-05-21 08:30:00,2021-05-21 09:00:00,30.0,30.0
D1,FG-R1-expanded-q55__guard-q90-half,5,8,2021-05-22,96,1.0,True,112.0,103.7988370276174,-8.201162972382605,8.201162972382605,2021-05-22 06:15:00,2021-05-22 03:30:00,-165.0,165.0
D1,FG-R1-expanded-q55__guard-q90-half,5,8,2021-05-23,96,1.0,True,25.0,150.85488210531395,125.85488210531395,125.85488210531395,2021-05-23 03:00:00,2021-05-23 08:15:00,315.0,315.0
D1,FG-R1-expanded-q55__guard-q90-half,5,9,2021-05-17,96,1.0,True,192.0,169.89723879981835,-22.102761200181646,22.102761200181646,2021-05-17 09:00:00,2021-05-17 08:30:00,-30.0,30.0
D1,FG-R1-expanded-q55__guard-q90-half,5,9,2021-05-18,96,1.0,True,182.0,169.16082686506144,-12.839173134938562,12.839173134938562,2021-05-18 13:15:00,2021-05-18 12:00:00,-75.0,75.0
D1,FG-R1-expanded-q55__guard-q90-half,5,9,2021-05-19,96,1.0,True,108.0,169.3537984912154,61.3537984912154,61.3537984912154,2021-05-19 06:15:00,2021-05-19 08:30:00,135.0,135.0
D1,FG-R1-expanded-q55__guard-q90-half,5,9,2021-05-20,96,1.0,True,181.0,181.4908383441813,0.4908383441812987,0.4908383441812987,2021-05-20 13:15:00,2021-05-20 08:30:00,-285.0,285.0
D1,FG-R1-expanded-q55__guard-q90-half,5,9,2021-05-21,96,1.0,True,160.0,164.30420508124925,4.3042050812492505,4.3042050812492505,2021-05-21 08:30:00,2021-05-21 10:45:00,135.0,135.0
D1,FG-R1-expanded-q55__guard-q90-half,5,9,2021-05-22,96,1.0,True,112.0,102.27013451748826,-9.729865482511741,9.729865482511741,2021-05-22 06:15:00,2021-05-22 03:30:00,-165.0,165.0
D1,FG-R1-expanded-q55__guard-q90-half,5,9,2021-05-23,96,1.0,True,25.0,165.898170254036,140.898170254036,140.898170254036,2021-05-23 03:00:00,2021-05-23 08:30:00,330.0,330.0
D1,FG-R1-expanded-q55__guard-q90-half,5,10,2021-05-17,96,1.0,True,192.0,170.62829110675574,-21.37170889324426,21.37170889324426,2021-05-17 09:00:00,2021-05-17 11:45:00,165.0,165.0
D1,FG-R1-expanded-q55__guard-q90-half,5,10,2021-05-18,96,1.0,True,182.0,172.3583911019178,-9.641608898082211,9.641608898082211,2021-05-18 13:15:00,2021-05-18 13:15:00,0.0,0.0
D1,FG-R1-expanded-q55__guard-q90-half,5,10,2021-05-19,96,1.0,True,108.0,169.2856612119676,61.28566121196761,61.28566121196761,2021-05-19 06:15:00,2021-05-19 08:30:00,135.0,135.0
D1,FG-R1-expanded-q55__guard-q90-half,5,10,2021-05-20,96,1.0,True,181.0,182.8502896381266,1.8502896381266112,1.8502896381266112,2021-05-20 13:15:00,2021-05-20 08:45:00,-270.0,270.0
D1,FG-R1-expanded-q55__guard-q90-half,5,10,2021-05-21,96,1.0,True,160.0,165.3977706116766,5.397770611676606,5.397770611676606,2021-05-21 08:30:00,2021-05-21 10:45:00,135.0,135.0
D1,FG-R1-expanded-q55__guard-q90-half,5,10,2021-05-22,96,1.0,True,112.0,103.9106453407361,-8.089354659263904,8.089354659263904,2021-05-22 06:15:00,2021-05-22 06:15:00,0.0,0.0
D1,FG-R1-expanded-q55__guard-q90-half,5,10,2021-05-23,96,1.0,True,25.0,167.4590833399735,142.4590833399735,142.4590833399735,2021-05-23 03:00:00,2021-05-23 08:45:00,345.0,345.0
D1,FG-R1-expanded-q55__guard-q90-half,5,11,2021-05-17,96,1.0,True,192.0,171.1789655452323,-20.821034454767698,20.821034454767698,2021-05-17 09:00:00,2021-05-17 11:45:00,165.0,165.0
D1,FG-R1-expanded-q55__guard-q90-half,5,11,2021-05-18,96,1.0,True,182.0,170.66414671715216,-11.335853282847836,11.335853282847836,2021-05-18 13:15:00,2021-05-18 13:30:00,15.0,15.0
D1,FG-R1-expanded-q55__guard-q90-half,5,11,2021-05-19,96,1.0,True,108.0,167.00888853844123,59.00888853844123,59.00888853844123,2021-05-19 06:15:00,2021-05-19 09:00:00,165.0,165.0
D1,FG-R1-expanded-q55__guard-q90-half,5,11,2021-05-20,96,1.0,True,181.0,185.0224545551188,4.022454555118799,4.022454555118799,2021-05-20 13:15:00,2021-05-20 09:00:00,-255.0,255.0
D1,FG-R1-expanded-q55__guard-q90-half,5,11,2021-05-21,96,1.0,True,160.0,166.57007285777036,6.570072857770356,6.570072857770356,2021-05-21 08:30:00,2021-05-21 10:45:00,135.0,135.0
D1,FG-R1-expanded-q55__guard-q90-half,5,11,2021-05-22,96,1.0,True,112.0,102.81350026016969,-9.18649973983031,9.18649973983031,2021-05-22 06:15:00,2021-05-22 06:30:00,15.0,15.0
D1,FG-R1-expanded-q55__guard-q90-half,5,11,2021-05-23,96,1.0,True,25.0,163.13724496106724,138.13724496106724,138.13724496106724,2021-05-23 03:00:00,2021-05-23 09:00:00,360.0,360.0
D1,FG-R1-expanded-q55__guard-q90-half,5,12,2021-05-17,96,1.0,True,192.0,170.44960696388085,-21.550393036119146,21.550393036119146,2021-05-17 09:00:00,2021-05-17 08:30:00,-30.0,30.0
D1,FG-R1-expanded-q55__guard-q90-half,5,12,2021-05-18,96,1.0,True,182.0,171.1315844612928,-10.868415538707211,10.868415538707211,2021-05-18 13:15:00,2021-05-18 13:15:00,0.0,0.0
D1,FG-R1-expanded-q55__guard-q90-half,5,12,2021-05-19,96,1.0,True,108.0,165.58802035435355,57.588020354353546,57.588020354353546,2021-05-19 06:15:00,2021-05-19 09:00:00,165.0,165.0
D1,FG-R1-expanded-q55__guard-q90-half,5,12,2021-05-20,96,1.0,True,181.0,184.9307797504313,3.9307797504312987,3.9307797504312987,2021-05-20 13:15:00,2021-05-20 09:00:00,-255.0,255.0
D1,FG-R1-expanded-q55__guard-q90-half,5,12,2021-05-21,96,1.0,True,160.0,166.65701743784848,6.657017437848481,6.657017437848481,2021-05-21 08:30:00,2021-05-21 11:00:00,150.0,150.0
D1,FG-R1-expanded-q55__guard-q90-half,5,12,2021-05-22,96,1.0,True,112.0,102.88683400040406,-9.113165999595935,9.113165999595935,2021-05-22 06:15:00,2021-05-22 04:45:00,-90.0,90.0
D1,FG-R1-expanded-q55__guard-q90-half,5,12,2021-05-23,96,1.0,True,25.0,155.58705095729076,130.58705095729076,130.58705095729076,2021-05-23 03:00:00,2021-05-23 09:15:00,375.0,375.0
D1,FG-R1-expanded-q55__guard-q90-half,5,13,2021-05-17,96,1.0,True,192.0,172.84953982520898,-19.15046017479102,19.15046017479102,2021-05-17 09:00:00,2021-05-17 08:30:00,-30.0,30.0
D1,FG-R1-expanded-q55__guard-q90-half,5,13,2021-05-18,96,1.0,True,182.0,170.1351245003553,-11.864875499644711,11.864875499644711,2021-05-18 13:15:00,2021-05-18 13:15:00,0.0,0.0
D1,FG-R1-expanded-q55__guard-q90-half,5,13,2021-05-19,96,1.0,True,108.0,162.81653092656373,54.81653092656373,54.81653092656373,2021-05-19 06:15:00,2021-05-19 08:30:00,135.0,135.0
D1,FG-R1-expanded-q55__guard-q90-half,5,13,2021-05-20,96,1.0,True,181.0,185.34011202582192,4.340112025821924,4.340112025821924,2021-05-20 13:15:00,2021-05-20 09:00:00,-255.0,255.0
D1,FG-R1-expanded-q55__guard-q90-half,5,13,2021-05-21,96,1.0,True,160.0,165.58338123108416,5.583381231084161,5.583381231084161,2021-05-21 08:30:00,2021-05-21 11:00:00,150.0,150.0
D1,FG-R1-expanded-q55__guard-q90-half,5,13,2021-05-22,96,1.0,True,112.0,102.28687296996051,-9.713127030039487,9.713127030039487,2021-05-22 06:15:00,2021-05-22 04:15:00,-120.0,120.0
D1,FG-R1-expanded-q55__guard-q90-half,5,13,2021-05-23,96,1.0,True,25.0,149.5814204641267,124.5814204641267,124.5814204641267,2021-05-23 03:00:00,2021-05-23 09:30:00,390.0,390.0
D1,FG-R1-expanded-q55__guard-q90-half,5,14,2021-05-17,96,1.0,True,192.0,173.07534836542544,-18.92465163457456,18.92465163457456,2021-05-17 09:00:00,2021-05-17 08:45:00,-15.0,15.0
D1,FG-R1-expanded-q55__guard-q90-half,5,14,2021-05-18,96,1.0,True,182.0,169.03679686363654,-12.963203136363461,12.963203136363461,2021-05-18 13:15:00,2021-05-18 13:45:00,30.0,30.0
D1,FG-R1-expanded-q55__guard-q90-half,5,14,2021-05-19,96,1.0,True,108.0,165.19005182439025,57.19005182439025,57.19005182439025,2021-05-19 06:15:00,2021-05-19 08:30:00,135.0,135.0
D1,FG-R1-expanded-q55__guard-q90-half,5,14,2021-05-20,96,1.0,True,181.0,184.887490565861,3.887490565860986,3.887490565860986,2021-05-20 13:15:00,2021-05-20 09:00:00,-255.0,255.0
D1,FG-R1-expanded-q55__guard-q90-half,5,14,2021-05-21,96,1.0,True,160.0,164.79138444218873,4.791384442188729,4.791384442188729,2021-05-21 08:30:00,2021-05-21 10:45:00,135.0,135.0
D1,FG-R1-expanded-q55__guard-q90-half,5,14,2021-05-22,96,1.0,True,112.0,102.96058665404253,-9.03941334595747,9.03941334595747,2021-05-22 06:15:00,2021-05-22 04:15:00,-120.0,120.0
D1,FG-R1-expanded-q55__guard-q90-half,5,14,2021-05-23,96,1.0,True,25.0,145.16136126002513,120.16136126002513,120.16136126002513,2021-05-23 03:00:00,2021-05-23 09:45:00,405.0,405.0
D1,FG-R1-expanded-q55__guard-q90-half,5,15,2021-05-17,96,1.0,True,192.0,170.39723252069888,-21.60276747930112,21.60276747930112,2021-05-17 09:00:00,2021-05-17 09:00:00,0.0,0.0
D1,FG-R1-expanded-q55__guard-q90-half,5,15,2021-05-18,96,1.0,True,182.0,165.87078123863654,-16.12921876136346,16.12921876136346,2021-05-18 13:15:00,2021-05-18 13:15:00,0.0,0.0
D1,FG-R1-expanded-q55__guard-q90-half,5,15,2021-05-19,96,1.0,True,108.0,164.85123041325744,56.85123041325744,56.85123041325744,2021-05-19 06:15:00,2021-05-19 08:30:00,135.0,135.0
D1,FG-R1-expanded-q55__guard-q90-half,5,15,2021-05-20,96,1.0,True,181.0,185.25020724066567,4.250207240665674,4.250207240665674,2021-05-20 13:15:00,2021-05-20 09:00:00,-255.0,255.0
D1,FG-R1-expanded-q55__guard-q90-half,5,15,2021-05-21,96,1.0,True,160.0,164.6323798388465,4.632379838846504,4.632379838846504,2021-05-21 08:30:00,2021-05-21 09:00:00,30.0,30.0
D1,FG-R1-expanded-q55__guard-q90-half,5,15,2021-05-22,96,1.0,True,112.0,102.18621289859601,-9.813787101403989,9.813787101403989,2021-05-22 06:15:00,2021-05-22 04:45:00,-90.0,90.0
D1,FG-R1-expanded-q55__guard-q90-half,5,15,2021-05-23,96,1.0,True,25.0,140.20461992701732,115.20461992701732,115.20461992701732,2021-05-23 03:00:00,2021-05-23 10:00:00,420.0,420.0
D1,FG-R1-expanded-q55__guard-q90-half,5,16,2021-05-17,96,1.0,True,192.0,170.9742894054645,-21.025710594535497,21.025710594535497,2021-05-17 09:00:00,2021-05-17 09:00:00,0.0,0.0
D1,FG-R1-expanded-q55__guard-q90-half,5,16,2021-05-18,96,1.0,True,182.0,167.34839659508185,-14.651603404918148,14.651603404918148,2021-05-18 13:15:00,2021-05-18 13:30:00,15.0,15.0
D1,FG-R1-expanded-q55__guard-q90-half,5,16,2021-05-19,96,1.0,True,108.0,164.38275507146056,56.382755071460565,56.382755071460565,2021-05-19 06:15:00,2021-05-19 08:30:00,135.0,135.0
D1,FG-R1-expanded-q55__guard-q90-half,5,16,2021-05-20,96,1.0,True,181.0,187.8070462299235,6.807046229923486,6.807046229923486,2021-05-20 13:15:00,2021-05-20 09:00:00,-255.0,255.0
D1,FG-R1-expanded-q55__guard-q90-half,5,16,2021-05-21,96,1.0,True,160.0,164.5759833544715,4.575983354471504,4.575983354471504,2021-05-21 08:30:00,2021-05-21 09:00:00,30.0,30.0
D1,FG-R1-expanded-q55__guard-q90-half,5,16,2021-05-22,96,1.0,True,112.0,103.38825452457259,-8.611745475427412,8.611745475427412,2021-05-22 06:15:00,2021-05-22 06:15:00,0.0,0.0
D1,FG-R1-expanded-q55__guard-q90-half,5,16,2021-05-23,96,1.0,True,25.0,111.93142656764232,86.93142656764232,86.93142656764232,2021-05-23 03:00:00,2021-05-23 10:15:00,435.0,435.0
D1,FG-R1-expanded-q55__guard-q90-half,7,4,2021-05-31,96,1.0,True,172.0,168.49941723394377,-3.500582766056226,3.500582766056226,2021-05-31 10:30:00,2021-05-31 12:00:00,90.0,90.0
D1,FG-R1-expanded-q55__guard-q90-half,7,4,2021-06-01,96,1.0,True,195.0,175.15215525814386,-19.847844741856136,19.847844741856136,2021-06-01 09:00:00,2021-06-01 12:00:00,180.0,180.0
D1,FG-R1-expanded-q55__guard-q90-half,7,4,2021-06-02,96,1.0,True,191.0,173.4229702301173,-17.5770297698827,17.5770297698827,2021-06-02 10:45:00,2021-06-02 11:45:00,60.0,60.0
D1,FG-R1-expanded-q55__guard-q90-half,7,4,2021-06-03,96,1.0,True,181.0,176.50897746892116,-4.4910225310788405,4.4910225310788405,2021-06-03 08:30:00,2021-06-03 08:30:00,0.0,0.0
D1,FG-R1-expanded-q55__guard-q90-half,7,4,2021-06-04,96,1.0,True,173.0,172.10204633791145,-0.897953662088554,0.897953662088554,2021-06-04 10:45:00,2021-06-04 08:30:00,-135.0,135.0
D1,FG-R1-expanded-q55__guard-q90-half,7,4,2021-06-05,96,1.0,True,116.0,111.31086835987352,-4.689131640126476,4.689131640126476,2021-06-05 01:45:00,2021-06-05 06:15:00,270.0,270.0
D1,FG-R1-expanded-q55__guard-q90-half,7,4,2021-06-06,96,1.0,True,27.0,23.246619470240883,-3.7533805297591165,3.7533805297591165,2021-06-06 01:30:00,2021-06-06 04:45:00,195.0,195.0
D1,FG-R1-expanded-q55__guard-q90-half,7,5,2021-05-31,96,1.0,True,172.0,169.9358491187094,-2.064150881290601,2.064150881290601,2021-05-31 10:30:00,2021-05-31 11:45:00,75.0,75.0
D1,FG-R1-expanded-q55__guard-q90-half,7,5,2021-06-01,96,1.0,True,195.0,173.01317074963455,-21.986829250365446,21.986829250365446,2021-06-01 09:00:00,2021-06-01 11:45:00,165.0,165.0
D1,FG-R1-expanded-q55__guard-q90-half,7,5,2021-06-02,96,1.0,True,191.0,171.46839564515636,-19.531604354843637,19.531604354843637,2021-06-02 10:45:00,2021-06-02 09:00:00,-105.0,105.0
D1,FG-R1-expanded-q55__guard-q90-half,7,5,2021-06-03,96,1.0,True,181.0,176.51334148259303,-4.4866585174069655,4.4866585174069655,2021-06-03 08:30:00,2021-06-03 08:30:00,0.0,0.0
D1,FG-R1-expanded-q55__guard-q90-half,7,5,2021-06-04,96,1.0,True,173.0,171.59902509767707,-1.400974902322929,1.400974902322929,2021-06-04 10:45:00,2021-06-04 08:30:00,-135.0,135.0
D1,FG-R1-expanded-q55__guard-q90-half,7,5,2021-06-05,96,1.0,True,116.0,109.8350186992561,-6.164981300743904,6.164981300743904,2021-06-05 01:45:00,2021-06-05 06:15:00,270.0,270.0
D1,FG-R1-expanded-q55__guard-q90-half,7,5,2021-06-06,96,1.0,True,27.0,23.212526205568793,-3.7874737944312074,3.7874737944312074,2021-06-06 01:30:00,2021-06-06 04:30:00,180.0,180.0
D1,FG-R1-expanded-q55__guard-q90-half,7,6,2021-05-31,96,1.0,True,172.0,168.5146302466391,-3.4853697533609136,3.4853697533609136,2021-05-31 10:30:00,2021-05-31 12:00:00,90.0,90.0
D1,FG-R1-expanded-q55__guard-q90-half,7,6,2021-06-01,96,1.0,True,195.0,172.97344992897914,-22.026550071020864,22.026550071020864,2021-06-01 09:00:00,2021-06-01 13:15:00,255.0,255.0
D1,FG-R1-expanded-q55__guard-q90-half,7,6,2021-06-02,96,1.0,True,191.0,171.69424098207043,-19.305759017929574,19.305759017929574,2021-06-02 10:45:00,2021-06-02 11:00:00,15.0,15.0
D1,FG-R1-expanded-q55__guard-q90-half,7,6,2021-06-03,96,1.0,True,181.0,176.99083476872585,-4.009165231274153,4.009165231274153,2021-06-03 08:30:00,2021-06-03 08:30:00,0.0,0.0
D1,FG-R1-expanded-q55__guard-q90-half,7,6,2021-06-04,96,1.0,True,173.0,169.58695539552863,-3.4130446044713665,3.4130446044713665,2021-06-04 10:45:00,2021-06-04 08:30:00,-135.0,135.0
D1,FG-R1-expanded-q55__guard-q90-half,7,6,2021-06-05,96,1.0,True,116.0,110.02517372855297,-5.974826271447029,5.974826271447029,2021-06-05 01:45:00,2021-06-05 06:15:00,270.0,270.0
D1,FG-R1-expanded-q55__guard-q90-half,7,6,2021-06-06,96,1.0,True,27.0,23.29304433596354,-3.7069556640364603,3.7069556640364603,2021-06-06 01:30:00,2021-06-06 03:45:00,135.0,135.0
D1,FG-R1-expanded-q55__guard-q90-half,7,7,2021-05-31,96,1.0,True,172.0,169.65856640386565,-2.341433596134351,2.341433596134351,2021-05-31 10:30:00,2021-05-31 09:00:00,-90.0,90.0
D1,FG-R1-expanded-q55__guard-q90-half,7,7,2021-06-01,96,1.0,True,195.0,173.82186911843226,-21.17813088156774,21.17813088156774,2021-06-01 09:00:00,2021-06-01 13:15:00,255.0,255.0
D1,FG-R1-expanded-q55__guard-q90-half,7,7,2021-06-02,96,1.0,True,191.0,171.05013697816418,-19.949863021835824,19.949863021835824,2021-06-02 10:45:00,2021-06-02 11:00:00,15.0,15.0
D1,FG-R1-expanded-q55__guard-q90-half,7,7,2021-06-03,96,1.0,True,181.0,176.18258222658332,-4.817417773416679,4.817417773416679,2021-06-03 08:30:00,2021-06-03 11:00:00,150.0,150.0
D1,FG-R1-expanded-q55__guard-q90-half,7,7,2021-06-04,96,1.0,True,173.0,168.10738691408332,-4.892613085916679,4.892613085916679,2021-06-04 10:45:00,2021-06-04 08:30:00,-135.0,135.0
D1,FG-R1-expanded-q55__guard-q90-half,7,7,2021-06-05,96,1.0,True,116.0,108.83354622611157,-7.166453773888435,7.166453773888435,2021-06-05 01:45:00,2021-06-05 06:15:00,270.0,270.0
D1,FG-R1-expanded-q55__guard-q90-half,7,7,2021-06-06,96,1.0,True,27.0,23.5207308564477,-3.479269143552301,3.479269143552301,2021-06-06 01:30:00,2021-06-06 04:00:00,150.0,150.0
D1,FG-R1-expanded-q55__guard-q90-half,7,8,2021-05-31,96,1.0,True,172.0,170.19472973394377,-1.805270266056226,1.805270266056226,2021-05-31 10:30:00,2021-05-31 09:00:00,-90.0,90.0
D1,FG-R1-expanded-q55__guard-q90-half,7,8,2021-06-01,96,1.0,True,195.0,175.9352114035885,-19.06478859641149,19.06478859641149,2021-06-01 09:00:00,2021-06-01 13:30:00,270.0,270.0
D1,FG-R1-expanded-q55__guard-q90-half,7,8,2021-06-02,96,1.0,True,191.0,172.3540277636673,-18.64597223633271,18.64597223633271,2021-06-02 10:45:00,2021-06-02 11:30:00,45.0,45.0
D1,FG-R1-expanded-q55__guard-q90-half,7,8,2021-06-03,96,1.0,True,181.0,177.6062241278389,-3.3937758721610862,3.3937758721610862,2021-06-03 08:30:00,2021-06-03 10:45:00,135.0,135.0
D1,FG-R1-expanded-q55__guard-q90-half,7,8,2021-06-04,96,1.0,True,173.0,171.48717817384895,-1.512821826151054,1.512821826151054,2021-06-04 10:45:00,2021-06-04 08:30:00,-135.0,135.0
D1,FG-R1-expanded-q55__guard-q90-half,7,8,2021-06-05,96,1.0,True,116.0,108.992344443885,-7.007655556114997,7.007655556114997,2021-06-05 01:45:00,2021-06-05 06:15:00,270.0,270.0
D1,FG-R1-expanded-q55__guard-q90-half,7,8,2021-06-06,96,1.0,True,27.0,23.68550670483637,-3.3144932951636292,3.3144932951636292,2021-06-06 01:30:00,2021-06-06 04:15:00,165.0,165.0
D1,FG-R1-expanded-q55__guard-q90-half,7,9,2021-05-31,96,1.0,True,172.0,171.59628002691252,-0.4037199730874761,0.4037199730874761,2021-05-31 10:30:00,2021-05-31 09:00:00,-90.0,90.0
D1,FG-R1-expanded-q55__guard-q90-half,7,9,2021-06-01,96,1.0,True,195.0,175.32569907448695,-19.67430092551305,19.67430092551305,2021-06-01 09:00:00,2021-06-01 13:30:00,270.0,270.0
D1,FG-R1-expanded-q55__guard-q90-half,7,9,2021-06-02,96,1.0,True,191.0,173.2503628082423,-17.7496371917577,17.7496371917577,2021-06-02 10:45:00,2021-06-02 13:30:00,165.0,165.0
D1,FG-R1-expanded-q55__guard-q90-half,7,9,2021-06-03,96,1.0,True,181.0,178.8751786621302,-2.124821337869804,2.124821337869804,2021-06-03 08:30:00,2021-06-03 11:00:00,150.0,150.0
D1,FG-R1-expanded-q55__guard-q90-half,7,9,2021-06-04,96,1.0,True,173.0,172.184214917013,-0.8157850829869915,0.8157850829869915,2021-06-04 10:45:00,2021-06-04 08:30:00,-135.0,135.0
D1,FG-R1-expanded-q55__guard-q90-half,7,9,2021-06-05,96,1.0,True,116.0,108.07703072318188,-7.922969276818122,7.922969276818122,2021-06-05 01:45:00,2021-06-05 06:15:00,270.0,270.0
D1,FG-R1-expanded-q55__guard-q90-half,7,9,2021-06-06,96,1.0,True,27.0,23.635000113039496,-3.3649998869605042,3.3649998869605042,2021-06-06 01:30:00,2021-06-06 04:30:00,180.0,180.0
D1,FG-R1-expanded-q55__guard-q90-half,7,10,2021-05-31,96,1.0,True,172.0,173.29003613042815,1.290036130428149,1.290036130428149,2021-05-31 10:30:00,2021-05-31 09:00:00,-90.0,90.0
D1,FG-R1-expanded-q55__guard-q90-half,7,10,2021-06-01,96,1.0,True,195.0,175.41426434367136,-19.585735656328637,19.585735656328637,2021-06-01 09:00:00,2021-06-01 13:45:00,285.0,285.0
D1,FG-R1-expanded-q55__guard-q90-half,7,10,2021-06-02,96,1.0,True,191.0,174.7434048004298,-16.2565951995702,16.2565951995702,2021-06-02 10:45:00,2021-06-02 13:30:00,165.0,165.0
D1,FG-R1-expanded-q55__guard-q90-half,7,10,2021-06-03,96,1.0,True,181.0,179.2399247558802,-1.760075244119804,1.760075244119804,2021-06-03 08:30:00,2021-06-03 11:00:00,150.0,150.0
D1,FG-R1-expanded-q55__guard-q90-half,7,10,2021-06-04,96,1.0,True,173.0,172.38000043947395,-0.619999560526054,0.619999560526054,2021-06-04 10:45:00,2021-06-04 08:30:00,-135.0,135.0
D1,FG-R1-expanded-q55__guard-q90-half,7,10,2021-06-05,96,1.0,True,116.0,109.35490090140453,-6.645099098595466,6.645099098595466,2021-06-05 01:45:00,2021-06-05 06:15:00,270.0,270.0
D1,FG-R1-expanded-q55__guard-q90-half,7,10,2021-06-06,96,1.0,True,27.0,23.89870250561762,-3.1012974943823792,3.1012974943823792,2021-06-06 01:30:00,2021-06-06 04:00:00,150.0,150.0
D1,FG-R1-expanded-q55__guard-q90-half,7,11,2021-05-31,96,1.0,True,172.0,174.91482250738127,2.914822507381274,2.914822507381274,2021-05-31 10:30:00,2021-05-31 09:00:00,-90.0,90.0
D1,FG-R1-expanded-q55__guard-q90-half,7,11,2021-06-01,96,1.0,True,195.0,174.57371258706837,-20.42628741293163,20.42628741293163,2021-06-01 09:00:00,2021-06-01 13:45:00,285.0,285.0
D1,FG-R1-expanded-q55__guard-q90-half,7,11,2021-06-02,96,1.0,True,191.0,173.26333277894543,-17.736667221054574,17.736667221054574,2021-06-02 10:45:00,2021-06-02 13:45:00,180.0,180.0
D1,FG-R1-expanded-q55__guard-q90-half,7,11,2021-06-03,96,1.0,True,181.0,177.41290813298366,-3.5870918670163405,3.5870918670163405,2021-06-03 08:30:00,2021-06-03 11:00:00,150.0,150.0
D1,FG-R1-expanded-q55__guard-q90-half,7,11,2021-06-04,96,1.0,True,173.0,170.8969071777552,-2.103092822244804,2.103092822244804,2021-06-04 10:45:00,2021-06-04 08:30:00,-135.0,135.0
D1,FG-R1-expanded-q55__guard-q90-half,7,11,2021-06-05,96,1.0,True,116.0,107.53405434378735,-8.465945656212654,8.465945656212654,2021-06-05 01:45:00,2021-06-05 06:15:00,270.0,270.0
D1,FG-R1-expanded-q55__guard-q90-half,7,11,2021-06-06,96,1.0,True,27.0,24.229345205812933,-2.7706547941870667,2.7706547941870667,2021-06-06 01:30:00,2021-06-06 04:15:00,165.0,165.0
D1,FG-R1-expanded-q55__guard-q90-half,7,12,2021-05-31,96,1.0,True,172.0,172.20882885503752,0.2088288550375239,0.2088288550375239,2021-05-31 10:30:00,2021-05-31 09:00:00,-90.0,90.0
D1,FG-R1-expanded-q55__guard-q90-half,7,12,2021-06-01,96,1.0,True,195.0,172.16750964956526,-22.83249035043474,22.83249035043474,2021-06-01 09:00:00,2021-06-01 13:30:00,270.0,270.0
D1,FG-R1-expanded-q55__guard-q90-half,7,12,2021-06-02,96,1.0,True,191.0,172.37405055238293,-18.625949447617074,18.625949447617074,2021-06-02 10:45:00,2021-06-02 13:45:00,180.0,180.0
D1,FG-R1-expanded-q55__guard-q90-half,7,12,2021-06-03,96,1.0,True,181.0,177.79312663884303,-3.2068733611569655,3.2068733611569655,2021-06-03 08:30:00,2021-06-03 11:00:00,150.0,150.0
D1,FG-R1-expanded-q55__guard-q90-half,7,12,2021-06-04,96,1.0,True,173.0,171.25951704103645,-1.740482958963554,1.740482958963554,2021-06-04 10:45:00,2021-06-04 08:30:00,-135.0,135.0
D1,FG-R1-expanded-q55__guard-q90-half,7,12,2021-06-05,96,1.0,True,116.0,107.92314583548657,-8.076854164513435,8.076854164513435,2021-06-05 01:45:00,2021-06-05 06:15:00,270.0,270.0
D1,FG-R1-expanded-q55__guard-q90-half,7,12,2021-06-06,96,1.0,True,27.0,24.40087306836176,-2.5991269316382386,2.5991269316382386,2021-06-06 01:30:00,2021-06-06 04:30:00,180.0,180.0
D1,FG-R1-expanded-q55__guard-q90-half,7,13,2021-05-31,96,1.0,True,172.0,173.46957104253752,1.469571042537524,1.469571042537524,2021-05-31 10:30:00,2021-05-31 09:00:00,-90.0,90.0
D1,FG-R1-expanded-q55__guard-q90-half,7,13,2021-06-01,96,1.0,True,195.0,171.55609322929655,-23.44390677070345,23.44390677070345,2021-06-01 09:00:00,2021-06-01 13:45:00,285.0,285.0
D1,FG-R1-expanded-q55__guard-q90-half,7,13,2021-06-02,96,1.0,True,191.0,171.0922054596095,-19.907794540390512,19.907794540390512,2021-06-02 10:45:00,2021-06-02 13:30:00,165.0,165.0
D1,FG-R1-expanded-q55__guard-q90-half,7,13,2021-06-03,96,1.0,True,181.0,177.07301860661647,-3.926981393383528,3.926981393383528,2021-06-03 08:30:00,2021-06-03 10:45:00,135.0,135.0
D1,FG-R1-expanded-q55__guard-q90-half,7,13,2021-06-04,96,1.0,True,173.0,170.54430708009895,-2.455692919901054,2.455692919901054,2021-06-04 10:45:00,2021-06-04 11:00:00,15.0,15.0
D1,FG-R1-expanded-q55__guard-q90-half,7,13,2021-06-05,96,1.0,True,116.0,108.59241921195141,-7.407580788048591,7.407580788048591,2021-06-05 01:45:00,2021-06-05 06:15:00,270.0,270.0
D1,FG-R1-expanded-q55__guard-q90-half,7,13,2021-06-06,96,1.0,True,27.0,24.45324123242426,-2.5467587675757386,2.5467587675757386,2021-06-06 01:30:00,2021-06-06 11:00:00,570.0,570.0
D1,FG-R1-expanded-q55__guard-q90-half,7,14,2021-05-31,96,1.0,True,172.0,174.3153199439047,2.3153199439047114,2.3153199439047114,2021-05-31 10:30:00,2021-05-31 09:00:00,-90.0,90.0
D1,FG-R1-expanded-q55__guard-q90-half,7,14,2021-06-01,96,1.0,True,195.0,170.366911505034,-24.63308849496599,24.63308849496599,2021-06-01 09:00:00,2021-06-01 13:30:00,270.0,270.0
D1,FG-R1-expanded-q55__guard-q90-half,7,14,2021-06-02,96,1.0,True,191.0,170.85564845277355,-20.14435154722645,20.14435154722645,2021-06-02 10:45:00,2021-06-02 13:30:00,165.0,165.0
D1,FG-R1-expanded-q55__guard-q90-half,7,14,2021-06-03,96,1.0,True,181.0,178.82355266423366,-2.1764473357663405,2.1764473357663405,2021-06-03 08:30:00,2021-06-03 10:45:00,135.0,135.0
D1,FG-R1-expanded-q55__guard-q90-half,7,14,2021-06-04,96,1.0,True,173.0,171.53075727541145,-1.469242724588554,1.469242724588554,2021-06-04 10:45:00,2021-06-04 08:30:00,-135.0,135.0
D1,FG-R1-expanded-q55__guard-q90-half,7,14,2021-06-05,96,1.0,True,116.0,108.50485665091625,-7.495143349083747,7.495143349083747,2021-06-05 01:45:00,2021-06-05 06:15:00,270.0,270.0
D1,FG-R1-expanded-q55__guard-q90-half,7,14,2021-06-06,96,1.0,True,27.0,24.495885733156683,-2.5041142668433167,2.5041142668433167,2021-06-06 01:30:00,2021-06-06 11:15:00,585.0,585.0
D1,FG-R1-expanded-q55__guard-q90-half,7,15,2021-05-31,96,1.0,True,172.0,173.46410839605315,1.464108396053149,1.464108396053149,2021-05-31 10:30:00,2021-05-31 09:00:00,-90.0,90.0
D1,FG-R1-expanded-q55__guard-q90-half,7,15,2021-06-01,96,1.0,True,195.0,168.06087078898386,-26.939129211016137,26.939129211016137,2021-06-01 09:00:00,2021-06-01 15:00:00,360.0,360.0
D1,FG-R1-expanded-q55__guard-q90-half,7,15,2021-06-02,96,1.0,True,191.0,169.53799098207043,-21.462009017929574,21.462009017929574,2021-06-02 10:45:00,2021-06-02 13:30:00,165.0,165.0
D1,FG-R1-expanded-q55__guard-q90-half,7,15,2021-06-03,96,1.0,True,181.0,178.05438762517116,-2.9456123748288405,2.9456123748288405,2021-06-03 08:30:00,2021-06-03 11:00:00,150.0,150.0
D1,FG-R1-expanded-q55__guard-q90-half,7,15,2021-06-04,96,1.0,True,173.0,172.79267438966926,-0.20732561033074148,0.20732561033074148,2021-06-04 10:45:00,2021-06-04 08:30:00,-135.0,135.0
D1,FG-R1-expanded-q55__guard-q90-half,7,15,2021-06-05,96,1.0,True,116.0,108.27331215628735,-7.726687843712654,7.726687843712654,2021-06-05 01:45:00,2021-06-05 06:15:00,270.0,270.0
D1,FG-R1-expanded-q55__guard-q90-half,7,15,2021-06-06,96,1.0,True,27.0,24.271853692652993,-2.728146307347007,2.728146307347007,2021-06-06 01:30:00,2021-06-06 11:30:00,600.0,600.0
D1,FG-R1-expanded-q55__guard-q90-half,7,16,2021-05-31,96,1.0,True,172.0,171.8980836157797,-0.10191638422028859,0.10191638422028859,2021-05-31 10:30:00,2021-05-31 09:00:00,-90.0,90.0
D1,FG-R1-expanded-q55__guard-q90-half,7,16,2021-06-01,96,1.0,True,195.0,168.96813831167464,-26.031861688325364,26.031861688325364,2021-06-01 09:00:00,2021-06-01 13:30:00,270.0,270.0
D1,FG-R1-expanded-q55__guard-q90-half,7,16,2021-06-02,96,1.0,True,191.0,170.1608394928126,-20.839160507187387,20.839160507187387,2021-06-02 10:45:00,2021-06-02 13:30:00,165.0,165.0
D1,FG-R1-expanded-q55__guard-q90-half,7,16,2021-06-03,96,1.0,True,181.0,179.26126628728053,-1.7387337127194655,1.7387337127194655,2021-06-03 08:30:00,2021-06-03 11:00:00,150.0,150.0
D1,FG-R1-expanded-q55__guard-q90-half,7,16,2021-06-04,96,1.0,True,173.0,172.59890302736457,-0.401096972635429,0.401096972635429,2021-06-04 10:45:00,2021-06-04 08:30:00,-135.0,135.0
D1,FG-R1-expanded-q55__guard-q90-half,7,16,2021-06-05,96,1.0,True,116.0,109.24231825001024,-6.757681749989757,6.757681749989757,2021-06-05 01:45:00,2021-06-05 06:15:00,270.0,270.0
D1,FG-R1-expanded-q55__guard-q90-half,7,16,2021-06-06,96,1.0,True,27.0,24.803495291262152,-2.196504708737848,2.196504708737848,2021-06-06 01:30:00,2021-06-06 07:45:00,375.0,375.0
D1,FG-R1-expanded-q55__guard-q90-half,9,4,2021-06-14,96,1.0,True,204.0,181.9609375,-22.0390625,22.0390625,2021-06-14 09:00:00,2021-06-14 15:00:00,360.0,360.0
D1,FG-R1-expanded-q55__guard-q90-half,9,4,2021-06-15,96,1.0,True,198.0,186.169921875,-11.830078125,11.830078125,2021-06-15 08:45:00,2021-06-15 09:45:00,60.0,60.0
D1,FG-R1-expanded-q55__guard-q90-half,9,4,2021-06-16,96,1.0,True,193.0,182.573486328125,-10.426513671875,10.426513671875,2021-06-16 10:45:00,2021-06-16 09:00:00,-105.0,105.0
D1,FG-R1-expanded-q55__guard-q90-half,9,4,2021-06-17,96,1.0,True,197.0,187.45387268066406,-9.546127319335938,9.546127319335938,2021-06-17 08:45:00,2021-06-17 10:00:00,75.0,75.0
D1,FG-R1-expanded-q55__guard-q90-half,9,4,2021-06-18,96,1.0,True,186.0,183.67373657226562,-2.326263427734375,2.326263427734375,2021-06-18 10:00:00,2021-06-18 08:30:00,-90.0,90.0
D1,FG-R1-expanded-q55__guard-q90-half,9,4,2021-06-19,96,1.0,True,119.0,116.90335845947266,-2.0966415405273438,2.0966415405273438,2021-06-19 02:15:00,2021-06-19 03:30:00,75.0,75.0
D1,FG-R1-expanded-q55__guard-q90-half,9,4,2021-06-20,96,1.0,True,28.0,24.15581512451172,-3.8441848754882812,3.8441848754882812,2021-06-20 15:15:00,2021-06-20 23:00:00,465.0,465.0
D1,FG-R1-expanded-q55__guard-q90-half,9,5,2021-06-14,96,1.0,True,204.0,180.5606689453125,-23.4393310546875,23.4393310546875,2021-06-14 09:00:00,2021-06-14 15:00:00,360.0,360.0
D1,FG-R1-expanded-q55__guard-q90-half,9,5,2021-06-15,96,1.0,True,198.0,187.07032775878906,-10.929672241210938,10.929672241210938,2021-06-15 08:45:00,2021-06-15 10:45:00,120.0,120.0
D1,FG-R1-expanded-q55__guard-q90-half,9,5,2021-06-16,96,1.0,True,193.0,180.2988739013672,-12.701126098632812,12.701126098632812,2021-06-16 10:45:00,2021-06-16 09:45:00,-60.0,60.0
D1,FG-R1-expanded-q55__guard-q90-half,9,5,2021-06-17,96,1.0,True,197.0,184.76605224609375,-12.23394775390625,12.23394775390625,2021-06-17 08:45:00,2021-06-17 10:00:00,75.0,75.0
D1,FG-R1-expanded-q55__guard-q90-half,9,5,2021-06-18,96,1.0,True,186.0,182.66796875,-3.33203125,3.33203125,2021-06-18 10:00:00,2021-06-18 08:45:00,-75.0,75.0
D1,FG-R1-expanded-q55__guard-q90-half,9,5,2021-06-19,96,1.0,True,119.0,116.71592712402344,-2.2840728759765625,2.2840728759765625,2021-06-19 02:15:00,2021-06-19 03:45:00,90.0,90.0
D1,FG-R1-expanded-q55__guard-q90-half,9,5,2021-06-20,96,1.0,True,28.0,24.30297088623047,-3.6970291137695312,3.6970291137695312,2021-06-20 15:15:00,2021-06-20 23:15:00,480.0,480.0
D1,FG-R1-expanded-q55__guard-q90-half,9,6,2021-06-14,96,1.0,True,204.0,177.81402587890625,-26.18597412109375,26.18597412109375,2021-06-14 09:00:00,2021-06-14 15:45:00,405.0,405.0
D1,FG-R1-expanded-q55__guard-q90-half,9,6,2021-06-15,96,1.0,True,198.0,186.19094848632812,-11.809051513671875,11.809051513671875,2021-06-15 08:45:00,2021-06-15 11:00:00,135.0,135.0
D1,FG-R1-expanded-q55__guard-q90-half,9,6,2021-06-16,96,1.0,True,193.0,179.7107696533203,-13.289230346679688,13.289230346679688,2021-06-16 10:45:00,2021-06-16 08:30:00,-135.0,135.0
D1,FG-R1-expanded-q55__guard-q90-half,9,6,2021-06-17,96,1.0,True,197.0,186.9392547607422,-10.060745239257812,10.060745239257812,2021-06-17 08:45:00,2021-06-17 10:45:00,120.0,120.0
D1,FG-R1-expanded-q55__guard-q90-half,9,6,2021-06-18,96,1.0,True,186.0,182.6621551513672,-3.3378448486328125,3.3378448486328125,2021-06-18 10:00:00,2021-06-18 08:30:00,-90.0,90.0
D1,FG-R1-expanded-q55__guard-q90-half,9,6,2021-06-19,96,1.0,True,119.0,116.53787231445312,-2.462127685546875,2.462127685546875,2021-06-19 02:15:00,2021-06-19 03:45:00,90.0,90.0
D1,FG-R1-expanded-q55__guard-q90-half,9,6,2021-06-20,96,1.0,True,28.0,24.169578552246094,-3.8304214477539062,3.8304214477539062,2021-06-20 15:15:00,2021-06-20 23:30:00,495.0,495.0
D1,FG-R1-expanded-q55__guard-q90-half,9,7,2021-06-14,96,1.0,True,204.0,176.63499450683594,-27.365005493164062,27.365005493164062,2021-06-14 09:00:00,2021-06-14 16:00:00,420.0,420.0
D1,FG-R1-expanded-q55__guard-q90-half,9,7,2021-06-15,96,1.0,True,198.0,187.41143798828125,-10.58856201171875,10.58856201171875,2021-06-15 08:45:00,2021-06-15 10:30:00,105.0,105.0
D1,FG-R1-expanded-q55__guard-q90-half,9,7,2021-06-16,96,1.0,True,193.0,180.70542907714844,-12.294570922851562,12.294570922851562,2021-06-16 10:45:00,2021-06-16 08:30:00,-135.0,135.0
D1,FG-R1-expanded-q55__guard-q90-half,9,7,2021-06-17,96,1.0,True,197.0,184.45745849609375,-12.54254150390625,12.54254150390625,2021-06-17 08:45:00,2021-06-17 10:45:00,120.0,120.0
D1,FG-R1-expanded-q55__guard-q90-half,9,7,2021-06-18,96,1.0,True,186.0,183.20669555664062,-2.793304443359375,2.793304443359375,2021-06-18 10:00:00,2021-06-18 08:30:00,-90.0,90.0
D1,FG-R1-expanded-q55__guard-q90-half,9,7,2021-06-19,96,1.0,True,119.0,115.45600891113281,-3.5439910888671875,3.5439910888671875,2021-06-19 02:15:00,2021-06-19 03:45:00,90.0,90.0
D1,FG-R1-expanded-q55__guard-q90-half,9,7,2021-06-20,96,1.0,True,28.0,24.149803161621094,-3.8501968383789062,3.8501968383789062,2021-06-20 15:15:00,2021-06-20 07:00:00,-495.0,495.0
D1,FG-R1-expanded-q55__guard-q90-half,9,8,2021-06-14,96,1.0,True,204.0,177.9178009033203,-26.082199096679688,26.082199096679688,2021-06-14 09:00:00,2021-06-14 11:00:00,120.0,120.0
D1,FG-R1-expanded-q55__guard-q90-half,9,8,2021-06-15,96,1.0,True,198.0,190.32106018066406,-7.6789398193359375,7.6789398193359375,2021-06-15 08:45:00,2021-06-15 10:45:00,120.0,120.0
D1,FG-R1-expanded-q55__guard-q90-half,9,8,2021-06-16,96,1.0,True,193.0,182.9700164794922,-10.029983520507812,10.029983520507812,2021-06-16 10:45:00,2021-06-16 08:30:00,-135.0,135.0
D1,FG-R1-expanded-q55__guard-q90-half,9,8,2021-06-17,96,1.0,True,197.0,185.4278106689453,-11.572189331054688,11.572189331054688,2021-06-17 08:45:00,2021-06-17 10:45:00,120.0,120.0
D1,FG-R1-expanded-q55__guard-q90-half,9,8,2021-06-18,96,1.0,True,186.0,184.657470703125,-1.342529296875,1.342529296875,2021-06-18 10:00:00,2021-06-18 08:30:00,-90.0,90.0
D1,FG-R1-expanded-q55__guard-q90-half,9,8,2021-06-19,96,1.0,True,119.0,114.36349487304688,-4.636505126953125,4.636505126953125,2021-06-19 02:15:00,2021-06-19 03:45:00,90.0,90.0
D1,FG-R1-expanded-q55__guard-q90-half,9,8,2021-06-20,96,1.0,True,28.0,24.143035888671875,-3.856964111328125,3.856964111328125,2021-06-20 15:15:00,2021-06-20 07:15:00,-480.0,480.0
D1,FG-R1-expanded-q55__guard-q90-half,9,9,2021-06-14,96,1.0,True,204.0,176.92581176757812,-27.074188232421875,27.074188232421875,2021-06-14 09:00:00,2021-06-14 11:15:00,135.0,135.0
D1,FG-R1-expanded-q55__guard-q90-half,9,9,2021-06-15,96,1.0,True,198.0,189.56283569335938,-8.437164306640625,8.437164306640625,2021-06-15 08:45:00,2021-06-15 11:00:00,135.0,135.0
D1,FG-R1-expanded-q55__guard-q90-half,9,9,2021-06-16,96,1.0,True,193.0,181.70700073242188,-11.292999267578125,11.292999267578125,2021-06-16 10:45:00,2021-06-16 10:45:00,0.0,0.0
D1,FG-R1-expanded-q55__guard-q90-half,9,9,2021-06-17,96,1.0,True,197.0,184.28390502929688,-12.716094970703125,12.716094970703125,2021-06-17 08:45:00,2021-06-17 10:45:00,120.0,120.0
D1,FG-R1-expanded-q55__guard-q90-half,9,9,2021-06-18,96,1.0,True,186.0,184.48223876953125,-1.51776123046875,1.51776123046875,2021-06-18 10:00:00,2021-06-18 08:30:00,-90.0,90.0
D1,FG-R1-expanded-q55__guard-q90-half,9,9,2021-06-19,96,1.0,True,119.0,114.51365661621094,-4.4863433837890625,4.4863433837890625,2021-06-19 02:15:00,2021-06-19 04:45:00,150.0,150.0
D1,FG-R1-expanded-q55__guard-q90-half,9,9,2021-06-20,96,1.0,True,28.0,24.230934143066406,-3.7690658569335938,3.7690658569335938,2021-06-20 15:15:00,2021-06-20 07:30:00,-465.0,465.0
D1,FG-R1-expanded-q55__guard-q90-half,9,10,2021-06-14,96,1.0,True,204.0,175.848876953125,-28.151123046875,28.151123046875,2021-06-14 09:00:00,2021-06-14 12:00:00,180.0,180.0
D1,FG-R1-expanded-q55__guard-q90-half,9,10,2021-06-15,96,1.0,True,198.0,188.982666015625,-9.017333984375,9.017333984375,2021-06-15 08:45:00,2021-06-15 11:15:00,150.0,150.0
D1,FG-R1-expanded-q55__guard-q90-half,9,10,2021-06-16,96,1.0,True,193.0,181.82891845703125,-11.17108154296875,11.17108154296875,2021-06-16 10:45:00,2021-06-16 10:45:00,0.0,0.0
D1,FG-R1-expanded-q55__guard-q90-half,9,10,2021-06-17,96,1.0,True,197.0,184.76809692382812,-12.231903076171875,12.231903076171875,2021-06-17 08:45:00,2021-06-17 10:45:00,120.0,120.0
D1,FG-R1-expanded-q55__guard-q90-half,9,10,2021-06-18,96,1.0,True,186.0,184.21359252929688,-1.786407470703125,1.786407470703125,2021-06-18 10:00:00,2021-06-18 08:30:00,-90.0,90.0
D1,FG-R1-expanded-q55__guard-q90-half,9,10,2021-06-19,96,1.0,True,119.0,114.19277954101562,-4.807220458984375,4.807220458984375,2021-06-19 02:15:00,2021-06-19 04:45:00,150.0,150.0
D1,FG-R1-expanded-q55__guard-q90-half,9,10,2021-06-20,96,1.0,True,28.0,24.218246459960938,-3.7817535400390625,3.7817535400390625,2021-06-20 15:15:00,2021-06-20 07:45:00,-450.0,450.0
D1,FG-R1-expanded-q55__guard-q90-half,9,11,2021-06-14,96,1.0,True,204.0,177.2233428955078,-26.776657104492188,26.776657104492188,2021-06-14 09:00:00,2021-06-14 09:00:00,0.0,0.0
D1,FG-R1-expanded-q55__guard-q90-half,9,11,2021-06-15,96,1.0,True,198.0,187.13790893554688,-10.862091064453125,10.862091064453125,2021-06-15 08:45:00,2021-06-15 11:30:00,165.0,165.0
D1,FG-R1-expanded-q55__guard-q90-half,9,11,2021-06-16,96,1.0,True,193.0,182.63966369628906,-10.360336303710938,10.360336303710938,2021-06-16 10:45:00,2021-06-16 10:45:00,0.0,0.0
D1,FG-R1-expanded-q55__guard-q90-half,9,11,2021-06-17,96,1.0,True,197.0,183.0267333984375,-13.9732666015625,13.9732666015625,2021-06-17 08:45:00,2021-06-17 10:45:00,120.0,120.0
D1,FG-R1-expanded-q55__guard-q90-half,9,11,2021-06-18,96,1.0,True,186.0,182.8426971435547,-3.1573028564453125,3.1573028564453125,2021-06-18 10:00:00,2021-06-18 08:45:00,-75.0,75.0
D1,FG-R1-expanded-q55__guard-q90-half,9,11,2021-06-19,96,1.0,True,119.0,114.13504791259766,-4.864952087402344,4.864952087402344,2021-06-19 02:15:00,2021-06-19 03:45:00,90.0,90.0
D1,FG-R1-expanded-q55__guard-q90-half,9,11,2021-06-20,96,1.0,True,28.0,24.556556701660156,-3.4434432983398438,3.4434432983398438,2021-06-20 15:15:00,2021-06-20 18:00:00,165.0,165.0
D1,FG-R1-expanded-q55__guard-q90-half,9,12,2021-06-14,96,1.0,True,204.0,176.48439025878906,-27.515609741210938,27.515609741210938,2021-06-14 09:00:00,2021-06-14 09:00:00,0.0,0.0
D1,FG-R1-expanded-q55__guard-q90-half,9,12,2021-06-15,96,1.0,True,198.0,186.69430541992188,-11.305694580078125,11.305694580078125,2021-06-15 08:45:00,2021-06-15 11:45:00,180.0,180.0
D1,FG-R1-expanded-q55__guard-q90-half,9,12,2021-06-16,96,1.0,True,193.0,181.7623291015625,-11.2376708984375,11.2376708984375,2021-06-16 10:45:00,2021-06-16 11:00:00,15.0,15.0
D1,FG-R1-expanded-q55__guard-q90-half,9,12,2021-06-17,96,1.0,True,197.0,184.63320922851562,-12.366790771484375,12.366790771484375,2021-06-17 08:45:00,2021-06-17 10:45:00,120.0,120.0
D1,FG-R1-expanded-q55__guard-q90-half,9,12,2021-06-18,96,1.0,True,186.0,182.33908081054688,-3.660919189453125,3.660919189453125,2021-06-18 10:00:00,2021-06-18 08:30:00,-90.0,90.0
D1,FG-R1-expanded-q55__guard-q90-half,9,12,2021-06-19,96,1.0,True,119.0,114.97743225097656,-4.0225677490234375,4.0225677490234375,2021-06-19 02:15:00,2021-06-19 03:45:00,90.0,90.0
D1,FG-R1-expanded-q55__guard-q90-half,9,12,2021-06-20,96,1.0,True,28.0,24.717613220214844,-3.2823867797851562,3.2823867797851562,2021-06-20 15:15:00,2021-06-20 18:15:00,180.0,180.0
D1,FG-R1-expanded-q55__guard-q90-half,9,13,2021-06-14,96,1.0,True,204.0,175.78500366210938,-28.214996337890625,28.214996337890625,2021-06-14 09:00:00,2021-06-14 13:45:00,285.0,285.0
D1,FG-R1-expanded-q55__guard-q90-half,9,13,2021-06-15,96,1.0,True,198.0,184.594970703125,-13.405029296875,13.405029296875,2021-06-15 08:45:00,2021-06-15 11:45:00,180.0,180.0
D1,FG-R1-expanded-q55__guard-q90-half,9,13,2021-06-16,96,1.0,True,193.0,180.6492919921875,-12.3507080078125,12.3507080078125,2021-06-16 10:45:00,2021-06-16 09:00:00,-105.0,105.0
D1,FG-R1-expanded-q55__guard-q90-half,9,13,2021-06-17,96,1.0,True,197.0,182.63021850585938,-14.369781494140625,14.369781494140625,2021-06-17 08:45:00,2021-06-17 11:00:00,135.0,135.0
D1,FG-R1-expanded-q55__guard-q90-half,9,13,2021-06-18,96,1.0,True,186.0,182.40887451171875,-3.59112548828125,3.59112548828125,2021-06-18 10:00:00,2021-06-18 08:45:00,-75.0,75.0
D1,FG-R1-expanded-q55__guard-q90-half,9,13,2021-06-19,96,1.0,True,119.0,114.61170959472656,-4.3882904052734375,4.3882904052734375,2021-06-19 02:15:00,2021-06-19 03:45:00,90.0,90.0
D1,FG-R1-expanded-q55__guard-q90-half,9,13,2021-06-20,96,1.0,True,28.0,24.801513671875,-3.198486328125,3.198486328125,2021-06-20 15:15:00,2021-06-20 18:30:00,195.0,195.0
D1,FG-R1-expanded-q55__guard-q90-half,9,14,2021-06-14,96,1.0,True,204.0,175.56198120117188,-28.438018798828125,28.438018798828125,2021-06-14 09:00:00,2021-06-14 13:45:00,285.0,285.0
D1,FG-R1-expanded-q55__guard-q90-half,9,14,2021-06-15,96,1.0,True,198.0,182.93626403808594,-15.063735961914062,15.063735961914062,2021-06-15 08:45:00,2021-06-15 10:45:00,120.0,120.0
D1,FG-R1-expanded-q55__guard-q90-half,9,14,2021-06-16,96,1.0,True,193.0,180.848388671875,-12.151611328125,12.151611328125,2021-06-16 10:45:00,2021-06-16 09:45:00,-60.0,60.0
D1,FG-R1-expanded-q55__guard-q90-half,9,14,2021-06-17,96,1.0,True,197.0,180.9568328857422,-16.043167114257812,16.043167114257812,2021-06-17 08:45:00,2021-06-17 10:45:00,120.0,120.0
D1,FG-R1-expanded-q55__guard-q90-half,9,14,2021-06-18,96,1.0,True,186.0,181.4833526611328,-4.5166473388671875,4.5166473388671875,2021-06-18 10:00:00,2021-06-18 08:45:00,-75.0,75.0
D1,FG-R1-expanded-q55__guard-q90-half,9,14,2021-06-19,96,1.0,True,119.0,114.82115173339844,-4.1788482666015625,4.1788482666015625,2021-06-19 02:15:00,2021-06-19 03:45:00,90.0,90.0
D1,FG-R1-expanded-q55__guard-q90-half,9,14,2021-06-20,96,1.0,True,28.0,24.624244689941406,-3.3757553100585938,3.3757553100585938,2021-06-20 15:15:00,2021-06-20 18:45:00,210.0,210.0
D1,FG-R1-expanded-q55__guard-q90-half,9,15,2021-06-14,96,1.0,True,204.0,174.1446990966797,-29.855300903320312,29.855300903320312,2021-06-14 09:00:00,2021-06-14 13:45:00,285.0,285.0
D1,FG-R1-expanded-q55__guard-q90-half,9,15,2021-06-15,96,1.0,True,198.0,183.59754943847656,-14.402450561523438,14.402450561523438,2021-06-15 08:45:00,2021-06-15 09:00:00,15.0,15.0
D1,FG-R1-expanded-q55__guard-q90-half,9,15,2021-06-16,96,1.0,True,193.0,181.4980926513672,-11.501907348632812,11.501907348632812,2021-06-16 10:45:00,2021-06-16 09:00:00,-105.0,105.0
D1,FG-R1-expanded-q55__guard-q90-half,9,15,2021-06-17,96,1.0,True,197.0,180.36671447753906,-16.633285522460938,16.633285522460938,2021-06-17 08:45:00,2021-06-17 10:45:00,120.0,120.0
D1,FG-R1-expanded-q55__guard-q90-half,9,15,2021-06-18,96,1.0,True,186.0,181.94619750976562,-4.053802490234375,4.053802490234375,2021-06-18 10:00:00,2021-06-18 08:45:00,-75.0,75.0
D1,FG-R1-expanded-q55__guard-q90-half,9,15,2021-06-19,96,1.0,True,119.0,114.06890869140625,-4.93109130859375,4.93109130859375,2021-06-19 02:15:00,2021-06-19 03:45:00,90.0,90.0
D1,FG-R1-expanded-q55__guard-q90-half,9,15,2021-06-20,96,1.0,True,28.0,24.369476318359375,-3.630523681640625,3.630523681640625,2021-06-20 15:15:00,2021-06-20 23:00:00,465.0,465.0
D1,FG-R1-expanded-q55__guard-q90-half,9,16,2021-06-14,96,1.0,True,204.0,173.53366088867188,-30.466339111328125,30.466339111328125,2021-06-14 09:00:00,2021-06-14 14:45:00,345.0,345.0
D1,FG-R1-expanded-q55__guard-q90-half,9,16,2021-06-15,96,1.0,True,198.0,183.4248046875,-14.5751953125,14.5751953125,2021-06-15 08:45:00,2021-06-15 13:30:00,285.0,285.0
D1,FG-R1-expanded-q55__guard-q90-half,9,16,2021-06-16,96,1.0,True,193.0,182.49609375,-10.50390625,10.50390625,2021-06-16 10:45:00,2021-06-16 10:45:00,0.0,0.0
D1,FG-R1-expanded-q55__guard-q90-half,9,16,2021-06-17,96,1.0,True,197.0,179.82037353515625,-17.17962646484375,17.17962646484375,2021-06-17 08:45:00,2021-06-17 10:45:00,120.0,120.0
D1,FG-R1-expanded-q55__guard-q90-half,9,16,2021-06-18,96,1.0,True,186.0,180.83929443359375,-5.16070556640625,5.16070556640625,2021-06-18 10:00:00,2021-06-18 08:45:00,-75.0,75.0
D1,FG-R1-expanded-q55__guard-q90-half,9,16,2021-06-19,96,1.0,True,119.0,114.89390563964844,-4.1060943603515625,4.1060943603515625,2021-06-19 02:15:00,2021-06-19 03:45:00,90.0,90.0
D1,FG-R1-expanded-q55__guard-q90-half,9,16,2021-06-20,96,1.0,True,28.0,24.042373657226562,-3.9576263427734375,3.9576263427734375,2021-06-20 15:15:00,2021-06-20 23:15:00,480.0,480.0
D1,FG-R1-expanded-q55__guard-q90-half,11,4,2021-06-28,96,1.0,True,198.0,195.15658764629055,-2.8434123537094536,2.8434123537094536,2021-06-28 09:00:00,2021-06-28 08:45:00,-15.0,15.0
D1,FG-R1-expanded-q55__guard-q90-half,11,4,2021-06-29,96,1.0,True,222.0,186.1831155425541,-35.816884457445894,35.816884457445894,2021-06-29 08:30:00,2021-06-29 09:30:00,60.0,60.0
D1,FG-R1-expanded-q55__guard-q90-half,11,4,2021-06-30,96,1.0,True,193.0,181.95360784346826,-11.046392156531738,11.046392156531738,2021-06-30 09:00:00,2021-06-30 08:30:00,-30.0,30.0
D1,FG-R1-expanded-q55__guard-q90-half,11,4,2021-07-01,96,1.0,True,206.0,183.60215818863543,-22.39784181136457,22.39784181136457,2021-07-01 14:00:00,2021-07-01 15:45:00,105.0,105.0
D1,FG-R1-expanded-q55__guard-q90-half,11,4,2021-07-02,96,1.0,True,187.0,175.85626905747944,-11.143730942520563,11.143730942520563,2021-07-02 09:15:00,2021-07-02 14:00:00,285.0,285.0
D1,FG-R1-expanded-q55__guard-q90-half,11,4,2021-07-03,96,1.0,True,112.0,112.2089936662081,0.20899366620810156,0.20899366620810156,2021-07-03 04:15:00,2021-07-03 01:45:00,-150.0,150.0
D1,FG-R1-expanded-q55__guard-q90-half,11,4,2021-07-04,96,1.0,True,28.0,24.472751019046935,-3.5272489809530647,3.5272489809530647,2021-07-04 08:30:00,2021-07-04 03:00:00,-330.0,330.0
D1,FG-R1-expanded-q55__guard-q90-half,11,5,2021-06-28,96,1.0,True,198.0,196.515186538016,-1.4848134619840039,1.4848134619840039,2021-06-28 09:00:00,2021-06-28 09:00:00,0.0,0.0
D1,FG-R1-expanded-q55__guard-q90-half,11,5,2021-06-29,96,1.0,True,222.0,185.10296871486517,-36.89703128513483,36.89703128513483,2021-06-29 08:30:00,2021-06-29 13:30:00,300.0,300.0
D1,FG-R1-expanded-q55__guard-q90-half,11,5,2021-06-30,96,1.0,True,193.0,184.7878973942495,-8.212102605750488,8.212102605750488,2021-06-30 09:00:00,2021-06-30 08:30:00,-30.0,30.0
D1,FG-R1-expanded-q55__guard-q90-half,11,5,2021-07-01,96,1.0,True,206.0,182.26841795426043,-23.73158204573957,23.73158204573957,2021-07-01 14:00:00,2021-07-01 15:45:00,105.0,105.0
D1,FG-R1-expanded-q55__guard-q90-half,11,5,2021-07-02,96,1.0,True,187.0,178.44729995732646,-8.552700042673536,8.552700042673536,2021-07-02 09:15:00,2021-07-02 08:45:00,-30.0,30.0
D1,FG-R1-expanded-q55__guard-q90-half,11,5,2021-07-03,96,1.0,True,112.0,112.34544923899894,0.3454492389989383,0.3454492389989383,2021-07-03 04:15:00,2021-07-03 02:00:00,-135.0,135.0
D1,FG-R1-expanded-q55__guard-q90-half,11,5,2021-07-04,96,1.0,True,28.0,24.566367347828994,-3.4336326521710063,3.4336326521710063,2021-07-04 08:30:00,2021-07-04 04:00:00,-270.0,270.0
D1,FG-R1-expanded-q55__guard-q90-half,11,6,2021-06-28,96,1.0,True,198.0,197.42968716669407,-0.570312833305934,0.570312833305934,2021-06-28 09:00:00,2021-06-28 08:45:00,-15.0,15.0
D1,FG-R1-expanded-q55__guard-q90-half,11,6,2021-06-29,96,1.0,True,222.0,184.74970827141266,-37.25029172858734,37.25029172858734,2021-06-29 08:30:00,2021-06-29 13:45:00,315.0,315.0
D1,FG-R1-expanded-q55__guard-q90-half,11,6,2021-06-30,96,1.0,True,193.0,183.19796341197397,-9.802036588026027,9.802036588026027,2021-06-30 09:00:00,2021-06-30 08:30:00,-30.0,30.0
D1,FG-R1-expanded-q55__guard-q90-half,11,6,2021-07-01,96,1.0,True,206.0,182.40957701187762,-23.590422988122384,23.590422988122384,2021-07-01 14:00:00,2021-07-01 15:45:00,105.0,105.0
D1,FG-R1-expanded-q55__guard-q90-half,11,6,2021-07-02,96,1.0,True,187.0,178.18440628056865,-8.815593719431348,8.815593719431348,2021-07-02 09:15:00,2021-07-02 09:00:00,-15.0,15.0
D1,FG-R1-expanded-q55__guard-q90-half,11,6,2021-07-03,96,1.0,True,112.0,111.57095826369996,-0.42904173630003584,0.42904173630003584,2021-07-03 04:15:00,2021-07-03 02:00:00,-135.0,135.0
D1,FG-R1-expanded-q55__guard-q90-half,11,6,2021-07-04,96,1.0,True,28.0,24.451817344261944,-3.5481826557380565,3.5481826557380565,2021-07-04 08:30:00,2021-07-04 03:30:00,-300.0,300.0
D1,FG-R1-expanded-q55__guard-q90-half,11,7,2021-06-28,96,1.0,True,198.0,198.72538337131118,0.7253833713111817,0.7253833713111817,2021-06-28 09:00:00,2021-06-28 09:00:00,0.0,0.0
D1,FG-R1-expanded-q55__guard-q90-half,11,7,2021-06-29,96,1.0,True,222.0,183.5027065594339,-38.4972934405661,38.4972934405661,2021-06-29 08:30:00,2021-06-29 10:45:00,135.0,135.0
D1,FG-R1-expanded-q55__guard-q90-half,11,7,2021-06-30,96,1.0,True,193.0,181.04045255212134,-11.959547447878663,11.959547447878663,2021-06-30 09:00:00,2021-06-30 08:45:00,-15.0,15.0
D1,FG-R1-expanded-q55__guard-q90-half,11,7,2021-07-01,96,1.0,True,206.0,181.64353134037225,-24.35646865962775,24.35646865962775,2021-07-01 14:00:00,2021-07-01 15:45:00,105.0,105.0
D1,FG-R1-expanded-q55__guard-q90-half,11,7,2021-07-02,96,1.0,True,187.0,177.55237197881084,-9.44762802118916,9.44762802118916,2021-07-02 09:15:00,2021-07-02 09:00:00,-15.0,15.0
D1,FG-R1-expanded-q55__guard-q90-half,11,7,2021-07-03,96,1.0,True,112.0,111.01612594513647,-0.9838740548635343,0.9838740548635343,2021-07-03 04:15:00,2021-07-03 02:00:00,-135.0,135.0
D1,FG-R1-expanded-q55__guard-q90-half,11,7,2021-07-04,96,1.0,True,28.0,24.270153560780614,-3.7298464392193864,3.7298464392193864,2021-07-04 08:30:00,2021-07-04 03:45:00,-285.0,285.0
D1,FG-R1-expanded-q55__guard-q90-half,11,8,2021-06-28,96,1.0,True,198.0,199.59021469209398,1.59021469209398,1.59021469209398,2021-06-28 09:00:00,2021-06-28 09:00:00,0.0,0.0
D1,FG-R1-expanded-q55__guard-q90-half,11,8,2021-06-29,96,1.0,True,222.0,185.85732550303638,-36.14267449696362,36.14267449696362,2021-06-29 08:30:00,2021-06-29 10:45:00,135.0,135.0
D1,FG-R1-expanded-q55__guard-q90-half,11,8,2021-06-30,96,1.0,True,193.0,180.82462661998179,-12.175373380018215,12.175373380018215,2021-06-30 09:00:00,2021-06-30 08:30:00,-30.0,30.0
D1,FG-R1-expanded-q55__guard-q90-half,11,8,2021-07-01,96,1.0,True,206.0,180.68941312616928,-25.310586873830715,25.310586873830715,2021-07-01 14:00:00,2021-07-01 14:00:00,0.0,0.0
D1,FG-R1-expanded-q55__guard-q90-half,11,8,2021-07-02,96,1.0,True,187.0,177.04473416949594,-9.95526583050406,9.95526583050406,2021-07-02 09:15:00,2021-07-02 11:15:00,120.0,120.0
D1,FG-R1-expanded-q55__guard-q90-half,11,8,2021-07-03,96,1.0,True,112.0,111.27139034235975,-0.7286096576402485,0.7286096576402485,2021-07-03 04:15:00,2021-07-03 02:15:00,-120.0,120.0
D1,FG-R1-expanded-q55__guard-q90-half,11,8,2021-07-04,96,1.0,True,28.0,24.60677034719163,-3.393229652808369,3.393229652808369,2021-07-04 08:30:00,2021-07-04 04:00:00,-270.0,270.0
D1,FG-R1-expanded-q55__guard-q90-half,11,9,2021-06-28,96,1.0,True,198.0,201.61393303034407,3.6139330303440715,3.6139330303440715,2021-06-28 09:00:00,2021-06-28 09:00:00,0.0,0.0
D1,FG-R1-expanded-q55__guard-q90-half,11,9,2021-06-29,96,1.0,True,222.0,185.40661972060838,-36.593380279391624,36.593380279391624,2021-06-29 08:30:00,2021-06-29 10:45:00,135.0,135.0
D1,FG-R1-expanded-q55__guard-q90-half,11,9,2021-06-30,96,1.0,True,193.0,180.72481562608397,-12.275184373916034,12.275184373916034,2021-06-30 09:00:00,2021-06-30 11:45:00,165.0,165.0
D1,FG-R1-expanded-q55__guard-q90-half,11,9,2021-07-01,96,1.0,True,206.0,180.43250257606346,-25.567497423936544,25.567497423936544,2021-07-01 14:00:00,2021-07-01 14:00:00,0.0,0.0
D1,FG-R1-expanded-q55__guard-q90-half,11,9,2021-07-02,96,1.0,True,187.0,178.6644130632548,-8.335586936745187,8.335586936745187,2021-07-02 09:15:00,2021-07-02 14:00:00,285.0,285.0
D1,FG-R1-expanded-q55__guard-q90-half,11,9,2021-07-03,96,1.0,True,112.0,111.00836264277675,-0.9916373572232544,0.9916373572232544,2021-07-03 04:15:00,2021-07-03 02:15:00,-120.0,120.0
D1,FG-R1-expanded-q55__guard-q90-half,11,9,2021-07-04,96,1.0,True,28.0,24.551811581669305,-3.4481884183306946,3.4481884183306946,2021-07-04 08:30:00,2021-07-04 04:00:00,-270.0,270.0
D1,FG-R1-expanded-q55__guard-q90-half,11,10,2021-06-28,96,1.0,True,198.0,204.38268995072698,6.382689950726984,6.382689950726984,2021-06-28 09:00:00,2021-06-28 08:45:00,-15.0,15.0
D1,FG-R1-expanded-q55__guard-q90-half,11,10,2021-06-29,96,1.0,True,222.0,183.2439802709617,-38.756019729038286,38.756019729038286,2021-06-29 08:30:00,2021-06-29 11:45:00,195.0,195.0
D1,FG-R1-expanded-q55__guard-q90-half,11,10,2021-06-30,96,1.0,True,193.0,183.89080398814585,-9.109196011854152,9.109196011854152,2021-06-30 09:00:00,2021-06-30 08:30:00,-30.0,30.0
D1,FG-R1-expanded-q55__guard-q90-half,11,10,2021-07-01,96,1.0,True,206.0,180.71355421180564,-25.286445788194357,25.286445788194357,2021-07-01 14:00:00,2021-07-01 14:00:00,0.0,0.0
D1,FG-R1-expanded-q55__guard-q90-half,11,10,2021-07-02,96,1.0,True,187.0,179.86897659306865,-7.131023406931348,7.131023406931348,2021-07-02 09:15:00,2021-07-02 09:00:00,-15.0,15.0
D1,FG-R1-expanded-q55__guard-q90-half,11,10,2021-07-03,96,1.0,True,112.0,111.07609809471778,-0.9239019052822215,0.9239019052822215,2021-07-03 04:15:00,2021-07-03 02:00:00,-135.0,135.0
D1,FG-R1-expanded-q55__guard-q90-half,11,10,2021-07-04,96,1.0,True,28.0,24.479732318385082,-3.520267681614918,3.520267681614918,2021-07-04 08:30:00,2021-07-04 17:45:00,555.0,555.0
D1,FG-R1-expanded-q55__guard-q90-half,11,11,2021-06-28,96,1.0,True,198.0,205.20177787897688,7.201777878976884,7.201777878976884,2021-06-28 09:00:00,2021-06-28 09:00:00,0.0,0.0
D1,FG-R1-expanded-q55__guard-q90-half,11,11,2021-06-29,96,1.0,True,222.0,183.90216407028075,-38.09783592971925,38.09783592971925,2021-06-29 08:30:00,2021-06-29 11:30:00,180.0,180.0
D1,FG-R1-expanded-q55__guard-q90-half,11,11,2021-06-30,96,1.0,True,193.0,182.98231094615366,-10.01768905384634,10.01768905384634,2021-06-30 09:00:00,2021-06-30 08:30:00,-30.0,30.0
D1,FG-R1-expanded-q55__guard-q90-half,11,11,2021-07-01,96,1.0,True,206.0,179.5103681766494,-26.489631823350607,26.489631823350607,2021-07-01 14:00:00,2021-07-01 14:00:00,0.0,0.0
D1,FG-R1-expanded-q55__guard-q90-half,11,11,2021-07-02,96,1.0,True,187.0,180.34109878545146,-6.658901214548536,6.658901214548536,2021-07-02 09:15:00,2021-07-02 09:00:00,-15.0,15.0
D1,FG-R1-expanded-q55__guard-q90-half,11,11,2021-07-03,96,1.0,True,112.0,110.67653447971966,-1.3234655202803367,1.3234655202803367,2021-07-03 04:15:00,2021-07-03 01:45:00,-150.0,150.0
D1,FG-R1-expanded-q55__guard-q90-half,11,11,2021-07-04,96,1.0,True,28.0,24.835323138697582,-3.164676861302418,3.164676861302418,2021-07-04 08:30:00,2021-07-04 18:00:00,570.0,570.0
D1,FG-R1-expanded-q55__guard-q90-half,11,12,2021-06-28,96,1.0,True,198.0,205.72468046617934,7.724680466179336,7.724680466179336,2021-06-28 09:00:00,2021-06-28 08:45:00,-15.0,15.0
D1,FG-R1-expanded-q55__guard-q90-half,11,12,2021-06-29,96,1.0,True,222.0,185.2324199225835,-36.76758007741651,36.76758007741651,2021-06-29 08:30:00,2021-06-29 11:45:00,195.0,195.0
D1,FG-R1-expanded-q55__guard-q90-half,11,12,2021-06-30,96,1.0,True,193.0,181.51145523326304,-11.488544766736965,11.488544766736965,2021-06-30 09:00:00,2021-06-30 08:30:00,-30.0,30.0
D1,FG-R1-expanded-q55__guard-q90-half,11,12,2021-07-01,96,1.0,True,206.0,178.6212080203994,-27.378791979600607,27.378791979600607,2021-07-01 14:00:00,2021-07-01 14:00:00,0.0,0.0
D1,FG-R1-expanded-q55__guard-q90-half,11,12,2021-07-02,96,1.0,True,187.0,180.21371841435771,-6.786281585642286,6.786281585642286,2021-07-02 09:15:00,2021-07-02 09:00:00,-15.0,15.0
D1,FG-R1-expanded-q55__guard-q90-half,11,12,2021-07-03,96,1.0,True,112.0,112.0556436879795,0.05564368797949726,0.05564368797949726,2021-07-03 04:15:00,2021-07-03 02:00:00,-135.0,135.0
D1,FG-R1-expanded-q55__guard-q90-half,11,12,2021-07-04,96,1.0,True,28.0,25.006038470728832,-2.993961529271168,2.993961529271168,2021-07-04 08:30:00,2021-07-04 18:15:00,585.0,585.0
D1,FG-R1-expanded-q55__guard-q90-half,11,13,2021-06-28,96,1.0,True,198.0,206.14920662685108,8.149206626851083,8.149206626851083,2021-06-28 09:00:00,2021-06-28 09:00:00,0.0,0.0
D1,FG-R1-expanded-q55__guard-q90-half,11,13,2021-06-29,96,1.0,True,222.0,185.77841537490525,-36.22158462509475,36.22158462509475,2021-06-29 08:30:00,2021-06-29 11:45:00,195.0,195.0
D1,FG-R1-expanded-q55__guard-q90-half,11,13,2021-06-30,96,1.0,True,193.0,181.87419410695517,-11.125805893044827,11.125805893044827,2021-06-30 09:00:00,2021-06-30 08:45:00,-15.0,15.0
D1,FG-R1-expanded-q55__guard-q90-half,11,13,2021-07-01,96,1.0,True,206.0,178.85195142860252,-27.14804857139748,27.14804857139748,2021-07-01 14:00:00,2021-07-01 14:00:00,0.0,0.0
D1,FG-R1-expanded-q55__guard-q90-half,11,13,2021-07-02,96,1.0,True,187.0,178.2400093079124,-8.759990692087598,8.759990692087598,2021-07-02 09:15:00,2021-07-02 09:00:00,-15.0,15.0
D1,FG-R1-expanded-q55__guard-q90-half,11,13,2021-07-03,96,1.0,True,112.0,114.10159862389426,2.1015986238942617,2.1015986238942617,2021-07-03 04:15:00,2021-07-03 01:45:00,-150.0,150.0
D1,FG-R1-expanded-q55__guard-q90-half,11,13,2021-07-04,96,1.0,True,28.0,25.269896662595976,-2.7301033374040244,2.7301033374040244,2021-07-04 08:30:00,2021-07-04 11:45:00,195.0,195.0
D1,FG-R1-expanded-q55__guard-q90-half,11,14,2021-06-28,96,1.0,True,198.0,205.69190071864796,7.6919007186479575,7.6919007186479575,2021-06-28 09:00:00,2021-06-28 09:00:00,0.0,0.0
D1,FG-R1-expanded-q55__guard-q90-half,11,14,2021-06-29,96,1.0,True,222.0,185.3639404825687,-36.636059517431306,36.636059517431306,2021-06-29 08:30:00,2021-06-29 12:00:00,210.0,210.0
D1,FG-R1-expanded-q55__guard-q90-half,11,14,2021-06-30,96,1.0,True,193.0,182.09159130677824,-10.908408693221759,10.908408693221759,2021-06-30 09:00:00,2021-06-30 08:30:00,-30.0,30.0
D1,FG-R1-expanded-q55__guard-q90-half,11,14,2021-07-01,96,1.0,True,206.0,178.22206440496086,-27.77793559503914,27.77793559503914,2021-07-01 14:00:00,2021-07-01 14:00:00,0.0,0.0
D1,FG-R1-expanded-q55__guard-q90-half,11,14,2021-07-02,96,1.0,True,187.0,179.51069803092747,-7.489301969072528,7.489301969072528,2021-07-02 09:15:00,2021-07-02 09:00:00,-15.0,15.0
D1,FG-R1-expanded-q55__guard-q90-half,11,14,2021-07-03,96,1.0,True,112.0,114.61731623064308,2.617316230643084,2.617316230643084,2021-07-03 04:15:00,2021-07-03 02:00:00,-135.0,135.0
D1,FG-R1-expanded-q55__guard-q90-half,11,14,2021-07-04,96,1.0,True,28.0,25.12927164987518,-2.8707283501248213,2.8707283501248213,2021-07-04 08:30:00,2021-07-04 18:45:00,615.0,615.0
D1,FG-R1-expanded-q55__guard-q90-half,11,15,2021-06-28,96,1.0,True,198.0,204.38225411220265,6.382254112202645,6.382254112202645,2021-06-28 09:00:00,2021-06-28 09:00:00,0.0,0.0
D1,FG-R1-expanded-q55__guard-q90-half,11,15,2021-06-29,96,1.0,True,222.0,181.1744422444981,-40.825557755501904,40.825557755501904,2021-06-29 08:30:00,2021-06-29 12:00:00,210.0,210.0
D1,FG-R1-expanded-q55__guard-q90-half,11,15,2021-06-30,96,1.0,True,193.0,183.2787982162325,-9.721201783767498,9.721201783767498,2021-06-30 09:00:00,2021-06-30 08:30:00,-30.0,30.0
D1,FG-R1-expanded-q55__guard-q90-half,11,15,2021-07-01,96,1.0,True,206.0,178.34536499440088,-27.65463500559912,27.65463500559912,2021-07-01 14:00:00,2021-07-01 08:45:00,-315.0,315.0
D1,FG-R1-expanded-q55__guard-q90-half,11,15,2021-07-02,96,1.0,True,187.0,179.33041886326032,-7.66958113673968,7.66958113673968,2021-07-02 09:15:00,2021-07-02 09:00:00,-15.0,15.0
D1,FG-R1-expanded-q55__guard-q90-half,11,15,2021-07-03,96,1.0,True,112.0,114.30803347307983,2.3080334730798313,2.3080334730798313,2021-07-03 04:15:00,2021-07-03 02:15:00,-120.0,120.0
D1,FG-R1-expanded-q55__guard-q90-half,11,15,2021-07-04,96,1.0,True,28.0,24.99860300973846,-3.00139699026154,3.00139699026154,2021-07-04 08:30:00,2021-07-04 15:30:00,420.0,420.0
D1,FG-R1-expanded-q55__guard-q90-half,11,16,2021-06-28,96,1.0,True,198.0,203.6356110457964,5.635611045796395,5.635611045796395,2021-06-28 09:00:00,2021-06-28 09:00:00,0.0,0.0
D1,FG-R1-expanded-q55__guard-q90-half,11,16,2021-06-29,96,1.0,True,222.0,180.64708800634747,-41.352911993652526,41.352911993652526,2021-06-29 08:30:00,2021-06-29 14:00:00,330.0,330.0
D1,FG-R1-expanded-q55__guard-q90-half,11,16,2021-06-30,96,1.0,True,193.0,183.14540905013806,-9.854590949861944,9.854590949861944,2021-06-30 09:00:00,2021-06-30 08:30:00,-30.0,30.0
D1,FG-R1-expanded-q55__guard-q90-half,11,16,2021-07-01,96,1.0,True,206.0,178.08877888249992,-27.911221117500077,27.911221117500077,2021-07-01 14:00:00,2021-07-01 14:00:00,0.0,0.0
D1,FG-R1-expanded-q55__guard-q90-half,11,16,2021-07-02,96,1.0,True,187.0,178.86457120107215,-8.135428798927848,8.135428798927848,2021-07-02 09:15:00,2021-07-02 09:00:00,-15.0,15.0
D1,FG-R1-expanded-q55__guard-q90-half,11,16,2021-07-03,96,1.0,True,112.0,113.80945254046264,1.8094525404626438,1.8094525404626438,2021-07-03 04:15:00,2021-07-03 02:15:00,-120.0,120.0
D1,FG-R1-expanded-q55__guard-q90-half,11,16,2021-07-04,96,1.0,True,28.0,24.50619780193681,-3.4938021980631895,3.4938021980631895,2021-07-04 08:30:00,2021-07-04 09:45:00,75.0,75.0
D1,FG-R1-expanded-q55__guard-q90-half,13,4,2021-07-12,96,1.0,True,198.0,187.02558658159413,-10.974413418405874,10.974413418405874,2021-07-12 08:45:00,2021-07-12 11:45:00,180.0,180.0
D1,FG-R1-expanded-q55__guard-q90-half,13,4,2021-07-13,1,0.010416666666666666,False,79.0,88.06345046571032,9.063450465710318,9.063450465710318,2021-07-13 00:00:00,2021-07-13 00:00:00,0.0,0.0
D1,FG-R1-expanded-q55__guard-q90-half,13,4,2021-07-17,92,0.9583333333333334,False,110.0,108.39409080677724,-1.6059091932227574,1.6059091932227574,2021-07-17 01:30:00,2021-07-17 02:15:00,45.0,45.0
D1,FG-R1-expanded-q55__guard-q90-half,13,4,2021-07-18,96,1.0,True,28.0,25.90722559275621,-2.092774407243791,2.092774407243791,2021-07-18 01:15:00,2021-07-18 11:45:00,630.0,630.0
D1,FG-R1-expanded-q55__guard-q90-half,13,5,2021-07-12,96,1.0,True,198.0,188.87254298340946,-9.12745701659054,9.12745701659054,2021-07-12 08:45:00,2021-07-12 13:45:00,300.0,300.0
D1,FG-R1-expanded-q55__guard-q90-half,13,5,2021-07-13,1,0.010416666666666666,False,79.0,89.80238271483856,10.802382714838558,10.802382714838558,2021-07-13 00:00:00,2021-07-13 00:00:00,0.0,0.0
D1,FG-R1-expanded-q55__guard-q90-half,13,5,2021-07-17,91,0.9479166666666666,False,110.0,107.16504344078359,-2.8349565592164083,2.8349565592164083,2021-07-17 01:30:00,2021-07-17 03:45:00,135.0,135.0
D1,FG-R1-expanded-q55__guard-q90-half,13,5,2021-07-18,96,1.0,True,28.0,25.973193696841157,-2.0268063031588426,2.0268063031588426,2021-07-18 01:15:00,2021-07-18 11:45:00,630.0,630.0
D1,FG-R1-expanded-q55__guard-q90-half,13,6,2021-07-12,96,1.0,True,198.0,187.85506121188354,-10.144938788116463,10.144938788116463,2021-07-12 08:45:00,2021-07-12 13:45:00,300.0,300.0
D1,FG-R1-expanded-q55__guard-q90-half,13,6,2021-07-13,1,0.010416666666666666,False,79.0,89.46427041980232,10.464270419802318,10.464270419802318,2021-07-13 00:00:00,2021-07-13 00:00:00,0.0,0.0
D1,FG-R1-expanded-q55__guard-q90-half,13,6,2021-07-17,90,0.9375,False,110.0,108.5364322153645,-1.4635677846355009,1.4635677846355009,2021-07-17 01:30:00,2021-07-17 04:00:00,150.0,150.0
D1,FG-R1-expanded-q55__guard-q90-half,13,6,2021-07-18,96,1.0,True,28.0,26.38381549205256,-1.616184507947441,1.616184507947441,2021-07-18 01:15:00,2021-07-18 11:45:00,630.0,630.0
D1,FG-R1-expanded-q55__guard-q90-half,13,7,2021-07-12,96,1.0,True,198.0,188.6360500370825,-9.363949962917502,9.363949962917502,2021-07-12 08:45:00,2021-07-12 11:45:00,180.0,180.0
D1,FG-R1-expanded-q55__guard-q90-half,13,7,2021-07-13,1,0.010416666666666666,False,79.0,89.43979684654002,10.43979684654002,10.43979684654002,2021-07-13 00:00:00,2021-07-13 00:00:00,0.0,0.0
D1,FG-R1-expanded-q55__guard-q90-half,13,7,2021-07-17,89,0.9270833333333334,False,108.0,109.26898271906664,1.268982719066642,1.268982719066642,2021-07-17 06:00:00,2021-07-17 04:00:00,-120.0,120.0
D1,FG-R1-expanded-q55__guard-q90-half,13,7,2021-07-18,96,1.0,True,28.0,26.225064917194185,-1.7749350828058148,1.7749350828058148,2021-07-18 01:15:00,2021-07-18 08:30:00,435.0,435.0
D1,FG-R1-expanded-q55__guard-q90-half,13,8,2021-07-12,96,1.0,True,198.0,189.31494063399163,-8.685059366008375,8.685059366008375,2021-07-12 08:45:00,2021-07-12 13:45:00,300.0,300.0
D1,FG-R1-expanded-q55__guard-q90-half,13,8,2021-07-13,1,0.010416666666666666,False,79.0,89.38259920152038,10.382599201520378,10.382599201520378,2021-07-13 00:00:00,2021-07-13 00:00:00,0.0,0.0
D1,FG-R1-expanded-q55__guard-q90-half,13,8,2021-07-17,88,0.9166666666666666,False,108.0,110.11379674939334,2.1137967493933445,2.1137967493933445,2021-07-17 06:00:00,2021-07-17 04:15:00,-105.0,105.0
D1,FG-R1-expanded-q55__guard-q90-half,13,8,2021-07-18,96,1.0,True,28.0,26.546004366546743,-1.4539956334532569,1.4539956334532569,2021-07-18 01:15:00,2021-07-18 11:45:00,630.0,630.0
D1,FG-R1-expanded-q55__guard-q90-half,13,9,2021-07-12,96,1.0,True,198.0,190.08432910901485,-7.9156708909851545,7.9156708909851545,2021-07-12 08:45:00,2021-07-12 13:45:00,300.0,300.0
D1,FG-R1-expanded-q55__guard-q90-half,13,9,2021-07-13,1,0.010416666666666666,False,79.0,90.13962738946786,11.139627389467861,11.139627389467861,2021-07-13 00:00:00,2021-07-13 00:00:00,0.0,0.0
D1,FG-R1-expanded-q55__guard-q90-half,13,9,2021-07-17,87,0.90625,False,108.0,108.665294274498,0.6652942744979953,0.6652942744979953,2021-07-17 06:00:00,2021-07-17 04:15:00,-105.0,105.0
D1,FG-R1-expanded-q55__guard-q90-half,13,9,2021-07-18,96,1.0,True,28.0,26.57317004583042,-1.4268299541695804,1.4268299541695804,2021-07-18 01:15:00,2021-07-18 08:30:00,435.0,435.0
D1,FG-R1-expanded-q55__guard-q90-half,13,10,2021-07-12,96,1.0,True,198.0,190.93168830705972,-7.068311692940284,7.068311692940284,2021-07-12 08:45:00,2021-07-12 13:45:00,300.0,300.0
D1,FG-R1-expanded-q55__guard-q90-half,13,10,2021-07-13,1,0.010416666666666666,False,79.0,87.68917492759593,8.689174927595928,8.689174927595928,2021-07-13 00:00:00,2021-07-13 00:00:00,0.0,0.0
D1,FG-R1-expanded-q55__guard-q90-half,13,10,2021-07-17,86,0.8958333333333334,False,108.0,108.81720512532823,0.8172051253282291,0.8172051253282291,2021-07-17 06:00:00,2021-07-17 04:00:00,-120.0,120.0
D1,FG-R1-expanded-q55__guard-q90-half,13,10,2021-07-18,96,1.0,True,28.0,26.54013626825698,-1.4598637317430203,1.4598637317430203,2021-07-18 01:15:00,2021-07-18 11:45:00,630.0,630.0
D1,FG-R1-expanded-q55__guard-q90-half,13,11,2021-07-12,96,1.0,True,198.0,188.45775560929835,-9.542244390701654,9.542244390701654,2021-07-12 08:45:00,2021-07-12 13:45:00,300.0,300.0
D1,FG-R1-expanded-q55__guard-q90-half,13,11,2021-07-13,1,0.010416666666666666,False,79.0,85.75327006954903,6.753270069549032,6.753270069549032,2021-07-13 00:00:00,2021-07-13 00:00:00,0.0,0.0
D1,FG-R1-expanded-q55__guard-q90-half,13,11,2021-07-17,85,0.8854166666666666,False,108.0,109.45741138592862,1.4574113859286228,1.4574113859286228,2021-07-17 06:00:00,2021-07-17 04:15:00,-105.0,105.0
D1,FG-R1-expanded-q55__guard-q90-half,13,11,2021-07-18,96,1.0,True,28.0,26.75770148919301,-1.2422985108069895,1.2422985108069895,2021-07-18 01:15:00,2021-07-18 08:30:00,435.0,435.0
D1,FG-R1-expanded-q55__guard-q90-half,13,12,2021-07-12,96,1.0,True,198.0,187.45572606956807,-10.544273930431928,10.544273930431928,2021-07-12 08:45:00,2021-07-12 13:45:00,300.0,300.0
D1,FG-R1-expanded-q55__guard-q90-half,13,12,2021-07-13,1,0.010416666666666666,False,79.0,85.77525441303935,6.775254413039349,6.775254413039349,2021-07-13 00:00:00,2021-07-13 00:00:00,0.0,0.0
D1,FG-R1-expanded-q55__guard-q90-half,13,12,2021-07-17,84,0.875,False,108.0,108.83544206895927,0.8354420689592672,0.8354420689592672,2021-07-17 06:00:00,2021-07-17 04:30:00,-90.0,90.0
D1,FG-R1-expanded-q55__guard-q90-half,13,12,2021-07-18,96,1.0,True,28.0,26.88138663087643,-1.118613369123569,1.118613369123569,2021-07-18 01:15:00,2021-07-18 08:30:00,435.0,435.0
D1,FG-R1-expanded-q55__guard-q90-half,13,13,2021-07-12,96,1.0,True,198.0,188.04860558704232,-9.951394412957683,9.951394412957683,2021-07-12 08:45:00,2021-07-12 13:45:00,300.0,300.0
D1,FG-R1-expanded-q55__guard-q90-half,13,13,2021-07-13,1,0.010416666666666666,False,79.0,86.44426383564499,7.444263835644989,7.444263835644989,2021-07-13 00:00:00,2021-07-13 00:00:00,0.0,0.0
D1,FG-R1-expanded-q55__guard-q90-half,13,13,2021-07-17,83,0.8645833333333334,False,108.0,109.1712692548052,1.1712692548051962,1.1712692548051962,2021-07-17 06:00:00,2021-07-17 04:15:00,-105.0,105.0
D1,FG-R1-expanded-q55__guard-q90-half,13,13,2021-07-18,96,1.0,True,28.0,26.829132473864128,-1.170867526135872,1.170867526135872,2021-07-18 01:15:00,2021-07-18 08:30:00,435.0,435.0
D1,FG-R1-expanded-q55__guard-q90-half,13,14,2021-07-12,96,1.0,True,198.0,189.56667094293434,-8.433329057065663,8.433329057065663,2021-07-12 08:45:00,2021-07-12 13:45:00,300.0,300.0
D1,FG-R1-expanded-q55__guard-q90-half,13,14,2021-07-13,1,0.010416666666666666,False,79.0,87.22355339004866,8.223553390048664,8.223553390048664,2021-07-13 00:00:00,2021-07-13 00:00:00,0.0,0.0
D1,FG-R1-expanded-q55__guard-q90-half,13,14,2021-07-17,82,0.8541666666666666,False,108.0,109.04446761933113,1.0444676193311295,1.0444676193311295,2021-07-17 06:00:00,2021-07-17 04:15:00,-105.0,105.0
D1,FG-R1-expanded-q55__guard-q90-half,13,14,2021-07-18,96,1.0,True,28.0,27.166984632855314,-0.8330153671446858,0.8330153671446858,2021-07-18 01:15:00,2021-07-18 01:45:00,30.0,30.0
D1,FG-R1-expanded-q55__guard-q90-half,13,15,2021-07-12,96,1.0,True,198.0,188.51414562601084,-9.485854373989156,9.485854373989156,2021-07-12 08:45:00,2021-07-12 13:45:00,300.0,300.0
D1,FG-R1-expanded-q55__guard-q90-half,13,15,2021-07-13,1,0.010416666666666666,False,79.0,86.6668034668673,7.666803466867293,7.666803466867293,2021-07-13 00:00:00,2021-07-13 00:00:00,0.0,0.0
D1,FG-R1-expanded-q55__guard-q90-half,13,15,2021-07-17,81,0.84375,False,108.0,109.18184565736904,1.1818456573690383,1.1818456573690383,2021-07-17 06:00:00,2021-07-17 04:00:00,-120.0,120.0
D1,FG-R1-expanded-q55__guard-q90-half,13,15,2021-07-18,96,1.0,True,28.0,27.26405860991438,-0.7359413900856211,0.7359413900856211,2021-07-18 01:15:00,2021-07-18 11:45:00,630.0,630.0
D1,FG-R1-expanded-q55__guard-q90-half,13,16,2021-07-12,96,1.0,True,198.0,188.6592237113002,-9.3407762886998,9.3407762886998,2021-07-12 08:45:00,2021-07-12 14:00:00,315.0,315.0
D1,FG-R1-expanded-q55__guard-q90-half,13,16,2021-07-13,1,0.010416666666666666,False,79.0,86.9687393344848,7.968739334484795,7.968739334484795,2021-07-13 00:00:00,2021-07-13 00:00:00,0.0,0.0
D1,FG-R1-expanded-q55__guard-q90-half,13,16,2021-07-17,80,0.8333333333333334,False,108.0,109.22427665058554,1.2242766505855371,1.2242766505855371,2021-07-17 06:00:00,2021-07-17 04:15:00,-105.0,105.0
D1,FG-R1-expanded-q55__guard-q90-half,13,16,2021-07-18,96,1.0,True,28.0,27.181330460242208,-0.8186695397577921,0.8186695397577921,2021-07-18 01:15:00,2021-07-18 11:45:00,630.0,630.0
D1,FG-R1-expanded-q55__guard-q90-half,15,4,2021-07-26,96,1.0,True,217.0,199.14736898696952,-17.852631013030475,17.852631013030475,2021-07-26 08:30:00,2021-07-26 11:45:00,195.0,195.0
D1,FG-R1-expanded-q55__guard-q90-half,15,4,2021-07-27,96,1.0,True,211.0,197.0861636946958,-13.913836305304187,13.913836305304187,2021-07-27 11:45:00,2021-07-27 08:45:00,-180.0,180.0
D1,FG-R1-expanded-q55__guard-q90-half,15,4,2021-07-28,96,1.0,True,212.0,209.14085331114921,-2.8591466888507853,2.8591466888507853,2021-07-28 12:00:00,2021-07-28 08:45:00,-195.0,195.0
D1,FG-R1-expanded-q55__guard-q90-half,15,4,2021-07-29,96,1.0,True,211.0,200.78018058516963,-10.219819414830368,10.219819414830368,2021-07-29 12:00:00,2021-07-29 08:30:00,-210.0,210.0
D1,FG-R1-expanded-q55__guard-q90-half,15,4,2021-07-30,96,1.0,True,212.0,200.3194845254439,-11.680515474556103,11.680515474556103,2021-07-30 12:00:00,2021-07-30 08:45:00,-195.0,195.0
D1,FG-R1-expanded-q55__guard-q90-half,15,4,2021-07-31,96,1.0,True,80.0,53.43809321076865,-26.56190678923135,26.56190678923135,2021-07-31 00:00:00,2021-07-31 01:45:00,105.0,105.0
D1,FG-R1-expanded-q55__guard-q90-half,15,4,2021-08-01,96,1.0,True,28.0,33.45252240118136,5.452522401181362,5.452522401181362,2021-08-01 09:00:00,2021-08-01 00:30:00,-510.0,510.0
D1,FG-R1-expanded-q55__guard-q90-half,15,5,2021-07-26,96,1.0,True,217.0,202.20947583635274,-14.790524163647262,14.790524163647262,2021-07-26 08:30:00,2021-07-26 11:45:00,195.0,195.0
D1,FG-R1-expanded-q55__guard-q90-half,15,5,2021-07-27,96,1.0,True,211.0,195.85769990116597,-15.142300098834028,15.142300098834028,2021-07-27 11:45:00,2021-07-27 08:30:00,-195.0,195.0
D1,FG-R1-expanded-q55__guard-q90-half,15,5,2021-07-28,96,1.0,True,212.0,208.70109638442423,-3.2989036155757674,3.2989036155757674,2021-07-28 12:00:00,2021-07-28 08:45:00,-195.0,195.0
D1,FG-R1-expanded-q55__guard-q90-half,15,5,2021-07-29,96,1.0,True,211.0,200.77967859230853,-10.220321407691472,10.220321407691472,2021-07-29 12:00:00,2021-07-29 08:30:00,-210.0,210.0
D1,FG-R1-expanded-q55__guard-q90-half,15,5,2021-07-30,96,1.0,True,212.0,203.2495959767944,-8.75040402320559,8.75040402320559,2021-07-30 12:00:00,2021-07-30 11:45:00,-15.0,15.0
D1,FG-R1-expanded-q55__guard-q90-half,15,5,2021-07-31,96,1.0,True,80.0,56.96663026910217,-23.03336973089783,23.03336973089783,2021-07-31 00:00:00,2021-07-31 01:15:00,75.0,75.0
D1,FG-R1-expanded-q55__guard-q90-half,15,5,2021-08-01,96,1.0,True,28.0,33.56345312918471,5.563453129184708,5.563453129184708,2021-08-01 09:00:00,2021-08-01 01:00:00,-480.0,480.0
D1,FG-R1-expanded-q55__guard-q90-half,15,6,2021-07-26,96,1.0,True,217.0,196.89846682761535,-20.10153317238465,20.10153317238465,2021-07-26 08:30:00,2021-07-26 11:45:00,195.0,195.0
D1,FG-R1-expanded-q55__guard-q90-half,15,6,2021-07-27,96,1.0,True,211.0,195.00573129723637,-15.994268702763634,15.994268702763634,2021-07-27 11:45:00,2021-07-27 08:45:00,-180.0,180.0
D1,FG-R1-expanded-q55__guard-q90-half,15,6,2021-07-28,96,1.0,True,212.0,207.12169399375907,-4.878306006240933,4.878306006240933,2021-07-28 12:00:00,2021-07-28 08:45:00,-195.0,195.0
D1,FG-R1-expanded-q55__guard-q90-half,15,6,2021-07-29,96,1.0,True,211.0,200.23129572056368,-10.76870427943632,10.76870427943632,2021-07-29 12:00:00,2021-07-29 08:30:00,-210.0,210.0
D1,FG-R1-expanded-q55__guard-q90-half,15,6,2021-07-30,96,1.0,True,212.0,202.71173912003192,-9.288260879968078,9.288260879968078,2021-07-30 12:00:00,2021-07-30 12:00:00,0.0,0.0
D1,FG-R1-expanded-q55__guard-q90-half,15,6,2021-07-31,96,1.0,True,80.0,66.4895586952795,-13.510441304720501,13.510441304720501,2021-07-31 00:00:00,2021-07-31 01:30:00,90.0,90.0
D1,FG-R1-expanded-q55__guard-q90-half,15,6,2021-08-01,96,1.0,True,28.0,33.67727957414269,5.677279574142688,5.677279574142688,2021-08-01 09:00:00,2021-08-01 01:15:00,-465.0,465.0
D1,FG-R1-expanded-q55__guard-q90-half,15,7,2021-07-26,96,1.0,True,217.0,198.21793553248705,-18.782064467512953,18.782064467512953,2021-07-26 08:30:00,2021-07-26 11:45:00,195.0,195.0
D1,FG-R1-expanded-q55__guard-q90-half,15,7,2021-07-27,96,1.0,True,211.0,193.9022547834425,-17.097745216557513,17.097745216557513,2021-07-27 11:45:00,2021-07-27 08:45:00,-180.0,180.0
D1,FG-R1-expanded-q55__guard-q90-half,15,7,2021-07-28,96,1.0,True,212.0,203.2567570861176,-8.743242913882398,8.743242913882398,2021-07-28 12:00:00,2021-07-28 08:45:00,-195.0,195.0
D1,FG-R1-expanded-q55__guard-q90-half,15,7,2021-07-29,96,1.0,True,211.0,198.7963762540099,-12.203623745990086,12.203623745990086,2021-07-29 12:00:00,2021-07-29 08:30:00,-210.0,210.0
D1,FG-R1-expanded-q55__guard-q90-half,15,7,2021-07-30,96,1.0,True,212.0,200.74963096916744,-11.250369030832559,11.250369030832559,2021-07-30 12:00:00,2021-07-30 12:00:00,0.0,0.0
D1,FG-R1-expanded-q55__guard-q90-half,15,7,2021-07-31,96,1.0,True,80.0,68.50126392995348,-11.498736070046519,11.498736070046519,2021-07-31 00:00:00,2021-07-31 01:30:00,90.0,90.0
D1,FG-R1-expanded-q55__guard-q90-half,15,7,2021-08-01,96,1.0,True,28.0,34.02442651209915,6.024426512099147,6.024426512099147,2021-08-01 09:00:00,2021-08-01 01:45:00,-435.0,435.0
D1,FG-R1-expanded-q55__guard-q90-half,15,8,2021-07-26,96,1.0,True,217.0,200.30763695942247,-16.692363040577533,16.692363040577533,2021-07-26 08:30:00,2021-07-26 11:45:00,195.0,195.0
D1,FG-R1-expanded-q55__guard-q90-half,15,8,2021-07-27,96,1.0,True,211.0,195.64167404254005,-15.358325957459954,15.358325957459954,2021-07-27 11:45:00,2021-07-27 08:30:00,-195.0,195.0
D1,FG-R1-expanded-q55__guard-q90-half,15,8,2021-07-28,96,1.0,True,212.0,205.75680098820325,-6.243199011796747,6.243199011796747,2021-07-28 12:00:00,2021-07-28 08:30:00,-210.0,210.0
D1,FG-R1-expanded-q55__guard-q90-half,15,8,2021-07-29,96,1.0,True,211.0,200.27793316781631,-10.722066832183685,10.722066832183685,2021-07-29 12:00:00,2021-07-29 08:30:00,-210.0,210.0
D1,FG-R1-expanded-q55__guard-q90-half,15,8,2021-07-30,96,1.0,True,212.0,202.67664418034002,-9.32335581965998,9.32335581965998,2021-07-30 12:00:00,2021-07-30 11:30:00,-30.0,30.0
D1,FG-R1-expanded-q55__guard-q90-half,15,8,2021-07-31,96,1.0,True,80.0,70.16864598997377,-9.831354010026232,9.831354010026232,2021-07-31 00:00:00,2021-07-31 01:45:00,105.0,105.0
D1,FG-R1-expanded-q55__guard-q90-half,15,8,2021-08-01,96,1.0,True,28.0,35.556789644587354,7.556789644587354,7.556789644587354,2021-08-01 09:00:00,2021-08-01 02:00:00,-420.0,420.0
D1,FG-R1-expanded-q55__guard-q90-half,15,9,2021-07-26,96,1.0,True,217.0,199.51006800861765,-17.48993199138235,17.48993199138235,2021-07-26 08:30:00,2021-07-26 11:45:00,195.0,195.0
D1,FG-R1-expanded-q55__guard-q90-half,15,9,2021-07-27,96,1.0,True,211.0,196.65227530721063,-14.34772469278937,14.34772469278937,2021-07-27 11:45:00,2021-07-27 08:30:00,-195.0,195.0
D1,FG-R1-expanded-q55__guard-q90-half,15,9,2021-07-28,96,1.0,True,212.0,207.0088384338898,-4.991161566110208,4.991161566110208,2021-07-28 12:00:00,2021-07-28 08:30:00,-210.0,210.0
D1,FG-R1-expanded-q55__guard-q90-half,15,9,2021-07-29,96,1.0,True,211.0,201.06572947355093,-9.934270526449069,9.934270526449069,2021-07-29 12:00:00,2021-07-29 08:45:00,-195.0,195.0
D1,FG-R1-expanded-q55__guard-q90-half,15,9,2021-07-30,96,1.0,True,212.0,204.88283212157694,-7.117167878423061,7.117167878423061,2021-07-30 12:00:00,2021-07-30 12:00:00,0.0,0.0
D1,FG-R1-expanded-q55__guard-q90-half,15,9,2021-07-31,96,1.0,True,80.0,71.12906616279618,-8.870933837203822,8.870933837203822,2021-07-31 00:00:00,2021-07-31 01:30:00,90.0,90.0
D1,FG-R1-expanded-q55__guard-q90-half,15,9,2021-08-01,96,1.0,True,28.0,36.691708210124965,8.691708210124965,8.691708210124965,2021-08-01 09:00:00,2021-08-01 02:00:00,-420.0,420.0
D1,FG-R1-expanded-q55__guard-q90-half,15,10,2021-07-26,96,1.0,True,217.0,199.1625484054459,-17.837451594554096,17.837451594554096,2021-07-26 08:30:00,2021-07-26 11:45:00,195.0,195.0
D1,FG-R1-expanded-q55__guard-q90-half,15,10,2021-07-27,96,1.0,True,211.0,197.88733238858617,-13.112667611413826,13.112667611413826,2021-07-27 11:45:00,2021-07-27 08:30:00,-195.0,195.0
D1,FG-R1-expanded-q55__guard-q90-half,15,10,2021-07-28,96,1.0,True,212.0,208.02158408156464,-3.97841591843536,3.97841591843536,2021-07-28 12:00:00,2021-07-28 08:30:00,-210.0,210.0
D1,FG-R1-expanded-q55__guard-q90-half,15,10,2021-07-29,96,1.0,True,211.0,200.34578305391219,-10.654216946087814,10.654216946087814,2021-07-29 12:00:00,2021-07-29 08:45:00,-195.0,195.0
D1,FG-R1-expanded-q55__guard-q90-half,15,10,2021-07-30,96,1.0,True,212.0,204.79843834416505,-7.201561655834951,7.201561655834951,2021-07-30 12:00:00,2021-07-30 12:00:00,0.0,0.0
D1,FG-R1-expanded-q55__guard-q90-half,15,10,2021-07-31,96,1.0,True,80.0,71.92373793477672,-8.076262065223275,8.076262065223275,2021-07-31 00:00:00,2021-07-31 01:45:00,105.0,105.0
D1,FG-R1-expanded-q55__guard-q90-half,15,10,2021-08-01,96,1.0,True,28.0,36.19922480384415,8.199224803844153,8.199224803844153,2021-08-01 09:00:00,2021-08-01 02:00:00,-420.0,420.0
D1,FG-R1-expanded-q55__guard-q90-half,15,11,2021-07-26,96,1.0,True,217.0,202.68822907814493,-14.311770921855071,14.311770921855071,2021-07-26 08:30:00,2021-07-26 11:45:00,195.0,195.0
D1,FG-R1-expanded-q55__guard-q90-half,15,11,2021-07-27,96,1.0,True,211.0,198.40404019504354,-12.595959804956465,12.595959804956465,2021-07-27 11:45:00,2021-07-27 08:45:00,-180.0,180.0
D1,FG-R1-expanded-q55__guard-q90-half,15,11,2021-07-28,96,1.0,True,212.0,207.44240869621666,-4.55759130378334,4.55759130378334,2021-07-28 12:00:00,2021-07-28 08:45:00,-195.0,195.0
D1,FG-R1-expanded-q55__guard-q90-half,15,11,2021-07-29,96,1.0,True,211.0,199.81145125717006,-11.188548742829937,11.188548742829937,2021-07-29 12:00:00,2021-07-29 12:00:00,0.0,0.0
D1,FG-R1-expanded-q55__guard-q90-half,15,11,2021-07-30,96,1.0,True,212.0,204.36146381750982,-7.638536182490185,7.638536182490185,2021-07-30 12:00:00,2021-07-30 11:45:00,-15.0,15.0
D1,FG-R1-expanded-q55__guard-q90-half,15,11,2021-07-31,96,1.0,True,80.0,71.18630143016358,-8.813698569836419,8.813698569836419,2021-07-31 00:00:00,2021-07-31 01:45:00,105.0,105.0
D1,FG-R1-expanded-q55__guard-q90-half,15,11,2021-08-01,96,1.0,True,28.0,36.22774686480119,8.22774686480119,8.22774686480119,2021-08-01 09:00:00,2021-08-01 02:00:00,-420.0,420.0
D1,FG-R1-expanded-q55__guard-q90-half,15,12,2021-07-26,96,1.0,True,217.0,201.10208903511756,-15.897910964882442,15.897910964882442,2021-07-26 08:30:00,2021-07-26 11:45:00,195.0,195.0
D1,FG-R1-expanded-q55__guard-q90-half,15,12,2021-07-27,96,1.0,True,211.0,196.6641594576617,-14.335840542338303,14.335840542338303,2021-07-27 11:45:00,2021-07-27 08:45:00,-180.0,180.0
D1,FG-R1-expanded-q55__guard-q90-half,15,12,2021-07-28,96,1.0,True,212.0,205.95906988651868,-6.040930113481323,6.040930113481323,2021-07-28 12:00:00,2021-07-28 08:45:00,-195.0,195.0
D1,FG-R1-expanded-q55__guard-q90-half,15,12,2021-07-29,96,1.0,True,211.0,198.40611835285785,-12.593881647142155,12.593881647142155,2021-07-29 12:00:00,2021-07-29 11:45:00,-15.0,15.0
D1,FG-R1-expanded-q55__guard-q90-half,15,12,2021-07-30,96,1.0,True,212.0,204.80007211532916,-7.199927884670842,7.199927884670842,2021-07-30 12:00:00,2021-07-30 11:45:00,-15.0,15.0
D1,FG-R1-expanded-q55__guard-q90-half,15,12,2021-07-31,96,1.0,True,80.0,69.66366600728107,-10.336333992718934,10.336333992718934,2021-07-31 00:00:00,2021-07-31 01:30:00,90.0,90.0
D1,FG-R1-expanded-q55__guard-q90-half,15,12,2021-08-01,96,1.0,True,28.0,36.0710860183249,8.071086018324898,8.071086018324898,2021-08-01 09:00:00,2021-08-01 02:15:00,-405.0,405.0
D1,FG-R1-expanded-q55__guard-q90-half,15,13,2021-07-26,96,1.0,True,217.0,201.9956768499249,-15.004323150075095,15.004323150075095,2021-07-26 08:30:00,2021-07-26 11:45:00,195.0,195.0
D1,FG-R1-expanded-q55__guard-q90-half,15,13,2021-07-27,96,1.0,True,211.0,194.75533413145317,-16.244665868546832,16.244665868546832,2021-07-27 11:45:00,2021-07-27 11:45:00,0.0,0.0
D1,FG-R1-expanded-q55__guard-q90-half,15,13,2021-07-28,96,1.0,True,212.0,203.00503008659626,-8.994969913403736,8.994969913403736,2021-07-28 12:00:00,2021-07-28 08:45:00,-195.0,195.0
D1,FG-R1-expanded-q55__guard-q90-half,15,13,2021-07-29,96,1.0,True,211.0,198.3710950253378,-12.628904974662191,12.628904974662191,2021-07-29 12:00:00,2021-07-29 11:45:00,-15.0,15.0
D1,FG-R1-expanded-q55__guard-q90-half,15,13,2021-07-30,96,1.0,True,212.0,204.85749718278674,-7.142502817213256,7.142502817213256,2021-07-30 12:00:00,2021-07-30 11:45:00,-15.0,15.0
D1,FG-R1-expanded-q55__guard-q90-half,15,13,2021-07-31,96,1.0,True,80.0,70.60873657973877,-9.391263420261225,9.391263420261225,2021-07-31 00:00:00,2021-07-31 01:45:00,105.0,105.0
D1,FG-R1-expanded-q55__guard-q90-half,15,13,2021-08-01,96,1.0,True,28.0,33.88285579436976,5.88285579436976,5.88285579436976,2021-08-01 09:00:00,2021-08-01 02:15:00,-405.0,405.0
D1,FG-R1-expanded-q55__guard-q90-half,15,14,2021-07-26,96,1.0,True,217.0,195.8589133226686,-21.1410866773314,21.1410866773314,2021-07-26 08:30:00,2021-07-26 12:00:00,210.0,210.0
D1,FG-R1-expanded-q55__guard-q90-half,15,14,2021-07-27,96,1.0,True,211.0,195.36363340536622,-15.636366594633785,15.636366594633785,2021-07-27 11:45:00,2021-07-27 12:00:00,15.0,15.0
D1,FG-R1-expanded-q55__guard-q90-half,15,14,2021-07-28,96,1.0,True,212.0,204.93527176639236,-7.064728233607639,7.064728233607639,2021-07-28 12:00:00,2021-07-28 11:45:00,-15.0,15.0
D1,FG-R1-expanded-q55__guard-q90-half,15,14,2021-07-29,96,1.0,True,211.0,198.95440824440792,-12.045591755592085,12.045591755592085,2021-07-29 12:00:00,2021-07-29 12:00:00,0.0,0.0
D1,FG-R1-expanded-q55__guard-q90-half,15,14,2021-07-30,96,1.0,True,212.0,206.08613652243645,-5.913863477563552,5.913863477563552,2021-07-30 12:00:00,2021-07-30 12:00:00,0.0,0.0
D1,FG-R1-expanded-q55__guard-q90-half,15,14,2021-07-31,96,1.0,True,80.0,68.58444565156404,-11.415554348435961,11.415554348435961,2021-07-31 00:00:00,2021-07-31 01:45:00,105.0,105.0
D1,FG-R1-expanded-q55__guard-q90-half,15,14,2021-08-01,96,1.0,True,28.0,34.39864862246924,6.3986486224692385,6.3986486224692385,2021-08-01 09:00:00,2021-08-01 03:30:00,-330.0,330.0
D1,FG-R1-expanded-q55__guard-q90-half,15,15,2021-07-26,96,1.0,True,217.0,194.53467065340323,-22.465329346596775,22.465329346596775,2021-07-26 08:30:00,2021-07-26 11:45:00,195.0,195.0
D1,FG-R1-expanded-q55__guard-q90-half,15,15,2021-07-27,96,1.0,True,211.0,193.2644449518787,-17.735555048121313,17.735555048121313,2021-07-27 11:45:00,2021-07-27 08:45:00,-180.0,180.0
D1,FG-R1-expanded-q55__guard-q90-half,15,15,2021-07-28,96,1.0,True,212.0,205.05824342356854,-6.941756576431459,6.941756576431459,2021-07-28 12:00:00,2021-07-28 08:45:00,-195.0,195.0
D1,FG-R1-expanded-q55__guard-q90-half,15,15,2021-07-29,96,1.0,True,211.0,197.8395446233829,-13.160455376617108,13.160455376617108,2021-07-29 12:00:00,2021-07-29 11:45:00,-15.0,15.0
D1,FG-R1-expanded-q55__guard-q90-half,15,15,2021-07-30,96,1.0,True,212.0,205.63985054768273,-6.360149452317273,6.360149452317273,2021-07-30 12:00:00,2021-07-30 12:00:00,0.0,0.0
D1,FG-R1-expanded-q55__guard-q90-half,15,15,2021-07-31,96,1.0,True,80.0,69.31815040935585,-10.681849590644148,10.681849590644148,2021-07-31 00:00:00,2021-07-31 01:45:00,105.0,105.0
D1,FG-R1-expanded-q55__guard-q90-half,15,15,2021-08-01,96,1.0,True,28.0,34.50553314842911,6.505533148429109,6.505533148429109,2021-08-01 09:00:00,2021-08-01 03:30:00,-330.0,330.0
D1,FG-R1-expanded-q55__guard-q90-half,15,16,2021-07-26,96,1.0,True,217.0,191.7478371146267,-25.25216288537331,25.25216288537331,2021-07-26 08:30:00,2021-07-26 08:45:00,15.0,15.0
D1,FG-R1-expanded-q55__guard-q90-half,15,16,2021-07-27,96,1.0,True,211.0,193.3279961472109,-17.67200385278909,17.67200385278909,2021-07-27 11:45:00,2021-07-27 08:45:00,-180.0,180.0
D1,FG-R1-expanded-q55__guard-q90-half,15,16,2021-07-28,96,1.0,True,212.0,204.17129841464333,-7.828701585356669,7.828701585356669,2021-07-28 12:00:00,2021-07-28 08:45:00,-195.0,195.0
D1,FG-R1-expanded-q55__guard-q90-half,15,16,2021-07-29,96,1.0,True,211.0,198.97017857773528,-12.029821422264718,12.029821422264718,2021-07-29 12:00:00,2021-07-29 11:45:00,-15.0,15.0
D1,FG-R1-expanded-q55__guard-q90-half,15,16,2021-07-30,96,1.0,True,212.0,202.89969403086764,-9.100305969132364,9.100305969132364,2021-07-30 12:00:00,2021-07-30 12:00:00,0.0,0.0
D1,FG-R1-expanded-q55__guard-q90-half,15,16,2021-07-31,96,1.0,True,80.0,69.45374534854773,-10.546254651452273,10.546254651452273,2021-07-31 00:00:00,2021-07-31 01:45:00,105.0,105.0
D1,FG-R1-expanded-q55__guard-q90-half,15,16,2021-08-01,96,1.0,True,28.0,34.829269009015384,6.829269009015384,6.829269009015384,2021-08-01 09:00:00,2021-08-01 03:30:00,-330.0,330.0
D2,FG-R1-expanded-q55__guard-q90-half,1,4,2021-04-19,96,1.0,True,172.0,174.5622110999781,2.5622110999781,2.5622110999781,2021-04-19 08:45:00,2021-04-19 13:15:00,270.0,270.0
D2,FG-R1-expanded-q55__guard-q90-half,1,4,2021-04-20,96,1.0,True,172.0,172.33710438244276,0.3371043824427602,0.3371043824427602,2021-04-20 08:45:00,2021-04-20 09:00:00,15.0,15.0
D2,FG-R1-expanded-q55__guard-q90-half,1,4,2021-04-21,96,1.0,True,174.0,176.1481060059745,2.148106005974512,2.148106005974512,2021-04-21 08:30:00,2021-04-21 09:00:00,30.0,30.0
D2,FG-R1-expanded-q55__guard-q90-half,1,4,2021-04-22,96,1.0,True,174.0,169.53183108630097,-4.4681689136990315,4.4681689136990315,2021-04-22 08:30:00,2021-04-22 10:30:00,120.0,120.0
D2,FG-R1-expanded-q55__guard-q90-half,1,4,2021-04-23,96,1.0,True,174.0,171.94528300932566,-2.0547169906743363,2.0547169906743363,2021-04-23 08:30:00,2021-04-23 10:30:00,120.0,120.0
D2,FG-R1-expanded-q55__guard-q90-half,1,4,2021-04-24,96,1.0,True,112.0,110.00508100006371,-1.9949189999362886,1.9949189999362886,2021-04-24 06:15:00,2021-04-24 04:30:00,-105.0,105.0
D2,FG-R1-expanded-q55__guard-q90-half,1,4,2021-04-25,96,1.0,True,25.0,47.68555732261919,22.68555732261919,22.68555732261919,2021-04-25 01:30:00,2021-04-25 00:45:00,-45.0,45.0
D2,FG-R1-expanded-q55__guard-q90-half,1,5,2021-04-19,96,1.0,True,172.0,174.6056223548609,2.6056223548609125,2.6056223548609125,2021-04-19 08:45:00,2021-04-19 13:15:00,270.0,270.0
D2,FG-R1-expanded-q55__guard-q90-half,1,5,2021-04-20,96,1.0,True,172.0,170.42772633068495,-1.5722736693150523,1.5722736693150523,2021-04-20 08:45:00,2021-04-20 09:00:00,15.0,15.0
D2,FG-R1-expanded-q55__guard-q90-half,1,5,2021-04-21,96,1.0,True,174.0,175.42808952648232,1.4280895264823243,1.4280895264823243,2021-04-21 08:30:00,2021-04-21 09:00:00,30.0,30.0
D2,FG-R1-expanded-q55__guard-q90-half,1,5,2021-04-22,96,1.0,True,174.0,168.86639529528534,-5.1336047047146565,5.1336047047146565,2021-04-22 08:30:00,2021-04-22 10:45:00,135.0,135.0
D2,FG-R1-expanded-q55__guard-q90-half,1,5,2021-04-23,96,1.0,True,174.0,171.0978621410633,-2.9021378589366975,2.9021378589366975,2021-04-23 08:30:00,2021-04-23 08:30:00,0.0,0.0
D2,FG-R1-expanded-q55__guard-q90-half,1,5,2021-04-24,96,1.0,True,112.0,109.83597547027856,-2.164024529721445,2.164024529721445,2021-04-24 06:15:00,2021-04-24 04:45:00,-90.0,90.0
D2,FG-R1-expanded-q55__guard-q90-half,1,5,2021-04-25,96,1.0,True,25.0,48.72629066002153,23.726290660021533,23.726290660021533,2021-04-25 01:30:00,2021-04-25 01:00:00,-30.0,30.0
D2,FG-R1-expanded-q55__guard-q90-half,1,6,2021-04-19,96,1.0,True,172.0,174.86544901501716,2.8654490150171625,2.8654490150171625,2021-04-19 08:45:00,2021-04-19 13:15:00,270.0,270.0
D2,FG-R1-expanded-q55__guard-q90-half,1,6,2021-04-20,96,1.0,True,172.0,167.623542370724,-4.37645762927599,4.37645762927599,2021-04-20 08:45:00,2021-04-20 08:45:00,0.0,0.0
D2,FG-R1-expanded-q55__guard-q90-half,1,6,2021-04-21,96,1.0,True,174.0,173.58037403767884,-0.4196259623211631,0.4196259623211631,2021-04-21 08:30:00,2021-04-21 09:00:00,30.0,30.0
D2,FG-R1-expanded-q55__guard-q90-half,1,6,2021-04-22,96,1.0,True,174.0,169.45023984569806,-4.549760154301936,4.549760154301936,2021-04-22 08:30:00,2021-04-22 10:30:00,120.0,120.0
D2,FG-R1-expanded-q55__guard-q90-half,1,6,2021-04-23,96,1.0,True,174.0,171.88097530940013,-2.119024690599872,2.119024690599872,2021-04-23 08:30:00,2021-04-23 08:30:00,0.0,0.0
D2,FG-R1-expanded-q55__guard-q90-half,1,6,2021-04-24,96,1.0,True,112.0,108.43140393707543,-3.56859606292457,3.56859606292457,2021-04-24 06:15:00,2021-04-24 06:15:00,0.0,0.0
D2,FG-R1-expanded-q55__guard-q90-half,1,6,2021-04-25,96,1.0,True,25.0,60.81985328530226,35.81985328530226,35.81985328530226,2021-04-25 01:30:00,2021-04-25 01:15:00,-15.0,15.0
D2,FG-R1-expanded-q55__guard-q90-half,1,7,2021-04-19,96,1.0,True,172.0,174.47039896618904,2.4703989661890375,2.4703989661890375,2021-04-19 08:45:00,2021-04-19 13:15:00,270.0,270.0
D2,FG-R1-expanded-q55__guard-q90-half,1,7,2021-04-20,96,1.0,True,172.0,167.43785816662245,-4.562141833377552,4.562141833377552,2021-04-20 08:45:00,2021-04-20 09:00:00,15.0,15.0
D2,FG-R1-expanded-q55__guard-q90-half,1,7,2021-04-21,96,1.0,True,174.0,172.62724903767884,-1.3727509623211631,1.3727509623211631,2021-04-21 08:30:00,2021-04-21 09:00:00,30.0,30.0
D2,FG-R1-expanded-q55__guard-q90-half,1,7,2021-04-22,96,1.0,True,174.0,168.23172122301972,-5.7682787769802815,5.7682787769802815,2021-04-22 08:30:00,2021-04-22 10:45:00,135.0,135.0
D2,FG-R1-expanded-q55__guard-q90-half,1,7,2021-04-23,96,1.0,True,174.0,171.37252910307566,-2.6274708969243363,2.6274708969243363,2021-04-23 08:30:00,2021-04-23 10:30:00,120.0,120.0
D2,FG-R1-expanded-q55__guard-q90-half,1,7,2021-04-24,96,1.0,True,112.0,107.4510267398098,-4.548973260190195,4.548973260190195,2021-04-24 06:15:00,2021-04-24 04:45:00,-90.0,90.0
D2,FG-R1-expanded-q55__guard-q90-half,1,7,2021-04-25,96,1.0,True,25.0,65.8603882584468,40.860388258446804,40.860388258446804,2021-04-25 01:30:00,2021-04-25 01:30:00,0.0,0.0
D2,FG-R1-expanded-q55__guard-q90-half,1,8,2021-04-19,96,1.0,True,172.0,173.80966467855737,1.8096646785573682,1.8096646785573682,2021-04-19 08:45:00,2021-04-19 13:15:00,270.0,270.0
D2,FG-R1-expanded-q55__guard-q90-half,1,8,2021-04-20,96,1.0,True,172.0,164.69748392531653,-7.302516074683467,7.302516074683467,2021-04-20 08:45:00,2021-04-20 11:45:00,180.0,180.0
D2,FG-R1-expanded-q55__guard-q90-half,1,8,2021-04-21,96,1.0,True,174.0,174.57558098156045,0.5755809815604493,0.5755809815604493,2021-04-21 08:30:00,2021-04-21 09:00:00,30.0,30.0
D2,FG-R1-expanded-q55__guard-q90-half,1,8,2021-04-22,96,1.0,True,174.0,170.39175855229365,-3.608241447706348,3.608241447706348,2021-04-22 08:30:00,2021-04-22 08:30:00,0.0,0.0
D2,FG-R1-expanded-q55__guard-q90-half,1,8,2021-04-23,96,1.0,True,174.0,173.1078735027595,-0.892126497240497,0.892126497240497,2021-04-23 08:30:00,2021-04-23 08:30:00,0.0,0.0
D2,FG-R1-expanded-q55__guard-q90-half,1,8,2021-04-24,96,1.0,True,112.0,106.8394773623684,-5.160522637631601,5.160522637631601,2021-04-24 06:15:00,2021-04-24 02:30:00,-225.0,225.0
D2,FG-R1-expanded-q55__guard-q90-half,1,8,2021-04-25,96,1.0,True,25.0,67.13527579796099,42.135275797960986,42.135275797960986,2021-04-25 01:30:00,2021-04-25 01:45:00,15.0,15.0
D2,FG-R1-expanded-q55__guard-q90-half,1,9,2021-04-19,96,1.0,True,172.0,173.94049353597924,1.9404935359792432,1.9404935359792432,2021-04-19 08:45:00,2021-04-19 13:15:00,270.0,270.0
D2,FG-R1-expanded-q55__guard-q90-half,1,9,2021-04-20,96,1.0,True,172.0,165.37163248488685,-6.628367515113155,6.628367515113155,2021-04-20 08:45:00,2021-04-20 12:00:00,195.0,195.0
D2,FG-R1-expanded-q55__guard-q90-half,1,9,2021-04-21,96,1.0,True,174.0,174.38100090343545,0.38100090343544935,0.38100090343544935,2021-04-21 08:30:00,2021-04-21 09:00:00,30.0,30.0
D2,FG-R1-expanded-q55__guard-q90-half,1,9,2021-04-22,96,1.0,True,174.0,170.12271558354365,-3.877284416456348,3.877284416456348,2021-04-22 08:30:00,2021-04-22 08:30:00,0.0,0.0
D2,FG-R1-expanded-q55__guard-q90-half,1,9,2021-04-23,96,1.0,True,174.0,171.90523902004185,-2.094760979958153,2.094760979958153,2021-04-23 08:30:00,2021-04-23 10:30:00,120.0,120.0
D2,FG-R1-expanded-q55__guard-q90-half,1,9,2021-04-24,96,1.0,True,112.0,108.40941602203637,-3.5905839779636324,3.5905839779636324,2021-04-24 06:15:00,2021-04-24 04:45:00,-90.0,90.0
D2,FG-R1-expanded-q55__guard-q90-half,1,9,2021-04-25,96,1.0,True,25.0,63.85770316612504,38.85770316612504,38.85770316612504,2021-04-25 01:30:00,2021-04-25 02:00:00,30.0,30.0
D2,FG-R1-expanded-q55__guard-q90-half,1,10,2021-04-19,96,1.0,True,172.0,177.25343424450935,5.25343424450935,5.25343424450935,2021-04-19 08:45:00,2021-04-19 13:15:00,270.0,270.0
D2,FG-R1-expanded-q55__guard-q90-half,1,10,2021-04-20,96,1.0,True,172.0,165.44179239699622,-6.55820760300378,6.55820760300378,2021-04-20 08:45:00,2021-04-20 11:15:00,150.0,150.0
D2,FG-R1-expanded-q55__guard-q90-half,1,10,2021-04-21,96,1.0,True,174.0,175.7729076417167,1.7729076417166993,1.7729076417166993,2021-04-21 08:30:00,2021-04-21 09:00:00,30.0,30.0
D2,FG-R1-expanded-q55__guard-q90-half,1,10,2021-04-22,96,1.0,True,174.0,169.5184338695041,-4.4815661304959065,4.4815661304959065,2021-04-22 08:30:00,2021-04-22 11:00:00,150.0,150.0
D2,FG-R1-expanded-q55__guard-q90-half,1,10,2021-04-23,96,1.0,True,174.0,173.74022823908763,-0.259771760912372,0.259771760912372,2021-04-23 08:30:00,2021-04-23 08:30:00,0.0,0.0
D2,FG-R1-expanded-q55__guard-q90-half,1,10,2021-04-24,96,1.0,True,112.0,111.61644114185958,-0.3835588581404181,0.3835588581404181,2021-04-24 06:15:00,2021-04-24 04:45:00,-90.0,90.0
D2,FG-R1-expanded-q55__guard-q90-half,1,10,2021-04-25,96,1.0,True,25.0,63.26517768394731,38.26517768394731,38.26517768394731,2021-04-25 01:30:00,2021-04-25 02:15:00,45.0,45.0
D2,FG-R1-expanded-q55__guard-q90-half,1,11,2021-04-19,96,1.0,True,172.0,175.5388956702906,3.5388956702906,3.5388956702906,2021-04-19 08:45:00,2021-04-19 13:15:00,270.0,270.0
D2,FG-R1-expanded-q55__guard-q90-half,1,11,2021-04-20,96,1.0,True,172.0,163.7800950093009,-8.219904990699092,8.219904990699092,2021-04-20 08:45:00,2021-04-20 12:00:00,195.0,195.0
D2,FG-R1-expanded-q55__guard-q90-half,1,11,2021-04-21,96,1.0,True,174.0,175.18483391124795,1.1848339112479493,1.1848339112479493,2021-04-21 08:30:00,2021-04-21 09:00:00,30.0,30.0
D2,FG-R1-expanded-q55__guard-q90-half,1,11,2021-04-22,96,1.0,True,174.0,168.77268635719477,-5.227313642805228,5.227313642805228,2021-04-22 08:30:00,2021-04-22 08:30:00,0.0,0.0
D2,FG-R1-expanded-q55__guard-q90-half,1,11,2021-04-23,96,1.0,True,174.0,170.2510603832508,-3.7489396167491975,3.7489396167491975,2021-04-23 08:30:00,2021-04-23 08:30:00,0.0,0.0
D2,FG-R1-expanded-q55__guard-q90-half,1,11,2021-04-24,96,1.0,True,112.0,111.02166117359786,-0.9783388264021369,0.9783388264021369,2021-04-24 06:15:00,2021-04-24 04:45:00,-90.0,90.0
D2,FG-R1-expanded-q55__guard-q90-half,1,11,2021-04-25,96,1.0,True,25.0,63.2272481490352,38.2272481490352,38.2272481490352,2021-04-25 01:30:00,2021-04-25 02:30:00,60.0,60.0
D2,FG-R1-expanded-q55__guard-q90-half,1,12,2021-04-19,96,1.0,True,172.0,173.90659771270907,1.9065977127090719,1.9065977127090719,2021-04-19 08:45:00,2021-04-19 13:15:00,270.0,270.0
D2,FG-R1-expanded-q55__guard-q90-half,1,12,2021-04-20,96,1.0,True,172.0,164.3528946919181,-7.647105308081905,7.647105308081905,2021-04-20 08:45:00,2021-04-20 11:45:00,180.0,180.0
D2,FG-R1-expanded-q55__guard-q90-half,1,12,2021-04-21,96,1.0,True,174.0,175.16579094249795,1.1657909424979493,1.1657909424979493,2021-04-21 08:30:00,2021-04-21 09:00:00,30.0,30.0
D2,FG-R1-expanded-q55__guard-q90-half,1,12,2021-04-22,96,1.0,True,174.0,169.38381611793696,-4.616183882063041,4.616183882063041,2021-04-22 08:30:00,2021-04-22 08:30:00,0.0,0.0
D2,FG-R1-expanded-q55__guard-q90-half,1,12,2021-04-23,96,1.0,True,174.0,171.02511206691685,-2.974887933083153,2.974887933083153,2021-04-23 08:30:00,2021-04-23 10:45:00,135.0,135.0
D2,FG-R1-expanded-q55__guard-q90-half,1,12,2021-04-24,96,1.0,True,112.0,110.51243723560958,-1.4875627643904181,1.4875627643904181,2021-04-24 06:15:00,2021-04-24 04:45:00,-90.0,90.0
D2,FG-R1-expanded-q55__guard-q90-half,1,12,2021-04-25,96,1.0,True,25.0,63.40305228721879,38.40305228721879,38.40305228721879,2021-04-25 01:30:00,2021-04-25 02:45:00,75.0,75.0
D2,FG-R1-expanded-q55__guard-q90-half,1,13,2021-04-19,96,1.0,True,172.0,172.2918821365372,0.29188213653719686,0.29188213653719686,2021-04-19 08:45:00,2021-04-19 13:15:00,270.0,270.0
D2,FG-R1-expanded-q55__guard-q90-half,1,13,2021-04-20,96,1.0,True,172.0,163.7921639303718,-8.2078360696282,8.2078360696282,2021-04-20 08:45:00,2021-04-20 11:00:00,135.0,135.0
D2,FG-R1-expanded-q55__guard-q90-half,1,13,2021-04-21,96,1.0,True,174.0,172.24466541951477,-1.7553345804852256,1.7553345804852256,2021-04-21 08:30:00,2021-04-21 09:00:00,30.0,30.0
D2,FG-R1-expanded-q55__guard-q90-half,1,13,2021-04-22,96,1.0,True,174.0,170.0916197652179,-3.9083802347821006,3.9083802347821006,2021-04-22 08:30:00,2021-04-22 11:00:00,150.0,150.0
D2,FG-R1-expanded-q55__guard-q90-half,1,13,2021-04-23,96,1.0,True,174.0,171.85979793313714,-2.140202066862855,2.140202066862855,2021-04-23 08:30:00,2021-04-23 11:00:00,150.0,150.0
D2,FG-R1-expanded-q55__guard-q90-half,1,13,2021-04-24,96,1.0,True,112.0,110.06833780934005,-1.9316621906599494,1.9316621906599494,2021-04-24 06:15:00,2021-04-24 04:45:00,-90.0,90.0
D2,FG-R1-expanded-q55__guard-q90-half,1,13,2021-04-25,96,1.0,True,25.0,60.850611643908245,35.850611643908245,35.850611643908245,2021-04-25 01:30:00,2021-04-25 03:00:00,90.0,90.0
D2,FG-R1-expanded-q55__guard-q90-half,1,14,2021-04-19,96,1.0,True,172.0,172.719814875795,0.7198148757950094,0.7198148757950094,2021-04-19 08:45:00,2021-04-19 13:15:00,270.0,270.0
D2,FG-R1-expanded-q55__guard-q90-half,1,14,2021-04-20,96,1.0,True,172.0,165.99457508556776,-6.00542491443224,6.00542491443224,2021-04-20 08:45:00,2021-04-20 09:00:00,15.0,15.0
D2,FG-R1-expanded-q55__guard-q90-half,1,14,2021-04-21,96,1.0,True,174.0,173.67205526851603,-0.3279447314839672,0.3279447314839672,2021-04-21 08:30:00,2021-04-21 12:00:00,210.0,210.0
D2,FG-R1-expanded-q55__guard-q90-half,1,14,2021-04-22,96,1.0,True,174.0,169.8806364888507,-4.119363511149288,4.119363511149288,2021-04-22 08:30:00,2021-04-22 10:45:00,135.0,135.0
D2,FG-R1-expanded-q55__guard-q90-half,1,14,2021-04-23,96,1.0,True,174.0,170.4778098208231,-3.522190179176903,3.522190179176903,2021-04-23 08:30:00,2021-04-23 10:30:00,120.0,120.0
D2,FG-R1-expanded-q55__guard-q90-half,1,14,2021-04-24,96,1.0,True,112.0,109.72664080097465,-2.27335919902535,2.27335919902535,2021-04-24 06:15:00,2021-04-24 04:45:00,-90.0,90.0
D2,FG-R1-expanded-q55__guard-q90-half,1,14,2021-04-25,96,1.0,True,25.0,55.11099906456254,30.11099906456254,30.11099906456254,2021-04-25 01:30:00,2021-04-25 03:15:00,105.0,105.0
D2,FG-R1-expanded-q55__guard-q90-half,1,15,2021-04-19,96,1.0,True,172.0,169.10091839142,-2.8990816085799906,2.8990816085799906,2021-04-19 08:45:00,2021-04-19 13:15:00,270.0,270.0
D2,FG-R1-expanded-q55__guard-q90-half,1,15,2021-04-20,96,1.0,True,172.0,164.27672203584055,-7.7232779641594504,7.7232779641594504,2021-04-20 08:45:00,2021-04-20 11:45:00,180.0,180.0
D2,FG-R1-expanded-q55__guard-q90-half,1,15,2021-04-21,96,1.0,True,174.0,173.13599073002803,-0.864009269971973,0.864009269971973,2021-04-21 08:30:00,2021-04-21 12:00:00,210.0,210.0
D2,FG-R1-expanded-q55__guard-q90-half,1,15,2021-04-22,96,1.0,True,174.0,168.48747852986634,-5.512521470133663,5.512521470133663,2021-04-22 08:30:00,2021-04-22 11:00:00,150.0,150.0
D2,FG-R1-expanded-q55__guard-q90-half,1,15,2021-04-23,96,1.0,True,174.0,170.19929114406528,-3.8007088559347153,3.8007088559347153,2021-04-23 08:30:00,2021-04-23 10:30:00,120.0,120.0
D2,FG-R1-expanded-q55__guard-q90-half,1,15,2021-04-24,96,1.0,True,112.0,109.1550062319973,-2.844993768002695,2.844993768002695,2021-04-24 06:15:00,2021-04-24 04:45:00,-90.0,90.0
D2,FG-R1-expanded-q55__guard-q90-half,1,15,2021-04-25,96,1.0,True,25.0,58.98017402183793,33.98017402183793,33.98017402183793,2021-04-25 01:30:00,2021-04-25 03:30:00,120.0,120.0
D2,FG-R1-expanded-q55__guard-q90-half,1,16,2021-04-19,96,1.0,True,172.0,173.09710369415438,1.0971036941543844,1.0971036941543844,2021-04-19 08:45:00,2021-04-19 13:15:00,270.0,270.0
D2,FG-R1-expanded-q55__guard-q90-half,1,16,2021-04-20,96,1.0,True,172.0,164.92540367646555,-7.0745963235344504,7.0745963235344504,2021-04-20 08:45:00,2021-04-20 11:45:00,180.0,180.0
D2,FG-R1-expanded-q55__guard-q90-half,1,16,2021-04-21,96,1.0,True,174.0,171.98479138920771,-2.0152086107922855,2.0152086107922855,2021-04-21 08:30:00,2021-04-21 12:00:00,210.0,210.0
D2,FG-R1-expanded-q55__guard-q90-half,1,16,2021-04-22,96,1.0,True,174.0,170.2229200513171,-3.7770799486829105,3.7770799486829105,2021-04-22 08:30:00,2021-04-22 08:30:00,0.0,0.0
D2,FG-R1-expanded-q55__guard-q90-half,1,16,2021-04-23,96,1.0,True,174.0,172.8151812339184,-1.1848187660816052,1.1848187660816052,2021-04-23 08:30:00,2021-04-23 10:30:00,120.0,120.0
D2,FG-R1-expanded-q55__guard-q90-half,1,16,2021-04-24,96,1.0,True,112.0,111.77436048004418,-0.22563951995581988,0.22563951995581988,2021-04-24 06:15:00,2021-04-24 04:45:00,-90.0,90.0
D2,FG-R1-expanded-q55__guard-q90-half,1,16,2021-04-25,96,1.0,True,25.0,58.69348807823442,33.69348807823442,33.69348807823442,2021-04-25 01:30:00,2021-04-25 03:45:00,135.0,135.0
D2,FG-R1-expanded-q55__guard-q90-half,3,4,2021-05-05,95,0.9895833333333334,False,120.0,168.8510066973945,48.851006697394496,48.851006697394496,2021-05-05 04:15:00,2021-05-05 08:30:00,255.0,255.0
D2,FG-R1-expanded-q55__guard-q90-half,3,4,2021-05-06,96,1.0,True,199.0,178.46558849469966,-20.53441150530034,20.53441150530034,2021-05-06 09:00:00,2021-05-06 12:00:00,180.0,180.0
D2,FG-R1-expanded-q55__guard-q90-half,3,4,2021-05-07,96,1.0,True,181.0,177.5102397347901,-3.4897602652098954,3.4897602652098954,2021-05-07 09:00:00,2021-05-07 08:30:00,-30.0,30.0
D2,FG-R1-expanded-q55__guard-q90-half,3,4,2021-05-08,96,1.0,True,115.0,108.40652217107167,-6.593477828928329,6.593477828928329,2021-05-08 02:00:00,2021-05-08 06:15:00,255.0,255.0
D2,FG-R1-expanded-q55__guard-q90-half,3,4,2021-05-09,96,1.0,True,184.0,177.4048311022964,-6.595168897703587,6.595168897703587,2021-05-09 09:00:00,2021-05-09 09:45:00,45.0,45.0
D2,FG-R1-expanded-q55__guard-q90-half,3,5,2021-05-05,95,0.9895833333333334,False,120.0,175.47477129405647,55.47477129405647,55.47477129405647,2021-05-05 04:15:00,2021-05-05 08:30:00,255.0,255.0
D2,FG-R1-expanded-q55__guard-q90-half,3,5,2021-05-06,96,1.0,True,199.0,180.76425041302878,-18.235749586971224,18.235749586971224,2021-05-06 09:00:00,2021-05-06 11:15:00,135.0,135.0
D2,FG-R1-expanded-q55__guard-q90-half,3,5,2021-05-07,96,1.0,True,181.0,176.35164944716865,-4.648350552831346,4.648350552831346,2021-05-07 09:00:00,2021-05-07 08:30:00,-30.0,30.0
D2,FG-R1-expanded-q55__guard-q90-half,3,5,2021-05-08,96,1.0,True,115.0,108.72044886784902,-6.279551132150985,6.279551132150985,2021-05-08 02:00:00,2021-05-08 06:15:00,255.0,255.0
D2,FG-R1-expanded-q55__guard-q90-half,3,5,2021-05-09,96,1.0,True,184.0,175.52862565796048,-8.471374342039525,8.471374342039525,2021-05-09 09:00:00,2021-05-09 09:45:00,45.0,45.0
D2,FG-R1-expanded-q55__guard-q90-half,3,6,2021-05-05,95,0.9895833333333334,False,120.0,177.3464791616801,57.346479161680094,57.346479161680094,2021-05-05 04:15:00,2021-05-05 08:30:00,255.0,255.0
D2,FG-R1-expanded-q55__guard-q90-half,3,6,2021-05-06,96,1.0,True,199.0,178.57485668317622,-20.425143316823778,20.425143316823778,2021-05-06 09:00:00,2021-05-06 12:00:00,180.0,180.0
D2,FG-R1-expanded-q55__guard-q90-half,3,6,2021-05-07,96,1.0,True,181.0,176.2724925424073,-4.727507457592708,4.727507457592708,2021-05-07 09:00:00,2021-05-07 08:30:00,-30.0,30.0
D2,FG-R1-expanded-q55__guard-q90-half,3,6,2021-05-08,96,1.0,True,115.0,111.58649070419338,-3.4135092958066195,3.4135092958066195,2021-05-08 02:00:00,2021-05-08 06:15:00,255.0,255.0
D2,FG-R1-expanded-q55__guard-q90-half,3,6,2021-05-09,96,1.0,True,184.0,174.39916901471034,-9.600830985289662,9.600830985289662,2021-05-09 09:00:00,2021-05-09 10:00:00,60.0,60.0
D2,FG-R1-expanded-q55__guard-q90-half,3,7,2021-05-05,95,0.9895833333333334,False,120.0,175.6383302540174,55.638330254017404,55.638330254017404,2021-05-05 04:15:00,2021-05-05 08:30:00,255.0,255.0
D2,FG-R1-expanded-q55__guard-q90-half,3,7,2021-05-06,96,1.0,True,199.0,179.06646874804528,-19.93353125195472,19.93353125195472,2021-05-06 09:00:00,2021-05-06 11:45:00,165.0,165.0
D2,FG-R1-expanded-q55__guard-q90-half,3,7,2021-05-07,96,1.0,True,181.0,174.91880337783272,-6.081196622167283,6.081196622167283,2021-05-07 09:00:00,2021-05-07 08:30:00,-30.0,30.0
D2,FG-R1-expanded-q55__guard-q90-half,3,7,2021-05-08,96,1.0,True,115.0,110.3798790708926,-4.620120929107401,4.620120929107401,2021-05-08 02:00:00,2021-05-08 06:15:00,255.0,255.0
D2,FG-R1-expanded-q55__guard-q90-half,3,7,2021-05-09,96,1.0,True,184.0,170.9725801257339,-13.027419874266087,13.027419874266087,2021-05-09 09:00:00,2021-05-09 10:45:00,105.0,105.0
D2,FG-R1-expanded-q55__guard-q90-half,3,8,2021-05-05,95,0.9895833333333334,False,120.0,177.98081754058634,57.980817540586344,57.980817540586344,2021-05-05 04:15:00,2021-05-05 08:30:00,255.0,255.0
D2,FG-R1-expanded-q55__guard-q90-half,3,8,2021-05-06,96,1.0,True,199.0,181.36231701032466,-17.63768298967534,17.63768298967534,2021-05-06 09:00:00,2021-05-06 12:00:00,180.0,180.0
D2,FG-R1-expanded-q55__guard-q90-half,3,8,2021-05-07,96,1.0,True,181.0,176.91925157561042,-4.080748424389583,4.080748424389583,2021-05-07 09:00:00,2021-05-07 08:30:00,-30.0,30.0
D2,FG-R1-expanded-q55__guard-q90-half,3,8,2021-05-08,96,1.0,True,115.0,110.33872611679104,-4.661273883208963,4.661273883208963,2021-05-08 02:00:00,2021-05-08 06:15:00,255.0,255.0
D2,FG-R1-expanded-q55__guard-q90-half,3,8,2021-05-09,96,1.0,True,184.0,171.52006946000765,-12.479930539992353,12.479930539992353,2021-05-09 09:00:00,2021-05-09 11:00:00,120.0,120.0
D2,FG-R1-expanded-q55__guard-q90-half,3,9,2021-05-05,95,0.9895833333333334,False,120.0,177.72993253082072,57.72993253082072,57.72993253082072,2021-05-05 04:15:00,2021-05-05 08:30:00,255.0,255.0
D2,FG-R1-expanded-q55__guard-q90-half,3,9,2021-05-06,96,1.0,True,199.0,180.9042481626684,-18.09575183733159,18.09575183733159,2021-05-06 09:00:00,2021-05-06 12:00:00,180.0,180.0
D2,FG-R1-expanded-q55__guard-q90-half,3,9,2021-05-07,96,1.0,True,181.0,178.0012065316651,-2.9987934683348954,2.9987934683348954,2021-05-07 09:00:00,2021-05-07 08:30:00,-30.0,30.0
D2,FG-R1-expanded-q55__guard-q90-half,3,9,2021-05-08,96,1.0,True,115.0,108.26924724269138,-6.730752757308622,6.730752757308622,2021-05-08 02:00:00,2021-05-08 06:15:00,255.0,255.0
D2,FG-R1-expanded-q55__guard-q90-half,3,9,2021-05-09,96,1.0,True,184.0,172.07740152808407,-11.922598471915933,11.922598471915933,2021-05-09 09:00:00,2021-05-09 11:00:00,120.0,120.0
D2,FG-R1-expanded-q55__guard-q90-half,3,10,2021-05-05,95,0.9895833333333334,False,120.0,179.37000821441447,59.37000821441447,59.37000821441447,2021-05-05 04:15:00,2021-05-05 08:30:00,255.0,255.0
D2,FG-R1-expanded-q55__guard-q90-half,3,10,2021-05-06,96,1.0,True,199.0,180.37987619338296,-18.620123806617045,18.620123806617045,2021-05-06 09:00:00,2021-05-06 13:30:00,270.0,270.0
D2,FG-R1-expanded-q55__guard-q90-half,3,10,2021-05-07,96,1.0,True,181.0,177.24438585295417,-3.755614147045833,3.755614147045833,2021-05-07 09:00:00,2021-05-07 08:30:00,-30.0,30.0
D2,FG-R1-expanded-q55__guard-q90-half,3,10,2021-05-08,96,1.0,True,115.0,111.06725252594387,-3.9327474740561286,3.9327474740561286,2021-05-08 02:00:00,2021-05-08 06:15:00,255.0,255.0
D2,FG-R1-expanded-q55__guard-q90-half,3,10,2021-05-09,96,1.0,True,184.0,171.65281046363094,-12.347189536369058,12.347189536369058,2021-05-09 09:00:00,2021-05-09 11:00:00,120.0,120.0
D2,FG-R1-expanded-q55__guard-q90-half,3,11,2021-05-05,95,0.9895833333333334,False,120.0,178.35763333648478,58.35763333648478,58.35763333648478,2021-05-05 04:15:00,2021-05-05 08:30:00,255.0,255.0
D2,FG-R1-expanded-q55__guard-q90-half,3,11,2021-05-06,96,1.0,True,199.0,181.03840344079737,-17.961596559202633,17.961596559202633,2021-05-06 09:00:00,2021-05-06 13:45:00,285.0,285.0
D2,FG-R1-expanded-q55__guard-q90-half,3,11,2021-05-07,96,1.0,True,181.0,175.2202407557624,-5.779759244237596,5.779759244237596,2021-05-07 09:00:00,2021-05-07 08:30:00,-30.0,30.0
D2,FG-R1-expanded-q55__guard-q90-half,3,11,2021-05-08,96,1.0,True,115.0,108.26373881983982,-6.736261180160184,6.736261180160184,2021-05-08 02:00:00,2021-05-08 06:15:00,255.0,255.0
D2,FG-R1-expanded-q55__guard-q90-half,3,11,2021-05-09,96,1.0,True,184.0,170.94945533289837,-13.050544667101633,13.050544667101633,2021-05-09 09:00:00,2021-05-09 11:15:00,135.0,135.0
D2,FG-R1-expanded-q55__guard-q90-half,3,12,2021-05-05,95,0.9895833333333334,False,120.0,176.19417505204265,56.19417505204265,56.19417505204265,2021-05-05 04:15:00,2021-05-05 08:30:00,255.0,255.0
D2,FG-R1-expanded-q55__guard-q90-half,3,12,2021-05-06,96,1.0,True,199.0,178.82035165725014,-20.179648342749857,20.179648342749857,2021-05-06 09:00:00,2021-05-06 13:30:00,270.0,270.0
D2,FG-R1-expanded-q55__guard-q90-half,3,12,2021-05-07,96,1.0,True,181.0,173.41532437392647,-7.584675626073533,7.584675626073533,2021-05-07 09:00:00,2021-05-07 08:30:00,-30.0,30.0
D2,FG-R1-expanded-q55__guard-q90-half,3,12,2021-05-08,96,1.0,True,115.0,107.34797472628115,-7.6520252737188486,7.6520252737188486,2021-05-08 02:00:00,2021-05-08 06:15:00,255.0,255.0
D2,FG-R1-expanded-q55__guard-q90-half,3,12,2021-05-09,96,1.0,True,184.0,169.1237058837085,-14.87629411629149,14.87629411629149,2021-05-09 09:00:00,2021-05-09 11:30:00,150.0,150.0
D2,FG-R1-expanded-q55__guard-q90-half,3,13,2021-05-05,95,0.9895833333333334,False,120.0,175.76387720048015,55.76387720048015,55.76387720048015,2021-05-05 04:15:00,2021-05-05 08:30:00,255.0,255.0
D2,FG-R1-expanded-q55__guard-q90-half,3,13,2021-05-06,96,1.0,True,199.0,179.74125378259424,-19.258746217405758,19.258746217405758,2021-05-06 09:00:00,2021-05-06 13:45:00,285.0,285.0
D2,FG-R1-expanded-q55__guard-q90-half,3,13,2021-05-07,96,1.0,True,181.0,173.26795691599463,-7.732043084005369,7.732043084005369,2021-05-07 09:00:00,2021-05-07 08:30:00,-30.0,30.0
D2,FG-R1-expanded-q55__guard-q90-half,3,13,2021-05-08,96,1.0,True,115.0,108.90182323146091,-6.098176768539091,6.098176768539091,2021-05-08 02:00:00,2021-05-08 06:15:00,255.0,255.0
D2,FG-R1-expanded-q55__guard-q90-half,3,13,2021-05-09,96,1.0,True,184.0,169.93883039542726,-14.06116960457274,14.06116960457274,2021-05-09 09:00:00,2021-05-09 11:45:00,165.0,165.0
D2,FG-R1-expanded-q55__guard-q90-half,3,14,2021-05-05,95,0.9895833333333334,False,120.0,177.3638131460551,57.363813146055094,57.363813146055094,2021-05-05 04:15:00,2021-05-05 08:30:00,255.0,255.0
D2,FG-R1-expanded-q55__guard-q90-half,3,14,2021-05-06,96,1.0,True,199.0,179.99977975783608,-19.00022024216392,19.00022024216392,2021-05-06 09:00:00,2021-05-06 13:30:00,270.0,270.0
D2,FG-R1-expanded-q55__guard-q90-half,3,14,2021-05-07,96,1.0,True,181.0,174.87849158396338,-6.121508416036619,6.121508416036619,2021-05-07 09:00:00,2021-05-07 08:30:00,-30.0,30.0
D2,FG-R1-expanded-q55__guard-q90-half,3,14,2021-05-08,96,1.0,True,115.0,107.69576418700294,-7.304235812997064,7.304235812997064,2021-05-08 02:00:00,2021-05-08 06:15:00,255.0,255.0
D2,FG-R1-expanded-q55__guard-q90-half,3,14,2021-05-09,96,1.0,True,184.0,167.07112409659914,-16.928875903400865,16.928875903400865,2021-05-09 09:00:00,2021-05-09 12:00:00,180.0,180.0
D2,FG-R1-expanded-q55__guard-q90-half,3,15,2021-05-05,95,0.9895833333333334,False,120.0,178.56624913060378,58.56624913060378,58.56624913060378,2021-05-05 04:15:00,2021-05-05 08:30:00,255.0,255.0
D2,FG-R1-expanded-q55__guard-q90-half,3,15,2021-05-06,96,1.0,True,199.0,180.1209534896255,-18.879046510374508,18.879046510374508,2021-05-06 09:00:00,2021-05-06 13:45:00,285.0,285.0
D2,FG-R1-expanded-q55__guard-q90-half,3,15,2021-05-07,96,1.0,True,181.0,175.38025011076667,-5.619749889233333,5.619749889233333,2021-05-07 09:00:00,2021-05-07 08:30:00,-30.0,30.0
D2,FG-R1-expanded-q55__guard-q90-half,3,15,2021-05-08,96,1.0,True,115.0,106.84743628989581,-8.15256371010419,8.15256371010419,2021-05-08 02:00:00,2021-05-08 06:15:00,255.0,255.0
D2,FG-R1-expanded-q55__guard-q90-half,3,15,2021-05-09,96,1.0,True,184.0,161.38815380147992,-22.611846198520084,22.611846198520084,2021-05-09 09:00:00,2021-05-09 15:00:00,360.0,360.0
D2,FG-R1-expanded-q55__guard-q90-half,3,16,2021-05-05,95,0.9895833333333334,False,120.0,178.20664806038258,58.20664806038258,58.20664806038258,2021-05-05 04:15:00,2021-05-05 08:30:00,255.0,255.0
D2,FG-R1-expanded-q55__guard-q90-half,3,16,2021-05-06,96,1.0,True,199.0,176.69682515367077,-22.303174846329227,22.303174846329227,2021-05-06 09:00:00,2021-05-06 13:45:00,285.0,285.0
D2,FG-R1-expanded-q55__guard-q90-half,3,16,2021-05-07,96,1.0,True,181.0,174.33078111662604,-6.669218883373958,6.669218883373958,2021-05-07 09:00:00,2021-05-07 08:30:00,-30.0,30.0
D2,FG-R1-expanded-q55__guard-q90-half,3,16,2021-05-08,96,1.0,True,115.0,108.00492037262356,-6.995079627376441,6.995079627376441,2021-05-08 02:00:00,2021-05-08 06:15:00,255.0,255.0
D2,FG-R1-expanded-q55__guard-q90-half,3,16,2021-05-09,96,1.0,True,184.0,158.87959936691666,-25.120400633083335,25.120400633083335,2021-05-09 09:00:00,2021-05-09 15:45:00,405.0,405.0
D2,FG-R1-expanded-q55__guard-q90-half,5,4,2021-05-17,95,0.9895833333333334,False,192.0,169.674983001287,-22.32501699871301,22.32501699871301,2021-05-17 09:00:00,2021-05-17 11:45:00,165.0,165.0
D2,FG-R1-expanded-q55__guard-q90-half,5,4,2021-05-18,1,0.010416666666666666,False,73.0,70.25708831237895,-2.7429116876210458,2.7429116876210458,2021-05-18 00:00:00,2021-05-18 00:00:00,0.0,0.0
D2,FG-R1-expanded-q55__guard-q90-half,5,4,2021-05-19,95,0.9895833333333334,False,108.0,144.96491785381065,36.96491785381065,36.96491785381065,2021-05-19 06:15:00,2021-05-19 08:15:00,120.0,120.0
D2,FG-R1-expanded-q55__guard-q90-half,5,4,2021-05-20,96,1.0,True,181.0,181.24769096328166,0.24769096328165574,0.24769096328165574,2021-05-20 13:15:00,2021-05-20 09:00:00,-255.0,255.0
D2,FG-R1-expanded-q55__guard-q90-half,5,4,2021-05-21,96,1.0,True,160.0,169.32068392489307,9.320683924893075,9.320683924893075,2021-05-21 08:30:00,2021-05-21 09:00:00,30.0,30.0
D2,FG-R1-expanded-q55__guard-q90-half,5,4,2021-05-22,96,1.0,True,112.0,104.94669253355221,-7.053307466447791,7.053307466447791,2021-05-22 06:15:00,2021-05-22 02:30:00,-225.0,225.0
D2,FG-R1-expanded-q55__guard-q90-half,5,4,2021-05-23,96,1.0,True,25.0,25.15478839400091,0.15478839400091005,0.15478839400091005,2021-05-23 03:00:00,2021-05-23 07:15:00,255.0,255.0
D2,FG-R1-expanded-q55__guard-q90-half,5,5,2021-05-17,95,0.9895833333333334,False,192.0,169.25782025785603,-22.742179742143975,22.742179742143975,2021-05-17 09:00:00,2021-05-17 13:30:00,270.0,270.0
D2,FG-R1-expanded-q55__guard-q90-half,5,5,2021-05-18,1,0.010416666666666666,False,73.0,71.47803557800395,-1.5219644219960458,1.5219644219960458,2021-05-18 00:00:00,2021-05-18 00:00:00,0.0,0.0
D2,FG-R1-expanded-q55__guard-q90-half,5,5,2021-05-19,95,0.9895833333333334,False,108.0,162.06140397343873,54.06140397343873,54.06140397343873,2021-05-19 06:15:00,2021-05-19 08:30:00,135.0,135.0
D2,FG-R1-expanded-q55__guard-q90-half,5,5,2021-05-20,96,1.0,True,181.0,181.75780681252752,0.7578068125275195,0.7578068125275195,2021-05-20 13:15:00,2021-05-20 09:00:00,-255.0,255.0
D2,FG-R1-expanded-q55__guard-q90-half,5,5,2021-05-21,96,1.0,True,160.0,168.1025622444959,8.102562244495914,8.102562244495914,2021-05-21 08:30:00,2021-05-21 09:00:00,30.0,30.0
D2,FG-R1-expanded-q55__guard-q90-half,5,5,2021-05-22,96,1.0,True,112.0,103.98453532347612,-8.015464676523877,8.015464676523877,2021-05-22 06:15:00,2021-05-22 02:15:00,-240.0,240.0
D2,FG-R1-expanded-q55__guard-q90-half,5,5,2021-05-23,96,1.0,True,25.0,29.954410118667717,4.954410118667717,4.954410118667717,2021-05-23 03:00:00,2021-05-23 07:30:00,270.0,270.0
D2,FG-R1-expanded-q55__guard-q90-half,5,6,2021-05-17,95,0.9895833333333334,False,192.0,169.45801557035603,-22.541984429643975,22.541984429643975,2021-05-17 09:00:00,2021-05-17 13:30:00,270.0,270.0
D2,FG-R1-expanded-q55__guard-q90-half,5,6,2021-05-18,1,0.010416666666666666,False,73.0,73.28367675232036,0.2836767523203605,0.2836767523203605,2021-05-18 00:00:00,2021-05-18 00:00:00,0.0,0.0
D2,FG-R1-expanded-q55__guard-q90-half,5,6,2021-05-19,95,0.9895833333333334,False,108.0,165.41670587712463,57.41670587712463,57.41670587712463,2021-05-19 06:15:00,2021-05-19 08:30:00,135.0,135.0
D2,FG-R1-expanded-q55__guard-q90-half,5,6,2021-05-20,96,1.0,True,181.0,178.36455730080877,-2.6354426991912305,2.6354426991912305,2021-05-20 13:15:00,2021-05-20 09:00:00,-255.0,255.0
D2,FG-R1-expanded-q55__guard-q90-half,5,6,2021-05-21,96,1.0,True,160.0,167.12723570640998,7.1272357064099765,7.1272357064099765,2021-05-21 08:30:00,2021-05-21 09:00:00,30.0,30.0
D2,FG-R1-expanded-q55__guard-q90-half,5,6,2021-05-22,96,1.0,True,112.0,103.78894053587847,-8.211059464121533,8.211059464121533,2021-05-22 06:15:00,2021-05-22 02:15:00,-240.0,240.0
D2,FG-R1-expanded-q55__guard-q90-half,5,6,2021-05-23,96,1.0,True,25.0,50.469024223892326,25.469024223892326,25.469024223892326,2021-05-23 03:00:00,2021-05-23 07:45:00,285.0,285.0
D2,FG-R1-expanded-q55__guard-q90-half,5,7,2021-05-17,95,0.9895833333333334,False,192.0,168.29368112140418,-23.706318878595823,23.706318878595823,2021-05-17 09:00:00,2021-05-17 11:00:00,120.0,120.0
D2,FG-R1-expanded-q55__guard-q90-half,5,7,2021-05-18,1,0.010416666666666666,False,73.0,72.15787566589458,-0.8421243341054208,0.8421243341054208,2021-05-18 00:00:00,2021-05-18 00:00:00,0.0,0.0
D2,FG-R1-expanded-q55__guard-q90-half,5,7,2021-05-19,95,0.9895833333333334,False,108.0,163.77859757695435,55.778597576954354,55.778597576954354,2021-05-19 06:15:00,2021-05-19 08:30:00,135.0,135.0
D2,FG-R1-expanded-q55__guard-q90-half,5,7,2021-05-20,96,1.0,True,181.0,178.27810030707192,-2.7218996929280763,2.7218996929280763,2021-05-20 13:15:00,2021-05-20 09:00:00,-255.0,255.0
D2,FG-R1-expanded-q55__guard-q90-half,5,7,2021-05-21,96,1.0,True,160.0,165.02535369199654,5.025353691996543,5.025353691996543,2021-05-21 08:30:00,2021-05-21 09:00:00,30.0,30.0
D2,FG-R1-expanded-q55__guard-q90-half,5,7,2021-05-22,96,1.0,True,112.0,103.67747578507203,-8.322524214927967,8.322524214927967,2021-05-22 06:15:00,2021-05-22 03:30:00,-165.0,165.0
D2,FG-R1-expanded-q55__guard-q90-half,5,7,2021-05-23,96,1.0,True,25.0,102.35518723606324,77.35518723606324,77.35518723606324,2021-05-23 03:00:00,2021-05-23 08:00:00,300.0,300.0
D2,FG-R1-expanded-q55__guard-q90-half,5,8,2021-05-17,95,0.9895833333333334,False,192.0,168.80851668439738,-23.191483315602625,23.191483315602625,2021-05-17 09:00:00,2021-05-17 11:15:00,135.0,135.0
D2,FG-R1-expanded-q55__guard-q90-half,5,8,2021-05-18,1,0.010416666666666666,False,73.0,68.16716063903911,-4.8328393609608895,4.8328393609608895,2021-05-18 00:00:00,2021-05-18 00:00:00,0.0,0.0
D2,FG-R1-expanded-q55__guard-q90-half,5,8,2021-05-19,95,0.9895833333333334,False,108.0,168.08542836596982,60.08542836596982,60.08542836596982,2021-05-19 06:15:00,2021-05-19 08:30:00,135.0,135.0
D2,FG-R1-expanded-q55__guard-q90-half,5,8,2021-05-20,96,1.0,True,181.0,179.14602022894692,-1.8539797710530763,1.8539797710530763,2021-05-20 13:15:00,2021-05-20 09:00:00,-255.0,255.0
D2,FG-R1-expanded-q55__guard-q90-half,5,8,2021-05-21,96,1.0,True,160.0,166.43686653948802,6.4368665394880225,6.4368665394880225,2021-05-21 08:30:00,2021-05-21 09:00:00,30.0,30.0
D2,FG-R1-expanded-q55__guard-q90-half,5,8,2021-05-22,96,1.0,True,112.0,103.7988370276174,-8.201162972382605,8.201162972382605,2021-05-22 06:15:00,2021-05-22 03:30:00,-165.0,165.0
D2,FG-R1-expanded-q55__guard-q90-half,5,8,2021-05-23,96,1.0,True,25.0,150.85488210531395,125.85488210531395,125.85488210531395,2021-05-23 03:00:00,2021-05-23 08:15:00,315.0,315.0
D2,FG-R1-expanded-q55__guard-q90-half,5,9,2021-05-17,95,0.9895833333333334,False,192.0,169.89723879981835,-22.102761200181646,22.102761200181646,2021-05-17 09:00:00,2021-05-17 08:30:00,-30.0,30.0
D2,FG-R1-expanded-q55__guard-q90-half,5,9,2021-05-18,1,0.010416666666666666,False,73.0,61.16711304959993,-11.832886950400074,11.832886950400074,2021-05-18 00:00:00,2021-05-18 00:00:00,0.0,0.0
D2,FG-R1-expanded-q55__guard-q90-half,5,9,2021-05-19,95,0.9895833333333334,False,108.0,169.3537984912154,61.3537984912154,61.3537984912154,2021-05-19 06:15:00,2021-05-19 08:30:00,135.0,135.0
D2,FG-R1-expanded-q55__guard-q90-half,5,9,2021-05-20,96,1.0,True,181.0,181.4908383441813,0.4908383441812987,0.4908383441812987,2021-05-20 13:15:00,2021-05-20 08:30:00,-285.0,285.0
D2,FG-R1-expanded-q55__guard-q90-half,5,9,2021-05-21,96,1.0,True,160.0,164.30420508124925,4.3042050812492505,4.3042050812492505,2021-05-21 08:30:00,2021-05-21 10:45:00,135.0,135.0
D2,FG-R1-expanded-q55__guard-q90-half,5,9,2021-05-22,96,1.0,True,112.0,102.27013451748826,-9.729865482511741,9.729865482511741,2021-05-22 06:15:00,2021-05-22 03:30:00,-165.0,165.0
D2,FG-R1-expanded-q55__guard-q90-half,5,9,2021-05-23,96,1.0,True,25.0,165.898170254036,140.898170254036,140.898170254036,2021-05-23 03:00:00,2021-05-23 08:30:00,330.0,330.0
D2,FG-R1-expanded-q55__guard-q90-half,5,10,2021-05-17,95,0.9895833333333334,False,192.0,170.62829110675574,-21.37170889324426,21.37170889324426,2021-05-17 09:00:00,2021-05-17 11:45:00,165.0,165.0
D2,FG-R1-expanded-q55__guard-q90-half,5,10,2021-05-18,1,0.010416666666666666,False,73.0,67.60636371497108,-5.393636285028919,5.393636285028919,2021-05-18 00:00:00,2021-05-18 00:00:00,0.0,0.0
D2,FG-R1-expanded-q55__guard-q90-half,5,10,2021-05-19,95,0.9895833333333334,False,108.0,169.2856612119676,61.28566121196761,61.28566121196761,2021-05-19 06:15:00,2021-05-19 08:30:00,135.0,135.0
D2,FG-R1-expanded-q55__guard-q90-half,5,10,2021-05-20,96,1.0,True,181.0,182.8502896381266,1.8502896381266112,1.8502896381266112,2021-05-20 13:15:00,2021-05-20 08:45:00,-270.0,270.0
D2,FG-R1-expanded-q55__guard-q90-half,5,10,2021-05-21,96,1.0,True,160.0,165.3977706116766,5.397770611676606,5.397770611676606,2021-05-21 08:30:00,2021-05-21 10:45:00,135.0,135.0
D2,FG-R1-expanded-q55__guard-q90-half,5,10,2021-05-22,96,1.0,True,112.0,103.9106453407361,-8.089354659263904,8.089354659263904,2021-05-22 06:15:00,2021-05-22 06:15:00,0.0,0.0
D2,FG-R1-expanded-q55__guard-q90-half,5,10,2021-05-23,96,1.0,True,25.0,167.4590833399735,142.4590833399735,142.4590833399735,2021-05-23 03:00:00,2021-05-23 08:45:00,345.0,345.0
D2,FG-R1-expanded-q55__guard-q90-half,5,11,2021-05-17,95,0.9895833333333334,False,192.0,171.1789655452323,-20.821034454767698,20.821034454767698,2021-05-17 09:00:00,2021-05-17 11:45:00,165.0,165.0
D2,FG-R1-expanded-q55__guard-q90-half,5,11,2021-05-18,1,0.010416666666666666,False,73.0,73.1104683292289,0.11046832922889394,0.11046832922889394,2021-05-18 00:00:00,2021-05-18 00:00:00,0.0,0.0
D2,FG-R1-expanded-q55__guard-q90-half,5,11,2021-05-19,95,0.9895833333333334,False,108.0,167.00888853844123,59.00888853844123,59.00888853844123,2021-05-19 06:15:00,2021-05-19 09:00:00,165.0,165.0
D2,FG-R1-expanded-q55__guard-q90-half,5,11,2021-05-20,96,1.0,True,181.0,185.0224545551188,4.022454555118799,4.022454555118799,2021-05-20 13:15:00,2021-05-20 09:00:00,-255.0,255.0
D2,FG-R1-expanded-q55__guard-q90-half,5,11,2021-05-21,96,1.0,True,160.0,166.57007285777036,6.570072857770356,6.570072857770356,2021-05-21 08:30:00,2021-05-21 10:45:00,135.0,135.0
D2,FG-R1-expanded-q55__guard-q90-half,5,11,2021-05-22,96,1.0,True,112.0,102.81350026016969,-9.18649973983031,9.18649973983031,2021-05-22 06:15:00,2021-05-22 06:30:00,15.0,15.0
D2,FG-R1-expanded-q55__guard-q90-half,5,11,2021-05-23,96,1.0,True,25.0,163.13724496106724,138.13724496106724,138.13724496106724,2021-05-23 03:00:00,2021-05-23 09:00:00,360.0,360.0
D2,FG-R1-expanded-q55__guard-q90-half,5,12,2021-05-17,95,0.9895833333333334,False,192.0,170.44960696388085,-21.550393036119146,21.550393036119146,2021-05-17 09:00:00,2021-05-17 08:30:00,-30.0,30.0
D2,FG-R1-expanded-q55__guard-q90-half,5,12,2021-05-18,1,0.010416666666666666,False,73.0,74.75476847777301,1.7547684777730126,1.7547684777730126,2021-05-18 00:00:00,2021-05-18 00:00:00,0.0,0.0
D2,FG-R1-expanded-q55__guard-q90-half,5,12,2021-05-19,95,0.9895833333333334,False,108.0,165.58802035435355,57.588020354353546,57.588020354353546,2021-05-19 06:15:00,2021-05-19 09:00:00,165.0,165.0
D2,FG-R1-expanded-q55__guard-q90-half,5,12,2021-05-20,96,1.0,True,181.0,184.9307797504313,3.9307797504312987,3.9307797504312987,2021-05-20 13:15:00,2021-05-20 09:00:00,-255.0,255.0
D2,FG-R1-expanded-q55__guard-q90-half,5,12,2021-05-21,96,1.0,True,160.0,166.65701743784848,6.657017437848481,6.657017437848481,2021-05-21 08:30:00,2021-05-21 11:00:00,150.0,150.0
D2,FG-R1-expanded-q55__guard-q90-half,5,12,2021-05-22,96,1.0,True,112.0,102.88683400040406,-9.113165999595935,9.113165999595935,2021-05-22 06:15:00,2021-05-22 04:45:00,-90.0,90.0
D2,FG-R1-expanded-q55__guard-q90-half,5,12,2021-05-23,96,1.0,True,25.0,155.58705095729076,130.58705095729076,130.58705095729076,2021-05-23 03:00:00,2021-05-23 09:15:00,375.0,375.0
D2,FG-R1-expanded-q55__guard-q90-half,5,13,2021-05-17,95,0.9895833333333334,False,192.0,172.84953982520898,-19.15046017479102,19.15046017479102,2021-05-17 09:00:00,2021-05-17 08:30:00,-30.0,30.0
D2,FG-R1-expanded-q55__guard-q90-half,5,13,2021-05-18,1,0.010416666666666666,False,73.0,78.45495616087848,5.454956160878481,5.454956160878481,2021-05-18 00:00:00,2021-05-18 00:00:00,0.0,0.0
D2,FG-R1-expanded-q55__guard-q90-half,5,13,2021-05-19,95,0.9895833333333334,False,108.0,162.81653092656373,54.81653092656373,54.81653092656373,2021-05-19 06:15:00,2021-05-19 08:30:00,135.0,135.0
D2,FG-R1-expanded-q55__guard-q90-half,5,13,2021-05-20,96,1.0,True,181.0,185.34011202582192,4.340112025821924,4.340112025821924,2021-05-20 13:15:00,2021-05-20 09:00:00,-255.0,255.0
D2,FG-R1-expanded-q55__guard-q90-half,5,13,2021-05-21,96,1.0,True,160.0,165.58338123108416,5.583381231084161,5.583381231084161,2021-05-21 08:30:00,2021-05-21 11:00:00,150.0,150.0
D2,FG-R1-expanded-q55__guard-q90-half,5,13,2021-05-22,96,1.0,True,112.0,102.28687296996051,-9.713127030039487,9.713127030039487,2021-05-22 06:15:00,2021-05-22 04:15:00,-120.0,120.0
D2,FG-R1-expanded-q55__guard-q90-half,5,13,2021-05-23,96,1.0,True,25.0,149.5814204641267,124.5814204641267,124.5814204641267,2021-05-23 03:00:00,2021-05-23 09:30:00,390.0,390.0
D2,FG-R1-expanded-q55__guard-q90-half,5,14,2021-05-17,95,0.9895833333333334,False,192.0,173.07534836542544,-18.92465163457456,18.92465163457456,2021-05-17 09:00:00,2021-05-17 08:45:00,-15.0,15.0
D2,FG-R1-expanded-q55__guard-q90-half,5,14,2021-05-18,1,0.010416666666666666,False,73.0,76.70189677367145,3.70189677367145,3.70189677367145,2021-05-18 00:00:00,2021-05-18 00:00:00,0.0,0.0
D2,FG-R1-expanded-q55__guard-q90-half,5,14,2021-05-19,95,0.9895833333333334,False,108.0,165.19005182439025,57.19005182439025,57.19005182439025,2021-05-19 06:15:00,2021-05-19 08:30:00,135.0,135.0
D2,FG-R1-expanded-q55__guard-q90-half,5,14,2021-05-20,96,1.0,True,181.0,184.887490565861,3.887490565860986,3.887490565860986,2021-05-20 13:15:00,2021-05-20 09:00:00,-255.0,255.0
D2,FG-R1-expanded-q55__guard-q90-half,5,14,2021-05-21,96,1.0,True,160.0,164.79138444218873,4.791384442188729,4.791384442188729,2021-05-21 08:30:00,2021-05-21 10:45:00,135.0,135.0
D2,FG-R1-expanded-q55__guard-q90-half,5,14,2021-05-22,96,1.0,True,112.0,102.96058665404253,-9.03941334595747,9.03941334595747,2021-05-22 06:15:00,2021-05-22 04:15:00,-120.0,120.0
D2,FG-R1-expanded-q55__guard-q90-half,5,14,2021-05-23,96,1.0,True,25.0,145.16136126002513,120.16136126002513,120.16136126002513,2021-05-23 03:00:00,2021-05-23 09:45:00,405.0,405.0
D2,FG-R1-expanded-q55__guard-q90-half,5,15,2021-05-17,95,0.9895833333333334,False,192.0,170.39723252069888,-21.60276747930112,21.60276747930112,2021-05-17 09:00:00,2021-05-17 09:00:00,0.0,0.0
D2,FG-R1-expanded-q55__guard-q90-half,5,15,2021-05-18,1,0.010416666666666666,False,73.0,78.50803385863239,5.508033858632388,5.508033858632388,2021-05-18 00:00:00,2021-05-18 00:00:00,0.0,0.0
D2,FG-R1-expanded-q55__guard-q90-half,5,15,2021-05-19,95,0.9895833333333334,False,108.0,164.85123041325744,56.85123041325744,56.85123041325744,2021-05-19 06:15:00,2021-05-19 08:30:00,135.0,135.0
D2,FG-R1-expanded-q55__guard-q90-half,5,15,2021-05-20,96,1.0,True,181.0,185.25020724066567,4.250207240665674,4.250207240665674,2021-05-20 13:15:00,2021-05-20 09:00:00,-255.0,255.0
D2,FG-R1-expanded-q55__guard-q90-half,5,15,2021-05-21,96,1.0,True,160.0,164.6323798388465,4.632379838846504,4.632379838846504,2021-05-21 08:30:00,2021-05-21 09:00:00,30.0,30.0
D2,FG-R1-expanded-q55__guard-q90-half,5,15,2021-05-22,96,1.0,True,112.0,102.18621289859601,-9.813787101403989,9.813787101403989,2021-05-22 06:15:00,2021-05-22 04:45:00,-90.0,90.0
D2,FG-R1-expanded-q55__guard-q90-half,5,15,2021-05-23,96,1.0,True,25.0,140.20461992701732,115.20461992701732,115.20461992701732,2021-05-23 03:00:00,2021-05-23 10:00:00,420.0,420.0
D2,FG-R1-expanded-q55__guard-q90-half,5,16,2021-05-17,95,0.9895833333333334,False,192.0,170.9742894054645,-21.025710594535497,21.025710594535497,2021-05-17 09:00:00,2021-05-17 09:00:00,0.0,0.0
D2,FG-R1-expanded-q55__guard-q90-half,5,16,2021-05-18,1,0.010416666666666666,False,73.0,79.12457140331153,6.124571403311535,6.124571403311535,2021-05-18 00:00:00,2021-05-18 00:00:00,0.0,0.0
D2,FG-R1-expanded-q55__guard-q90-half,5,16,2021-05-19,95,0.9895833333333334,False,108.0,164.38275507146056,56.382755071460565,56.382755071460565,2021-05-19 06:15:00,2021-05-19 08:30:00,135.0,135.0
D2,FG-R1-expanded-q55__guard-q90-half,5,16,2021-05-20,96,1.0,True,181.0,187.8070462299235,6.807046229923486,6.807046229923486,2021-05-20 13:15:00,2021-05-20 09:00:00,-255.0,255.0
D2,FG-R1-expanded-q55__guard-q90-half,5,16,2021-05-21,96,1.0,True,160.0,164.5759833544715,4.575983354471504,4.575983354471504,2021-05-21 08:30:00,2021-05-21 09:00:00,30.0,30.0
D2,FG-R1-expanded-q55__guard-q90-half,5,16,2021-05-22,96,1.0,True,112.0,103.38825452457259,-8.611745475427412,8.611745475427412,2021-05-22 06:15:00,2021-05-22 06:15:00,0.0,0.0
D2,FG-R1-expanded-q55__guard-q90-half,5,16,2021-05-23,96,1.0,True,25.0,111.93142656764232,86.93142656764232,86.93142656764232,2021-05-23 03:00:00,2021-05-23 10:15:00,435.0,435.0
D2,FG-R1-expanded-q55__guard-q90-half,7,4,2021-05-31,95,0.9895833333333334,False,172.0,168.49941723394377,-3.500582766056226,3.500582766056226,2021-05-31 10:30:00,2021-05-31 12:00:00,90.0,90.0
D2,FG-R1-expanded-q55__guard-q90-half,7,4,2021-06-01,1,0.010416666666666666,False,71.0,78.95485423580831,7.9548542358083125,7.9548542358083125,2021-06-01 00:00:00,2021-06-01 00:00:00,0.0,0.0
D2,FG-R1-expanded-q55__guard-q90-half,7,5,2021-05-31,95,0.9895833333333334,False,172.0,169.9358491187094,-2.064150881290601,2.064150881290601,2021-05-31 10:30:00,2021-05-31 11:45:00,75.0,75.0
D2,FG-R1-expanded-q55__guard-q90-half,7,5,2021-06-01,1,0.010416666666666666,False,71.0,79.39296458737081,8.392964587370813,8.392964587370813,2021-06-01 00:00:00,2021-06-01 00:00:00,0.0,0.0
D2,FG-R1-expanded-q55__guard-q90-half,7,6,2021-05-31,95,0.9895833333333334,False,172.0,168.5146302466391,-3.4853697533609136,3.4853697533609136,2021-05-31 10:30:00,2021-05-31 12:00:00,90.0,90.0
D2,FG-R1-expanded-q55__guard-q90-half,7,6,2021-06-01,1,0.010416666666666666,False,71.0,79.90445445553488,8.904454455534875,8.904454455534875,2021-06-01 00:00:00,2021-06-01 00:00:00,0.0,0.0
D2,FG-R1-expanded-q55__guard-q90-half,7,7,2021-05-31,95,0.9895833333333334,False,172.0,169.65856640386565,-2.341433596134351,2.341433596134351,2021-05-31 10:30:00,2021-05-31 09:00:00,-90.0,90.0
D2,FG-R1-expanded-q55__guard-q90-half,7,7,2021-06-01,1,0.010416666666666666,False,71.0,80.89788554684347,9.897885546843469,9.897885546843469,2021-06-01 00:00:00,2021-06-01 00:00:00,0.0,0.0
D2,FG-R1-expanded-q55__guard-q90-half,7,8,2021-05-31,95,0.9895833333333334,False,172.0,170.19472973394377,-1.805270266056226,1.805270266056226,2021-05-31 10:30:00,2021-05-31 09:00:00,-90.0,90.0
D2,FG-R1-expanded-q55__guard-q90-half,7,8,2021-06-01,1,0.010416666666666666,False,71.0,82.173772082488,11.173772082488,11.173772082488,2021-06-01 00:00:00,2021-06-01 00:00:00,0.0,0.0
D2,FG-R1-expanded-q55__guard-q90-half,7,9,2021-05-31,95,0.9895833333333334,False,172.0,171.59628002691252,-0.4037199730874761,0.4037199730874761,2021-05-31 10:30:00,2021-05-31 09:00:00,-90.0,90.0
D2,FG-R1-expanded-q55__guard-q90-half,7,9,2021-06-01,1,0.010416666666666666,False,71.0,82.42931102291769,11.429311022917688,11.429311022917688,2021-06-01 00:00:00,2021-06-01 00:00:00,0.0,0.0
D2,FG-R1-expanded-q55__guard-q90-half,7,10,2021-05-31,95,0.9895833333333334,False,172.0,173.29003613042815,1.290036130428149,1.290036130428149,2021-05-31 10:30:00,2021-05-31 09:00:00,-90.0,90.0
D2,FG-R1-expanded-q55__guard-q90-half,7,10,2021-06-01,1,0.010416666666666666,False,71.0,79.13467143551534,8.134671435515344,8.134671435515344,2021-06-01 00:00:00,2021-06-01 00:00:00,0.0,0.0
D2,FG-R1-expanded-q55__guard-q90-half,7,11,2021-05-31,95,0.9895833333333334,False,172.0,174.91482250738127,2.914822507381274,2.914822507381274,2021-05-31 10:30:00,2021-05-31 09:00:00,-90.0,90.0
D2,FG-R1-expanded-q55__guard-q90-half,7,11,2021-06-01,1,0.010416666666666666,False,71.0,76.55505107418722,5.555051074187219,5.555051074187219,2021-06-01 00:00:00,2021-06-01 00:00:00,0.0,0.0
D2,FG-R1-expanded-q55__guard-q90-half,7,12,2021-05-31,95,0.9895833333333334,False,172.0,172.20882885503752,0.2088288550375239,0.2088288550375239,2021-05-31 10:30:00,2021-05-31 09:00:00,-90.0,90.0
D2,FG-R1-expanded-q55__guard-q90-half,7,12,2021-06-01,1,0.010416666666666666,False,71.0,76.5907413818044,5.590741381804406,5.590741381804406,2021-06-01 00:00:00,2021-06-01 00:00:00,0.0,0.0
D2,FG-R1-expanded-q55__guard-q90-half,7,13,2021-05-31,95,0.9895833333333334,False,172.0,173.46957104253752,1.469571042537524,1.469571042537524,2021-05-31 10:30:00,2021-05-31 09:00:00,-90.0,90.0
D2,FG-R1-expanded-q55__guard-q90-half,7,13,2021-06-01,1,0.010416666666666666,False,71.0,79.33569835201925,8.33569835201925,8.33569835201925,2021-06-01 00:00:00,2021-06-01 00:00:00,0.0,0.0
D2,FG-R1-expanded-q55__guard-q90-half,7,14,2021-05-31,95,0.9895833333333334,False,172.0,174.3153199439047,2.3153199439047114,2.3153199439047114,2021-05-31 10:30:00,2021-05-31 09:00:00,-90.0,90.0
D2,FG-R1-expanded-q55__guard-q90-half,7,14,2021-06-01,1,0.010416666666666666,False,71.0,78.75044749752706,7.7504474975270625,7.7504474975270625,2021-06-01 00:00:00,2021-06-01 00:00:00,0.0,0.0
D2,FG-R1-expanded-q55__guard-q90-half,7,15,2021-05-31,95,0.9895833333333334,False,172.0,173.46410839605315,1.464108396053149,1.464108396053149,2021-05-31 10:30:00,2021-05-31 09:00:00,-90.0,90.0
D2,FG-R1-expanded-q55__guard-q90-half,7,15,2021-06-01,1,0.010416666666666666,False,71.0,79.1505558349294,8.150555834929406,8.150555834929406,2021-06-01 00:00:00,2021-06-01 00:00:00,0.0,0.0
D2,FG-R1-expanded-q55__guard-q90-half,7,16,2021-05-31,95,0.9895833333333334,False,172.0,171.8980836157797,-0.10191638422028859,0.10191638422028859,2021-05-31 10:30:00,2021-05-31 09:00:00,-90.0,90.0
D2,FG-R1-expanded-q55__guard-q90-half,7,16,2021-06-01,1,0.010416666666666666,False,71.0,79.69180797115988,8.691807971159875,8.691807971159875,2021-06-01 00:00:00,2021-06-01 00:00:00,0.0,0.0
D2,FG-R1-expanded-q55__guard-q90-half,9,4,2021-06-20,95,0.9895833333333334,False,28.0,24.15581512451172,-3.8441848754882812,3.8441848754882812,2021-06-20 15:15:00,2021-06-20 23:00:00,465.0,465.0
D2,FG-R1-expanded-q55__guard-q90-half,9,5,2021-06-20,95,0.9895833333333334,False,28.0,24.30297088623047,-3.6970291137695312,3.6970291137695312,2021-06-20 15:15:00,2021-06-20 23:15:00,480.0,480.0
D2,FG-R1-expanded-q55__guard-q90-half,9,6,2021-06-20,95,0.9895833333333334,False,28.0,24.169578552246094,-3.8304214477539062,3.8304214477539062,2021-06-20 15:15:00,2021-06-20 23:30:00,495.0,495.0
D2,FG-R1-expanded-q55__guard-q90-half,9,7,2021-06-20,95,0.9895833333333334,False,28.0,24.149803161621094,-3.8501968383789062,3.8501968383789062,2021-06-20 15:15:00,2021-06-20 07:00:00,-495.0,495.0
D2,FG-R1-expanded-q55__guard-q90-half,9,8,2021-06-20,95,0.9895833333333334,False,28.0,24.143035888671875,-3.856964111328125,3.856964111328125,2021-06-20 15:15:00,2021-06-20 07:15:00,-480.0,480.0
D2,FG-R1-expanded-q55__guard-q90-half,9,9,2021-06-20,95,0.9895833333333334,False,28.0,24.230934143066406,-3.7690658569335938,3.7690658569335938,2021-06-20 15:15:00,2021-06-20 07:30:00,-465.0,465.0
D2,FG-R1-expanded-q55__guard-q90-half,9,10,2021-06-20,95,0.9895833333333334,False,28.0,24.218246459960938,-3.7817535400390625,3.7817535400390625,2021-06-20 15:15:00,2021-06-20 07:45:00,-450.0,450.0
D2,FG-R1-expanded-q55__guard-q90-half,9,11,2021-06-20,95,0.9895833333333334,False,28.0,24.556556701660156,-3.4434432983398438,3.4434432983398438,2021-06-20 15:15:00,2021-06-20 18:00:00,165.0,165.0
D2,FG-R1-expanded-q55__guard-q90-half,9,12,2021-06-20,95,0.9895833333333334,False,28.0,24.717613220214844,-3.2823867797851562,3.2823867797851562,2021-06-20 15:15:00,2021-06-20 18:15:00,180.0,180.0
D2,FG-R1-expanded-q55__guard-q90-half,9,13,2021-06-20,95,0.9895833333333334,False,28.0,24.801513671875,-3.198486328125,3.198486328125,2021-06-20 15:15:00,2021-06-20 18:30:00,195.0,195.0
D2,FG-R1-expanded-q55__guard-q90-half,9,14,2021-06-20,95,0.9895833333333334,False,28.0,24.624244689941406,-3.3757553100585938,3.3757553100585938,2021-06-20 15:15:00,2021-06-20 18:45:00,210.0,210.0
D2,FG-R1-expanded-q55__guard-q90-half,9,15,2021-06-20,95,0.9895833333333334,False,28.0,24.369476318359375,-3.630523681640625,3.630523681640625,2021-06-20 15:15:00,2021-06-20 23:00:00,465.0,465.0
D2,FG-R1-expanded-q55__guard-q90-half,9,16,2021-06-20,95,0.9895833333333334,False,28.0,24.042373657226562,-3.9576263427734375,3.9576263427734375,2021-06-20 15:15:00,2021-06-20 23:15:00,480.0,480.0
D2,FG-R1-expanded-q55__guard-q90-half,11,4,2021-06-28,1,0.010416666666666666,False,24.0,24.900450541187205,0.9004505411872046,0.9004505411872046,2021-06-28 00:00:00,2021-06-28 00:00:00,0.0,0.0
D2,FG-R1-expanded-q55__guard-q90-half,11,4,2021-07-01,95,0.9895833333333334,False,206.0,183.60215818863543,-22.39784181136457,22.39784181136457,2021-07-01 14:00:00,2021-07-01 15:45:00,105.0,105.0
D2,FG-R1-expanded-q55__guard-q90-half,11,4,2021-07-02,96,1.0,True,187.0,175.85626905747944,-11.143730942520563,11.143730942520563,2021-07-02 09:15:00,2021-07-02 14:00:00,285.0,285.0
D2,FG-R1-expanded-q55__guard-q90-half,11,4,2021-07-03,96,1.0,True,112.0,112.2089936662081,0.20899366620810156,0.20899366620810156,2021-07-03 04:15:00,2021-07-03 01:45:00,-150.0,150.0
D2,FG-R1-expanded-q55__guard-q90-half,11,4,2021-07-04,96,1.0,True,28.0,24.472751019046935,-3.5272489809530647,3.5272489809530647,2021-07-04 08:30:00,2021-07-04 03:00:00,-330.0,330.0
D2,FG-R1-expanded-q55__guard-q90-half,11,5,2021-06-28,1,0.010416666666666666,False,24.0,24.733946634937205,0.7339466349372046,0.7339466349372046,2021-06-28 00:00:00,2021-06-28 00:00:00,0.0,0.0
D2,FG-R1-expanded-q55__guard-q90-half,11,5,2021-07-01,95,0.9895833333333334,False,206.0,182.26841795426043,-23.73158204573957,23.73158204573957,2021-07-01 14:00:00,2021-07-01 15:45:00,105.0,105.0
D2,FG-R1-expanded-q55__guard-q90-half,11,5,2021-07-02,96,1.0,True,187.0,178.44729995732646,-8.552700042673536,8.552700042673536,2021-07-02 09:15:00,2021-07-02 08:45:00,-30.0,30.0
D2,FG-R1-expanded-q55__guard-q90-half,11,5,2021-07-03,96,1.0,True,112.0,112.34544923899894,0.3454492389989383,0.3454492389989383,2021-07-03 04:15:00,2021-07-03 02:00:00,-135.0,135.0
D2,FG-R1-expanded-q55__guard-q90-half,11,5,2021-07-04,96,1.0,True,28.0,24.566367347828994,-3.4336326521710063,3.4336326521710063,2021-07-04 08:30:00,2021-07-04 04:00:00,-270.0,270.0
D2,FG-R1-expanded-q55__guard-q90-half,11,6,2021-06-28,1,0.010416666666666666,False,24.0,24.799132181812205,0.7991321818122046,0.7991321818122046,2021-06-28 00:00:00,2021-06-28 00:00:00,0.0,0.0
D2,FG-R1-expanded-q55__guard-q90-half,11,6,2021-07-01,95,0.9895833333333334,False,206.0,182.40957701187762,-23.590422988122384,23.590422988122384,2021-07-01 14:00:00,2021-07-01 15:45:00,105.0,105.0
D2,FG-R1-expanded-q55__guard-q90-half,11,6,2021-07-02,96,1.0,True,187.0,178.18440628056865,-8.815593719431348,8.815593719431348,2021-07-02 09:15:00,2021-07-02 09:00:00,-15.0,15.0
D2,FG-R1-expanded-q55__guard-q90-half,11,6,2021-07-03,96,1.0,True,112.0,111.57095826369996,-0.42904173630003584,0.42904173630003584,2021-07-03 04:15:00,2021-07-03 02:00:00,-135.0,135.0
D2,FG-R1-expanded-q55__guard-q90-half,11,6,2021-07-04,96,1.0,True,28.0,24.451817344261944,-3.5481826557380565,3.5481826557380565,2021-07-04 08:30:00,2021-07-04 03:30:00,-300.0,300.0
D2,FG-R1-expanded-q55__guard-q90-half,11,7,2021-06-28,1,0.010416666666666666,False,24.0,24.972479654956736,0.9724796549567358,0.9724796549567358,2021-06-28 00:00:00,2021-06-28 00:00:00,0.0,0.0
D2,FG-R1-expanded-q55__guard-q90-half,11,7,2021-07-01,95,0.9895833333333334,False,206.0,181.64353134037225,-24.35646865962775,24.35646865962775,2021-07-01 14:00:00,2021-07-01 15:45:00,105.0,105.0
D2,FG-R1-expanded-q55__guard-q90-half,11,7,2021-07-02,96,1.0,True,187.0,177.55237197881084,-9.44762802118916,9.44762802118916,2021-07-02 09:15:00,2021-07-02 09:00:00,-15.0,15.0
D2,FG-R1-expanded-q55__guard-q90-half,11,7,2021-07-03,96,1.0,True,112.0,111.01612594513647,-0.9838740548635343,0.9838740548635343,2021-07-03 04:15:00,2021-07-03 02:00:00,-135.0,135.0
D2,FG-R1-expanded-q55__guard-q90-half,11,7,2021-07-04,96,1.0,True,28.0,24.270153560780614,-3.7298464392193864,3.7298464392193864,2021-07-04 08:30:00,2021-07-04 03:45:00,-285.0,285.0
D2,FG-R1-expanded-q55__guard-q90-half,11,8,2021-06-28,1,0.010416666666666666,False,24.0,24.246102339962512,0.24610233996251196,0.24610233996251196,2021-06-28 00:00:00,2021-06-28 00:00:00,0.0,0.0
D2,FG-R1-expanded-q55__guard-q90-half,11,8,2021-07-01,95,0.9895833333333334,False,206.0,180.68941312616928,-25.310586873830715,25.310586873830715,2021-07-01 14:00:00,2021-07-01 14:00:00,0.0,0.0
D2,FG-R1-expanded-q55__guard-q90-half,11,8,2021-07-02,96,1.0,True,187.0,177.04473416949594,-9.95526583050406,9.95526583050406,2021-07-02 09:15:00,2021-07-02 11:15:00,120.0,120.0
D2,FG-R1-expanded-q55__guard-q90-half,11,8,2021-07-03,96,1.0,True,112.0,111.27139034235975,-0.7286096576402485,0.7286096576402485,2021-07-03 04:15:00,2021-07-03 02:15:00,-120.0,120.0
D2,FG-R1-expanded-q55__guard-q90-half,11,8,2021-07-04,96,1.0,True,28.0,24.60677034719163,-3.393229652808369,3.393229652808369,2021-07-04 08:30:00,2021-07-04 04:00:00,-270.0,270.0
D2,FG-R1-expanded-q55__guard-q90-half,11,9,2021-06-28,1,0.010416666666666666,False,24.0,24.375321395138293,0.3753213951382932,0.3753213951382932,2021-06-28 00:00:00,2021-06-28 00:00:00,0.0,0.0
D2,FG-R1-expanded-q55__guard-q90-half,11,9,2021-07-01,95,0.9895833333333334,False,206.0,180.43250257606346,-25.567497423936544,25.567497423936544,2021-07-01 14:00:00,2021-07-01 14:00:00,0.0,0.0
D2,FG-R1-expanded-q55__guard-q90-half,11,9,2021-07-02,96,1.0,True,187.0,178.6644130632548,-8.335586936745187,8.335586936745187,2021-07-02 09:15:00,2021-07-02 14:00:00,285.0,285.0
D2,FG-R1-expanded-q55__guard-q90-half,11,9,2021-07-03,96,1.0,True,112.0,111.00836264277675,-0.9916373572232544,0.9916373572232544,2021-07-03 04:15:00,2021-07-03 02:15:00,-120.0,120.0
D2,FG-R1-expanded-q55__guard-q90-half,11,9,2021-07-04,96,1.0,True,28.0,24.551811581669305,-3.4481884183306946,3.4481884183306946,2021-07-04 08:30:00,2021-07-04 04:00:00,-270.0,270.0
D2,FG-R1-expanded-q55__guard-q90-half,11,10,2021-06-28,1,0.010416666666666666,False,24.0,24.705000712085642,0.7050007120856421,0.7050007120856421,2021-06-28 00:00:00,2021-06-28 00:00:00,0.0,0.0
D2,FG-R1-expanded-q55__guard-q90-half,11,10,2021-07-01,95,0.9895833333333334,False,206.0,180.71355421180564,-25.286445788194357,25.286445788194357,2021-07-01 14:00:00,2021-07-01 14:00:00,0.0,0.0
D2,FG-R1-expanded-q55__guard-q90-half,11,10,2021-07-02,96,1.0,True,187.0,179.86897659306865,-7.131023406931348,7.131023406931348,2021-07-02 09:15:00,2021-07-02 09:00:00,-15.0,15.0
D2,FG-R1-expanded-q55__guard-q90-half,11,10,2021-07-03,96,1.0,True,112.0,111.07609809471778,-0.9239019052822215,0.9239019052822215,2021-07-03 04:15:00,2021-07-03 02:00:00,-135.0,135.0
D2,FG-R1-expanded-q55__guard-q90-half,11,10,2021-07-04,96,1.0,True,28.0,24.479732318385082,-3.520267681614918,3.520267681614918,2021-07-04 08:30:00,2021-07-04 17:45:00,555.0,555.0
D2,FG-R1-expanded-q55__guard-q90-half,11,11,2021-06-28,1,0.010416666666666666,False,24.0,25.00967295329658,1.0096729532965796,1.0096729532965796,2021-06-28 00:00:00,2021-06-28 00:00:00,0.0,0.0
D2,FG-R1-expanded-q55__guard-q90-half,11,11,2021-07-01,95,0.9895833333333334,False,206.0,179.5103681766494,-26.489631823350607,26.489631823350607,2021-07-01 14:00:00,2021-07-01 14:00:00,0.0,0.0
D2,FG-R1-expanded-q55__guard-q90-half,11,11,2021-07-02,96,1.0,True,187.0,180.34109878545146,-6.658901214548536,6.658901214548536,2021-07-02 09:15:00,2021-07-02 09:00:00,-15.0,15.0
D2,FG-R1-expanded-q55__guard-q90-half,11,11,2021-07-03,96,1.0,True,112.0,110.67653447971966,-1.3234655202803367,1.3234655202803367,2021-07-03 04:15:00,2021-07-03 01:45:00,-150.0,150.0
D2,FG-R1-expanded-q55__guard-q90-half,11,11,2021-07-04,96,1.0,True,28.0,24.835323138697582,-3.164676861302418,3.164676861302418,2021-07-04 08:30:00,2021-07-04 18:00:00,570.0,570.0
D2,FG-R1-expanded-q55__guard-q90-half,11,12,2021-06-28,1,0.010416666666666666,False,24.0,24.66757090251533,0.6675709025153296,0.6675709025153296,2021-06-28 00:00:00,2021-06-28 00:00:00,0.0,0.0
D2,FG-R1-expanded-q55__guard-q90-half,11,12,2021-07-01,95,0.9895833333333334,False,206.0,178.6212080203994,-27.378791979600607,27.378791979600607,2021-07-01 14:00:00,2021-07-01 14:00:00,0.0,0.0
D2,FG-R1-expanded-q55__guard-q90-half,11,12,2021-07-02,96,1.0,True,187.0,180.21371841435771,-6.786281585642286,6.786281585642286,2021-07-02 09:15:00,2021-07-02 09:00:00,-15.0,15.0
D2,FG-R1-expanded-q55__guard-q90-half,11,12,2021-07-03,96,1.0,True,112.0,112.0556436879795,0.05564368797949726,0.05564368797949726,2021-07-03 04:15:00,2021-07-03 02:00:00,-135.0,135.0
D2,FG-R1-expanded-q55__guard-q90-half,11,12,2021-07-04,96,1.0,True,28.0,25.006038470728832,-2.993961529271168,2.993961529271168,2021-07-04 08:30:00,2021-07-04 18:15:00,585.0,585.0
D2,FG-R1-expanded-q55__guard-q90-half,11,13,2021-06-28,1,0.010416666666666666,False,24.0,24.93930704753486,0.9393070475348608,0.9393070475348608,2021-06-28 00:00:00,2021-06-28 00:00:00,0.0,0.0
D2,FG-R1-expanded-q55__guard-q90-half,11,13,2021-07-01,95,0.9895833333333334,False,206.0,178.85195142860252,-27.14804857139748,27.14804857139748,2021-07-01 14:00:00,2021-07-01 14:00:00,0.0,0.0
D2,FG-R1-expanded-q55__guard-q90-half,11,13,2021-07-02,96,1.0,True,187.0,178.2400093079124,-8.759990692087598,8.759990692087598,2021-07-02 09:15:00,2021-07-02 09:00:00,-15.0,15.0
D2,FG-R1-expanded-q55__guard-q90-half,11,13,2021-07-03,96,1.0,True,112.0,114.10159862389426,2.1015986238942617,2.1015986238942617,2021-07-03 04:15:00,2021-07-03 01:45:00,-150.0,150.0
D2,FG-R1-expanded-q55__guard-q90-half,11,13,2021-07-04,96,1.0,True,28.0,25.269896662595976,-2.7301033374040244,2.7301033374040244,2021-07-04 08:30:00,2021-07-04 11:45:00,195.0,195.0
D2,FG-R1-expanded-q55__guard-q90-half,11,14,2021-06-28,1,0.010416666666666666,False,24.0,24.97006876628486,0.9700687662848608,0.9700687662848608,2021-06-28 00:00:00,2021-06-28 00:00:00,0.0,0.0
D2,FG-R1-expanded-q55__guard-q90-half,11,14,2021-07-01,95,0.9895833333333334,False,206.0,178.22206440496086,-27.77793559503914,27.77793559503914,2021-07-01 14:00:00,2021-07-01 14:00:00,0.0,0.0
D2,FG-R1-expanded-q55__guard-q90-half,11,14,2021-07-02,96,1.0,True,187.0,179.51069803092747,-7.489301969072528,7.489301969072528,2021-07-02 09:15:00,2021-07-02 09:00:00,-15.0,15.0
D2,FG-R1-expanded-q55__guard-q90-half,11,14,2021-07-03,96,1.0,True,112.0,114.61731623064308,2.617316230643084,2.617316230643084,2021-07-03 04:15:00,2021-07-03 02:00:00,-135.0,135.0
D2,FG-R1-expanded-q55__guard-q90-half,11,14,2021-07-04,96,1.0,True,28.0,25.12927164987518,-2.8707283501248213,2.8707283501248213,2021-07-04 08:30:00,2021-07-04 18:45:00,615.0,615.0
D2,FG-R1-expanded-q55__guard-q90-half,11,15,2021-06-28,1,0.010416666666666666,False,24.0,24.753737284351267,0.7537372843512671,0.7537372843512671,2021-06-28 00:00:00,2021-06-28 00:00:00,0.0,0.0
D2,FG-R1-expanded-q55__guard-q90-half,11,15,2021-07-01,95,0.9895833333333334,False,206.0,178.34536499440088,-27.65463500559912,27.65463500559912,2021-07-01 14:00:00,2021-07-01 08:45:00,-315.0,315.0
D2,FG-R1-expanded-q55__guard-q90-half,11,15,2021-07-02,96,1.0,True,187.0,179.33041886326032,-7.66958113673968,7.66958113673968,2021-07-02 09:15:00,2021-07-02 09:00:00,-15.0,15.0
D2,FG-R1-expanded-q55__guard-q90-half,11,15,2021-07-03,96,1.0,True,112.0,114.30803347307983,2.3080334730798313,2.3080334730798313,2021-07-03 04:15:00,2021-07-03 02:15:00,-120.0,120.0
D2,FG-R1-expanded-q55__guard-q90-half,11,15,2021-07-04,96,1.0,True,28.0,24.99860300973846,-3.00139699026154,3.00139699026154,2021-07-04 08:30:00,2021-07-04 15:30:00,420.0,420.0
D2,FG-R1-expanded-q55__guard-q90-half,11,16,2021-06-28,1,0.010416666666666666,False,24.0,24.549254252124705,0.5492542521247046,0.5492542521247046,2021-06-28 00:00:00,2021-06-28 00:00:00,0.0,0.0
D2,FG-R1-expanded-q55__guard-q90-half,11,16,2021-07-01,95,0.9895833333333334,False,206.0,178.08877888249992,-27.911221117500077,27.911221117500077,2021-07-01 14:00:00,2021-07-01 14:00:00,0.0,0.0
D2,FG-R1-expanded-q55__guard-q90-half,11,16,2021-07-02,96,1.0,True,187.0,178.86457120107215,-8.135428798927848,8.135428798927848,2021-07-02 09:15:00,2021-07-02 09:00:00,-15.0,15.0
D2,FG-R1-expanded-q55__guard-q90-half,11,16,2021-07-03,96,1.0,True,112.0,113.80945254046264,1.8094525404626438,1.8094525404626438,2021-07-03 04:15:00,2021-07-03 02:15:00,-120.0,120.0
D2,FG-R1-expanded-q55__guard-q90-half,11,16,2021-07-04,96,1.0,True,28.0,24.50619780193681,-3.4938021980631895,3.4938021980631895,2021-07-04 08:30:00,2021-07-04 09:45:00,75.0,75.0
D2,FG-R1-expanded-q55__guard-q90-half,13,4,2021-07-12,96,1.0,True,198.0,187.02558658159413,-10.974413418405874,10.974413418405874,2021-07-12 08:45:00,2021-07-12 11:45:00,180.0,180.0
D2,FG-R1-expanded-q55__guard-q90-half,13,4,2021-07-13,1,0.010416666666666666,False,79.0,88.06345046571032,9.063450465710318,9.063450465710318,2021-07-13 00:00:00,2021-07-13 00:00:00,0.0,0.0
D2,FG-R1-expanded-q55__guard-q90-half,13,4,2021-07-17,92,0.9583333333333334,False,110.0,108.39409080677724,-1.6059091932227574,1.6059091932227574,2021-07-17 01:30:00,2021-07-17 02:15:00,45.0,45.0
D2,FG-R1-expanded-q55__guard-q90-half,13,4,2021-07-18,96,1.0,True,28.0,25.90722559275621,-2.092774407243791,2.092774407243791,2021-07-18 01:15:00,2021-07-18 11:45:00,630.0,630.0
D2,FG-R1-expanded-q55__guard-q90-half,13,5,2021-07-12,96,1.0,True,198.0,188.87254298340946,-9.12745701659054,9.12745701659054,2021-07-12 08:45:00,2021-07-12 13:45:00,300.0,300.0
D2,FG-R1-expanded-q55__guard-q90-half,13,5,2021-07-13,1,0.010416666666666666,False,79.0,89.80238271483856,10.802382714838558,10.802382714838558,2021-07-13 00:00:00,2021-07-13 00:00:00,0.0,0.0
D2,FG-R1-expanded-q55__guard-q90-half,13,5,2021-07-17,91,0.9479166666666666,False,110.0,107.16504344078359,-2.8349565592164083,2.8349565592164083,2021-07-17 01:30:00,2021-07-17 03:45:00,135.0,135.0
D2,FG-R1-expanded-q55__guard-q90-half,13,5,2021-07-18,96,1.0,True,28.0,25.973193696841157,-2.0268063031588426,2.0268063031588426,2021-07-18 01:15:00,2021-07-18 11:45:00,630.0,630.0
D2,FG-R1-expanded-q55__guard-q90-half,13,6,2021-07-12,96,1.0,True,198.0,187.85506121188354,-10.144938788116463,10.144938788116463,2021-07-12 08:45:00,2021-07-12 13:45:00,300.0,300.0
D2,FG-R1-expanded-q55__guard-q90-half,13,6,2021-07-13,1,0.010416666666666666,False,79.0,89.46427041980232,10.464270419802318,10.464270419802318,2021-07-13 00:00:00,2021-07-13 00:00:00,0.0,0.0
D2,FG-R1-expanded-q55__guard-q90-half,13,6,2021-07-17,90,0.9375,False,110.0,108.5364322153645,-1.4635677846355009,1.4635677846355009,2021-07-17 01:30:00,2021-07-17 04:00:00,150.0,150.0
D2,FG-R1-expanded-q55__guard-q90-half,13,6,2021-07-18,96,1.0,True,28.0,26.38381549205256,-1.616184507947441,1.616184507947441,2021-07-18 01:15:00,2021-07-18 11:45:00,630.0,630.0
D2,FG-R1-expanded-q55__guard-q90-half,13,7,2021-07-12,96,1.0,True,198.0,188.6360500370825,-9.363949962917502,9.363949962917502,2021-07-12 08:45:00,2021-07-12 11:45:00,180.0,180.0
D2,FG-R1-expanded-q55__guard-q90-half,13,7,2021-07-13,1,0.010416666666666666,False,79.0,89.43979684654002,10.43979684654002,10.43979684654002,2021-07-13 00:00:00,2021-07-13 00:00:00,0.0,0.0
D2,FG-R1-expanded-q55__guard-q90-half,13,7,2021-07-17,89,0.9270833333333334,False,108.0,109.26898271906664,1.268982719066642,1.268982719066642,2021-07-17 06:00:00,2021-07-17 04:00:00,-120.0,120.0
D2,FG-R1-expanded-q55__guard-q90-half,13,7,2021-07-18,96,1.0,True,28.0,26.225064917194185,-1.7749350828058148,1.7749350828058148,2021-07-18 01:15:00,2021-07-18 08:30:00,435.0,435.0
D2,FG-R1-expanded-q55__guard-q90-half,13,8,2021-07-12,96,1.0,True,198.0,189.31494063399163,-8.685059366008375,8.685059366008375,2021-07-12 08:45:00,2021-07-12 13:45:00,300.0,300.0
D2,FG-R1-expanded-q55__guard-q90-half,13,8,2021-07-13,1,0.010416666666666666,False,79.0,89.38259920152038,10.382599201520378,10.382599201520378,2021-07-13 00:00:00,2021-07-13 00:00:00,0.0,0.0
D2,FG-R1-expanded-q55__guard-q90-half,13,8,2021-07-17,88,0.9166666666666666,False,108.0,110.11379674939334,2.1137967493933445,2.1137967493933445,2021-07-17 06:00:00,2021-07-17 04:15:00,-105.0,105.0
D2,FG-R1-expanded-q55__guard-q90-half,13,8,2021-07-18,96,1.0,True,28.0,26.546004366546743,-1.4539956334532569,1.4539956334532569,2021-07-18 01:15:00,2021-07-18 11:45:00,630.0,630.0
D2,FG-R1-expanded-q55__guard-q90-half,13,9,2021-07-12,96,1.0,True,198.0,190.08432910901485,-7.9156708909851545,7.9156708909851545,2021-07-12 08:45:00,2021-07-12 13:45:00,300.0,300.0
D2,FG-R1-expanded-q55__guard-q90-half,13,9,2021-07-13,1,0.010416666666666666,False,79.0,90.13962738946786,11.139627389467861,11.139627389467861,2021-07-13 00:00:00,2021-07-13 00:00:00,0.0,0.0
D2,FG-R1-expanded-q55__guard-q90-half,13,9,2021-07-17,87,0.90625,False,108.0,108.665294274498,0.6652942744979953,0.6652942744979953,2021-07-17 06:00:00,2021-07-17 04:15:00,-105.0,105.0
D2,FG-R1-expanded-q55__guard-q90-half,13,9,2021-07-18,96,1.0,True,28.0,26.57317004583042,-1.4268299541695804,1.4268299541695804,2021-07-18 01:15:00,2021-07-18 08:30:00,435.0,435.0
D2,FG-R1-expanded-q55__guard-q90-half,13,10,2021-07-12,96,1.0,True,198.0,190.93168830705972,-7.068311692940284,7.068311692940284,2021-07-12 08:45:00,2021-07-12 13:45:00,300.0,300.0
D2,FG-R1-expanded-q55__guard-q90-half,13,10,2021-07-13,1,0.010416666666666666,False,79.0,87.68917492759593,8.689174927595928,8.689174927595928,2021-07-13 00:00:00,2021-07-13 00:00:00,0.0,0.0
D2,FG-R1-expanded-q55__guard-q90-half,13,10,2021-07-17,86,0.8958333333333334,False,108.0,108.81720512532823,0.8172051253282291,0.8172051253282291,2021-07-17 06:00:00,2021-07-17 04:00:00,-120.0,120.0
D2,FG-R1-expanded-q55__guard-q90-half,13,10,2021-07-18,96,1.0,True,28.0,26.54013626825698,-1.4598637317430203,1.4598637317430203,2021-07-18 01:15:00,2021-07-18 11:45:00,630.0,630.0
D2,FG-R1-expanded-q55__guard-q90-half,13,11,2021-07-12,96,1.0,True,198.0,188.45775560929835,-9.542244390701654,9.542244390701654,2021-07-12 08:45:00,2021-07-12 13:45:00,300.0,300.0
D2,FG-R1-expanded-q55__guard-q90-half,13,11,2021-07-13,1,0.010416666666666666,False,79.0,85.75327006954903,6.753270069549032,6.753270069549032,2021-07-13 00:00:00,2021-07-13 00:00:00,0.0,0.0
D2,FG-R1-expanded-q55__guard-q90-half,13,11,2021-07-17,85,0.8854166666666666,False,108.0,109.45741138592862,1.4574113859286228,1.4574113859286228,2021-07-17 06:00:00,2021-07-17 04:15:00,-105.0,105.0
D2,FG-R1-expanded-q55__guard-q90-half,13,11,2021-07-18,96,1.0,True,28.0,26.75770148919301,-1.2422985108069895,1.2422985108069895,2021-07-18 01:15:00,2021-07-18 08:30:00,435.0,435.0
D2,FG-R1-expanded-q55__guard-q90-half,13,12,2021-07-12,96,1.0,True,198.0,187.45572606956807,-10.544273930431928,10.544273930431928,2021-07-12 08:45:00,2021-07-12 13:45:00,300.0,300.0
D2,FG-R1-expanded-q55__guard-q90-half,13,12,2021-07-13,1,0.010416666666666666,False,79.0,85.77525441303935,6.775254413039349,6.775254413039349,2021-07-13 00:00:00,2021-07-13 00:00:00,0.0,0.0
D2,FG-R1-expanded-q55__guard-q90-half,13,12,2021-07-17,84,0.875,False,108.0,108.83544206895927,0.8354420689592672,0.8354420689592672,2021-07-17 06:00:00,2021-07-17 04:30:00,-90.0,90.0
D2,FG-R1-expanded-q55__guard-q90-half,13,12,2021-07-18,96,1.0,True,28.0,26.88138663087643,-1.118613369123569,1.118613369123569,2021-07-18 01:15:00,2021-07-18 08:30:00,435.0,435.0
D2,FG-R1-expanded-q55__guard-q90-half,13,13,2021-07-12,96,1.0,True,198.0,188.04860558704232,-9.951394412957683,9.951394412957683,2021-07-12 08:45:00,2021-07-12 13:45:00,300.0,300.0
D2,FG-R1-expanded-q55__guard-q90-half,13,13,2021-07-13,1,0.010416666666666666,False,79.0,86.44426383564499,7.444263835644989,7.444263835644989,2021-07-13 00:00:00,2021-07-13 00:00:00,0.0,0.0
D2,FG-R1-expanded-q55__guard-q90-half,13,13,2021-07-17,83,0.8645833333333334,False,108.0,109.1712692548052,1.1712692548051962,1.1712692548051962,2021-07-17 06:00:00,2021-07-17 04:15:00,-105.0,105.0
D2,FG-R1-expanded-q55__guard-q90-half,13,13,2021-07-18,96,1.0,True,28.0,26.829132473864128,-1.170867526135872,1.170867526135872,2021-07-18 01:15:00,2021-07-18 08:30:00,435.0,435.0
D2,FG-R1-expanded-q55__guard-q90-half,13,14,2021-07-12,96,1.0,True,198.0,189.56667094293434,-8.433329057065663,8.433329057065663,2021-07-12 08:45:00,2021-07-12 13:45:00,300.0,300.0
D2,FG-R1-expanded-q55__guard-q90-half,13,14,2021-07-13,1,0.010416666666666666,False,79.0,87.22355339004866,8.223553390048664,8.223553390048664,2021-07-13 00:00:00,2021-07-13 00:00:00,0.0,0.0
D2,FG-R1-expanded-q55__guard-q90-half,13,14,2021-07-17,82,0.8541666666666666,False,108.0,109.04446761933113,1.0444676193311295,1.0444676193311295,2021-07-17 06:00:00,2021-07-17 04:15:00,-105.0,105.0
D2,FG-R1-expanded-q55__guard-q90-half,13,14,2021-07-18,96,1.0,True,28.0,27.166984632855314,-0.8330153671446858,0.8330153671446858,2021-07-18 01:15:00,2021-07-18 01:45:00,30.0,30.0
D2,FG-R1-expanded-q55__guard-q90-half,13,15,2021-07-12,96,1.0,True,198.0,188.51414562601084,-9.485854373989156,9.485854373989156,2021-07-12 08:45:00,2021-07-12 13:45:00,300.0,300.0
D2,FG-R1-expanded-q55__guard-q90-half,13,15,2021-07-13,1,0.010416666666666666,False,79.0,86.6668034668673,7.666803466867293,7.666803466867293,2021-07-13 00:00:00,2021-07-13 00:00:00,0.0,0.0
D2,FG-R1-expanded-q55__guard-q90-half,13,15,2021-07-17,81,0.84375,False,108.0,109.18184565736904,1.1818456573690383,1.1818456573690383,2021-07-17 06:00:00,2021-07-17 04:00:00,-120.0,120.0
D2,FG-R1-expanded-q55__guard-q90-half,13,15,2021-07-18,96,1.0,True,28.0,27.26405860991438,-0.7359413900856211,0.7359413900856211,2021-07-18 01:15:00,2021-07-18 11:45:00,630.0,630.0
D2,FG-R1-expanded-q55__guard-q90-half,13,16,2021-07-12,96,1.0,True,198.0,188.6592237113002,-9.3407762886998,9.3407762886998,2021-07-12 08:45:00,2021-07-12 14:00:00,315.0,315.0
D2,FG-R1-expanded-q55__guard-q90-half,13,16,2021-07-13,1,0.010416666666666666,False,79.0,86.9687393344848,7.968739334484795,7.968739334484795,2021-07-13 00:00:00,2021-07-13 00:00:00,0.0,0.0
D2,FG-R1-expanded-q55__guard-q90-half,13,16,2021-07-17,80,0.8333333333333334,False,108.0,109.22427665058554,1.2242766505855371,1.2242766505855371,2021-07-17 06:00:00,2021-07-17 04:15:00,-105.0,105.0
D2,FG-R1-expanded-q55__guard-q90-half,13,16,2021-07-18,96,1.0,True,28.0,27.181330460242208,-0.8186695397577921,0.8186695397577921,2021-07-18 01:15:00,2021-07-18 11:45:00,630.0,630.0
D2,FG-R1-expanded-q55__guard-q90-half,15,4,2021-07-26,96,1.0,True,217.0,199.14736898696952,-17.852631013030475,17.852631013030475,2021-07-26 08:30:00,2021-07-26 11:45:00,195.0,195.0
D2,FG-R1-expanded-q55__guard-q90-half,15,4,2021-07-27,96,1.0,True,211.0,197.0861636946958,-13.913836305304187,13.913836305304187,2021-07-27 11:45:00,2021-07-27 08:45:00,-180.0,180.0
D2,FG-R1-expanded-q55__guard-q90-half,15,4,2021-07-28,96,1.0,True,212.0,209.14085331114921,-2.8591466888507853,2.8591466888507853,2021-07-28 12:00:00,2021-07-28 08:45:00,-195.0,195.0
D2,FG-R1-expanded-q55__guard-q90-half,15,4,2021-07-29,96,1.0,True,211.0,200.78018058516963,-10.219819414830368,10.219819414830368,2021-07-29 12:00:00,2021-07-29 08:30:00,-210.0,210.0
D2,FG-R1-expanded-q55__guard-q90-half,15,4,2021-07-30,96,1.0,True,212.0,200.3194845254439,-11.680515474556103,11.680515474556103,2021-07-30 12:00:00,2021-07-30 08:45:00,-195.0,195.0
D2,FG-R1-expanded-q55__guard-q90-half,15,4,2021-07-31,96,1.0,True,80.0,53.43809321076865,-26.56190678923135,26.56190678923135,2021-07-31 00:00:00,2021-07-31 01:45:00,105.0,105.0
D2,FG-R1-expanded-q55__guard-q90-half,15,4,2021-08-01,96,1.0,True,28.0,33.45252240118136,5.452522401181362,5.452522401181362,2021-08-01 09:00:00,2021-08-01 00:30:00,-510.0,510.0
D2,FG-R1-expanded-q55__guard-q90-half,15,5,2021-07-26,96,1.0,True,217.0,202.20947583635274,-14.790524163647262,14.790524163647262,2021-07-26 08:30:00,2021-07-26 11:45:00,195.0,195.0
D2,FG-R1-expanded-q55__guard-q90-half,15,5,2021-07-27,96,1.0,True,211.0,195.85769990116597,-15.142300098834028,15.142300098834028,2021-07-27 11:45:00,2021-07-27 08:30:00,-195.0,195.0
D2,FG-R1-expanded-q55__guard-q90-half,15,5,2021-07-28,96,1.0,True,212.0,208.70109638442423,-3.2989036155757674,3.2989036155757674,2021-07-28 12:00:00,2021-07-28 08:45:00,-195.0,195.0
D2,FG-R1-expanded-q55__guard-q90-half,15,5,2021-07-29,96,1.0,True,211.0,200.77967859230853,-10.220321407691472,10.220321407691472,2021-07-29 12:00:00,2021-07-29 08:30:00,-210.0,210.0
D2,FG-R1-expanded-q55__guard-q90-half,15,5,2021-07-30,96,1.0,True,212.0,203.2495959767944,-8.75040402320559,8.75040402320559,2021-07-30 12:00:00,2021-07-30 11:45:00,-15.0,15.0
D2,FG-R1-expanded-q55__guard-q90-half,15,5,2021-07-31,96,1.0,True,80.0,56.96663026910217,-23.03336973089783,23.03336973089783,2021-07-31 00:00:00,2021-07-31 01:15:00,75.0,75.0
D2,FG-R1-expanded-q55__guard-q90-half,15,5,2021-08-01,96,1.0,True,28.0,33.56345312918471,5.563453129184708,5.563453129184708,2021-08-01 09:00:00,2021-08-01 01:00:00,-480.0,480.0
D2,FG-R1-expanded-q55__guard-q90-half,15,6,2021-07-26,96,1.0,True,217.0,196.89846682761535,-20.10153317238465,20.10153317238465,2021-07-26 08:30:00,2021-07-26 11:45:00,195.0,195.0
D2,FG-R1-expanded-q55__guard-q90-half,15,6,2021-07-27,96,1.0,True,211.0,195.00573129723637,-15.994268702763634,15.994268702763634,2021-07-27 11:45:00,2021-07-27 08:45:00,-180.0,180.0
D2,FG-R1-expanded-q55__guard-q90-half,15,6,2021-07-28,96,1.0,True,212.0,207.12169399375907,-4.878306006240933,4.878306006240933,2021-07-28 12:00:00,2021-07-28 08:45:00,-195.0,195.0
D2,FG-R1-expanded-q55__guard-q90-half,15,6,2021-07-29,96,1.0,True,211.0,200.23129572056368,-10.76870427943632,10.76870427943632,2021-07-29 12:00:00,2021-07-29 08:30:00,-210.0,210.0
D2,FG-R1-expanded-q55__guard-q90-half,15,6,2021-07-30,96,1.0,True,212.0,202.71173912003192,-9.288260879968078,9.288260879968078,2021-07-30 12:00:00,2021-07-30 12:00:00,0.0,0.0
D2,FG-R1-expanded-q55__guard-q90-half,15,6,2021-07-31,96,1.0,True,80.0,66.4895586952795,-13.510441304720501,13.510441304720501,2021-07-31 00:00:00,2021-07-31 01:30:00,90.0,90.0
D2,FG-R1-expanded-q55__guard-q90-half,15,6,2021-08-01,96,1.0,True,28.0,33.67727957414269,5.677279574142688,5.677279574142688,2021-08-01 09:00:00,2021-08-01 01:15:00,-465.0,465.0
D2,FG-R1-expanded-q55__guard-q90-half,15,7,2021-07-26,96,1.0,True,217.0,198.21793553248705,-18.782064467512953,18.782064467512953,2021-07-26 08:30:00,2021-07-26 11:45:00,195.0,195.0
D2,FG-R1-expanded-q55__guard-q90-half,15,7,2021-07-27,96,1.0,True,211.0,193.9022547834425,-17.097745216557513,17.097745216557513,2021-07-27 11:45:00,2021-07-27 08:45:00,-180.0,180.0
D2,FG-R1-expanded-q55__guard-q90-half,15,7,2021-07-28,96,1.0,True,212.0,203.2567570861176,-8.743242913882398,8.743242913882398,2021-07-28 12:00:00,2021-07-28 08:45:00,-195.0,195.0
D2,FG-R1-expanded-q55__guard-q90-half,15,7,2021-07-29,96,1.0,True,211.0,198.7963762540099,-12.203623745990086,12.203623745990086,2021-07-29 12:00:00,2021-07-29 08:30:00,-210.0,210.0
D2,FG-R1-expanded-q55__guard-q90-half,15,7,2021-07-30,96,1.0,True,212.0,200.74963096916744,-11.250369030832559,11.250369030832559,2021-07-30 12:00:00,2021-07-30 12:00:00,0.0,0.0
D2,FG-R1-expanded-q55__guard-q90-half,15,7,2021-07-31,96,1.0,True,80.0,68.50126392995348,-11.498736070046519,11.498736070046519,2021-07-31 00:00:00,2021-07-31 01:30:00,90.0,90.0
D2,FG-R1-expanded-q55__guard-q90-half,15,7,2021-08-01,96,1.0,True,28.0,34.02442651209915,6.024426512099147,6.024426512099147,2021-08-01 09:00:00,2021-08-01 01:45:00,-435.0,435.0
D2,FG-R1-expanded-q55__guard-q90-half,15,8,2021-07-26,96,1.0,True,217.0,200.30763695942247,-16.692363040577533,16.692363040577533,2021-07-26 08:30:00,2021-07-26 11:45:00,195.0,195.0
D2,FG-R1-expanded-q55__guard-q90-half,15,8,2021-07-27,96,1.0,True,211.0,195.64167404254005,-15.358325957459954,15.358325957459954,2021-07-27 11:45:00,2021-07-27 08:30:00,-195.0,195.0
D2,FG-R1-expanded-q55__guard-q90-half,15,8,2021-07-28,96,1.0,True,212.0,205.75680098820325,-6.243199011796747,6.243199011796747,2021-07-28 12:00:00,2021-07-28 08:30:00,-210.0,210.0
D2,FG-R1-expanded-q55__guard-q90-half,15,8,2021-07-29,96,1.0,True,211.0,200.27793316781631,-10.722066832183685,10.722066832183685,2021-07-29 12:00:00,2021-07-29 08:30:00,-210.0,210.0
D2,FG-R1-expanded-q55__guard-q90-half,15,8,2021-07-30,96,1.0,True,212.0,202.67664418034002,-9.32335581965998,9.32335581965998,2021-07-30 12:00:00,2021-07-30 11:30:00,-30.0,30.0
D2,FG-R1-expanded-q55__guard-q90-half,15,8,2021-07-31,96,1.0,True,80.0,70.16864598997377,-9.831354010026232,9.831354010026232,2021-07-31 00:00:00,2021-07-31 01:45:00,105.0,105.0
D2,FG-R1-expanded-q55__guard-q90-half,15,8,2021-08-01,96,1.0,True,28.0,35.556789644587354,7.556789644587354,7.556789644587354,2021-08-01 09:00:00,2021-08-01 02:00:00,-420.0,420.0
D2,FG-R1-expanded-q55__guard-q90-half,15,9,2021-07-26,96,1.0,True,217.0,199.51006800861765,-17.48993199138235,17.48993199138235,2021-07-26 08:30:00,2021-07-26 11:45:00,195.0,195.0
D2,FG-R1-expanded-q55__guard-q90-half,15,9,2021-07-27,96,1.0,True,211.0,196.65227530721063,-14.34772469278937,14.34772469278937,2021-07-27 11:45:00,2021-07-27 08:30:00,-195.0,195.0
D2,FG-R1-expanded-q55__guard-q90-half,15,9,2021-07-28,96,1.0,True,212.0,207.0088384338898,-4.991161566110208,4.991161566110208,2021-07-28 12:00:00,2021-07-28 08:30:00,-210.0,210.0
D2,FG-R1-expanded-q55__guard-q90-half,15,9,2021-07-29,96,1.0,True,211.0,201.06572947355093,-9.934270526449069,9.934270526449069,2021-07-29 12:00:00,2021-07-29 08:45:00,-195.0,195.0
D2,FG-R1-expanded-q55__guard-q90-half,15,9,2021-07-30,96,1.0,True,212.0,204.88283212157694,-7.117167878423061,7.117167878423061,2021-07-30 12:00:00,2021-07-30 12:00:00,0.0,0.0
D2,FG-R1-expanded-q55__guard-q90-half,15,9,2021-07-31,96,1.0,True,80.0,71.12906616279618,-8.870933837203822,8.870933837203822,2021-07-31 00:00:00,2021-07-31 01:30:00,90.0,90.0
D2,FG-R1-expanded-q55__guard-q90-half,15,9,2021-08-01,96,1.0,True,28.0,36.691708210124965,8.691708210124965,8.691708210124965,2021-08-01 09:00:00,2021-08-01 02:00:00,-420.0,420.0
D2,FG-R1-expanded-q55__guard-q90-half,15,10,2021-07-26,96,1.0,True,217.0,199.1625484054459,-17.837451594554096,17.837451594554096,2021-07-26 08:30:00,2021-07-26 11:45:00,195.0,195.0
D2,FG-R1-expanded-q55__guard-q90-half,15,10,2021-07-27,96,1.0,True,211.0,197.88733238858617,-13.112667611413826,13.112667611413826,2021-07-27 11:45:00,2021-07-27 08:30:00,-195.0,195.0
D2,FG-R1-expanded-q55__guard-q90-half,15,10,2021-07-28,96,1.0,True,212.0,208.02158408156464,-3.97841591843536,3.97841591843536,2021-07-28 12:00:00,2021-07-28 08:30:00,-210.0,210.0
D2,FG-R1-expanded-q55__guard-q90-half,15,10,2021-07-29,96,1.0,True,211.0,200.34578305391219,-10.654216946087814,10.654216946087814,2021-07-29 12:00:00,2021-07-29 08:45:00,-195.0,195.0
D2,FG-R1-expanded-q55__guard-q90-half,15,10,2021-07-30,96,1.0,True,212.0,204.79843834416505,-7.201561655834951,7.201561655834951,2021-07-30 12:00:00,2021-07-30 12:00:00,0.0,0.0
D2,FG-R1-expanded-q55__guard-q90-half,15,10,2021-07-31,96,1.0,True,80.0,71.92373793477672,-8.076262065223275,8.076262065223275,2021-07-31 00:00:00,2021-07-31 01:45:00,105.0,105.0
D2,FG-R1-expanded-q55__guard-q90-half,15,10,2021-08-01,96,1.0,True,28.0,36.19922480384415,8.199224803844153,8.199224803844153,2021-08-01 09:00:00,2021-08-01 02:00:00,-420.0,420.0
D2,FG-R1-expanded-q55__guard-q90-half,15,11,2021-07-26,96,1.0,True,217.0,202.68822907814493,-14.311770921855071,14.311770921855071,2021-07-26 08:30:00,2021-07-26 11:45:00,195.0,195.0
D2,FG-R1-expanded-q55__guard-q90-half,15,11,2021-07-27,96,1.0,True,211.0,198.40404019504354,-12.595959804956465,12.595959804956465,2021-07-27 11:45:00,2021-07-27 08:45:00,-180.0,180.0
D2,FG-R1-expanded-q55__guard-q90-half,15,11,2021-07-28,96,1.0,True,212.0,207.44240869621666,-4.55759130378334,4.55759130378334,2021-07-28 12:00:00,2021-07-28 08:45:00,-195.0,195.0
D2,FG-R1-expanded-q55__guard-q90-half,15,11,2021-07-29,96,1.0,True,211.0,199.81145125717006,-11.188548742829937,11.188548742829937,2021-07-29 12:00:00,2021-07-29 12:00:00,0.0,0.0
D2,FG-R1-expanded-q55__guard-q90-half,15,11,2021-07-30,96,1.0,True,212.0,204.36146381750982,-7.638536182490185,7.638536182490185,2021-07-30 12:00:00,2021-07-30 11:45:00,-15.0,15.0
D2,FG-R1-expanded-q55__guard-q90-half,15,11,2021-07-31,96,1.0,True,80.0,71.18630143016358,-8.813698569836419,8.813698569836419,2021-07-31 00:00:00,2021-07-31 01:45:00,105.0,105.0
D2,FG-R1-expanded-q55__guard-q90-half,15,11,2021-08-01,96,1.0,True,28.0,36.22774686480119,8.22774686480119,8.22774686480119,2021-08-01 09:00:00,2021-08-01 02:00:00,-420.0,420.0
D2,FG-R1-expanded-q55__guard-q90-half,15,12,2021-07-26,96,1.0,True,217.0,201.10208903511756,-15.897910964882442,15.897910964882442,2021-07-26 08:30:00,2021-07-26 11:45:00,195.0,195.0
D2,FG-R1-expanded-q55__guard-q90-half,15,12,2021-07-27,96,1.0,True,211.0,196.6641594576617,-14.335840542338303,14.335840542338303,2021-07-27 11:45:00,2021-07-27 08:45:00,-180.0,180.0
D2,FG-R1-expanded-q55__guard-q90-half,15,12,2021-07-28,96,1.0,True,212.0,205.95906988651868,-6.040930113481323,6.040930113481323,2021-07-28 12:00:00,2021-07-28 08:45:00,-195.0,195.0
D2,FG-R1-expanded-q55__guard-q90-half,15,12,2021-07-29,96,1.0,True,211.0,198.40611835285785,-12.593881647142155,12.593881647142155,2021-07-29 12:00:00,2021-07-29 11:45:00,-15.0,15.0
D2,FG-R1-expanded-q55__guard-q90-half,15,12,2021-07-30,96,1.0,True,212.0,204.80007211532916,-7.199927884670842,7.199927884670842,2021-07-30 12:00:00,2021-07-30 11:45:00,-15.0,15.0
D2,FG-R1-expanded-q55__guard-q90-half,15,12,2021-07-31,96,1.0,True,80.0,69.66366600728107,-10.336333992718934,10.336333992718934,2021-07-31 00:00:00,2021-07-31 01:30:00,90.0,90.0
D2,FG-R1-expanded-q55__guard-q90-half,15,12,2021-08-01,96,1.0,True,28.0,36.0710860183249,8.071086018324898,8.071086018324898,2021-08-01 09:00:00,2021-08-01 02:15:00,-405.0,405.0
D2,FG-R1-expanded-q55__guard-q90-half,15,13,2021-07-26,96,1.0,True,217.0,201.9956768499249,-15.004323150075095,15.004323150075095,2021-07-26 08:30:00,2021-07-26 11:45:00,195.0,195.0
D2,FG-R1-expanded-q55__guard-q90-half,15,13,2021-07-27,96,1.0,True,211.0,194.75533413145317,-16.244665868546832,16.244665868546832,2021-07-27 11:45:00,2021-07-27 11:45:00,0.0,0.0
D2,FG-R1-expanded-q55__guard-q90-half,15,13,2021-07-28,96,1.0,True,212.0,203.00503008659626,-8.994969913403736,8.994969913403736,2021-07-28 12:00:00,2021-07-28 08:45:00,-195.0,195.0
D2,FG-R1-expanded-q55__guard-q90-half,15,13,2021-07-29,96,1.0,True,211.0,198.3710950253378,-12.628904974662191,12.628904974662191,2021-07-29 12:00:00,2021-07-29 11:45:00,-15.0,15.0
D2,FG-R1-expanded-q55__guard-q90-half,15,13,2021-07-30,96,1.0,True,212.0,204.85749718278674,-7.142502817213256,7.142502817213256,2021-07-30 12:00:00,2021-07-30 11:45:00,-15.0,15.0
D2,FG-R1-expanded-q55__guard-q90-half,15,13,2021-07-31,96,1.0,True,80.0,70.60873657973877,-9.391263420261225,9.391263420261225,2021-07-31 00:00:00,2021-07-31 01:45:00,105.0,105.0
D2,FG-R1-expanded-q55__guard-q90-half,15,13,2021-08-01,96,1.0,True,28.0,33.88285579436976,5.88285579436976,5.88285579436976,2021-08-01 09:00:00,2021-08-01 02:15:00,-405.0,405.0
D2,FG-R1-expanded-q55__guard-q90-half,15,14,2021-07-26,96,1.0,True,217.0,195.8589133226686,-21.1410866773314,21.1410866773314,2021-07-26 08:30:00,2021-07-26 12:00:00,210.0,210.0
D2,FG-R1-expanded-q55__guard-q90-half,15,14,2021-07-27,96,1.0,True,211.0,195.36363340536622,-15.636366594633785,15.636366594633785,2021-07-27 11:45:00,2021-07-27 12:00:00,15.0,15.0
D2,FG-R1-expanded-q55__guard-q90-half,15,14,2021-07-28,96,1.0,True,212.0,204.93527176639236,-7.064728233607639,7.064728233607639,2021-07-28 12:00:00,2021-07-28 11:45:00,-15.0,15.0
D2,FG-R1-expanded-q55__guard-q90-half,15,14,2021-07-29,96,1.0,True,211.0,198.95440824440792,-12.045591755592085,12.045591755592085,2021-07-29 12:00:00,2021-07-29 12:00:00,0.0,0.0
D2,FG-R1-expanded-q55__guard-q90-half,15,14,2021-07-30,96,1.0,True,212.0,206.08613652243645,-5.913863477563552,5.913863477563552,2021-07-30 12:00:00,2021-07-30 12:00:00,0.0,0.0
D2,FG-R1-expanded-q55__guard-q90-half,15,14,2021-07-31,96,1.0,True,80.0,68.58444565156404,-11.415554348435961,11.415554348435961,2021-07-31 00:00:00,2021-07-31 01:45:00,105.0,105.0
D2,FG-R1-expanded-q55__guard-q90-half,15,14,2021-08-01,96,1.0,True,28.0,34.39864862246924,6.3986486224692385,6.3986486224692385,2021-08-01 09:00:00,2021-08-01 03:30:00,-330.0,330.0
D2,FG-R1-expanded-q55__guard-q90-half,15,15,2021-07-26,96,1.0,True,217.0,194.53467065340323,-22.465329346596775,22.465329346596775,2021-07-26 08:30:00,2021-07-26 11:45:00,195.0,195.0
D2,FG-R1-expanded-q55__guard-q90-half,15,15,2021-07-27,96,1.0,True,211.0,193.2644449518787,-17.735555048121313,17.735555048121313,2021-07-27 11:45:00,2021-07-27 08:45:00,-180.0,180.0
D2,FG-R1-expanded-q55__guard-q90-half,15,15,2021-07-28,96,1.0,True,212.0,205.05824342356854,-6.941756576431459,6.941756576431459,2021-07-28 12:00:00,2021-07-28 08:45:00,-195.0,195.0
D2,FG-R1-expanded-q55__guard-q90-half,15,15,2021-07-29,96,1.0,True,211.0,197.8395446233829,-13.160455376617108,13.160455376617108,2021-07-29 12:00:00,2021-07-29 11:45:00,-15.0,15.0
D2,FG-R1-expanded-q55__guard-q90-half,15,15,2021-07-30,96,1.0,True,212.0,205.63985054768273,-6.360149452317273,6.360149452317273,2021-07-30 12:00:00,2021-07-30 12:00:00,0.0,0.0
D2,FG-R1-expanded-q55__guard-q90-half,15,15,2021-07-31,96,1.0,True,80.0,69.31815040935585,-10.681849590644148,10.681849590644148,2021-07-31 00:00:00,2021-07-31 01:45:00,105.0,105.0
D2,FG-R1-expanded-q55__guard-q90-half,15,15,2021-08-01,96,1.0,True,28.0,34.50553314842911,6.505533148429109,6.505533148429109,2021-08-01 09:00:00,2021-08-01 03:30:00,-330.0,330.0
D2,FG-R1-expanded-q55__guard-q90-half,15,16,2021-07-26,96,1.0,True,217.0,191.7478371146267,-25.25216288537331,25.25216288537331,2021-07-26 08:30:00,2021-07-26 08:45:00,15.0,15.0
D2,FG-R1-expanded-q55__guard-q90-half,15,16,2021-07-27,96,1.0,True,211.0,193.3279961472109,-17.67200385278909,17.67200385278909,2021-07-27 11:45:00,2021-07-27 08:45:00,-180.0,180.0
D2,FG-R1-expanded-q55__guard-q90-half,15,16,2021-07-28,96,1.0,True,212.0,204.17129841464333,-7.828701585356669,7.828701585356669,2021-07-28 12:00:00,2021-07-28 08:45:00,-195.0,195.0
D2,FG-R1-expanded-q55__guard-q90-half,15,16,2021-07-29,96,1.0,True,211.0,198.97017857773528,-12.029821422264718,12.029821422264718,2021-07-29 12:00:00,2021-07-29 11:45:00,-15.0,15.0
D2,FG-R1-expanded-q55__guard-q90-half,15,16,2021-07-30,96,1.0,True,212.0,202.89969403086764,-9.100305969132364,9.100305969132364,2021-07-30 12:00:00,2021-07-30 12:00:00,0.0,0.0
D2,FG-R1-expanded-q55__guard-q90-half,15,16,2021-07-31,96,1.0,True,80.0,69.45374534854773,-10.546254651452273,10.546254651452273,2021-07-31 00:00:00,2021-07-31 01:45:00,105.0,105.0
D2,FG-R1-expanded-q55__guard-q90-half,15,16,2021-08-01,96,1.0,True,28.0,34.829269009015384,6.829269009015384,6.829269009015384,2021-08-01 09:00:00,2021-08-01 03:30:00,-330.0,330.0
