dataset,model,fold,horizon,target_day,observed_slots,slot_coverage,full_day,actual_daily_max,predicted_daily_max,daily_max_error,daily_max_abs_error,actual_peak_time,predicted_peak_time,timing_error_minutes,timing_abs_error_minutes
D1,F5-2-dlinear-c2688,0,4,2021-04-19,96,1.0,True,172.0,167.90985107421875,-4.09014892578125,4.09014892578125,2021-04-19 08:45:00,2021-04-19 14:00:00,315.0,315.0
D1,F5-2-dlinear-c2688,0,4,2021-04-20,96,1.0,True,172.0,186.8736572265625,14.8736572265625,14.8736572265625,2021-04-20 08:45:00,2021-04-20 15:45:00,420.0,420.0
D1,F5-2-dlinear-c2688,0,4,2021-04-21,96,1.0,True,174.0,198.64077758789062,24.640777587890625,24.640777587890625,2021-04-21 08:30:00,2021-04-21 08:30:00,0.0,0.0
D1,F5-2-dlinear-c2688,0,4,2021-04-22,96,1.0,True,174.0,187.13290405273438,13.132904052734375,13.132904052734375,2021-04-22 08:30:00,2021-04-22 08:30:00,0.0,0.0
D1,F5-2-dlinear-c2688,0,4,2021-04-23,96,1.0,True,174.0,176.32493591308594,2.3249359130859375,2.3249359130859375,2021-04-23 08:30:00,2021-04-23 08:30:00,0.0,0.0
D1,F5-2-dlinear-c2688,0,4,2021-04-24,96,1.0,True,112.0,102.1524887084961,-9.847511291503906,9.847511291503906,2021-04-24 06:15:00,2021-04-24 04:45:00,-90.0,90.0
D1,F5-2-dlinear-c2688,0,4,2021-04-25,96,1.0,True,25.0,47.72677230834961,22.72677230834961,22.72677230834961,2021-04-25 01:30:00,2021-04-25 09:45:00,495.0,495.0
D1,F5-2-dlinear-c2688,0,4,2021-05-03,96,1.0,True,184.0,186.39474487304688,2.394744873046875,2.394744873046875,2021-05-03 08:30:00,2021-05-03 15:00:00,390.0,390.0
D1,F5-2-dlinear-c2688,0,4,2021-05-04,96,1.0,True,181.0,193.04608154296875,12.04608154296875,12.04608154296875,2021-05-04 08:30:00,2021-05-04 08:30:00,0.0,0.0
D1,F5-2-dlinear-c2688,0,4,2021-05-05,96,1.0,True,120.0,152.28024291992188,32.280242919921875,32.280242919921875,2021-05-05 04:15:00,2021-05-05 08:30:00,255.0,255.0
D1,F5-2-dlinear-c2688,0,4,2021-05-06,96,1.0,True,199.0,167.68328857421875,-31.31671142578125,31.31671142578125,2021-05-06 09:00:00,2021-05-06 11:00:00,120.0,120.0
D1,F5-2-dlinear-c2688,0,4,2021-05-07,96,1.0,True,181.0,184.359130859375,3.359130859375,3.359130859375,2021-05-07 09:00:00,2021-05-07 10:00:00,60.0,60.0
D1,F5-2-dlinear-c2688,0,4,2021-05-08,96,1.0,True,115.0,107.00355529785156,-7.9964447021484375,7.9964447021484375,2021-05-08 02:00:00,2021-05-08 04:00:00,120.0,120.0
D1,F5-2-dlinear-c2688,0,4,2021-05-09,96,1.0,True,184.0,154.0316162109375,-29.9683837890625,29.9683837890625,2021-05-09 09:00:00,2021-05-09 12:00:00,180.0,180.0
D1,F5-2-dlinear-c2688,0,5,2021-04-19,96,1.0,True,172.0,169.58787536621094,-2.4121246337890625,2.4121246337890625,2021-04-19 08:45:00,2021-04-19 13:45:00,300.0,300.0
D1,F5-2-dlinear-c2688,0,5,2021-04-20,96,1.0,True,172.0,189.99798583984375,17.99798583984375,17.99798583984375,2021-04-20 08:45:00,2021-04-20 13:30:00,285.0,285.0
D1,F5-2-dlinear-c2688,0,5,2021-04-21,96,1.0,True,174.0,205.463623046875,31.463623046875,31.463623046875,2021-04-21 08:30:00,2021-04-21 08:30:00,0.0,0.0
D1,F5-2-dlinear-c2688,0,5,2021-04-22,96,1.0,True,174.0,188.60382080078125,14.60382080078125,14.60382080078125,2021-04-22 08:30:00,2021-04-22 08:30:00,0.0,0.0
D1,F5-2-dlinear-c2688,0,5,2021-04-23,96,1.0,True,174.0,177.98101806640625,3.98101806640625,3.98101806640625,2021-04-23 08:30:00,2021-04-23 08:30:00,0.0,0.0
D1,F5-2-dlinear-c2688,0,5,2021-04-24,96,1.0,True,112.0,100.86013793945312,-11.139862060546875,11.139862060546875,2021-04-24 06:15:00,2021-04-24 04:30:00,-105.0,105.0
D1,F5-2-dlinear-c2688,0,5,2021-04-25,96,1.0,True,25.0,49.04926300048828,24.04926300048828,24.04926300048828,2021-04-25 01:30:00,2021-04-25 10:00:00,510.0,510.0
D1,F5-2-dlinear-c2688,0,5,2021-05-03,96,1.0,True,184.0,186.76861572265625,2.76861572265625,2.76861572265625,2021-05-03 08:30:00,2021-05-03 13:15:00,285.0,285.0
D1,F5-2-dlinear-c2688,0,5,2021-05-04,96,1.0,True,181.0,194.60287475585938,13.602874755859375,13.602874755859375,2021-05-04 08:30:00,2021-05-04 08:30:00,0.0,0.0
D1,F5-2-dlinear-c2688,0,5,2021-05-05,96,1.0,True,120.0,166.88174438476562,46.881744384765625,46.881744384765625,2021-05-05 04:15:00,2021-05-05 08:30:00,255.0,255.0
D1,F5-2-dlinear-c2688,0,5,2021-05-06,96,1.0,True,199.0,169.93658447265625,-29.06341552734375,29.06341552734375,2021-05-06 09:00:00,2021-05-06 10:45:00,105.0,105.0
D1,F5-2-dlinear-c2688,0,5,2021-05-07,96,1.0,True,181.0,187.89398193359375,6.89398193359375,6.89398193359375,2021-05-07 09:00:00,2021-05-07 14:30:00,330.0,330.0
D1,F5-2-dlinear-c2688,0,5,2021-05-08,96,1.0,True,115.0,108.00518798828125,-6.99481201171875,6.99481201171875,2021-05-08 02:00:00,2021-05-08 04:15:00,135.0,135.0
D1,F5-2-dlinear-c2688,0,5,2021-05-09,96,1.0,True,184.0,147.33340454101562,-36.666595458984375,36.666595458984375,2021-05-09 09:00:00,2021-05-09 12:00:00,180.0,180.0
D1,F5-2-dlinear-c2688,0,6,2021-04-19,96,1.0,True,172.0,161.54307556152344,-10.456924438476562,10.456924438476562,2021-04-19 08:45:00,2021-04-19 14:00:00,315.0,315.0
D1,F5-2-dlinear-c2688,0,6,2021-04-20,96,1.0,True,172.0,197.2637481689453,25.263748168945312,25.263748168945312,2021-04-20 08:45:00,2021-04-20 15:45:00,420.0,420.0
D1,F5-2-dlinear-c2688,0,6,2021-04-21,96,1.0,True,174.0,198.67481994628906,24.674819946289062,24.674819946289062,2021-04-21 08:30:00,2021-04-21 08:30:00,0.0,0.0
D1,F5-2-dlinear-c2688,0,6,2021-04-22,96,1.0,True,174.0,184.34228515625,10.34228515625,10.34228515625,2021-04-22 08:30:00,2021-04-22 08:30:00,0.0,0.0
D1,F5-2-dlinear-c2688,0,6,2021-04-23,96,1.0,True,174.0,181.26434326171875,7.26434326171875,7.26434326171875,2021-04-23 08:30:00,2021-04-23 08:30:00,0.0,0.0
D1,F5-2-dlinear-c2688,0,6,2021-04-24,96,1.0,True,112.0,106.1883773803711,-5.811622619628906,5.811622619628906,2021-04-24 06:15:00,2021-04-24 03:30:00,-165.0,165.0
D1,F5-2-dlinear-c2688,0,6,2021-04-25,96,1.0,True,25.0,53.13690948486328,28.13690948486328,28.13690948486328,2021-04-25 01:30:00,2021-04-25 01:15:00,-15.0,15.0
D1,F5-2-dlinear-c2688,0,6,2021-05-03,96,1.0,True,184.0,190.32801818847656,6.3280181884765625,6.3280181884765625,2021-05-03 08:30:00,2021-05-03 14:45:00,375.0,375.0
D1,F5-2-dlinear-c2688,0,6,2021-05-04,96,1.0,True,181.0,194.8029327392578,13.802932739257812,13.802932739257812,2021-05-04 08:30:00,2021-05-04 08:30:00,0.0,0.0
D1,F5-2-dlinear-c2688,0,6,2021-05-05,96,1.0,True,120.0,166.4439697265625,46.4439697265625,46.4439697265625,2021-05-05 04:15:00,2021-05-05 08:30:00,255.0,255.0
D1,F5-2-dlinear-c2688,0,6,2021-05-06,96,1.0,True,199.0,159.9720916748047,-39.02790832519531,39.02790832519531,2021-05-06 09:00:00,2021-05-06 18:30:00,570.0,570.0
D1,F5-2-dlinear-c2688,0,6,2021-05-07,96,1.0,True,181.0,181.64215087890625,0.64215087890625,0.64215087890625,2021-05-07 09:00:00,2021-05-07 11:15:00,135.0,135.0
D1,F5-2-dlinear-c2688,0,6,2021-05-08,96,1.0,True,115.0,107.63626098632812,-7.363739013671875,7.363739013671875,2021-05-08 02:00:00,2021-05-08 06:15:00,255.0,255.0
D1,F5-2-dlinear-c2688,0,6,2021-05-09,96,1.0,True,184.0,151.04177856445312,-32.958221435546875,32.958221435546875,2021-05-09 09:00:00,2021-05-09 13:15:00,255.0,255.0
D1,F5-2-dlinear-c2688,0,7,2021-04-19,96,1.0,True,172.0,175.90802001953125,3.90802001953125,3.90802001953125,2021-04-19 08:45:00,2021-04-19 13:45:00,300.0,300.0
D1,F5-2-dlinear-c2688,0,7,2021-04-20,96,1.0,True,172.0,192.69366455078125,20.69366455078125,20.69366455078125,2021-04-20 08:45:00,2021-04-20 15:45:00,420.0,420.0
D1,F5-2-dlinear-c2688,0,7,2021-04-21,96,1.0,True,174.0,196.41973876953125,22.41973876953125,22.41973876953125,2021-04-21 08:30:00,2021-04-21 08:30:00,0.0,0.0
D1,F5-2-dlinear-c2688,0,7,2021-04-22,96,1.0,True,174.0,190.48941040039062,16.489410400390625,16.489410400390625,2021-04-22 08:30:00,2021-04-22 08:30:00,0.0,0.0
D1,F5-2-dlinear-c2688,0,7,2021-04-23,96,1.0,True,174.0,183.76478576660156,9.764785766601562,9.764785766601562,2021-04-23 08:30:00,2021-04-23 13:30:00,300.0,300.0
D1,F5-2-dlinear-c2688,0,7,2021-04-24,96,1.0,True,112.0,105.74640655517578,-6.253593444824219,6.253593444824219,2021-04-24 06:15:00,2021-04-24 04:15:00,-120.0,120.0
D1,F5-2-dlinear-c2688,0,7,2021-04-25,96,1.0,True,25.0,44.96433639526367,19.964336395263672,19.964336395263672,2021-04-25 01:30:00,2021-04-25 12:00:00,630.0,630.0
D1,F5-2-dlinear-c2688,0,7,2021-05-03,96,1.0,True,184.0,188.4809112548828,4.4809112548828125,4.4809112548828125,2021-05-03 08:30:00,2021-05-03 13:30:00,300.0,300.0
D1,F5-2-dlinear-c2688,0,7,2021-05-04,96,1.0,True,181.0,196.93975830078125,15.93975830078125,15.93975830078125,2021-05-04 08:30:00,2021-05-04 08:30:00,0.0,0.0
D1,F5-2-dlinear-c2688,0,7,2021-05-05,96,1.0,True,120.0,169.08189392089844,49.08189392089844,49.08189392089844,2021-05-05 04:15:00,2021-05-05 08:30:00,255.0,255.0
D1,F5-2-dlinear-c2688,0,7,2021-05-06,96,1.0,True,199.0,177.26535034179688,-21.734649658203125,21.734649658203125,2021-05-06 09:00:00,2021-05-06 18:45:00,585.0,585.0
D1,F5-2-dlinear-c2688,0,7,2021-05-07,96,1.0,True,181.0,193.32958984375,12.32958984375,12.32958984375,2021-05-07 09:00:00,2021-05-07 11:15:00,135.0,135.0
D1,F5-2-dlinear-c2688,0,7,2021-05-08,96,1.0,True,115.0,112.1619644165039,-2.8380355834960938,2.8380355834960938,2021-05-08 02:00:00,2021-05-08 06:30:00,270.0,270.0
D1,F5-2-dlinear-c2688,0,7,2021-05-09,96,1.0,True,184.0,150.7840576171875,-33.2159423828125,33.2159423828125,2021-05-09 09:00:00,2021-05-09 13:45:00,285.0,285.0
D1,F5-2-dlinear-c2688,0,8,2021-04-19,96,1.0,True,172.0,164.54815673828125,-7.45184326171875,7.45184326171875,2021-04-19 08:45:00,2021-04-19 14:00:00,315.0,315.0
D1,F5-2-dlinear-c2688,0,8,2021-04-20,96,1.0,True,172.0,200.9864044189453,28.986404418945312,28.986404418945312,2021-04-20 08:45:00,2021-04-20 15:00:00,375.0,375.0
D1,F5-2-dlinear-c2688,0,8,2021-04-21,96,1.0,True,174.0,197.57315063476562,23.573150634765625,23.573150634765625,2021-04-21 08:30:00,2021-04-21 08:30:00,0.0,0.0
D1,F5-2-dlinear-c2688,0,8,2021-04-22,96,1.0,True,174.0,189.86599731445312,15.865997314453125,15.865997314453125,2021-04-22 08:30:00,2021-04-22 08:30:00,0.0,0.0
D1,F5-2-dlinear-c2688,0,8,2021-04-23,96,1.0,True,174.0,184.94305419921875,10.94305419921875,10.94305419921875,2021-04-23 08:30:00,2021-04-23 13:30:00,300.0,300.0
D1,F5-2-dlinear-c2688,0,8,2021-04-24,96,1.0,True,112.0,110.39761352539062,-1.602386474609375,1.602386474609375,2021-04-24 06:15:00,2021-04-24 01:45:00,-270.0,270.0
D1,F5-2-dlinear-c2688,0,8,2021-04-25,96,1.0,True,25.0,51.73515701293945,26.735157012939453,26.735157012939453,2021-04-25 01:30:00,2021-04-25 01:45:00,15.0,15.0
D1,F5-2-dlinear-c2688,0,8,2021-05-03,96,1.0,True,184.0,185.12924194335938,1.129241943359375,1.129241943359375,2021-05-03 08:30:00,2021-05-03 14:00:00,330.0,330.0
D1,F5-2-dlinear-c2688,0,8,2021-05-04,96,1.0,True,181.0,195.66015625,14.66015625,14.66015625,2021-05-04 08:30:00,2021-05-04 14:00:00,330.0,330.0
D1,F5-2-dlinear-c2688,0,8,2021-05-05,96,1.0,True,120.0,165.28004455566406,45.28004455566406,45.28004455566406,2021-05-05 04:15:00,2021-05-05 08:45:00,270.0,270.0
D1,F5-2-dlinear-c2688,0,8,2021-05-06,96,1.0,True,199.0,171.53598022460938,-27.464019775390625,27.464019775390625,2021-05-06 09:00:00,2021-05-06 18:45:00,585.0,585.0
D1,F5-2-dlinear-c2688,0,8,2021-05-07,96,1.0,True,181.0,181.68003845214844,0.6800384521484375,0.6800384521484375,2021-05-07 09:00:00,2021-05-07 15:45:00,405.0,405.0
D1,F5-2-dlinear-c2688,0,8,2021-05-08,96,1.0,True,115.0,112.29320526123047,-2.7067947387695312,2.7067947387695312,2021-05-08 02:00:00,2021-05-08 06:30:00,270.0,270.0
D1,F5-2-dlinear-c2688,0,8,2021-05-09,96,1.0,True,184.0,147.28823852539062,-36.711761474609375,36.711761474609375,2021-05-09 09:00:00,2021-05-09 13:45:00,285.0,285.0
D1,F5-2-dlinear-c2688,0,9,2021-04-19,96,1.0,True,172.0,159.9522705078125,-12.0477294921875,12.0477294921875,2021-04-19 08:45:00,2021-04-19 14:00:00,315.0,315.0
D1,F5-2-dlinear-c2688,0,9,2021-04-20,96,1.0,True,172.0,196.99691772460938,24.996917724609375,24.996917724609375,2021-04-20 08:45:00,2021-04-20 15:00:00,375.0,375.0
D1,F5-2-dlinear-c2688,0,9,2021-04-21,96,1.0,True,174.0,196.709228515625,22.709228515625,22.709228515625,2021-04-21 08:30:00,2021-04-21 08:45:00,15.0,15.0
D1,F5-2-dlinear-c2688,0,9,2021-04-22,96,1.0,True,174.0,196.2135009765625,22.2135009765625,22.2135009765625,2021-04-22 08:30:00,2021-04-22 08:30:00,0.0,0.0
D1,F5-2-dlinear-c2688,0,9,2021-04-23,96,1.0,True,174.0,190.90240478515625,16.90240478515625,16.90240478515625,2021-04-23 08:30:00,2021-04-23 08:30:00,0.0,0.0
D1,F5-2-dlinear-c2688,0,9,2021-04-24,96,1.0,True,112.0,106.8998031616211,-5.100196838378906,5.100196838378906,2021-04-24 06:15:00,2021-04-24 01:45:00,-270.0,270.0
D1,F5-2-dlinear-c2688,0,9,2021-04-25,96,1.0,True,25.0,45.574859619140625,20.574859619140625,20.574859619140625,2021-04-25 01:30:00,2021-04-25 01:45:00,15.0,15.0
D1,F5-2-dlinear-c2688,0,9,2021-05-03,96,1.0,True,184.0,183.43052673339844,-0.5694732666015625,0.5694732666015625,2021-05-03 08:30:00,2021-05-03 14:00:00,330.0,330.0
D1,F5-2-dlinear-c2688,0,9,2021-05-04,96,1.0,True,181.0,192.129638671875,11.129638671875,11.129638671875,2021-05-04 08:30:00,2021-05-04 09:15:00,45.0,45.0
D1,F5-2-dlinear-c2688,0,9,2021-05-05,96,1.0,True,120.0,168.07125854492188,48.071258544921875,48.071258544921875,2021-05-05 04:15:00,2021-05-05 09:00:00,285.0,285.0
D1,F5-2-dlinear-c2688,0,9,2021-05-06,96,1.0,True,199.0,167.63067626953125,-31.36932373046875,31.36932373046875,2021-05-06 09:00:00,2021-05-06 18:45:00,585.0,585.0
D1,F5-2-dlinear-c2688,0,9,2021-05-07,96,1.0,True,181.0,186.62998962402344,5.6299896240234375,5.6299896240234375,2021-05-07 09:00:00,2021-05-07 16:00:00,420.0,420.0
D1,F5-2-dlinear-c2688,0,9,2021-05-08,96,1.0,True,115.0,108.509521484375,-6.490478515625,6.490478515625,2021-05-08 02:00:00,2021-05-08 06:30:00,270.0,270.0
D1,F5-2-dlinear-c2688,0,9,2021-05-09,96,1.0,True,184.0,145.50784301757812,-38.492156982421875,38.492156982421875,2021-05-09 09:00:00,2021-05-09 14:00:00,300.0,300.0
D1,F5-2-dlinear-c2688,0,10,2021-04-19,96,1.0,True,172.0,158.56564331054688,-13.434356689453125,13.434356689453125,2021-04-19 08:45:00,2021-04-19 15:45:00,420.0,420.0
D1,F5-2-dlinear-c2688,0,10,2021-04-20,96,1.0,True,172.0,199.31591796875,27.31591796875,27.31591796875,2021-04-20 08:45:00,2021-04-20 15:00:00,375.0,375.0
D1,F5-2-dlinear-c2688,0,10,2021-04-21,96,1.0,True,174.0,193.605224609375,19.605224609375,19.605224609375,2021-04-21 08:30:00,2021-04-21 08:45:00,15.0,15.0
D1,F5-2-dlinear-c2688,0,10,2021-04-22,96,1.0,True,174.0,198.6405029296875,24.6405029296875,24.6405029296875,2021-04-22 08:30:00,2021-04-22 08:45:00,15.0,15.0
D1,F5-2-dlinear-c2688,0,10,2021-04-23,96,1.0,True,174.0,183.48806762695312,9.488067626953125,9.488067626953125,2021-04-23 08:30:00,2021-04-23 08:30:00,0.0,0.0
D1,F5-2-dlinear-c2688,0,10,2021-04-24,96,1.0,True,112.0,105.77588653564453,-6.224113464355469,6.224113464355469,2021-04-24 06:15:00,2021-04-24 03:30:00,-165.0,165.0
D1,F5-2-dlinear-c2688,0,10,2021-04-25,96,1.0,True,25.0,48.018062591552734,23.018062591552734,23.018062591552734,2021-04-25 01:30:00,2021-04-25 15:00:00,810.0,810.0
D1,F5-2-dlinear-c2688,0,10,2021-05-03,96,1.0,True,184.0,186.59571838378906,2.5957183837890625,2.5957183837890625,2021-05-03 08:30:00,2021-05-03 15:00:00,390.0,390.0
D1,F5-2-dlinear-c2688,0,10,2021-05-04,96,1.0,True,181.0,188.66452026367188,7.664520263671875,7.664520263671875,2021-05-04 08:30:00,2021-05-04 13:45:00,315.0,315.0
D1,F5-2-dlinear-c2688,0,10,2021-05-05,96,1.0,True,120.0,163.67315673828125,43.67315673828125,43.67315673828125,2021-05-05 04:15:00,2021-05-05 08:30:00,255.0,255.0
D1,F5-2-dlinear-c2688,0,10,2021-05-06,96,1.0,True,199.0,171.914794921875,-27.085205078125,27.085205078125,2021-05-06 09:00:00,2021-05-06 18:30:00,570.0,570.0
D1,F5-2-dlinear-c2688,0,10,2021-05-07,96,1.0,True,181.0,183.2521514892578,2.2521514892578125,2.2521514892578125,2021-05-07 09:00:00,2021-05-07 11:15:00,135.0,135.0
D1,F5-2-dlinear-c2688,0,10,2021-05-08,96,1.0,True,115.0,105.31565856933594,-9.684341430664062,9.684341430664062,2021-05-08 02:00:00,2021-05-08 06:15:00,255.0,255.0
D1,F5-2-dlinear-c2688,0,10,2021-05-09,96,1.0,True,184.0,142.42507934570312,-41.574920654296875,41.574920654296875,2021-05-09 09:00:00,2021-05-09 13:45:00,285.0,285.0
D1,F5-2-dlinear-c2688,0,11,2021-04-19,96,1.0,True,172.0,164.15634155273438,-7.843658447265625,7.843658447265625,2021-04-19 08:45:00,2021-04-19 15:45:00,420.0,420.0
D1,F5-2-dlinear-c2688,0,11,2021-04-20,96,1.0,True,172.0,199.55136108398438,27.551361083984375,27.551361083984375,2021-04-20 08:45:00,2021-04-20 15:00:00,375.0,375.0
D1,F5-2-dlinear-c2688,0,11,2021-04-21,96,1.0,True,174.0,199.96737670898438,25.967376708984375,25.967376708984375,2021-04-21 08:30:00,2021-04-21 09:45:00,75.0,75.0
D1,F5-2-dlinear-c2688,0,11,2021-04-22,96,1.0,True,174.0,198.71780395507812,24.717803955078125,24.717803955078125,2021-04-22 08:30:00,2021-04-22 08:30:00,0.0,0.0
D1,F5-2-dlinear-c2688,0,11,2021-04-23,96,1.0,True,174.0,180.96981811523438,6.969818115234375,6.969818115234375,2021-04-23 08:30:00,2021-04-23 14:00:00,330.0,330.0
D1,F5-2-dlinear-c2688,0,11,2021-04-24,96,1.0,True,112.0,106.28811645507812,-5.711883544921875,5.711883544921875,2021-04-24 06:15:00,2021-04-24 04:15:00,-120.0,120.0
D1,F5-2-dlinear-c2688,0,11,2021-04-25,96,1.0,True,25.0,50.73143768310547,25.73143768310547,25.73143768310547,2021-04-25 01:30:00,2021-04-25 15:00:00,810.0,810.0
D1,F5-2-dlinear-c2688,0,11,2021-05-03,96,1.0,True,184.0,190.98562622070312,6.985626220703125,6.985626220703125,2021-05-03 08:30:00,2021-05-03 14:45:00,375.0,375.0
D1,F5-2-dlinear-c2688,0,11,2021-05-04,96,1.0,True,181.0,190.50369262695312,9.503692626953125,9.503692626953125,2021-05-04 08:30:00,2021-05-04 14:00:00,330.0,330.0
D1,F5-2-dlinear-c2688,0,11,2021-05-05,96,1.0,True,120.0,172.65533447265625,52.65533447265625,52.65533447265625,2021-05-05 04:15:00,2021-05-05 10:00:00,345.0,345.0
D1,F5-2-dlinear-c2688,0,11,2021-05-06,96,1.0,True,199.0,166.38821411132812,-32.611785888671875,32.611785888671875,2021-05-06 09:00:00,2021-05-06 18:45:00,585.0,585.0
D1,F5-2-dlinear-c2688,0,11,2021-05-07,96,1.0,True,181.0,189.22152709960938,8.221527099609375,8.221527099609375,2021-05-07 09:00:00,2021-05-07 16:00:00,420.0,420.0
D1,F5-2-dlinear-c2688,0,11,2021-05-08,96,1.0,True,115.0,105.25533294677734,-9.744667053222656,9.744667053222656,2021-05-08 02:00:00,2021-05-08 04:00:00,120.0,120.0
D1,F5-2-dlinear-c2688,0,11,2021-05-09,96,1.0,True,184.0,153.01251220703125,-30.98748779296875,30.98748779296875,2021-05-09 09:00:00,2021-05-09 14:00:00,300.0,300.0
D1,F5-2-dlinear-c2688,0,12,2021-04-19,96,1.0,True,172.0,165.8035888671875,-6.1964111328125,6.1964111328125,2021-04-19 08:45:00,2021-04-19 16:00:00,435.0,435.0
D1,F5-2-dlinear-c2688,0,12,2021-04-20,96,1.0,True,172.0,203.25173950195312,31.251739501953125,31.251739501953125,2021-04-20 08:45:00,2021-04-20 15:45:00,420.0,420.0
D1,F5-2-dlinear-c2688,0,12,2021-04-21,96,1.0,True,174.0,191.052978515625,17.052978515625,17.052978515625,2021-04-21 08:30:00,2021-04-21 11:15:00,165.0,165.0
D1,F5-2-dlinear-c2688,0,12,2021-04-22,96,1.0,True,174.0,200.52267456054688,26.522674560546875,26.522674560546875,2021-04-22 08:30:00,2021-04-22 08:45:00,15.0,15.0
D1,F5-2-dlinear-c2688,0,12,2021-04-23,96,1.0,True,174.0,193.8268585205078,19.826858520507812,19.826858520507812,2021-04-23 08:30:00,2021-04-23 08:30:00,0.0,0.0
D1,F5-2-dlinear-c2688,0,12,2021-04-24,96,1.0,True,112.0,114.32037353515625,2.32037353515625,2.32037353515625,2021-04-24 06:15:00,2021-04-24 01:45:00,-270.0,270.0
D1,F5-2-dlinear-c2688,0,12,2021-04-25,96,1.0,True,25.0,48.35639953613281,23.356399536132812,23.356399536132812,2021-04-25 01:30:00,2021-04-25 15:30:00,840.0,840.0
D1,F5-2-dlinear-c2688,0,12,2021-05-03,96,1.0,True,184.0,195.38331604003906,11.383316040039062,11.383316040039062,2021-05-03 08:30:00,2021-05-03 15:00:00,390.0,390.0
D1,F5-2-dlinear-c2688,0,12,2021-05-04,96,1.0,True,181.0,186.50628662109375,5.50628662109375,5.50628662109375,2021-05-04 08:30:00,2021-05-04 14:00:00,330.0,330.0
D1,F5-2-dlinear-c2688,0,12,2021-05-05,96,1.0,True,120.0,160.3673095703125,40.3673095703125,40.3673095703125,2021-05-05 04:15:00,2021-05-05 10:00:00,345.0,345.0
D1,F5-2-dlinear-c2688,0,12,2021-05-06,96,1.0,True,199.0,168.93316650390625,-30.06683349609375,30.06683349609375,2021-05-06 09:00:00,2021-05-06 18:45:00,585.0,585.0
D1,F5-2-dlinear-c2688,0,12,2021-05-07,96,1.0,True,181.0,199.43020629882812,18.430206298828125,18.430206298828125,2021-05-07 09:00:00,2021-05-07 16:15:00,435.0,435.0
D1,F5-2-dlinear-c2688,0,12,2021-05-08,96,1.0,True,115.0,105.65323638916016,-9.346763610839844,9.346763610839844,2021-05-08 02:00:00,2021-05-08 02:00:00,0.0,0.0
D1,F5-2-dlinear-c2688,0,12,2021-05-09,96,1.0,True,184.0,134.11593627929688,-49.884063720703125,49.884063720703125,2021-05-09 09:00:00,2021-05-09 14:00:00,300.0,300.0
D1,F5-2-dlinear-c2688,0,13,2021-04-19,96,1.0,True,172.0,169.920654296875,-2.079345703125,2.079345703125,2021-04-19 08:45:00,2021-04-19 15:45:00,420.0,420.0
D1,F5-2-dlinear-c2688,0,13,2021-04-20,96,1.0,True,172.0,203.63458251953125,31.63458251953125,31.63458251953125,2021-04-20 08:45:00,2021-04-20 15:45:00,420.0,420.0
D1,F5-2-dlinear-c2688,0,13,2021-04-21,96,1.0,True,174.0,197.4171142578125,23.4171142578125,23.4171142578125,2021-04-21 08:30:00,2021-04-21 08:30:00,0.0,0.0
D1,F5-2-dlinear-c2688,0,13,2021-04-22,96,1.0,True,174.0,197.02676391601562,23.026763916015625,23.026763916015625,2021-04-22 08:30:00,2021-04-22 08:30:00,0.0,0.0
D1,F5-2-dlinear-c2688,0,13,2021-04-23,96,1.0,True,174.0,181.76226806640625,7.76226806640625,7.76226806640625,2021-04-23 08:30:00,2021-04-23 08:30:00,0.0,0.0
D1,F5-2-dlinear-c2688,0,13,2021-04-24,96,1.0,True,112.0,102.38633728027344,-9.613662719726562,9.613662719726562,2021-04-24 06:15:00,2021-04-24 01:45:00,-270.0,270.0
D1,F5-2-dlinear-c2688,0,13,2021-04-25,96,1.0,True,25.0,61.34259796142578,36.34259796142578,36.34259796142578,2021-04-25 01:30:00,2021-04-25 12:00:00,630.0,630.0
D1,F5-2-dlinear-c2688,0,13,2021-05-03,96,1.0,True,184.0,191.9619903564453,7.9619903564453125,7.9619903564453125,2021-05-03 08:30:00,2021-05-03 15:00:00,390.0,390.0
D1,F5-2-dlinear-c2688,0,13,2021-05-04,96,1.0,True,181.0,183.56637573242188,2.566375732421875,2.566375732421875,2021-05-04 08:30:00,2021-05-04 10:45:00,135.0,135.0
D1,F5-2-dlinear-c2688,0,13,2021-05-05,96,1.0,True,120.0,173.09170532226562,53.091705322265625,53.091705322265625,2021-05-05 04:15:00,2021-05-05 10:00:00,345.0,345.0
D1,F5-2-dlinear-c2688,0,13,2021-05-06,96,1.0,True,199.0,158.80117797851562,-40.198822021484375,40.198822021484375,2021-05-06 09:00:00,2021-05-06 18:45:00,585.0,585.0
D1,F5-2-dlinear-c2688,0,13,2021-05-07,96,1.0,True,181.0,192.69100952148438,11.691009521484375,11.691009521484375,2021-05-07 09:00:00,2021-05-07 16:30:00,450.0,450.0
D1,F5-2-dlinear-c2688,0,13,2021-05-08,96,1.0,True,115.0,105.36776733398438,-9.632232666015625,9.632232666015625,2021-05-08 02:00:00,2021-05-08 06:30:00,270.0,270.0
D1,F5-2-dlinear-c2688,0,13,2021-05-09,96,1.0,True,184.0,143.02171325683594,-40.97828674316406,40.97828674316406,2021-05-09 09:00:00,2021-05-09 14:00:00,300.0,300.0
D1,F5-2-dlinear-c2688,0,14,2021-04-19,96,1.0,True,172.0,147.54705810546875,-24.45294189453125,24.45294189453125,2021-04-19 08:45:00,2021-04-19 15:45:00,420.0,420.0
D1,F5-2-dlinear-c2688,0,14,2021-04-20,96,1.0,True,172.0,199.66249084472656,27.662490844726562,27.662490844726562,2021-04-20 08:45:00,2021-04-20 15:45:00,420.0,420.0
D1,F5-2-dlinear-c2688,0,14,2021-04-21,96,1.0,True,174.0,186.25753784179688,12.257537841796875,12.257537841796875,2021-04-21 08:30:00,2021-04-21 11:00:00,150.0,150.0
D1,F5-2-dlinear-c2688,0,14,2021-04-22,96,1.0,True,174.0,196.90042114257812,22.900421142578125,22.900421142578125,2021-04-22 08:30:00,2021-04-22 08:30:00,0.0,0.0
D1,F5-2-dlinear-c2688,0,14,2021-04-23,96,1.0,True,174.0,194.94607543945312,20.946075439453125,20.946075439453125,2021-04-23 08:30:00,2021-04-23 08:30:00,0.0,0.0
D1,F5-2-dlinear-c2688,0,14,2021-04-24,96,1.0,True,112.0,109.06098937988281,-2.9390106201171875,2.9390106201171875,2021-04-24 06:15:00,2021-04-24 02:00:00,-255.0,255.0
D1,F5-2-dlinear-c2688,0,14,2021-04-25,96,1.0,True,25.0,54.350364685058594,29.350364685058594,29.350364685058594,2021-04-25 01:30:00,2021-04-25 01:45:00,15.0,15.0
D1,F5-2-dlinear-c2688,0,14,2021-05-03,96,1.0,True,184.0,180.22528076171875,-3.77471923828125,3.77471923828125,2021-05-03 08:30:00,2021-05-03 15:30:00,420.0,420.0
D1,F5-2-dlinear-c2688,0,14,2021-05-04,96,1.0,True,181.0,186.34564208984375,5.34564208984375,5.34564208984375,2021-05-04 08:30:00,2021-05-04 10:45:00,135.0,135.0
D1,F5-2-dlinear-c2688,0,14,2021-05-05,96,1.0,True,120.0,178.5194091796875,58.5194091796875,58.5194091796875,2021-05-05 04:15:00,2021-05-05 10:45:00,390.0,390.0
D1,F5-2-dlinear-c2688,0,14,2021-05-06,96,1.0,True,199.0,148.9151153564453,-50.08488464355469,50.08488464355469,2021-05-06 09:00:00,2021-05-06 18:00:00,540.0,540.0
D1,F5-2-dlinear-c2688,0,14,2021-05-07,96,1.0,True,181.0,188.17965698242188,7.179656982421875,7.179656982421875,2021-05-07 09:00:00,2021-05-07 16:45:00,465.0,465.0
D1,F5-2-dlinear-c2688,0,14,2021-05-08,96,1.0,True,115.0,103.89212036132812,-11.107879638671875,11.107879638671875,2021-05-08 02:00:00,2021-05-08 02:00:00,0.0,0.0
D1,F5-2-dlinear-c2688,0,14,2021-05-09,96,1.0,True,184.0,125.13575744628906,-58.86424255371094,58.86424255371094,2021-05-09 09:00:00,2021-05-09 15:30:00,390.0,390.0
D1,F5-2-dlinear-c2688,0,15,2021-04-19,96,1.0,True,172.0,166.03662109375,-5.96337890625,5.96337890625,2021-04-19 08:45:00,2021-04-19 15:45:00,420.0,420.0
D1,F5-2-dlinear-c2688,0,15,2021-04-20,96,1.0,True,172.0,199.640625,27.640625,27.640625,2021-04-20 08:45:00,2021-04-20 15:45:00,420.0,420.0
D1,F5-2-dlinear-c2688,0,15,2021-04-21,96,1.0,True,174.0,197.63258361816406,23.632583618164062,23.632583618164062,2021-04-21 08:30:00,2021-04-21 08:30:00,0.0,0.0
D1,F5-2-dlinear-c2688,0,15,2021-04-22,96,1.0,True,174.0,199.91940307617188,25.919403076171875,25.919403076171875,2021-04-22 08:30:00,2021-04-22 08:30:00,0.0,0.0
D1,F5-2-dlinear-c2688,0,15,2021-04-23,96,1.0,True,174.0,189.33062744140625,15.33062744140625,15.33062744140625,2021-04-23 08:30:00,2021-04-23 08:30:00,0.0,0.0
D1,F5-2-dlinear-c2688,0,15,2021-04-24,96,1.0,True,112.0,108.80198669433594,-3.1980133056640625,3.1980133056640625,2021-04-24 06:15:00,2021-04-24 06:15:00,0.0,0.0
D1,F5-2-dlinear-c2688,0,15,2021-04-25,96,1.0,True,25.0,53.46516418457031,28.465164184570312,28.465164184570312,2021-04-25 01:30:00,2021-04-25 01:45:00,15.0,15.0
D1,F5-2-dlinear-c2688,0,15,2021-05-03,96,1.0,True,184.0,184.64556884765625,0.64556884765625,0.64556884765625,2021-05-03 08:30:00,2021-05-03 15:00:00,390.0,390.0
D1,F5-2-dlinear-c2688,0,15,2021-05-04,96,1.0,True,181.0,185.72357177734375,4.72357177734375,4.72357177734375,2021-05-04 08:30:00,2021-05-04 10:45:00,135.0,135.0
D1,F5-2-dlinear-c2688,0,15,2021-05-05,96,1.0,True,120.0,181.80099487304688,61.800994873046875,61.800994873046875,2021-05-05 04:15:00,2021-05-05 10:45:00,390.0,390.0
D1,F5-2-dlinear-c2688,0,15,2021-05-06,96,1.0,True,199.0,164.963623046875,-34.036376953125,34.036376953125,2021-05-06 09:00:00,2021-05-06 18:45:00,585.0,585.0
D1,F5-2-dlinear-c2688,0,15,2021-05-07,96,1.0,True,181.0,192.0915069580078,11.091506958007812,11.091506958007812,2021-05-07 09:00:00,2021-05-07 16:45:00,465.0,465.0
D1,F5-2-dlinear-c2688,0,15,2021-05-08,96,1.0,True,115.0,110.41228485107422,-4.587715148925781,4.587715148925781,2021-05-08 02:00:00,2021-05-08 06:45:00,285.0,285.0
D1,F5-2-dlinear-c2688,0,15,2021-05-09,96,1.0,True,184.0,138.49151611328125,-45.50848388671875,45.50848388671875,2021-05-09 09:00:00,2021-05-09 15:00:00,360.0,360.0
D1,F5-2-dlinear-c2688,0,16,2021-04-19,96,1.0,True,172.0,149.25717163085938,-22.742828369140625,22.742828369140625,2021-04-19 08:45:00,2021-04-19 15:45:00,420.0,420.0
D1,F5-2-dlinear-c2688,0,16,2021-04-20,96,1.0,True,172.0,196.181884765625,24.181884765625,24.181884765625,2021-04-20 08:45:00,2021-04-20 16:30:00,465.0,465.0
D1,F5-2-dlinear-c2688,0,16,2021-04-21,96,1.0,True,174.0,190.52947998046875,16.52947998046875,16.52947998046875,2021-04-21 08:30:00,2021-04-21 11:00:00,150.0,150.0
D1,F5-2-dlinear-c2688,0,16,2021-04-22,96,1.0,True,174.0,202.9864959716797,28.986495971679688,28.986495971679688,2021-04-22 08:30:00,2021-04-22 09:00:00,30.0,30.0
D1,F5-2-dlinear-c2688,0,16,2021-04-23,96,1.0,True,174.0,191.9932861328125,17.9932861328125,17.9932861328125,2021-04-23 08:30:00,2021-04-23 08:30:00,0.0,0.0
D1,F5-2-dlinear-c2688,0,16,2021-04-24,96,1.0,True,112.0,107.90975952148438,-4.090240478515625,4.090240478515625,2021-04-24 06:15:00,2021-04-24 02:00:00,-255.0,255.0
D1,F5-2-dlinear-c2688,0,16,2021-04-25,96,1.0,True,25.0,47.86811065673828,22.86811065673828,22.86811065673828,2021-04-25 01:30:00,2021-04-25 13:15:00,705.0,705.0
D1,F5-2-dlinear-c2688,0,16,2021-05-03,96,1.0,True,184.0,175.949951171875,-8.050048828125,8.050048828125,2021-05-03 08:30:00,2021-05-03 16:00:00,450.0,450.0
D1,F5-2-dlinear-c2688,0,16,2021-05-04,96,1.0,True,181.0,178.06866455078125,-2.93133544921875,2.93133544921875,2021-05-04 08:30:00,2021-05-04 10:45:00,135.0,135.0
D1,F5-2-dlinear-c2688,0,16,2021-05-05,96,1.0,True,120.0,177.05227661132812,57.052276611328125,57.052276611328125,2021-05-05 04:15:00,2021-05-05 10:45:00,390.0,390.0
D1,F5-2-dlinear-c2688,0,16,2021-05-06,96,1.0,True,199.0,162.08006286621094,-36.91993713378906,36.91993713378906,2021-05-06 09:00:00,2021-05-06 18:30:00,570.0,570.0
D1,F5-2-dlinear-c2688,0,16,2021-05-07,96,1.0,True,181.0,193.54710388183594,12.547103881835938,12.547103881835938,2021-05-07 09:00:00,2021-05-07 16:30:00,450.0,450.0
D1,F5-2-dlinear-c2688,0,16,2021-05-08,96,1.0,True,115.0,98.96588134765625,-16.03411865234375,16.03411865234375,2021-05-08 02:00:00,2021-05-08 06:30:00,270.0,270.0
D1,F5-2-dlinear-c2688,0,16,2021-05-09,96,1.0,True,184.0,127.31153869628906,-56.68846130371094,56.68846130371094,2021-05-09 09:00:00,2021-05-09 18:00:00,540.0,540.0
D1,F5-2-dlinear-c2688,1,4,2021-05-31,96,1.0,True,172.0,165.44619750976562,-6.553802490234375,6.553802490234375,2021-05-31 10:30:00,2021-05-31 14:30:00,240.0,240.0
D1,F5-2-dlinear-c2688,1,4,2021-06-01,96,1.0,True,195.0,188.61212158203125,-6.38787841796875,6.38787841796875,2021-06-01 09:00:00,2021-06-01 08:45:00,-15.0,15.0
D1,F5-2-dlinear-c2688,1,4,2021-06-02,96,1.0,True,191.0,182.701416015625,-8.298583984375,8.298583984375,2021-06-02 10:45:00,2021-06-02 15:00:00,255.0,255.0
D1,F5-2-dlinear-c2688,1,4,2021-06-03,96,1.0,True,181.0,175.5439910888672,-5.4560089111328125,5.4560089111328125,2021-06-03 08:30:00,2021-06-03 13:30:00,300.0,300.0
D1,F5-2-dlinear-c2688,1,4,2021-06-04,96,1.0,True,173.0,175.83035278320312,2.830352783203125,2.830352783203125,2021-06-04 10:45:00,2021-06-04 08:30:00,-135.0,135.0
D1,F5-2-dlinear-c2688,1,4,2021-06-05,96,1.0,True,116.0,114.51235961914062,-1.487640380859375,1.487640380859375,2021-06-05 01:45:00,2021-06-05 06:15:00,270.0,270.0
D1,F5-2-dlinear-c2688,1,4,2021-06-06,96,1.0,True,27.0,37.437164306640625,10.437164306640625,10.437164306640625,2021-06-06 01:30:00,2021-06-06 02:00:00,30.0,30.0
D1,F5-2-dlinear-c2688,1,4,2021-06-14,96,1.0,True,204.0,181.84884643554688,-22.151153564453125,22.151153564453125,2021-06-14 09:00:00,2021-06-14 17:00:00,480.0,480.0
D1,F5-2-dlinear-c2688,1,4,2021-06-15,96,1.0,True,198.0,204.34266662597656,6.3426666259765625,6.3426666259765625,2021-06-15 08:45:00,2021-06-15 08:45:00,0.0,0.0
D1,F5-2-dlinear-c2688,1,4,2021-06-16,96,1.0,True,193.0,190.17147827148438,-2.828521728515625,2.828521728515625,2021-06-16 10:45:00,2021-06-16 11:00:00,15.0,15.0
D1,F5-2-dlinear-c2688,1,4,2021-06-17,96,1.0,True,197.0,196.57232666015625,-0.42767333984375,0.42767333984375,2021-06-17 08:45:00,2021-06-17 09:45:00,60.0,60.0
D1,F5-2-dlinear-c2688,1,4,2021-06-18,96,1.0,True,186.0,180.9792938232422,-5.0207061767578125,5.0207061767578125,2021-06-18 10:00:00,2021-06-18 09:00:00,-60.0,60.0
D1,F5-2-dlinear-c2688,1,4,2021-06-19,96,1.0,True,119.0,119.402099609375,0.402099609375,0.402099609375,2021-06-19 02:15:00,2021-06-19 03:45:00,90.0,90.0
D1,F5-2-dlinear-c2688,1,4,2021-06-20,96,1.0,True,28.0,34.172584533691406,6.172584533691406,6.172584533691406,2021-06-20 15:15:00,2021-06-20 01:15:00,-840.0,840.0
D1,F5-2-dlinear-c2688,1,5,2021-05-31,96,1.0,True,172.0,175.8237762451172,3.8237762451171875,3.8237762451171875,2021-05-31 10:30:00,2021-05-31 14:45:00,255.0,255.0
D1,F5-2-dlinear-c2688,1,5,2021-06-01,96,1.0,True,195.0,190.68309020996094,-4.3169097900390625,4.3169097900390625,2021-06-01 09:00:00,2021-06-01 11:15:00,135.0,135.0
D1,F5-2-dlinear-c2688,1,5,2021-06-02,96,1.0,True,191.0,190.3076934814453,-0.6923065185546875,0.6923065185546875,2021-06-02 10:45:00,2021-06-02 11:45:00,60.0,60.0
D1,F5-2-dlinear-c2688,1,5,2021-06-03,96,1.0,True,181.0,177.19769287109375,-3.80230712890625,3.80230712890625,2021-06-03 08:30:00,2021-06-03 13:30:00,300.0,300.0
D1,F5-2-dlinear-c2688,1,5,2021-06-04,96,1.0,True,173.0,166.72610473632812,-6.273895263671875,6.273895263671875,2021-06-04 10:45:00,2021-06-04 08:30:00,-135.0,135.0
D1,F5-2-dlinear-c2688,1,5,2021-06-05,96,1.0,True,116.0,111.50192260742188,-4.498077392578125,4.498077392578125,2021-06-05 01:45:00,2021-06-05 06:15:00,270.0,270.0
D1,F5-2-dlinear-c2688,1,5,2021-06-06,96,1.0,True,27.0,42.190589904785156,15.190589904785156,15.190589904785156,2021-06-06 01:30:00,2021-06-06 14:00:00,750.0,750.0
D1,F5-2-dlinear-c2688,1,5,2021-06-14,96,1.0,True,204.0,187.4281463623047,-16.571853637695312,16.571853637695312,2021-06-14 09:00:00,2021-06-14 13:30:00,270.0,270.0
D1,F5-2-dlinear-c2688,1,5,2021-06-15,96,1.0,True,198.0,202.83334350585938,4.833343505859375,4.833343505859375,2021-06-15 08:45:00,2021-06-15 09:00:00,15.0,15.0
D1,F5-2-dlinear-c2688,1,5,2021-06-16,96,1.0,True,193.0,193.9063720703125,0.9063720703125,0.9063720703125,2021-06-16 10:45:00,2021-06-16 11:15:00,30.0,30.0
D1,F5-2-dlinear-c2688,1,5,2021-06-17,96,1.0,True,197.0,185.93661499023438,-11.063385009765625,11.063385009765625,2021-06-17 08:45:00,2021-06-17 11:45:00,180.0,180.0
D1,F5-2-dlinear-c2688,1,5,2021-06-18,96,1.0,True,186.0,170.46731567382812,-15.532684326171875,15.532684326171875,2021-06-18 10:00:00,2021-06-18 14:45:00,285.0,285.0
D1,F5-2-dlinear-c2688,1,5,2021-06-19,96,1.0,True,119.0,110.28929138183594,-8.710708618164062,8.710708618164062,2021-06-19 02:15:00,2021-06-19 03:45:00,90.0,90.0
D1,F5-2-dlinear-c2688,1,5,2021-06-20,96,1.0,True,28.0,41.64966583251953,13.649665832519531,13.649665832519531,2021-06-20 15:15:00,2021-06-20 16:00:00,45.0,45.0
D1,F5-2-dlinear-c2688,1,6,2021-05-31,96,1.0,True,172.0,177.94813537597656,5.9481353759765625,5.9481353759765625,2021-05-31 10:30:00,2021-05-31 14:00:00,210.0,210.0
D1,F5-2-dlinear-c2688,1,6,2021-06-01,96,1.0,True,195.0,188.38014221191406,-6.6198577880859375,6.6198577880859375,2021-06-01 09:00:00,2021-06-01 08:30:00,-30.0,30.0
D1,F5-2-dlinear-c2688,1,6,2021-06-02,96,1.0,True,191.0,183.43124389648438,-7.568756103515625,7.568756103515625,2021-06-02 10:45:00,2021-06-02 16:15:00,330.0,330.0
D1,F5-2-dlinear-c2688,1,6,2021-06-03,96,1.0,True,181.0,180.07876586914062,-0.921234130859375,0.921234130859375,2021-06-03 08:30:00,2021-06-03 08:30:00,0.0,0.0
D1,F5-2-dlinear-c2688,1,6,2021-06-04,96,1.0,True,173.0,169.4886932373047,-3.5113067626953125,3.5113067626953125,2021-06-04 10:45:00,2021-06-04 08:45:00,-120.0,120.0
D1,F5-2-dlinear-c2688,1,6,2021-06-05,96,1.0,True,116.0,115.16385650634766,-0.8361434936523438,0.8361434936523438,2021-06-05 01:45:00,2021-06-05 06:30:00,285.0,285.0
D1,F5-2-dlinear-c2688,1,6,2021-06-06,96,1.0,True,27.0,40.27181625366211,13.27181625366211,13.27181625366211,2021-06-06 01:30:00,2021-06-06 02:00:00,30.0,30.0
D1,F5-2-dlinear-c2688,1,6,2021-06-14,96,1.0,True,204.0,189.73159790039062,-14.268402099609375,14.268402099609375,2021-06-14 09:00:00,2021-06-14 13:45:00,285.0,285.0
D1,F5-2-dlinear-c2688,1,6,2021-06-15,96,1.0,True,198.0,210.43832397460938,12.438323974609375,12.438323974609375,2021-06-15 08:45:00,2021-06-15 08:45:00,0.0,0.0
D1,F5-2-dlinear-c2688,1,6,2021-06-16,96,1.0,True,193.0,178.45022583007812,-14.549774169921875,14.549774169921875,2021-06-16 10:45:00,2021-06-16 11:45:00,60.0,60.0
D1,F5-2-dlinear-c2688,1,6,2021-06-17,96,1.0,True,197.0,177.06582641601562,-19.934173583984375,19.934173583984375,2021-06-17 08:45:00,2021-06-17 11:00:00,135.0,135.0
D1,F5-2-dlinear-c2688,1,6,2021-06-18,96,1.0,True,186.0,174.66522216796875,-11.33477783203125,11.33477783203125,2021-06-18 10:00:00,2021-06-18 08:30:00,-90.0,90.0
D1,F5-2-dlinear-c2688,1,6,2021-06-19,96,1.0,True,119.0,121.76628112792969,2.7662811279296875,2.7662811279296875,2021-06-19 02:15:00,2021-06-19 03:45:00,90.0,90.0
D1,F5-2-dlinear-c2688,1,6,2021-06-20,96,1.0,True,28.0,40.12460708618164,12.12460708618164,12.12460708618164,2021-06-20 15:15:00,2021-06-20 02:30:00,-765.0,765.0
D1,F5-2-dlinear-c2688,1,7,2021-05-31,96,1.0,True,172.0,173.211181640625,1.211181640625,1.211181640625,2021-05-31 10:30:00,2021-05-31 13:45:00,195.0,195.0
D1,F5-2-dlinear-c2688,1,7,2021-06-01,96,1.0,True,195.0,189.5358428955078,-5.4641571044921875,5.4641571044921875,2021-06-01 09:00:00,2021-06-01 09:00:00,0.0,0.0
D1,F5-2-dlinear-c2688,1,7,2021-06-02,96,1.0,True,191.0,186.5005340576172,-4.4994659423828125,4.4994659423828125,2021-06-02 10:45:00,2021-06-02 16:00:00,315.0,315.0
D1,F5-2-dlinear-c2688,1,7,2021-06-03,96,1.0,True,181.0,175.54568481445312,-5.454315185546875,5.454315185546875,2021-06-03 08:30:00,2021-06-03 08:30:00,0.0,0.0
D1,F5-2-dlinear-c2688,1,7,2021-06-04,96,1.0,True,173.0,177.92935180664062,4.929351806640625,4.929351806640625,2021-06-04 10:45:00,2021-06-04 08:30:00,-135.0,135.0
D1,F5-2-dlinear-c2688,1,7,2021-06-05,96,1.0,True,116.0,119.59434509277344,3.5943450927734375,3.5943450927734375,2021-06-05 01:45:00,2021-06-05 04:45:00,180.0,180.0
D1,F5-2-dlinear-c2688,1,7,2021-06-06,96,1.0,True,27.0,39.885623931884766,12.885623931884766,12.885623931884766,2021-06-06 01:30:00,2021-06-06 01:15:00,-15.0,15.0
D1,F5-2-dlinear-c2688,1,7,2021-06-14,96,1.0,True,204.0,189.0010986328125,-14.9989013671875,14.9989013671875,2021-06-14 09:00:00,2021-06-14 13:30:00,270.0,270.0
D1,F5-2-dlinear-c2688,1,7,2021-06-15,96,1.0,True,198.0,209.27322387695312,11.273223876953125,11.273223876953125,2021-06-15 08:45:00,2021-06-15 09:00:00,15.0,15.0
D1,F5-2-dlinear-c2688,1,7,2021-06-16,96,1.0,True,193.0,173.96719360351562,-19.032806396484375,19.032806396484375,2021-06-16 10:45:00,2021-06-16 11:45:00,60.0,60.0
D1,F5-2-dlinear-c2688,1,7,2021-06-17,96,1.0,True,197.0,186.27273559570312,-10.727264404296875,10.727264404296875,2021-06-17 08:45:00,2021-06-17 11:00:00,135.0,135.0
D1,F5-2-dlinear-c2688,1,7,2021-06-18,96,1.0,True,186.0,182.84671020507812,-3.153289794921875,3.153289794921875,2021-06-18 10:00:00,2021-06-18 10:00:00,0.0,0.0
D1,F5-2-dlinear-c2688,1,7,2021-06-19,96,1.0,True,119.0,124.50614929199219,5.5061492919921875,5.5061492919921875,2021-06-19 02:15:00,2021-06-19 04:15:00,120.0,120.0
D1,F5-2-dlinear-c2688,1,7,2021-06-20,96,1.0,True,28.0,36.089107513427734,8.089107513427734,8.089107513427734,2021-06-20 15:15:00,2021-06-20 02:45:00,-750.0,750.0
D1,F5-2-dlinear-c2688,1,8,2021-05-31,96,1.0,True,172.0,176.11842346191406,4.1184234619140625,4.1184234619140625,2021-05-31 10:30:00,2021-05-31 14:00:00,210.0,210.0
D1,F5-2-dlinear-c2688,1,8,2021-06-01,96,1.0,True,195.0,187.56338500976562,-7.436614990234375,7.436614990234375,2021-06-01 09:00:00,2021-06-01 11:15:00,135.0,135.0
D1,F5-2-dlinear-c2688,1,8,2021-06-02,96,1.0,True,191.0,188.03475952148438,-2.965240478515625,2.965240478515625,2021-06-02 10:45:00,2021-06-02 16:00:00,315.0,315.0
D1,F5-2-dlinear-c2688,1,8,2021-06-03,96,1.0,True,181.0,175.96852111816406,-5.0314788818359375,5.0314788818359375,2021-06-03 08:30:00,2021-06-03 08:30:00,0.0,0.0
D1,F5-2-dlinear-c2688,1,8,2021-06-04,96,1.0,True,173.0,165.6875762939453,-7.3124237060546875,7.3124237060546875,2021-06-04 10:45:00,2021-06-04 08:30:00,-135.0,135.0
D1,F5-2-dlinear-c2688,1,8,2021-06-05,96,1.0,True,116.0,114.67257690429688,-1.327423095703125,1.327423095703125,2021-06-05 01:45:00,2021-06-05 06:15:00,270.0,270.0
D1,F5-2-dlinear-c2688,1,8,2021-06-06,96,1.0,True,27.0,49.78913116455078,22.78913116455078,22.78913116455078,2021-06-06 01:30:00,2021-06-06 01:15:00,-15.0,15.0
D1,F5-2-dlinear-c2688,1,8,2021-06-14,96,1.0,True,204.0,193.4103240966797,-10.589675903320312,10.589675903320312,2021-06-14 09:00:00,2021-06-14 13:45:00,285.0,285.0
D1,F5-2-dlinear-c2688,1,8,2021-06-15,96,1.0,True,198.0,200.51528930664062,2.515289306640625,2.515289306640625,2021-06-15 08:45:00,2021-06-15 09:00:00,15.0,15.0
D1,F5-2-dlinear-c2688,1,8,2021-06-16,96,1.0,True,193.0,182.7159423828125,-10.2840576171875,10.2840576171875,2021-06-16 10:45:00,2021-06-16 10:45:00,0.0,0.0
D1,F5-2-dlinear-c2688,1,8,2021-06-17,96,1.0,True,197.0,188.60650634765625,-8.39349365234375,8.39349365234375,2021-06-17 08:45:00,2021-06-17 11:00:00,135.0,135.0
D1,F5-2-dlinear-c2688,1,8,2021-06-18,96,1.0,True,186.0,176.79681396484375,-9.20318603515625,9.20318603515625,2021-06-18 10:00:00,2021-06-18 10:00:00,0.0,0.0
D1,F5-2-dlinear-c2688,1,8,2021-06-19,96,1.0,True,119.0,114.96150207519531,-4.0384979248046875,4.0384979248046875,2021-06-19 02:15:00,2021-06-19 01:45:00,-30.0,30.0
D1,F5-2-dlinear-c2688,1,8,2021-06-20,96,1.0,True,28.0,40.852455139160156,12.852455139160156,12.852455139160156,2021-06-20 15:15:00,2021-06-20 01:15:00,-840.0,840.0
D1,F5-2-dlinear-c2688,1,9,2021-05-31,96,1.0,True,172.0,180.7340850830078,8.734085083007812,8.734085083007812,2021-05-31 10:30:00,2021-05-31 14:45:00,255.0,255.0
D1,F5-2-dlinear-c2688,1,9,2021-06-01,96,1.0,True,195.0,183.8427276611328,-11.157272338867188,11.157272338867188,2021-06-01 09:00:00,2021-06-01 11:15:00,135.0,135.0
D1,F5-2-dlinear-c2688,1,9,2021-06-02,96,1.0,True,191.0,190.6576385498047,-0.3423614501953125,0.3423614501953125,2021-06-02 10:45:00,2021-06-02 16:15:00,330.0,330.0
D1,F5-2-dlinear-c2688,1,9,2021-06-03,96,1.0,True,181.0,180.9986572265625,-0.0013427734375,0.0013427734375,2021-06-03 08:30:00,2021-06-03 13:30:00,300.0,300.0
D1,F5-2-dlinear-c2688,1,9,2021-06-04,96,1.0,True,173.0,170.0439453125,-2.9560546875,2.9560546875,2021-06-04 10:45:00,2021-06-04 08:30:00,-135.0,135.0
D1,F5-2-dlinear-c2688,1,9,2021-06-05,96,1.0,True,116.0,113.32986450195312,-2.670135498046875,2.670135498046875,2021-06-05 01:45:00,2021-06-05 06:15:00,270.0,270.0
D1,F5-2-dlinear-c2688,1,9,2021-06-06,96,1.0,True,27.0,40.489768981933594,13.489768981933594,13.489768981933594,2021-06-06 01:30:00,2021-06-06 02:15:00,45.0,45.0
D1,F5-2-dlinear-c2688,1,9,2021-06-14,96,1.0,True,204.0,194.97552490234375,-9.02447509765625,9.02447509765625,2021-06-14 09:00:00,2021-06-14 13:45:00,285.0,285.0
D1,F5-2-dlinear-c2688,1,9,2021-06-15,96,1.0,True,198.0,201.35377502441406,3.3537750244140625,3.3537750244140625,2021-06-15 08:45:00,2021-06-15 09:00:00,15.0,15.0
D1,F5-2-dlinear-c2688,1,9,2021-06-16,96,1.0,True,193.0,183.80715942382812,-9.192840576171875,9.192840576171875,2021-06-16 10:45:00,2021-06-16 11:00:00,15.0,15.0
D1,F5-2-dlinear-c2688,1,9,2021-06-17,96,1.0,True,197.0,192.691650390625,-4.308349609375,4.308349609375,2021-06-17 08:45:00,2021-06-17 11:00:00,135.0,135.0
D1,F5-2-dlinear-c2688,1,9,2021-06-18,96,1.0,True,186.0,174.49758911132812,-11.502410888671875,11.502410888671875,2021-06-18 10:00:00,2021-06-18 10:00:00,0.0,0.0
D1,F5-2-dlinear-c2688,1,9,2021-06-19,96,1.0,True,119.0,115.02545166015625,-3.97454833984375,3.97454833984375,2021-06-19 02:15:00,2021-06-19 03:45:00,90.0,90.0
D1,F5-2-dlinear-c2688,1,9,2021-06-20,96,1.0,True,28.0,38.076053619384766,10.076053619384766,10.076053619384766,2021-06-20 15:15:00,2021-06-20 02:30:00,-765.0,765.0
D1,F5-2-dlinear-c2688,1,10,2021-05-31,96,1.0,True,172.0,170.22943115234375,-1.77056884765625,1.77056884765625,2021-05-31 10:30:00,2021-05-31 14:00:00,210.0,210.0
D1,F5-2-dlinear-c2688,1,10,2021-06-01,96,1.0,True,195.0,185.3768310546875,-9.6231689453125,9.6231689453125,2021-06-01 09:00:00,2021-06-01 11:00:00,120.0,120.0
D1,F5-2-dlinear-c2688,1,10,2021-06-02,96,1.0,True,191.0,194.04591369628906,3.0459136962890625,3.0459136962890625,2021-06-02 10:45:00,2021-06-02 16:00:00,315.0,315.0
D1,F5-2-dlinear-c2688,1,10,2021-06-03,96,1.0,True,181.0,184.82135009765625,3.82135009765625,3.82135009765625,2021-06-03 08:30:00,2021-06-03 13:30:00,300.0,300.0
D1,F5-2-dlinear-c2688,1,10,2021-06-04,96,1.0,True,173.0,178.23236083984375,5.23236083984375,5.23236083984375,2021-06-04 10:45:00,2021-06-04 08:45:00,-120.0,120.0
D1,F5-2-dlinear-c2688,1,10,2021-06-05,96,1.0,True,116.0,118.96329498291016,2.9632949829101562,2.9632949829101562,2021-06-05 01:45:00,2021-06-05 06:15:00,270.0,270.0
D1,F5-2-dlinear-c2688,1,10,2021-06-06,96,1.0,True,27.0,45.5623779296875,18.5623779296875,18.5623779296875,2021-06-06 01:30:00,2021-06-06 01:45:00,15.0,15.0
D1,F5-2-dlinear-c2688,1,10,2021-06-14,96,1.0,True,204.0,177.66049194335938,-26.339508056640625,26.339508056640625,2021-06-14 09:00:00,2021-06-14 14:00:00,300.0,300.0
D1,F5-2-dlinear-c2688,1,10,2021-06-15,96,1.0,True,198.0,200.7900390625,2.7900390625,2.7900390625,2021-06-15 08:45:00,2021-06-15 09:00:00,15.0,15.0
D1,F5-2-dlinear-c2688,1,10,2021-06-16,96,1.0,True,193.0,192.70346069335938,-0.296539306640625,0.296539306640625,2021-06-16 10:45:00,2021-06-16 11:00:00,15.0,15.0
D1,F5-2-dlinear-c2688,1,10,2021-06-17,96,1.0,True,197.0,194.6654052734375,-2.3345947265625,2.3345947265625,2021-06-17 08:45:00,2021-06-17 11:45:00,180.0,180.0
D1,F5-2-dlinear-c2688,1,10,2021-06-18,96,1.0,True,186.0,187.54745483398438,1.547454833984375,1.547454833984375,2021-06-18 10:00:00,2021-06-18 09:00:00,-60.0,60.0
D1,F5-2-dlinear-c2688,1,10,2021-06-19,96,1.0,True,119.0,120.20777130126953,1.2077713012695312,1.2077713012695312,2021-06-19 02:15:00,2021-06-19 04:45:00,150.0,150.0
D1,F5-2-dlinear-c2688,1,10,2021-06-20,96,1.0,True,28.0,41.38633728027344,13.386337280273438,13.386337280273438,2021-06-20 15:15:00,2021-06-20 02:45:00,-750.0,750.0
D1,F5-2-dlinear-c2688,1,11,2021-05-31,96,1.0,True,172.0,181.72695922851562,9.726959228515625,9.726959228515625,2021-05-31 10:30:00,2021-05-31 14:45:00,255.0,255.0
D1,F5-2-dlinear-c2688,1,11,2021-06-01,96,1.0,True,195.0,187.4381103515625,-7.5618896484375,7.5618896484375,2021-06-01 09:00:00,2021-06-01 11:00:00,120.0,120.0
D1,F5-2-dlinear-c2688,1,11,2021-06-02,96,1.0,True,191.0,189.97711181640625,-1.02288818359375,1.02288818359375,2021-06-02 10:45:00,2021-06-02 13:30:00,165.0,165.0
D1,F5-2-dlinear-c2688,1,11,2021-06-03,96,1.0,True,181.0,183.9639892578125,2.9639892578125,2.9639892578125,2021-06-03 08:30:00,2021-06-03 13:30:00,300.0,300.0
D1,F5-2-dlinear-c2688,1,11,2021-06-04,96,1.0,True,173.0,173.98599243164062,0.985992431640625,0.985992431640625,2021-06-04 10:45:00,2021-06-04 09:00:00,-105.0,105.0
D1,F5-2-dlinear-c2688,1,11,2021-06-05,96,1.0,True,116.0,109.05638122558594,-6.9436187744140625,6.9436187744140625,2021-06-05 01:45:00,2021-06-05 06:15:00,270.0,270.0
D1,F5-2-dlinear-c2688,1,11,2021-06-06,96,1.0,True,27.0,47.08089065551758,20.080890655517578,20.080890655517578,2021-06-06 01:30:00,2021-06-06 01:15:00,-15.0,15.0
D1,F5-2-dlinear-c2688,1,11,2021-06-14,96,1.0,True,204.0,186.42962646484375,-17.57037353515625,17.57037353515625,2021-06-14 09:00:00,2021-06-14 13:30:00,270.0,270.0
D1,F5-2-dlinear-c2688,1,11,2021-06-15,96,1.0,True,198.0,203.90692138671875,5.90692138671875,5.90692138671875,2021-06-15 08:45:00,2021-06-15 09:00:00,15.0,15.0
D1,F5-2-dlinear-c2688,1,11,2021-06-16,96,1.0,True,193.0,182.96566772460938,-10.034332275390625,10.034332275390625,2021-06-16 10:45:00,2021-06-16 11:00:00,15.0,15.0
D1,F5-2-dlinear-c2688,1,11,2021-06-17,96,1.0,True,197.0,186.60418701171875,-10.39581298828125,10.39581298828125,2021-06-17 08:45:00,2021-06-17 11:45:00,180.0,180.0
D1,F5-2-dlinear-c2688,1,11,2021-06-18,96,1.0,True,186.0,174.05638122558594,-11.943618774414062,11.943618774414062,2021-06-18 10:00:00,2021-06-18 09:00:00,-60.0,60.0
D1,F5-2-dlinear-c2688,1,11,2021-06-19,96,1.0,True,119.0,113.9717025756836,-5.028297424316406,5.028297424316406,2021-06-19 02:15:00,2021-06-19 02:00:00,-15.0,15.0
D1,F5-2-dlinear-c2688,1,11,2021-06-20,96,1.0,True,28.0,36.892974853515625,8.892974853515625,8.892974853515625,2021-06-20 15:15:00,2021-06-20 02:45:00,-750.0,750.0
D1,F5-2-dlinear-c2688,1,12,2021-05-31,96,1.0,True,172.0,174.71495056152344,2.7149505615234375,2.7149505615234375,2021-05-31 10:30:00,2021-05-31 14:45:00,255.0,255.0
D1,F5-2-dlinear-c2688,1,12,2021-06-01,96,1.0,True,195.0,192.0706787109375,-2.9293212890625,2.9293212890625,2021-06-01 09:00:00,2021-06-01 08:30:00,-30.0,30.0
D1,F5-2-dlinear-c2688,1,12,2021-06-02,96,1.0,True,191.0,187.1042022705078,-3.8957977294921875,3.8957977294921875,2021-06-02 10:45:00,2021-06-02 13:30:00,165.0,165.0
D1,F5-2-dlinear-c2688,1,12,2021-06-03,96,1.0,True,181.0,187.07772827148438,6.077728271484375,6.077728271484375,2021-06-03 08:30:00,2021-06-03 13:30:00,300.0,300.0
D1,F5-2-dlinear-c2688,1,12,2021-06-04,96,1.0,True,173.0,176.38018798828125,3.38018798828125,3.38018798828125,2021-06-04 10:45:00,2021-06-04 08:30:00,-135.0,135.0
D1,F5-2-dlinear-c2688,1,12,2021-06-05,96,1.0,True,116.0,114.93215942382812,-1.067840576171875,1.067840576171875,2021-06-05 01:45:00,2021-06-05 06:00:00,255.0,255.0
D1,F5-2-dlinear-c2688,1,12,2021-06-06,96,1.0,True,27.0,39.78079605102539,12.78079605102539,12.78079605102539,2021-06-06 01:30:00,2021-06-06 01:15:00,-15.0,15.0
D1,F5-2-dlinear-c2688,1,12,2021-06-14,96,1.0,True,204.0,188.41375732421875,-15.58624267578125,15.58624267578125,2021-06-14 09:00:00,2021-06-14 13:45:00,285.0,285.0
D1,F5-2-dlinear-c2688,1,12,2021-06-15,96,1.0,True,198.0,204.92877197265625,6.92877197265625,6.92877197265625,2021-06-15 08:45:00,2021-06-15 09:00:00,15.0,15.0
D1,F5-2-dlinear-c2688,1,12,2021-06-16,96,1.0,True,193.0,186.35609436035156,-6.6439056396484375,6.6439056396484375,2021-06-16 10:45:00,2021-06-16 11:00:00,15.0,15.0
D1,F5-2-dlinear-c2688,1,12,2021-06-17,96,1.0,True,197.0,200.47862243652344,3.4786224365234375,3.4786224365234375,2021-06-17 08:45:00,2021-06-17 11:45:00,180.0,180.0
D1,F5-2-dlinear-c2688,1,12,2021-06-18,96,1.0,True,186.0,180.086669921875,-5.913330078125,5.913330078125,2021-06-18 10:00:00,2021-06-18 09:00:00,-60.0,60.0
D1,F5-2-dlinear-c2688,1,12,2021-06-19,96,1.0,True,119.0,112.74434661865234,-6.255653381347656,6.255653381347656,2021-06-19 02:15:00,2021-06-19 01:45:00,-30.0,30.0
D1,F5-2-dlinear-c2688,1,12,2021-06-20,96,1.0,True,28.0,39.50221633911133,11.502216339111328,11.502216339111328,2021-06-20 15:15:00,2021-06-20 16:00:00,45.0,45.0
D1,F5-2-dlinear-c2688,1,13,2021-05-31,96,1.0,True,172.0,163.55130004882812,-8.448699951171875,8.448699951171875,2021-05-31 10:30:00,2021-05-31 14:45:00,255.0,255.0
D1,F5-2-dlinear-c2688,1,13,2021-06-01,96,1.0,True,195.0,191.84762573242188,-3.152374267578125,3.152374267578125,2021-06-01 09:00:00,2021-06-01 08:30:00,-30.0,30.0
D1,F5-2-dlinear-c2688,1,13,2021-06-02,96,1.0,True,191.0,183.63729858398438,-7.362701416015625,7.362701416015625,2021-06-02 10:45:00,2021-06-02 15:00:00,255.0,255.0
D1,F5-2-dlinear-c2688,1,13,2021-06-03,96,1.0,True,181.0,171.84957885742188,-9.150421142578125,9.150421142578125,2021-06-03 08:30:00,2021-06-03 13:30:00,300.0,300.0
D1,F5-2-dlinear-c2688,1,13,2021-06-04,96,1.0,True,173.0,180.89157104492188,7.891571044921875,7.891571044921875,2021-06-04 10:45:00,2021-06-04 08:30:00,-135.0,135.0
D1,F5-2-dlinear-c2688,1,13,2021-06-05,96,1.0,True,116.0,111.0511703491211,-4.948829650878906,4.948829650878906,2021-06-05 01:45:00,2021-06-05 01:45:00,0.0,0.0
D1,F5-2-dlinear-c2688,1,13,2021-06-06,96,1.0,True,27.0,47.71238708496094,20.712387084960938,20.712387084960938,2021-06-06 01:30:00,2021-06-06 01:45:00,15.0,15.0
D1,F5-2-dlinear-c2688,1,13,2021-06-14,96,1.0,True,204.0,177.4243621826172,-26.575637817382812,26.575637817382812,2021-06-14 09:00:00,2021-06-14 13:45:00,285.0,285.0
D1,F5-2-dlinear-c2688,1,13,2021-06-15,96,1.0,True,198.0,201.96453857421875,3.96453857421875,3.96453857421875,2021-06-15 08:45:00,2021-06-15 08:45:00,0.0,0.0
D1,F5-2-dlinear-c2688,1,13,2021-06-16,96,1.0,True,193.0,171.91285705566406,-21.087142944335938,21.087142944335938,2021-06-16 10:45:00,2021-06-16 11:15:00,30.0,30.0
D1,F5-2-dlinear-c2688,1,13,2021-06-17,96,1.0,True,197.0,179.14073181152344,-17.859268188476562,17.859268188476562,2021-06-17 08:45:00,2021-06-17 11:45:00,180.0,180.0
D1,F5-2-dlinear-c2688,1,13,2021-06-18,96,1.0,True,186.0,181.84970092773438,-4.150299072265625,4.150299072265625,2021-06-18 10:00:00,2021-06-18 08:30:00,-90.0,90.0
D1,F5-2-dlinear-c2688,1,13,2021-06-19,96,1.0,True,119.0,116.7327651977539,-2.2672348022460938,2.2672348022460938,2021-06-19 02:15:00,2021-06-19 01:45:00,-30.0,30.0
D1,F5-2-dlinear-c2688,1,13,2021-06-20,96,1.0,True,28.0,37.365478515625,9.365478515625,9.365478515625,2021-06-20 15:15:00,2021-06-20 03:30:00,-705.0,705.0
D1,F5-2-dlinear-c2688,1,14,2021-05-31,96,1.0,True,172.0,174.2107696533203,2.2107696533203125,2.2107696533203125,2021-05-31 10:30:00,2021-05-31 14:45:00,255.0,255.0
D1,F5-2-dlinear-c2688,1,14,2021-06-01,96,1.0,True,195.0,182.09127807617188,-12.908721923828125,12.908721923828125,2021-06-01 09:00:00,2021-06-01 08:30:00,-30.0,30.0
D1,F5-2-dlinear-c2688,1,14,2021-06-02,96,1.0,True,191.0,185.11875915527344,-5.8812408447265625,5.8812408447265625,2021-06-02 10:45:00,2021-06-02 14:45:00,240.0,240.0
D1,F5-2-dlinear-c2688,1,14,2021-06-03,96,1.0,True,181.0,181.7635498046875,0.7635498046875,0.7635498046875,2021-06-03 08:30:00,2021-06-03 13:30:00,300.0,300.0
D1,F5-2-dlinear-c2688,1,14,2021-06-04,96,1.0,True,173.0,174.16661071777344,1.1666107177734375,1.1666107177734375,2021-06-04 10:45:00,2021-06-04 11:00:00,15.0,15.0
D1,F5-2-dlinear-c2688,1,14,2021-06-05,96,1.0,True,116.0,117.97549438476562,1.975494384765625,1.975494384765625,2021-06-05 01:45:00,2021-06-05 06:15:00,270.0,270.0
D1,F5-2-dlinear-c2688,1,14,2021-06-06,96,1.0,True,27.0,55.97956085205078,28.97956085205078,28.97956085205078,2021-06-06 01:30:00,2021-06-06 01:30:00,0.0,0.0
D1,F5-2-dlinear-c2688,1,14,2021-06-14,96,1.0,True,204.0,187.3018798828125,-16.6981201171875,16.6981201171875,2021-06-14 09:00:00,2021-06-14 13:30:00,270.0,270.0
D1,F5-2-dlinear-c2688,1,14,2021-06-15,96,1.0,True,198.0,200.85809326171875,2.85809326171875,2.85809326171875,2021-06-15 08:45:00,2021-06-15 13:30:00,285.0,285.0
D1,F5-2-dlinear-c2688,1,14,2021-06-16,96,1.0,True,193.0,182.87374877929688,-10.126251220703125,10.126251220703125,2021-06-16 10:45:00,2021-06-16 13:30:00,165.0,165.0
D1,F5-2-dlinear-c2688,1,14,2021-06-17,96,1.0,True,197.0,193.79556274414062,-3.204437255859375,3.204437255859375,2021-06-17 08:45:00,2021-06-17 11:45:00,180.0,180.0
D1,F5-2-dlinear-c2688,1,14,2021-06-18,96,1.0,True,186.0,182.58558654785156,-3.4144134521484375,3.4144134521484375,2021-06-18 10:00:00,2021-06-18 10:00:00,0.0,0.0
D1,F5-2-dlinear-c2688,1,14,2021-06-19,96,1.0,True,119.0,127.00392150878906,8.003921508789062,8.003921508789062,2021-06-19 02:15:00,2021-06-19 01:45:00,-30.0,30.0
D1,F5-2-dlinear-c2688,1,14,2021-06-20,96,1.0,True,28.0,41.05619812011719,13.056198120117188,13.056198120117188,2021-06-20 15:15:00,2021-06-20 01:15:00,-840.0,840.0
D1,F5-2-dlinear-c2688,1,15,2021-05-31,96,1.0,True,172.0,168.7310028076172,-3.2689971923828125,3.2689971923828125,2021-05-31 10:30:00,2021-05-31 14:45:00,255.0,255.0
D1,F5-2-dlinear-c2688,1,15,2021-06-01,96,1.0,True,195.0,189.93258666992188,-5.067413330078125,5.067413330078125,2021-06-01 09:00:00,2021-06-01 08:30:00,-30.0,30.0
D1,F5-2-dlinear-c2688,1,15,2021-06-02,96,1.0,True,191.0,188.33567810058594,-2.6643218994140625,2.6643218994140625,2021-06-02 10:45:00,2021-06-02 14:45:00,240.0,240.0
D1,F5-2-dlinear-c2688,1,15,2021-06-03,96,1.0,True,181.0,177.43453979492188,-3.565460205078125,3.565460205078125,2021-06-03 08:30:00,2021-06-03 13:30:00,300.0,300.0
D1,F5-2-dlinear-c2688,1,15,2021-06-04,96,1.0,True,173.0,176.65289306640625,3.65289306640625,3.65289306640625,2021-06-04 10:45:00,2021-06-04 11:00:00,15.0,15.0
D1,F5-2-dlinear-c2688,1,15,2021-06-05,96,1.0,True,116.0,112.41850280761719,-3.5814971923828125,3.5814971923828125,2021-06-05 01:45:00,2021-06-05 01:45:00,0.0,0.0
D1,F5-2-dlinear-c2688,1,15,2021-06-06,96,1.0,True,27.0,47.24589920043945,20.245899200439453,20.245899200439453,2021-06-06 01:30:00,2021-06-06 02:00:00,30.0,30.0
D1,F5-2-dlinear-c2688,1,15,2021-06-14,96,1.0,True,204.0,187.19412231445312,-16.805877685546875,16.805877685546875,2021-06-14 09:00:00,2021-06-14 13:45:00,285.0,285.0
D1,F5-2-dlinear-c2688,1,15,2021-06-15,96,1.0,True,198.0,202.38975524902344,4.3897552490234375,4.3897552490234375,2021-06-15 08:45:00,2021-06-15 11:00:00,135.0,135.0
D1,F5-2-dlinear-c2688,1,15,2021-06-16,96,1.0,True,193.0,180.44676208496094,-12.553237915039062,12.553237915039062,2021-06-16 10:45:00,2021-06-16 13:45:00,180.0,180.0
D1,F5-2-dlinear-c2688,1,15,2021-06-17,96,1.0,True,197.0,177.97293090820312,-19.027069091796875,19.027069091796875,2021-06-17 08:45:00,2021-06-17 13:15:00,270.0,270.0
D1,F5-2-dlinear-c2688,1,15,2021-06-18,96,1.0,True,186.0,182.33380126953125,-3.66619873046875,3.66619873046875,2021-06-18 10:00:00,2021-06-18 10:00:00,0.0,0.0
D1,F5-2-dlinear-c2688,1,15,2021-06-19,96,1.0,True,119.0,120.90284729003906,1.9028472900390625,1.9028472900390625,2021-06-19 02:15:00,2021-06-19 01:45:00,-30.0,30.0
D1,F5-2-dlinear-c2688,1,15,2021-06-20,96,1.0,True,28.0,38.272850036621094,10.272850036621094,10.272850036621094,2021-06-20 15:15:00,2021-06-20 02:45:00,-750.0,750.0
D1,F5-2-dlinear-c2688,1,16,2021-05-31,96,1.0,True,172.0,172.88626098632812,0.886260986328125,0.886260986328125,2021-05-31 10:30:00,2021-05-31 15:45:00,315.0,315.0
D1,F5-2-dlinear-c2688,1,16,2021-06-01,96,1.0,True,195.0,193.50103759765625,-1.49896240234375,1.49896240234375,2021-06-01 09:00:00,2021-06-01 08:30:00,-30.0,30.0
D1,F5-2-dlinear-c2688,1,16,2021-06-02,96,1.0,True,191.0,194.7743682861328,3.7743682861328125,3.7743682861328125,2021-06-02 10:45:00,2021-06-02 15:00:00,255.0,255.0
D1,F5-2-dlinear-c2688,1,16,2021-06-03,96,1.0,True,181.0,181.94512939453125,0.94512939453125,0.94512939453125,2021-06-03 08:30:00,2021-06-03 13:30:00,300.0,300.0
D1,F5-2-dlinear-c2688,1,16,2021-06-04,96,1.0,True,173.0,177.23895263671875,4.23895263671875,4.23895263671875,2021-06-04 10:45:00,2021-06-04 08:30:00,-135.0,135.0
D1,F5-2-dlinear-c2688,1,16,2021-06-05,96,1.0,True,116.0,107.35433959960938,-8.645660400390625,8.645660400390625,2021-06-05 01:45:00,2021-06-05 03:30:00,105.0,105.0
D1,F5-2-dlinear-c2688,1,16,2021-06-06,96,1.0,True,27.0,40.5139045715332,13.513904571533203,13.513904571533203,2021-06-06 01:30:00,2021-06-06 01:30:00,0.0,0.0
D1,F5-2-dlinear-c2688,1,16,2021-06-14,96,1.0,True,204.0,182.2743377685547,-21.725662231445312,21.725662231445312,2021-06-14 09:00:00,2021-06-14 15:45:00,405.0,405.0
D1,F5-2-dlinear-c2688,1,16,2021-06-15,96,1.0,True,198.0,198.92706298828125,0.92706298828125,0.92706298828125,2021-06-15 08:45:00,2021-06-15 11:45:00,180.0,180.0
D1,F5-2-dlinear-c2688,1,16,2021-06-16,96,1.0,True,193.0,184.08944702148438,-8.910552978515625,8.910552978515625,2021-06-16 10:45:00,2021-06-16 13:45:00,180.0,180.0
D1,F5-2-dlinear-c2688,1,16,2021-06-17,96,1.0,True,197.0,180.69522094726562,-16.304779052734375,16.304779052734375,2021-06-17 08:45:00,2021-06-17 13:15:00,270.0,270.0
D1,F5-2-dlinear-c2688,1,16,2021-06-18,96,1.0,True,186.0,176.30950927734375,-9.69049072265625,9.69049072265625,2021-06-18 10:00:00,2021-06-18 10:00:00,0.0,0.0
D1,F5-2-dlinear-c2688,1,16,2021-06-19,96,1.0,True,119.0,117.43862915039062,-1.561370849609375,1.561370849609375,2021-06-19 02:15:00,2021-06-19 03:45:00,90.0,90.0
D1,F5-2-dlinear-c2688,1,16,2021-06-20,96,1.0,True,28.0,37.44317626953125,9.44317626953125,9.44317626953125,2021-06-20 15:15:00,2021-06-20 15:00:00,-15.0,15.0
D1,F5-2-dlinear-c2688,2,4,2021-07-12,96,1.0,True,198.0,199.11563110351562,1.115631103515625,1.115631103515625,2021-07-12 08:45:00,2021-07-12 10:45:00,120.0,120.0
D1,F5-2-dlinear-c2688,2,4,2021-07-13,1,0.010416666666666666,False,79.0,93.68318176269531,14.683181762695312,14.683181762695312,2021-07-13 00:00:00,2021-07-13 00:00:00,0.0,0.0
D1,F5-2-dlinear-c2688,2,4,2021-07-17,80,0.8333333333333334,False,108.0,99.86924743652344,-8.130752563476562,8.130752563476562,2021-07-17 06:00:00,2021-07-17 04:00:00,-120.0,120.0
D1,F5-2-dlinear-c2688,2,4,2021-07-18,84,0.875,False,28.0,33.852115631103516,5.852115631103516,5.852115631103516,2021-07-18 04:30:00,2021-07-18 12:30:00,480.0,480.0
D1,F5-2-dlinear-c2688,2,4,2021-07-26,84,0.875,False,217.0,205.4538116455078,-11.546188354492188,11.546188354492188,2021-07-26 08:30:00,2021-07-26 11:30:00,180.0,180.0
D1,F5-2-dlinear-c2688,2,4,2021-07-27,84,0.875,False,211.0,204.45623779296875,-6.54376220703125,6.54376220703125,2021-07-27 11:45:00,2021-07-27 11:45:00,0.0,0.0
D1,F5-2-dlinear-c2688,2,4,2021-07-28,84,0.875,False,212.0,211.24107360839844,-0.7589263916015625,0.7589263916015625,2021-07-28 12:00:00,2021-07-28 09:00:00,-180.0,180.0
D1,F5-2-dlinear-c2688,2,4,2021-07-29,84,0.875,False,211.0,205.48558044433594,-5.5144195556640625,5.5144195556640625,2021-07-29 12:00:00,2021-07-29 12:00:00,0.0,0.0
D1,F5-2-dlinear-c2688,2,4,2021-07-30,85,0.8854166666666666,False,212.0,211.61981201171875,-0.38018798828125,0.38018798828125,2021-07-30 12:00:00,2021-07-30 08:45:00,-195.0,195.0
D1,F5-2-dlinear-c2688,2,4,2021-07-31,96,1.0,True,80.0,89.604248046875,9.604248046875,9.604248046875,2021-07-31 00:00:00,2021-07-31 00:00:00,0.0,0.0
D1,F5-2-dlinear-c2688,2,4,2021-08-01,96,1.0,True,28.0,34.40233612060547,6.402336120605469,6.402336120605469,2021-08-01 09:00:00,2021-08-01 17:45:00,525.0,525.0
D1,F5-2-dlinear-c2688,2,4,2021-08-09,39,0.40625,False,215.0,140.88482666015625,-74.11517333984375,74.11517333984375,2021-08-09 08:45:00,2021-08-09 09:30:00,45.0,45.0
D1,F5-2-dlinear-c2688,2,5,2021-07-12,96,1.0,True,198.0,203.27586364746094,5.2758636474609375,5.2758636474609375,2021-07-12 08:45:00,2021-07-12 10:45:00,120.0,120.0
D1,F5-2-dlinear-c2688,2,5,2021-07-13,1,0.010416666666666666,False,79.0,93.0558853149414,14.055885314941406,14.055885314941406,2021-07-13 00:00:00,2021-07-13 00:00:00,0.0,0.0
D1,F5-2-dlinear-c2688,2,5,2021-07-17,79,0.8229166666666666,False,108.0,107.08549499511719,-0.9145050048828125,0.9145050048828125,2021-07-17 06:00:00,2021-07-17 04:15:00,-105.0,105.0
D1,F5-2-dlinear-c2688,2,5,2021-07-18,84,0.875,False,28.0,32.63938903808594,4.6393890380859375,4.6393890380859375,2021-07-18 04:30:00,2021-07-18 10:30:00,360.0,360.0
D1,F5-2-dlinear-c2688,2,5,2021-07-26,84,0.875,False,217.0,207.67202758789062,-9.327972412109375,9.327972412109375,2021-07-26 08:30:00,2021-07-26 11:15:00,165.0,165.0
D1,F5-2-dlinear-c2688,2,5,2021-07-27,84,0.875,False,211.0,193.20672607421875,-17.79327392578125,17.79327392578125,2021-07-27 11:45:00,2021-07-27 12:00:00,15.0,15.0
D1,F5-2-dlinear-c2688,2,5,2021-07-28,84,0.875,False,212.0,218.18106079101562,6.181060791015625,6.181060791015625,2021-07-28 12:00:00,2021-07-28 09:00:00,-180.0,180.0
D1,F5-2-dlinear-c2688,2,5,2021-07-29,84,0.875,False,211.0,196.18338012695312,-14.816619873046875,14.816619873046875,2021-07-29 12:00:00,2021-07-29 12:00:00,0.0,0.0
D1,F5-2-dlinear-c2688,2,5,2021-07-30,85,0.8854166666666666,False,212.0,208.06655883789062,-3.933441162109375,3.933441162109375,2021-07-30 12:00:00,2021-07-30 08:45:00,-195.0,195.0
D1,F5-2-dlinear-c2688,2,5,2021-07-31,96,1.0,True,80.0,94.18275451660156,14.182754516601562,14.182754516601562,2021-07-31 00:00:00,2021-07-31 01:15:00,75.0,75.0
D1,F5-2-dlinear-c2688,2,5,2021-08-01,96,1.0,True,28.0,34.32118606567383,6.321186065673828,6.321186065673828,2021-08-01 09:00:00,2021-08-01 18:00:00,540.0,540.0
D1,F5-2-dlinear-c2688,2,5,2021-08-09,39,0.40625,False,215.0,130.25338745117188,-84.74661254882812,84.74661254882812,2021-08-09 08:45:00,2021-08-09 09:30:00,45.0,45.0
D1,F5-2-dlinear-c2688,2,6,2021-07-12,96,1.0,True,198.0,193.52224731445312,-4.477752685546875,4.477752685546875,2021-07-12 08:45:00,2021-07-12 10:45:00,120.0,120.0
D1,F5-2-dlinear-c2688,2,6,2021-07-13,1,0.010416666666666666,False,79.0,91.78862762451172,12.788627624511719,12.788627624511719,2021-07-13 00:00:00,2021-07-13 00:00:00,0.0,0.0
D1,F5-2-dlinear-c2688,2,6,2021-07-17,78,0.8125,False,108.0,101.77395629882812,-6.226043701171875,6.226043701171875,2021-07-17 06:00:00,2021-07-17 06:30:00,30.0,30.0
D1,F5-2-dlinear-c2688,2,6,2021-07-18,84,0.875,False,28.0,33.46782302856445,5.467823028564453,5.467823028564453,2021-07-18 01:15:00,2021-07-18 21:30:00,1215.0,1215.0
D1,F5-2-dlinear-c2688,2,6,2021-07-26,84,0.875,False,217.0,199.96102905273438,-17.038970947265625,17.038970947265625,2021-07-26 08:30:00,2021-07-26 11:30:00,180.0,180.0
D1,F5-2-dlinear-c2688,2,6,2021-07-27,84,0.875,False,211.0,201.97216796875,-9.02783203125,9.02783203125,2021-07-27 11:45:00,2021-07-27 13:30:00,105.0,105.0
D1,F5-2-dlinear-c2688,2,6,2021-07-28,84,0.875,False,212.0,208.1502685546875,-3.8497314453125,3.8497314453125,2021-07-28 12:00:00,2021-07-28 09:00:00,-180.0,180.0
D1,F5-2-dlinear-c2688,2,6,2021-07-29,84,0.875,False,211.0,205.79122924804688,-5.208770751953125,5.208770751953125,2021-07-29 12:00:00,2021-07-29 13:30:00,90.0,90.0
D1,F5-2-dlinear-c2688,2,6,2021-07-30,85,0.8854166666666666,False,212.0,215.6260528564453,3.6260528564453125,3.6260528564453125,2021-07-30 12:00:00,2021-07-30 13:30:00,90.0,90.0
D1,F5-2-dlinear-c2688,2,6,2021-07-31,96,1.0,True,80.0,99.4383773803711,19.438377380371094,19.438377380371094,2021-07-31 00:00:00,2021-07-31 01:30:00,90.0,90.0
D1,F5-2-dlinear-c2688,2,6,2021-08-01,96,1.0,True,28.0,33.75421905517578,5.754219055175781,5.754219055175781,2021-08-01 09:00:00,2021-08-01 18:00:00,540.0,540.0
D1,F5-2-dlinear-c2688,2,6,2021-08-09,39,0.40625,False,215.0,101.53826904296875,-113.46173095703125,113.46173095703125,2021-08-09 08:45:00,2021-08-09 09:30:00,45.0,45.0
D1,F5-2-dlinear-c2688,2,7,2021-07-12,96,1.0,True,198.0,188.90786743164062,-9.092132568359375,9.092132568359375,2021-07-12 08:45:00,2021-07-12 11:00:00,135.0,135.0
D1,F5-2-dlinear-c2688,2,7,2021-07-13,1,0.010416666666666666,False,79.0,86.03288269042969,7.0328826904296875,7.0328826904296875,2021-07-13 00:00:00,2021-07-13 00:00:00,0.0,0.0
D1,F5-2-dlinear-c2688,2,7,2021-07-17,77,0.8020833333333334,False,108.0,105.59452819824219,-2.4054718017578125,2.4054718017578125,2021-07-17 06:00:00,2021-07-17 04:45:00,-75.0,75.0
D1,F5-2-dlinear-c2688,2,7,2021-07-18,84,0.875,False,28.0,34.5511474609375,6.5511474609375,6.5511474609375,2021-07-18 01:15:00,2021-07-18 15:00:00,825.0,825.0
D1,F5-2-dlinear-c2688,2,7,2021-07-26,84,0.875,False,217.0,202.07666015625,-14.92333984375,14.92333984375,2021-07-26 08:30:00,2021-07-26 10:45:00,135.0,135.0
D1,F5-2-dlinear-c2688,2,7,2021-07-27,84,0.875,False,211.0,207.96719360351562,-3.032806396484375,3.032806396484375,2021-07-27 11:45:00,2021-07-27 13:30:00,105.0,105.0
D1,F5-2-dlinear-c2688,2,7,2021-07-28,84,0.875,False,212.0,209.52268981933594,-2.4773101806640625,2.4773101806640625,2021-07-28 12:00:00,2021-07-28 13:45:00,105.0,105.0
D1,F5-2-dlinear-c2688,2,7,2021-07-29,84,0.875,False,211.0,205.53619384765625,-5.46380615234375,5.46380615234375,2021-07-29 12:00:00,2021-07-29 13:45:00,105.0,105.0
D1,F5-2-dlinear-c2688,2,7,2021-07-30,85,0.8854166666666666,False,212.0,205.59912109375,-6.40087890625,6.40087890625,2021-07-30 12:00:00,2021-07-30 13:45:00,105.0,105.0
D1,F5-2-dlinear-c2688,2,7,2021-07-31,96,1.0,True,80.0,109.94731903076172,29.94731903076172,29.94731903076172,2021-07-31 00:00:00,2021-07-31 01:30:00,90.0,90.0
D1,F5-2-dlinear-c2688,2,7,2021-08-01,96,1.0,True,28.0,32.31100082397461,4.311000823974609,4.311000823974609,2021-08-01 09:00:00,2021-08-01 15:00:00,360.0,360.0
D1,F5-2-dlinear-c2688,2,7,2021-08-09,39,0.40625,False,215.0,80.50285339355469,-134.4971466064453,134.4971466064453,2021-08-09 08:45:00,2021-08-09 09:30:00,45.0,45.0
D1,F5-2-dlinear-c2688,2,8,2021-07-12,96,1.0,True,198.0,199.69976806640625,1.69976806640625,1.69976806640625,2021-07-12 08:45:00,2021-07-12 11:15:00,150.0,150.0
D1,F5-2-dlinear-c2688,2,8,2021-07-13,1,0.010416666666666666,False,79.0,78.87777709960938,-0.122222900390625,0.122222900390625,2021-07-13 00:00:00,2021-07-13 00:00:00,0.0,0.0
D1,F5-2-dlinear-c2688,2,8,2021-07-17,76,0.7916666666666666,False,108.0,100.68505096435547,-7.314949035644531,7.314949035644531,2021-07-17 06:00:00,2021-07-17 05:00:00,-60.0,60.0
D1,F5-2-dlinear-c2688,2,8,2021-07-18,84,0.875,False,28.0,41.59730529785156,13.597305297851562,13.597305297851562,2021-07-18 01:15:00,2021-07-18 15:00:00,825.0,825.0
D1,F5-2-dlinear-c2688,2,8,2021-07-26,84,0.875,False,217.0,213.06185913085938,-3.938140869140625,3.938140869140625,2021-07-26 08:30:00,2021-07-26 10:45:00,135.0,135.0
D1,F5-2-dlinear-c2688,2,8,2021-07-27,84,0.875,False,211.0,202.30758666992188,-8.692413330078125,8.692413330078125,2021-07-27 11:45:00,2021-07-27 13:45:00,120.0,120.0
D1,F5-2-dlinear-c2688,2,8,2021-07-28,84,0.875,False,212.0,207.62322998046875,-4.37677001953125,4.37677001953125,2021-07-28 12:00:00,2021-07-28 14:00:00,120.0,120.0
D1,F5-2-dlinear-c2688,2,8,2021-07-29,84,0.875,False,211.0,197.26556396484375,-13.73443603515625,13.73443603515625,2021-07-29 12:00:00,2021-07-29 14:00:00,120.0,120.0
D1,F5-2-dlinear-c2688,2,8,2021-07-30,85,0.8854166666666666,False,212.0,201.412109375,-10.587890625,10.587890625,2021-07-30 12:00:00,2021-07-30 13:30:00,90.0,90.0
D1,F5-2-dlinear-c2688,2,8,2021-07-31,96,1.0,True,80.0,105.28240966796875,25.28240966796875,25.28240966796875,2021-07-31 00:00:00,2021-07-31 01:30:00,90.0,90.0
D1,F5-2-dlinear-c2688,2,8,2021-08-01,96,1.0,True,28.0,41.733272552490234,13.733272552490234,13.733272552490234,2021-08-01 09:00:00,2021-08-01 15:00:00,360.0,360.0
D1,F5-2-dlinear-c2688,2,8,2021-08-09,39,0.40625,False,215.0,79.23631286621094,-135.76368713378906,135.76368713378906,2021-08-09 08:45:00,2021-08-09 08:30:00,-15.0,15.0
D1,F5-2-dlinear-c2688,2,9,2021-07-12,96,1.0,True,198.0,195.63235473632812,-2.367645263671875,2.367645263671875,2021-07-12 08:45:00,2021-07-12 10:45:00,120.0,120.0
D1,F5-2-dlinear-c2688,2,9,2021-07-13,1,0.010416666666666666,False,79.0,89.09989929199219,10.099899291992188,10.099899291992188,2021-07-13 00:00:00,2021-07-13 00:00:00,0.0,0.0
D1,F5-2-dlinear-c2688,2,9,2021-07-17,75,0.78125,False,108.0,102.40308380126953,-5.596916198730469,5.596916198730469,2021-07-17 06:00:00,2021-07-17 06:30:00,30.0,30.0
D1,F5-2-dlinear-c2688,2,9,2021-07-18,84,0.875,False,28.0,37.35894775390625,9.35894775390625,9.35894775390625,2021-07-18 01:15:00,2021-07-18 21:30:00,1215.0,1215.0
D1,F5-2-dlinear-c2688,2,9,2021-07-26,84,0.875,False,217.0,211.4575653076172,-5.5424346923828125,5.5424346923828125,2021-07-26 08:30:00,2021-07-26 10:45:00,135.0,135.0
D1,F5-2-dlinear-c2688,2,9,2021-07-27,84,0.875,False,211.0,199.79994201660156,-11.200057983398438,11.200057983398438,2021-07-27 11:45:00,2021-07-27 13:45:00,120.0,120.0
D1,F5-2-dlinear-c2688,2,9,2021-07-28,84,0.875,False,212.0,211.6348419189453,-0.3651580810546875,0.3651580810546875,2021-07-28 12:00:00,2021-07-28 14:15:00,135.0,135.0
D1,F5-2-dlinear-c2688,2,9,2021-07-29,84,0.875,False,211.0,196.4423828125,-14.5576171875,14.5576171875,2021-07-29 12:00:00,2021-07-29 16:00:00,240.0,240.0
D1,F5-2-dlinear-c2688,2,9,2021-07-30,85,0.8854166666666666,False,212.0,209.9947052001953,-2.0052947998046875,2.0052947998046875,2021-07-30 12:00:00,2021-07-30 10:00:00,-120.0,120.0
D1,F5-2-dlinear-c2688,2,9,2021-07-31,96,1.0,True,80.0,109.18324279785156,29.183242797851562,29.183242797851562,2021-07-31 00:00:00,2021-07-31 01:45:00,105.0,105.0
D1,F5-2-dlinear-c2688,2,9,2021-08-01,96,1.0,True,28.0,37.34184646606445,9.341846466064453,9.341846466064453,2021-08-01 09:00:00,2021-08-01 22:30:00,810.0,810.0
D1,F5-2-dlinear-c2688,2,9,2021-08-09,39,0.40625,False,215.0,76.62763977050781,-138.3723602294922,138.3723602294922,2021-08-09 08:45:00,2021-08-09 08:30:00,-15.0,15.0
D1,F5-2-dlinear-c2688,2,10,2021-07-12,96,1.0,True,198.0,196.4669647216797,-1.5330352783203125,1.5330352783203125,2021-07-12 08:45:00,2021-07-12 11:45:00,180.0,180.0
D1,F5-2-dlinear-c2688,2,10,2021-07-13,1,0.010416666666666666,False,79.0,89.36407470703125,10.36407470703125,10.36407470703125,2021-07-13 00:00:00,2021-07-13 00:00:00,0.0,0.0
D1,F5-2-dlinear-c2688,2,10,2021-07-17,74,0.7708333333333334,False,108.0,94.70050811767578,-13.299491882324219,13.299491882324219,2021-07-17 06:00:00,2021-07-17 06:30:00,30.0,30.0
D1,F5-2-dlinear-c2688,2,10,2021-07-18,84,0.875,False,28.0,37.15410614013672,9.154106140136719,9.154106140136719,2021-07-18 01:15:00,2021-07-18 10:30:00,555.0,555.0
D1,F5-2-dlinear-c2688,2,10,2021-07-26,84,0.875,False,217.0,216.93612670898438,-0.063873291015625,0.063873291015625,2021-07-26 08:30:00,2021-07-26 11:00:00,150.0,150.0
D1,F5-2-dlinear-c2688,2,10,2021-07-27,84,0.875,False,211.0,201.8480224609375,-9.1519775390625,9.1519775390625,2021-07-27 11:45:00,2021-07-27 13:45:00,120.0,120.0
D1,F5-2-dlinear-c2688,2,10,2021-07-28,84,0.875,False,212.0,207.86541748046875,-4.13458251953125,4.13458251953125,2021-07-28 12:00:00,2021-07-28 14:00:00,120.0,120.0
D1,F5-2-dlinear-c2688,2,10,2021-07-29,84,0.875,False,211.0,196.06704711914062,-14.932952880859375,14.932952880859375,2021-07-29 12:00:00,2021-07-29 14:30:00,150.0,150.0
D1,F5-2-dlinear-c2688,2,10,2021-07-30,85,0.8854166666666666,False,212.0,204.94984436035156,-7.0501556396484375,7.0501556396484375,2021-07-30 12:00:00,2021-07-30 08:45:00,-195.0,195.0
D1,F5-2-dlinear-c2688,2,10,2021-07-31,96,1.0,True,80.0,98.04615020751953,18.04615020751953,18.04615020751953,2021-07-31 00:00:00,2021-07-31 02:00:00,120.0,120.0
D1,F5-2-dlinear-c2688,2,10,2021-08-01,96,1.0,True,28.0,35.94306945800781,7.9430694580078125,7.9430694580078125,2021-08-01 09:00:00,2021-08-01 15:00:00,360.0,360.0
D1,F5-2-dlinear-c2688,2,10,2021-08-09,39,0.40625,False,215.0,87.87380981445312,-127.12619018554688,127.12619018554688,2021-08-09 08:45:00,2021-08-09 08:30:00,-15.0,15.0
D1,F5-2-dlinear-c2688,2,11,2021-07-12,96,1.0,True,198.0,195.68612670898438,-2.313873291015625,2.313873291015625,2021-07-12 08:45:00,2021-07-12 14:00:00,315.0,315.0
D1,F5-2-dlinear-c2688,2,11,2021-07-13,1,0.010416666666666666,False,79.0,89.80467224121094,10.804672241210938,10.804672241210938,2021-07-13 00:00:00,2021-07-13 00:00:00,0.0,0.0
D1,F5-2-dlinear-c2688,2,11,2021-07-17,73,0.7604166666666666,False,108.0,100.7772445678711,-7.222755432128906,7.222755432128906,2021-07-17 06:00:00,2021-07-17 06:30:00,30.0,30.0
D1,F5-2-dlinear-c2688,2,11,2021-07-18,84,0.875,False,28.0,36.10000228881836,8.10000228881836,8.10000228881836,2021-07-18 01:15:00,2021-07-18 15:00:00,825.0,825.0
D1,F5-2-dlinear-c2688,2,11,2021-07-26,84,0.875,False,217.0,213.576904296875,-3.423095703125,3.423095703125,2021-07-26 08:30:00,2021-07-26 11:15:00,165.0,165.0
D1,F5-2-dlinear-c2688,2,11,2021-07-27,84,0.875,False,211.0,196.6126251220703,-14.387374877929688,14.387374877929688,2021-07-27 11:45:00,2021-07-27 14:45:00,180.0,180.0
D1,F5-2-dlinear-c2688,2,11,2021-07-28,84,0.875,False,212.0,200.02044677734375,-11.97955322265625,11.97955322265625,2021-07-28 12:00:00,2021-07-28 14:15:00,135.0,135.0
D1,F5-2-dlinear-c2688,2,11,2021-07-29,84,0.875,False,211.0,203.1224365234375,-7.8775634765625,7.8775634765625,2021-07-29 12:00:00,2021-07-29 14:45:00,165.0,165.0
D1,F5-2-dlinear-c2688,2,11,2021-07-30,85,0.8854166666666666,False,212.0,208.2763671875,-3.7236328125,3.7236328125,2021-07-30 12:00:00,2021-07-30 08:45:00,-195.0,195.0
D1,F5-2-dlinear-c2688,2,11,2021-07-31,96,1.0,True,80.0,106.44580078125,26.44580078125,26.44580078125,2021-07-31 00:00:00,2021-07-31 02:15:00,135.0,135.0
D1,F5-2-dlinear-c2688,2,11,2021-08-01,96,1.0,True,28.0,37.51815414428711,9.51815414428711,9.51815414428711,2021-08-01 09:00:00,2021-08-01 15:00:00,360.0,360.0
D1,F5-2-dlinear-c2688,2,11,2021-08-09,39,0.40625,False,215.0,74.64348602294922,-140.35651397705078,140.35651397705078,2021-08-09 08:45:00,2021-08-09 08:30:00,-15.0,15.0
D1,F5-2-dlinear-c2688,2,12,2021-07-12,96,1.0,True,198.0,189.10379028320312,-8.896209716796875,8.896209716796875,2021-07-12 08:45:00,2021-07-12 14:00:00,315.0,315.0
D1,F5-2-dlinear-c2688,2,12,2021-07-13,1,0.010416666666666666,False,79.0,93.61983489990234,14.619834899902344,14.619834899902344,2021-07-13 00:00:00,2021-07-13 00:00:00,0.0,0.0
D1,F5-2-dlinear-c2688,2,12,2021-07-17,72,0.75,False,108.0,98.76336669921875,-9.23663330078125,9.23663330078125,2021-07-17 06:00:00,2021-07-17 06:15:00,15.0,15.0
D1,F5-2-dlinear-c2688,2,12,2021-07-18,84,0.875,False,28.0,38.10223388671875,10.10223388671875,10.10223388671875,2021-07-18 01:15:00,2021-07-18 02:00:00,45.0,45.0
D1,F5-2-dlinear-c2688,2,12,2021-07-26,84,0.875,False,217.0,213.22450256347656,-3.7754974365234375,3.7754974365234375,2021-07-26 08:30:00,2021-07-26 11:30:00,180.0,180.0
D1,F5-2-dlinear-c2688,2,12,2021-07-27,84,0.875,False,211.0,193.75634765625,-17.24365234375,17.24365234375,2021-07-27 11:45:00,2021-07-27 14:45:00,180.0,180.0
D1,F5-2-dlinear-c2688,2,12,2021-07-28,84,0.875,False,212.0,200.72393798828125,-11.27606201171875,11.27606201171875,2021-07-28 12:00:00,2021-07-28 08:45:00,-195.0,195.0
D1,F5-2-dlinear-c2688,2,12,2021-07-29,84,0.875,False,211.0,197.41720581054688,-13.582794189453125,13.582794189453125,2021-07-29 12:00:00,2021-07-29 14:30:00,150.0,150.0
D1,F5-2-dlinear-c2688,2,12,2021-07-30,85,0.8854166666666666,False,212.0,212.65194702148438,0.651947021484375,0.651947021484375,2021-07-30 12:00:00,2021-07-30 08:45:00,-195.0,195.0
D1,F5-2-dlinear-c2688,2,12,2021-07-31,96,1.0,True,80.0,102.29200744628906,22.292007446289062,22.292007446289062,2021-07-31 00:00:00,2021-07-31 01:30:00,90.0,90.0
D1,F5-2-dlinear-c2688,2,12,2021-08-01,96,1.0,True,28.0,36.702938079833984,8.702938079833984,8.702938079833984,2021-08-01 09:00:00,2021-08-01 15:00:00,360.0,360.0
D1,F5-2-dlinear-c2688,2,12,2021-08-09,39,0.40625,False,215.0,78.40819549560547,-136.59180450439453,136.59180450439453,2021-08-09 08:45:00,2021-08-09 08:30:00,-15.0,15.0
D1,F5-2-dlinear-c2688,2,13,2021-07-12,96,1.0,True,198.0,187.6444854736328,-10.355514526367188,10.355514526367188,2021-07-12 08:45:00,2021-07-12 11:45:00,180.0,180.0
D1,F5-2-dlinear-c2688,2,13,2021-07-13,1,0.010416666666666666,False,79.0,93.9857406616211,14.985740661621094,14.985740661621094,2021-07-13 00:00:00,2021-07-13 00:00:00,0.0,0.0
D1,F5-2-dlinear-c2688,2,13,2021-07-17,71,0.7395833333333334,False,96.0,104.64213562011719,8.642135620117188,8.642135620117188,2021-07-17 06:15:00,2021-07-17 06:15:00,0.0,0.0
D1,F5-2-dlinear-c2688,2,13,2021-07-18,84,0.875,False,28.0,36.07941436767578,8.079414367675781,8.079414367675781,2021-07-18 01:15:00,2021-07-18 02:15:00,60.0,60.0
D1,F5-2-dlinear-c2688,2,13,2021-07-26,84,0.875,False,217.0,210.92408752441406,-6.0759124755859375,6.0759124755859375,2021-07-26 08:30:00,2021-07-26 11:45:00,195.0,195.0
D1,F5-2-dlinear-c2688,2,13,2021-07-27,84,0.875,False,211.0,197.80197143554688,-13.198028564453125,13.198028564453125,2021-07-27 11:45:00,2021-07-27 11:45:00,0.0,0.0
D1,F5-2-dlinear-c2688,2,13,2021-07-28,84,0.875,False,212.0,209.31642150878906,-2.6835784912109375,2.6835784912109375,2021-07-28 12:00:00,2021-07-28 11:30:00,-30.0,30.0
D1,F5-2-dlinear-c2688,2,13,2021-07-29,84,0.875,False,211.0,201.53846740722656,-9.461532592773438,9.461532592773438,2021-07-29 12:00:00,2021-07-29 14:30:00,150.0,150.0
D1,F5-2-dlinear-c2688,2,13,2021-07-30,85,0.8854166666666666,False,212.0,209.19723510742188,-2.802764892578125,2.802764892578125,2021-07-30 12:00:00,2021-07-30 11:00:00,-60.0,60.0
D1,F5-2-dlinear-c2688,2,13,2021-07-31,96,1.0,True,80.0,101.52000427246094,21.520004272460938,21.520004272460938,2021-07-31 00:00:00,2021-07-31 01:30:00,90.0,90.0
D1,F5-2-dlinear-c2688,2,13,2021-08-01,96,1.0,True,28.0,32.69540023803711,4.695400238037109,4.695400238037109,2021-08-01 09:00:00,2021-08-01 05:45:00,-195.0,195.0
D1,F5-2-dlinear-c2688,2,13,2021-08-09,39,0.40625,False,215.0,71.65264892578125,-143.34735107421875,143.34735107421875,2021-08-09 08:45:00,2021-08-09 08:30:00,-15.0,15.0
D1,F5-2-dlinear-c2688,2,14,2021-07-12,96,1.0,True,198.0,196.66537475585938,-1.334625244140625,1.334625244140625,2021-07-12 08:45:00,2021-07-12 13:30:00,285.0,285.0
D1,F5-2-dlinear-c2688,2,14,2021-07-13,1,0.010416666666666666,False,79.0,90.75784301757812,11.757843017578125,11.757843017578125,2021-07-13 00:00:00,2021-07-13 00:00:00,0.0,0.0
D1,F5-2-dlinear-c2688,2,14,2021-07-17,70,0.7291666666666666,False,88.0,104.13500213623047,16.13500213623047,16.13500213623047,2021-07-17 07:15:00,2021-07-17 06:30:00,-45.0,45.0
D1,F5-2-dlinear-c2688,2,14,2021-07-18,84,0.875,False,28.0,39.866355895996094,11.866355895996094,11.866355895996094,2021-07-18 01:15:00,2021-07-18 15:00:00,825.0,825.0
D1,F5-2-dlinear-c2688,2,14,2021-07-26,84,0.875,False,217.0,199.8871307373047,-17.112869262695312,17.112869262695312,2021-07-26 08:30:00,2021-07-26 11:45:00,195.0,195.0
D1,F5-2-dlinear-c2688,2,14,2021-07-27,84,0.875,False,211.0,185.21786499023438,-25.782135009765625,25.782135009765625,2021-07-27 11:45:00,2021-07-27 14:45:00,180.0,180.0
D1,F5-2-dlinear-c2688,2,14,2021-07-28,84,0.875,False,212.0,206.64669799804688,-5.353302001953125,5.353302001953125,2021-07-28 12:00:00,2021-07-28 11:45:00,-15.0,15.0
D1,F5-2-dlinear-c2688,2,14,2021-07-29,84,0.875,False,211.0,195.93447875976562,-15.065521240234375,15.065521240234375,2021-07-29 12:00:00,2021-07-29 14:45:00,165.0,165.0
D1,F5-2-dlinear-c2688,2,14,2021-07-30,84,0.875,False,212.0,204.82394409179688,-7.176055908203125,7.176055908203125,2021-07-30 12:00:00,2021-07-30 08:45:00,-195.0,195.0
D1,F5-2-dlinear-c2688,2,14,2021-07-31,96,1.0,True,80.0,104.63523864746094,24.635238647460938,24.635238647460938,2021-07-31 00:00:00,2021-07-31 01:30:00,90.0,90.0
D1,F5-2-dlinear-c2688,2,14,2021-08-01,96,1.0,True,28.0,39.83384704589844,11.833847045898438,11.833847045898438,2021-08-01 09:00:00,2021-08-01 15:00:00,360.0,360.0
D1,F5-2-dlinear-c2688,2,14,2021-08-09,39,0.40625,False,215.0,75.50382995605469,-139.4961700439453,139.4961700439453,2021-08-09 08:45:00,2021-08-09 09:30:00,45.0,45.0
D1,F5-2-dlinear-c2688,2,15,2021-07-12,96,1.0,True,198.0,194.53863525390625,-3.46136474609375,3.46136474609375,2021-07-12 08:45:00,2021-07-12 13:45:00,300.0,300.0
D1,F5-2-dlinear-c2688,2,15,2021-07-13,1,0.010416666666666666,False,79.0,82.50418853759766,3.5041885375976562,3.5041885375976562,2021-07-13 00:00:00,2021-07-13 00:00:00,0.0,0.0
D1,F5-2-dlinear-c2688,2,15,2021-07-17,69,0.71875,False,88.0,102.89918518066406,14.899185180664062,14.899185180664062,2021-07-17 07:15:00,2021-07-17 06:45:00,-30.0,30.0
D1,F5-2-dlinear-c2688,2,15,2021-07-18,84,0.875,False,28.0,42.28693389892578,14.286933898925781,14.286933898925781,2021-07-18 01:15:00,2021-07-18 02:00:00,45.0,45.0
D1,F5-2-dlinear-c2688,2,15,2021-07-26,84,0.875,False,217.0,188.44677734375,-28.55322265625,28.55322265625,2021-07-26 08:30:00,2021-07-26 13:45:00,315.0,315.0
D1,F5-2-dlinear-c2688,2,15,2021-07-27,84,0.875,False,211.0,203.80364990234375,-7.19635009765625,7.19635009765625,2021-07-27 11:45:00,2021-07-27 15:45:00,240.0,240.0
D1,F5-2-dlinear-c2688,2,15,2021-07-28,84,0.875,False,212.0,205.34786987304688,-6.652130126953125,6.652130126953125,2021-07-28 12:00:00,2021-07-28 11:30:00,-30.0,30.0
D1,F5-2-dlinear-c2688,2,15,2021-07-29,84,0.875,False,211.0,207.47604370117188,-3.523956298828125,3.523956298828125,2021-07-29 12:00:00,2021-07-29 15:45:00,225.0,225.0
D1,F5-2-dlinear-c2688,2,15,2021-07-30,84,0.875,False,212.0,214.50926208496094,2.5092620849609375,2.5092620849609375,2021-07-30 12:00:00,2021-07-30 08:45:00,-195.0,195.0
D1,F5-2-dlinear-c2688,2,15,2021-07-31,96,1.0,True,80.0,101.67134094238281,21.671340942382812,21.671340942382812,2021-07-31 00:00:00,2021-07-31 03:45:00,225.0,225.0
D1,F5-2-dlinear-c2688,2,15,2021-08-01,96,1.0,True,28.0,38.654293060302734,10.654293060302734,10.654293060302734,2021-08-01 09:00:00,2021-08-01 15:00:00,360.0,360.0
D1,F5-2-dlinear-c2688,2,15,2021-08-09,39,0.40625,False,215.0,76.11679077148438,-138.88320922851562,138.88320922851562,2021-08-09 08:45:00,2021-08-09 08:30:00,-15.0,15.0
D1,F5-2-dlinear-c2688,2,16,2021-07-12,96,1.0,True,198.0,199.38876342773438,1.388763427734375,1.388763427734375,2021-07-12 08:45:00,2021-07-12 14:00:00,315.0,315.0
D1,F5-2-dlinear-c2688,2,16,2021-07-13,1,0.010416666666666666,False,79.0,95.02620697021484,16.026206970214844,16.026206970214844,2021-07-13 00:00:00,2021-07-13 00:00:00,0.0,0.0
D1,F5-2-dlinear-c2688,2,16,2021-07-17,68,0.7083333333333334,False,88.0,99.10163879394531,11.101638793945312,11.101638793945312,2021-07-17 07:15:00,2021-07-17 07:00:00,-15.0,15.0
D1,F5-2-dlinear-c2688,2,16,2021-07-18,84,0.875,False,28.0,42.40789031982422,14.407890319824219,14.407890319824219,2021-07-18 01:15:00,2021-07-18 02:15:00,60.0,60.0
D1,F5-2-dlinear-c2688,2,16,2021-07-26,84,0.875,False,217.0,190.92498779296875,-26.07501220703125,26.07501220703125,2021-07-26 08:30:00,2021-07-26 13:45:00,315.0,315.0
D1,F5-2-dlinear-c2688,2,16,2021-07-27,84,0.875,False,211.0,195.43345642089844,-15.566543579101562,15.566543579101562,2021-07-27 11:45:00,2021-07-27 16:00:00,255.0,255.0
D1,F5-2-dlinear-c2688,2,16,2021-07-28,84,0.875,False,212.0,201.69189453125,-10.30810546875,10.30810546875,2021-07-28 12:00:00,2021-07-28 14:00:00,120.0,120.0
D1,F5-2-dlinear-c2688,2,16,2021-07-29,84,0.875,False,211.0,194.0948944091797,-16.905105590820312,16.905105590820312,2021-07-29 12:00:00,2021-07-29 16:00:00,240.0,240.0
D1,F5-2-dlinear-c2688,2,16,2021-07-30,84,0.875,False,212.0,200.2334442138672,-11.766555786132812,11.766555786132812,2021-07-30 12:00:00,2021-07-30 08:30:00,-210.0,210.0
D1,F5-2-dlinear-c2688,2,16,2021-07-31,96,1.0,True,80.0,99.1434326171875,19.1434326171875,19.1434326171875,2021-07-31 00:00:00,2021-07-31 03:45:00,225.0,225.0
D1,F5-2-dlinear-c2688,2,16,2021-08-01,96,1.0,True,28.0,41.48485565185547,13.484855651855469,13.484855651855469,2021-08-01 09:00:00,2021-08-01 21:15:00,735.0,735.0
D1,F5-2-dlinear-c2688,2,16,2021-08-09,39,0.40625,False,215.0,82.12933349609375,-132.87066650390625,132.87066650390625,2021-08-09 08:45:00,2021-08-09 08:30:00,-15.0,15.0
D2,F5-2-dlinear-c2688,0,4,2021-04-19,96,1.0,True,172.0,167.90985107421875,-4.09014892578125,4.09014892578125,2021-04-19 08:45:00,2021-04-19 14:00:00,315.0,315.0
D2,F5-2-dlinear-c2688,0,4,2021-04-20,96,1.0,True,172.0,186.8736572265625,14.8736572265625,14.8736572265625,2021-04-20 08:45:00,2021-04-20 15:45:00,420.0,420.0
D2,F5-2-dlinear-c2688,0,4,2021-04-21,96,1.0,True,174.0,198.64077758789062,24.640777587890625,24.640777587890625,2021-04-21 08:30:00,2021-04-21 08:30:00,0.0,0.0
D2,F5-2-dlinear-c2688,0,4,2021-04-22,96,1.0,True,174.0,187.13290405273438,13.132904052734375,13.132904052734375,2021-04-22 08:30:00,2021-04-22 08:30:00,0.0,0.0
D2,F5-2-dlinear-c2688,0,4,2021-04-23,96,1.0,True,174.0,176.32493591308594,2.3249359130859375,2.3249359130859375,2021-04-23 08:30:00,2021-04-23 08:30:00,0.0,0.0
D2,F5-2-dlinear-c2688,0,4,2021-04-24,96,1.0,True,112.0,102.1524887084961,-9.847511291503906,9.847511291503906,2021-04-24 06:15:00,2021-04-24 04:45:00,-90.0,90.0
D2,F5-2-dlinear-c2688,0,4,2021-04-25,96,1.0,True,25.0,47.72677230834961,22.72677230834961,22.72677230834961,2021-04-25 01:30:00,2021-04-25 09:45:00,495.0,495.0
D2,F5-2-dlinear-c2688,0,4,2021-05-03,96,1.0,True,184.0,186.39474487304688,2.394744873046875,2.394744873046875,2021-05-03 08:30:00,2021-05-03 15:00:00,390.0,390.0
D2,F5-2-dlinear-c2688,0,4,2021-05-04,96,1.0,True,181.0,193.04608154296875,12.04608154296875,12.04608154296875,2021-05-04 08:30:00,2021-05-04 08:30:00,0.0,0.0
D2,F5-2-dlinear-c2688,0,4,2021-05-05,96,1.0,True,120.0,152.28024291992188,32.280242919921875,32.280242919921875,2021-05-05 04:15:00,2021-05-05 08:30:00,255.0,255.0
D2,F5-2-dlinear-c2688,0,4,2021-05-06,96,1.0,True,199.0,167.68328857421875,-31.31671142578125,31.31671142578125,2021-05-06 09:00:00,2021-05-06 11:00:00,120.0,120.0
D2,F5-2-dlinear-c2688,0,4,2021-05-07,96,1.0,True,181.0,184.359130859375,3.359130859375,3.359130859375,2021-05-07 09:00:00,2021-05-07 10:00:00,60.0,60.0
D2,F5-2-dlinear-c2688,0,4,2021-05-08,96,1.0,True,115.0,107.00355529785156,-7.9964447021484375,7.9964447021484375,2021-05-08 02:00:00,2021-05-08 04:00:00,120.0,120.0
D2,F5-2-dlinear-c2688,0,4,2021-05-09,96,1.0,True,184.0,154.0316162109375,-29.9683837890625,29.9683837890625,2021-05-09 09:00:00,2021-05-09 12:00:00,180.0,180.0
D2,F5-2-dlinear-c2688,0,5,2021-04-19,96,1.0,True,172.0,169.58787536621094,-2.4121246337890625,2.4121246337890625,2021-04-19 08:45:00,2021-04-19 13:45:00,300.0,300.0
D2,F5-2-dlinear-c2688,0,5,2021-04-20,96,1.0,True,172.0,189.99798583984375,17.99798583984375,17.99798583984375,2021-04-20 08:45:00,2021-04-20 13:30:00,285.0,285.0
D2,F5-2-dlinear-c2688,0,5,2021-04-21,96,1.0,True,174.0,205.463623046875,31.463623046875,31.463623046875,2021-04-21 08:30:00,2021-04-21 08:30:00,0.0,0.0
D2,F5-2-dlinear-c2688,0,5,2021-04-22,96,1.0,True,174.0,188.60382080078125,14.60382080078125,14.60382080078125,2021-04-22 08:30:00,2021-04-22 08:30:00,0.0,0.0
D2,F5-2-dlinear-c2688,0,5,2021-04-23,96,1.0,True,174.0,177.98101806640625,3.98101806640625,3.98101806640625,2021-04-23 08:30:00,2021-04-23 08:30:00,0.0,0.0
D2,F5-2-dlinear-c2688,0,5,2021-04-24,96,1.0,True,112.0,100.86013793945312,-11.139862060546875,11.139862060546875,2021-04-24 06:15:00,2021-04-24 04:30:00,-105.0,105.0
D2,F5-2-dlinear-c2688,0,5,2021-04-25,96,1.0,True,25.0,49.04926300048828,24.04926300048828,24.04926300048828,2021-04-25 01:30:00,2021-04-25 10:00:00,510.0,510.0
D2,F5-2-dlinear-c2688,0,5,2021-05-03,96,1.0,True,184.0,186.76861572265625,2.76861572265625,2.76861572265625,2021-05-03 08:30:00,2021-05-03 13:15:00,285.0,285.0
D2,F5-2-dlinear-c2688,0,5,2021-05-04,96,1.0,True,181.0,194.60287475585938,13.602874755859375,13.602874755859375,2021-05-04 08:30:00,2021-05-04 08:30:00,0.0,0.0
D2,F5-2-dlinear-c2688,0,5,2021-05-05,96,1.0,True,120.0,166.88174438476562,46.881744384765625,46.881744384765625,2021-05-05 04:15:00,2021-05-05 08:30:00,255.0,255.0
D2,F5-2-dlinear-c2688,0,5,2021-05-06,96,1.0,True,199.0,169.93658447265625,-29.06341552734375,29.06341552734375,2021-05-06 09:00:00,2021-05-06 10:45:00,105.0,105.0
D2,F5-2-dlinear-c2688,0,5,2021-05-07,96,1.0,True,181.0,187.89398193359375,6.89398193359375,6.89398193359375,2021-05-07 09:00:00,2021-05-07 14:30:00,330.0,330.0
D2,F5-2-dlinear-c2688,0,5,2021-05-08,96,1.0,True,115.0,108.00518798828125,-6.99481201171875,6.99481201171875,2021-05-08 02:00:00,2021-05-08 04:15:00,135.0,135.0
D2,F5-2-dlinear-c2688,0,5,2021-05-09,96,1.0,True,184.0,147.33340454101562,-36.666595458984375,36.666595458984375,2021-05-09 09:00:00,2021-05-09 12:00:00,180.0,180.0
D2,F5-2-dlinear-c2688,0,6,2021-04-19,96,1.0,True,172.0,161.54307556152344,-10.456924438476562,10.456924438476562,2021-04-19 08:45:00,2021-04-19 14:00:00,315.0,315.0
D2,F5-2-dlinear-c2688,0,6,2021-04-20,96,1.0,True,172.0,197.2637481689453,25.263748168945312,25.263748168945312,2021-04-20 08:45:00,2021-04-20 15:45:00,420.0,420.0
D2,F5-2-dlinear-c2688,0,6,2021-04-21,96,1.0,True,174.0,198.67481994628906,24.674819946289062,24.674819946289062,2021-04-21 08:30:00,2021-04-21 08:30:00,0.0,0.0
D2,F5-2-dlinear-c2688,0,6,2021-04-22,96,1.0,True,174.0,184.34228515625,10.34228515625,10.34228515625,2021-04-22 08:30:00,2021-04-22 08:30:00,0.0,0.0
D2,F5-2-dlinear-c2688,0,6,2021-04-23,96,1.0,True,174.0,181.26434326171875,7.26434326171875,7.26434326171875,2021-04-23 08:30:00,2021-04-23 08:30:00,0.0,0.0
D2,F5-2-dlinear-c2688,0,6,2021-04-24,96,1.0,True,112.0,106.1883773803711,-5.811622619628906,5.811622619628906,2021-04-24 06:15:00,2021-04-24 03:30:00,-165.0,165.0
D2,F5-2-dlinear-c2688,0,6,2021-04-25,96,1.0,True,25.0,53.13690948486328,28.13690948486328,28.13690948486328,2021-04-25 01:30:00,2021-04-25 01:15:00,-15.0,15.0
D2,F5-2-dlinear-c2688,0,6,2021-05-03,96,1.0,True,184.0,190.32801818847656,6.3280181884765625,6.3280181884765625,2021-05-03 08:30:00,2021-05-03 14:45:00,375.0,375.0
D2,F5-2-dlinear-c2688,0,6,2021-05-04,96,1.0,True,181.0,194.8029327392578,13.802932739257812,13.802932739257812,2021-05-04 08:30:00,2021-05-04 08:30:00,0.0,0.0
D2,F5-2-dlinear-c2688,0,6,2021-05-05,96,1.0,True,120.0,166.4439697265625,46.4439697265625,46.4439697265625,2021-05-05 04:15:00,2021-05-05 08:30:00,255.0,255.0
D2,F5-2-dlinear-c2688,0,6,2021-05-06,96,1.0,True,199.0,159.9720916748047,-39.02790832519531,39.02790832519531,2021-05-06 09:00:00,2021-05-06 18:30:00,570.0,570.0
D2,F5-2-dlinear-c2688,0,6,2021-05-07,96,1.0,True,181.0,181.64215087890625,0.64215087890625,0.64215087890625,2021-05-07 09:00:00,2021-05-07 11:15:00,135.0,135.0
D2,F5-2-dlinear-c2688,0,6,2021-05-08,96,1.0,True,115.0,107.63626098632812,-7.363739013671875,7.363739013671875,2021-05-08 02:00:00,2021-05-08 06:15:00,255.0,255.0
D2,F5-2-dlinear-c2688,0,6,2021-05-09,96,1.0,True,184.0,151.04177856445312,-32.958221435546875,32.958221435546875,2021-05-09 09:00:00,2021-05-09 13:15:00,255.0,255.0
D2,F5-2-dlinear-c2688,0,7,2021-04-19,96,1.0,True,172.0,175.90802001953125,3.90802001953125,3.90802001953125,2021-04-19 08:45:00,2021-04-19 13:45:00,300.0,300.0
D2,F5-2-dlinear-c2688,0,7,2021-04-20,96,1.0,True,172.0,192.69366455078125,20.69366455078125,20.69366455078125,2021-04-20 08:45:00,2021-04-20 15:45:00,420.0,420.0
D2,F5-2-dlinear-c2688,0,7,2021-04-21,96,1.0,True,174.0,196.41973876953125,22.41973876953125,22.41973876953125,2021-04-21 08:30:00,2021-04-21 08:30:00,0.0,0.0
D2,F5-2-dlinear-c2688,0,7,2021-04-22,96,1.0,True,174.0,190.48941040039062,16.489410400390625,16.489410400390625,2021-04-22 08:30:00,2021-04-22 08:30:00,0.0,0.0
D2,F5-2-dlinear-c2688,0,7,2021-04-23,96,1.0,True,174.0,183.76478576660156,9.764785766601562,9.764785766601562,2021-04-23 08:30:00,2021-04-23 13:30:00,300.0,300.0
D2,F5-2-dlinear-c2688,0,7,2021-04-24,96,1.0,True,112.0,105.74640655517578,-6.253593444824219,6.253593444824219,2021-04-24 06:15:00,2021-04-24 04:15:00,-120.0,120.0
D2,F5-2-dlinear-c2688,0,7,2021-04-25,96,1.0,True,25.0,44.96433639526367,19.964336395263672,19.964336395263672,2021-04-25 01:30:00,2021-04-25 12:00:00,630.0,630.0
D2,F5-2-dlinear-c2688,0,7,2021-05-03,96,1.0,True,184.0,188.4809112548828,4.4809112548828125,4.4809112548828125,2021-05-03 08:30:00,2021-05-03 13:30:00,300.0,300.0
D2,F5-2-dlinear-c2688,0,7,2021-05-04,96,1.0,True,181.0,196.93975830078125,15.93975830078125,15.93975830078125,2021-05-04 08:30:00,2021-05-04 08:30:00,0.0,0.0
D2,F5-2-dlinear-c2688,0,7,2021-05-05,96,1.0,True,120.0,169.08189392089844,49.08189392089844,49.08189392089844,2021-05-05 04:15:00,2021-05-05 08:30:00,255.0,255.0
D2,F5-2-dlinear-c2688,0,7,2021-05-06,96,1.0,True,199.0,177.26535034179688,-21.734649658203125,21.734649658203125,2021-05-06 09:00:00,2021-05-06 18:45:00,585.0,585.0
D2,F5-2-dlinear-c2688,0,7,2021-05-07,96,1.0,True,181.0,193.32958984375,12.32958984375,12.32958984375,2021-05-07 09:00:00,2021-05-07 11:15:00,135.0,135.0
D2,F5-2-dlinear-c2688,0,7,2021-05-08,96,1.0,True,115.0,112.1619644165039,-2.8380355834960938,2.8380355834960938,2021-05-08 02:00:00,2021-05-08 06:30:00,270.0,270.0
D2,F5-2-dlinear-c2688,0,7,2021-05-09,96,1.0,True,184.0,150.7840576171875,-33.2159423828125,33.2159423828125,2021-05-09 09:00:00,2021-05-09 13:45:00,285.0,285.0
D2,F5-2-dlinear-c2688,0,8,2021-04-19,96,1.0,True,172.0,164.54815673828125,-7.45184326171875,7.45184326171875,2021-04-19 08:45:00,2021-04-19 14:00:00,315.0,315.0
D2,F5-2-dlinear-c2688,0,8,2021-04-20,96,1.0,True,172.0,200.9864044189453,28.986404418945312,28.986404418945312,2021-04-20 08:45:00,2021-04-20 15:00:00,375.0,375.0
D2,F5-2-dlinear-c2688,0,8,2021-04-21,96,1.0,True,174.0,197.57315063476562,23.573150634765625,23.573150634765625,2021-04-21 08:30:00,2021-04-21 08:30:00,0.0,0.0
D2,F5-2-dlinear-c2688,0,8,2021-04-22,96,1.0,True,174.0,189.86599731445312,15.865997314453125,15.865997314453125,2021-04-22 08:30:00,2021-04-22 08:30:00,0.0,0.0
D2,F5-2-dlinear-c2688,0,8,2021-04-23,96,1.0,True,174.0,184.94305419921875,10.94305419921875,10.94305419921875,2021-04-23 08:30:00,2021-04-23 13:30:00,300.0,300.0
D2,F5-2-dlinear-c2688,0,8,2021-04-24,96,1.0,True,112.0,110.39761352539062,-1.602386474609375,1.602386474609375,2021-04-24 06:15:00,2021-04-24 01:45:00,-270.0,270.0
D2,F5-2-dlinear-c2688,0,8,2021-04-25,96,1.0,True,25.0,51.73515701293945,26.735157012939453,26.735157012939453,2021-04-25 01:30:00,2021-04-25 01:45:00,15.0,15.0
D2,F5-2-dlinear-c2688,0,8,2021-05-03,96,1.0,True,184.0,185.12924194335938,1.129241943359375,1.129241943359375,2021-05-03 08:30:00,2021-05-03 14:00:00,330.0,330.0
D2,F5-2-dlinear-c2688,0,8,2021-05-04,96,1.0,True,181.0,195.66015625,14.66015625,14.66015625,2021-05-04 08:30:00,2021-05-04 14:00:00,330.0,330.0
D2,F5-2-dlinear-c2688,0,8,2021-05-05,96,1.0,True,120.0,165.28004455566406,45.28004455566406,45.28004455566406,2021-05-05 04:15:00,2021-05-05 08:45:00,270.0,270.0
D2,F5-2-dlinear-c2688,0,8,2021-05-06,96,1.0,True,199.0,171.53598022460938,-27.464019775390625,27.464019775390625,2021-05-06 09:00:00,2021-05-06 18:45:00,585.0,585.0
D2,F5-2-dlinear-c2688,0,8,2021-05-07,96,1.0,True,181.0,181.68003845214844,0.6800384521484375,0.6800384521484375,2021-05-07 09:00:00,2021-05-07 15:45:00,405.0,405.0
D2,F5-2-dlinear-c2688,0,8,2021-05-08,96,1.0,True,115.0,112.29320526123047,-2.7067947387695312,2.7067947387695312,2021-05-08 02:00:00,2021-05-08 06:30:00,270.0,270.0
D2,F5-2-dlinear-c2688,0,8,2021-05-09,96,1.0,True,184.0,147.28823852539062,-36.711761474609375,36.711761474609375,2021-05-09 09:00:00,2021-05-09 13:45:00,285.0,285.0
D2,F5-2-dlinear-c2688,0,9,2021-04-19,96,1.0,True,172.0,159.9522705078125,-12.0477294921875,12.0477294921875,2021-04-19 08:45:00,2021-04-19 14:00:00,315.0,315.0
D2,F5-2-dlinear-c2688,0,9,2021-04-20,96,1.0,True,172.0,196.99691772460938,24.996917724609375,24.996917724609375,2021-04-20 08:45:00,2021-04-20 15:00:00,375.0,375.0
D2,F5-2-dlinear-c2688,0,9,2021-04-21,96,1.0,True,174.0,196.709228515625,22.709228515625,22.709228515625,2021-04-21 08:30:00,2021-04-21 08:45:00,15.0,15.0
D2,F5-2-dlinear-c2688,0,9,2021-04-22,96,1.0,True,174.0,196.2135009765625,22.2135009765625,22.2135009765625,2021-04-22 08:30:00,2021-04-22 08:30:00,0.0,0.0
D2,F5-2-dlinear-c2688,0,9,2021-04-23,96,1.0,True,174.0,190.90240478515625,16.90240478515625,16.90240478515625,2021-04-23 08:30:00,2021-04-23 08:30:00,0.0,0.0
D2,F5-2-dlinear-c2688,0,9,2021-04-24,96,1.0,True,112.0,106.8998031616211,-5.100196838378906,5.100196838378906,2021-04-24 06:15:00,2021-04-24 01:45:00,-270.0,270.0
D2,F5-2-dlinear-c2688,0,9,2021-04-25,96,1.0,True,25.0,45.574859619140625,20.574859619140625,20.574859619140625,2021-04-25 01:30:00,2021-04-25 01:45:00,15.0,15.0
D2,F5-2-dlinear-c2688,0,9,2021-05-03,96,1.0,True,184.0,183.43052673339844,-0.5694732666015625,0.5694732666015625,2021-05-03 08:30:00,2021-05-03 14:00:00,330.0,330.0
D2,F5-2-dlinear-c2688,0,9,2021-05-04,96,1.0,True,181.0,192.129638671875,11.129638671875,11.129638671875,2021-05-04 08:30:00,2021-05-04 09:15:00,45.0,45.0
D2,F5-2-dlinear-c2688,0,9,2021-05-05,96,1.0,True,120.0,168.07125854492188,48.071258544921875,48.071258544921875,2021-05-05 04:15:00,2021-05-05 09:00:00,285.0,285.0
D2,F5-2-dlinear-c2688,0,9,2021-05-06,96,1.0,True,199.0,167.63067626953125,-31.36932373046875,31.36932373046875,2021-05-06 09:00:00,2021-05-06 18:45:00,585.0,585.0
D2,F5-2-dlinear-c2688,0,9,2021-05-07,96,1.0,True,181.0,186.62998962402344,5.6299896240234375,5.6299896240234375,2021-05-07 09:00:00,2021-05-07 16:00:00,420.0,420.0
D2,F5-2-dlinear-c2688,0,9,2021-05-08,96,1.0,True,115.0,108.509521484375,-6.490478515625,6.490478515625,2021-05-08 02:00:00,2021-05-08 06:30:00,270.0,270.0
D2,F5-2-dlinear-c2688,0,9,2021-05-09,96,1.0,True,184.0,145.50784301757812,-38.492156982421875,38.492156982421875,2021-05-09 09:00:00,2021-05-09 14:00:00,300.0,300.0
D2,F5-2-dlinear-c2688,0,10,2021-04-19,96,1.0,True,172.0,158.56564331054688,-13.434356689453125,13.434356689453125,2021-04-19 08:45:00,2021-04-19 15:45:00,420.0,420.0
D2,F5-2-dlinear-c2688,0,10,2021-04-20,96,1.0,True,172.0,199.31591796875,27.31591796875,27.31591796875,2021-04-20 08:45:00,2021-04-20 15:00:00,375.0,375.0
D2,F5-2-dlinear-c2688,0,10,2021-04-21,96,1.0,True,174.0,193.605224609375,19.605224609375,19.605224609375,2021-04-21 08:30:00,2021-04-21 08:45:00,15.0,15.0
D2,F5-2-dlinear-c2688,0,10,2021-04-22,96,1.0,True,174.0,198.6405029296875,24.6405029296875,24.6405029296875,2021-04-22 08:30:00,2021-04-22 08:45:00,15.0,15.0
D2,F5-2-dlinear-c2688,0,10,2021-04-23,96,1.0,True,174.0,183.48806762695312,9.488067626953125,9.488067626953125,2021-04-23 08:30:00,2021-04-23 08:30:00,0.0,0.0
D2,F5-2-dlinear-c2688,0,10,2021-04-24,96,1.0,True,112.0,105.77588653564453,-6.224113464355469,6.224113464355469,2021-04-24 06:15:00,2021-04-24 03:30:00,-165.0,165.0
D2,F5-2-dlinear-c2688,0,10,2021-04-25,96,1.0,True,25.0,48.018062591552734,23.018062591552734,23.018062591552734,2021-04-25 01:30:00,2021-04-25 15:00:00,810.0,810.0
D2,F5-2-dlinear-c2688,0,10,2021-05-03,96,1.0,True,184.0,186.59571838378906,2.5957183837890625,2.5957183837890625,2021-05-03 08:30:00,2021-05-03 15:00:00,390.0,390.0
D2,F5-2-dlinear-c2688,0,10,2021-05-04,96,1.0,True,181.0,188.66452026367188,7.664520263671875,7.664520263671875,2021-05-04 08:30:00,2021-05-04 13:45:00,315.0,315.0
D2,F5-2-dlinear-c2688,0,10,2021-05-05,96,1.0,True,120.0,163.67315673828125,43.67315673828125,43.67315673828125,2021-05-05 04:15:00,2021-05-05 08:30:00,255.0,255.0
D2,F5-2-dlinear-c2688,0,10,2021-05-06,96,1.0,True,199.0,171.914794921875,-27.085205078125,27.085205078125,2021-05-06 09:00:00,2021-05-06 18:30:00,570.0,570.0
D2,F5-2-dlinear-c2688,0,10,2021-05-07,96,1.0,True,181.0,183.2521514892578,2.2521514892578125,2.2521514892578125,2021-05-07 09:00:00,2021-05-07 11:15:00,135.0,135.0
D2,F5-2-dlinear-c2688,0,10,2021-05-08,96,1.0,True,115.0,105.31565856933594,-9.684341430664062,9.684341430664062,2021-05-08 02:00:00,2021-05-08 06:15:00,255.0,255.0
D2,F5-2-dlinear-c2688,0,10,2021-05-09,96,1.0,True,184.0,142.42507934570312,-41.574920654296875,41.574920654296875,2021-05-09 09:00:00,2021-05-09 13:45:00,285.0,285.0
D2,F5-2-dlinear-c2688,0,11,2021-04-19,96,1.0,True,172.0,164.15634155273438,-7.843658447265625,7.843658447265625,2021-04-19 08:45:00,2021-04-19 15:45:00,420.0,420.0
D2,F5-2-dlinear-c2688,0,11,2021-04-20,96,1.0,True,172.0,199.55136108398438,27.551361083984375,27.551361083984375,2021-04-20 08:45:00,2021-04-20 15:00:00,375.0,375.0
D2,F5-2-dlinear-c2688,0,11,2021-04-21,96,1.0,True,174.0,199.96737670898438,25.967376708984375,25.967376708984375,2021-04-21 08:30:00,2021-04-21 09:45:00,75.0,75.0
D2,F5-2-dlinear-c2688,0,11,2021-04-22,96,1.0,True,174.0,198.71780395507812,24.717803955078125,24.717803955078125,2021-04-22 08:30:00,2021-04-22 08:30:00,0.0,0.0
D2,F5-2-dlinear-c2688,0,11,2021-04-23,96,1.0,True,174.0,180.96981811523438,6.969818115234375,6.969818115234375,2021-04-23 08:30:00,2021-04-23 14:00:00,330.0,330.0
D2,F5-2-dlinear-c2688,0,11,2021-04-24,96,1.0,True,112.0,106.28811645507812,-5.711883544921875,5.711883544921875,2021-04-24 06:15:00,2021-04-24 04:15:00,-120.0,120.0
D2,F5-2-dlinear-c2688,0,11,2021-04-25,96,1.0,True,25.0,50.73143768310547,25.73143768310547,25.73143768310547,2021-04-25 01:30:00,2021-04-25 15:00:00,810.0,810.0
D2,F5-2-dlinear-c2688,0,11,2021-05-03,96,1.0,True,184.0,190.98562622070312,6.985626220703125,6.985626220703125,2021-05-03 08:30:00,2021-05-03 14:45:00,375.0,375.0
D2,F5-2-dlinear-c2688,0,11,2021-05-04,96,1.0,True,181.0,190.50369262695312,9.503692626953125,9.503692626953125,2021-05-04 08:30:00,2021-05-04 14:00:00,330.0,330.0
D2,F5-2-dlinear-c2688,0,11,2021-05-05,96,1.0,True,120.0,172.65533447265625,52.65533447265625,52.65533447265625,2021-05-05 04:15:00,2021-05-05 10:00:00,345.0,345.0
D2,F5-2-dlinear-c2688,0,11,2021-05-06,96,1.0,True,199.0,166.38821411132812,-32.611785888671875,32.611785888671875,2021-05-06 09:00:00,2021-05-06 18:45:00,585.0,585.0
D2,F5-2-dlinear-c2688,0,11,2021-05-07,96,1.0,True,181.0,189.22152709960938,8.221527099609375,8.221527099609375,2021-05-07 09:00:00,2021-05-07 16:00:00,420.0,420.0
D2,F5-2-dlinear-c2688,0,11,2021-05-08,96,1.0,True,115.0,105.25533294677734,-9.744667053222656,9.744667053222656,2021-05-08 02:00:00,2021-05-08 04:00:00,120.0,120.0
D2,F5-2-dlinear-c2688,0,11,2021-05-09,96,1.0,True,184.0,153.01251220703125,-30.98748779296875,30.98748779296875,2021-05-09 09:00:00,2021-05-09 14:00:00,300.0,300.0
D2,F5-2-dlinear-c2688,0,12,2021-04-19,96,1.0,True,172.0,165.8035888671875,-6.1964111328125,6.1964111328125,2021-04-19 08:45:00,2021-04-19 16:00:00,435.0,435.0
D2,F5-2-dlinear-c2688,0,12,2021-04-20,96,1.0,True,172.0,203.25173950195312,31.251739501953125,31.251739501953125,2021-04-20 08:45:00,2021-04-20 15:45:00,420.0,420.0
D2,F5-2-dlinear-c2688,0,12,2021-04-21,96,1.0,True,174.0,191.052978515625,17.052978515625,17.052978515625,2021-04-21 08:30:00,2021-04-21 11:15:00,165.0,165.0
D2,F5-2-dlinear-c2688,0,12,2021-04-22,96,1.0,True,174.0,200.52267456054688,26.522674560546875,26.522674560546875,2021-04-22 08:30:00,2021-04-22 08:45:00,15.0,15.0
D2,F5-2-dlinear-c2688,0,12,2021-04-23,96,1.0,True,174.0,193.8268585205078,19.826858520507812,19.826858520507812,2021-04-23 08:30:00,2021-04-23 08:30:00,0.0,0.0
D2,F5-2-dlinear-c2688,0,12,2021-04-24,96,1.0,True,112.0,114.32037353515625,2.32037353515625,2.32037353515625,2021-04-24 06:15:00,2021-04-24 01:45:00,-270.0,270.0
D2,F5-2-dlinear-c2688,0,12,2021-04-25,96,1.0,True,25.0,48.35639953613281,23.356399536132812,23.356399536132812,2021-04-25 01:30:00,2021-04-25 15:30:00,840.0,840.0
D2,F5-2-dlinear-c2688,0,12,2021-05-03,96,1.0,True,184.0,195.38331604003906,11.383316040039062,11.383316040039062,2021-05-03 08:30:00,2021-05-03 15:00:00,390.0,390.0
D2,F5-2-dlinear-c2688,0,12,2021-05-04,96,1.0,True,181.0,186.50628662109375,5.50628662109375,5.50628662109375,2021-05-04 08:30:00,2021-05-04 14:00:00,330.0,330.0
D2,F5-2-dlinear-c2688,0,12,2021-05-05,96,1.0,True,120.0,160.3673095703125,40.3673095703125,40.3673095703125,2021-05-05 04:15:00,2021-05-05 10:00:00,345.0,345.0
D2,F5-2-dlinear-c2688,0,12,2021-05-06,96,1.0,True,199.0,168.93316650390625,-30.06683349609375,30.06683349609375,2021-05-06 09:00:00,2021-05-06 18:45:00,585.0,585.0
D2,F5-2-dlinear-c2688,0,12,2021-05-07,96,1.0,True,181.0,199.43020629882812,18.430206298828125,18.430206298828125,2021-05-07 09:00:00,2021-05-07 16:15:00,435.0,435.0
D2,F5-2-dlinear-c2688,0,12,2021-05-08,96,1.0,True,115.0,105.65323638916016,-9.346763610839844,9.346763610839844,2021-05-08 02:00:00,2021-05-08 02:00:00,0.0,0.0
D2,F5-2-dlinear-c2688,0,12,2021-05-09,96,1.0,True,184.0,134.11593627929688,-49.884063720703125,49.884063720703125,2021-05-09 09:00:00,2021-05-09 14:00:00,300.0,300.0
D2,F5-2-dlinear-c2688,0,13,2021-04-19,96,1.0,True,172.0,169.920654296875,-2.079345703125,2.079345703125,2021-04-19 08:45:00,2021-04-19 15:45:00,420.0,420.0
D2,F5-2-dlinear-c2688,0,13,2021-04-20,96,1.0,True,172.0,203.63458251953125,31.63458251953125,31.63458251953125,2021-04-20 08:45:00,2021-04-20 15:45:00,420.0,420.0
D2,F5-2-dlinear-c2688,0,13,2021-04-21,96,1.0,True,174.0,197.4171142578125,23.4171142578125,23.4171142578125,2021-04-21 08:30:00,2021-04-21 08:30:00,0.0,0.0
D2,F5-2-dlinear-c2688,0,13,2021-04-22,96,1.0,True,174.0,197.02676391601562,23.026763916015625,23.026763916015625,2021-04-22 08:30:00,2021-04-22 08:30:00,0.0,0.0
D2,F5-2-dlinear-c2688,0,13,2021-04-23,96,1.0,True,174.0,181.76226806640625,7.76226806640625,7.76226806640625,2021-04-23 08:30:00,2021-04-23 08:30:00,0.0,0.0
D2,F5-2-dlinear-c2688,0,13,2021-04-24,96,1.0,True,112.0,102.38633728027344,-9.613662719726562,9.613662719726562,2021-04-24 06:15:00,2021-04-24 01:45:00,-270.0,270.0
D2,F5-2-dlinear-c2688,0,13,2021-04-25,96,1.0,True,25.0,61.34259796142578,36.34259796142578,36.34259796142578,2021-04-25 01:30:00,2021-04-25 12:00:00,630.0,630.0
D2,F5-2-dlinear-c2688,0,13,2021-05-03,96,1.0,True,184.0,191.9619903564453,7.9619903564453125,7.9619903564453125,2021-05-03 08:30:00,2021-05-03 15:00:00,390.0,390.0
D2,F5-2-dlinear-c2688,0,13,2021-05-04,96,1.0,True,181.0,183.56637573242188,2.566375732421875,2.566375732421875,2021-05-04 08:30:00,2021-05-04 10:45:00,135.0,135.0
D2,F5-2-dlinear-c2688,0,13,2021-05-05,96,1.0,True,120.0,173.09170532226562,53.091705322265625,53.091705322265625,2021-05-05 04:15:00,2021-05-05 10:00:00,345.0,345.0
D2,F5-2-dlinear-c2688,0,13,2021-05-06,96,1.0,True,199.0,158.80117797851562,-40.198822021484375,40.198822021484375,2021-05-06 09:00:00,2021-05-06 18:45:00,585.0,585.0
D2,F5-2-dlinear-c2688,0,13,2021-05-07,96,1.0,True,181.0,192.69100952148438,11.691009521484375,11.691009521484375,2021-05-07 09:00:00,2021-05-07 16:30:00,450.0,450.0
D2,F5-2-dlinear-c2688,0,13,2021-05-08,96,1.0,True,115.0,105.36776733398438,-9.632232666015625,9.632232666015625,2021-05-08 02:00:00,2021-05-08 06:30:00,270.0,270.0
D2,F5-2-dlinear-c2688,0,13,2021-05-09,96,1.0,True,184.0,143.02171325683594,-40.97828674316406,40.97828674316406,2021-05-09 09:00:00,2021-05-09 14:00:00,300.0,300.0
D2,F5-2-dlinear-c2688,0,14,2021-04-19,96,1.0,True,172.0,147.54705810546875,-24.45294189453125,24.45294189453125,2021-04-19 08:45:00,2021-04-19 15:45:00,420.0,420.0
D2,F5-2-dlinear-c2688,0,14,2021-04-20,96,1.0,True,172.0,199.66249084472656,27.662490844726562,27.662490844726562,2021-04-20 08:45:00,2021-04-20 15:45:00,420.0,420.0
D2,F5-2-dlinear-c2688,0,14,2021-04-21,96,1.0,True,174.0,186.25753784179688,12.257537841796875,12.257537841796875,2021-04-21 08:30:00,2021-04-21 11:00:00,150.0,150.0
D2,F5-2-dlinear-c2688,0,14,2021-04-22,96,1.0,True,174.0,196.90042114257812,22.900421142578125,22.900421142578125,2021-04-22 08:30:00,2021-04-22 08:30:00,0.0,0.0
D2,F5-2-dlinear-c2688,0,14,2021-04-23,96,1.0,True,174.0,194.94607543945312,20.946075439453125,20.946075439453125,2021-04-23 08:30:00,2021-04-23 08:30:00,0.0,0.0
D2,F5-2-dlinear-c2688,0,14,2021-04-24,96,1.0,True,112.0,109.06098937988281,-2.9390106201171875,2.9390106201171875,2021-04-24 06:15:00,2021-04-24 02:00:00,-255.0,255.0
D2,F5-2-dlinear-c2688,0,14,2021-04-25,96,1.0,True,25.0,54.350364685058594,29.350364685058594,29.350364685058594,2021-04-25 01:30:00,2021-04-25 01:45:00,15.0,15.0
D2,F5-2-dlinear-c2688,0,14,2021-05-03,96,1.0,True,184.0,180.22528076171875,-3.77471923828125,3.77471923828125,2021-05-03 08:30:00,2021-05-03 15:30:00,420.0,420.0
D2,F5-2-dlinear-c2688,0,14,2021-05-04,96,1.0,True,181.0,186.34564208984375,5.34564208984375,5.34564208984375,2021-05-04 08:30:00,2021-05-04 10:45:00,135.0,135.0
D2,F5-2-dlinear-c2688,0,14,2021-05-05,96,1.0,True,120.0,178.5194091796875,58.5194091796875,58.5194091796875,2021-05-05 04:15:00,2021-05-05 10:45:00,390.0,390.0
D2,F5-2-dlinear-c2688,0,14,2021-05-06,96,1.0,True,199.0,148.9151153564453,-50.08488464355469,50.08488464355469,2021-05-06 09:00:00,2021-05-06 18:00:00,540.0,540.0
D2,F5-2-dlinear-c2688,0,14,2021-05-07,96,1.0,True,181.0,188.17965698242188,7.179656982421875,7.179656982421875,2021-05-07 09:00:00,2021-05-07 16:45:00,465.0,465.0
D2,F5-2-dlinear-c2688,0,14,2021-05-08,96,1.0,True,115.0,103.89212036132812,-11.107879638671875,11.107879638671875,2021-05-08 02:00:00,2021-05-08 02:00:00,0.0,0.0
D2,F5-2-dlinear-c2688,0,14,2021-05-09,96,1.0,True,184.0,125.13575744628906,-58.86424255371094,58.86424255371094,2021-05-09 09:00:00,2021-05-09 15:30:00,390.0,390.0
D2,F5-2-dlinear-c2688,0,15,2021-04-19,96,1.0,True,172.0,166.03662109375,-5.96337890625,5.96337890625,2021-04-19 08:45:00,2021-04-19 15:45:00,420.0,420.0
D2,F5-2-dlinear-c2688,0,15,2021-04-20,96,1.0,True,172.0,199.640625,27.640625,27.640625,2021-04-20 08:45:00,2021-04-20 15:45:00,420.0,420.0
D2,F5-2-dlinear-c2688,0,15,2021-04-21,96,1.0,True,174.0,197.63258361816406,23.632583618164062,23.632583618164062,2021-04-21 08:30:00,2021-04-21 08:30:00,0.0,0.0
D2,F5-2-dlinear-c2688,0,15,2021-04-22,96,1.0,True,174.0,199.91940307617188,25.919403076171875,25.919403076171875,2021-04-22 08:30:00,2021-04-22 08:30:00,0.0,0.0
D2,F5-2-dlinear-c2688,0,15,2021-04-23,96,1.0,True,174.0,189.33062744140625,15.33062744140625,15.33062744140625,2021-04-23 08:30:00,2021-04-23 08:30:00,0.0,0.0
D2,F5-2-dlinear-c2688,0,15,2021-04-24,96,1.0,True,112.0,108.80198669433594,-3.1980133056640625,3.1980133056640625,2021-04-24 06:15:00,2021-04-24 06:15:00,0.0,0.0
D2,F5-2-dlinear-c2688,0,15,2021-04-25,96,1.0,True,25.0,53.46516418457031,28.465164184570312,28.465164184570312,2021-04-25 01:30:00,2021-04-25 01:45:00,15.0,15.0
D2,F5-2-dlinear-c2688,0,15,2021-05-03,96,1.0,True,184.0,184.64556884765625,0.64556884765625,0.64556884765625,2021-05-03 08:30:00,2021-05-03 15:00:00,390.0,390.0
D2,F5-2-dlinear-c2688,0,15,2021-05-04,96,1.0,True,181.0,185.72357177734375,4.72357177734375,4.72357177734375,2021-05-04 08:30:00,2021-05-04 10:45:00,135.0,135.0
D2,F5-2-dlinear-c2688,0,15,2021-05-05,96,1.0,True,120.0,181.80099487304688,61.800994873046875,61.800994873046875,2021-05-05 04:15:00,2021-05-05 10:45:00,390.0,390.0
D2,F5-2-dlinear-c2688,0,15,2021-05-06,96,1.0,True,199.0,164.963623046875,-34.036376953125,34.036376953125,2021-05-06 09:00:00,2021-05-06 18:45:00,585.0,585.0
D2,F5-2-dlinear-c2688,0,15,2021-05-07,96,1.0,True,181.0,192.0915069580078,11.091506958007812,11.091506958007812,2021-05-07 09:00:00,2021-05-07 16:45:00,465.0,465.0
D2,F5-2-dlinear-c2688,0,15,2021-05-08,96,1.0,True,115.0,110.41228485107422,-4.587715148925781,4.587715148925781,2021-05-08 02:00:00,2021-05-08 06:45:00,285.0,285.0
D2,F5-2-dlinear-c2688,0,15,2021-05-09,96,1.0,True,184.0,138.49151611328125,-45.50848388671875,45.50848388671875,2021-05-09 09:00:00,2021-05-09 15:00:00,360.0,360.0
D2,F5-2-dlinear-c2688,0,16,2021-04-19,96,1.0,True,172.0,149.25717163085938,-22.742828369140625,22.742828369140625,2021-04-19 08:45:00,2021-04-19 15:45:00,420.0,420.0
D2,F5-2-dlinear-c2688,0,16,2021-04-20,96,1.0,True,172.0,196.181884765625,24.181884765625,24.181884765625,2021-04-20 08:45:00,2021-04-20 16:30:00,465.0,465.0
D2,F5-2-dlinear-c2688,0,16,2021-04-21,96,1.0,True,174.0,190.52947998046875,16.52947998046875,16.52947998046875,2021-04-21 08:30:00,2021-04-21 11:00:00,150.0,150.0
D2,F5-2-dlinear-c2688,0,16,2021-04-22,96,1.0,True,174.0,202.9864959716797,28.986495971679688,28.986495971679688,2021-04-22 08:30:00,2021-04-22 09:00:00,30.0,30.0
D2,F5-2-dlinear-c2688,0,16,2021-04-23,96,1.0,True,174.0,191.9932861328125,17.9932861328125,17.9932861328125,2021-04-23 08:30:00,2021-04-23 08:30:00,0.0,0.0
D2,F5-2-dlinear-c2688,0,16,2021-04-24,96,1.0,True,112.0,107.90975952148438,-4.090240478515625,4.090240478515625,2021-04-24 06:15:00,2021-04-24 02:00:00,-255.0,255.0
D2,F5-2-dlinear-c2688,0,16,2021-04-25,96,1.0,True,25.0,47.86811065673828,22.86811065673828,22.86811065673828,2021-04-25 01:30:00,2021-04-25 13:15:00,705.0,705.0
D2,F5-2-dlinear-c2688,0,16,2021-05-03,96,1.0,True,184.0,175.949951171875,-8.050048828125,8.050048828125,2021-05-03 08:30:00,2021-05-03 16:00:00,450.0,450.0
D2,F5-2-dlinear-c2688,0,16,2021-05-04,96,1.0,True,181.0,178.06866455078125,-2.93133544921875,2.93133544921875,2021-05-04 08:30:00,2021-05-04 10:45:00,135.0,135.0
D2,F5-2-dlinear-c2688,0,16,2021-05-05,96,1.0,True,120.0,177.05227661132812,57.052276611328125,57.052276611328125,2021-05-05 04:15:00,2021-05-05 10:45:00,390.0,390.0
D2,F5-2-dlinear-c2688,0,16,2021-05-06,96,1.0,True,199.0,162.08006286621094,-36.91993713378906,36.91993713378906,2021-05-06 09:00:00,2021-05-06 18:30:00,570.0,570.0
D2,F5-2-dlinear-c2688,0,16,2021-05-07,96,1.0,True,181.0,193.54710388183594,12.547103881835938,12.547103881835938,2021-05-07 09:00:00,2021-05-07 16:30:00,450.0,450.0
D2,F5-2-dlinear-c2688,0,16,2021-05-08,96,1.0,True,115.0,98.96588134765625,-16.03411865234375,16.03411865234375,2021-05-08 02:00:00,2021-05-08 06:30:00,270.0,270.0
D2,F5-2-dlinear-c2688,0,16,2021-05-09,96,1.0,True,184.0,127.31153869628906,-56.68846130371094,56.68846130371094,2021-05-09 09:00:00,2021-05-09 18:00:00,540.0,540.0
D2,F5-2-dlinear-c2688,1,4,2021-05-31,95,0.9895833333333334,False,172.0,165.44619750976562,-6.553802490234375,6.553802490234375,2021-05-31 10:30:00,2021-05-31 14:30:00,240.0,240.0
D2,F5-2-dlinear-c2688,1,4,2021-06-01,1,0.010416666666666666,False,71.0,88.62712860107422,17.62712860107422,17.62712860107422,2021-06-01 00:00:00,2021-06-01 00:00:00,0.0,0.0
D2,F5-2-dlinear-c2688,1,4,2021-06-20,95,0.9895833333333334,False,28.0,34.172584533691406,6.172584533691406,6.172584533691406,2021-06-20 15:15:00,2021-06-20 01:15:00,-840.0,840.0
D2,F5-2-dlinear-c2688,1,5,2021-05-31,95,0.9895833333333334,False,172.0,175.8237762451172,3.8237762451171875,3.8237762451171875,2021-05-31 10:30:00,2021-05-31 14:45:00,255.0,255.0
D2,F5-2-dlinear-c2688,1,5,2021-06-01,1,0.010416666666666666,False,71.0,92.39329528808594,21.393295288085938,21.393295288085938,2021-06-01 00:00:00,2021-06-01 00:00:00,0.0,0.0
D2,F5-2-dlinear-c2688,1,5,2021-06-20,95,0.9895833333333334,False,28.0,41.64966583251953,13.649665832519531,13.649665832519531,2021-06-20 15:15:00,2021-06-20 16:00:00,45.0,45.0
D2,F5-2-dlinear-c2688,1,6,2021-05-31,95,0.9895833333333334,False,172.0,177.94813537597656,5.9481353759765625,5.9481353759765625,2021-05-31 10:30:00,2021-05-31 14:00:00,210.0,210.0
D2,F5-2-dlinear-c2688,1,6,2021-06-01,1,0.010416666666666666,False,71.0,91.53009033203125,20.53009033203125,20.53009033203125,2021-06-01 00:00:00,2021-06-01 00:00:00,0.0,0.0
D2,F5-2-dlinear-c2688,1,6,2021-06-20,95,0.9895833333333334,False,28.0,40.12460708618164,12.12460708618164,12.12460708618164,2021-06-20 15:15:00,2021-06-20 02:30:00,-765.0,765.0
D2,F5-2-dlinear-c2688,1,7,2021-05-31,95,0.9895833333333334,False,172.0,173.211181640625,1.211181640625,1.211181640625,2021-05-31 10:30:00,2021-05-31 13:45:00,195.0,195.0
D2,F5-2-dlinear-c2688,1,7,2021-06-01,1,0.010416666666666666,False,71.0,97.60175323486328,26.60175323486328,26.60175323486328,2021-06-01 00:00:00,2021-06-01 00:00:00,0.0,0.0
D2,F5-2-dlinear-c2688,1,7,2021-06-20,95,0.9895833333333334,False,28.0,36.089107513427734,8.089107513427734,8.089107513427734,2021-06-20 15:15:00,2021-06-20 02:45:00,-750.0,750.0
D2,F5-2-dlinear-c2688,1,8,2021-05-31,95,0.9895833333333334,False,172.0,176.11842346191406,4.1184234619140625,4.1184234619140625,2021-05-31 10:30:00,2021-05-31 14:00:00,210.0,210.0
D2,F5-2-dlinear-c2688,1,8,2021-06-01,1,0.010416666666666666,False,71.0,100.71073913574219,29.710739135742188,29.710739135742188,2021-06-01 00:00:00,2021-06-01 00:00:00,0.0,0.0
D2,F5-2-dlinear-c2688,1,8,2021-06-20,95,0.9895833333333334,False,28.0,40.852455139160156,12.852455139160156,12.852455139160156,2021-06-20 15:15:00,2021-06-20 01:15:00,-840.0,840.0
D2,F5-2-dlinear-c2688,1,9,2021-05-31,95,0.9895833333333334,False,172.0,180.7340850830078,8.734085083007812,8.734085083007812,2021-05-31 10:30:00,2021-05-31 14:45:00,255.0,255.0
D2,F5-2-dlinear-c2688,1,9,2021-06-01,1,0.010416666666666666,False,71.0,97.35989379882812,26.359893798828125,26.359893798828125,2021-06-01 00:00:00,2021-06-01 00:00:00,0.0,0.0
D2,F5-2-dlinear-c2688,1,9,2021-06-20,95,0.9895833333333334,False,28.0,38.076053619384766,10.076053619384766,10.076053619384766,2021-06-20 15:15:00,2021-06-20 02:30:00,-765.0,765.0
D2,F5-2-dlinear-c2688,1,10,2021-05-31,95,0.9895833333333334,False,172.0,170.22943115234375,-1.77056884765625,1.77056884765625,2021-05-31 10:30:00,2021-05-31 14:00:00,210.0,210.0
D2,F5-2-dlinear-c2688,1,10,2021-06-01,1,0.010416666666666666,False,71.0,87.31147003173828,16.31147003173828,16.31147003173828,2021-06-01 00:00:00,2021-06-01 00:00:00,0.0,0.0
D2,F5-2-dlinear-c2688,1,10,2021-06-20,95,0.9895833333333334,False,28.0,41.38633728027344,13.386337280273438,13.386337280273438,2021-06-20 15:15:00,2021-06-20 02:45:00,-750.0,750.0
D2,F5-2-dlinear-c2688,1,11,2021-05-31,95,0.9895833333333334,False,172.0,181.72695922851562,9.726959228515625,9.726959228515625,2021-05-31 10:30:00,2021-05-31 14:45:00,255.0,255.0
D2,F5-2-dlinear-c2688,1,11,2021-06-01,1,0.010416666666666666,False,71.0,88.0836410522461,17.083641052246094,17.083641052246094,2021-06-01 00:00:00,2021-06-01 00:00:00,0.0,0.0
D2,F5-2-dlinear-c2688,1,11,2021-06-20,95,0.9895833333333334,False,28.0,36.892974853515625,8.892974853515625,8.892974853515625,2021-06-20 15:15:00,2021-06-20 02:45:00,-750.0,750.0
D2,F5-2-dlinear-c2688,1,12,2021-05-31,95,0.9895833333333334,False,172.0,174.71495056152344,2.7149505615234375,2.7149505615234375,2021-05-31 10:30:00,2021-05-31 14:45:00,255.0,255.0
D2,F5-2-dlinear-c2688,1,12,2021-06-01,1,0.010416666666666666,False,71.0,97.99422454833984,26.994224548339844,26.994224548339844,2021-06-01 00:00:00,2021-06-01 00:00:00,0.0,0.0
D2,F5-2-dlinear-c2688,1,12,2021-06-20,95,0.9895833333333334,False,28.0,39.50221633911133,11.502216339111328,11.502216339111328,2021-06-20 15:15:00,2021-06-20 16:00:00,45.0,45.0
D2,F5-2-dlinear-c2688,1,13,2021-05-31,95,0.9895833333333334,False,172.0,163.55130004882812,-8.448699951171875,8.448699951171875,2021-05-31 10:30:00,2021-05-31 14:45:00,255.0,255.0
D2,F5-2-dlinear-c2688,1,13,2021-06-01,1,0.010416666666666666,False,71.0,93.5970687866211,22.597068786621094,22.597068786621094,2021-06-01 00:00:00,2021-06-01 00:00:00,0.0,0.0
D2,F5-2-dlinear-c2688,1,13,2021-06-20,95,0.9895833333333334,False,28.0,37.365478515625,9.365478515625,9.365478515625,2021-06-20 15:15:00,2021-06-20 03:30:00,-705.0,705.0
D2,F5-2-dlinear-c2688,1,14,2021-05-31,95,0.9895833333333334,False,172.0,174.2107696533203,2.2107696533203125,2.2107696533203125,2021-05-31 10:30:00,2021-05-31 14:45:00,255.0,255.0
D2,F5-2-dlinear-c2688,1,14,2021-06-01,1,0.010416666666666666,False,71.0,99.81289672851562,28.812896728515625,28.812896728515625,2021-06-01 00:00:00,2021-06-01 00:00:00,0.0,0.0
D2,F5-2-dlinear-c2688,1,14,2021-06-20,95,0.9895833333333334,False,28.0,41.05619812011719,13.056198120117188,13.056198120117188,2021-06-20 15:15:00,2021-06-20 01:15:00,-840.0,840.0
D2,F5-2-dlinear-c2688,1,15,2021-05-31,95,0.9895833333333334,False,172.0,168.7310028076172,-3.2689971923828125,3.2689971923828125,2021-05-31 10:30:00,2021-05-31 14:45:00,255.0,255.0
D2,F5-2-dlinear-c2688,1,15,2021-06-01,1,0.010416666666666666,False,71.0,95.61448669433594,24.614486694335938,24.614486694335938,2021-06-01 00:00:00,2021-06-01 00:00:00,0.0,0.0
D2,F5-2-dlinear-c2688,1,15,2021-06-20,95,0.9895833333333334,False,28.0,38.272850036621094,10.272850036621094,10.272850036621094,2021-06-20 15:15:00,2021-06-20 02:45:00,-750.0,750.0
D2,F5-2-dlinear-c2688,1,16,2021-05-31,95,0.9895833333333334,False,172.0,172.88626098632812,0.886260986328125,0.886260986328125,2021-05-31 10:30:00,2021-05-31 15:45:00,315.0,315.0
D2,F5-2-dlinear-c2688,1,16,2021-06-01,1,0.010416666666666666,False,71.0,96.01593017578125,25.01593017578125,25.01593017578125,2021-06-01 00:00:00,2021-06-01 00:00:00,0.0,0.0
D2,F5-2-dlinear-c2688,1,16,2021-06-20,95,0.9895833333333334,False,28.0,37.44317626953125,9.44317626953125,9.44317626953125,2021-06-20 15:15:00,2021-06-20 15:00:00,-15.0,15.0
D2,F5-2-dlinear-c2688,2,4,2021-07-12,96,1.0,True,198.0,199.11563110351562,1.115631103515625,1.115631103515625,2021-07-12 08:45:00,2021-07-12 10:45:00,120.0,120.0
D2,F5-2-dlinear-c2688,2,4,2021-07-13,1,0.010416666666666666,False,79.0,93.68318176269531,14.683181762695312,14.683181762695312,2021-07-13 00:00:00,2021-07-13 00:00:00,0.0,0.0
D2,F5-2-dlinear-c2688,2,4,2021-07-17,80,0.8333333333333334,False,108.0,99.86924743652344,-8.130752563476562,8.130752563476562,2021-07-17 06:00:00,2021-07-17 04:00:00,-120.0,120.0
D2,F5-2-dlinear-c2688,2,4,2021-07-18,84,0.875,False,28.0,33.852115631103516,5.852115631103516,5.852115631103516,2021-07-18 04:30:00,2021-07-18 12:30:00,480.0,480.0
D2,F5-2-dlinear-c2688,2,4,2021-07-26,84,0.875,False,217.0,205.4538116455078,-11.546188354492188,11.546188354492188,2021-07-26 08:30:00,2021-07-26 11:30:00,180.0,180.0
D2,F5-2-dlinear-c2688,2,4,2021-07-27,84,0.875,False,211.0,204.45623779296875,-6.54376220703125,6.54376220703125,2021-07-27 11:45:00,2021-07-27 11:45:00,0.0,0.0
D2,F5-2-dlinear-c2688,2,4,2021-07-28,84,0.875,False,212.0,211.24107360839844,-0.7589263916015625,0.7589263916015625,2021-07-28 12:00:00,2021-07-28 09:00:00,-180.0,180.0
D2,F5-2-dlinear-c2688,2,4,2021-07-29,84,0.875,False,211.0,205.48558044433594,-5.5144195556640625,5.5144195556640625,2021-07-29 12:00:00,2021-07-29 12:00:00,0.0,0.0
D2,F5-2-dlinear-c2688,2,4,2021-07-30,85,0.8854166666666666,False,212.0,211.61981201171875,-0.38018798828125,0.38018798828125,2021-07-30 12:00:00,2021-07-30 08:45:00,-195.0,195.0
D2,F5-2-dlinear-c2688,2,4,2021-07-31,96,1.0,True,80.0,89.604248046875,9.604248046875,9.604248046875,2021-07-31 00:00:00,2021-07-31 00:00:00,0.0,0.0
D2,F5-2-dlinear-c2688,2,4,2021-08-01,96,1.0,True,28.0,34.40233612060547,6.402336120605469,6.402336120605469,2021-08-01 09:00:00,2021-08-01 17:45:00,525.0,525.0
D2,F5-2-dlinear-c2688,2,4,2021-08-09,1,0.010416666666666666,False,21.0,14.678863525390625,-6.321136474609375,6.321136474609375,2021-08-09 00:00:00,2021-08-09 00:00:00,0.0,0.0
D2,F5-2-dlinear-c2688,2,5,2021-07-12,96,1.0,True,198.0,203.27586364746094,5.2758636474609375,5.2758636474609375,2021-07-12 08:45:00,2021-07-12 10:45:00,120.0,120.0
D2,F5-2-dlinear-c2688,2,5,2021-07-13,1,0.010416666666666666,False,79.0,93.0558853149414,14.055885314941406,14.055885314941406,2021-07-13 00:00:00,2021-07-13 00:00:00,0.0,0.0
D2,F5-2-dlinear-c2688,2,5,2021-07-17,79,0.8229166666666666,False,108.0,107.08549499511719,-0.9145050048828125,0.9145050048828125,2021-07-17 06:00:00,2021-07-17 04:15:00,-105.0,105.0
D2,F5-2-dlinear-c2688,2,5,2021-07-18,84,0.875,False,28.0,32.63938903808594,4.6393890380859375,4.6393890380859375,2021-07-18 04:30:00,2021-07-18 10:30:00,360.0,360.0
D2,F5-2-dlinear-c2688,2,5,2021-07-26,84,0.875,False,217.0,207.67202758789062,-9.327972412109375,9.327972412109375,2021-07-26 08:30:00,2021-07-26 11:15:00,165.0,165.0
D2,F5-2-dlinear-c2688,2,5,2021-07-27,84,0.875,False,211.0,193.20672607421875,-17.79327392578125,17.79327392578125,2021-07-27 11:45:00,2021-07-27 12:00:00,15.0,15.0
D2,F5-2-dlinear-c2688,2,5,2021-07-28,84,0.875,False,212.0,218.18106079101562,6.181060791015625,6.181060791015625,2021-07-28 12:00:00,2021-07-28 09:00:00,-180.0,180.0
D2,F5-2-dlinear-c2688,2,5,2021-07-29,84,0.875,False,211.0,196.18338012695312,-14.816619873046875,14.816619873046875,2021-07-29 12:00:00,2021-07-29 12:00:00,0.0,0.0
D2,F5-2-dlinear-c2688,2,5,2021-07-30,85,0.8854166666666666,False,212.0,208.06655883789062,-3.933441162109375,3.933441162109375,2021-07-30 12:00:00,2021-07-30 08:45:00,-195.0,195.0
D2,F5-2-dlinear-c2688,2,5,2021-07-31,96,1.0,True,80.0,94.18275451660156,14.182754516601562,14.182754516601562,2021-07-31 00:00:00,2021-07-31 01:15:00,75.0,75.0
D2,F5-2-dlinear-c2688,2,5,2021-08-01,96,1.0,True,28.0,34.32118606567383,6.321186065673828,6.321186065673828,2021-08-01 09:00:00,2021-08-01 18:00:00,540.0,540.0
D2,F5-2-dlinear-c2688,2,5,2021-08-09,1,0.010416666666666666,False,21.0,12.542373657226562,-8.457626342773438,8.457626342773438,2021-08-09 00:00:00,2021-08-09 00:00:00,0.0,0.0
D2,F5-2-dlinear-c2688,2,6,2021-07-12,96,1.0,True,198.0,193.52224731445312,-4.477752685546875,4.477752685546875,2021-07-12 08:45:00,2021-07-12 10:45:00,120.0,120.0
D2,F5-2-dlinear-c2688,2,6,2021-07-13,1,0.010416666666666666,False,79.0,91.78862762451172,12.788627624511719,12.788627624511719,2021-07-13 00:00:00,2021-07-13 00:00:00,0.0,0.0
D2,F5-2-dlinear-c2688,2,6,2021-07-17,78,0.8125,False,108.0,101.77395629882812,-6.226043701171875,6.226043701171875,2021-07-17 06:00:00,2021-07-17 06:30:00,30.0,30.0
D2,F5-2-dlinear-c2688,2,6,2021-07-18,84,0.875,False,28.0,33.46782302856445,5.467823028564453,5.467823028564453,2021-07-18 01:15:00,2021-07-18 21:30:00,1215.0,1215.0
D2,F5-2-dlinear-c2688,2,6,2021-07-26,84,0.875,False,217.0,199.96102905273438,-17.038970947265625,17.038970947265625,2021-07-26 08:30:00,2021-07-26 11:30:00,180.0,180.0
D2,F5-2-dlinear-c2688,2,6,2021-07-27,84,0.875,False,211.0,201.97216796875,-9.02783203125,9.02783203125,2021-07-27 11:45:00,2021-07-27 13:30:00,105.0,105.0
D2,F5-2-dlinear-c2688,2,6,2021-07-28,84,0.875,False,212.0,208.1502685546875,-3.8497314453125,3.8497314453125,2021-07-28 12:00:00,2021-07-28 09:00:00,-180.0,180.0
D2,F5-2-dlinear-c2688,2,6,2021-07-29,84,0.875,False,211.0,205.79122924804688,-5.208770751953125,5.208770751953125,2021-07-29 12:00:00,2021-07-29 13:30:00,90.0,90.0
D2,F5-2-dlinear-c2688,2,6,2021-07-30,85,0.8854166666666666,False,212.0,215.6260528564453,3.6260528564453125,3.6260528564453125,2021-07-30 12:00:00,2021-07-30 13:30:00,90.0,90.0
D2,F5-2-dlinear-c2688,2,6,2021-07-31,96,1.0,True,80.0,99.4383773803711,19.438377380371094,19.438377380371094,2021-07-31 00:00:00,2021-07-31 01:30:00,90.0,90.0
D2,F5-2-dlinear-c2688,2,6,2021-08-01,96,1.0,True,28.0,33.75421905517578,5.754219055175781,5.754219055175781,2021-08-01 09:00:00,2021-08-01 18:00:00,540.0,540.0
D2,F5-2-dlinear-c2688,2,6,2021-08-09,1,0.010416666666666666,False,21.0,9.660186767578125,-11.339813232421875,11.339813232421875,2021-08-09 00:00:00,2021-08-09 00:00:00,0.0,0.0
D2,F5-2-dlinear-c2688,2,7,2021-07-12,96,1.0,True,198.0,188.90786743164062,-9.092132568359375,9.092132568359375,2021-07-12 08:45:00,2021-07-12 11:00:00,135.0,135.0
D2,F5-2-dlinear-c2688,2,7,2021-07-13,1,0.010416666666666666,False,79.0,86.03288269042969,7.0328826904296875,7.0328826904296875,2021-07-13 00:00:00,2021-07-13 00:00:00,0.0,0.0
D2,F5-2-dlinear-c2688,2,7,2021-07-17,77,0.8020833333333334,False,108.0,105.59452819824219,-2.4054718017578125,2.4054718017578125,2021-07-17 06:00:00,2021-07-17 04:45:00,-75.0,75.0
D2,F5-2-dlinear-c2688,2,7,2021-07-18,84,0.875,False,28.0,34.5511474609375,6.5511474609375,6.5511474609375,2021-07-18 01:15:00,2021-07-18 15:00:00,825.0,825.0
D2,F5-2-dlinear-c2688,2,7,2021-07-26,84,0.875,False,217.0,202.07666015625,-14.92333984375,14.92333984375,2021-07-26 08:30:00,2021-07-26 10:45:00,135.0,135.0
D2,F5-2-dlinear-c2688,2,7,2021-07-27,84,0.875,False,211.0,207.96719360351562,-3.032806396484375,3.032806396484375,2021-07-27 11:45:00,2021-07-27 13:30:00,105.0,105.0
D2,F5-2-dlinear-c2688,2,7,2021-07-28,84,0.875,False,212.0,209.52268981933594,-2.4773101806640625,2.4773101806640625,2021-07-28 12:00:00,2021-07-28 13:45:00,105.0,105.0
D2,F5-2-dlinear-c2688,2,7,2021-07-29,84,0.875,False,211.0,205.53619384765625,-5.46380615234375,5.46380615234375,2021-07-29 12:00:00,2021-07-29 13:45:00,105.0,105.0
D2,F5-2-dlinear-c2688,2,7,2021-07-30,85,0.8854166666666666,False,212.0,205.59912109375,-6.40087890625,6.40087890625,2021-07-30 12:00:00,2021-07-30 13:45:00,105.0,105.0
D2,F5-2-dlinear-c2688,2,7,2021-07-31,96,1.0,True,80.0,109.94731903076172,29.94731903076172,29.94731903076172,2021-07-31 00:00:00,2021-07-31 01:30:00,90.0,90.0
D2,F5-2-dlinear-c2688,2,7,2021-08-01,96,1.0,True,28.0,32.31100082397461,4.311000823974609,4.311000823974609,2021-08-01 09:00:00,2021-08-01 15:00:00,360.0,360.0
D2,F5-2-dlinear-c2688,2,7,2021-08-09,1,0.010416666666666666,False,21.0,6.7509765625,-14.2490234375,14.2490234375,2021-08-09 00:00:00,2021-08-09 00:00:00,0.0,0.0
D2,F5-2-dlinear-c2688,2,8,2021-07-12,96,1.0,True,198.0,199.69976806640625,1.69976806640625,1.69976806640625,2021-07-12 08:45:00,2021-07-12 11:15:00,150.0,150.0
D2,F5-2-dlinear-c2688,2,8,2021-07-13,1,0.010416666666666666,False,79.0,78.87777709960938,-0.122222900390625,0.122222900390625,2021-07-13 00:00:00,2021-07-13 00:00:00,0.0,0.0
D2,F5-2-dlinear-c2688,2,8,2021-07-17,76,0.7916666666666666,False,108.0,100.68505096435547,-7.314949035644531,7.314949035644531,2021-07-17 06:00:00,2021-07-17 05:00:00,-60.0,60.0
D2,F5-2-dlinear-c2688,2,8,2021-07-18,84,0.875,False,28.0,41.59730529785156,13.597305297851562,13.597305297851562,2021-07-18 01:15:00,2021-07-18 15:00:00,825.0,825.0
D2,F5-2-dlinear-c2688,2,8,2021-07-26,84,0.875,False,217.0,213.06185913085938,-3.938140869140625,3.938140869140625,2021-07-26 08:30:00,2021-07-26 10:45:00,135.0,135.0
D2,F5-2-dlinear-c2688,2,8,2021-07-27,84,0.875,False,211.0,202.30758666992188,-8.692413330078125,8.692413330078125,2021-07-27 11:45:00,2021-07-27 13:45:00,120.0,120.0
D2,F5-2-dlinear-c2688,2,8,2021-07-28,84,0.875,False,212.0,207.62322998046875,-4.37677001953125,4.37677001953125,2021-07-28 12:00:00,2021-07-28 14:00:00,120.0,120.0
D2,F5-2-dlinear-c2688,2,8,2021-07-29,84,0.875,False,211.0,197.26556396484375,-13.73443603515625,13.73443603515625,2021-07-29 12:00:00,2021-07-29 14:00:00,120.0,120.0
D2,F5-2-dlinear-c2688,2,8,2021-07-30,85,0.8854166666666666,False,212.0,201.412109375,-10.587890625,10.587890625,2021-07-30 12:00:00,2021-07-30 13:30:00,90.0,90.0
D2,F5-2-dlinear-c2688,2,8,2021-07-31,96,1.0,True,80.0,105.28240966796875,25.28240966796875,25.28240966796875,2021-07-31 00:00:00,2021-07-31 01:30:00,90.0,90.0
D2,F5-2-dlinear-c2688,2,8,2021-08-01,96,1.0,True,28.0,41.733272552490234,13.733272552490234,13.733272552490234,2021-08-01 09:00:00,2021-08-01 15:00:00,360.0,360.0
D2,F5-2-dlinear-c2688,2,8,2021-08-09,1,0.010416666666666666,False,21.0,11.599212646484375,-9.400787353515625,9.400787353515625,2021-08-09 00:00:00,2021-08-09 00:00:00,0.0,0.0
D2,F5-2-dlinear-c2688,2,9,2021-07-12,96,1.0,True,198.0,195.63235473632812,-2.367645263671875,2.367645263671875,2021-07-12 08:45:00,2021-07-12 10:45:00,120.0,120.0
D2,F5-2-dlinear-c2688,2,9,2021-07-13,1,0.010416666666666666,False,79.0,89.09989929199219,10.099899291992188,10.099899291992188,2021-07-13 00:00:00,2021-07-13 00:00:00,0.0,0.0
D2,F5-2-dlinear-c2688,2,9,2021-07-17,75,0.78125,False,108.0,102.40308380126953,-5.596916198730469,5.596916198730469,2021-07-17 06:00:00,2021-07-17 06:30:00,30.0,30.0
D2,F5-2-dlinear-c2688,2,9,2021-07-18,84,0.875,False,28.0,37.35894775390625,9.35894775390625,9.35894775390625,2021-07-18 01:15:00,2021-07-18 21:30:00,1215.0,1215.0
D2,F5-2-dlinear-c2688,2,9,2021-07-26,84,0.875,False,217.0,211.4575653076172,-5.5424346923828125,5.5424346923828125,2021-07-26 08:30:00,2021-07-26 10:45:00,135.0,135.0
D2,F5-2-dlinear-c2688,2,9,2021-07-27,84,0.875,False,211.0,199.79994201660156,-11.200057983398438,11.200057983398438,2021-07-27 11:45:00,2021-07-27 13:45:00,120.0,120.0
D2,F5-2-dlinear-c2688,2,9,2021-07-28,84,0.875,False,212.0,211.6348419189453,-0.3651580810546875,0.3651580810546875,2021-07-28 12:00:00,2021-07-28 14:15:00,135.0,135.0
D2,F5-2-dlinear-c2688,2,9,2021-07-29,84,0.875,False,211.0,196.4423828125,-14.5576171875,14.5576171875,2021-07-29 12:00:00,2021-07-29 16:00:00,240.0,240.0
D2,F5-2-dlinear-c2688,2,9,2021-07-30,85,0.8854166666666666,False,212.0,209.9947052001953,-2.0052947998046875,2.0052947998046875,2021-07-30 12:00:00,2021-07-30 10:00:00,-120.0,120.0
D2,F5-2-dlinear-c2688,2,9,2021-07-31,96,1.0,True,80.0,109.18324279785156,29.183242797851562,29.183242797851562,2021-07-31 00:00:00,2021-07-31 01:45:00,105.0,105.0
D2,F5-2-dlinear-c2688,2,9,2021-08-01,96,1.0,True,28.0,37.34184646606445,9.341846466064453,9.341846466064453,2021-08-01 09:00:00,2021-08-01 22:30:00,810.0,810.0
D2,F5-2-dlinear-c2688,2,9,2021-08-09,1,0.010416666666666666,False,21.0,10.057853698730469,-10.942146301269531,10.942146301269531,2021-08-09 00:00:00,2021-08-09 00:00:00,0.0,0.0
D2,F5-2-dlinear-c2688,2,10,2021-07-12,96,1.0,True,198.0,196.4669647216797,-1.5330352783203125,1.5330352783203125,2021-07-12 08:45:00,2021-07-12 11:45:00,180.0,180.0
D2,F5-2-dlinear-c2688,2,10,2021-07-13,1,0.010416666666666666,False,79.0,89.36407470703125,10.36407470703125,10.36407470703125,2021-07-13 00:00:00,2021-07-13 00:00:00,0.0,0.0
D2,F5-2-dlinear-c2688,2,10,2021-07-17,74,0.7708333333333334,False,108.0,94.70050811767578,-13.299491882324219,13.299491882324219,2021-07-17 06:00:00,2021-07-17 06:30:00,30.0,30.0
D2,F5-2-dlinear-c2688,2,10,2021-07-18,84,0.875,False,28.0,37.15410614013672,9.154106140136719,9.154106140136719,2021-07-18 01:15:00,2021-07-18 10:30:00,555.0,555.0
D2,F5-2-dlinear-c2688,2,10,2021-07-26,84,0.875,False,217.0,216.93612670898438,-0.063873291015625,0.063873291015625,2021-07-26 08:30:00,2021-07-26 11:00:00,150.0,150.0
D2,F5-2-dlinear-c2688,2,10,2021-07-27,84,0.875,False,211.0,201.8480224609375,-9.1519775390625,9.1519775390625,2021-07-27 11:45:00,2021-07-27 13:45:00,120.0,120.0
D2,F5-2-dlinear-c2688,2,10,2021-07-28,84,0.875,False,212.0,207.86541748046875,-4.13458251953125,4.13458251953125,2021-07-28 12:00:00,2021-07-28 14:00:00,120.0,120.0
D2,F5-2-dlinear-c2688,2,10,2021-07-29,84,0.875,False,211.0,196.06704711914062,-14.932952880859375,14.932952880859375,2021-07-29 12:00:00,2021-07-29 14:30:00,150.0,150.0
D2,F5-2-dlinear-c2688,2,10,2021-07-30,85,0.8854166666666666,False,212.0,204.94984436035156,-7.0501556396484375,7.0501556396484375,2021-07-30 12:00:00,2021-07-30 08:45:00,-195.0,195.0
D2,F5-2-dlinear-c2688,2,10,2021-07-31,96,1.0,True,80.0,98.04615020751953,18.04615020751953,18.04615020751953,2021-07-31 00:00:00,2021-07-31 02:00:00,120.0,120.0
D2,F5-2-dlinear-c2688,2,10,2021-08-01,96,1.0,True,28.0,35.94306945800781,7.9430694580078125,7.9430694580078125,2021-08-01 09:00:00,2021-08-01 15:00:00,360.0,360.0
D2,F5-2-dlinear-c2688,2,10,2021-08-09,1,0.010416666666666666,False,21.0,9.346748352050781,-11.653251647949219,11.653251647949219,2021-08-09 00:00:00,2021-08-09 00:00:00,0.0,0.0
D2,F5-2-dlinear-c2688,2,11,2021-07-12,96,1.0,True,198.0,195.68612670898438,-2.313873291015625,2.313873291015625,2021-07-12 08:45:00,2021-07-12 14:00:00,315.0,315.0
D2,F5-2-dlinear-c2688,2,11,2021-07-13,1,0.010416666666666666,False,79.0,89.80467224121094,10.804672241210938,10.804672241210938,2021-07-13 00:00:00,2021-07-13 00:00:00,0.0,0.0
D2,F5-2-dlinear-c2688,2,11,2021-07-17,73,0.7604166666666666,False,108.0,100.7772445678711,-7.222755432128906,7.222755432128906,2021-07-17 06:00:00,2021-07-17 06:30:00,30.0,30.0
D2,F5-2-dlinear-c2688,2,11,2021-07-18,84,0.875,False,28.0,36.10000228881836,8.10000228881836,8.10000228881836,2021-07-18 01:15:00,2021-07-18 15:00:00,825.0,825.0
D2,F5-2-dlinear-c2688,2,11,2021-07-26,84,0.875,False,217.0,213.576904296875,-3.423095703125,3.423095703125,2021-07-26 08:30:00,2021-07-26 11:15:00,165.0,165.0
D2,F5-2-dlinear-c2688,2,11,2021-07-27,84,0.875,False,211.0,196.6126251220703,-14.387374877929688,14.387374877929688,2021-07-27 11:45:00,2021-07-27 14:45:00,180.0,180.0
D2,F5-2-dlinear-c2688,2,11,2021-07-28,84,0.875,False,212.0,200.02044677734375,-11.97955322265625,11.97955322265625,2021-07-28 12:00:00,2021-07-28 14:15:00,135.0,135.0
D2,F5-2-dlinear-c2688,2,11,2021-07-29,84,0.875,False,211.0,203.1224365234375,-7.8775634765625,7.8775634765625,2021-07-29 12:00:00,2021-07-29 14:45:00,165.0,165.0
D2,F5-2-dlinear-c2688,2,11,2021-07-30,85,0.8854166666666666,False,212.0,208.2763671875,-3.7236328125,3.7236328125,2021-07-30 12:00:00,2021-07-30 08:45:00,-195.0,195.0
D2,F5-2-dlinear-c2688,2,11,2021-07-31,96,1.0,True,80.0,106.44580078125,26.44580078125,26.44580078125,2021-07-31 00:00:00,2021-07-31 02:15:00,135.0,135.0
D2,F5-2-dlinear-c2688,2,11,2021-08-01,96,1.0,True,28.0,37.51815414428711,9.51815414428711,9.51815414428711,2021-08-01 09:00:00,2021-08-01 15:00:00,360.0,360.0
D2,F5-2-dlinear-c2688,2,11,2021-08-09,1,0.010416666666666666,False,21.0,11.604042053222656,-9.395957946777344,9.395957946777344,2021-08-09 00:00:00,2021-08-09 00:00:00,0.0,0.0
D2,F5-2-dlinear-c2688,2,12,2021-07-12,96,1.0,True,198.0,189.10379028320312,-8.896209716796875,8.896209716796875,2021-07-12 08:45:00,2021-07-12 14:00:00,315.0,315.0
D2,F5-2-dlinear-c2688,2,12,2021-07-13,1,0.010416666666666666,False,79.0,93.61983489990234,14.619834899902344,14.619834899902344,2021-07-13 00:00:00,2021-07-13 00:00:00,0.0,0.0
D2,F5-2-dlinear-c2688,2,12,2021-07-17,72,0.75,False,108.0,98.76336669921875,-9.23663330078125,9.23663330078125,2021-07-17 06:00:00,2021-07-17 06:15:00,15.0,15.0
D2,F5-2-dlinear-c2688,2,12,2021-07-18,84,0.875,False,28.0,38.10223388671875,10.10223388671875,10.10223388671875,2021-07-18 01:15:00,2021-07-18 02:00:00,45.0,45.0
D2,F5-2-dlinear-c2688,2,12,2021-07-26,84,0.875,False,217.0,213.22450256347656,-3.7754974365234375,3.7754974365234375,2021-07-26 08:30:00,2021-07-26 11:30:00,180.0,180.0
D2,F5-2-dlinear-c2688,2,12,2021-07-27,84,0.875,False,211.0,193.75634765625,-17.24365234375,17.24365234375,2021-07-27 11:45:00,2021-07-27 14:45:00,180.0,180.0
D2,F5-2-dlinear-c2688,2,12,2021-07-28,84,0.875,False,212.0,200.72393798828125,-11.27606201171875,11.27606201171875,2021-07-28 12:00:00,2021-07-28 08:45:00,-195.0,195.0
D2,F5-2-dlinear-c2688,2,12,2021-07-29,84,0.875,False,211.0,197.41720581054688,-13.582794189453125,13.582794189453125,2021-07-29 12:00:00,2021-07-29 14:30:00,150.0,150.0
D2,F5-2-dlinear-c2688,2,12,2021-07-30,85,0.8854166666666666,False,212.0,212.65194702148438,0.651947021484375,0.651947021484375,2021-07-30 12:00:00,2021-07-30 08:45:00,-195.0,195.0
D2,F5-2-dlinear-c2688,2,12,2021-07-31,96,1.0,True,80.0,102.29200744628906,22.292007446289062,22.292007446289062,2021-07-31 00:00:00,2021-07-31 01:30:00,90.0,90.0
D2,F5-2-dlinear-c2688,2,12,2021-08-01,96,1.0,True,28.0,36.702938079833984,8.702938079833984,8.702938079833984,2021-08-01 09:00:00,2021-08-01 15:00:00,360.0,360.0
D2,F5-2-dlinear-c2688,2,12,2021-08-09,1,0.010416666666666666,False,21.0,16.48155975341797,-4.518440246582031,4.518440246582031,2021-08-09 00:00:00,2021-08-09 00:00:00,0.0,0.0
D2,F5-2-dlinear-c2688,2,13,2021-07-12,96,1.0,True,198.0,187.6444854736328,-10.355514526367188,10.355514526367188,2021-07-12 08:45:00,2021-07-12 11:45:00,180.0,180.0
D2,F5-2-dlinear-c2688,2,13,2021-07-13,1,0.010416666666666666,False,79.0,93.9857406616211,14.985740661621094,14.985740661621094,2021-07-13 00:00:00,2021-07-13 00:00:00,0.0,0.0
D2,F5-2-dlinear-c2688,2,13,2021-07-17,71,0.7395833333333334,False,96.0,104.64213562011719,8.642135620117188,8.642135620117188,2021-07-17 06:15:00,2021-07-17 06:15:00,0.0,0.0
D2,F5-2-dlinear-c2688,2,13,2021-07-18,84,0.875,False,28.0,36.07941436767578,8.079414367675781,8.079414367675781,2021-07-18 01:15:00,2021-07-18 02:15:00,60.0,60.0
D2,F5-2-dlinear-c2688,2,13,2021-07-26,84,0.875,False,217.0,210.92408752441406,-6.0759124755859375,6.0759124755859375,2021-07-26 08:30:00,2021-07-26 11:45:00,195.0,195.0
D2,F5-2-dlinear-c2688,2,13,2021-07-27,84,0.875,False,211.0,197.80197143554688,-13.198028564453125,13.198028564453125,2021-07-27 11:45:00,2021-07-27 11:45:00,0.0,0.0
D2,F5-2-dlinear-c2688,2,13,2021-07-28,84,0.875,False,212.0,209.31642150878906,-2.6835784912109375,2.6835784912109375,2021-07-28 12:00:00,2021-07-28 11:30:00,-30.0,30.0
D2,F5-2-dlinear-c2688,2,13,2021-07-29,84,0.875,False,211.0,201.53846740722656,-9.461532592773438,9.461532592773438,2021-07-29 12:00:00,2021-07-29 14:30:00,150.0,150.0
D2,F5-2-dlinear-c2688,2,13,2021-07-30,85,0.8854166666666666,False,212.0,209.19723510742188,-2.802764892578125,2.802764892578125,2021-07-30 12:00:00,2021-07-30 11:00:00,-60.0,60.0
D2,F5-2-dlinear-c2688,2,13,2021-07-31,96,1.0,True,80.0,101.52000427246094,21.520004272460938,21.520004272460938,2021-07-31 00:00:00,2021-07-31 01:30:00,90.0,90.0
D2,F5-2-dlinear-c2688,2,13,2021-08-01,96,1.0,True,28.0,32.69540023803711,4.695400238037109,4.695400238037109,2021-08-01 09:00:00,2021-08-01 05:45:00,-195.0,195.0
D2,F5-2-dlinear-c2688,2,13,2021-08-09,1,0.010416666666666666,False,21.0,8.779052734375,-12.220947265625,12.220947265625,2021-08-09 00:00:00,2021-08-09 00:00:00,0.0,0.0
D2,F5-2-dlinear-c2688,2,14,2021-07-12,96,1.0,True,198.0,196.66537475585938,-1.334625244140625,1.334625244140625,2021-07-12 08:45:00,2021-07-12 13:30:00,285.0,285.0
D2,F5-2-dlinear-c2688,2,14,2021-07-13,1,0.010416666666666666,False,79.0,90.75784301757812,11.757843017578125,11.757843017578125,2021-07-13 00:00:00,2021-07-13 00:00:00,0.0,0.0
D2,F5-2-dlinear-c2688,2,14,2021-07-17,70,0.7291666666666666,False,88.0,104.13500213623047,16.13500213623047,16.13500213623047,2021-07-17 07:15:00,2021-07-17 06:30:00,-45.0,45.0
D2,F5-2-dlinear-c2688,2,14,2021-07-18,84,0.875,False,28.0,39.866355895996094,11.866355895996094,11.866355895996094,2021-07-18 01:15:00,2021-07-18 15:00:00,825.0,825.0
D2,F5-2-dlinear-c2688,2,14,2021-07-26,84,0.875,False,217.0,199.8871307373047,-17.112869262695312,17.112869262695312,2021-07-26 08:30:00,2021-07-26 11:45:00,195.0,195.0
D2,F5-2-dlinear-c2688,2,14,2021-07-27,84,0.875,False,211.0,185.21786499023438,-25.782135009765625,25.782135009765625,2021-07-27 11:45:00,2021-07-27 14:45:00,180.0,180.0
D2,F5-2-dlinear-c2688,2,14,2021-07-28,84,0.875,False,212.0,206.64669799804688,-5.353302001953125,5.353302001953125,2021-07-28 12:00:00,2021-07-28 11:45:00,-15.0,15.0
D2,F5-2-dlinear-c2688,2,14,2021-07-29,84,0.875,False,211.0,195.93447875976562,-15.065521240234375,15.065521240234375,2021-07-29 12:00:00,2021-07-29 14:45:00,165.0,165.0
D2,F5-2-dlinear-c2688,2,14,2021-07-30,84,0.875,False,212.0,204.82394409179688,-7.176055908203125,7.176055908203125,2021-07-30 12:00:00,2021-07-30 08:45:00,-195.0,195.0
D2,F5-2-dlinear-c2688,2,14,2021-07-31,96,1.0,True,80.0,104.63523864746094,24.635238647460938,24.635238647460938,2021-07-31 00:00:00,2021-07-31 01:30:00,90.0,90.0
D2,F5-2-dlinear-c2688,2,14,2021-08-01,96,1.0,True,28.0,39.83384704589844,11.833847045898438,11.833847045898438,2021-08-01 09:00:00,2021-08-01 15:00:00,360.0,360.0
D2,F5-2-dlinear-c2688,2,14,2021-08-09,1,0.010416666666666666,False,21.0,18.04047393798828,-2.9595260620117188,2.9595260620117188,2021-08-09 00:00:00,2021-08-09 00:00:00,0.0,0.0
D2,F5-2-dlinear-c2688,2,15,2021-07-12,96,1.0,True,198.0,194.53863525390625,-3.46136474609375,3.46136474609375,2021-07-12 08:45:00,2021-07-12 13:45:00,300.0,300.0
D2,F5-2-dlinear-c2688,2,15,2021-07-13,1,0.010416666666666666,False,79.0,82.50418853759766,3.5041885375976562,3.5041885375976562,2021-07-13 00:00:00,2021-07-13 00:00:00,0.0,0.0
D2,F5-2-dlinear-c2688,2,15,2021-07-17,69,0.71875,False,88.0,102.89918518066406,14.899185180664062,14.899185180664062,2021-07-17 07:15:00,2021-07-17 06:45:00,-30.0,30.0
D2,F5-2-dlinear-c2688,2,15,2021-07-18,84,0.875,False,28.0,42.28693389892578,14.286933898925781,14.286933898925781,2021-07-18 01:15:00,2021-07-18 02:00:00,45.0,45.0
D2,F5-2-dlinear-c2688,2,15,2021-07-26,84,0.875,False,217.0,188.44677734375,-28.55322265625,28.55322265625,2021-07-26 08:30:00,2021-07-26 13:45:00,315.0,315.0
D2,F5-2-dlinear-c2688,2,15,2021-07-27,84,0.875,False,211.0,203.80364990234375,-7.19635009765625,7.19635009765625,2021-07-27 11:45:00,2021-07-27 15:45:00,240.0,240.0
D2,F5-2-dlinear-c2688,2,15,2021-07-28,84,0.875,False,212.0,205.34786987304688,-6.652130126953125,6.652130126953125,2021-07-28 12:00:00,2021-07-28 11:30:00,-30.0,30.0
D2,F5-2-dlinear-c2688,2,15,2021-07-29,84,0.875,False,211.0,207.47604370117188,-3.523956298828125,3.523956298828125,2021-07-29 12:00:00,2021-07-29 15:45:00,225.0,225.0
D2,F5-2-dlinear-c2688,2,15,2021-07-30,84,0.875,False,212.0,214.50926208496094,2.5092620849609375,2.5092620849609375,2021-07-30 12:00:00,2021-07-30 08:45:00,-195.0,195.0
D2,F5-2-dlinear-c2688,2,15,2021-07-31,96,1.0,True,80.0,101.67134094238281,21.671340942382812,21.671340942382812,2021-07-31 00:00:00,2021-07-31 03:45:00,225.0,225.0
D2,F5-2-dlinear-c2688,2,15,2021-08-01,96,1.0,True,28.0,38.654293060302734,10.654293060302734,10.654293060302734,2021-08-01 09:00:00,2021-08-01 15:00:00,360.0,360.0
D2,F5-2-dlinear-c2688,2,15,2021-08-09,1,0.010416666666666666,False,21.0,8.529495239257812,-12.470504760742188,12.470504760742188,2021-08-09 00:00:00,2021-08-09 00:00:00,0.0,0.0
D2,F5-2-dlinear-c2688,2,16,2021-07-12,96,1.0,True,198.0,199.38876342773438,1.388763427734375,1.388763427734375,2021-07-12 08:45:00,2021-07-12 14:00:00,315.0,315.0
D2,F5-2-dlinear-c2688,2,16,2021-07-13,1,0.010416666666666666,False,79.0,95.02620697021484,16.026206970214844,16.026206970214844,2021-07-13 00:00:00,2021-07-13 00:00:00,0.0,0.0
D2,F5-2-dlinear-c2688,2,16,2021-07-17,68,0.7083333333333334,False,88.0,99.10163879394531,11.101638793945312,11.101638793945312,2021-07-17 07:15:00,2021-07-17 07:00:00,-15.0,15.0
D2,F5-2-dlinear-c2688,2,16,2021-07-18,84,0.875,False,28.0,42.40789031982422,14.407890319824219,14.407890319824219,2021-07-18 01:15:00,2021-07-18 02:15:00,60.0,60.0
D2,F5-2-dlinear-c2688,2,16,2021-07-26,84,0.875,False,217.0,190.92498779296875,-26.07501220703125,26.07501220703125,2021-07-26 08:30:00,2021-07-26 13:45:00,315.0,315.0
D2,F5-2-dlinear-c2688,2,16,2021-07-27,84,0.875,False,211.0,195.43345642089844,-15.566543579101562,15.566543579101562,2021-07-27 11:45:00,2021-07-27 16:00:00,255.0,255.0
D2,F5-2-dlinear-c2688,2,16,2021-07-28,84,0.875,False,212.0,201.69189453125,-10.30810546875,10.30810546875,2021-07-28 12:00:00,2021-07-28 14:00:00,120.0,120.0
D2,F5-2-dlinear-c2688,2,16,2021-07-29,84,0.875,False,211.0,194.0948944091797,-16.905105590820312,16.905105590820312,2021-07-29 12:00:00,2021-07-29 16:00:00,240.0,240.0
D2,F5-2-dlinear-c2688,2,16,2021-07-30,84,0.875,False,212.0,200.2334442138672,-11.766555786132812,11.766555786132812,2021-07-30 12:00:00,2021-07-30 08:30:00,-210.0,210.0
D2,F5-2-dlinear-c2688,2,16,2021-07-31,96,1.0,True,80.0,99.1434326171875,19.1434326171875,19.1434326171875,2021-07-31 00:00:00,2021-07-31 03:45:00,225.0,225.0
D2,F5-2-dlinear-c2688,2,16,2021-08-01,96,1.0,True,28.0,41.48485565185547,13.484855651855469,13.484855651855469,2021-08-01 09:00:00,2021-08-01 21:15:00,735.0,735.0
D2,F5-2-dlinear-c2688,2,16,2021-08-09,1,0.010416666666666666,False,21.0,20.24066162109375,-0.75933837890625,0.75933837890625,2021-08-09 00:00:00,2021-08-09 00:00:00,0.0,0.0
