dataset,model,fold,horizon,target_day,observed_slots,slot_coverage,full_day,actual_daily_max,predicted_daily_max,daily_max_error,daily_max_abs_error,actual_peak_time,predicted_peak_time,timing_error_minutes,timing_abs_error_minutes
D1,F6-2-c4096-calendar,0,4,2021-04-19,96,1.0,True,172.0,175.6115264892578,3.6115264892578125,3.6115264892578125,2021-04-19 08:45:00,2021-04-19 09:00:00,15.0,15.0
D1,F6-2-c4096-calendar,0,4,2021-04-20,96,1.0,True,172.0,171.69100952148438,-0.308990478515625,0.308990478515625,2021-04-20 08:45:00,2021-04-20 09:00:00,15.0,15.0
D1,F6-2-c4096-calendar,0,4,2021-04-21,96,1.0,True,174.0,173.9468994140625,-0.0531005859375,0.0531005859375,2021-04-21 08:30:00,2021-04-21 09:00:00,30.0,30.0
D1,F6-2-c4096-calendar,0,4,2021-04-22,96,1.0,True,174.0,168.87924194335938,-5.120758056640625,5.120758056640625,2021-04-22 08:30:00,2021-04-22 08:30:00,0.0,0.0
D1,F6-2-c4096-calendar,0,4,2021-04-23,96,1.0,True,174.0,171.54962158203125,-2.45037841796875,2.45037841796875,2021-04-23 08:30:00,2021-04-23 08:30:00,0.0,0.0
D1,F6-2-c4096-calendar,0,4,2021-04-24,96,1.0,True,112.0,108.4310073852539,-3.5689926147460938,3.5689926147460938,2021-04-24 06:15:00,2021-04-24 04:30:00,-105.0,105.0
D1,F6-2-c4096-calendar,0,4,2021-04-25,96,1.0,True,25.0,29.92388916015625,4.92388916015625,4.92388916015625,2021-04-25 01:30:00,2021-04-25 00:45:00,-45.0,45.0
D1,F6-2-c4096-calendar,0,4,2021-05-03,96,1.0,True,184.0,169.1590576171875,-14.8409423828125,14.8409423828125,2021-05-03 08:30:00,2021-05-03 15:00:00,390.0,390.0
D1,F6-2-c4096-calendar,0,4,2021-05-04,96,1.0,True,181.0,170.91429138183594,-10.085708618164062,10.085708618164062,2021-05-04 08:30:00,2021-05-04 08:30:00,0.0,0.0
D1,F6-2-c4096-calendar,0,4,2021-05-05,96,1.0,True,120.0,154.82684326171875,34.82684326171875,34.82684326171875,2021-05-05 04:15:00,2021-05-05 08:30:00,255.0,255.0
D1,F6-2-c4096-calendar,0,4,2021-05-06,96,1.0,True,199.0,180.3358612060547,-18.664138793945312,18.664138793945312,2021-05-06 09:00:00,2021-05-06 11:00:00,120.0,120.0
D1,F6-2-c4096-calendar,0,4,2021-05-07,96,1.0,True,181.0,174.97116088867188,-6.028839111328125,6.028839111328125,2021-05-07 09:00:00,2021-05-07 08:30:00,-30.0,30.0
D1,F6-2-c4096-calendar,0,4,2021-05-08,96,1.0,True,115.0,108.8816909790039,-6.118309020996094,6.118309020996094,2021-05-08 02:00:00,2021-05-08 06:15:00,255.0,255.0
D1,F6-2-c4096-calendar,0,4,2021-05-09,96,1.0,True,184.0,168.60015869140625,-15.39984130859375,15.39984130859375,2021-05-09 09:00:00,2021-05-09 09:45:00,45.0,45.0
D1,F6-2-c4096-calendar,0,5,2021-04-19,96,1.0,True,172.0,173.31069946289062,1.310699462890625,1.310699462890625,2021-04-19 08:45:00,2021-04-19 13:15:00,270.0,270.0
D1,F6-2-c4096-calendar,0,5,2021-04-20,96,1.0,True,172.0,170.034912109375,-1.965087890625,1.965087890625,2021-04-20 08:45:00,2021-04-20 08:45:00,0.0,0.0
D1,F6-2-c4096-calendar,0,5,2021-04-21,96,1.0,True,174.0,172.81854248046875,-1.18145751953125,1.18145751953125,2021-04-21 08:30:00,2021-04-21 09:00:00,30.0,30.0
D1,F6-2-c4096-calendar,0,5,2021-04-22,96,1.0,True,174.0,168.17312622070312,-5.826873779296875,5.826873779296875,2021-04-22 08:30:00,2021-04-22 08:30:00,0.0,0.0
D1,F6-2-c4096-calendar,0,5,2021-04-23,96,1.0,True,174.0,171.3683624267578,-2.6316375732421875,2.6316375732421875,2021-04-23 08:30:00,2021-04-23 10:45:00,135.0,135.0
D1,F6-2-c4096-calendar,0,5,2021-04-24,96,1.0,True,112.0,107.35118865966797,-4.648811340332031,4.648811340332031,2021-04-24 06:15:00,2021-04-24 06:15:00,0.0,0.0
D1,F6-2-c4096-calendar,0,5,2021-04-25,96,1.0,True,25.0,30.02124786376953,5.021247863769531,5.021247863769531,2021-04-25 01:30:00,2021-04-25 01:00:00,-30.0,30.0
D1,F6-2-c4096-calendar,0,5,2021-05-03,96,1.0,True,184.0,171.4775390625,-12.5224609375,12.5224609375,2021-05-03 08:30:00,2021-05-03 15:30:00,420.0,420.0
D1,F6-2-c4096-calendar,0,5,2021-05-04,96,1.0,True,181.0,169.85101318359375,-11.14898681640625,11.14898681640625,2021-05-04 08:30:00,2021-05-04 08:30:00,0.0,0.0
D1,F6-2-c4096-calendar,0,5,2021-05-05,96,1.0,True,120.0,165.02589416503906,45.02589416503906,45.02589416503906,2021-05-05 04:15:00,2021-05-05 08:30:00,255.0,255.0
D1,F6-2-c4096-calendar,0,5,2021-05-06,96,1.0,True,199.0,181.76126098632812,-17.238739013671875,17.238739013671875,2021-05-06 09:00:00,2021-05-06 11:45:00,165.0,165.0
D1,F6-2-c4096-calendar,0,5,2021-05-07,96,1.0,True,181.0,172.80419921875,-8.19580078125,8.19580078125,2021-05-07 09:00:00,2021-05-07 08:30:00,-30.0,30.0
D1,F6-2-c4096-calendar,0,5,2021-05-08,96,1.0,True,115.0,107.42195129394531,-7.5780487060546875,7.5780487060546875,2021-05-08 02:00:00,2021-05-08 06:15:00,255.0,255.0
D1,F6-2-c4096-calendar,0,5,2021-05-09,96,1.0,True,184.0,166.12246704101562,-17.877532958984375,17.877532958984375,2021-05-09 09:00:00,2021-05-09 10:00:00,60.0,60.0
D1,F6-2-c4096-calendar,0,6,2021-04-19,96,1.0,True,172.0,172.23095703125,0.23095703125,0.23095703125,2021-04-19 08:45:00,2021-04-19 13:15:00,270.0,270.0
D1,F6-2-c4096-calendar,0,6,2021-04-20,96,1.0,True,172.0,169.2543487548828,-2.7456512451171875,2.7456512451171875,2021-04-20 08:45:00,2021-04-20 08:45:00,0.0,0.0
D1,F6-2-c4096-calendar,0,6,2021-04-21,96,1.0,True,174.0,172.87301635742188,-1.126983642578125,1.126983642578125,2021-04-21 08:30:00,2021-04-21 08:30:00,0.0,0.0
D1,F6-2-c4096-calendar,0,6,2021-04-22,96,1.0,True,174.0,169.76699829101562,-4.233001708984375,4.233001708984375,2021-04-22 08:30:00,2021-04-22 08:30:00,0.0,0.0
D1,F6-2-c4096-calendar,0,6,2021-04-23,96,1.0,True,174.0,171.5583038330078,-2.4416961669921875,2.4416961669921875,2021-04-23 08:30:00,2021-04-23 08:30:00,0.0,0.0
D1,F6-2-c4096-calendar,0,6,2021-04-24,96,1.0,True,112.0,108.62458801269531,-3.3754119873046875,3.3754119873046875,2021-04-24 06:15:00,2021-04-24 06:15:00,0.0,0.0
D1,F6-2-c4096-calendar,0,6,2021-04-25,96,1.0,True,25.0,40.48200225830078,15.482002258300781,15.482002258300781,2021-04-25 01:30:00,2021-04-25 01:15:00,-15.0,15.0
D1,F6-2-c4096-calendar,0,6,2021-05-03,96,1.0,True,184.0,170.82919311523438,-13.170806884765625,13.170806884765625,2021-05-03 08:30:00,2021-05-03 15:45:00,435.0,435.0
D1,F6-2-c4096-calendar,0,6,2021-05-04,96,1.0,True,181.0,171.82412719726562,-9.175872802734375,9.175872802734375,2021-05-04 08:30:00,2021-05-04 08:30:00,0.0,0.0
D1,F6-2-c4096-calendar,0,6,2021-05-05,96,1.0,True,120.0,169.22471618652344,49.22471618652344,49.22471618652344,2021-05-05 04:15:00,2021-05-05 08:30:00,255.0,255.0
D1,F6-2-c4096-calendar,0,6,2021-05-06,96,1.0,True,199.0,180.89956665039062,-18.100433349609375,18.100433349609375,2021-05-06 09:00:00,2021-05-06 13:15:00,255.0,255.0
D1,F6-2-c4096-calendar,0,6,2021-05-07,96,1.0,True,181.0,172.30645751953125,-8.69354248046875,8.69354248046875,2021-05-07 09:00:00,2021-05-07 08:30:00,-30.0,30.0
D1,F6-2-c4096-calendar,0,6,2021-05-08,96,1.0,True,115.0,109.32302856445312,-5.676971435546875,5.676971435546875,2021-05-08 02:00:00,2021-05-08 06:15:00,255.0,255.0
D1,F6-2-c4096-calendar,0,6,2021-05-09,96,1.0,True,184.0,165.63906860351562,-18.360931396484375,18.360931396484375,2021-05-09 09:00:00,2021-05-09 13:15:00,255.0,255.0
D1,F6-2-c4096-calendar,0,7,2021-04-19,96,1.0,True,172.0,171.26376342773438,-0.736236572265625,0.736236572265625,2021-04-19 08:45:00,2021-04-19 13:15:00,270.0,270.0
D1,F6-2-c4096-calendar,0,7,2021-04-20,96,1.0,True,172.0,169.75091552734375,-2.24908447265625,2.24908447265625,2021-04-20 08:45:00,2021-04-20 09:00:00,15.0,15.0
D1,F6-2-c4096-calendar,0,7,2021-04-21,96,1.0,True,174.0,172.19570922851562,-1.804290771484375,1.804290771484375,2021-04-21 08:30:00,2021-04-21 09:00:00,30.0,30.0
D1,F6-2-c4096-calendar,0,7,2021-04-22,96,1.0,True,174.0,168.16226196289062,-5.837738037109375,5.837738037109375,2021-04-22 08:30:00,2021-04-22 08:30:00,0.0,0.0
D1,F6-2-c4096-calendar,0,7,2021-04-23,96,1.0,True,174.0,170.07887268066406,-3.9211273193359375,3.9211273193359375,2021-04-23 08:30:00,2021-04-23 08:30:00,0.0,0.0
D1,F6-2-c4096-calendar,0,7,2021-04-24,96,1.0,True,112.0,105.98992919921875,-6.01007080078125,6.01007080078125,2021-04-24 06:15:00,2021-04-24 06:15:00,0.0,0.0
D1,F6-2-c4096-calendar,0,7,2021-04-25,96,1.0,True,25.0,43.97016906738281,18.970169067382812,18.970169067382812,2021-04-25 01:30:00,2021-04-25 01:30:00,0.0,0.0
D1,F6-2-c4096-calendar,0,7,2021-05-03,96,1.0,True,184.0,168.39170837402344,-15.608291625976562,15.608291625976562,2021-05-03 08:30:00,2021-05-03 16:00:00,450.0,450.0
D1,F6-2-c4096-calendar,0,7,2021-05-04,96,1.0,True,181.0,169.8856658935547,-11.114334106445312,11.114334106445312,2021-05-04 08:30:00,2021-05-04 08:30:00,0.0,0.0
D1,F6-2-c4096-calendar,0,7,2021-05-05,96,1.0,True,120.0,168.3848876953125,48.3848876953125,48.3848876953125,2021-05-05 04:15:00,2021-05-05 08:30:00,255.0,255.0
D1,F6-2-c4096-calendar,0,7,2021-05-06,96,1.0,True,199.0,180.9954833984375,-18.0045166015625,18.0045166015625,2021-05-06 09:00:00,2021-05-06 13:15:00,255.0,255.0
D1,F6-2-c4096-calendar,0,7,2021-05-07,96,1.0,True,181.0,170.99822998046875,-10.00177001953125,10.00177001953125,2021-05-07 09:00:00,2021-05-07 11:00:00,120.0,120.0
D1,F6-2-c4096-calendar,0,7,2021-05-08,96,1.0,True,115.0,110.13771057128906,-4.8622894287109375,4.8622894287109375,2021-05-08 02:00:00,2021-05-08 06:15:00,255.0,255.0
D1,F6-2-c4096-calendar,0,7,2021-05-09,96,1.0,True,184.0,165.38491821289062,-18.615081787109375,18.615081787109375,2021-05-09 09:00:00,2021-05-09 13:30:00,270.0,270.0
D1,F6-2-c4096-calendar,0,8,2021-04-19,96,1.0,True,172.0,172.15524291992188,0.155242919921875,0.155242919921875,2021-04-19 08:45:00,2021-04-19 13:15:00,270.0,270.0
D1,F6-2-c4096-calendar,0,8,2021-04-20,96,1.0,True,172.0,167.00955200195312,-4.990447998046875,4.990447998046875,2021-04-20 08:45:00,2021-04-20 09:15:00,30.0,30.0
D1,F6-2-c4096-calendar,0,8,2021-04-21,96,1.0,True,174.0,173.49749755859375,-0.50250244140625,0.50250244140625,2021-04-21 08:30:00,2021-04-21 09:00:00,30.0,30.0
D1,F6-2-c4096-calendar,0,8,2021-04-22,96,1.0,True,174.0,170.60609436035156,-3.3939056396484375,3.3939056396484375,2021-04-22 08:30:00,2021-04-22 08:30:00,0.0,0.0
D1,F6-2-c4096-calendar,0,8,2021-04-23,96,1.0,True,174.0,171.91891479492188,-2.081085205078125,2.081085205078125,2021-04-23 08:30:00,2021-04-23 08:30:00,0.0,0.0
D1,F6-2-c4096-calendar,0,8,2021-04-24,96,1.0,True,112.0,107.67304992675781,-4.3269500732421875,4.3269500732421875,2021-04-24 06:15:00,2021-04-24 06:15:00,0.0,0.0
D1,F6-2-c4096-calendar,0,8,2021-04-25,96,1.0,True,25.0,41.985103607177734,16.985103607177734,16.985103607177734,2021-04-25 01:30:00,2021-04-25 01:45:00,15.0,15.0
D1,F6-2-c4096-calendar,0,8,2021-05-03,96,1.0,True,184.0,166.76864624023438,-17.231353759765625,17.231353759765625,2021-05-03 08:30:00,2021-05-03 11:15:00,165.0,165.0
D1,F6-2-c4096-calendar,0,8,2021-05-04,96,1.0,True,181.0,170.93563842773438,-10.064361572265625,10.064361572265625,2021-05-04 08:30:00,2021-05-04 08:30:00,0.0,0.0
D1,F6-2-c4096-calendar,0,8,2021-05-05,96,1.0,True,120.0,171.84909057617188,51.849090576171875,51.849090576171875,2021-05-05 04:15:00,2021-05-05 08:30:00,255.0,255.0
D1,F6-2-c4096-calendar,0,8,2021-05-06,96,1.0,True,199.0,183.912841796875,-15.087158203125,15.087158203125,2021-05-06 09:00:00,2021-05-06 12:00:00,180.0,180.0
D1,F6-2-c4096-calendar,0,8,2021-05-07,96,1.0,True,181.0,172.62957763671875,-8.37042236328125,8.37042236328125,2021-05-07 09:00:00,2021-05-07 08:30:00,-30.0,30.0
D1,F6-2-c4096-calendar,0,8,2021-05-08,96,1.0,True,115.0,110.93614196777344,-4.0638580322265625,4.0638580322265625,2021-05-08 02:00:00,2021-05-08 06:15:00,255.0,255.0
D1,F6-2-c4096-calendar,0,8,2021-05-09,96,1.0,True,184.0,164.284423828125,-19.715576171875,19.715576171875,2021-05-09 09:00:00,2021-05-09 13:45:00,285.0,285.0
D1,F6-2-c4096-calendar,0,9,2021-04-19,96,1.0,True,172.0,169.93321228027344,-2.0667877197265625,2.0667877197265625,2021-04-19 08:45:00,2021-04-19 13:30:00,285.0,285.0
D1,F6-2-c4096-calendar,0,9,2021-04-20,96,1.0,True,172.0,163.8505401611328,-8.149459838867188,8.149459838867188,2021-04-20 08:45:00,2021-04-20 09:30:00,45.0,45.0
D1,F6-2-c4096-calendar,0,9,2021-04-21,96,1.0,True,174.0,170.7737579345703,-3.2262420654296875,3.2262420654296875,2021-04-21 08:30:00,2021-04-21 09:00:00,30.0,30.0
D1,F6-2-c4096-calendar,0,9,2021-04-22,96,1.0,True,174.0,169.31591796875,-4.68408203125,4.68408203125,2021-04-22 08:30:00,2021-04-22 08:30:00,0.0,0.0
D1,F6-2-c4096-calendar,0,9,2021-04-23,96,1.0,True,174.0,171.40545654296875,-2.59454345703125,2.59454345703125,2021-04-23 08:30:00,2021-04-23 08:30:00,0.0,0.0
D1,F6-2-c4096-calendar,0,9,2021-04-24,96,1.0,True,112.0,107.65296173095703,-4.347038269042969,4.347038269042969,2021-04-24 06:15:00,2021-04-24 06:15:00,0.0,0.0
D1,F6-2-c4096-calendar,0,9,2021-04-25,96,1.0,True,25.0,41.163047790527344,16.163047790527344,16.163047790527344,2021-04-25 01:30:00,2021-04-25 02:00:00,30.0,30.0
D1,F6-2-c4096-calendar,0,9,2021-05-03,96,1.0,True,184.0,166.61798095703125,-17.38201904296875,17.38201904296875,2021-05-03 08:30:00,2021-05-03 11:45:00,195.0,195.0
D1,F6-2-c4096-calendar,0,9,2021-05-04,96,1.0,True,181.0,171.05349731445312,-9.946502685546875,9.946502685546875,2021-05-04 08:30:00,2021-05-04 08:30:00,0.0,0.0
D1,F6-2-c4096-calendar,0,9,2021-05-05,96,1.0,True,120.0,170.93612670898438,50.936126708984375,50.936126708984375,2021-05-05 04:15:00,2021-05-05 08:30:00,255.0,255.0
D1,F6-2-c4096-calendar,0,9,2021-05-06,96,1.0,True,199.0,181.95785522460938,-17.042144775390625,17.042144775390625,2021-05-06 09:00:00,2021-05-06 12:00:00,180.0,180.0
D1,F6-2-c4096-calendar,0,9,2021-05-07,96,1.0,True,181.0,172.71090698242188,-8.289093017578125,8.289093017578125,2021-05-07 09:00:00,2021-05-07 08:30:00,-30.0,30.0
D1,F6-2-c4096-calendar,0,9,2021-05-08,96,1.0,True,115.0,108.11653137207031,-6.8834686279296875,6.8834686279296875,2021-05-08 02:00:00,2021-05-08 06:30:00,270.0,270.0
D1,F6-2-c4096-calendar,0,9,2021-05-09,96,1.0,True,184.0,162.10250854492188,-21.897491455078125,21.897491455078125,2021-05-09 09:00:00,2021-05-09 13:30:00,270.0,270.0
D1,F6-2-c4096-calendar,0,10,2021-04-19,96,1.0,True,172.0,173.806396484375,1.806396484375,1.806396484375,2021-04-19 08:45:00,2021-04-19 13:15:00,270.0,270.0
D1,F6-2-c4096-calendar,0,10,2021-04-20,96,1.0,True,172.0,164.89434814453125,-7.10565185546875,7.10565185546875,2021-04-20 08:45:00,2021-04-20 09:45:00,60.0,60.0
D1,F6-2-c4096-calendar,0,10,2021-04-21,96,1.0,True,174.0,174.3447265625,0.3447265625,0.3447265625,2021-04-21 08:30:00,2021-04-21 09:00:00,30.0,30.0
D1,F6-2-c4096-calendar,0,10,2021-04-22,96,1.0,True,174.0,166.7747802734375,-7.2252197265625,7.2252197265625,2021-04-22 08:30:00,2021-04-22 08:30:00,0.0,0.0
D1,F6-2-c4096-calendar,0,10,2021-04-23,96,1.0,True,174.0,173.1022491455078,-0.8977508544921875,0.8977508544921875,2021-04-23 08:30:00,2021-04-23 08:30:00,0.0,0.0
D1,F6-2-c4096-calendar,0,10,2021-04-24,96,1.0,True,112.0,110.51860809326172,-1.4813919067382812,1.4813919067382812,2021-04-24 06:15:00,2021-04-24 06:15:00,0.0,0.0
D1,F6-2-c4096-calendar,0,10,2021-04-25,96,1.0,True,25.0,38.66219711303711,13.66219711303711,13.66219711303711,2021-04-25 01:30:00,2021-04-25 02:15:00,45.0,45.0
D1,F6-2-c4096-calendar,0,10,2021-05-03,96,1.0,True,184.0,166.7787322998047,-17.221267700195312,17.221267700195312,2021-05-03 08:30:00,2021-05-03 11:45:00,195.0,195.0
D1,F6-2-c4096-calendar,0,10,2021-05-04,96,1.0,True,181.0,169.36276245117188,-11.637237548828125,11.637237548828125,2021-05-04 08:30:00,2021-05-04 08:30:00,0.0,0.0
D1,F6-2-c4096-calendar,0,10,2021-05-05,96,1.0,True,120.0,172.68304443359375,52.68304443359375,52.68304443359375,2021-05-05 04:15:00,2021-05-05 08:30:00,255.0,255.0
D1,F6-2-c4096-calendar,0,10,2021-05-06,96,1.0,True,199.0,181.0950469970703,-17.904953002929688,17.904953002929688,2021-05-06 09:00:00,2021-05-06 13:30:00,270.0,270.0
D1,F6-2-c4096-calendar,0,10,2021-05-07,96,1.0,True,181.0,171.00018310546875,-9.99981689453125,9.99981689453125,2021-05-07 09:00:00,2021-05-07 08:30:00,-30.0,30.0
D1,F6-2-c4096-calendar,0,10,2021-05-08,96,1.0,True,115.0,112.88880157470703,-2.1111984252929688,2.1111984252929688,2021-05-08 02:00:00,2021-05-08 06:15:00,255.0,255.0
D1,F6-2-c4096-calendar,0,10,2021-05-09,96,1.0,True,184.0,164.1802978515625,-19.8197021484375,19.8197021484375,2021-05-09 09:00:00,2021-05-09 13:45:00,285.0,285.0
D1,F6-2-c4096-calendar,0,11,2021-04-19,96,1.0,True,172.0,170.98480224609375,-1.01519775390625,1.01519775390625,2021-04-19 08:45:00,2021-04-19 13:30:00,285.0,285.0
D1,F6-2-c4096-calendar,0,11,2021-04-20,96,1.0,True,172.0,161.05068969726562,-10.949310302734375,10.949310302734375,2021-04-20 08:45:00,2021-04-20 10:00:00,75.0,75.0
D1,F6-2-c4096-calendar,0,11,2021-04-21,96,1.0,True,174.0,173.92922973632812,-0.070770263671875,0.070770263671875,2021-04-21 08:30:00,2021-04-21 09:00:00,30.0,30.0
D1,F6-2-c4096-calendar,0,11,2021-04-22,96,1.0,True,174.0,165.9593505859375,-8.0406494140625,8.0406494140625,2021-04-22 08:30:00,2021-04-22 08:30:00,0.0,0.0
D1,F6-2-c4096-calendar,0,11,2021-04-23,96,1.0,True,174.0,169.263427734375,-4.736572265625,4.736572265625,2021-04-23 08:30:00,2021-04-23 08:30:00,0.0,0.0
D1,F6-2-c4096-calendar,0,11,2021-04-24,96,1.0,True,112.0,108.58167266845703,-3.4183273315429688,3.4183273315429688,2021-04-24 06:15:00,2021-04-24 06:15:00,0.0,0.0
D1,F6-2-c4096-calendar,0,11,2021-04-25,96,1.0,True,25.0,37.033668518066406,12.033668518066406,12.033668518066406,2021-04-25 01:30:00,2021-04-25 02:30:00,60.0,60.0
D1,F6-2-c4096-calendar,0,11,2021-05-03,96,1.0,True,184.0,166.17617797851562,-17.823822021484375,17.823822021484375,2021-05-03 08:30:00,2021-05-03 12:00:00,210.0,210.0
D1,F6-2-c4096-calendar,0,11,2021-05-04,96,1.0,True,181.0,169.25535583496094,-11.744644165039062,11.744644165039062,2021-05-04 08:30:00,2021-05-04 08:30:00,0.0,0.0
D1,F6-2-c4096-calendar,0,11,2021-05-05,96,1.0,True,120.0,173.15188598632812,53.151885986328125,53.151885986328125,2021-05-05 04:15:00,2021-05-05 08:30:00,255.0,255.0
D1,F6-2-c4096-calendar,0,11,2021-05-06,96,1.0,True,199.0,183.0422821044922,-15.957717895507812,15.957717895507812,2021-05-06 09:00:00,2021-05-06 13:15:00,255.0,255.0
D1,F6-2-c4096-calendar,0,11,2021-05-07,96,1.0,True,181.0,170.69110107421875,-10.30889892578125,10.30889892578125,2021-05-07 09:00:00,2021-05-07 08:30:00,-30.0,30.0
D1,F6-2-c4096-calendar,0,11,2021-05-08,96,1.0,True,115.0,110.58502197265625,-4.41497802734375,4.41497802734375,2021-05-08 02:00:00,2021-05-08 06:15:00,255.0,255.0
D1,F6-2-c4096-calendar,0,11,2021-05-09,96,1.0,True,184.0,160.6492919921875,-23.3507080078125,23.3507080078125,2021-05-09 09:00:00,2021-05-09 13:45:00,285.0,285.0
D1,F6-2-c4096-calendar,0,12,2021-04-19,96,1.0,True,172.0,172.43948364257812,0.439483642578125,0.439483642578125,2021-04-19 08:45:00,2021-04-19 13:15:00,270.0,270.0
D1,F6-2-c4096-calendar,0,12,2021-04-20,96,1.0,True,172.0,162.86959838867188,-9.130401611328125,9.130401611328125,2021-04-20 08:45:00,2021-04-20 11:45:00,180.0,180.0
D1,F6-2-c4096-calendar,0,12,2021-04-21,96,1.0,True,174.0,173.54408264160156,-0.4559173583984375,0.4559173583984375,2021-04-21 08:30:00,2021-04-21 09:00:00,30.0,30.0
D1,F6-2-c4096-calendar,0,12,2021-04-22,96,1.0,True,174.0,165.92294311523438,-8.077056884765625,8.077056884765625,2021-04-22 08:30:00,2021-04-22 10:30:00,120.0,120.0
D1,F6-2-c4096-calendar,0,12,2021-04-23,96,1.0,True,174.0,169.76828002929688,-4.231719970703125,4.231719970703125,2021-04-23 08:30:00,2021-04-23 10:45:00,135.0,135.0
D1,F6-2-c4096-calendar,0,12,2021-04-24,96,1.0,True,112.0,108.54715728759766,-3.4528427124023438,3.4528427124023438,2021-04-24 06:15:00,2021-04-24 04:45:00,-90.0,90.0
D1,F6-2-c4096-calendar,0,12,2021-04-25,96,1.0,True,25.0,36.354732513427734,11.354732513427734,11.354732513427734,2021-04-25 01:30:00,2021-04-25 02:45:00,75.0,75.0
D1,F6-2-c4096-calendar,0,12,2021-05-03,96,1.0,True,184.0,164.49945068359375,-19.50054931640625,19.50054931640625,2021-05-03 08:30:00,2021-05-03 11:45:00,195.0,195.0
D1,F6-2-c4096-calendar,0,12,2021-05-04,96,1.0,True,181.0,170.205810546875,-10.794189453125,10.794189453125,2021-05-04 08:30:00,2021-05-04 13:15:00,285.0,285.0
D1,F6-2-c4096-calendar,0,12,2021-05-05,96,1.0,True,120.0,172.17938232421875,52.17938232421875,52.17938232421875,2021-05-05 04:15:00,2021-05-05 08:30:00,255.0,255.0
D1,F6-2-c4096-calendar,0,12,2021-05-06,96,1.0,True,199.0,185.76605224609375,-13.23394775390625,13.23394775390625,2021-05-06 09:00:00,2021-05-06 13:15:00,255.0,255.0
D1,F6-2-c4096-calendar,0,12,2021-05-07,96,1.0,True,181.0,170.79232788085938,-10.207672119140625,10.207672119140625,2021-05-07 09:00:00,2021-05-07 08:30:00,-30.0,30.0
D1,F6-2-c4096-calendar,0,12,2021-05-08,96,1.0,True,115.0,109.37516784667969,-5.6248321533203125,5.6248321533203125,2021-05-08 02:00:00,2021-05-08 06:30:00,270.0,270.0
D1,F6-2-c4096-calendar,0,12,2021-05-09,96,1.0,True,184.0,159.49972534179688,-24.500274658203125,24.500274658203125,2021-05-09 09:00:00,2021-05-09 11:45:00,165.0,165.0
D1,F6-2-c4096-calendar,0,13,2021-04-19,96,1.0,True,172.0,168.90704345703125,-3.09295654296875,3.09295654296875,2021-04-19 08:45:00,2021-04-19 13:30:00,285.0,285.0
D1,F6-2-c4096-calendar,0,13,2021-04-20,96,1.0,True,172.0,164.8492431640625,-7.1507568359375,7.1507568359375,2021-04-20 08:45:00,2021-04-20 11:00:00,135.0,135.0
D1,F6-2-c4096-calendar,0,13,2021-04-21,96,1.0,True,174.0,170.48660278320312,-3.513397216796875,3.513397216796875,2021-04-21 08:30:00,2021-04-21 09:00:00,30.0,30.0
D1,F6-2-c4096-calendar,0,13,2021-04-22,96,1.0,True,174.0,167.435302734375,-6.564697265625,6.564697265625,2021-04-22 08:30:00,2021-04-22 10:30:00,120.0,120.0
D1,F6-2-c4096-calendar,0,13,2021-04-23,96,1.0,True,174.0,170.3579559326172,-3.6420440673828125,3.6420440673828125,2021-04-23 08:30:00,2021-04-23 10:30:00,120.0,120.0
D1,F6-2-c4096-calendar,0,13,2021-04-24,96,1.0,True,112.0,109.6870346069336,-2.3129653930664062,2.3129653930664062,2021-04-24 06:15:00,2021-04-24 04:45:00,-90.0,90.0
D1,F6-2-c4096-calendar,0,13,2021-04-25,96,1.0,True,25.0,35.97727966308594,10.977279663085938,10.977279663085938,2021-04-25 01:30:00,2021-04-25 03:00:00,90.0,90.0
D1,F6-2-c4096-calendar,0,13,2021-05-03,96,1.0,True,184.0,164.74301147460938,-19.256988525390625,19.256988525390625,2021-05-03 08:30:00,2021-05-03 09:00:00,30.0,30.0
D1,F6-2-c4096-calendar,0,13,2021-05-04,96,1.0,True,181.0,168.0488739013672,-12.951126098632812,12.951126098632812,2021-05-04 08:30:00,2021-05-04 13:45:00,315.0,315.0
D1,F6-2-c4096-calendar,0,13,2021-05-05,96,1.0,True,120.0,169.35113525390625,49.35113525390625,49.35113525390625,2021-05-05 04:15:00,2021-05-05 09:00:00,285.0,285.0
D1,F6-2-c4096-calendar,0,13,2021-05-06,96,1.0,True,199.0,182.27862548828125,-16.72137451171875,16.72137451171875,2021-05-06 09:00:00,2021-05-06 13:45:00,285.0,285.0
D1,F6-2-c4096-calendar,0,13,2021-05-07,96,1.0,True,181.0,169.2467498779297,-11.753250122070312,11.753250122070312,2021-05-07 09:00:00,2021-05-07 11:00:00,120.0,120.0
D1,F6-2-c4096-calendar,0,13,2021-05-08,96,1.0,True,115.0,110.23341369628906,-4.7665863037109375,4.7665863037109375,2021-05-08 02:00:00,2021-05-08 06:15:00,255.0,255.0
D1,F6-2-c4096-calendar,0,13,2021-05-09,96,1.0,True,184.0,159.61427307128906,-24.385726928710938,24.385726928710938,2021-05-09 09:00:00,2021-05-09 14:30:00,330.0,330.0
D1,F6-2-c4096-calendar,0,14,2021-04-19,96,1.0,True,172.0,170.99032592773438,-1.009674072265625,1.009674072265625,2021-04-19 08:45:00,2021-04-19 13:15:00,270.0,270.0
D1,F6-2-c4096-calendar,0,14,2021-04-20,96,1.0,True,172.0,166.66983032226562,-5.330169677734375,5.330169677734375,2021-04-20 08:45:00,2021-04-20 11:15:00,150.0,150.0
D1,F6-2-c4096-calendar,0,14,2021-04-21,96,1.0,True,174.0,171.24790954589844,-2.7520904541015625,2.7520904541015625,2021-04-21 08:30:00,2021-04-21 12:00:00,210.0,210.0
D1,F6-2-c4096-calendar,0,14,2021-04-22,96,1.0,True,174.0,167.88998413085938,-6.110015869140625,6.110015869140625,2021-04-22 08:30:00,2021-04-22 10:45:00,135.0,135.0
D1,F6-2-c4096-calendar,0,14,2021-04-23,96,1.0,True,174.0,171.15155029296875,-2.84844970703125,2.84844970703125,2021-04-23 08:30:00,2021-04-23 10:30:00,120.0,120.0
D1,F6-2-c4096-calendar,0,14,2021-04-24,96,1.0,True,112.0,109.46017456054688,-2.539825439453125,2.539825439453125,2021-04-24 06:15:00,2021-04-24 04:45:00,-90.0,90.0
D1,F6-2-c4096-calendar,0,14,2021-04-25,96,1.0,True,25.0,32.333980560302734,7.333980560302734,7.333980560302734,2021-04-25 01:30:00,2021-04-25 03:15:00,105.0,105.0
D1,F6-2-c4096-calendar,0,14,2021-05-03,96,1.0,True,184.0,167.23202514648438,-16.767974853515625,16.767974853515625,2021-05-03 08:30:00,2021-05-03 09:00:00,30.0,30.0
D1,F6-2-c4096-calendar,0,14,2021-05-04,96,1.0,True,181.0,170.02682495117188,-10.973175048828125,10.973175048828125,2021-05-04 08:30:00,2021-05-04 13:15:00,285.0,285.0
D1,F6-2-c4096-calendar,0,14,2021-05-05,96,1.0,True,120.0,172.3443603515625,52.3443603515625,52.3443603515625,2021-05-05 04:15:00,2021-05-05 09:00:00,285.0,285.0
D1,F6-2-c4096-calendar,0,14,2021-05-06,96,1.0,True,199.0,182.69027709960938,-16.309722900390625,16.309722900390625,2021-05-06 09:00:00,2021-05-06 13:45:00,285.0,285.0
D1,F6-2-c4096-calendar,0,14,2021-05-07,96,1.0,True,181.0,170.15179443359375,-10.84820556640625,10.84820556640625,2021-05-07 09:00:00,2021-05-07 08:30:00,-30.0,30.0
D1,F6-2-c4096-calendar,0,14,2021-05-08,96,1.0,True,115.0,109.24000549316406,-5.7599945068359375,5.7599945068359375,2021-05-08 02:00:00,2021-05-08 06:15:00,255.0,255.0
D1,F6-2-c4096-calendar,0,14,2021-05-09,96,1.0,True,184.0,161.6597900390625,-22.3402099609375,22.3402099609375,2021-05-09 09:00:00,2021-05-09 14:45:00,345.0,345.0
D1,F6-2-c4096-calendar,0,15,2021-04-19,96,1.0,True,172.0,168.38525390625,-3.61474609375,3.61474609375,2021-04-19 08:45:00,2021-04-19 13:30:00,285.0,285.0
D1,F6-2-c4096-calendar,0,15,2021-04-20,96,1.0,True,172.0,164.98825073242188,-7.011749267578125,7.011749267578125,2021-04-20 08:45:00,2021-04-20 11:45:00,180.0,180.0
D1,F6-2-c4096-calendar,0,15,2021-04-21,96,1.0,True,174.0,170.71878051757812,-3.281219482421875,3.281219482421875,2021-04-21 08:30:00,2021-04-21 12:00:00,210.0,210.0
D1,F6-2-c4096-calendar,0,15,2021-04-22,96,1.0,True,174.0,166.42630004882812,-7.573699951171875,7.573699951171875,2021-04-22 08:30:00,2021-04-22 08:30:00,0.0,0.0
D1,F6-2-c4096-calendar,0,15,2021-04-23,96,1.0,True,174.0,170.445068359375,-3.554931640625,3.554931640625,2021-04-23 08:30:00,2021-04-23 10:30:00,120.0,120.0
D1,F6-2-c4096-calendar,0,15,2021-04-24,96,1.0,True,112.0,109.72533416748047,-2.2746658325195312,2.2746658325195312,2021-04-24 06:15:00,2021-04-24 04:30:00,-105.0,105.0
D1,F6-2-c4096-calendar,0,15,2021-04-25,96,1.0,True,25.0,35.49631118774414,10.49631118774414,10.49631118774414,2021-04-25 01:30:00,2021-04-25 03:30:00,120.0,120.0
D1,F6-2-c4096-calendar,0,15,2021-05-03,96,1.0,True,184.0,165.9893035888672,-18.010696411132812,18.010696411132812,2021-05-03 08:30:00,2021-05-03 09:15:00,45.0,45.0
D1,F6-2-c4096-calendar,0,15,2021-05-04,96,1.0,True,181.0,168.23899841308594,-12.761001586914062,12.761001586914062,2021-05-04 08:30:00,2021-05-04 08:30:00,0.0,0.0
D1,F6-2-c4096-calendar,0,15,2021-05-05,96,1.0,True,120.0,174.55807495117188,54.558074951171875,54.558074951171875,2021-05-05 04:15:00,2021-05-05 08:30:00,255.0,255.0
D1,F6-2-c4096-calendar,0,15,2021-05-06,96,1.0,True,199.0,181.39024353027344,-17.609756469726562,17.609756469726562,2021-05-06 09:00:00,2021-05-06 13:45:00,285.0,285.0
D1,F6-2-c4096-calendar,0,15,2021-05-07,96,1.0,True,181.0,170.13665771484375,-10.86334228515625,10.86334228515625,2021-05-07 09:00:00,2021-05-07 08:30:00,-30.0,30.0
D1,F6-2-c4096-calendar,0,15,2021-05-08,96,1.0,True,115.0,108.99580383300781,-6.0041961669921875,6.0041961669921875,2021-05-08 02:00:00,2021-05-08 06:15:00,255.0,255.0
D1,F6-2-c4096-calendar,0,15,2021-05-09,96,1.0,True,184.0,156.52804565429688,-27.471954345703125,27.471954345703125,2021-05-09 09:00:00,2021-05-09 15:00:00,360.0,360.0
D1,F6-2-c4096-calendar,0,16,2021-04-19,96,1.0,True,172.0,171.1163330078125,-0.8836669921875,0.8836669921875,2021-04-19 08:45:00,2021-04-19 13:15:00,270.0,270.0
D1,F6-2-c4096-calendar,0,16,2021-04-20,96,1.0,True,172.0,164.79830932617188,-7.201690673828125,7.201690673828125,2021-04-20 08:45:00,2021-04-20 11:45:00,180.0,180.0
D1,F6-2-c4096-calendar,0,16,2021-04-21,96,1.0,True,174.0,170.89944458007812,-3.100555419921875,3.100555419921875,2021-04-21 08:30:00,2021-04-21 09:00:00,30.0,30.0
D1,F6-2-c4096-calendar,0,16,2021-04-22,96,1.0,True,174.0,170.88638305664062,-3.113616943359375,3.113616943359375,2021-04-22 08:30:00,2021-04-22 10:30:00,120.0,120.0
D1,F6-2-c4096-calendar,0,16,2021-04-23,96,1.0,True,174.0,174.44821166992188,0.448211669921875,0.448211669921875,2021-04-23 08:30:00,2021-04-23 10:30:00,120.0,120.0
D1,F6-2-c4096-calendar,0,16,2021-04-24,96,1.0,True,112.0,111.10578918457031,-0.8942108154296875,0.8942108154296875,2021-04-24 06:15:00,2021-04-24 06:15:00,0.0,0.0
D1,F6-2-c4096-calendar,0,16,2021-04-25,96,1.0,True,25.0,34.116981506347656,9.116981506347656,9.116981506347656,2021-04-25 01:30:00,2021-04-25 03:45:00,135.0,135.0
D1,F6-2-c4096-calendar,0,16,2021-05-03,96,1.0,True,184.0,164.8592987060547,-19.140701293945312,19.140701293945312,2021-05-03 08:30:00,2021-05-03 09:30:00,60.0,60.0
D1,F6-2-c4096-calendar,0,16,2021-05-04,96,1.0,True,181.0,169.98049926757812,-11.019500732421875,11.019500732421875,2021-05-04 08:30:00,2021-05-04 13:45:00,315.0,315.0
D1,F6-2-c4096-calendar,0,16,2021-05-05,96,1.0,True,120.0,170.76336669921875,50.76336669921875,50.76336669921875,2021-05-05 04:15:00,2021-05-05 08:30:00,255.0,255.0
D1,F6-2-c4096-calendar,0,16,2021-05-06,96,1.0,True,199.0,181.490478515625,-17.509521484375,17.509521484375,2021-05-06 09:00:00,2021-05-06 13:45:00,285.0,285.0
D1,F6-2-c4096-calendar,0,16,2021-05-07,96,1.0,True,181.0,169.41741943359375,-11.58258056640625,11.58258056640625,2021-05-07 09:00:00,2021-05-07 08:30:00,-30.0,30.0
D1,F6-2-c4096-calendar,0,16,2021-05-08,96,1.0,True,115.0,108.99310302734375,-6.00689697265625,6.00689697265625,2021-05-08 02:00:00,2021-05-08 06:15:00,255.0,255.0
D1,F6-2-c4096-calendar,0,16,2021-05-09,96,1.0,True,184.0,152.78643798828125,-31.21356201171875,31.21356201171875,2021-05-09 09:00:00,2021-05-09 15:45:00,405.0,405.0
D1,F6-2-c4096-calendar,1,4,2021-05-31,96,1.0,True,172.0,169.5738067626953,-2.4261932373046875,2.4261932373046875,2021-05-31 10:30:00,2021-05-31 08:45:00,-105.0,105.0
D1,F6-2-c4096-calendar,1,4,2021-06-01,96,1.0,True,195.0,172.137939453125,-22.862060546875,22.862060546875,2021-06-01 09:00:00,2021-06-01 12:00:00,180.0,180.0
D1,F6-2-c4096-calendar,1,4,2021-06-02,96,1.0,True,191.0,172.69024658203125,-18.30975341796875,18.30975341796875,2021-06-02 10:45:00,2021-06-02 11:45:00,60.0,60.0
D1,F6-2-c4096-calendar,1,4,2021-06-03,96,1.0,True,181.0,176.91375732421875,-4.08624267578125,4.08624267578125,2021-06-03 08:30:00,2021-06-03 08:30:00,0.0,0.0
D1,F6-2-c4096-calendar,1,4,2021-06-04,96,1.0,True,173.0,170.83340454101562,-2.166595458984375,2.166595458984375,2021-06-04 10:45:00,2021-06-04 08:30:00,-135.0,135.0
D1,F6-2-c4096-calendar,1,4,2021-06-05,96,1.0,True,116.0,113.89786529541016,-2.1021347045898438,2.1021347045898438,2021-06-05 01:45:00,2021-06-05 06:15:00,270.0,270.0
D1,F6-2-c4096-calendar,1,4,2021-06-06,96,1.0,True,27.0,24.272857666015625,-2.727142333984375,2.727142333984375,2021-06-06 01:30:00,2021-06-06 02:30:00,60.0,60.0
D1,F6-2-c4096-calendar,1,4,2021-06-14,96,1.0,True,204.0,180.74301147460938,-23.256988525390625,23.256988525390625,2021-06-14 09:00:00,2021-06-14 15:00:00,360.0,360.0
D1,F6-2-c4096-calendar,1,4,2021-06-15,96,1.0,True,198.0,187.0221710205078,-10.977828979492188,10.977828979492188,2021-06-15 08:45:00,2021-06-15 09:45:00,60.0,60.0
D1,F6-2-c4096-calendar,1,4,2021-06-16,96,1.0,True,193.0,182.7652587890625,-10.2347412109375,10.2347412109375,2021-06-16 10:45:00,2021-06-16 09:00:00,-105.0,105.0
D1,F6-2-c4096-calendar,1,4,2021-06-17,96,1.0,True,197.0,186.69418334960938,-10.305816650390625,10.305816650390625,2021-06-17 08:45:00,2021-06-17 10:00:00,75.0,75.0
D1,F6-2-c4096-calendar,1,4,2021-06-18,96,1.0,True,186.0,181.6180419921875,-4.3819580078125,4.3819580078125,2021-06-18 10:00:00,2021-06-18 08:30:00,-90.0,90.0
D1,F6-2-c4096-calendar,1,4,2021-06-19,96,1.0,True,119.0,117.0396728515625,-1.9603271484375,1.9603271484375,2021-06-19 02:15:00,2021-06-19 03:30:00,75.0,75.0
D1,F6-2-c4096-calendar,1,4,2021-06-20,96,1.0,True,28.0,24.140907287597656,-3.8590927124023438,3.8590927124023438,2021-06-20 15:15:00,2021-06-20 02:30:00,-765.0,765.0
D1,F6-2-c4096-calendar,1,5,2021-05-31,96,1.0,True,172.0,169.87857055664062,-2.121429443359375,2.121429443359375,2021-05-31 10:30:00,2021-05-31 09:00:00,-90.0,90.0
D1,F6-2-c4096-calendar,1,5,2021-06-01,96,1.0,True,195.0,170.82476806640625,-24.17523193359375,24.17523193359375,2021-06-01 09:00:00,2021-06-01 11:45:00,165.0,165.0
D1,F6-2-c4096-calendar,1,5,2021-06-02,96,1.0,True,191.0,171.08119201660156,-19.918807983398438,19.918807983398438,2021-06-02 10:45:00,2021-06-02 11:00:00,15.0,15.0
D1,F6-2-c4096-calendar,1,5,2021-06-03,96,1.0,True,181.0,177.37954711914062,-3.620452880859375,3.620452880859375,2021-06-03 08:30:00,2021-06-03 08:30:00,0.0,0.0
D1,F6-2-c4096-calendar,1,5,2021-06-04,96,1.0,True,173.0,169.35833740234375,-3.64166259765625,3.64166259765625,2021-06-04 10:45:00,2021-06-04 08:30:00,-135.0,135.0
D1,F6-2-c4096-calendar,1,5,2021-06-05,96,1.0,True,116.0,112.04371643066406,-3.9562835693359375,3.9562835693359375,2021-06-05 01:45:00,2021-06-05 06:15:00,270.0,270.0
D1,F6-2-c4096-calendar,1,5,2021-06-06,96,1.0,True,27.0,24.395729064941406,-2.6042709350585938,2.6042709350585938,2021-06-06 01:30:00,2021-06-06 02:45:00,75.0,75.0
D1,F6-2-c4096-calendar,1,5,2021-06-14,96,1.0,True,204.0,179.2451171875,-24.7548828125,24.7548828125,2021-06-14 09:00:00,2021-06-14 15:00:00,360.0,360.0
D1,F6-2-c4096-calendar,1,5,2021-06-15,96,1.0,True,198.0,188.4119873046875,-9.5880126953125,9.5880126953125,2021-06-15 08:45:00,2021-06-15 10:45:00,120.0,120.0
D1,F6-2-c4096-calendar,1,5,2021-06-16,96,1.0,True,193.0,180.69671630859375,-12.30328369140625,12.30328369140625,2021-06-16 10:45:00,2021-06-16 11:00:00,15.0,15.0
D1,F6-2-c4096-calendar,1,5,2021-06-17,96,1.0,True,197.0,183.08013916015625,-13.91986083984375,13.91986083984375,2021-06-17 08:45:00,2021-06-17 10:30:00,105.0,105.0
D1,F6-2-c4096-calendar,1,5,2021-06-18,96,1.0,True,186.0,179.5930633544922,-6.4069366455078125,6.4069366455078125,2021-06-18 10:00:00,2021-06-18 08:30:00,-90.0,90.0
D1,F6-2-c4096-calendar,1,5,2021-06-19,96,1.0,True,119.0,116.94847106933594,-2.0515289306640625,2.0515289306640625,2021-06-19 02:15:00,2021-06-19 03:45:00,90.0,90.0
D1,F6-2-c4096-calendar,1,5,2021-06-20,96,1.0,True,28.0,24.222267150878906,-3.7777328491210938,3.7777328491210938,2021-06-20 15:15:00,2021-06-20 02:45:00,-750.0,750.0
D1,F6-2-c4096-calendar,1,6,2021-05-31,96,1.0,True,172.0,169.20077514648438,-2.799224853515625,2.799224853515625,2021-05-31 10:30:00,2021-05-31 09:00:00,-90.0,90.0
D1,F6-2-c4096-calendar,1,6,2021-06-01,96,1.0,True,195.0,172.32196044921875,-22.67803955078125,22.67803955078125,2021-06-01 09:00:00,2021-06-01 13:15:00,255.0,255.0
D1,F6-2-c4096-calendar,1,6,2021-06-02,96,1.0,True,191.0,171.26785278320312,-19.732147216796875,19.732147216796875,2021-06-02 10:45:00,2021-06-02 11:00:00,15.0,15.0
D1,F6-2-c4096-calendar,1,6,2021-06-03,96,1.0,True,181.0,177.49964904785156,-3.5003509521484375,3.5003509521484375,2021-06-03 08:30:00,2021-06-03 08:30:00,0.0,0.0
D1,F6-2-c4096-calendar,1,6,2021-06-04,96,1.0,True,173.0,168.8804931640625,-4.1195068359375,4.1195068359375,2021-06-04 10:45:00,2021-06-04 08:30:00,-135.0,135.0
D1,F6-2-c4096-calendar,1,6,2021-06-05,96,1.0,True,116.0,111.03453063964844,-4.9654693603515625,4.9654693603515625,2021-06-05 01:45:00,2021-06-05 06:15:00,270.0,270.0
D1,F6-2-c4096-calendar,1,6,2021-06-06,96,1.0,True,27.0,24.595916748046875,-2.404083251953125,2.404083251953125,2021-06-06 01:30:00,2021-06-06 03:00:00,90.0,90.0
D1,F6-2-c4096-calendar,1,6,2021-06-14,96,1.0,True,204.0,179.64987182617188,-24.350128173828125,24.350128173828125,2021-06-14 09:00:00,2021-06-14 10:30:00,90.0,90.0
D1,F6-2-c4096-calendar,1,6,2021-06-15,96,1.0,True,198.0,188.33116149902344,-9.668838500976562,9.668838500976562,2021-06-15 08:45:00,2021-06-15 11:00:00,135.0,135.0
D1,F6-2-c4096-calendar,1,6,2021-06-16,96,1.0,True,193.0,180.0108642578125,-12.9891357421875,12.9891357421875,2021-06-16 10:45:00,2021-06-16 08:30:00,-135.0,135.0
D1,F6-2-c4096-calendar,1,6,2021-06-17,96,1.0,True,197.0,186.336669921875,-10.663330078125,10.663330078125,2021-06-17 08:45:00,2021-06-17 10:45:00,120.0,120.0
D1,F6-2-c4096-calendar,1,6,2021-06-18,96,1.0,True,186.0,179.56869506835938,-6.431304931640625,6.431304931640625,2021-06-18 10:00:00,2021-06-18 08:30:00,-90.0,90.0
D1,F6-2-c4096-calendar,1,6,2021-06-19,96,1.0,True,119.0,117.00225067138672,-1.9977493286132812,1.9977493286132812,2021-06-19 02:15:00,2021-06-19 03:45:00,90.0,90.0
D1,F6-2-c4096-calendar,1,6,2021-06-20,96,1.0,True,28.0,24.185401916503906,-3.8145980834960938,3.8145980834960938,2021-06-20 15:15:00,2021-06-20 03:00:00,-735.0,735.0
D1,F6-2-c4096-calendar,1,7,2021-05-31,96,1.0,True,172.0,167.65672302246094,-4.3432769775390625,4.3432769775390625,2021-05-31 10:30:00,2021-05-31 09:00:00,-90.0,90.0
D1,F6-2-c4096-calendar,1,7,2021-06-01,96,1.0,True,195.0,172.19711303710938,-22.802886962890625,22.802886962890625,2021-06-01 09:00:00,2021-06-01 13:15:00,255.0,255.0
D1,F6-2-c4096-calendar,1,7,2021-06-02,96,1.0,True,191.0,170.11285400390625,-20.88714599609375,20.88714599609375,2021-06-02 10:45:00,2021-06-02 11:00:00,15.0,15.0
D1,F6-2-c4096-calendar,1,7,2021-06-03,96,1.0,True,181.0,175.31820678710938,-5.681793212890625,5.681793212890625,2021-06-03 08:30:00,2021-06-03 08:30:00,0.0,0.0
D1,F6-2-c4096-calendar,1,7,2021-06-04,96,1.0,True,173.0,166.97535705566406,-6.0246429443359375,6.0246429443359375,2021-06-04 10:45:00,2021-06-04 08:30:00,-135.0,135.0
D1,F6-2-c4096-calendar,1,7,2021-06-05,96,1.0,True,116.0,109.43965148925781,-6.5603485107421875,6.5603485107421875,2021-06-05 01:45:00,2021-06-05 06:15:00,270.0,270.0
D1,F6-2-c4096-calendar,1,7,2021-06-06,96,1.0,True,27.0,24.79083251953125,-2.20916748046875,2.20916748046875,2021-06-06 01:30:00,2021-06-06 03:15:00,105.0,105.0
D1,F6-2-c4096-calendar,1,7,2021-06-14,96,1.0,True,204.0,177.91909790039062,-26.080902099609375,26.080902099609375,2021-06-14 09:00:00,2021-06-14 10:45:00,105.0,105.0
D1,F6-2-c4096-calendar,1,7,2021-06-15,96,1.0,True,198.0,186.23797607421875,-11.76202392578125,11.76202392578125,2021-06-15 08:45:00,2021-06-15 10:30:00,105.0,105.0
D1,F6-2-c4096-calendar,1,7,2021-06-16,96,1.0,True,193.0,181.79383850097656,-11.206161499023438,11.206161499023438,2021-06-16 10:45:00,2021-06-16 08:30:00,-135.0,135.0
D1,F6-2-c4096-calendar,1,7,2021-06-17,96,1.0,True,197.0,184.24703979492188,-12.752960205078125,12.752960205078125,2021-06-17 08:45:00,2021-06-17 10:45:00,120.0,120.0
D1,F6-2-c4096-calendar,1,7,2021-06-18,96,1.0,True,186.0,178.7729949951172,-7.2270050048828125,7.2270050048828125,2021-06-18 10:00:00,2021-06-18 08:30:00,-90.0,90.0
D1,F6-2-c4096-calendar,1,7,2021-06-19,96,1.0,True,119.0,114.9963607788086,-4.003639221191406,4.003639221191406,2021-06-19 02:15:00,2021-06-19 03:45:00,90.0,90.0
D1,F6-2-c4096-calendar,1,7,2021-06-20,96,1.0,True,28.0,24.208213806152344,-3.7917861938476562,3.7917861938476562,2021-06-20 15:15:00,2021-06-20 03:15:00,-720.0,720.0
D1,F6-2-c4096-calendar,1,8,2021-05-31,96,1.0,True,172.0,169.6079559326172,-2.3920440673828125,2.3920440673828125,2021-05-31 10:30:00,2021-05-31 09:00:00,-90.0,90.0
D1,F6-2-c4096-calendar,1,8,2021-06-01,96,1.0,True,195.0,174.30560302734375,-20.69439697265625,20.69439697265625,2021-06-01 09:00:00,2021-06-01 13:15:00,255.0,255.0
D1,F6-2-c4096-calendar,1,8,2021-06-02,96,1.0,True,191.0,173.830810546875,-17.169189453125,17.169189453125,2021-06-02 10:45:00,2021-06-02 13:15:00,150.0,150.0
D1,F6-2-c4096-calendar,1,8,2021-06-03,96,1.0,True,181.0,175.55931091308594,-5.4406890869140625,5.4406890869140625,2021-06-03 08:30:00,2021-06-03 09:00:00,30.0,30.0
D1,F6-2-c4096-calendar,1,8,2021-06-04,96,1.0,True,173.0,168.65968322753906,-4.3403167724609375,4.3403167724609375,2021-06-04 10:45:00,2021-06-04 08:30:00,-135.0,135.0
D1,F6-2-c4096-calendar,1,8,2021-06-05,96,1.0,True,116.0,109.78892517089844,-6.2110748291015625,6.2110748291015625,2021-06-05 01:45:00,2021-06-05 06:15:00,270.0,270.0
D1,F6-2-c4096-calendar,1,8,2021-06-06,96,1.0,True,27.0,25.062667846679688,-1.9373321533203125,1.9373321533203125,2021-06-06 01:30:00,2021-06-06 03:30:00,120.0,120.0
D1,F6-2-c4096-calendar,1,8,2021-06-14,96,1.0,True,204.0,180.87118530273438,-23.128814697265625,23.128814697265625,2021-06-14 09:00:00,2021-06-14 11:00:00,120.0,120.0
D1,F6-2-c4096-calendar,1,8,2021-06-15,96,1.0,True,198.0,190.03549194335938,-7.964508056640625,7.964508056640625,2021-06-15 08:45:00,2021-06-15 10:45:00,120.0,120.0
D1,F6-2-c4096-calendar,1,8,2021-06-16,96,1.0,True,193.0,181.8241424560547,-11.175857543945312,11.175857543945312,2021-06-16 10:45:00,2021-06-16 10:45:00,0.0,0.0
D1,F6-2-c4096-calendar,1,8,2021-06-17,96,1.0,True,197.0,185.23211669921875,-11.76788330078125,11.76788330078125,2021-06-17 08:45:00,2021-06-17 10:45:00,120.0,120.0
D1,F6-2-c4096-calendar,1,8,2021-06-18,96,1.0,True,186.0,179.40045166015625,-6.59954833984375,6.59954833984375,2021-06-18 10:00:00,2021-06-18 08:30:00,-90.0,90.0
D1,F6-2-c4096-calendar,1,8,2021-06-19,96,1.0,True,119.0,115.08552551269531,-3.9144744873046875,3.9144744873046875,2021-06-19 02:15:00,2021-06-19 02:00:00,-15.0,15.0
D1,F6-2-c4096-calendar,1,8,2021-06-20,96,1.0,True,28.0,24.281936645507812,-3.7180633544921875,3.7180633544921875,2021-06-20 15:15:00,2021-06-20 03:30:00,-705.0,705.0
D1,F6-2-c4096-calendar,1,9,2021-05-31,96,1.0,True,172.0,170.19866943359375,-1.80133056640625,1.80133056640625,2021-05-31 10:30:00,2021-05-31 08:45:00,-105.0,105.0
D1,F6-2-c4096-calendar,1,9,2021-06-01,96,1.0,True,195.0,173.41683959960938,-21.583160400390625,21.583160400390625,2021-06-01 09:00:00,2021-06-01 13:30:00,270.0,270.0
D1,F6-2-c4096-calendar,1,9,2021-06-02,96,1.0,True,191.0,174.0492706298828,-16.950729370117188,16.950729370117188,2021-06-02 10:45:00,2021-06-02 13:30:00,165.0,165.0
D1,F6-2-c4096-calendar,1,9,2021-06-03,96,1.0,True,181.0,176.10614013671875,-4.89385986328125,4.89385986328125,2021-06-03 08:30:00,2021-06-03 08:30:00,0.0,0.0
D1,F6-2-c4096-calendar,1,9,2021-06-04,96,1.0,True,173.0,169.8001708984375,-3.1998291015625,3.1998291015625,2021-06-04 10:45:00,2021-06-04 08:30:00,-135.0,135.0
D1,F6-2-c4096-calendar,1,9,2021-06-05,96,1.0,True,116.0,109.47113037109375,-6.52886962890625,6.52886962890625,2021-06-05 01:45:00,2021-06-05 06:15:00,270.0,270.0
D1,F6-2-c4096-calendar,1,9,2021-06-06,96,1.0,True,27.0,25.416297912597656,-1.5837020874023438,1.5837020874023438,2021-06-06 01:30:00,2021-06-06 03:45:00,135.0,135.0
D1,F6-2-c4096-calendar,1,9,2021-06-14,96,1.0,True,204.0,177.6297607421875,-26.3702392578125,26.3702392578125,2021-06-14 09:00:00,2021-06-14 11:15:00,135.0,135.0
D1,F6-2-c4096-calendar,1,9,2021-06-15,96,1.0,True,198.0,189.16424560546875,-8.83575439453125,8.83575439453125,2021-06-15 08:45:00,2021-06-15 11:00:00,135.0,135.0
D1,F6-2-c4096-calendar,1,9,2021-06-16,96,1.0,True,193.0,180.77276611328125,-12.22723388671875,12.22723388671875,2021-06-16 10:45:00,2021-06-16 11:00:00,15.0,15.0
D1,F6-2-c4096-calendar,1,9,2021-06-17,96,1.0,True,197.0,183.04180908203125,-13.95819091796875,13.95819091796875,2021-06-17 08:45:00,2021-06-17 11:00:00,135.0,135.0
D1,F6-2-c4096-calendar,1,9,2021-06-18,96,1.0,True,186.0,177.75473022460938,-8.245269775390625,8.245269775390625,2021-06-18 10:00:00,2021-06-18 08:30:00,-90.0,90.0
D1,F6-2-c4096-calendar,1,9,2021-06-19,96,1.0,True,119.0,115.28746795654297,-3.7125320434570312,3.7125320434570312,2021-06-19 02:15:00,2021-06-19 01:45:00,-30.0,30.0
D1,F6-2-c4096-calendar,1,9,2021-06-20,96,1.0,True,28.0,24.434600830078125,-3.565399169921875,3.565399169921875,2021-06-20 15:15:00,2021-06-20 03:45:00,-690.0,690.0
D1,F6-2-c4096-calendar,1,10,2021-05-31,96,1.0,True,172.0,171.40878295898438,-0.591217041015625,0.591217041015625,2021-05-31 10:30:00,2021-05-31 08:45:00,-105.0,105.0
D1,F6-2-c4096-calendar,1,10,2021-06-01,96,1.0,True,195.0,172.9082794189453,-22.091720581054688,22.091720581054688,2021-06-01 09:00:00,2021-06-01 13:30:00,270.0,270.0
D1,F6-2-c4096-calendar,1,10,2021-06-02,96,1.0,True,191.0,174.03530883789062,-16.964691162109375,16.964691162109375,2021-06-02 10:45:00,2021-06-02 13:30:00,165.0,165.0
D1,F6-2-c4096-calendar,1,10,2021-06-03,96,1.0,True,181.0,176.61280822753906,-4.3871917724609375,4.3871917724609375,2021-06-03 08:30:00,2021-06-03 11:00:00,150.0,150.0
D1,F6-2-c4096-calendar,1,10,2021-06-04,96,1.0,True,173.0,168.85177612304688,-4.148223876953125,4.148223876953125,2021-06-04 10:45:00,2021-06-04 08:30:00,-135.0,135.0
D1,F6-2-c4096-calendar,1,10,2021-06-05,96,1.0,True,116.0,111.60272216796875,-4.39727783203125,4.39727783203125,2021-06-05 01:45:00,2021-06-05 06:15:00,270.0,270.0
D1,F6-2-c4096-calendar,1,10,2021-06-06,96,1.0,True,27.0,25.675552368164062,-1.3244476318359375,1.3244476318359375,2021-06-06 01:30:00,2021-06-06 04:00:00,150.0,150.0
D1,F6-2-c4096-calendar,1,10,2021-06-14,96,1.0,True,204.0,177.47268676757812,-26.527313232421875,26.527313232421875,2021-06-14 09:00:00,2021-06-14 11:45:00,165.0,165.0
D1,F6-2-c4096-calendar,1,10,2021-06-15,96,1.0,True,198.0,189.04885864257812,-8.951141357421875,8.951141357421875,2021-06-15 08:45:00,2021-06-15 11:00:00,135.0,135.0
D1,F6-2-c4096-calendar,1,10,2021-06-16,96,1.0,True,193.0,181.8299102783203,-11.170089721679688,11.170089721679688,2021-06-16 10:45:00,2021-06-16 10:45:00,0.0,0.0
D1,F6-2-c4096-calendar,1,10,2021-06-17,96,1.0,True,197.0,183.79122924804688,-13.208770751953125,13.208770751953125,2021-06-17 08:45:00,2021-06-17 10:45:00,120.0,120.0
D1,F6-2-c4096-calendar,1,10,2021-06-18,96,1.0,True,186.0,177.99435424804688,-8.005645751953125,8.005645751953125,2021-06-18 10:00:00,2021-06-18 08:30:00,-90.0,90.0
D1,F6-2-c4096-calendar,1,10,2021-06-19,96,1.0,True,119.0,117.02188110351562,-1.978118896484375,1.978118896484375,2021-06-19 02:15:00,2021-06-19 02:00:00,-15.0,15.0
D1,F6-2-c4096-calendar,1,10,2021-06-20,96,1.0,True,28.0,24.46533966064453,-3.5346603393554688,3.5346603393554688,2021-06-20 15:15:00,2021-06-20 04:00:00,-675.0,675.0
D1,F6-2-c4096-calendar,1,11,2021-05-31,96,1.0,True,172.0,172.6590576171875,0.6590576171875,0.6590576171875,2021-05-31 10:30:00,2021-05-31 09:00:00,-90.0,90.0
D1,F6-2-c4096-calendar,1,11,2021-06-01,96,1.0,True,195.0,172.08831787109375,-22.91168212890625,22.91168212890625,2021-06-01 09:00:00,2021-06-01 13:45:00,285.0,285.0
D1,F6-2-c4096-calendar,1,11,2021-06-02,96,1.0,True,191.0,172.97467041015625,-18.02532958984375,18.02532958984375,2021-06-02 10:45:00,2021-06-02 13:30:00,165.0,165.0
D1,F6-2-c4096-calendar,1,11,2021-06-03,96,1.0,True,181.0,175.27035522460938,-5.729644775390625,5.729644775390625,2021-06-03 08:30:00,2021-06-03 11:15:00,165.0,165.0
D1,F6-2-c4096-calendar,1,11,2021-06-04,96,1.0,True,173.0,168.45591735839844,-4.5440826416015625,4.5440826416015625,2021-06-04 10:45:00,2021-06-04 08:30:00,-135.0,135.0
D1,F6-2-c4096-calendar,1,11,2021-06-05,96,1.0,True,116.0,108.83537292480469,-7.1646270751953125,7.1646270751953125,2021-06-05 01:45:00,2021-06-05 06:15:00,270.0,270.0
D1,F6-2-c4096-calendar,1,11,2021-06-06,96,1.0,True,27.0,25.743980407714844,-1.2560195922851562,1.2560195922851562,2021-06-06 01:30:00,2021-06-06 04:15:00,165.0,165.0
D1,F6-2-c4096-calendar,1,11,2021-06-14,96,1.0,True,204.0,180.36630249023438,-23.633697509765625,23.633697509765625,2021-06-14 09:00:00,2021-06-14 11:45:00,165.0,165.0
D1,F6-2-c4096-calendar,1,11,2021-06-15,96,1.0,True,198.0,187.96041870117188,-10.039581298828125,10.039581298828125,2021-06-15 08:45:00,2021-06-15 11:00:00,135.0,135.0
D1,F6-2-c4096-calendar,1,11,2021-06-16,96,1.0,True,193.0,181.74948120117188,-11.250518798828125,11.250518798828125,2021-06-16 10:45:00,2021-06-16 10:45:00,0.0,0.0
D1,F6-2-c4096-calendar,1,11,2021-06-17,96,1.0,True,197.0,182.48265075683594,-14.517349243164062,14.517349243164062,2021-06-17 08:45:00,2021-06-17 11:00:00,135.0,135.0
D1,F6-2-c4096-calendar,1,11,2021-06-18,96,1.0,True,186.0,178.24203491210938,-7.757965087890625,7.757965087890625,2021-06-18 10:00:00,2021-06-18 10:45:00,45.0,45.0
D1,F6-2-c4096-calendar,1,11,2021-06-19,96,1.0,True,119.0,114.57765197753906,-4.4223480224609375,4.4223480224609375,2021-06-19 02:15:00,2021-06-19 02:00:00,-15.0,15.0
D1,F6-2-c4096-calendar,1,11,2021-06-20,96,1.0,True,28.0,24.587997436523438,-3.4120025634765625,3.4120025634765625,2021-06-20 15:15:00,2021-06-20 04:15:00,-660.0,660.0
D1,F6-2-c4096-calendar,1,12,2021-05-31,96,1.0,True,172.0,172.30181884765625,0.30181884765625,0.30181884765625,2021-05-31 10:30:00,2021-05-31 09:00:00,-90.0,90.0
D1,F6-2-c4096-calendar,1,12,2021-06-01,96,1.0,True,195.0,170.60214233398438,-24.397857666015625,24.397857666015625,2021-06-01 09:00:00,2021-06-01 13:15:00,255.0,255.0
D1,F6-2-c4096-calendar,1,12,2021-06-02,96,1.0,True,191.0,171.92462158203125,-19.07537841796875,19.07537841796875,2021-06-02 10:45:00,2021-06-02 13:45:00,180.0,180.0
D1,F6-2-c4096-calendar,1,12,2021-06-03,96,1.0,True,181.0,174.87677001953125,-6.12322998046875,6.12322998046875,2021-06-03 08:30:00,2021-06-03 11:30:00,180.0,180.0
D1,F6-2-c4096-calendar,1,12,2021-06-04,96,1.0,True,173.0,169.09222412109375,-3.90777587890625,3.90777587890625,2021-06-04 10:45:00,2021-06-04 08:30:00,-135.0,135.0
D1,F6-2-c4096-calendar,1,12,2021-06-05,96,1.0,True,116.0,109.06129455566406,-6.9387054443359375,6.9387054443359375,2021-06-05 01:45:00,2021-06-05 06:15:00,270.0,270.0
D1,F6-2-c4096-calendar,1,12,2021-06-06,96,1.0,True,27.0,25.70929718017578,-1.2907028198242188,1.2907028198242188,2021-06-06 01:30:00,2021-06-06 04:30:00,180.0,180.0
D1,F6-2-c4096-calendar,1,12,2021-06-14,96,1.0,True,204.0,176.66876220703125,-27.33123779296875,27.33123779296875,2021-06-14 09:00:00,2021-06-14 11:45:00,165.0,165.0
D1,F6-2-c4096-calendar,1,12,2021-06-15,96,1.0,True,198.0,185.5798797607422,-12.420120239257812,12.420120239257812,2021-06-15 08:45:00,2021-06-15 11:30:00,165.0,165.0
D1,F6-2-c4096-calendar,1,12,2021-06-16,96,1.0,True,193.0,181.3304443359375,-11.6695556640625,11.6695556640625,2021-06-16 10:45:00,2021-06-16 11:00:00,15.0,15.0
D1,F6-2-c4096-calendar,1,12,2021-06-17,96,1.0,True,197.0,183.80426025390625,-13.19573974609375,13.19573974609375,2021-06-17 08:45:00,2021-06-17 10:45:00,120.0,120.0
D1,F6-2-c4096-calendar,1,12,2021-06-18,96,1.0,True,186.0,178.20059204101562,-7.799407958984375,7.799407958984375,2021-06-18 10:00:00,2021-06-18 08:30:00,-90.0,90.0
D1,F6-2-c4096-calendar,1,12,2021-06-19,96,1.0,True,119.0,114.36763763427734,-4.632362365722656,4.632362365722656,2021-06-19 02:15:00,2021-06-19 02:00:00,-15.0,15.0
D1,F6-2-c4096-calendar,1,12,2021-06-20,96,1.0,True,28.0,24.61566162109375,-3.38433837890625,3.38433837890625,2021-06-20 15:15:00,2021-06-20 04:30:00,-645.0,645.0
D1,F6-2-c4096-calendar,1,13,2021-05-31,96,1.0,True,172.0,171.3514404296875,-0.6485595703125,0.6485595703125,2021-05-31 10:30:00,2021-05-31 09:00:00,-90.0,90.0
D1,F6-2-c4096-calendar,1,13,2021-06-01,96,1.0,True,195.0,170.3585968017578,-24.641403198242188,24.641403198242188,2021-06-01 09:00:00,2021-06-01 13:15:00,255.0,255.0
D1,F6-2-c4096-calendar,1,13,2021-06-02,96,1.0,True,191.0,169.783935546875,-21.216064453125,21.216064453125,2021-06-02 10:45:00,2021-06-02 11:30:00,45.0,45.0
D1,F6-2-c4096-calendar,1,13,2021-06-03,96,1.0,True,181.0,174.19143676757812,-6.808563232421875,6.808563232421875,2021-06-03 08:30:00,2021-06-03 11:00:00,150.0,150.0
D1,F6-2-c4096-calendar,1,13,2021-06-04,96,1.0,True,173.0,166.70782470703125,-6.29217529296875,6.29217529296875,2021-06-04 10:45:00,2021-06-04 11:00:00,15.0,15.0
D1,F6-2-c4096-calendar,1,13,2021-06-05,96,1.0,True,116.0,110.01469421386719,-5.9853057861328125,5.9853057861328125,2021-06-05 01:45:00,2021-06-05 06:15:00,270.0,270.0
D1,F6-2-c4096-calendar,1,13,2021-06-06,96,1.0,True,27.0,25.408432006835938,-1.5915679931640625,1.5915679931640625,2021-06-06 01:30:00,2021-06-06 04:45:00,195.0,195.0
D1,F6-2-c4096-calendar,1,13,2021-06-14,96,1.0,True,204.0,173.64483642578125,-30.35516357421875,30.35516357421875,2021-06-14 09:00:00,2021-06-14 12:00:00,180.0,180.0
D1,F6-2-c4096-calendar,1,13,2021-06-15,96,1.0,True,198.0,183.82437133789062,-14.175628662109375,14.175628662109375,2021-06-15 08:45:00,2021-06-15 11:45:00,180.0,180.0
D1,F6-2-c4096-calendar,1,13,2021-06-16,96,1.0,True,193.0,178.8072509765625,-14.1927490234375,14.1927490234375,2021-06-16 10:45:00,2021-06-16 11:00:00,15.0,15.0
D1,F6-2-c4096-calendar,1,13,2021-06-17,96,1.0,True,197.0,181.6969757080078,-15.303024291992188,15.303024291992188,2021-06-17 08:45:00,2021-06-17 11:00:00,135.0,135.0
D1,F6-2-c4096-calendar,1,13,2021-06-18,96,1.0,True,186.0,177.00958251953125,-8.99041748046875,8.99041748046875,2021-06-18 10:00:00,2021-06-18 10:45:00,45.0,45.0
D1,F6-2-c4096-calendar,1,13,2021-06-19,96,1.0,True,119.0,115.62557983398438,-3.374420166015625,3.374420166015625,2021-06-19 02:15:00,2021-06-19 06:15:00,240.0,240.0
D1,F6-2-c4096-calendar,1,13,2021-06-20,96,1.0,True,28.0,24.588607788085938,-3.4113922119140625,3.4113922119140625,2021-06-20 15:15:00,2021-06-20 04:45:00,-630.0,630.0
D1,F6-2-c4096-calendar,1,14,2021-05-31,96,1.0,True,172.0,173.22750854492188,1.227508544921875,1.227508544921875,2021-05-31 10:30:00,2021-05-31 09:00:00,-90.0,90.0
D1,F6-2-c4096-calendar,1,14,2021-06-01,96,1.0,True,195.0,170.22903442382812,-24.770965576171875,24.770965576171875,2021-06-01 09:00:00,2021-06-01 13:15:00,255.0,255.0
D1,F6-2-c4096-calendar,1,14,2021-06-02,96,1.0,True,191.0,171.24746704101562,-19.752532958984375,19.752532958984375,2021-06-02 10:45:00,2021-06-02 13:15:00,150.0,150.0
D1,F6-2-c4096-calendar,1,14,2021-06-03,96,1.0,True,181.0,175.05859375,-5.94140625,5.94140625,2021-06-03 08:30:00,2021-06-03 10:45:00,135.0,135.0
D1,F6-2-c4096-calendar,1,14,2021-06-04,96,1.0,True,173.0,168.80026245117188,-4.199737548828125,4.199737548828125,2021-06-04 10:45:00,2021-06-04 08:30:00,-135.0,135.0
D1,F6-2-c4096-calendar,1,14,2021-06-05,96,1.0,True,116.0,109.98725891113281,-6.0127410888671875,6.0127410888671875,2021-06-05 01:45:00,2021-06-05 06:15:00,270.0,270.0
D1,F6-2-c4096-calendar,1,14,2021-06-06,96,1.0,True,27.0,24.726585388183594,-2.2734146118164062,2.2734146118164062,2021-06-06 01:30:00,2021-06-06 05:00:00,210.0,210.0
D1,F6-2-c4096-calendar,1,14,2021-06-14,96,1.0,True,204.0,175.39651489257812,-28.603485107421875,28.603485107421875,2021-06-14 09:00:00,2021-06-14 09:00:00,0.0,0.0
D1,F6-2-c4096-calendar,1,14,2021-06-15,96,1.0,True,198.0,182.458251953125,-15.541748046875,15.541748046875,2021-06-15 08:45:00,2021-06-15 13:30:00,285.0,285.0
D1,F6-2-c4096-calendar,1,14,2021-06-16,96,1.0,True,193.0,178.65347290039062,-14.346527099609375,14.346527099609375,2021-06-16 10:45:00,2021-06-16 08:30:00,-135.0,135.0
D1,F6-2-c4096-calendar,1,14,2021-06-17,96,1.0,True,197.0,180.71826171875,-16.28173828125,16.28173828125,2021-06-17 08:45:00,2021-06-17 10:45:00,120.0,120.0
D1,F6-2-c4096-calendar,1,14,2021-06-18,96,1.0,True,186.0,177.34991455078125,-8.65008544921875,8.65008544921875,2021-06-18 10:00:00,2021-06-18 11:00:00,60.0,60.0
D1,F6-2-c4096-calendar,1,14,2021-06-19,96,1.0,True,119.0,115.6585693359375,-3.3414306640625,3.3414306640625,2021-06-19 02:15:00,2021-06-19 06:15:00,240.0,240.0
D1,F6-2-c4096-calendar,1,14,2021-06-20,96,1.0,True,28.0,24.525115966796875,-3.474884033203125,3.474884033203125,2021-06-20 15:15:00,2021-06-20 09:30:00,-345.0,345.0
D1,F6-2-c4096-calendar,1,15,2021-05-31,96,1.0,True,172.0,171.22021484375,-0.77978515625,0.77978515625,2021-05-31 10:30:00,2021-05-31 09:00:00,-90.0,90.0
D1,F6-2-c4096-calendar,1,15,2021-06-01,96,1.0,True,195.0,167.1326904296875,-27.8673095703125,27.8673095703125,2021-06-01 09:00:00,2021-06-01 08:30:00,-30.0,30.0
D1,F6-2-c4096-calendar,1,15,2021-06-02,96,1.0,True,191.0,169.48483276367188,-21.515167236328125,21.515167236328125,2021-06-02 10:45:00,2021-06-02 13:30:00,165.0,165.0
D1,F6-2-c4096-calendar,1,15,2021-06-03,96,1.0,True,181.0,174.09783935546875,-6.90216064453125,6.90216064453125,2021-06-03 08:30:00,2021-06-03 11:00:00,150.0,150.0
D1,F6-2-c4096-calendar,1,15,2021-06-04,96,1.0,True,173.0,169.2784423828125,-3.7215576171875,3.7215576171875,2021-06-04 10:45:00,2021-06-04 08:30:00,-135.0,135.0
D1,F6-2-c4096-calendar,1,15,2021-06-05,96,1.0,True,116.0,110.08944702148438,-5.910552978515625,5.910552978515625,2021-06-05 01:45:00,2021-06-05 06:15:00,270.0,270.0
D1,F6-2-c4096-calendar,1,15,2021-06-06,96,1.0,True,27.0,24.537193298339844,-2.4628067016601562,2.4628067016601562,2021-06-06 01:30:00,2021-06-06 04:15:00,165.0,165.0
D1,F6-2-c4096-calendar,1,15,2021-06-14,96,1.0,True,204.0,174.00103759765625,-29.99896240234375,29.99896240234375,2021-06-14 09:00:00,2021-06-14 09:15:00,15.0,15.0
D1,F6-2-c4096-calendar,1,15,2021-06-15,96,1.0,True,198.0,181.99420166015625,-16.00579833984375,16.00579833984375,2021-06-15 08:45:00,2021-06-15 13:45:00,300.0,300.0
D1,F6-2-c4096-calendar,1,15,2021-06-16,96,1.0,True,193.0,179.37368774414062,-13.626312255859375,13.626312255859375,2021-06-16 10:45:00,2021-06-16 08:45:00,-120.0,120.0
D1,F6-2-c4096-calendar,1,15,2021-06-17,96,1.0,True,197.0,179.41891479492188,-17.581085205078125,17.581085205078125,2021-06-17 08:45:00,2021-06-17 10:45:00,120.0,120.0
D1,F6-2-c4096-calendar,1,15,2021-06-18,96,1.0,True,186.0,177.69729614257812,-8.302703857421875,8.302703857421875,2021-06-18 10:00:00,2021-06-18 08:30:00,-90.0,90.0
D1,F6-2-c4096-calendar,1,15,2021-06-19,96,1.0,True,119.0,115.12081146240234,-3.8791885375976562,3.8791885375976562,2021-06-19 02:15:00,2021-06-19 02:00:00,-15.0,15.0
D1,F6-2-c4096-calendar,1,15,2021-06-20,96,1.0,True,28.0,24.558509826660156,-3.4414901733398438,3.4414901733398438,2021-06-20 15:15:00,2021-06-20 09:45:00,-330.0,330.0
D1,F6-2-c4096-calendar,1,16,2021-05-31,96,1.0,True,172.0,170.7607421875,-1.2392578125,1.2392578125,2021-05-31 10:30:00,2021-05-31 09:00:00,-90.0,90.0
D1,F6-2-c4096-calendar,1,16,2021-06-01,96,1.0,True,195.0,169.16798400878906,-25.832015991210938,25.832015991210938,2021-06-01 09:00:00,2021-06-01 13:15:00,255.0,255.0
D1,F6-2-c4096-calendar,1,16,2021-06-02,96,1.0,True,191.0,170.59182739257812,-20.408172607421875,20.408172607421875,2021-06-02 10:45:00,2021-06-02 13:30:00,165.0,165.0
D1,F6-2-c4096-calendar,1,16,2021-06-03,96,1.0,True,181.0,175.84429931640625,-5.15570068359375,5.15570068359375,2021-06-03 08:30:00,2021-06-03 11:00:00,150.0,150.0
D1,F6-2-c4096-calendar,1,16,2021-06-04,96,1.0,True,173.0,167.96932983398438,-5.030670166015625,5.030670166015625,2021-06-04 10:45:00,2021-06-04 08:30:00,-135.0,135.0
D1,F6-2-c4096-calendar,1,16,2021-06-05,96,1.0,True,116.0,109.24042510986328,-6.759574890136719,6.759574890136719,2021-06-05 01:45:00,2021-06-05 06:15:00,270.0,270.0
D1,F6-2-c4096-calendar,1,16,2021-06-06,96,1.0,True,27.0,24.373672485351562,-2.6263275146484375,2.6263275146484375,2021-06-06 01:30:00,2021-06-06 07:45:00,375.0,375.0
D1,F6-2-c4096-calendar,1,16,2021-06-14,96,1.0,True,204.0,175.32986450195312,-28.670135498046875,28.670135498046875,2021-06-14 09:00:00,2021-06-14 13:15:00,255.0,255.0
D1,F6-2-c4096-calendar,1,16,2021-06-15,96,1.0,True,198.0,186.35366821289062,-11.646331787109375,11.646331787109375,2021-06-15 08:45:00,2021-06-15 13:30:00,285.0,285.0
D1,F6-2-c4096-calendar,1,16,2021-06-16,96,1.0,True,193.0,181.96359252929688,-11.036407470703125,11.036407470703125,2021-06-16 10:45:00,2021-06-16 10:45:00,0.0,0.0
D1,F6-2-c4096-calendar,1,16,2021-06-17,96,1.0,True,197.0,179.59608459472656,-17.403915405273438,17.403915405273438,2021-06-17 08:45:00,2021-06-17 11:00:00,135.0,135.0
D1,F6-2-c4096-calendar,1,16,2021-06-18,96,1.0,True,186.0,177.554931640625,-8.445068359375,8.445068359375,2021-06-18 10:00:00,2021-06-18 10:45:00,45.0,45.0
D1,F6-2-c4096-calendar,1,16,2021-06-19,96,1.0,True,119.0,115.04037475585938,-3.959625244140625,3.959625244140625,2021-06-19 02:15:00,2021-06-19 02:00:00,-15.0,15.0
D1,F6-2-c4096-calendar,1,16,2021-06-20,96,1.0,True,28.0,24.28264617919922,-3.7173538208007812,3.7173538208007812,2021-06-20 15:15:00,2021-06-20 10:00:00,-315.0,315.0
D1,F6-2-c4096-calendar,2,4,2021-07-12,96,1.0,True,198.0,188.56842041015625,-9.43157958984375,9.43157958984375,2021-07-12 08:45:00,2021-07-12 09:00:00,15.0,15.0
D1,F6-2-c4096-calendar,2,4,2021-07-13,1,0.010416666666666666,False,79.0,84.47723388671875,5.47723388671875,5.47723388671875,2021-07-13 00:00:00,2021-07-13 00:00:00,0.0,0.0
D1,F6-2-c4096-calendar,2,4,2021-07-17,80,0.8333333333333334,False,108.0,104.49432373046875,-3.50567626953125,3.50567626953125,2021-07-17 06:00:00,2021-07-17 06:00:00,0.0,0.0
D1,F6-2-c4096-calendar,2,4,2021-07-18,84,0.875,False,28.0,24.756591796875,-3.243408203125,3.243408203125,2021-07-18 04:30:00,2021-07-18 08:45:00,255.0,255.0
D1,F6-2-c4096-calendar,2,4,2021-07-26,84,0.875,False,217.0,195.6505889892578,-21.349411010742188,21.349411010742188,2021-07-26 08:30:00,2021-07-26 08:45:00,15.0,15.0
D1,F6-2-c4096-calendar,2,4,2021-07-27,84,0.875,False,211.0,197.63995361328125,-13.36004638671875,13.36004638671875,2021-07-27 11:45:00,2021-07-27 08:45:00,-180.0,180.0
D1,F6-2-c4096-calendar,2,4,2021-07-28,84,0.875,False,212.0,212.11636352539062,0.116363525390625,0.116363525390625,2021-07-28 12:00:00,2021-07-28 08:45:00,-195.0,195.0
D1,F6-2-c4096-calendar,2,4,2021-07-29,84,0.875,False,211.0,203.1216278076172,-7.8783721923828125,7.8783721923828125,2021-07-29 12:00:00,2021-07-29 08:45:00,-195.0,195.0
D1,F6-2-c4096-calendar,2,4,2021-07-30,85,0.8854166666666666,False,212.0,205.45193481445312,-6.548065185546875,6.548065185546875,2021-07-30 12:00:00,2021-07-30 08:45:00,-195.0,195.0
D1,F6-2-c4096-calendar,2,4,2021-07-31,96,1.0,True,80.0,98.96728515625,18.96728515625,18.96728515625,2021-07-31 00:00:00,2021-07-31 01:30:00,90.0,90.0
D1,F6-2-c4096-calendar,2,4,2021-08-01,96,1.0,True,28.0,25.412338256835938,-2.5876617431640625,2.5876617431640625,2021-08-01 09:00:00,2021-08-01 02:30:00,-390.0,390.0
D1,F6-2-c4096-calendar,2,4,2021-08-09,39,0.40625,False,215.0,201.72189331054688,-13.278106689453125,13.278106689453125,2021-08-09 08:45:00,2021-08-09 08:45:00,0.0,0.0
D1,F6-2-c4096-calendar,2,5,2021-07-12,96,1.0,True,198.0,185.12942504882812,-12.870574951171875,12.870574951171875,2021-07-12 08:45:00,2021-07-12 11:45:00,180.0,180.0
D1,F6-2-c4096-calendar,2,5,2021-07-13,1,0.010416666666666666,False,79.0,87.16511535644531,8.165115356445312,8.165115356445312,2021-07-13 00:00:00,2021-07-13 00:00:00,0.0,0.0
D1,F6-2-c4096-calendar,2,5,2021-07-17,79,0.8229166666666666,False,108.0,105.21509552001953,-2.7849044799804688,2.7849044799804688,2021-07-17 06:00:00,2021-07-17 06:15:00,15.0,15.0
D1,F6-2-c4096-calendar,2,5,2021-07-18,84,0.875,False,28.0,24.530052185058594,-3.4699478149414062,3.4699478149414062,2021-07-18 04:30:00,2021-07-18 09:00:00,270.0,270.0
D1,F6-2-c4096-calendar,2,5,2021-07-26,84,0.875,False,217.0,198.30905151367188,-18.690948486328125,18.690948486328125,2021-07-26 08:30:00,2021-07-26 11:45:00,195.0,195.0
D1,F6-2-c4096-calendar,2,5,2021-07-27,84,0.875,False,211.0,196.12786865234375,-14.87213134765625,14.87213134765625,2021-07-27 11:45:00,2021-07-27 08:45:00,-180.0,180.0
D1,F6-2-c4096-calendar,2,5,2021-07-28,84,0.875,False,212.0,209.08474731445312,-2.915252685546875,2.915252685546875,2021-07-28 12:00:00,2021-07-28 08:45:00,-195.0,195.0
D1,F6-2-c4096-calendar,2,5,2021-07-29,84,0.875,False,211.0,202.33505249023438,-8.664947509765625,8.664947509765625,2021-07-29 12:00:00,2021-07-29 08:45:00,-195.0,195.0
D1,F6-2-c4096-calendar,2,5,2021-07-30,85,0.8854166666666666,False,212.0,205.63629150390625,-6.36370849609375,6.36370849609375,2021-07-30 12:00:00,2021-07-30 11:45:00,-15.0,15.0
D1,F6-2-c4096-calendar,2,5,2021-07-31,96,1.0,True,80.0,101.02290344238281,21.022903442382812,21.022903442382812,2021-07-31 00:00:00,2021-07-31 01:30:00,90.0,90.0
D1,F6-2-c4096-calendar,2,5,2021-08-01,96,1.0,True,28.0,25.36388397216797,-2.6361160278320312,2.6361160278320312,2021-08-01 09:00:00,2021-08-01 02:45:00,-375.0,375.0
D1,F6-2-c4096-calendar,2,5,2021-08-09,39,0.40625,False,215.0,195.22653198242188,-19.773468017578125,19.773468017578125,2021-08-09 08:45:00,2021-08-09 09:00:00,15.0,15.0
D1,F6-2-c4096-calendar,2,6,2021-07-12,96,1.0,True,198.0,183.28427124023438,-14.715728759765625,14.715728759765625,2021-07-12 08:45:00,2021-07-12 13:45:00,300.0,300.0
D1,F6-2-c4096-calendar,2,6,2021-07-13,1,0.010416666666666666,False,79.0,87.23670959472656,8.236709594726562,8.236709594726562,2021-07-13 00:00:00,2021-07-13 00:00:00,0.0,0.0
D1,F6-2-c4096-calendar,2,6,2021-07-17,78,0.8125,False,108.0,103.92861938476562,-4.071380615234375,4.071380615234375,2021-07-17 06:00:00,2021-07-17 06:30:00,30.0,30.0
D1,F6-2-c4096-calendar,2,6,2021-07-18,84,0.875,False,28.0,24.188629150390625,-3.811370849609375,3.811370849609375,2021-07-18 01:15:00,2021-07-18 16:15:00,900.0,900.0
D1,F6-2-c4096-calendar,2,6,2021-07-26,84,0.875,False,217.0,196.58450317382812,-20.415496826171875,20.415496826171875,2021-07-26 08:30:00,2021-07-26 11:30:00,180.0,180.0
D1,F6-2-c4096-calendar,2,6,2021-07-27,84,0.875,False,211.0,194.80242919921875,-16.19757080078125,16.19757080078125,2021-07-27 11:45:00,2021-07-27 08:45:00,-180.0,180.0
D1,F6-2-c4096-calendar,2,6,2021-07-28,84,0.875,False,212.0,205.5916748046875,-6.4083251953125,6.4083251953125,2021-07-28 12:00:00,2021-07-28 08:45:00,-195.0,195.0
D1,F6-2-c4096-calendar,2,6,2021-07-29,84,0.875,False,211.0,201.6852264404297,-9.314773559570312,9.314773559570312,2021-07-29 12:00:00,2021-07-29 08:30:00,-210.0,210.0
D1,F6-2-c4096-calendar,2,6,2021-07-30,85,0.8854166666666666,False,212.0,205.31146240234375,-6.68853759765625,6.68853759765625,2021-07-30 12:00:00,2021-07-30 12:00:00,0.0,0.0
D1,F6-2-c4096-calendar,2,6,2021-07-31,96,1.0,True,80.0,106.69136810302734,26.691368103027344,26.691368103027344,2021-07-31 00:00:00,2021-07-31 01:30:00,90.0,90.0
D1,F6-2-c4096-calendar,2,6,2021-08-01,96,1.0,True,28.0,25.49298858642578,-2.5070114135742188,2.5070114135742188,2021-08-01 09:00:00,2021-08-01 03:00:00,-360.0,360.0
D1,F6-2-c4096-calendar,2,6,2021-08-09,39,0.40625,False,215.0,185.2270965576172,-29.772903442382812,29.772903442382812,2021-08-09 08:45:00,2021-08-09 09:15:00,30.0,30.0
D1,F6-2-c4096-calendar,2,7,2021-07-12,96,1.0,True,198.0,185.28439331054688,-12.715606689453125,12.715606689453125,2021-07-12 08:45:00,2021-07-12 11:45:00,180.0,180.0
D1,F6-2-c4096-calendar,2,7,2021-07-13,1,0.010416666666666666,False,79.0,87.98953247070312,8.989532470703125,8.989532470703125,2021-07-13 00:00:00,2021-07-13 00:00:00,0.0,0.0
D1,F6-2-c4096-calendar,2,7,2021-07-17,77,0.8020833333333334,False,108.0,101.2960433959961,-6.703956604003906,6.703956604003906,2021-07-17 06:00:00,2021-07-17 06:45:00,45.0,45.0
D1,F6-2-c4096-calendar,2,7,2021-07-18,84,0.875,False,28.0,24.243804931640625,-3.756195068359375,3.756195068359375,2021-07-18 01:15:00,2021-07-18 09:30:00,495.0,495.0
D1,F6-2-c4096-calendar,2,7,2021-07-26,84,0.875,False,217.0,196.81448364257812,-20.185516357421875,20.185516357421875,2021-07-26 08:30:00,2021-07-26 11:45:00,195.0,195.0
D1,F6-2-c4096-calendar,2,7,2021-07-27,84,0.875,False,211.0,193.33856201171875,-17.66143798828125,17.66143798828125,2021-07-27 11:45:00,2021-07-27 08:45:00,-180.0,180.0
D1,F6-2-c4096-calendar,2,7,2021-07-28,84,0.875,False,212.0,204.67684936523438,-7.323150634765625,7.323150634765625,2021-07-28 12:00:00,2021-07-28 08:45:00,-195.0,195.0
D1,F6-2-c4096-calendar,2,7,2021-07-29,84,0.875,False,211.0,200.0861358642578,-10.913864135742188,10.913864135742188,2021-07-29 12:00:00,2021-07-29 08:45:00,-195.0,195.0
D1,F6-2-c4096-calendar,2,7,2021-07-30,85,0.8854166666666666,False,212.0,203.9983673095703,-8.001632690429688,8.001632690429688,2021-07-30 12:00:00,2021-07-30 12:00:00,0.0,0.0
D1,F6-2-c4096-calendar,2,7,2021-07-31,96,1.0,True,80.0,106.6722640991211,26.672264099121094,26.672264099121094,2021-07-31 00:00:00,2021-07-31 01:30:00,90.0,90.0
D1,F6-2-c4096-calendar,2,7,2021-08-01,96,1.0,True,28.0,25.520538330078125,-2.479461669921875,2.479461669921875,2021-08-01 09:00:00,2021-08-01 03:15:00,-345.0,345.0
D1,F6-2-c4096-calendar,2,7,2021-08-09,39,0.40625,False,215.0,187.4151611328125,-27.5848388671875,27.5848388671875,2021-08-09 08:45:00,2021-08-09 09:30:00,45.0,45.0
D1,F6-2-c4096-calendar,2,8,2021-07-12,96,1.0,True,198.0,184.82522583007812,-13.174774169921875,13.174774169921875,2021-07-12 08:45:00,2021-07-12 12:00:00,195.0,195.0
D1,F6-2-c4096-calendar,2,8,2021-07-13,1,0.010416666666666666,False,79.0,86.62679290771484,7.626792907714844,7.626792907714844,2021-07-13 00:00:00,2021-07-13 00:00:00,0.0,0.0
D1,F6-2-c4096-calendar,2,8,2021-07-17,76,0.7916666666666666,False,108.0,101.0497055053711,-6.950294494628906,6.950294494628906,2021-07-17 06:00:00,2021-07-17 06:15:00,15.0,15.0
D1,F6-2-c4096-calendar,2,8,2021-07-18,84,0.875,False,28.0,24.224533081054688,-3.7754669189453125,3.7754669189453125,2021-07-18 01:15:00,2021-07-18 09:45:00,510.0,510.0
D1,F6-2-c4096-calendar,2,8,2021-07-26,84,0.875,False,217.0,198.51898193359375,-18.48101806640625,18.48101806640625,2021-07-26 08:30:00,2021-07-26 11:45:00,195.0,195.0
D1,F6-2-c4096-calendar,2,8,2021-07-27,84,0.875,False,211.0,194.34793090820312,-16.652069091796875,16.652069091796875,2021-07-27 11:45:00,2021-07-27 09:00:00,-165.0,165.0
D1,F6-2-c4096-calendar,2,8,2021-07-28,84,0.875,False,212.0,205.9815673828125,-6.0184326171875,6.0184326171875,2021-07-28 12:00:00,2021-07-28 10:00:00,-120.0,120.0
D1,F6-2-c4096-calendar,2,8,2021-07-29,84,0.875,False,211.0,200.91102600097656,-10.088973999023438,10.088973999023438,2021-07-29 12:00:00,2021-07-29 11:45:00,-15.0,15.0
D1,F6-2-c4096-calendar,2,8,2021-07-30,85,0.8854166666666666,False,212.0,204.8057861328125,-7.1942138671875,7.1942138671875,2021-07-30 12:00:00,2021-07-30 12:00:00,0.0,0.0
D1,F6-2-c4096-calendar,2,8,2021-07-31,96,1.0,True,80.0,109.81565856933594,29.815658569335938,29.815658569335938,2021-07-31 00:00:00,2021-07-31 01:30:00,90.0,90.0
D1,F6-2-c4096-calendar,2,8,2021-08-01,96,1.0,True,28.0,25.669219970703125,-2.330780029296875,2.330780029296875,2021-08-01 09:00:00,2021-08-01 03:30:00,-330.0,330.0
D1,F6-2-c4096-calendar,2,8,2021-08-09,39,0.40625,False,215.0,178.18359375,-36.81640625,36.81640625,2021-08-09 08:45:00,2021-08-09 09:30:00,45.0,45.0
D1,F6-2-c4096-calendar,2,9,2021-07-12,96,1.0,True,198.0,184.1986541748047,-13.801345825195312,13.801345825195312,2021-07-12 08:45:00,2021-07-12 11:45:00,180.0,180.0
D1,F6-2-c4096-calendar,2,9,2021-07-13,1,0.010416666666666666,False,79.0,88.25456237792969,9.254562377929688,9.254562377929688,2021-07-13 00:00:00,2021-07-13 00:00:00,0.0,0.0
D1,F6-2-c4096-calendar,2,9,2021-07-17,75,0.78125,False,108.0,102.28720092773438,-5.712799072265625,5.712799072265625,2021-07-17 06:00:00,2021-07-17 06:15:00,15.0,15.0
D1,F6-2-c4096-calendar,2,9,2021-07-18,84,0.875,False,28.0,24.381614685058594,-3.6183853149414062,3.6183853149414062,2021-07-18 01:15:00,2021-07-18 10:00:00,525.0,525.0
D1,F6-2-c4096-calendar,2,9,2021-07-26,84,0.875,False,217.0,196.7557830810547,-20.244216918945312,20.244216918945312,2021-07-26 08:30:00,2021-07-26 11:45:00,195.0,195.0
D1,F6-2-c4096-calendar,2,9,2021-07-27,84,0.875,False,211.0,192.89260864257812,-18.107391357421875,18.107391357421875,2021-07-27 11:45:00,2021-07-27 08:30:00,-195.0,195.0
D1,F6-2-c4096-calendar,2,9,2021-07-28,84,0.875,False,212.0,203.5196533203125,-8.4803466796875,8.4803466796875,2021-07-28 12:00:00,2021-07-28 08:45:00,-195.0,195.0
D1,F6-2-c4096-calendar,2,9,2021-07-29,84,0.875,False,211.0,201.604736328125,-9.395263671875,9.395263671875,2021-07-29 12:00:00,2021-07-29 12:00:00,0.0,0.0
D1,F6-2-c4096-calendar,2,9,2021-07-30,85,0.8854166666666666,False,212.0,206.38931274414062,-5.610687255859375,5.610687255859375,2021-07-30 12:00:00,2021-07-30 12:00:00,0.0,0.0
D1,F6-2-c4096-calendar,2,9,2021-07-31,96,1.0,True,80.0,111.69091033935547,31.69091033935547,31.69091033935547,2021-07-31 00:00:00,2021-07-31 01:30:00,90.0,90.0
D1,F6-2-c4096-calendar,2,9,2021-08-01,96,1.0,True,28.0,25.855880737304688,-2.1441192626953125,2.1441192626953125,2021-08-01 09:00:00,2021-08-01 03:45:00,-315.0,315.0
D1,F6-2-c4096-calendar,2,9,2021-08-09,39,0.40625,False,215.0,169.7910614013672,-45.20893859863281,45.20893859863281,2021-08-09 08:45:00,2021-08-09 09:30:00,45.0,45.0
D1,F6-2-c4096-calendar,2,10,2021-07-12,96,1.0,True,198.0,185.14181518554688,-12.858184814453125,12.858184814453125,2021-07-12 08:45:00,2021-07-12 13:45:00,300.0,300.0
D1,F6-2-c4096-calendar,2,10,2021-07-13,1,0.010416666666666666,False,79.0,86.6343002319336,7.634300231933594,7.634300231933594,2021-07-13 00:00:00,2021-07-13 00:00:00,0.0,0.0
D1,F6-2-c4096-calendar,2,10,2021-07-17,74,0.7708333333333334,False,108.0,102.7332534790039,-5.266746520996094,5.266746520996094,2021-07-17 06:00:00,2021-07-17 06:15:00,15.0,15.0
D1,F6-2-c4096-calendar,2,10,2021-07-18,84,0.875,False,28.0,24.760597229003906,-3.2394027709960938,3.2394027709960938,2021-07-18 01:15:00,2021-07-18 10:15:00,540.0,540.0
D1,F6-2-c4096-calendar,2,10,2021-07-26,84,0.875,False,217.0,200.0845947265625,-16.9154052734375,16.9154052734375,2021-07-26 08:30:00,2021-07-26 11:30:00,180.0,180.0
D1,F6-2-c4096-calendar,2,10,2021-07-27,84,0.875,False,211.0,194.47427368164062,-16.525726318359375,16.525726318359375,2021-07-27 11:45:00,2021-07-27 08:45:00,-180.0,180.0
D1,F6-2-c4096-calendar,2,10,2021-07-28,84,0.875,False,212.0,205.17739868164062,-6.822601318359375,6.822601318359375,2021-07-28 12:00:00,2021-07-28 08:45:00,-195.0,195.0
D1,F6-2-c4096-calendar,2,10,2021-07-29,84,0.875,False,211.0,200.418701171875,-10.581298828125,10.581298828125,2021-07-29 12:00:00,2021-07-29 08:45:00,-195.0,195.0
D1,F6-2-c4096-calendar,2,10,2021-07-30,85,0.8854166666666666,False,212.0,204.59912109375,-7.40087890625,7.40087890625,2021-07-30 12:00:00,2021-07-30 12:00:00,0.0,0.0
D1,F6-2-c4096-calendar,2,10,2021-07-31,96,1.0,True,80.0,111.95872497558594,31.958724975585938,31.958724975585938,2021-07-31 00:00:00,2021-07-31 01:45:00,105.0,105.0
D1,F6-2-c4096-calendar,2,10,2021-08-01,96,1.0,True,28.0,25.930633544921875,-2.069366455078125,2.069366455078125,2021-08-01 09:00:00,2021-08-01 04:00:00,-300.0,300.0
D1,F6-2-c4096-calendar,2,10,2021-08-09,39,0.40625,False,215.0,136.53085327148438,-78.46914672851562,78.46914672851562,2021-08-09 08:45:00,2021-08-09 09:00:00,15.0,15.0
D1,F6-2-c4096-calendar,2,11,2021-07-12,96,1.0,True,198.0,184.59683227539062,-13.403167724609375,13.403167724609375,2021-07-12 08:45:00,2021-07-12 13:45:00,300.0,300.0
D1,F6-2-c4096-calendar,2,11,2021-07-13,1,0.010416666666666666,False,79.0,86.85692596435547,7.856925964355469,7.856925964355469,2021-07-13 00:00:00,2021-07-13 00:00:00,0.0,0.0
D1,F6-2-c4096-calendar,2,11,2021-07-17,73,0.7604166666666666,False,108.0,102.62251281738281,-5.3774871826171875,5.3774871826171875,2021-07-17 06:00:00,2021-07-17 06:15:00,15.0,15.0
D1,F6-2-c4096-calendar,2,11,2021-07-18,84,0.875,False,28.0,24.91484832763672,-3.0851516723632812,3.0851516723632812,2021-07-18 01:15:00,2021-07-18 10:45:00,570.0,570.0
D1,F6-2-c4096-calendar,2,11,2021-07-26,84,0.875,False,217.0,200.06027221679688,-16.939727783203125,16.939727783203125,2021-07-26 08:30:00,2021-07-26 11:45:00,195.0,195.0
D1,F6-2-c4096-calendar,2,11,2021-07-27,84,0.875,False,211.0,195.03660583496094,-15.963394165039062,15.963394165039062,2021-07-27 11:45:00,2021-07-27 08:45:00,-180.0,180.0
D1,F6-2-c4096-calendar,2,11,2021-07-28,84,0.875,False,212.0,206.01683044433594,-5.9831695556640625,5.9831695556640625,2021-07-28 12:00:00,2021-07-28 10:45:00,-75.0,75.0
D1,F6-2-c4096-calendar,2,11,2021-07-29,84,0.875,False,211.0,200.50186157226562,-10.498138427734375,10.498138427734375,2021-07-29 12:00:00,2021-07-29 08:45:00,-195.0,195.0
D1,F6-2-c4096-calendar,2,11,2021-07-30,85,0.8854166666666666,False,212.0,202.15097045898438,-9.849029541015625,9.849029541015625,2021-07-30 12:00:00,2021-07-30 12:00:00,0.0,0.0
D1,F6-2-c4096-calendar,2,11,2021-07-31,96,1.0,True,80.0,109.00405883789062,29.004058837890625,29.004058837890625,2021-07-31 00:00:00,2021-07-31 01:45:00,105.0,105.0
D1,F6-2-c4096-calendar,2,11,2021-08-01,96,1.0,True,28.0,25.892532348632812,-2.1074676513671875,2.1074676513671875,2021-08-01 09:00:00,2021-08-01 04:15:00,-285.0,285.0
D1,F6-2-c4096-calendar,2,11,2021-08-09,39,0.40625,False,215.0,130.614990234375,-84.385009765625,84.385009765625,2021-08-09 08:45:00,2021-08-09 09:15:00,30.0,30.0
D1,F6-2-c4096-calendar,2,12,2021-07-12,96,1.0,True,198.0,184.73292541503906,-13.267074584960938,13.267074584960938,2021-07-12 08:45:00,2021-07-12 13:45:00,300.0,300.0
D1,F6-2-c4096-calendar,2,12,2021-07-13,1,0.010416666666666666,False,79.0,85.68143463134766,6.681434631347656,6.681434631347656,2021-07-13 00:00:00,2021-07-13 00:00:00,0.0,0.0
D1,F6-2-c4096-calendar,2,12,2021-07-17,72,0.75,False,108.0,102.5085220336914,-5.491477966308594,5.491477966308594,2021-07-17 06:00:00,2021-07-17 06:15:00,15.0,15.0
D1,F6-2-c4096-calendar,2,12,2021-07-18,84,0.875,False,28.0,25.23052978515625,-2.76947021484375,2.76947021484375,2021-07-18 01:15:00,2021-07-18 11:00:00,585.0,585.0
D1,F6-2-c4096-calendar,2,12,2021-07-26,84,0.875,False,217.0,200.3048095703125,-16.6951904296875,16.6951904296875,2021-07-26 08:30:00,2021-07-26 11:45:00,195.0,195.0
D1,F6-2-c4096-calendar,2,12,2021-07-27,84,0.875,False,211.0,196.01873779296875,-14.98126220703125,14.98126220703125,2021-07-27 11:45:00,2021-07-27 11:45:00,0.0,0.0
D1,F6-2-c4096-calendar,2,12,2021-07-28,84,0.875,False,212.0,204.73153686523438,-7.268463134765625,7.268463134765625,2021-07-28 12:00:00,2021-07-28 10:45:00,-75.0,75.0
D1,F6-2-c4096-calendar,2,12,2021-07-29,84,0.875,False,211.0,198.95480346679688,-12.045196533203125,12.045196533203125,2021-07-29 12:00:00,2021-07-29 11:45:00,-15.0,15.0
D1,F6-2-c4096-calendar,2,12,2021-07-30,85,0.8854166666666666,False,212.0,201.8460693359375,-10.1539306640625,10.1539306640625,2021-07-30 12:00:00,2021-07-30 12:00:00,0.0,0.0
D1,F6-2-c4096-calendar,2,12,2021-07-31,96,1.0,True,80.0,109.42383575439453,29.42383575439453,29.42383575439453,2021-07-31 00:00:00,2021-07-31 01:30:00,90.0,90.0
D1,F6-2-c4096-calendar,2,12,2021-08-01,96,1.0,True,28.0,25.759010314941406,-2.2409896850585938,2.2409896850585938,2021-08-01 09:00:00,2021-08-01 04:30:00,-270.0,270.0
D1,F6-2-c4096-calendar,2,12,2021-08-09,39,0.40625,False,215.0,130.8477783203125,-84.1522216796875,84.1522216796875,2021-08-09 08:45:00,2021-08-09 08:15:00,-30.0,30.0
D1,F6-2-c4096-calendar,2,13,2021-07-12,96,1.0,True,198.0,184.44522094726562,-13.554779052734375,13.554779052734375,2021-07-12 08:45:00,2021-07-12 13:45:00,300.0,300.0
D1,F6-2-c4096-calendar,2,13,2021-07-13,1,0.010416666666666666,False,79.0,86.66329193115234,7.663291931152344,7.663291931152344,2021-07-13 00:00:00,2021-07-13 00:00:00,0.0,0.0
D1,F6-2-c4096-calendar,2,13,2021-07-17,71,0.7395833333333334,False,96.0,103.70431518554688,7.704315185546875,7.704315185546875,2021-07-17 06:15:00,2021-07-17 06:15:00,0.0,0.0
D1,F6-2-c4096-calendar,2,13,2021-07-18,84,0.875,False,28.0,25.42957305908203,-2.5704269409179688,2.5704269409179688,2021-07-18 01:15:00,2021-07-18 11:15:00,600.0,600.0
D1,F6-2-c4096-calendar,2,13,2021-07-26,84,0.875,False,217.0,199.5482940673828,-17.451705932617188,17.451705932617188,2021-07-26 08:30:00,2021-07-26 11:45:00,195.0,195.0
D1,F6-2-c4096-calendar,2,13,2021-07-27,84,0.875,False,211.0,197.18536376953125,-13.81463623046875,13.81463623046875,2021-07-27 11:45:00,2021-07-27 11:45:00,0.0,0.0
D1,F6-2-c4096-calendar,2,13,2021-07-28,84,0.875,False,212.0,202.09170532226562,-9.908294677734375,9.908294677734375,2021-07-28 12:00:00,2021-07-28 11:30:00,-30.0,30.0
D1,F6-2-c4096-calendar,2,13,2021-07-29,84,0.875,False,211.0,199.31063842773438,-11.689361572265625,11.689361572265625,2021-07-29 12:00:00,2021-07-29 11:45:00,-15.0,15.0
D1,F6-2-c4096-calendar,2,13,2021-07-30,85,0.8854166666666666,False,212.0,201.99273681640625,-10.00726318359375,10.00726318359375,2021-07-30 12:00:00,2021-07-30 11:45:00,-15.0,15.0
D1,F6-2-c4096-calendar,2,13,2021-07-31,96,1.0,True,80.0,110.16614532470703,30.16614532470703,30.16614532470703,2021-07-31 00:00:00,2021-07-31 01:45:00,105.0,105.0
D1,F6-2-c4096-calendar,2,13,2021-08-01,96,1.0,True,28.0,25.485137939453125,-2.514862060546875,2.514862060546875,2021-08-01 09:00:00,2021-08-01 04:45:00,-255.0,255.0
D1,F6-2-c4096-calendar,2,13,2021-08-09,39,0.40625,False,215.0,155.33212280273438,-59.667877197265625,59.667877197265625,2021-08-09 08:45:00,2021-08-09 08:30:00,-15.0,15.0
D1,F6-2-c4096-calendar,2,14,2021-07-12,96,1.0,True,198.0,183.93765258789062,-14.062347412109375,14.062347412109375,2021-07-12 08:45:00,2021-07-12 13:45:00,300.0,300.0
D1,F6-2-c4096-calendar,2,14,2021-07-13,1,0.010416666666666666,False,79.0,87.10353088378906,8.103530883789062,8.103530883789062,2021-07-13 00:00:00,2021-07-13 00:00:00,0.0,0.0
D1,F6-2-c4096-calendar,2,14,2021-07-17,70,0.7291666666666666,False,88.0,101.58807373046875,13.58807373046875,13.58807373046875,2021-07-17 07:15:00,2021-07-17 06:30:00,-45.0,45.0
D1,F6-2-c4096-calendar,2,14,2021-07-18,84,0.875,False,28.0,25.646141052246094,-2.3538589477539062,2.3538589477539062,2021-07-18 01:15:00,2021-07-18 11:30:00,615.0,615.0
D1,F6-2-c4096-calendar,2,14,2021-07-26,84,0.875,False,217.0,196.66555786132812,-20.334442138671875,20.334442138671875,2021-07-26 08:30:00,2021-07-26 11:45:00,195.0,195.0
D1,F6-2-c4096-calendar,2,14,2021-07-27,84,0.875,False,211.0,198.0328826904297,-12.967117309570312,12.967117309570312,2021-07-27 11:45:00,2021-07-27 12:00:00,15.0,15.0
D1,F6-2-c4096-calendar,2,14,2021-07-28,84,0.875,False,212.0,206.1536865234375,-5.8463134765625,5.8463134765625,2021-07-28 12:00:00,2021-07-28 11:30:00,-30.0,30.0
D1,F6-2-c4096-calendar,2,14,2021-07-29,84,0.875,False,211.0,200.15036010742188,-10.849639892578125,10.849639892578125,2021-07-29 12:00:00,2021-07-29 11:45:00,-15.0,15.0
D1,F6-2-c4096-calendar,2,14,2021-07-30,84,0.875,False,212.0,204.11825561523438,-7.881744384765625,7.881744384765625,2021-07-30 12:00:00,2021-07-30 12:00:00,0.0,0.0
D1,F6-2-c4096-calendar,2,14,2021-07-31,96,1.0,True,80.0,108.90283203125,28.90283203125,28.90283203125,2021-07-31 00:00:00,2021-07-31 01:45:00,105.0,105.0
D1,F6-2-c4096-calendar,2,14,2021-08-01,96,1.0,True,28.0,25.176124572753906,-2.8238754272460938,2.8238754272460938,2021-08-01 09:00:00,2021-08-01 01:30:00,-450.0,450.0
D1,F6-2-c4096-calendar,2,14,2021-08-09,39,0.40625,False,215.0,156.54388427734375,-58.45611572265625,58.45611572265625,2021-08-09 08:45:00,2021-08-09 08:45:00,0.0,0.0
D1,F6-2-c4096-calendar,2,15,2021-07-12,96,1.0,True,198.0,185.10671997070312,-12.893280029296875,12.893280029296875,2021-07-12 08:45:00,2021-07-12 13:45:00,300.0,300.0
D1,F6-2-c4096-calendar,2,15,2021-07-13,1,0.010416666666666666,False,79.0,87.30667114257812,8.306671142578125,8.306671142578125,2021-07-13 00:00:00,2021-07-13 00:00:00,0.0,0.0
D1,F6-2-c4096-calendar,2,15,2021-07-17,69,0.71875,False,88.0,99.81871795654297,11.818717956542969,11.818717956542969,2021-07-17 07:15:00,2021-07-17 06:45:00,-30.0,30.0
D1,F6-2-c4096-calendar,2,15,2021-07-18,84,0.875,False,28.0,25.628921508789062,-2.3710784912109375,2.3710784912109375,2021-07-18 01:15:00,2021-07-18 11:30:00,615.0,615.0
D1,F6-2-c4096-calendar,2,15,2021-07-26,84,0.875,False,217.0,194.15916442871094,-22.840835571289062,22.840835571289062,2021-07-26 08:30:00,2021-07-26 11:45:00,195.0,195.0
D1,F6-2-c4096-calendar,2,15,2021-07-27,84,0.875,False,211.0,195.0989532470703,-15.901046752929688,15.901046752929688,2021-07-27 11:45:00,2021-07-27 11:45:00,0.0,0.0
D1,F6-2-c4096-calendar,2,15,2021-07-28,84,0.875,False,212.0,209.3463134765625,-2.6536865234375,2.6536865234375,2021-07-28 12:00:00,2021-07-28 11:45:00,-15.0,15.0
D1,F6-2-c4096-calendar,2,15,2021-07-29,84,0.875,False,211.0,200.77890014648438,-10.221099853515625,10.221099853515625,2021-07-29 12:00:00,2021-07-29 11:45:00,-15.0,15.0
D1,F6-2-c4096-calendar,2,15,2021-07-30,84,0.875,False,212.0,203.64483642578125,-8.35516357421875,8.35516357421875,2021-07-30 12:00:00,2021-07-30 11:30:00,-30.0,30.0
D1,F6-2-c4096-calendar,2,15,2021-07-31,96,1.0,True,80.0,109.24573516845703,29.24573516845703,29.24573516845703,2021-07-31 00:00:00,2021-07-31 01:45:00,105.0,105.0
D1,F6-2-c4096-calendar,2,15,2021-08-01,96,1.0,True,28.0,25.30120849609375,-2.69879150390625,2.69879150390625,2021-08-01 09:00:00,2021-08-01 01:45:00,-435.0,435.0
D1,F6-2-c4096-calendar,2,15,2021-08-09,39,0.40625,False,215.0,152.18408203125,-62.81591796875,62.81591796875,2021-08-09 08:45:00,2021-08-09 09:00:00,15.0,15.0
D1,F6-2-c4096-calendar,2,16,2021-07-12,96,1.0,True,198.0,186.55044555664062,-11.449554443359375,11.449554443359375,2021-07-12 08:45:00,2021-07-12 14:00:00,315.0,315.0
D1,F6-2-c4096-calendar,2,16,2021-07-13,1,0.010416666666666666,False,79.0,86.47431945800781,7.4743194580078125,7.4743194580078125,2021-07-13 00:00:00,2021-07-13 00:00:00,0.0,0.0
D1,F6-2-c4096-calendar,2,16,2021-07-17,68,0.7083333333333334,False,88.0,94.29319763183594,6.2931976318359375,6.2931976318359375,2021-07-17 07:15:00,2021-07-17 07:00:00,-15.0,15.0
D1,F6-2-c4096-calendar,2,16,2021-07-18,84,0.875,False,28.0,25.520904541015625,-2.479095458984375,2.479095458984375,2021-07-18 01:15:00,2021-07-18 11:45:00,630.0,630.0
D1,F6-2-c4096-calendar,2,16,2021-07-26,84,0.875,False,217.0,194.9776611328125,-22.0223388671875,22.0223388671875,2021-07-26 08:30:00,2021-07-26 08:45:00,15.0,15.0
D1,F6-2-c4096-calendar,2,16,2021-07-27,84,0.875,False,211.0,195.82855224609375,-15.17144775390625,15.17144775390625,2021-07-27 11:45:00,2021-07-27 11:45:00,0.0,0.0
D1,F6-2-c4096-calendar,2,16,2021-07-28,84,0.875,False,212.0,208.8716278076172,-3.1283721923828125,3.1283721923828125,2021-07-28 12:00:00,2021-07-28 11:45:00,-15.0,15.0
D1,F6-2-c4096-calendar,2,16,2021-07-29,84,0.875,False,211.0,202.0284423828125,-8.9715576171875,8.9715576171875,2021-07-29 12:00:00,2021-07-29 11:45:00,-15.0,15.0
D1,F6-2-c4096-calendar,2,16,2021-07-30,84,0.875,False,212.0,206.08493041992188,-5.915069580078125,5.915069580078125,2021-07-30 12:00:00,2021-07-30 11:45:00,-15.0,15.0
D1,F6-2-c4096-calendar,2,16,2021-07-31,96,1.0,True,80.0,108.14202117919922,28.14202117919922,28.14202117919922,2021-07-31 00:00:00,2021-07-31 01:45:00,105.0,105.0
D1,F6-2-c4096-calendar,2,16,2021-08-01,96,1.0,True,28.0,24.90111541748047,-3.0988845825195312,3.0988845825195312,2021-08-01 09:00:00,2021-08-01 02:00:00,-420.0,420.0
D1,F6-2-c4096-calendar,2,16,2021-08-09,39,0.40625,False,215.0,141.95895385742188,-73.04104614257812,73.04104614257812,2021-08-09 08:45:00,2021-08-09 09:15:00,30.0,30.0
D2,F6-2-c4096-calendar,0,4,2021-04-19,96,1.0,True,172.0,175.6115264892578,3.6115264892578125,3.6115264892578125,2021-04-19 08:45:00,2021-04-19 09:00:00,15.0,15.0
D2,F6-2-c4096-calendar,0,4,2021-04-20,96,1.0,True,172.0,171.69100952148438,-0.308990478515625,0.308990478515625,2021-04-20 08:45:00,2021-04-20 09:00:00,15.0,15.0
D2,F6-2-c4096-calendar,0,4,2021-04-21,96,1.0,True,174.0,173.9468994140625,-0.0531005859375,0.0531005859375,2021-04-21 08:30:00,2021-04-21 09:00:00,30.0,30.0
D2,F6-2-c4096-calendar,0,4,2021-04-22,96,1.0,True,174.0,168.87924194335938,-5.120758056640625,5.120758056640625,2021-04-22 08:30:00,2021-04-22 08:30:00,0.0,0.0
D2,F6-2-c4096-calendar,0,4,2021-04-23,96,1.0,True,174.0,171.54962158203125,-2.45037841796875,2.45037841796875,2021-04-23 08:30:00,2021-04-23 08:30:00,0.0,0.0
D2,F6-2-c4096-calendar,0,4,2021-04-24,96,1.0,True,112.0,108.4310073852539,-3.5689926147460938,3.5689926147460938,2021-04-24 06:15:00,2021-04-24 04:30:00,-105.0,105.0
D2,F6-2-c4096-calendar,0,4,2021-04-25,96,1.0,True,25.0,29.92388916015625,4.92388916015625,4.92388916015625,2021-04-25 01:30:00,2021-04-25 00:45:00,-45.0,45.0
D2,F6-2-c4096-calendar,0,4,2021-05-03,96,1.0,True,184.0,169.1590576171875,-14.8409423828125,14.8409423828125,2021-05-03 08:30:00,2021-05-03 15:00:00,390.0,390.0
D2,F6-2-c4096-calendar,0,4,2021-05-04,96,1.0,True,181.0,170.91429138183594,-10.085708618164062,10.085708618164062,2021-05-04 08:30:00,2021-05-04 08:30:00,0.0,0.0
D2,F6-2-c4096-calendar,0,4,2021-05-05,96,1.0,True,120.0,154.82684326171875,34.82684326171875,34.82684326171875,2021-05-05 04:15:00,2021-05-05 08:30:00,255.0,255.0
D2,F6-2-c4096-calendar,0,4,2021-05-06,96,1.0,True,199.0,180.3358612060547,-18.664138793945312,18.664138793945312,2021-05-06 09:00:00,2021-05-06 11:00:00,120.0,120.0
D2,F6-2-c4096-calendar,0,4,2021-05-07,96,1.0,True,181.0,174.97116088867188,-6.028839111328125,6.028839111328125,2021-05-07 09:00:00,2021-05-07 08:30:00,-30.0,30.0
D2,F6-2-c4096-calendar,0,4,2021-05-08,96,1.0,True,115.0,108.8816909790039,-6.118309020996094,6.118309020996094,2021-05-08 02:00:00,2021-05-08 06:15:00,255.0,255.0
D2,F6-2-c4096-calendar,0,4,2021-05-09,96,1.0,True,184.0,168.60015869140625,-15.39984130859375,15.39984130859375,2021-05-09 09:00:00,2021-05-09 09:45:00,45.0,45.0
D2,F6-2-c4096-calendar,0,5,2021-04-19,96,1.0,True,172.0,173.31069946289062,1.310699462890625,1.310699462890625,2021-04-19 08:45:00,2021-04-19 13:15:00,270.0,270.0
D2,F6-2-c4096-calendar,0,5,2021-04-20,96,1.0,True,172.0,170.034912109375,-1.965087890625,1.965087890625,2021-04-20 08:45:00,2021-04-20 08:45:00,0.0,0.0
D2,F6-2-c4096-calendar,0,5,2021-04-21,96,1.0,True,174.0,172.81854248046875,-1.18145751953125,1.18145751953125,2021-04-21 08:30:00,2021-04-21 09:00:00,30.0,30.0
D2,F6-2-c4096-calendar,0,5,2021-04-22,96,1.0,True,174.0,168.17312622070312,-5.826873779296875,5.826873779296875,2021-04-22 08:30:00,2021-04-22 08:30:00,0.0,0.0
D2,F6-2-c4096-calendar,0,5,2021-04-23,96,1.0,True,174.0,171.3683624267578,-2.6316375732421875,2.6316375732421875,2021-04-23 08:30:00,2021-04-23 10:45:00,135.0,135.0
D2,F6-2-c4096-calendar,0,5,2021-04-24,96,1.0,True,112.0,107.35118865966797,-4.648811340332031,4.648811340332031,2021-04-24 06:15:00,2021-04-24 06:15:00,0.0,0.0
D2,F6-2-c4096-calendar,0,5,2021-04-25,96,1.0,True,25.0,30.02124786376953,5.021247863769531,5.021247863769531,2021-04-25 01:30:00,2021-04-25 01:00:00,-30.0,30.0
D2,F6-2-c4096-calendar,0,5,2021-05-03,96,1.0,True,184.0,171.4775390625,-12.5224609375,12.5224609375,2021-05-03 08:30:00,2021-05-03 15:30:00,420.0,420.0
D2,F6-2-c4096-calendar,0,5,2021-05-04,96,1.0,True,181.0,169.85101318359375,-11.14898681640625,11.14898681640625,2021-05-04 08:30:00,2021-05-04 08:30:00,0.0,0.0
D2,F6-2-c4096-calendar,0,5,2021-05-05,96,1.0,True,120.0,165.02589416503906,45.02589416503906,45.02589416503906,2021-05-05 04:15:00,2021-05-05 08:30:00,255.0,255.0
D2,F6-2-c4096-calendar,0,5,2021-05-06,96,1.0,True,199.0,181.76126098632812,-17.238739013671875,17.238739013671875,2021-05-06 09:00:00,2021-05-06 11:45:00,165.0,165.0
D2,F6-2-c4096-calendar,0,5,2021-05-07,96,1.0,True,181.0,172.80419921875,-8.19580078125,8.19580078125,2021-05-07 09:00:00,2021-05-07 08:30:00,-30.0,30.0
D2,F6-2-c4096-calendar,0,5,2021-05-08,96,1.0,True,115.0,107.42195129394531,-7.5780487060546875,7.5780487060546875,2021-05-08 02:00:00,2021-05-08 06:15:00,255.0,255.0
D2,F6-2-c4096-calendar,0,5,2021-05-09,96,1.0,True,184.0,166.12246704101562,-17.877532958984375,17.877532958984375,2021-05-09 09:00:00,2021-05-09 10:00:00,60.0,60.0
D2,F6-2-c4096-calendar,0,6,2021-04-19,96,1.0,True,172.0,172.23095703125,0.23095703125,0.23095703125,2021-04-19 08:45:00,2021-04-19 13:15:00,270.0,270.0
D2,F6-2-c4096-calendar,0,6,2021-04-20,96,1.0,True,172.0,169.2543487548828,-2.7456512451171875,2.7456512451171875,2021-04-20 08:45:00,2021-04-20 08:45:00,0.0,0.0
D2,F6-2-c4096-calendar,0,6,2021-04-21,96,1.0,True,174.0,172.87301635742188,-1.126983642578125,1.126983642578125,2021-04-21 08:30:00,2021-04-21 08:30:00,0.0,0.0
D2,F6-2-c4096-calendar,0,6,2021-04-22,96,1.0,True,174.0,169.76699829101562,-4.233001708984375,4.233001708984375,2021-04-22 08:30:00,2021-04-22 08:30:00,0.0,0.0
D2,F6-2-c4096-calendar,0,6,2021-04-23,96,1.0,True,174.0,171.5583038330078,-2.4416961669921875,2.4416961669921875,2021-04-23 08:30:00,2021-04-23 08:30:00,0.0,0.0
D2,F6-2-c4096-calendar,0,6,2021-04-24,96,1.0,True,112.0,108.62458801269531,-3.3754119873046875,3.3754119873046875,2021-04-24 06:15:00,2021-04-24 06:15:00,0.0,0.0
D2,F6-2-c4096-calendar,0,6,2021-04-25,96,1.0,True,25.0,40.48200225830078,15.482002258300781,15.482002258300781,2021-04-25 01:30:00,2021-04-25 01:15:00,-15.0,15.0
D2,F6-2-c4096-calendar,0,6,2021-05-03,96,1.0,True,184.0,170.82919311523438,-13.170806884765625,13.170806884765625,2021-05-03 08:30:00,2021-05-03 15:45:00,435.0,435.0
D2,F6-2-c4096-calendar,0,6,2021-05-04,96,1.0,True,181.0,171.82412719726562,-9.175872802734375,9.175872802734375,2021-05-04 08:30:00,2021-05-04 08:30:00,0.0,0.0
D2,F6-2-c4096-calendar,0,6,2021-05-05,96,1.0,True,120.0,169.22471618652344,49.22471618652344,49.22471618652344,2021-05-05 04:15:00,2021-05-05 08:30:00,255.0,255.0
D2,F6-2-c4096-calendar,0,6,2021-05-06,96,1.0,True,199.0,180.89956665039062,-18.100433349609375,18.100433349609375,2021-05-06 09:00:00,2021-05-06 13:15:00,255.0,255.0
D2,F6-2-c4096-calendar,0,6,2021-05-07,96,1.0,True,181.0,172.30645751953125,-8.69354248046875,8.69354248046875,2021-05-07 09:00:00,2021-05-07 08:30:00,-30.0,30.0
D2,F6-2-c4096-calendar,0,6,2021-05-08,96,1.0,True,115.0,109.32302856445312,-5.676971435546875,5.676971435546875,2021-05-08 02:00:00,2021-05-08 06:15:00,255.0,255.0
D2,F6-2-c4096-calendar,0,6,2021-05-09,96,1.0,True,184.0,165.63906860351562,-18.360931396484375,18.360931396484375,2021-05-09 09:00:00,2021-05-09 13:15:00,255.0,255.0
D2,F6-2-c4096-calendar,0,7,2021-04-19,96,1.0,True,172.0,171.26376342773438,-0.736236572265625,0.736236572265625,2021-04-19 08:45:00,2021-04-19 13:15:00,270.0,270.0
D2,F6-2-c4096-calendar,0,7,2021-04-20,96,1.0,True,172.0,169.75091552734375,-2.24908447265625,2.24908447265625,2021-04-20 08:45:00,2021-04-20 09:00:00,15.0,15.0
D2,F6-2-c4096-calendar,0,7,2021-04-21,96,1.0,True,174.0,172.19570922851562,-1.804290771484375,1.804290771484375,2021-04-21 08:30:00,2021-04-21 09:00:00,30.0,30.0
D2,F6-2-c4096-calendar,0,7,2021-04-22,96,1.0,True,174.0,168.16226196289062,-5.837738037109375,5.837738037109375,2021-04-22 08:30:00,2021-04-22 08:30:00,0.0,0.0
D2,F6-2-c4096-calendar,0,7,2021-04-23,96,1.0,True,174.0,170.07887268066406,-3.9211273193359375,3.9211273193359375,2021-04-23 08:30:00,2021-04-23 08:30:00,0.0,0.0
D2,F6-2-c4096-calendar,0,7,2021-04-24,96,1.0,True,112.0,105.98992919921875,-6.01007080078125,6.01007080078125,2021-04-24 06:15:00,2021-04-24 06:15:00,0.0,0.0
D2,F6-2-c4096-calendar,0,7,2021-04-25,96,1.0,True,25.0,43.97016906738281,18.970169067382812,18.970169067382812,2021-04-25 01:30:00,2021-04-25 01:30:00,0.0,0.0
D2,F6-2-c4096-calendar,0,7,2021-05-03,96,1.0,True,184.0,168.39170837402344,-15.608291625976562,15.608291625976562,2021-05-03 08:30:00,2021-05-03 16:00:00,450.0,450.0
D2,F6-2-c4096-calendar,0,7,2021-05-04,96,1.0,True,181.0,169.8856658935547,-11.114334106445312,11.114334106445312,2021-05-04 08:30:00,2021-05-04 08:30:00,0.0,0.0
D2,F6-2-c4096-calendar,0,7,2021-05-05,96,1.0,True,120.0,168.3848876953125,48.3848876953125,48.3848876953125,2021-05-05 04:15:00,2021-05-05 08:30:00,255.0,255.0
D2,F6-2-c4096-calendar,0,7,2021-05-06,96,1.0,True,199.0,180.9954833984375,-18.0045166015625,18.0045166015625,2021-05-06 09:00:00,2021-05-06 13:15:00,255.0,255.0
D2,F6-2-c4096-calendar,0,7,2021-05-07,96,1.0,True,181.0,170.99822998046875,-10.00177001953125,10.00177001953125,2021-05-07 09:00:00,2021-05-07 11:00:00,120.0,120.0
D2,F6-2-c4096-calendar,0,7,2021-05-08,96,1.0,True,115.0,110.13771057128906,-4.8622894287109375,4.8622894287109375,2021-05-08 02:00:00,2021-05-08 06:15:00,255.0,255.0
D2,F6-2-c4096-calendar,0,7,2021-05-09,96,1.0,True,184.0,165.38491821289062,-18.615081787109375,18.615081787109375,2021-05-09 09:00:00,2021-05-09 13:30:00,270.0,270.0
D2,F6-2-c4096-calendar,0,8,2021-04-19,96,1.0,True,172.0,172.15524291992188,0.155242919921875,0.155242919921875,2021-04-19 08:45:00,2021-04-19 13:15:00,270.0,270.0
D2,F6-2-c4096-calendar,0,8,2021-04-20,96,1.0,True,172.0,167.00955200195312,-4.990447998046875,4.990447998046875,2021-04-20 08:45:00,2021-04-20 09:15:00,30.0,30.0
D2,F6-2-c4096-calendar,0,8,2021-04-21,96,1.0,True,174.0,173.49749755859375,-0.50250244140625,0.50250244140625,2021-04-21 08:30:00,2021-04-21 09:00:00,30.0,30.0
D2,F6-2-c4096-calendar,0,8,2021-04-22,96,1.0,True,174.0,170.60609436035156,-3.3939056396484375,3.3939056396484375,2021-04-22 08:30:00,2021-04-22 08:30:00,0.0,0.0
D2,F6-2-c4096-calendar,0,8,2021-04-23,96,1.0,True,174.0,171.91891479492188,-2.081085205078125,2.081085205078125,2021-04-23 08:30:00,2021-04-23 08:30:00,0.0,0.0
D2,F6-2-c4096-calendar,0,8,2021-04-24,96,1.0,True,112.0,107.67304992675781,-4.3269500732421875,4.3269500732421875,2021-04-24 06:15:00,2021-04-24 06:15:00,0.0,0.0
D2,F6-2-c4096-calendar,0,8,2021-04-25,96,1.0,True,25.0,41.985103607177734,16.985103607177734,16.985103607177734,2021-04-25 01:30:00,2021-04-25 01:45:00,15.0,15.0
D2,F6-2-c4096-calendar,0,8,2021-05-03,96,1.0,True,184.0,166.76864624023438,-17.231353759765625,17.231353759765625,2021-05-03 08:30:00,2021-05-03 11:15:00,165.0,165.0
D2,F6-2-c4096-calendar,0,8,2021-05-04,96,1.0,True,181.0,170.93563842773438,-10.064361572265625,10.064361572265625,2021-05-04 08:30:00,2021-05-04 08:30:00,0.0,0.0
D2,F6-2-c4096-calendar,0,8,2021-05-05,96,1.0,True,120.0,171.84909057617188,51.849090576171875,51.849090576171875,2021-05-05 04:15:00,2021-05-05 08:30:00,255.0,255.0
D2,F6-2-c4096-calendar,0,8,2021-05-06,96,1.0,True,199.0,183.912841796875,-15.087158203125,15.087158203125,2021-05-06 09:00:00,2021-05-06 12:00:00,180.0,180.0
D2,F6-2-c4096-calendar,0,8,2021-05-07,96,1.0,True,181.0,172.62957763671875,-8.37042236328125,8.37042236328125,2021-05-07 09:00:00,2021-05-07 08:30:00,-30.0,30.0
D2,F6-2-c4096-calendar,0,8,2021-05-08,96,1.0,True,115.0,110.93614196777344,-4.0638580322265625,4.0638580322265625,2021-05-08 02:00:00,2021-05-08 06:15:00,255.0,255.0
D2,F6-2-c4096-calendar,0,8,2021-05-09,96,1.0,True,184.0,164.284423828125,-19.715576171875,19.715576171875,2021-05-09 09:00:00,2021-05-09 13:45:00,285.0,285.0
D2,F6-2-c4096-calendar,0,9,2021-04-19,96,1.0,True,172.0,169.93321228027344,-2.0667877197265625,2.0667877197265625,2021-04-19 08:45:00,2021-04-19 13:30:00,285.0,285.0
D2,F6-2-c4096-calendar,0,9,2021-04-20,96,1.0,True,172.0,163.8505401611328,-8.149459838867188,8.149459838867188,2021-04-20 08:45:00,2021-04-20 09:30:00,45.0,45.0
D2,F6-2-c4096-calendar,0,9,2021-04-21,96,1.0,True,174.0,170.7737579345703,-3.2262420654296875,3.2262420654296875,2021-04-21 08:30:00,2021-04-21 09:00:00,30.0,30.0
D2,F6-2-c4096-calendar,0,9,2021-04-22,96,1.0,True,174.0,169.31591796875,-4.68408203125,4.68408203125,2021-04-22 08:30:00,2021-04-22 08:30:00,0.0,0.0
D2,F6-2-c4096-calendar,0,9,2021-04-23,96,1.0,True,174.0,171.40545654296875,-2.59454345703125,2.59454345703125,2021-04-23 08:30:00,2021-04-23 08:30:00,0.0,0.0
D2,F6-2-c4096-calendar,0,9,2021-04-24,96,1.0,True,112.0,107.65296173095703,-4.347038269042969,4.347038269042969,2021-04-24 06:15:00,2021-04-24 06:15:00,0.0,0.0
D2,F6-2-c4096-calendar,0,9,2021-04-25,96,1.0,True,25.0,41.163047790527344,16.163047790527344,16.163047790527344,2021-04-25 01:30:00,2021-04-25 02:00:00,30.0,30.0
D2,F6-2-c4096-calendar,0,9,2021-05-03,96,1.0,True,184.0,166.61798095703125,-17.38201904296875,17.38201904296875,2021-05-03 08:30:00,2021-05-03 11:45:00,195.0,195.0
D2,F6-2-c4096-calendar,0,9,2021-05-04,96,1.0,True,181.0,171.05349731445312,-9.946502685546875,9.946502685546875,2021-05-04 08:30:00,2021-05-04 08:30:00,0.0,0.0
D2,F6-2-c4096-calendar,0,9,2021-05-05,96,1.0,True,120.0,170.93612670898438,50.936126708984375,50.936126708984375,2021-05-05 04:15:00,2021-05-05 08:30:00,255.0,255.0
D2,F6-2-c4096-calendar,0,9,2021-05-06,96,1.0,True,199.0,181.95785522460938,-17.042144775390625,17.042144775390625,2021-05-06 09:00:00,2021-05-06 12:00:00,180.0,180.0
D2,F6-2-c4096-calendar,0,9,2021-05-07,96,1.0,True,181.0,172.71090698242188,-8.289093017578125,8.289093017578125,2021-05-07 09:00:00,2021-05-07 08:30:00,-30.0,30.0
D2,F6-2-c4096-calendar,0,9,2021-05-08,96,1.0,True,115.0,108.11653137207031,-6.8834686279296875,6.8834686279296875,2021-05-08 02:00:00,2021-05-08 06:30:00,270.0,270.0
D2,F6-2-c4096-calendar,0,9,2021-05-09,96,1.0,True,184.0,162.10250854492188,-21.897491455078125,21.897491455078125,2021-05-09 09:00:00,2021-05-09 13:30:00,270.0,270.0
D2,F6-2-c4096-calendar,0,10,2021-04-19,96,1.0,True,172.0,173.806396484375,1.806396484375,1.806396484375,2021-04-19 08:45:00,2021-04-19 13:15:00,270.0,270.0
D2,F6-2-c4096-calendar,0,10,2021-04-20,96,1.0,True,172.0,164.89434814453125,-7.10565185546875,7.10565185546875,2021-04-20 08:45:00,2021-04-20 09:45:00,60.0,60.0
D2,F6-2-c4096-calendar,0,10,2021-04-21,96,1.0,True,174.0,174.3447265625,0.3447265625,0.3447265625,2021-04-21 08:30:00,2021-04-21 09:00:00,30.0,30.0
D2,F6-2-c4096-calendar,0,10,2021-04-22,96,1.0,True,174.0,166.7747802734375,-7.2252197265625,7.2252197265625,2021-04-22 08:30:00,2021-04-22 08:30:00,0.0,0.0
D2,F6-2-c4096-calendar,0,10,2021-04-23,96,1.0,True,174.0,173.1022491455078,-0.8977508544921875,0.8977508544921875,2021-04-23 08:30:00,2021-04-23 08:30:00,0.0,0.0
D2,F6-2-c4096-calendar,0,10,2021-04-24,96,1.0,True,112.0,110.51860809326172,-1.4813919067382812,1.4813919067382812,2021-04-24 06:15:00,2021-04-24 06:15:00,0.0,0.0
D2,F6-2-c4096-calendar,0,10,2021-04-25,96,1.0,True,25.0,38.66219711303711,13.66219711303711,13.66219711303711,2021-04-25 01:30:00,2021-04-25 02:15:00,45.0,45.0
D2,F6-2-c4096-calendar,0,10,2021-05-03,96,1.0,True,184.0,166.7787322998047,-17.221267700195312,17.221267700195312,2021-05-03 08:30:00,2021-05-03 11:45:00,195.0,195.0
D2,F6-2-c4096-calendar,0,10,2021-05-04,96,1.0,True,181.0,169.36276245117188,-11.637237548828125,11.637237548828125,2021-05-04 08:30:00,2021-05-04 08:30:00,0.0,0.0
D2,F6-2-c4096-calendar,0,10,2021-05-05,96,1.0,True,120.0,172.68304443359375,52.68304443359375,52.68304443359375,2021-05-05 04:15:00,2021-05-05 08:30:00,255.0,255.0
D2,F6-2-c4096-calendar,0,10,2021-05-06,96,1.0,True,199.0,181.0950469970703,-17.904953002929688,17.904953002929688,2021-05-06 09:00:00,2021-05-06 13:30:00,270.0,270.0
D2,F6-2-c4096-calendar,0,10,2021-05-07,96,1.0,True,181.0,171.00018310546875,-9.99981689453125,9.99981689453125,2021-05-07 09:00:00,2021-05-07 08:30:00,-30.0,30.0
D2,F6-2-c4096-calendar,0,10,2021-05-08,96,1.0,True,115.0,112.88880157470703,-2.1111984252929688,2.1111984252929688,2021-05-08 02:00:00,2021-05-08 06:15:00,255.0,255.0
D2,F6-2-c4096-calendar,0,10,2021-05-09,96,1.0,True,184.0,164.1802978515625,-19.8197021484375,19.8197021484375,2021-05-09 09:00:00,2021-05-09 13:45:00,285.0,285.0
D2,F6-2-c4096-calendar,0,11,2021-04-19,96,1.0,True,172.0,170.98480224609375,-1.01519775390625,1.01519775390625,2021-04-19 08:45:00,2021-04-19 13:30:00,285.0,285.0
D2,F6-2-c4096-calendar,0,11,2021-04-20,96,1.0,True,172.0,161.05068969726562,-10.949310302734375,10.949310302734375,2021-04-20 08:45:00,2021-04-20 10:00:00,75.0,75.0
D2,F6-2-c4096-calendar,0,11,2021-04-21,96,1.0,True,174.0,173.92922973632812,-0.070770263671875,0.070770263671875,2021-04-21 08:30:00,2021-04-21 09:00:00,30.0,30.0
D2,F6-2-c4096-calendar,0,11,2021-04-22,96,1.0,True,174.0,165.9593505859375,-8.0406494140625,8.0406494140625,2021-04-22 08:30:00,2021-04-22 08:30:00,0.0,0.0
D2,F6-2-c4096-calendar,0,11,2021-04-23,96,1.0,True,174.0,169.263427734375,-4.736572265625,4.736572265625,2021-04-23 08:30:00,2021-04-23 08:30:00,0.0,0.0
D2,F6-2-c4096-calendar,0,11,2021-04-24,96,1.0,True,112.0,108.58167266845703,-3.4183273315429688,3.4183273315429688,2021-04-24 06:15:00,2021-04-24 06:15:00,0.0,0.0
D2,F6-2-c4096-calendar,0,11,2021-04-25,96,1.0,True,25.0,37.033668518066406,12.033668518066406,12.033668518066406,2021-04-25 01:30:00,2021-04-25 02:30:00,60.0,60.0
D2,F6-2-c4096-calendar,0,11,2021-05-03,96,1.0,True,184.0,166.17617797851562,-17.823822021484375,17.823822021484375,2021-05-03 08:30:00,2021-05-03 12:00:00,210.0,210.0
D2,F6-2-c4096-calendar,0,11,2021-05-04,96,1.0,True,181.0,169.25535583496094,-11.744644165039062,11.744644165039062,2021-05-04 08:30:00,2021-05-04 08:30:00,0.0,0.0
D2,F6-2-c4096-calendar,0,11,2021-05-05,96,1.0,True,120.0,173.15188598632812,53.151885986328125,53.151885986328125,2021-05-05 04:15:00,2021-05-05 08:30:00,255.0,255.0
D2,F6-2-c4096-calendar,0,11,2021-05-06,96,1.0,True,199.0,183.0422821044922,-15.957717895507812,15.957717895507812,2021-05-06 09:00:00,2021-05-06 13:15:00,255.0,255.0
D2,F6-2-c4096-calendar,0,11,2021-05-07,96,1.0,True,181.0,170.69110107421875,-10.30889892578125,10.30889892578125,2021-05-07 09:00:00,2021-05-07 08:30:00,-30.0,30.0
D2,F6-2-c4096-calendar,0,11,2021-05-08,96,1.0,True,115.0,110.58502197265625,-4.41497802734375,4.41497802734375,2021-05-08 02:00:00,2021-05-08 06:15:00,255.0,255.0
D2,F6-2-c4096-calendar,0,11,2021-05-09,96,1.0,True,184.0,160.6492919921875,-23.3507080078125,23.3507080078125,2021-05-09 09:00:00,2021-05-09 13:45:00,285.0,285.0
D2,F6-2-c4096-calendar,0,12,2021-04-19,96,1.0,True,172.0,172.43948364257812,0.439483642578125,0.439483642578125,2021-04-19 08:45:00,2021-04-19 13:15:00,270.0,270.0
D2,F6-2-c4096-calendar,0,12,2021-04-20,96,1.0,True,172.0,162.86959838867188,-9.130401611328125,9.130401611328125,2021-04-20 08:45:00,2021-04-20 11:45:00,180.0,180.0
D2,F6-2-c4096-calendar,0,12,2021-04-21,96,1.0,True,174.0,173.54408264160156,-0.4559173583984375,0.4559173583984375,2021-04-21 08:30:00,2021-04-21 09:00:00,30.0,30.0
D2,F6-2-c4096-calendar,0,12,2021-04-22,96,1.0,True,174.0,165.92294311523438,-8.077056884765625,8.077056884765625,2021-04-22 08:30:00,2021-04-22 10:30:00,120.0,120.0
D2,F6-2-c4096-calendar,0,12,2021-04-23,96,1.0,True,174.0,169.76828002929688,-4.231719970703125,4.231719970703125,2021-04-23 08:30:00,2021-04-23 10:45:00,135.0,135.0
D2,F6-2-c4096-calendar,0,12,2021-04-24,96,1.0,True,112.0,108.54715728759766,-3.4528427124023438,3.4528427124023438,2021-04-24 06:15:00,2021-04-24 04:45:00,-90.0,90.0
D2,F6-2-c4096-calendar,0,12,2021-04-25,96,1.0,True,25.0,36.354732513427734,11.354732513427734,11.354732513427734,2021-04-25 01:30:00,2021-04-25 02:45:00,75.0,75.0
D2,F6-2-c4096-calendar,0,12,2021-05-03,96,1.0,True,184.0,164.49945068359375,-19.50054931640625,19.50054931640625,2021-05-03 08:30:00,2021-05-03 11:45:00,195.0,195.0
D2,F6-2-c4096-calendar,0,12,2021-05-04,96,1.0,True,181.0,170.205810546875,-10.794189453125,10.794189453125,2021-05-04 08:30:00,2021-05-04 13:15:00,285.0,285.0
D2,F6-2-c4096-calendar,0,12,2021-05-05,96,1.0,True,120.0,172.17938232421875,52.17938232421875,52.17938232421875,2021-05-05 04:15:00,2021-05-05 08:30:00,255.0,255.0
D2,F6-2-c4096-calendar,0,12,2021-05-06,96,1.0,True,199.0,185.76605224609375,-13.23394775390625,13.23394775390625,2021-05-06 09:00:00,2021-05-06 13:15:00,255.0,255.0
D2,F6-2-c4096-calendar,0,12,2021-05-07,96,1.0,True,181.0,170.79232788085938,-10.207672119140625,10.207672119140625,2021-05-07 09:00:00,2021-05-07 08:30:00,-30.0,30.0
D2,F6-2-c4096-calendar,0,12,2021-05-08,96,1.0,True,115.0,109.37516784667969,-5.6248321533203125,5.6248321533203125,2021-05-08 02:00:00,2021-05-08 06:30:00,270.0,270.0
D2,F6-2-c4096-calendar,0,12,2021-05-09,96,1.0,True,184.0,159.49972534179688,-24.500274658203125,24.500274658203125,2021-05-09 09:00:00,2021-05-09 11:45:00,165.0,165.0
D2,F6-2-c4096-calendar,0,13,2021-04-19,96,1.0,True,172.0,168.90704345703125,-3.09295654296875,3.09295654296875,2021-04-19 08:45:00,2021-04-19 13:30:00,285.0,285.0
D2,F6-2-c4096-calendar,0,13,2021-04-20,96,1.0,True,172.0,164.8492431640625,-7.1507568359375,7.1507568359375,2021-04-20 08:45:00,2021-04-20 11:00:00,135.0,135.0
D2,F6-2-c4096-calendar,0,13,2021-04-21,96,1.0,True,174.0,170.48660278320312,-3.513397216796875,3.513397216796875,2021-04-21 08:30:00,2021-04-21 09:00:00,30.0,30.0
D2,F6-2-c4096-calendar,0,13,2021-04-22,96,1.0,True,174.0,167.435302734375,-6.564697265625,6.564697265625,2021-04-22 08:30:00,2021-04-22 10:30:00,120.0,120.0
D2,F6-2-c4096-calendar,0,13,2021-04-23,96,1.0,True,174.0,170.3579559326172,-3.6420440673828125,3.6420440673828125,2021-04-23 08:30:00,2021-04-23 10:30:00,120.0,120.0
D2,F6-2-c4096-calendar,0,13,2021-04-24,96,1.0,True,112.0,109.6870346069336,-2.3129653930664062,2.3129653930664062,2021-04-24 06:15:00,2021-04-24 04:45:00,-90.0,90.0
D2,F6-2-c4096-calendar,0,13,2021-04-25,96,1.0,True,25.0,35.97727966308594,10.977279663085938,10.977279663085938,2021-04-25 01:30:00,2021-04-25 03:00:00,90.0,90.0
D2,F6-2-c4096-calendar,0,13,2021-05-03,96,1.0,True,184.0,164.74301147460938,-19.256988525390625,19.256988525390625,2021-05-03 08:30:00,2021-05-03 09:00:00,30.0,30.0
D2,F6-2-c4096-calendar,0,13,2021-05-04,96,1.0,True,181.0,168.0488739013672,-12.951126098632812,12.951126098632812,2021-05-04 08:30:00,2021-05-04 13:45:00,315.0,315.0
D2,F6-2-c4096-calendar,0,13,2021-05-05,96,1.0,True,120.0,169.35113525390625,49.35113525390625,49.35113525390625,2021-05-05 04:15:00,2021-05-05 09:00:00,285.0,285.0
D2,F6-2-c4096-calendar,0,13,2021-05-06,96,1.0,True,199.0,182.27862548828125,-16.72137451171875,16.72137451171875,2021-05-06 09:00:00,2021-05-06 13:45:00,285.0,285.0
D2,F6-2-c4096-calendar,0,13,2021-05-07,96,1.0,True,181.0,169.2467498779297,-11.753250122070312,11.753250122070312,2021-05-07 09:00:00,2021-05-07 11:00:00,120.0,120.0
D2,F6-2-c4096-calendar,0,13,2021-05-08,96,1.0,True,115.0,110.23341369628906,-4.7665863037109375,4.7665863037109375,2021-05-08 02:00:00,2021-05-08 06:15:00,255.0,255.0
D2,F6-2-c4096-calendar,0,13,2021-05-09,96,1.0,True,184.0,159.61427307128906,-24.385726928710938,24.385726928710938,2021-05-09 09:00:00,2021-05-09 14:30:00,330.0,330.0
D2,F6-2-c4096-calendar,0,14,2021-04-19,96,1.0,True,172.0,170.99032592773438,-1.009674072265625,1.009674072265625,2021-04-19 08:45:00,2021-04-19 13:15:00,270.0,270.0
D2,F6-2-c4096-calendar,0,14,2021-04-20,96,1.0,True,172.0,166.66983032226562,-5.330169677734375,5.330169677734375,2021-04-20 08:45:00,2021-04-20 11:15:00,150.0,150.0
D2,F6-2-c4096-calendar,0,14,2021-04-21,96,1.0,True,174.0,171.24790954589844,-2.7520904541015625,2.7520904541015625,2021-04-21 08:30:00,2021-04-21 12:00:00,210.0,210.0
D2,F6-2-c4096-calendar,0,14,2021-04-22,96,1.0,True,174.0,167.88998413085938,-6.110015869140625,6.110015869140625,2021-04-22 08:30:00,2021-04-22 10:45:00,135.0,135.0
D2,F6-2-c4096-calendar,0,14,2021-04-23,96,1.0,True,174.0,171.15155029296875,-2.84844970703125,2.84844970703125,2021-04-23 08:30:00,2021-04-23 10:30:00,120.0,120.0
D2,F6-2-c4096-calendar,0,14,2021-04-24,96,1.0,True,112.0,109.46017456054688,-2.539825439453125,2.539825439453125,2021-04-24 06:15:00,2021-04-24 04:45:00,-90.0,90.0
D2,F6-2-c4096-calendar,0,14,2021-04-25,96,1.0,True,25.0,32.333980560302734,7.333980560302734,7.333980560302734,2021-04-25 01:30:00,2021-04-25 03:15:00,105.0,105.0
D2,F6-2-c4096-calendar,0,14,2021-05-03,96,1.0,True,184.0,167.23202514648438,-16.767974853515625,16.767974853515625,2021-05-03 08:30:00,2021-05-03 09:00:00,30.0,30.0
D2,F6-2-c4096-calendar,0,14,2021-05-04,96,1.0,True,181.0,170.02682495117188,-10.973175048828125,10.973175048828125,2021-05-04 08:30:00,2021-05-04 13:15:00,285.0,285.0
D2,F6-2-c4096-calendar,0,14,2021-05-05,96,1.0,True,120.0,172.3443603515625,52.3443603515625,52.3443603515625,2021-05-05 04:15:00,2021-05-05 09:00:00,285.0,285.0
D2,F6-2-c4096-calendar,0,14,2021-05-06,96,1.0,True,199.0,182.69027709960938,-16.309722900390625,16.309722900390625,2021-05-06 09:00:00,2021-05-06 13:45:00,285.0,285.0
D2,F6-2-c4096-calendar,0,14,2021-05-07,96,1.0,True,181.0,170.15179443359375,-10.84820556640625,10.84820556640625,2021-05-07 09:00:00,2021-05-07 08:30:00,-30.0,30.0
D2,F6-2-c4096-calendar,0,14,2021-05-08,96,1.0,True,115.0,109.24000549316406,-5.7599945068359375,5.7599945068359375,2021-05-08 02:00:00,2021-05-08 06:15:00,255.0,255.0
D2,F6-2-c4096-calendar,0,14,2021-05-09,96,1.0,True,184.0,161.6597900390625,-22.3402099609375,22.3402099609375,2021-05-09 09:00:00,2021-05-09 14:45:00,345.0,345.0
D2,F6-2-c4096-calendar,0,15,2021-04-19,96,1.0,True,172.0,168.38525390625,-3.61474609375,3.61474609375,2021-04-19 08:45:00,2021-04-19 13:30:00,285.0,285.0
D2,F6-2-c4096-calendar,0,15,2021-04-20,96,1.0,True,172.0,164.98825073242188,-7.011749267578125,7.011749267578125,2021-04-20 08:45:00,2021-04-20 11:45:00,180.0,180.0
D2,F6-2-c4096-calendar,0,15,2021-04-21,96,1.0,True,174.0,170.71878051757812,-3.281219482421875,3.281219482421875,2021-04-21 08:30:00,2021-04-21 12:00:00,210.0,210.0
D2,F6-2-c4096-calendar,0,15,2021-04-22,96,1.0,True,174.0,166.42630004882812,-7.573699951171875,7.573699951171875,2021-04-22 08:30:00,2021-04-22 08:30:00,0.0,0.0
D2,F6-2-c4096-calendar,0,15,2021-04-23,96,1.0,True,174.0,170.445068359375,-3.554931640625,3.554931640625,2021-04-23 08:30:00,2021-04-23 10:30:00,120.0,120.0
D2,F6-2-c4096-calendar,0,15,2021-04-24,96,1.0,True,112.0,109.72533416748047,-2.2746658325195312,2.2746658325195312,2021-04-24 06:15:00,2021-04-24 04:30:00,-105.0,105.0
D2,F6-2-c4096-calendar,0,15,2021-04-25,96,1.0,True,25.0,35.49631118774414,10.49631118774414,10.49631118774414,2021-04-25 01:30:00,2021-04-25 03:30:00,120.0,120.0
D2,F6-2-c4096-calendar,0,15,2021-05-03,96,1.0,True,184.0,165.9893035888672,-18.010696411132812,18.010696411132812,2021-05-03 08:30:00,2021-05-03 09:15:00,45.0,45.0
D2,F6-2-c4096-calendar,0,15,2021-05-04,96,1.0,True,181.0,168.23899841308594,-12.761001586914062,12.761001586914062,2021-05-04 08:30:00,2021-05-04 08:30:00,0.0,0.0
D2,F6-2-c4096-calendar,0,15,2021-05-05,96,1.0,True,120.0,174.55807495117188,54.558074951171875,54.558074951171875,2021-05-05 04:15:00,2021-05-05 08:30:00,255.0,255.0
D2,F6-2-c4096-calendar,0,15,2021-05-06,96,1.0,True,199.0,181.39024353027344,-17.609756469726562,17.609756469726562,2021-05-06 09:00:00,2021-05-06 13:45:00,285.0,285.0
D2,F6-2-c4096-calendar,0,15,2021-05-07,96,1.0,True,181.0,170.13665771484375,-10.86334228515625,10.86334228515625,2021-05-07 09:00:00,2021-05-07 08:30:00,-30.0,30.0
D2,F6-2-c4096-calendar,0,15,2021-05-08,96,1.0,True,115.0,108.99580383300781,-6.0041961669921875,6.0041961669921875,2021-05-08 02:00:00,2021-05-08 06:15:00,255.0,255.0
D2,F6-2-c4096-calendar,0,15,2021-05-09,96,1.0,True,184.0,156.52804565429688,-27.471954345703125,27.471954345703125,2021-05-09 09:00:00,2021-05-09 15:00:00,360.0,360.0
D2,F6-2-c4096-calendar,0,16,2021-04-19,96,1.0,True,172.0,171.1163330078125,-0.8836669921875,0.8836669921875,2021-04-19 08:45:00,2021-04-19 13:15:00,270.0,270.0
D2,F6-2-c4096-calendar,0,16,2021-04-20,96,1.0,True,172.0,164.79830932617188,-7.201690673828125,7.201690673828125,2021-04-20 08:45:00,2021-04-20 11:45:00,180.0,180.0
D2,F6-2-c4096-calendar,0,16,2021-04-21,96,1.0,True,174.0,170.89944458007812,-3.100555419921875,3.100555419921875,2021-04-21 08:30:00,2021-04-21 09:00:00,30.0,30.0
D2,F6-2-c4096-calendar,0,16,2021-04-22,96,1.0,True,174.0,170.88638305664062,-3.113616943359375,3.113616943359375,2021-04-22 08:30:00,2021-04-22 10:30:00,120.0,120.0
D2,F6-2-c4096-calendar,0,16,2021-04-23,96,1.0,True,174.0,174.44821166992188,0.448211669921875,0.448211669921875,2021-04-23 08:30:00,2021-04-23 10:30:00,120.0,120.0
D2,F6-2-c4096-calendar,0,16,2021-04-24,96,1.0,True,112.0,111.10578918457031,-0.8942108154296875,0.8942108154296875,2021-04-24 06:15:00,2021-04-24 06:15:00,0.0,0.0
D2,F6-2-c4096-calendar,0,16,2021-04-25,96,1.0,True,25.0,34.116981506347656,9.116981506347656,9.116981506347656,2021-04-25 01:30:00,2021-04-25 03:45:00,135.0,135.0
D2,F6-2-c4096-calendar,0,16,2021-05-03,96,1.0,True,184.0,164.8592987060547,-19.140701293945312,19.140701293945312,2021-05-03 08:30:00,2021-05-03 09:30:00,60.0,60.0
D2,F6-2-c4096-calendar,0,16,2021-05-04,96,1.0,True,181.0,169.98049926757812,-11.019500732421875,11.019500732421875,2021-05-04 08:30:00,2021-05-04 13:45:00,315.0,315.0
D2,F6-2-c4096-calendar,0,16,2021-05-05,96,1.0,True,120.0,170.76336669921875,50.76336669921875,50.76336669921875,2021-05-05 04:15:00,2021-05-05 08:30:00,255.0,255.0
D2,F6-2-c4096-calendar,0,16,2021-05-06,96,1.0,True,199.0,181.490478515625,-17.509521484375,17.509521484375,2021-05-06 09:00:00,2021-05-06 13:45:00,285.0,285.0
D2,F6-2-c4096-calendar,0,16,2021-05-07,96,1.0,True,181.0,169.41741943359375,-11.58258056640625,11.58258056640625,2021-05-07 09:00:00,2021-05-07 08:30:00,-30.0,30.0
D2,F6-2-c4096-calendar,0,16,2021-05-08,96,1.0,True,115.0,108.99310302734375,-6.00689697265625,6.00689697265625,2021-05-08 02:00:00,2021-05-08 06:15:00,255.0,255.0
D2,F6-2-c4096-calendar,0,16,2021-05-09,96,1.0,True,184.0,152.78643798828125,-31.21356201171875,31.21356201171875,2021-05-09 09:00:00,2021-05-09 15:45:00,405.0,405.0
D2,F6-2-c4096-calendar,1,4,2021-05-31,95,0.9895833333333334,False,172.0,169.5738067626953,-2.4261932373046875,2.4261932373046875,2021-05-31 10:30:00,2021-05-31 08:45:00,-105.0,105.0
D2,F6-2-c4096-calendar,1,4,2021-06-01,1,0.010416666666666666,False,71.0,78.2081298828125,7.2081298828125,7.2081298828125,2021-06-01 00:00:00,2021-06-01 00:00:00,0.0,0.0
D2,F6-2-c4096-calendar,1,4,2021-06-20,95,0.9895833333333334,False,28.0,24.140907287597656,-3.8590927124023438,3.8590927124023438,2021-06-20 15:15:00,2021-06-20 02:30:00,-765.0,765.0
D2,F6-2-c4096-calendar,1,5,2021-05-31,95,0.9895833333333334,False,172.0,169.87857055664062,-2.121429443359375,2.121429443359375,2021-05-31 10:30:00,2021-05-31 09:00:00,-90.0,90.0
D2,F6-2-c4096-calendar,1,5,2021-06-01,1,0.010416666666666666,False,71.0,79.18983459472656,8.189834594726562,8.189834594726562,2021-06-01 00:00:00,2021-06-01 00:00:00,0.0,0.0
D2,F6-2-c4096-calendar,1,5,2021-06-20,95,0.9895833333333334,False,28.0,24.222267150878906,-3.7777328491210938,3.7777328491210938,2021-06-20 15:15:00,2021-06-20 02:45:00,-750.0,750.0
D2,F6-2-c4096-calendar,1,6,2021-05-31,95,0.9895833333333334,False,172.0,169.20077514648438,-2.799224853515625,2.799224853515625,2021-05-31 10:30:00,2021-05-31 09:00:00,-90.0,90.0
D2,F6-2-c4096-calendar,1,6,2021-06-01,1,0.010416666666666666,False,71.0,79.92074584960938,8.920745849609375,8.920745849609375,2021-06-01 00:00:00,2021-06-01 00:00:00,0.0,0.0
D2,F6-2-c4096-calendar,1,6,2021-06-20,95,0.9895833333333334,False,28.0,24.185401916503906,-3.8145980834960938,3.8145980834960938,2021-06-20 15:15:00,2021-06-20 03:00:00,-735.0,735.0
D2,F6-2-c4096-calendar,1,7,2021-05-31,95,0.9895833333333334,False,172.0,167.65672302246094,-4.3432769775390625,4.3432769775390625,2021-05-31 10:30:00,2021-05-31 09:00:00,-90.0,90.0
D2,F6-2-c4096-calendar,1,7,2021-06-01,1,0.010416666666666666,False,71.0,80.98356628417969,9.983566284179688,9.983566284179688,2021-06-01 00:00:00,2021-06-01 00:00:00,0.0,0.0
D2,F6-2-c4096-calendar,1,7,2021-06-20,95,0.9895833333333334,False,28.0,24.208213806152344,-3.7917861938476562,3.7917861938476562,2021-06-20 15:15:00,2021-06-20 03:15:00,-720.0,720.0
D2,F6-2-c4096-calendar,1,8,2021-05-31,95,0.9895833333333334,False,172.0,169.6079559326172,-2.3920440673828125,2.3920440673828125,2021-05-31 10:30:00,2021-05-31 09:00:00,-90.0,90.0
D2,F6-2-c4096-calendar,1,8,2021-06-01,1,0.010416666666666666,False,71.0,82.20069885253906,11.200698852539062,11.200698852539062,2021-06-01 00:00:00,2021-06-01 00:00:00,0.0,0.0
D2,F6-2-c4096-calendar,1,8,2021-06-20,95,0.9895833333333334,False,28.0,24.281936645507812,-3.7180633544921875,3.7180633544921875,2021-06-20 15:15:00,2021-06-20 03:30:00,-705.0,705.0
D2,F6-2-c4096-calendar,1,9,2021-05-31,95,0.9895833333333334,False,172.0,170.19866943359375,-1.80133056640625,1.80133056640625,2021-05-31 10:30:00,2021-05-31 08:45:00,-105.0,105.0
D2,F6-2-c4096-calendar,1,9,2021-06-01,1,0.010416666666666666,False,71.0,82.21446990966797,11.214469909667969,11.214469909667969,2021-06-01 00:00:00,2021-06-01 00:00:00,0.0,0.0
D2,F6-2-c4096-calendar,1,9,2021-06-20,95,0.9895833333333334,False,28.0,24.434600830078125,-3.565399169921875,3.565399169921875,2021-06-20 15:15:00,2021-06-20 03:45:00,-690.0,690.0
D2,F6-2-c4096-calendar,1,10,2021-05-31,95,0.9895833333333334,False,172.0,171.40878295898438,-0.591217041015625,0.591217041015625,2021-05-31 10:30:00,2021-05-31 08:45:00,-105.0,105.0
D2,F6-2-c4096-calendar,1,10,2021-06-01,1,0.010416666666666666,False,71.0,77.65414428710938,6.654144287109375,6.654144287109375,2021-06-01 00:00:00,2021-06-01 00:00:00,0.0,0.0
D2,F6-2-c4096-calendar,1,10,2021-06-20,95,0.9895833333333334,False,28.0,24.46533966064453,-3.5346603393554688,3.5346603393554688,2021-06-20 15:15:00,2021-06-20 04:00:00,-675.0,675.0
D2,F6-2-c4096-calendar,1,11,2021-05-31,95,0.9895833333333334,False,172.0,172.6590576171875,0.6590576171875,0.6590576171875,2021-05-31 10:30:00,2021-05-31 09:00:00,-90.0,90.0
D2,F6-2-c4096-calendar,1,11,2021-06-01,1,0.010416666666666666,False,71.0,76.39189147949219,5.3918914794921875,5.3918914794921875,2021-06-01 00:00:00,2021-06-01 00:00:00,0.0,0.0
D2,F6-2-c4096-calendar,1,11,2021-06-20,95,0.9895833333333334,False,28.0,24.587997436523438,-3.4120025634765625,3.4120025634765625,2021-06-20 15:15:00,2021-06-20 04:15:00,-660.0,660.0
D2,F6-2-c4096-calendar,1,12,2021-05-31,95,0.9895833333333334,False,172.0,172.30181884765625,0.30181884765625,0.30181884765625,2021-05-31 10:30:00,2021-05-31 09:00:00,-90.0,90.0
D2,F6-2-c4096-calendar,1,12,2021-06-01,1,0.010416666666666666,False,71.0,76.39704895019531,5.3970489501953125,5.3970489501953125,2021-06-01 00:00:00,2021-06-01 00:00:00,0.0,0.0
D2,F6-2-c4096-calendar,1,12,2021-06-20,95,0.9895833333333334,False,28.0,24.61566162109375,-3.38433837890625,3.38433837890625,2021-06-20 15:15:00,2021-06-20 04:30:00,-645.0,645.0
D2,F6-2-c4096-calendar,1,13,2021-05-31,95,0.9895833333333334,False,172.0,171.3514404296875,-0.6485595703125,0.6485595703125,2021-05-31 10:30:00,2021-05-31 09:00:00,-90.0,90.0
D2,F6-2-c4096-calendar,1,13,2021-06-01,1,0.010416666666666666,False,71.0,79.85250091552734,8.852500915527344,8.852500915527344,2021-06-01 00:00:00,2021-06-01 00:00:00,0.0,0.0
D2,F6-2-c4096-calendar,1,13,2021-06-20,95,0.9895833333333334,False,28.0,24.588607788085938,-3.4113922119140625,3.4113922119140625,2021-06-20 15:15:00,2021-06-20 04:45:00,-630.0,630.0
D2,F6-2-c4096-calendar,1,14,2021-05-31,95,0.9895833333333334,False,172.0,173.22750854492188,1.227508544921875,1.227508544921875,2021-05-31 10:30:00,2021-05-31 09:00:00,-90.0,90.0
D2,F6-2-c4096-calendar,1,14,2021-06-01,1,0.010416666666666666,False,71.0,78.02224731445312,7.022247314453125,7.022247314453125,2021-06-01 00:00:00,2021-06-01 00:00:00,0.0,0.0
D2,F6-2-c4096-calendar,1,14,2021-06-20,95,0.9895833333333334,False,28.0,24.525115966796875,-3.474884033203125,3.474884033203125,2021-06-20 15:15:00,2021-06-20 09:30:00,-345.0,345.0
D2,F6-2-c4096-calendar,1,15,2021-05-31,95,0.9895833333333334,False,172.0,171.22021484375,-0.77978515625,0.77978515625,2021-05-31 10:30:00,2021-05-31 09:00:00,-90.0,90.0
D2,F6-2-c4096-calendar,1,15,2021-06-01,1,0.010416666666666666,False,71.0,77.51311492919922,6.513114929199219,6.513114929199219,2021-06-01 00:00:00,2021-06-01 00:00:00,0.0,0.0
D2,F6-2-c4096-calendar,1,15,2021-06-20,95,0.9895833333333334,False,28.0,24.558509826660156,-3.4414901733398438,3.4414901733398438,2021-06-20 15:15:00,2021-06-20 09:45:00,-330.0,330.0
D2,F6-2-c4096-calendar,1,16,2021-05-31,95,0.9895833333333334,False,172.0,170.7607421875,-1.2392578125,1.2392578125,2021-05-31 10:30:00,2021-05-31 09:00:00,-90.0,90.0
D2,F6-2-c4096-calendar,1,16,2021-06-01,1,0.010416666666666666,False,71.0,78.26226043701172,7.262260437011719,7.262260437011719,2021-06-01 00:00:00,2021-06-01 00:00:00,0.0,0.0
D2,F6-2-c4096-calendar,1,16,2021-06-20,95,0.9895833333333334,False,28.0,24.28264617919922,-3.7173538208007812,3.7173538208007812,2021-06-20 15:15:00,2021-06-20 10:00:00,-315.0,315.0
D2,F6-2-c4096-calendar,2,4,2021-07-12,96,1.0,True,198.0,188.56842041015625,-9.43157958984375,9.43157958984375,2021-07-12 08:45:00,2021-07-12 09:00:00,15.0,15.0
D2,F6-2-c4096-calendar,2,4,2021-07-13,1,0.010416666666666666,False,79.0,84.47723388671875,5.47723388671875,5.47723388671875,2021-07-13 00:00:00,2021-07-13 00:00:00,0.0,0.0
D2,F6-2-c4096-calendar,2,4,2021-07-17,80,0.8333333333333334,False,108.0,104.49432373046875,-3.50567626953125,3.50567626953125,2021-07-17 06:00:00,2021-07-17 06:00:00,0.0,0.0
D2,F6-2-c4096-calendar,2,4,2021-07-18,84,0.875,False,28.0,24.756591796875,-3.243408203125,3.243408203125,2021-07-18 04:30:00,2021-07-18 08:45:00,255.0,255.0
D2,F6-2-c4096-calendar,2,4,2021-07-26,84,0.875,False,217.0,195.6505889892578,-21.349411010742188,21.349411010742188,2021-07-26 08:30:00,2021-07-26 08:45:00,15.0,15.0
D2,F6-2-c4096-calendar,2,4,2021-07-27,84,0.875,False,211.0,197.63995361328125,-13.36004638671875,13.36004638671875,2021-07-27 11:45:00,2021-07-27 08:45:00,-180.0,180.0
D2,F6-2-c4096-calendar,2,4,2021-07-28,84,0.875,False,212.0,212.11636352539062,0.116363525390625,0.116363525390625,2021-07-28 12:00:00,2021-07-28 08:45:00,-195.0,195.0
D2,F6-2-c4096-calendar,2,4,2021-07-29,84,0.875,False,211.0,203.1216278076172,-7.8783721923828125,7.8783721923828125,2021-07-29 12:00:00,2021-07-29 08:45:00,-195.0,195.0
D2,F6-2-c4096-calendar,2,4,2021-07-30,85,0.8854166666666666,False,212.0,205.45193481445312,-6.548065185546875,6.548065185546875,2021-07-30 12:00:00,2021-07-30 08:45:00,-195.0,195.0
D2,F6-2-c4096-calendar,2,4,2021-07-31,96,1.0,True,80.0,98.96728515625,18.96728515625,18.96728515625,2021-07-31 00:00:00,2021-07-31 01:30:00,90.0,90.0
D2,F6-2-c4096-calendar,2,4,2021-08-01,96,1.0,True,28.0,25.412338256835938,-2.5876617431640625,2.5876617431640625,2021-08-01 09:00:00,2021-08-01 02:30:00,-390.0,390.0
D2,F6-2-c4096-calendar,2,4,2021-08-09,1,0.010416666666666666,False,21.0,21.790939331054688,0.7909393310546875,0.7909393310546875,2021-08-09 00:00:00,2021-08-09 00:00:00,0.0,0.0
D2,F6-2-c4096-calendar,2,5,2021-07-12,96,1.0,True,198.0,185.12942504882812,-12.870574951171875,12.870574951171875,2021-07-12 08:45:00,2021-07-12 11:45:00,180.0,180.0
D2,F6-2-c4096-calendar,2,5,2021-07-13,1,0.010416666666666666,False,79.0,87.16511535644531,8.165115356445312,8.165115356445312,2021-07-13 00:00:00,2021-07-13 00:00:00,0.0,0.0
D2,F6-2-c4096-calendar,2,5,2021-07-17,79,0.8229166666666666,False,108.0,105.21509552001953,-2.7849044799804688,2.7849044799804688,2021-07-17 06:00:00,2021-07-17 06:15:00,15.0,15.0
D2,F6-2-c4096-calendar,2,5,2021-07-18,84,0.875,False,28.0,24.530052185058594,-3.4699478149414062,3.4699478149414062,2021-07-18 04:30:00,2021-07-18 09:00:00,270.0,270.0
D2,F6-2-c4096-calendar,2,5,2021-07-26,84,0.875,False,217.0,198.30905151367188,-18.690948486328125,18.690948486328125,2021-07-26 08:30:00,2021-07-26 11:45:00,195.0,195.0
D2,F6-2-c4096-calendar,2,5,2021-07-27,84,0.875,False,211.0,196.12786865234375,-14.87213134765625,14.87213134765625,2021-07-27 11:45:00,2021-07-27 08:45:00,-180.0,180.0
D2,F6-2-c4096-calendar,2,5,2021-07-28,84,0.875,False,212.0,209.08474731445312,-2.915252685546875,2.915252685546875,2021-07-28 12:00:00,2021-07-28 08:45:00,-195.0,195.0
D2,F6-2-c4096-calendar,2,5,2021-07-29,84,0.875,False,211.0,202.33505249023438,-8.664947509765625,8.664947509765625,2021-07-29 12:00:00,2021-07-29 08:45:00,-195.0,195.0
D2,F6-2-c4096-calendar,2,5,2021-07-30,85,0.8854166666666666,False,212.0,205.63629150390625,-6.36370849609375,6.36370849609375,2021-07-30 12:00:00,2021-07-30 11:45:00,-15.0,15.0
D2,F6-2-c4096-calendar,2,5,2021-07-31,96,1.0,True,80.0,101.02290344238281,21.022903442382812,21.022903442382812,2021-07-31 00:00:00,2021-07-31 01:30:00,90.0,90.0
D2,F6-2-c4096-calendar,2,5,2021-08-01,96,1.0,True,28.0,25.36388397216797,-2.6361160278320312,2.6361160278320312,2021-08-01 09:00:00,2021-08-01 02:45:00,-375.0,375.0
D2,F6-2-c4096-calendar,2,5,2021-08-09,1,0.010416666666666666,False,21.0,21.57038116455078,0.5703811645507812,0.5703811645507812,2021-08-09 00:00:00,2021-08-09 00:00:00,0.0,0.0
D2,F6-2-c4096-calendar,2,6,2021-07-12,96,1.0,True,198.0,183.28427124023438,-14.715728759765625,14.715728759765625,2021-07-12 08:45:00,2021-07-12 13:45:00,300.0,300.0
D2,F6-2-c4096-calendar,2,6,2021-07-13,1,0.010416666666666666,False,79.0,87.23670959472656,8.236709594726562,8.236709594726562,2021-07-13 00:00:00,2021-07-13 00:00:00,0.0,0.0
D2,F6-2-c4096-calendar,2,6,2021-07-17,78,0.8125,False,108.0,103.92861938476562,-4.071380615234375,4.071380615234375,2021-07-17 06:00:00,2021-07-17 06:30:00,30.0,30.0
D2,F6-2-c4096-calendar,2,6,2021-07-18,84,0.875,False,28.0,24.188629150390625,-3.811370849609375,3.811370849609375,2021-07-18 01:15:00,2021-07-18 16:15:00,900.0,900.0
D2,F6-2-c4096-calendar,2,6,2021-07-26,84,0.875,False,217.0,196.58450317382812,-20.415496826171875,20.415496826171875,2021-07-26 08:30:00,2021-07-26 11:30:00,180.0,180.0
D2,F6-2-c4096-calendar,2,6,2021-07-27,84,0.875,False,211.0,194.80242919921875,-16.19757080078125,16.19757080078125,2021-07-27 11:45:00,2021-07-27 08:45:00,-180.0,180.0
D2,F6-2-c4096-calendar,2,6,2021-07-28,84,0.875,False,212.0,205.5916748046875,-6.4083251953125,6.4083251953125,2021-07-28 12:00:00,2021-07-28 08:45:00,-195.0,195.0
D2,F6-2-c4096-calendar,2,6,2021-07-29,84,0.875,False,211.0,201.6852264404297,-9.314773559570312,9.314773559570312,2021-07-29 12:00:00,2021-07-29 08:30:00,-210.0,210.0
D2,F6-2-c4096-calendar,2,6,2021-07-30,85,0.8854166666666666,False,212.0,205.31146240234375,-6.68853759765625,6.68853759765625,2021-07-30 12:00:00,2021-07-30 12:00:00,0.0,0.0
D2,F6-2-c4096-calendar,2,6,2021-07-31,96,1.0,True,80.0,106.69136810302734,26.691368103027344,26.691368103027344,2021-07-31 00:00:00,2021-07-31 01:30:00,90.0,90.0
D2,F6-2-c4096-calendar,2,6,2021-08-01,96,1.0,True,28.0,25.49298858642578,-2.5070114135742188,2.5070114135742188,2021-08-01 09:00:00,2021-08-01 03:00:00,-360.0,360.0
D2,F6-2-c4096-calendar,2,6,2021-08-09,1,0.010416666666666666,False,21.0,21.754730224609375,0.754730224609375,0.754730224609375,2021-08-09 00:00:00,2021-08-09 00:00:00,0.0,0.0
D2,F6-2-c4096-calendar,2,7,2021-07-12,96,1.0,True,198.0,185.28439331054688,-12.715606689453125,12.715606689453125,2021-07-12 08:45:00,2021-07-12 11:45:00,180.0,180.0
D2,F6-2-c4096-calendar,2,7,2021-07-13,1,0.010416666666666666,False,79.0,87.98953247070312,8.989532470703125,8.989532470703125,2021-07-13 00:00:00,2021-07-13 00:00:00,0.0,0.0
D2,F6-2-c4096-calendar,2,7,2021-07-17,77,0.8020833333333334,False,108.0,101.2960433959961,-6.703956604003906,6.703956604003906,2021-07-17 06:00:00,2021-07-17 06:45:00,45.0,45.0
D2,F6-2-c4096-calendar,2,7,2021-07-18,84,0.875,False,28.0,24.243804931640625,-3.756195068359375,3.756195068359375,2021-07-18 01:15:00,2021-07-18 09:30:00,495.0,495.0
D2,F6-2-c4096-calendar,2,7,2021-07-26,84,0.875,False,217.0,196.81448364257812,-20.185516357421875,20.185516357421875,2021-07-26 08:30:00,2021-07-26 11:45:00,195.0,195.0
D2,F6-2-c4096-calendar,2,7,2021-07-27,84,0.875,False,211.0,193.33856201171875,-17.66143798828125,17.66143798828125,2021-07-27 11:45:00,2021-07-27 08:45:00,-180.0,180.0
D2,F6-2-c4096-calendar,2,7,2021-07-28,84,0.875,False,212.0,204.67684936523438,-7.323150634765625,7.323150634765625,2021-07-28 12:00:00,2021-07-28 08:45:00,-195.0,195.0
D2,F6-2-c4096-calendar,2,7,2021-07-29,84,0.875,False,211.0,200.0861358642578,-10.913864135742188,10.913864135742188,2021-07-29 12:00:00,2021-07-29 08:45:00,-195.0,195.0
D2,F6-2-c4096-calendar,2,7,2021-07-30,85,0.8854166666666666,False,212.0,203.9983673095703,-8.001632690429688,8.001632690429688,2021-07-30 12:00:00,2021-07-30 12:00:00,0.0,0.0
D2,F6-2-c4096-calendar,2,7,2021-07-31,96,1.0,True,80.0,106.6722640991211,26.672264099121094,26.672264099121094,2021-07-31 00:00:00,2021-07-31 01:30:00,90.0,90.0
D2,F6-2-c4096-calendar,2,7,2021-08-01,96,1.0,True,28.0,25.520538330078125,-2.479461669921875,2.479461669921875,2021-08-01 09:00:00,2021-08-01 03:15:00,-345.0,345.0
D2,F6-2-c4096-calendar,2,7,2021-08-09,1,0.010416666666666666,False,21.0,21.843788146972656,0.8437881469726562,0.8437881469726562,2021-08-09 00:00:00,2021-08-09 00:00:00,0.0,0.0
D2,F6-2-c4096-calendar,2,8,2021-07-12,96,1.0,True,198.0,184.82522583007812,-13.174774169921875,13.174774169921875,2021-07-12 08:45:00,2021-07-12 12:00:00,195.0,195.0
D2,F6-2-c4096-calendar,2,8,2021-07-13,1,0.010416666666666666,False,79.0,86.62679290771484,7.626792907714844,7.626792907714844,2021-07-13 00:00:00,2021-07-13 00:00:00,0.0,0.0
D2,F6-2-c4096-calendar,2,8,2021-07-17,76,0.7916666666666666,False,108.0,101.0497055053711,-6.950294494628906,6.950294494628906,2021-07-17 06:00:00,2021-07-17 06:15:00,15.0,15.0
D2,F6-2-c4096-calendar,2,8,2021-07-18,84,0.875,False,28.0,24.224533081054688,-3.7754669189453125,3.7754669189453125,2021-07-18 01:15:00,2021-07-18 09:45:00,510.0,510.0
D2,F6-2-c4096-calendar,2,8,2021-07-26,84,0.875,False,217.0,198.51898193359375,-18.48101806640625,18.48101806640625,2021-07-26 08:30:00,2021-07-26 11:45:00,195.0,195.0
D2,F6-2-c4096-calendar,2,8,2021-07-27,84,0.875,False,211.0,194.34793090820312,-16.652069091796875,16.652069091796875,2021-07-27 11:45:00,2021-07-27 09:00:00,-165.0,165.0
D2,F6-2-c4096-calendar,2,8,2021-07-28,84,0.875,False,212.0,205.9815673828125,-6.0184326171875,6.0184326171875,2021-07-28 12:00:00,2021-07-28 10:00:00,-120.0,120.0
D2,F6-2-c4096-calendar,2,8,2021-07-29,84,0.875,False,211.0,200.91102600097656,-10.088973999023438,10.088973999023438,2021-07-29 12:00:00,2021-07-29 11:45:00,-15.0,15.0
D2,F6-2-c4096-calendar,2,8,2021-07-30,85,0.8854166666666666,False,212.0,204.8057861328125,-7.1942138671875,7.1942138671875,2021-07-30 12:00:00,2021-07-30 12:00:00,0.0,0.0
D2,F6-2-c4096-calendar,2,8,2021-07-31,96,1.0,True,80.0,109.81565856933594,29.815658569335938,29.815658569335938,2021-07-31 00:00:00,2021-07-31 01:30:00,90.0,90.0
D2,F6-2-c4096-calendar,2,8,2021-08-01,96,1.0,True,28.0,25.669219970703125,-2.330780029296875,2.330780029296875,2021-08-01 09:00:00,2021-08-01 03:30:00,-330.0,330.0
D2,F6-2-c4096-calendar,2,8,2021-08-09,1,0.010416666666666666,False,21.0,21.837242126464844,0.8372421264648438,0.8372421264648438,2021-08-09 00:00:00,2021-08-09 00:00:00,0.0,0.0
D2,F6-2-c4096-calendar,2,9,2021-07-12,96,1.0,True,198.0,184.1986541748047,-13.801345825195312,13.801345825195312,2021-07-12 08:45:00,2021-07-12 11:45:00,180.0,180.0
D2,F6-2-c4096-calendar,2,9,2021-07-13,1,0.010416666666666666,False,79.0,88.25456237792969,9.254562377929688,9.254562377929688,2021-07-13 00:00:00,2021-07-13 00:00:00,0.0,0.0
D2,F6-2-c4096-calendar,2,9,2021-07-17,75,0.78125,False,108.0,102.28720092773438,-5.712799072265625,5.712799072265625,2021-07-17 06:00:00,2021-07-17 06:15:00,15.0,15.0
D2,F6-2-c4096-calendar,2,9,2021-07-18,84,0.875,False,28.0,24.381614685058594,-3.6183853149414062,3.6183853149414062,2021-07-18 01:15:00,2021-07-18 10:00:00,525.0,525.0
D2,F6-2-c4096-calendar,2,9,2021-07-26,84,0.875,False,217.0,196.7557830810547,-20.244216918945312,20.244216918945312,2021-07-26 08:30:00,2021-07-26 11:45:00,195.0,195.0
D2,F6-2-c4096-calendar,2,9,2021-07-27,84,0.875,False,211.0,192.89260864257812,-18.107391357421875,18.107391357421875,2021-07-27 11:45:00,2021-07-27 08:30:00,-195.0,195.0
D2,F6-2-c4096-calendar,2,9,2021-07-28,84,0.875,False,212.0,203.5196533203125,-8.4803466796875,8.4803466796875,2021-07-28 12:00:00,2021-07-28 08:45:00,-195.0,195.0
D2,F6-2-c4096-calendar,2,9,2021-07-29,84,0.875,False,211.0,201.604736328125,-9.395263671875,9.395263671875,2021-07-29 12:00:00,2021-07-29 12:00:00,0.0,0.0
D2,F6-2-c4096-calendar,2,9,2021-07-30,85,0.8854166666666666,False,212.0,206.38931274414062,-5.610687255859375,5.610687255859375,2021-07-30 12:00:00,2021-07-30 12:00:00,0.0,0.0
D2,F6-2-c4096-calendar,2,9,2021-07-31,96,1.0,True,80.0,111.69091033935547,31.69091033935547,31.69091033935547,2021-07-31 00:00:00,2021-07-31 01:30:00,90.0,90.0
D2,F6-2-c4096-calendar,2,9,2021-08-01,96,1.0,True,28.0,25.855880737304688,-2.1441192626953125,2.1441192626953125,2021-08-01 09:00:00,2021-08-01 03:45:00,-315.0,315.0
D2,F6-2-c4096-calendar,2,9,2021-08-09,1,0.010416666666666666,False,21.0,21.471763610839844,0.47176361083984375,0.47176361083984375,2021-08-09 00:00:00,2021-08-09 00:00:00,0.0,0.0
D2,F6-2-c4096-calendar,2,10,2021-07-12,96,1.0,True,198.0,185.14181518554688,-12.858184814453125,12.858184814453125,2021-07-12 08:45:00,2021-07-12 13:45:00,300.0,300.0
D2,F6-2-c4096-calendar,2,10,2021-07-13,1,0.010416666666666666,False,79.0,86.6343002319336,7.634300231933594,7.634300231933594,2021-07-13 00:00:00,2021-07-13 00:00:00,0.0,0.0
D2,F6-2-c4096-calendar,2,10,2021-07-17,74,0.7708333333333334,False,108.0,102.7332534790039,-5.266746520996094,5.266746520996094,2021-07-17 06:00:00,2021-07-17 06:15:00,15.0,15.0
D2,F6-2-c4096-calendar,2,10,2021-07-18,84,0.875,False,28.0,24.760597229003906,-3.2394027709960938,3.2394027709960938,2021-07-18 01:15:00,2021-07-18 10:15:00,540.0,540.0
D2,F6-2-c4096-calendar,2,10,2021-07-26,84,0.875,False,217.0,200.0845947265625,-16.9154052734375,16.9154052734375,2021-07-26 08:30:00,2021-07-26 11:30:00,180.0,180.0
D2,F6-2-c4096-calendar,2,10,2021-07-27,84,0.875,False,211.0,194.47427368164062,-16.525726318359375,16.525726318359375,2021-07-27 11:45:00,2021-07-27 08:45:00,-180.0,180.0
D2,F6-2-c4096-calendar,2,10,2021-07-28,84,0.875,False,212.0,205.17739868164062,-6.822601318359375,6.822601318359375,2021-07-28 12:00:00,2021-07-28 08:45:00,-195.0,195.0
D2,F6-2-c4096-calendar,2,10,2021-07-29,84,0.875,False,211.0,200.418701171875,-10.581298828125,10.581298828125,2021-07-29 12:00:00,2021-07-29 08:45:00,-195.0,195.0
D2,F6-2-c4096-calendar,2,10,2021-07-30,85,0.8854166666666666,False,212.0,204.59912109375,-7.40087890625,7.40087890625,2021-07-30 12:00:00,2021-07-30 12:00:00,0.0,0.0
D2,F6-2-c4096-calendar,2,10,2021-07-31,96,1.0,True,80.0,111.95872497558594,31.958724975585938,31.958724975585938,2021-07-31 00:00:00,2021-07-31 01:45:00,105.0,105.0
D2,F6-2-c4096-calendar,2,10,2021-08-01,96,1.0,True,28.0,25.930633544921875,-2.069366455078125,2.069366455078125,2021-08-01 09:00:00,2021-08-01 04:00:00,-300.0,300.0
D2,F6-2-c4096-calendar,2,10,2021-08-09,1,0.010416666666666666,False,21.0,21.869293212890625,0.869293212890625,0.869293212890625,2021-08-09 00:00:00,2021-08-09 00:00:00,0.0,0.0
D2,F6-2-c4096-calendar,2,11,2021-07-12,96,1.0,True,198.0,184.59683227539062,-13.403167724609375,13.403167724609375,2021-07-12 08:45:00,2021-07-12 13:45:00,300.0,300.0
D2,F6-2-c4096-calendar,2,11,2021-07-13,1,0.010416666666666666,False,79.0,86.85692596435547,7.856925964355469,7.856925964355469,2021-07-13 00:00:00,2021-07-13 00:00:00,0.0,0.0
D2,F6-2-c4096-calendar,2,11,2021-07-17,73,0.7604166666666666,False,108.0,102.62251281738281,-5.3774871826171875,5.3774871826171875,2021-07-17 06:00:00,2021-07-17 06:15:00,15.0,15.0
D2,F6-2-c4096-calendar,2,11,2021-07-18,84,0.875,False,28.0,24.91484832763672,-3.0851516723632812,3.0851516723632812,2021-07-18 01:15:00,2021-07-18 10:45:00,570.0,570.0
D2,F6-2-c4096-calendar,2,11,2021-07-26,84,0.875,False,217.0,200.06027221679688,-16.939727783203125,16.939727783203125,2021-07-26 08:30:00,2021-07-26 11:45:00,195.0,195.0
D2,F6-2-c4096-calendar,2,11,2021-07-27,84,0.875,False,211.0,195.03660583496094,-15.963394165039062,15.963394165039062,2021-07-27 11:45:00,2021-07-27 08:45:00,-180.0,180.0
D2,F6-2-c4096-calendar,2,11,2021-07-28,84,0.875,False,212.0,206.01683044433594,-5.9831695556640625,5.9831695556640625,2021-07-28 12:00:00,2021-07-28 10:45:00,-75.0,75.0
D2,F6-2-c4096-calendar,2,11,2021-07-29,84,0.875,False,211.0,200.50186157226562,-10.498138427734375,10.498138427734375,2021-07-29 12:00:00,2021-07-29 08:45:00,-195.0,195.0
D2,F6-2-c4096-calendar,2,11,2021-07-30,85,0.8854166666666666,False,212.0,202.15097045898438,-9.849029541015625,9.849029541015625,2021-07-30 12:00:00,2021-07-30 12:00:00,0.0,0.0
D2,F6-2-c4096-calendar,2,11,2021-07-31,96,1.0,True,80.0,109.00405883789062,29.004058837890625,29.004058837890625,2021-07-31 00:00:00,2021-07-31 01:45:00,105.0,105.0
D2,F6-2-c4096-calendar,2,11,2021-08-01,96,1.0,True,28.0,25.892532348632812,-2.1074676513671875,2.1074676513671875,2021-08-01 09:00:00,2021-08-01 04:15:00,-285.0,285.0
D2,F6-2-c4096-calendar,2,11,2021-08-09,1,0.010416666666666666,False,21.0,21.68128204345703,0.6812820434570312,0.6812820434570312,2021-08-09 00:00:00,2021-08-09 00:00:00,0.0,0.0
D2,F6-2-c4096-calendar,2,12,2021-07-12,96,1.0,True,198.0,184.73292541503906,-13.267074584960938,13.267074584960938,2021-07-12 08:45:00,2021-07-12 13:45:00,300.0,300.0
D2,F6-2-c4096-calendar,2,12,2021-07-13,1,0.010416666666666666,False,79.0,85.68143463134766,6.681434631347656,6.681434631347656,2021-07-13 00:00:00,2021-07-13 00:00:00,0.0,0.0
D2,F6-2-c4096-calendar,2,12,2021-07-17,72,0.75,False,108.0,102.5085220336914,-5.491477966308594,5.491477966308594,2021-07-17 06:00:00,2021-07-17 06:15:00,15.0,15.0
D2,F6-2-c4096-calendar,2,12,2021-07-18,84,0.875,False,28.0,25.23052978515625,-2.76947021484375,2.76947021484375,2021-07-18 01:15:00,2021-07-18 11:00:00,585.0,585.0
D2,F6-2-c4096-calendar,2,12,2021-07-26,84,0.875,False,217.0,200.3048095703125,-16.6951904296875,16.6951904296875,2021-07-26 08:30:00,2021-07-26 11:45:00,195.0,195.0
D2,F6-2-c4096-calendar,2,12,2021-07-27,84,0.875,False,211.0,196.01873779296875,-14.98126220703125,14.98126220703125,2021-07-27 11:45:00,2021-07-27 11:45:00,0.0,0.0
D2,F6-2-c4096-calendar,2,12,2021-07-28,84,0.875,False,212.0,204.73153686523438,-7.268463134765625,7.268463134765625,2021-07-28 12:00:00,2021-07-28 10:45:00,-75.0,75.0
D2,F6-2-c4096-calendar,2,12,2021-07-29,84,0.875,False,211.0,198.95480346679688,-12.045196533203125,12.045196533203125,2021-07-29 12:00:00,2021-07-29 11:45:00,-15.0,15.0
D2,F6-2-c4096-calendar,2,12,2021-07-30,85,0.8854166666666666,False,212.0,201.8460693359375,-10.1539306640625,10.1539306640625,2021-07-30 12:00:00,2021-07-30 12:00:00,0.0,0.0
D2,F6-2-c4096-calendar,2,12,2021-07-31,96,1.0,True,80.0,109.42383575439453,29.42383575439453,29.42383575439453,2021-07-31 00:00:00,2021-07-31 01:30:00,90.0,90.0
D2,F6-2-c4096-calendar,2,12,2021-08-01,96,1.0,True,28.0,25.759010314941406,-2.2409896850585938,2.2409896850585938,2021-08-01 09:00:00,2021-08-01 04:30:00,-270.0,270.0
D2,F6-2-c4096-calendar,2,12,2021-08-09,1,0.010416666666666666,False,21.0,21.628402709960938,0.6284027099609375,0.6284027099609375,2021-08-09 00:00:00,2021-08-09 00:00:00,0.0,0.0
D2,F6-2-c4096-calendar,2,13,2021-07-12,96,1.0,True,198.0,184.44522094726562,-13.554779052734375,13.554779052734375,2021-07-12 08:45:00,2021-07-12 13:45:00,300.0,300.0
D2,F6-2-c4096-calendar,2,13,2021-07-13,1,0.010416666666666666,False,79.0,86.66329193115234,7.663291931152344,7.663291931152344,2021-07-13 00:00:00,2021-07-13 00:00:00,0.0,0.0
D2,F6-2-c4096-calendar,2,13,2021-07-17,71,0.7395833333333334,False,96.0,103.70431518554688,7.704315185546875,7.704315185546875,2021-07-17 06:15:00,2021-07-17 06:15:00,0.0,0.0
D2,F6-2-c4096-calendar,2,13,2021-07-18,84,0.875,False,28.0,25.42957305908203,-2.5704269409179688,2.5704269409179688,2021-07-18 01:15:00,2021-07-18 11:15:00,600.0,600.0
D2,F6-2-c4096-calendar,2,13,2021-07-26,84,0.875,False,217.0,199.5482940673828,-17.451705932617188,17.451705932617188,2021-07-26 08:30:00,2021-07-26 11:45:00,195.0,195.0
D2,F6-2-c4096-calendar,2,13,2021-07-27,84,0.875,False,211.0,197.18536376953125,-13.81463623046875,13.81463623046875,2021-07-27 11:45:00,2021-07-27 11:45:00,0.0,0.0
D2,F6-2-c4096-calendar,2,13,2021-07-28,84,0.875,False,212.0,202.09170532226562,-9.908294677734375,9.908294677734375,2021-07-28 12:00:00,2021-07-28 11:30:00,-30.0,30.0
D2,F6-2-c4096-calendar,2,13,2021-07-29,84,0.875,False,211.0,199.31063842773438,-11.689361572265625,11.689361572265625,2021-07-29 12:00:00,2021-07-29 11:45:00,-15.0,15.0
D2,F6-2-c4096-calendar,2,13,2021-07-30,85,0.8854166666666666,False,212.0,201.99273681640625,-10.00726318359375,10.00726318359375,2021-07-30 12:00:00,2021-07-30 11:45:00,-15.0,15.0
D2,F6-2-c4096-calendar,2,13,2021-07-31,96,1.0,True,80.0,110.16614532470703,30.16614532470703,30.16614532470703,2021-07-31 00:00:00,2021-07-31 01:45:00,105.0,105.0
D2,F6-2-c4096-calendar,2,13,2021-08-01,96,1.0,True,28.0,25.485137939453125,-2.514862060546875,2.514862060546875,2021-08-01 09:00:00,2021-08-01 04:45:00,-255.0,255.0
D2,F6-2-c4096-calendar,2,13,2021-08-09,1,0.010416666666666666,False,21.0,21.756629943847656,0.7566299438476562,0.7566299438476562,2021-08-09 00:00:00,2021-08-09 00:00:00,0.0,0.0
D2,F6-2-c4096-calendar,2,14,2021-07-12,96,1.0,True,198.0,183.93765258789062,-14.062347412109375,14.062347412109375,2021-07-12 08:45:00,2021-07-12 13:45:00,300.0,300.0
D2,F6-2-c4096-calendar,2,14,2021-07-13,1,0.010416666666666666,False,79.0,87.10353088378906,8.103530883789062,8.103530883789062,2021-07-13 00:00:00,2021-07-13 00:00:00,0.0,0.0
D2,F6-2-c4096-calendar,2,14,2021-07-17,70,0.7291666666666666,False,88.0,101.58807373046875,13.58807373046875,13.58807373046875,2021-07-17 07:15:00,2021-07-17 06:30:00,-45.0,45.0
D2,F6-2-c4096-calendar,2,14,2021-07-18,84,0.875,False,28.0,25.646141052246094,-2.3538589477539062,2.3538589477539062,2021-07-18 01:15:00,2021-07-18 11:30:00,615.0,615.0
D2,F6-2-c4096-calendar,2,14,2021-07-26,84,0.875,False,217.0,196.66555786132812,-20.334442138671875,20.334442138671875,2021-07-26 08:30:00,2021-07-26 11:45:00,195.0,195.0
D2,F6-2-c4096-calendar,2,14,2021-07-27,84,0.875,False,211.0,198.0328826904297,-12.967117309570312,12.967117309570312,2021-07-27 11:45:00,2021-07-27 12:00:00,15.0,15.0
D2,F6-2-c4096-calendar,2,14,2021-07-28,84,0.875,False,212.0,206.1536865234375,-5.8463134765625,5.8463134765625,2021-07-28 12:00:00,2021-07-28 11:30:00,-30.0,30.0
D2,F6-2-c4096-calendar,2,14,2021-07-29,84,0.875,False,211.0,200.15036010742188,-10.849639892578125,10.849639892578125,2021-07-29 12:00:00,2021-07-29 11:45:00,-15.0,15.0
D2,F6-2-c4096-calendar,2,14,2021-07-30,84,0.875,False,212.0,204.11825561523438,-7.881744384765625,7.881744384765625,2021-07-30 12:00:00,2021-07-30 12:00:00,0.0,0.0
D2,F6-2-c4096-calendar,2,14,2021-07-31,96,1.0,True,80.0,108.90283203125,28.90283203125,28.90283203125,2021-07-31 00:00:00,2021-07-31 01:45:00,105.0,105.0
D2,F6-2-c4096-calendar,2,14,2021-08-01,96,1.0,True,28.0,25.176124572753906,-2.8238754272460938,2.8238754272460938,2021-08-01 09:00:00,2021-08-01 01:30:00,-450.0,450.0
D2,F6-2-c4096-calendar,2,14,2021-08-09,1,0.010416666666666666,False,21.0,22.07801055908203,1.0780105590820312,1.0780105590820312,2021-08-09 00:00:00,2021-08-09 00:00:00,0.0,0.0
D2,F6-2-c4096-calendar,2,15,2021-07-12,96,1.0,True,198.0,185.10671997070312,-12.893280029296875,12.893280029296875,2021-07-12 08:45:00,2021-07-12 13:45:00,300.0,300.0
D2,F6-2-c4096-calendar,2,15,2021-07-13,1,0.010416666666666666,False,79.0,87.30667114257812,8.306671142578125,8.306671142578125,2021-07-13 00:00:00,2021-07-13 00:00:00,0.0,0.0
D2,F6-2-c4096-calendar,2,15,2021-07-17,69,0.71875,False,88.0,99.81871795654297,11.818717956542969,11.818717956542969,2021-07-17 07:15:00,2021-07-17 06:45:00,-30.0,30.0
D2,F6-2-c4096-calendar,2,15,2021-07-18,84,0.875,False,28.0,25.628921508789062,-2.3710784912109375,2.3710784912109375,2021-07-18 01:15:00,2021-07-18 11:30:00,615.0,615.0
D2,F6-2-c4096-calendar,2,15,2021-07-26,84,0.875,False,217.0,194.15916442871094,-22.840835571289062,22.840835571289062,2021-07-26 08:30:00,2021-07-26 11:45:00,195.0,195.0
D2,F6-2-c4096-calendar,2,15,2021-07-27,84,0.875,False,211.0,195.0989532470703,-15.901046752929688,15.901046752929688,2021-07-27 11:45:00,2021-07-27 11:45:00,0.0,0.0
D2,F6-2-c4096-calendar,2,15,2021-07-28,84,0.875,False,212.0,209.3463134765625,-2.6536865234375,2.6536865234375,2021-07-28 12:00:00,2021-07-28 11:45:00,-15.0,15.0
D2,F6-2-c4096-calendar,2,15,2021-07-29,84,0.875,False,211.0,200.77890014648438,-10.221099853515625,10.221099853515625,2021-07-29 12:00:00,2021-07-29 11:45:00,-15.0,15.0
D2,F6-2-c4096-calendar,2,15,2021-07-30,84,0.875,False,212.0,203.64483642578125,-8.35516357421875,8.35516357421875,2021-07-30 12:00:00,2021-07-30 11:30:00,-30.0,30.0
D2,F6-2-c4096-calendar,2,15,2021-07-31,96,1.0,True,80.0,109.24573516845703,29.24573516845703,29.24573516845703,2021-07-31 00:00:00,2021-07-31 01:45:00,105.0,105.0
D2,F6-2-c4096-calendar,2,15,2021-08-01,96,1.0,True,28.0,25.30120849609375,-2.69879150390625,2.69879150390625,2021-08-01 09:00:00,2021-08-01 01:45:00,-435.0,435.0
D2,F6-2-c4096-calendar,2,15,2021-08-09,1,0.010416666666666666,False,21.0,21.832252502441406,0.8322525024414062,0.8322525024414062,2021-08-09 00:00:00,2021-08-09 00:00:00,0.0,0.0
D2,F6-2-c4096-calendar,2,16,2021-07-12,96,1.0,True,198.0,186.55044555664062,-11.449554443359375,11.449554443359375,2021-07-12 08:45:00,2021-07-12 14:00:00,315.0,315.0
D2,F6-2-c4096-calendar,2,16,2021-07-13,1,0.010416666666666666,False,79.0,86.47431945800781,7.4743194580078125,7.4743194580078125,2021-07-13 00:00:00,2021-07-13 00:00:00,0.0,0.0
D2,F6-2-c4096-calendar,2,16,2021-07-17,68,0.7083333333333334,False,88.0,94.29319763183594,6.2931976318359375,6.2931976318359375,2021-07-17 07:15:00,2021-07-17 07:00:00,-15.0,15.0
D2,F6-2-c4096-calendar,2,16,2021-07-18,84,0.875,False,28.0,25.520904541015625,-2.479095458984375,2.479095458984375,2021-07-18 01:15:00,2021-07-18 11:45:00,630.0,630.0
D2,F6-2-c4096-calendar,2,16,2021-07-26,84,0.875,False,217.0,194.9776611328125,-22.0223388671875,22.0223388671875,2021-07-26 08:30:00,2021-07-26 08:45:00,15.0,15.0
D2,F6-2-c4096-calendar,2,16,2021-07-27,84,0.875,False,211.0,195.82855224609375,-15.17144775390625,15.17144775390625,2021-07-27 11:45:00,2021-07-27 11:45:00,0.0,0.0
D2,F6-2-c4096-calendar,2,16,2021-07-28,84,0.875,False,212.0,208.8716278076172,-3.1283721923828125,3.1283721923828125,2021-07-28 12:00:00,2021-07-28 11:45:00,-15.0,15.0
D2,F6-2-c4096-calendar,2,16,2021-07-29,84,0.875,False,211.0,202.0284423828125,-8.9715576171875,8.9715576171875,2021-07-29 12:00:00,2021-07-29 11:45:00,-15.0,15.0
D2,F6-2-c4096-calendar,2,16,2021-07-30,84,0.875,False,212.0,206.08493041992188,-5.915069580078125,5.915069580078125,2021-07-30 12:00:00,2021-07-30 11:45:00,-15.0,15.0
D2,F6-2-c4096-calendar,2,16,2021-07-31,96,1.0,True,80.0,108.14202117919922,28.14202117919922,28.14202117919922,2021-07-31 00:00:00,2021-07-31 01:45:00,105.0,105.0
D2,F6-2-c4096-calendar,2,16,2021-08-01,96,1.0,True,28.0,24.90111541748047,-3.0988845825195312,3.0988845825195312,2021-08-01 09:00:00,2021-08-01 02:00:00,-420.0,420.0
D2,F6-2-c4096-calendar,2,16,2021-08-09,1,0.010416666666666666,False,21.0,21.878074645996094,0.8780746459960938,0.8780746459960938,2021-08-09 00:00:00,2021-08-09 00:00:00,0.0,0.0
