dataset,model,fold,horizon,target_day,observed_slots,slot_coverage,full_day,actual_daily_max,predicted_daily_max,daily_max_error,daily_max_abs_error,actual_peak_time,predicted_peak_time,timing_error_minutes,timing_abs_error_minutes
D1,F1-union-without-lag_1_4-lightgbm,0,4,2021-04-19,96,1.0,True,172.0,176.91898957519174,4.918989575191745,4.918989575191745,2021-04-19 08:45:00,2021-04-19 09:15:00,30.0,30.0
D1,F1-union-without-lag_1_4-lightgbm,0,4,2021-04-20,96,1.0,True,172.0,171.04811119535427,-0.9518888046457334,0.9518888046457334,2021-04-20 08:45:00,2021-04-20 13:45:00,300.0,300.0
D1,F1-union-without-lag_1_4-lightgbm,0,4,2021-04-21,96,1.0,True,174.0,173.37217118956178,-0.627828810438217,0.627828810438217,2021-04-21 08:30:00,2021-04-21 08:45:00,15.0,15.0
D1,F1-union-without-lag_1_4-lightgbm,0,4,2021-04-22,96,1.0,True,174.0,174.5351599111937,0.5351599111936878,0.5351599111936878,2021-04-22 08:30:00,2021-04-22 13:30:00,300.0,300.0
D1,F1-union-without-lag_1_4-lightgbm,0,4,2021-04-23,96,1.0,True,174.0,163.41456573175532,-10.585434268244683,10.585434268244683,2021-04-23 08:30:00,2021-04-23 13:30:00,300.0,300.0
D1,F1-union-without-lag_1_4-lightgbm,0,4,2021-04-24,96,1.0,True,112.0,113.01566765047906,1.0156676504790596,1.0156676504790596,2021-04-24 06:15:00,2021-04-24 01:45:00,-270.0,270.0
D1,F1-union-without-lag_1_4-lightgbm,0,4,2021-04-25,96,1.0,True,25.0,27.394534099139218,2.394534099139218,2.394534099139218,2021-04-25 01:30:00,2021-04-25 00:15:00,-75.0,75.0
D1,F1-union-without-lag_1_4-lightgbm,0,4,2021-05-03,96,1.0,True,184.0,191.77741228792047,7.77741228792047,7.77741228792047,2021-05-03 08:30:00,2021-05-03 09:15:00,45.0,45.0
D1,F1-union-without-lag_1_4-lightgbm,0,4,2021-05-04,96,1.0,True,181.0,178.9020694707324,-2.097930529267586,2.097930529267586,2021-05-04 08:30:00,2021-05-04 09:00:00,30.0,30.0
D1,F1-union-without-lag_1_4-lightgbm,0,4,2021-05-05,96,1.0,True,120.0,162.63546148204787,42.63546148204787,42.63546148204787,2021-05-05 04:15:00,2021-05-05 08:15:00,240.0,240.0
D1,F1-union-without-lag_1_4-lightgbm,0,4,2021-05-06,96,1.0,True,199.0,177.49096031960892,-21.509039680391083,21.509039680391083,2021-05-06 09:00:00,2021-05-06 09:15:00,15.0,15.0
D1,F1-union-without-lag_1_4-lightgbm,0,4,2021-05-07,96,1.0,True,181.0,178.5750978722451,-2.4249021277549048,2.4249021277549048,2021-05-07 09:00:00,2021-05-07 08:45:00,-15.0,15.0
D1,F1-union-without-lag_1_4-lightgbm,0,4,2021-05-08,96,1.0,True,115.0,110.96171544400447,-4.038284555995531,4.038284555995531,2021-05-08 02:00:00,2021-05-08 02:00:00,0.0,0.0
D1,F1-union-without-lag_1_4-lightgbm,0,4,2021-05-09,96,1.0,True,184.0,166.18197304921787,-17.818026950782127,17.818026950782127,2021-05-09 09:00:00,2021-05-09 13:45:00,285.0,285.0
D1,F1-union-without-lag_1_4-lightgbm,0,5,2021-04-19,96,1.0,True,172.0,167.53870478258114,-4.461295217418865,4.461295217418865,2021-04-19 08:45:00,2021-04-19 11:45:00,180.0,180.0
D1,F1-union-without-lag_1_4-lightgbm,0,5,2021-04-20,96,1.0,True,172.0,164.02449660913007,-7.975503390869932,7.975503390869932,2021-04-20 08:45:00,2021-04-20 14:00:00,315.0,315.0
D1,F1-union-without-lag_1_4-lightgbm,0,5,2021-04-21,96,1.0,True,174.0,166.65520838038157,-7.344791619618434,7.344791619618434,2021-04-21 08:30:00,2021-04-21 11:00:00,150.0,150.0
D1,F1-union-without-lag_1_4-lightgbm,0,5,2021-04-22,96,1.0,True,174.0,172.03047316516322,-1.9695268348367847,1.9695268348367847,2021-04-22 08:30:00,2021-04-22 09:00:00,30.0,30.0
D1,F1-union-without-lag_1_4-lightgbm,0,5,2021-04-23,96,1.0,True,174.0,167.2352696911809,-6.764730308819111,6.764730308819111,2021-04-23 08:30:00,2021-04-23 13:45:00,315.0,315.0
D1,F1-union-without-lag_1_4-lightgbm,0,5,2021-04-24,96,1.0,True,112.0,112.3723130763349,0.37231307633490474,0.37231307633490474,2021-04-24 06:15:00,2021-04-24 03:30:00,-165.0,165.0
D1,F1-union-without-lag_1_4-lightgbm,0,5,2021-04-25,96,1.0,True,25.0,25.90697181206486,0.9069718120648602,0.9069718120648602,2021-04-25 01:30:00,2021-04-25 08:15:00,405.0,405.0
D1,F1-union-without-lag_1_4-lightgbm,0,5,2021-05-03,96,1.0,True,184.0,185.67092417271948,1.6709241727194808,1.6709241727194808,2021-05-03 08:30:00,2021-05-03 09:30:00,60.0,60.0
D1,F1-union-without-lag_1_4-lightgbm,0,5,2021-05-04,96,1.0,True,181.0,175.34170148969125,-5.658298510308754,5.658298510308754,2021-05-04 08:30:00,2021-05-04 09:45:00,75.0,75.0
D1,F1-union-without-lag_1_4-lightgbm,0,5,2021-05-05,96,1.0,True,120.0,167.88757965118594,47.887579651185945,47.887579651185945,2021-05-05 04:15:00,2021-05-05 08:15:00,240.0,240.0
D1,F1-union-without-lag_1_4-lightgbm,0,5,2021-05-06,96,1.0,True,199.0,181.19656129442424,-17.803438705575758,17.803438705575758,2021-05-06 09:00:00,2021-05-06 11:45:00,165.0,165.0
D1,F1-union-without-lag_1_4-lightgbm,0,5,2021-05-07,96,1.0,True,181.0,178.04922164994142,-2.9507783500585845,2.9507783500585845,2021-05-07 09:00:00,2021-05-07 08:45:00,-15.0,15.0
D1,F1-union-without-lag_1_4-lightgbm,0,5,2021-05-08,96,1.0,True,115.0,110.72548735672824,-4.274512643271763,4.274512643271763,2021-05-08 02:00:00,2021-05-08 06:15:00,255.0,255.0
D1,F1-union-without-lag_1_4-lightgbm,0,5,2021-05-09,96,1.0,True,184.0,179.12383505382857,-4.8761649461714285,4.8761649461714285,2021-05-09 09:00:00,2021-05-09 13:45:00,285.0,285.0
D1,F1-union-without-lag_1_4-lightgbm,0,6,2021-04-19,96,1.0,True,172.0,180.93801004687373,8.938010046873728,8.938010046873728,2021-04-19 08:45:00,2021-04-19 10:45:00,120.0,120.0
D1,F1-union-without-lag_1_4-lightgbm,0,6,2021-04-20,96,1.0,True,172.0,173.05105013460522,1.0510501346052195,1.0510501346052195,2021-04-20 08:45:00,2021-04-20 12:00:00,195.0,195.0
D1,F1-union-without-lag_1_4-lightgbm,0,6,2021-04-21,96,1.0,True,174.0,173.48577155850336,-0.5142284414966412,0.5142284414966412,2021-04-21 08:30:00,2021-04-21 14:00:00,330.0,330.0
D1,F1-union-without-lag_1_4-lightgbm,0,6,2021-04-22,96,1.0,True,174.0,175.13989840964913,1.1398984096491347,1.1398984096491347,2021-04-22 08:30:00,2021-04-22 11:00:00,150.0,150.0
D1,F1-union-without-lag_1_4-lightgbm,0,6,2021-04-23,96,1.0,True,174.0,165.1343961836733,-8.865603816326711,8.865603816326711,2021-04-23 08:30:00,2021-04-23 13:45:00,315.0,315.0
D1,F1-union-without-lag_1_4-lightgbm,0,6,2021-04-24,96,1.0,True,112.0,111.93892102140052,-0.061078978599482525,0.061078978599482525,2021-04-24 06:15:00,2021-04-24 02:00:00,-255.0,255.0
D1,F1-union-without-lag_1_4-lightgbm,0,6,2021-04-25,96,1.0,True,25.0,25.338270492399637,0.33827049239963713,0.33827049239963713,2021-04-25 01:30:00,2021-04-25 01:30:00,0.0,0.0
D1,F1-union-without-lag_1_4-lightgbm,0,6,2021-05-03,96,1.0,True,184.0,184.8728376711397,0.8728376711397061,0.8728376711397061,2021-05-03 08:30:00,2021-05-03 09:00:00,30.0,30.0
D1,F1-union-without-lag_1_4-lightgbm,0,6,2021-05-04,96,1.0,True,181.0,179.7397696626536,-1.2602303373463997,1.2602303373463997,2021-05-04 08:30:00,2021-05-04 15:00:00,390.0,390.0
D1,F1-union-without-lag_1_4-lightgbm,0,6,2021-05-05,96,1.0,True,120.0,171.9157263316989,51.91572633169889,51.91572633169889,2021-05-05 04:15:00,2021-05-05 08:45:00,270.0,270.0
D1,F1-union-without-lag_1_4-lightgbm,0,6,2021-05-06,96,1.0,True,199.0,178.0736890189861,-20.9263109810139,20.9263109810139,2021-05-06 09:00:00,2021-05-06 11:45:00,165.0,165.0
D1,F1-union-without-lag_1_4-lightgbm,0,6,2021-05-07,96,1.0,True,181.0,177.84867938563625,-3.1513206143637547,3.1513206143637547,2021-05-07 09:00:00,2021-05-07 11:00:00,120.0,120.0
D1,F1-union-without-lag_1_4-lightgbm,0,6,2021-05-08,96,1.0,True,115.0,109.63680760019963,-5.3631923998003685,5.3631923998003685,2021-05-08 02:00:00,2021-05-08 02:00:00,0.0,0.0
D1,F1-union-without-lag_1_4-lightgbm,0,6,2021-05-09,96,1.0,True,184.0,176.209001580523,-7.790998419477006,7.790998419477006,2021-05-09 09:00:00,2021-05-09 12:00:00,180.0,180.0
D1,F1-union-without-lag_1_4-lightgbm,0,7,2021-04-19,96,1.0,True,172.0,177.15253019546634,5.1525301954663405,5.1525301954663405,2021-04-19 08:45:00,2021-04-19 10:30:00,105.0,105.0
D1,F1-union-without-lag_1_4-lightgbm,0,7,2021-04-20,96,1.0,True,172.0,167.94714211477304,-4.052857885226956,4.052857885226956,2021-04-20 08:45:00,2021-04-20 12:00:00,195.0,195.0
D1,F1-union-without-lag_1_4-lightgbm,0,7,2021-04-21,96,1.0,True,174.0,172.72622914892236,-1.2737708510776429,1.2737708510776429,2021-04-21 08:30:00,2021-04-21 11:00:00,150.0,150.0
D1,F1-union-without-lag_1_4-lightgbm,0,7,2021-04-22,96,1.0,True,174.0,172.41027060613797,-1.5897293938620294,1.5897293938620294,2021-04-22 08:30:00,2021-04-22 11:00:00,150.0,150.0
D1,F1-union-without-lag_1_4-lightgbm,0,7,2021-04-23,96,1.0,True,174.0,153.03255221443507,-20.96744778556493,20.96744778556493,2021-04-23 08:30:00,2021-04-23 10:15:00,105.0,105.0
D1,F1-union-without-lag_1_4-lightgbm,0,7,2021-04-24,96,1.0,True,112.0,110.66177508683217,-1.338224913167835,1.338224913167835,2021-04-24 06:15:00,2021-04-24 03:30:00,-165.0,165.0
D1,F1-union-without-lag_1_4-lightgbm,0,7,2021-04-25,96,1.0,True,25.0,26.557704733896518,1.557704733896518,1.557704733896518,2021-04-25 01:30:00,2021-04-25 08:15:00,405.0,405.0
D1,F1-union-without-lag_1_4-lightgbm,0,7,2021-05-03,96,1.0,True,184.0,185.7457383157086,1.7457383157085928,1.7457383157085928,2021-05-03 08:30:00,2021-05-03 10:00:00,90.0,90.0
D1,F1-union-without-lag_1_4-lightgbm,0,7,2021-05-04,96,1.0,True,181.0,178.25677980877833,-2.743220191221667,2.743220191221667,2021-05-04 08:30:00,2021-05-04 11:00:00,150.0,150.0
D1,F1-union-without-lag_1_4-lightgbm,0,7,2021-05-05,96,1.0,True,120.0,173.8077164509323,53.807716450932304,53.807716450932304,2021-05-05 04:15:00,2021-05-05 09:00:00,285.0,285.0
D1,F1-union-without-lag_1_4-lightgbm,0,7,2021-05-06,96,1.0,True,199.0,180.4180396108196,-18.58196038918041,18.58196038918041,2021-05-06 09:00:00,2021-05-06 14:00:00,300.0,300.0
D1,F1-union-without-lag_1_4-lightgbm,0,7,2021-05-07,96,1.0,True,181.0,175.6121377150237,-5.387862284976308,5.387862284976308,2021-05-07 09:00:00,2021-05-07 10:30:00,90.0,90.0
D1,F1-union-without-lag_1_4-lightgbm,0,7,2021-05-08,96,1.0,True,115.0,111.05024119823761,-3.9497588017623855,3.9497588017623855,2021-05-08 02:00:00,2021-05-08 03:30:00,90.0,90.0
D1,F1-union-without-lag_1_4-lightgbm,0,7,2021-05-09,96,1.0,True,184.0,173.332677746846,-10.667322253153998,10.667322253153998,2021-05-09 09:00:00,2021-05-09 12:00:00,180.0,180.0
D1,F1-union-without-lag_1_4-lightgbm,0,8,2021-04-19,96,1.0,True,172.0,173.34560152684227,1.3456015268422732,1.3456015268422732,2021-04-19 08:45:00,2021-04-19 10:45:00,120.0,120.0
D1,F1-union-without-lag_1_4-lightgbm,0,8,2021-04-20,96,1.0,True,172.0,165.8099384551107,-6.190061544889289,6.190061544889289,2021-04-20 08:45:00,2021-04-20 11:45:00,180.0,180.0
D1,F1-union-without-lag_1_4-lightgbm,0,8,2021-04-21,96,1.0,True,174.0,168.9058766783533,-5.094123321646691,5.094123321646691,2021-04-21 08:30:00,2021-04-21 11:00:00,150.0,150.0
D1,F1-union-without-lag_1_4-lightgbm,0,8,2021-04-22,96,1.0,True,174.0,168.94883250682554,-5.051167493174461,5.051167493174461,2021-04-22 08:30:00,2021-04-22 11:15:00,165.0,165.0
D1,F1-union-without-lag_1_4-lightgbm,0,8,2021-04-23,96,1.0,True,174.0,146.47570512083428,-27.524294879165723,27.524294879165723,2021-04-23 08:30:00,2021-04-23 10:15:00,105.0,105.0
D1,F1-union-without-lag_1_4-lightgbm,0,8,2021-04-24,96,1.0,True,112.0,112.37401968688235,0.3740196868823489,0.3740196868823489,2021-04-24 06:15:00,2021-04-24 03:30:00,-165.0,165.0
D1,F1-union-without-lag_1_4-lightgbm,0,8,2021-04-25,96,1.0,True,25.0,27.000395566513458,2.0003955665134576,2.0003955665134576,2021-04-25 01:30:00,2021-04-25 08:15:00,405.0,405.0
D1,F1-union-without-lag_1_4-lightgbm,0,8,2021-05-03,96,1.0,True,184.0,178.3912835257712,-5.6087164742288,5.6087164742288,2021-05-03 08:30:00,2021-05-03 12:00:00,210.0,210.0
D1,F1-union-without-lag_1_4-lightgbm,0,8,2021-05-04,96,1.0,True,181.0,178.24979489044,-2.7502051095599995,2.7502051095599995,2021-05-04 08:30:00,2021-05-04 15:00:00,390.0,390.0
D1,F1-union-without-lag_1_4-lightgbm,0,8,2021-05-05,96,1.0,True,120.0,174.88071254987824,54.88071254987824,54.88071254987824,2021-05-05 04:15:00,2021-05-05 08:30:00,255.0,255.0
D1,F1-union-without-lag_1_4-lightgbm,0,8,2021-05-06,96,1.0,True,199.0,178.02894745168948,-20.971052548310524,20.971052548310524,2021-05-06 09:00:00,2021-05-06 11:45:00,165.0,165.0
D1,F1-union-without-lag_1_4-lightgbm,0,8,2021-05-07,96,1.0,True,181.0,175.21363783014812,-5.786362169851884,5.786362169851884,2021-05-07 09:00:00,2021-05-07 10:45:00,105.0,105.0
D1,F1-union-without-lag_1_4-lightgbm,0,8,2021-05-08,96,1.0,True,115.0,107.0721159936608,-7.927884006339198,7.927884006339198,2021-05-08 02:00:00,2021-05-08 06:15:00,255.0,255.0
D1,F1-union-without-lag_1_4-lightgbm,0,8,2021-05-09,96,1.0,True,184.0,175.54281242735175,-8.457187572648252,8.457187572648252,2021-05-09 09:00:00,2021-05-09 12:00:00,180.0,180.0
D1,F1-union-without-lag_1_4-lightgbm,0,9,2021-04-19,96,1.0,True,172.0,188.30889201237423,16.30889201237423,16.30889201237423,2021-04-19 08:45:00,2021-04-19 10:30:00,105.0,105.0
D1,F1-union-without-lag_1_4-lightgbm,0,9,2021-04-20,96,1.0,True,172.0,175.13753362714647,3.1375336271464676,3.1375336271464676,2021-04-20 08:45:00,2021-04-20 11:15:00,150.0,150.0
D1,F1-union-without-lag_1_4-lightgbm,0,9,2021-04-21,96,1.0,True,174.0,172.60661748533283,-1.3933825146671666,1.3933825146671666,2021-04-21 08:30:00,2021-04-21 10:45:00,135.0,135.0
D1,F1-union-without-lag_1_4-lightgbm,0,9,2021-04-22,96,1.0,True,174.0,171.26579423343838,-2.7342057665616153,2.7342057665616153,2021-04-22 08:30:00,2021-04-22 11:00:00,150.0,150.0
D1,F1-union-without-lag_1_4-lightgbm,0,9,2021-04-23,96,1.0,True,174.0,143.01338690836303,-30.98661309163697,30.98661309163697,2021-04-23 08:30:00,2021-04-23 18:00:00,570.0,570.0
D1,F1-union-without-lag_1_4-lightgbm,0,9,2021-04-24,96,1.0,True,112.0,110.88259715690043,-1.117402843099569,1.117402843099569,2021-04-24 06:15:00,2021-04-24 01:45:00,-270.0,270.0
D1,F1-union-without-lag_1_4-lightgbm,0,9,2021-04-25,96,1.0,True,25.0,31.524518720305256,6.524518720305256,6.524518720305256,2021-04-25 01:30:00,2021-04-25 01:30:00,0.0,0.0
D1,F1-union-without-lag_1_4-lightgbm,0,9,2021-05-03,96,1.0,True,184.0,189.09276377835099,5.092763778350985,5.092763778350985,2021-05-03 08:30:00,2021-05-03 12:00:00,210.0,210.0
D1,F1-union-without-lag_1_4-lightgbm,0,9,2021-05-04,96,1.0,True,181.0,175.80319873691778,-5.196801263082222,5.196801263082222,2021-05-04 08:30:00,2021-05-04 11:15:00,165.0,165.0
D1,F1-union-without-lag_1_4-lightgbm,0,9,2021-05-05,96,1.0,True,120.0,172.89893386978227,52.89893386978227,52.89893386978227,2021-05-05 04:15:00,2021-05-05 08:45:00,270.0,270.0
D1,F1-union-without-lag_1_4-lightgbm,0,9,2021-05-06,96,1.0,True,199.0,181.80269006861536,-17.197309931384638,17.197309931384638,2021-05-06 09:00:00,2021-05-06 11:45:00,165.0,165.0
D1,F1-union-without-lag_1_4-lightgbm,0,9,2021-05-07,96,1.0,True,181.0,171.79999191608744,-9.200008083912564,9.200008083912564,2021-05-07 09:00:00,2021-05-07 11:00:00,120.0,120.0
D1,F1-union-without-lag_1_4-lightgbm,0,9,2021-05-08,96,1.0,True,115.0,111.36398476806554,-3.636015231934465,3.636015231934465,2021-05-08 02:00:00,2021-05-08 06:15:00,255.0,255.0
D1,F1-union-without-lag_1_4-lightgbm,0,9,2021-05-09,96,1.0,True,184.0,178.36751256073708,-5.632487439262917,5.632487439262917,2021-05-09 09:00:00,2021-05-09 12:00:00,180.0,180.0
D1,F1-union-without-lag_1_4-lightgbm,0,10,2021-04-19,96,1.0,True,172.0,192.82691912893733,20.826919128937334,20.826919128937334,2021-04-19 08:45:00,2021-04-19 10:45:00,120.0,120.0
D1,F1-union-without-lag_1_4-lightgbm,0,10,2021-04-20,96,1.0,True,172.0,167.84869419737618,-4.151305802623824,4.151305802623824,2021-04-20 08:45:00,2021-04-20 12:00:00,195.0,195.0
D1,F1-union-without-lag_1_4-lightgbm,0,10,2021-04-21,96,1.0,True,174.0,175.167771365647,1.1677713656470132,1.1677713656470132,2021-04-21 08:30:00,2021-04-21 11:00:00,150.0,150.0
D1,F1-union-without-lag_1_4-lightgbm,0,10,2021-04-22,96,1.0,True,174.0,173.8120916809069,-0.18790831909311123,0.18790831909311123,2021-04-22 08:30:00,2021-04-22 11:00:00,150.0,150.0
D1,F1-union-without-lag_1_4-lightgbm,0,10,2021-04-23,96,1.0,True,174.0,151.55189670362293,-22.44810329637707,22.44810329637707,2021-04-23 08:30:00,2021-04-23 15:45:00,435.0,435.0
D1,F1-union-without-lag_1_4-lightgbm,0,10,2021-04-24,96,1.0,True,112.0,114.96997599340388,2.969975993403878,2.969975993403878,2021-04-24 06:15:00,2021-04-24 03:30:00,-165.0,165.0
D1,F1-union-without-lag_1_4-lightgbm,0,10,2021-04-25,96,1.0,True,25.0,23.692357951337186,-1.3076420486628137,1.3076420486628137,2021-04-25 01:30:00,2021-04-25 01:30:00,0.0,0.0
D1,F1-union-without-lag_1_4-lightgbm,0,10,2021-05-03,96,1.0,True,184.0,192.73258935361886,8.732589353618863,8.732589353618863,2021-05-03 08:30:00,2021-05-03 12:00:00,210.0,210.0
D1,F1-union-without-lag_1_4-lightgbm,0,10,2021-05-04,96,1.0,True,181.0,178.13850378313123,-2.8614962168687725,2.8614962168687725,2021-05-04 08:30:00,2021-05-04 11:15:00,165.0,165.0
D1,F1-union-without-lag_1_4-lightgbm,0,10,2021-05-05,96,1.0,True,120.0,177.07871538730456,57.078715387304555,57.078715387304555,2021-05-05 04:15:00,2021-05-05 09:00:00,285.0,285.0
D1,F1-union-without-lag_1_4-lightgbm,0,10,2021-05-06,96,1.0,True,199.0,181.35833916955335,-17.641660830446654,17.641660830446654,2021-05-06 09:00:00,2021-05-06 11:45:00,165.0,165.0
D1,F1-union-without-lag_1_4-lightgbm,0,10,2021-05-07,96,1.0,True,181.0,177.5022249015579,-3.497775098442105,3.497775098442105,2021-05-07 09:00:00,2021-05-07 11:15:00,135.0,135.0
D1,F1-union-without-lag_1_4-lightgbm,0,10,2021-05-08,96,1.0,True,115.0,112.29295010109959,-2.707049898900408,2.707049898900408,2021-05-08 02:00:00,2021-05-08 06:15:00,255.0,255.0
D1,F1-union-without-lag_1_4-lightgbm,0,10,2021-05-09,96,1.0,True,184.0,157.25231807442387,-26.74768192557613,26.74768192557613,2021-05-09 09:00:00,2021-05-09 13:45:00,285.0,285.0
D1,F1-union-without-lag_1_4-lightgbm,0,11,2021-04-19,96,1.0,True,172.0,186.41751182359656,14.417511823596556,14.417511823596556,2021-04-19 08:45:00,2021-04-19 11:30:00,165.0,165.0
D1,F1-union-without-lag_1_4-lightgbm,0,11,2021-04-20,96,1.0,True,172.0,170.16230329600853,-1.837696703991469,1.837696703991469,2021-04-20 08:45:00,2021-04-20 11:15:00,150.0,150.0
D1,F1-union-without-lag_1_4-lightgbm,0,11,2021-04-21,96,1.0,True,174.0,171.30423327388908,-2.695766726110918,2.695766726110918,2021-04-21 08:30:00,2021-04-21 11:15:00,165.0,165.0
D1,F1-union-without-lag_1_4-lightgbm,0,11,2021-04-22,96,1.0,True,174.0,175.2233397885186,1.2233397885185866,1.2233397885185866,2021-04-22 08:30:00,2021-04-22 11:15:00,165.0,165.0
D1,F1-union-without-lag_1_4-lightgbm,0,11,2021-04-23,96,1.0,True,174.0,143.83379048610766,-30.16620951389234,30.16620951389234,2021-04-23 08:30:00,2021-04-23 18:00:00,570.0,570.0
D1,F1-union-without-lag_1_4-lightgbm,0,11,2021-04-24,96,1.0,True,112.0,111.9685092369746,-0.03149076302540266,0.03149076302540266,2021-04-24 06:15:00,2021-04-24 02:00:00,-255.0,255.0
D1,F1-union-without-lag_1_4-lightgbm,0,11,2021-04-25,96,1.0,True,25.0,24.790436906364704,-0.20956309363529613,0.20956309363529613,2021-04-25 01:30:00,2021-04-25 01:00:00,-30.0,30.0
D1,F1-union-without-lag_1_4-lightgbm,0,11,2021-05-03,96,1.0,True,184.0,182.59657350086295,-1.4034264991370549,1.4034264991370549,2021-05-03 08:30:00,2021-05-03 12:00:00,210.0,210.0
D1,F1-union-without-lag_1_4-lightgbm,0,11,2021-05-04,96,1.0,True,181.0,176.25743454931794,-4.742565450682065,4.742565450682065,2021-05-04 08:30:00,2021-05-04 08:30:00,0.0,0.0
D1,F1-union-without-lag_1_4-lightgbm,0,11,2021-05-05,96,1.0,True,120.0,179.44745793308462,59.44745793308462,59.44745793308462,2021-05-05 04:15:00,2021-05-05 08:30:00,255.0,255.0
D1,F1-union-without-lag_1_4-lightgbm,0,11,2021-05-06,96,1.0,True,199.0,185.42529076713572,-13.57470923286428,13.57470923286428,2021-05-06 09:00:00,2021-05-06 11:45:00,165.0,165.0
D1,F1-union-without-lag_1_4-lightgbm,0,11,2021-05-07,96,1.0,True,181.0,173.00494255760407,-7.995057442395932,7.995057442395932,2021-05-07 09:00:00,2021-05-07 11:15:00,135.0,135.0
D1,F1-union-without-lag_1_4-lightgbm,0,11,2021-05-08,96,1.0,True,115.0,108.82022354691811,-6.179776453081885,6.179776453081885,2021-05-08 02:00:00,2021-05-08 04:30:00,150.0,150.0
D1,F1-union-without-lag_1_4-lightgbm,0,11,2021-05-09,96,1.0,True,184.0,164.51989976358706,-19.480100236412937,19.480100236412937,2021-05-09 09:00:00,2021-05-09 13:30:00,270.0,270.0
D1,F1-union-without-lag_1_4-lightgbm,0,12,2021-04-19,96,1.0,True,172.0,183.1957387498685,11.195738749868497,11.195738749868497,2021-04-19 08:45:00,2021-04-19 11:45:00,180.0,180.0
D1,F1-union-without-lag_1_4-lightgbm,0,12,2021-04-20,96,1.0,True,172.0,168.86931965583165,-3.130680344168354,3.130680344168354,2021-04-20 08:45:00,2021-04-20 11:45:00,180.0,180.0
D1,F1-union-without-lag_1_4-lightgbm,0,12,2021-04-21,96,1.0,True,174.0,169.27380788650765,-4.7261921134923455,4.7261921134923455,2021-04-21 08:30:00,2021-04-21 11:45:00,195.0,195.0
D1,F1-union-without-lag_1_4-lightgbm,0,12,2021-04-22,96,1.0,True,174.0,171.96463560388068,-2.03536439611932,2.03536439611932,2021-04-22 08:30:00,2021-04-22 11:15:00,165.0,165.0
D1,F1-union-without-lag_1_4-lightgbm,0,12,2021-04-23,96,1.0,True,174.0,146.25273197435016,-27.747268025649845,27.747268025649845,2021-04-23 08:30:00,2021-04-23 12:00:00,210.0,210.0
D1,F1-union-without-lag_1_4-lightgbm,0,12,2021-04-24,96,1.0,True,112.0,115.68117267735153,3.681172677351526,3.681172677351526,2021-04-24 06:15:00,2021-04-24 04:15:00,-120.0,120.0
D1,F1-union-without-lag_1_4-lightgbm,0,12,2021-04-25,96,1.0,True,25.0,26.638003137361427,1.6380031373614266,1.6380031373614266,2021-04-25 01:30:00,2021-04-25 01:30:00,0.0,0.0
D1,F1-union-without-lag_1_4-lightgbm,0,12,2021-05-03,96,1.0,True,184.0,182.62491966407194,-1.375080335928061,1.375080335928061,2021-05-03 08:30:00,2021-05-03 12:00:00,210.0,210.0
D1,F1-union-without-lag_1_4-lightgbm,0,12,2021-05-04,96,1.0,True,181.0,178.38792772549525,-2.6120722745047544,2.6120722745047544,2021-05-04 08:30:00,2021-05-04 09:15:00,45.0,45.0
D1,F1-union-without-lag_1_4-lightgbm,0,12,2021-05-05,96,1.0,True,120.0,176.9301966090167,56.93019660901669,56.93019660901669,2021-05-05 04:15:00,2021-05-05 08:45:00,270.0,270.0
D1,F1-union-without-lag_1_4-lightgbm,0,12,2021-05-06,96,1.0,True,199.0,176.68598531097774,-22.314014689022258,22.314014689022258,2021-05-06 09:00:00,2021-05-06 13:45:00,285.0,285.0
D1,F1-union-without-lag_1_4-lightgbm,0,12,2021-05-07,96,1.0,True,181.0,170.83608085089767,-10.163919149102327,10.163919149102327,2021-05-07 09:00:00,2021-05-07 11:45:00,165.0,165.0
D1,F1-union-without-lag_1_4-lightgbm,0,12,2021-05-08,96,1.0,True,115.0,106.61069192764622,-8.389308072353785,8.389308072353785,2021-05-08 02:00:00,2021-05-08 06:15:00,255.0,255.0
D1,F1-union-without-lag_1_4-lightgbm,0,12,2021-05-09,96,1.0,True,184.0,157.6880534003085,-26.31194659969151,26.31194659969151,2021-05-09 09:00:00,2021-05-09 16:15:00,435.0,435.0
D1,F1-union-without-lag_1_4-lightgbm,0,13,2021-04-19,96,1.0,True,172.0,183.38241221822193,11.38241221822193,11.38241221822193,2021-04-19 08:45:00,2021-04-19 12:00:00,195.0,195.0
D1,F1-union-without-lag_1_4-lightgbm,0,13,2021-04-20,96,1.0,True,172.0,170.15272193497344,-1.8472780650265577,1.8472780650265577,2021-04-20 08:45:00,2021-04-20 12:00:00,195.0,195.0
D1,F1-union-without-lag_1_4-lightgbm,0,13,2021-04-21,96,1.0,True,174.0,169.6795328203619,-4.3204671796380865,4.3204671796380865,2021-04-21 08:30:00,2021-04-21 11:45:00,195.0,195.0
D1,F1-union-without-lag_1_4-lightgbm,0,13,2021-04-22,96,1.0,True,174.0,170.82702241914757,-3.1729775808524323,3.1729775808524323,2021-04-22 08:30:00,2021-04-22 11:30:00,180.0,180.0
D1,F1-union-without-lag_1_4-lightgbm,0,13,2021-04-23,96,1.0,True,174.0,154.82594187401781,-19.174058125982185,19.174058125982185,2021-04-23 08:30:00,2021-04-23 11:45:00,195.0,195.0
D1,F1-union-without-lag_1_4-lightgbm,0,13,2021-04-24,96,1.0,True,112.0,115.33707162120974,3.337071621209745,3.337071621209745,2021-04-24 06:15:00,2021-04-24 04:15:00,-120.0,120.0
D1,F1-union-without-lag_1_4-lightgbm,0,13,2021-04-25,96,1.0,True,25.0,26.172874813270507,1.1728748132705071,1.1728748132705071,2021-04-25 01:30:00,2021-04-25 01:30:00,0.0,0.0
D1,F1-union-without-lag_1_4-lightgbm,0,13,2021-05-03,96,1.0,True,184.0,185.77295688193252,1.7729568819325152,1.7729568819325152,2021-05-03 08:30:00,2021-05-03 11:45:00,195.0,195.0
D1,F1-union-without-lag_1_4-lightgbm,0,13,2021-05-04,96,1.0,True,181.0,177.10605233045152,-3.8939476695484814,3.8939476695484814,2021-05-04 08:30:00,2021-05-04 09:45:00,75.0,75.0
D1,F1-union-without-lag_1_4-lightgbm,0,13,2021-05-05,96,1.0,True,120.0,178.1234977794043,58.12349777940429,58.12349777940429,2021-05-05 04:15:00,2021-05-05 08:45:00,270.0,270.0
D1,F1-union-without-lag_1_4-lightgbm,0,13,2021-05-06,96,1.0,True,199.0,180.61997687738048,-18.38002312261952,18.38002312261952,2021-05-06 09:00:00,2021-05-06 13:45:00,285.0,285.0
D1,F1-union-without-lag_1_4-lightgbm,0,13,2021-05-07,96,1.0,True,181.0,172.81105774567234,-8.188942254327657,8.188942254327657,2021-05-07 09:00:00,2021-05-07 11:15:00,135.0,135.0
D1,F1-union-without-lag_1_4-lightgbm,0,13,2021-05-08,96,1.0,True,115.0,109.78942032190132,-5.210579678098682,5.210579678098682,2021-05-08 02:00:00,2021-05-08 01:45:00,-15.0,15.0
D1,F1-union-without-lag_1_4-lightgbm,0,13,2021-05-09,96,1.0,True,184.0,166.00714205093792,-17.992857949062085,17.992857949062085,2021-05-09 09:00:00,2021-05-09 16:30:00,450.0,450.0
D1,F1-union-without-lag_1_4-lightgbm,0,14,2021-04-19,96,1.0,True,172.0,184.57175699563126,12.571756995631262,12.571756995631262,2021-04-19 08:45:00,2021-04-19 12:00:00,195.0,195.0
D1,F1-union-without-lag_1_4-lightgbm,0,14,2021-04-20,96,1.0,True,172.0,165.0459209176865,-6.954079082313513,6.954079082313513,2021-04-20 08:45:00,2021-04-20 16:00:00,435.0,435.0
D1,F1-union-without-lag_1_4-lightgbm,0,14,2021-04-21,96,1.0,True,174.0,168.80314004587368,-5.1968599541263245,5.1968599541263245,2021-04-21 08:30:00,2021-04-21 14:00:00,330.0,330.0
D1,F1-union-without-lag_1_4-lightgbm,0,14,2021-04-22,96,1.0,True,174.0,171.2291180250469,-2.770881974953113,2.770881974953113,2021-04-22 08:30:00,2021-04-22 11:15:00,165.0,165.0
D1,F1-union-without-lag_1_4-lightgbm,0,14,2021-04-23,96,1.0,True,174.0,160.9679644566902,-13.032035543309803,13.032035543309803,2021-04-23 08:30:00,2021-04-23 11:45:00,195.0,195.0
D1,F1-union-without-lag_1_4-lightgbm,0,14,2021-04-24,96,1.0,True,112.0,110.93712361452296,-1.0628763854770398,1.0628763854770398,2021-04-24 06:15:00,2021-04-24 02:00:00,-255.0,255.0
D1,F1-union-without-lag_1_4-lightgbm,0,14,2021-04-25,96,1.0,True,25.0,25.504505699247396,0.504505699247396,0.504505699247396,2021-04-25 01:30:00,2021-04-25 17:30:00,960.0,960.0
D1,F1-union-without-lag_1_4-lightgbm,0,14,2021-05-03,96,1.0,True,184.0,183.86832604562298,-0.13167395437702112,0.13167395437702112,2021-05-03 08:30:00,2021-05-03 12:00:00,210.0,210.0
D1,F1-union-without-lag_1_4-lightgbm,0,14,2021-05-04,96,1.0,True,181.0,175.1960162908498,-5.803983709150202,5.803983709150202,2021-05-04 08:30:00,2021-05-04 11:00:00,150.0,150.0
D1,F1-union-without-lag_1_4-lightgbm,0,14,2021-05-05,96,1.0,True,120.0,179.81100106420925,59.81100106420925,59.81100106420925,2021-05-05 04:15:00,2021-05-05 08:45:00,270.0,270.0
D1,F1-union-without-lag_1_4-lightgbm,0,14,2021-05-06,96,1.0,True,199.0,184.34497457159418,-14.655025428405821,14.655025428405821,2021-05-06 09:00:00,2021-05-06 13:45:00,285.0,285.0
D1,F1-union-without-lag_1_4-lightgbm,0,14,2021-05-07,96,1.0,True,181.0,175.7457471446918,-5.254252855308209,5.254252855308209,2021-05-07 09:00:00,2021-05-07 11:45:00,165.0,165.0
D1,F1-union-without-lag_1_4-lightgbm,0,14,2021-05-08,96,1.0,True,115.0,103.10920006981983,-11.890799930180165,11.890799930180165,2021-05-08 02:00:00,2021-05-08 06:30:00,270.0,270.0
D1,F1-union-without-lag_1_4-lightgbm,0,14,2021-05-09,96,1.0,True,184.0,164.60959990152122,-19.39040009847878,19.39040009847878,2021-05-09 09:00:00,2021-05-09 16:45:00,465.0,465.0
D1,F1-union-without-lag_1_4-lightgbm,0,15,2021-04-19,96,1.0,True,172.0,178.5215206807846,6.52152068078459,6.52152068078459,2021-04-19 08:45:00,2021-04-19 12:00:00,195.0,195.0
D1,F1-union-without-lag_1_4-lightgbm,0,15,2021-04-20,96,1.0,True,172.0,167.3916930279899,-4.608306972010098,4.608306972010098,2021-04-20 08:45:00,2021-04-20 11:45:00,180.0,180.0
D1,F1-union-without-lag_1_4-lightgbm,0,15,2021-04-21,96,1.0,True,174.0,167.4230866710543,-6.576913328945693,6.576913328945693,2021-04-21 08:30:00,2021-04-21 11:45:00,195.0,195.0
D1,F1-union-without-lag_1_4-lightgbm,0,15,2021-04-22,96,1.0,True,174.0,170.29271943722182,-3.7072805627781804,3.7072805627781804,2021-04-22 08:30:00,2021-04-22 12:00:00,210.0,210.0
D1,F1-union-without-lag_1_4-lightgbm,0,15,2021-04-23,96,1.0,True,174.0,152.27755561182096,-21.722444388179042,21.722444388179042,2021-04-23 08:30:00,2021-04-23 11:45:00,195.0,195.0
D1,F1-union-without-lag_1_4-lightgbm,0,15,2021-04-24,96,1.0,True,112.0,113.1622653069287,1.1622653069287026,1.1622653069287026,2021-04-24 06:15:00,2021-04-24 04:15:00,-120.0,120.0
D1,F1-union-without-lag_1_4-lightgbm,0,15,2021-04-25,96,1.0,True,25.0,26.705518754343522,1.7055187543435224,1.7055187543435224,2021-04-25 01:30:00,2021-04-25 03:30:00,120.0,120.0
D1,F1-union-without-lag_1_4-lightgbm,0,15,2021-05-03,96,1.0,True,184.0,181.7053013109149,-2.294698689085095,2.294698689085095,2021-05-03 08:30:00,2021-05-03 12:00:00,210.0,210.0
D1,F1-union-without-lag_1_4-lightgbm,0,15,2021-05-04,96,1.0,True,181.0,179.31029237945458,-1.6897076205454198,1.6897076205454198,2021-05-04 08:30:00,2021-05-04 09:00:00,30.0,30.0
D1,F1-union-without-lag_1_4-lightgbm,0,15,2021-05-05,96,1.0,True,120.0,178.1886189957753,58.1886189957753,58.1886189957753,2021-05-05 04:15:00,2021-05-05 08:45:00,270.0,270.0
D1,F1-union-without-lag_1_4-lightgbm,0,15,2021-05-06,96,1.0,True,199.0,177.95171435799753,-21.04828564200247,21.04828564200247,2021-05-06 09:00:00,2021-05-06 14:00:00,300.0,300.0
D1,F1-union-without-lag_1_4-lightgbm,0,15,2021-05-07,96,1.0,True,181.0,166.80629174879866,-14.193708251201343,14.193708251201343,2021-05-07 09:00:00,2021-05-07 11:45:00,165.0,165.0
D1,F1-union-without-lag_1_4-lightgbm,0,15,2021-05-08,96,1.0,True,115.0,106.75606785340771,-8.243932146592286,8.243932146592286,2021-05-08 02:00:00,2021-05-08 02:00:00,0.0,0.0
D1,F1-union-without-lag_1_4-lightgbm,0,15,2021-05-09,96,1.0,True,184.0,160.70787976508274,-23.292120234917263,23.292120234917263,2021-05-09 09:00:00,2021-05-09 15:30:00,390.0,390.0
D1,F1-union-without-lag_1_4-lightgbm,0,16,2021-04-19,96,1.0,True,172.0,180.20187381336177,8.201873813361772,8.201873813361772,2021-04-19 08:45:00,2021-04-19 14:00:00,315.0,315.0
D1,F1-union-without-lag_1_4-lightgbm,0,16,2021-04-20,96,1.0,True,172.0,171.43346456430197,-0.5665354356980288,0.5665354356980288,2021-04-20 08:45:00,2021-04-20 15:30:00,405.0,405.0
D1,F1-union-without-lag_1_4-lightgbm,0,16,2021-04-21,96,1.0,True,174.0,166.27823693261251,-7.721763067387485,7.721763067387485,2021-04-21 08:30:00,2021-04-21 11:45:00,195.0,195.0
D1,F1-union-without-lag_1_4-lightgbm,0,16,2021-04-22,96,1.0,True,174.0,170.0523921866141,-3.9476078133859005,3.9476078133859005,2021-04-22 08:30:00,2021-04-22 12:00:00,210.0,210.0
D1,F1-union-without-lag_1_4-lightgbm,0,16,2021-04-23,96,1.0,True,174.0,152.0489515597608,-21.95104844023919,21.95104844023919,2021-04-23 08:30:00,2021-04-23 11:45:00,195.0,195.0
D1,F1-union-without-lag_1_4-lightgbm,0,16,2021-04-24,96,1.0,True,112.0,113.71288722151482,1.7128872215148192,1.7128872215148192,2021-04-24 06:15:00,2021-04-24 06:15:00,0.0,0.0
D1,F1-union-without-lag_1_4-lightgbm,0,16,2021-04-25,96,1.0,True,25.0,25.930487543209033,0.9304875432090327,0.9304875432090327,2021-04-25 01:30:00,2021-04-25 17:30:00,960.0,960.0
D1,F1-union-without-lag_1_4-lightgbm,0,16,2021-05-03,96,1.0,True,184.0,183.3415432075617,-0.6584567924383009,0.6584567924383009,2021-05-03 08:30:00,2021-05-03 13:45:00,315.0,315.0
D1,F1-union-without-lag_1_4-lightgbm,0,16,2021-05-04,96,1.0,True,181.0,177.45367058706088,-3.546329412939116,3.546329412939116,2021-05-04 08:30:00,2021-05-04 08:30:00,0.0,0.0
D1,F1-union-without-lag_1_4-lightgbm,0,16,2021-05-05,96,1.0,True,120.0,184.6891400059582,64.6891400059582,64.6891400059582,2021-05-05 04:15:00,2021-05-05 08:45:00,270.0,270.0
D1,F1-union-without-lag_1_4-lightgbm,0,16,2021-05-06,96,1.0,True,199.0,182.27048871779064,-16.72951128220936,16.72951128220936,2021-05-06 09:00:00,2021-05-06 13:45:00,285.0,285.0
D1,F1-union-without-lag_1_4-lightgbm,0,16,2021-05-07,96,1.0,True,181.0,171.456705014868,-9.543294985132007,9.543294985132007,2021-05-07 09:00:00,2021-05-07 11:00:00,120.0,120.0
D1,F1-union-without-lag_1_4-lightgbm,0,16,2021-05-08,96,1.0,True,115.0,109.42722011597431,-5.572779884025692,5.572779884025692,2021-05-08 02:00:00,2021-05-08 06:15:00,255.0,255.0
D1,F1-union-without-lag_1_4-lightgbm,0,16,2021-05-09,96,1.0,True,184.0,155.0588352687478,-28.9411647312522,28.9411647312522,2021-05-09 09:00:00,2021-05-09 16:30:00,450.0,450.0
D1,F1-union-without-lag_1_4-lightgbm,1,4,2021-05-31,96,1.0,True,172.0,191.2446133964606,19.244613396460608,19.244613396460608,2021-05-31 10:30:00,2021-05-31 09:00:00,-90.0,90.0
D1,F1-union-without-lag_1_4-lightgbm,1,4,2021-06-01,96,1.0,True,195.0,177.79414797618355,-17.205852023816448,17.205852023816448,2021-06-01 09:00:00,2021-06-01 11:15:00,135.0,135.0
D1,F1-union-without-lag_1_4-lightgbm,1,4,2021-06-02,96,1.0,True,191.0,180.52820540136787,-10.47179459863213,10.47179459863213,2021-06-02 10:45:00,2021-06-02 08:30:00,-135.0,135.0
D1,F1-union-without-lag_1_4-lightgbm,1,4,2021-06-03,96,1.0,True,181.0,173.43626526468506,-7.563734735314938,7.563734735314938,2021-06-03 08:30:00,2021-06-03 08:30:00,0.0,0.0
D1,F1-union-without-lag_1_4-lightgbm,1,4,2021-06-04,96,1.0,True,173.0,152.0872135554247,-20.91278644457529,20.91278644457529,2021-06-04 10:45:00,2021-06-04 09:00:00,-105.0,105.0
D1,F1-union-without-lag_1_4-lightgbm,1,4,2021-06-05,96,1.0,True,116.0,111.66868011508846,-4.331319884911537,4.331319884911537,2021-06-05 01:45:00,2021-06-05 06:15:00,270.0,270.0
D1,F1-union-without-lag_1_4-lightgbm,1,4,2021-06-06,96,1.0,True,27.0,54.963915192053804,27.963915192053804,27.963915192053804,2021-06-06 01:30:00,2021-06-06 08:30:00,420.0,420.0
D1,F1-union-without-lag_1_4-lightgbm,1,4,2021-06-14,96,1.0,True,204.0,189.56300664819258,-14.436993351807416,14.436993351807416,2021-06-14 09:00:00,2021-06-14 09:00:00,0.0,0.0
D1,F1-union-without-lag_1_4-lightgbm,1,4,2021-06-15,96,1.0,True,198.0,189.51506254096788,-8.484937459032125,8.484937459032125,2021-06-15 08:45:00,2021-06-15 08:30:00,-15.0,15.0
D1,F1-union-without-lag_1_4-lightgbm,1,4,2021-06-16,96,1.0,True,193.0,183.64646019757038,-9.353539802429623,9.353539802429623,2021-06-16 10:45:00,2021-06-16 09:00:00,-105.0,105.0
D1,F1-union-without-lag_1_4-lightgbm,1,4,2021-06-17,96,1.0,True,197.0,183.41828254152145,-13.58171745847855,13.58171745847855,2021-06-17 08:45:00,2021-06-17 13:45:00,300.0,300.0
D1,F1-union-without-lag_1_4-lightgbm,1,4,2021-06-18,96,1.0,True,186.0,171.2605924028414,-14.73940759715859,14.73940759715859,2021-06-18 10:00:00,2021-06-18 13:45:00,225.0,225.0
D1,F1-union-without-lag_1_4-lightgbm,1,4,2021-06-19,96,1.0,True,119.0,113.94776522343778,-5.052234776562216,5.052234776562216,2021-06-19 02:15:00,2021-06-19 01:45:00,-30.0,30.0
D1,F1-union-without-lag_1_4-lightgbm,1,4,2021-06-20,96,1.0,True,28.0,49.052176824400064,21.052176824400064,21.052176824400064,2021-06-20 15:15:00,2021-06-20 09:45:00,-330.0,330.0
D1,F1-union-without-lag_1_4-lightgbm,1,5,2021-05-31,96,1.0,True,172.0,188.70613269612696,16.706132696126957,16.706132696126957,2021-05-31 10:30:00,2021-05-31 09:00:00,-90.0,90.0
D1,F1-union-without-lag_1_4-lightgbm,1,5,2021-06-01,96,1.0,True,195.0,175.89368154764756,-19.10631845235244,19.10631845235244,2021-06-01 09:00:00,2021-06-01 15:00:00,360.0,360.0
D1,F1-union-without-lag_1_4-lightgbm,1,5,2021-06-02,96,1.0,True,191.0,177.21053261705777,-13.789467382942235,13.789467382942235,2021-06-02 10:45:00,2021-06-02 08:30:00,-135.0,135.0
D1,F1-union-without-lag_1_4-lightgbm,1,5,2021-06-03,96,1.0,True,181.0,177.54347486741494,-3.456525132585057,3.456525132585057,2021-06-03 08:30:00,2021-06-03 08:30:00,0.0,0.0
D1,F1-union-without-lag_1_4-lightgbm,1,5,2021-06-04,96,1.0,True,173.0,160.6770329374837,-12.322967062516312,12.322967062516312,2021-06-04 10:45:00,2021-06-04 09:00:00,-105.0,105.0
D1,F1-union-without-lag_1_4-lightgbm,1,5,2021-06-05,96,1.0,True,116.0,112.97849931740961,-3.0215006825903856,3.0215006825903856,2021-06-05 01:45:00,2021-06-05 06:15:00,270.0,270.0
D1,F1-union-without-lag_1_4-lightgbm,1,5,2021-06-06,96,1.0,True,27.0,37.71902737328617,10.719027373286167,10.719027373286167,2021-06-06 01:30:00,2021-06-06 11:00:00,570.0,570.0
D1,F1-union-without-lag_1_4-lightgbm,1,5,2021-06-14,96,1.0,True,204.0,190.7723393828529,-13.227660617147109,13.227660617147109,2021-06-14 09:00:00,2021-06-14 09:00:00,0.0,0.0
D1,F1-union-without-lag_1_4-lightgbm,1,5,2021-06-15,96,1.0,True,198.0,183.87643643897047,-14.123563561029528,14.123563561029528,2021-06-15 08:45:00,2021-06-15 08:45:00,0.0,0.0
D1,F1-union-without-lag_1_4-lightgbm,1,5,2021-06-16,96,1.0,True,193.0,177.00306439942383,-15.996935600576165,15.996935600576165,2021-06-16 10:45:00,2021-06-16 08:45:00,-120.0,120.0
D1,F1-union-without-lag_1_4-lightgbm,1,5,2021-06-17,96,1.0,True,197.0,181.50396210767744,-15.496037892322562,15.496037892322562,2021-06-17 08:45:00,2021-06-17 08:45:00,0.0,0.0
D1,F1-union-without-lag_1_4-lightgbm,1,5,2021-06-18,96,1.0,True,186.0,169.56602229959324,-16.433977700406757,16.433977700406757,2021-06-18 10:00:00,2021-06-18 08:45:00,-75.0,75.0
D1,F1-union-without-lag_1_4-lightgbm,1,5,2021-06-19,96,1.0,True,119.0,114.55436130444902,-4.445638695550983,4.445638695550983,2021-06-19 02:15:00,2021-06-19 03:30:00,75.0,75.0
D1,F1-union-without-lag_1_4-lightgbm,1,5,2021-06-20,96,1.0,True,28.0,37.862912054392226,9.862912054392226,9.862912054392226,2021-06-20 15:15:00,2021-06-20 09:45:00,-330.0,330.0
D1,F1-union-without-lag_1_4-lightgbm,1,6,2021-05-31,96,1.0,True,172.0,183.42346221445473,11.42346221445473,11.42346221445473,2021-05-31 10:30:00,2021-05-31 09:15:00,-75.0,75.0
D1,F1-union-without-lag_1_4-lightgbm,1,6,2021-06-01,96,1.0,True,195.0,174.44096995649105,-20.559030043508955,20.559030043508955,2021-06-01 09:00:00,2021-06-01 11:15:00,135.0,135.0
D1,F1-union-without-lag_1_4-lightgbm,1,6,2021-06-02,96,1.0,True,191.0,175.8925488817574,-15.107451118242608,15.107451118242608,2021-06-02 10:45:00,2021-06-02 09:00:00,-105.0,105.0
D1,F1-union-without-lag_1_4-lightgbm,1,6,2021-06-03,96,1.0,True,181.0,175.56589434299352,-5.434105657006484,5.434105657006484,2021-06-03 08:30:00,2021-06-03 08:30:00,0.0,0.0
D1,F1-union-without-lag_1_4-lightgbm,1,6,2021-06-04,96,1.0,True,173.0,153.96901577155776,-19.030984228442236,19.030984228442236,2021-06-04 10:45:00,2021-06-04 09:30:00,-75.0,75.0
D1,F1-union-without-lag_1_4-lightgbm,1,6,2021-06-05,96,1.0,True,116.0,112.25183565379983,-3.74816434620017,3.74816434620017,2021-06-05 01:45:00,2021-06-05 06:15:00,270.0,270.0
D1,F1-union-without-lag_1_4-lightgbm,1,6,2021-06-06,96,1.0,True,27.0,30.621147534750985,3.6211475347509854,3.6211475347509854,2021-06-06 01:30:00,2021-06-06 11:00:00,570.0,570.0
D1,F1-union-without-lag_1_4-lightgbm,1,6,2021-06-14,96,1.0,True,204.0,179.9744302992041,-24.0255697007959,24.0255697007959,2021-06-14 09:00:00,2021-06-14 09:15:00,15.0,15.0
D1,F1-union-without-lag_1_4-lightgbm,1,6,2021-06-15,96,1.0,True,198.0,179.0527239922,-18.947276007800014,18.947276007800014,2021-06-15 08:45:00,2021-06-15 09:00:00,15.0,15.0
D1,F1-union-without-lag_1_4-lightgbm,1,6,2021-06-16,96,1.0,True,193.0,176.55280903316333,-16.447190966836672,16.447190966836672,2021-06-16 10:45:00,2021-06-16 09:00:00,-105.0,105.0
D1,F1-union-without-lag_1_4-lightgbm,1,6,2021-06-17,96,1.0,True,197.0,178.35334150059478,-18.64665849940522,18.64665849940522,2021-06-17 08:45:00,2021-06-17 08:45:00,0.0,0.0
D1,F1-union-without-lag_1_4-lightgbm,1,6,2021-06-18,96,1.0,True,186.0,170.46752572905254,-15.53247427094746,15.53247427094746,2021-06-18 10:00:00,2021-06-18 09:00:00,-60.0,60.0
D1,F1-union-without-lag_1_4-lightgbm,1,6,2021-06-19,96,1.0,True,119.0,112.70326887066341,-6.296731129336592,6.296731129336592,2021-06-19 02:15:00,2021-06-19 01:45:00,-30.0,30.0
D1,F1-union-without-lag_1_4-lightgbm,1,6,2021-06-20,96,1.0,True,28.0,49.388959809612025,21.388959809612025,21.388959809612025,2021-06-20 15:15:00,2021-06-20 10:00:00,-315.0,315.0
D1,F1-union-without-lag_1_4-lightgbm,1,7,2021-05-31,96,1.0,True,172.0,184.8752808345879,12.875280834587898,12.875280834587898,2021-05-31 10:30:00,2021-05-31 09:00:00,-90.0,90.0
D1,F1-union-without-lag_1_4-lightgbm,1,7,2021-06-01,96,1.0,True,195.0,175.32502512648563,-19.674974873514373,19.674974873514373,2021-06-01 09:00:00,2021-06-01 11:15:00,135.0,135.0
D1,F1-union-without-lag_1_4-lightgbm,1,7,2021-06-02,96,1.0,True,191.0,175.11904499782634,-15.880955002173664,15.880955002173664,2021-06-02 10:45:00,2021-06-02 09:00:00,-105.0,105.0
D1,F1-union-without-lag_1_4-lightgbm,1,7,2021-06-03,96,1.0,True,181.0,176.30326104654904,-4.696738953450961,4.696738953450961,2021-06-03 08:30:00,2021-06-03 09:15:00,45.0,45.0
D1,F1-union-without-lag_1_4-lightgbm,1,7,2021-06-04,96,1.0,True,173.0,145.812944634049,-27.18705536595101,27.18705536595101,2021-06-04 10:45:00,2021-06-04 09:30:00,-75.0,75.0
D1,F1-union-without-lag_1_4-lightgbm,1,7,2021-06-05,96,1.0,True,116.0,112.47430061434859,-3.525699385651407,3.525699385651407,2021-06-05 01:45:00,2021-06-05 06:15:00,270.0,270.0
D1,F1-union-without-lag_1_4-lightgbm,1,7,2021-06-06,96,1.0,True,27.0,31.60439304829904,4.604393048299041,4.604393048299041,2021-06-06 01:30:00,2021-06-06 08:15:00,405.0,405.0
D1,F1-union-without-lag_1_4-lightgbm,1,7,2021-06-14,96,1.0,True,204.0,181.49482927518343,-22.505170724816566,22.505170724816566,2021-06-14 09:00:00,2021-06-14 09:15:00,15.0,15.0
D1,F1-union-without-lag_1_4-lightgbm,1,7,2021-06-15,96,1.0,True,198.0,180.40412348688696,-17.59587651311304,17.59587651311304,2021-06-15 08:45:00,2021-06-15 08:45:00,0.0,0.0
D1,F1-union-without-lag_1_4-lightgbm,1,7,2021-06-16,96,1.0,True,193.0,175.90323700983132,-17.096762990168685,17.096762990168685,2021-06-16 10:45:00,2021-06-16 08:30:00,-135.0,135.0
D1,F1-union-without-lag_1_4-lightgbm,1,7,2021-06-17,96,1.0,True,197.0,181.4703328874992,-15.529667112500789,15.529667112500789,2021-06-17 08:45:00,2021-06-17 09:00:00,15.0,15.0
D1,F1-union-without-lag_1_4-lightgbm,1,7,2021-06-18,96,1.0,True,186.0,169.935733671278,-16.064266328722,16.064266328722,2021-06-18 10:00:00,2021-06-18 09:00:00,-60.0,60.0
D1,F1-union-without-lag_1_4-lightgbm,1,7,2021-06-19,96,1.0,True,119.0,111.94515747277778,-7.05484252722222,7.05484252722222,2021-06-19 02:15:00,2021-06-19 02:00:00,-15.0,15.0
D1,F1-union-without-lag_1_4-lightgbm,1,7,2021-06-20,96,1.0,True,28.0,57.44926872367861,29.449268723678607,29.449268723678607,2021-06-20 15:15:00,2021-06-20 08:45:00,-390.0,390.0
D1,F1-union-without-lag_1_4-lightgbm,1,8,2021-05-31,96,1.0,True,172.0,189.0705170391746,17.070517039174604,17.070517039174604,2021-05-31 10:30:00,2021-05-31 09:15:00,-75.0,75.0
D1,F1-union-without-lag_1_4-lightgbm,1,8,2021-06-01,96,1.0,True,195.0,175.514849125106,-19.485150874894003,19.485150874894003,2021-06-01 09:00:00,2021-06-01 11:15:00,135.0,135.0
D1,F1-union-without-lag_1_4-lightgbm,1,8,2021-06-02,96,1.0,True,191.0,174.57121860965748,-16.42878139034252,16.42878139034252,2021-06-02 10:45:00,2021-06-02 09:30:00,-75.0,75.0
D1,F1-union-without-lag_1_4-lightgbm,1,8,2021-06-03,96,1.0,True,181.0,177.58144678273948,-3.4185532172605235,3.4185532172605235,2021-06-03 08:30:00,2021-06-03 09:00:00,30.0,30.0
D1,F1-union-without-lag_1_4-lightgbm,1,8,2021-06-04,96,1.0,True,173.0,133.77117686884986,-39.228823131150136,39.228823131150136,2021-06-04 10:45:00,2021-06-04 09:30:00,-75.0,75.0
D1,F1-union-without-lag_1_4-lightgbm,1,8,2021-06-05,96,1.0,True,116.0,112.01162523127626,-3.9883747687237445,3.9883747687237445,2021-06-05 01:45:00,2021-06-05 06:15:00,270.0,270.0
D1,F1-union-without-lag_1_4-lightgbm,1,8,2021-06-06,96,1.0,True,27.0,36.857344632005464,9.857344632005464,9.857344632005464,2021-06-06 01:30:00,2021-06-06 09:00:00,450.0,450.0
D1,F1-union-without-lag_1_4-lightgbm,1,8,2021-06-14,96,1.0,True,204.0,181.58528543015996,-22.414714569840044,22.414714569840044,2021-06-14 09:00:00,2021-06-14 12:00:00,180.0,180.0
D1,F1-union-without-lag_1_4-lightgbm,1,8,2021-06-15,96,1.0,True,198.0,181.28713230394956,-16.712867696050438,16.712867696050438,2021-06-15 08:45:00,2021-06-15 08:45:00,0.0,0.0
D1,F1-union-without-lag_1_4-lightgbm,1,8,2021-06-16,96,1.0,True,193.0,178.4394637734311,-14.5605362265689,14.5605362265689,2021-06-16 10:45:00,2021-06-16 08:45:00,-120.0,120.0
D1,F1-union-without-lag_1_4-lightgbm,1,8,2021-06-17,96,1.0,True,197.0,181.21469685763392,-15.785303142366075,15.785303142366075,2021-06-17 08:45:00,2021-06-17 08:45:00,0.0,0.0
D1,F1-union-without-lag_1_4-lightgbm,1,8,2021-06-18,96,1.0,True,186.0,173.10227651337306,-12.897723486626944,12.897723486626944,2021-06-18 10:00:00,2021-06-18 09:00:00,-60.0,60.0
D1,F1-union-without-lag_1_4-lightgbm,1,8,2021-06-19,96,1.0,True,119.0,111.43745779827488,-7.5625422017251225,7.5625422017251225,2021-06-19 02:15:00,2021-06-19 03:30:00,75.0,75.0
D1,F1-union-without-lag_1_4-lightgbm,1,8,2021-06-20,96,1.0,True,28.0,63.13993381493614,35.13993381493614,35.13993381493614,2021-06-20 15:15:00,2021-06-20 09:00:00,-375.0,375.0
D1,F1-union-without-lag_1_4-lightgbm,1,9,2021-05-31,96,1.0,True,172.0,197.13469260274135,25.134692602741353,25.134692602741353,2021-05-31 10:30:00,2021-05-31 09:00:00,-90.0,90.0
D1,F1-union-without-lag_1_4-lightgbm,1,9,2021-06-01,96,1.0,True,195.0,175.04183671917193,-19.958163280828074,19.958163280828074,2021-06-01 09:00:00,2021-06-01 08:30:00,-30.0,30.0
D1,F1-union-without-lag_1_4-lightgbm,1,9,2021-06-02,96,1.0,True,191.0,173.21940519127733,-17.780594808722668,17.780594808722668,2021-06-02 10:45:00,2021-06-02 08:30:00,-135.0,135.0
D1,F1-union-without-lag_1_4-lightgbm,1,9,2021-06-03,96,1.0,True,181.0,178.54740511134554,-2.4525948886544597,2.4525948886544597,2021-06-03 08:30:00,2021-06-03 09:00:00,30.0,30.0
D1,F1-union-without-lag_1_4-lightgbm,1,9,2021-06-04,96,1.0,True,173.0,130.69828974008226,-42.30171025991774,42.30171025991774,2021-06-04 10:45:00,2021-06-04 08:45:00,-120.0,120.0
D1,F1-union-without-lag_1_4-lightgbm,1,9,2021-06-05,96,1.0,True,116.0,113.2088575579293,-2.7911424420706936,2.7911424420706936,2021-06-05 01:45:00,2021-06-05 06:15:00,270.0,270.0
D1,F1-union-without-lag_1_4-lightgbm,1,9,2021-06-06,96,1.0,True,27.0,35.684557137120485,8.684557137120485,8.684557137120485,2021-06-06 01:30:00,2021-06-06 10:15:00,525.0,525.0
D1,F1-union-without-lag_1_4-lightgbm,1,9,2021-06-14,96,1.0,True,204.0,182.2684469355285,-21.731553064471512,21.731553064471512,2021-06-14 09:00:00,2021-06-14 13:45:00,285.0,285.0
D1,F1-union-without-lag_1_4-lightgbm,1,9,2021-06-15,96,1.0,True,198.0,182.98614837853128,-15.013851621468717,15.013851621468717,2021-06-15 08:45:00,2021-06-15 09:00:00,15.0,15.0
D1,F1-union-without-lag_1_4-lightgbm,1,9,2021-06-16,96,1.0,True,193.0,178.9466198383713,-14.053380161628695,14.053380161628695,2021-06-16 10:45:00,2021-06-16 08:45:00,-120.0,120.0
D1,F1-union-without-lag_1_4-lightgbm,1,9,2021-06-17,96,1.0,True,197.0,181.68038330545497,-15.319616694545033,15.319616694545033,2021-06-17 08:45:00,2021-06-17 08:30:00,-15.0,15.0
D1,F1-union-without-lag_1_4-lightgbm,1,9,2021-06-18,96,1.0,True,186.0,171.11468027999362,-14.885319720006379,14.885319720006379,2021-06-18 10:00:00,2021-06-18 09:00:00,-60.0,60.0
D1,F1-union-without-lag_1_4-lightgbm,1,9,2021-06-19,96,1.0,True,119.0,110.82863448064532,-8.17136551935468,8.17136551935468,2021-06-19 02:15:00,2021-06-19 03:00:00,45.0,45.0
D1,F1-union-without-lag_1_4-lightgbm,1,9,2021-06-20,96,1.0,True,28.0,57.54060989830534,29.54060989830534,29.54060989830534,2021-06-20 15:15:00,2021-06-20 08:45:00,-390.0,390.0
D1,F1-union-without-lag_1_4-lightgbm,1,10,2021-05-31,96,1.0,True,172.0,178.87184859825246,6.8718485982524555,6.8718485982524555,2021-05-31 10:30:00,2021-05-31 09:30:00,-60.0,60.0
D1,F1-union-without-lag_1_4-lightgbm,1,10,2021-06-01,96,1.0,True,195.0,172.2191377262569,-22.78086227374311,22.78086227374311,2021-06-01 09:00:00,2021-06-01 09:00:00,0.0,0.0
D1,F1-union-without-lag_1_4-lightgbm,1,10,2021-06-02,96,1.0,True,191.0,171.372780641428,-19.627219358572006,19.627219358572006,2021-06-02 10:45:00,2021-06-02 11:00:00,15.0,15.0
D1,F1-union-without-lag_1_4-lightgbm,1,10,2021-06-03,96,1.0,True,181.0,175.39844378215838,-5.601556217841619,5.601556217841619,2021-06-03 08:30:00,2021-06-03 08:30:00,0.0,0.0
D1,F1-union-without-lag_1_4-lightgbm,1,10,2021-06-04,96,1.0,True,173.0,136.67247274517052,-36.32752725482948,36.32752725482948,2021-06-04 10:45:00,2021-06-04 09:15:00,-90.0,90.0
D1,F1-union-without-lag_1_4-lightgbm,1,10,2021-06-05,96,1.0,True,116.0,112.05977075678989,-3.940229243210112,3.940229243210112,2021-06-05 01:45:00,2021-06-05 06:15:00,270.0,270.0
D1,F1-union-without-lag_1_4-lightgbm,1,10,2021-06-06,96,1.0,True,27.0,46.473378054642446,19.473378054642446,19.473378054642446,2021-06-06 01:30:00,2021-06-06 08:30:00,420.0,420.0
D1,F1-union-without-lag_1_4-lightgbm,1,10,2021-06-14,96,1.0,True,204.0,180.4365119188559,-23.5634880811441,23.5634880811441,2021-06-14 09:00:00,2021-06-14 12:00:00,180.0,180.0
D1,F1-union-without-lag_1_4-lightgbm,1,10,2021-06-15,96,1.0,True,198.0,178.4962775897453,-19.50372241025471,19.50372241025471,2021-06-15 08:45:00,2021-06-15 09:00:00,15.0,15.0
D1,F1-union-without-lag_1_4-lightgbm,1,10,2021-06-16,96,1.0,True,193.0,173.6987771567064,-19.3012228432936,19.3012228432936,2021-06-16 10:45:00,2021-06-16 10:45:00,0.0,0.0
D1,F1-union-without-lag_1_4-lightgbm,1,10,2021-06-17,96,1.0,True,197.0,175.69927346002783,-21.300726539972175,21.300726539972175,2021-06-17 08:45:00,2021-06-17 08:30:00,-15.0,15.0
D1,F1-union-without-lag_1_4-lightgbm,1,10,2021-06-18,96,1.0,True,186.0,171.8477987893781,-14.15220121062191,14.15220121062191,2021-06-18 10:00:00,2021-06-18 08:45:00,-75.0,75.0
D1,F1-union-without-lag_1_4-lightgbm,1,10,2021-06-19,96,1.0,True,119.0,112.15935531949634,-6.840644680503658,6.840644680503658,2021-06-19 02:15:00,2021-06-19 03:30:00,75.0,75.0
D1,F1-union-without-lag_1_4-lightgbm,1,10,2021-06-20,96,1.0,True,28.0,64.47613069008054,36.47613069008054,36.47613069008054,2021-06-20 15:15:00,2021-06-20 08:45:00,-390.0,390.0
D1,F1-union-without-lag_1_4-lightgbm,1,11,2021-05-31,96,1.0,True,172.0,186.45260014328252,14.452600143282524,14.452600143282524,2021-05-31 10:30:00,2021-05-31 10:00:00,-30.0,30.0
D1,F1-union-without-lag_1_4-lightgbm,1,11,2021-06-01,96,1.0,True,195.0,173.73432423898737,-21.26567576101263,21.26567576101263,2021-06-01 09:00:00,2021-06-01 09:00:00,0.0,0.0
D1,F1-union-without-lag_1_4-lightgbm,1,11,2021-06-02,96,1.0,True,191.0,172.4402378834171,-18.559762116582903,18.559762116582903,2021-06-02 10:45:00,2021-06-02 11:00:00,15.0,15.0
D1,F1-union-without-lag_1_4-lightgbm,1,11,2021-06-03,96,1.0,True,181.0,176.78955892757833,-4.210441072421673,4.210441072421673,2021-06-03 08:30:00,2021-06-03 09:00:00,30.0,30.0
D1,F1-union-without-lag_1_4-lightgbm,1,11,2021-06-04,96,1.0,True,173.0,134.15744027860003,-38.842559721399965,38.842559721399965,2021-06-04 10:45:00,2021-06-04 09:00:00,-105.0,105.0
D1,F1-union-without-lag_1_4-lightgbm,1,11,2021-06-05,96,1.0,True,116.0,111.01607243374632,-4.9839275662536835,4.9839275662536835,2021-06-05 01:45:00,2021-06-05 06:15:00,270.0,270.0
D1,F1-union-without-lag_1_4-lightgbm,1,11,2021-06-06,96,1.0,True,27.0,56.04577835594332,29.04577835594332,29.04577835594332,2021-06-06 01:30:00,2021-06-06 09:15:00,465.0,465.0
D1,F1-union-without-lag_1_4-lightgbm,1,11,2021-06-14,96,1.0,True,204.0,186.74504996057183,-17.254950039428167,17.254950039428167,2021-06-14 09:00:00,2021-06-14 11:30:00,150.0,150.0
D1,F1-union-without-lag_1_4-lightgbm,1,11,2021-06-15,96,1.0,True,198.0,182.0657457028215,-15.934254297178512,15.934254297178512,2021-06-15 08:45:00,2021-06-15 08:30:00,-15.0,15.0
D1,F1-union-without-lag_1_4-lightgbm,1,11,2021-06-16,96,1.0,True,193.0,175.77888894241468,-17.22111105758532,17.22111105758532,2021-06-16 10:45:00,2021-06-16 15:45:00,300.0,300.0
D1,F1-union-without-lag_1_4-lightgbm,1,11,2021-06-17,96,1.0,True,197.0,181.1647568817899,-15.835243118210087,15.835243118210087,2021-06-17 08:45:00,2021-06-17 08:30:00,-15.0,15.0
D1,F1-union-without-lag_1_4-lightgbm,1,11,2021-06-18,96,1.0,True,186.0,168.29865997904324,-17.701340020956764,17.701340020956764,2021-06-18 10:00:00,2021-06-18 10:00:00,0.0,0.0
D1,F1-union-without-lag_1_4-lightgbm,1,11,2021-06-19,96,1.0,True,119.0,112.28482983513591,-6.715170164864091,6.715170164864091,2021-06-19 02:15:00,2021-06-19 03:30:00,75.0,75.0
D1,F1-union-without-lag_1_4-lightgbm,1,11,2021-06-20,96,1.0,True,28.0,62.97923752516132,34.97923752516132,34.97923752516132,2021-06-20 15:15:00,2021-06-20 09:00:00,-375.0,375.0
D1,F1-union-without-lag_1_4-lightgbm,1,12,2021-05-31,96,1.0,True,172.0,185.68181200431064,13.681812004310643,13.681812004310643,2021-05-31 10:30:00,2021-05-31 10:00:00,-30.0,30.0
D1,F1-union-without-lag_1_4-lightgbm,1,12,2021-06-01,96,1.0,True,195.0,174.1473895400753,-20.852610459924705,20.852610459924705,2021-06-01 09:00:00,2021-06-01 15:00:00,360.0,360.0
D1,F1-union-without-lag_1_4-lightgbm,1,12,2021-06-02,96,1.0,True,191.0,171.17676022390248,-19.823239776097523,19.823239776097523,2021-06-02 10:45:00,2021-06-02 11:00:00,15.0,15.0
D1,F1-union-without-lag_1_4-lightgbm,1,12,2021-06-03,96,1.0,True,181.0,172.96377447206797,-8.036225527932032,8.036225527932032,2021-06-03 08:30:00,2021-06-03 09:00:00,30.0,30.0
D1,F1-union-without-lag_1_4-lightgbm,1,12,2021-06-04,96,1.0,True,173.0,161.34913715586686,-11.650862844133144,11.650862844133144,2021-06-04 10:45:00,2021-06-04 11:00:00,15.0,15.0
D1,F1-union-without-lag_1_4-lightgbm,1,12,2021-06-05,96,1.0,True,116.0,110.5437124636173,-5.456287536382703,5.456287536382703,2021-06-05 01:45:00,2021-06-05 06:15:00,270.0,270.0
D1,F1-union-without-lag_1_4-lightgbm,1,12,2021-06-06,96,1.0,True,27.0,56.624527779274615,29.624527779274615,29.624527779274615,2021-06-06 01:30:00,2021-06-06 10:00:00,510.0,510.0
D1,F1-union-without-lag_1_4-lightgbm,1,12,2021-06-14,96,1.0,True,204.0,186.29252224906946,-17.707477750930536,17.707477750930536,2021-06-14 09:00:00,2021-06-14 12:00:00,180.0,180.0
D1,F1-union-without-lag_1_4-lightgbm,1,12,2021-06-15,96,1.0,True,198.0,183.42510035767123,-14.574899642328774,14.574899642328774,2021-06-15 08:45:00,2021-06-15 08:30:00,-15.0,15.0
D1,F1-union-without-lag_1_4-lightgbm,1,12,2021-06-16,96,1.0,True,193.0,176.103162102594,-16.896837897405987,16.896837897405987,2021-06-16 10:45:00,2021-06-16 08:45:00,-120.0,120.0
D1,F1-union-without-lag_1_4-lightgbm,1,12,2021-06-17,96,1.0,True,197.0,174.7483776053818,-22.25162239461821,22.25162239461821,2021-06-17 08:45:00,2021-06-17 11:45:00,180.0,180.0
D1,F1-union-without-lag_1_4-lightgbm,1,12,2021-06-18,96,1.0,True,186.0,171.2869649847851,-14.7130350152149,14.7130350152149,2021-06-18 10:00:00,2021-06-18 09:00:00,-60.0,60.0
D1,F1-union-without-lag_1_4-lightgbm,1,12,2021-06-19,96,1.0,True,119.0,113.88387922611243,-5.116120773887573,5.116120773887573,2021-06-19 02:15:00,2021-06-19 06:00:00,225.0,225.0
D1,F1-union-without-lag_1_4-lightgbm,1,12,2021-06-20,96,1.0,True,28.0,63.35292629434629,35.35292629434629,35.35292629434629,2021-06-20 15:15:00,2021-06-20 09:00:00,-375.0,375.0
D1,F1-union-without-lag_1_4-lightgbm,1,13,2021-05-31,96,1.0,True,172.0,181.9241842602616,9.924184260261598,9.924184260261598,2021-05-31 10:30:00,2021-05-31 10:30:00,0.0,0.0
D1,F1-union-without-lag_1_4-lightgbm,1,13,2021-06-01,96,1.0,True,195.0,173.43723450714793,-21.562765492852066,21.562765492852066,2021-06-01 09:00:00,2021-06-01 15:00:00,360.0,360.0
D1,F1-union-without-lag_1_4-lightgbm,1,13,2021-06-02,96,1.0,True,191.0,169.9917238468252,-21.00827615317479,21.00827615317479,2021-06-02 10:45:00,2021-06-02 11:45:00,60.0,60.0
D1,F1-union-without-lag_1_4-lightgbm,1,13,2021-06-03,96,1.0,True,181.0,175.0240840276543,-5.975915972345689,5.975915972345689,2021-06-03 08:30:00,2021-06-03 10:00:00,90.0,90.0
D1,F1-union-without-lag_1_4-lightgbm,1,13,2021-06-04,96,1.0,True,173.0,161.07991231857955,-11.920087681420455,11.920087681420455,2021-06-04 10:45:00,2021-06-04 08:45:00,-120.0,120.0
D1,F1-union-without-lag_1_4-lightgbm,1,13,2021-06-05,96,1.0,True,116.0,111.29907144470693,-4.700928555293075,4.700928555293075,2021-06-05 01:45:00,2021-06-05 06:15:00,270.0,270.0
D1,F1-union-without-lag_1_4-lightgbm,1,13,2021-06-06,96,1.0,True,27.0,65.75025685731586,38.75025685731586,38.75025685731586,2021-06-06 01:30:00,2021-06-06 10:00:00,510.0,510.0
D1,F1-union-without-lag_1_4-lightgbm,1,13,2021-06-14,96,1.0,True,204.0,183.07034994482473,-20.929650055175273,20.929650055175273,2021-06-14 09:00:00,2021-06-14 12:00:00,180.0,180.0
D1,F1-union-without-lag_1_4-lightgbm,1,13,2021-06-15,96,1.0,True,198.0,179.0166489285571,-18.98335107144291,18.98335107144291,2021-06-15 08:45:00,2021-06-15 08:30:00,-15.0,15.0
D1,F1-union-without-lag_1_4-lightgbm,1,13,2021-06-16,96,1.0,True,193.0,172.2367361518277,-20.7632638481723,20.7632638481723,2021-06-16 10:45:00,2021-06-16 14:00:00,195.0,195.0
D1,F1-union-without-lag_1_4-lightgbm,1,13,2021-06-17,96,1.0,True,197.0,176.90426598140158,-20.09573401859842,20.09573401859842,2021-06-17 08:45:00,2021-06-17 11:45:00,180.0,180.0
D1,F1-union-without-lag_1_4-lightgbm,1,13,2021-06-18,96,1.0,True,186.0,166.69200756290212,-19.30799243709788,19.30799243709788,2021-06-18 10:00:00,2021-06-18 10:00:00,0.0,0.0
D1,F1-union-without-lag_1_4-lightgbm,1,13,2021-06-19,96,1.0,True,119.0,113.628471500096,-5.371528499904002,5.371528499904002,2021-06-19 02:15:00,2021-06-19 06:00:00,225.0,225.0
D1,F1-union-without-lag_1_4-lightgbm,1,13,2021-06-20,96,1.0,True,28.0,71.53931929779878,43.539319297798784,43.539319297798784,2021-06-20 15:15:00,2021-06-20 09:00:00,-375.0,375.0
D1,F1-union-without-lag_1_4-lightgbm,1,14,2021-05-31,96,1.0,True,172.0,182.8741492262073,10.874149226207294,10.874149226207294,2021-05-31 10:30:00,2021-05-31 09:15:00,-75.0,75.0
D1,F1-union-without-lag_1_4-lightgbm,1,14,2021-06-01,96,1.0,True,195.0,175.06610380860263,-19.933896191397366,19.933896191397366,2021-06-01 09:00:00,2021-06-01 15:45:00,405.0,405.0
D1,F1-union-without-lag_1_4-lightgbm,1,14,2021-06-02,96,1.0,True,191.0,172.563037862161,-18.436962137839004,18.436962137839004,2021-06-02 10:45:00,2021-06-02 11:00:00,15.0,15.0
D1,F1-union-without-lag_1_4-lightgbm,1,14,2021-06-03,96,1.0,True,181.0,176.53659459556198,-4.463405404438021,4.463405404438021,2021-06-03 08:30:00,2021-06-03 09:00:00,30.0,30.0
D1,F1-union-without-lag_1_4-lightgbm,1,14,2021-06-04,96,1.0,True,173.0,162.90529173893302,-10.094708261066984,10.094708261066984,2021-06-04 10:45:00,2021-06-04 09:00:00,-105.0,105.0
D1,F1-union-without-lag_1_4-lightgbm,1,14,2021-06-05,96,1.0,True,116.0,114.2406002214661,-1.7593997785339042,1.7593997785339042,2021-06-05 01:45:00,2021-06-05 06:15:00,270.0,270.0
D1,F1-union-without-lag_1_4-lightgbm,1,14,2021-06-06,96,1.0,True,27.0,62.89072147186631,35.89072147186631,35.89072147186631,2021-06-06 01:30:00,2021-06-06 10:00:00,510.0,510.0
D1,F1-union-without-lag_1_4-lightgbm,1,14,2021-06-14,96,1.0,True,204.0,184.04587878694596,-19.954121213054037,19.954121213054037,2021-06-14 09:00:00,2021-06-14 13:30:00,270.0,270.0
D1,F1-union-without-lag_1_4-lightgbm,1,14,2021-06-15,96,1.0,True,198.0,181.66103323382424,-16.33896676617576,16.33896676617576,2021-06-15 08:45:00,2021-06-15 08:30:00,-15.0,15.0
D1,F1-union-without-lag_1_4-lightgbm,1,14,2021-06-16,96,1.0,True,193.0,176.07305054739842,-16.926949452601576,16.926949452601576,2021-06-16 10:45:00,2021-06-16 08:45:00,-120.0,120.0
D1,F1-union-without-lag_1_4-lightgbm,1,14,2021-06-17,96,1.0,True,197.0,180.10291285333713,-16.89708714666287,16.89708714666287,2021-06-17 08:45:00,2021-06-17 09:00:00,15.0,15.0
D1,F1-union-without-lag_1_4-lightgbm,1,14,2021-06-18,96,1.0,True,186.0,167.5309598658141,-18.46904013418589,18.46904013418589,2021-06-18 10:00:00,2021-06-18 10:30:00,30.0,30.0
D1,F1-union-without-lag_1_4-lightgbm,1,14,2021-06-19,96,1.0,True,119.0,115.55187147523857,-3.4481285247614295,3.4481285247614295,2021-06-19 02:15:00,2021-06-19 06:15:00,240.0,240.0
D1,F1-union-without-lag_1_4-lightgbm,1,14,2021-06-20,96,1.0,True,28.0,116.3673488636757,88.3673488636757,88.3673488636757,2021-06-20 15:15:00,2021-06-20 10:30:00,-285.0,285.0
D1,F1-union-without-lag_1_4-lightgbm,1,15,2021-05-31,96,1.0,True,172.0,183.86872688501379,11.868726885013785,11.868726885013785,2021-05-31 10:30:00,2021-05-31 09:15:00,-75.0,75.0
D1,F1-union-without-lag_1_4-lightgbm,1,15,2021-06-01,96,1.0,True,195.0,172.4286647802988,-22.57133521970121,22.57133521970121,2021-06-01 09:00:00,2021-06-01 15:45:00,405.0,405.0
D1,F1-union-without-lag_1_4-lightgbm,1,15,2021-06-02,96,1.0,True,191.0,170.34700915533722,-20.65299084466278,20.65299084466278,2021-06-02 10:45:00,2021-06-02 08:30:00,-135.0,135.0
D1,F1-union-without-lag_1_4-lightgbm,1,15,2021-06-03,96,1.0,True,181.0,172.20259419159262,-8.797405808407376,8.797405808407376,2021-06-03 08:30:00,2021-06-03 09:15:00,45.0,45.0
D1,F1-union-without-lag_1_4-lightgbm,1,15,2021-06-04,96,1.0,True,173.0,163.37450708730748,-9.625492912692522,9.625492912692522,2021-06-04 10:45:00,2021-06-04 09:00:00,-105.0,105.0
D1,F1-union-without-lag_1_4-lightgbm,1,15,2021-06-05,96,1.0,True,116.0,109.34903799564945,-6.650962004350546,6.650962004350546,2021-06-05 01:45:00,2021-06-05 06:30:00,285.0,285.0
D1,F1-union-without-lag_1_4-lightgbm,1,15,2021-06-06,96,1.0,True,27.0,58.68428629817239,31.68428629817239,31.68428629817239,2021-06-06 01:30:00,2021-06-06 09:00:00,450.0,450.0
D1,F1-union-without-lag_1_4-lightgbm,1,15,2021-06-14,96,1.0,True,204.0,185.9728876214048,-18.027112378595206,18.027112378595206,2021-06-14 09:00:00,2021-06-14 10:30:00,90.0,90.0
D1,F1-union-without-lag_1_4-lightgbm,1,15,2021-06-15,96,1.0,True,198.0,179.22279173343554,-18.777208266564458,18.777208266564458,2021-06-15 08:45:00,2021-06-15 08:30:00,-15.0,15.0
D1,F1-union-without-lag_1_4-lightgbm,1,15,2021-06-16,96,1.0,True,193.0,172.5878521629807,-20.41214783701929,20.41214783701929,2021-06-16 10:45:00,2021-06-16 14:45:00,240.0,240.0
D1,F1-union-without-lag_1_4-lightgbm,1,15,2021-06-17,96,1.0,True,197.0,175.19630042662848,-21.803699573371517,21.803699573371517,2021-06-17 08:45:00,2021-06-17 08:45:00,0.0,0.0
D1,F1-union-without-lag_1_4-lightgbm,1,15,2021-06-18,96,1.0,True,186.0,170.35054866791495,-15.64945133208505,15.64945133208505,2021-06-18 10:00:00,2021-06-18 11:15:00,75.0,75.0
D1,F1-union-without-lag_1_4-lightgbm,1,15,2021-06-19,96,1.0,True,119.0,111.90715966688836,-7.0928403331116385,7.0928403331116385,2021-06-19 02:15:00,2021-06-19 06:45:00,270.0,270.0
D1,F1-union-without-lag_1_4-lightgbm,1,15,2021-06-20,96,1.0,True,28.0,104.8254861109132,76.8254861109132,76.8254861109132,2021-06-20 15:15:00,2021-06-20 10:45:00,-270.0,270.0
D1,F1-union-without-lag_1_4-lightgbm,1,16,2021-05-31,96,1.0,True,172.0,180.1577050187892,8.157705018789187,8.157705018789187,2021-05-31 10:30:00,2021-05-31 09:15:00,-75.0,75.0
D1,F1-union-without-lag_1_4-lightgbm,1,16,2021-06-01,96,1.0,True,195.0,172.52472341020624,-22.475276589793765,22.475276589793765,2021-06-01 09:00:00,2021-06-01 15:45:00,405.0,405.0
D1,F1-union-without-lag_1_4-lightgbm,1,16,2021-06-02,96,1.0,True,191.0,168.52476295904268,-22.475237040957325,22.475237040957325,2021-06-02 10:45:00,2021-06-02 09:00:00,-105.0,105.0
D1,F1-union-without-lag_1_4-lightgbm,1,16,2021-06-03,96,1.0,True,181.0,170.9067407871597,-10.093259212840309,10.093259212840309,2021-06-03 08:30:00,2021-06-03 09:30:00,60.0,60.0
D1,F1-union-without-lag_1_4-lightgbm,1,16,2021-06-04,96,1.0,True,173.0,164.2505475089854,-8.749452491014608,8.749452491014608,2021-06-04 10:45:00,2021-06-04 09:00:00,-105.0,105.0
D1,F1-union-without-lag_1_4-lightgbm,1,16,2021-06-05,96,1.0,True,116.0,108.32239858824735,-7.677601411752647,7.677601411752647,2021-06-05 01:45:00,2021-06-05 06:15:00,270.0,270.0
D1,F1-union-without-lag_1_4-lightgbm,1,16,2021-06-06,96,1.0,True,27.0,75.86037144188853,48.86037144188853,48.86037144188853,2021-06-06 01:30:00,2021-06-06 08:30:00,420.0,420.0
D1,F1-union-without-lag_1_4-lightgbm,1,16,2021-06-14,96,1.0,True,204.0,181.10025766110127,-22.899742338898733,22.899742338898733,2021-06-14 09:00:00,2021-06-14 10:30:00,90.0,90.0
D1,F1-union-without-lag_1_4-lightgbm,1,16,2021-06-15,96,1.0,True,198.0,176.9412580620181,-21.058741937981893,21.058741937981893,2021-06-15 08:45:00,2021-06-15 09:00:00,15.0,15.0
D1,F1-union-without-lag_1_4-lightgbm,1,16,2021-06-16,96,1.0,True,193.0,170.36405545456319,-22.635944545436814,22.635944545436814,2021-06-16 10:45:00,2021-06-16 13:15:00,150.0,150.0
D1,F1-union-without-lag_1_4-lightgbm,1,16,2021-06-17,96,1.0,True,197.0,174.76975165228754,-22.23024834771246,22.23024834771246,2021-06-17 08:45:00,2021-06-17 08:45:00,0.0,0.0
D1,F1-union-without-lag_1_4-lightgbm,1,16,2021-06-18,96,1.0,True,186.0,170.33505157626905,-15.664948423730948,15.664948423730948,2021-06-18 10:00:00,2021-06-18 09:00:00,-60.0,60.0
D1,F1-union-without-lag_1_4-lightgbm,1,16,2021-06-19,96,1.0,True,119.0,110.56498832294969,-8.435011677050312,8.435011677050312,2021-06-19 02:15:00,2021-06-19 06:15:00,240.0,240.0
D1,F1-union-without-lag_1_4-lightgbm,1,16,2021-06-20,96,1.0,True,28.0,109.87329414669594,81.87329414669594,81.87329414669594,2021-06-20 15:15:00,2021-06-20 09:00:00,-375.0,375.0
D1,F1-union-without-lag_1_4-lightgbm,2,4,2021-07-12,96,1.0,True,198.0,185.5934599338323,-12.406540066167707,12.406540066167707,2021-07-12 08:45:00,2021-07-12 13:45:00,300.0,300.0
D1,F1-union-without-lag_1_4-lightgbm,2,4,2021-07-13,1,0.010416666666666666,False,79.0,89.40719482574315,10.407194825743147,10.407194825743147,2021-07-13 00:00:00,2021-07-13 00:00:00,0.0,0.0
D1,F1-union-without-lag_1_4-lightgbm,2,4,2021-07-17,80,0.8333333333333334,False,108.0,105.5341245874351,-2.4658754125648983,2.4658754125648983,2021-07-17 06:00:00,2021-07-17 04:15:00,-105.0,105.0
D1,F1-union-without-lag_1_4-lightgbm,2,4,2021-07-18,84,0.875,False,28.0,72.22543259833672,44.225432598336724,44.225432598336724,2021-07-18 04:30:00,2021-07-18 08:45:00,255.0,255.0
D1,F1-union-without-lag_1_4-lightgbm,2,4,2021-07-26,84,0.875,False,217.0,190.9908337052179,-26.00916629478209,26.00916629478209,2021-07-26 08:30:00,2021-07-26 11:45:00,195.0,195.0
D1,F1-union-without-lag_1_4-lightgbm,2,4,2021-07-27,84,0.875,False,211.0,174.9715737239397,-36.02842627606029,36.02842627606029,2021-07-27 11:45:00,2021-07-27 08:45:00,-180.0,180.0
D1,F1-union-without-lag_1_4-lightgbm,2,4,2021-07-28,84,0.875,False,212.0,185.5167493981432,-26.48325060185681,26.48325060185681,2021-07-28 12:00:00,2021-07-28 14:45:00,165.0,165.0
D1,F1-union-without-lag_1_4-lightgbm,2,4,2021-07-29,84,0.875,False,211.0,179.57931710609793,-31.420682893902068,31.420682893902068,2021-07-29 12:00:00,2021-07-29 14:45:00,165.0,165.0
D1,F1-union-without-lag_1_4-lightgbm,2,4,2021-07-30,85,0.8854166666666666,False,212.0,185.98597467524257,-26.014025324757426,26.014025324757426,2021-07-30 12:00:00,2021-07-30 11:45:00,-15.0,15.0
D1,F1-union-without-lag_1_4-lightgbm,2,4,2021-07-31,96,1.0,True,80.0,86.88119350449595,6.881193504495954,6.881193504495954,2021-07-31 00:00:00,2021-07-31 00:00:00,0.0,0.0
D1,F1-union-without-lag_1_4-lightgbm,2,4,2021-08-01,96,1.0,True,28.0,44.99350783926312,16.993507839263117,16.993507839263117,2021-08-01 09:00:00,2021-08-01 10:00:00,60.0,60.0
D1,F1-union-without-lag_1_4-lightgbm,2,4,2021-08-09,39,0.40625,False,215.0,126.26106251864302,-88.73893748135698,88.73893748135698,2021-08-09 08:45:00,2021-08-09 08:45:00,0.0,0.0
D1,F1-union-without-lag_1_4-lightgbm,2,5,2021-07-12,96,1.0,True,198.0,187.46377389392936,-10.536226106070643,10.536226106070643,2021-07-12 08:45:00,2021-07-12 08:45:00,0.0,0.0
D1,F1-union-without-lag_1_4-lightgbm,2,5,2021-07-13,1,0.010416666666666666,False,79.0,93.74059444499495,14.740594444994954,14.740594444994954,2021-07-13 00:00:00,2021-07-13 00:00:00,0.0,0.0
D1,F1-union-without-lag_1_4-lightgbm,2,5,2021-07-17,79,0.8229166666666666,False,108.0,107.20502675241904,-0.7949732475809554,0.7949732475809554,2021-07-17 06:00:00,2021-07-17 04:15:00,-105.0,105.0
D1,F1-union-without-lag_1_4-lightgbm,2,5,2021-07-18,84,0.875,False,28.0,82.26250068031217,54.26250068031217,54.26250068031217,2021-07-18 04:30:00,2021-07-18 08:30:00,240.0,240.0
D1,F1-union-without-lag_1_4-lightgbm,2,5,2021-07-26,84,0.875,False,217.0,191.33542924603591,-25.664570753964085,25.664570753964085,2021-07-26 08:30:00,2021-07-26 11:45:00,195.0,195.0
D1,F1-union-without-lag_1_4-lightgbm,2,5,2021-07-27,84,0.875,False,211.0,175.22096708696523,-35.77903291303477,35.77903291303477,2021-07-27 11:45:00,2021-07-27 15:00:00,195.0,195.0
D1,F1-union-without-lag_1_4-lightgbm,2,5,2021-07-28,84,0.875,False,212.0,180.4605169328918,-31.539483067108193,31.539483067108193,2021-07-28 12:00:00,2021-07-28 14:45:00,165.0,165.0
D1,F1-union-without-lag_1_4-lightgbm,2,5,2021-07-29,84,0.875,False,211.0,181.90689446766459,-29.093105532335414,29.093105532335414,2021-07-29 12:00:00,2021-07-29 14:45:00,165.0,165.0
D1,F1-union-without-lag_1_4-lightgbm,2,5,2021-07-30,85,0.8854166666666666,False,212.0,185.50877247899444,-26.491227521005555,26.491227521005555,2021-07-30 12:00:00,2021-07-30 14:45:00,165.0,165.0
D1,F1-union-without-lag_1_4-lightgbm,2,5,2021-07-31,96,1.0,True,80.0,89.69672212735314,9.69672212735314,9.69672212735314,2021-07-31 00:00:00,2021-07-31 01:15:00,75.0,75.0
D1,F1-union-without-lag_1_4-lightgbm,2,5,2021-08-01,96,1.0,True,28.0,64.23578453835246,36.23578453835246,36.23578453835246,2021-08-01 09:00:00,2021-08-01 11:15:00,135.0,135.0
D1,F1-union-without-lag_1_4-lightgbm,2,5,2021-08-09,39,0.40625,False,215.0,133.82419271675872,-81.17580728324128,81.17580728324128,2021-08-09 08:45:00,2021-08-09 09:00:00,15.0,15.0
D1,F1-union-without-lag_1_4-lightgbm,2,6,2021-07-12,96,1.0,True,198.0,188.26082046892853,-9.739179531071471,9.739179531071471,2021-07-12 08:45:00,2021-07-12 14:00:00,315.0,315.0
D1,F1-union-without-lag_1_4-lightgbm,2,6,2021-07-13,1,0.010416666666666666,False,79.0,96.83593844994667,17.835938449946667,17.835938449946667,2021-07-13 00:00:00,2021-07-13 00:00:00,0.0,0.0
D1,F1-union-without-lag_1_4-lightgbm,2,6,2021-07-17,78,0.8125,False,108.0,106.18073802371683,-1.8192619762831725,1.8192619762831725,2021-07-17 06:00:00,2021-07-17 06:15:00,15.0,15.0
D1,F1-union-without-lag_1_4-lightgbm,2,6,2021-07-18,84,0.875,False,28.0,90.46401808972308,62.46401808972308,62.46401808972308,2021-07-18 01:15:00,2021-07-18 08:30:00,435.0,435.0
D1,F1-union-without-lag_1_4-lightgbm,2,6,2021-07-26,84,0.875,False,217.0,189.47324254357477,-27.52675745642523,27.52675745642523,2021-07-26 08:30:00,2021-07-26 11:45:00,195.0,195.0
D1,F1-union-without-lag_1_4-lightgbm,2,6,2021-07-27,84,0.875,False,211.0,173.87349644935725,-37.12650355064275,37.12650355064275,2021-07-27 11:45:00,2021-07-27 15:00:00,195.0,195.0
D1,F1-union-without-lag_1_4-lightgbm,2,6,2021-07-28,84,0.875,False,212.0,179.1036978973931,-32.89630210260691,32.89630210260691,2021-07-28 12:00:00,2021-07-28 08:30:00,-210.0,210.0
D1,F1-union-without-lag_1_4-lightgbm,2,6,2021-07-29,84,0.875,False,211.0,171.93726982006694,-39.062730179933055,39.062730179933055,2021-07-29 12:00:00,2021-07-29 15:45:00,225.0,225.0
D1,F1-union-without-lag_1_4-lightgbm,2,6,2021-07-30,85,0.8854166666666666,False,212.0,183.17768937475375,-28.822310625246246,28.822310625246246,2021-07-30 12:00:00,2021-07-30 15:00:00,180.0,180.0
D1,F1-union-without-lag_1_4-lightgbm,2,6,2021-07-31,96,1.0,True,80.0,98.24196408021744,18.241964080217443,18.241964080217443,2021-07-31 00:00:00,2021-07-31 01:30:00,90.0,90.0
D1,F1-union-without-lag_1_4-lightgbm,2,6,2021-08-01,96,1.0,True,28.0,56.42255576847904,28.422555768479043,28.422555768479043,2021-08-01 09:00:00,2021-08-01 11:30:00,150.0,150.0
D1,F1-union-without-lag_1_4-lightgbm,2,6,2021-08-09,39,0.40625,False,215.0,138.75117667543736,-76.24882332456264,76.24882332456264,2021-08-09 08:45:00,2021-08-09 09:00:00,15.0,15.0
D1,F1-union-without-lag_1_4-lightgbm,2,7,2021-07-12,96,1.0,True,198.0,182.67132972049745,-15.328670279502546,15.328670279502546,2021-07-12 08:45:00,2021-07-12 13:45:00,300.0,300.0
D1,F1-union-without-lag_1_4-lightgbm,2,7,2021-07-13,1,0.010416666666666666,False,79.0,86.74091344008328,7.7409134400832755,7.7409134400832755,2021-07-13 00:00:00,2021-07-13 00:00:00,0.0,0.0
D1,F1-union-without-lag_1_4-lightgbm,2,7,2021-07-17,77,0.8020833333333334,False,108.0,104.76422911302096,-3.23577088697904,3.23577088697904,2021-07-17 06:00:00,2021-07-17 06:15:00,15.0,15.0
D1,F1-union-without-lag_1_4-lightgbm,2,7,2021-07-18,84,0.875,False,28.0,76.27640334333945,48.27640334333945,48.27640334333945,2021-07-18 01:15:00,2021-07-18 08:45:00,450.0,450.0
D1,F1-union-without-lag_1_4-lightgbm,2,7,2021-07-26,84,0.875,False,217.0,194.86997384470516,-22.130026155294843,22.130026155294843,2021-07-26 08:30:00,2021-07-26 08:30:00,0.0,0.0
D1,F1-union-without-lag_1_4-lightgbm,2,7,2021-07-27,84,0.875,False,211.0,171.0103759667372,-39.9896240332628,39.9896240332628,2021-07-27 11:45:00,2021-07-27 13:45:00,120.0,120.0
D1,F1-union-without-lag_1_4-lightgbm,2,7,2021-07-28,84,0.875,False,212.0,180.8589418922432,-31.141058107756805,31.141058107756805,2021-07-28 12:00:00,2021-07-28 08:30:00,-210.0,210.0
D1,F1-union-without-lag_1_4-lightgbm,2,7,2021-07-29,84,0.875,False,211.0,175.36952503340052,-35.63047496659948,35.63047496659948,2021-07-29 12:00:00,2021-07-29 11:00:00,-60.0,60.0
D1,F1-union-without-lag_1_4-lightgbm,2,7,2021-07-30,85,0.8854166666666666,False,212.0,183.31206606815257,-28.687933931847425,28.687933931847425,2021-07-30 12:00:00,2021-07-30 11:45:00,-15.0,15.0
D1,F1-union-without-lag_1_4-lightgbm,2,7,2021-07-31,96,1.0,True,80.0,104.67671891546205,24.676718915462047,24.676718915462047,2021-07-31 00:00:00,2021-07-31 01:45:00,105.0,105.0
D1,F1-union-without-lag_1_4-lightgbm,2,7,2021-08-01,96,1.0,True,28.0,82.87175904966136,54.871759049661364,54.871759049661364,2021-08-01 09:00:00,2021-08-01 09:00:00,0.0,0.0
D1,F1-union-without-lag_1_4-lightgbm,2,7,2021-08-09,39,0.40625,False,215.0,119.97348186149176,-95.02651813850824,95.02651813850824,2021-08-09 08:45:00,2021-08-09 09:15:00,30.0,30.0
D1,F1-union-without-lag_1_4-lightgbm,2,8,2021-07-12,96,1.0,True,198.0,186.2762074583807,-11.723792541619304,11.723792541619304,2021-07-12 08:45:00,2021-07-12 13:30:00,285.0,285.0
D1,F1-union-without-lag_1_4-lightgbm,2,8,2021-07-13,1,0.010416666666666666,False,79.0,88.24923749765924,9.249237497659237,9.249237497659237,2021-07-13 00:00:00,2021-07-13 00:00:00,0.0,0.0
D1,F1-union-without-lag_1_4-lightgbm,2,8,2021-07-17,76,0.7916666666666666,False,108.0,104.5949824659361,-3.4050175340639015,3.4050175340639015,2021-07-17 06:00:00,2021-07-17 06:15:00,15.0,15.0
D1,F1-union-without-lag_1_4-lightgbm,2,8,2021-07-18,84,0.875,False,28.0,81.78614621262845,53.78614621262845,53.78614621262845,2021-07-18 01:15:00,2021-07-18 08:30:00,435.0,435.0
D1,F1-union-without-lag_1_4-lightgbm,2,8,2021-07-26,84,0.875,False,217.0,195.18275481867875,-21.817245181321255,21.817245181321255,2021-07-26 08:30:00,2021-07-26 08:45:00,15.0,15.0
D1,F1-union-without-lag_1_4-lightgbm,2,8,2021-07-27,84,0.875,False,211.0,167.7595811636961,-43.24041883630389,43.24041883630389,2021-07-27 11:45:00,2021-07-27 13:30:00,105.0,105.0
D1,F1-union-without-lag_1_4-lightgbm,2,8,2021-07-28,84,0.875,False,212.0,187.78884784316614,-24.21115215683386,24.21115215683386,2021-07-28 12:00:00,2021-07-28 14:45:00,165.0,165.0
D1,F1-union-without-lag_1_4-lightgbm,2,8,2021-07-29,84,0.875,False,211.0,166.29865880294307,-44.701341197056934,44.701341197056934,2021-07-29 12:00:00,2021-07-29 14:45:00,165.0,165.0
D1,F1-union-without-lag_1_4-lightgbm,2,8,2021-07-30,85,0.8854166666666666,False,212.0,188.9379360057313,-23.062063994268698,23.062063994268698,2021-07-30 12:00:00,2021-07-30 14:45:00,165.0,165.0
D1,F1-union-without-lag_1_4-lightgbm,2,8,2021-07-31,96,1.0,True,80.0,106.99694989615391,26.996949896153907,26.996949896153907,2021-07-31 00:00:00,2021-07-31 01:45:00,105.0,105.0
D1,F1-union-without-lag_1_4-lightgbm,2,8,2021-08-01,96,1.0,True,28.0,76.23570940713839,48.23570940713839,48.23570940713839,2021-08-01 09:00:00,2021-08-01 07:45:00,-75.0,75.0
D1,F1-union-without-lag_1_4-lightgbm,2,8,2021-08-09,39,0.40625,False,215.0,95.09977990341882,-119.90022009658118,119.90022009658118,2021-08-09 08:45:00,2021-08-09 09:30:00,45.0,45.0
D1,F1-union-without-lag_1_4-lightgbm,2,9,2021-07-12,96,1.0,True,198.0,186.5108698822268,-11.489130117773186,11.489130117773186,2021-07-12 08:45:00,2021-07-12 13:45:00,300.0,300.0
D1,F1-union-without-lag_1_4-lightgbm,2,9,2021-07-13,1,0.010416666666666666,False,79.0,85.71509860711586,6.715098607115863,6.715098607115863,2021-07-13 00:00:00,2021-07-13 00:00:00,0.0,0.0
D1,F1-union-without-lag_1_4-lightgbm,2,9,2021-07-17,75,0.78125,False,108.0,106.26554558810314,-1.7344544118968628,1.7344544118968628,2021-07-17 06:00:00,2021-07-17 06:15:00,15.0,15.0
D1,F1-union-without-lag_1_4-lightgbm,2,9,2021-07-18,84,0.875,False,28.0,78.92151704255352,50.92151704255352,50.92151704255352,2021-07-18 01:15:00,2021-07-18 08:45:00,450.0,450.0
D1,F1-union-without-lag_1_4-lightgbm,2,9,2021-07-26,84,0.875,False,217.0,189.96030449902887,-27.039695500971135,27.039695500971135,2021-07-26 08:30:00,2021-07-26 11:45:00,195.0,195.0
D1,F1-union-without-lag_1_4-lightgbm,2,9,2021-07-27,84,0.875,False,211.0,177.2813402538506,-33.7186597461494,33.7186597461494,2021-07-27 11:45:00,2021-07-27 12:00:00,15.0,15.0
D1,F1-union-without-lag_1_4-lightgbm,2,9,2021-07-28,84,0.875,False,212.0,185.46256541498067,-26.537434585019327,26.537434585019327,2021-07-28 12:00:00,2021-07-28 15:00:00,180.0,180.0
D1,F1-union-without-lag_1_4-lightgbm,2,9,2021-07-29,84,0.875,False,211.0,170.6311309267546,-40.368869073245406,40.368869073245406,2021-07-29 12:00:00,2021-07-29 14:45:00,165.0,165.0
D1,F1-union-without-lag_1_4-lightgbm,2,9,2021-07-30,85,0.8854166666666666,False,212.0,185.452495409658,-26.547504590341987,26.547504590341987,2021-07-30 12:00:00,2021-07-30 11:45:00,-15.0,15.0
D1,F1-union-without-lag_1_4-lightgbm,2,9,2021-07-31,96,1.0,True,80.0,109.69909931046767,29.699099310467673,29.699099310467673,2021-07-31 00:00:00,2021-07-31 01:45:00,105.0,105.0
D1,F1-union-without-lag_1_4-lightgbm,2,9,2021-08-01,96,1.0,True,28.0,49.36639869014335,21.36639869014335,21.36639869014335,2021-08-01 09:00:00,2021-08-01 01:15:00,-465.0,465.0
D1,F1-union-without-lag_1_4-lightgbm,2,9,2021-08-09,39,0.40625,False,215.0,116.16903036504297,-98.83096963495703,98.83096963495703,2021-08-09 08:45:00,2021-08-09 09:30:00,45.0,45.0
D1,F1-union-without-lag_1_4-lightgbm,2,10,2021-07-12,96,1.0,True,198.0,184.22406645286978,-13.775933547130222,13.775933547130222,2021-07-12 08:45:00,2021-07-12 14:00:00,315.0,315.0
D1,F1-union-without-lag_1_4-lightgbm,2,10,2021-07-13,1,0.010416666666666666,False,79.0,85.66336424577352,6.663364245773522,6.663364245773522,2021-07-13 00:00:00,2021-07-13 00:00:00,0.0,0.0
D1,F1-union-without-lag_1_4-lightgbm,2,10,2021-07-17,74,0.7708333333333334,False,108.0,105.52141385404217,-2.478586145957834,2.478586145957834,2021-07-17 06:00:00,2021-07-17 06:15:00,15.0,15.0
D1,F1-union-without-lag_1_4-lightgbm,2,10,2021-07-18,84,0.875,False,28.0,96.62043161645727,68.62043161645727,68.62043161645727,2021-07-18 01:15:00,2021-07-18 09:15:00,480.0,480.0
D1,F1-union-without-lag_1_4-lightgbm,2,10,2021-07-26,84,0.875,False,217.0,187.61534563176838,-29.384654368231622,29.384654368231622,2021-07-26 08:30:00,2021-07-26 12:00:00,210.0,210.0
D1,F1-union-without-lag_1_4-lightgbm,2,10,2021-07-27,84,0.875,False,211.0,163.79337372620498,-47.206626273795024,47.206626273795024,2021-07-27 11:45:00,2021-07-27 10:15:00,-90.0,90.0
D1,F1-union-without-lag_1_4-lightgbm,2,10,2021-07-28,84,0.875,False,212.0,183.16001452392769,-28.839985476072314,28.839985476072314,2021-07-28 12:00:00,2021-07-28 14:45:00,165.0,165.0
D1,F1-union-without-lag_1_4-lightgbm,2,10,2021-07-29,84,0.875,False,211.0,165.892103514724,-45.107896485276,45.107896485276,2021-07-29 12:00:00,2021-07-29 14:45:00,165.0,165.0
D1,F1-union-without-lag_1_4-lightgbm,2,10,2021-07-30,85,0.8854166666666666,False,212.0,184.26544758637826,-27.734552413621742,27.734552413621742,2021-07-30 12:00:00,2021-07-30 14:45:00,165.0,165.0
D1,F1-union-without-lag_1_4-lightgbm,2,10,2021-07-31,96,1.0,True,80.0,112.10839537707342,32.10839537707342,32.10839537707342,2021-07-31 00:00:00,2021-07-31 02:15:00,135.0,135.0
D1,F1-union-without-lag_1_4-lightgbm,2,10,2021-08-01,96,1.0,True,28.0,79.2044170873477,51.20441708734769,51.20441708734769,2021-08-01 09:00:00,2021-08-01 12:00:00,180.0,180.0
D1,F1-union-without-lag_1_4-lightgbm,2,10,2021-08-09,39,0.40625,False,215.0,111.42012221500244,-103.57987778499756,103.57987778499756,2021-08-09 08:45:00,2021-08-09 08:15:00,-30.0,30.0
D1,F1-union-without-lag_1_4-lightgbm,2,11,2021-07-12,96,1.0,True,198.0,187.55833500392893,-10.441664996071069,10.441664996071069,2021-07-12 08:45:00,2021-07-12 13:30:00,285.0,285.0
D1,F1-union-without-lag_1_4-lightgbm,2,11,2021-07-13,1,0.010416666666666666,False,79.0,84.20755159887953,5.207551598879533,5.207551598879533,2021-07-13 00:00:00,2021-07-13 00:00:00,0.0,0.0
D1,F1-union-without-lag_1_4-lightgbm,2,11,2021-07-17,73,0.7604166666666666,False,108.0,105.04591519940873,-2.954084800591275,2.954084800591275,2021-07-17 06:00:00,2021-07-17 06:15:00,15.0,15.0
D1,F1-union-without-lag_1_4-lightgbm,2,11,2021-07-18,84,0.875,False,28.0,96.17431991518086,68.17431991518086,68.17431991518086,2021-07-18 01:15:00,2021-07-18 09:45:00,510.0,510.0
D1,F1-union-without-lag_1_4-lightgbm,2,11,2021-07-26,84,0.875,False,217.0,199.8807462805563,-17.11925371944369,17.11925371944369,2021-07-26 08:30:00,2021-07-26 11:45:00,195.0,195.0
D1,F1-union-without-lag_1_4-lightgbm,2,11,2021-07-27,84,0.875,False,211.0,163.69073989020666,-47.30926010979334,47.30926010979334,2021-07-27 11:45:00,2021-07-27 10:15:00,-90.0,90.0
D1,F1-union-without-lag_1_4-lightgbm,2,11,2021-07-28,84,0.875,False,212.0,181.97037954135502,-30.029620458644985,30.029620458644985,2021-07-28 12:00:00,2021-07-28 14:30:00,150.0,150.0
D1,F1-union-without-lag_1_4-lightgbm,2,11,2021-07-29,84,0.875,False,211.0,156.40461778427456,-54.59538221572544,54.59538221572544,2021-07-29 12:00:00,2021-07-29 14:45:00,165.0,165.0
D1,F1-union-without-lag_1_4-lightgbm,2,11,2021-07-30,85,0.8854166666666666,False,212.0,184.4705050509352,-27.529494949064798,27.529494949064798,2021-07-30 12:00:00,2021-07-30 14:45:00,165.0,165.0
D1,F1-union-without-lag_1_4-lightgbm,2,11,2021-07-31,96,1.0,True,80.0,110.1932216224812,30.193221622481204,30.193221622481204,2021-07-31 00:00:00,2021-07-31 02:15:00,135.0,135.0
D1,F1-union-without-lag_1_4-lightgbm,2,11,2021-08-01,96,1.0,True,28.0,84.38679680300564,56.38679680300564,56.38679680300564,2021-08-01 09:00:00,2021-08-01 11:45:00,165.0,165.0
D1,F1-union-without-lag_1_4-lightgbm,2,11,2021-08-09,39,0.40625,False,215.0,121.83728144564155,-93.16271855435845,93.16271855435845,2021-08-09 08:45:00,2021-08-09 08:15:00,-30.0,30.0
D1,F1-union-without-lag_1_4-lightgbm,2,12,2021-07-12,96,1.0,True,198.0,187.35873052121,-10.641269478790008,10.641269478790008,2021-07-12 08:45:00,2021-07-12 15:45:00,420.0,420.0
D1,F1-union-without-lag_1_4-lightgbm,2,12,2021-07-13,1,0.010416666666666666,False,79.0,83.68926377522298,4.689263775222983,4.689263775222983,2021-07-13 00:00:00,2021-07-13 00:00:00,0.0,0.0
D1,F1-union-without-lag_1_4-lightgbm,2,12,2021-07-17,72,0.75,False,108.0,105.16043138804226,-2.839568611957745,2.839568611957745,2021-07-17 06:00:00,2021-07-17 06:15:00,15.0,15.0
D1,F1-union-without-lag_1_4-lightgbm,2,12,2021-07-18,84,0.875,False,28.0,92.06882682226099,64.06882682226099,64.06882682226099,2021-07-18 01:15:00,2021-07-18 10:00:00,525.0,525.0
D1,F1-union-without-lag_1_4-lightgbm,2,12,2021-07-26,84,0.875,False,217.0,190.7138451239311,-26.286154876068906,26.286154876068906,2021-07-26 08:30:00,2021-07-26 11:45:00,195.0,195.0
D1,F1-union-without-lag_1_4-lightgbm,2,12,2021-07-27,84,0.875,False,211.0,166.96974610462567,-44.03025389537433,44.03025389537433,2021-07-27 11:45:00,2021-07-27 13:45:00,120.0,120.0
D1,F1-union-without-lag_1_4-lightgbm,2,12,2021-07-28,84,0.875,False,212.0,178.50225654115349,-33.497743458846514,33.497743458846514,2021-07-28 12:00:00,2021-07-28 08:45:00,-195.0,195.0
D1,F1-union-without-lag_1_4-lightgbm,2,12,2021-07-29,84,0.875,False,211.0,164.1409312817127,-46.85906871828729,46.85906871828729,2021-07-29 12:00:00,2021-07-29 15:45:00,225.0,225.0
D1,F1-union-without-lag_1_4-lightgbm,2,12,2021-07-30,85,0.8854166666666666,False,212.0,182.7954636275179,-29.204536372482096,29.204536372482096,2021-07-30 12:00:00,2021-07-30 15:45:00,225.0,225.0
D1,F1-union-without-lag_1_4-lightgbm,2,12,2021-07-31,96,1.0,True,80.0,112.06315435742086,32.063154357420856,32.063154357420856,2021-07-31 00:00:00,2021-07-31 02:00:00,120.0,120.0
D1,F1-union-without-lag_1_4-lightgbm,2,12,2021-08-01,96,1.0,True,28.0,68.95806760285801,40.95806760285801,40.95806760285801,2021-08-01 09:00:00,2021-08-01 12:00:00,180.0,180.0
D1,F1-union-without-lag_1_4-lightgbm,2,12,2021-08-09,39,0.40625,False,215.0,141.59461285608236,-73.40538714391764,73.40538714391764,2021-08-09 08:45:00,2021-08-09 09:30:00,45.0,45.0
D1,F1-union-without-lag_1_4-lightgbm,2,13,2021-07-12,96,1.0,True,198.0,184.82010142063316,-13.179898579366835,13.179898579366835,2021-07-12 08:45:00,2021-07-12 13:45:00,300.0,300.0
D1,F1-union-without-lag_1_4-lightgbm,2,13,2021-07-13,1,0.010416666666666666,False,79.0,87.18119392562727,8.18119392562727,8.18119392562727,2021-07-13 00:00:00,2021-07-13 00:00:00,0.0,0.0
D1,F1-union-without-lag_1_4-lightgbm,2,13,2021-07-17,71,0.7395833333333334,False,96.0,106.21188698568616,10.211886985686164,10.211886985686164,2021-07-17 06:15:00,2021-07-17 06:15:00,0.0,0.0
D1,F1-union-without-lag_1_4-lightgbm,2,13,2021-07-18,84,0.875,False,28.0,80.47586307345345,52.47586307345345,52.47586307345345,2021-07-18 01:15:00,2021-07-18 08:45:00,450.0,450.0
D1,F1-union-without-lag_1_4-lightgbm,2,13,2021-07-26,84,0.875,False,217.0,185.78079735284,-31.21920264715999,31.21920264715999,2021-07-26 08:30:00,2021-07-26 12:00:00,210.0,210.0
D1,F1-union-without-lag_1_4-lightgbm,2,13,2021-07-27,84,0.875,False,211.0,162.6760210671811,-48.3239789328189,48.3239789328189,2021-07-27 11:45:00,2021-07-27 14:00:00,135.0,135.0
D1,F1-union-without-lag_1_4-lightgbm,2,13,2021-07-28,84,0.875,False,212.0,178.98468860417387,-33.01531139582613,33.01531139582613,2021-07-28 12:00:00,2021-07-28 08:45:00,-195.0,195.0
D1,F1-union-without-lag_1_4-lightgbm,2,13,2021-07-29,84,0.875,False,211.0,163.60369562533552,-47.39630437466448,47.39630437466448,2021-07-29 12:00:00,2021-07-29 15:15:00,195.0,195.0
D1,F1-union-without-lag_1_4-lightgbm,2,13,2021-07-30,85,0.8854166666666666,False,212.0,179.1123691203949,-32.8876308796051,32.8876308796051,2021-07-30 12:00:00,2021-07-30 14:45:00,165.0,165.0
D1,F1-union-without-lag_1_4-lightgbm,2,13,2021-07-31,96,1.0,True,80.0,109.84909078027889,29.849090780278885,29.849090780278885,2021-07-31 00:00:00,2021-07-31 02:15:00,135.0,135.0
D1,F1-union-without-lag_1_4-lightgbm,2,13,2021-08-01,96,1.0,True,28.0,47.47745219888272,19.477452198882723,19.477452198882723,2021-08-01 09:00:00,2021-08-01 09:00:00,0.0,0.0
D1,F1-union-without-lag_1_4-lightgbm,2,13,2021-08-09,39,0.40625,False,215.0,119.57964338873447,-95.42035661126553,95.42035661126553,2021-08-09 08:45:00,2021-08-09 09:30:00,45.0,45.0
D1,F1-union-without-lag_1_4-lightgbm,2,14,2021-07-12,96,1.0,True,198.0,174.68505797912954,-23.31494202087046,23.31494202087046,2021-07-12 08:45:00,2021-07-12 12:00:00,195.0,195.0
D1,F1-union-without-lag_1_4-lightgbm,2,14,2021-07-13,1,0.010416666666666666,False,79.0,86.13091099011578,7.13091099011578,7.13091099011578,2021-07-13 00:00:00,2021-07-13 00:00:00,0.0,0.0
D1,F1-union-without-lag_1_4-lightgbm,2,14,2021-07-17,70,0.7291666666666666,False,88.0,104.51845461993442,16.518454619934417,16.518454619934417,2021-07-17 07:15:00,2021-07-17 06:30:00,-45.0,45.0
D1,F1-union-without-lag_1_4-lightgbm,2,14,2021-07-18,84,0.875,False,28.0,73.85859244412892,45.85859244412892,45.85859244412892,2021-07-18 01:15:00,2021-07-18 09:00:00,465.0,465.0
D1,F1-union-without-lag_1_4-lightgbm,2,14,2021-07-26,84,0.875,False,217.0,175.89609783903367,-41.10390216096633,41.10390216096633,2021-07-26 08:30:00,2021-07-26 12:00:00,210.0,210.0
D1,F1-union-without-lag_1_4-lightgbm,2,14,2021-07-27,84,0.875,False,211.0,160.2990994479923,-50.70090055200771,50.70090055200771,2021-07-27 11:45:00,2021-07-27 10:15:00,-90.0,90.0
D1,F1-union-without-lag_1_4-lightgbm,2,14,2021-07-28,84,0.875,False,212.0,172.39143681853395,-39.60856318146605,39.60856318146605,2021-07-28 12:00:00,2021-07-28 14:15:00,135.0,135.0
D1,F1-union-without-lag_1_4-lightgbm,2,14,2021-07-29,84,0.875,False,211.0,160.17214046853772,-50.82785953146228,50.82785953146228,2021-07-29 12:00:00,2021-07-29 15:15:00,195.0,195.0
D1,F1-union-without-lag_1_4-lightgbm,2,14,2021-07-30,84,0.875,False,212.0,169.5610084032895,-42.43899159671051,42.43899159671051,2021-07-30 12:00:00,2021-07-30 11:30:00,-30.0,30.0
D1,F1-union-without-lag_1_4-lightgbm,2,14,2021-07-31,96,1.0,True,80.0,106.53222464992798,26.532224649927983,26.532224649927983,2021-07-31 00:00:00,2021-07-31 02:30:00,150.0,150.0
D1,F1-union-without-lag_1_4-lightgbm,2,14,2021-08-01,96,1.0,True,28.0,71.5164250804728,43.5164250804728,43.5164250804728,2021-08-01 09:00:00,2021-08-01 08:45:00,-15.0,15.0
D1,F1-union-without-lag_1_4-lightgbm,2,14,2021-08-09,39,0.40625,False,215.0,81.43973200442161,-133.56026799557839,133.56026799557839,2021-08-09 08:45:00,2021-08-09 09:30:00,45.0,45.0
D1,F1-union-without-lag_1_4-lightgbm,2,15,2021-07-12,96,1.0,True,198.0,176.1355627645472,-21.86443723545281,21.86443723545281,2021-07-12 08:45:00,2021-07-12 13:30:00,285.0,285.0
D1,F1-union-without-lag_1_4-lightgbm,2,15,2021-07-13,1,0.010416666666666666,False,79.0,87.80525119401813,8.805251194018126,8.805251194018126,2021-07-13 00:00:00,2021-07-13 00:00:00,0.0,0.0
D1,F1-union-without-lag_1_4-lightgbm,2,15,2021-07-17,69,0.71875,False,88.0,117.07081232607615,29.07081232607615,29.07081232607615,2021-07-17 07:15:00,2021-07-17 11:15:00,240.0,240.0
D1,F1-union-without-lag_1_4-lightgbm,2,15,2021-07-18,84,0.875,False,28.0,56.69810803856229,28.69810803856229,28.69810803856229,2021-07-18 01:15:00,2021-07-18 09:00:00,465.0,465.0
D1,F1-union-without-lag_1_4-lightgbm,2,15,2021-07-26,84,0.875,False,217.0,175.28533042515502,-41.714669574844976,41.714669574844976,2021-07-26 08:30:00,2021-07-26 14:15:00,345.0,345.0
D1,F1-union-without-lag_1_4-lightgbm,2,15,2021-07-27,84,0.875,False,211.0,159.40850803571897,-51.59149196428103,51.59149196428103,2021-07-27 11:45:00,2021-07-27 10:15:00,-90.0,90.0
D1,F1-union-without-lag_1_4-lightgbm,2,15,2021-07-28,84,0.875,False,212.0,172.34620360304214,-39.65379639695786,39.65379639695786,2021-07-28 12:00:00,2021-07-28 08:30:00,-210.0,210.0
D1,F1-union-without-lag_1_4-lightgbm,2,15,2021-07-29,84,0.875,False,211.0,156.80920331897443,-54.190796681025574,54.190796681025574,2021-07-29 12:00:00,2021-07-29 15:15:00,195.0,195.0
D1,F1-union-without-lag_1_4-lightgbm,2,15,2021-07-30,84,0.875,False,212.0,170.74287619298545,-41.25712380701455,41.25712380701455,2021-07-30 12:00:00,2021-07-30 11:30:00,-30.0,30.0
D1,F1-union-without-lag_1_4-lightgbm,2,15,2021-07-31,96,1.0,True,80.0,110.89190503480803,30.891905034808033,30.891905034808033,2021-07-31 00:00:00,2021-07-31 03:45:00,225.0,225.0
D1,F1-union-without-lag_1_4-lightgbm,2,15,2021-08-01,96,1.0,True,28.0,77.44172993046739,49.44172993046739,49.44172993046739,2021-08-01 09:00:00,2021-08-01 08:45:00,-15.0,15.0
D1,F1-union-without-lag_1_4-lightgbm,2,15,2021-08-09,39,0.40625,False,215.0,71.55875247035195,-143.44124752964805,143.44124752964805,2021-08-09 08:45:00,2021-08-09 08:30:00,-15.0,15.0
D1,F1-union-without-lag_1_4-lightgbm,2,16,2021-07-12,96,1.0,True,198.0,174.8917203890387,-23.10827961096129,23.10827961096129,2021-07-12 08:45:00,2021-07-12 13:30:00,285.0,285.0
D1,F1-union-without-lag_1_4-lightgbm,2,16,2021-07-13,1,0.010416666666666666,False,79.0,86.80301721709009,7.803017217090087,7.803017217090087,2021-07-13 00:00:00,2021-07-13 00:00:00,0.0,0.0
D1,F1-union-without-lag_1_4-lightgbm,2,16,2021-07-17,68,0.7083333333333334,False,88.0,126.44185647585363,38.441856475853626,38.441856475853626,2021-07-17 07:15:00,2021-07-17 11:30:00,255.0,255.0
D1,F1-union-without-lag_1_4-lightgbm,2,16,2021-07-18,84,0.875,False,28.0,60.98728892714526,32.98728892714526,32.98728892714526,2021-07-18 01:15:00,2021-07-18 08:30:00,435.0,435.0
D1,F1-union-without-lag_1_4-lightgbm,2,16,2021-07-26,84,0.875,False,217.0,174.94605515428782,-42.05394484571218,42.05394484571218,2021-07-26 08:30:00,2021-07-26 14:00:00,330.0,330.0
D1,F1-union-without-lag_1_4-lightgbm,2,16,2021-07-27,84,0.875,False,211.0,157.080942676341,-53.91905732365899,53.91905732365899,2021-07-27 11:45:00,2021-07-27 10:15:00,-90.0,90.0
D1,F1-union-without-lag_1_4-lightgbm,2,16,2021-07-28,84,0.875,False,212.0,172.17287453541292,-39.827125464587084,39.827125464587084,2021-07-28 12:00:00,2021-07-28 14:00:00,120.0,120.0
D1,F1-union-without-lag_1_4-lightgbm,2,16,2021-07-29,84,0.875,False,211.0,157.20224652027278,-53.79775347972722,53.79775347972722,2021-07-29 12:00:00,2021-07-29 10:15:00,-105.0,105.0
D1,F1-union-without-lag_1_4-lightgbm,2,16,2021-07-30,84,0.875,False,212.0,170.53702466957589,-41.462975330424115,41.462975330424115,2021-07-30 12:00:00,2021-07-30 10:45:00,-75.0,75.0
D1,F1-union-without-lag_1_4-lightgbm,2,16,2021-07-31,96,1.0,True,80.0,112.51052063950462,32.51052063950462,32.51052063950462,2021-07-31 00:00:00,2021-07-31 04:00:00,240.0,240.0
D1,F1-union-without-lag_1_4-lightgbm,2,16,2021-08-01,96,1.0,True,28.0,71.88903089346122,43.889030893461225,43.889030893461225,2021-08-01 09:00:00,2021-08-01 09:15:00,15.0,15.0
D1,F1-union-without-lag_1_4-lightgbm,2,16,2021-08-09,39,0.40625,False,215.0,77.83528897375807,-137.16471102624195,137.16471102624195,2021-08-09 08:45:00,2021-08-09 08:15:00,-30.0,30.0
D2,F1-union-without-lag_1_4-lightgbm,0,4,2021-04-19,96,1.0,True,172.0,176.91898957519174,4.918989575191745,4.918989575191745,2021-04-19 08:45:00,2021-04-19 09:15:00,30.0,30.0
D2,F1-union-without-lag_1_4-lightgbm,0,4,2021-04-20,96,1.0,True,172.0,171.04811119535427,-0.9518888046457334,0.9518888046457334,2021-04-20 08:45:00,2021-04-20 13:45:00,300.0,300.0
D2,F1-union-without-lag_1_4-lightgbm,0,4,2021-04-21,96,1.0,True,174.0,173.37217118956178,-0.627828810438217,0.627828810438217,2021-04-21 08:30:00,2021-04-21 08:45:00,15.0,15.0
D2,F1-union-without-lag_1_4-lightgbm,0,4,2021-04-22,96,1.0,True,174.0,174.5351599111937,0.5351599111936878,0.5351599111936878,2021-04-22 08:30:00,2021-04-22 13:30:00,300.0,300.0
D2,F1-union-without-lag_1_4-lightgbm,0,4,2021-04-23,96,1.0,True,174.0,163.41456573175532,-10.585434268244683,10.585434268244683,2021-04-23 08:30:00,2021-04-23 13:30:00,300.0,300.0
D2,F1-union-without-lag_1_4-lightgbm,0,4,2021-04-24,96,1.0,True,112.0,113.01566765047906,1.0156676504790596,1.0156676504790596,2021-04-24 06:15:00,2021-04-24 01:45:00,-270.0,270.0
D2,F1-union-without-lag_1_4-lightgbm,0,4,2021-04-25,96,1.0,True,25.0,27.394534099139218,2.394534099139218,2.394534099139218,2021-04-25 01:30:00,2021-04-25 00:15:00,-75.0,75.0
D2,F1-union-without-lag_1_4-lightgbm,0,4,2021-05-03,96,1.0,True,184.0,191.77741228792047,7.77741228792047,7.77741228792047,2021-05-03 08:30:00,2021-05-03 09:15:00,45.0,45.0
D2,F1-union-without-lag_1_4-lightgbm,0,4,2021-05-04,96,1.0,True,181.0,178.9020694707324,-2.097930529267586,2.097930529267586,2021-05-04 08:30:00,2021-05-04 09:00:00,30.0,30.0
D2,F1-union-without-lag_1_4-lightgbm,0,4,2021-05-05,96,1.0,True,120.0,162.63546148204787,42.63546148204787,42.63546148204787,2021-05-05 04:15:00,2021-05-05 08:15:00,240.0,240.0
D2,F1-union-without-lag_1_4-lightgbm,0,4,2021-05-06,96,1.0,True,199.0,177.49096031960892,-21.509039680391083,21.509039680391083,2021-05-06 09:00:00,2021-05-06 09:15:00,15.0,15.0
D2,F1-union-without-lag_1_4-lightgbm,0,4,2021-05-07,96,1.0,True,181.0,178.5750978722451,-2.4249021277549048,2.4249021277549048,2021-05-07 09:00:00,2021-05-07 08:45:00,-15.0,15.0
D2,F1-union-without-lag_1_4-lightgbm,0,4,2021-05-08,96,1.0,True,115.0,110.96171544400447,-4.038284555995531,4.038284555995531,2021-05-08 02:00:00,2021-05-08 02:00:00,0.0,0.0
D2,F1-union-without-lag_1_4-lightgbm,0,4,2021-05-09,96,1.0,True,184.0,166.18197304921787,-17.818026950782127,17.818026950782127,2021-05-09 09:00:00,2021-05-09 13:45:00,285.0,285.0
D2,F1-union-without-lag_1_4-lightgbm,0,5,2021-04-19,96,1.0,True,172.0,167.53870478258114,-4.461295217418865,4.461295217418865,2021-04-19 08:45:00,2021-04-19 11:45:00,180.0,180.0
D2,F1-union-without-lag_1_4-lightgbm,0,5,2021-04-20,96,1.0,True,172.0,164.02449660913007,-7.975503390869932,7.975503390869932,2021-04-20 08:45:00,2021-04-20 14:00:00,315.0,315.0
D2,F1-union-without-lag_1_4-lightgbm,0,5,2021-04-21,96,1.0,True,174.0,166.65520838038157,-7.344791619618434,7.344791619618434,2021-04-21 08:30:00,2021-04-21 11:00:00,150.0,150.0
D2,F1-union-without-lag_1_4-lightgbm,0,5,2021-04-22,96,1.0,True,174.0,172.03047316516322,-1.9695268348367847,1.9695268348367847,2021-04-22 08:30:00,2021-04-22 09:00:00,30.0,30.0
D2,F1-union-without-lag_1_4-lightgbm,0,5,2021-04-23,96,1.0,True,174.0,167.2352696911809,-6.764730308819111,6.764730308819111,2021-04-23 08:30:00,2021-04-23 13:45:00,315.0,315.0
D2,F1-union-without-lag_1_4-lightgbm,0,5,2021-04-24,96,1.0,True,112.0,112.3723130763349,0.37231307633490474,0.37231307633490474,2021-04-24 06:15:00,2021-04-24 03:30:00,-165.0,165.0
D2,F1-union-without-lag_1_4-lightgbm,0,5,2021-04-25,96,1.0,True,25.0,25.90697181206486,0.9069718120648602,0.9069718120648602,2021-04-25 01:30:00,2021-04-25 08:15:00,405.0,405.0
D2,F1-union-without-lag_1_4-lightgbm,0,5,2021-05-03,96,1.0,True,184.0,185.67092417271948,1.6709241727194808,1.6709241727194808,2021-05-03 08:30:00,2021-05-03 09:30:00,60.0,60.0
D2,F1-union-without-lag_1_4-lightgbm,0,5,2021-05-04,96,1.0,True,181.0,175.34170148969125,-5.658298510308754,5.658298510308754,2021-05-04 08:30:00,2021-05-04 09:45:00,75.0,75.0
D2,F1-union-without-lag_1_4-lightgbm,0,5,2021-05-05,96,1.0,True,120.0,167.88757965118594,47.887579651185945,47.887579651185945,2021-05-05 04:15:00,2021-05-05 08:15:00,240.0,240.0
D2,F1-union-without-lag_1_4-lightgbm,0,5,2021-05-06,96,1.0,True,199.0,181.19656129442424,-17.803438705575758,17.803438705575758,2021-05-06 09:00:00,2021-05-06 11:45:00,165.0,165.0
D2,F1-union-without-lag_1_4-lightgbm,0,5,2021-05-07,96,1.0,True,181.0,178.04922164994142,-2.9507783500585845,2.9507783500585845,2021-05-07 09:00:00,2021-05-07 08:45:00,-15.0,15.0
D2,F1-union-without-lag_1_4-lightgbm,0,5,2021-05-08,96,1.0,True,115.0,110.72548735672824,-4.274512643271763,4.274512643271763,2021-05-08 02:00:00,2021-05-08 06:15:00,255.0,255.0
D2,F1-union-without-lag_1_4-lightgbm,0,5,2021-05-09,96,1.0,True,184.0,179.12383505382857,-4.8761649461714285,4.8761649461714285,2021-05-09 09:00:00,2021-05-09 13:45:00,285.0,285.0
D2,F1-union-without-lag_1_4-lightgbm,0,6,2021-04-19,96,1.0,True,172.0,180.93801004687373,8.938010046873728,8.938010046873728,2021-04-19 08:45:00,2021-04-19 10:45:00,120.0,120.0
D2,F1-union-without-lag_1_4-lightgbm,0,6,2021-04-20,96,1.0,True,172.0,173.05105013460522,1.0510501346052195,1.0510501346052195,2021-04-20 08:45:00,2021-04-20 12:00:00,195.0,195.0
D2,F1-union-without-lag_1_4-lightgbm,0,6,2021-04-21,96,1.0,True,174.0,173.48577155850336,-0.5142284414966412,0.5142284414966412,2021-04-21 08:30:00,2021-04-21 14:00:00,330.0,330.0
D2,F1-union-without-lag_1_4-lightgbm,0,6,2021-04-22,96,1.0,True,174.0,175.13989840964913,1.1398984096491347,1.1398984096491347,2021-04-22 08:30:00,2021-04-22 11:00:00,150.0,150.0
D2,F1-union-without-lag_1_4-lightgbm,0,6,2021-04-23,96,1.0,True,174.0,165.1343961836733,-8.865603816326711,8.865603816326711,2021-04-23 08:30:00,2021-04-23 13:45:00,315.0,315.0
D2,F1-union-without-lag_1_4-lightgbm,0,6,2021-04-24,96,1.0,True,112.0,111.93892102140052,-0.061078978599482525,0.061078978599482525,2021-04-24 06:15:00,2021-04-24 02:00:00,-255.0,255.0
D2,F1-union-without-lag_1_4-lightgbm,0,6,2021-04-25,96,1.0,True,25.0,25.338270492399637,0.33827049239963713,0.33827049239963713,2021-04-25 01:30:00,2021-04-25 01:30:00,0.0,0.0
D2,F1-union-without-lag_1_4-lightgbm,0,6,2021-05-03,96,1.0,True,184.0,184.8728376711397,0.8728376711397061,0.8728376711397061,2021-05-03 08:30:00,2021-05-03 09:00:00,30.0,30.0
D2,F1-union-without-lag_1_4-lightgbm,0,6,2021-05-04,96,1.0,True,181.0,179.7397696626536,-1.2602303373463997,1.2602303373463997,2021-05-04 08:30:00,2021-05-04 15:00:00,390.0,390.0
D2,F1-union-without-lag_1_4-lightgbm,0,6,2021-05-05,96,1.0,True,120.0,171.9157263316989,51.91572633169889,51.91572633169889,2021-05-05 04:15:00,2021-05-05 08:45:00,270.0,270.0
D2,F1-union-without-lag_1_4-lightgbm,0,6,2021-05-06,96,1.0,True,199.0,178.0736890189861,-20.9263109810139,20.9263109810139,2021-05-06 09:00:00,2021-05-06 11:45:00,165.0,165.0
D2,F1-union-without-lag_1_4-lightgbm,0,6,2021-05-07,96,1.0,True,181.0,177.84867938563625,-3.1513206143637547,3.1513206143637547,2021-05-07 09:00:00,2021-05-07 11:00:00,120.0,120.0
D2,F1-union-without-lag_1_4-lightgbm,0,6,2021-05-08,96,1.0,True,115.0,109.63680760019963,-5.3631923998003685,5.3631923998003685,2021-05-08 02:00:00,2021-05-08 02:00:00,0.0,0.0
D2,F1-union-without-lag_1_4-lightgbm,0,6,2021-05-09,96,1.0,True,184.0,176.209001580523,-7.790998419477006,7.790998419477006,2021-05-09 09:00:00,2021-05-09 12:00:00,180.0,180.0
D2,F1-union-without-lag_1_4-lightgbm,0,7,2021-04-19,96,1.0,True,172.0,177.15253019546634,5.1525301954663405,5.1525301954663405,2021-04-19 08:45:00,2021-04-19 10:30:00,105.0,105.0
D2,F1-union-without-lag_1_4-lightgbm,0,7,2021-04-20,96,1.0,True,172.0,167.94714211477304,-4.052857885226956,4.052857885226956,2021-04-20 08:45:00,2021-04-20 12:00:00,195.0,195.0
D2,F1-union-without-lag_1_4-lightgbm,0,7,2021-04-21,96,1.0,True,174.0,172.72622914892236,-1.2737708510776429,1.2737708510776429,2021-04-21 08:30:00,2021-04-21 11:00:00,150.0,150.0
D2,F1-union-without-lag_1_4-lightgbm,0,7,2021-04-22,96,1.0,True,174.0,172.41027060613797,-1.5897293938620294,1.5897293938620294,2021-04-22 08:30:00,2021-04-22 11:00:00,150.0,150.0
D2,F1-union-without-lag_1_4-lightgbm,0,7,2021-04-23,96,1.0,True,174.0,153.03255221443507,-20.96744778556493,20.96744778556493,2021-04-23 08:30:00,2021-04-23 10:15:00,105.0,105.0
D2,F1-union-without-lag_1_4-lightgbm,0,7,2021-04-24,96,1.0,True,112.0,110.66177508683217,-1.338224913167835,1.338224913167835,2021-04-24 06:15:00,2021-04-24 03:30:00,-165.0,165.0
D2,F1-union-without-lag_1_4-lightgbm,0,7,2021-04-25,96,1.0,True,25.0,26.557704733896518,1.557704733896518,1.557704733896518,2021-04-25 01:30:00,2021-04-25 08:15:00,405.0,405.0
D2,F1-union-without-lag_1_4-lightgbm,0,7,2021-05-03,96,1.0,True,184.0,185.7457383157086,1.7457383157085928,1.7457383157085928,2021-05-03 08:30:00,2021-05-03 10:00:00,90.0,90.0
D2,F1-union-without-lag_1_4-lightgbm,0,7,2021-05-04,96,1.0,True,181.0,178.25677980877833,-2.743220191221667,2.743220191221667,2021-05-04 08:30:00,2021-05-04 11:00:00,150.0,150.0
D2,F1-union-without-lag_1_4-lightgbm,0,7,2021-05-05,96,1.0,True,120.0,173.8077164509323,53.807716450932304,53.807716450932304,2021-05-05 04:15:00,2021-05-05 09:00:00,285.0,285.0
D2,F1-union-without-lag_1_4-lightgbm,0,7,2021-05-06,96,1.0,True,199.0,180.4180396108196,-18.58196038918041,18.58196038918041,2021-05-06 09:00:00,2021-05-06 14:00:00,300.0,300.0
D2,F1-union-without-lag_1_4-lightgbm,0,7,2021-05-07,96,1.0,True,181.0,175.6121377150237,-5.387862284976308,5.387862284976308,2021-05-07 09:00:00,2021-05-07 10:30:00,90.0,90.0
D2,F1-union-without-lag_1_4-lightgbm,0,7,2021-05-08,96,1.0,True,115.0,111.05024119823761,-3.9497588017623855,3.9497588017623855,2021-05-08 02:00:00,2021-05-08 03:30:00,90.0,90.0
D2,F1-union-without-lag_1_4-lightgbm,0,7,2021-05-09,96,1.0,True,184.0,173.332677746846,-10.667322253153998,10.667322253153998,2021-05-09 09:00:00,2021-05-09 12:00:00,180.0,180.0
D2,F1-union-without-lag_1_4-lightgbm,0,8,2021-04-19,96,1.0,True,172.0,173.34560152684227,1.3456015268422732,1.3456015268422732,2021-04-19 08:45:00,2021-04-19 10:45:00,120.0,120.0
D2,F1-union-without-lag_1_4-lightgbm,0,8,2021-04-20,96,1.0,True,172.0,165.8099384551107,-6.190061544889289,6.190061544889289,2021-04-20 08:45:00,2021-04-20 11:45:00,180.0,180.0
D2,F1-union-without-lag_1_4-lightgbm,0,8,2021-04-21,96,1.0,True,174.0,168.9058766783533,-5.094123321646691,5.094123321646691,2021-04-21 08:30:00,2021-04-21 11:00:00,150.0,150.0
D2,F1-union-without-lag_1_4-lightgbm,0,8,2021-04-22,96,1.0,True,174.0,168.94883250682554,-5.051167493174461,5.051167493174461,2021-04-22 08:30:00,2021-04-22 11:15:00,165.0,165.0
D2,F1-union-without-lag_1_4-lightgbm,0,8,2021-04-23,96,1.0,True,174.0,146.47570512083428,-27.524294879165723,27.524294879165723,2021-04-23 08:30:00,2021-04-23 10:15:00,105.0,105.0
D2,F1-union-without-lag_1_4-lightgbm,0,8,2021-04-24,96,1.0,True,112.0,112.37401968688235,0.3740196868823489,0.3740196868823489,2021-04-24 06:15:00,2021-04-24 03:30:00,-165.0,165.0
D2,F1-union-without-lag_1_4-lightgbm,0,8,2021-04-25,96,1.0,True,25.0,27.000395566513458,2.0003955665134576,2.0003955665134576,2021-04-25 01:30:00,2021-04-25 08:15:00,405.0,405.0
D2,F1-union-without-lag_1_4-lightgbm,0,8,2021-05-03,96,1.0,True,184.0,178.3912835257712,-5.6087164742288,5.6087164742288,2021-05-03 08:30:00,2021-05-03 12:00:00,210.0,210.0
D2,F1-union-without-lag_1_4-lightgbm,0,8,2021-05-04,96,1.0,True,181.0,178.24979489044,-2.7502051095599995,2.7502051095599995,2021-05-04 08:30:00,2021-05-04 15:00:00,390.0,390.0
D2,F1-union-without-lag_1_4-lightgbm,0,8,2021-05-05,96,1.0,True,120.0,174.88071254987824,54.88071254987824,54.88071254987824,2021-05-05 04:15:00,2021-05-05 08:30:00,255.0,255.0
D2,F1-union-without-lag_1_4-lightgbm,0,8,2021-05-06,96,1.0,True,199.0,178.02894745168948,-20.971052548310524,20.971052548310524,2021-05-06 09:00:00,2021-05-06 11:45:00,165.0,165.0
D2,F1-union-without-lag_1_4-lightgbm,0,8,2021-05-07,96,1.0,True,181.0,175.21363783014812,-5.786362169851884,5.786362169851884,2021-05-07 09:00:00,2021-05-07 10:45:00,105.0,105.0
D2,F1-union-without-lag_1_4-lightgbm,0,8,2021-05-08,96,1.0,True,115.0,107.0721159936608,-7.927884006339198,7.927884006339198,2021-05-08 02:00:00,2021-05-08 06:15:00,255.0,255.0
D2,F1-union-without-lag_1_4-lightgbm,0,8,2021-05-09,96,1.0,True,184.0,175.54281242735175,-8.457187572648252,8.457187572648252,2021-05-09 09:00:00,2021-05-09 12:00:00,180.0,180.0
D2,F1-union-without-lag_1_4-lightgbm,0,9,2021-04-19,96,1.0,True,172.0,188.30889201237423,16.30889201237423,16.30889201237423,2021-04-19 08:45:00,2021-04-19 10:30:00,105.0,105.0
D2,F1-union-without-lag_1_4-lightgbm,0,9,2021-04-20,96,1.0,True,172.0,175.13753362714647,3.1375336271464676,3.1375336271464676,2021-04-20 08:45:00,2021-04-20 11:15:00,150.0,150.0
D2,F1-union-without-lag_1_4-lightgbm,0,9,2021-04-21,96,1.0,True,174.0,172.60661748533283,-1.3933825146671666,1.3933825146671666,2021-04-21 08:30:00,2021-04-21 10:45:00,135.0,135.0
D2,F1-union-without-lag_1_4-lightgbm,0,9,2021-04-22,96,1.0,True,174.0,171.26579423343838,-2.7342057665616153,2.7342057665616153,2021-04-22 08:30:00,2021-04-22 11:00:00,150.0,150.0
D2,F1-union-without-lag_1_4-lightgbm,0,9,2021-04-23,96,1.0,True,174.0,143.01338690836303,-30.98661309163697,30.98661309163697,2021-04-23 08:30:00,2021-04-23 18:00:00,570.0,570.0
D2,F1-union-without-lag_1_4-lightgbm,0,9,2021-04-24,96,1.0,True,112.0,110.88259715690043,-1.117402843099569,1.117402843099569,2021-04-24 06:15:00,2021-04-24 01:45:00,-270.0,270.0
D2,F1-union-without-lag_1_4-lightgbm,0,9,2021-04-25,96,1.0,True,25.0,31.524518720305256,6.524518720305256,6.524518720305256,2021-04-25 01:30:00,2021-04-25 01:30:00,0.0,0.0
D2,F1-union-without-lag_1_4-lightgbm,0,9,2021-05-03,96,1.0,True,184.0,189.09276377835099,5.092763778350985,5.092763778350985,2021-05-03 08:30:00,2021-05-03 12:00:00,210.0,210.0
D2,F1-union-without-lag_1_4-lightgbm,0,9,2021-05-04,96,1.0,True,181.0,175.80319873691778,-5.196801263082222,5.196801263082222,2021-05-04 08:30:00,2021-05-04 11:15:00,165.0,165.0
D2,F1-union-without-lag_1_4-lightgbm,0,9,2021-05-05,96,1.0,True,120.0,172.89893386978227,52.89893386978227,52.89893386978227,2021-05-05 04:15:00,2021-05-05 08:45:00,270.0,270.0
D2,F1-union-without-lag_1_4-lightgbm,0,9,2021-05-06,96,1.0,True,199.0,181.80269006861536,-17.197309931384638,17.197309931384638,2021-05-06 09:00:00,2021-05-06 11:45:00,165.0,165.0
D2,F1-union-without-lag_1_4-lightgbm,0,9,2021-05-07,96,1.0,True,181.0,171.79999191608744,-9.200008083912564,9.200008083912564,2021-05-07 09:00:00,2021-05-07 11:00:00,120.0,120.0
D2,F1-union-without-lag_1_4-lightgbm,0,9,2021-05-08,96,1.0,True,115.0,111.36398476806554,-3.636015231934465,3.636015231934465,2021-05-08 02:00:00,2021-05-08 06:15:00,255.0,255.0
D2,F1-union-without-lag_1_4-lightgbm,0,9,2021-05-09,96,1.0,True,184.0,178.36751256073708,-5.632487439262917,5.632487439262917,2021-05-09 09:00:00,2021-05-09 12:00:00,180.0,180.0
D2,F1-union-without-lag_1_4-lightgbm,0,10,2021-04-19,96,1.0,True,172.0,192.82691912893733,20.826919128937334,20.826919128937334,2021-04-19 08:45:00,2021-04-19 10:45:00,120.0,120.0
D2,F1-union-without-lag_1_4-lightgbm,0,10,2021-04-20,96,1.0,True,172.0,167.84869419737618,-4.151305802623824,4.151305802623824,2021-04-20 08:45:00,2021-04-20 12:00:00,195.0,195.0
D2,F1-union-without-lag_1_4-lightgbm,0,10,2021-04-21,96,1.0,True,174.0,175.167771365647,1.1677713656470132,1.1677713656470132,2021-04-21 08:30:00,2021-04-21 11:00:00,150.0,150.0
D2,F1-union-without-lag_1_4-lightgbm,0,10,2021-04-22,96,1.0,True,174.0,173.8120916809069,-0.18790831909311123,0.18790831909311123,2021-04-22 08:30:00,2021-04-22 11:00:00,150.0,150.0
D2,F1-union-without-lag_1_4-lightgbm,0,10,2021-04-23,96,1.0,True,174.0,151.55189670362293,-22.44810329637707,22.44810329637707,2021-04-23 08:30:00,2021-04-23 15:45:00,435.0,435.0
D2,F1-union-without-lag_1_4-lightgbm,0,10,2021-04-24,96,1.0,True,112.0,114.96997599340388,2.969975993403878,2.969975993403878,2021-04-24 06:15:00,2021-04-24 03:30:00,-165.0,165.0
D2,F1-union-without-lag_1_4-lightgbm,0,10,2021-04-25,96,1.0,True,25.0,23.692357951337186,-1.3076420486628137,1.3076420486628137,2021-04-25 01:30:00,2021-04-25 01:30:00,0.0,0.0
D2,F1-union-without-lag_1_4-lightgbm,0,10,2021-05-03,96,1.0,True,184.0,192.73258935361886,8.732589353618863,8.732589353618863,2021-05-03 08:30:00,2021-05-03 12:00:00,210.0,210.0
D2,F1-union-without-lag_1_4-lightgbm,0,10,2021-05-04,96,1.0,True,181.0,178.13850378313123,-2.8614962168687725,2.8614962168687725,2021-05-04 08:30:00,2021-05-04 11:15:00,165.0,165.0
D2,F1-union-without-lag_1_4-lightgbm,0,10,2021-05-05,96,1.0,True,120.0,177.07871538730456,57.078715387304555,57.078715387304555,2021-05-05 04:15:00,2021-05-05 09:00:00,285.0,285.0
D2,F1-union-without-lag_1_4-lightgbm,0,10,2021-05-06,96,1.0,True,199.0,181.35833916955335,-17.641660830446654,17.641660830446654,2021-05-06 09:00:00,2021-05-06 11:45:00,165.0,165.0
D2,F1-union-without-lag_1_4-lightgbm,0,10,2021-05-07,96,1.0,True,181.0,177.5022249015579,-3.497775098442105,3.497775098442105,2021-05-07 09:00:00,2021-05-07 11:15:00,135.0,135.0
D2,F1-union-without-lag_1_4-lightgbm,0,10,2021-05-08,96,1.0,True,115.0,112.29295010109959,-2.707049898900408,2.707049898900408,2021-05-08 02:00:00,2021-05-08 06:15:00,255.0,255.0
D2,F1-union-without-lag_1_4-lightgbm,0,10,2021-05-09,96,1.0,True,184.0,157.25231807442387,-26.74768192557613,26.74768192557613,2021-05-09 09:00:00,2021-05-09 13:45:00,285.0,285.0
D2,F1-union-without-lag_1_4-lightgbm,0,11,2021-04-19,96,1.0,True,172.0,186.41751182359656,14.417511823596556,14.417511823596556,2021-04-19 08:45:00,2021-04-19 11:30:00,165.0,165.0
D2,F1-union-without-lag_1_4-lightgbm,0,11,2021-04-20,96,1.0,True,172.0,170.16230329600853,-1.837696703991469,1.837696703991469,2021-04-20 08:45:00,2021-04-20 11:15:00,150.0,150.0
D2,F1-union-without-lag_1_4-lightgbm,0,11,2021-04-21,96,1.0,True,174.0,171.30423327388908,-2.695766726110918,2.695766726110918,2021-04-21 08:30:00,2021-04-21 11:15:00,165.0,165.0
D2,F1-union-without-lag_1_4-lightgbm,0,11,2021-04-22,96,1.0,True,174.0,175.2233397885186,1.2233397885185866,1.2233397885185866,2021-04-22 08:30:00,2021-04-22 11:15:00,165.0,165.0
D2,F1-union-without-lag_1_4-lightgbm,0,11,2021-04-23,96,1.0,True,174.0,143.83379048610766,-30.16620951389234,30.16620951389234,2021-04-23 08:30:00,2021-04-23 18:00:00,570.0,570.0
D2,F1-union-without-lag_1_4-lightgbm,0,11,2021-04-24,96,1.0,True,112.0,111.9685092369746,-0.03149076302540266,0.03149076302540266,2021-04-24 06:15:00,2021-04-24 02:00:00,-255.0,255.0
D2,F1-union-without-lag_1_4-lightgbm,0,11,2021-04-25,96,1.0,True,25.0,24.790436906364704,-0.20956309363529613,0.20956309363529613,2021-04-25 01:30:00,2021-04-25 01:00:00,-30.0,30.0
D2,F1-union-without-lag_1_4-lightgbm,0,11,2021-05-03,96,1.0,True,184.0,182.59657350086295,-1.4034264991370549,1.4034264991370549,2021-05-03 08:30:00,2021-05-03 12:00:00,210.0,210.0
D2,F1-union-without-lag_1_4-lightgbm,0,11,2021-05-04,96,1.0,True,181.0,176.25743454931794,-4.742565450682065,4.742565450682065,2021-05-04 08:30:00,2021-05-04 08:30:00,0.0,0.0
D2,F1-union-without-lag_1_4-lightgbm,0,11,2021-05-05,96,1.0,True,120.0,179.44745793308462,59.44745793308462,59.44745793308462,2021-05-05 04:15:00,2021-05-05 08:30:00,255.0,255.0
D2,F1-union-without-lag_1_4-lightgbm,0,11,2021-05-06,96,1.0,True,199.0,185.42529076713572,-13.57470923286428,13.57470923286428,2021-05-06 09:00:00,2021-05-06 11:45:00,165.0,165.0
D2,F1-union-without-lag_1_4-lightgbm,0,11,2021-05-07,96,1.0,True,181.0,173.00494255760407,-7.995057442395932,7.995057442395932,2021-05-07 09:00:00,2021-05-07 11:15:00,135.0,135.0
D2,F1-union-without-lag_1_4-lightgbm,0,11,2021-05-08,96,1.0,True,115.0,108.82022354691811,-6.179776453081885,6.179776453081885,2021-05-08 02:00:00,2021-05-08 04:30:00,150.0,150.0
D2,F1-union-without-lag_1_4-lightgbm,0,11,2021-05-09,96,1.0,True,184.0,164.51989976358706,-19.480100236412937,19.480100236412937,2021-05-09 09:00:00,2021-05-09 13:30:00,270.0,270.0
D2,F1-union-without-lag_1_4-lightgbm,0,12,2021-04-19,96,1.0,True,172.0,183.1957387498685,11.195738749868497,11.195738749868497,2021-04-19 08:45:00,2021-04-19 11:45:00,180.0,180.0
D2,F1-union-without-lag_1_4-lightgbm,0,12,2021-04-20,96,1.0,True,172.0,168.86931965583165,-3.130680344168354,3.130680344168354,2021-04-20 08:45:00,2021-04-20 11:45:00,180.0,180.0
D2,F1-union-without-lag_1_4-lightgbm,0,12,2021-04-21,96,1.0,True,174.0,169.27380788650765,-4.7261921134923455,4.7261921134923455,2021-04-21 08:30:00,2021-04-21 11:45:00,195.0,195.0
D2,F1-union-without-lag_1_4-lightgbm,0,12,2021-04-22,96,1.0,True,174.0,171.96463560388068,-2.03536439611932,2.03536439611932,2021-04-22 08:30:00,2021-04-22 11:15:00,165.0,165.0
D2,F1-union-without-lag_1_4-lightgbm,0,12,2021-04-23,96,1.0,True,174.0,146.25273197435016,-27.747268025649845,27.747268025649845,2021-04-23 08:30:00,2021-04-23 12:00:00,210.0,210.0
D2,F1-union-without-lag_1_4-lightgbm,0,12,2021-04-24,96,1.0,True,112.0,115.68117267735153,3.681172677351526,3.681172677351526,2021-04-24 06:15:00,2021-04-24 04:15:00,-120.0,120.0
D2,F1-union-without-lag_1_4-lightgbm,0,12,2021-04-25,96,1.0,True,25.0,26.638003137361427,1.6380031373614266,1.6380031373614266,2021-04-25 01:30:00,2021-04-25 01:30:00,0.0,0.0
D2,F1-union-without-lag_1_4-lightgbm,0,12,2021-05-03,96,1.0,True,184.0,182.62491966407194,-1.375080335928061,1.375080335928061,2021-05-03 08:30:00,2021-05-03 12:00:00,210.0,210.0
D2,F1-union-without-lag_1_4-lightgbm,0,12,2021-05-04,96,1.0,True,181.0,178.38792772549525,-2.6120722745047544,2.6120722745047544,2021-05-04 08:30:00,2021-05-04 09:15:00,45.0,45.0
D2,F1-union-without-lag_1_4-lightgbm,0,12,2021-05-05,96,1.0,True,120.0,176.9301966090167,56.93019660901669,56.93019660901669,2021-05-05 04:15:00,2021-05-05 08:45:00,270.0,270.0
D2,F1-union-without-lag_1_4-lightgbm,0,12,2021-05-06,96,1.0,True,199.0,176.68598531097774,-22.314014689022258,22.314014689022258,2021-05-06 09:00:00,2021-05-06 13:45:00,285.0,285.0
D2,F1-union-without-lag_1_4-lightgbm,0,12,2021-05-07,96,1.0,True,181.0,170.83608085089767,-10.163919149102327,10.163919149102327,2021-05-07 09:00:00,2021-05-07 11:45:00,165.0,165.0
D2,F1-union-without-lag_1_4-lightgbm,0,12,2021-05-08,96,1.0,True,115.0,106.61069192764622,-8.389308072353785,8.389308072353785,2021-05-08 02:00:00,2021-05-08 06:15:00,255.0,255.0
D2,F1-union-without-lag_1_4-lightgbm,0,12,2021-05-09,96,1.0,True,184.0,157.6880534003085,-26.31194659969151,26.31194659969151,2021-05-09 09:00:00,2021-05-09 16:15:00,435.0,435.0
D2,F1-union-without-lag_1_4-lightgbm,0,13,2021-04-19,96,1.0,True,172.0,183.38241221822193,11.38241221822193,11.38241221822193,2021-04-19 08:45:00,2021-04-19 12:00:00,195.0,195.0
D2,F1-union-without-lag_1_4-lightgbm,0,13,2021-04-20,96,1.0,True,172.0,170.15272193497344,-1.8472780650265577,1.8472780650265577,2021-04-20 08:45:00,2021-04-20 12:00:00,195.0,195.0
D2,F1-union-without-lag_1_4-lightgbm,0,13,2021-04-21,96,1.0,True,174.0,169.6795328203619,-4.3204671796380865,4.3204671796380865,2021-04-21 08:30:00,2021-04-21 11:45:00,195.0,195.0
D2,F1-union-without-lag_1_4-lightgbm,0,13,2021-04-22,96,1.0,True,174.0,170.82702241914757,-3.1729775808524323,3.1729775808524323,2021-04-22 08:30:00,2021-04-22 11:30:00,180.0,180.0
D2,F1-union-without-lag_1_4-lightgbm,0,13,2021-04-23,96,1.0,True,174.0,154.82594187401781,-19.174058125982185,19.174058125982185,2021-04-23 08:30:00,2021-04-23 11:45:00,195.0,195.0
D2,F1-union-without-lag_1_4-lightgbm,0,13,2021-04-24,96,1.0,True,112.0,115.33707162120974,3.337071621209745,3.337071621209745,2021-04-24 06:15:00,2021-04-24 04:15:00,-120.0,120.0
D2,F1-union-without-lag_1_4-lightgbm,0,13,2021-04-25,96,1.0,True,25.0,26.172874813270507,1.1728748132705071,1.1728748132705071,2021-04-25 01:30:00,2021-04-25 01:30:00,0.0,0.0
D2,F1-union-without-lag_1_4-lightgbm,0,13,2021-05-03,96,1.0,True,184.0,185.77295688193252,1.7729568819325152,1.7729568819325152,2021-05-03 08:30:00,2021-05-03 11:45:00,195.0,195.0
D2,F1-union-without-lag_1_4-lightgbm,0,13,2021-05-04,96,1.0,True,181.0,177.10605233045152,-3.8939476695484814,3.8939476695484814,2021-05-04 08:30:00,2021-05-04 09:45:00,75.0,75.0
D2,F1-union-without-lag_1_4-lightgbm,0,13,2021-05-05,96,1.0,True,120.0,178.1234977794043,58.12349777940429,58.12349777940429,2021-05-05 04:15:00,2021-05-05 08:45:00,270.0,270.0
D2,F1-union-without-lag_1_4-lightgbm,0,13,2021-05-06,96,1.0,True,199.0,180.61997687738048,-18.38002312261952,18.38002312261952,2021-05-06 09:00:00,2021-05-06 13:45:00,285.0,285.0
D2,F1-union-without-lag_1_4-lightgbm,0,13,2021-05-07,96,1.0,True,181.0,172.81105774567234,-8.188942254327657,8.188942254327657,2021-05-07 09:00:00,2021-05-07 11:15:00,135.0,135.0
D2,F1-union-without-lag_1_4-lightgbm,0,13,2021-05-08,96,1.0,True,115.0,109.78942032190132,-5.210579678098682,5.210579678098682,2021-05-08 02:00:00,2021-05-08 01:45:00,-15.0,15.0
D2,F1-union-without-lag_1_4-lightgbm,0,13,2021-05-09,96,1.0,True,184.0,166.00714205093792,-17.992857949062085,17.992857949062085,2021-05-09 09:00:00,2021-05-09 16:30:00,450.0,450.0
D2,F1-union-without-lag_1_4-lightgbm,0,14,2021-04-19,96,1.0,True,172.0,184.57175699563126,12.571756995631262,12.571756995631262,2021-04-19 08:45:00,2021-04-19 12:00:00,195.0,195.0
D2,F1-union-without-lag_1_4-lightgbm,0,14,2021-04-20,96,1.0,True,172.0,165.0459209176865,-6.954079082313513,6.954079082313513,2021-04-20 08:45:00,2021-04-20 16:00:00,435.0,435.0
D2,F1-union-without-lag_1_4-lightgbm,0,14,2021-04-21,96,1.0,True,174.0,168.80314004587368,-5.1968599541263245,5.1968599541263245,2021-04-21 08:30:00,2021-04-21 14:00:00,330.0,330.0
D2,F1-union-without-lag_1_4-lightgbm,0,14,2021-04-22,96,1.0,True,174.0,171.2291180250469,-2.770881974953113,2.770881974953113,2021-04-22 08:30:00,2021-04-22 11:15:00,165.0,165.0
D2,F1-union-without-lag_1_4-lightgbm,0,14,2021-04-23,96,1.0,True,174.0,160.9679644566902,-13.032035543309803,13.032035543309803,2021-04-23 08:30:00,2021-04-23 11:45:00,195.0,195.0
D2,F1-union-without-lag_1_4-lightgbm,0,14,2021-04-24,96,1.0,True,112.0,110.93712361452296,-1.0628763854770398,1.0628763854770398,2021-04-24 06:15:00,2021-04-24 02:00:00,-255.0,255.0
D2,F1-union-without-lag_1_4-lightgbm,0,14,2021-04-25,96,1.0,True,25.0,25.504505699247396,0.504505699247396,0.504505699247396,2021-04-25 01:30:00,2021-04-25 17:30:00,960.0,960.0
D2,F1-union-without-lag_1_4-lightgbm,0,14,2021-05-03,96,1.0,True,184.0,183.86832604562298,-0.13167395437702112,0.13167395437702112,2021-05-03 08:30:00,2021-05-03 12:00:00,210.0,210.0
D2,F1-union-without-lag_1_4-lightgbm,0,14,2021-05-04,96,1.0,True,181.0,175.1960162908498,-5.803983709150202,5.803983709150202,2021-05-04 08:30:00,2021-05-04 11:00:00,150.0,150.0
D2,F1-union-without-lag_1_4-lightgbm,0,14,2021-05-05,96,1.0,True,120.0,179.81100106420925,59.81100106420925,59.81100106420925,2021-05-05 04:15:00,2021-05-05 08:45:00,270.0,270.0
D2,F1-union-without-lag_1_4-lightgbm,0,14,2021-05-06,96,1.0,True,199.0,184.34497457159418,-14.655025428405821,14.655025428405821,2021-05-06 09:00:00,2021-05-06 13:45:00,285.0,285.0
D2,F1-union-without-lag_1_4-lightgbm,0,14,2021-05-07,96,1.0,True,181.0,175.7457471446918,-5.254252855308209,5.254252855308209,2021-05-07 09:00:00,2021-05-07 11:45:00,165.0,165.0
D2,F1-union-without-lag_1_4-lightgbm,0,14,2021-05-08,96,1.0,True,115.0,103.10920006981983,-11.890799930180165,11.890799930180165,2021-05-08 02:00:00,2021-05-08 06:30:00,270.0,270.0
D2,F1-union-without-lag_1_4-lightgbm,0,14,2021-05-09,96,1.0,True,184.0,164.60959990152122,-19.39040009847878,19.39040009847878,2021-05-09 09:00:00,2021-05-09 16:45:00,465.0,465.0
D2,F1-union-without-lag_1_4-lightgbm,0,15,2021-04-19,96,1.0,True,172.0,178.5215206807846,6.52152068078459,6.52152068078459,2021-04-19 08:45:00,2021-04-19 12:00:00,195.0,195.0
D2,F1-union-without-lag_1_4-lightgbm,0,15,2021-04-20,96,1.0,True,172.0,167.3916930279899,-4.608306972010098,4.608306972010098,2021-04-20 08:45:00,2021-04-20 11:45:00,180.0,180.0
D2,F1-union-without-lag_1_4-lightgbm,0,15,2021-04-21,96,1.0,True,174.0,167.4230866710543,-6.576913328945693,6.576913328945693,2021-04-21 08:30:00,2021-04-21 11:45:00,195.0,195.0
D2,F1-union-without-lag_1_4-lightgbm,0,15,2021-04-22,96,1.0,True,174.0,170.29271943722182,-3.7072805627781804,3.7072805627781804,2021-04-22 08:30:00,2021-04-22 12:00:00,210.0,210.0
D2,F1-union-without-lag_1_4-lightgbm,0,15,2021-04-23,96,1.0,True,174.0,152.27755561182096,-21.722444388179042,21.722444388179042,2021-04-23 08:30:00,2021-04-23 11:45:00,195.0,195.0
D2,F1-union-without-lag_1_4-lightgbm,0,15,2021-04-24,96,1.0,True,112.0,113.1622653069287,1.1622653069287026,1.1622653069287026,2021-04-24 06:15:00,2021-04-24 04:15:00,-120.0,120.0
D2,F1-union-without-lag_1_4-lightgbm,0,15,2021-04-25,96,1.0,True,25.0,26.705518754343522,1.7055187543435224,1.7055187543435224,2021-04-25 01:30:00,2021-04-25 03:30:00,120.0,120.0
D2,F1-union-without-lag_1_4-lightgbm,0,15,2021-05-03,96,1.0,True,184.0,181.7053013109149,-2.294698689085095,2.294698689085095,2021-05-03 08:30:00,2021-05-03 12:00:00,210.0,210.0
D2,F1-union-without-lag_1_4-lightgbm,0,15,2021-05-04,96,1.0,True,181.0,179.31029237945458,-1.6897076205454198,1.6897076205454198,2021-05-04 08:30:00,2021-05-04 09:00:00,30.0,30.0
D2,F1-union-without-lag_1_4-lightgbm,0,15,2021-05-05,96,1.0,True,120.0,178.1886189957753,58.1886189957753,58.1886189957753,2021-05-05 04:15:00,2021-05-05 08:45:00,270.0,270.0
D2,F1-union-without-lag_1_4-lightgbm,0,15,2021-05-06,96,1.0,True,199.0,177.95171435799753,-21.04828564200247,21.04828564200247,2021-05-06 09:00:00,2021-05-06 14:00:00,300.0,300.0
D2,F1-union-without-lag_1_4-lightgbm,0,15,2021-05-07,96,1.0,True,181.0,166.80629174879866,-14.193708251201343,14.193708251201343,2021-05-07 09:00:00,2021-05-07 11:45:00,165.0,165.0
D2,F1-union-without-lag_1_4-lightgbm,0,15,2021-05-08,96,1.0,True,115.0,106.75606785340771,-8.243932146592286,8.243932146592286,2021-05-08 02:00:00,2021-05-08 02:00:00,0.0,0.0
D2,F1-union-without-lag_1_4-lightgbm,0,15,2021-05-09,96,1.0,True,184.0,160.70787976508274,-23.292120234917263,23.292120234917263,2021-05-09 09:00:00,2021-05-09 15:30:00,390.0,390.0
D2,F1-union-without-lag_1_4-lightgbm,0,16,2021-04-19,96,1.0,True,172.0,180.20187381336177,8.201873813361772,8.201873813361772,2021-04-19 08:45:00,2021-04-19 14:00:00,315.0,315.0
D2,F1-union-without-lag_1_4-lightgbm,0,16,2021-04-20,96,1.0,True,172.0,171.43346456430197,-0.5665354356980288,0.5665354356980288,2021-04-20 08:45:00,2021-04-20 15:30:00,405.0,405.0
D2,F1-union-without-lag_1_4-lightgbm,0,16,2021-04-21,96,1.0,True,174.0,166.27823693261251,-7.721763067387485,7.721763067387485,2021-04-21 08:30:00,2021-04-21 11:45:00,195.0,195.0
D2,F1-union-without-lag_1_4-lightgbm,0,16,2021-04-22,96,1.0,True,174.0,170.0523921866141,-3.9476078133859005,3.9476078133859005,2021-04-22 08:30:00,2021-04-22 12:00:00,210.0,210.0
D2,F1-union-without-lag_1_4-lightgbm,0,16,2021-04-23,96,1.0,True,174.0,152.0489515597608,-21.95104844023919,21.95104844023919,2021-04-23 08:30:00,2021-04-23 11:45:00,195.0,195.0
D2,F1-union-without-lag_1_4-lightgbm,0,16,2021-04-24,96,1.0,True,112.0,113.71288722151482,1.7128872215148192,1.7128872215148192,2021-04-24 06:15:00,2021-04-24 06:15:00,0.0,0.0
D2,F1-union-without-lag_1_4-lightgbm,0,16,2021-04-25,96,1.0,True,25.0,25.930487543209033,0.9304875432090327,0.9304875432090327,2021-04-25 01:30:00,2021-04-25 17:30:00,960.0,960.0
D2,F1-union-without-lag_1_4-lightgbm,0,16,2021-05-03,96,1.0,True,184.0,183.3415432075617,-0.6584567924383009,0.6584567924383009,2021-05-03 08:30:00,2021-05-03 13:45:00,315.0,315.0
D2,F1-union-without-lag_1_4-lightgbm,0,16,2021-05-04,96,1.0,True,181.0,177.45367058706088,-3.546329412939116,3.546329412939116,2021-05-04 08:30:00,2021-05-04 08:30:00,0.0,0.0
D2,F1-union-without-lag_1_4-lightgbm,0,16,2021-05-05,96,1.0,True,120.0,184.6891400059582,64.6891400059582,64.6891400059582,2021-05-05 04:15:00,2021-05-05 08:45:00,270.0,270.0
D2,F1-union-without-lag_1_4-lightgbm,0,16,2021-05-06,96,1.0,True,199.0,182.27048871779064,-16.72951128220936,16.72951128220936,2021-05-06 09:00:00,2021-05-06 13:45:00,285.0,285.0
D2,F1-union-without-lag_1_4-lightgbm,0,16,2021-05-07,96,1.0,True,181.0,171.456705014868,-9.543294985132007,9.543294985132007,2021-05-07 09:00:00,2021-05-07 11:00:00,120.0,120.0
D2,F1-union-without-lag_1_4-lightgbm,0,16,2021-05-08,96,1.0,True,115.0,109.42722011597431,-5.572779884025692,5.572779884025692,2021-05-08 02:00:00,2021-05-08 06:15:00,255.0,255.0
D2,F1-union-without-lag_1_4-lightgbm,0,16,2021-05-09,96,1.0,True,184.0,155.0588352687478,-28.9411647312522,28.9411647312522,2021-05-09 09:00:00,2021-05-09 16:30:00,450.0,450.0
D2,F1-union-without-lag_1_4-lightgbm,1,4,2021-05-31,95,0.9895833333333334,False,172.0,191.2446133964606,19.244613396460608,19.244613396460608,2021-05-31 10:30:00,2021-05-31 09:00:00,-90.0,90.0
D2,F1-union-without-lag_1_4-lightgbm,1,4,2021-06-01,1,0.010416666666666666,False,71.0,76.22309144023916,5.223091440239159,5.223091440239159,2021-06-01 00:00:00,2021-06-01 00:00:00,0.0,0.0
D2,F1-union-without-lag_1_4-lightgbm,1,4,2021-06-20,95,0.9895833333333334,False,28.0,49.052176824400064,21.052176824400064,21.052176824400064,2021-06-20 15:15:00,2021-06-20 09:45:00,-330.0,330.0
D2,F1-union-without-lag_1_4-lightgbm,1,5,2021-05-31,95,0.9895833333333334,False,172.0,188.70613269612696,16.706132696126957,16.706132696126957,2021-05-31 10:30:00,2021-05-31 09:00:00,-90.0,90.0
D2,F1-union-without-lag_1_4-lightgbm,1,5,2021-06-01,1,0.010416666666666666,False,71.0,74.64273168297841,3.6427316829784075,3.6427316829784075,2021-06-01 00:00:00,2021-06-01 00:00:00,0.0,0.0
D2,F1-union-without-lag_1_4-lightgbm,1,5,2021-06-20,95,0.9895833333333334,False,28.0,37.862912054392226,9.862912054392226,9.862912054392226,2021-06-20 15:15:00,2021-06-20 09:45:00,-330.0,330.0
D2,F1-union-without-lag_1_4-lightgbm,1,6,2021-05-31,95,0.9895833333333334,False,172.0,183.42346221445473,11.42346221445473,11.42346221445473,2021-05-31 10:30:00,2021-05-31 09:15:00,-75.0,75.0
D2,F1-union-without-lag_1_4-lightgbm,1,6,2021-06-01,1,0.010416666666666666,False,71.0,75.67247813364699,4.67247813364699,4.67247813364699,2021-06-01 00:00:00,2021-06-01 00:00:00,0.0,0.0
D2,F1-union-without-lag_1_4-lightgbm,1,6,2021-06-20,95,0.9895833333333334,False,28.0,49.388959809612025,21.388959809612025,21.388959809612025,2021-06-20 15:15:00,2021-06-20 10:00:00,-315.0,315.0
D2,F1-union-without-lag_1_4-lightgbm,1,7,2021-05-31,95,0.9895833333333334,False,172.0,184.8752808345879,12.875280834587898,12.875280834587898,2021-05-31 10:30:00,2021-05-31 09:00:00,-90.0,90.0
D2,F1-union-without-lag_1_4-lightgbm,1,7,2021-06-01,1,0.010416666666666666,False,71.0,74.18038495029077,3.1803849502907724,3.1803849502907724,2021-06-01 00:00:00,2021-06-01 00:00:00,0.0,0.0
D2,F1-union-without-lag_1_4-lightgbm,1,7,2021-06-20,95,0.9895833333333334,False,28.0,57.44926872367861,29.449268723678607,29.449268723678607,2021-06-20 15:15:00,2021-06-20 08:45:00,-390.0,390.0
D2,F1-union-without-lag_1_4-lightgbm,1,8,2021-05-31,95,0.9895833333333334,False,172.0,189.0705170391746,17.070517039174604,17.070517039174604,2021-05-31 10:30:00,2021-05-31 09:15:00,-75.0,75.0
D2,F1-union-without-lag_1_4-lightgbm,1,8,2021-06-01,1,0.010416666666666666,False,71.0,71.72105904535644,0.7210590453564407,0.7210590453564407,2021-06-01 00:00:00,2021-06-01 00:00:00,0.0,0.0
D2,F1-union-without-lag_1_4-lightgbm,1,8,2021-06-20,95,0.9895833333333334,False,28.0,63.13993381493614,35.13993381493614,35.13993381493614,2021-06-20 15:15:00,2021-06-20 09:00:00,-375.0,375.0
D2,F1-union-without-lag_1_4-lightgbm,1,9,2021-05-31,95,0.9895833333333334,False,172.0,197.13469260274135,25.134692602741353,25.134692602741353,2021-05-31 10:30:00,2021-05-31 09:00:00,-90.0,90.0
D2,F1-union-without-lag_1_4-lightgbm,1,9,2021-06-01,1,0.010416666666666666,False,71.0,74.24874855929315,3.2487485592931478,3.2487485592931478,2021-06-01 00:00:00,2021-06-01 00:00:00,0.0,0.0
D2,F1-union-without-lag_1_4-lightgbm,1,9,2021-06-20,95,0.9895833333333334,False,28.0,57.54060989830534,29.54060989830534,29.54060989830534,2021-06-20 15:15:00,2021-06-20 08:45:00,-390.0,390.0
D2,F1-union-without-lag_1_4-lightgbm,1,10,2021-05-31,95,0.9895833333333334,False,172.0,178.87184859825246,6.8718485982524555,6.8718485982524555,2021-05-31 10:30:00,2021-05-31 09:30:00,-60.0,60.0
D2,F1-union-without-lag_1_4-lightgbm,1,10,2021-06-01,1,0.010416666666666666,False,71.0,70.05729546568665,-0.94270453431335,0.94270453431335,2021-06-01 00:00:00,2021-06-01 00:00:00,0.0,0.0
D2,F1-union-without-lag_1_4-lightgbm,1,10,2021-06-20,95,0.9895833333333334,False,28.0,64.47613069008054,36.47613069008054,36.47613069008054,2021-06-20 15:15:00,2021-06-20 08:45:00,-390.0,390.0
D2,F1-union-without-lag_1_4-lightgbm,1,11,2021-05-31,95,0.9895833333333334,False,172.0,186.45260014328252,14.452600143282524,14.452600143282524,2021-05-31 10:30:00,2021-05-31 10:00:00,-30.0,30.0
D2,F1-union-without-lag_1_4-lightgbm,1,11,2021-06-01,1,0.010416666666666666,False,71.0,72.90635573587292,1.9063557358729213,1.9063557358729213,2021-06-01 00:00:00,2021-06-01 00:00:00,0.0,0.0
D2,F1-union-without-lag_1_4-lightgbm,1,11,2021-06-20,95,0.9895833333333334,False,28.0,62.97923752516132,34.97923752516132,34.97923752516132,2021-06-20 15:15:00,2021-06-20 09:00:00,-375.0,375.0
D2,F1-union-without-lag_1_4-lightgbm,1,12,2021-05-31,95,0.9895833333333334,False,172.0,185.68181200431064,13.681812004310643,13.681812004310643,2021-05-31 10:30:00,2021-05-31 10:00:00,-30.0,30.0
D2,F1-union-without-lag_1_4-lightgbm,1,12,2021-06-01,1,0.010416666666666666,False,71.0,76.26857357462882,5.268573574628817,5.268573574628817,2021-06-01 00:00:00,2021-06-01 00:00:00,0.0,0.0
D2,F1-union-without-lag_1_4-lightgbm,1,12,2021-06-20,95,0.9895833333333334,False,28.0,63.35292629434629,35.35292629434629,35.35292629434629,2021-06-20 15:15:00,2021-06-20 09:00:00,-375.0,375.0
D2,F1-union-without-lag_1_4-lightgbm,1,13,2021-05-31,95,0.9895833333333334,False,172.0,181.9241842602616,9.924184260261598,9.924184260261598,2021-05-31 10:30:00,2021-05-31 10:30:00,0.0,0.0
D2,F1-union-without-lag_1_4-lightgbm,1,13,2021-06-01,1,0.010416666666666666,False,71.0,78.09150246267534,7.0915024626753365,7.0915024626753365,2021-06-01 00:00:00,2021-06-01 00:00:00,0.0,0.0
D2,F1-union-without-lag_1_4-lightgbm,1,13,2021-06-20,95,0.9895833333333334,False,28.0,71.53931929779878,43.539319297798784,43.539319297798784,2021-06-20 15:15:00,2021-06-20 09:00:00,-375.0,375.0
D2,F1-union-without-lag_1_4-lightgbm,1,14,2021-05-31,95,0.9895833333333334,False,172.0,182.8741492262073,10.874149226207294,10.874149226207294,2021-05-31 10:30:00,2021-05-31 09:15:00,-75.0,75.0
D2,F1-union-without-lag_1_4-lightgbm,1,14,2021-06-01,1,0.010416666666666666,False,71.0,76.34416233577745,5.344162335777455,5.344162335777455,2021-06-01 00:00:00,2021-06-01 00:00:00,0.0,0.0
D2,F1-union-without-lag_1_4-lightgbm,1,14,2021-06-20,95,0.9895833333333334,False,28.0,116.3673488636757,88.3673488636757,88.3673488636757,2021-06-20 15:15:00,2021-06-20 10:30:00,-285.0,285.0
D2,F1-union-without-lag_1_4-lightgbm,1,15,2021-05-31,95,0.9895833333333334,False,172.0,183.86872688501379,11.868726885013785,11.868726885013785,2021-05-31 10:30:00,2021-05-31 09:15:00,-75.0,75.0
D2,F1-union-without-lag_1_4-lightgbm,1,15,2021-06-01,1,0.010416666666666666,False,71.0,74.8551372325456,3.8551372325456015,3.8551372325456015,2021-06-01 00:00:00,2021-06-01 00:00:00,0.0,0.0
D2,F1-union-without-lag_1_4-lightgbm,1,15,2021-06-20,95,0.9895833333333334,False,28.0,104.8254861109132,76.8254861109132,76.8254861109132,2021-06-20 15:15:00,2021-06-20 10:45:00,-270.0,270.0
D2,F1-union-without-lag_1_4-lightgbm,1,16,2021-05-31,95,0.9895833333333334,False,172.0,180.1577050187892,8.157705018789187,8.157705018789187,2021-05-31 10:30:00,2021-05-31 09:15:00,-75.0,75.0
D2,F1-union-without-lag_1_4-lightgbm,1,16,2021-06-01,1,0.010416666666666666,False,71.0,79.05529270381552,8.055292703815525,8.055292703815525,2021-06-01 00:00:00,2021-06-01 00:00:00,0.0,0.0
D2,F1-union-without-lag_1_4-lightgbm,1,16,2021-06-20,95,0.9895833333333334,False,28.0,109.87329414669594,81.87329414669594,81.87329414669594,2021-06-20 15:15:00,2021-06-20 09:00:00,-375.0,375.0
D2,F1-union-without-lag_1_4-lightgbm,2,4,2021-07-12,96,1.0,True,198.0,185.5934599338323,-12.406540066167707,12.406540066167707,2021-07-12 08:45:00,2021-07-12 13:45:00,300.0,300.0
D2,F1-union-without-lag_1_4-lightgbm,2,4,2021-07-13,1,0.010416666666666666,False,79.0,89.40719482574315,10.407194825743147,10.407194825743147,2021-07-13 00:00:00,2021-07-13 00:00:00,0.0,0.0
D2,F1-union-without-lag_1_4-lightgbm,2,4,2021-07-17,80,0.8333333333333334,False,108.0,105.5341245874351,-2.4658754125648983,2.4658754125648983,2021-07-17 06:00:00,2021-07-17 04:15:00,-105.0,105.0
D2,F1-union-without-lag_1_4-lightgbm,2,4,2021-07-18,84,0.875,False,28.0,72.22543259833672,44.225432598336724,44.225432598336724,2021-07-18 04:30:00,2021-07-18 08:45:00,255.0,255.0
D2,F1-union-without-lag_1_4-lightgbm,2,4,2021-07-26,84,0.875,False,217.0,190.9908337052179,-26.00916629478209,26.00916629478209,2021-07-26 08:30:00,2021-07-26 11:45:00,195.0,195.0
D2,F1-union-without-lag_1_4-lightgbm,2,4,2021-07-27,84,0.875,False,211.0,174.9715737239397,-36.02842627606029,36.02842627606029,2021-07-27 11:45:00,2021-07-27 08:45:00,-180.0,180.0
D2,F1-union-without-lag_1_4-lightgbm,2,4,2021-07-28,84,0.875,False,212.0,185.5167493981432,-26.48325060185681,26.48325060185681,2021-07-28 12:00:00,2021-07-28 14:45:00,165.0,165.0
D2,F1-union-without-lag_1_4-lightgbm,2,4,2021-07-29,84,0.875,False,211.0,179.57931710609793,-31.420682893902068,31.420682893902068,2021-07-29 12:00:00,2021-07-29 14:45:00,165.0,165.0
D2,F1-union-without-lag_1_4-lightgbm,2,4,2021-07-30,85,0.8854166666666666,False,212.0,185.98597467524257,-26.014025324757426,26.014025324757426,2021-07-30 12:00:00,2021-07-30 11:45:00,-15.0,15.0
D2,F1-union-without-lag_1_4-lightgbm,2,4,2021-07-31,96,1.0,True,80.0,86.88119350449595,6.881193504495954,6.881193504495954,2021-07-31 00:00:00,2021-07-31 00:00:00,0.0,0.0
D2,F1-union-without-lag_1_4-lightgbm,2,4,2021-08-01,96,1.0,True,28.0,44.99350783926312,16.993507839263117,16.993507839263117,2021-08-01 09:00:00,2021-08-01 10:00:00,60.0,60.0
D2,F1-union-without-lag_1_4-lightgbm,2,4,2021-08-09,1,0.010416666666666666,False,21.0,31.812733767835397,10.812733767835397,10.812733767835397,2021-08-09 00:00:00,2021-08-09 00:00:00,0.0,0.0
D2,F1-union-without-lag_1_4-lightgbm,2,5,2021-07-12,96,1.0,True,198.0,187.46377389392936,-10.536226106070643,10.536226106070643,2021-07-12 08:45:00,2021-07-12 08:45:00,0.0,0.0
D2,F1-union-without-lag_1_4-lightgbm,2,5,2021-07-13,1,0.010416666666666666,False,79.0,93.74059444499495,14.740594444994954,14.740594444994954,2021-07-13 00:00:00,2021-07-13 00:00:00,0.0,0.0
D2,F1-union-without-lag_1_4-lightgbm,2,5,2021-07-17,79,0.8229166666666666,False,108.0,107.20502675241904,-0.7949732475809554,0.7949732475809554,2021-07-17 06:00:00,2021-07-17 04:15:00,-105.0,105.0
D2,F1-union-without-lag_1_4-lightgbm,2,5,2021-07-18,84,0.875,False,28.0,82.26250068031217,54.26250068031217,54.26250068031217,2021-07-18 04:30:00,2021-07-18 08:30:00,240.0,240.0
D2,F1-union-without-lag_1_4-lightgbm,2,5,2021-07-26,84,0.875,False,217.0,191.33542924603591,-25.664570753964085,25.664570753964085,2021-07-26 08:30:00,2021-07-26 11:45:00,195.0,195.0
D2,F1-union-without-lag_1_4-lightgbm,2,5,2021-07-27,84,0.875,False,211.0,175.22096708696523,-35.77903291303477,35.77903291303477,2021-07-27 11:45:00,2021-07-27 15:00:00,195.0,195.0
D2,F1-union-without-lag_1_4-lightgbm,2,5,2021-07-28,84,0.875,False,212.0,180.4605169328918,-31.539483067108193,31.539483067108193,2021-07-28 12:00:00,2021-07-28 14:45:00,165.0,165.0
D2,F1-union-without-lag_1_4-lightgbm,2,5,2021-07-29,84,0.875,False,211.0,181.90689446766459,-29.093105532335414,29.093105532335414,2021-07-29 12:00:00,2021-07-29 14:45:00,165.0,165.0
D2,F1-union-without-lag_1_4-lightgbm,2,5,2021-07-30,85,0.8854166666666666,False,212.0,185.50877247899444,-26.491227521005555,26.491227521005555,2021-07-30 12:00:00,2021-07-30 14:45:00,165.0,165.0
D2,F1-union-without-lag_1_4-lightgbm,2,5,2021-07-31,96,1.0,True,80.0,89.69672212735314,9.69672212735314,9.69672212735314,2021-07-31 00:00:00,2021-07-31 01:15:00,75.0,75.0
D2,F1-union-without-lag_1_4-lightgbm,2,5,2021-08-01,96,1.0,True,28.0,64.23578453835246,36.23578453835246,36.23578453835246,2021-08-01 09:00:00,2021-08-01 11:15:00,135.0,135.0
D2,F1-union-without-lag_1_4-lightgbm,2,5,2021-08-09,1,0.010416666666666666,False,21.0,22.647799014557403,1.6477990145574033,1.6477990145574033,2021-08-09 00:00:00,2021-08-09 00:00:00,0.0,0.0
D2,F1-union-without-lag_1_4-lightgbm,2,6,2021-07-12,96,1.0,True,198.0,188.26082046892853,-9.739179531071471,9.739179531071471,2021-07-12 08:45:00,2021-07-12 14:00:00,315.0,315.0
D2,F1-union-without-lag_1_4-lightgbm,2,6,2021-07-13,1,0.010416666666666666,False,79.0,96.83593844994667,17.835938449946667,17.835938449946667,2021-07-13 00:00:00,2021-07-13 00:00:00,0.0,0.0
D2,F1-union-without-lag_1_4-lightgbm,2,6,2021-07-17,78,0.8125,False,108.0,106.18073802371683,-1.8192619762831725,1.8192619762831725,2021-07-17 06:00:00,2021-07-17 06:15:00,15.0,15.0
D2,F1-union-without-lag_1_4-lightgbm,2,6,2021-07-18,84,0.875,False,28.0,90.46401808972308,62.46401808972308,62.46401808972308,2021-07-18 01:15:00,2021-07-18 08:30:00,435.0,435.0
D2,F1-union-without-lag_1_4-lightgbm,2,6,2021-07-26,84,0.875,False,217.0,189.47324254357477,-27.52675745642523,27.52675745642523,2021-07-26 08:30:00,2021-07-26 11:45:00,195.0,195.0
D2,F1-union-without-lag_1_4-lightgbm,2,6,2021-07-27,84,0.875,False,211.0,173.87349644935725,-37.12650355064275,37.12650355064275,2021-07-27 11:45:00,2021-07-27 15:00:00,195.0,195.0
D2,F1-union-without-lag_1_4-lightgbm,2,6,2021-07-28,84,0.875,False,212.0,179.1036978973931,-32.89630210260691,32.89630210260691,2021-07-28 12:00:00,2021-07-28 08:30:00,-210.0,210.0
D2,F1-union-without-lag_1_4-lightgbm,2,6,2021-07-29,84,0.875,False,211.0,171.93726982006694,-39.062730179933055,39.062730179933055,2021-07-29 12:00:00,2021-07-29 15:45:00,225.0,225.0
D2,F1-union-without-lag_1_4-lightgbm,2,6,2021-07-30,85,0.8854166666666666,False,212.0,183.17768937475375,-28.822310625246246,28.822310625246246,2021-07-30 12:00:00,2021-07-30 15:00:00,180.0,180.0
D2,F1-union-without-lag_1_4-lightgbm,2,6,2021-07-31,96,1.0,True,80.0,98.24196408021744,18.241964080217443,18.241964080217443,2021-07-31 00:00:00,2021-07-31 01:30:00,90.0,90.0
D2,F1-union-without-lag_1_4-lightgbm,2,6,2021-08-01,96,1.0,True,28.0,56.42255576847904,28.422555768479043,28.422555768479043,2021-08-01 09:00:00,2021-08-01 11:30:00,150.0,150.0
D2,F1-union-without-lag_1_4-lightgbm,2,6,2021-08-09,1,0.010416666666666666,False,21.0,32.77190759594239,11.771907595942388,11.771907595942388,2021-08-09 00:00:00,2021-08-09 00:00:00,0.0,0.0
D2,F1-union-without-lag_1_4-lightgbm,2,7,2021-07-12,96,1.0,True,198.0,182.67132972049745,-15.328670279502546,15.328670279502546,2021-07-12 08:45:00,2021-07-12 13:45:00,300.0,300.0
D2,F1-union-without-lag_1_4-lightgbm,2,7,2021-07-13,1,0.010416666666666666,False,79.0,86.74091344008328,7.7409134400832755,7.7409134400832755,2021-07-13 00:00:00,2021-07-13 00:00:00,0.0,0.0
D2,F1-union-without-lag_1_4-lightgbm,2,7,2021-07-17,77,0.8020833333333334,False,108.0,104.76422911302096,-3.23577088697904,3.23577088697904,2021-07-17 06:00:00,2021-07-17 06:15:00,15.0,15.0
D2,F1-union-without-lag_1_4-lightgbm,2,7,2021-07-18,84,0.875,False,28.0,76.27640334333945,48.27640334333945,48.27640334333945,2021-07-18 01:15:00,2021-07-18 08:45:00,450.0,450.0
D2,F1-union-without-lag_1_4-lightgbm,2,7,2021-07-26,84,0.875,False,217.0,194.86997384470516,-22.130026155294843,22.130026155294843,2021-07-26 08:30:00,2021-07-26 08:30:00,0.0,0.0
D2,F1-union-without-lag_1_4-lightgbm,2,7,2021-07-27,84,0.875,False,211.0,171.0103759667372,-39.9896240332628,39.9896240332628,2021-07-27 11:45:00,2021-07-27 13:45:00,120.0,120.0
D2,F1-union-without-lag_1_4-lightgbm,2,7,2021-07-28,84,0.875,False,212.0,180.8589418922432,-31.141058107756805,31.141058107756805,2021-07-28 12:00:00,2021-07-28 08:30:00,-210.0,210.0
D2,F1-union-without-lag_1_4-lightgbm,2,7,2021-07-29,84,0.875,False,211.0,175.36952503340052,-35.63047496659948,35.63047496659948,2021-07-29 12:00:00,2021-07-29 11:00:00,-60.0,60.0
D2,F1-union-without-lag_1_4-lightgbm,2,7,2021-07-30,85,0.8854166666666666,False,212.0,183.31206606815257,-28.687933931847425,28.687933931847425,2021-07-30 12:00:00,2021-07-30 11:45:00,-15.0,15.0
D2,F1-union-without-lag_1_4-lightgbm,2,7,2021-07-31,96,1.0,True,80.0,104.67671891546205,24.676718915462047,24.676718915462047,2021-07-31 00:00:00,2021-07-31 01:45:00,105.0,105.0
D2,F1-union-without-lag_1_4-lightgbm,2,7,2021-08-01,96,1.0,True,28.0,82.87175904966136,54.871759049661364,54.871759049661364,2021-08-01 09:00:00,2021-08-01 09:00:00,0.0,0.0
D2,F1-union-without-lag_1_4-lightgbm,2,7,2021-08-09,1,0.010416666666666666,False,21.0,26.23969830596199,5.239698305961991,5.239698305961991,2021-08-09 00:00:00,2021-08-09 00:00:00,0.0,0.0
D2,F1-union-without-lag_1_4-lightgbm,2,8,2021-07-12,96,1.0,True,198.0,186.2762074583807,-11.723792541619304,11.723792541619304,2021-07-12 08:45:00,2021-07-12 13:30:00,285.0,285.0
D2,F1-union-without-lag_1_4-lightgbm,2,8,2021-07-13,1,0.010416666666666666,False,79.0,88.24923749765924,9.249237497659237,9.249237497659237,2021-07-13 00:00:00,2021-07-13 00:00:00,0.0,0.0
D2,F1-union-without-lag_1_4-lightgbm,2,8,2021-07-17,76,0.7916666666666666,False,108.0,104.5949824659361,-3.4050175340639015,3.4050175340639015,2021-07-17 06:00:00,2021-07-17 06:15:00,15.0,15.0
D2,F1-union-without-lag_1_4-lightgbm,2,8,2021-07-18,84,0.875,False,28.0,81.78614621262845,53.78614621262845,53.78614621262845,2021-07-18 01:15:00,2021-07-18 08:30:00,435.0,435.0
D2,F1-union-without-lag_1_4-lightgbm,2,8,2021-07-26,84,0.875,False,217.0,195.18275481867875,-21.817245181321255,21.817245181321255,2021-07-26 08:30:00,2021-07-26 08:45:00,15.0,15.0
D2,F1-union-without-lag_1_4-lightgbm,2,8,2021-07-27,84,0.875,False,211.0,167.7595811636961,-43.24041883630389,43.24041883630389,2021-07-27 11:45:00,2021-07-27 13:30:00,105.0,105.0
D2,F1-union-without-lag_1_4-lightgbm,2,8,2021-07-28,84,0.875,False,212.0,187.78884784316614,-24.21115215683386,24.21115215683386,2021-07-28 12:00:00,2021-07-28 14:45:00,165.0,165.0
D2,F1-union-without-lag_1_4-lightgbm,2,8,2021-07-29,84,0.875,False,211.0,166.29865880294307,-44.701341197056934,44.701341197056934,2021-07-29 12:00:00,2021-07-29 14:45:00,165.0,165.0
D2,F1-union-without-lag_1_4-lightgbm,2,8,2021-07-30,85,0.8854166666666666,False,212.0,188.9379360057313,-23.062063994268698,23.062063994268698,2021-07-30 12:00:00,2021-07-30 14:45:00,165.0,165.0
D2,F1-union-without-lag_1_4-lightgbm,2,8,2021-07-31,96,1.0,True,80.0,106.99694989615391,26.996949896153907,26.996949896153907,2021-07-31 00:00:00,2021-07-31 01:45:00,105.0,105.0
D2,F1-union-without-lag_1_4-lightgbm,2,8,2021-08-01,96,1.0,True,28.0,76.23570940713839,48.23570940713839,48.23570940713839,2021-08-01 09:00:00,2021-08-01 07:45:00,-75.0,75.0
D2,F1-union-without-lag_1_4-lightgbm,2,8,2021-08-09,1,0.010416666666666666,False,21.0,30.12382721760074,9.123827217600741,9.123827217600741,2021-08-09 00:00:00,2021-08-09 00:00:00,0.0,0.0
D2,F1-union-without-lag_1_4-lightgbm,2,9,2021-07-12,96,1.0,True,198.0,186.5108698822268,-11.489130117773186,11.489130117773186,2021-07-12 08:45:00,2021-07-12 13:45:00,300.0,300.0
D2,F1-union-without-lag_1_4-lightgbm,2,9,2021-07-13,1,0.010416666666666666,False,79.0,85.71509860711586,6.715098607115863,6.715098607115863,2021-07-13 00:00:00,2021-07-13 00:00:00,0.0,0.0
D2,F1-union-without-lag_1_4-lightgbm,2,9,2021-07-17,75,0.78125,False,108.0,106.26554558810314,-1.7344544118968628,1.7344544118968628,2021-07-17 06:00:00,2021-07-17 06:15:00,15.0,15.0
D2,F1-union-without-lag_1_4-lightgbm,2,9,2021-07-18,84,0.875,False,28.0,78.92151704255352,50.92151704255352,50.92151704255352,2021-07-18 01:15:00,2021-07-18 08:45:00,450.0,450.0
D2,F1-union-without-lag_1_4-lightgbm,2,9,2021-07-26,84,0.875,False,217.0,189.96030449902887,-27.039695500971135,27.039695500971135,2021-07-26 08:30:00,2021-07-26 11:45:00,195.0,195.0
D2,F1-union-without-lag_1_4-lightgbm,2,9,2021-07-27,84,0.875,False,211.0,177.2813402538506,-33.7186597461494,33.7186597461494,2021-07-27 11:45:00,2021-07-27 12:00:00,15.0,15.0
D2,F1-union-without-lag_1_4-lightgbm,2,9,2021-07-28,84,0.875,False,212.0,185.46256541498067,-26.537434585019327,26.537434585019327,2021-07-28 12:00:00,2021-07-28 15:00:00,180.0,180.0
D2,F1-union-without-lag_1_4-lightgbm,2,9,2021-07-29,84,0.875,False,211.0,170.6311309267546,-40.368869073245406,40.368869073245406,2021-07-29 12:00:00,2021-07-29 14:45:00,165.0,165.0
D2,F1-union-without-lag_1_4-lightgbm,2,9,2021-07-30,85,0.8854166666666666,False,212.0,185.452495409658,-26.547504590341987,26.547504590341987,2021-07-30 12:00:00,2021-07-30 11:45:00,-15.0,15.0
D2,F1-union-without-lag_1_4-lightgbm,2,9,2021-07-31,96,1.0,True,80.0,109.69909931046767,29.699099310467673,29.699099310467673,2021-07-31 00:00:00,2021-07-31 01:45:00,105.0,105.0
D2,F1-union-without-lag_1_4-lightgbm,2,9,2021-08-01,96,1.0,True,28.0,49.36639869014335,21.36639869014335,21.36639869014335,2021-08-01 09:00:00,2021-08-01 01:15:00,-465.0,465.0
D2,F1-union-without-lag_1_4-lightgbm,2,9,2021-08-09,1,0.010416666666666666,False,21.0,28.961925080661747,7.9619250806617465,7.9619250806617465,2021-08-09 00:00:00,2021-08-09 00:00:00,0.0,0.0
D2,F1-union-without-lag_1_4-lightgbm,2,10,2021-07-12,96,1.0,True,198.0,184.22406645286978,-13.775933547130222,13.775933547130222,2021-07-12 08:45:00,2021-07-12 14:00:00,315.0,315.0
D2,F1-union-without-lag_1_4-lightgbm,2,10,2021-07-13,1,0.010416666666666666,False,79.0,85.66336424577352,6.663364245773522,6.663364245773522,2021-07-13 00:00:00,2021-07-13 00:00:00,0.0,0.0
D2,F1-union-without-lag_1_4-lightgbm,2,10,2021-07-17,74,0.7708333333333334,False,108.0,105.52141385404217,-2.478586145957834,2.478586145957834,2021-07-17 06:00:00,2021-07-17 06:15:00,15.0,15.0
D2,F1-union-without-lag_1_4-lightgbm,2,10,2021-07-18,84,0.875,False,28.0,96.62043161645727,68.62043161645727,68.62043161645727,2021-07-18 01:15:00,2021-07-18 09:15:00,480.0,480.0
D2,F1-union-without-lag_1_4-lightgbm,2,10,2021-07-26,84,0.875,False,217.0,187.61534563176838,-29.384654368231622,29.384654368231622,2021-07-26 08:30:00,2021-07-26 12:00:00,210.0,210.0
D2,F1-union-without-lag_1_4-lightgbm,2,10,2021-07-27,84,0.875,False,211.0,163.79337372620498,-47.206626273795024,47.206626273795024,2021-07-27 11:45:00,2021-07-27 10:15:00,-90.0,90.0
D2,F1-union-without-lag_1_4-lightgbm,2,10,2021-07-28,84,0.875,False,212.0,183.16001452392769,-28.839985476072314,28.839985476072314,2021-07-28 12:00:00,2021-07-28 14:45:00,165.0,165.0
D2,F1-union-without-lag_1_4-lightgbm,2,10,2021-07-29,84,0.875,False,211.0,165.892103514724,-45.107896485276,45.107896485276,2021-07-29 12:00:00,2021-07-29 14:45:00,165.0,165.0
D2,F1-union-without-lag_1_4-lightgbm,2,10,2021-07-30,85,0.8854166666666666,False,212.0,184.26544758637826,-27.734552413621742,27.734552413621742,2021-07-30 12:00:00,2021-07-30 14:45:00,165.0,165.0
D2,F1-union-without-lag_1_4-lightgbm,2,10,2021-07-31,96,1.0,True,80.0,112.10839537707342,32.10839537707342,32.10839537707342,2021-07-31 00:00:00,2021-07-31 02:15:00,135.0,135.0
D2,F1-union-without-lag_1_4-lightgbm,2,10,2021-08-01,96,1.0,True,28.0,79.2044170873477,51.20441708734769,51.20441708734769,2021-08-01 09:00:00,2021-08-01 12:00:00,180.0,180.0
D2,F1-union-without-lag_1_4-lightgbm,2,10,2021-08-09,1,0.010416666666666666,False,21.0,23.74437888700769,2.7443788870076915,2.7443788870076915,2021-08-09 00:00:00,2021-08-09 00:00:00,0.0,0.0
D2,F1-union-without-lag_1_4-lightgbm,2,11,2021-07-12,96,1.0,True,198.0,187.55833500392893,-10.441664996071069,10.441664996071069,2021-07-12 08:45:00,2021-07-12 13:30:00,285.0,285.0
D2,F1-union-without-lag_1_4-lightgbm,2,11,2021-07-13,1,0.010416666666666666,False,79.0,84.20755159887953,5.207551598879533,5.207551598879533,2021-07-13 00:00:00,2021-07-13 00:00:00,0.0,0.0
D2,F1-union-without-lag_1_4-lightgbm,2,11,2021-07-17,73,0.7604166666666666,False,108.0,105.04591519940873,-2.954084800591275,2.954084800591275,2021-07-17 06:00:00,2021-07-17 06:15:00,15.0,15.0
D2,F1-union-without-lag_1_4-lightgbm,2,11,2021-07-18,84,0.875,False,28.0,96.17431991518086,68.17431991518086,68.17431991518086,2021-07-18 01:15:00,2021-07-18 09:45:00,510.0,510.0
D2,F1-union-without-lag_1_4-lightgbm,2,11,2021-07-26,84,0.875,False,217.0,199.8807462805563,-17.11925371944369,17.11925371944369,2021-07-26 08:30:00,2021-07-26 11:45:00,195.0,195.0
D2,F1-union-without-lag_1_4-lightgbm,2,11,2021-07-27,84,0.875,False,211.0,163.69073989020666,-47.30926010979334,47.30926010979334,2021-07-27 11:45:00,2021-07-27 10:15:00,-90.0,90.0
D2,F1-union-without-lag_1_4-lightgbm,2,11,2021-07-28,84,0.875,False,212.0,181.97037954135502,-30.029620458644985,30.029620458644985,2021-07-28 12:00:00,2021-07-28 14:30:00,150.0,150.0
D2,F1-union-without-lag_1_4-lightgbm,2,11,2021-07-29,84,0.875,False,211.0,156.40461778427456,-54.59538221572544,54.59538221572544,2021-07-29 12:00:00,2021-07-29 14:45:00,165.0,165.0
D2,F1-union-without-lag_1_4-lightgbm,2,11,2021-07-30,85,0.8854166666666666,False,212.0,184.4705050509352,-27.529494949064798,27.529494949064798,2021-07-30 12:00:00,2021-07-30 14:45:00,165.0,165.0
D2,F1-union-without-lag_1_4-lightgbm,2,11,2021-07-31,96,1.0,True,80.0,110.1932216224812,30.193221622481204,30.193221622481204,2021-07-31 00:00:00,2021-07-31 02:15:00,135.0,135.0
D2,F1-union-without-lag_1_4-lightgbm,2,11,2021-08-01,96,1.0,True,28.0,84.38679680300564,56.38679680300564,56.38679680300564,2021-08-01 09:00:00,2021-08-01 11:45:00,165.0,165.0
D2,F1-union-without-lag_1_4-lightgbm,2,11,2021-08-09,1,0.010416666666666666,False,21.0,34.16507557654481,13.165075576544808,13.165075576544808,2021-08-09 00:00:00,2021-08-09 00:00:00,0.0,0.0
D2,F1-union-without-lag_1_4-lightgbm,2,12,2021-07-12,96,1.0,True,198.0,187.35873052121,-10.641269478790008,10.641269478790008,2021-07-12 08:45:00,2021-07-12 15:45:00,420.0,420.0
D2,F1-union-without-lag_1_4-lightgbm,2,12,2021-07-13,1,0.010416666666666666,False,79.0,83.68926377522298,4.689263775222983,4.689263775222983,2021-07-13 00:00:00,2021-07-13 00:00:00,0.0,0.0
D2,F1-union-without-lag_1_4-lightgbm,2,12,2021-07-17,72,0.75,False,108.0,105.16043138804226,-2.839568611957745,2.839568611957745,2021-07-17 06:00:00,2021-07-17 06:15:00,15.0,15.0
D2,F1-union-without-lag_1_4-lightgbm,2,12,2021-07-18,84,0.875,False,28.0,92.06882682226099,64.06882682226099,64.06882682226099,2021-07-18 01:15:00,2021-07-18 10:00:00,525.0,525.0
D2,F1-union-without-lag_1_4-lightgbm,2,12,2021-07-26,84,0.875,False,217.0,190.7138451239311,-26.286154876068906,26.286154876068906,2021-07-26 08:30:00,2021-07-26 11:45:00,195.0,195.0
D2,F1-union-without-lag_1_4-lightgbm,2,12,2021-07-27,84,0.875,False,211.0,166.96974610462567,-44.03025389537433,44.03025389537433,2021-07-27 11:45:00,2021-07-27 13:45:00,120.0,120.0
D2,F1-union-without-lag_1_4-lightgbm,2,12,2021-07-28,84,0.875,False,212.0,178.50225654115349,-33.497743458846514,33.497743458846514,2021-07-28 12:00:00,2021-07-28 08:45:00,-195.0,195.0
D2,F1-union-without-lag_1_4-lightgbm,2,12,2021-07-29,84,0.875,False,211.0,164.1409312817127,-46.85906871828729,46.85906871828729,2021-07-29 12:00:00,2021-07-29 15:45:00,225.0,225.0
D2,F1-union-without-lag_1_4-lightgbm,2,12,2021-07-30,85,0.8854166666666666,False,212.0,182.7954636275179,-29.204536372482096,29.204536372482096,2021-07-30 12:00:00,2021-07-30 15:45:00,225.0,225.0
D2,F1-union-without-lag_1_4-lightgbm,2,12,2021-07-31,96,1.0,True,80.0,112.06315435742086,32.063154357420856,32.063154357420856,2021-07-31 00:00:00,2021-07-31 02:00:00,120.0,120.0
D2,F1-union-without-lag_1_4-lightgbm,2,12,2021-08-01,96,1.0,True,28.0,68.95806760285801,40.95806760285801,40.95806760285801,2021-08-01 09:00:00,2021-08-01 12:00:00,180.0,180.0
D2,F1-union-without-lag_1_4-lightgbm,2,12,2021-08-09,1,0.010416666666666666,False,21.0,26.062370935556203,5.062370935556203,5.062370935556203,2021-08-09 00:00:00,2021-08-09 00:00:00,0.0,0.0
D2,F1-union-without-lag_1_4-lightgbm,2,13,2021-07-12,96,1.0,True,198.0,184.82010142063316,-13.179898579366835,13.179898579366835,2021-07-12 08:45:00,2021-07-12 13:45:00,300.0,300.0
D2,F1-union-without-lag_1_4-lightgbm,2,13,2021-07-13,1,0.010416666666666666,False,79.0,87.18119392562727,8.18119392562727,8.18119392562727,2021-07-13 00:00:00,2021-07-13 00:00:00,0.0,0.0
D2,F1-union-without-lag_1_4-lightgbm,2,13,2021-07-17,71,0.7395833333333334,False,96.0,106.21188698568616,10.211886985686164,10.211886985686164,2021-07-17 06:15:00,2021-07-17 06:15:00,0.0,0.0
D2,F1-union-without-lag_1_4-lightgbm,2,13,2021-07-18,84,0.875,False,28.0,80.47586307345345,52.47586307345345,52.47586307345345,2021-07-18 01:15:00,2021-07-18 08:45:00,450.0,450.0
D2,F1-union-without-lag_1_4-lightgbm,2,13,2021-07-26,84,0.875,False,217.0,185.78079735284,-31.21920264715999,31.21920264715999,2021-07-26 08:30:00,2021-07-26 12:00:00,210.0,210.0
D2,F1-union-without-lag_1_4-lightgbm,2,13,2021-07-27,84,0.875,False,211.0,162.6760210671811,-48.3239789328189,48.3239789328189,2021-07-27 11:45:00,2021-07-27 14:00:00,135.0,135.0
D2,F1-union-without-lag_1_4-lightgbm,2,13,2021-07-28,84,0.875,False,212.0,178.98468860417387,-33.01531139582613,33.01531139582613,2021-07-28 12:00:00,2021-07-28 08:45:00,-195.0,195.0
D2,F1-union-without-lag_1_4-lightgbm,2,13,2021-07-29,84,0.875,False,211.0,163.60369562533552,-47.39630437466448,47.39630437466448,2021-07-29 12:00:00,2021-07-29 15:15:00,195.0,195.0
D2,F1-union-without-lag_1_4-lightgbm,2,13,2021-07-30,85,0.8854166666666666,False,212.0,179.1123691203949,-32.8876308796051,32.8876308796051,2021-07-30 12:00:00,2021-07-30 14:45:00,165.0,165.0
D2,F1-union-without-lag_1_4-lightgbm,2,13,2021-07-31,96,1.0,True,80.0,109.84909078027889,29.849090780278885,29.849090780278885,2021-07-31 00:00:00,2021-07-31 02:15:00,135.0,135.0
D2,F1-union-without-lag_1_4-lightgbm,2,13,2021-08-01,96,1.0,True,28.0,47.47745219888272,19.477452198882723,19.477452198882723,2021-08-01 09:00:00,2021-08-01 09:00:00,0.0,0.0
D2,F1-union-without-lag_1_4-lightgbm,2,13,2021-08-09,1,0.010416666666666666,False,21.0,25.18394873287554,4.183948732875539,4.183948732875539,2021-08-09 00:00:00,2021-08-09 00:00:00,0.0,0.0
D2,F1-union-without-lag_1_4-lightgbm,2,14,2021-07-12,96,1.0,True,198.0,174.68505797912954,-23.31494202087046,23.31494202087046,2021-07-12 08:45:00,2021-07-12 12:00:00,195.0,195.0
D2,F1-union-without-lag_1_4-lightgbm,2,14,2021-07-13,1,0.010416666666666666,False,79.0,86.13091099011578,7.13091099011578,7.13091099011578,2021-07-13 00:00:00,2021-07-13 00:00:00,0.0,0.0
D2,F1-union-without-lag_1_4-lightgbm,2,14,2021-07-17,70,0.7291666666666666,False,88.0,104.51845461993442,16.518454619934417,16.518454619934417,2021-07-17 07:15:00,2021-07-17 06:30:00,-45.0,45.0
D2,F1-union-without-lag_1_4-lightgbm,2,14,2021-07-18,84,0.875,False,28.0,73.85859244412892,45.85859244412892,45.85859244412892,2021-07-18 01:15:00,2021-07-18 09:00:00,465.0,465.0
D2,F1-union-without-lag_1_4-lightgbm,2,14,2021-07-26,84,0.875,False,217.0,175.89609783903367,-41.10390216096633,41.10390216096633,2021-07-26 08:30:00,2021-07-26 12:00:00,210.0,210.0
D2,F1-union-without-lag_1_4-lightgbm,2,14,2021-07-27,84,0.875,False,211.0,160.2990994479923,-50.70090055200771,50.70090055200771,2021-07-27 11:45:00,2021-07-27 10:15:00,-90.0,90.0
D2,F1-union-without-lag_1_4-lightgbm,2,14,2021-07-28,84,0.875,False,212.0,172.39143681853395,-39.60856318146605,39.60856318146605,2021-07-28 12:00:00,2021-07-28 14:15:00,135.0,135.0
D2,F1-union-without-lag_1_4-lightgbm,2,14,2021-07-29,84,0.875,False,211.0,160.17214046853772,-50.82785953146228,50.82785953146228,2021-07-29 12:00:00,2021-07-29 15:15:00,195.0,195.0
D2,F1-union-without-lag_1_4-lightgbm,2,14,2021-07-30,84,0.875,False,212.0,169.5610084032895,-42.43899159671051,42.43899159671051,2021-07-30 12:00:00,2021-07-30 11:30:00,-30.0,30.0
D2,F1-union-without-lag_1_4-lightgbm,2,14,2021-07-31,96,1.0,True,80.0,106.53222464992798,26.532224649927983,26.532224649927983,2021-07-31 00:00:00,2021-07-31 02:30:00,150.0,150.0
D2,F1-union-without-lag_1_4-lightgbm,2,14,2021-08-01,96,1.0,True,28.0,71.5164250804728,43.5164250804728,43.5164250804728,2021-08-01 09:00:00,2021-08-01 08:45:00,-15.0,15.0
D2,F1-union-without-lag_1_4-lightgbm,2,14,2021-08-09,1,0.010416666666666666,False,21.0,28.901564039472866,7.901564039472866,7.901564039472866,2021-08-09 00:00:00,2021-08-09 00:00:00,0.0,0.0
D2,F1-union-without-lag_1_4-lightgbm,2,15,2021-07-12,96,1.0,True,198.0,176.1355627645472,-21.86443723545281,21.86443723545281,2021-07-12 08:45:00,2021-07-12 13:30:00,285.0,285.0
D2,F1-union-without-lag_1_4-lightgbm,2,15,2021-07-13,1,0.010416666666666666,False,79.0,87.80525119401813,8.805251194018126,8.805251194018126,2021-07-13 00:00:00,2021-07-13 00:00:00,0.0,0.0
D2,F1-union-without-lag_1_4-lightgbm,2,15,2021-07-17,69,0.71875,False,88.0,117.07081232607615,29.07081232607615,29.07081232607615,2021-07-17 07:15:00,2021-07-17 11:15:00,240.0,240.0
D2,F1-union-without-lag_1_4-lightgbm,2,15,2021-07-18,84,0.875,False,28.0,56.69810803856229,28.69810803856229,28.69810803856229,2021-07-18 01:15:00,2021-07-18 09:00:00,465.0,465.0
D2,F1-union-without-lag_1_4-lightgbm,2,15,2021-07-26,84,0.875,False,217.0,175.28533042515502,-41.714669574844976,41.714669574844976,2021-07-26 08:30:00,2021-07-26 14:15:00,345.0,345.0
D2,F1-union-without-lag_1_4-lightgbm,2,15,2021-07-27,84,0.875,False,211.0,159.40850803571897,-51.59149196428103,51.59149196428103,2021-07-27 11:45:00,2021-07-27 10:15:00,-90.0,90.0
D2,F1-union-without-lag_1_4-lightgbm,2,15,2021-07-28,84,0.875,False,212.0,172.34620360304214,-39.65379639695786,39.65379639695786,2021-07-28 12:00:00,2021-07-28 08:30:00,-210.0,210.0
D2,F1-union-without-lag_1_4-lightgbm,2,15,2021-07-29,84,0.875,False,211.0,156.80920331897443,-54.190796681025574,54.190796681025574,2021-07-29 12:00:00,2021-07-29 15:15:00,195.0,195.0
D2,F1-union-without-lag_1_4-lightgbm,2,15,2021-07-30,84,0.875,False,212.0,170.74287619298545,-41.25712380701455,41.25712380701455,2021-07-30 12:00:00,2021-07-30 11:30:00,-30.0,30.0
D2,F1-union-without-lag_1_4-lightgbm,2,15,2021-07-31,96,1.0,True,80.0,110.89190503480803,30.891905034808033,30.891905034808033,2021-07-31 00:00:00,2021-07-31 03:45:00,225.0,225.0
D2,F1-union-without-lag_1_4-lightgbm,2,15,2021-08-01,96,1.0,True,28.0,77.44172993046739,49.44172993046739,49.44172993046739,2021-08-01 09:00:00,2021-08-01 08:45:00,-15.0,15.0
D2,F1-union-without-lag_1_4-lightgbm,2,15,2021-08-09,1,0.010416666666666666,False,21.0,28.201780470143333,7.2017804701433334,7.2017804701433334,2021-08-09 00:00:00,2021-08-09 00:00:00,0.0,0.0
D2,F1-union-without-lag_1_4-lightgbm,2,16,2021-07-12,96,1.0,True,198.0,174.8917203890387,-23.10827961096129,23.10827961096129,2021-07-12 08:45:00,2021-07-12 13:30:00,285.0,285.0
D2,F1-union-without-lag_1_4-lightgbm,2,16,2021-07-13,1,0.010416666666666666,False,79.0,86.80301721709009,7.803017217090087,7.803017217090087,2021-07-13 00:00:00,2021-07-13 00:00:00,0.0,0.0
D2,F1-union-without-lag_1_4-lightgbm,2,16,2021-07-17,68,0.7083333333333334,False,88.0,126.44185647585363,38.441856475853626,38.441856475853626,2021-07-17 07:15:00,2021-07-17 11:30:00,255.0,255.0
D2,F1-union-without-lag_1_4-lightgbm,2,16,2021-07-18,84,0.875,False,28.0,60.98728892714526,32.98728892714526,32.98728892714526,2021-07-18 01:15:00,2021-07-18 08:30:00,435.0,435.0
D2,F1-union-without-lag_1_4-lightgbm,2,16,2021-07-26,84,0.875,False,217.0,174.94605515428782,-42.05394484571218,42.05394484571218,2021-07-26 08:30:00,2021-07-26 14:00:00,330.0,330.0
D2,F1-union-without-lag_1_4-lightgbm,2,16,2021-07-27,84,0.875,False,211.0,157.080942676341,-53.91905732365899,53.91905732365899,2021-07-27 11:45:00,2021-07-27 10:15:00,-90.0,90.0
D2,F1-union-without-lag_1_4-lightgbm,2,16,2021-07-28,84,0.875,False,212.0,172.17287453541292,-39.827125464587084,39.827125464587084,2021-07-28 12:00:00,2021-07-28 14:00:00,120.0,120.0
D2,F1-union-without-lag_1_4-lightgbm,2,16,2021-07-29,84,0.875,False,211.0,157.20224652027278,-53.79775347972722,53.79775347972722,2021-07-29 12:00:00,2021-07-29 10:15:00,-105.0,105.0
D2,F1-union-without-lag_1_4-lightgbm,2,16,2021-07-30,84,0.875,False,212.0,170.53702466957589,-41.462975330424115,41.462975330424115,2021-07-30 12:00:00,2021-07-30 10:45:00,-75.0,75.0
D2,F1-union-without-lag_1_4-lightgbm,2,16,2021-07-31,96,1.0,True,80.0,112.51052063950462,32.51052063950462,32.51052063950462,2021-07-31 00:00:00,2021-07-31 04:00:00,240.0,240.0
D2,F1-union-without-lag_1_4-lightgbm,2,16,2021-08-01,96,1.0,True,28.0,71.88903089346122,43.889030893461225,43.889030893461225,2021-08-01 09:00:00,2021-08-01 09:15:00,15.0,15.0
D2,F1-union-without-lag_1_4-lightgbm,2,16,2021-08-09,1,0.010416666666666666,False,21.0,25.26173121398417,4.26173121398417,4.26173121398417,2021-08-09 00:00:00,2021-08-09 00:00:00,0.0,0.0
