dataset,model,fold,horizon,target_day,observed_slots,slot_coverage,full_day,actual_daily_max,predicted_daily_max,daily_max_error,daily_max_abs_error,actual_peak_time,predicted_peak_time,timing_error_minutes,timing_abs_error_minutes
D1,F6-3-c2048-q0.6,0,4,2021-04-19,96,1.0,True,172.0,176.5062713623047,4.5062713623046875,4.5062713623046875,2021-04-19 08:45:00,2021-04-19 13:15:00,270.0,270.0
D1,F6-3-c2048-q0.6,0,4,2021-04-20,96,1.0,True,172.0,174.74325561523438,2.743255615234375,2.743255615234375,2021-04-20 08:45:00,2021-04-20 09:00:00,15.0,15.0
D1,F6-3-c2048-q0.6,0,4,2021-04-21,96,1.0,True,174.0,178.124267578125,4.124267578125,4.124267578125,2021-04-21 08:30:00,2021-04-21 09:00:00,30.0,30.0
D1,F6-3-c2048-q0.6,0,4,2021-04-22,96,1.0,True,174.0,171.28289794921875,-2.71710205078125,2.71710205078125,2021-04-22 08:30:00,2021-04-22 10:30:00,120.0,120.0
D1,F6-3-c2048-q0.6,0,4,2021-04-23,96,1.0,True,174.0,173.6055908203125,-0.3944091796875,0.3944091796875,2021-04-23 08:30:00,2021-04-23 10:30:00,120.0,120.0
D1,F6-3-c2048-q0.6,0,4,2021-04-24,96,1.0,True,112.0,110.88604736328125,-1.11395263671875,1.11395263671875,2021-04-24 06:15:00,2021-04-24 04:30:00,-105.0,105.0
D1,F6-3-c2048-q0.6,0,4,2021-04-25,96,1.0,True,25.0,52.4945068359375,27.4945068359375,27.4945068359375,2021-04-25 01:30:00,2021-04-25 00:45:00,-45.0,45.0
D1,F6-3-c2048-q0.6,0,4,2021-05-03,96,1.0,True,184.0,176.24124145507812,-7.758758544921875,7.758758544921875,2021-05-03 08:30:00,2021-05-03 15:00:00,390.0,390.0
D1,F6-3-c2048-q0.6,0,4,2021-05-04,96,1.0,True,181.0,176.37020874023438,-4.629791259765625,4.629791259765625,2021-05-04 08:30:00,2021-05-04 08:30:00,0.0,0.0
D1,F6-3-c2048-q0.6,0,4,2021-05-05,96,1.0,True,120.0,171.4765167236328,51.47651672363281,51.47651672363281,2021-05-05 04:15:00,2021-05-05 08:30:00,255.0,255.0
D1,F6-3-c2048-q0.6,0,4,2021-05-06,96,1.0,True,199.0,180.87567138671875,-18.12432861328125,18.12432861328125,2021-05-06 09:00:00,2021-05-06 12:00:00,180.0,180.0
D1,F6-3-c2048-q0.6,0,4,2021-05-07,96,1.0,True,181.0,179.52615356445312,-1.473846435546875,1.473846435546875,2021-05-07 09:00:00,2021-05-07 08:30:00,-30.0,30.0
D1,F6-3-c2048-q0.6,0,4,2021-05-08,96,1.0,True,115.0,109.81752014160156,-5.1824798583984375,5.1824798583984375,2021-05-08 02:00:00,2021-05-08 06:15:00,255.0,255.0
D1,F6-3-c2048-q0.6,0,4,2021-05-09,96,1.0,True,184.0,180.26597595214844,-3.7340240478515625,3.7340240478515625,2021-05-09 09:00:00,2021-05-09 09:45:00,45.0,45.0
D1,F6-3-c2048-q0.6,0,5,2021-04-19,96,1.0,True,172.0,176.22140502929688,4.221405029296875,4.221405029296875,2021-04-19 08:45:00,2021-04-19 13:15:00,270.0,270.0
D1,F6-3-c2048-q0.6,0,5,2021-04-20,96,1.0,True,172.0,172.78848266601562,0.788482666015625,0.788482666015625,2021-04-20 08:45:00,2021-04-20 09:00:00,15.0,15.0
D1,F6-3-c2048-q0.6,0,5,2021-04-21,96,1.0,True,174.0,176.73980712890625,2.73980712890625,2.73980712890625,2021-04-21 08:30:00,2021-04-21 09:00:00,30.0,30.0
D1,F6-3-c2048-q0.6,0,5,2021-04-22,96,1.0,True,174.0,170.44735717773438,-3.552642822265625,3.552642822265625,2021-04-22 08:30:00,2021-04-22 10:45:00,135.0,135.0
D1,F6-3-c2048-q0.6,0,5,2021-04-23,96,1.0,True,174.0,172.39959716796875,-1.60040283203125,1.60040283203125,2021-04-23 08:30:00,2021-04-23 08:30:00,0.0,0.0
D1,F6-3-c2048-q0.6,0,5,2021-04-24,96,1.0,True,112.0,110.93388366699219,-1.0661163330078125,1.0661163330078125,2021-04-24 06:15:00,2021-04-24 04:45:00,-90.0,90.0
D1,F6-3-c2048-q0.6,0,5,2021-04-25,96,1.0,True,25.0,53.49448013305664,28.49448013305664,28.49448013305664,2021-04-25 01:30:00,2021-04-25 01:00:00,-30.0,30.0
D1,F6-3-c2048-q0.6,0,5,2021-05-03,96,1.0,True,184.0,175.70530700683594,-8.294692993164062,8.294692993164062,2021-05-03 08:30:00,2021-05-03 15:30:00,420.0,420.0
D1,F6-3-c2048-q0.6,0,5,2021-05-04,96,1.0,True,181.0,175.22984313964844,-5.7701568603515625,5.7701568603515625,2021-05-04 08:30:00,2021-05-04 08:30:00,0.0,0.0
D1,F6-3-c2048-q0.6,0,5,2021-05-05,96,1.0,True,120.0,177.03131103515625,57.03131103515625,57.03131103515625,2021-05-05 04:15:00,2021-05-05 08:30:00,255.0,255.0
D1,F6-3-c2048-q0.6,0,5,2021-05-06,96,1.0,True,199.0,182.613525390625,-16.386474609375,16.386474609375,2021-05-06 09:00:00,2021-05-06 11:15:00,135.0,135.0
D1,F6-3-c2048-q0.6,0,5,2021-05-07,96,1.0,True,181.0,177.63107299804688,-3.368927001953125,3.368927001953125,2021-05-07 09:00:00,2021-05-07 08:30:00,-30.0,30.0
D1,F6-3-c2048-q0.6,0,5,2021-05-08,96,1.0,True,115.0,109.91912841796875,-5.08087158203125,5.08087158203125,2021-05-08 02:00:00,2021-05-08 06:15:00,255.0,255.0
D1,F6-3-c2048-q0.6,0,5,2021-05-09,96,1.0,True,184.0,178.0159149169922,-5.9840850830078125,5.9840850830078125,2021-05-09 09:00:00,2021-05-09 09:45:00,45.0,45.0
D1,F6-3-c2048-q0.6,0,6,2021-04-19,96,1.0,True,172.0,176.90576171875,4.90576171875,4.90576171875,2021-04-19 08:45:00,2021-04-19 13:15:00,270.0,270.0
D1,F6-3-c2048-q0.6,0,6,2021-04-20,96,1.0,True,172.0,169.8292999267578,-2.1707000732421875,2.1707000732421875,2021-04-20 08:45:00,2021-04-20 08:45:00,0.0,0.0
D1,F6-3-c2048-q0.6,0,6,2021-04-21,96,1.0,True,174.0,175.4183349609375,1.4183349609375,1.4183349609375,2021-04-21 08:30:00,2021-04-21 09:00:00,30.0,30.0
D1,F6-3-c2048-q0.6,0,6,2021-04-22,96,1.0,True,174.0,171.30615234375,-2.69384765625,2.69384765625,2021-04-22 08:30:00,2021-04-22 08:30:00,0.0,0.0
D1,F6-3-c2048-q0.6,0,6,2021-04-23,96,1.0,True,174.0,173.44635009765625,-0.55364990234375,0.55364990234375,2021-04-23 08:30:00,2021-04-23 08:30:00,0.0,0.0
D1,F6-3-c2048-q0.6,0,6,2021-04-24,96,1.0,True,112.0,109.37457275390625,-2.62542724609375,2.62542724609375,2021-04-24 06:15:00,2021-04-24 06:15:00,0.0,0.0
D1,F6-3-c2048-q0.6,0,6,2021-04-25,96,1.0,True,25.0,65.23577880859375,40.23577880859375,40.23577880859375,2021-04-25 01:30:00,2021-04-25 01:15:00,-15.0,15.0
D1,F6-3-c2048-q0.6,0,6,2021-05-03,96,1.0,True,184.0,176.1057586669922,-7.8942413330078125,7.8942413330078125,2021-05-03 08:30:00,2021-05-03 15:45:00,435.0,435.0
D1,F6-3-c2048-q0.6,0,6,2021-05-04,96,1.0,True,181.0,177.4910888671875,-3.5089111328125,3.5089111328125,2021-05-04 08:30:00,2021-05-04 08:30:00,0.0,0.0
D1,F6-3-c2048-q0.6,0,6,2021-05-05,96,1.0,True,120.0,179.28042602539062,59.280426025390625,59.280426025390625,2021-05-05 04:15:00,2021-05-05 08:30:00,255.0,255.0
D1,F6-3-c2048-q0.6,0,6,2021-05-06,96,1.0,True,199.0,181.06939697265625,-17.93060302734375,17.93060302734375,2021-05-06 09:00:00,2021-05-06 12:00:00,180.0,180.0
D1,F6-3-c2048-q0.6,0,6,2021-05-07,96,1.0,True,181.0,178.26211547851562,-2.737884521484375,2.737884521484375,2021-05-07 09:00:00,2021-05-07 08:30:00,-30.0,30.0
D1,F6-3-c2048-q0.6,0,6,2021-05-08,96,1.0,True,115.0,112.65829467773438,-2.341705322265625,2.341705322265625,2021-05-08 02:00:00,2021-05-08 06:15:00,255.0,255.0
D1,F6-3-c2048-q0.6,0,6,2021-05-09,96,1.0,True,184.0,177.42926025390625,-6.57073974609375,6.57073974609375,2021-05-09 09:00:00,2021-05-09 10:00:00,60.0,60.0
D1,F6-3-c2048-q0.6,0,7,2021-04-19,96,1.0,True,172.0,176.20736694335938,4.207366943359375,4.207366943359375,2021-04-19 08:45:00,2021-04-19 13:15:00,270.0,270.0
D1,F6-3-c2048-q0.6,0,7,2021-04-20,96,1.0,True,172.0,170.05743408203125,-1.94256591796875,1.94256591796875,2021-04-20 08:45:00,2021-04-20 09:00:00,15.0,15.0
D1,F6-3-c2048-q0.6,0,7,2021-04-21,96,1.0,True,174.0,174.41302490234375,0.41302490234375,0.41302490234375,2021-04-21 08:30:00,2021-04-21 09:00:00,30.0,30.0
D1,F6-3-c2048-q0.6,0,7,2021-04-22,96,1.0,True,174.0,169.80862426757812,-4.191375732421875,4.191375732421875,2021-04-22 08:30:00,2021-04-22 10:45:00,135.0,135.0
D1,F6-3-c2048-q0.6,0,7,2021-04-23,96,1.0,True,174.0,172.69021606445312,-1.309783935546875,1.309783935546875,2021-04-23 08:30:00,2021-04-23 10:30:00,120.0,120.0
D1,F6-3-c2048-q0.6,0,7,2021-04-24,96,1.0,True,112.0,108.85124969482422,-3.1487503051757812,3.1487503051757812,2021-04-24 06:15:00,2021-04-24 04:45:00,-90.0,90.0
D1,F6-3-c2048-q0.6,0,7,2021-04-25,96,1.0,True,25.0,70.10975646972656,45.10975646972656,45.10975646972656,2021-04-25 01:30:00,2021-04-25 01:30:00,0.0,0.0
D1,F6-3-c2048-q0.6,0,7,2021-05-03,96,1.0,True,184.0,172.66261291503906,-11.337387084960938,11.337387084960938,2021-05-03 08:30:00,2021-05-03 15:45:00,435.0,435.0
D1,F6-3-c2048-q0.6,0,7,2021-05-04,96,1.0,True,181.0,175.5015869140625,-5.4984130859375,5.4984130859375,2021-05-04 08:30:00,2021-05-04 08:30:00,0.0,0.0
D1,F6-3-c2048-q0.6,0,7,2021-05-05,96,1.0,True,120.0,177.35903930664062,57.359039306640625,57.359039306640625,2021-05-05 04:15:00,2021-05-05 08:30:00,255.0,255.0
D1,F6-3-c2048-q0.6,0,7,2021-05-06,96,1.0,True,199.0,181.28939819335938,-17.710601806640625,17.710601806640625,2021-05-06 09:00:00,2021-05-06 11:45:00,165.0,165.0
D1,F6-3-c2048-q0.6,0,7,2021-05-07,96,1.0,True,181.0,176.55609130859375,-4.44390869140625,4.44390869140625,2021-05-07 09:00:00,2021-05-07 08:30:00,-30.0,30.0
D1,F6-3-c2048-q0.6,0,7,2021-05-08,96,1.0,True,115.0,111.51551055908203,-3.4844894409179688,3.4844894409179688,2021-05-08 02:00:00,2021-05-08 06:15:00,255.0,255.0
D1,F6-3-c2048-q0.6,0,7,2021-05-09,96,1.0,True,184.0,173.58438110351562,-10.415618896484375,10.415618896484375,2021-05-09 09:00:00,2021-05-09 10:45:00,105.0,105.0
D1,F6-3-c2048-q0.6,0,8,2021-04-19,96,1.0,True,172.0,175.7755126953125,3.7755126953125,3.7755126953125,2021-04-19 08:45:00,2021-04-19 13:15:00,270.0,270.0
D1,F6-3-c2048-q0.6,0,8,2021-04-20,96,1.0,True,172.0,167.54588317871094,-4.4541168212890625,4.4541168212890625,2021-04-20 08:45:00,2021-04-20 09:15:00,30.0,30.0
D1,F6-3-c2048-q0.6,0,8,2021-04-21,96,1.0,True,174.0,176.67694091796875,2.67694091796875,2.67694091796875,2021-04-21 08:30:00,2021-04-21 09:00:00,30.0,30.0
D1,F6-3-c2048-q0.6,0,8,2021-04-22,96,1.0,True,174.0,172.75076293945312,-1.249237060546875,1.249237060546875,2021-04-22 08:30:00,2021-04-22 08:30:00,0.0,0.0
D1,F6-3-c2048-q0.6,0,8,2021-04-23,96,1.0,True,174.0,174.81256103515625,0.81256103515625,0.81256103515625,2021-04-23 08:30:00,2021-04-23 08:30:00,0.0,0.0
D1,F6-3-c2048-q0.6,0,8,2021-04-24,96,1.0,True,112.0,107.6953353881836,-4.304664611816406,4.304664611816406,2021-04-24 06:15:00,2021-04-24 06:15:00,0.0,0.0
D1,F6-3-c2048-q0.6,0,8,2021-04-25,96,1.0,True,25.0,70.490966796875,45.490966796875,45.490966796875,2021-04-25 01:30:00,2021-04-25 01:45:00,15.0,15.0
D1,F6-3-c2048-q0.6,0,8,2021-05-03,96,1.0,True,184.0,170.5711669921875,-13.4288330078125,13.4288330078125,2021-05-03 08:30:00,2021-05-03 11:15:00,165.0,165.0
D1,F6-3-c2048-q0.6,0,8,2021-05-04,96,1.0,True,181.0,176.61300659179688,-4.386993408203125,4.386993408203125,2021-05-04 08:30:00,2021-05-04 08:30:00,0.0,0.0
D1,F6-3-c2048-q0.6,0,8,2021-05-05,96,1.0,True,120.0,179.68765258789062,59.687652587890625,59.687652587890625,2021-05-05 04:15:00,2021-05-05 08:30:00,255.0,255.0
D1,F6-3-c2048-q0.6,0,8,2021-05-06,96,1.0,True,199.0,183.93313598632812,-15.066864013671875,15.066864013671875,2021-05-06 09:00:00,2021-05-06 12:00:00,180.0,180.0
D1,F6-3-c2048-q0.6,0,8,2021-05-07,96,1.0,True,181.0,178.74868774414062,-2.251312255859375,2.251312255859375,2021-05-07 09:00:00,2021-05-07 08:30:00,-30.0,30.0
D1,F6-3-c2048-q0.6,0,8,2021-05-08,96,1.0,True,115.0,111.59754943847656,-3.4024505615234375,3.4024505615234375,2021-05-08 02:00:00,2021-05-08 06:15:00,255.0,255.0
D1,F6-3-c2048-q0.6,0,8,2021-05-09,96,1.0,True,184.0,174.39187622070312,-9.608123779296875,9.608123779296875,2021-05-09 09:00:00,2021-05-09 11:00:00,120.0,120.0
D1,F6-3-c2048-q0.6,0,9,2021-04-19,96,1.0,True,172.0,175.373291015625,3.373291015625,3.373291015625,2021-04-19 08:45:00,2021-04-19 13:15:00,270.0,270.0
D1,F6-3-c2048-q0.6,0,9,2021-04-20,96,1.0,True,172.0,167.796875,-4.203125,4.203125,2021-04-20 08:45:00,2021-04-20 12:00:00,195.0,195.0
D1,F6-3-c2048-q0.6,0,9,2021-04-21,96,1.0,True,174.0,176.17428588867188,2.174285888671875,2.174285888671875,2021-04-21 08:30:00,2021-04-21 09:00:00,30.0,30.0
D1,F6-3-c2048-q0.6,0,9,2021-04-22,96,1.0,True,174.0,172.388916015625,-1.611083984375,1.611083984375,2021-04-22 08:30:00,2021-04-22 08:30:00,0.0,0.0
D1,F6-3-c2048-q0.6,0,9,2021-04-23,96,1.0,True,174.0,172.9847412109375,-1.0152587890625,1.0152587890625,2021-04-23 08:30:00,2021-04-23 08:30:00,0.0,0.0
D1,F6-3-c2048-q0.6,0,9,2021-04-24,96,1.0,True,112.0,109.4669189453125,-2.5330810546875,2.5330810546875,2021-04-24 06:15:00,2021-04-24 04:45:00,-90.0,90.0
D1,F6-3-c2048-q0.6,0,9,2021-04-25,96,1.0,True,25.0,67.73895263671875,42.73895263671875,42.73895263671875,2021-04-25 01:30:00,2021-04-25 02:00:00,30.0,30.0
D1,F6-3-c2048-q0.6,0,9,2021-05-03,96,1.0,True,184.0,170.24172973632812,-13.758270263671875,13.758270263671875,2021-05-03 08:30:00,2021-05-03 11:45:00,195.0,195.0
D1,F6-3-c2048-q0.6,0,9,2021-05-04,96,1.0,True,181.0,175.59127807617188,-5.408721923828125,5.408721923828125,2021-05-04 08:30:00,2021-05-04 08:30:00,0.0,0.0
D1,F6-3-c2048-q0.6,0,9,2021-05-05,96,1.0,True,120.0,179.0113525390625,59.0113525390625,59.0113525390625,2021-05-05 04:15:00,2021-05-05 08:30:00,255.0,255.0
D1,F6-3-c2048-q0.6,0,9,2021-05-06,96,1.0,True,199.0,182.51821899414062,-16.481781005859375,16.481781005859375,2021-05-06 09:00:00,2021-05-06 12:00:00,180.0,180.0
D1,F6-3-c2048-q0.6,0,9,2021-05-07,96,1.0,True,181.0,179.48214721679688,-1.517852783203125,1.517852783203125,2021-05-07 09:00:00,2021-05-07 08:30:00,-30.0,30.0
D1,F6-3-c2048-q0.6,0,9,2021-05-08,96,1.0,True,115.0,109.48384094238281,-5.5161590576171875,5.5161590576171875,2021-05-08 02:00:00,2021-05-08 06:15:00,255.0,255.0
D1,F6-3-c2048-q0.6,0,9,2021-05-09,96,1.0,True,184.0,174.37533569335938,-9.624664306640625,9.624664306640625,2021-05-09 09:00:00,2021-05-09 11:00:00,120.0,120.0
D1,F6-3-c2048-q0.6,0,10,2021-04-19,96,1.0,True,172.0,178.7911376953125,6.7911376953125,6.7911376953125,2021-04-19 08:45:00,2021-04-19 13:15:00,270.0,270.0
D1,F6-3-c2048-q0.6,0,10,2021-04-20,96,1.0,True,172.0,166.9551239013672,-5.0448760986328125,5.0448760986328125,2021-04-20 08:45:00,2021-04-20 11:15:00,150.0,150.0
D1,F6-3-c2048-q0.6,0,10,2021-04-21,96,1.0,True,174.0,177.45327758789062,3.453277587890625,3.453277587890625,2021-04-21 08:30:00,2021-04-21 09:00:00,30.0,30.0
D1,F6-3-c2048-q0.6,0,10,2021-04-22,96,1.0,True,174.0,171.51486206054688,-2.485137939453125,2.485137939453125,2021-04-22 08:30:00,2021-04-22 08:30:00,0.0,0.0
D1,F6-3-c2048-q0.6,0,10,2021-04-23,96,1.0,True,174.0,174.98519897460938,0.985198974609375,0.985198974609375,2021-04-23 08:30:00,2021-04-23 08:30:00,0.0,0.0
D1,F6-3-c2048-q0.6,0,10,2021-04-24,96,1.0,True,112.0,112.38511657714844,0.3851165771484375,0.3851165771484375,2021-04-24 06:15:00,2021-04-24 04:45:00,-90.0,90.0
D1,F6-3-c2048-q0.6,0,10,2021-04-25,96,1.0,True,25.0,67.08387756347656,42.08387756347656,42.08387756347656,2021-04-25 01:30:00,2021-04-25 02:15:00,45.0,45.0
D1,F6-3-c2048-q0.6,0,10,2021-05-03,96,1.0,True,184.0,171.71937561035156,-12.280624389648438,12.280624389648438,2021-05-03 08:30:00,2021-05-03 12:00:00,210.0,210.0
D1,F6-3-c2048-q0.6,0,10,2021-05-04,96,1.0,True,181.0,175.30007934570312,-5.699920654296875,5.699920654296875,2021-05-04 08:30:00,2021-05-04 13:15:00,285.0,285.0
D1,F6-3-c2048-q0.6,0,10,2021-05-05,96,1.0,True,120.0,180.44607543945312,60.446075439453125,60.446075439453125,2021-05-05 04:15:00,2021-05-05 08:30:00,255.0,255.0
D1,F6-3-c2048-q0.6,0,10,2021-05-06,96,1.0,True,199.0,182.1064910888672,-16.893508911132812,16.893508911132812,2021-05-06 09:00:00,2021-05-06 13:30:00,270.0,270.0
D1,F6-3-c2048-q0.6,0,10,2021-05-07,96,1.0,True,181.0,178.41659545898438,-2.583404541015625,2.583404541015625,2021-05-07 09:00:00,2021-05-07 08:30:00,-30.0,30.0
D1,F6-3-c2048-q0.6,0,10,2021-05-08,96,1.0,True,115.0,112.21712493896484,-2.7828750610351562,2.7828750610351562,2021-05-08 02:00:00,2021-05-08 06:15:00,255.0,255.0
D1,F6-3-c2048-q0.6,0,10,2021-05-09,96,1.0,True,184.0,174.49029541015625,-9.50970458984375,9.50970458984375,2021-05-09 09:00:00,2021-05-09 11:00:00,120.0,120.0
D1,F6-3-c2048-q0.6,0,11,2021-04-19,96,1.0,True,172.0,176.98646545410156,4.9864654541015625,4.9864654541015625,2021-04-19 08:45:00,2021-04-19 13:15:00,270.0,270.0
D1,F6-3-c2048-q0.6,0,11,2021-04-20,96,1.0,True,172.0,165.8074188232422,-6.1925811767578125,6.1925811767578125,2021-04-20 08:45:00,2021-04-20 12:00:00,195.0,195.0
D1,F6-3-c2048-q0.6,0,11,2021-04-21,96,1.0,True,174.0,176.7986297607422,2.7986297607421875,2.7986297607421875,2021-04-21 08:30:00,2021-04-21 09:00:00,30.0,30.0
D1,F6-3-c2048-q0.6,0,11,2021-04-22,96,1.0,True,174.0,171.011962890625,-2.988037109375,2.988037109375,2021-04-22 08:30:00,2021-04-22 08:30:00,0.0,0.0
D1,F6-3-c2048-q0.6,0,11,2021-04-23,96,1.0,True,174.0,171.60777282714844,-2.3922271728515625,2.3922271728515625,2021-04-23 08:30:00,2021-04-23 08:30:00,0.0,0.0
D1,F6-3-c2048-q0.6,0,11,2021-04-24,96,1.0,True,112.0,111.93299102783203,-0.06700897216796875,0.06700897216796875,2021-04-24 06:15:00,2021-04-24 04:45:00,-90.0,90.0
D1,F6-3-c2048-q0.6,0,11,2021-04-25,96,1.0,True,25.0,67.19586181640625,42.19586181640625,42.19586181640625,2021-04-25 01:30:00,2021-04-25 02:30:00,60.0,60.0
D1,F6-3-c2048-q0.6,0,11,2021-05-03,96,1.0,True,184.0,169.75836181640625,-14.24163818359375,14.24163818359375,2021-05-03 08:30:00,2021-05-03 12:00:00,210.0,210.0
D1,F6-3-c2048-q0.6,0,11,2021-05-04,96,1.0,True,181.0,175.39569091796875,-5.60430908203125,5.60430908203125,2021-05-04 08:30:00,2021-05-04 13:45:00,315.0,315.0
D1,F6-3-c2048-q0.6,0,11,2021-05-05,96,1.0,True,120.0,179.43972778320312,59.439727783203125,59.439727783203125,2021-05-05 04:15:00,2021-05-05 08:30:00,255.0,255.0
D1,F6-3-c2048-q0.6,0,11,2021-05-06,96,1.0,True,199.0,182.4879150390625,-16.5120849609375,16.5120849609375,2021-05-06 09:00:00,2021-05-06 13:45:00,285.0,285.0
D1,F6-3-c2048-q0.6,0,11,2021-05-07,96,1.0,True,181.0,176.79397583007812,-4.206024169921875,4.206024169921875,2021-05-07 09:00:00,2021-05-07 08:30:00,-30.0,30.0
D1,F6-3-c2048-q0.6,0,11,2021-05-08,96,1.0,True,115.0,109.15385437011719,-5.8461456298828125,5.8461456298828125,2021-05-08 02:00:00,2021-05-08 06:15:00,255.0,255.0
D1,F6-3-c2048-q0.6,0,11,2021-05-09,96,1.0,True,184.0,174.37149047851562,-9.628509521484375,9.628509521484375,2021-05-09 09:00:00,2021-05-09 11:15:00,135.0,135.0
D1,F6-3-c2048-q0.6,0,12,2021-04-19,96,1.0,True,172.0,175.2330322265625,3.2330322265625,3.2330322265625,2021-04-19 08:45:00,2021-04-19 13:15:00,270.0,270.0
D1,F6-3-c2048-q0.6,0,12,2021-04-20,96,1.0,True,172.0,166.6558837890625,-5.3441162109375,5.3441162109375,2021-04-20 08:45:00,2021-04-20 08:45:00,0.0,0.0
D1,F6-3-c2048-q0.6,0,12,2021-04-21,96,1.0,True,174.0,176.79730224609375,2.79730224609375,2.79730224609375,2021-04-21 08:30:00,2021-04-21 09:00:00,30.0,30.0
D1,F6-3-c2048-q0.6,0,12,2021-04-22,96,1.0,True,174.0,171.5238037109375,-2.4761962890625,2.4761962890625,2021-04-22 08:30:00,2021-04-22 08:30:00,0.0,0.0
D1,F6-3-c2048-q0.6,0,12,2021-04-23,96,1.0,True,174.0,171.9709930419922,-2.0290069580078125,2.0290069580078125,2021-04-23 08:30:00,2021-04-23 10:45:00,135.0,135.0
D1,F6-3-c2048-q0.6,0,12,2021-04-24,96,1.0,True,112.0,111.43527221679688,-0.564727783203125,0.564727783203125,2021-04-24 06:15:00,2021-04-24 04:45:00,-90.0,90.0
D1,F6-3-c2048-q0.6,0,12,2021-04-25,96,1.0,True,25.0,67.37191009521484,42.371910095214844,42.371910095214844,2021-04-25 01:30:00,2021-04-25 02:45:00,75.0,75.0
D1,F6-3-c2048-q0.6,0,12,2021-05-03,96,1.0,True,184.0,166.00537109375,-17.99462890625,17.99462890625,2021-05-03 08:30:00,2021-05-03 13:45:00,315.0,315.0
D1,F6-3-c2048-q0.6,0,12,2021-05-04,96,1.0,True,181.0,174.97573852539062,-6.024261474609375,6.024261474609375,2021-05-04 08:30:00,2021-05-04 13:30:00,300.0,300.0
D1,F6-3-c2048-q0.6,0,12,2021-05-05,96,1.0,True,120.0,177.27589416503906,57.27589416503906,57.27589416503906,2021-05-05 04:15:00,2021-05-05 08:30:00,255.0,255.0
D1,F6-3-c2048-q0.6,0,12,2021-05-06,96,1.0,True,199.0,180.5426025390625,-18.4573974609375,18.4573974609375,2021-05-06 09:00:00,2021-05-06 13:30:00,270.0,270.0
D1,F6-3-c2048-q0.6,0,12,2021-05-07,96,1.0,True,181.0,174.59019470214844,-6.4098052978515625,6.4098052978515625,2021-05-07 09:00:00,2021-05-07 08:30:00,-30.0,30.0
D1,F6-3-c2048-q0.6,0,12,2021-05-08,96,1.0,True,115.0,108.607666015625,-6.392333984375,6.392333984375,2021-05-08 02:00:00,2021-05-08 06:15:00,255.0,255.0
D1,F6-3-c2048-q0.6,0,12,2021-05-09,96,1.0,True,184.0,172.55174255371094,-11.448257446289062,11.448257446289062,2021-05-09 09:00:00,2021-05-09 11:30:00,150.0,150.0
D1,F6-3-c2048-q0.6,0,13,2021-04-19,96,1.0,True,172.0,173.75469970703125,1.75469970703125,1.75469970703125,2021-04-19 08:45:00,2021-04-19 13:15:00,270.0,270.0
D1,F6-3-c2048-q0.6,0,13,2021-04-20,96,1.0,True,172.0,169.56161499023438,-2.438385009765625,2.438385009765625,2021-04-20 08:45:00,2021-04-20 08:45:00,0.0,0.0
D1,F6-3-c2048-q0.6,0,13,2021-04-21,96,1.0,True,174.0,173.82171630859375,-0.17828369140625,0.17828369140625,2021-04-21 08:30:00,2021-04-21 09:00:00,30.0,30.0
D1,F6-3-c2048-q0.6,0,13,2021-04-22,96,1.0,True,174.0,171.8274383544922,-2.1725616455078125,2.1725616455078125,2021-04-22 08:30:00,2021-04-22 11:00:00,150.0,150.0
D1,F6-3-c2048-q0.6,0,13,2021-04-23,96,1.0,True,174.0,173.06106567382812,-0.938934326171875,0.938934326171875,2021-04-23 08:30:00,2021-04-23 11:00:00,150.0,150.0
D1,F6-3-c2048-q0.6,0,13,2021-04-24,96,1.0,True,112.0,111.14440155029297,-0.8555984497070312,0.8555984497070312,2021-04-24 06:15:00,2021-04-24 04:45:00,-90.0,90.0
D1,F6-3-c2048-q0.6,0,13,2021-04-25,96,1.0,True,25.0,65.05618286132812,40.056182861328125,40.056182861328125,2021-04-25 01:30:00,2021-04-25 03:00:00,90.0,90.0
D1,F6-3-c2048-q0.6,0,13,2021-05-03,96,1.0,True,184.0,165.7528839111328,-18.247116088867188,18.247116088867188,2021-05-03 08:30:00,2021-05-03 12:00:00,210.0,210.0
D1,F6-3-c2048-q0.6,0,13,2021-05-04,96,1.0,True,181.0,175.33250427246094,-5.6674957275390625,5.6674957275390625,2021-05-04 08:30:00,2021-05-04 13:45:00,315.0,315.0
D1,F6-3-c2048-q0.6,0,13,2021-05-05,96,1.0,True,120.0,177.11634826660156,57.11634826660156,57.11634826660156,2021-05-05 04:15:00,2021-05-05 08:30:00,255.0,255.0
D1,F6-3-c2048-q0.6,0,13,2021-05-06,96,1.0,True,199.0,181.5670623779297,-17.432937622070312,17.432937622070312,2021-05-06 09:00:00,2021-05-06 13:45:00,285.0,285.0
D1,F6-3-c2048-q0.6,0,13,2021-05-07,96,1.0,True,181.0,174.84432983398438,-6.155670166015625,6.155670166015625,2021-05-07 09:00:00,2021-05-07 08:30:00,-30.0,30.0
D1,F6-3-c2048-q0.6,0,13,2021-05-08,96,1.0,True,115.0,110.37504577636719,-4.6249542236328125,4.6249542236328125,2021-05-08 02:00:00,2021-05-08 06:15:00,255.0,255.0
D1,F6-3-c2048-q0.6,0,13,2021-05-09,96,1.0,True,184.0,173.67892456054688,-10.321075439453125,10.321075439453125,2021-05-09 09:00:00,2021-05-09 11:45:00,165.0,165.0
D1,F6-3-c2048-q0.6,0,14,2021-04-19,96,1.0,True,172.0,174.67282104492188,2.672821044921875,2.672821044921875,2021-04-19 08:45:00,2021-04-19 13:15:00,270.0,270.0
D1,F6-3-c2048-q0.6,0,14,2021-04-20,96,1.0,True,172.0,171.11062622070312,-0.889373779296875,0.889373779296875,2021-04-20 08:45:00,2021-04-20 09:00:00,15.0,15.0
D1,F6-3-c2048-q0.6,0,14,2021-04-21,96,1.0,True,174.0,175.0418243408203,1.0418243408203125,1.0418243408203125,2021-04-21 08:30:00,2021-04-21 12:00:00,210.0,210.0
D1,F6-3-c2048-q0.6,0,14,2021-04-22,96,1.0,True,174.0,171.54449462890625,-2.45550537109375,2.45550537109375,2021-04-22 08:30:00,2021-04-22 10:45:00,135.0,135.0
D1,F6-3-c2048-q0.6,0,14,2021-04-23,96,1.0,True,174.0,171.85598754882812,-2.144012451171875,2.144012451171875,2021-04-23 08:30:00,2021-04-23 10:30:00,120.0,120.0
D1,F6-3-c2048-q0.6,0,14,2021-04-24,96,1.0,True,112.0,110.80241394042969,-1.1975860595703125,1.1975860595703125,2021-04-24 06:15:00,2021-04-24 04:45:00,-90.0,90.0
D1,F6-3-c2048-q0.6,0,14,2021-04-25,96,1.0,True,25.0,59.247840881347656,34.247840881347656,34.247840881347656,2021-04-25 01:30:00,2021-04-25 03:15:00,105.0,105.0
D1,F6-3-c2048-q0.6,0,14,2021-05-03,96,1.0,True,184.0,166.21487426757812,-17.785125732421875,17.785125732421875,2021-05-03 08:30:00,2021-05-03 12:00:00,210.0,210.0
D1,F6-3-c2048-q0.6,0,14,2021-05-04,96,1.0,True,181.0,175.8802490234375,-5.1197509765625,5.1197509765625,2021-05-04 08:30:00,2021-05-04 13:15:00,285.0,285.0
D1,F6-3-c2048-q0.6,0,14,2021-05-05,96,1.0,True,120.0,178.57958984375,58.57958984375,58.57958984375,2021-05-05 04:15:00,2021-05-05 08:30:00,255.0,255.0
D1,F6-3-c2048-q0.6,0,14,2021-05-06,96,1.0,True,199.0,182.0052490234375,-16.9947509765625,16.9947509765625,2021-05-06 09:00:00,2021-05-06 13:30:00,270.0,270.0
D1,F6-3-c2048-q0.6,0,14,2021-05-07,96,1.0,True,181.0,176.4696502685547,-4.5303497314453125,4.5303497314453125,2021-05-07 09:00:00,2021-05-07 08:30:00,-30.0,30.0
D1,F6-3-c2048-q0.6,0,14,2021-05-08,96,1.0,True,115.0,108.91041564941406,-6.0895843505859375,6.0895843505859375,2021-05-08 02:00:00,2021-05-08 06:30:00,270.0,270.0
D1,F6-3-c2048-q0.6,0,14,2021-05-09,96,1.0,True,184.0,171.73252868652344,-12.267471313476562,12.267471313476562,2021-05-09 09:00:00,2021-05-09 12:00:00,180.0,180.0
D1,F6-3-c2048-q0.6,0,15,2021-04-19,96,1.0,True,172.0,171.20541381835938,-0.794586181640625,0.794586181640625,2021-04-19 08:45:00,2021-04-19 13:15:00,270.0,270.0
D1,F6-3-c2048-q0.6,0,15,2021-04-20,96,1.0,True,172.0,170.2201385498047,-1.7798614501953125,1.7798614501953125,2021-04-20 08:45:00,2021-04-20 09:00:00,15.0,15.0
D1,F6-3-c2048-q0.6,0,15,2021-04-21,96,1.0,True,174.0,174.58522033691406,0.5852203369140625,0.5852203369140625,2021-04-21 08:30:00,2021-04-21 12:00:00,210.0,210.0
D1,F6-3-c2048-q0.6,0,15,2021-04-22,96,1.0,True,174.0,170.24945068359375,-3.75054931640625,3.75054931640625,2021-04-22 08:30:00,2021-04-22 10:30:00,120.0,120.0
D1,F6-3-c2048-q0.6,0,15,2021-04-23,96,1.0,True,174.0,171.58383178710938,-2.416168212890625,2.416168212890625,2021-04-23 08:30:00,2021-04-23 10:30:00,120.0,120.0
D1,F6-3-c2048-q0.6,0,15,2021-04-24,96,1.0,True,112.0,110.55509948730469,-1.4449005126953125,1.4449005126953125,2021-04-24 06:15:00,2021-04-24 04:45:00,-90.0,90.0
D1,F6-3-c2048-q0.6,0,15,2021-04-25,96,1.0,True,25.0,63.42247772216797,38.42247772216797,38.42247772216797,2021-04-25 01:30:00,2021-04-25 03:30:00,120.0,120.0
D1,F6-3-c2048-q0.6,0,15,2021-05-03,96,1.0,True,184.0,165.61550903320312,-18.384490966796875,18.384490966796875,2021-05-03 08:30:00,2021-05-03 12:00:00,210.0,210.0
D1,F6-3-c2048-q0.6,0,15,2021-05-04,96,1.0,True,181.0,175.56292724609375,-5.43707275390625,5.43707275390625,2021-05-04 08:30:00,2021-05-04 08:30:00,0.0,0.0
D1,F6-3-c2048-q0.6,0,15,2021-05-05,96,1.0,True,120.0,180.02113342285156,60.02113342285156,60.02113342285156,2021-05-05 04:15:00,2021-05-05 08:30:00,255.0,255.0
D1,F6-3-c2048-q0.6,0,15,2021-05-06,96,1.0,True,199.0,182.15452575683594,-16.845474243164062,16.845474243164062,2021-05-06 09:00:00,2021-05-06 13:45:00,285.0,285.0
D1,F6-3-c2048-q0.6,0,15,2021-05-07,96,1.0,True,181.0,177.32376098632812,-3.676239013671875,3.676239013671875,2021-05-07 09:00:00,2021-05-07 08:30:00,-30.0,30.0
D1,F6-3-c2048-q0.6,0,15,2021-05-08,96,1.0,True,115.0,108.39608764648438,-6.603912353515625,6.603912353515625,2021-05-08 02:00:00,2021-05-08 06:15:00,255.0,255.0
D1,F6-3-c2048-q0.6,0,15,2021-05-09,96,1.0,True,184.0,164.9475555419922,-19.052444458007812,19.052444458007812,2021-05-09 09:00:00,2021-05-09 11:45:00,165.0,165.0
D1,F6-3-c2048-q0.6,0,16,2021-04-19,96,1.0,True,172.0,175.06809997558594,3.0680999755859375,3.0680999755859375,2021-04-19 08:45:00,2021-04-19 13:15:00,270.0,270.0
D1,F6-3-c2048-q0.6,0,16,2021-04-20,96,1.0,True,172.0,168.21578979492188,-3.784210205078125,3.784210205078125,2021-04-20 08:45:00,2021-04-20 11:45:00,180.0,180.0
D1,F6-3-c2048-q0.6,0,16,2021-04-21,96,1.0,True,174.0,174.06072998046875,0.06072998046875,0.06072998046875,2021-04-21 08:30:00,2021-04-21 12:00:00,210.0,210.0
D1,F6-3-c2048-q0.6,0,16,2021-04-22,96,1.0,True,174.0,173.18875122070312,-0.811248779296875,0.811248779296875,2021-04-22 08:30:00,2021-04-22 10:30:00,120.0,120.0
D1,F6-3-c2048-q0.6,0,16,2021-04-23,96,1.0,True,174.0,174.53482055664062,0.534820556640625,0.534820556640625,2021-04-23 08:30:00,2021-04-23 10:30:00,120.0,120.0
D1,F6-3-c2048-q0.6,0,16,2021-04-24,96,1.0,True,112.0,113.227294921875,1.227294921875,1.227294921875,2021-04-24 06:15:00,2021-04-24 04:45:00,-90.0,90.0
D1,F6-3-c2048-q0.6,0,16,2021-04-25,96,1.0,True,25.0,63.306663513183594,38.306663513183594,38.306663513183594,2021-04-25 01:30:00,2021-04-25 03:45:00,135.0,135.0
D1,F6-3-c2048-q0.6,0,16,2021-05-03,96,1.0,True,184.0,167.2732391357422,-16.726760864257812,16.726760864257812,2021-05-03 08:30:00,2021-05-03 13:30:00,300.0,300.0
D1,F6-3-c2048-q0.6,0,16,2021-05-04,96,1.0,True,181.0,176.4803009033203,-4.5196990966796875,4.5196990966796875,2021-05-04 08:30:00,2021-05-04 13:15:00,285.0,285.0
D1,F6-3-c2048-q0.6,0,16,2021-05-05,96,1.0,True,120.0,180.204345703125,60.204345703125,60.204345703125,2021-05-05 04:15:00,2021-05-05 08:30:00,255.0,255.0
D1,F6-3-c2048-q0.6,0,16,2021-05-06,96,1.0,True,199.0,179.44784545898438,-19.552154541015625,19.552154541015625,2021-05-06 09:00:00,2021-05-06 14:00:00,300.0,300.0
D1,F6-3-c2048-q0.6,0,16,2021-05-07,96,1.0,True,181.0,176.68380737304688,-4.316192626953125,4.316192626953125,2021-05-07 09:00:00,2021-05-07 08:30:00,-30.0,30.0
D1,F6-3-c2048-q0.6,0,16,2021-05-08,96,1.0,True,115.0,109.98963928222656,-5.0103607177734375,5.0103607177734375,2021-05-08 02:00:00,2021-05-08 06:15:00,255.0,255.0
D1,F6-3-c2048-q0.6,0,16,2021-05-09,96,1.0,True,184.0,161.08395385742188,-22.916046142578125,22.916046142578125,2021-05-09 09:00:00,2021-05-09 15:45:00,405.0,405.0
D1,F6-3-c2048-q0.6,1,4,2021-05-31,96,1.0,True,172.0,170.915283203125,-1.084716796875,1.084716796875,2021-05-31 10:30:00,2021-05-31 12:00:00,90.0,90.0
D1,F6-3-c2048-q0.6,1,4,2021-06-01,96,1.0,True,195.0,178.08206176757812,-16.917938232421875,16.917938232421875,2021-06-01 09:00:00,2021-06-01 12:00:00,180.0,180.0
D1,F6-3-c2048-q0.6,1,4,2021-06-02,96,1.0,True,191.0,176.2588348388672,-14.741165161132812,14.741165161132812,2021-06-02 10:45:00,2021-06-02 11:45:00,60.0,60.0
D1,F6-3-c2048-q0.6,1,4,2021-06-03,96,1.0,True,181.0,179.10009765625,-1.89990234375,1.89990234375,2021-06-03 08:30:00,2021-06-03 08:30:00,0.0,0.0
D1,F6-3-c2048-q0.6,1,4,2021-06-04,96,1.0,True,173.0,174.59681701660156,1.5968170166015625,1.5968170166015625,2021-06-04 10:45:00,2021-06-04 08:30:00,-135.0,135.0
D1,F6-3-c2048-q0.6,1,4,2021-06-05,96,1.0,True,116.0,112.64898681640625,-3.35101318359375,3.35101318359375,2021-06-05 01:45:00,2021-06-05 06:15:00,270.0,270.0
D1,F6-3-c2048-q0.6,1,4,2021-06-06,96,1.0,True,27.0,23.939449310302734,-3.0605506896972656,3.0605506896972656,2021-06-06 01:30:00,2021-06-06 04:45:00,195.0,195.0
D1,F6-3-c2048-q0.6,1,4,2021-06-14,96,1.0,True,204.0,184.324462890625,-19.675537109375,19.675537109375,2021-06-14 09:00:00,2021-06-14 15:00:00,360.0,360.0
D1,F6-3-c2048-q0.6,1,4,2021-06-15,96,1.0,True,198.0,188.55862426757812,-9.441375732421875,9.441375732421875,2021-06-15 08:45:00,2021-06-15 09:45:00,60.0,60.0
D1,F6-3-c2048-q0.6,1,4,2021-06-16,96,1.0,True,193.0,185.26129150390625,-7.73870849609375,7.73870849609375,2021-06-16 10:45:00,2021-06-16 09:00:00,-105.0,105.0
D1,F6-3-c2048-q0.6,1,4,2021-06-17,96,1.0,True,197.0,189.86993408203125,-7.13006591796875,7.13006591796875,2021-06-17 08:45:00,2021-06-17 10:00:00,75.0,75.0
D1,F6-3-c2048-q0.6,1,4,2021-06-18,96,1.0,True,186.0,186.34765625,0.34765625,0.34765625,2021-06-18 10:00:00,2021-06-18 08:30:00,-90.0,90.0
D1,F6-3-c2048-q0.6,1,4,2021-06-19,96,1.0,True,119.0,118.18559265136719,-0.8144073486328125,0.8144073486328125,2021-06-19 02:15:00,2021-06-19 03:30:00,75.0,75.0
D1,F6-3-c2048-q0.6,1,4,2021-06-20,96,1.0,True,28.0,25.02422332763672,-2.9757766723632812,2.9757766723632812,2021-06-20 15:15:00,2021-06-20 06:15:00,-540.0,540.0
D1,F6-3-c2048-q0.6,1,5,2021-05-31,96,1.0,True,172.0,172.13819885253906,0.1381988525390625,0.1381988525390625,2021-05-31 10:30:00,2021-05-31 09:00:00,-90.0,90.0
D1,F6-3-c2048-q0.6,1,5,2021-06-01,96,1.0,True,195.0,175.42889404296875,-19.57110595703125,19.57110595703125,2021-06-01 09:00:00,2021-06-01 11:45:00,165.0,165.0
D1,F6-3-c2048-q0.6,1,5,2021-06-02,96,1.0,True,191.0,173.58546447753906,-17.414535522460938,17.414535522460938,2021-06-02 10:45:00,2021-06-02 09:00:00,-105.0,105.0
D1,F6-3-c2048-q0.6,1,5,2021-06-03,96,1.0,True,181.0,178.6610870361328,-2.3389129638671875,2.3389129638671875,2021-06-03 08:30:00,2021-06-03 08:30:00,0.0,0.0
D1,F6-3-c2048-q0.6,1,5,2021-06-04,96,1.0,True,173.0,173.60101318359375,0.60101318359375,0.60101318359375,2021-06-04 10:45:00,2021-06-04 08:30:00,-135.0,135.0
D1,F6-3-c2048-q0.6,1,5,2021-06-05,96,1.0,True,116.0,110.96644592285156,-5.0335540771484375,5.0335540771484375,2021-06-05 01:45:00,2021-06-05 06:15:00,270.0,270.0
D1,F6-3-c2048-q0.6,1,5,2021-06-06,96,1.0,True,27.0,23.63294219970703,-3.3670578002929688,3.3670578002929688,2021-06-06 01:30:00,2021-06-06 04:30:00,180.0,180.0
D1,F6-3-c2048-q0.6,1,5,2021-06-14,96,1.0,True,204.0,182.36151123046875,-21.63848876953125,21.63848876953125,2021-06-14 09:00:00,2021-06-14 15:00:00,360.0,360.0
D1,F6-3-c2048-q0.6,1,5,2021-06-15,96,1.0,True,198.0,189.455322265625,-8.544677734375,8.544677734375,2021-06-15 08:45:00,2021-06-15 10:45:00,120.0,120.0
D1,F6-3-c2048-q0.6,1,5,2021-06-16,96,1.0,True,193.0,182.31912231445312,-10.680877685546875,10.680877685546875,2021-06-16 10:45:00,2021-06-16 09:45:00,-60.0,60.0
D1,F6-3-c2048-q0.6,1,5,2021-06-17,96,1.0,True,197.0,186.86465454101562,-10.135345458984375,10.135345458984375,2021-06-17 08:45:00,2021-06-17 10:00:00,75.0,75.0
D1,F6-3-c2048-q0.6,1,5,2021-06-18,96,1.0,True,186.0,184.9967041015625,-1.0032958984375,1.0032958984375,2021-06-18 10:00:00,2021-06-18 08:45:00,-75.0,75.0
D1,F6-3-c2048-q0.6,1,5,2021-06-19,96,1.0,True,119.0,118.16287994384766,-0.8371200561523438,0.8371200561523438,2021-06-19 02:15:00,2021-06-19 03:45:00,90.0,90.0
D1,F6-3-c2048-q0.6,1,5,2021-06-20,96,1.0,True,28.0,24.673248291015625,-3.326751708984375,3.326751708984375,2021-06-20 15:15:00,2021-06-20 06:30:00,-525.0,525.0
D1,F6-3-c2048-q0.6,1,6,2021-05-31,96,1.0,True,172.0,171.13363647460938,-0.866363525390625,0.866363525390625,2021-05-31 10:30:00,2021-05-31 09:00:00,-90.0,90.0
D1,F6-3-c2048-q0.6,1,6,2021-06-01,96,1.0,True,195.0,175.8347930908203,-19.165206909179688,19.165206909179688,2021-06-01 09:00:00,2021-06-01 13:15:00,255.0,255.0
D1,F6-3-c2048-q0.6,1,6,2021-06-02,96,1.0,True,191.0,174.04904174804688,-16.950958251953125,16.950958251953125,2021-06-02 10:45:00,2021-06-02 11:00:00,15.0,15.0
D1,F6-3-c2048-q0.6,1,6,2021-06-03,96,1.0,True,181.0,179.828125,-1.171875,1.171875,2021-06-03 08:30:00,2021-06-03 08:30:00,0.0,0.0
D1,F6-3-c2048-q0.6,1,6,2021-06-04,96,1.0,True,173.0,172.06143188476562,-0.938568115234375,0.938568115234375,2021-06-04 10:45:00,2021-06-04 08:30:00,-135.0,135.0
D1,F6-3-c2048-q0.6,1,6,2021-06-05,96,1.0,True,116.0,111.15264892578125,-4.84735107421875,4.84735107421875,2021-06-05 01:45:00,2021-06-05 06:15:00,270.0,270.0
D1,F6-3-c2048-q0.6,1,6,2021-06-06,96,1.0,True,27.0,23.970943450927734,-3.0290565490722656,3.0290565490722656,2021-06-06 01:30:00,2021-06-06 03:45:00,135.0,135.0
D1,F6-3-c2048-q0.6,1,6,2021-06-14,96,1.0,True,204.0,180.4268341064453,-23.573165893554688,23.573165893554688,2021-06-14 09:00:00,2021-06-14 15:45:00,405.0,405.0
D1,F6-3-c2048-q0.6,1,6,2021-06-15,96,1.0,True,198.0,188.87384033203125,-9.12615966796875,9.12615966796875,2021-06-15 08:45:00,2021-06-15 11:00:00,135.0,135.0
D1,F6-3-c2048-q0.6,1,6,2021-06-16,96,1.0,True,193.0,182.36105346679688,-10.638946533203125,10.638946533203125,2021-06-16 10:45:00,2021-06-16 08:30:00,-135.0,135.0
D1,F6-3-c2048-q0.6,1,6,2021-06-17,96,1.0,True,197.0,189.54380798339844,-7.4561920166015625,7.4561920166015625,2021-06-17 08:45:00,2021-06-17 10:45:00,120.0,120.0
D1,F6-3-c2048-q0.6,1,6,2021-06-18,96,1.0,True,186.0,185.4999237060547,-0.5000762939453125,0.5000762939453125,2021-06-18 10:00:00,2021-06-18 08:30:00,-90.0,90.0
D1,F6-3-c2048-q0.6,1,6,2021-06-19,96,1.0,True,119.0,117.92111206054688,-1.078887939453125,1.078887939453125,2021-06-19 02:15:00,2021-06-19 03:45:00,90.0,90.0
D1,F6-3-c2048-q0.6,1,6,2021-06-20,96,1.0,True,28.0,24.916412353515625,-3.083587646484375,3.083587646484375,2021-06-20 15:15:00,2021-06-20 06:45:00,-510.0,510.0
D1,F6-3-c2048-q0.6,1,7,2021-05-31,96,1.0,True,172.0,172.41891479492188,0.418914794921875,0.418914794921875,2021-05-31 10:30:00,2021-05-31 09:00:00,-90.0,90.0
D1,F6-3-c2048-q0.6,1,7,2021-06-01,96,1.0,True,195.0,176.55609130859375,-18.44390869140625,18.44390869140625,2021-06-01 09:00:00,2021-06-01 13:15:00,255.0,255.0
D1,F6-3-c2048-q0.6,1,7,2021-06-02,96,1.0,True,191.0,173.13522338867188,-17.864776611328125,17.864776611328125,2021-06-02 10:45:00,2021-06-02 11:00:00,15.0,15.0
D1,F6-3-c2048-q0.6,1,7,2021-06-03,96,1.0,True,181.0,178.4666748046875,-2.5333251953125,2.5333251953125,2021-06-03 08:30:00,2021-06-03 11:00:00,150.0,150.0
D1,F6-3-c2048-q0.6,1,7,2021-06-04,96,1.0,True,173.0,170.42819213867188,-2.571807861328125,2.571807861328125,2021-06-04 10:45:00,2021-06-04 08:30:00,-135.0,135.0
D1,F6-3-c2048-q0.6,1,7,2021-06-05,96,1.0,True,116.0,110.00569915771484,-5.994300842285156,5.994300842285156,2021-06-05 01:45:00,2021-06-05 06:15:00,270.0,270.0
D1,F6-3-c2048-q0.6,1,7,2021-06-06,96,1.0,True,27.0,24.20077896118164,-2.7992210388183594,2.7992210388183594,2021-06-06 01:30:00,2021-06-06 04:00:00,150.0,150.0
D1,F6-3-c2048-q0.6,1,7,2021-06-14,96,1.0,True,204.0,179.02931213378906,-24.970687866210938,24.970687866210938,2021-06-14 09:00:00,2021-06-14 16:00:00,420.0,420.0
D1,F6-3-c2048-q0.6,1,7,2021-06-15,96,1.0,True,198.0,189.7708740234375,-8.2291259765625,8.2291259765625,2021-06-15 08:45:00,2021-06-15 10:30:00,105.0,105.0
D1,F6-3-c2048-q0.6,1,7,2021-06-16,96,1.0,True,193.0,183.20028686523438,-9.799713134765625,9.799713134765625,2021-06-16 10:45:00,2021-06-16 08:30:00,-135.0,135.0
D1,F6-3-c2048-q0.6,1,7,2021-06-17,96,1.0,True,197.0,186.83154296875,-10.16845703125,10.16845703125,2021-06-17 08:45:00,2021-06-17 10:45:00,120.0,120.0
D1,F6-3-c2048-q0.6,1,7,2021-06-18,96,1.0,True,186.0,185.81222534179688,-0.187774658203125,0.187774658203125,2021-06-18 10:00:00,2021-06-18 08:30:00,-90.0,90.0
D1,F6-3-c2048-q0.6,1,7,2021-06-19,96,1.0,True,119.0,116.81104278564453,-2.1889572143554688,2.1889572143554688,2021-06-19 02:15:00,2021-06-19 03:45:00,90.0,90.0
D1,F6-3-c2048-q0.6,1,7,2021-06-20,96,1.0,True,28.0,24.902938842773438,-3.0970611572265625,3.0970611572265625,2021-06-20 15:15:00,2021-06-20 07:00:00,-495.0,495.0
D1,F6-3-c2048-q0.6,1,8,2021-05-31,96,1.0,True,172.0,173.2786102294922,1.2786102294921875,1.2786102294921875,2021-05-31 10:30:00,2021-05-31 09:00:00,-90.0,90.0
D1,F6-3-c2048-q0.6,1,8,2021-06-01,96,1.0,True,195.0,178.64947509765625,-16.35052490234375,16.35052490234375,2021-06-01 09:00:00,2021-06-01 13:30:00,270.0,270.0
D1,F6-3-c2048-q0.6,1,8,2021-06-02,96,1.0,True,191.0,174.79843139648438,-16.201568603515625,16.201568603515625,2021-06-02 10:45:00,2021-06-02 11:30:00,45.0,45.0
D1,F6-3-c2048-q0.6,1,8,2021-06-03,96,1.0,True,181.0,180.32598876953125,-0.67401123046875,0.67401123046875,2021-06-03 08:30:00,2021-06-03 09:00:00,30.0,30.0
D1,F6-3-c2048-q0.6,1,8,2021-06-04,96,1.0,True,173.0,173.97296142578125,0.97296142578125,0.97296142578125,2021-06-04 10:45:00,2021-06-04 08:30:00,-135.0,135.0
D1,F6-3-c2048-q0.6,1,8,2021-06-05,96,1.0,True,116.0,110.23951721191406,-5.7604827880859375,5.7604827880859375,2021-06-05 01:45:00,2021-06-05 06:15:00,270.0,270.0
D1,F6-3-c2048-q0.6,1,8,2021-06-06,96,1.0,True,27.0,24.29186248779297,-2.7081375122070312,2.7081375122070312,2021-06-06 01:30:00,2021-06-06 04:15:00,165.0,165.0
D1,F6-3-c2048-q0.6,1,8,2021-06-14,96,1.0,True,204.0,180.53228759765625,-23.46771240234375,23.46771240234375,2021-06-14 09:00:00,2021-06-14 11:00:00,120.0,120.0
D1,F6-3-c2048-q0.6,1,8,2021-06-15,96,1.0,True,198.0,192.73233032226562,-5.267669677734375,5.267669677734375,2021-06-15 08:45:00,2021-06-15 10:45:00,120.0,120.0
D1,F6-3-c2048-q0.6,1,8,2021-06-16,96,1.0,True,193.0,185.40621948242188,-7.593780517578125,7.593780517578125,2021-06-16 10:45:00,2021-06-16 08:30:00,-135.0,135.0
D1,F6-3-c2048-q0.6,1,8,2021-06-17,96,1.0,True,197.0,188.0447998046875,-8.9552001953125,8.9552001953125,2021-06-17 08:45:00,2021-06-17 10:45:00,120.0,120.0
D1,F6-3-c2048-q0.6,1,8,2021-06-18,96,1.0,True,186.0,187.26788330078125,1.26788330078125,1.26788330078125,2021-06-18 10:00:00,2021-06-18 08:30:00,-90.0,90.0
D1,F6-3-c2048-q0.6,1,8,2021-06-19,96,1.0,True,119.0,115.6723861694336,-3.3276138305664062,3.3276138305664062,2021-06-19 02:15:00,2021-06-19 03:45:00,90.0,90.0
D1,F6-3-c2048-q0.6,1,8,2021-06-20,96,1.0,True,28.0,24.69481658935547,-3.3051834106445312,3.3051834106445312,2021-06-20 15:15:00,2021-06-20 07:15:00,-480.0,480.0
D1,F6-3-c2048-q0.6,1,9,2021-05-31,96,1.0,True,172.0,174.47988891601562,2.479888916015625,2.479888916015625,2021-05-31 10:30:00,2021-05-31 09:00:00,-90.0,90.0
D1,F6-3-c2048-q0.6,1,9,2021-06-01,96,1.0,True,195.0,177.46826171875,-17.53173828125,17.53173828125,2021-06-01 09:00:00,2021-06-01 13:30:00,270.0,270.0
D1,F6-3-c2048-q0.6,1,9,2021-06-02,96,1.0,True,191.0,175.16444396972656,-15.835556030273438,15.835556030273438,2021-06-02 10:45:00,2021-06-02 13:30:00,165.0,165.0
D1,F6-3-c2048-q0.6,1,9,2021-06-03,96,1.0,True,181.0,180.5417938232422,-0.4582061767578125,0.4582061767578125,2021-06-03 08:30:00,2021-06-03 11:00:00,150.0,150.0
D1,F6-3-c2048-q0.6,1,9,2021-06-04,96,1.0,True,173.0,174.23870849609375,1.23870849609375,1.23870849609375,2021-06-04 10:45:00,2021-06-04 08:30:00,-135.0,135.0
D1,F6-3-c2048-q0.6,1,9,2021-06-05,96,1.0,True,116.0,109.34613800048828,-6.653861999511719,6.653861999511719,2021-06-05 01:45:00,2021-06-05 06:15:00,270.0,270.0
D1,F6-3-c2048-q0.6,1,9,2021-06-06,96,1.0,True,27.0,23.956684112548828,-3.043315887451172,3.043315887451172,2021-06-06 01:30:00,2021-06-06 04:30:00,180.0,180.0
D1,F6-3-c2048-q0.6,1,9,2021-06-14,96,1.0,True,204.0,179.0035400390625,-24.9964599609375,24.9964599609375,2021-06-14 09:00:00,2021-06-14 11:15:00,135.0,135.0
D1,F6-3-c2048-q0.6,1,9,2021-06-15,96,1.0,True,198.0,191.24676513671875,-6.75323486328125,6.75323486328125,2021-06-15 08:45:00,2021-06-15 11:00:00,135.0,135.0
D1,F6-3-c2048-q0.6,1,9,2021-06-16,96,1.0,True,193.0,183.514892578125,-9.485107421875,9.485107421875,2021-06-16 10:45:00,2021-06-16 10:45:00,0.0,0.0
D1,F6-3-c2048-q0.6,1,9,2021-06-17,96,1.0,True,197.0,186.0989990234375,-10.9010009765625,10.9010009765625,2021-06-17 08:45:00,2021-06-17 10:45:00,120.0,120.0
D1,F6-3-c2048-q0.6,1,9,2021-06-18,96,1.0,True,186.0,186.92005920410156,0.9200592041015625,0.9200592041015625,2021-06-18 10:00:00,2021-06-18 08:30:00,-90.0,90.0
D1,F6-3-c2048-q0.6,1,9,2021-06-19,96,1.0,True,119.0,115.87747192382812,-3.122528076171875,3.122528076171875,2021-06-19 02:15:00,2021-06-19 04:45:00,150.0,150.0
D1,F6-3-c2048-q0.6,1,9,2021-06-20,96,1.0,True,28.0,24.31061553955078,-3.6893844604492188,3.6893844604492188,2021-06-20 15:15:00,2021-06-20 07:30:00,-465.0,465.0
D1,F6-3-c2048-q0.6,1,10,2021-05-31,96,1.0,True,172.0,175.9862060546875,3.9862060546875,3.9862060546875,2021-05-31 10:30:00,2021-05-31 09:00:00,-90.0,90.0
D1,F6-3-c2048-q0.6,1,10,2021-06-01,96,1.0,True,195.0,177.38450622558594,-17.615493774414062,17.615493774414062,2021-06-01 09:00:00,2021-06-01 13:45:00,285.0,285.0
D1,F6-3-c2048-q0.6,1,10,2021-06-02,96,1.0,True,191.0,176.69900512695312,-14.300994873046875,14.300994873046875,2021-06-02 10:45:00,2021-06-02 13:30:00,165.0,165.0
D1,F6-3-c2048-q0.6,1,10,2021-06-03,96,1.0,True,181.0,181.00192260742188,0.001922607421875,0.001922607421875,2021-06-03 08:30:00,2021-06-03 11:00:00,150.0,150.0
D1,F6-3-c2048-q0.6,1,10,2021-06-04,96,1.0,True,173.0,174.19686889648438,1.196868896484375,1.196868896484375,2021-06-04 10:45:00,2021-06-04 08:30:00,-135.0,135.0
D1,F6-3-c2048-q0.6,1,10,2021-06-05,96,1.0,True,116.0,110.43437957763672,-5.565620422363281,5.565620422363281,2021-06-05 01:45:00,2021-06-05 06:15:00,270.0,270.0
D1,F6-3-c2048-q0.6,1,10,2021-06-06,96,1.0,True,27.0,24.138225555419922,-2.861774444580078,2.861774444580078,2021-06-06 01:30:00,2021-06-06 04:00:00,150.0,150.0
D1,F6-3-c2048-q0.6,1,10,2021-06-14,96,1.0,True,204.0,178.187255859375,-25.812744140625,25.812744140625,2021-06-14 09:00:00,2021-06-14 09:00:00,0.0,0.0
D1,F6-3-c2048-q0.6,1,10,2021-06-15,96,1.0,True,198.0,190.6691436767578,-7.3308563232421875,7.3308563232421875,2021-06-15 08:45:00,2021-06-15 11:15:00,150.0,150.0
D1,F6-3-c2048-q0.6,1,10,2021-06-16,96,1.0,True,193.0,183.55238342285156,-9.447616577148438,9.447616577148438,2021-06-16 10:45:00,2021-06-16 10:45:00,0.0,0.0
D1,F6-3-c2048-q0.6,1,10,2021-06-17,96,1.0,True,197.0,186.49790954589844,-10.502090454101562,10.502090454101562,2021-06-17 08:45:00,2021-06-17 10:45:00,120.0,120.0
D1,F6-3-c2048-q0.6,1,10,2021-06-18,96,1.0,True,186.0,186.23641967773438,0.236419677734375,0.236419677734375,2021-06-18 10:00:00,2021-06-18 08:30:00,-90.0,90.0
D1,F6-3-c2048-q0.6,1,10,2021-06-19,96,1.0,True,119.0,115.54113006591797,-3.4588699340820312,3.4588699340820312,2021-06-19 02:15:00,2021-06-19 04:45:00,150.0,150.0
D1,F6-3-c2048-q0.6,1,10,2021-06-20,96,1.0,True,28.0,24.31566619873047,-3.6843338012695312,3.6843338012695312,2021-06-20 15:15:00,2021-06-20 07:45:00,-450.0,450.0
D1,F6-3-c2048-q0.6,1,11,2021-05-31,96,1.0,True,172.0,177.69308471679688,5.693084716796875,5.693084716796875,2021-05-31 10:30:00,2021-05-31 09:00:00,-90.0,90.0
D1,F6-3-c2048-q0.6,1,11,2021-06-01,96,1.0,True,195.0,176.67327880859375,-18.32672119140625,18.32672119140625,2021-06-01 09:00:00,2021-06-01 13:45:00,285.0,285.0
D1,F6-3-c2048-q0.6,1,11,2021-06-02,96,1.0,True,191.0,175.2621307373047,-15.737869262695312,15.737869262695312,2021-06-02 10:45:00,2021-06-02 13:30:00,165.0,165.0
D1,F6-3-c2048-q0.6,1,11,2021-06-03,96,1.0,True,181.0,179.2642059326172,-1.7357940673828125,1.7357940673828125,2021-06-03 08:30:00,2021-06-03 10:45:00,135.0,135.0
D1,F6-3-c2048-q0.6,1,11,2021-06-04,96,1.0,True,173.0,173.0411376953125,0.0411376953125,0.0411376953125,2021-06-04 10:45:00,2021-06-04 08:30:00,-135.0,135.0
D1,F6-3-c2048-q0.6,1,11,2021-06-05,96,1.0,True,116.0,108.62844848632812,-7.371551513671875,7.371551513671875,2021-06-05 01:45:00,2021-06-05 06:15:00,270.0,270.0
D1,F6-3-c2048-q0.6,1,11,2021-06-06,96,1.0,True,27.0,24.581256866455078,-2.418743133544922,2.418743133544922,2021-06-06 01:30:00,2021-06-06 04:15:00,165.0,165.0
D1,F6-3-c2048-q0.6,1,11,2021-06-14,96,1.0,True,204.0,179.6290740966797,-24.370925903320312,24.370925903320312,2021-06-14 09:00:00,2021-06-14 09:00:00,0.0,0.0
D1,F6-3-c2048-q0.6,1,11,2021-06-15,96,1.0,True,198.0,189.16744995117188,-8.832550048828125,8.832550048828125,2021-06-15 08:45:00,2021-06-15 11:30:00,165.0,165.0
D1,F6-3-c2048-q0.6,1,11,2021-06-16,96,1.0,True,193.0,184.78482055664062,-8.215179443359375,8.215179443359375,2021-06-16 10:45:00,2021-06-16 10:45:00,0.0,0.0
D1,F6-3-c2048-q0.6,1,11,2021-06-17,96,1.0,True,197.0,185.0497589111328,-11.950241088867188,11.950241088867188,2021-06-17 08:45:00,2021-06-17 10:45:00,120.0,120.0
D1,F6-3-c2048-q0.6,1,11,2021-06-18,96,1.0,True,186.0,185.06655883789062,-0.933441162109375,0.933441162109375,2021-06-18 10:00:00,2021-06-18 08:45:00,-75.0,75.0
D1,F6-3-c2048-q0.6,1,11,2021-06-19,96,1.0,True,119.0,115.62818908691406,-3.3718109130859375,3.3718109130859375,2021-06-19 02:15:00,2021-06-19 03:45:00,90.0,90.0
D1,F6-3-c2048-q0.6,1,11,2021-06-20,96,1.0,True,28.0,24.52721405029297,-3.4727859497070312,3.4727859497070312,2021-06-20 15:15:00,2021-06-20 18:00:00,165.0,165.0
D1,F6-3-c2048-q0.6,1,12,2021-05-31,96,1.0,True,172.0,174.77520751953125,2.77520751953125,2.77520751953125,2021-05-31 10:30:00,2021-05-31 09:00:00,-90.0,90.0
D1,F6-3-c2048-q0.6,1,12,2021-06-01,96,1.0,True,195.0,174.29415893554688,-20.705841064453125,20.705841064453125,2021-06-01 09:00:00,2021-06-01 13:30:00,270.0,270.0
D1,F6-3-c2048-q0.6,1,12,2021-06-02,96,1.0,True,191.0,174.37017822265625,-16.62982177734375,16.62982177734375,2021-06-02 10:45:00,2021-06-02 13:45:00,180.0,180.0
D1,F6-3-c2048-q0.6,1,12,2021-06-03,96,1.0,True,181.0,179.78793334960938,-1.212066650390625,1.212066650390625,2021-06-03 08:30:00,2021-06-03 11:00:00,150.0,150.0
D1,F6-3-c2048-q0.6,1,12,2021-06-04,96,1.0,True,173.0,173.12576293945312,0.125762939453125,0.125762939453125,2021-06-04 10:45:00,2021-06-04 08:30:00,-135.0,135.0
D1,F6-3-c2048-q0.6,1,12,2021-06-05,96,1.0,True,116.0,109.09638977050781,-6.9036102294921875,6.9036102294921875,2021-06-05 01:45:00,2021-06-05 06:15:00,270.0,270.0
D1,F6-3-c2048-q0.6,1,12,2021-06-06,96,1.0,True,27.0,24.74167251586914,-2.2583274841308594,2.2583274841308594,2021-06-06 01:30:00,2021-06-06 04:30:00,180.0,180.0
D1,F6-3-c2048-q0.6,1,12,2021-06-14,96,1.0,True,204.0,179.02731323242188,-24.972686767578125,24.972686767578125,2021-06-14 09:00:00,2021-06-14 09:00:00,0.0,0.0
D1,F6-3-c2048-q0.6,1,12,2021-06-15,96,1.0,True,198.0,188.50875854492188,-9.491241455078125,9.491241455078125,2021-06-15 08:45:00,2021-06-15 11:45:00,180.0,180.0
D1,F6-3-c2048-q0.6,1,12,2021-06-16,96,1.0,True,193.0,183.9190216064453,-9.080978393554688,9.080978393554688,2021-06-16 10:45:00,2021-06-16 11:00:00,15.0,15.0
D1,F6-3-c2048-q0.6,1,12,2021-06-17,96,1.0,True,197.0,186.60040283203125,-10.39959716796875,10.39959716796875,2021-06-17 08:45:00,2021-06-17 10:45:00,120.0,120.0
D1,F6-3-c2048-q0.6,1,12,2021-06-18,96,1.0,True,186.0,184.32049560546875,-1.67950439453125,1.67950439453125,2021-06-18 10:00:00,2021-06-18 08:30:00,-90.0,90.0
D1,F6-3-c2048-q0.6,1,12,2021-06-19,96,1.0,True,119.0,116.41085052490234,-2.5891494750976562,2.5891494750976562,2021-06-19 02:15:00,2021-06-19 03:45:00,90.0,90.0
D1,F6-3-c2048-q0.6,1,12,2021-06-20,96,1.0,True,28.0,24.747024536132812,-3.2529754638671875,3.2529754638671875,2021-06-20 15:15:00,2021-06-20 18:15:00,180.0,180.0
D1,F6-3-c2048-q0.6,1,13,2021-05-31,96,1.0,True,172.0,175.9215545654297,3.9215545654296875,3.9215545654296875,2021-05-31 10:30:00,2021-05-31 09:00:00,-90.0,90.0
D1,F6-3-c2048-q0.6,1,13,2021-06-01,96,1.0,True,195.0,173.9637451171875,-21.0362548828125,21.0362548828125,2021-06-01 09:00:00,2021-06-01 13:45:00,285.0,285.0
D1,F6-3-c2048-q0.6,1,13,2021-06-02,96,1.0,True,191.0,173.16110229492188,-17.838897705078125,17.838897705078125,2021-06-02 10:45:00,2021-06-02 13:30:00,165.0,165.0
D1,F6-3-c2048-q0.6,1,13,2021-06-03,96,1.0,True,181.0,179.5062255859375,-1.4937744140625,1.4937744140625,2021-06-03 08:30:00,2021-06-03 10:45:00,135.0,135.0
D1,F6-3-c2048-q0.6,1,13,2021-06-04,96,1.0,True,173.0,172.78726196289062,-0.212738037109375,0.212738037109375,2021-06-04 10:45:00,2021-06-04 11:00:00,15.0,15.0
D1,F6-3-c2048-q0.6,1,13,2021-06-05,96,1.0,True,116.0,109.90265655517578,-6.097343444824219,6.097343444824219,2021-06-05 01:45:00,2021-06-05 06:15:00,270.0,270.0
D1,F6-3-c2048-q0.6,1,13,2021-06-06,96,1.0,True,27.0,24.724559783935547,-2.275440216064453,2.275440216064453,2021-06-06 01:30:00,2021-06-06 11:00:00,570.0,570.0
D1,F6-3-c2048-q0.6,1,13,2021-06-14,96,1.0,True,204.0,178.06666564941406,-25.933334350585938,25.933334350585938,2021-06-14 09:00:00,2021-06-14 13:45:00,285.0,285.0
D1,F6-3-c2048-q0.6,1,13,2021-06-15,96,1.0,True,198.0,186.8048858642578,-11.195114135742188,11.195114135742188,2021-06-15 08:45:00,2021-06-15 11:45:00,180.0,180.0
D1,F6-3-c2048-q0.6,1,13,2021-06-16,96,1.0,True,193.0,182.72142028808594,-10.278579711914062,10.278579711914062,2021-06-16 10:45:00,2021-06-16 09:00:00,-105.0,105.0
D1,F6-3-c2048-q0.6,1,13,2021-06-17,96,1.0,True,197.0,184.826416015625,-12.173583984375,12.173583984375,2021-06-17 08:45:00,2021-06-17 11:00:00,135.0,135.0
D1,F6-3-c2048-q0.6,1,13,2021-06-18,96,1.0,True,186.0,184.5634765625,-1.4365234375,1.4365234375,2021-06-18 10:00:00,2021-06-18 08:45:00,-75.0,75.0
D1,F6-3-c2048-q0.6,1,13,2021-06-19,96,1.0,True,119.0,116.08738708496094,-2.9126129150390625,2.9126129150390625,2021-06-19 02:15:00,2021-06-19 03:45:00,90.0,90.0
D1,F6-3-c2048-q0.6,1,13,2021-06-20,96,1.0,True,28.0,24.92925262451172,-3.0707473754882812,3.0707473754882812,2021-06-20 15:15:00,2021-06-20 18:30:00,195.0,195.0
D1,F6-3-c2048-q0.6,1,14,2021-05-31,96,1.0,True,172.0,176.56967163085938,4.569671630859375,4.569671630859375,2021-05-31 10:30:00,2021-05-31 09:00:00,-90.0,90.0
D1,F6-3-c2048-q0.6,1,14,2021-06-01,96,1.0,True,195.0,172.23768615722656,-22.762313842773438,22.762313842773438,2021-06-01 09:00:00,2021-06-01 13:30:00,270.0,270.0
D1,F6-3-c2048-q0.6,1,14,2021-06-02,96,1.0,True,191.0,172.695068359375,-18.304931640625,18.304931640625,2021-06-02 10:45:00,2021-06-02 13:30:00,165.0,165.0
D1,F6-3-c2048-q0.6,1,14,2021-06-03,96,1.0,True,181.0,181.19467163085938,0.194671630859375,0.194671630859375,2021-06-03 08:30:00,2021-06-03 10:45:00,135.0,135.0
D1,F6-3-c2048-q0.6,1,14,2021-06-04,96,1.0,True,173.0,173.63412475585938,0.634124755859375,0.634124755859375,2021-06-04 10:45:00,2021-06-04 08:30:00,-135.0,135.0
D1,F6-3-c2048-q0.6,1,14,2021-06-05,96,1.0,True,116.0,109.76201629638672,-6.237983703613281,6.237983703613281,2021-06-05 01:45:00,2021-06-05 06:15:00,270.0,270.0
D1,F6-3-c2048-q0.6,1,14,2021-06-06,96,1.0,True,27.0,24.83379364013672,-2.1662063598632812,2.1662063598632812,2021-06-06 01:30:00,2021-06-06 11:15:00,585.0,585.0
D1,F6-3-c2048-q0.6,1,14,2021-06-14,96,1.0,True,204.0,177.7230987548828,-26.276901245117188,26.276901245117188,2021-06-14 09:00:00,2021-06-14 13:45:00,285.0,285.0
D1,F6-3-c2048-q0.6,1,14,2021-06-15,96,1.0,True,198.0,185.31887817382812,-12.681121826171875,12.681121826171875,2021-06-15 08:45:00,2021-06-15 10:45:00,120.0,120.0
D1,F6-3-c2048-q0.6,1,14,2021-06-16,96,1.0,True,193.0,182.79664611816406,-10.203353881835938,10.203353881835938,2021-06-16 10:45:00,2021-06-16 09:45:00,-60.0,60.0
D1,F6-3-c2048-q0.6,1,14,2021-06-17,96,1.0,True,197.0,183.06253051757812,-13.937469482421875,13.937469482421875,2021-06-17 08:45:00,2021-06-17 10:45:00,120.0,120.0
D1,F6-3-c2048-q0.6,1,14,2021-06-18,96,1.0,True,186.0,183.60330200195312,-2.396697998046875,2.396697998046875,2021-06-18 10:00:00,2021-06-18 08:45:00,-75.0,75.0
D1,F6-3-c2048-q0.6,1,14,2021-06-19,96,1.0,True,119.0,116.35780334472656,-2.6421966552734375,2.6421966552734375,2021-06-19 02:15:00,2021-06-19 03:45:00,90.0,90.0
D1,F6-3-c2048-q0.6,1,14,2021-06-20,96,1.0,True,28.0,24.767616271972656,-3.2323837280273438,3.2323837280273438,2021-06-20 15:15:00,2021-06-20 18:45:00,210.0,210.0
D1,F6-3-c2048-q0.6,1,15,2021-05-31,96,1.0,True,172.0,176.63272094726562,4.632720947265625,4.632720947265625,2021-05-31 10:30:00,2021-05-31 09:00:00,-90.0,90.0
D1,F6-3-c2048-q0.6,1,15,2021-06-01,96,1.0,True,195.0,170.84417724609375,-24.15582275390625,24.15582275390625,2021-06-01 09:00:00,2021-06-01 15:00:00,360.0,360.0
D1,F6-3-c2048-q0.6,1,15,2021-06-02,96,1.0,True,191.0,171.67056274414062,-19.329437255859375,19.329437255859375,2021-06-02 10:45:00,2021-06-02 09:00:00,-105.0,105.0
D1,F6-3-c2048-q0.6,1,15,2021-06-03,96,1.0,True,181.0,180.57069396972656,-0.4293060302734375,0.4293060302734375,2021-06-03 08:30:00,2021-06-03 11:00:00,150.0,150.0
D1,F6-3-c2048-q0.6,1,15,2021-06-04,96,1.0,True,173.0,175.150634765625,2.150634765625,2.150634765625,2021-06-04 10:45:00,2021-06-04 08:30:00,-135.0,135.0
D1,F6-3-c2048-q0.6,1,15,2021-06-05,96,1.0,True,116.0,109.64456176757812,-6.355438232421875,6.355438232421875,2021-06-05 01:45:00,2021-06-05 06:15:00,270.0,270.0
D1,F6-3-c2048-q0.6,1,15,2021-06-06,96,1.0,True,27.0,24.644149780273438,-2.3558502197265625,2.3558502197265625,2021-06-06 01:30:00,2021-06-06 11:30:00,600.0,600.0
D1,F6-3-c2048-q0.6,1,15,2021-06-14,96,1.0,True,204.0,176.3612060546875,-27.6387939453125,27.6387939453125,2021-06-14 09:00:00,2021-06-14 13:45:00,285.0,285.0
D1,F6-3-c2048-q0.6,1,15,2021-06-15,96,1.0,True,198.0,186.3197784423828,-11.680221557617188,11.680221557617188,2021-06-15 08:45:00,2021-06-15 09:00:00,15.0,15.0
D1,F6-3-c2048-q0.6,1,15,2021-06-16,96,1.0,True,193.0,183.61050415039062,-9.389495849609375,9.389495849609375,2021-06-16 10:45:00,2021-06-16 09:00:00,-105.0,105.0
D1,F6-3-c2048-q0.6,1,15,2021-06-17,96,1.0,True,197.0,182.82872009277344,-14.171279907226562,14.171279907226562,2021-06-17 08:45:00,2021-06-17 10:45:00,120.0,120.0
D1,F6-3-c2048-q0.6,1,15,2021-06-18,96,1.0,True,186.0,184.20779418945312,-1.792205810546875,1.792205810546875,2021-06-18 10:00:00,2021-06-18 08:45:00,-75.0,75.0
D1,F6-3-c2048-q0.6,1,15,2021-06-19,96,1.0,True,119.0,115.41525268554688,-3.584747314453125,3.584747314453125,2021-06-19 02:15:00,2021-06-19 03:45:00,90.0,90.0
D1,F6-3-c2048-q0.6,1,15,2021-06-20,96,1.0,True,28.0,24.568641662597656,-3.4313583374023438,3.4313583374023438,2021-06-20 15:15:00,2021-06-20 19:00:00,225.0,225.0
D1,F6-3-c2048-q0.6,1,16,2021-05-31,96,1.0,True,172.0,175.58706665039062,3.587066650390625,3.587066650390625,2021-05-31 10:30:00,2021-05-31 09:00:00,-90.0,90.0
D1,F6-3-c2048-q0.6,1,16,2021-06-01,96,1.0,True,195.0,171.46156311035156,-23.538436889648438,23.538436889648438,2021-06-01 09:00:00,2021-06-01 13:30:00,270.0,270.0
D1,F6-3-c2048-q0.6,1,16,2021-06-02,96,1.0,True,191.0,172.66281127929688,-18.337188720703125,18.337188720703125,2021-06-02 10:45:00,2021-06-02 09:00:00,-105.0,105.0
D1,F6-3-c2048-q0.6,1,16,2021-06-03,96,1.0,True,181.0,182.68243408203125,1.68243408203125,1.68243408203125,2021-06-03 08:30:00,2021-06-03 11:00:00,150.0,150.0
D1,F6-3-c2048-q0.6,1,16,2021-06-04,96,1.0,True,173.0,175.37380981445312,2.373809814453125,2.373809814453125,2021-06-04 10:45:00,2021-06-04 08:30:00,-135.0,135.0
D1,F6-3-c2048-q0.6,1,16,2021-06-05,96,1.0,True,116.0,110.97434997558594,-5.0256500244140625,5.0256500244140625,2021-06-05 01:45:00,2021-06-05 06:15:00,270.0,270.0
D1,F6-3-c2048-q0.6,1,16,2021-06-06,96,1.0,True,27.0,25.639244079589844,-1.3607559204101562,1.3607559204101562,2021-06-06 01:30:00,2021-06-06 07:45:00,375.0,375.0
D1,F6-3-c2048-q0.6,1,16,2021-06-14,96,1.0,True,204.0,176.27224731445312,-27.727752685546875,27.727752685546875,2021-06-14 09:00:00,2021-06-14 14:45:00,345.0,345.0
D1,F6-3-c2048-q0.6,1,16,2021-06-15,96,1.0,True,198.0,186.35040283203125,-11.64959716796875,11.64959716796875,2021-06-15 08:45:00,2021-06-15 13:30:00,285.0,285.0
D1,F6-3-c2048-q0.6,1,16,2021-06-16,96,1.0,True,193.0,185.39907836914062,-7.600921630859375,7.600921630859375,2021-06-16 10:45:00,2021-06-16 10:45:00,0.0,0.0
D1,F6-3-c2048-q0.6,1,16,2021-06-17,96,1.0,True,197.0,182.70005798339844,-14.299942016601562,14.299942016601562,2021-06-17 08:45:00,2021-06-17 10:45:00,120.0,120.0
D1,F6-3-c2048-q0.6,1,16,2021-06-18,96,1.0,True,186.0,183.47552490234375,-2.52447509765625,2.52447509765625,2021-06-18 10:00:00,2021-06-18 08:45:00,-75.0,75.0
D1,F6-3-c2048-q0.6,1,16,2021-06-19,96,1.0,True,119.0,116.45899200439453,-2.5410079956054688,2.5410079956054688,2021-06-19 02:15:00,2021-06-19 03:45:00,90.0,90.0
D1,F6-3-c2048-q0.6,1,16,2021-06-20,96,1.0,True,28.0,24.705963134765625,-3.294036865234375,3.294036865234375,2021-06-20 15:15:00,2021-06-20 09:45:00,-330.0,330.0
D1,F6-3-c2048-q0.6,2,4,2021-07-12,96,1.0,True,198.0,189.3048095703125,-8.6951904296875,8.6951904296875,2021-07-12 08:45:00,2021-07-12 10:30:00,105.0,105.0
D1,F6-3-c2048-q0.6,2,4,2021-07-13,1,0.010416666666666666,False,79.0,91.50495147705078,12.504951477050781,12.504951477050781,2021-07-13 00:00:00,2021-07-13 00:00:00,0.0,0.0
D1,F6-3-c2048-q0.6,2,4,2021-07-17,80,0.8333333333333334,False,108.0,106.70442199707031,-1.2955780029296875,1.2955780029296875,2021-07-17 06:00:00,2021-07-17 04:00:00,-120.0,120.0
D1,F6-3-c2048-q0.6,2,4,2021-07-18,84,0.875,False,28.0,26.107643127441406,-1.8923568725585938,1.8923568725585938,2021-07-18 04:30:00,2021-07-18 08:45:00,255.0,255.0
D1,F6-3-c2048-q0.6,2,4,2021-07-26,84,0.875,False,217.0,200.12054443359375,-16.87945556640625,16.87945556640625,2021-07-26 08:30:00,2021-07-26 09:00:00,30.0,30.0
D1,F6-3-c2048-q0.6,2,4,2021-07-27,84,0.875,False,211.0,202.44973754882812,-8.550262451171875,8.550262451171875,2021-07-27 11:45:00,2021-07-27 08:45:00,-180.0,180.0
D1,F6-3-c2048-q0.6,2,4,2021-07-28,84,0.875,False,212.0,216.89138793945312,4.891387939453125,4.891387939453125,2021-07-28 12:00:00,2021-07-28 08:45:00,-195.0,195.0
D1,F6-3-c2048-q0.6,2,4,2021-07-29,84,0.875,False,211.0,206.5035400390625,-4.4964599609375,4.4964599609375,2021-07-29 12:00:00,2021-07-29 08:30:00,-210.0,210.0
D1,F6-3-c2048-q0.6,2,4,2021-07-30,85,0.8854166666666666,False,212.0,207.23208618164062,-4.767913818359375,4.767913818359375,2021-07-30 12:00:00,2021-07-30 08:45:00,-195.0,195.0
D1,F6-3-c2048-q0.6,2,4,2021-07-31,96,1.0,True,80.0,100.70329284667969,20.703292846679688,20.703292846679688,2021-07-31 00:00:00,2021-07-31 01:30:00,90.0,90.0
D1,F6-3-c2048-q0.6,2,4,2021-08-01,96,1.0,True,28.0,25.785888671875,-2.214111328125,2.214111328125,2021-08-01 09:00:00,2021-08-01 02:30:00,-390.0,390.0
D1,F6-3-c2048-q0.6,2,4,2021-08-09,39,0.40625,False,215.0,202.33489990234375,-12.66510009765625,12.66510009765625,2021-08-09 08:45:00,2021-08-09 08:45:00,0.0,0.0
D1,F6-3-c2048-q0.6,2,5,2021-07-12,96,1.0,True,198.0,189.9673614501953,-8.032638549804688,8.032638549804688,2021-07-12 08:45:00,2021-07-12 10:30:00,105.0,105.0
D1,F6-3-c2048-q0.6,2,5,2021-07-13,1,0.010416666666666666,False,79.0,93.09932708740234,14.099327087402344,14.099327087402344,2021-07-13 00:00:00,2021-07-13 00:00:00,0.0,0.0
D1,F6-3-c2048-q0.6,2,5,2021-07-17,79,0.8229166666666666,False,108.0,106.80836486816406,-1.1916351318359375,1.1916351318359375,2021-07-17 06:00:00,2021-07-17 04:15:00,-105.0,105.0
D1,F6-3-c2048-q0.6,2,5,2021-07-18,84,0.875,False,28.0,25.357643127441406,-2.6423568725585938,2.6423568725585938,2021-07-18 04:30:00,2021-07-18 09:00:00,270.0,270.0
D1,F6-3-c2048-q0.6,2,5,2021-07-26,84,0.875,False,217.0,200.18392944335938,-16.816070556640625,16.816070556640625,2021-07-26 08:30:00,2021-07-26 11:45:00,195.0,195.0
D1,F6-3-c2048-q0.6,2,5,2021-07-27,84,0.875,False,211.0,200.75999450683594,-10.240005493164062,10.240005493164062,2021-07-27 11:45:00,2021-07-27 08:45:00,-180.0,180.0
D1,F6-3-c2048-q0.6,2,5,2021-07-28,84,0.875,False,212.0,215.50978088378906,3.5097808837890625,3.5097808837890625,2021-07-28 12:00:00,2021-07-28 08:45:00,-195.0,195.0
D1,F6-3-c2048-q0.6,2,5,2021-07-29,84,0.875,False,211.0,205.52081298828125,-5.47918701171875,5.47918701171875,2021-07-29 12:00:00,2021-07-29 08:30:00,-210.0,210.0
D1,F6-3-c2048-q0.6,2,5,2021-07-30,85,0.8854166666666666,False,212.0,208.44223022460938,-3.557769775390625,3.557769775390625,2021-07-30 12:00:00,2021-07-30 11:45:00,-15.0,15.0
D1,F6-3-c2048-q0.6,2,5,2021-07-31,96,1.0,True,80.0,103.42909240722656,23.429092407226562,23.429092407226562,2021-07-31 00:00:00,2021-07-31 01:30:00,90.0,90.0
D1,F6-3-c2048-q0.6,2,5,2021-08-01,96,1.0,True,28.0,25.41980743408203,-2.5801925659179688,2.5801925659179688,2021-08-01 09:00:00,2021-08-01 02:45:00,-375.0,375.0
D1,F6-3-c2048-q0.6,2,5,2021-08-09,39,0.40625,False,215.0,197.82412719726562,-17.175872802734375,17.175872802734375,2021-08-09 08:45:00,2021-08-09 08:45:00,0.0,0.0
D1,F6-3-c2048-q0.6,2,6,2021-07-12,96,1.0,True,198.0,189.50048828125,-8.49951171875,8.49951171875,2021-07-12 08:45:00,2021-07-12 10:45:00,120.0,120.0
D1,F6-3-c2048-q0.6,2,6,2021-07-13,1,0.010416666666666666,False,79.0,92.61703491210938,13.617034912109375,13.617034912109375,2021-07-13 00:00:00,2021-07-13 00:00:00,0.0,0.0
D1,F6-3-c2048-q0.6,2,6,2021-07-17,78,0.8125,False,108.0,105.60887145996094,-2.3911285400390625,2.3911285400390625,2021-07-17 06:00:00,2021-07-17 06:30:00,30.0,30.0
D1,F6-3-c2048-q0.6,2,6,2021-07-18,84,0.875,False,28.0,25.63031005859375,-2.36968994140625,2.36968994140625,2021-07-18 01:15:00,2021-07-18 17:00:00,945.0,945.0
D1,F6-3-c2048-q0.6,2,6,2021-07-26,84,0.875,False,217.0,195.86813354492188,-21.131866455078125,21.131866455078125,2021-07-26 08:30:00,2021-07-26 08:45:00,15.0,15.0
D1,F6-3-c2048-q0.6,2,6,2021-07-27,84,0.875,False,211.0,200.2669677734375,-10.7330322265625,10.7330322265625,2021-07-27 11:45:00,2021-07-27 08:45:00,-180.0,180.0
D1,F6-3-c2048-q0.6,2,6,2021-07-28,84,0.875,False,212.0,214.3477020263672,2.3477020263671875,2.3477020263671875,2021-07-28 12:00:00,2021-07-28 08:45:00,-195.0,195.0
D1,F6-3-c2048-q0.6,2,6,2021-07-29,84,0.875,False,211.0,205.86236572265625,-5.13763427734375,5.13763427734375,2021-07-29 12:00:00,2021-07-29 08:30:00,-210.0,210.0
D1,F6-3-c2048-q0.6,2,6,2021-07-30,85,0.8854166666666666,False,212.0,209.47683715820312,-2.523162841796875,2.523162841796875,2021-07-30 12:00:00,2021-07-30 12:00:00,0.0,0.0
D1,F6-3-c2048-q0.6,2,6,2021-07-31,96,1.0,True,80.0,109.63095092773438,29.630950927734375,29.630950927734375,2021-07-31 00:00:00,2021-07-31 01:30:00,90.0,90.0
D1,F6-3-c2048-q0.6,2,6,2021-08-01,96,1.0,True,28.0,25.643524169921875,-2.356475830078125,2.356475830078125,2021-08-01 09:00:00,2021-08-01 03:00:00,-360.0,360.0
D1,F6-3-c2048-q0.6,2,6,2021-08-09,39,0.40625,False,215.0,192.9400634765625,-22.0599365234375,22.0599365234375,2021-08-09 08:45:00,2021-08-09 08:45:00,0.0,0.0
D1,F6-3-c2048-q0.6,2,7,2021-07-12,96,1.0,True,198.0,189.90365600585938,-8.096343994140625,8.096343994140625,2021-07-12 08:45:00,2021-07-12 11:45:00,180.0,180.0
D1,F6-3-c2048-q0.6,2,7,2021-07-13,1,0.010416666666666666,False,79.0,92.45624542236328,13.456245422363281,13.456245422363281,2021-07-13 00:00:00,2021-07-13 00:00:00,0.0,0.0
D1,F6-3-c2048-q0.6,2,7,2021-07-17,77,0.8020833333333334,False,108.0,103.73505401611328,-4.264945983886719,4.264945983886719,2021-07-17 06:00:00,2021-07-17 06:45:00,45.0,45.0
D1,F6-3-c2048-q0.6,2,7,2021-07-18,84,0.875,False,28.0,25.525497436523438,-2.4745025634765625,2.4745025634765625,2021-07-18 01:15:00,2021-07-18 17:15:00,960.0,960.0
D1,F6-3-c2048-q0.6,2,7,2021-07-26,84,0.875,False,217.0,196.41091918945312,-20.589080810546875,20.589080810546875,2021-07-26 08:30:00,2021-07-26 11:45:00,195.0,195.0
D1,F6-3-c2048-q0.6,2,7,2021-07-27,84,0.875,False,211.0,199.06434631347656,-11.935653686523438,11.935653686523438,2021-07-27 11:45:00,2021-07-27 08:45:00,-180.0,180.0
D1,F6-3-c2048-q0.6,2,7,2021-07-28,84,0.875,False,212.0,210.24612426757812,-1.753875732421875,1.753875732421875,2021-07-28 12:00:00,2021-07-28 08:45:00,-195.0,195.0
D1,F6-3-c2048-q0.6,2,7,2021-07-29,84,0.875,False,211.0,204.34922790527344,-6.6507720947265625,6.6507720947265625,2021-07-29 12:00:00,2021-07-29 08:30:00,-210.0,210.0
D1,F6-3-c2048-q0.6,2,7,2021-07-30,85,0.8854166666666666,False,212.0,207.09335327148438,-4.906646728515625,4.906646728515625,2021-07-30 12:00:00,2021-07-30 12:00:00,0.0,0.0
D1,F6-3-c2048-q0.6,2,7,2021-07-31,96,1.0,True,80.0,110.51448822021484,30.514488220214844,30.514488220214844,2021-07-31 00:00:00,2021-07-31 01:45:00,105.0,105.0
D1,F6-3-c2048-q0.6,2,7,2021-08-01,96,1.0,True,28.0,25.597061157226562,-2.4029388427734375,2.4029388427734375,2021-08-01 09:00:00,2021-08-01 03:15:00,-345.0,345.0
D1,F6-3-c2048-q0.6,2,7,2021-08-09,39,0.40625,False,215.0,188.63670349121094,-26.363296508789062,26.363296508789062,2021-08-09 08:45:00,2021-08-09 09:30:00,45.0,45.0
D1,F6-3-c2048-q0.6,2,8,2021-07-12,96,1.0,True,198.0,190.3599395751953,-7.6400604248046875,7.6400604248046875,2021-07-12 08:45:00,2021-07-12 13:45:00,300.0,300.0
D1,F6-3-c2048-q0.6,2,8,2021-07-13,1,0.010416666666666666,False,79.0,92.3607177734375,13.3607177734375,13.3607177734375,2021-07-13 00:00:00,2021-07-13 00:00:00,0.0,0.0
D1,F6-3-c2048-q0.6,2,8,2021-07-17,76,0.7916666666666666,False,108.0,103.56713104248047,-4.432868957519531,4.432868957519531,2021-07-17 06:00:00,2021-07-17 06:15:00,15.0,15.0
D1,F6-3-c2048-q0.6,2,8,2021-07-18,84,0.875,False,28.0,25.50812530517578,-2.4918746948242188,2.4918746948242188,2021-07-18 01:15:00,2021-07-18 17:30:00,975.0,975.0
D1,F6-3-c2048-q0.6,2,8,2021-07-26,84,0.875,False,217.0,198.47470092773438,-18.525299072265625,18.525299072265625,2021-07-26 08:30:00,2021-07-26 11:45:00,195.0,195.0
D1,F6-3-c2048-q0.6,2,8,2021-07-27,84,0.875,False,211.0,200.67535400390625,-10.32464599609375,10.32464599609375,2021-07-27 11:45:00,2021-07-27 08:30:00,-195.0,195.0
D1,F6-3-c2048-q0.6,2,8,2021-07-28,84,0.875,False,212.0,212.22921752929688,0.229217529296875,0.229217529296875,2021-07-28 12:00:00,2021-07-28 08:30:00,-210.0,210.0
D1,F6-3-c2048-q0.6,2,8,2021-07-29,84,0.875,False,211.0,205.66864013671875,-5.33135986328125,5.33135986328125,2021-07-29 12:00:00,2021-07-29 08:30:00,-210.0,210.0
D1,F6-3-c2048-q0.6,2,8,2021-07-30,85,0.8854166666666666,False,212.0,208.4184112548828,-3.5815887451171875,3.5815887451171875,2021-07-30 12:00:00,2021-07-30 12:00:00,0.0,0.0
D1,F6-3-c2048-q0.6,2,8,2021-07-31,96,1.0,True,80.0,112.60844421386719,32.60844421386719,32.60844421386719,2021-07-31 00:00:00,2021-07-31 01:45:00,105.0,105.0
D1,F6-3-c2048-q0.6,2,8,2021-08-01,96,1.0,True,28.0,25.576629638671875,-2.423370361328125,2.423370361328125,2021-08-01 09:00:00,2021-08-01 03:30:00,-330.0,330.0
D1,F6-3-c2048-q0.6,2,8,2021-08-09,39,0.40625,False,215.0,183.18780517578125,-31.81219482421875,31.81219482421875,2021-08-09 08:45:00,2021-08-09 09:30:00,45.0,45.0
D1,F6-3-c2048-q0.6,2,9,2021-07-12,96,1.0,True,198.0,190.924560546875,-7.075439453125,7.075439453125,2021-07-12 08:45:00,2021-07-12 13:45:00,300.0,300.0
D1,F6-3-c2048-q0.6,2,9,2021-07-13,1,0.010416666666666666,False,79.0,93.52049255371094,14.520492553710938,14.520492553710938,2021-07-13 00:00:00,2021-07-13 00:00:00,0.0,0.0
D1,F6-3-c2048-q0.6,2,9,2021-07-17,75,0.78125,False,108.0,103.9505615234375,-4.0494384765625,4.0494384765625,2021-07-17 06:00:00,2021-07-17 06:15:00,15.0,15.0
D1,F6-3-c2048-q0.6,2,9,2021-07-18,84,0.875,False,28.0,25.19342041015625,-2.80657958984375,2.80657958984375,2021-07-18 01:15:00,2021-07-18 17:45:00,990.0,990.0
D1,F6-3-c2048-q0.6,2,9,2021-07-26,84,0.875,False,217.0,197.7283935546875,-19.2716064453125,19.2716064453125,2021-07-26 08:30:00,2021-07-26 08:45:00,15.0,15.0
D1,F6-3-c2048-q0.6,2,9,2021-07-27,84,0.875,False,211.0,201.29641723632812,-9.703582763671875,9.703582763671875,2021-07-27 11:45:00,2021-07-27 08:30:00,-195.0,195.0
D1,F6-3-c2048-q0.6,2,9,2021-07-28,84,0.875,False,212.0,213.13119506835938,1.131195068359375,1.131195068359375,2021-07-28 12:00:00,2021-07-28 08:45:00,-195.0,195.0
D1,F6-3-c2048-q0.6,2,9,2021-07-29,84,0.875,False,211.0,205.7174072265625,-5.2825927734375,5.2825927734375,2021-07-29 12:00:00,2021-07-29 08:30:00,-210.0,210.0
D1,F6-3-c2048-q0.6,2,9,2021-07-30,85,0.8854166666666666,False,212.0,210.55276489257812,-1.447235107421875,1.447235107421875,2021-07-30 12:00:00,2021-07-30 12:00:00,0.0,0.0
D1,F6-3-c2048-q0.6,2,9,2021-07-31,96,1.0,True,80.0,113.32698059082031,33.32698059082031,33.32698059082031,2021-07-31 00:00:00,2021-07-31 01:45:00,105.0,105.0
D1,F6-3-c2048-q0.6,2,9,2021-08-01,96,1.0,True,28.0,25.294052124023438,-2.7059478759765625,2.7059478759765625,2021-08-01 09:00:00,2021-08-01 03:45:00,-315.0,315.0
D1,F6-3-c2048-q0.6,2,9,2021-08-09,39,0.40625,False,215.0,180.91268920898438,-34.087310791015625,34.087310791015625,2021-08-09 08:45:00,2021-08-09 09:30:00,45.0,45.0
D1,F6-3-c2048-q0.6,2,10,2021-07-12,96,1.0,True,198.0,191.29750061035156,-6.7024993896484375,6.7024993896484375,2021-07-12 08:45:00,2021-07-12 13:45:00,300.0,300.0
D1,F6-3-c2048-q0.6,2,10,2021-07-13,1,0.010416666666666666,False,79.0,91.63129425048828,12.631294250488281,12.631294250488281,2021-07-13 00:00:00,2021-07-13 00:00:00,0.0,0.0
D1,F6-3-c2048-q0.6,2,10,2021-07-17,74,0.7708333333333334,False,108.0,104.64590454101562,-3.354095458984375,3.354095458984375,2021-07-17 06:00:00,2021-07-17 06:15:00,15.0,15.0
D1,F6-3-c2048-q0.6,2,10,2021-07-18,84,0.875,False,28.0,25.20494842529297,-2.7950515747070312,2.7950515747070312,2021-07-18 01:15:00,2021-07-18 18:00:00,1005.0,1005.0
D1,F6-3-c2048-q0.6,2,10,2021-07-26,84,0.875,False,217.0,198.81295776367188,-18.187042236328125,18.187042236328125,2021-07-26 08:30:00,2021-07-26 11:30:00,180.0,180.0
D1,F6-3-c2048-q0.6,2,10,2021-07-27,84,0.875,False,211.0,202.25624084472656,-8.743759155273438,8.743759155273438,2021-07-27 11:45:00,2021-07-27 08:30:00,-195.0,195.0
D1,F6-3-c2048-q0.6,2,10,2021-07-28,84,0.875,False,212.0,213.88543701171875,1.88543701171875,1.88543701171875,2021-07-28 12:00:00,2021-07-28 08:45:00,-195.0,195.0
D1,F6-3-c2048-q0.6,2,10,2021-07-29,84,0.875,False,211.0,204.62034606933594,-6.3796539306640625,6.3796539306640625,2021-07-29 12:00:00,2021-07-29 08:30:00,-210.0,210.0
D1,F6-3-c2048-q0.6,2,10,2021-07-30,85,0.8854166666666666,False,212.0,210.1091766357422,-1.8908233642578125,1.8908233642578125,2021-07-30 12:00:00,2021-07-30 12:00:00,0.0,0.0
D1,F6-3-c2048-q0.6,2,10,2021-07-31,96,1.0,True,80.0,114.3289794921875,34.3289794921875,34.3289794921875,2021-07-31 00:00:00,2021-07-31 01:45:00,105.0,105.0
D1,F6-3-c2048-q0.6,2,10,2021-08-01,96,1.0,True,28.0,25.335693359375,-2.664306640625,2.664306640625,2021-08-01 09:00:00,2021-08-01 04:00:00,-300.0,300.0
D1,F6-3-c2048-q0.6,2,10,2021-08-09,39,0.40625,False,215.0,29.480819702148438,-185.51918029785156,185.51918029785156,2021-08-09 08:45:00,2021-08-09 09:00:00,15.0,15.0
D1,F6-3-c2048-q0.6,2,11,2021-07-12,96,1.0,True,198.0,189.31851196289062,-8.681488037109375,8.681488037109375,2021-07-12 08:45:00,2021-07-12 13:45:00,300.0,300.0
D1,F6-3-c2048-q0.6,2,11,2021-07-13,1,0.010416666666666666,False,79.0,89.64167785644531,10.641677856445312,10.641677856445312,2021-07-13 00:00:00,2021-07-13 00:00:00,0.0,0.0
D1,F6-3-c2048-q0.6,2,11,2021-07-17,73,0.7604166666666666,False,108.0,104.45712280273438,-3.542877197265625,3.542877197265625,2021-07-17 06:00:00,2021-07-17 06:15:00,15.0,15.0
D1,F6-3-c2048-q0.6,2,11,2021-07-18,84,0.875,False,28.0,25.392784118652344,-2.6072158813476562,2.6072158813476562,2021-07-18 01:15:00,2021-07-18 18:15:00,1020.0,1020.0
D1,F6-3-c2048-q0.6,2,11,2021-07-26,84,0.875,False,217.0,201.23377990722656,-15.766220092773438,15.766220092773438,2021-07-26 08:30:00,2021-07-26 11:45:00,195.0,195.0
D1,F6-3-c2048-q0.6,2,11,2021-07-27,84,0.875,False,211.0,203.11097717285156,-7.8890228271484375,7.8890228271484375,2021-07-27 11:45:00,2021-07-27 08:45:00,-180.0,180.0
D1,F6-3-c2048-q0.6,2,11,2021-07-28,84,0.875,False,212.0,213.7576904296875,1.7576904296875,1.7576904296875,2021-07-28 12:00:00,2021-07-28 08:45:00,-195.0,195.0
D1,F6-3-c2048-q0.6,2,11,2021-07-29,84,0.875,False,211.0,203.94668579101562,-7.053314208984375,7.053314208984375,2021-07-29 12:00:00,2021-07-29 08:45:00,-195.0,195.0
D1,F6-3-c2048-q0.6,2,11,2021-07-30,85,0.8854166666666666,False,212.0,208.68728637695312,-3.312713623046875,3.312713623046875,2021-07-30 12:00:00,2021-07-30 12:00:00,0.0,0.0
D1,F6-3-c2048-q0.6,2,11,2021-07-31,96,1.0,True,80.0,113.86148071289062,33.861480712890625,33.861480712890625,2021-07-31 00:00:00,2021-07-31 01:45:00,105.0,105.0
D1,F6-3-c2048-q0.6,2,11,2021-08-01,96,1.0,True,28.0,25.276260375976562,-2.7237396240234375,2.7237396240234375,2021-08-01 09:00:00,2021-08-01 04:15:00,-285.0,285.0
D1,F6-3-c2048-q0.6,2,11,2021-08-09,39,0.40625,False,215.0,44.0126953125,-170.9873046875,170.9873046875,2021-08-09 08:45:00,2021-08-09 08:00:00,-45.0,45.0
D1,F6-3-c2048-q0.6,2,12,2021-07-12,96,1.0,True,198.0,187.80465698242188,-10.195343017578125,10.195343017578125,2021-07-12 08:45:00,2021-07-12 13:45:00,300.0,300.0
D1,F6-3-c2048-q0.6,2,12,2021-07-13,1,0.010416666666666666,False,79.0,89.71691131591797,10.716911315917969,10.716911315917969,2021-07-13 00:00:00,2021-07-13 00:00:00,0.0,0.0
D1,F6-3-c2048-q0.6,2,12,2021-07-17,72,0.75,False,108.0,105.32620239257812,-2.673797607421875,2.673797607421875,2021-07-17 06:00:00,2021-07-17 06:15:00,15.0,15.0
D1,F6-3-c2048-q0.6,2,12,2021-07-18,84,0.875,False,28.0,25.68450927734375,-2.31549072265625,2.31549072265625,2021-07-18 01:15:00,2021-07-18 10:45:00,570.0,570.0
D1,F6-3-c2048-q0.6,2,12,2021-07-26,84,0.875,False,217.0,200.31045532226562,-16.689544677734375,16.689544677734375,2021-07-26 08:30:00,2021-07-26 11:45:00,195.0,195.0
D1,F6-3-c2048-q0.6,2,12,2021-07-27,84,0.875,False,211.0,201.27154541015625,-9.72845458984375,9.72845458984375,2021-07-27 11:45:00,2021-07-27 08:45:00,-180.0,180.0
D1,F6-3-c2048-q0.6,2,12,2021-07-28,84,0.875,False,212.0,212.37413024902344,0.3741302490234375,0.3741302490234375,2021-07-28 12:00:00,2021-07-28 08:45:00,-195.0,195.0
D1,F6-3-c2048-q0.6,2,12,2021-07-29,84,0.875,False,211.0,202.75706481933594,-8.242935180664062,8.242935180664062,2021-07-29 12:00:00,2021-07-29 08:45:00,-195.0,195.0
D1,F6-3-c2048-q0.6,2,12,2021-07-30,85,0.8854166666666666,False,212.0,209.39703369140625,-2.60296630859375,2.60296630859375,2021-07-30 12:00:00,2021-07-30 12:00:00,0.0,0.0
D1,F6-3-c2048-q0.6,2,12,2021-07-31,96,1.0,True,80.0,113.26885986328125,33.26885986328125,33.26885986328125,2021-07-31 00:00:00,2021-07-31 01:45:00,105.0,105.0
D1,F6-3-c2048-q0.6,2,12,2021-08-01,96,1.0,True,28.0,25.377960205078125,-2.622039794921875,2.622039794921875,2021-08-01 09:00:00,2021-08-01 04:30:00,-270.0,270.0
D1,F6-3-c2048-q0.6,2,12,2021-08-09,39,0.40625,False,215.0,65.96501159667969,-149.0349884033203,149.0349884033203,2021-08-09 08:45:00,2021-08-09 08:15:00,-30.0,30.0
D1,F6-3-c2048-q0.6,2,13,2021-07-12,96,1.0,True,198.0,188.73728942871094,-9.262710571289062,9.262710571289062,2021-07-12 08:45:00,2021-07-12 13:45:00,300.0,300.0
D1,F6-3-c2048-q0.6,2,13,2021-07-13,1,0.010416666666666666,False,79.0,90.2495346069336,11.249534606933594,11.249534606933594,2021-07-13 00:00:00,2021-07-13 00:00:00,0.0,0.0
D1,F6-3-c2048-q0.6,2,13,2021-07-17,71,0.7395833333333334,False,96.0,107.0281753540039,11.028175354003906,11.028175354003906,2021-07-17 06:15:00,2021-07-17 06:15:00,0.0,0.0
D1,F6-3-c2048-q0.6,2,13,2021-07-18,84,0.875,False,28.0,26.116844177246094,-1.8831558227539062,1.8831558227539062,2021-07-18 01:15:00,2021-07-18 01:30:00,15.0,15.0
D1,F6-3-c2048-q0.6,2,13,2021-07-26,84,0.875,False,217.0,201.30184936523438,-15.698150634765625,15.698150634765625,2021-07-26 08:30:00,2021-07-26 11:45:00,195.0,195.0
D1,F6-3-c2048-q0.6,2,13,2021-07-27,84,0.875,False,211.0,198.84259033203125,-12.15740966796875,12.15740966796875,2021-07-27 11:45:00,2021-07-27 11:45:00,0.0,0.0
D1,F6-3-c2048-q0.6,2,13,2021-07-28,84,0.875,False,212.0,209.37457275390625,-2.62542724609375,2.62542724609375,2021-07-28 12:00:00,2021-07-28 08:45:00,-195.0,195.0
D1,F6-3-c2048-q0.6,2,13,2021-07-29,84,0.875,False,211.0,202.87429809570312,-8.125701904296875,8.125701904296875,2021-07-29 12:00:00,2021-07-29 11:45:00,-15.0,15.0
D1,F6-3-c2048-q0.6,2,13,2021-07-30,85,0.8854166666666666,False,212.0,209.6189422607422,-2.3810577392578125,2.3810577392578125,2021-07-30 12:00:00,2021-07-30 11:45:00,-15.0,15.0
D1,F6-3-c2048-q0.6,2,13,2021-07-31,96,1.0,True,80.0,113.08624267578125,33.08624267578125,33.08624267578125,2021-07-31 00:00:00,2021-07-31 01:45:00,105.0,105.0
D1,F6-3-c2048-q0.6,2,13,2021-08-01,96,1.0,True,28.0,25.271522521972656,-2.7284774780273438,2.7284774780273438,2021-08-01 09:00:00,2021-08-01 04:45:00,-255.0,255.0
D1,F6-3-c2048-q0.6,2,13,2021-08-09,39,0.40625,False,215.0,83.48567962646484,-131.51432037353516,131.51432037353516,2021-08-09 08:45:00,2021-08-09 08:30:00,-15.0,15.0
D1,F6-3-c2048-q0.6,2,14,2021-07-12,96,1.0,True,198.0,189.6486053466797,-8.351394653320312,8.351394653320312,2021-07-12 08:45:00,2021-07-12 13:45:00,300.0,300.0
D1,F6-3-c2048-q0.6,2,14,2021-07-13,1,0.010416666666666666,False,79.0,90.83930969238281,11.839309692382812,11.839309692382812,2021-07-13 00:00:00,2021-07-13 00:00:00,0.0,0.0
D1,F6-3-c2048-q0.6,2,14,2021-07-17,70,0.7291666666666666,False,88.0,106.37406921386719,18.374069213867188,18.374069213867188,2021-07-17 07:15:00,2021-07-17 06:30:00,-45.0,45.0
D1,F6-3-c2048-q0.6,2,14,2021-07-18,84,0.875,False,28.0,26.410247802734375,-1.589752197265625,1.589752197265625,2021-07-18 01:15:00,2021-07-18 01:45:00,30.0,30.0
D1,F6-3-c2048-q0.6,2,14,2021-07-26,84,0.875,False,217.0,198.53372192382812,-18.466278076171875,18.466278076171875,2021-07-26 08:30:00,2021-07-26 08:45:00,15.0,15.0
D1,F6-3-c2048-q0.6,2,14,2021-07-27,84,0.875,False,211.0,199.26707458496094,-11.732925415039062,11.732925415039062,2021-07-27 11:45:00,2021-07-27 12:00:00,15.0,15.0
D1,F6-3-c2048-q0.6,2,14,2021-07-28,84,0.875,False,212.0,210.732421875,-1.267578125,1.267578125,2021-07-28 12:00:00,2021-07-28 11:45:00,-15.0,15.0
D1,F6-3-c2048-q0.6,2,14,2021-07-29,84,0.875,False,211.0,203.27207946777344,-7.7279205322265625,7.7279205322265625,2021-07-29 12:00:00,2021-07-29 11:45:00,-15.0,15.0
D1,F6-3-c2048-q0.6,2,14,2021-07-30,84,0.875,False,212.0,211.573974609375,-0.426025390625,0.426025390625,2021-07-30 12:00:00,2021-07-30 12:00:00,0.0,0.0
D1,F6-3-c2048-q0.6,2,14,2021-07-31,96,1.0,True,80.0,111.65815734863281,31.658157348632812,31.658157348632812,2021-07-31 00:00:00,2021-07-31 01:45:00,105.0,105.0
D1,F6-3-c2048-q0.6,2,14,2021-08-01,96,1.0,True,28.0,25.200424194335938,-2.7995758056640625,2.7995758056640625,2021-08-01 09:00:00,2021-08-01 01:30:00,-450.0,450.0
D1,F6-3-c2048-q0.6,2,14,2021-08-09,39,0.40625,False,215.0,84.33476257324219,-130.6652374267578,130.6652374267578,2021-08-09 08:45:00,2021-08-09 08:45:00,0.0,0.0
D1,F6-3-c2048-q0.6,2,15,2021-07-12,96,1.0,True,198.0,189.33529663085938,-8.664703369140625,8.664703369140625,2021-07-12 08:45:00,2021-07-12 13:45:00,300.0,300.0
D1,F6-3-c2048-q0.6,2,15,2021-07-13,1,0.010416666666666666,False,79.0,90.47685241699219,11.476852416992188,11.476852416992188,2021-07-13 00:00:00,2021-07-13 00:00:00,0.0,0.0
D1,F6-3-c2048-q0.6,2,15,2021-07-17,69,0.71875,False,88.0,103.04820251464844,15.048202514648438,15.048202514648438,2021-07-17 07:15:00,2021-07-17 06:45:00,-30.0,30.0
D1,F6-3-c2048-q0.6,2,15,2021-07-18,84,0.875,False,28.0,26.603187561035156,-1.3968124389648438,1.3968124389648438,2021-07-18 01:15:00,2021-07-18 11:30:00,615.0,615.0
D1,F6-3-c2048-q0.6,2,15,2021-07-26,84,0.875,False,217.0,198.3997344970703,-18.600265502929688,18.600265502929688,2021-07-26 08:30:00,2021-07-26 11:45:00,195.0,195.0
D1,F6-3-c2048-q0.6,2,15,2021-07-27,84,0.875,False,211.0,198.02645874023438,-12.973541259765625,12.973541259765625,2021-07-27 11:45:00,2021-07-27 08:45:00,-180.0,180.0
D1,F6-3-c2048-q0.6,2,15,2021-07-28,84,0.875,False,212.0,211.4625244140625,-0.5374755859375,0.5374755859375,2021-07-28 12:00:00,2021-07-28 08:45:00,-195.0,195.0
D1,F6-3-c2048-q0.6,2,15,2021-07-29,84,0.875,False,211.0,202.5357666015625,-8.4642333984375,8.4642333984375,2021-07-29 12:00:00,2021-07-29 11:45:00,-15.0,15.0
D1,F6-3-c2048-q0.6,2,15,2021-07-30,84,0.875,False,212.0,210.94131469726562,-1.058685302734375,1.058685302734375,2021-07-30 12:00:00,2021-07-30 12:00:00,0.0,0.0
D1,F6-3-c2048-q0.6,2,15,2021-07-31,96,1.0,True,80.0,112.93362426757812,32.933624267578125,32.933624267578125,2021-07-31 00:00:00,2021-07-31 01:45:00,105.0,105.0
D1,F6-3-c2048-q0.6,2,15,2021-08-01,96,1.0,True,28.0,25.2921142578125,-2.7078857421875,2.7078857421875,2021-08-01 09:00:00,2021-08-01 01:45:00,-435.0,435.0
D1,F6-3-c2048-q0.6,2,15,2021-08-09,39,0.40625,False,215.0,83.03849792480469,-131.9615020751953,131.9615020751953,2021-08-09 08:45:00,2021-08-09 09:00:00,15.0,15.0
D1,F6-3-c2048-q0.6,2,16,2021-07-12,96,1.0,True,198.0,190.33840942382812,-7.661590576171875,7.661590576171875,2021-07-12 08:45:00,2021-07-12 14:00:00,315.0,315.0
D1,F6-3-c2048-q0.6,2,16,2021-07-13,1,0.010416666666666666,False,79.0,90.5106430053711,11.510643005371094,11.510643005371094,2021-07-13 00:00:00,2021-07-13 00:00:00,0.0,0.0
D1,F6-3-c2048-q0.6,2,16,2021-07-17,68,0.7083333333333334,False,88.0,96.25299835205078,8.252998352050781,8.252998352050781,2021-07-17 07:15:00,2021-07-17 07:00:00,-15.0,15.0
D1,F6-3-c2048-q0.6,2,16,2021-07-18,84,0.875,False,28.0,26.77442169189453,-1.2255783081054688,1.2255783081054688,2021-07-18 01:15:00,2021-07-18 11:45:00,630.0,630.0
D1,F6-3-c2048-q0.6,2,16,2021-07-26,84,0.875,False,217.0,197.05906677246094,-19.940933227539062,19.940933227539062,2021-07-26 08:30:00,2021-07-26 08:45:00,15.0,15.0
D1,F6-3-c2048-q0.6,2,16,2021-07-27,84,0.875,False,211.0,198.7704315185547,-12.229568481445312,12.229568481445312,2021-07-27 11:45:00,2021-07-27 08:45:00,-180.0,180.0
D1,F6-3-c2048-q0.6,2,16,2021-07-28,84,0.875,False,212.0,212.28640747070312,0.286407470703125,0.286407470703125,2021-07-28 12:00:00,2021-07-28 11:45:00,-15.0,15.0
D1,F6-3-c2048-q0.6,2,16,2021-07-29,84,0.875,False,211.0,204.58958435058594,-6.4104156494140625,6.4104156494140625,2021-07-29 12:00:00,2021-07-29 11:45:00,-15.0,15.0
D1,F6-3-c2048-q0.6,2,16,2021-07-30,84,0.875,False,212.0,209.6779022216797,-2.3220977783203125,2.3220977783203125,2021-07-30 12:00:00,2021-07-30 12:00:00,0.0,0.0
D1,F6-3-c2048-q0.6,2,16,2021-07-31,96,1.0,True,80.0,112.36216735839844,32.36216735839844,32.36216735839844,2021-07-31 00:00:00,2021-07-31 03:45:00,225.0,225.0
D1,F6-3-c2048-q0.6,2,16,2021-08-01,96,1.0,True,28.0,25.271507263183594,-2.7284927368164062,2.7284927368164062,2021-08-01 09:00:00,2021-08-01 02:00:00,-420.0,420.0
D1,F6-3-c2048-q0.6,2,16,2021-08-09,39,0.40625,False,215.0,81.10496520996094,-133.89503479003906,133.89503479003906,2021-08-09 08:45:00,2021-08-09 09:15:00,30.0,30.0
D2,F6-3-c2048-q0.6,0,4,2021-04-19,96,1.0,True,172.0,176.5062713623047,4.5062713623046875,4.5062713623046875,2021-04-19 08:45:00,2021-04-19 13:15:00,270.0,270.0
D2,F6-3-c2048-q0.6,0,4,2021-04-20,96,1.0,True,172.0,174.74325561523438,2.743255615234375,2.743255615234375,2021-04-20 08:45:00,2021-04-20 09:00:00,15.0,15.0
D2,F6-3-c2048-q0.6,0,4,2021-04-21,96,1.0,True,174.0,178.124267578125,4.124267578125,4.124267578125,2021-04-21 08:30:00,2021-04-21 09:00:00,30.0,30.0
D2,F6-3-c2048-q0.6,0,4,2021-04-22,96,1.0,True,174.0,171.28289794921875,-2.71710205078125,2.71710205078125,2021-04-22 08:30:00,2021-04-22 10:30:00,120.0,120.0
D2,F6-3-c2048-q0.6,0,4,2021-04-23,96,1.0,True,174.0,173.6055908203125,-0.3944091796875,0.3944091796875,2021-04-23 08:30:00,2021-04-23 10:30:00,120.0,120.0
D2,F6-3-c2048-q0.6,0,4,2021-04-24,96,1.0,True,112.0,110.88604736328125,-1.11395263671875,1.11395263671875,2021-04-24 06:15:00,2021-04-24 04:30:00,-105.0,105.0
D2,F6-3-c2048-q0.6,0,4,2021-04-25,96,1.0,True,25.0,52.4945068359375,27.4945068359375,27.4945068359375,2021-04-25 01:30:00,2021-04-25 00:45:00,-45.0,45.0
D2,F6-3-c2048-q0.6,0,4,2021-05-03,96,1.0,True,184.0,176.24124145507812,-7.758758544921875,7.758758544921875,2021-05-03 08:30:00,2021-05-03 15:00:00,390.0,390.0
D2,F6-3-c2048-q0.6,0,4,2021-05-04,96,1.0,True,181.0,176.37020874023438,-4.629791259765625,4.629791259765625,2021-05-04 08:30:00,2021-05-04 08:30:00,0.0,0.0
D2,F6-3-c2048-q0.6,0,4,2021-05-05,96,1.0,True,120.0,171.4765167236328,51.47651672363281,51.47651672363281,2021-05-05 04:15:00,2021-05-05 08:30:00,255.0,255.0
D2,F6-3-c2048-q0.6,0,4,2021-05-06,96,1.0,True,199.0,180.87567138671875,-18.12432861328125,18.12432861328125,2021-05-06 09:00:00,2021-05-06 12:00:00,180.0,180.0
D2,F6-3-c2048-q0.6,0,4,2021-05-07,96,1.0,True,181.0,179.52615356445312,-1.473846435546875,1.473846435546875,2021-05-07 09:00:00,2021-05-07 08:30:00,-30.0,30.0
D2,F6-3-c2048-q0.6,0,4,2021-05-08,96,1.0,True,115.0,109.81752014160156,-5.1824798583984375,5.1824798583984375,2021-05-08 02:00:00,2021-05-08 06:15:00,255.0,255.0
D2,F6-3-c2048-q0.6,0,4,2021-05-09,96,1.0,True,184.0,180.26597595214844,-3.7340240478515625,3.7340240478515625,2021-05-09 09:00:00,2021-05-09 09:45:00,45.0,45.0
D2,F6-3-c2048-q0.6,0,5,2021-04-19,96,1.0,True,172.0,176.22140502929688,4.221405029296875,4.221405029296875,2021-04-19 08:45:00,2021-04-19 13:15:00,270.0,270.0
D2,F6-3-c2048-q0.6,0,5,2021-04-20,96,1.0,True,172.0,172.78848266601562,0.788482666015625,0.788482666015625,2021-04-20 08:45:00,2021-04-20 09:00:00,15.0,15.0
D2,F6-3-c2048-q0.6,0,5,2021-04-21,96,1.0,True,174.0,176.73980712890625,2.73980712890625,2.73980712890625,2021-04-21 08:30:00,2021-04-21 09:00:00,30.0,30.0
D2,F6-3-c2048-q0.6,0,5,2021-04-22,96,1.0,True,174.0,170.44735717773438,-3.552642822265625,3.552642822265625,2021-04-22 08:30:00,2021-04-22 10:45:00,135.0,135.0
D2,F6-3-c2048-q0.6,0,5,2021-04-23,96,1.0,True,174.0,172.39959716796875,-1.60040283203125,1.60040283203125,2021-04-23 08:30:00,2021-04-23 08:30:00,0.0,0.0
D2,F6-3-c2048-q0.6,0,5,2021-04-24,96,1.0,True,112.0,110.93388366699219,-1.0661163330078125,1.0661163330078125,2021-04-24 06:15:00,2021-04-24 04:45:00,-90.0,90.0
D2,F6-3-c2048-q0.6,0,5,2021-04-25,96,1.0,True,25.0,53.49448013305664,28.49448013305664,28.49448013305664,2021-04-25 01:30:00,2021-04-25 01:00:00,-30.0,30.0
D2,F6-3-c2048-q0.6,0,5,2021-05-03,96,1.0,True,184.0,175.70530700683594,-8.294692993164062,8.294692993164062,2021-05-03 08:30:00,2021-05-03 15:30:00,420.0,420.0
D2,F6-3-c2048-q0.6,0,5,2021-05-04,96,1.0,True,181.0,175.22984313964844,-5.7701568603515625,5.7701568603515625,2021-05-04 08:30:00,2021-05-04 08:30:00,0.0,0.0
D2,F6-3-c2048-q0.6,0,5,2021-05-05,96,1.0,True,120.0,177.03131103515625,57.03131103515625,57.03131103515625,2021-05-05 04:15:00,2021-05-05 08:30:00,255.0,255.0
D2,F6-3-c2048-q0.6,0,5,2021-05-06,96,1.0,True,199.0,182.613525390625,-16.386474609375,16.386474609375,2021-05-06 09:00:00,2021-05-06 11:15:00,135.0,135.0
D2,F6-3-c2048-q0.6,0,5,2021-05-07,96,1.0,True,181.0,177.63107299804688,-3.368927001953125,3.368927001953125,2021-05-07 09:00:00,2021-05-07 08:30:00,-30.0,30.0
D2,F6-3-c2048-q0.6,0,5,2021-05-08,96,1.0,True,115.0,109.91912841796875,-5.08087158203125,5.08087158203125,2021-05-08 02:00:00,2021-05-08 06:15:00,255.0,255.0
D2,F6-3-c2048-q0.6,0,5,2021-05-09,96,1.0,True,184.0,178.0159149169922,-5.9840850830078125,5.9840850830078125,2021-05-09 09:00:00,2021-05-09 09:45:00,45.0,45.0
D2,F6-3-c2048-q0.6,0,6,2021-04-19,96,1.0,True,172.0,176.90576171875,4.90576171875,4.90576171875,2021-04-19 08:45:00,2021-04-19 13:15:00,270.0,270.0
D2,F6-3-c2048-q0.6,0,6,2021-04-20,96,1.0,True,172.0,169.8292999267578,-2.1707000732421875,2.1707000732421875,2021-04-20 08:45:00,2021-04-20 08:45:00,0.0,0.0
D2,F6-3-c2048-q0.6,0,6,2021-04-21,96,1.0,True,174.0,175.4183349609375,1.4183349609375,1.4183349609375,2021-04-21 08:30:00,2021-04-21 09:00:00,30.0,30.0
D2,F6-3-c2048-q0.6,0,6,2021-04-22,96,1.0,True,174.0,171.30615234375,-2.69384765625,2.69384765625,2021-04-22 08:30:00,2021-04-22 08:30:00,0.0,0.0
D2,F6-3-c2048-q0.6,0,6,2021-04-23,96,1.0,True,174.0,173.44635009765625,-0.55364990234375,0.55364990234375,2021-04-23 08:30:00,2021-04-23 08:30:00,0.0,0.0
D2,F6-3-c2048-q0.6,0,6,2021-04-24,96,1.0,True,112.0,109.37457275390625,-2.62542724609375,2.62542724609375,2021-04-24 06:15:00,2021-04-24 06:15:00,0.0,0.0
D2,F6-3-c2048-q0.6,0,6,2021-04-25,96,1.0,True,25.0,65.23577880859375,40.23577880859375,40.23577880859375,2021-04-25 01:30:00,2021-04-25 01:15:00,-15.0,15.0
D2,F6-3-c2048-q0.6,0,6,2021-05-03,96,1.0,True,184.0,176.1057586669922,-7.8942413330078125,7.8942413330078125,2021-05-03 08:30:00,2021-05-03 15:45:00,435.0,435.0
D2,F6-3-c2048-q0.6,0,6,2021-05-04,96,1.0,True,181.0,177.4910888671875,-3.5089111328125,3.5089111328125,2021-05-04 08:30:00,2021-05-04 08:30:00,0.0,0.0
D2,F6-3-c2048-q0.6,0,6,2021-05-05,96,1.0,True,120.0,179.28042602539062,59.280426025390625,59.280426025390625,2021-05-05 04:15:00,2021-05-05 08:30:00,255.0,255.0
D2,F6-3-c2048-q0.6,0,6,2021-05-06,96,1.0,True,199.0,181.06939697265625,-17.93060302734375,17.93060302734375,2021-05-06 09:00:00,2021-05-06 12:00:00,180.0,180.0
D2,F6-3-c2048-q0.6,0,6,2021-05-07,96,1.0,True,181.0,178.26211547851562,-2.737884521484375,2.737884521484375,2021-05-07 09:00:00,2021-05-07 08:30:00,-30.0,30.0
D2,F6-3-c2048-q0.6,0,6,2021-05-08,96,1.0,True,115.0,112.65829467773438,-2.341705322265625,2.341705322265625,2021-05-08 02:00:00,2021-05-08 06:15:00,255.0,255.0
D2,F6-3-c2048-q0.6,0,6,2021-05-09,96,1.0,True,184.0,177.42926025390625,-6.57073974609375,6.57073974609375,2021-05-09 09:00:00,2021-05-09 10:00:00,60.0,60.0
D2,F6-3-c2048-q0.6,0,7,2021-04-19,96,1.0,True,172.0,176.20736694335938,4.207366943359375,4.207366943359375,2021-04-19 08:45:00,2021-04-19 13:15:00,270.0,270.0
D2,F6-3-c2048-q0.6,0,7,2021-04-20,96,1.0,True,172.0,170.05743408203125,-1.94256591796875,1.94256591796875,2021-04-20 08:45:00,2021-04-20 09:00:00,15.0,15.0
D2,F6-3-c2048-q0.6,0,7,2021-04-21,96,1.0,True,174.0,174.41302490234375,0.41302490234375,0.41302490234375,2021-04-21 08:30:00,2021-04-21 09:00:00,30.0,30.0
D2,F6-3-c2048-q0.6,0,7,2021-04-22,96,1.0,True,174.0,169.80862426757812,-4.191375732421875,4.191375732421875,2021-04-22 08:30:00,2021-04-22 10:45:00,135.0,135.0
D2,F6-3-c2048-q0.6,0,7,2021-04-23,96,1.0,True,174.0,172.69021606445312,-1.309783935546875,1.309783935546875,2021-04-23 08:30:00,2021-04-23 10:30:00,120.0,120.0
D2,F6-3-c2048-q0.6,0,7,2021-04-24,96,1.0,True,112.0,108.85124969482422,-3.1487503051757812,3.1487503051757812,2021-04-24 06:15:00,2021-04-24 04:45:00,-90.0,90.0
D2,F6-3-c2048-q0.6,0,7,2021-04-25,96,1.0,True,25.0,70.10975646972656,45.10975646972656,45.10975646972656,2021-04-25 01:30:00,2021-04-25 01:30:00,0.0,0.0
D2,F6-3-c2048-q0.6,0,7,2021-05-03,96,1.0,True,184.0,172.66261291503906,-11.337387084960938,11.337387084960938,2021-05-03 08:30:00,2021-05-03 15:45:00,435.0,435.0
D2,F6-3-c2048-q0.6,0,7,2021-05-04,96,1.0,True,181.0,175.5015869140625,-5.4984130859375,5.4984130859375,2021-05-04 08:30:00,2021-05-04 08:30:00,0.0,0.0
D2,F6-3-c2048-q0.6,0,7,2021-05-05,96,1.0,True,120.0,177.35903930664062,57.359039306640625,57.359039306640625,2021-05-05 04:15:00,2021-05-05 08:30:00,255.0,255.0
D2,F6-3-c2048-q0.6,0,7,2021-05-06,96,1.0,True,199.0,181.28939819335938,-17.710601806640625,17.710601806640625,2021-05-06 09:00:00,2021-05-06 11:45:00,165.0,165.0
D2,F6-3-c2048-q0.6,0,7,2021-05-07,96,1.0,True,181.0,176.55609130859375,-4.44390869140625,4.44390869140625,2021-05-07 09:00:00,2021-05-07 08:30:00,-30.0,30.0
D2,F6-3-c2048-q0.6,0,7,2021-05-08,96,1.0,True,115.0,111.51551055908203,-3.4844894409179688,3.4844894409179688,2021-05-08 02:00:00,2021-05-08 06:15:00,255.0,255.0
D2,F6-3-c2048-q0.6,0,7,2021-05-09,96,1.0,True,184.0,173.58438110351562,-10.415618896484375,10.415618896484375,2021-05-09 09:00:00,2021-05-09 10:45:00,105.0,105.0
D2,F6-3-c2048-q0.6,0,8,2021-04-19,96,1.0,True,172.0,175.7755126953125,3.7755126953125,3.7755126953125,2021-04-19 08:45:00,2021-04-19 13:15:00,270.0,270.0
D2,F6-3-c2048-q0.6,0,8,2021-04-20,96,1.0,True,172.0,167.54588317871094,-4.4541168212890625,4.4541168212890625,2021-04-20 08:45:00,2021-04-20 09:15:00,30.0,30.0
D2,F6-3-c2048-q0.6,0,8,2021-04-21,96,1.0,True,174.0,176.67694091796875,2.67694091796875,2.67694091796875,2021-04-21 08:30:00,2021-04-21 09:00:00,30.0,30.0
D2,F6-3-c2048-q0.6,0,8,2021-04-22,96,1.0,True,174.0,172.75076293945312,-1.249237060546875,1.249237060546875,2021-04-22 08:30:00,2021-04-22 08:30:00,0.0,0.0
D2,F6-3-c2048-q0.6,0,8,2021-04-23,96,1.0,True,174.0,174.81256103515625,0.81256103515625,0.81256103515625,2021-04-23 08:30:00,2021-04-23 08:30:00,0.0,0.0
D2,F6-3-c2048-q0.6,0,8,2021-04-24,96,1.0,True,112.0,107.6953353881836,-4.304664611816406,4.304664611816406,2021-04-24 06:15:00,2021-04-24 06:15:00,0.0,0.0
D2,F6-3-c2048-q0.6,0,8,2021-04-25,96,1.0,True,25.0,70.490966796875,45.490966796875,45.490966796875,2021-04-25 01:30:00,2021-04-25 01:45:00,15.0,15.0
D2,F6-3-c2048-q0.6,0,8,2021-05-03,96,1.0,True,184.0,170.5711669921875,-13.4288330078125,13.4288330078125,2021-05-03 08:30:00,2021-05-03 11:15:00,165.0,165.0
D2,F6-3-c2048-q0.6,0,8,2021-05-04,96,1.0,True,181.0,176.61300659179688,-4.386993408203125,4.386993408203125,2021-05-04 08:30:00,2021-05-04 08:30:00,0.0,0.0
D2,F6-3-c2048-q0.6,0,8,2021-05-05,96,1.0,True,120.0,179.68765258789062,59.687652587890625,59.687652587890625,2021-05-05 04:15:00,2021-05-05 08:30:00,255.0,255.0
D2,F6-3-c2048-q0.6,0,8,2021-05-06,96,1.0,True,199.0,183.93313598632812,-15.066864013671875,15.066864013671875,2021-05-06 09:00:00,2021-05-06 12:00:00,180.0,180.0
D2,F6-3-c2048-q0.6,0,8,2021-05-07,96,1.0,True,181.0,178.74868774414062,-2.251312255859375,2.251312255859375,2021-05-07 09:00:00,2021-05-07 08:30:00,-30.0,30.0
D2,F6-3-c2048-q0.6,0,8,2021-05-08,96,1.0,True,115.0,111.59754943847656,-3.4024505615234375,3.4024505615234375,2021-05-08 02:00:00,2021-05-08 06:15:00,255.0,255.0
D2,F6-3-c2048-q0.6,0,8,2021-05-09,96,1.0,True,184.0,174.39187622070312,-9.608123779296875,9.608123779296875,2021-05-09 09:00:00,2021-05-09 11:00:00,120.0,120.0
D2,F6-3-c2048-q0.6,0,9,2021-04-19,96,1.0,True,172.0,175.373291015625,3.373291015625,3.373291015625,2021-04-19 08:45:00,2021-04-19 13:15:00,270.0,270.0
D2,F6-3-c2048-q0.6,0,9,2021-04-20,96,1.0,True,172.0,167.796875,-4.203125,4.203125,2021-04-20 08:45:00,2021-04-20 12:00:00,195.0,195.0
D2,F6-3-c2048-q0.6,0,9,2021-04-21,96,1.0,True,174.0,176.17428588867188,2.174285888671875,2.174285888671875,2021-04-21 08:30:00,2021-04-21 09:00:00,30.0,30.0
D2,F6-3-c2048-q0.6,0,9,2021-04-22,96,1.0,True,174.0,172.388916015625,-1.611083984375,1.611083984375,2021-04-22 08:30:00,2021-04-22 08:30:00,0.0,0.0
D2,F6-3-c2048-q0.6,0,9,2021-04-23,96,1.0,True,174.0,172.9847412109375,-1.0152587890625,1.0152587890625,2021-04-23 08:30:00,2021-04-23 08:30:00,0.0,0.0
D2,F6-3-c2048-q0.6,0,9,2021-04-24,96,1.0,True,112.0,109.4669189453125,-2.5330810546875,2.5330810546875,2021-04-24 06:15:00,2021-04-24 04:45:00,-90.0,90.0
D2,F6-3-c2048-q0.6,0,9,2021-04-25,96,1.0,True,25.0,67.73895263671875,42.73895263671875,42.73895263671875,2021-04-25 01:30:00,2021-04-25 02:00:00,30.0,30.0
D2,F6-3-c2048-q0.6,0,9,2021-05-03,96,1.0,True,184.0,170.24172973632812,-13.758270263671875,13.758270263671875,2021-05-03 08:30:00,2021-05-03 11:45:00,195.0,195.0
D2,F6-3-c2048-q0.6,0,9,2021-05-04,96,1.0,True,181.0,175.59127807617188,-5.408721923828125,5.408721923828125,2021-05-04 08:30:00,2021-05-04 08:30:00,0.0,0.0
D2,F6-3-c2048-q0.6,0,9,2021-05-05,96,1.0,True,120.0,179.0113525390625,59.0113525390625,59.0113525390625,2021-05-05 04:15:00,2021-05-05 08:30:00,255.0,255.0
D2,F6-3-c2048-q0.6,0,9,2021-05-06,96,1.0,True,199.0,182.51821899414062,-16.481781005859375,16.481781005859375,2021-05-06 09:00:00,2021-05-06 12:00:00,180.0,180.0
D2,F6-3-c2048-q0.6,0,9,2021-05-07,96,1.0,True,181.0,179.48214721679688,-1.517852783203125,1.517852783203125,2021-05-07 09:00:00,2021-05-07 08:30:00,-30.0,30.0
D2,F6-3-c2048-q0.6,0,9,2021-05-08,96,1.0,True,115.0,109.48384094238281,-5.5161590576171875,5.5161590576171875,2021-05-08 02:00:00,2021-05-08 06:15:00,255.0,255.0
D2,F6-3-c2048-q0.6,0,9,2021-05-09,96,1.0,True,184.0,174.37533569335938,-9.624664306640625,9.624664306640625,2021-05-09 09:00:00,2021-05-09 11:00:00,120.0,120.0
D2,F6-3-c2048-q0.6,0,10,2021-04-19,96,1.0,True,172.0,178.7911376953125,6.7911376953125,6.7911376953125,2021-04-19 08:45:00,2021-04-19 13:15:00,270.0,270.0
D2,F6-3-c2048-q0.6,0,10,2021-04-20,96,1.0,True,172.0,166.9551239013672,-5.0448760986328125,5.0448760986328125,2021-04-20 08:45:00,2021-04-20 11:15:00,150.0,150.0
D2,F6-3-c2048-q0.6,0,10,2021-04-21,96,1.0,True,174.0,177.45327758789062,3.453277587890625,3.453277587890625,2021-04-21 08:30:00,2021-04-21 09:00:00,30.0,30.0
D2,F6-3-c2048-q0.6,0,10,2021-04-22,96,1.0,True,174.0,171.51486206054688,-2.485137939453125,2.485137939453125,2021-04-22 08:30:00,2021-04-22 08:30:00,0.0,0.0
D2,F6-3-c2048-q0.6,0,10,2021-04-23,96,1.0,True,174.0,174.98519897460938,0.985198974609375,0.985198974609375,2021-04-23 08:30:00,2021-04-23 08:30:00,0.0,0.0
D2,F6-3-c2048-q0.6,0,10,2021-04-24,96,1.0,True,112.0,112.38511657714844,0.3851165771484375,0.3851165771484375,2021-04-24 06:15:00,2021-04-24 04:45:00,-90.0,90.0
D2,F6-3-c2048-q0.6,0,10,2021-04-25,96,1.0,True,25.0,67.08387756347656,42.08387756347656,42.08387756347656,2021-04-25 01:30:00,2021-04-25 02:15:00,45.0,45.0
D2,F6-3-c2048-q0.6,0,10,2021-05-03,96,1.0,True,184.0,171.71937561035156,-12.280624389648438,12.280624389648438,2021-05-03 08:30:00,2021-05-03 12:00:00,210.0,210.0
D2,F6-3-c2048-q0.6,0,10,2021-05-04,96,1.0,True,181.0,175.30007934570312,-5.699920654296875,5.699920654296875,2021-05-04 08:30:00,2021-05-04 13:15:00,285.0,285.0
D2,F6-3-c2048-q0.6,0,10,2021-05-05,96,1.0,True,120.0,180.44607543945312,60.446075439453125,60.446075439453125,2021-05-05 04:15:00,2021-05-05 08:30:00,255.0,255.0
D2,F6-3-c2048-q0.6,0,10,2021-05-06,96,1.0,True,199.0,182.1064910888672,-16.893508911132812,16.893508911132812,2021-05-06 09:00:00,2021-05-06 13:30:00,270.0,270.0
D2,F6-3-c2048-q0.6,0,10,2021-05-07,96,1.0,True,181.0,178.41659545898438,-2.583404541015625,2.583404541015625,2021-05-07 09:00:00,2021-05-07 08:30:00,-30.0,30.0
D2,F6-3-c2048-q0.6,0,10,2021-05-08,96,1.0,True,115.0,112.21712493896484,-2.7828750610351562,2.7828750610351562,2021-05-08 02:00:00,2021-05-08 06:15:00,255.0,255.0
D2,F6-3-c2048-q0.6,0,10,2021-05-09,96,1.0,True,184.0,174.49029541015625,-9.50970458984375,9.50970458984375,2021-05-09 09:00:00,2021-05-09 11:00:00,120.0,120.0
D2,F6-3-c2048-q0.6,0,11,2021-04-19,96,1.0,True,172.0,176.98646545410156,4.9864654541015625,4.9864654541015625,2021-04-19 08:45:00,2021-04-19 13:15:00,270.0,270.0
D2,F6-3-c2048-q0.6,0,11,2021-04-20,96,1.0,True,172.0,165.8074188232422,-6.1925811767578125,6.1925811767578125,2021-04-20 08:45:00,2021-04-20 12:00:00,195.0,195.0
D2,F6-3-c2048-q0.6,0,11,2021-04-21,96,1.0,True,174.0,176.7986297607422,2.7986297607421875,2.7986297607421875,2021-04-21 08:30:00,2021-04-21 09:00:00,30.0,30.0
D2,F6-3-c2048-q0.6,0,11,2021-04-22,96,1.0,True,174.0,171.011962890625,-2.988037109375,2.988037109375,2021-04-22 08:30:00,2021-04-22 08:30:00,0.0,0.0
D2,F6-3-c2048-q0.6,0,11,2021-04-23,96,1.0,True,174.0,171.60777282714844,-2.3922271728515625,2.3922271728515625,2021-04-23 08:30:00,2021-04-23 08:30:00,0.0,0.0
D2,F6-3-c2048-q0.6,0,11,2021-04-24,96,1.0,True,112.0,111.93299102783203,-0.06700897216796875,0.06700897216796875,2021-04-24 06:15:00,2021-04-24 04:45:00,-90.0,90.0
D2,F6-3-c2048-q0.6,0,11,2021-04-25,96,1.0,True,25.0,67.19586181640625,42.19586181640625,42.19586181640625,2021-04-25 01:30:00,2021-04-25 02:30:00,60.0,60.0
D2,F6-3-c2048-q0.6,0,11,2021-05-03,96,1.0,True,184.0,169.75836181640625,-14.24163818359375,14.24163818359375,2021-05-03 08:30:00,2021-05-03 12:00:00,210.0,210.0
D2,F6-3-c2048-q0.6,0,11,2021-05-04,96,1.0,True,181.0,175.39569091796875,-5.60430908203125,5.60430908203125,2021-05-04 08:30:00,2021-05-04 13:45:00,315.0,315.0
D2,F6-3-c2048-q0.6,0,11,2021-05-05,96,1.0,True,120.0,179.43972778320312,59.439727783203125,59.439727783203125,2021-05-05 04:15:00,2021-05-05 08:30:00,255.0,255.0
D2,F6-3-c2048-q0.6,0,11,2021-05-06,96,1.0,True,199.0,182.4879150390625,-16.5120849609375,16.5120849609375,2021-05-06 09:00:00,2021-05-06 13:45:00,285.0,285.0
D2,F6-3-c2048-q0.6,0,11,2021-05-07,96,1.0,True,181.0,176.79397583007812,-4.206024169921875,4.206024169921875,2021-05-07 09:00:00,2021-05-07 08:30:00,-30.0,30.0
D2,F6-3-c2048-q0.6,0,11,2021-05-08,96,1.0,True,115.0,109.15385437011719,-5.8461456298828125,5.8461456298828125,2021-05-08 02:00:00,2021-05-08 06:15:00,255.0,255.0
D2,F6-3-c2048-q0.6,0,11,2021-05-09,96,1.0,True,184.0,174.37149047851562,-9.628509521484375,9.628509521484375,2021-05-09 09:00:00,2021-05-09 11:15:00,135.0,135.0
D2,F6-3-c2048-q0.6,0,12,2021-04-19,96,1.0,True,172.0,175.2330322265625,3.2330322265625,3.2330322265625,2021-04-19 08:45:00,2021-04-19 13:15:00,270.0,270.0
D2,F6-3-c2048-q0.6,0,12,2021-04-20,96,1.0,True,172.0,166.6558837890625,-5.3441162109375,5.3441162109375,2021-04-20 08:45:00,2021-04-20 08:45:00,0.0,0.0
D2,F6-3-c2048-q0.6,0,12,2021-04-21,96,1.0,True,174.0,176.79730224609375,2.79730224609375,2.79730224609375,2021-04-21 08:30:00,2021-04-21 09:00:00,30.0,30.0
D2,F6-3-c2048-q0.6,0,12,2021-04-22,96,1.0,True,174.0,171.5238037109375,-2.4761962890625,2.4761962890625,2021-04-22 08:30:00,2021-04-22 08:30:00,0.0,0.0
D2,F6-3-c2048-q0.6,0,12,2021-04-23,96,1.0,True,174.0,171.9709930419922,-2.0290069580078125,2.0290069580078125,2021-04-23 08:30:00,2021-04-23 10:45:00,135.0,135.0
D2,F6-3-c2048-q0.6,0,12,2021-04-24,96,1.0,True,112.0,111.43527221679688,-0.564727783203125,0.564727783203125,2021-04-24 06:15:00,2021-04-24 04:45:00,-90.0,90.0
D2,F6-3-c2048-q0.6,0,12,2021-04-25,96,1.0,True,25.0,67.37191009521484,42.371910095214844,42.371910095214844,2021-04-25 01:30:00,2021-04-25 02:45:00,75.0,75.0
D2,F6-3-c2048-q0.6,0,12,2021-05-03,96,1.0,True,184.0,166.00537109375,-17.99462890625,17.99462890625,2021-05-03 08:30:00,2021-05-03 13:45:00,315.0,315.0
D2,F6-3-c2048-q0.6,0,12,2021-05-04,96,1.0,True,181.0,174.97573852539062,-6.024261474609375,6.024261474609375,2021-05-04 08:30:00,2021-05-04 13:30:00,300.0,300.0
D2,F6-3-c2048-q0.6,0,12,2021-05-05,96,1.0,True,120.0,177.27589416503906,57.27589416503906,57.27589416503906,2021-05-05 04:15:00,2021-05-05 08:30:00,255.0,255.0
D2,F6-3-c2048-q0.6,0,12,2021-05-06,96,1.0,True,199.0,180.5426025390625,-18.4573974609375,18.4573974609375,2021-05-06 09:00:00,2021-05-06 13:30:00,270.0,270.0
D2,F6-3-c2048-q0.6,0,12,2021-05-07,96,1.0,True,181.0,174.59019470214844,-6.4098052978515625,6.4098052978515625,2021-05-07 09:00:00,2021-05-07 08:30:00,-30.0,30.0
D2,F6-3-c2048-q0.6,0,12,2021-05-08,96,1.0,True,115.0,108.607666015625,-6.392333984375,6.392333984375,2021-05-08 02:00:00,2021-05-08 06:15:00,255.0,255.0
D2,F6-3-c2048-q0.6,0,12,2021-05-09,96,1.0,True,184.0,172.55174255371094,-11.448257446289062,11.448257446289062,2021-05-09 09:00:00,2021-05-09 11:30:00,150.0,150.0
D2,F6-3-c2048-q0.6,0,13,2021-04-19,96,1.0,True,172.0,173.75469970703125,1.75469970703125,1.75469970703125,2021-04-19 08:45:00,2021-04-19 13:15:00,270.0,270.0
D2,F6-3-c2048-q0.6,0,13,2021-04-20,96,1.0,True,172.0,169.56161499023438,-2.438385009765625,2.438385009765625,2021-04-20 08:45:00,2021-04-20 08:45:00,0.0,0.0
D2,F6-3-c2048-q0.6,0,13,2021-04-21,96,1.0,True,174.0,173.82171630859375,-0.17828369140625,0.17828369140625,2021-04-21 08:30:00,2021-04-21 09:00:00,30.0,30.0
D2,F6-3-c2048-q0.6,0,13,2021-04-22,96,1.0,True,174.0,171.8274383544922,-2.1725616455078125,2.1725616455078125,2021-04-22 08:30:00,2021-04-22 11:00:00,150.0,150.0
D2,F6-3-c2048-q0.6,0,13,2021-04-23,96,1.0,True,174.0,173.06106567382812,-0.938934326171875,0.938934326171875,2021-04-23 08:30:00,2021-04-23 11:00:00,150.0,150.0
D2,F6-3-c2048-q0.6,0,13,2021-04-24,96,1.0,True,112.0,111.14440155029297,-0.8555984497070312,0.8555984497070312,2021-04-24 06:15:00,2021-04-24 04:45:00,-90.0,90.0
D2,F6-3-c2048-q0.6,0,13,2021-04-25,96,1.0,True,25.0,65.05618286132812,40.056182861328125,40.056182861328125,2021-04-25 01:30:00,2021-04-25 03:00:00,90.0,90.0
D2,F6-3-c2048-q0.6,0,13,2021-05-03,96,1.0,True,184.0,165.7528839111328,-18.247116088867188,18.247116088867188,2021-05-03 08:30:00,2021-05-03 12:00:00,210.0,210.0
D2,F6-3-c2048-q0.6,0,13,2021-05-04,96,1.0,True,181.0,175.33250427246094,-5.6674957275390625,5.6674957275390625,2021-05-04 08:30:00,2021-05-04 13:45:00,315.0,315.0
D2,F6-3-c2048-q0.6,0,13,2021-05-05,96,1.0,True,120.0,177.11634826660156,57.11634826660156,57.11634826660156,2021-05-05 04:15:00,2021-05-05 08:30:00,255.0,255.0
D2,F6-3-c2048-q0.6,0,13,2021-05-06,96,1.0,True,199.0,181.5670623779297,-17.432937622070312,17.432937622070312,2021-05-06 09:00:00,2021-05-06 13:45:00,285.0,285.0
D2,F6-3-c2048-q0.6,0,13,2021-05-07,96,1.0,True,181.0,174.84432983398438,-6.155670166015625,6.155670166015625,2021-05-07 09:00:00,2021-05-07 08:30:00,-30.0,30.0
D2,F6-3-c2048-q0.6,0,13,2021-05-08,96,1.0,True,115.0,110.37504577636719,-4.6249542236328125,4.6249542236328125,2021-05-08 02:00:00,2021-05-08 06:15:00,255.0,255.0
D2,F6-3-c2048-q0.6,0,13,2021-05-09,96,1.0,True,184.0,173.67892456054688,-10.321075439453125,10.321075439453125,2021-05-09 09:00:00,2021-05-09 11:45:00,165.0,165.0
D2,F6-3-c2048-q0.6,0,14,2021-04-19,96,1.0,True,172.0,174.67282104492188,2.672821044921875,2.672821044921875,2021-04-19 08:45:00,2021-04-19 13:15:00,270.0,270.0
D2,F6-3-c2048-q0.6,0,14,2021-04-20,96,1.0,True,172.0,171.11062622070312,-0.889373779296875,0.889373779296875,2021-04-20 08:45:00,2021-04-20 09:00:00,15.0,15.0
D2,F6-3-c2048-q0.6,0,14,2021-04-21,96,1.0,True,174.0,175.0418243408203,1.0418243408203125,1.0418243408203125,2021-04-21 08:30:00,2021-04-21 12:00:00,210.0,210.0
D2,F6-3-c2048-q0.6,0,14,2021-04-22,96,1.0,True,174.0,171.54449462890625,-2.45550537109375,2.45550537109375,2021-04-22 08:30:00,2021-04-22 10:45:00,135.0,135.0
D2,F6-3-c2048-q0.6,0,14,2021-04-23,96,1.0,True,174.0,171.85598754882812,-2.144012451171875,2.144012451171875,2021-04-23 08:30:00,2021-04-23 10:30:00,120.0,120.0
D2,F6-3-c2048-q0.6,0,14,2021-04-24,96,1.0,True,112.0,110.80241394042969,-1.1975860595703125,1.1975860595703125,2021-04-24 06:15:00,2021-04-24 04:45:00,-90.0,90.0
D2,F6-3-c2048-q0.6,0,14,2021-04-25,96,1.0,True,25.0,59.247840881347656,34.247840881347656,34.247840881347656,2021-04-25 01:30:00,2021-04-25 03:15:00,105.0,105.0
D2,F6-3-c2048-q0.6,0,14,2021-05-03,96,1.0,True,184.0,166.21487426757812,-17.785125732421875,17.785125732421875,2021-05-03 08:30:00,2021-05-03 12:00:00,210.0,210.0
D2,F6-3-c2048-q0.6,0,14,2021-05-04,96,1.0,True,181.0,175.8802490234375,-5.1197509765625,5.1197509765625,2021-05-04 08:30:00,2021-05-04 13:15:00,285.0,285.0
D2,F6-3-c2048-q0.6,0,14,2021-05-05,96,1.0,True,120.0,178.57958984375,58.57958984375,58.57958984375,2021-05-05 04:15:00,2021-05-05 08:30:00,255.0,255.0
D2,F6-3-c2048-q0.6,0,14,2021-05-06,96,1.0,True,199.0,182.0052490234375,-16.9947509765625,16.9947509765625,2021-05-06 09:00:00,2021-05-06 13:30:00,270.0,270.0
D2,F6-3-c2048-q0.6,0,14,2021-05-07,96,1.0,True,181.0,176.4696502685547,-4.5303497314453125,4.5303497314453125,2021-05-07 09:00:00,2021-05-07 08:30:00,-30.0,30.0
D2,F6-3-c2048-q0.6,0,14,2021-05-08,96,1.0,True,115.0,108.91041564941406,-6.0895843505859375,6.0895843505859375,2021-05-08 02:00:00,2021-05-08 06:30:00,270.0,270.0
D2,F6-3-c2048-q0.6,0,14,2021-05-09,96,1.0,True,184.0,171.73252868652344,-12.267471313476562,12.267471313476562,2021-05-09 09:00:00,2021-05-09 12:00:00,180.0,180.0
D2,F6-3-c2048-q0.6,0,15,2021-04-19,96,1.0,True,172.0,171.20541381835938,-0.794586181640625,0.794586181640625,2021-04-19 08:45:00,2021-04-19 13:15:00,270.0,270.0
D2,F6-3-c2048-q0.6,0,15,2021-04-20,96,1.0,True,172.0,170.2201385498047,-1.7798614501953125,1.7798614501953125,2021-04-20 08:45:00,2021-04-20 09:00:00,15.0,15.0
D2,F6-3-c2048-q0.6,0,15,2021-04-21,96,1.0,True,174.0,174.58522033691406,0.5852203369140625,0.5852203369140625,2021-04-21 08:30:00,2021-04-21 12:00:00,210.0,210.0
D2,F6-3-c2048-q0.6,0,15,2021-04-22,96,1.0,True,174.0,170.24945068359375,-3.75054931640625,3.75054931640625,2021-04-22 08:30:00,2021-04-22 10:30:00,120.0,120.0
D2,F6-3-c2048-q0.6,0,15,2021-04-23,96,1.0,True,174.0,171.58383178710938,-2.416168212890625,2.416168212890625,2021-04-23 08:30:00,2021-04-23 10:30:00,120.0,120.0
D2,F6-3-c2048-q0.6,0,15,2021-04-24,96,1.0,True,112.0,110.55509948730469,-1.4449005126953125,1.4449005126953125,2021-04-24 06:15:00,2021-04-24 04:45:00,-90.0,90.0
D2,F6-3-c2048-q0.6,0,15,2021-04-25,96,1.0,True,25.0,63.42247772216797,38.42247772216797,38.42247772216797,2021-04-25 01:30:00,2021-04-25 03:30:00,120.0,120.0
D2,F6-3-c2048-q0.6,0,15,2021-05-03,96,1.0,True,184.0,165.61550903320312,-18.384490966796875,18.384490966796875,2021-05-03 08:30:00,2021-05-03 12:00:00,210.0,210.0
D2,F6-3-c2048-q0.6,0,15,2021-05-04,96,1.0,True,181.0,175.56292724609375,-5.43707275390625,5.43707275390625,2021-05-04 08:30:00,2021-05-04 08:30:00,0.0,0.0
D2,F6-3-c2048-q0.6,0,15,2021-05-05,96,1.0,True,120.0,180.02113342285156,60.02113342285156,60.02113342285156,2021-05-05 04:15:00,2021-05-05 08:30:00,255.0,255.0
D2,F6-3-c2048-q0.6,0,15,2021-05-06,96,1.0,True,199.0,182.15452575683594,-16.845474243164062,16.845474243164062,2021-05-06 09:00:00,2021-05-06 13:45:00,285.0,285.0
D2,F6-3-c2048-q0.6,0,15,2021-05-07,96,1.0,True,181.0,177.32376098632812,-3.676239013671875,3.676239013671875,2021-05-07 09:00:00,2021-05-07 08:30:00,-30.0,30.0
D2,F6-3-c2048-q0.6,0,15,2021-05-08,96,1.0,True,115.0,108.39608764648438,-6.603912353515625,6.603912353515625,2021-05-08 02:00:00,2021-05-08 06:15:00,255.0,255.0
D2,F6-3-c2048-q0.6,0,15,2021-05-09,96,1.0,True,184.0,164.9475555419922,-19.052444458007812,19.052444458007812,2021-05-09 09:00:00,2021-05-09 11:45:00,165.0,165.0
D2,F6-3-c2048-q0.6,0,16,2021-04-19,96,1.0,True,172.0,175.06809997558594,3.0680999755859375,3.0680999755859375,2021-04-19 08:45:00,2021-04-19 13:15:00,270.0,270.0
D2,F6-3-c2048-q0.6,0,16,2021-04-20,96,1.0,True,172.0,168.21578979492188,-3.784210205078125,3.784210205078125,2021-04-20 08:45:00,2021-04-20 11:45:00,180.0,180.0
D2,F6-3-c2048-q0.6,0,16,2021-04-21,96,1.0,True,174.0,174.06072998046875,0.06072998046875,0.06072998046875,2021-04-21 08:30:00,2021-04-21 12:00:00,210.0,210.0
D2,F6-3-c2048-q0.6,0,16,2021-04-22,96,1.0,True,174.0,173.18875122070312,-0.811248779296875,0.811248779296875,2021-04-22 08:30:00,2021-04-22 10:30:00,120.0,120.0
D2,F6-3-c2048-q0.6,0,16,2021-04-23,96,1.0,True,174.0,174.53482055664062,0.534820556640625,0.534820556640625,2021-04-23 08:30:00,2021-04-23 10:30:00,120.0,120.0
D2,F6-3-c2048-q0.6,0,16,2021-04-24,96,1.0,True,112.0,113.227294921875,1.227294921875,1.227294921875,2021-04-24 06:15:00,2021-04-24 04:45:00,-90.0,90.0
D2,F6-3-c2048-q0.6,0,16,2021-04-25,96,1.0,True,25.0,63.306663513183594,38.306663513183594,38.306663513183594,2021-04-25 01:30:00,2021-04-25 03:45:00,135.0,135.0
D2,F6-3-c2048-q0.6,0,16,2021-05-03,96,1.0,True,184.0,167.2732391357422,-16.726760864257812,16.726760864257812,2021-05-03 08:30:00,2021-05-03 13:30:00,300.0,300.0
D2,F6-3-c2048-q0.6,0,16,2021-05-04,96,1.0,True,181.0,176.4803009033203,-4.5196990966796875,4.5196990966796875,2021-05-04 08:30:00,2021-05-04 13:15:00,285.0,285.0
D2,F6-3-c2048-q0.6,0,16,2021-05-05,96,1.0,True,120.0,180.204345703125,60.204345703125,60.204345703125,2021-05-05 04:15:00,2021-05-05 08:30:00,255.0,255.0
D2,F6-3-c2048-q0.6,0,16,2021-05-06,96,1.0,True,199.0,179.44784545898438,-19.552154541015625,19.552154541015625,2021-05-06 09:00:00,2021-05-06 14:00:00,300.0,300.0
D2,F6-3-c2048-q0.6,0,16,2021-05-07,96,1.0,True,181.0,176.68380737304688,-4.316192626953125,4.316192626953125,2021-05-07 09:00:00,2021-05-07 08:30:00,-30.0,30.0
D2,F6-3-c2048-q0.6,0,16,2021-05-08,96,1.0,True,115.0,109.98963928222656,-5.0103607177734375,5.0103607177734375,2021-05-08 02:00:00,2021-05-08 06:15:00,255.0,255.0
D2,F6-3-c2048-q0.6,0,16,2021-05-09,96,1.0,True,184.0,161.08395385742188,-22.916046142578125,22.916046142578125,2021-05-09 09:00:00,2021-05-09 15:45:00,405.0,405.0
D2,F6-3-c2048-q0.6,1,4,2021-05-31,95,0.9895833333333334,False,172.0,170.915283203125,-1.084716796875,1.084716796875,2021-05-31 10:30:00,2021-05-31 12:00:00,90.0,90.0
D2,F6-3-c2048-q0.6,1,4,2021-06-01,1,0.010416666666666666,False,71.0,80.44441986083984,9.444419860839844,9.444419860839844,2021-06-01 00:00:00,2021-06-01 00:00:00,0.0,0.0
D2,F6-3-c2048-q0.6,1,4,2021-06-20,95,0.9895833333333334,False,28.0,25.02422332763672,-2.9757766723632812,2.9757766723632812,2021-06-20 15:15:00,2021-06-20 06:15:00,-540.0,540.0
D2,F6-3-c2048-q0.6,1,5,2021-05-31,95,0.9895833333333334,False,172.0,172.13819885253906,0.1381988525390625,0.1381988525390625,2021-05-31 10:30:00,2021-05-31 09:00:00,-90.0,90.0
D2,F6-3-c2048-q0.6,1,5,2021-06-01,1,0.010416666666666666,False,71.0,80.8314208984375,9.8314208984375,9.8314208984375,2021-06-01 00:00:00,2021-06-01 00:00:00,0.0,0.0
D2,F6-3-c2048-q0.6,1,5,2021-06-20,95,0.9895833333333334,False,28.0,24.673248291015625,-3.326751708984375,3.326751708984375,2021-06-20 15:15:00,2021-06-20 06:30:00,-525.0,525.0
D2,F6-3-c2048-q0.6,1,6,2021-05-31,95,0.9895833333333334,False,172.0,171.13363647460938,-0.866363525390625,0.866363525390625,2021-05-31 10:30:00,2021-05-31 09:00:00,-90.0,90.0
D2,F6-3-c2048-q0.6,1,6,2021-06-01,1,0.010416666666666666,False,71.0,81.24256896972656,10.242568969726562,10.242568969726562,2021-06-01 00:00:00,2021-06-01 00:00:00,0.0,0.0
D2,F6-3-c2048-q0.6,1,6,2021-06-20,95,0.9895833333333334,False,28.0,24.916412353515625,-3.083587646484375,3.083587646484375,2021-06-20 15:15:00,2021-06-20 06:45:00,-510.0,510.0
D2,F6-3-c2048-q0.6,1,7,2021-05-31,95,0.9895833333333334,False,172.0,172.41891479492188,0.418914794921875,0.418914794921875,2021-05-31 10:30:00,2021-05-31 09:00:00,-90.0,90.0
D2,F6-3-c2048-q0.6,1,7,2021-06-01,1,0.010416666666666666,False,71.0,82.03126525878906,11.031265258789062,11.031265258789062,2021-06-01 00:00:00,2021-06-01 00:00:00,0.0,0.0
D2,F6-3-c2048-q0.6,1,7,2021-06-20,95,0.9895833333333334,False,28.0,24.902938842773438,-3.0970611572265625,3.0970611572265625,2021-06-20 15:15:00,2021-06-20 07:00:00,-495.0,495.0
D2,F6-3-c2048-q0.6,1,8,2021-05-31,95,0.9895833333333334,False,172.0,173.2786102294922,1.2786102294921875,1.2786102294921875,2021-05-31 10:30:00,2021-05-31 09:00:00,-90.0,90.0
D2,F6-3-c2048-q0.6,1,8,2021-06-01,1,0.010416666666666666,False,71.0,83.36469268798828,12.364692687988281,12.364692687988281,2021-06-01 00:00:00,2021-06-01 00:00:00,0.0,0.0
D2,F6-3-c2048-q0.6,1,8,2021-06-20,95,0.9895833333333334,False,28.0,24.69481658935547,-3.3051834106445312,3.3051834106445312,2021-06-20 15:15:00,2021-06-20 07:15:00,-480.0,480.0
D2,F6-3-c2048-q0.6,1,9,2021-05-31,95,0.9895833333333334,False,172.0,174.47988891601562,2.479888916015625,2.479888916015625,2021-05-31 10:30:00,2021-05-31 09:00:00,-90.0,90.0
D2,F6-3-c2048-q0.6,1,9,2021-06-01,1,0.010416666666666666,False,71.0,83.6561279296875,12.6561279296875,12.6561279296875,2021-06-01 00:00:00,2021-06-01 00:00:00,0.0,0.0
D2,F6-3-c2048-q0.6,1,9,2021-06-20,95,0.9895833333333334,False,28.0,24.31061553955078,-3.6893844604492188,3.6893844604492188,2021-06-20 15:15:00,2021-06-20 07:30:00,-465.0,465.0
D2,F6-3-c2048-q0.6,1,10,2021-05-31,95,0.9895833333333334,False,172.0,175.9862060546875,3.9862060546875,3.9862060546875,2021-05-31 10:30:00,2021-05-31 09:00:00,-90.0,90.0
D2,F6-3-c2048-q0.6,1,10,2021-06-01,1,0.010416666666666666,False,71.0,80.49114227294922,9.491142272949219,9.491142272949219,2021-06-01 00:00:00,2021-06-01 00:00:00,0.0,0.0
D2,F6-3-c2048-q0.6,1,10,2021-06-20,95,0.9895833333333334,False,28.0,24.31566619873047,-3.6843338012695312,3.6843338012695312,2021-06-20 15:15:00,2021-06-20 07:45:00,-450.0,450.0
D2,F6-3-c2048-q0.6,1,11,2021-05-31,95,0.9895833333333334,False,172.0,177.69308471679688,5.693084716796875,5.693084716796875,2021-05-31 10:30:00,2021-05-31 09:00:00,-90.0,90.0
D2,F6-3-c2048-q0.6,1,11,2021-06-01,1,0.010416666666666666,False,71.0,77.96639251708984,6.966392517089844,6.966392517089844,2021-06-01 00:00:00,2021-06-01 00:00:00,0.0,0.0
D2,F6-3-c2048-q0.6,1,11,2021-06-20,95,0.9895833333333334,False,28.0,24.52721405029297,-3.4727859497070312,3.4727859497070312,2021-06-20 15:15:00,2021-06-20 18:00:00,165.0,165.0
D2,F6-3-c2048-q0.6,1,12,2021-05-31,95,0.9895833333333334,False,172.0,174.77520751953125,2.77520751953125,2.77520751953125,2021-05-31 10:30:00,2021-05-31 09:00:00,-90.0,90.0
D2,F6-3-c2048-q0.6,1,12,2021-06-01,1,0.010416666666666666,False,71.0,78.00579833984375,7.00579833984375,7.00579833984375,2021-06-01 00:00:00,2021-06-01 00:00:00,0.0,0.0
D2,F6-3-c2048-q0.6,1,12,2021-06-20,95,0.9895833333333334,False,28.0,24.747024536132812,-3.2529754638671875,3.2529754638671875,2021-06-20 15:15:00,2021-06-20 18:15:00,180.0,180.0
D2,F6-3-c2048-q0.6,1,13,2021-05-31,95,0.9895833333333334,False,172.0,175.9215545654297,3.9215545654296875,3.9215545654296875,2021-05-31 10:30:00,2021-05-31 09:00:00,-90.0,90.0
D2,F6-3-c2048-q0.6,1,13,2021-06-01,1,0.010416666666666666,False,71.0,80.96427917480469,9.964279174804688,9.964279174804688,2021-06-01 00:00:00,2021-06-01 00:00:00,0.0,0.0
D2,F6-3-c2048-q0.6,1,13,2021-06-20,95,0.9895833333333334,False,28.0,24.92925262451172,-3.0707473754882812,3.0707473754882812,2021-06-20 15:15:00,2021-06-20 18:30:00,195.0,195.0
D2,F6-3-c2048-q0.6,1,14,2021-05-31,95,0.9895833333333334,False,172.0,176.56967163085938,4.569671630859375,4.569671630859375,2021-05-31 10:30:00,2021-05-31 09:00:00,-90.0,90.0
D2,F6-3-c2048-q0.6,1,14,2021-06-01,1,0.010416666666666666,False,71.0,80.1954574584961,9.195457458496094,9.195457458496094,2021-06-01 00:00:00,2021-06-01 00:00:00,0.0,0.0
D2,F6-3-c2048-q0.6,1,14,2021-06-20,95,0.9895833333333334,False,28.0,24.767616271972656,-3.2323837280273438,3.2323837280273438,2021-06-20 15:15:00,2021-06-20 18:45:00,210.0,210.0
D2,F6-3-c2048-q0.6,1,15,2021-05-31,95,0.9895833333333334,False,172.0,176.63272094726562,4.632720947265625,4.632720947265625,2021-05-31 10:30:00,2021-05-31 09:00:00,-90.0,90.0
D2,F6-3-c2048-q0.6,1,15,2021-06-01,1,0.010416666666666666,False,71.0,80.65147399902344,9.651473999023438,9.651473999023438,2021-06-01 00:00:00,2021-06-01 00:00:00,0.0,0.0
D2,F6-3-c2048-q0.6,1,15,2021-06-20,95,0.9895833333333334,False,28.0,24.568641662597656,-3.4313583374023438,3.4313583374023438,2021-06-20 15:15:00,2021-06-20 19:00:00,225.0,225.0
D2,F6-3-c2048-q0.6,1,16,2021-05-31,95,0.9895833333333334,False,172.0,175.58706665039062,3.587066650390625,3.587066650390625,2021-05-31 10:30:00,2021-05-31 09:00:00,-90.0,90.0
D2,F6-3-c2048-q0.6,1,16,2021-06-01,1,0.010416666666666666,False,71.0,81.25399780273438,10.253997802734375,10.253997802734375,2021-06-01 00:00:00,2021-06-01 00:00:00,0.0,0.0
D2,F6-3-c2048-q0.6,1,16,2021-06-20,95,0.9895833333333334,False,28.0,24.705963134765625,-3.294036865234375,3.294036865234375,2021-06-20 15:15:00,2021-06-20 09:45:00,-330.0,330.0
D2,F6-3-c2048-q0.6,2,4,2021-07-12,96,1.0,True,198.0,189.3048095703125,-8.6951904296875,8.6951904296875,2021-07-12 08:45:00,2021-07-12 10:30:00,105.0,105.0
D2,F6-3-c2048-q0.6,2,4,2021-07-13,1,0.010416666666666666,False,79.0,91.50495147705078,12.504951477050781,12.504951477050781,2021-07-13 00:00:00,2021-07-13 00:00:00,0.0,0.0
D2,F6-3-c2048-q0.6,2,4,2021-07-17,80,0.8333333333333334,False,108.0,106.70442199707031,-1.2955780029296875,1.2955780029296875,2021-07-17 06:00:00,2021-07-17 04:00:00,-120.0,120.0
D2,F6-3-c2048-q0.6,2,4,2021-07-18,84,0.875,False,28.0,26.107643127441406,-1.8923568725585938,1.8923568725585938,2021-07-18 04:30:00,2021-07-18 08:45:00,255.0,255.0
D2,F6-3-c2048-q0.6,2,4,2021-07-26,84,0.875,False,217.0,200.12054443359375,-16.87945556640625,16.87945556640625,2021-07-26 08:30:00,2021-07-26 09:00:00,30.0,30.0
D2,F6-3-c2048-q0.6,2,4,2021-07-27,84,0.875,False,211.0,202.44973754882812,-8.550262451171875,8.550262451171875,2021-07-27 11:45:00,2021-07-27 08:45:00,-180.0,180.0
D2,F6-3-c2048-q0.6,2,4,2021-07-28,84,0.875,False,212.0,216.89138793945312,4.891387939453125,4.891387939453125,2021-07-28 12:00:00,2021-07-28 08:45:00,-195.0,195.0
D2,F6-3-c2048-q0.6,2,4,2021-07-29,84,0.875,False,211.0,206.5035400390625,-4.4964599609375,4.4964599609375,2021-07-29 12:00:00,2021-07-29 08:30:00,-210.0,210.0
D2,F6-3-c2048-q0.6,2,4,2021-07-30,85,0.8854166666666666,False,212.0,207.23208618164062,-4.767913818359375,4.767913818359375,2021-07-30 12:00:00,2021-07-30 08:45:00,-195.0,195.0
D2,F6-3-c2048-q0.6,2,4,2021-07-31,96,1.0,True,80.0,100.70329284667969,20.703292846679688,20.703292846679688,2021-07-31 00:00:00,2021-07-31 01:30:00,90.0,90.0
D2,F6-3-c2048-q0.6,2,4,2021-08-01,96,1.0,True,28.0,25.785888671875,-2.214111328125,2.214111328125,2021-08-01 09:00:00,2021-08-01 02:30:00,-390.0,390.0
D2,F6-3-c2048-q0.6,2,4,2021-08-09,1,0.010416666666666666,False,21.0,21.977256774902344,0.9772567749023438,0.9772567749023438,2021-08-09 00:00:00,2021-08-09 00:00:00,0.0,0.0
D2,F6-3-c2048-q0.6,2,5,2021-07-12,96,1.0,True,198.0,189.9673614501953,-8.032638549804688,8.032638549804688,2021-07-12 08:45:00,2021-07-12 10:30:00,105.0,105.0
D2,F6-3-c2048-q0.6,2,5,2021-07-13,1,0.010416666666666666,False,79.0,93.09932708740234,14.099327087402344,14.099327087402344,2021-07-13 00:00:00,2021-07-13 00:00:00,0.0,0.0
D2,F6-3-c2048-q0.6,2,5,2021-07-17,79,0.8229166666666666,False,108.0,106.80836486816406,-1.1916351318359375,1.1916351318359375,2021-07-17 06:00:00,2021-07-17 04:15:00,-105.0,105.0
D2,F6-3-c2048-q0.6,2,5,2021-07-18,84,0.875,False,28.0,25.357643127441406,-2.6423568725585938,2.6423568725585938,2021-07-18 04:30:00,2021-07-18 09:00:00,270.0,270.0
D2,F6-3-c2048-q0.6,2,5,2021-07-26,84,0.875,False,217.0,200.18392944335938,-16.816070556640625,16.816070556640625,2021-07-26 08:30:00,2021-07-26 11:45:00,195.0,195.0
D2,F6-3-c2048-q0.6,2,5,2021-07-27,84,0.875,False,211.0,200.75999450683594,-10.240005493164062,10.240005493164062,2021-07-27 11:45:00,2021-07-27 08:45:00,-180.0,180.0
D2,F6-3-c2048-q0.6,2,5,2021-07-28,84,0.875,False,212.0,215.50978088378906,3.5097808837890625,3.5097808837890625,2021-07-28 12:00:00,2021-07-28 08:45:00,-195.0,195.0
D2,F6-3-c2048-q0.6,2,5,2021-07-29,84,0.875,False,211.0,205.52081298828125,-5.47918701171875,5.47918701171875,2021-07-29 12:00:00,2021-07-29 08:30:00,-210.0,210.0
D2,F6-3-c2048-q0.6,2,5,2021-07-30,85,0.8854166666666666,False,212.0,208.44223022460938,-3.557769775390625,3.557769775390625,2021-07-30 12:00:00,2021-07-30 11:45:00,-15.0,15.0
D2,F6-3-c2048-q0.6,2,5,2021-07-31,96,1.0,True,80.0,103.42909240722656,23.429092407226562,23.429092407226562,2021-07-31 00:00:00,2021-07-31 01:30:00,90.0,90.0
D2,F6-3-c2048-q0.6,2,5,2021-08-01,96,1.0,True,28.0,25.41980743408203,-2.5801925659179688,2.5801925659179688,2021-08-01 09:00:00,2021-08-01 02:45:00,-375.0,375.0
D2,F6-3-c2048-q0.6,2,5,2021-08-09,1,0.010416666666666666,False,21.0,21.90227508544922,0.9022750854492188,0.9022750854492188,2021-08-09 00:00:00,2021-08-09 00:00:00,0.0,0.0
D2,F6-3-c2048-q0.6,2,6,2021-07-12,96,1.0,True,198.0,189.50048828125,-8.49951171875,8.49951171875,2021-07-12 08:45:00,2021-07-12 10:45:00,120.0,120.0
D2,F6-3-c2048-q0.6,2,6,2021-07-13,1,0.010416666666666666,False,79.0,92.61703491210938,13.617034912109375,13.617034912109375,2021-07-13 00:00:00,2021-07-13 00:00:00,0.0,0.0
D2,F6-3-c2048-q0.6,2,6,2021-07-17,78,0.8125,False,108.0,105.60887145996094,-2.3911285400390625,2.3911285400390625,2021-07-17 06:00:00,2021-07-17 06:30:00,30.0,30.0
D2,F6-3-c2048-q0.6,2,6,2021-07-18,84,0.875,False,28.0,25.63031005859375,-2.36968994140625,2.36968994140625,2021-07-18 01:15:00,2021-07-18 17:00:00,945.0,945.0
D2,F6-3-c2048-q0.6,2,6,2021-07-26,84,0.875,False,217.0,195.86813354492188,-21.131866455078125,21.131866455078125,2021-07-26 08:30:00,2021-07-26 08:45:00,15.0,15.0
D2,F6-3-c2048-q0.6,2,6,2021-07-27,84,0.875,False,211.0,200.2669677734375,-10.7330322265625,10.7330322265625,2021-07-27 11:45:00,2021-07-27 08:45:00,-180.0,180.0
D2,F6-3-c2048-q0.6,2,6,2021-07-28,84,0.875,False,212.0,214.3477020263672,2.3477020263671875,2.3477020263671875,2021-07-28 12:00:00,2021-07-28 08:45:00,-195.0,195.0
D2,F6-3-c2048-q0.6,2,6,2021-07-29,84,0.875,False,211.0,205.86236572265625,-5.13763427734375,5.13763427734375,2021-07-29 12:00:00,2021-07-29 08:30:00,-210.0,210.0
D2,F6-3-c2048-q0.6,2,6,2021-07-30,85,0.8854166666666666,False,212.0,209.47683715820312,-2.523162841796875,2.523162841796875,2021-07-30 12:00:00,2021-07-30 12:00:00,0.0,0.0
D2,F6-3-c2048-q0.6,2,6,2021-07-31,96,1.0,True,80.0,109.63095092773438,29.630950927734375,29.630950927734375,2021-07-31 00:00:00,2021-07-31 01:30:00,90.0,90.0
D2,F6-3-c2048-q0.6,2,6,2021-08-01,96,1.0,True,28.0,25.643524169921875,-2.356475830078125,2.356475830078125,2021-08-01 09:00:00,2021-08-01 03:00:00,-360.0,360.0
D2,F6-3-c2048-q0.6,2,6,2021-08-09,1,0.010416666666666666,False,21.0,21.976425170898438,0.9764251708984375,0.9764251708984375,2021-08-09 00:00:00,2021-08-09 00:00:00,0.0,0.0
D2,F6-3-c2048-q0.6,2,7,2021-07-12,96,1.0,True,198.0,189.90365600585938,-8.096343994140625,8.096343994140625,2021-07-12 08:45:00,2021-07-12 11:45:00,180.0,180.0
D2,F6-3-c2048-q0.6,2,7,2021-07-13,1,0.010416666666666666,False,79.0,92.45624542236328,13.456245422363281,13.456245422363281,2021-07-13 00:00:00,2021-07-13 00:00:00,0.0,0.0
D2,F6-3-c2048-q0.6,2,7,2021-07-17,77,0.8020833333333334,False,108.0,103.73505401611328,-4.264945983886719,4.264945983886719,2021-07-17 06:00:00,2021-07-17 06:45:00,45.0,45.0
D2,F6-3-c2048-q0.6,2,7,2021-07-18,84,0.875,False,28.0,25.525497436523438,-2.4745025634765625,2.4745025634765625,2021-07-18 01:15:00,2021-07-18 17:15:00,960.0,960.0
D2,F6-3-c2048-q0.6,2,7,2021-07-26,84,0.875,False,217.0,196.41091918945312,-20.589080810546875,20.589080810546875,2021-07-26 08:30:00,2021-07-26 11:45:00,195.0,195.0
D2,F6-3-c2048-q0.6,2,7,2021-07-27,84,0.875,False,211.0,199.06434631347656,-11.935653686523438,11.935653686523438,2021-07-27 11:45:00,2021-07-27 08:45:00,-180.0,180.0
D2,F6-3-c2048-q0.6,2,7,2021-07-28,84,0.875,False,212.0,210.24612426757812,-1.753875732421875,1.753875732421875,2021-07-28 12:00:00,2021-07-28 08:45:00,-195.0,195.0
D2,F6-3-c2048-q0.6,2,7,2021-07-29,84,0.875,False,211.0,204.34922790527344,-6.6507720947265625,6.6507720947265625,2021-07-29 12:00:00,2021-07-29 08:30:00,-210.0,210.0
D2,F6-3-c2048-q0.6,2,7,2021-07-30,85,0.8854166666666666,False,212.0,207.09335327148438,-4.906646728515625,4.906646728515625,2021-07-30 12:00:00,2021-07-30 12:00:00,0.0,0.0
D2,F6-3-c2048-q0.6,2,7,2021-07-31,96,1.0,True,80.0,110.51448822021484,30.514488220214844,30.514488220214844,2021-07-31 00:00:00,2021-07-31 01:45:00,105.0,105.0
D2,F6-3-c2048-q0.6,2,7,2021-08-01,96,1.0,True,28.0,25.597061157226562,-2.4029388427734375,2.4029388427734375,2021-08-01 09:00:00,2021-08-01 03:15:00,-345.0,345.0
D2,F6-3-c2048-q0.6,2,7,2021-08-09,1,0.010416666666666666,False,21.0,21.96520233154297,0.9652023315429688,0.9652023315429688,2021-08-09 00:00:00,2021-08-09 00:00:00,0.0,0.0
D2,F6-3-c2048-q0.6,2,8,2021-07-12,96,1.0,True,198.0,190.3599395751953,-7.6400604248046875,7.6400604248046875,2021-07-12 08:45:00,2021-07-12 13:45:00,300.0,300.0
D2,F6-3-c2048-q0.6,2,8,2021-07-13,1,0.010416666666666666,False,79.0,92.3607177734375,13.3607177734375,13.3607177734375,2021-07-13 00:00:00,2021-07-13 00:00:00,0.0,0.0
D2,F6-3-c2048-q0.6,2,8,2021-07-17,76,0.7916666666666666,False,108.0,103.56713104248047,-4.432868957519531,4.432868957519531,2021-07-17 06:00:00,2021-07-17 06:15:00,15.0,15.0
D2,F6-3-c2048-q0.6,2,8,2021-07-18,84,0.875,False,28.0,25.50812530517578,-2.4918746948242188,2.4918746948242188,2021-07-18 01:15:00,2021-07-18 17:30:00,975.0,975.0
D2,F6-3-c2048-q0.6,2,8,2021-07-26,84,0.875,False,217.0,198.47470092773438,-18.525299072265625,18.525299072265625,2021-07-26 08:30:00,2021-07-26 11:45:00,195.0,195.0
D2,F6-3-c2048-q0.6,2,8,2021-07-27,84,0.875,False,211.0,200.67535400390625,-10.32464599609375,10.32464599609375,2021-07-27 11:45:00,2021-07-27 08:30:00,-195.0,195.0
D2,F6-3-c2048-q0.6,2,8,2021-07-28,84,0.875,False,212.0,212.22921752929688,0.229217529296875,0.229217529296875,2021-07-28 12:00:00,2021-07-28 08:30:00,-210.0,210.0
D2,F6-3-c2048-q0.6,2,8,2021-07-29,84,0.875,False,211.0,205.66864013671875,-5.33135986328125,5.33135986328125,2021-07-29 12:00:00,2021-07-29 08:30:00,-210.0,210.0
D2,F6-3-c2048-q0.6,2,8,2021-07-30,85,0.8854166666666666,False,212.0,208.4184112548828,-3.5815887451171875,3.5815887451171875,2021-07-30 12:00:00,2021-07-30 12:00:00,0.0,0.0
D2,F6-3-c2048-q0.6,2,8,2021-07-31,96,1.0,True,80.0,112.60844421386719,32.60844421386719,32.60844421386719,2021-07-31 00:00:00,2021-07-31 01:45:00,105.0,105.0
D2,F6-3-c2048-q0.6,2,8,2021-08-01,96,1.0,True,28.0,25.576629638671875,-2.423370361328125,2.423370361328125,2021-08-01 09:00:00,2021-08-01 03:30:00,-330.0,330.0
D2,F6-3-c2048-q0.6,2,8,2021-08-09,1,0.010416666666666666,False,21.0,22.190505981445312,1.1905059814453125,1.1905059814453125,2021-08-09 00:00:00,2021-08-09 00:00:00,0.0,0.0
D2,F6-3-c2048-q0.6,2,9,2021-07-12,96,1.0,True,198.0,190.924560546875,-7.075439453125,7.075439453125,2021-07-12 08:45:00,2021-07-12 13:45:00,300.0,300.0
D2,F6-3-c2048-q0.6,2,9,2021-07-13,1,0.010416666666666666,False,79.0,93.52049255371094,14.520492553710938,14.520492553710938,2021-07-13 00:00:00,2021-07-13 00:00:00,0.0,0.0
D2,F6-3-c2048-q0.6,2,9,2021-07-17,75,0.78125,False,108.0,103.9505615234375,-4.0494384765625,4.0494384765625,2021-07-17 06:00:00,2021-07-17 06:15:00,15.0,15.0
D2,F6-3-c2048-q0.6,2,9,2021-07-18,84,0.875,False,28.0,25.19342041015625,-2.80657958984375,2.80657958984375,2021-07-18 01:15:00,2021-07-18 17:45:00,990.0,990.0
D2,F6-3-c2048-q0.6,2,9,2021-07-26,84,0.875,False,217.0,197.7283935546875,-19.2716064453125,19.2716064453125,2021-07-26 08:30:00,2021-07-26 08:45:00,15.0,15.0
D2,F6-3-c2048-q0.6,2,9,2021-07-27,84,0.875,False,211.0,201.29641723632812,-9.703582763671875,9.703582763671875,2021-07-27 11:45:00,2021-07-27 08:30:00,-195.0,195.0
D2,F6-3-c2048-q0.6,2,9,2021-07-28,84,0.875,False,212.0,213.13119506835938,1.131195068359375,1.131195068359375,2021-07-28 12:00:00,2021-07-28 08:45:00,-195.0,195.0
D2,F6-3-c2048-q0.6,2,9,2021-07-29,84,0.875,False,211.0,205.7174072265625,-5.2825927734375,5.2825927734375,2021-07-29 12:00:00,2021-07-29 08:30:00,-210.0,210.0
D2,F6-3-c2048-q0.6,2,9,2021-07-30,85,0.8854166666666666,False,212.0,210.55276489257812,-1.447235107421875,1.447235107421875,2021-07-30 12:00:00,2021-07-30 12:00:00,0.0,0.0
D2,F6-3-c2048-q0.6,2,9,2021-07-31,96,1.0,True,80.0,113.32698059082031,33.32698059082031,33.32698059082031,2021-07-31 00:00:00,2021-07-31 01:45:00,105.0,105.0
D2,F6-3-c2048-q0.6,2,9,2021-08-01,96,1.0,True,28.0,25.294052124023438,-2.7059478759765625,2.7059478759765625,2021-08-01 09:00:00,2021-08-01 03:45:00,-315.0,315.0
D2,F6-3-c2048-q0.6,2,9,2021-08-09,1,0.010416666666666666,False,21.0,21.979934692382812,0.9799346923828125,0.9799346923828125,2021-08-09 00:00:00,2021-08-09 00:00:00,0.0,0.0
D2,F6-3-c2048-q0.6,2,10,2021-07-12,96,1.0,True,198.0,191.29750061035156,-6.7024993896484375,6.7024993896484375,2021-07-12 08:45:00,2021-07-12 13:45:00,300.0,300.0
D2,F6-3-c2048-q0.6,2,10,2021-07-13,1,0.010416666666666666,False,79.0,91.63129425048828,12.631294250488281,12.631294250488281,2021-07-13 00:00:00,2021-07-13 00:00:00,0.0,0.0
D2,F6-3-c2048-q0.6,2,10,2021-07-17,74,0.7708333333333334,False,108.0,104.64590454101562,-3.354095458984375,3.354095458984375,2021-07-17 06:00:00,2021-07-17 06:15:00,15.0,15.0
D2,F6-3-c2048-q0.6,2,10,2021-07-18,84,0.875,False,28.0,25.20494842529297,-2.7950515747070312,2.7950515747070312,2021-07-18 01:15:00,2021-07-18 18:00:00,1005.0,1005.0
D2,F6-3-c2048-q0.6,2,10,2021-07-26,84,0.875,False,217.0,198.81295776367188,-18.187042236328125,18.187042236328125,2021-07-26 08:30:00,2021-07-26 11:30:00,180.0,180.0
D2,F6-3-c2048-q0.6,2,10,2021-07-27,84,0.875,False,211.0,202.25624084472656,-8.743759155273438,8.743759155273438,2021-07-27 11:45:00,2021-07-27 08:30:00,-195.0,195.0
D2,F6-3-c2048-q0.6,2,10,2021-07-28,84,0.875,False,212.0,213.88543701171875,1.88543701171875,1.88543701171875,2021-07-28 12:00:00,2021-07-28 08:45:00,-195.0,195.0
D2,F6-3-c2048-q0.6,2,10,2021-07-29,84,0.875,False,211.0,204.62034606933594,-6.3796539306640625,6.3796539306640625,2021-07-29 12:00:00,2021-07-29 08:30:00,-210.0,210.0
D2,F6-3-c2048-q0.6,2,10,2021-07-30,85,0.8854166666666666,False,212.0,210.1091766357422,-1.8908233642578125,1.8908233642578125,2021-07-30 12:00:00,2021-07-30 12:00:00,0.0,0.0
D2,F6-3-c2048-q0.6,2,10,2021-07-31,96,1.0,True,80.0,114.3289794921875,34.3289794921875,34.3289794921875,2021-07-31 00:00:00,2021-07-31 01:45:00,105.0,105.0
D2,F6-3-c2048-q0.6,2,10,2021-08-01,96,1.0,True,28.0,25.335693359375,-2.664306640625,2.664306640625,2021-08-01 09:00:00,2021-08-01 04:00:00,-300.0,300.0
D2,F6-3-c2048-q0.6,2,10,2021-08-09,1,0.010416666666666666,False,21.0,21.91598892211914,0.9159889221191406,0.9159889221191406,2021-08-09 00:00:00,2021-08-09 00:00:00,0.0,0.0
D2,F6-3-c2048-q0.6,2,11,2021-07-12,96,1.0,True,198.0,189.31851196289062,-8.681488037109375,8.681488037109375,2021-07-12 08:45:00,2021-07-12 13:45:00,300.0,300.0
D2,F6-3-c2048-q0.6,2,11,2021-07-13,1,0.010416666666666666,False,79.0,89.64167785644531,10.641677856445312,10.641677856445312,2021-07-13 00:00:00,2021-07-13 00:00:00,0.0,0.0
D2,F6-3-c2048-q0.6,2,11,2021-07-17,73,0.7604166666666666,False,108.0,104.45712280273438,-3.542877197265625,3.542877197265625,2021-07-17 06:00:00,2021-07-17 06:15:00,15.0,15.0
D2,F6-3-c2048-q0.6,2,11,2021-07-18,84,0.875,False,28.0,25.392784118652344,-2.6072158813476562,2.6072158813476562,2021-07-18 01:15:00,2021-07-18 18:15:00,1020.0,1020.0
D2,F6-3-c2048-q0.6,2,11,2021-07-26,84,0.875,False,217.0,201.23377990722656,-15.766220092773438,15.766220092773438,2021-07-26 08:30:00,2021-07-26 11:45:00,195.0,195.0
D2,F6-3-c2048-q0.6,2,11,2021-07-27,84,0.875,False,211.0,203.11097717285156,-7.8890228271484375,7.8890228271484375,2021-07-27 11:45:00,2021-07-27 08:45:00,-180.0,180.0
D2,F6-3-c2048-q0.6,2,11,2021-07-28,84,0.875,False,212.0,213.7576904296875,1.7576904296875,1.7576904296875,2021-07-28 12:00:00,2021-07-28 08:45:00,-195.0,195.0
D2,F6-3-c2048-q0.6,2,11,2021-07-29,84,0.875,False,211.0,203.94668579101562,-7.053314208984375,7.053314208984375,2021-07-29 12:00:00,2021-07-29 08:45:00,-195.0,195.0
D2,F6-3-c2048-q0.6,2,11,2021-07-30,85,0.8854166666666666,False,212.0,208.68728637695312,-3.312713623046875,3.312713623046875,2021-07-30 12:00:00,2021-07-30 12:00:00,0.0,0.0
D2,F6-3-c2048-q0.6,2,11,2021-07-31,96,1.0,True,80.0,113.86148071289062,33.861480712890625,33.861480712890625,2021-07-31 00:00:00,2021-07-31 01:45:00,105.0,105.0
D2,F6-3-c2048-q0.6,2,11,2021-08-01,96,1.0,True,28.0,25.276260375976562,-2.7237396240234375,2.7237396240234375,2021-08-01 09:00:00,2021-08-01 04:15:00,-285.0,285.0
D2,F6-3-c2048-q0.6,2,11,2021-08-09,1,0.010416666666666666,False,21.0,21.929973602294922,0.9299736022949219,0.9299736022949219,2021-08-09 00:00:00,2021-08-09 00:00:00,0.0,0.0
D2,F6-3-c2048-q0.6,2,12,2021-07-12,96,1.0,True,198.0,187.80465698242188,-10.195343017578125,10.195343017578125,2021-07-12 08:45:00,2021-07-12 13:45:00,300.0,300.0
D2,F6-3-c2048-q0.6,2,12,2021-07-13,1,0.010416666666666666,False,79.0,89.71691131591797,10.716911315917969,10.716911315917969,2021-07-13 00:00:00,2021-07-13 00:00:00,0.0,0.0
D2,F6-3-c2048-q0.6,2,12,2021-07-17,72,0.75,False,108.0,105.32620239257812,-2.673797607421875,2.673797607421875,2021-07-17 06:00:00,2021-07-17 06:15:00,15.0,15.0
D2,F6-3-c2048-q0.6,2,12,2021-07-18,84,0.875,False,28.0,25.68450927734375,-2.31549072265625,2.31549072265625,2021-07-18 01:15:00,2021-07-18 10:45:00,570.0,570.0
D2,F6-3-c2048-q0.6,2,12,2021-07-26,84,0.875,False,217.0,200.31045532226562,-16.689544677734375,16.689544677734375,2021-07-26 08:30:00,2021-07-26 11:45:00,195.0,195.0
D2,F6-3-c2048-q0.6,2,12,2021-07-27,84,0.875,False,211.0,201.27154541015625,-9.72845458984375,9.72845458984375,2021-07-27 11:45:00,2021-07-27 08:45:00,-180.0,180.0
D2,F6-3-c2048-q0.6,2,12,2021-07-28,84,0.875,False,212.0,212.37413024902344,0.3741302490234375,0.3741302490234375,2021-07-28 12:00:00,2021-07-28 08:45:00,-195.0,195.0
D2,F6-3-c2048-q0.6,2,12,2021-07-29,84,0.875,False,211.0,202.75706481933594,-8.242935180664062,8.242935180664062,2021-07-29 12:00:00,2021-07-29 08:45:00,-195.0,195.0
D2,F6-3-c2048-q0.6,2,12,2021-07-30,85,0.8854166666666666,False,212.0,209.39703369140625,-2.60296630859375,2.60296630859375,2021-07-30 12:00:00,2021-07-30 12:00:00,0.0,0.0
D2,F6-3-c2048-q0.6,2,12,2021-07-31,96,1.0,True,80.0,113.26885986328125,33.26885986328125,33.26885986328125,2021-07-31 00:00:00,2021-07-31 01:45:00,105.0,105.0
D2,F6-3-c2048-q0.6,2,12,2021-08-01,96,1.0,True,28.0,25.377960205078125,-2.622039794921875,2.622039794921875,2021-08-01 09:00:00,2021-08-01 04:30:00,-270.0,270.0
D2,F6-3-c2048-q0.6,2,12,2021-08-09,1,0.010416666666666666,False,21.0,21.835803985595703,0.8358039855957031,0.8358039855957031,2021-08-09 00:00:00,2021-08-09 00:00:00,0.0,0.0
D2,F6-3-c2048-q0.6,2,13,2021-07-12,96,1.0,True,198.0,188.73728942871094,-9.262710571289062,9.262710571289062,2021-07-12 08:45:00,2021-07-12 13:45:00,300.0,300.0
D2,F6-3-c2048-q0.6,2,13,2021-07-13,1,0.010416666666666666,False,79.0,90.2495346069336,11.249534606933594,11.249534606933594,2021-07-13 00:00:00,2021-07-13 00:00:00,0.0,0.0
D2,F6-3-c2048-q0.6,2,13,2021-07-17,71,0.7395833333333334,False,96.0,107.0281753540039,11.028175354003906,11.028175354003906,2021-07-17 06:15:00,2021-07-17 06:15:00,0.0,0.0
D2,F6-3-c2048-q0.6,2,13,2021-07-18,84,0.875,False,28.0,26.116844177246094,-1.8831558227539062,1.8831558227539062,2021-07-18 01:15:00,2021-07-18 01:30:00,15.0,15.0
D2,F6-3-c2048-q0.6,2,13,2021-07-26,84,0.875,False,217.0,201.30184936523438,-15.698150634765625,15.698150634765625,2021-07-26 08:30:00,2021-07-26 11:45:00,195.0,195.0
D2,F6-3-c2048-q0.6,2,13,2021-07-27,84,0.875,False,211.0,198.84259033203125,-12.15740966796875,12.15740966796875,2021-07-27 11:45:00,2021-07-27 11:45:00,0.0,0.0
D2,F6-3-c2048-q0.6,2,13,2021-07-28,84,0.875,False,212.0,209.37457275390625,-2.62542724609375,2.62542724609375,2021-07-28 12:00:00,2021-07-28 08:45:00,-195.0,195.0
D2,F6-3-c2048-q0.6,2,13,2021-07-29,84,0.875,False,211.0,202.87429809570312,-8.125701904296875,8.125701904296875,2021-07-29 12:00:00,2021-07-29 11:45:00,-15.0,15.0
D2,F6-3-c2048-q0.6,2,13,2021-07-30,85,0.8854166666666666,False,212.0,209.6189422607422,-2.3810577392578125,2.3810577392578125,2021-07-30 12:00:00,2021-07-30 11:45:00,-15.0,15.0
D2,F6-3-c2048-q0.6,2,13,2021-07-31,96,1.0,True,80.0,113.08624267578125,33.08624267578125,33.08624267578125,2021-07-31 00:00:00,2021-07-31 01:45:00,105.0,105.0
D2,F6-3-c2048-q0.6,2,13,2021-08-01,96,1.0,True,28.0,25.271522521972656,-2.7284774780273438,2.7284774780273438,2021-08-01 09:00:00,2021-08-01 04:45:00,-255.0,255.0
D2,F6-3-c2048-q0.6,2,13,2021-08-09,1,0.010416666666666666,False,21.0,21.981689453125,0.981689453125,0.981689453125,2021-08-09 00:00:00,2021-08-09 00:00:00,0.0,0.0
D2,F6-3-c2048-q0.6,2,14,2021-07-12,96,1.0,True,198.0,189.6486053466797,-8.351394653320312,8.351394653320312,2021-07-12 08:45:00,2021-07-12 13:45:00,300.0,300.0
D2,F6-3-c2048-q0.6,2,14,2021-07-13,1,0.010416666666666666,False,79.0,90.83930969238281,11.839309692382812,11.839309692382812,2021-07-13 00:00:00,2021-07-13 00:00:00,0.0,0.0
D2,F6-3-c2048-q0.6,2,14,2021-07-17,70,0.7291666666666666,False,88.0,106.37406921386719,18.374069213867188,18.374069213867188,2021-07-17 07:15:00,2021-07-17 06:30:00,-45.0,45.0
D2,F6-3-c2048-q0.6,2,14,2021-07-18,84,0.875,False,28.0,26.410247802734375,-1.589752197265625,1.589752197265625,2021-07-18 01:15:00,2021-07-18 01:45:00,30.0,30.0
D2,F6-3-c2048-q0.6,2,14,2021-07-26,84,0.875,False,217.0,198.53372192382812,-18.466278076171875,18.466278076171875,2021-07-26 08:30:00,2021-07-26 08:45:00,15.0,15.0
D2,F6-3-c2048-q0.6,2,14,2021-07-27,84,0.875,False,211.0,199.26707458496094,-11.732925415039062,11.732925415039062,2021-07-27 11:45:00,2021-07-27 12:00:00,15.0,15.0
D2,F6-3-c2048-q0.6,2,14,2021-07-28,84,0.875,False,212.0,210.732421875,-1.267578125,1.267578125,2021-07-28 12:00:00,2021-07-28 11:45:00,-15.0,15.0
D2,F6-3-c2048-q0.6,2,14,2021-07-29,84,0.875,False,211.0,203.27207946777344,-7.7279205322265625,7.7279205322265625,2021-07-29 12:00:00,2021-07-29 11:45:00,-15.0,15.0
D2,F6-3-c2048-q0.6,2,14,2021-07-30,84,0.875,False,212.0,211.573974609375,-0.426025390625,0.426025390625,2021-07-30 12:00:00,2021-07-30 12:00:00,0.0,0.0
D2,F6-3-c2048-q0.6,2,14,2021-07-31,96,1.0,True,80.0,111.65815734863281,31.658157348632812,31.658157348632812,2021-07-31 00:00:00,2021-07-31 01:45:00,105.0,105.0
D2,F6-3-c2048-q0.6,2,14,2021-08-01,96,1.0,True,28.0,25.200424194335938,-2.7995758056640625,2.7995758056640625,2021-08-01 09:00:00,2021-08-01 01:30:00,-450.0,450.0
D2,F6-3-c2048-q0.6,2,14,2021-08-09,1,0.010416666666666666,False,21.0,22.304168701171875,1.304168701171875,1.304168701171875,2021-08-09 00:00:00,2021-08-09 00:00:00,0.0,0.0
D2,F6-3-c2048-q0.6,2,15,2021-07-12,96,1.0,True,198.0,189.33529663085938,-8.664703369140625,8.664703369140625,2021-07-12 08:45:00,2021-07-12 13:45:00,300.0,300.0
D2,F6-3-c2048-q0.6,2,15,2021-07-13,1,0.010416666666666666,False,79.0,90.47685241699219,11.476852416992188,11.476852416992188,2021-07-13 00:00:00,2021-07-13 00:00:00,0.0,0.0
D2,F6-3-c2048-q0.6,2,15,2021-07-17,69,0.71875,False,88.0,103.04820251464844,15.048202514648438,15.048202514648438,2021-07-17 07:15:00,2021-07-17 06:45:00,-30.0,30.0
D2,F6-3-c2048-q0.6,2,15,2021-07-18,84,0.875,False,28.0,26.603187561035156,-1.3968124389648438,1.3968124389648438,2021-07-18 01:15:00,2021-07-18 11:30:00,615.0,615.0
D2,F6-3-c2048-q0.6,2,15,2021-07-26,84,0.875,False,217.0,198.3997344970703,-18.600265502929688,18.600265502929688,2021-07-26 08:30:00,2021-07-26 11:45:00,195.0,195.0
D2,F6-3-c2048-q0.6,2,15,2021-07-27,84,0.875,False,211.0,198.02645874023438,-12.973541259765625,12.973541259765625,2021-07-27 11:45:00,2021-07-27 08:45:00,-180.0,180.0
D2,F6-3-c2048-q0.6,2,15,2021-07-28,84,0.875,False,212.0,211.4625244140625,-0.5374755859375,0.5374755859375,2021-07-28 12:00:00,2021-07-28 08:45:00,-195.0,195.0
D2,F6-3-c2048-q0.6,2,15,2021-07-29,84,0.875,False,211.0,202.5357666015625,-8.4642333984375,8.4642333984375,2021-07-29 12:00:00,2021-07-29 11:45:00,-15.0,15.0
D2,F6-3-c2048-q0.6,2,15,2021-07-30,84,0.875,False,212.0,210.94131469726562,-1.058685302734375,1.058685302734375,2021-07-30 12:00:00,2021-07-30 12:00:00,0.0,0.0
D2,F6-3-c2048-q0.6,2,15,2021-07-31,96,1.0,True,80.0,112.93362426757812,32.933624267578125,32.933624267578125,2021-07-31 00:00:00,2021-07-31 01:45:00,105.0,105.0
D2,F6-3-c2048-q0.6,2,15,2021-08-01,96,1.0,True,28.0,25.2921142578125,-2.7078857421875,2.7078857421875,2021-08-01 09:00:00,2021-08-01 01:45:00,-435.0,435.0
D2,F6-3-c2048-q0.6,2,15,2021-08-09,1,0.010416666666666666,False,21.0,22.159103393554688,1.1591033935546875,1.1591033935546875,2021-08-09 00:00:00,2021-08-09 00:00:00,0.0,0.0
D2,F6-3-c2048-q0.6,2,16,2021-07-12,96,1.0,True,198.0,190.33840942382812,-7.661590576171875,7.661590576171875,2021-07-12 08:45:00,2021-07-12 14:00:00,315.0,315.0
D2,F6-3-c2048-q0.6,2,16,2021-07-13,1,0.010416666666666666,False,79.0,90.5106430053711,11.510643005371094,11.510643005371094,2021-07-13 00:00:00,2021-07-13 00:00:00,0.0,0.0
D2,F6-3-c2048-q0.6,2,16,2021-07-17,68,0.7083333333333334,False,88.0,96.25299835205078,8.252998352050781,8.252998352050781,2021-07-17 07:15:00,2021-07-17 07:00:00,-15.0,15.0
D2,F6-3-c2048-q0.6,2,16,2021-07-18,84,0.875,False,28.0,26.77442169189453,-1.2255783081054688,1.2255783081054688,2021-07-18 01:15:00,2021-07-18 11:45:00,630.0,630.0
D2,F6-3-c2048-q0.6,2,16,2021-07-26,84,0.875,False,217.0,197.05906677246094,-19.940933227539062,19.940933227539062,2021-07-26 08:30:00,2021-07-26 08:45:00,15.0,15.0
D2,F6-3-c2048-q0.6,2,16,2021-07-27,84,0.875,False,211.0,198.7704315185547,-12.229568481445312,12.229568481445312,2021-07-27 11:45:00,2021-07-27 08:45:00,-180.0,180.0
D2,F6-3-c2048-q0.6,2,16,2021-07-28,84,0.875,False,212.0,212.28640747070312,0.286407470703125,0.286407470703125,2021-07-28 12:00:00,2021-07-28 11:45:00,-15.0,15.0
D2,F6-3-c2048-q0.6,2,16,2021-07-29,84,0.875,False,211.0,204.58958435058594,-6.4104156494140625,6.4104156494140625,2021-07-29 12:00:00,2021-07-29 11:45:00,-15.0,15.0
D2,F6-3-c2048-q0.6,2,16,2021-07-30,84,0.875,False,212.0,209.6779022216797,-2.3220977783203125,2.3220977783203125,2021-07-30 12:00:00,2021-07-30 12:00:00,0.0,0.0
D2,F6-3-c2048-q0.6,2,16,2021-07-31,96,1.0,True,80.0,112.36216735839844,32.36216735839844,32.36216735839844,2021-07-31 00:00:00,2021-07-31 03:45:00,225.0,225.0
D2,F6-3-c2048-q0.6,2,16,2021-08-01,96,1.0,True,28.0,25.271507263183594,-2.7284927368164062,2.7284927368164062,2021-08-01 09:00:00,2021-08-01 02:00:00,-420.0,420.0
D2,F6-3-c2048-q0.6,2,16,2021-08-09,1,0.010416666666666666,False,21.0,22.17831039428711,1.1783103942871094,1.1783103942871094,2021-08-09 00:00:00,2021-08-09 00:00:00,0.0,0.0
