dataset,model,fold,horizon,target_day,observed_slots,slot_coverage,full_day,actual_daily_max,predicted_daily_max,daily_max_error,daily_max_abs_error,actual_peak_time,predicted_peak_time,timing_error_minutes,timing_abs_error_minutes
D1,F0-1-B5,0,4,2021-04-19,96,1.0,True,172.0,192.13684494486438,20.13684494486438,20.13684494486438,2021-04-19 08:45:00,2021-04-19 13:15:00,270.0,270.0
D1,F0-1-B5,0,4,2021-04-20,96,1.0,True,172.0,192.13684494486438,20.13684494486438,20.13684494486438,2021-04-20 08:45:00,2021-04-20 13:15:00,270.0,270.0
D1,F0-1-B5,0,4,2021-04-21,96,1.0,True,174.0,186.80341443790323,12.803414437903228,12.803414437903228,2021-04-21 08:30:00,2021-04-21 09:00:00,30.0,30.0
D1,F0-1-B5,0,4,2021-04-22,96,1.0,True,174.0,186.80341443790323,12.803414437903228,12.803414437903228,2021-04-22 08:30:00,2021-04-22 09:00:00,30.0,30.0
D1,F0-1-B5,0,4,2021-04-23,96,1.0,True,174.0,186.80341443790323,12.803414437903228,12.803414437903228,2021-04-23 08:30:00,2021-04-23 09:00:00,30.0,30.0
D1,F0-1-B5,0,4,2021-04-24,96,1.0,True,112.0,115.77717028754039,3.777170287540386,3.777170287540386,2021-04-24 06:15:00,2021-04-24 02:00:00,-255.0,255.0
D1,F0-1-B5,0,4,2021-04-25,96,1.0,True,25.0,25.00000118248535,1.1824853487496512e-06,1.1824853487496512e-06,2021-04-25 01:30:00,2021-04-25 01:30:00,0.0,0.0
D1,F0-1-B5,0,4,2021-05-03,96,1.0,True,184.0,214.37095234604217,30.370952346042174,30.370952346042174,2021-05-03 08:30:00,2021-05-03 09:45:00,75.0,75.0
D1,F0-1-B5,0,4,2021-05-04,96,1.0,True,181.0,201.88724167471653,20.887241674716535,20.887241674716535,2021-05-04 08:30:00,2021-05-04 09:45:00,75.0,75.0
D1,F0-1-B5,0,4,2021-05-05,96,1.0,True,120.0,164.0734945811211,44.07349458112111,44.07349458112111,2021-05-05 04:15:00,2021-05-05 08:30:00,255.0,255.0
D1,F0-1-B5,0,4,2021-05-06,96,1.0,True,199.0,195.3248860652016,-3.6751139347983894,3.6751139347983894,2021-05-06 09:00:00,2021-05-06 10:00:00,60.0,60.0
D1,F0-1-B5,0,4,2021-05-07,96,1.0,True,181.0,197.19030073866537,16.19030073866537,16.19030073866537,2021-05-07 09:00:00,2021-05-07 10:30:00,90.0,90.0
D1,F0-1-B5,0,4,2021-05-08,96,1.0,True,115.0,117.99519317748997,2.9951931774899663,2.9951931774899663,2021-05-08 02:00:00,2021-05-08 02:15:00,15.0,15.0
D1,F0-1-B5,0,4,2021-05-09,96,1.0,True,184.0,147.30322090156335,-36.69677909843665,36.69677909843665,2021-05-09 09:00:00,2021-05-09 10:00:00,60.0,60.0
D1,F0-1-B5,0,5,2021-04-19,96,1.0,True,172.0,187.5455902895021,15.545590289502087,15.545590289502087,2021-04-19 08:45:00,2021-04-19 13:30:00,285.0,285.0
D1,F0-1-B5,0,5,2021-04-20,96,1.0,True,172.0,187.5455902895021,15.545590289502087,15.545590289502087,2021-04-20 08:45:00,2021-04-20 13:30:00,285.0,285.0
D1,F0-1-B5,0,5,2021-04-21,96,1.0,True,174.0,181.203402970201,7.203402970201012,7.203402970201012,2021-04-21 08:30:00,2021-04-21 09:00:00,30.0,30.0
D1,F0-1-B5,0,5,2021-04-22,96,1.0,True,174.0,181.203402970201,7.203402970201012,7.203402970201012,2021-04-22 08:30:00,2021-04-22 09:00:00,30.0,30.0
D1,F0-1-B5,0,5,2021-04-23,96,1.0,True,174.0,181.203402970201,7.203402970201012,7.203402970201012,2021-04-23 08:30:00,2021-04-23 09:00:00,30.0,30.0
D1,F0-1-B5,0,5,2021-04-24,96,1.0,True,112.0,114.73416721477213,2.7341672147721283,2.7341672147721283,2021-04-24 06:15:00,2021-04-24 06:15:00,0.0,0.0
D1,F0-1-B5,0,5,2021-04-25,96,1.0,True,25.0,25.00006438162708,6.438162708022332e-05,6.438162708022332e-05,2021-04-25 01:30:00,2021-04-25 01:30:00,0.0,0.0
D1,F0-1-B5,0,5,2021-05-03,96,1.0,True,184.0,210.52686599583052,26.52686599583052,26.52686599583052,2021-05-03 08:30:00,2021-05-03 10:00:00,90.0,90.0
D1,F0-1-B5,0,5,2021-05-04,96,1.0,True,181.0,198.7779371967785,17.77793719677851,17.77793719677851,2021-05-04 08:30:00,2021-05-04 10:00:00,90.0,90.0
D1,F0-1-B5,0,5,2021-05-05,96,1.0,True,120.0,170.5935803493773,50.593580349377305,50.593580349377305,2021-05-05 04:15:00,2021-05-05 08:30:00,255.0,255.0
D1,F0-1-B5,0,5,2021-05-06,96,1.0,True,199.0,190.96786601210414,-8.032133987895861,8.032133987895861,2021-05-06 09:00:00,2021-05-06 10:45:00,105.0,105.0
D1,F0-1-B5,0,5,2021-05-07,96,1.0,True,181.0,194.76375498507417,13.763754985074172,13.763754985074172,2021-05-07 09:00:00,2021-05-07 10:45:00,105.0,105.0
D1,F0-1-B5,0,5,2021-05-08,96,1.0,True,115.0,114.32794070338728,-0.6720592966127157,0.6720592966127157,2021-05-08 02:00:00,2021-05-08 02:15:00,15.0,15.0
D1,F0-1-B5,0,5,2021-05-09,96,1.0,True,184.0,140.7006098673257,-43.29939013267429,43.29939013267429,2021-05-09 09:00:00,2021-05-09 10:15:00,75.0,75.0
D1,F0-1-B5,0,6,2021-04-19,96,1.0,True,172.0,185.97959704359243,13.979597043592435,13.979597043592435,2021-04-19 08:45:00,2021-04-19 13:45:00,300.0,300.0
D1,F0-1-B5,0,6,2021-04-20,96,1.0,True,172.0,185.97959704359243,13.979597043592435,13.979597043592435,2021-04-20 08:45:00,2021-04-20 13:45:00,300.0,300.0
D1,F0-1-B5,0,6,2021-04-21,96,1.0,True,174.0,184.5337229400286,10.53372294002861,10.53372294002861,2021-04-21 08:30:00,2021-04-21 09:00:00,30.0,30.0
D1,F0-1-B5,0,6,2021-04-22,96,1.0,True,174.0,184.5337229400286,10.53372294002861,10.53372294002861,2021-04-22 08:30:00,2021-04-22 09:00:00,30.0,30.0
D1,F0-1-B5,0,6,2021-04-23,96,1.0,True,174.0,184.5337229400286,10.53372294002861,10.53372294002861,2021-04-23 08:30:00,2021-04-23 09:00:00,30.0,30.0
D1,F0-1-B5,0,6,2021-04-24,96,1.0,True,112.0,114.83401229272528,2.8340122927252764,2.8340122927252764,2021-04-24 06:15:00,2021-04-24 03:00:00,-195.0,195.0
D1,F0-1-B5,0,6,2021-04-25,96,1.0,True,25.0,25.692183837639178,0.6921838376391776,0.6921838376391776,2021-04-25 01:30:00,2021-04-25 01:30:00,0.0,0.0
D1,F0-1-B5,0,6,2021-05-03,96,1.0,True,184.0,180.20926583499153,-3.790734165008473,3.790734165008473,2021-05-03 08:30:00,2021-05-03 11:00:00,150.0,150.0
D1,F0-1-B5,0,6,2021-05-04,96,1.0,True,181.0,194.66955724393551,13.669557243935515,13.669557243935515,2021-05-04 08:30:00,2021-05-04 08:30:00,0.0,0.0
D1,F0-1-B5,0,6,2021-05-05,96,1.0,True,120.0,168.08567647851186,48.08567647851186,48.08567647851186,2021-05-05 04:15:00,2021-05-05 08:30:00,255.0,255.0
D1,F0-1-B5,0,6,2021-05-06,96,1.0,True,199.0,185.3680180656382,-13.63198193436179,13.63198193436179,2021-05-06 09:00:00,2021-05-06 10:45:00,105.0,105.0
D1,F0-1-B5,0,6,2021-05-07,96,1.0,True,181.0,193.42452178589815,12.42452178589815,12.42452178589815,2021-05-07 09:00:00,2021-05-07 11:00:00,120.0,120.0
D1,F0-1-B5,0,6,2021-05-08,96,1.0,True,115.0,115.97395463818016,0.9739546381801603,0.9739546381801603,2021-05-08 02:00:00,2021-05-08 04:30:00,150.0,150.0
D1,F0-1-B5,0,6,2021-05-09,96,1.0,True,184.0,132.72275737455914,-51.27724262544086,51.27724262544086,2021-05-09 09:00:00,2021-05-09 10:30:00,90.0,90.0
D1,F0-1-B5,0,7,2021-04-19,96,1.0,True,172.0,177.43528065351862,5.4352806535186176,5.4352806535186176,2021-04-19 08:45:00,2021-04-19 14:00:00,315.0,315.0
D1,F0-1-B5,0,7,2021-04-20,96,1.0,True,172.0,177.43528065351862,5.4352806535186176,5.4352806535186176,2021-04-20 08:45:00,2021-04-20 14:00:00,315.0,315.0
D1,F0-1-B5,0,7,2021-04-21,96,1.0,True,174.0,185.4975940803625,11.49759408036249,11.49759408036249,2021-04-21 08:30:00,2021-04-21 09:00:00,30.0,30.0
D1,F0-1-B5,0,7,2021-04-22,96,1.0,True,174.0,185.4975940803625,11.49759408036249,11.49759408036249,2021-04-22 08:30:00,2021-04-22 09:00:00,30.0,30.0
D1,F0-1-B5,0,7,2021-04-23,96,1.0,True,174.0,185.4975940803625,11.49759408036249,11.49759408036249,2021-04-23 08:30:00,2021-04-23 09:00:00,30.0,30.0
D1,F0-1-B5,0,7,2021-04-24,96,1.0,True,112.0,113.05454867550165,1.0545486755016498,1.0545486755016498,2021-04-24 06:15:00,2021-04-24 02:00:00,-255.0,255.0
D1,F0-1-B5,0,7,2021-04-25,96,1.0,True,25.0,26.29752155593839,1.2975215559383884,1.2975215559383884,2021-04-25 01:30:00,2021-04-25 01:30:00,0.0,0.0
D1,F0-1-B5,0,7,2021-05-03,96,1.0,True,184.0,195.24481988621238,11.244819886212383,11.244819886212383,2021-05-03 08:30:00,2021-05-03 10:30:00,120.0,120.0
D1,F0-1-B5,0,7,2021-05-04,96,1.0,True,181.0,190.9312112939792,9.931211293979203,9.931211293979203,2021-05-04 08:30:00,2021-05-04 08:30:00,0.0,0.0
D1,F0-1-B5,0,7,2021-05-05,96,1.0,True,120.0,169.80879802233014,49.80879802233014,49.80879802233014,2021-05-05 04:15:00,2021-05-05 08:30:00,255.0,255.0
D1,F0-1-B5,0,7,2021-05-06,96,1.0,True,199.0,188.89385888111778,-10.10614111888222,10.10614111888222,2021-05-06 09:00:00,2021-05-06 11:30:00,150.0,150.0
D1,F0-1-B5,0,7,2021-05-07,96,1.0,True,181.0,190.18194371768158,9.181943717681577,9.181943717681577,2021-05-07 09:00:00,2021-05-07 10:45:00,105.0,105.0
D1,F0-1-B5,0,7,2021-05-08,96,1.0,True,115.0,112.79881552442662,-2.2011844755733847,2.2011844755733847,2021-05-08 02:00:00,2021-05-08 02:15:00,15.0,15.0
D1,F0-1-B5,0,7,2021-05-09,96,1.0,True,184.0,127.88258257860676,-56.11741742139324,56.11741742139324,2021-05-09 09:00:00,2021-05-09 10:45:00,105.0,105.0
D1,F0-1-B5,0,8,2021-04-19,96,1.0,True,172.0,184.43607406222114,12.436074062221138,12.436074062221138,2021-04-19 08:45:00,2021-04-19 13:15:00,270.0,270.0
D1,F0-1-B5,0,8,2021-04-20,96,1.0,True,172.0,184.43607406222114,12.436074062221138,12.436074062221138,2021-04-20 08:45:00,2021-04-20 13:15:00,270.0,270.0
D1,F0-1-B5,0,8,2021-04-21,96,1.0,True,174.0,186.9365295195042,12.936529519504205,12.936529519504205,2021-04-21 08:30:00,2021-04-21 09:00:00,30.0,30.0
D1,F0-1-B5,0,8,2021-04-22,96,1.0,True,174.0,186.9365295195042,12.936529519504205,12.936529519504205,2021-04-22 08:30:00,2021-04-22 09:00:00,30.0,30.0
D1,F0-1-B5,0,8,2021-04-23,96,1.0,True,174.0,186.9365295195042,12.936529519504205,12.936529519504205,2021-04-23 08:30:00,2021-04-23 09:00:00,30.0,30.0
D1,F0-1-B5,0,8,2021-04-24,96,1.0,True,112.0,116.83158254805298,4.831582548052978,4.831582548052978,2021-04-24 06:15:00,2021-04-24 02:00:00,-255.0,255.0
D1,F0-1-B5,0,8,2021-04-25,96,1.0,True,25.0,25.0,0.0,0.0,2021-04-25 01:30:00,2021-04-25 05:00:00,210.0,210.0
D1,F0-1-B5,0,8,2021-05-03,96,1.0,True,184.0,193.83676781621128,9.836767816211278,9.836767816211278,2021-05-03 08:30:00,2021-05-03 10:45:00,135.0,135.0
D1,F0-1-B5,0,8,2021-05-04,96,1.0,True,181.0,184.07199952827042,3.0719995282704247,3.0719995282704247,2021-05-04 08:30:00,2021-05-04 10:45:00,135.0,135.0
D1,F0-1-B5,0,8,2021-05-05,96,1.0,True,120.0,176.21708015885153,56.21708015885153,56.21708015885153,2021-05-05 04:15:00,2021-05-05 08:30:00,255.0,255.0
D1,F0-1-B5,0,8,2021-05-06,96,1.0,True,199.0,192.76044472580068,-6.2395552741993185,6.2395552741993185,2021-05-06 09:00:00,2021-05-06 11:30:00,150.0,150.0
D1,F0-1-B5,0,8,2021-05-07,96,1.0,True,181.0,189.09346587591068,8.093465875910681,8.093465875910681,2021-05-07 09:00:00,2021-05-07 11:00:00,120.0,120.0
D1,F0-1-B5,0,8,2021-05-08,96,1.0,True,115.0,110.93081612911638,-4.06918387088362,4.06918387088362,2021-05-08 02:00:00,2021-05-08 06:15:00,255.0,255.0
D1,F0-1-B5,0,8,2021-05-09,96,1.0,True,184.0,125.5407496655108,-58.4592503344892,58.4592503344892,2021-05-09 09:00:00,2021-05-09 11:00:00,120.0,120.0
D1,F0-1-B5,0,9,2021-04-19,96,1.0,True,172.0,180.2872081932278,8.287208193227798,8.287208193227798,2021-04-19 08:45:00,2021-04-19 13:30:00,285.0,285.0
D1,F0-1-B5,0,9,2021-04-20,96,1.0,True,172.0,180.2872081932278,8.287208193227798,8.287208193227798,2021-04-20 08:45:00,2021-04-20 13:30:00,285.0,285.0
D1,F0-1-B5,0,9,2021-04-21,96,1.0,True,174.0,183.72078470113556,9.720784701135557,9.720784701135557,2021-04-21 08:30:00,2021-04-21 13:15:00,285.0,285.0
D1,F0-1-B5,0,9,2021-04-22,96,1.0,True,174.0,183.72078470113556,9.720784701135557,9.720784701135557,2021-04-22 08:30:00,2021-04-22 13:15:00,285.0,285.0
D1,F0-1-B5,0,9,2021-04-23,96,1.0,True,174.0,183.72078470113556,9.720784701135557,9.720784701135557,2021-04-23 08:30:00,2021-04-23 13:15:00,285.0,285.0
D1,F0-1-B5,0,9,2021-04-24,96,1.0,True,112.0,116.15434873880325,4.15434873880325,4.15434873880325,2021-04-24 06:15:00,2021-04-24 02:00:00,-255.0,255.0
D1,F0-1-B5,0,9,2021-04-25,96,1.0,True,25.0,25.0,0.0,0.0,2021-04-25 01:30:00,2021-04-25 05:00:00,210.0,210.0
D1,F0-1-B5,0,9,2021-05-03,96,1.0,True,184.0,200.56842934606888,16.568429346068882,16.568429346068882,2021-05-03 08:30:00,2021-05-03 11:00:00,150.0,150.0
D1,F0-1-B5,0,9,2021-05-04,96,1.0,True,181.0,191.38882056198327,10.388820561983266,10.388820561983266,2021-05-04 08:30:00,2021-05-04 11:00:00,150.0,150.0
D1,F0-1-B5,0,9,2021-05-05,96,1.0,True,120.0,170.97269324856754,50.97269324856754,50.97269324856754,2021-05-05 04:15:00,2021-05-05 08:30:00,255.0,255.0
D1,F0-1-B5,0,9,2021-05-06,96,1.0,True,199.0,188.52218604456135,-10.477813955438648,10.477813955438648,2021-05-06 09:00:00,2021-05-06 11:45:00,165.0,165.0
D1,F0-1-B5,0,9,2021-05-07,96,1.0,True,181.0,181.17603217645086,0.17603217645086033,0.17603217645086033,2021-05-07 09:00:00,2021-05-07 11:00:00,120.0,120.0
D1,F0-1-B5,0,9,2021-05-08,96,1.0,True,115.0,111.396943722118,-3.603056277882004,3.603056277882004,2021-05-08 02:00:00,2021-05-08 02:00:00,0.0,0.0
D1,F0-1-B5,0,9,2021-05-09,96,1.0,True,184.0,118.4628772866126,-65.5371227133874,65.5371227133874,2021-05-09 09:00:00,2021-05-09 11:00:00,120.0,120.0
D1,F0-1-B5,0,10,2021-04-19,96,1.0,True,172.0,179.15699908798018,7.156999087980182,7.156999087980182,2021-04-19 08:45:00,2021-04-19 13:45:00,300.0,300.0
D1,F0-1-B5,0,10,2021-04-20,96,1.0,True,172.0,179.15699908798018,7.156999087980182,7.156999087980182,2021-04-20 08:45:00,2021-04-20 13:45:00,300.0,300.0
D1,F0-1-B5,0,10,2021-04-21,96,1.0,True,174.0,186.55342074494493,12.55342074494493,12.55342074494493,2021-04-21 08:30:00,2021-04-21 09:00:00,30.0,30.0
D1,F0-1-B5,0,10,2021-04-22,96,1.0,True,174.0,186.55342074494493,12.55342074494493,12.55342074494493,2021-04-22 08:30:00,2021-04-22 09:00:00,30.0,30.0
D1,F0-1-B5,0,10,2021-04-23,96,1.0,True,174.0,186.55342074494493,12.55342074494493,12.55342074494493,2021-04-23 08:30:00,2021-04-23 09:00:00,30.0,30.0
D1,F0-1-B5,0,10,2021-04-24,96,1.0,True,112.0,120.39581119050644,8.395811190506436,8.395811190506436,2021-04-24 06:15:00,2021-04-24 02:00:00,-255.0,255.0
D1,F0-1-B5,0,10,2021-04-25,96,1.0,True,25.0,25.0,0.0,0.0,2021-04-25 01:30:00,2021-04-25 05:00:00,210.0,210.0
D1,F0-1-B5,0,10,2021-05-03,96,1.0,True,184.0,198.44769937126435,14.447699371264349,14.447699371264349,2021-05-03 08:30:00,2021-05-03 11:15:00,165.0,165.0
D1,F0-1-B5,0,10,2021-05-04,96,1.0,True,181.0,189.81595360913025,8.815953609130247,8.815953609130247,2021-05-04 08:30:00,2021-05-04 11:15:00,165.0,165.0
D1,F0-1-B5,0,10,2021-05-05,96,1.0,True,120.0,165.82878645361572,45.82878645361572,45.82878645361572,2021-05-05 04:15:00,2021-05-05 08:30:00,255.0,255.0
D1,F0-1-B5,0,10,2021-05-06,96,1.0,True,199.0,190.88346472229048,-8.116535277709517,8.116535277709517,2021-05-06 09:00:00,2021-05-06 11:30:00,150.0,150.0
D1,F0-1-B5,0,10,2021-05-07,96,1.0,True,181.0,176.6463093726813,-4.353690627318713,4.353690627318713,2021-05-07 09:00:00,2021-05-07 15:45:00,405.0,405.0
D1,F0-1-B5,0,10,2021-05-08,96,1.0,True,115.0,113.68251382679892,-1.3174861732010754,1.3174861732010754,2021-05-08 02:00:00,2021-05-08 02:15:00,15.0,15.0
D1,F0-1-B5,0,10,2021-05-09,96,1.0,True,184.0,112.3269640529688,-71.6730359470312,71.6730359470312,2021-05-09 09:00:00,2021-05-09 11:00:00,120.0,120.0
D1,F0-1-B5,0,11,2021-04-19,96,1.0,True,172.0,181.49266045121888,9.492660451218882,9.492660451218882,2021-04-19 08:45:00,2021-04-19 13:15:00,270.0,270.0
D1,F0-1-B5,0,11,2021-04-20,96,1.0,True,172.0,181.49266045121888,9.492660451218882,9.492660451218882,2021-04-20 08:45:00,2021-04-20 13:15:00,270.0,270.0
D1,F0-1-B5,0,11,2021-04-21,96,1.0,True,174.0,187.06789412997765,13.067894129977645,13.067894129977645,2021-04-21 08:30:00,2021-04-21 13:15:00,285.0,285.0
D1,F0-1-B5,0,11,2021-04-22,96,1.0,True,174.0,187.06789412997765,13.067894129977645,13.067894129977645,2021-04-22 08:30:00,2021-04-22 13:15:00,285.0,285.0
D1,F0-1-B5,0,11,2021-04-23,96,1.0,True,174.0,187.06789412997765,13.067894129977645,13.067894129977645,2021-04-23 08:30:00,2021-04-23 13:15:00,285.0,285.0
D1,F0-1-B5,0,11,2021-04-24,96,1.0,True,112.0,121.59203951760375,9.592039517603752,9.592039517603752,2021-04-24 06:15:00,2021-04-24 02:00:00,-255.0,255.0
D1,F0-1-B5,0,11,2021-04-25,96,1.0,True,25.0,25.0,0.0,0.0,2021-04-25 01:30:00,2021-04-25 05:00:00,210.0,210.0
D1,F0-1-B5,0,11,2021-05-03,96,1.0,True,184.0,193.4384861057031,9.438486105703106,9.438486105703106,2021-05-03 08:30:00,2021-05-03 11:30:00,180.0,180.0
D1,F0-1-B5,0,11,2021-05-04,96,1.0,True,181.0,185.3250459596519,4.325045959651902,4.325045959651902,2021-05-04 08:30:00,2021-05-04 11:30:00,180.0,180.0
D1,F0-1-B5,0,11,2021-05-05,96,1.0,True,120.0,173.48133316905506,53.48133316905506,53.48133316905506,2021-05-05 04:15:00,2021-05-05 08:30:00,255.0,255.0
D1,F0-1-B5,0,11,2021-05-06,96,1.0,True,199.0,186.75345923967402,-12.246540760325985,12.246540760325985,2021-05-06 09:00:00,2021-05-06 11:45:00,165.0,165.0
D1,F0-1-B5,0,11,2021-05-07,96,1.0,True,181.0,173.08439752811896,-7.915602471881044,7.915602471881044,2021-05-07 09:00:00,2021-05-07 14:30:00,330.0,330.0
D1,F0-1-B5,0,11,2021-05-08,96,1.0,True,115.0,111.95415044892188,-3.0458495510781205,3.0458495510781205,2021-05-08 02:00:00,2021-05-08 01:45:00,-15.0,15.0
D1,F0-1-B5,0,11,2021-05-09,96,1.0,True,184.0,105.16758237641002,-78.83241762358998,78.83241762358998,2021-05-09 09:00:00,2021-05-09 11:15:00,135.0,135.0
D1,F0-1-B5,0,12,2021-04-19,96,1.0,True,172.0,181.8613172478388,9.861317247838798,9.861317247838798,2021-04-19 08:45:00,2021-04-19 15:45:00,420.0,420.0
D1,F0-1-B5,0,12,2021-04-20,96,1.0,True,172.0,181.8613172478388,9.861317247838798,9.861317247838798,2021-04-20 08:45:00,2021-04-20 15:45:00,420.0,420.0
D1,F0-1-B5,0,12,2021-04-21,96,1.0,True,174.0,182.766510851505,8.76651085150499,8.76651085150499,2021-04-21 08:30:00,2021-04-21 13:30:00,300.0,300.0
D1,F0-1-B5,0,12,2021-04-22,96,1.0,True,174.0,182.766510851505,8.76651085150499,8.76651085150499,2021-04-22 08:30:00,2021-04-22 13:30:00,300.0,300.0
D1,F0-1-B5,0,12,2021-04-23,96,1.0,True,174.0,182.766510851505,8.76651085150499,8.76651085150499,2021-04-23 08:30:00,2021-04-23 13:30:00,300.0,300.0
D1,F0-1-B5,0,12,2021-04-24,96,1.0,True,112.0,115.95414011826983,3.9541401182698337,3.9541401182698337,2021-04-24 06:15:00,2021-04-24 02:00:00,-255.0,255.0
D1,F0-1-B5,0,12,2021-04-25,96,1.0,True,25.0,25.0,0.0,0.0,2021-04-25 01:30:00,2021-04-25 05:00:00,210.0,210.0
D1,F0-1-B5,0,12,2021-05-03,96,1.0,True,184.0,192.55871635940022,8.558716359400222,8.558716359400222,2021-05-03 08:30:00,2021-05-03 11:45:00,195.0,195.0
D1,F0-1-B5,0,12,2021-05-04,96,1.0,True,181.0,184.93055775313763,3.9305577531376343,3.9305577531376343,2021-05-04 08:30:00,2021-05-04 11:45:00,195.0,195.0
D1,F0-1-B5,0,12,2021-05-05,96,1.0,True,120.0,178.8138038892898,58.8138038892898,58.8138038892898,2021-05-05 04:15:00,2021-05-05 08:30:00,255.0,255.0
D1,F0-1-B5,0,12,2021-05-06,96,1.0,True,199.0,184.68851878433853,-14.311481215661473,14.311481215661473,2021-05-06 09:00:00,2021-05-06 12:00:00,180.0,180.0
D1,F0-1-B5,0,12,2021-05-07,96,1.0,True,181.0,175.4303277732126,-5.5696722267873895,5.5696722267873895,2021-05-07 09:00:00,2021-05-07 08:30:00,-30.0,30.0
D1,F0-1-B5,0,12,2021-05-08,96,1.0,True,115.0,113.13824216098959,-1.8617578390104086,1.8617578390104086,2021-05-08 02:00:00,2021-05-08 02:00:00,0.0,0.0
D1,F0-1-B5,0,12,2021-05-09,96,1.0,True,184.0,98.72624127456538,-85.27375872543462,85.27375872543462,2021-05-09 09:00:00,2021-05-09 12:00:00,180.0,180.0
D1,F0-1-B5,0,13,2021-04-19,96,1.0,True,172.0,182.58925912859343,10.589259128593426,10.589259128593426,2021-04-19 08:45:00,2021-04-19 15:45:00,420.0,420.0
D1,F0-1-B5,0,13,2021-04-20,96,1.0,True,172.0,182.58925912859343,10.589259128593426,10.589259128593426,2021-04-20 08:45:00,2021-04-20 15:45:00,420.0,420.0
D1,F0-1-B5,0,13,2021-04-21,96,1.0,True,174.0,183.03686046946004,9.036860469460038,9.036860469460038,2021-04-21 08:30:00,2021-04-21 09:00:00,30.0,30.0
D1,F0-1-B5,0,13,2021-04-22,96,1.0,True,174.0,183.03686046946004,9.036860469460038,9.036860469460038,2021-04-22 08:30:00,2021-04-22 09:00:00,30.0,30.0
D1,F0-1-B5,0,13,2021-04-23,96,1.0,True,174.0,183.03686046946004,9.036860469460038,9.036860469460038,2021-04-23 08:30:00,2021-04-23 09:00:00,30.0,30.0
D1,F0-1-B5,0,13,2021-04-24,96,1.0,True,112.0,118.76140262060419,6.761402620604187,6.761402620604187,2021-04-24 06:15:00,2021-04-24 01:45:00,-270.0,270.0
D1,F0-1-B5,0,13,2021-04-25,96,1.0,True,25.0,25.0,0.0,0.0,2021-04-25 01:30:00,2021-04-25 05:00:00,210.0,210.0
D1,F0-1-B5,0,13,2021-05-03,96,1.0,True,184.0,195.80390506783456,11.803905067834563,11.803905067834563,2021-05-03 08:30:00,2021-05-03 12:00:00,210.0,210.0
D1,F0-1-B5,0,13,2021-05-04,96,1.0,True,181.0,188.62857457931645,7.6285745793164494,7.6285745793164494,2021-05-04 08:30:00,2021-05-04 12:00:00,210.0,210.0
D1,F0-1-B5,0,13,2021-05-05,96,1.0,True,120.0,174.55087533763424,54.55087533763424,54.55087533763424,2021-05-05 04:15:00,2021-05-05 08:30:00,255.0,255.0
D1,F0-1-B5,0,13,2021-05-06,96,1.0,True,199.0,178.76459055966336,-20.23540944033664,20.23540944033664,2021-05-06 09:00:00,2021-05-06 12:00:00,180.0,180.0
D1,F0-1-B5,0,13,2021-05-07,96,1.0,True,181.0,174.44732303307734,-6.552676966922661,6.552676966922661,2021-05-07 09:00:00,2021-05-07 08:30:00,-30.0,30.0
D1,F0-1-B5,0,13,2021-05-08,96,1.0,True,115.0,115.30774321120204,0.3077432112020375,0.3077432112020375,2021-05-08 02:00:00,2021-05-08 02:15:00,15.0,15.0
D1,F0-1-B5,0,13,2021-05-09,96,1.0,True,184.0,94.11676835476152,-89.88323164523848,89.88323164523848,2021-05-09 09:00:00,2021-05-09 12:15:00,195.0,195.0
D1,F0-1-B5,0,14,2021-04-19,96,1.0,True,172.0,184.46933330882325,12.469333308823252,12.469333308823252,2021-04-19 08:45:00,2021-04-19 15:45:00,420.0,420.0
D1,F0-1-B5,0,14,2021-04-20,96,1.0,True,172.0,184.46933330882325,12.469333308823252,12.469333308823252,2021-04-20 08:45:00,2021-04-20 15:45:00,420.0,420.0
D1,F0-1-B5,0,14,2021-04-21,96,1.0,True,174.0,183.78192050248234,9.781920502482336,9.781920502482336,2021-04-21 08:30:00,2021-04-21 08:30:00,0.0,0.0
D1,F0-1-B5,0,14,2021-04-22,96,1.0,True,174.0,183.78192050248234,9.781920502482336,9.781920502482336,2021-04-22 08:30:00,2021-04-22 08:30:00,0.0,0.0
D1,F0-1-B5,0,14,2021-04-23,96,1.0,True,174.0,183.78192050248234,9.781920502482336,9.781920502482336,2021-04-23 08:30:00,2021-04-23 08:30:00,0.0,0.0
D1,F0-1-B5,0,14,2021-04-24,96,1.0,True,112.0,125.09725041388572,13.097250413885718,13.097250413885718,2021-04-24 06:15:00,2021-04-24 02:00:00,-255.0,255.0
D1,F0-1-B5,0,14,2021-04-25,96,1.0,True,25.0,25.0,0.0,0.0,2021-04-25 01:30:00,2021-04-25 05:00:00,210.0,210.0
D1,F0-1-B5,0,14,2021-05-03,96,1.0,True,184.0,171.36627722267062,-12.633722777329382,12.633722777329382,2021-05-03 08:30:00,2021-05-03 12:00:00,210.0,210.0
D1,F0-1-B5,0,14,2021-05-04,96,1.0,True,181.0,172.63443704231966,-8.36556295768034,8.36556295768034,2021-05-04 08:30:00,2021-05-04 08:30:00,0.0,0.0
D1,F0-1-B5,0,14,2021-05-05,96,1.0,True,120.0,172.89694428540562,52.896944285405624,52.896944285405624,2021-05-05 04:15:00,2021-05-05 08:30:00,255.0,255.0
D1,F0-1-B5,0,14,2021-05-06,96,1.0,True,199.0,176.25711028843588,-22.742889711564118,22.742889711564118,2021-05-06 09:00:00,2021-05-06 13:45:00,285.0,285.0
D1,F0-1-B5,0,14,2021-05-07,96,1.0,True,181.0,172.84131414822446,-8.158685851775545,8.158685851775545,2021-05-07 09:00:00,2021-05-07 11:00:00,120.0,120.0
D1,F0-1-B5,0,14,2021-05-08,96,1.0,True,115.0,117.52373830258317,2.523738302583169,2.523738302583169,2021-05-08 02:00:00,2021-05-08 01:45:00,-15.0,15.0
D1,F0-1-B5,0,14,2021-05-09,96,1.0,True,184.0,89.58780388357616,-94.41219611642384,94.41219611642384,2021-05-09 09:00:00,2021-05-09 12:30:00,210.0,210.0
D1,F0-1-B5,0,15,2021-04-19,96,1.0,True,172.0,177.41637790241327,5.416377902413274,5.416377902413274,2021-04-19 08:45:00,2021-04-19 15:45:00,420.0,420.0
D1,F0-1-B5,0,15,2021-04-20,96,1.0,True,172.0,177.41637790241327,5.416377902413274,5.416377902413274,2021-04-20 08:45:00,2021-04-20 15:45:00,420.0,420.0
D1,F0-1-B5,0,15,2021-04-21,96,1.0,True,174.0,184.1504764853309,10.150476485330898,10.150476485330898,2021-04-21 08:30:00,2021-04-21 09:00:00,30.0,30.0
D1,F0-1-B5,0,15,2021-04-22,96,1.0,True,174.0,184.1504764853309,10.150476485330898,10.150476485330898,2021-04-22 08:30:00,2021-04-22 09:00:00,30.0,30.0
D1,F0-1-B5,0,15,2021-04-23,96,1.0,True,174.0,184.1504764853309,10.150476485330898,10.150476485330898,2021-04-23 08:30:00,2021-04-23 09:00:00,30.0,30.0
D1,F0-1-B5,0,15,2021-04-24,96,1.0,True,112.0,115.14519656653735,3.1451965665373507,3.1451965665373507,2021-04-24 06:15:00,2021-04-24 03:00:00,-195.0,195.0
D1,F0-1-B5,0,15,2021-04-25,96,1.0,True,25.0,25.0,0.0,0.0,2021-04-25 01:30:00,2021-04-25 05:00:00,210.0,210.0
D1,F0-1-B5,0,15,2021-05-03,96,1.0,True,184.0,172.7094108392967,-11.290589160703291,11.290589160703291,2021-05-03 08:30:00,2021-05-03 13:15:00,285.0,285.0
D1,F0-1-B5,0,15,2021-05-04,96,1.0,True,181.0,178.37533102815559,-2.6246689718444145,2.6246689718444145,2021-05-04 08:30:00,2021-05-04 08:30:00,0.0,0.0
D1,F0-1-B5,0,15,2021-05-05,96,1.0,True,120.0,179.75127091886358,59.75127091886358,59.75127091886358,2021-05-05 04:15:00,2021-05-05 08:30:00,255.0,255.0
D1,F0-1-B5,0,15,2021-05-06,96,1.0,True,199.0,178.29648448952992,-20.703515510470083,20.703515510470083,2021-05-06 09:00:00,2021-05-06 13:30:00,270.0,270.0
D1,F0-1-B5,0,15,2021-05-07,96,1.0,True,181.0,174.1878685032258,-6.812131496774214,6.812131496774214,2021-05-07 09:00:00,2021-05-07 10:30:00,90.0,90.0
D1,F0-1-B5,0,15,2021-05-08,96,1.0,True,115.0,118.37187801428546,3.371878014285457,3.371878014285457,2021-05-08 02:00:00,2021-05-08 02:00:00,0.0,0.0
D1,F0-1-B5,0,15,2021-05-09,96,1.0,True,184.0,85.54044906049533,-98.45955093950467,98.45955093950467,2021-05-09 09:00:00,2021-05-09 12:45:00,225.0,225.0
D1,F0-1-B5,0,16,2021-04-19,96,1.0,True,172.0,182.37034371967596,10.370343719675958,10.370343719675958,2021-04-19 08:45:00,2021-04-19 13:15:00,270.0,270.0
D1,F0-1-B5,0,16,2021-04-20,96,1.0,True,172.0,182.37034371967596,10.370343719675958,10.370343719675958,2021-04-20 08:45:00,2021-04-20 13:15:00,270.0,270.0
D1,F0-1-B5,0,16,2021-04-21,96,1.0,True,174.0,189.46431294267802,15.46431294267802,15.46431294267802,2021-04-21 08:30:00,2021-04-21 09:00:00,30.0,30.0
D1,F0-1-B5,0,16,2021-04-22,96,1.0,True,174.0,189.46431294267802,15.46431294267802,15.46431294267802,2021-04-22 08:30:00,2021-04-22 09:00:00,30.0,30.0
D1,F0-1-B5,0,16,2021-04-23,96,1.0,True,174.0,189.46431294267802,15.46431294267802,15.46431294267802,2021-04-23 08:30:00,2021-04-23 09:00:00,30.0,30.0
D1,F0-1-B5,0,16,2021-04-24,96,1.0,True,112.0,116.49458134331283,4.494581343312831,4.494581343312831,2021-04-24 06:15:00,2021-04-24 02:00:00,-255.0,255.0
D1,F0-1-B5,0,16,2021-04-25,96,1.0,True,25.0,25.00000000000039,3.907985046680551e-13,3.907985046680551e-13,2021-04-25 01:30:00,2021-04-25 05:00:00,210.0,210.0
D1,F0-1-B5,0,16,2021-05-03,96,1.0,True,184.0,172.21923570849415,-11.780764291505847,11.780764291505847,2021-05-03 08:30:00,2021-05-03 13:30:00,300.0,300.0
D1,F0-1-B5,0,16,2021-05-04,96,1.0,True,181.0,177.49571667039837,-3.504283329601634,3.504283329601634,2021-05-04 08:30:00,2021-05-04 08:30:00,0.0,0.0
D1,F0-1-B5,0,16,2021-05-05,96,1.0,True,120.0,179.11112201229392,59.11112201229392,59.11112201229392,2021-05-05 04:15:00,2021-05-05 08:30:00,255.0,255.0
D1,F0-1-B5,0,16,2021-05-06,96,1.0,True,199.0,180.7048626399204,-18.295137360079593,18.295137360079593,2021-05-06 09:00:00,2021-05-06 13:30:00,270.0,270.0
D1,F0-1-B5,0,16,2021-05-07,96,1.0,True,181.0,174.12121554344563,-6.878784456554371,6.878784456554371,2021-05-07 09:00:00,2021-05-07 10:30:00,90.0,90.0
D1,F0-1-B5,0,16,2021-05-08,96,1.0,True,115.0,120.23525504981,5.235255049809993,5.235255049809993,2021-05-08 02:00:00,2021-05-08 02:15:00,15.0,15.0
D1,F0-1-B5,0,16,2021-05-09,96,1.0,True,184.0,81.91870488177835,-102.08129511822165,102.08129511822165,2021-05-09 09:00:00,2021-05-09 13:00:00,240.0,240.0
D1,F0-1-B5,1,4,2021-05-31,96,1.0,True,172.0,172.5253867472871,0.5253867472870866,0.5253867472870866,2021-05-31 10:30:00,2021-05-31 10:30:00,0.0,0.0
D1,F0-1-B5,1,4,2021-06-01,96,1.0,True,195.0,196.3271552954369,1.32715529543691,1.32715529543691,2021-06-01 09:00:00,2021-06-01 11:00:00,120.0,120.0
D1,F0-1-B5,1,4,2021-06-02,96,1.0,True,191.0,191.9816454918671,0.9816454918671127,0.9816454918671127,2021-06-02 10:45:00,2021-06-02 11:45:00,60.0,60.0
D1,F0-1-B5,1,4,2021-06-03,96,1.0,True,181.0,208.9138560831999,27.913856083199903,27.913856083199903,2021-06-03 08:30:00,2021-06-03 09:45:00,75.0,75.0
D1,F0-1-B5,1,4,2021-06-04,96,1.0,True,173.0,195.26871835789203,22.268718357892027,22.268718357892027,2021-06-04 10:45:00,2021-06-04 08:30:00,-135.0,135.0
D1,F0-1-B5,1,4,2021-06-05,96,1.0,True,116.0,112.50853567502192,-3.4914643249780823,3.4914643249780823,2021-06-05 01:45:00,2021-06-05 04:15:00,150.0,150.0
D1,F0-1-B5,1,4,2021-06-06,96,1.0,True,27.0,27.624375501669995,0.624375501669995,0.624375501669995,2021-06-06 01:30:00,2021-06-06 23:45:00,1335.0,1335.0
D1,F0-1-B5,1,4,2021-06-14,96,1.0,True,204.0,199.8184706097133,-4.181529390286698,4.181529390286698,2021-06-14 09:00:00,2021-06-14 09:00:00,0.0,0.0
D1,F0-1-B5,1,4,2021-06-15,96,1.0,True,198.0,201.86339945052237,3.8633994505223654,3.8633994505223654,2021-06-15 08:45:00,2021-06-15 11:45:00,180.0,180.0
D1,F0-1-B5,1,4,2021-06-16,96,1.0,True,193.0,194.68875037706965,1.6887503770696526,1.6887503770696526,2021-06-16 10:45:00,2021-06-16 11:00:00,15.0,15.0
D1,F0-1-B5,1,4,2021-06-17,96,1.0,True,197.0,202.28593004255896,5.2859300425589595,5.2859300425589595,2021-06-17 08:45:00,2021-06-17 09:45:00,60.0,60.0
D1,F0-1-B5,1,4,2021-06-18,96,1.0,True,186.0,197.50375704321303,11.503757043213028,11.503757043213028,2021-06-18 10:00:00,2021-06-18 11:15:00,75.0,75.0
D1,F0-1-B5,1,4,2021-06-19,96,1.0,True,119.0,124.98395201493496,5.983952014934957,5.983952014934957,2021-06-19 02:15:00,2021-06-19 03:30:00,75.0,75.0
D1,F0-1-B5,1,4,2021-06-20,96,1.0,True,28.0,31.86209302327464,3.862093023274639,3.862093023274639,2021-06-20 15:15:00,2021-06-20 16:15:00,60.0,60.0
D1,F0-1-B5,1,5,2021-05-31,96,1.0,True,172.0,175.07002774049639,3.0700277404963856,3.0700277404963856,2021-05-31 10:30:00,2021-05-31 08:45:00,-105.0,105.0
D1,F0-1-B5,1,5,2021-06-01,96,1.0,True,195.0,190.46260748465752,-4.537392515342475,4.537392515342475,2021-06-01 09:00:00,2021-06-01 10:45:00,105.0,105.0
D1,F0-1-B5,1,5,2021-06-02,96,1.0,True,191.0,188.3130683532056,-2.686931646794392,2.686931646794392,2021-06-02 10:45:00,2021-06-02 11:45:00,60.0,60.0
D1,F0-1-B5,1,5,2021-06-03,96,1.0,True,181.0,205.74614148219786,24.746141482197856,24.746141482197856,2021-06-03 08:30:00,2021-06-03 10:00:00,90.0,90.0
D1,F0-1-B5,1,5,2021-06-04,96,1.0,True,173.0,185.2312026901092,12.2312026901092,12.2312026901092,2021-06-04 10:45:00,2021-06-04 08:45:00,-120.0,120.0
D1,F0-1-B5,1,5,2021-06-05,96,1.0,True,116.0,115.24069362272891,-0.7593063772710877,0.7593063772710877,2021-06-05 01:45:00,2021-06-05 04:15:00,150.0,150.0
D1,F0-1-B5,1,5,2021-06-06,96,1.0,True,27.0,28.307229714056724,1.3072297140567244,1.3072297140567244,2021-06-06 01:30:00,2021-06-06 17:30:00,960.0,960.0
D1,F0-1-B5,1,5,2021-06-14,96,1.0,True,204.0,195.91573679940691,-8.084263200593085,8.084263200593085,2021-06-14 09:00:00,2021-06-14 09:15:00,15.0,15.0
D1,F0-1-B5,1,5,2021-06-15,96,1.0,True,198.0,204.07813405111324,6.0781340511132385,6.0781340511132385,2021-06-15 08:45:00,2021-06-15 12:00:00,195.0,195.0
D1,F0-1-B5,1,5,2021-06-16,96,1.0,True,193.0,190.31310080432587,-2.6868991956741297,2.6868991956741297,2021-06-16 10:45:00,2021-06-16 09:45:00,-60.0,60.0
D1,F0-1-B5,1,5,2021-06-17,96,1.0,True,197.0,202.0663393182519,5.066339318251892,5.066339318251892,2021-06-17 08:45:00,2021-06-17 14:45:00,360.0,360.0
D1,F0-1-B5,1,5,2021-06-18,96,1.0,True,186.0,187.3047690148864,1.3047690148864035,1.3047690148864035,2021-06-18 10:00:00,2021-06-18 11:30:00,90.0,90.0
D1,F0-1-B5,1,5,2021-06-19,96,1.0,True,119.0,124.31307738479703,5.313077384797026,5.313077384797026,2021-06-19 02:15:00,2021-06-19 03:45:00,90.0,90.0
D1,F0-1-B5,1,5,2021-06-20,96,1.0,True,28.0,31.614455817451933,3.6144558174519332,3.6144558174519332,2021-06-20 15:15:00,2021-06-20 16:30:00,75.0,75.0
D1,F0-1-B5,1,6,2021-05-31,96,1.0,True,172.0,175.30292456447177,3.302924564471766,3.302924564471766,2021-05-31 10:30:00,2021-05-31 12:00:00,90.0,90.0
D1,F0-1-B5,1,6,2021-06-01,96,1.0,True,195.0,203.6808318505145,8.680831850514494,8.680831850514494,2021-06-01 09:00:00,2021-06-01 10:30:00,90.0,90.0
D1,F0-1-B5,1,6,2021-06-02,96,1.0,True,191.0,181.19440623677534,-9.805593763224664,9.805593763224664,2021-06-02 10:45:00,2021-06-02 12:00:00,75.0,75.0
D1,F0-1-B5,1,6,2021-06-03,96,1.0,True,181.0,193.54680797970963,12.546807979709627,12.546807979709627,2021-06-03 08:30:00,2021-06-03 08:30:00,0.0,0.0
D1,F0-1-B5,1,6,2021-06-04,96,1.0,True,173.0,182.26637931820161,9.266379318201615,9.266379318201615,2021-06-04 10:45:00,2021-06-04 09:00:00,-105.0,105.0
D1,F0-1-B5,1,6,2021-06-05,96,1.0,True,116.0,116.2282505814138,0.2282505814138034,0.2282505814138034,2021-06-05 01:45:00,2021-06-05 04:15:00,150.0,150.0
D1,F0-1-B5,1,6,2021-06-06,96,1.0,True,27.0,27.460070347727747,0.460070347727747,0.460070347727747,2021-06-06 01:30:00,2021-06-06 23:45:00,1335.0,1335.0
D1,F0-1-B5,1,6,2021-06-14,96,1.0,True,204.0,192.08022626116053,-11.919773738839467,11.919773738839467,2021-06-14 09:00:00,2021-06-14 10:30:00,90.0,90.0
D1,F0-1-B5,1,6,2021-06-15,96,1.0,True,198.0,193.1682898927326,-4.831710107267412,4.831710107267412,2021-06-15 08:45:00,2021-06-15 08:45:00,0.0,0.0
D1,F0-1-B5,1,6,2021-06-16,96,1.0,True,193.0,194.32803756667045,1.3280375666704458,1.3280375666704458,2021-06-16 10:45:00,2021-06-16 09:30:00,-75.0,75.0
D1,F0-1-B5,1,6,2021-06-17,96,1.0,True,197.0,196.40563738776473,-0.5943626122352725,0.5943626122352725,2021-06-17 08:45:00,2021-06-17 15:00:00,375.0,375.0
D1,F0-1-B5,1,6,2021-06-18,96,1.0,True,186.0,189.1852103118148,3.1852103118148136,3.1852103118148136,2021-06-18 10:00:00,2021-06-18 11:45:00,105.0,105.0
D1,F0-1-B5,1,6,2021-06-19,96,1.0,True,119.0,120.77079503730863,1.7707950373086305,1.7707950373086305,2021-06-19 02:15:00,2021-06-19 03:45:00,90.0,90.0
D1,F0-1-B5,1,6,2021-06-20,96,1.0,True,28.0,28.92012204779509,0.9201220477950898,0.9201220477950898,2021-06-20 15:15:00,2021-06-20 06:30:00,-525.0,525.0
D1,F0-1-B5,1,7,2021-05-31,96,1.0,True,172.0,177.00024886231463,5.000248862314635,5.000248862314635,2021-05-31 10:30:00,2021-05-31 11:15:00,45.0,45.0
D1,F0-1-B5,1,7,2021-06-01,96,1.0,True,195.0,201.09333359266824,6.093333592668245,6.093333592668245,2021-06-01 09:00:00,2021-06-01 10:45:00,105.0,105.0
D1,F0-1-B5,1,7,2021-06-02,96,1.0,True,191.0,187.4842036053242,-3.515796394675789,3.515796394675789,2021-06-02 10:45:00,2021-06-02 11:45:00,60.0,60.0
D1,F0-1-B5,1,7,2021-06-03,96,1.0,True,181.0,191.6945810988713,10.69458109887131,10.69458109887131,2021-06-03 08:30:00,2021-06-03 10:30:00,120.0,120.0
D1,F0-1-B5,1,7,2021-06-04,96,1.0,True,173.0,174.3215068014242,1.3215068014241922,1.3215068014241922,2021-06-04 10:45:00,2021-06-04 09:15:00,-90.0,90.0
D1,F0-1-B5,1,7,2021-06-05,96,1.0,True,116.0,117.45078722836004,1.450787228360042,1.450787228360042,2021-06-05 01:45:00,2021-06-05 03:30:00,105.0,105.0
D1,F0-1-B5,1,7,2021-06-06,96,1.0,True,27.0,28.078002417144845,1.0780024171448446,1.0780024171448446,2021-06-06 01:30:00,2021-06-06 11:00:00,570.0,570.0
D1,F0-1-B5,1,7,2021-06-14,96,1.0,True,204.0,187.8617507142496,-16.13824928575039,16.13824928575039,2021-06-14 09:00:00,2021-06-14 16:00:00,420.0,420.0
D1,F0-1-B5,1,7,2021-06-15,96,1.0,True,198.0,198.01110424186544,0.011104241865439235,0.011104241865439235,2021-06-15 08:45:00,2021-06-15 16:00:00,435.0,435.0
D1,F0-1-B5,1,7,2021-06-16,96,1.0,True,193.0,197.39419588769996,4.394195887699965,4.394195887699965,2021-06-16 10:45:00,2021-06-16 11:45:00,60.0,60.0
D1,F0-1-B5,1,7,2021-06-17,96,1.0,True,197.0,197.42901866359608,0.4290186635960822,0.4290186635960822,2021-06-17 08:45:00,2021-06-17 10:30:00,105.0,105.0
D1,F0-1-B5,1,7,2021-06-18,96,1.0,True,186.0,186.09551669938108,0.0955166993810792,0.0955166993810792,2021-06-18 10:00:00,2021-06-18 08:30:00,-90.0,90.0
D1,F0-1-B5,1,7,2021-06-19,96,1.0,True,119.0,117.54179501135627,-1.458204988643729,1.458204988643729,2021-06-19 02:15:00,2021-06-19 03:45:00,90.0,90.0
D1,F0-1-B5,1,7,2021-06-20,96,1.0,True,28.0,27.15599975080611,-0.8440002491938898,0.8440002491938898,2021-06-20 15:15:00,2021-06-20 17:00:00,105.0,105.0
D1,F0-1-B5,1,8,2021-05-31,96,1.0,True,172.0,175.2963685733404,3.296368573340402,3.296368573340402,2021-05-31 10:30:00,2021-05-31 08:45:00,-105.0,105.0
D1,F0-1-B5,1,8,2021-06-01,96,1.0,True,195.0,199.61874724908802,4.618747249088017,4.618747249088017,2021-06-01 09:00:00,2021-06-01 11:00:00,120.0,120.0
D1,F0-1-B5,1,8,2021-06-02,96,1.0,True,191.0,187.62884454815548,-3.3711554518445155,3.3711554518445155,2021-06-02 10:45:00,2021-06-02 16:00:00,315.0,315.0
D1,F0-1-B5,1,8,2021-06-03,96,1.0,True,181.0,190.8244765294833,9.824476529483292,9.824476529483292,2021-06-03 08:30:00,2021-06-03 10:45:00,135.0,135.0
D1,F0-1-B5,1,8,2021-06-04,96,1.0,True,173.0,178.30629556452732,5.306295564527318,5.306295564527318,2021-06-04 10:45:00,2021-06-04 08:30:00,-135.0,135.0
D1,F0-1-B5,1,8,2021-06-05,96,1.0,True,116.0,109.871132466189,-6.128867533811004,6.128867533811004,2021-06-05 01:45:00,2021-06-05 01:30:00,-15.0,15.0
D1,F0-1-B5,1,8,2021-06-06,96,1.0,True,27.0,28.639511118277866,1.6395111182778663,1.6395111182778663,2021-06-06 01:30:00,2021-06-06 23:45:00,1335.0,1335.0
D1,F0-1-B5,1,8,2021-06-14,96,1.0,True,204.0,195.83434011026065,-8.165659889739345,8.165659889739345,2021-06-14 09:00:00,2021-06-14 13:45:00,285.0,285.0
D1,F0-1-B5,1,8,2021-06-15,96,1.0,True,198.0,193.97452538796645,-4.025474612033548,4.025474612033548,2021-06-15 08:45:00,2021-06-15 09:15:00,30.0,30.0
D1,F0-1-B5,1,8,2021-06-16,96,1.0,True,193.0,192.4104189090997,-0.5895810909003103,0.5895810909003103,2021-06-16 10:45:00,2021-06-16 12:00:00,75.0,75.0
D1,F0-1-B5,1,8,2021-06-17,96,1.0,True,197.0,204.0039896674776,7.003989667477612,7.003989667477612,2021-06-17 08:45:00,2021-06-17 10:45:00,120.0,120.0
D1,F0-1-B5,1,8,2021-06-18,96,1.0,True,186.0,184.8851797484823,-1.114820251517699,1.114820251517699,2021-06-18 10:00:00,2021-06-18 08:30:00,-90.0,90.0
D1,F0-1-B5,1,8,2021-06-19,96,1.0,True,119.0,121.57139819026399,2.5713981902639915,2.5713981902639915,2021-06-19 02:15:00,2021-06-19 04:45:00,150.0,150.0
D1,F0-1-B5,1,8,2021-06-20,96,1.0,True,28.0,26.99999998156022,-1.0000000184397813,1.0000000184397813,2021-06-20 15:15:00,2021-06-20 16:30:00,75.0,75.0
D1,F0-1-B5,1,9,2021-05-31,96,1.0,True,172.0,175.7366668805745,3.7366668805744894,3.7366668805744894,2021-05-31 10:30:00,2021-05-31 08:45:00,-105.0,105.0
D1,F0-1-B5,1,9,2021-06-01,96,1.0,True,195.0,191.1570511761266,-3.8429488238733995,3.8429488238733995,2021-06-01 09:00:00,2021-06-01 11:15:00,135.0,135.0
D1,F0-1-B5,1,9,2021-06-02,96,1.0,True,191.0,188.42537953141832,-2.574620468581685,2.574620468581685,2021-06-02 10:45:00,2021-06-02 13:30:00,165.0,165.0
D1,F0-1-B5,1,9,2021-06-03,96,1.0,True,181.0,198.00236486630146,17.002364866301463,17.002364866301463,2021-06-03 08:30:00,2021-06-03 11:00:00,150.0,150.0
D1,F0-1-B5,1,9,2021-06-04,96,1.0,True,173.0,181.84646036187647,8.846460361876467,8.846460361876467,2021-06-04 10:45:00,2021-06-04 08:30:00,-135.0,135.0
D1,F0-1-B5,1,9,2021-06-05,96,1.0,True,116.0,113.09943782860424,-2.9005621713957623,2.9005621713957623,2021-06-05 01:45:00,2021-06-05 06:15:00,270.0,270.0
D1,F0-1-B5,1,9,2021-06-06,96,1.0,True,27.0,29.737818043574556,2.7378180435745563,2.7378180435745563,2021-06-06 01:30:00,2021-06-06 23:45:00,1335.0,1335.0
D1,F0-1-B5,1,9,2021-06-14,96,1.0,True,204.0,194.4545312812237,-9.545468718776306,9.545468718776306,2021-06-14 09:00:00,2021-06-14 13:45:00,285.0,285.0
D1,F0-1-B5,1,9,2021-06-15,96,1.0,True,198.0,188.80004101668283,-9.199958983317174,9.199958983317174,2021-06-15 08:45:00,2021-06-15 11:45:00,180.0,180.0
D1,F0-1-B5,1,9,2021-06-16,96,1.0,True,193.0,187.96700749061972,-5.0329925093802785,5.0329925093802785,2021-06-16 10:45:00,2021-06-16 10:45:00,0.0,0.0
D1,F0-1-B5,1,9,2021-06-17,96,1.0,True,197.0,200.54246702292573,3.5424670229257345,3.5424670229257345,2021-06-17 08:45:00,2021-06-17 11:00:00,135.0,135.0
D1,F0-1-B5,1,9,2021-06-18,96,1.0,True,186.0,184.9689218418674,-1.0310781581326012,1.0310781581326012,2021-06-18 10:00:00,2021-06-18 08:30:00,-90.0,90.0
D1,F0-1-B5,1,9,2021-06-19,96,1.0,True,119.0,122.96700441715828,3.967004417158279,3.967004417158279,2021-06-19 02:15:00,2021-06-19 04:45:00,150.0,150.0
D1,F0-1-B5,1,9,2021-06-20,96,1.0,True,28.0,26.999999999708173,-1.000000000291827,1.000000000291827,2021-06-20 15:15:00,2021-06-20 13:00:00,-135.0,135.0
D1,F0-1-B5,1,10,2021-05-31,96,1.0,True,172.0,175.69550853045536,3.6955085304553563,3.6955085304553563,2021-05-31 10:30:00,2021-05-31 12:00:00,90.0,90.0
D1,F0-1-B5,1,10,2021-06-01,96,1.0,True,195.0,185.87895114819608,-9.12104885180392,9.12104885180392,2021-06-01 09:00:00,2021-06-01 11:30:00,150.0,150.0
D1,F0-1-B5,1,10,2021-06-02,96,1.0,True,191.0,181.43323780144922,-9.566762198550776,9.566762198550776,2021-06-02 10:45:00,2021-06-02 13:30:00,165.0,165.0
D1,F0-1-B5,1,10,2021-06-03,96,1.0,True,181.0,196.37533917127095,15.375339171270952,15.375339171270952,2021-06-03 08:30:00,2021-06-03 11:15:00,165.0,165.0
D1,F0-1-B5,1,10,2021-06-04,96,1.0,True,173.0,182.8131808476577,9.81318084765769,9.81318084765769,2021-06-04 10:45:00,2021-06-04 10:00:00,-45.0,45.0
D1,F0-1-B5,1,10,2021-06-05,96,1.0,True,116.0,116.64356646851444,0.643566468514436,0.643566468514436,2021-06-05 01:45:00,2021-06-05 04:15:00,150.0,150.0
D1,F0-1-B5,1,10,2021-06-06,96,1.0,True,27.0,28.96768237240244,1.9676823724024395,1.9676823724024395,2021-06-06 01:30:00,2021-06-06 00:45:00,-45.0,45.0
D1,F0-1-B5,1,10,2021-06-14,96,1.0,True,204.0,189.02638865449916,-14.973611345500842,14.973611345500842,2021-06-14 09:00:00,2021-06-14 10:30:00,90.0,90.0
D1,F0-1-B5,1,10,2021-06-15,96,1.0,True,198.0,191.74164526969807,-6.258354730301932,6.258354730301932,2021-06-15 08:45:00,2021-06-15 12:00:00,195.0,195.0
D1,F0-1-B5,1,10,2021-06-16,96,1.0,True,193.0,192.42613291052015,-0.5738670894798474,0.5738670894798474,2021-06-16 10:45:00,2021-06-16 10:30:00,-15.0,15.0
D1,F0-1-B5,1,10,2021-06-17,96,1.0,True,197.0,198.34476566951207,1.3447656695120713,1.3447656695120713,2021-06-17 08:45:00,2021-06-17 10:45:00,120.0,120.0
D1,F0-1-B5,1,10,2021-06-18,96,1.0,True,186.0,185.06578030228917,-0.9342196977108301,0.9342196977108301,2021-06-18 10:00:00,2021-06-18 08:30:00,-90.0,90.0
D1,F0-1-B5,1,10,2021-06-19,96,1.0,True,119.0,120.11349334519386,1.1134933451938593,1.1134933451938593,2021-06-19 02:15:00,2021-06-19 04:45:00,150.0,150.0
D1,F0-1-B5,1,10,2021-06-20,96,1.0,True,28.0,27.185115795839497,-0.8148842041605029,0.8148842041605029,2021-06-20 15:15:00,2021-06-20 19:45:00,270.0,270.0
D1,F0-1-B5,1,11,2021-05-31,96,1.0,True,172.0,172.56146226521616,0.5614622652161643,0.5614622652161643,2021-05-31 10:30:00,2021-05-31 08:45:00,-105.0,105.0
D1,F0-1-B5,1,11,2021-06-01,96,1.0,True,195.0,179.37364755792515,-15.626352442074847,15.626352442074847,2021-06-01 09:00:00,2021-06-01 14:30:00,330.0,330.0
D1,F0-1-B5,1,11,2021-06-02,96,1.0,True,191.0,183.99955286445922,-7.000447135540782,7.000447135540782,2021-06-02 10:45:00,2021-06-02 13:30:00,165.0,165.0
D1,F0-1-B5,1,11,2021-06-03,96,1.0,True,181.0,191.76306483627144,10.76306483627144,10.76306483627144,2021-06-03 08:30:00,2021-06-03 11:30:00,180.0,180.0
D1,F0-1-B5,1,11,2021-06-04,96,1.0,True,173.0,174.72958395237526,1.7295839523752647,1.7295839523752647,2021-06-04 10:45:00,2021-06-04 10:00:00,-45.0,45.0
D1,F0-1-B5,1,11,2021-06-05,96,1.0,True,116.0,114.09837801680675,-1.9016219831932517,1.9016219831932517,2021-06-05 01:45:00,2021-06-05 04:30:00,165.0,165.0
D1,F0-1-B5,1,11,2021-06-06,96,1.0,True,27.0,29.372143075296943,2.3721430752969432,2.3721430752969432,2021-06-06 01:30:00,2021-06-06 04:15:00,165.0,165.0
D1,F0-1-B5,1,11,2021-06-14,96,1.0,True,204.0,187.81328409524966,-16.186715904750343,16.186715904750343,2021-06-14 09:00:00,2021-06-14 14:30:00,330.0,330.0
D1,F0-1-B5,1,11,2021-06-15,96,1.0,True,198.0,198.1665506020039,0.1665506020038947,0.1665506020038947,2021-06-15 08:45:00,2021-06-15 13:30:00,285.0,285.0
D1,F0-1-B5,1,11,2021-06-16,96,1.0,True,193.0,191.12666767432978,-1.8733323256702192,1.8733323256702192,2021-06-16 10:45:00,2021-06-16 14:00:00,195.0,195.0
D1,F0-1-B5,1,11,2021-06-17,96,1.0,True,197.0,195.243160807933,-1.756839192066991,1.756839192066991,2021-06-17 08:45:00,2021-06-17 11:00:00,135.0,135.0
D1,F0-1-B5,1,11,2021-06-18,96,1.0,True,186.0,180.5482439617461,-5.4517560382539045,5.4517560382539045,2021-06-18 10:00:00,2021-06-18 08:45:00,-75.0,75.0
D1,F0-1-B5,1,11,2021-06-19,96,1.0,True,119.0,118.4207826918757,-0.5792173081242993,0.5792173081242993,2021-06-19 02:15:00,2021-06-19 02:00:00,-15.0,15.0
D1,F0-1-B5,1,11,2021-06-20,96,1.0,True,28.0,26.99998859495038,-1.0000114050496194,1.0000114050496194,2021-06-20 15:15:00,2021-06-20 02:45:00,-750.0,750.0
D1,F0-1-B5,1,12,2021-05-31,96,1.0,True,172.0,172.00163838480523,0.0016383848052328176,0.0016383848052328176,2021-05-31 10:30:00,2021-05-31 08:45:00,-105.0,105.0
D1,F0-1-B5,1,12,2021-06-01,96,1.0,True,195.0,178.79199461854876,-16.208005381451244,16.208005381451244,2021-06-01 09:00:00,2021-06-01 08:30:00,-30.0,30.0
D1,F0-1-B5,1,12,2021-06-02,96,1.0,True,191.0,181.4494892096682,-9.5505107903318,9.5505107903318,2021-06-02 10:45:00,2021-06-02 13:30:00,165.0,165.0
D1,F0-1-B5,1,12,2021-06-03,96,1.0,True,181.0,191.18949307233572,10.189493072335722,10.189493072335722,2021-06-03 08:30:00,2021-06-03 11:45:00,195.0,195.0
D1,F0-1-B5,1,12,2021-06-04,96,1.0,True,173.0,178.72857627219497,5.728576272194971,5.728576272194971,2021-06-04 10:45:00,2021-06-04 08:30:00,-135.0,135.0
D1,F0-1-B5,1,12,2021-06-05,96,1.0,True,116.0,109.66514268771776,-6.334857312282239,6.334857312282239,2021-06-05 01:45:00,2021-06-05 02:00:00,15.0,15.0
D1,F0-1-B5,1,12,2021-06-06,96,1.0,True,27.0,29.183782304792555,2.1837823047925546,2.1837823047925546,2021-06-06 01:30:00,2021-06-06 01:00:00,-30.0,30.0
D1,F0-1-B5,1,12,2021-06-14,96,1.0,True,204.0,193.17279216346535,-10.827207836534654,10.827207836534654,2021-06-14 09:00:00,2021-06-14 13:45:00,285.0,285.0
D1,F0-1-B5,1,12,2021-06-15,96,1.0,True,198.0,190.89839454277404,-7.101605457225958,7.101605457225958,2021-06-15 08:45:00,2021-06-15 13:45:00,300.0,300.0
D1,F0-1-B5,1,12,2021-06-16,96,1.0,True,193.0,190.59548853189568,-2.4045114681043174,2.4045114681043174,2021-06-16 10:45:00,2021-06-16 14:00:00,195.0,195.0
D1,F0-1-B5,1,12,2021-06-17,96,1.0,True,197.0,193.51284746917918,-3.487152530820822,3.487152530820822,2021-06-17 08:45:00,2021-06-17 10:45:00,120.0,120.0
D1,F0-1-B5,1,12,2021-06-18,96,1.0,True,186.0,182.47031497174268,-3.529685028257319,3.529685028257319,2021-06-18 10:00:00,2021-06-18 10:00:00,0.0,0.0
D1,F0-1-B5,1,12,2021-06-19,96,1.0,True,119.0,114.9742240227538,-4.025775977246198,4.025775977246198,2021-06-19 02:15:00,2021-06-19 02:15:00,0.0,0.0
D1,F0-1-B5,1,12,2021-06-20,96,1.0,True,28.0,26.9967081310796,-1.0032918689203996,1.0032918689203996,2021-06-20 15:15:00,2021-06-20 16:30:00,75.0,75.0
D1,F0-1-B5,1,13,2021-05-31,96,1.0,True,172.0,172.50711572669744,0.5071157266974353,0.5071157266974353,2021-05-31 10:30:00,2021-05-31 08:45:00,-105.0,105.0
D1,F0-1-B5,1,13,2021-06-01,96,1.0,True,195.0,176.6316601870412,-18.368339812958794,18.368339812958794,2021-06-01 09:00:00,2021-06-01 14:30:00,330.0,330.0
D1,F0-1-B5,1,13,2021-06-02,96,1.0,True,191.0,181.24732818821334,-9.752671811786655,9.752671811786655,2021-06-02 10:45:00,2021-06-02 14:30:00,225.0,225.0
D1,F0-1-B5,1,13,2021-06-03,96,1.0,True,181.0,194.83429942289266,13.834299422892656,13.834299422892656,2021-06-03 08:30:00,2021-06-03 12:00:00,210.0,210.0
D1,F0-1-B5,1,13,2021-06-04,96,1.0,True,173.0,178.66629213090326,5.666292130903258,5.666292130903258,2021-06-04 10:45:00,2021-06-04 10:45:00,0.0,0.0
D1,F0-1-B5,1,13,2021-06-05,96,1.0,True,116.0,111.08720651167884,-4.912793488321157,4.912793488321157,2021-06-05 01:45:00,2021-06-05 06:15:00,270.0,270.0
D1,F0-1-B5,1,13,2021-06-06,96,1.0,True,27.0,26.51866342570901,-0.48133657429098875,0.48133657429098875,2021-06-06 01:30:00,2021-06-06 11:15:00,585.0,585.0
D1,F0-1-B5,1,13,2021-06-14,96,1.0,True,204.0,190.12802657549923,-13.871973424500766,13.871973424500766,2021-06-14 09:00:00,2021-06-14 14:45:00,345.0,345.0
D1,F0-1-B5,1,13,2021-06-15,96,1.0,True,198.0,189.76786920079752,-8.23213079920248,8.23213079920248,2021-06-15 08:45:00,2021-06-15 12:00:00,195.0,195.0
D1,F0-1-B5,1,13,2021-06-16,96,1.0,True,193.0,188.5924700386676,-4.407529961332386,4.407529961332386,2021-06-16 10:45:00,2021-06-16 14:00:00,195.0,195.0
D1,F0-1-B5,1,13,2021-06-17,96,1.0,True,197.0,190.70902931041567,-6.290970689584327,6.290970689584327,2021-06-17 08:45:00,2021-06-17 11:00:00,135.0,135.0
D1,F0-1-B5,1,13,2021-06-18,96,1.0,True,186.0,183.11300784736412,-2.8869921526358837,2.8869921526358837,2021-06-18 10:00:00,2021-06-18 10:00:00,0.0,0.0
D1,F0-1-B5,1,13,2021-06-19,96,1.0,True,119.0,118.6707746466051,-0.32922535339490366,0.32922535339490366,2021-06-19 02:15:00,2021-06-19 01:30:00,-45.0,45.0
D1,F0-1-B5,1,13,2021-06-20,96,1.0,True,28.0,25.997308301825857,-2.002691698174143,2.002691698174143,2021-06-20 15:15:00,2021-06-20 06:30:00,-525.0,525.0
D1,F0-1-B5,1,14,2021-05-31,96,1.0,True,172.0,172.48008606219028,0.4800860621902814,0.4800860621902814,2021-05-31 10:30:00,2021-05-31 08:45:00,-105.0,105.0
D1,F0-1-B5,1,14,2021-06-01,96,1.0,True,195.0,174.453860579134,-20.546139420866012,20.546139420866012,2021-06-01 09:00:00,2021-06-01 10:30:00,90.0,90.0
D1,F0-1-B5,1,14,2021-06-02,96,1.0,True,191.0,180.98039797730127,-10.019602022698734,10.019602022698734,2021-06-02 10:45:00,2021-06-02 13:30:00,165.0,165.0
D1,F0-1-B5,1,14,2021-06-03,96,1.0,True,181.0,175.51805966017156,-5.481940339828441,5.481940339828441,2021-06-03 08:30:00,2021-06-03 08:30:00,0.0,0.0
D1,F0-1-B5,1,14,2021-06-04,96,1.0,True,173.0,175.87204424285642,2.8720442428564184,2.8720442428564184,2021-06-04 10:45:00,2021-06-04 11:30:00,45.0,45.0
D1,F0-1-B5,1,14,2021-06-05,96,1.0,True,116.0,111.76030466086955,-4.239695339130449,4.239695339130449,2021-06-05 01:45:00,2021-06-05 06:15:00,270.0,270.0
D1,F0-1-B5,1,14,2021-06-06,96,1.0,True,27.0,26.966038251194124,-0.03396174880587566,0.03396174880587566,2021-06-06 01:30:00,2021-06-06 00:45:00,-45.0,45.0
D1,F0-1-B5,1,14,2021-06-14,96,1.0,True,204.0,191.67586254061783,-12.324137459382172,12.324137459382172,2021-06-14 09:00:00,2021-06-14 13:45:00,285.0,285.0
D1,F0-1-B5,1,14,2021-06-15,96,1.0,True,198.0,191.31394598858813,-6.686054011411869,6.686054011411869,2021-06-15 08:45:00,2021-06-15 12:00:00,195.0,195.0
D1,F0-1-B5,1,14,2021-06-16,96,1.0,True,193.0,188.66418427719742,-4.335815722802579,4.335815722802579,2021-06-16 10:45:00,2021-06-16 09:30:00,-75.0,75.0
D1,F0-1-B5,1,14,2021-06-17,96,1.0,True,197.0,185.40617801977598,-11.593821980224021,11.593821980224021,2021-06-17 08:45:00,2021-06-17 11:45:00,180.0,180.0
D1,F0-1-B5,1,14,2021-06-18,96,1.0,True,186.0,182.26178309399947,-3.738216906000531,3.738216906000531,2021-06-18 10:00:00,2021-06-18 10:00:00,0.0,0.0
D1,F0-1-B5,1,14,2021-06-19,96,1.0,True,119.0,123.0840678985306,4.084067898530606,4.084067898530606,2021-06-19 02:15:00,2021-06-19 01:45:00,-30.0,30.0
D1,F0-1-B5,1,14,2021-06-20,96,1.0,True,28.0,26.516011065785822,-1.483988934214178,1.483988934214178,2021-06-20 15:15:00,2021-06-20 16:15:00,60.0,60.0
D1,F0-1-B5,1,15,2021-05-31,96,1.0,True,172.0,171.54234341581298,-0.4576565841870206,0.4576565841870206,2021-05-31 10:30:00,2021-05-31 08:45:00,-105.0,105.0
D1,F0-1-B5,1,15,2021-06-01,96,1.0,True,195.0,174.82053001338807,-20.179469986611934,20.179469986611934,2021-06-01 09:00:00,2021-06-01 10:30:00,90.0,90.0
D1,F0-1-B5,1,15,2021-06-02,96,1.0,True,191.0,177.58946440360864,-13.410535596391355,13.410535596391355,2021-06-02 10:45:00,2021-06-02 14:30:00,225.0,225.0
D1,F0-1-B5,1,15,2021-06-03,96,1.0,True,181.0,176.00786022328376,-4.992139776716243,4.992139776716243,2021-06-03 08:30:00,2021-06-03 08:30:00,0.0,0.0
D1,F0-1-B5,1,15,2021-06-04,96,1.0,True,173.0,178.19125399772352,5.191253997723521,5.191253997723521,2021-06-04 10:45:00,2021-06-04 08:30:00,-135.0,135.0
D1,F0-1-B5,1,15,2021-06-05,96,1.0,True,116.0,110.18844331833122,-5.811556681668776,5.811556681668776,2021-06-05 01:45:00,2021-06-05 02:00:00,15.0,15.0
D1,F0-1-B5,1,15,2021-06-06,96,1.0,True,27.0,26.911387207157865,-0.08861279284213452,0.08861279284213452,2021-06-06 01:30:00,2021-06-06 20:30:00,1140.0,1140.0
D1,F0-1-B5,1,15,2021-06-14,96,1.0,True,204.0,190.20471751732913,-13.79528248267087,13.79528248267087,2021-06-14 09:00:00,2021-06-14 13:45:00,285.0,285.0
D1,F0-1-B5,1,15,2021-06-15,96,1.0,True,198.0,190.02635800736536,-7.97364199263464,7.97364199263464,2021-06-15 08:45:00,2021-06-15 16:00:00,435.0,435.0
D1,F0-1-B5,1,15,2021-06-16,96,1.0,True,193.0,187.84689015502767,-5.1531098449723345,5.1531098449723345,2021-06-16 10:45:00,2021-06-16 14:00:00,195.0,195.0
D1,F0-1-B5,1,15,2021-06-17,96,1.0,True,197.0,183.84465199546568,-13.155348004534318,13.155348004534318,2021-06-17 08:45:00,2021-06-17 10:45:00,120.0,120.0
D1,F0-1-B5,1,15,2021-06-18,96,1.0,True,186.0,182.2961299404894,-3.7038700595105922,3.7038700595105922,2021-06-18 10:00:00,2021-06-18 10:00:00,0.0,0.0
D1,F0-1-B5,1,15,2021-06-19,96,1.0,True,119.0,121.39483689264874,2.3948368926487404,2.3948368926487404,2021-06-19 02:15:00,2021-06-19 02:00:00,-15.0,15.0
D1,F0-1-B5,1,15,2021-06-20,96,1.0,True,28.0,27.000002074783588,-0.9999979252164124,0.9999979252164124,2021-06-20 15:15:00,2021-06-20 13:00:00,-135.0,135.0
D1,F0-1-B5,1,16,2021-05-31,96,1.0,True,172.0,170.56179489309463,-1.4382051069053716,1.4382051069053716,2021-05-31 10:30:00,2021-05-31 09:00:00,-90.0,90.0
D1,F0-1-B5,1,16,2021-06-01,96,1.0,True,195.0,174.02151350308424,-20.978486496915764,20.978486496915764,2021-06-01 09:00:00,2021-06-01 08:30:00,-30.0,30.0
D1,F0-1-B5,1,16,2021-06-02,96,1.0,True,191.0,176.88936023963882,-14.110639760361181,14.110639760361181,2021-06-02 10:45:00,2021-06-02 14:45:00,240.0,240.0
D1,F0-1-B5,1,16,2021-06-03,96,1.0,True,181.0,182.07839240969759,1.0783924096975852,1.0783924096975852,2021-06-03 08:30:00,2021-06-03 08:30:00,0.0,0.0
D1,F0-1-B5,1,16,2021-06-04,96,1.0,True,173.0,182.83665717759467,9.836657177594674,9.836657177594674,2021-06-04 10:45:00,2021-06-04 11:30:00,45.0,45.0
D1,F0-1-B5,1,16,2021-06-05,96,1.0,True,116.0,111.50445119298531,-4.495548807014686,4.495548807014686,2021-06-05 01:45:00,2021-06-05 03:30:00,105.0,105.0
D1,F0-1-B5,1,16,2021-06-06,96,1.0,True,27.0,26.436857396453455,-0.5631426035465452,0.5631426035465452,2021-06-06 01:30:00,2021-06-06 20:30:00,1140.0,1140.0
D1,F0-1-B5,1,16,2021-06-14,96,1.0,True,204.0,189.09473149416556,-14.905268505834442,14.905268505834442,2021-06-14 09:00:00,2021-06-14 14:45:00,345.0,345.0
D1,F0-1-B5,1,16,2021-06-15,96,1.0,True,198.0,189.174404963387,-8.82559503661301,8.82559503661301,2021-06-15 08:45:00,2021-06-15 13:30:00,285.0,285.0
D1,F0-1-B5,1,16,2021-06-16,96,1.0,True,193.0,193.1310776539346,0.13107765393459658,0.13107765393459658,2021-06-16 10:45:00,2021-06-16 14:00:00,195.0,195.0
D1,F0-1-B5,1,16,2021-06-17,96,1.0,True,197.0,187.40928837446424,-9.59071162553576,9.59071162553576,2021-06-17 08:45:00,2021-06-17 10:45:00,120.0,120.0
D1,F0-1-B5,1,16,2021-06-18,96,1.0,True,186.0,182.36207263609376,-3.6379273639062433,3.6379273639062433,2021-06-18 10:00:00,2021-06-18 10:00:00,0.0,0.0
D1,F0-1-B5,1,16,2021-06-19,96,1.0,True,119.0,117.84340019830852,-1.1565998016914847,1.1565998016914847,2021-06-19 02:15:00,2021-06-19 02:15:00,0.0,0.0
D1,F0-1-B5,1,16,2021-06-20,96,1.0,True,28.0,27.004047367100554,-0.9959526328994457,0.9959526328994457,2021-06-20 15:15:00,2021-06-20 13:00:00,-135.0,135.0
D1,F0-1-B5,2,4,2021-07-12,96,1.0,True,198.0,207.96778785434623,9.967787854346227,9.967787854346227,2021-07-12 08:45:00,2021-07-12 11:00:00,135.0,135.0
D1,F0-1-B5,2,4,2021-07-13,1,0.010416666666666666,False,79.0,81.62886440338434,2.628864403384341,2.628864403384341,2021-07-13 00:00:00,2021-07-13 00:00:00,0.0,0.0
D1,F0-1-B5,2,4,2021-07-17,80,0.8333333333333334,False,108.0,106.75578937035647,-1.2442106296435327,1.2442106296435327,2021-07-17 06:00:00,2021-07-17 04:00:00,-120.0,120.0
D1,F0-1-B5,2,4,2021-07-18,84,0.875,False,28.0,29.455978619789786,1.4559786197897857,1.4559786197897857,2021-07-18 04:30:00,2021-07-18 08:30:00,240.0,240.0
D1,F0-1-B5,2,4,2021-07-26,84,0.875,False,217.0,231.79707016518407,14.797070165184067,14.797070165184067,2021-07-26 08:30:00,2021-07-26 11:30:00,180.0,180.0
D1,F0-1-B5,2,4,2021-07-27,84,0.875,False,211.0,210.48652036791472,-0.5134796320852786,0.5134796320852786,2021-07-27 11:45:00,2021-07-27 10:45:00,-60.0,60.0
D1,F0-1-B5,2,4,2021-07-28,84,0.875,False,212.0,229.8381510356733,17.83815103567329,17.83815103567329,2021-07-28 12:00:00,2021-07-28 08:45:00,-195.0,195.0
D1,F0-1-B5,2,4,2021-07-29,84,0.875,False,211.0,233.6405485829432,22.64054858294321,22.64054858294321,2021-07-29 12:00:00,2021-07-29 08:30:00,-210.0,210.0
D1,F0-1-B5,2,4,2021-07-30,85,0.8854166666666666,False,212.0,235.0573743422925,23.05737434229249,23.05737434229249,2021-07-30 12:00:00,2021-07-30 08:30:00,-210.0,210.0
D1,F0-1-B5,2,4,2021-07-31,96,1.0,True,80.0,101.49083629592474,21.490836295924737,21.490836295924737,2021-07-31 00:00:00,2021-07-31 00:00:00,0.0,0.0
D1,F0-1-B5,2,4,2021-08-01,96,1.0,True,28.0,29.768636609346174,1.7686366093461743,1.7686366093461743,2021-08-01 09:00:00,2021-08-01 02:15:00,-405.0,405.0
D1,F0-1-B5,2,4,2021-08-09,39,0.40625,False,215.0,162.2113948776987,-52.788605122301306,52.788605122301306,2021-08-09 08:45:00,2021-08-09 09:30:00,45.0,45.0
D1,F0-1-B5,2,5,2021-07-12,96,1.0,True,198.0,206.91849729673294,8.918497296732937,8.918497296732937,2021-07-12 08:45:00,2021-07-12 11:15:00,150.0,150.0
D1,F0-1-B5,2,5,2021-07-13,1,0.010416666666666666,False,79.0,96.48752050074037,17.487520500740374,17.487520500740374,2021-07-13 00:00:00,2021-07-13 00:00:00,0.0,0.0
D1,F0-1-B5,2,5,2021-07-17,79,0.8229166666666666,False,108.0,113.58283196595805,5.58283196595805,5.58283196595805,2021-07-17 06:00:00,2021-07-17 07:15:00,75.0,75.0
D1,F0-1-B5,2,5,2021-07-18,84,0.875,False,28.0,28.000260570467855,0.0002605704678551035,0.0002605704678551035,2021-07-18 04:30:00,2021-07-18 21:30:00,1020.0,1020.0
D1,F0-1-B5,2,5,2021-07-26,84,0.875,False,217.0,223.6962798931582,6.6962798931581915,6.6962798931581915,2021-07-26 08:30:00,2021-07-26 11:30:00,180.0,180.0
D1,F0-1-B5,2,5,2021-07-27,84,0.875,False,211.0,210.64538728230664,-0.35461271769335667,0.35461271769335667,2021-07-27 11:45:00,2021-07-27 09:15:00,-150.0,150.0
D1,F0-1-B5,2,5,2021-07-28,84,0.875,False,212.0,235.0282340855905,23.028234085590498,23.028234085590498,2021-07-28 12:00:00,2021-07-28 08:45:00,-195.0,195.0
D1,F0-1-B5,2,5,2021-07-29,84,0.875,False,211.0,228.6304021934555,17.630402193455495,17.630402193455495,2021-07-29 12:00:00,2021-07-29 08:30:00,-210.0,210.0
D1,F0-1-B5,2,5,2021-07-30,85,0.8854166666666666,False,212.0,230.5493713573868,18.549371357386804,18.549371357386804,2021-07-30 12:00:00,2021-07-30 08:45:00,-195.0,195.0
D1,F0-1-B5,2,5,2021-07-31,96,1.0,True,80.0,86.38421729290354,6.384217292903543,6.384217292903543,2021-07-31 00:00:00,2021-07-31 00:00:00,0.0,0.0
D1,F0-1-B5,2,5,2021-08-01,96,1.0,True,28.0,27.090980836815877,-0.9090191631841229,0.9090191631841229,2021-08-01 09:00:00,2021-08-01 10:15:00,75.0,75.0
D1,F0-1-B5,2,5,2021-08-09,39,0.40625,False,215.0,129.49874896991673,-85.50125103008327,85.50125103008327,2021-08-09 08:45:00,2021-08-09 09:30:00,45.0,45.0
D1,F0-1-B5,2,6,2021-07-12,96,1.0,True,198.0,201.6264855094041,3.626485509404091,3.626485509404091,2021-07-12 08:45:00,2021-07-12 11:00:00,135.0,135.0
D1,F0-1-B5,2,6,2021-07-13,1,0.010416666666666666,False,79.0,97.95655177629055,18.956551776290553,18.956551776290553,2021-07-13 00:00:00,2021-07-13 00:00:00,0.0,0.0
D1,F0-1-B5,2,6,2021-07-17,78,0.8125,False,108.0,107.15144569774873,-0.8485543022512729,0.8485543022512729,2021-07-17 06:00:00,2021-07-17 07:15:00,75.0,75.0
D1,F0-1-B5,2,6,2021-07-18,84,0.875,False,28.0,28.01394915241942,0.013949152419421296,0.013949152419421296,2021-07-18 01:15:00,2021-07-18 21:30:00,1215.0,1215.0
D1,F0-1-B5,2,6,2021-07-26,84,0.875,False,217.0,229.46588174767024,12.465881747670238,12.465881747670238,2021-07-26 08:30:00,2021-07-26 11:30:00,180.0,180.0
D1,F0-1-B5,2,6,2021-07-27,84,0.875,False,211.0,211.9839207535651,0.9839207535650871,0.9839207535650871,2021-07-27 11:45:00,2021-07-27 10:00:00,-105.0,105.0
D1,F0-1-B5,2,6,2021-07-28,84,0.875,False,212.0,230.04144458877562,18.04144458877562,18.04144458877562,2021-07-28 12:00:00,2021-07-28 08:45:00,-195.0,195.0
D1,F0-1-B5,2,6,2021-07-29,84,0.875,False,211.0,218.23219280704967,7.232192807049671,7.232192807049671,2021-07-29 12:00:00,2021-07-29 08:30:00,-210.0,210.0
D1,F0-1-B5,2,6,2021-07-30,85,0.8854166666666666,False,212.0,224.50341686994713,12.50341686994713,12.50341686994713,2021-07-30 12:00:00,2021-07-30 08:45:00,-195.0,195.0
D1,F0-1-B5,2,6,2021-07-31,96,1.0,True,80.0,93.25218372720907,13.252183727209072,13.252183727209072,2021-07-31 00:00:00,2021-07-31 00:00:00,0.0,0.0
D1,F0-1-B5,2,6,2021-08-01,96,1.0,True,28.0,26.73464875411354,-1.2653512458864604,1.2653512458864604,2021-08-01 09:00:00,2021-08-01 02:15:00,-405.0,405.0
D1,F0-1-B5,2,6,2021-08-09,39,0.40625,False,215.0,90.9294942764259,-124.0705057235741,124.0705057235741,2021-08-09 08:45:00,2021-08-09 09:30:00,45.0,45.0
D1,F0-1-B5,2,7,2021-07-12,96,1.0,True,198.0,201.55933211442814,3.5593321144281447,3.5593321144281447,2021-07-12 08:45:00,2021-07-12 11:00:00,135.0,135.0
D1,F0-1-B5,2,7,2021-07-13,1,0.010416666666666666,False,79.0,90.02051395679995,11.020513956799945,11.020513956799945,2021-07-13 00:00:00,2021-07-13 00:00:00,0.0,0.0
D1,F0-1-B5,2,7,2021-07-17,77,0.8020833333333334,False,108.0,107.4939248693634,-0.5060751306366029,0.5060751306366029,2021-07-17 06:00:00,2021-07-17 06:45:00,45.0,45.0
D1,F0-1-B5,2,7,2021-07-18,84,0.875,False,28.0,28.720630023383897,0.7206300233838974,0.7206300233838974,2021-07-18 01:15:00,2021-07-18 11:45:00,630.0,630.0
D1,F0-1-B5,2,7,2021-07-26,84,0.875,False,217.0,224.8815518184759,7.881551818475913,7.881551818475913,2021-07-26 08:30:00,2021-07-26 11:30:00,180.0,180.0
D1,F0-1-B5,2,7,2021-07-27,84,0.875,False,211.0,206.56303194429057,-4.436968055709428,4.436968055709428,2021-07-27 11:45:00,2021-07-27 10:00:00,-105.0,105.0
D1,F0-1-B5,2,7,2021-07-28,84,0.875,False,212.0,230.61496366446391,18.614963664463914,18.614963664463914,2021-07-28 12:00:00,2021-07-28 10:00:00,-120.0,120.0
D1,F0-1-B5,2,7,2021-07-29,84,0.875,False,211.0,215.32474178078155,4.324741780781551,4.324741780781551,2021-07-29 12:00:00,2021-07-29 08:30:00,-210.0,210.0
D1,F0-1-B5,2,7,2021-07-30,85,0.8854166666666666,False,212.0,217.78708382200676,5.787083822006764,5.787083822006764,2021-07-30 12:00:00,2021-07-30 08:30:00,-210.0,210.0
D1,F0-1-B5,2,7,2021-07-31,96,1.0,True,80.0,93.24214298684498,13.242142986844982,13.242142986844982,2021-07-31 00:00:00,2021-07-31 01:15:00,75.0,75.0
D1,F0-1-B5,2,7,2021-08-01,96,1.0,True,28.0,26.838345331828588,-1.161654668171412,1.161654668171412,2021-08-01 09:00:00,2021-08-01 16:15:00,435.0,435.0
D1,F0-1-B5,2,7,2021-08-09,39,0.40625,False,215.0,72.99118433596453,-142.00881566403547,142.00881566403547,2021-08-09 08:45:00,2021-08-09 09:30:00,45.0,45.0
D1,F0-1-B5,2,8,2021-07-12,96,1.0,True,198.0,200.80703350541938,2.8070335054193833,2.8070335054193833,2021-07-12 08:45:00,2021-07-12 11:15:00,150.0,150.0
D1,F0-1-B5,2,8,2021-07-13,1,0.010416666666666666,False,79.0,80.43055556861486,1.4305555686148637,1.4305555686148637,2021-07-13 00:00:00,2021-07-13 00:00:00,0.0,0.0
D1,F0-1-B5,2,8,2021-07-17,76,0.7916666666666666,False,108.0,101.88383467440055,-6.116165325599454,6.116165325599454,2021-07-17 06:00:00,2021-07-17 06:45:00,45.0,45.0
D1,F0-1-B5,2,8,2021-07-18,84,0.875,False,28.0,28.68766388153604,0.6876638815360394,0.6876638815360394,2021-07-18 01:15:00,2021-07-18 11:45:00,630.0,630.0
D1,F0-1-B5,2,8,2021-07-26,84,0.875,False,217.0,224.7011081020988,7.7011081020988,7.7011081020988,2021-07-26 08:30:00,2021-07-26 11:30:00,180.0,180.0
D1,F0-1-B5,2,8,2021-07-27,84,0.875,False,211.0,210.1215712604803,-0.8784287395197055,0.8784287395197055,2021-07-27 11:45:00,2021-07-27 10:00:00,-105.0,105.0
D1,F0-1-B5,2,8,2021-07-28,84,0.875,False,212.0,231.8743553485221,19.8743553485221,19.8743553485221,2021-07-28 12:00:00,2021-07-28 10:00:00,-120.0,120.0
D1,F0-1-B5,2,8,2021-07-29,84,0.875,False,211.0,223.34424932641144,12.344249326411443,12.344249326411443,2021-07-29 12:00:00,2021-07-29 08:30:00,-210.0,210.0
D1,F0-1-B5,2,8,2021-07-30,85,0.8854166666666666,False,212.0,214.06955297268414,2.0695529726841357,2.0695529726841357,2021-07-30 12:00:00,2021-07-30 08:45:00,-195.0,195.0
D1,F0-1-B5,2,8,2021-07-31,96,1.0,True,80.0,105.31258864091483,25.312588640914825,25.312588640914825,2021-07-31 00:00:00,2021-07-31 01:15:00,75.0,75.0
D1,F0-1-B5,2,8,2021-08-01,96,1.0,True,28.0,27.36181945644487,-0.63818054355513,0.63818054355513,2021-08-01 09:00:00,2021-08-01 03:30:00,-330.0,330.0
D1,F0-1-B5,2,8,2021-08-09,39,0.40625,False,215.0,39.93429700381628,-175.06570299618372,175.06570299618372,2021-08-09 08:45:00,2021-08-09 09:30:00,45.0,45.0
D1,F0-1-B5,2,9,2021-07-12,96,1.0,True,198.0,199.35421353354278,1.3542135335427758,1.3542135335427758,2021-07-12 08:45:00,2021-07-12 11:15:00,150.0,150.0
D1,F0-1-B5,2,9,2021-07-13,1,0.010416666666666666,False,79.0,89.5705795867593,10.570579586759294,10.570579586759294,2021-07-13 00:00:00,2021-07-13 00:00:00,0.0,0.0
D1,F0-1-B5,2,9,2021-07-17,75,0.78125,False,108.0,108.18385008872038,0.18385008872037645,0.18385008872037645,2021-07-17 06:00:00,2021-07-17 07:15:00,75.0,75.0
D1,F0-1-B5,2,9,2021-07-18,84,0.875,False,28.0,28.656202527650386,0.656202527650386,0.656202527650386,2021-07-18 01:15:00,2021-07-18 21:30:00,1215.0,1215.0
D1,F0-1-B5,2,9,2021-07-26,84,0.875,False,217.0,222.07356327930734,5.073563279307336,5.073563279307336,2021-07-26 08:30:00,2021-07-26 11:30:00,180.0,180.0
D1,F0-1-B5,2,9,2021-07-27,84,0.875,False,211.0,209.04281252916616,-1.9571874708338441,1.9571874708338441,2021-07-27 11:45:00,2021-07-27 14:00:00,135.0,135.0
D1,F0-1-B5,2,9,2021-07-28,84,0.875,False,212.0,230.5003256206756,18.500325620675596,18.500325620675596,2021-07-28 12:00:00,2021-07-28 10:00:00,-120.0,120.0
D1,F0-1-B5,2,9,2021-07-29,84,0.875,False,211.0,224.1429746203105,13.142974620310497,13.142974620310497,2021-07-29 12:00:00,2021-07-29 08:30:00,-210.0,210.0
D1,F0-1-B5,2,9,2021-07-30,85,0.8854166666666666,False,212.0,220.26998097747014,8.26998097747014,8.26998097747014,2021-07-30 12:00:00,2021-07-30 16:00:00,240.0,240.0
D1,F0-1-B5,2,9,2021-07-31,96,1.0,True,80.0,103.74737852045689,23.74737852045689,23.74737852045689,2021-07-31 00:00:00,2021-07-31 01:30:00,90.0,90.0
D1,F0-1-B5,2,9,2021-08-01,96,1.0,True,28.0,27.67555030699325,-0.3244496930067484,0.3244496930067484,2021-08-01 09:00:00,2021-08-01 16:15:00,435.0,435.0
D1,F0-1-B5,2,9,2021-08-09,39,0.40625,False,215.0,26.220629844845888,-188.7793701551541,188.7793701551541,2021-08-09 08:45:00,2021-08-09 00:15:00,-510.0,510.0
D1,F0-1-B5,2,10,2021-07-12,96,1.0,True,198.0,199.85274946394577,1.85274946394577,1.85274946394577,2021-07-12 08:45:00,2021-07-12 11:00:00,135.0,135.0
D1,F0-1-B5,2,10,2021-07-13,1,0.010416666666666666,False,79.0,89.70174067753841,10.70174067753841,10.70174067753841,2021-07-13 00:00:00,2021-07-13 00:00:00,0.0,0.0
D1,F0-1-B5,2,10,2021-07-17,74,0.7708333333333334,False,108.0,103.07046691857029,-4.92953308142971,4.92953308142971,2021-07-17 06:00:00,2021-07-17 07:15:00,75.0,75.0
D1,F0-1-B5,2,10,2021-07-18,84,0.875,False,28.0,28.626611072660992,0.6266110726609924,0.6266110726609924,2021-07-18 01:15:00,2021-07-18 21:30:00,1215.0,1215.0
D1,F0-1-B5,2,10,2021-07-26,84,0.875,False,217.0,225.83502501811918,8.835025018119183,8.835025018119183,2021-07-26 08:30:00,2021-07-26 11:30:00,180.0,180.0
D1,F0-1-B5,2,10,2021-07-27,84,0.875,False,211.0,206.94600852542922,-4.053991474570779,4.053991474570779,2021-07-27 11:45:00,2021-07-27 11:00:00,-45.0,45.0
D1,F0-1-B5,2,10,2021-07-28,84,0.875,False,212.0,234.62370719401235,22.623707194012354,22.623707194012354,2021-07-28 12:00:00,2021-07-28 10:00:00,-120.0,120.0
D1,F0-1-B5,2,10,2021-07-29,84,0.875,False,211.0,223.00184089947788,12.001840899477884,12.001840899477884,2021-07-29 12:00:00,2021-07-29 08:30:00,-210.0,210.0
D1,F0-1-B5,2,10,2021-07-30,85,0.8854166666666666,False,212.0,214.53581012747264,2.5358101274726437,2.5358101274726437,2021-07-30 12:00:00,2021-07-30 08:30:00,-210.0,210.0
D1,F0-1-B5,2,10,2021-07-31,96,1.0,True,80.0,112.21821475512596,32.218214755125956,32.218214755125956,2021-07-31 00:00:00,2021-07-31 01:45:00,105.0,105.0
D1,F0-1-B5,2,10,2021-08-01,96,1.0,True,28.0,27.119457789656412,-0.880542210343588,0.880542210343588,2021-08-01 09:00:00,2021-08-01 16:15:00,435.0,435.0
D1,F0-1-B5,2,10,2021-08-09,39,0.40625,False,215.0,26.012120120555245,-188.98787987944476,188.98787987944476,2021-08-09 08:45:00,2021-08-09 03:30:00,-315.0,315.0
D1,F0-1-B5,2,11,2021-07-12,96,1.0,True,198.0,199.1734407456396,1.1734407456395957,1.1734407456395957,2021-07-12 08:45:00,2021-07-12 11:15:00,150.0,150.0
D1,F0-1-B5,2,11,2021-07-13,1,0.010416666666666666,False,79.0,80.03531323624215,1.0353132362421462,1.0353132362421462,2021-07-13 00:00:00,2021-07-13 00:00:00,0.0,0.0
D1,F0-1-B5,2,11,2021-07-17,73,0.7604166666666666,False,108.0,101.64087631475525,-6.359123685244754,6.359123685244754,2021-07-17 06:00:00,2021-07-17 06:45:00,45.0,45.0
D1,F0-1-B5,2,11,2021-07-18,84,0.875,False,28.0,29.16133641456107,1.1613364145610703,1.1613364145610703,2021-07-18 01:15:00,2021-07-18 11:45:00,630.0,630.0
D1,F0-1-B5,2,11,2021-07-26,84,0.875,False,217.0,229.23088114223302,12.230881142233017,12.230881142233017,2021-07-26 08:30:00,2021-07-26 11:30:00,180.0,180.0
D1,F0-1-B5,2,11,2021-07-27,84,0.875,False,211.0,206.26887521392817,-4.731124786071831,4.731124786071831,2021-07-27 11:45:00,2021-07-27 16:15:00,270.0,270.0
D1,F0-1-B5,2,11,2021-07-28,84,0.875,False,212.0,230.6638291322061,18.663829132206104,18.663829132206104,2021-07-28 12:00:00,2021-07-28 10:00:00,-120.0,120.0
D1,F0-1-B5,2,11,2021-07-29,84,0.875,False,211.0,221.20330612105676,10.203306121056755,10.203306121056755,2021-07-29 12:00:00,2021-07-29 08:30:00,-210.0,210.0
D1,F0-1-B5,2,11,2021-07-30,85,0.8854166666666666,False,212.0,216.05219465170666,4.052194651706657,4.052194651706657,2021-07-30 12:00:00,2021-07-30 16:00:00,240.0,240.0
D1,F0-1-B5,2,11,2021-07-31,96,1.0,True,80.0,109.70392217583448,29.703922175834478,29.703922175834478,2021-07-31 00:00:00,2021-07-31 02:00:00,120.0,120.0
D1,F0-1-B5,2,11,2021-08-01,96,1.0,True,28.0,27.206270102427446,-0.793729897572554,0.793729897572554,2021-08-01 09:00:00,2021-08-01 16:15:00,435.0,435.0
D1,F0-1-B5,2,11,2021-08-09,39,0.40625,False,215.0,26.597395686563054,-188.40260431343694,188.40260431343694,2021-08-09 08:45:00,2021-08-09 03:30:00,-315.0,315.0
D1,F0-1-B5,2,12,2021-07-12,96,1.0,True,198.0,195.60641901708115,-2.3935809829188486,2.3935809829188486,2021-07-12 08:45:00,2021-07-12 11:00:00,135.0,135.0
D1,F0-1-B5,2,12,2021-07-13,1,0.010416666666666666,False,79.0,81.42622619738381,2.426226197383812,2.426226197383812,2021-07-13 00:00:00,2021-07-13 00:00:00,0.0,0.0
D1,F0-1-B5,2,12,2021-07-17,72,0.75,False,108.0,103.37736855160361,-4.62263144839639,4.62263144839639,2021-07-17 06:00:00,2021-07-17 06:45:00,45.0,45.0
D1,F0-1-B5,2,12,2021-07-18,84,0.875,False,28.0,27.989746608635414,-0.010253391364585696,0.010253391364585696,2021-07-18 01:15:00,2021-07-18 21:30:00,1215.0,1215.0
D1,F0-1-B5,2,12,2021-07-26,84,0.875,False,217.0,231.57285162667148,14.57285162667148,14.57285162667148,2021-07-26 08:30:00,2021-07-26 11:30:00,180.0,180.0
D1,F0-1-B5,2,12,2021-07-27,84,0.875,False,211.0,205.39758578379377,-5.602414216206228,5.602414216206228,2021-07-27 11:45:00,2021-07-27 11:00:00,-45.0,45.0
D1,F0-1-B5,2,12,2021-07-28,84,0.875,False,212.0,225.88875018542956,13.888750185429558,13.888750185429558,2021-07-28 12:00:00,2021-07-28 10:00:00,-120.0,120.0
D1,F0-1-B5,2,12,2021-07-29,84,0.875,False,211.0,212.49174968630274,1.4917496863027395,1.4917496863027395,2021-07-29 12:00:00,2021-07-29 08:30:00,-210.0,210.0
D1,F0-1-B5,2,12,2021-07-30,85,0.8854166666666666,False,212.0,211.75738785615192,-0.24261214384807772,0.24261214384807772,2021-07-30 12:00:00,2021-07-30 10:30:00,-90.0,90.0
D1,F0-1-B5,2,12,2021-07-31,96,1.0,True,80.0,110.21366772532372,30.213667725323717,30.213667725323717,2021-07-31 00:00:00,2021-07-31 02:15:00,135.0,135.0
D1,F0-1-B5,2,12,2021-08-01,96,1.0,True,28.0,27.61635129794321,-0.3836487020567887,0.3836487020567887,2021-08-01 09:00:00,2021-08-01 23:15:00,855.0,855.0
D1,F0-1-B5,2,12,2021-08-09,39,0.40625,False,215.0,26.538462530920896,-188.4615374690791,188.4615374690791,2021-08-09 08:45:00,2021-08-09 03:30:00,-315.0,315.0
D1,F0-1-B5,2,13,2021-07-12,96,1.0,True,198.0,195.11355367357132,-2.8864463264286826,2.8864463264286826,2021-07-12 08:45:00,2021-07-12 11:15:00,150.0,150.0
D1,F0-1-B5,2,13,2021-07-13,1,0.010416666666666666,False,79.0,88.42233219431021,9.422332194310215,9.422332194310215,2021-07-13 00:00:00,2021-07-13 00:00:00,0.0,0.0
D1,F0-1-B5,2,13,2021-07-17,71,0.7395833333333334,False,96.0,103.49385958569644,7.493859585696441,7.493859585696441,2021-07-17 06:15:00,2021-07-17 06:15:00,0.0,0.0
D1,F0-1-B5,2,13,2021-07-18,84,0.875,False,28.0,28.690507433244417,0.6905074332444165,0.6905074332444165,2021-07-18 01:15:00,2021-07-18 01:30:00,15.0,15.0
D1,F0-1-B5,2,13,2021-07-26,84,0.875,False,217.0,224.75151864005437,7.751518640054371,7.751518640054371,2021-07-26 08:30:00,2021-07-26 11:30:00,180.0,180.0
D1,F0-1-B5,2,13,2021-07-27,84,0.875,False,211.0,200.9543187417677,-10.045681258232293,10.045681258232293,2021-07-27 11:45:00,2021-07-27 16:15:00,270.0,270.0
D1,F0-1-B5,2,13,2021-07-28,84,0.875,False,212.0,220.64585163480237,8.64585163480237,8.64585163480237,2021-07-28 12:00:00,2021-07-28 10:00:00,-120.0,120.0
D1,F0-1-B5,2,13,2021-07-29,84,0.875,False,211.0,215.6411420183447,4.641142018344709,4.641142018344709,2021-07-29 12:00:00,2021-07-29 08:30:00,-210.0,210.0
D1,F0-1-B5,2,13,2021-07-30,85,0.8854166666666666,False,212.0,207.61614190460543,-4.383858095394572,4.383858095394572,2021-07-30 12:00:00,2021-07-30 16:00:00,240.0,240.0
D1,F0-1-B5,2,13,2021-07-31,96,1.0,True,80.0,108.74325333493225,28.74325333493225,28.74325333493225,2021-07-31 00:00:00,2021-07-31 02:30:00,150.0,150.0
D1,F0-1-B5,2,13,2021-08-01,96,1.0,True,28.0,29.539744517443324,1.5397445174433244,1.5397445174433244,2021-08-01 09:00:00,2021-08-01 23:30:00,870.0,870.0
D1,F0-1-B5,2,13,2021-08-09,39,0.40625,False,215.0,25.046499326793683,-189.95350067320632,189.95350067320632,2021-08-09 08:45:00,2021-08-09 07:15:00,-90.0,90.0
D1,F0-1-B5,2,14,2021-07-12,96,1.0,True,198.0,190.3148069500585,-7.685193049941489,7.685193049941489,2021-07-12 08:45:00,2021-07-12 16:00:00,435.0,435.0
D1,F0-1-B5,2,14,2021-07-13,1,0.010416666666666666,False,79.0,87.11941699684174,8.119416996841736,8.119416996841736,2021-07-13 00:00:00,2021-07-13 00:00:00,0.0,0.0
D1,F0-1-B5,2,14,2021-07-17,70,0.7291666666666666,False,88.0,104.43262625854192,16.432626258541916,16.432626258541916,2021-07-17 07:15:00,2021-07-17 07:15:00,0.0,0.0
D1,F0-1-B5,2,14,2021-07-18,84,0.875,False,28.0,29.569201506409218,1.5692015064092182,1.5692015064092182,2021-07-18 01:15:00,2021-07-18 01:45:00,30.0,30.0
D1,F0-1-B5,2,14,2021-07-26,84,0.875,False,217.0,226.07223860069607,9.072238600696068,9.072238600696068,2021-07-26 08:30:00,2021-07-26 11:30:00,180.0,180.0
D1,F0-1-B5,2,14,2021-07-27,84,0.875,False,211.0,201.51937350054675,-9.480626499453251,9.480626499453251,2021-07-27 11:45:00,2021-07-27 09:15:00,-150.0,150.0
D1,F0-1-B5,2,14,2021-07-28,84,0.875,False,212.0,225.87444096955784,13.874440969557838,13.874440969557838,2021-07-28 12:00:00,2021-07-28 10:00:00,-120.0,120.0
D1,F0-1-B5,2,14,2021-07-29,84,0.875,False,211.0,211.56667697397995,0.566676973979952,0.566676973979952,2021-07-29 12:00:00,2021-07-29 08:30:00,-210.0,210.0
D1,F0-1-B5,2,14,2021-07-30,84,0.875,False,212.0,212.3477596377034,0.3477596377034047,0.3477596377034047,2021-07-30 12:00:00,2021-07-30 08:30:00,-210.0,210.0
D1,F0-1-B5,2,14,2021-07-31,96,1.0,True,80.0,106.30287548600974,26.30287548600974,26.30287548600974,2021-07-31 00:00:00,2021-07-31 02:45:00,165.0,165.0
D1,F0-1-B5,2,14,2021-08-01,96,1.0,True,28.0,27.52810090254354,-0.4718990974564612,0.4718990974564612,2021-08-01 09:00:00,2021-08-01 12:45:00,225.0,225.0
D1,F0-1-B5,2,14,2021-08-09,39,0.40625,False,215.0,24.470070829656823,-190.52992917034317,190.52992917034317,2021-08-09 08:45:00,2021-08-09 03:30:00,-315.0,315.0
D1,F0-1-B5,2,15,2021-07-12,96,1.0,True,198.0,191.91216636995273,-6.087833630047271,6.087833630047271,2021-07-12 08:45:00,2021-07-12 16:00:00,435.0,435.0
D1,F0-1-B5,2,15,2021-07-13,1,0.010416666666666666,False,79.0,85.01552522350484,6.015525223504838,6.015525223504838,2021-07-13 00:00:00,2021-07-13 00:00:00,0.0,0.0
D1,F0-1-B5,2,15,2021-07-17,69,0.71875,False,88.0,104.45087441998098,16.450874419980977,16.450874419980977,2021-07-17 07:15:00,2021-07-17 06:45:00,-30.0,30.0
D1,F0-1-B5,2,15,2021-07-18,84,0.875,False,28.0,29.515848269395924,1.5158482693959243,1.5158482693959243,2021-07-18 01:15:00,2021-07-18 11:45:00,630.0,630.0
D1,F0-1-B5,2,15,2021-07-26,84,0.875,False,217.0,221.61497466138894,4.614974661388942,4.614974661388942,2021-07-26 08:30:00,2021-07-26 11:30:00,180.0,180.0
D1,F0-1-B5,2,15,2021-07-27,84,0.875,False,211.0,200.97444282980126,-10.025557170198738,10.025557170198738,2021-07-27 11:45:00,2021-07-27 10:00:00,-105.0,105.0
D1,F0-1-B5,2,15,2021-07-28,84,0.875,False,212.0,221.3776477166651,9.377647716665109,9.377647716665109,2021-07-28 12:00:00,2021-07-28 10:00:00,-120.0,120.0
D1,F0-1-B5,2,15,2021-07-29,84,0.875,False,211.0,217.91585008003352,6.915850080033522,6.915850080033522,2021-07-29 12:00:00,2021-07-29 08:30:00,-210.0,210.0
D1,F0-1-B5,2,15,2021-07-30,84,0.875,False,212.0,215.94764346591046,3.94764346591046,3.94764346591046,2021-07-30 12:00:00,2021-07-30 16:00:00,240.0,240.0
D1,F0-1-B5,2,15,2021-07-31,96,1.0,True,80.0,103.92893528975227,23.928935289752275,23.928935289752275,2021-07-31 00:00:00,2021-07-31 01:45:00,105.0,105.0
D1,F0-1-B5,2,15,2021-08-01,96,1.0,True,28.0,29.9375005749227,1.9375005749227014,1.9375005749227014,2021-08-01 09:00:00,2021-08-01 12:45:00,225.0,225.0
D1,F0-1-B5,2,15,2021-08-09,39,0.40625,False,215.0,25.99999352029469,-189.00000647970532,189.00000647970532,2021-08-09 08:45:00,2021-08-09 03:30:00,-315.0,315.0
D1,F0-1-B5,2,16,2021-07-12,96,1.0,True,198.0,194.11815875211389,-3.881841247886115,3.881841247886115,2021-07-12 08:45:00,2021-07-12 14:00:00,315.0,315.0
D1,F0-1-B5,2,16,2021-07-13,1,0.010416666666666666,False,79.0,86.46296736156667,7.462967361566669,7.462967361566669,2021-07-13 00:00:00,2021-07-13 00:00:00,0.0,0.0
D1,F0-1-B5,2,16,2021-07-17,68,0.7083333333333334,False,88.0,105.00790921176515,17.007909211765153,17.007909211765153,2021-07-17 07:15:00,2021-07-17 07:15:00,0.0,0.0
D1,F0-1-B5,2,16,2021-07-18,84,0.875,False,28.0,30.81409173281901,2.8140917328190085,2.8140917328190085,2021-07-18 01:15:00,2021-07-18 11:45:00,630.0,630.0
D1,F0-1-B5,2,16,2021-07-26,84,0.875,False,217.0,227.16377968467117,10.16377968467117,10.16377968467117,2021-07-26 08:30:00,2021-07-26 11:30:00,180.0,180.0
D1,F0-1-B5,2,16,2021-07-27,84,0.875,False,211.0,205.24048548125947,-5.759514518740531,5.759514518740531,2021-07-27 11:45:00,2021-07-27 16:00:00,255.0,255.0
D1,F0-1-B5,2,16,2021-07-28,84,0.875,False,212.0,218.30123124594883,6.301231245948827,6.301231245948827,2021-07-28 12:00:00,2021-07-28 12:00:00,0.0,0.0
D1,F0-1-B5,2,16,2021-07-29,84,0.875,False,211.0,215.42782786955428,4.427827869554278,4.427827869554278,2021-07-29 12:00:00,2021-07-29 08:30:00,-210.0,210.0
D1,F0-1-B5,2,16,2021-07-30,84,0.875,False,212.0,216.74400833293794,4.744008332937938,4.744008332937938,2021-07-30 12:00:00,2021-07-30 16:00:00,240.0,240.0
D1,F0-1-B5,2,16,2021-07-31,96,1.0,True,80.0,102.14393873213763,22.143938732137627,22.143938732137627,2021-07-31 00:00:00,2021-07-31 03:45:00,225.0,225.0
D1,F0-1-B5,2,16,2021-08-01,96,1.0,True,28.0,27.84991125217163,-0.15008874782837012,0.15008874782837012,2021-08-01 09:00:00,2021-08-01 13:00:00,240.0,240.0
D1,F0-1-B5,2,16,2021-08-09,39,0.40625,False,215.0,25.99968740552139,-189.0003125944786,189.0003125944786,2021-08-09 08:45:00,2021-08-09 03:30:00,-315.0,315.0
D2,F0-1-B5,0,4,2021-04-19,96,1.0,True,172.0,192.13684494486438,20.13684494486438,20.13684494486438,2021-04-19 08:45:00,2021-04-19 13:15:00,270.0,270.0
D2,F0-1-B5,0,4,2021-04-20,96,1.0,True,172.0,192.13684494486438,20.13684494486438,20.13684494486438,2021-04-20 08:45:00,2021-04-20 13:15:00,270.0,270.0
D2,F0-1-B5,0,4,2021-04-21,96,1.0,True,174.0,186.80341443790323,12.803414437903228,12.803414437903228,2021-04-21 08:30:00,2021-04-21 09:00:00,30.0,30.0
D2,F0-1-B5,0,4,2021-04-22,96,1.0,True,174.0,186.80341443790323,12.803414437903228,12.803414437903228,2021-04-22 08:30:00,2021-04-22 09:00:00,30.0,30.0
D2,F0-1-B5,0,4,2021-04-23,96,1.0,True,174.0,186.80341443790323,12.803414437903228,12.803414437903228,2021-04-23 08:30:00,2021-04-23 09:00:00,30.0,30.0
D2,F0-1-B5,0,4,2021-04-24,96,1.0,True,112.0,115.77717028754039,3.777170287540386,3.777170287540386,2021-04-24 06:15:00,2021-04-24 02:00:00,-255.0,255.0
D2,F0-1-B5,0,4,2021-04-25,96,1.0,True,25.0,25.00000118248535,1.1824853487496512e-06,1.1824853487496512e-06,2021-04-25 01:30:00,2021-04-25 01:30:00,0.0,0.0
D2,F0-1-B5,0,4,2021-05-03,96,1.0,True,184.0,214.37095234604217,30.370952346042174,30.370952346042174,2021-05-03 08:30:00,2021-05-03 09:45:00,75.0,75.0
D2,F0-1-B5,0,4,2021-05-04,96,1.0,True,181.0,201.88724167471653,20.887241674716535,20.887241674716535,2021-05-04 08:30:00,2021-05-04 09:45:00,75.0,75.0
D2,F0-1-B5,0,4,2021-05-05,96,1.0,True,120.0,164.0734945811211,44.07349458112111,44.07349458112111,2021-05-05 04:15:00,2021-05-05 08:30:00,255.0,255.0
D2,F0-1-B5,0,4,2021-05-06,96,1.0,True,199.0,195.3248860652016,-3.6751139347983894,3.6751139347983894,2021-05-06 09:00:00,2021-05-06 10:00:00,60.0,60.0
D2,F0-1-B5,0,4,2021-05-07,96,1.0,True,181.0,197.19030073866537,16.19030073866537,16.19030073866537,2021-05-07 09:00:00,2021-05-07 10:30:00,90.0,90.0
D2,F0-1-B5,0,4,2021-05-08,96,1.0,True,115.0,117.99519317748997,2.9951931774899663,2.9951931774899663,2021-05-08 02:00:00,2021-05-08 02:15:00,15.0,15.0
D2,F0-1-B5,0,4,2021-05-09,96,1.0,True,184.0,147.30322090156335,-36.69677909843665,36.69677909843665,2021-05-09 09:00:00,2021-05-09 10:00:00,60.0,60.0
D2,F0-1-B5,0,5,2021-04-19,96,1.0,True,172.0,187.5455902895021,15.545590289502087,15.545590289502087,2021-04-19 08:45:00,2021-04-19 13:30:00,285.0,285.0
D2,F0-1-B5,0,5,2021-04-20,96,1.0,True,172.0,187.5455902895021,15.545590289502087,15.545590289502087,2021-04-20 08:45:00,2021-04-20 13:30:00,285.0,285.0
D2,F0-1-B5,0,5,2021-04-21,96,1.0,True,174.0,181.203402970201,7.203402970201012,7.203402970201012,2021-04-21 08:30:00,2021-04-21 09:00:00,30.0,30.0
D2,F0-1-B5,0,5,2021-04-22,96,1.0,True,174.0,181.203402970201,7.203402970201012,7.203402970201012,2021-04-22 08:30:00,2021-04-22 09:00:00,30.0,30.0
D2,F0-1-B5,0,5,2021-04-23,96,1.0,True,174.0,181.203402970201,7.203402970201012,7.203402970201012,2021-04-23 08:30:00,2021-04-23 09:00:00,30.0,30.0
D2,F0-1-B5,0,5,2021-04-24,96,1.0,True,112.0,114.73416721477213,2.7341672147721283,2.7341672147721283,2021-04-24 06:15:00,2021-04-24 06:15:00,0.0,0.0
D2,F0-1-B5,0,5,2021-04-25,96,1.0,True,25.0,25.00006438162708,6.438162708022332e-05,6.438162708022332e-05,2021-04-25 01:30:00,2021-04-25 01:30:00,0.0,0.0
D2,F0-1-B5,0,5,2021-05-03,96,1.0,True,184.0,210.52686599583052,26.52686599583052,26.52686599583052,2021-05-03 08:30:00,2021-05-03 10:00:00,90.0,90.0
D2,F0-1-B5,0,5,2021-05-04,96,1.0,True,181.0,198.7779371967785,17.77793719677851,17.77793719677851,2021-05-04 08:30:00,2021-05-04 10:00:00,90.0,90.0
D2,F0-1-B5,0,5,2021-05-05,96,1.0,True,120.0,170.5935803493773,50.593580349377305,50.593580349377305,2021-05-05 04:15:00,2021-05-05 08:30:00,255.0,255.0
D2,F0-1-B5,0,5,2021-05-06,96,1.0,True,199.0,190.96786601210414,-8.032133987895861,8.032133987895861,2021-05-06 09:00:00,2021-05-06 10:45:00,105.0,105.0
D2,F0-1-B5,0,5,2021-05-07,96,1.0,True,181.0,194.76375498507417,13.763754985074172,13.763754985074172,2021-05-07 09:00:00,2021-05-07 10:45:00,105.0,105.0
D2,F0-1-B5,0,5,2021-05-08,96,1.0,True,115.0,114.32794070338728,-0.6720592966127157,0.6720592966127157,2021-05-08 02:00:00,2021-05-08 02:15:00,15.0,15.0
D2,F0-1-B5,0,5,2021-05-09,96,1.0,True,184.0,140.7006098673257,-43.29939013267429,43.29939013267429,2021-05-09 09:00:00,2021-05-09 10:15:00,75.0,75.0
D2,F0-1-B5,0,6,2021-04-19,96,1.0,True,172.0,185.97959704359243,13.979597043592435,13.979597043592435,2021-04-19 08:45:00,2021-04-19 13:45:00,300.0,300.0
D2,F0-1-B5,0,6,2021-04-20,96,1.0,True,172.0,185.97959704359243,13.979597043592435,13.979597043592435,2021-04-20 08:45:00,2021-04-20 13:45:00,300.0,300.0
D2,F0-1-B5,0,6,2021-04-21,96,1.0,True,174.0,184.5337229400286,10.53372294002861,10.53372294002861,2021-04-21 08:30:00,2021-04-21 09:00:00,30.0,30.0
D2,F0-1-B5,0,6,2021-04-22,96,1.0,True,174.0,184.5337229400286,10.53372294002861,10.53372294002861,2021-04-22 08:30:00,2021-04-22 09:00:00,30.0,30.0
D2,F0-1-B5,0,6,2021-04-23,96,1.0,True,174.0,184.5337229400286,10.53372294002861,10.53372294002861,2021-04-23 08:30:00,2021-04-23 09:00:00,30.0,30.0
D2,F0-1-B5,0,6,2021-04-24,96,1.0,True,112.0,114.83401229272528,2.8340122927252764,2.8340122927252764,2021-04-24 06:15:00,2021-04-24 03:00:00,-195.0,195.0
D2,F0-1-B5,0,6,2021-04-25,96,1.0,True,25.0,25.692183837639178,0.6921838376391776,0.6921838376391776,2021-04-25 01:30:00,2021-04-25 01:30:00,0.0,0.0
D2,F0-1-B5,0,6,2021-05-03,96,1.0,True,184.0,180.20926583499153,-3.790734165008473,3.790734165008473,2021-05-03 08:30:00,2021-05-03 11:00:00,150.0,150.0
D2,F0-1-B5,0,6,2021-05-04,96,1.0,True,181.0,194.66955724393551,13.669557243935515,13.669557243935515,2021-05-04 08:30:00,2021-05-04 08:30:00,0.0,0.0
D2,F0-1-B5,0,6,2021-05-05,96,1.0,True,120.0,168.08567647851186,48.08567647851186,48.08567647851186,2021-05-05 04:15:00,2021-05-05 08:30:00,255.0,255.0
D2,F0-1-B5,0,6,2021-05-06,96,1.0,True,199.0,185.3680180656382,-13.63198193436179,13.63198193436179,2021-05-06 09:00:00,2021-05-06 10:45:00,105.0,105.0
D2,F0-1-B5,0,6,2021-05-07,96,1.0,True,181.0,193.42452178589815,12.42452178589815,12.42452178589815,2021-05-07 09:00:00,2021-05-07 11:00:00,120.0,120.0
D2,F0-1-B5,0,6,2021-05-08,96,1.0,True,115.0,115.97395463818016,0.9739546381801603,0.9739546381801603,2021-05-08 02:00:00,2021-05-08 04:30:00,150.0,150.0
D2,F0-1-B5,0,6,2021-05-09,96,1.0,True,184.0,132.72275737455914,-51.27724262544086,51.27724262544086,2021-05-09 09:00:00,2021-05-09 10:30:00,90.0,90.0
D2,F0-1-B5,0,7,2021-04-19,96,1.0,True,172.0,177.43528065351862,5.4352806535186176,5.4352806535186176,2021-04-19 08:45:00,2021-04-19 14:00:00,315.0,315.0
D2,F0-1-B5,0,7,2021-04-20,96,1.0,True,172.0,177.43528065351862,5.4352806535186176,5.4352806535186176,2021-04-20 08:45:00,2021-04-20 14:00:00,315.0,315.0
D2,F0-1-B5,0,7,2021-04-21,96,1.0,True,174.0,185.4975940803625,11.49759408036249,11.49759408036249,2021-04-21 08:30:00,2021-04-21 09:00:00,30.0,30.0
D2,F0-1-B5,0,7,2021-04-22,96,1.0,True,174.0,185.4975940803625,11.49759408036249,11.49759408036249,2021-04-22 08:30:00,2021-04-22 09:00:00,30.0,30.0
D2,F0-1-B5,0,7,2021-04-23,96,1.0,True,174.0,185.4975940803625,11.49759408036249,11.49759408036249,2021-04-23 08:30:00,2021-04-23 09:00:00,30.0,30.0
D2,F0-1-B5,0,7,2021-04-24,96,1.0,True,112.0,113.05454867550165,1.0545486755016498,1.0545486755016498,2021-04-24 06:15:00,2021-04-24 02:00:00,-255.0,255.0
D2,F0-1-B5,0,7,2021-04-25,96,1.0,True,25.0,26.29752155593839,1.2975215559383884,1.2975215559383884,2021-04-25 01:30:00,2021-04-25 01:30:00,0.0,0.0
D2,F0-1-B5,0,7,2021-05-03,96,1.0,True,184.0,195.24481988621238,11.244819886212383,11.244819886212383,2021-05-03 08:30:00,2021-05-03 10:30:00,120.0,120.0
D2,F0-1-B5,0,7,2021-05-04,96,1.0,True,181.0,190.9312112939792,9.931211293979203,9.931211293979203,2021-05-04 08:30:00,2021-05-04 08:30:00,0.0,0.0
D2,F0-1-B5,0,7,2021-05-05,96,1.0,True,120.0,169.80879802233014,49.80879802233014,49.80879802233014,2021-05-05 04:15:00,2021-05-05 08:30:00,255.0,255.0
D2,F0-1-B5,0,7,2021-05-06,96,1.0,True,199.0,188.89385888111778,-10.10614111888222,10.10614111888222,2021-05-06 09:00:00,2021-05-06 11:30:00,150.0,150.0
D2,F0-1-B5,0,7,2021-05-07,96,1.0,True,181.0,190.18194371768158,9.181943717681577,9.181943717681577,2021-05-07 09:00:00,2021-05-07 10:45:00,105.0,105.0
D2,F0-1-B5,0,7,2021-05-08,96,1.0,True,115.0,112.79881552442662,-2.2011844755733847,2.2011844755733847,2021-05-08 02:00:00,2021-05-08 02:15:00,15.0,15.0
D2,F0-1-B5,0,7,2021-05-09,96,1.0,True,184.0,127.88258257860676,-56.11741742139324,56.11741742139324,2021-05-09 09:00:00,2021-05-09 10:45:00,105.0,105.0
D2,F0-1-B5,0,8,2021-04-19,96,1.0,True,172.0,184.43607406222114,12.436074062221138,12.436074062221138,2021-04-19 08:45:00,2021-04-19 13:15:00,270.0,270.0
D2,F0-1-B5,0,8,2021-04-20,96,1.0,True,172.0,184.43607406222114,12.436074062221138,12.436074062221138,2021-04-20 08:45:00,2021-04-20 13:15:00,270.0,270.0
D2,F0-1-B5,0,8,2021-04-21,96,1.0,True,174.0,186.9365295195042,12.936529519504205,12.936529519504205,2021-04-21 08:30:00,2021-04-21 09:00:00,30.0,30.0
D2,F0-1-B5,0,8,2021-04-22,96,1.0,True,174.0,186.9365295195042,12.936529519504205,12.936529519504205,2021-04-22 08:30:00,2021-04-22 09:00:00,30.0,30.0
D2,F0-1-B5,0,8,2021-04-23,96,1.0,True,174.0,186.9365295195042,12.936529519504205,12.936529519504205,2021-04-23 08:30:00,2021-04-23 09:00:00,30.0,30.0
D2,F0-1-B5,0,8,2021-04-24,96,1.0,True,112.0,116.83158254805298,4.831582548052978,4.831582548052978,2021-04-24 06:15:00,2021-04-24 02:00:00,-255.0,255.0
D2,F0-1-B5,0,8,2021-04-25,96,1.0,True,25.0,25.0,0.0,0.0,2021-04-25 01:30:00,2021-04-25 05:00:00,210.0,210.0
D2,F0-1-B5,0,8,2021-05-03,96,1.0,True,184.0,193.83676781621128,9.836767816211278,9.836767816211278,2021-05-03 08:30:00,2021-05-03 10:45:00,135.0,135.0
D2,F0-1-B5,0,8,2021-05-04,96,1.0,True,181.0,184.07199952827042,3.0719995282704247,3.0719995282704247,2021-05-04 08:30:00,2021-05-04 10:45:00,135.0,135.0
D2,F0-1-B5,0,8,2021-05-05,96,1.0,True,120.0,176.21708015885153,56.21708015885153,56.21708015885153,2021-05-05 04:15:00,2021-05-05 08:30:00,255.0,255.0
D2,F0-1-B5,0,8,2021-05-06,96,1.0,True,199.0,192.76044472580068,-6.2395552741993185,6.2395552741993185,2021-05-06 09:00:00,2021-05-06 11:30:00,150.0,150.0
D2,F0-1-B5,0,8,2021-05-07,96,1.0,True,181.0,189.09346587591068,8.093465875910681,8.093465875910681,2021-05-07 09:00:00,2021-05-07 11:00:00,120.0,120.0
D2,F0-1-B5,0,8,2021-05-08,96,1.0,True,115.0,110.93081612911638,-4.06918387088362,4.06918387088362,2021-05-08 02:00:00,2021-05-08 06:15:00,255.0,255.0
D2,F0-1-B5,0,8,2021-05-09,96,1.0,True,184.0,125.5407496655108,-58.4592503344892,58.4592503344892,2021-05-09 09:00:00,2021-05-09 11:00:00,120.0,120.0
D2,F0-1-B5,0,9,2021-04-19,96,1.0,True,172.0,180.2872081932278,8.287208193227798,8.287208193227798,2021-04-19 08:45:00,2021-04-19 13:30:00,285.0,285.0
D2,F0-1-B5,0,9,2021-04-20,96,1.0,True,172.0,180.2872081932278,8.287208193227798,8.287208193227798,2021-04-20 08:45:00,2021-04-20 13:30:00,285.0,285.0
D2,F0-1-B5,0,9,2021-04-21,96,1.0,True,174.0,183.72078470113556,9.720784701135557,9.720784701135557,2021-04-21 08:30:00,2021-04-21 13:15:00,285.0,285.0
D2,F0-1-B5,0,9,2021-04-22,96,1.0,True,174.0,183.72078470113556,9.720784701135557,9.720784701135557,2021-04-22 08:30:00,2021-04-22 13:15:00,285.0,285.0
D2,F0-1-B5,0,9,2021-04-23,96,1.0,True,174.0,183.72078470113556,9.720784701135557,9.720784701135557,2021-04-23 08:30:00,2021-04-23 13:15:00,285.0,285.0
D2,F0-1-B5,0,9,2021-04-24,96,1.0,True,112.0,116.15434873880325,4.15434873880325,4.15434873880325,2021-04-24 06:15:00,2021-04-24 02:00:00,-255.0,255.0
D2,F0-1-B5,0,9,2021-04-25,96,1.0,True,25.0,25.0,0.0,0.0,2021-04-25 01:30:00,2021-04-25 05:00:00,210.0,210.0
D2,F0-1-B5,0,9,2021-05-03,96,1.0,True,184.0,200.56842934606888,16.568429346068882,16.568429346068882,2021-05-03 08:30:00,2021-05-03 11:00:00,150.0,150.0
D2,F0-1-B5,0,9,2021-05-04,96,1.0,True,181.0,191.38882056198327,10.388820561983266,10.388820561983266,2021-05-04 08:30:00,2021-05-04 11:00:00,150.0,150.0
D2,F0-1-B5,0,9,2021-05-05,96,1.0,True,120.0,170.97269324856754,50.97269324856754,50.97269324856754,2021-05-05 04:15:00,2021-05-05 08:30:00,255.0,255.0
D2,F0-1-B5,0,9,2021-05-06,96,1.0,True,199.0,188.52218604456135,-10.477813955438648,10.477813955438648,2021-05-06 09:00:00,2021-05-06 11:45:00,165.0,165.0
D2,F0-1-B5,0,9,2021-05-07,96,1.0,True,181.0,181.17603217645086,0.17603217645086033,0.17603217645086033,2021-05-07 09:00:00,2021-05-07 11:00:00,120.0,120.0
D2,F0-1-B5,0,9,2021-05-08,96,1.0,True,115.0,111.396943722118,-3.603056277882004,3.603056277882004,2021-05-08 02:00:00,2021-05-08 02:00:00,0.0,0.0
D2,F0-1-B5,0,9,2021-05-09,96,1.0,True,184.0,118.4628772866126,-65.5371227133874,65.5371227133874,2021-05-09 09:00:00,2021-05-09 11:00:00,120.0,120.0
D2,F0-1-B5,0,10,2021-04-19,96,1.0,True,172.0,179.15699908798018,7.156999087980182,7.156999087980182,2021-04-19 08:45:00,2021-04-19 13:45:00,300.0,300.0
D2,F0-1-B5,0,10,2021-04-20,96,1.0,True,172.0,179.15699908798018,7.156999087980182,7.156999087980182,2021-04-20 08:45:00,2021-04-20 13:45:00,300.0,300.0
D2,F0-1-B5,0,10,2021-04-21,96,1.0,True,174.0,186.55342074494493,12.55342074494493,12.55342074494493,2021-04-21 08:30:00,2021-04-21 09:00:00,30.0,30.0
D2,F0-1-B5,0,10,2021-04-22,96,1.0,True,174.0,186.55342074494493,12.55342074494493,12.55342074494493,2021-04-22 08:30:00,2021-04-22 09:00:00,30.0,30.0
D2,F0-1-B5,0,10,2021-04-23,96,1.0,True,174.0,186.55342074494493,12.55342074494493,12.55342074494493,2021-04-23 08:30:00,2021-04-23 09:00:00,30.0,30.0
D2,F0-1-B5,0,10,2021-04-24,96,1.0,True,112.0,120.39581119050644,8.395811190506436,8.395811190506436,2021-04-24 06:15:00,2021-04-24 02:00:00,-255.0,255.0
D2,F0-1-B5,0,10,2021-04-25,96,1.0,True,25.0,25.0,0.0,0.0,2021-04-25 01:30:00,2021-04-25 05:00:00,210.0,210.0
D2,F0-1-B5,0,10,2021-05-03,96,1.0,True,184.0,198.44769937126435,14.447699371264349,14.447699371264349,2021-05-03 08:30:00,2021-05-03 11:15:00,165.0,165.0
D2,F0-1-B5,0,10,2021-05-04,96,1.0,True,181.0,189.81595360913025,8.815953609130247,8.815953609130247,2021-05-04 08:30:00,2021-05-04 11:15:00,165.0,165.0
D2,F0-1-B5,0,10,2021-05-05,96,1.0,True,120.0,165.82878645361572,45.82878645361572,45.82878645361572,2021-05-05 04:15:00,2021-05-05 08:30:00,255.0,255.0
D2,F0-1-B5,0,10,2021-05-06,96,1.0,True,199.0,190.88346472229048,-8.116535277709517,8.116535277709517,2021-05-06 09:00:00,2021-05-06 11:30:00,150.0,150.0
D2,F0-1-B5,0,10,2021-05-07,96,1.0,True,181.0,176.6463093726813,-4.353690627318713,4.353690627318713,2021-05-07 09:00:00,2021-05-07 15:45:00,405.0,405.0
D2,F0-1-B5,0,10,2021-05-08,96,1.0,True,115.0,113.68251382679892,-1.3174861732010754,1.3174861732010754,2021-05-08 02:00:00,2021-05-08 02:15:00,15.0,15.0
D2,F0-1-B5,0,10,2021-05-09,96,1.0,True,184.0,112.3269640529688,-71.6730359470312,71.6730359470312,2021-05-09 09:00:00,2021-05-09 11:00:00,120.0,120.0
D2,F0-1-B5,0,11,2021-04-19,96,1.0,True,172.0,181.49266045121888,9.492660451218882,9.492660451218882,2021-04-19 08:45:00,2021-04-19 13:15:00,270.0,270.0
D2,F0-1-B5,0,11,2021-04-20,96,1.0,True,172.0,181.49266045121888,9.492660451218882,9.492660451218882,2021-04-20 08:45:00,2021-04-20 13:15:00,270.0,270.0
D2,F0-1-B5,0,11,2021-04-21,96,1.0,True,174.0,187.06789412997765,13.067894129977645,13.067894129977645,2021-04-21 08:30:00,2021-04-21 13:15:00,285.0,285.0
D2,F0-1-B5,0,11,2021-04-22,96,1.0,True,174.0,187.06789412997765,13.067894129977645,13.067894129977645,2021-04-22 08:30:00,2021-04-22 13:15:00,285.0,285.0
D2,F0-1-B5,0,11,2021-04-23,96,1.0,True,174.0,187.06789412997765,13.067894129977645,13.067894129977645,2021-04-23 08:30:00,2021-04-23 13:15:00,285.0,285.0
D2,F0-1-B5,0,11,2021-04-24,96,1.0,True,112.0,121.59203951760375,9.592039517603752,9.592039517603752,2021-04-24 06:15:00,2021-04-24 02:00:00,-255.0,255.0
D2,F0-1-B5,0,11,2021-04-25,96,1.0,True,25.0,25.0,0.0,0.0,2021-04-25 01:30:00,2021-04-25 05:00:00,210.0,210.0
D2,F0-1-B5,0,11,2021-05-03,96,1.0,True,184.0,193.4384861057031,9.438486105703106,9.438486105703106,2021-05-03 08:30:00,2021-05-03 11:30:00,180.0,180.0
D2,F0-1-B5,0,11,2021-05-04,96,1.0,True,181.0,185.3250459596519,4.325045959651902,4.325045959651902,2021-05-04 08:30:00,2021-05-04 11:30:00,180.0,180.0
D2,F0-1-B5,0,11,2021-05-05,96,1.0,True,120.0,173.48133316905506,53.48133316905506,53.48133316905506,2021-05-05 04:15:00,2021-05-05 08:30:00,255.0,255.0
D2,F0-1-B5,0,11,2021-05-06,96,1.0,True,199.0,186.75345923967402,-12.246540760325985,12.246540760325985,2021-05-06 09:00:00,2021-05-06 11:45:00,165.0,165.0
D2,F0-1-B5,0,11,2021-05-07,96,1.0,True,181.0,173.08439752811896,-7.915602471881044,7.915602471881044,2021-05-07 09:00:00,2021-05-07 14:30:00,330.0,330.0
D2,F0-1-B5,0,11,2021-05-08,96,1.0,True,115.0,111.95415044892188,-3.0458495510781205,3.0458495510781205,2021-05-08 02:00:00,2021-05-08 01:45:00,-15.0,15.0
D2,F0-1-B5,0,11,2021-05-09,96,1.0,True,184.0,105.16758237641002,-78.83241762358998,78.83241762358998,2021-05-09 09:00:00,2021-05-09 11:15:00,135.0,135.0
D2,F0-1-B5,0,12,2021-04-19,96,1.0,True,172.0,181.8613172478388,9.861317247838798,9.861317247838798,2021-04-19 08:45:00,2021-04-19 15:45:00,420.0,420.0
D2,F0-1-B5,0,12,2021-04-20,96,1.0,True,172.0,181.8613172478388,9.861317247838798,9.861317247838798,2021-04-20 08:45:00,2021-04-20 15:45:00,420.0,420.0
D2,F0-1-B5,0,12,2021-04-21,96,1.0,True,174.0,182.766510851505,8.76651085150499,8.76651085150499,2021-04-21 08:30:00,2021-04-21 13:30:00,300.0,300.0
D2,F0-1-B5,0,12,2021-04-22,96,1.0,True,174.0,182.766510851505,8.76651085150499,8.76651085150499,2021-04-22 08:30:00,2021-04-22 13:30:00,300.0,300.0
D2,F0-1-B5,0,12,2021-04-23,96,1.0,True,174.0,182.766510851505,8.76651085150499,8.76651085150499,2021-04-23 08:30:00,2021-04-23 13:30:00,300.0,300.0
D2,F0-1-B5,0,12,2021-04-24,96,1.0,True,112.0,115.95414011826983,3.9541401182698337,3.9541401182698337,2021-04-24 06:15:00,2021-04-24 02:00:00,-255.0,255.0
D2,F0-1-B5,0,12,2021-04-25,96,1.0,True,25.0,25.0,0.0,0.0,2021-04-25 01:30:00,2021-04-25 05:00:00,210.0,210.0
D2,F0-1-B5,0,12,2021-05-03,96,1.0,True,184.0,192.55871635940022,8.558716359400222,8.558716359400222,2021-05-03 08:30:00,2021-05-03 11:45:00,195.0,195.0
D2,F0-1-B5,0,12,2021-05-04,96,1.0,True,181.0,184.93055775313763,3.9305577531376343,3.9305577531376343,2021-05-04 08:30:00,2021-05-04 11:45:00,195.0,195.0
D2,F0-1-B5,0,12,2021-05-05,96,1.0,True,120.0,178.8138038892898,58.8138038892898,58.8138038892898,2021-05-05 04:15:00,2021-05-05 08:30:00,255.0,255.0
D2,F0-1-B5,0,12,2021-05-06,96,1.0,True,199.0,184.68851878433853,-14.311481215661473,14.311481215661473,2021-05-06 09:00:00,2021-05-06 12:00:00,180.0,180.0
D2,F0-1-B5,0,12,2021-05-07,96,1.0,True,181.0,175.4303277732126,-5.5696722267873895,5.5696722267873895,2021-05-07 09:00:00,2021-05-07 08:30:00,-30.0,30.0
D2,F0-1-B5,0,12,2021-05-08,96,1.0,True,115.0,113.13824216098959,-1.8617578390104086,1.8617578390104086,2021-05-08 02:00:00,2021-05-08 02:00:00,0.0,0.0
D2,F0-1-B5,0,12,2021-05-09,96,1.0,True,184.0,98.72624127456538,-85.27375872543462,85.27375872543462,2021-05-09 09:00:00,2021-05-09 12:00:00,180.0,180.0
D2,F0-1-B5,0,13,2021-04-19,96,1.0,True,172.0,182.58925912859343,10.589259128593426,10.589259128593426,2021-04-19 08:45:00,2021-04-19 15:45:00,420.0,420.0
D2,F0-1-B5,0,13,2021-04-20,96,1.0,True,172.0,182.58925912859343,10.589259128593426,10.589259128593426,2021-04-20 08:45:00,2021-04-20 15:45:00,420.0,420.0
D2,F0-1-B5,0,13,2021-04-21,96,1.0,True,174.0,183.03686046946004,9.036860469460038,9.036860469460038,2021-04-21 08:30:00,2021-04-21 09:00:00,30.0,30.0
D2,F0-1-B5,0,13,2021-04-22,96,1.0,True,174.0,183.03686046946004,9.036860469460038,9.036860469460038,2021-04-22 08:30:00,2021-04-22 09:00:00,30.0,30.0
D2,F0-1-B5,0,13,2021-04-23,96,1.0,True,174.0,183.03686046946004,9.036860469460038,9.036860469460038,2021-04-23 08:30:00,2021-04-23 09:00:00,30.0,30.0
D2,F0-1-B5,0,13,2021-04-24,96,1.0,True,112.0,118.76140262060419,6.761402620604187,6.761402620604187,2021-04-24 06:15:00,2021-04-24 01:45:00,-270.0,270.0
D2,F0-1-B5,0,13,2021-04-25,96,1.0,True,25.0,25.0,0.0,0.0,2021-04-25 01:30:00,2021-04-25 05:00:00,210.0,210.0
D2,F0-1-B5,0,13,2021-05-03,96,1.0,True,184.0,195.80390506783456,11.803905067834563,11.803905067834563,2021-05-03 08:30:00,2021-05-03 12:00:00,210.0,210.0
D2,F0-1-B5,0,13,2021-05-04,96,1.0,True,181.0,188.62857457931645,7.6285745793164494,7.6285745793164494,2021-05-04 08:30:00,2021-05-04 12:00:00,210.0,210.0
D2,F0-1-B5,0,13,2021-05-05,96,1.0,True,120.0,174.55087533763424,54.55087533763424,54.55087533763424,2021-05-05 04:15:00,2021-05-05 08:30:00,255.0,255.0
D2,F0-1-B5,0,13,2021-05-06,96,1.0,True,199.0,178.76459055966336,-20.23540944033664,20.23540944033664,2021-05-06 09:00:00,2021-05-06 12:00:00,180.0,180.0
D2,F0-1-B5,0,13,2021-05-07,96,1.0,True,181.0,174.44732303307734,-6.552676966922661,6.552676966922661,2021-05-07 09:00:00,2021-05-07 08:30:00,-30.0,30.0
D2,F0-1-B5,0,13,2021-05-08,96,1.0,True,115.0,115.30774321120204,0.3077432112020375,0.3077432112020375,2021-05-08 02:00:00,2021-05-08 02:15:00,15.0,15.0
D2,F0-1-B5,0,13,2021-05-09,96,1.0,True,184.0,94.11676835476152,-89.88323164523848,89.88323164523848,2021-05-09 09:00:00,2021-05-09 12:15:00,195.0,195.0
D2,F0-1-B5,0,14,2021-04-19,96,1.0,True,172.0,184.46933330882325,12.469333308823252,12.469333308823252,2021-04-19 08:45:00,2021-04-19 15:45:00,420.0,420.0
D2,F0-1-B5,0,14,2021-04-20,96,1.0,True,172.0,184.46933330882325,12.469333308823252,12.469333308823252,2021-04-20 08:45:00,2021-04-20 15:45:00,420.0,420.0
D2,F0-1-B5,0,14,2021-04-21,96,1.0,True,174.0,183.78192050248234,9.781920502482336,9.781920502482336,2021-04-21 08:30:00,2021-04-21 08:30:00,0.0,0.0
D2,F0-1-B5,0,14,2021-04-22,96,1.0,True,174.0,183.78192050248234,9.781920502482336,9.781920502482336,2021-04-22 08:30:00,2021-04-22 08:30:00,0.0,0.0
D2,F0-1-B5,0,14,2021-04-23,96,1.0,True,174.0,183.78192050248234,9.781920502482336,9.781920502482336,2021-04-23 08:30:00,2021-04-23 08:30:00,0.0,0.0
D2,F0-1-B5,0,14,2021-04-24,96,1.0,True,112.0,125.09725041388572,13.097250413885718,13.097250413885718,2021-04-24 06:15:00,2021-04-24 02:00:00,-255.0,255.0
D2,F0-1-B5,0,14,2021-04-25,96,1.0,True,25.0,25.0,0.0,0.0,2021-04-25 01:30:00,2021-04-25 05:00:00,210.0,210.0
D2,F0-1-B5,0,14,2021-05-03,96,1.0,True,184.0,171.36627722267062,-12.633722777329382,12.633722777329382,2021-05-03 08:30:00,2021-05-03 12:00:00,210.0,210.0
D2,F0-1-B5,0,14,2021-05-04,96,1.0,True,181.0,172.63443704231966,-8.36556295768034,8.36556295768034,2021-05-04 08:30:00,2021-05-04 08:30:00,0.0,0.0
D2,F0-1-B5,0,14,2021-05-05,96,1.0,True,120.0,172.89694428540562,52.896944285405624,52.896944285405624,2021-05-05 04:15:00,2021-05-05 08:30:00,255.0,255.0
D2,F0-1-B5,0,14,2021-05-06,96,1.0,True,199.0,176.25711028843588,-22.742889711564118,22.742889711564118,2021-05-06 09:00:00,2021-05-06 13:45:00,285.0,285.0
D2,F0-1-B5,0,14,2021-05-07,96,1.0,True,181.0,172.84131414822446,-8.158685851775545,8.158685851775545,2021-05-07 09:00:00,2021-05-07 11:00:00,120.0,120.0
D2,F0-1-B5,0,14,2021-05-08,96,1.0,True,115.0,117.52373830258317,2.523738302583169,2.523738302583169,2021-05-08 02:00:00,2021-05-08 01:45:00,-15.0,15.0
D2,F0-1-B5,0,14,2021-05-09,96,1.0,True,184.0,89.58780388357616,-94.41219611642384,94.41219611642384,2021-05-09 09:00:00,2021-05-09 12:30:00,210.0,210.0
D2,F0-1-B5,0,15,2021-04-19,96,1.0,True,172.0,177.41637790241327,5.416377902413274,5.416377902413274,2021-04-19 08:45:00,2021-04-19 15:45:00,420.0,420.0
D2,F0-1-B5,0,15,2021-04-20,96,1.0,True,172.0,177.41637790241327,5.416377902413274,5.416377902413274,2021-04-20 08:45:00,2021-04-20 15:45:00,420.0,420.0
D2,F0-1-B5,0,15,2021-04-21,96,1.0,True,174.0,184.1504764853309,10.150476485330898,10.150476485330898,2021-04-21 08:30:00,2021-04-21 09:00:00,30.0,30.0
D2,F0-1-B5,0,15,2021-04-22,96,1.0,True,174.0,184.1504764853309,10.150476485330898,10.150476485330898,2021-04-22 08:30:00,2021-04-22 09:00:00,30.0,30.0
D2,F0-1-B5,0,15,2021-04-23,96,1.0,True,174.0,184.1504764853309,10.150476485330898,10.150476485330898,2021-04-23 08:30:00,2021-04-23 09:00:00,30.0,30.0
D2,F0-1-B5,0,15,2021-04-24,96,1.0,True,112.0,115.14519656653735,3.1451965665373507,3.1451965665373507,2021-04-24 06:15:00,2021-04-24 03:00:00,-195.0,195.0
D2,F0-1-B5,0,15,2021-04-25,96,1.0,True,25.0,25.0,0.0,0.0,2021-04-25 01:30:00,2021-04-25 05:00:00,210.0,210.0
D2,F0-1-B5,0,15,2021-05-03,96,1.0,True,184.0,172.7094108392967,-11.290589160703291,11.290589160703291,2021-05-03 08:30:00,2021-05-03 13:15:00,285.0,285.0
D2,F0-1-B5,0,15,2021-05-04,96,1.0,True,181.0,178.37533102815559,-2.6246689718444145,2.6246689718444145,2021-05-04 08:30:00,2021-05-04 08:30:00,0.0,0.0
D2,F0-1-B5,0,15,2021-05-05,96,1.0,True,120.0,179.75127091886358,59.75127091886358,59.75127091886358,2021-05-05 04:15:00,2021-05-05 08:30:00,255.0,255.0
D2,F0-1-B5,0,15,2021-05-06,96,1.0,True,199.0,178.29648448952992,-20.703515510470083,20.703515510470083,2021-05-06 09:00:00,2021-05-06 13:30:00,270.0,270.0
D2,F0-1-B5,0,15,2021-05-07,96,1.0,True,181.0,174.1878685032258,-6.812131496774214,6.812131496774214,2021-05-07 09:00:00,2021-05-07 10:30:00,90.0,90.0
D2,F0-1-B5,0,15,2021-05-08,96,1.0,True,115.0,118.37187801428546,3.371878014285457,3.371878014285457,2021-05-08 02:00:00,2021-05-08 02:00:00,0.0,0.0
D2,F0-1-B5,0,15,2021-05-09,96,1.0,True,184.0,85.54044906049533,-98.45955093950467,98.45955093950467,2021-05-09 09:00:00,2021-05-09 12:45:00,225.0,225.0
D2,F0-1-B5,0,16,2021-04-19,96,1.0,True,172.0,182.37034371967596,10.370343719675958,10.370343719675958,2021-04-19 08:45:00,2021-04-19 13:15:00,270.0,270.0
D2,F0-1-B5,0,16,2021-04-20,96,1.0,True,172.0,182.37034371967596,10.370343719675958,10.370343719675958,2021-04-20 08:45:00,2021-04-20 13:15:00,270.0,270.0
D2,F0-1-B5,0,16,2021-04-21,96,1.0,True,174.0,189.46431294267802,15.46431294267802,15.46431294267802,2021-04-21 08:30:00,2021-04-21 09:00:00,30.0,30.0
D2,F0-1-B5,0,16,2021-04-22,96,1.0,True,174.0,189.46431294267802,15.46431294267802,15.46431294267802,2021-04-22 08:30:00,2021-04-22 09:00:00,30.0,30.0
D2,F0-1-B5,0,16,2021-04-23,96,1.0,True,174.0,189.46431294267802,15.46431294267802,15.46431294267802,2021-04-23 08:30:00,2021-04-23 09:00:00,30.0,30.0
D2,F0-1-B5,0,16,2021-04-24,96,1.0,True,112.0,116.49458134331283,4.494581343312831,4.494581343312831,2021-04-24 06:15:00,2021-04-24 02:00:00,-255.0,255.0
D2,F0-1-B5,0,16,2021-04-25,96,1.0,True,25.0,25.00000000000039,3.907985046680551e-13,3.907985046680551e-13,2021-04-25 01:30:00,2021-04-25 05:00:00,210.0,210.0
D2,F0-1-B5,0,16,2021-05-03,96,1.0,True,184.0,172.21923570849415,-11.780764291505847,11.780764291505847,2021-05-03 08:30:00,2021-05-03 13:30:00,300.0,300.0
D2,F0-1-B5,0,16,2021-05-04,96,1.0,True,181.0,177.49571667039837,-3.504283329601634,3.504283329601634,2021-05-04 08:30:00,2021-05-04 08:30:00,0.0,0.0
D2,F0-1-B5,0,16,2021-05-05,96,1.0,True,120.0,179.11112201229392,59.11112201229392,59.11112201229392,2021-05-05 04:15:00,2021-05-05 08:30:00,255.0,255.0
D2,F0-1-B5,0,16,2021-05-06,96,1.0,True,199.0,180.7048626399204,-18.295137360079593,18.295137360079593,2021-05-06 09:00:00,2021-05-06 13:30:00,270.0,270.0
D2,F0-1-B5,0,16,2021-05-07,96,1.0,True,181.0,174.12121554344563,-6.878784456554371,6.878784456554371,2021-05-07 09:00:00,2021-05-07 10:30:00,90.0,90.0
D2,F0-1-B5,0,16,2021-05-08,96,1.0,True,115.0,120.23525504981,5.235255049809993,5.235255049809993,2021-05-08 02:00:00,2021-05-08 02:15:00,15.0,15.0
D2,F0-1-B5,0,16,2021-05-09,96,1.0,True,184.0,81.91870488177835,-102.08129511822165,102.08129511822165,2021-05-09 09:00:00,2021-05-09 13:00:00,240.0,240.0
D2,F0-1-B5,1,4,2021-05-31,95,0.9895833333333334,False,172.0,172.5253867472871,0.5253867472870866,0.5253867472870866,2021-05-31 10:30:00,2021-05-31 10:30:00,0.0,0.0
D2,F0-1-B5,1,4,2021-06-01,1,0.010416666666666666,False,71.0,70.50796871633875,-0.49203128366124815,0.49203128366124815,2021-06-01 00:00:00,2021-06-01 00:00:00,0.0,0.0
D2,F0-1-B5,1,4,2021-06-20,95,0.9895833333333334,False,28.0,31.86209302327464,3.862093023274639,3.862093023274639,2021-06-20 15:15:00,2021-06-20 16:15:00,60.0,60.0
D2,F0-1-B5,1,5,2021-05-31,95,0.9895833333333334,False,172.0,175.07002774049639,3.0700277404963856,3.0700277404963856,2021-05-31 10:30:00,2021-05-31 08:45:00,-105.0,105.0
D2,F0-1-B5,1,5,2021-06-01,1,0.010416666666666666,False,71.0,72.37615612825323,1.3761561282532284,1.3761561282532284,2021-06-01 00:00:00,2021-06-01 00:00:00,0.0,0.0
D2,F0-1-B5,1,5,2021-06-20,95,0.9895833333333334,False,28.0,31.614455817451933,3.6144558174519332,3.6144558174519332,2021-06-20 15:15:00,2021-06-20 16:30:00,75.0,75.0
D2,F0-1-B5,1,6,2021-05-31,95,0.9895833333333334,False,172.0,175.30292456447177,3.302924564471766,3.302924564471766,2021-05-31 10:30:00,2021-05-31 12:00:00,90.0,90.0
D2,F0-1-B5,1,6,2021-06-01,1,0.010416666666666666,False,71.0,69.72056893320786,-1.2794310667921422,1.2794310667921422,2021-06-01 00:00:00,2021-06-01 00:00:00,0.0,0.0
D2,F0-1-B5,1,6,2021-06-20,95,0.9895833333333334,False,28.0,28.92012204779509,0.9201220477950898,0.9201220477950898,2021-06-20 15:15:00,2021-06-20 06:30:00,-525.0,525.0
D2,F0-1-B5,1,7,2021-05-31,95,0.9895833333333334,False,172.0,177.00024886231463,5.000248862314635,5.000248862314635,2021-05-31 10:30:00,2021-05-31 11:15:00,45.0,45.0
D2,F0-1-B5,1,7,2021-06-01,1,0.010416666666666666,False,71.0,88.09286121736272,17.092861217362724,17.092861217362724,2021-06-01 00:00:00,2021-06-01 00:00:00,0.0,0.0
D2,F0-1-B5,1,7,2021-06-20,95,0.9895833333333334,False,28.0,27.15599975080611,-0.8440002491938898,0.8440002491938898,2021-06-20 15:15:00,2021-06-20 17:00:00,105.0,105.0
D2,F0-1-B5,1,8,2021-05-31,95,0.9895833333333334,False,172.0,175.2963685733404,3.296368573340402,3.296368573340402,2021-05-31 10:30:00,2021-05-31 08:45:00,-105.0,105.0
D2,F0-1-B5,1,8,2021-06-01,1,0.010416666666666666,False,71.0,85.56736278592173,14.56736278592173,14.56736278592173,2021-06-01 00:00:00,2021-06-01 00:00:00,0.0,0.0
D2,F0-1-B5,1,8,2021-06-20,95,0.9895833333333334,False,28.0,26.99999998156022,-1.0000000184397813,1.0000000184397813,2021-06-20 15:15:00,2021-06-20 16:30:00,75.0,75.0
D2,F0-1-B5,1,9,2021-05-31,95,0.9895833333333334,False,172.0,175.7366668805745,3.7366668805744894,3.7366668805744894,2021-05-31 10:30:00,2021-05-31 08:45:00,-105.0,105.0
D2,F0-1-B5,1,9,2021-06-01,1,0.010416666666666666,False,71.0,85.71901579779463,14.719015797794626,14.719015797794626,2021-06-01 00:00:00,2021-06-01 00:00:00,0.0,0.0
D2,F0-1-B5,1,9,2021-06-20,95,0.9895833333333334,False,28.0,26.999999999708173,-1.000000000291827,1.000000000291827,2021-06-20 15:15:00,2021-06-20 13:00:00,-135.0,135.0
D2,F0-1-B5,1,10,2021-05-31,95,0.9895833333333334,False,172.0,175.69550853045536,3.6955085304553563,3.6955085304553563,2021-05-31 10:30:00,2021-05-31 12:00:00,90.0,90.0
D2,F0-1-B5,1,10,2021-06-01,1,0.010416666666666666,False,71.0,79.95366446263718,8.953664462637178,8.953664462637178,2021-06-01 00:00:00,2021-06-01 00:00:00,0.0,0.0
D2,F0-1-B5,1,10,2021-06-20,95,0.9895833333333334,False,28.0,27.185115795839497,-0.8148842041605029,0.8148842041605029,2021-06-20 15:15:00,2021-06-20 19:45:00,270.0,270.0
D2,F0-1-B5,1,11,2021-05-31,95,0.9895833333333334,False,172.0,172.56146226521616,0.5614622652161643,0.5614622652161643,2021-05-31 10:30:00,2021-05-31 08:45:00,-105.0,105.0
D2,F0-1-B5,1,11,2021-06-01,1,0.010416666666666666,False,71.0,74.75757061179267,3.757570611792673,3.757570611792673,2021-06-01 00:00:00,2021-06-01 00:00:00,0.0,0.0
D2,F0-1-B5,1,11,2021-06-20,95,0.9895833333333334,False,28.0,26.99998859495038,-1.0000114050496194,1.0000114050496194,2021-06-20 15:15:00,2021-06-20 02:45:00,-750.0,750.0
D2,F0-1-B5,1,12,2021-05-31,95,0.9895833333333334,False,172.0,172.00163838480523,0.0016383848052328176,0.0016383848052328176,2021-05-31 10:30:00,2021-05-31 08:45:00,-105.0,105.0
D2,F0-1-B5,1,12,2021-06-01,1,0.010416666666666666,False,71.0,78.60825776524976,7.6082577652497605,7.6082577652497605,2021-06-01 00:00:00,2021-06-01 00:00:00,0.0,0.0
D2,F0-1-B5,1,12,2021-06-20,95,0.9895833333333334,False,28.0,26.9967081310796,-1.0032918689203996,1.0032918689203996,2021-06-20 15:15:00,2021-06-20 16:30:00,75.0,75.0
D2,F0-1-B5,1,13,2021-05-31,95,0.9895833333333334,False,172.0,172.50711572669744,0.5071157266974353,0.5071157266974353,2021-05-31 10:30:00,2021-05-31 08:45:00,-105.0,105.0
D2,F0-1-B5,1,13,2021-06-01,1,0.010416666666666666,False,71.0,81.0542737729204,10.054273772920396,10.054273772920396,2021-06-01 00:00:00,2021-06-01 00:00:00,0.0,0.0
D2,F0-1-B5,1,13,2021-06-20,95,0.9895833333333334,False,28.0,25.997308301825857,-2.002691698174143,2.002691698174143,2021-06-20 15:15:00,2021-06-20 06:30:00,-525.0,525.0
D2,F0-1-B5,1,14,2021-05-31,95,0.9895833333333334,False,172.0,172.48008606219028,0.4800860621902814,0.4800860621902814,2021-05-31 10:30:00,2021-05-31 08:45:00,-105.0,105.0
D2,F0-1-B5,1,14,2021-06-01,1,0.010416666666666666,False,71.0,79.43354022426631,8.43354022426631,8.43354022426631,2021-06-01 00:00:00,2021-06-01 00:00:00,0.0,0.0
D2,F0-1-B5,1,14,2021-06-20,95,0.9895833333333334,False,28.0,26.516011065785822,-1.483988934214178,1.483988934214178,2021-06-20 15:15:00,2021-06-20 16:15:00,60.0,60.0
D2,F0-1-B5,1,15,2021-05-31,95,0.9895833333333334,False,172.0,171.54234341581298,-0.4576565841870206,0.4576565841870206,2021-05-31 10:30:00,2021-05-31 08:45:00,-105.0,105.0
D2,F0-1-B5,1,15,2021-06-01,1,0.010416666666666666,False,71.0,82.47281340872071,11.472813408720711,11.472813408720711,2021-06-01 00:00:00,2021-06-01 00:00:00,0.0,0.0
D2,F0-1-B5,1,15,2021-06-20,95,0.9895833333333334,False,28.0,27.000002074783588,-0.9999979252164124,0.9999979252164124,2021-06-20 15:15:00,2021-06-20 13:00:00,-135.0,135.0
D2,F0-1-B5,1,16,2021-05-31,95,0.9895833333333334,False,172.0,170.56179489309463,-1.4382051069053716,1.4382051069053716,2021-05-31 10:30:00,2021-05-31 09:00:00,-90.0,90.0
D2,F0-1-B5,1,16,2021-06-01,1,0.010416666666666666,False,71.0,83.0917779566217,12.091777956621698,12.091777956621698,2021-06-01 00:00:00,2021-06-01 00:00:00,0.0,0.0
D2,F0-1-B5,1,16,2021-06-20,95,0.9895833333333334,False,28.0,27.004047367100554,-0.9959526328994457,0.9959526328994457,2021-06-20 15:15:00,2021-06-20 13:00:00,-135.0,135.0
D2,F0-1-B5,2,4,2021-07-12,96,1.0,True,198.0,207.96778785434623,9.967787854346227,9.967787854346227,2021-07-12 08:45:00,2021-07-12 11:00:00,135.0,135.0
D2,F0-1-B5,2,4,2021-07-13,1,0.010416666666666666,False,79.0,81.62886440338434,2.628864403384341,2.628864403384341,2021-07-13 00:00:00,2021-07-13 00:00:00,0.0,0.0
D2,F0-1-B5,2,4,2021-07-17,80,0.8333333333333334,False,108.0,106.75578937035647,-1.2442106296435327,1.2442106296435327,2021-07-17 06:00:00,2021-07-17 04:00:00,-120.0,120.0
D2,F0-1-B5,2,4,2021-07-18,84,0.875,False,28.0,29.455978619789786,1.4559786197897857,1.4559786197897857,2021-07-18 04:30:00,2021-07-18 08:30:00,240.0,240.0
D2,F0-1-B5,2,4,2021-07-26,84,0.875,False,217.0,231.79707016518407,14.797070165184067,14.797070165184067,2021-07-26 08:30:00,2021-07-26 11:30:00,180.0,180.0
D2,F0-1-B5,2,4,2021-07-27,84,0.875,False,211.0,210.48652036791472,-0.5134796320852786,0.5134796320852786,2021-07-27 11:45:00,2021-07-27 10:45:00,-60.0,60.0
D2,F0-1-B5,2,4,2021-07-28,84,0.875,False,212.0,229.8381510356733,17.83815103567329,17.83815103567329,2021-07-28 12:00:00,2021-07-28 08:45:00,-195.0,195.0
D2,F0-1-B5,2,4,2021-07-29,84,0.875,False,211.0,233.6405485829432,22.64054858294321,22.64054858294321,2021-07-29 12:00:00,2021-07-29 08:30:00,-210.0,210.0
D2,F0-1-B5,2,4,2021-07-30,85,0.8854166666666666,False,212.0,235.0573743422925,23.05737434229249,23.05737434229249,2021-07-30 12:00:00,2021-07-30 08:30:00,-210.0,210.0
D2,F0-1-B5,2,4,2021-07-31,96,1.0,True,80.0,101.49083629592474,21.490836295924737,21.490836295924737,2021-07-31 00:00:00,2021-07-31 00:00:00,0.0,0.0
D2,F0-1-B5,2,4,2021-08-01,96,1.0,True,28.0,29.768636609346174,1.7686366093461743,1.7686366093461743,2021-08-01 09:00:00,2021-08-01 02:15:00,-405.0,405.0
D2,F0-1-B5,2,4,2021-08-09,1,0.010416666666666666,False,21.0,22.37253014837695,1.3725301483769492,1.3725301483769492,2021-08-09 00:00:00,2021-08-09 00:00:00,0.0,0.0
D2,F0-1-B5,2,5,2021-07-12,96,1.0,True,198.0,206.91849729673294,8.918497296732937,8.918497296732937,2021-07-12 08:45:00,2021-07-12 11:15:00,150.0,150.0
D2,F0-1-B5,2,5,2021-07-13,1,0.010416666666666666,False,79.0,96.48752050074037,17.487520500740374,17.487520500740374,2021-07-13 00:00:00,2021-07-13 00:00:00,0.0,0.0
D2,F0-1-B5,2,5,2021-07-17,79,0.8229166666666666,False,108.0,113.58283196595805,5.58283196595805,5.58283196595805,2021-07-17 06:00:00,2021-07-17 07:15:00,75.0,75.0
D2,F0-1-B5,2,5,2021-07-18,84,0.875,False,28.0,28.000260570467855,0.0002605704678551035,0.0002605704678551035,2021-07-18 04:30:00,2021-07-18 21:30:00,1020.0,1020.0
D2,F0-1-B5,2,5,2021-07-26,84,0.875,False,217.0,223.6962798931582,6.6962798931581915,6.6962798931581915,2021-07-26 08:30:00,2021-07-26 11:30:00,180.0,180.0
D2,F0-1-B5,2,5,2021-07-27,84,0.875,False,211.0,210.64538728230664,-0.35461271769335667,0.35461271769335667,2021-07-27 11:45:00,2021-07-27 09:15:00,-150.0,150.0
D2,F0-1-B5,2,5,2021-07-28,84,0.875,False,212.0,235.0282340855905,23.028234085590498,23.028234085590498,2021-07-28 12:00:00,2021-07-28 08:45:00,-195.0,195.0
D2,F0-1-B5,2,5,2021-07-29,84,0.875,False,211.0,228.6304021934555,17.630402193455495,17.630402193455495,2021-07-29 12:00:00,2021-07-29 08:30:00,-210.0,210.0
D2,F0-1-B5,2,5,2021-07-30,85,0.8854166666666666,False,212.0,230.5493713573868,18.549371357386804,18.549371357386804,2021-07-30 12:00:00,2021-07-30 08:45:00,-195.0,195.0
D2,F0-1-B5,2,5,2021-07-31,96,1.0,True,80.0,86.38421729290354,6.384217292903543,6.384217292903543,2021-07-31 00:00:00,2021-07-31 00:00:00,0.0,0.0
D2,F0-1-B5,2,5,2021-08-01,96,1.0,True,28.0,27.090980836815877,-0.9090191631841229,0.9090191631841229,2021-08-01 09:00:00,2021-08-01 10:15:00,75.0,75.0
D2,F0-1-B5,2,5,2021-08-09,1,0.010416666666666666,False,21.0,24.00028433401313,3.0002843340131307,3.0002843340131307,2021-08-09 00:00:00,2021-08-09 00:00:00,0.0,0.0
D2,F0-1-B5,2,6,2021-07-12,96,1.0,True,198.0,201.6264855094041,3.626485509404091,3.626485509404091,2021-07-12 08:45:00,2021-07-12 11:00:00,135.0,135.0
D2,F0-1-B5,2,6,2021-07-13,1,0.010416666666666666,False,79.0,97.95655177629055,18.956551776290553,18.956551776290553,2021-07-13 00:00:00,2021-07-13 00:00:00,0.0,0.0
D2,F0-1-B5,2,6,2021-07-17,78,0.8125,False,108.0,107.15144569774873,-0.8485543022512729,0.8485543022512729,2021-07-17 06:00:00,2021-07-17 07:15:00,75.0,75.0
D2,F0-1-B5,2,6,2021-07-18,84,0.875,False,28.0,28.01394915241942,0.013949152419421296,0.013949152419421296,2021-07-18 01:15:00,2021-07-18 21:30:00,1215.0,1215.0
D2,F0-1-B5,2,6,2021-07-26,84,0.875,False,217.0,229.46588174767024,12.465881747670238,12.465881747670238,2021-07-26 08:30:00,2021-07-26 11:30:00,180.0,180.0
D2,F0-1-B5,2,6,2021-07-27,84,0.875,False,211.0,211.9839207535651,0.9839207535650871,0.9839207535650871,2021-07-27 11:45:00,2021-07-27 10:00:00,-105.0,105.0
D2,F0-1-B5,2,6,2021-07-28,84,0.875,False,212.0,230.04144458877562,18.04144458877562,18.04144458877562,2021-07-28 12:00:00,2021-07-28 08:45:00,-195.0,195.0
D2,F0-1-B5,2,6,2021-07-29,84,0.875,False,211.0,218.23219280704967,7.232192807049671,7.232192807049671,2021-07-29 12:00:00,2021-07-29 08:30:00,-210.0,210.0
D2,F0-1-B5,2,6,2021-07-30,85,0.8854166666666666,False,212.0,224.50341686994713,12.50341686994713,12.50341686994713,2021-07-30 12:00:00,2021-07-30 08:45:00,-195.0,195.0
D2,F0-1-B5,2,6,2021-07-31,96,1.0,True,80.0,93.25218372720907,13.252183727209072,13.252183727209072,2021-07-31 00:00:00,2021-07-31 00:00:00,0.0,0.0
D2,F0-1-B5,2,6,2021-08-01,96,1.0,True,28.0,26.73464875411354,-1.2653512458864604,1.2653512458864604,2021-08-01 09:00:00,2021-08-01 02:15:00,-405.0,405.0
D2,F0-1-B5,2,6,2021-08-09,1,0.010416666666666666,False,21.0,24.015256191557377,3.015256191557377,3.015256191557377,2021-08-09 00:00:00,2021-08-09 00:00:00,0.0,0.0
D2,F0-1-B5,2,7,2021-07-12,96,1.0,True,198.0,201.55933211442814,3.5593321144281447,3.5593321144281447,2021-07-12 08:45:00,2021-07-12 11:00:00,135.0,135.0
D2,F0-1-B5,2,7,2021-07-13,1,0.010416666666666666,False,79.0,90.02051395679995,11.020513956799945,11.020513956799945,2021-07-13 00:00:00,2021-07-13 00:00:00,0.0,0.0
D2,F0-1-B5,2,7,2021-07-17,77,0.8020833333333334,False,108.0,107.4939248693634,-0.5060751306366029,0.5060751306366029,2021-07-17 06:00:00,2021-07-17 06:45:00,45.0,45.0
D2,F0-1-B5,2,7,2021-07-18,84,0.875,False,28.0,28.720630023383897,0.7206300233838974,0.7206300233838974,2021-07-18 01:15:00,2021-07-18 11:45:00,630.0,630.0
D2,F0-1-B5,2,7,2021-07-26,84,0.875,False,217.0,224.8815518184759,7.881551818475913,7.881551818475913,2021-07-26 08:30:00,2021-07-26 11:30:00,180.0,180.0
D2,F0-1-B5,2,7,2021-07-27,84,0.875,False,211.0,206.56303194429057,-4.436968055709428,4.436968055709428,2021-07-27 11:45:00,2021-07-27 10:00:00,-105.0,105.0
D2,F0-1-B5,2,7,2021-07-28,84,0.875,False,212.0,230.61496366446391,18.614963664463914,18.614963664463914,2021-07-28 12:00:00,2021-07-28 10:00:00,-120.0,120.0
D2,F0-1-B5,2,7,2021-07-29,84,0.875,False,211.0,215.32474178078155,4.324741780781551,4.324741780781551,2021-07-29 12:00:00,2021-07-29 08:30:00,-210.0,210.0
D2,F0-1-B5,2,7,2021-07-30,85,0.8854166666666666,False,212.0,217.78708382200676,5.787083822006764,5.787083822006764,2021-07-30 12:00:00,2021-07-30 08:30:00,-210.0,210.0
D2,F0-1-B5,2,7,2021-07-31,96,1.0,True,80.0,93.24214298684498,13.242142986844982,13.242142986844982,2021-07-31 00:00:00,2021-07-31 01:15:00,75.0,75.0
D2,F0-1-B5,2,7,2021-08-01,96,1.0,True,28.0,26.838345331828588,-1.161654668171412,1.161654668171412,2021-08-01 09:00:00,2021-08-01 16:15:00,435.0,435.0
D2,F0-1-B5,2,7,2021-08-09,1,0.010416666666666666,False,21.0,24.77347177335143,3.7734717733514316,3.7734717733514316,2021-08-09 00:00:00,2021-08-09 00:00:00,0.0,0.0
D2,F0-1-B5,2,8,2021-07-12,96,1.0,True,198.0,200.80703350541938,2.8070335054193833,2.8070335054193833,2021-07-12 08:45:00,2021-07-12 11:15:00,150.0,150.0
D2,F0-1-B5,2,8,2021-07-13,1,0.010416666666666666,False,79.0,80.43055556861486,1.4305555686148637,1.4305555686148637,2021-07-13 00:00:00,2021-07-13 00:00:00,0.0,0.0
D2,F0-1-B5,2,8,2021-07-17,76,0.7916666666666666,False,108.0,101.88383467440055,-6.116165325599454,6.116165325599454,2021-07-17 06:00:00,2021-07-17 06:45:00,45.0,45.0
D2,F0-1-B5,2,8,2021-07-18,84,0.875,False,28.0,28.68766388153604,0.6876638815360394,0.6876638815360394,2021-07-18 01:15:00,2021-07-18 11:45:00,630.0,630.0
D2,F0-1-B5,2,8,2021-07-26,84,0.875,False,217.0,224.7011081020988,7.7011081020988,7.7011081020988,2021-07-26 08:30:00,2021-07-26 11:30:00,180.0,180.0
D2,F0-1-B5,2,8,2021-07-27,84,0.875,False,211.0,210.1215712604803,-0.8784287395197055,0.8784287395197055,2021-07-27 11:45:00,2021-07-27 10:00:00,-105.0,105.0
D2,F0-1-B5,2,8,2021-07-28,84,0.875,False,212.0,231.8743553485221,19.8743553485221,19.8743553485221,2021-07-28 12:00:00,2021-07-28 10:00:00,-120.0,120.0
D2,F0-1-B5,2,8,2021-07-29,84,0.875,False,211.0,223.34424932641144,12.344249326411443,12.344249326411443,2021-07-29 12:00:00,2021-07-29 08:30:00,-210.0,210.0
D2,F0-1-B5,2,8,2021-07-30,85,0.8854166666666666,False,212.0,214.06955297268414,2.0695529726841357,2.0695529726841357,2021-07-30 12:00:00,2021-07-30 08:45:00,-195.0,195.0
D2,F0-1-B5,2,8,2021-07-31,96,1.0,True,80.0,105.31258864091483,25.312588640914825,25.312588640914825,2021-07-31 00:00:00,2021-07-31 01:15:00,75.0,75.0
D2,F0-1-B5,2,8,2021-08-01,96,1.0,True,28.0,27.36181945644487,-0.63818054355513,0.63818054355513,2021-08-01 09:00:00,2021-08-01 03:30:00,-330.0,330.0
D2,F0-1-B5,2,8,2021-08-09,1,0.010416666666666666,False,21.0,27.374261960232317,6.374261960232317,6.374261960232317,2021-08-09 00:00:00,2021-08-09 00:00:00,0.0,0.0
D2,F0-1-B5,2,9,2021-07-12,96,1.0,True,198.0,199.35421353354278,1.3542135335427758,1.3542135335427758,2021-07-12 08:45:00,2021-07-12 11:15:00,150.0,150.0
D2,F0-1-B5,2,9,2021-07-13,1,0.010416666666666666,False,79.0,89.5705795867593,10.570579586759294,10.570579586759294,2021-07-13 00:00:00,2021-07-13 00:00:00,0.0,0.0
D2,F0-1-B5,2,9,2021-07-17,75,0.78125,False,108.0,108.18385008872038,0.18385008872037645,0.18385008872037645,2021-07-17 06:00:00,2021-07-17 07:15:00,75.0,75.0
D2,F0-1-B5,2,9,2021-07-18,84,0.875,False,28.0,28.656202527650386,0.656202527650386,0.656202527650386,2021-07-18 01:15:00,2021-07-18 21:30:00,1215.0,1215.0
D2,F0-1-B5,2,9,2021-07-26,84,0.875,False,217.0,222.07356327930734,5.073563279307336,5.073563279307336,2021-07-26 08:30:00,2021-07-26 11:30:00,180.0,180.0
D2,F0-1-B5,2,9,2021-07-27,84,0.875,False,211.0,209.04281252916616,-1.9571874708338441,1.9571874708338441,2021-07-27 11:45:00,2021-07-27 14:00:00,135.0,135.0
D2,F0-1-B5,2,9,2021-07-28,84,0.875,False,212.0,230.5003256206756,18.500325620675596,18.500325620675596,2021-07-28 12:00:00,2021-07-28 10:00:00,-120.0,120.0
D2,F0-1-B5,2,9,2021-07-29,84,0.875,False,211.0,224.1429746203105,13.142974620310497,13.142974620310497,2021-07-29 12:00:00,2021-07-29 08:30:00,-210.0,210.0
D2,F0-1-B5,2,9,2021-07-30,85,0.8854166666666666,False,212.0,220.26998097747014,8.26998097747014,8.26998097747014,2021-07-30 12:00:00,2021-07-30 16:00:00,240.0,240.0
D2,F0-1-B5,2,9,2021-07-31,96,1.0,True,80.0,103.74737852045689,23.74737852045689,23.74737852045689,2021-07-31 00:00:00,2021-07-31 01:30:00,90.0,90.0
D2,F0-1-B5,2,9,2021-08-01,96,1.0,True,28.0,27.67555030699325,-0.3244496930067484,0.3244496930067484,2021-08-01 09:00:00,2021-08-01 16:15:00,435.0,435.0
D2,F0-1-B5,2,9,2021-08-09,1,0.010416666666666666,False,21.0,23.987967438395323,2.987967438395323,2.987967438395323,2021-08-09 00:00:00,2021-08-09 00:00:00,0.0,0.0
D2,F0-1-B5,2,10,2021-07-12,96,1.0,True,198.0,199.85274946394577,1.85274946394577,1.85274946394577,2021-07-12 08:45:00,2021-07-12 11:00:00,135.0,135.0
D2,F0-1-B5,2,10,2021-07-13,1,0.010416666666666666,False,79.0,89.70174067753841,10.70174067753841,10.70174067753841,2021-07-13 00:00:00,2021-07-13 00:00:00,0.0,0.0
D2,F0-1-B5,2,10,2021-07-17,74,0.7708333333333334,False,108.0,103.07046691857029,-4.92953308142971,4.92953308142971,2021-07-17 06:00:00,2021-07-17 07:15:00,75.0,75.0
D2,F0-1-B5,2,10,2021-07-18,84,0.875,False,28.0,28.626611072660992,0.6266110726609924,0.6266110726609924,2021-07-18 01:15:00,2021-07-18 21:30:00,1215.0,1215.0
D2,F0-1-B5,2,10,2021-07-26,84,0.875,False,217.0,225.83502501811918,8.835025018119183,8.835025018119183,2021-07-26 08:30:00,2021-07-26 11:30:00,180.0,180.0
D2,F0-1-B5,2,10,2021-07-27,84,0.875,False,211.0,206.94600852542922,-4.053991474570779,4.053991474570779,2021-07-27 11:45:00,2021-07-27 11:00:00,-45.0,45.0
D2,F0-1-B5,2,10,2021-07-28,84,0.875,False,212.0,234.62370719401235,22.623707194012354,22.623707194012354,2021-07-28 12:00:00,2021-07-28 10:00:00,-120.0,120.0
D2,F0-1-B5,2,10,2021-07-29,84,0.875,False,211.0,223.00184089947788,12.001840899477884,12.001840899477884,2021-07-29 12:00:00,2021-07-29 08:30:00,-210.0,210.0
D2,F0-1-B5,2,10,2021-07-30,85,0.8854166666666666,False,212.0,214.53581012747264,2.5358101274726437,2.5358101274726437,2021-07-30 12:00:00,2021-07-30 08:30:00,-210.0,210.0
D2,F0-1-B5,2,10,2021-07-31,96,1.0,True,80.0,112.21821475512596,32.218214755125956,32.218214755125956,2021-07-31 00:00:00,2021-07-31 01:45:00,105.0,105.0
D2,F0-1-B5,2,10,2021-08-01,96,1.0,True,28.0,27.119457789656412,-0.880542210343588,0.880542210343588,2021-08-01 09:00:00,2021-08-01 16:15:00,435.0,435.0
D2,F0-1-B5,2,10,2021-08-09,1,0.010416666666666666,False,21.0,23.373380088500273,2.373380088500273,2.373380088500273,2021-08-09 00:00:00,2021-08-09 00:00:00,0.0,0.0
D2,F0-1-B5,2,11,2021-07-12,96,1.0,True,198.0,199.1734407456396,1.1734407456395957,1.1734407456395957,2021-07-12 08:45:00,2021-07-12 11:15:00,150.0,150.0
D2,F0-1-B5,2,11,2021-07-13,1,0.010416666666666666,False,79.0,80.03531323624215,1.0353132362421462,1.0353132362421462,2021-07-13 00:00:00,2021-07-13 00:00:00,0.0,0.0
D2,F0-1-B5,2,11,2021-07-17,73,0.7604166666666666,False,108.0,101.64087631475525,-6.359123685244754,6.359123685244754,2021-07-17 06:00:00,2021-07-17 06:45:00,45.0,45.0
D2,F0-1-B5,2,11,2021-07-18,84,0.875,False,28.0,29.16133641456107,1.1613364145610703,1.1613364145610703,2021-07-18 01:15:00,2021-07-18 11:45:00,630.0,630.0
D2,F0-1-B5,2,11,2021-07-26,84,0.875,False,217.0,229.23088114223302,12.230881142233017,12.230881142233017,2021-07-26 08:30:00,2021-07-26 11:30:00,180.0,180.0
D2,F0-1-B5,2,11,2021-07-27,84,0.875,False,211.0,206.26887521392817,-4.731124786071831,4.731124786071831,2021-07-27 11:45:00,2021-07-27 16:15:00,270.0,270.0
D2,F0-1-B5,2,11,2021-07-28,84,0.875,False,212.0,230.6638291322061,18.663829132206104,18.663829132206104,2021-07-28 12:00:00,2021-07-28 10:00:00,-120.0,120.0
D2,F0-1-B5,2,11,2021-07-29,84,0.875,False,211.0,221.20330612105676,10.203306121056755,10.203306121056755,2021-07-29 12:00:00,2021-07-29 08:30:00,-210.0,210.0
D2,F0-1-B5,2,11,2021-07-30,85,0.8854166666666666,False,212.0,216.05219465170666,4.052194651706657,4.052194651706657,2021-07-30 12:00:00,2021-07-30 16:00:00,240.0,240.0
D2,F0-1-B5,2,11,2021-07-31,96,1.0,True,80.0,109.70392217583448,29.703922175834478,29.703922175834478,2021-07-31 00:00:00,2021-07-31 02:00:00,120.0,120.0
D2,F0-1-B5,2,11,2021-08-01,96,1.0,True,28.0,27.206270102427446,-0.793729897572554,0.793729897572554,2021-08-01 09:00:00,2021-08-01 16:15:00,435.0,435.0
D2,F0-1-B5,2,11,2021-08-09,1,0.010416666666666666,False,21.0,23.4131147697158,2.4131147697158006,2.4131147697158006,2021-08-09 00:00:00,2021-08-09 00:00:00,0.0,0.0
D2,F0-1-B5,2,12,2021-07-12,96,1.0,True,198.0,195.60641901708115,-2.3935809829188486,2.3935809829188486,2021-07-12 08:45:00,2021-07-12 11:00:00,135.0,135.0
D2,F0-1-B5,2,12,2021-07-13,1,0.010416666666666666,False,79.0,81.42622619738381,2.426226197383812,2.426226197383812,2021-07-13 00:00:00,2021-07-13 00:00:00,0.0,0.0
D2,F0-1-B5,2,12,2021-07-17,72,0.75,False,108.0,103.37736855160361,-4.62263144839639,4.62263144839639,2021-07-17 06:00:00,2021-07-17 06:45:00,45.0,45.0
D2,F0-1-B5,2,12,2021-07-18,84,0.875,False,28.0,27.989746608635414,-0.010253391364585696,0.010253391364585696,2021-07-18 01:15:00,2021-07-18 21:30:00,1215.0,1215.0
D2,F0-1-B5,2,12,2021-07-26,84,0.875,False,217.0,231.57285162667148,14.57285162667148,14.57285162667148,2021-07-26 08:30:00,2021-07-26 11:30:00,180.0,180.0
D2,F0-1-B5,2,12,2021-07-27,84,0.875,False,211.0,205.39758578379377,-5.602414216206228,5.602414216206228,2021-07-27 11:45:00,2021-07-27 11:00:00,-45.0,45.0
D2,F0-1-B5,2,12,2021-07-28,84,0.875,False,212.0,225.88875018542956,13.888750185429558,13.888750185429558,2021-07-28 12:00:00,2021-07-28 10:00:00,-120.0,120.0
D2,F0-1-B5,2,12,2021-07-29,84,0.875,False,211.0,212.49174968630274,1.4917496863027395,1.4917496863027395,2021-07-29 12:00:00,2021-07-29 08:30:00,-210.0,210.0
D2,F0-1-B5,2,12,2021-07-30,85,0.8854166666666666,False,212.0,211.75738785615192,-0.24261214384807772,0.24261214384807772,2021-07-30 12:00:00,2021-07-30 10:30:00,-90.0,90.0
D2,F0-1-B5,2,12,2021-07-31,96,1.0,True,80.0,110.21366772532372,30.213667725323717,30.213667725323717,2021-07-31 00:00:00,2021-07-31 02:15:00,135.0,135.0
D2,F0-1-B5,2,12,2021-08-01,96,1.0,True,28.0,27.61635129794321,-0.3836487020567887,0.3836487020567887,2021-08-01 09:00:00,2021-08-01 23:15:00,855.0,855.0
D2,F0-1-B5,2,12,2021-08-09,1,0.010416666666666666,False,21.0,23.989533317875,2.9895333178750008,2.9895333178750008,2021-08-09 00:00:00,2021-08-09 00:00:00,0.0,0.0
D2,F0-1-B5,2,13,2021-07-12,96,1.0,True,198.0,195.11355367357132,-2.8864463264286826,2.8864463264286826,2021-07-12 08:45:00,2021-07-12 11:15:00,150.0,150.0
D2,F0-1-B5,2,13,2021-07-13,1,0.010416666666666666,False,79.0,88.42233219431021,9.422332194310215,9.422332194310215,2021-07-13 00:00:00,2021-07-13 00:00:00,0.0,0.0
D2,F0-1-B5,2,13,2021-07-17,71,0.7395833333333334,False,96.0,103.49385958569644,7.493859585696441,7.493859585696441,2021-07-17 06:15:00,2021-07-17 06:15:00,0.0,0.0
D2,F0-1-B5,2,13,2021-07-18,84,0.875,False,28.0,28.690507433244417,0.6905074332444165,0.6905074332444165,2021-07-18 01:15:00,2021-07-18 01:30:00,15.0,15.0
D2,F0-1-B5,2,13,2021-07-26,84,0.875,False,217.0,224.75151864005437,7.751518640054371,7.751518640054371,2021-07-26 08:30:00,2021-07-26 11:30:00,180.0,180.0
D2,F0-1-B5,2,13,2021-07-27,84,0.875,False,211.0,200.9543187417677,-10.045681258232293,10.045681258232293,2021-07-27 11:45:00,2021-07-27 16:15:00,270.0,270.0
D2,F0-1-B5,2,13,2021-07-28,84,0.875,False,212.0,220.64585163480237,8.64585163480237,8.64585163480237,2021-07-28 12:00:00,2021-07-28 10:00:00,-120.0,120.0
D2,F0-1-B5,2,13,2021-07-29,84,0.875,False,211.0,215.6411420183447,4.641142018344709,4.641142018344709,2021-07-29 12:00:00,2021-07-29 08:30:00,-210.0,210.0
D2,F0-1-B5,2,13,2021-07-30,85,0.8854166666666666,False,212.0,207.61614190460543,-4.383858095394572,4.383858095394572,2021-07-30 12:00:00,2021-07-30 16:00:00,240.0,240.0
D2,F0-1-B5,2,13,2021-07-31,96,1.0,True,80.0,108.74325333493225,28.74325333493225,28.74325333493225,2021-07-31 00:00:00,2021-07-31 02:30:00,150.0,150.0
D2,F0-1-B5,2,13,2021-08-01,96,1.0,True,28.0,29.539744517443324,1.5397445174433244,1.5397445174433244,2021-08-01 09:00:00,2021-08-01 23:30:00,870.0,870.0
D2,F0-1-B5,2,13,2021-08-09,1,0.010416666666666666,False,21.0,23.465047122866014,2.4650471228660145,2.4650471228660145,2021-08-09 00:00:00,2021-08-09 00:00:00,0.0,0.0
D2,F0-1-B5,2,14,2021-07-12,96,1.0,True,198.0,190.3148069500585,-7.685193049941489,7.685193049941489,2021-07-12 08:45:00,2021-07-12 16:00:00,435.0,435.0
D2,F0-1-B5,2,14,2021-07-13,1,0.010416666666666666,False,79.0,87.11941699684174,8.119416996841736,8.119416996841736,2021-07-13 00:00:00,2021-07-13 00:00:00,0.0,0.0
D2,F0-1-B5,2,14,2021-07-17,70,0.7291666666666666,False,88.0,104.43262625854192,16.432626258541916,16.432626258541916,2021-07-17 07:15:00,2021-07-17 07:15:00,0.0,0.0
D2,F0-1-B5,2,14,2021-07-18,84,0.875,False,28.0,29.569201506409218,1.5692015064092182,1.5692015064092182,2021-07-18 01:15:00,2021-07-18 01:45:00,30.0,30.0
D2,F0-1-B5,2,14,2021-07-26,84,0.875,False,217.0,226.07223860069607,9.072238600696068,9.072238600696068,2021-07-26 08:30:00,2021-07-26 11:30:00,180.0,180.0
D2,F0-1-B5,2,14,2021-07-27,84,0.875,False,211.0,201.51937350054675,-9.480626499453251,9.480626499453251,2021-07-27 11:45:00,2021-07-27 09:15:00,-150.0,150.0
D2,F0-1-B5,2,14,2021-07-28,84,0.875,False,212.0,225.87444096955784,13.874440969557838,13.874440969557838,2021-07-28 12:00:00,2021-07-28 10:00:00,-120.0,120.0
D2,F0-1-B5,2,14,2021-07-29,84,0.875,False,211.0,211.56667697397995,0.566676973979952,0.566676973979952,2021-07-29 12:00:00,2021-07-29 08:30:00,-210.0,210.0
D2,F0-1-B5,2,14,2021-07-30,84,0.875,False,212.0,212.3477596377034,0.3477596377034047,0.3477596377034047,2021-07-30 12:00:00,2021-07-30 08:30:00,-210.0,210.0
D2,F0-1-B5,2,14,2021-07-31,96,1.0,True,80.0,106.30287548600974,26.30287548600974,26.30287548600974,2021-07-31 00:00:00,2021-07-31 02:45:00,165.0,165.0
D2,F0-1-B5,2,14,2021-08-01,96,1.0,True,28.0,27.52810090254354,-0.4718990974564612,0.4718990974564612,2021-08-01 09:00:00,2021-08-01 12:45:00,225.0,225.0
D2,F0-1-B5,2,14,2021-08-09,1,0.010416666666666666,False,21.0,23.951986775070733,2.9519867750707327,2.9519867750707327,2021-08-09 00:00:00,2021-08-09 00:00:00,0.0,0.0
D2,F0-1-B5,2,15,2021-07-12,96,1.0,True,198.0,191.91216636995273,-6.087833630047271,6.087833630047271,2021-07-12 08:45:00,2021-07-12 16:00:00,435.0,435.0
D2,F0-1-B5,2,15,2021-07-13,1,0.010416666666666666,False,79.0,85.01552522350484,6.015525223504838,6.015525223504838,2021-07-13 00:00:00,2021-07-13 00:00:00,0.0,0.0
D2,F0-1-B5,2,15,2021-07-17,69,0.71875,False,88.0,104.45087441998098,16.450874419980977,16.450874419980977,2021-07-17 07:15:00,2021-07-17 06:45:00,-30.0,30.0
D2,F0-1-B5,2,15,2021-07-18,84,0.875,False,28.0,29.515848269395924,1.5158482693959243,1.5158482693959243,2021-07-18 01:15:00,2021-07-18 11:45:00,630.0,630.0
D2,F0-1-B5,2,15,2021-07-26,84,0.875,False,217.0,221.61497466138894,4.614974661388942,4.614974661388942,2021-07-26 08:30:00,2021-07-26 11:30:00,180.0,180.0
D2,F0-1-B5,2,15,2021-07-27,84,0.875,False,211.0,200.97444282980126,-10.025557170198738,10.025557170198738,2021-07-27 11:45:00,2021-07-27 10:00:00,-105.0,105.0
D2,F0-1-B5,2,15,2021-07-28,84,0.875,False,212.0,221.3776477166651,9.377647716665109,9.377647716665109,2021-07-28 12:00:00,2021-07-28 10:00:00,-120.0,120.0
D2,F0-1-B5,2,15,2021-07-29,84,0.875,False,211.0,217.91585008003352,6.915850080033522,6.915850080033522,2021-07-29 12:00:00,2021-07-29 08:30:00,-210.0,210.0
D2,F0-1-B5,2,15,2021-07-30,84,0.875,False,212.0,215.94764346591046,3.94764346591046,3.94764346591046,2021-07-30 12:00:00,2021-07-30 16:00:00,240.0,240.0
D2,F0-1-B5,2,15,2021-07-31,96,1.0,True,80.0,103.92893528975227,23.928935289752275,23.928935289752275,2021-07-31 00:00:00,2021-07-31 01:45:00,105.0,105.0
D2,F0-1-B5,2,15,2021-08-01,96,1.0,True,28.0,29.9375005749227,1.9375005749227014,1.9375005749227014,2021-08-01 09:00:00,2021-08-01 12:45:00,225.0,225.0
D2,F0-1-B5,2,15,2021-08-09,1,0.010416666666666666,False,21.0,21.556863362250205,0.5568633622502048,0.5568633622502048,2021-08-09 00:00:00,2021-08-09 00:00:00,0.0,0.0
D2,F0-1-B5,2,16,2021-07-12,96,1.0,True,198.0,194.11815875211389,-3.881841247886115,3.881841247886115,2021-07-12 08:45:00,2021-07-12 14:00:00,315.0,315.0
D2,F0-1-B5,2,16,2021-07-13,1,0.010416666666666666,False,79.0,86.46296736156667,7.462967361566669,7.462967361566669,2021-07-13 00:00:00,2021-07-13 00:00:00,0.0,0.0
D2,F0-1-B5,2,16,2021-07-17,68,0.7083333333333334,False,88.0,105.00790921176515,17.007909211765153,17.007909211765153,2021-07-17 07:15:00,2021-07-17 07:15:00,0.0,0.0
D2,F0-1-B5,2,16,2021-07-18,84,0.875,False,28.0,30.81409173281901,2.8140917328190085,2.8140917328190085,2021-07-18 01:15:00,2021-07-18 11:45:00,630.0,630.0
D2,F0-1-B5,2,16,2021-07-26,84,0.875,False,217.0,227.16377968467117,10.16377968467117,10.16377968467117,2021-07-26 08:30:00,2021-07-26 11:30:00,180.0,180.0
D2,F0-1-B5,2,16,2021-07-27,84,0.875,False,211.0,205.24048548125947,-5.759514518740531,5.759514518740531,2021-07-27 11:45:00,2021-07-27 16:00:00,255.0,255.0
D2,F0-1-B5,2,16,2021-07-28,84,0.875,False,212.0,218.30123124594883,6.301231245948827,6.301231245948827,2021-07-28 12:00:00,2021-07-28 12:00:00,0.0,0.0
D2,F0-1-B5,2,16,2021-07-29,84,0.875,False,211.0,215.42782786955428,4.427827869554278,4.427827869554278,2021-07-29 12:00:00,2021-07-29 08:30:00,-210.0,210.0
D2,F0-1-B5,2,16,2021-07-30,84,0.875,False,212.0,216.74400833293794,4.744008332937938,4.744008332937938,2021-07-30 12:00:00,2021-07-30 16:00:00,240.0,240.0
D2,F0-1-B5,2,16,2021-07-31,96,1.0,True,80.0,102.14393873213763,22.143938732137627,22.143938732137627,2021-07-31 00:00:00,2021-07-31 03:45:00,225.0,225.0
D2,F0-1-B5,2,16,2021-08-01,96,1.0,True,28.0,27.84991125217163,-0.15008874782837012,0.15008874782837012,2021-08-01 09:00:00,2021-08-01 13:00:00,240.0,240.0
D2,F0-1-B5,2,16,2021-08-09,1,0.010416666666666666,False,21.0,23.53527210654004,2.5352721065400416,2.5352721065400416,2021-08-09 00:00:00,2021-08-09 00:00:00,0.0,0.0
