dataset,model,fold,horizon,target_day,observed_slots,slot_coverage,full_day,actual_daily_max,predicted_daily_max,daily_max_error,daily_max_abs_error,actual_peak_time,predicted_peak_time,timing_error_minutes,timing_abs_error_minutes
D1,F1-3-five-workdays-ridge,0,4,2021-04-19,96,1.0,True,172.0,171.7738637711002,-0.22613622889980434,0.22613622889980434,2021-04-19 08:45:00,2021-04-19 09:45:00,60.0,60.0
D1,F1-3-five-workdays-ridge,0,4,2021-04-20,96,1.0,True,172.0,179.0499756962251,7.04997569622509,7.04997569622509,2021-04-20 08:45:00,2021-04-20 09:45:00,60.0,60.0
D1,F1-3-five-workdays-ridge,0,4,2021-04-21,96,1.0,True,174.0,179.62539691732658,5.625396917326583,5.625396917326583,2021-04-21 08:30:00,2021-04-21 12:00:00,210.0,210.0
D1,F1-3-five-workdays-ridge,0,4,2021-04-22,96,1.0,True,174.0,174.01411529073044,0.014115290730444485,0.014115290730444485,2021-04-22 08:30:00,2021-04-22 12:00:00,210.0,210.0
D1,F1-3-five-workdays-ridge,0,4,2021-04-23,96,1.0,True,174.0,170.2432642628346,-3.7567357371653998,3.7567357371653998,2021-04-23 08:30:00,2021-04-23 12:00:00,210.0,210.0
D1,F1-3-five-workdays-ridge,0,4,2021-04-24,96,1.0,True,112.0,99.9818053807497,-12.018194619250295,12.018194619250295,2021-04-24 06:15:00,2021-04-24 07:15:00,60.0,60.0
D1,F1-3-five-workdays-ridge,0,4,2021-04-25,96,1.0,True,25.0,37.08594540089447,12.085945400894467,12.085945400894467,2021-04-25 01:30:00,2021-04-25 09:15:00,465.0,465.0
D1,F1-3-five-workdays-ridge,0,4,2021-05-03,96,1.0,True,184.0,180.57060263849013,-3.4293973615098707,3.4293973615098707,2021-05-03 08:30:00,2021-05-03 09:45:00,75.0,75.0
D1,F1-3-five-workdays-ridge,0,4,2021-05-04,96,1.0,True,181.0,182.21831960449552,1.2183196044955196,1.2183196044955196,2021-05-04 08:30:00,2021-05-04 12:00:00,210.0,210.0
D1,F1-3-five-workdays-ridge,0,4,2021-05-05,96,1.0,True,120.0,130.6576912400863,10.657691240086308,10.657691240086308,2021-05-05 04:15:00,2021-05-05 08:30:00,255.0,255.0
D1,F1-3-five-workdays-ridge,0,4,2021-05-06,96,1.0,True,199.0,180.66175826207876,-18.338241737921237,18.338241737921237,2021-05-06 09:00:00,2021-05-06 09:45:00,45.0,45.0
D1,F1-3-five-workdays-ridge,0,4,2021-05-07,96,1.0,True,181.0,174.40306657705185,-6.596933422948155,6.596933422948155,2021-05-07 09:00:00,2021-05-07 09:45:00,45.0,45.0
D1,F1-3-five-workdays-ridge,0,4,2021-05-08,96,1.0,True,115.0,101.58139914774466,-13.418600852255338,13.418600852255338,2021-05-08 02:00:00,2021-05-08 04:30:00,150.0,150.0
D1,F1-3-five-workdays-ridge,0,4,2021-05-09,96,1.0,True,184.0,147.03765686391728,-36.96234313608272,36.96234313608272,2021-05-09 09:00:00,2021-05-09 09:30:00,30.0,30.0
D1,F1-3-five-workdays-ridge,0,5,2021-04-19,96,1.0,True,172.0,169.45004919854398,-2.5499508014560206,2.5499508014560206,2021-04-19 08:45:00,2021-04-19 12:00:00,195.0,195.0
D1,F1-3-five-workdays-ridge,0,5,2021-04-20,96,1.0,True,172.0,177.5347587678914,5.53475876789139,5.53475876789139,2021-04-20 08:45:00,2021-04-20 12:00:00,195.0,195.0
D1,F1-3-five-workdays-ridge,0,5,2021-04-21,96,1.0,True,174.0,179.39734485711966,5.397344857119663,5.397344857119663,2021-04-21 08:30:00,2021-04-21 12:00:00,210.0,210.0
D1,F1-3-five-workdays-ridge,0,5,2021-04-22,96,1.0,True,174.0,173.4171546924925,-0.5828453075075117,0.5828453075075117,2021-04-22 08:30:00,2021-04-22 12:00:00,210.0,210.0
D1,F1-3-five-workdays-ridge,0,5,2021-04-23,96,1.0,True,174.0,169.46165037115165,-4.538349628848351,4.538349628848351,2021-04-23 08:30:00,2021-04-23 12:00:00,210.0,210.0
D1,F1-3-five-workdays-ridge,0,5,2021-04-24,96,1.0,True,112.0,98.58823222414155,-13.41176777585845,13.41176777585845,2021-04-24 06:15:00,2021-04-24 00:00:00,-375.0,375.0
D1,F1-3-five-workdays-ridge,0,5,2021-04-25,96,1.0,True,25.0,37.89960582945444,12.899605829454437,12.899605829454437,2021-04-25 01:30:00,2021-04-25 09:15:00,465.0,465.0
D1,F1-3-five-workdays-ridge,0,5,2021-05-03,96,1.0,True,184.0,175.745040937459,-8.25495906254099,8.25495906254099,2021-05-03 08:30:00,2021-05-03 10:00:00,90.0,90.0
D1,F1-3-five-workdays-ridge,0,5,2021-05-04,96,1.0,True,181.0,181.9349642956615,0.9349642956615014,0.9349642956615014,2021-05-04 08:30:00,2021-05-04 12:00:00,210.0,210.0
D1,F1-3-five-workdays-ridge,0,5,2021-05-05,96,1.0,True,120.0,135.63702059897426,15.63702059897426,15.63702059897426,2021-05-05 04:15:00,2021-05-05 08:30:00,255.0,255.0
D1,F1-3-five-workdays-ridge,0,5,2021-05-06,96,1.0,True,199.0,178.80919568146965,-20.190804318530354,20.190804318530354,2021-05-06 09:00:00,2021-05-06 10:45:00,105.0,105.0
D1,F1-3-five-workdays-ridge,0,5,2021-05-07,96,1.0,True,181.0,172.52529135147066,-8.474708648529344,8.474708648529344,2021-05-07 09:00:00,2021-05-07 10:45:00,105.0,105.0
D1,F1-3-five-workdays-ridge,0,5,2021-05-08,96,1.0,True,115.0,101.14898770546772,-13.851012294532282,13.851012294532282,2021-05-08 02:00:00,2021-05-08 04:45:00,165.0,165.0
D1,F1-3-five-workdays-ridge,0,5,2021-05-09,96,1.0,True,184.0,137.16592191536304,-46.83407808463696,46.83407808463696,2021-05-09 09:00:00,2021-05-09 09:45:00,45.0,45.0
D1,F1-3-five-workdays-ridge,0,6,2021-04-19,96,1.0,True,172.0,169.9148057506273,-2.085194249372705,2.085194249372705,2021-04-19 08:45:00,2021-04-19 10:45:00,120.0,120.0
D1,F1-3-five-workdays-ridge,0,6,2021-04-20,96,1.0,True,172.0,178.3185245229137,6.318524522913691,6.318524522913691,2021-04-20 08:45:00,2021-04-20 10:45:00,120.0,120.0
D1,F1-3-five-workdays-ridge,0,6,2021-04-21,96,1.0,True,174.0,177.87568865834055,3.8756886583405503,3.8756886583405503,2021-04-21 08:30:00,2021-04-21 10:00:00,90.0,90.0
D1,F1-3-five-workdays-ridge,0,6,2021-04-22,96,1.0,True,174.0,173.16066462913233,-0.8393353708676727,0.8393353708676727,2021-04-22 08:30:00,2021-04-22 10:45:00,135.0,135.0
D1,F1-3-five-workdays-ridge,0,6,2021-04-23,96,1.0,True,174.0,169.90517709528274,-4.094822904717262,4.094822904717262,2021-04-23 08:30:00,2021-04-23 10:45:00,135.0,135.0
D1,F1-3-five-workdays-ridge,0,6,2021-04-24,96,1.0,True,112.0,100.16661319287527,-11.833386807124725,11.833386807124725,2021-04-24 06:15:00,2021-04-24 06:15:00,0.0,0.0
D1,F1-3-five-workdays-ridge,0,6,2021-04-25,96,1.0,True,25.0,37.89329205875409,12.893292058754092,12.893292058754092,2021-04-25 01:30:00,2021-04-25 10:30:00,540.0,540.0
D1,F1-3-five-workdays-ridge,0,6,2021-05-03,96,1.0,True,184.0,175.30926028972183,-8.690739710278166,8.690739710278166,2021-05-03 08:30:00,2021-05-03 11:00:00,150.0,150.0
D1,F1-3-five-workdays-ridge,0,6,2021-05-04,96,1.0,True,181.0,181.50046312368102,0.5004631236810155,0.5004631236810155,2021-05-04 08:30:00,2021-05-04 11:15:00,165.0,165.0
D1,F1-3-five-workdays-ridge,0,6,2021-05-05,96,1.0,True,120.0,139.79553584733648,19.79553584733648,19.79553584733648,2021-05-05 04:15:00,2021-05-05 08:30:00,255.0,255.0
D1,F1-3-five-workdays-ridge,0,6,2021-05-06,96,1.0,True,199.0,177.80949036289815,-21.190509637101854,21.190509637101854,2021-05-06 09:00:00,2021-05-06 11:30:00,150.0,150.0
D1,F1-3-five-workdays-ridge,0,6,2021-05-07,96,1.0,True,181.0,174.49999927556894,-6.500000724431061,6.500000724431061,2021-05-07 09:00:00,2021-05-07 11:00:00,120.0,120.0
D1,F1-3-five-workdays-ridge,0,6,2021-05-08,96,1.0,True,115.0,101.91585536226988,-13.08414463773012,13.08414463773012,2021-05-08 02:00:00,2021-05-08 06:15:00,255.0,255.0
D1,F1-3-five-workdays-ridge,0,6,2021-05-09,96,1.0,True,184.0,135.6823343642691,-48.31766563573089,48.31766563573089,2021-05-09 09:00:00,2021-05-09 11:00:00,120.0,120.0
D1,F1-3-five-workdays-ridge,0,7,2021-04-19,96,1.0,True,172.0,169.4807682228269,-2.519231777173104,2.519231777173104,2021-04-19 08:45:00,2021-04-19 13:15:00,270.0,270.0
D1,F1-3-five-workdays-ridge,0,7,2021-04-20,96,1.0,True,172.0,177.50154117430853,5.501541174308528,5.501541174308528,2021-04-20 08:45:00,2021-04-20 11:00:00,135.0,135.0
D1,F1-3-five-workdays-ridge,0,7,2021-04-21,96,1.0,True,174.0,176.12649349582398,2.126493495823979,2.126493495823979,2021-04-21 08:30:00,2021-04-21 11:00:00,150.0,150.0
D1,F1-3-five-workdays-ridge,0,7,2021-04-22,96,1.0,True,174.0,172.34307486243313,-1.6569251375668728,1.6569251375668728,2021-04-22 08:30:00,2021-04-22 11:00:00,150.0,150.0
D1,F1-3-five-workdays-ridge,0,7,2021-04-23,96,1.0,True,174.0,168.987078605318,-5.012921394681996,5.012921394681996,2021-04-23 08:30:00,2021-04-23 11:00:00,150.0,150.0
D1,F1-3-five-workdays-ridge,0,7,2021-04-24,96,1.0,True,112.0,101.31612425727747,-10.683875742722535,10.683875742722535,2021-04-24 06:15:00,2021-04-24 06:15:00,0.0,0.0
D1,F1-3-five-workdays-ridge,0,7,2021-04-25,96,1.0,True,25.0,38.88326366759489,13.883263667594889,13.883263667594889,2021-04-25 01:30:00,2021-04-25 10:45:00,555.0,555.0
D1,F1-3-five-workdays-ridge,0,7,2021-05-03,96,1.0,True,184.0,175.6907279277662,-8.309272072233796,8.309272072233796,2021-05-03 08:30:00,2021-05-03 11:15:00,165.0,165.0
D1,F1-3-five-workdays-ridge,0,7,2021-05-04,96,1.0,True,181.0,180.94981742498112,-0.050182575018880016,0.050182575018880016,2021-05-04 08:30:00,2021-05-04 11:30:00,180.0,180.0
D1,F1-3-five-workdays-ridge,0,7,2021-05-05,96,1.0,True,120.0,144.1101168925098,24.110116892509808,24.110116892509808,2021-05-05 04:15:00,2021-05-05 08:30:00,255.0,255.0
D1,F1-3-five-workdays-ridge,0,7,2021-05-06,96,1.0,True,199.0,180.3601542888009,-18.639845711199087,18.639845711199087,2021-05-06 09:00:00,2021-05-06 11:30:00,150.0,150.0
D1,F1-3-five-workdays-ridge,0,7,2021-05-07,96,1.0,True,181.0,173.5081380182515,-7.491861981748514,7.491861981748514,2021-05-07 09:00:00,2021-05-07 11:00:00,120.0,120.0
D1,F1-3-five-workdays-ridge,0,7,2021-05-08,96,1.0,True,115.0,103.50606022363006,-11.493939776369942,11.493939776369942,2021-05-08 02:00:00,2021-05-08 06:15:00,255.0,255.0
D1,F1-3-five-workdays-ridge,0,7,2021-05-09,96,1.0,True,184.0,132.61724110948467,-51.38275889051533,51.38275889051533,2021-05-09 09:00:00,2021-05-09 10:45:00,105.0,105.0
D1,F1-3-five-workdays-ridge,0,8,2021-04-19,96,1.0,True,172.0,169.95814751602657,-2.041852483973429,2.041852483973429,2021-04-19 08:45:00,2021-04-19 13:15:00,270.0,270.0
D1,F1-3-five-workdays-ridge,0,8,2021-04-20,96,1.0,True,172.0,177.77110201809631,5.771102018096315,5.771102018096315,2021-04-20 08:45:00,2021-04-20 12:00:00,195.0,195.0
D1,F1-3-five-workdays-ridge,0,8,2021-04-21,96,1.0,True,174.0,177.381759767588,3.381759767587994,3.381759767587994,2021-04-21 08:30:00,2021-04-21 10:45:00,135.0,135.0
D1,F1-3-five-workdays-ridge,0,8,2021-04-22,96,1.0,True,174.0,173.01783974464797,-0.9821602553520279,0.9821602553520279,2021-04-22 08:30:00,2021-04-22 10:45:00,135.0,135.0
D1,F1-3-five-workdays-ridge,0,8,2021-04-23,96,1.0,True,174.0,169.39751862119843,-4.602481378801571,4.602481378801571,2021-04-23 08:30:00,2021-04-23 10:45:00,135.0,135.0
D1,F1-3-five-workdays-ridge,0,8,2021-04-24,96,1.0,True,112.0,99.97644599495926,-12.023554005040737,12.023554005040737,2021-04-24 06:15:00,2021-04-24 01:30:00,-285.0,285.0
D1,F1-3-five-workdays-ridge,0,8,2021-04-25,96,1.0,True,25.0,39.471945633166186,14.471945633166186,14.471945633166186,2021-04-25 01:30:00,2021-04-25 11:00:00,570.0,570.0
D1,F1-3-five-workdays-ridge,0,8,2021-05-03,96,1.0,True,184.0,174.77317886914528,-9.226821130854717,9.226821130854717,2021-05-03 08:30:00,2021-05-03 11:15:00,165.0,165.0
D1,F1-3-five-workdays-ridge,0,8,2021-05-04,96,1.0,True,181.0,181.6428754217025,0.642875421702513,0.642875421702513,2021-05-04 08:30:00,2021-05-04 12:00:00,210.0,210.0
D1,F1-3-five-workdays-ridge,0,8,2021-05-05,96,1.0,True,120.0,144.8534489409307,24.85344894093069,24.85344894093069,2021-05-05 04:15:00,2021-05-05 08:30:00,255.0,255.0
D1,F1-3-five-workdays-ridge,0,8,2021-05-06,96,1.0,True,199.0,180.22257478012585,-18.777425219874146,18.777425219874146,2021-05-06 09:00:00,2021-05-06 11:30:00,150.0,150.0
D1,F1-3-five-workdays-ridge,0,8,2021-05-07,96,1.0,True,181.0,174.1747299015178,-6.825270098482207,6.825270098482207,2021-05-07 09:00:00,2021-05-07 11:00:00,120.0,120.0
D1,F1-3-five-workdays-ridge,0,8,2021-05-08,96,1.0,True,115.0,103.36162663544259,-11.63837336455741,11.63837336455741,2021-05-08 02:00:00,2021-05-08 06:15:00,255.0,255.0
D1,F1-3-five-workdays-ridge,0,8,2021-05-09,96,1.0,True,184.0,132.8150819777782,-51.18491802222181,51.18491802222181,2021-05-09 09:00:00,2021-05-09 11:00:00,120.0,120.0
D1,F1-3-five-workdays-ridge,0,9,2021-04-19,96,1.0,True,172.0,170.008692111021,-1.9913078889790086,1.9913078889790086,2021-04-19 08:45:00,2021-04-19 11:00:00,135.0,135.0
D1,F1-3-five-workdays-ridge,0,9,2021-04-20,96,1.0,True,172.0,178.65273472129877,6.652734721298771,6.652734721298771,2021-04-20 08:45:00,2021-04-20 11:00:00,135.0,135.0
D1,F1-3-five-workdays-ridge,0,9,2021-04-21,96,1.0,True,174.0,179.49822396389277,5.4982239638927695,5.4982239638927695,2021-04-21 08:30:00,2021-04-21 10:45:00,135.0,135.0
D1,F1-3-five-workdays-ridge,0,9,2021-04-22,96,1.0,True,174.0,174.97597893343487,0.9759789334348739,0.9759789334348739,2021-04-22 08:30:00,2021-04-22 10:45:00,135.0,135.0
D1,F1-3-five-workdays-ridge,0,9,2021-04-23,96,1.0,True,174.0,171.1601964051744,-2.839803594825611,2.839803594825611,2021-04-23 08:30:00,2021-04-23 10:45:00,135.0,135.0
D1,F1-3-five-workdays-ridge,0,9,2021-04-24,96,1.0,True,112.0,102.00552211649565,-9.994477883504345,9.994477883504345,2021-04-24 06:15:00,2021-04-24 01:45:00,-270.0,270.0
D1,F1-3-five-workdays-ridge,0,9,2021-04-25,96,1.0,True,25.0,40.27840892021389,15.278408920213892,15.278408920213892,2021-04-25 01:30:00,2021-04-25 10:30:00,540.0,540.0
D1,F1-3-five-workdays-ridge,0,9,2021-05-03,96,1.0,True,184.0,176.4828055745065,-7.5171944254935,7.5171944254935,2021-05-03 08:30:00,2021-05-03 11:00:00,150.0,150.0
D1,F1-3-five-workdays-ridge,0,9,2021-05-04,96,1.0,True,181.0,181.89380791709706,0.8938079170970639,0.8938079170970639,2021-05-04 08:30:00,2021-05-04 12:00:00,210.0,210.0
D1,F1-3-five-workdays-ridge,0,9,2021-05-05,96,1.0,True,120.0,142.4889364806054,22.48893648060539,22.48893648060539,2021-05-05 04:15:00,2021-05-05 08:30:00,255.0,255.0
D1,F1-3-five-workdays-ridge,0,9,2021-05-06,96,1.0,True,199.0,177.14148541132474,-21.858514588675263,21.858514588675263,2021-05-06 09:00:00,2021-05-06 11:30:00,150.0,150.0
D1,F1-3-five-workdays-ridge,0,9,2021-05-07,96,1.0,True,181.0,174.73444536652454,-6.26555463347546,6.26555463347546,2021-05-07 09:00:00,2021-05-07 11:00:00,120.0,120.0
D1,F1-3-five-workdays-ridge,0,9,2021-05-08,96,1.0,True,115.0,103.29552463196475,-11.704475368035247,11.704475368035247,2021-05-08 02:00:00,2021-05-08 06:30:00,270.0,270.0
D1,F1-3-five-workdays-ridge,0,9,2021-05-09,96,1.0,True,184.0,129.9591287488606,-54.04087125113941,54.04087125113941,2021-05-09 09:00:00,2021-05-09 11:15:00,135.0,135.0
D1,F1-3-five-workdays-ridge,0,10,2021-04-19,96,1.0,True,172.0,171.7766783629893,-0.22332163701071295,0.22332163701071295,2021-04-19 08:45:00,2021-04-19 13:15:00,270.0,270.0
D1,F1-3-five-workdays-ridge,0,10,2021-04-20,96,1.0,True,172.0,179.84981634721203,7.849816347212027,7.849816347212027,2021-04-20 08:45:00,2021-04-20 13:15:00,270.0,270.0
D1,F1-3-five-workdays-ridge,0,10,2021-04-21,96,1.0,True,174.0,180.54167648140015,6.541676481400145,6.541676481400145,2021-04-21 08:30:00,2021-04-21 13:15:00,285.0,285.0
D1,F1-3-five-workdays-ridge,0,10,2021-04-22,96,1.0,True,174.0,174.42004075468108,0.42004075468108226,0.42004075468108226,2021-04-22 08:30:00,2021-04-22 13:15:00,285.0,285.0
D1,F1-3-five-workdays-ridge,0,10,2021-04-23,96,1.0,True,174.0,170.20616020261434,-3.793839797385658,3.793839797385658,2021-04-23 08:30:00,2021-04-23 11:00:00,150.0,150.0
D1,F1-3-five-workdays-ridge,0,10,2021-04-24,96,1.0,True,112.0,103.75767268948651,-8.242327310513488,8.242327310513488,2021-04-24 06:15:00,2021-04-24 02:00:00,-255.0,255.0
D1,F1-3-five-workdays-ridge,0,10,2021-04-25,96,1.0,True,25.0,41.20771489310419,16.20771489310419,16.20771489310419,2021-04-25 01:30:00,2021-04-25 10:45:00,555.0,555.0
D1,F1-3-five-workdays-ridge,0,10,2021-05-03,96,1.0,True,184.0,177.8526838753219,-6.147316124678099,6.147316124678099,2021-05-03 08:30:00,2021-05-03 11:15:00,165.0,165.0
D1,F1-3-five-workdays-ridge,0,10,2021-05-04,96,1.0,True,181.0,183.3559706089427,2.355970608942698,2.355970608942698,2021-05-04 08:30:00,2021-05-04 11:00:00,150.0,150.0
D1,F1-3-five-workdays-ridge,0,10,2021-05-05,96,1.0,True,120.0,144.25869673815555,24.25869673815555,24.25869673815555,2021-05-05 04:15:00,2021-05-05 08:30:00,255.0,255.0
D1,F1-3-five-workdays-ridge,0,10,2021-05-06,96,1.0,True,199.0,179.15676912999493,-19.843230870005073,19.843230870005073,2021-05-06 09:00:00,2021-05-06 11:30:00,150.0,150.0
D1,F1-3-five-workdays-ridge,0,10,2021-05-07,96,1.0,True,181.0,172.38819587525805,-8.611804124741951,8.611804124741951,2021-05-07 09:00:00,2021-05-07 11:15:00,135.0,135.0
D1,F1-3-five-workdays-ridge,0,10,2021-05-08,96,1.0,True,115.0,102.96001322213095,-12.039986777869046,12.039986777869046,2021-05-08 02:00:00,2021-05-08 06:45:00,285.0,285.0
D1,F1-3-five-workdays-ridge,0,10,2021-05-09,96,1.0,True,184.0,129.74051304332616,-54.25948695667384,54.25948695667384,2021-05-09 09:00:00,2021-05-09 11:00:00,120.0,120.0
D1,F1-3-five-workdays-ridge,0,11,2021-04-19,96,1.0,True,172.0,171.44408172974886,-0.5559182702511407,0.5559182702511407,2021-04-19 08:45:00,2021-04-19 13:15:00,270.0,270.0
D1,F1-3-five-workdays-ridge,0,11,2021-04-20,96,1.0,True,172.0,180.0150388431965,8.015038843196493,8.015038843196493,2021-04-20 08:45:00,2021-04-20 13:15:00,270.0,270.0
D1,F1-3-five-workdays-ridge,0,11,2021-04-21,96,1.0,True,174.0,181.1521784383942,7.152178438394202,7.152178438394202,2021-04-21 08:30:00,2021-04-21 13:30:00,300.0,300.0
D1,F1-3-five-workdays-ridge,0,11,2021-04-22,96,1.0,True,174.0,174.7642406409754,0.7642406409754017,0.7642406409754017,2021-04-22 08:30:00,2021-04-22 13:45:00,315.0,315.0
D1,F1-3-five-workdays-ridge,0,11,2021-04-23,96,1.0,True,174.0,170.12015225050106,-3.8798477494989356,3.8798477494989356,2021-04-23 08:30:00,2021-04-23 13:45:00,315.0,315.0
D1,F1-3-five-workdays-ridge,0,11,2021-04-24,96,1.0,True,112.0,103.31662600270339,-8.683373997296613,8.683373997296613,2021-04-24 06:15:00,2021-04-24 02:00:00,-255.0,255.0
D1,F1-3-five-workdays-ridge,0,11,2021-04-25,96,1.0,True,25.0,42.28120282983281,17.281202829832807,17.281202829832807,2021-04-25 01:30:00,2021-04-25 11:00:00,570.0,570.0
D1,F1-3-five-workdays-ridge,0,11,2021-05-03,96,1.0,True,184.0,178.77499272930538,-5.2250072706946185,5.2250072706946185,2021-05-03 08:30:00,2021-05-03 11:15:00,165.0,165.0
D1,F1-3-five-workdays-ridge,0,11,2021-05-04,96,1.0,True,181.0,184.321903148103,3.32190314810299,3.32190314810299,2021-05-04 08:30:00,2021-05-04 11:15:00,165.0,165.0
D1,F1-3-five-workdays-ridge,0,11,2021-05-05,96,1.0,True,120.0,147.5492636075796,27.549263607579604,27.549263607579604,2021-05-05 04:15:00,2021-05-05 08:30:00,255.0,255.0
D1,F1-3-five-workdays-ridge,0,11,2021-05-06,96,1.0,True,199.0,179.7141990867816,-19.285800913218395,19.285800913218395,2021-05-06 09:00:00,2021-05-06 11:30:00,150.0,150.0
D1,F1-3-five-workdays-ridge,0,11,2021-05-07,96,1.0,True,181.0,171.95089270511573,-9.049107294884266,9.049107294884266,2021-05-07 09:00:00,2021-05-07 11:30:00,150.0,150.0
D1,F1-3-five-workdays-ridge,0,11,2021-05-08,96,1.0,True,115.0,103.83569252736815,-11.164307472631847,11.164307472631847,2021-05-08 02:00:00,2021-05-08 06:15:00,255.0,255.0
D1,F1-3-five-workdays-ridge,0,11,2021-05-09,96,1.0,True,184.0,127.94063166249494,-56.05936833750506,56.05936833750506,2021-05-09 09:00:00,2021-05-09 11:15:00,135.0,135.0
D1,F1-3-five-workdays-ridge,0,12,2021-04-19,96,1.0,True,172.0,169.7472598118444,-2.252740188155599,2.252740188155599,2021-04-19 08:45:00,2021-04-19 13:45:00,300.0,300.0
D1,F1-3-five-workdays-ridge,0,12,2021-04-20,96,1.0,True,172.0,180.1240660274986,8.1240660274986,8.1240660274986,2021-04-20 08:45:00,2021-04-20 13:45:00,300.0,300.0
D1,F1-3-five-workdays-ridge,0,12,2021-04-21,96,1.0,True,174.0,181.3954074195355,7.395407419535502,7.395407419535502,2021-04-21 08:30:00,2021-04-21 13:45:00,315.0,315.0
D1,F1-3-five-workdays-ridge,0,12,2021-04-22,96,1.0,True,174.0,175.06237069728448,1.0623706972844786,1.0623706972844786,2021-04-22 08:30:00,2021-04-22 13:45:00,315.0,315.0
D1,F1-3-five-workdays-ridge,0,12,2021-04-23,96,1.0,True,174.0,170.3409063096721,-3.659093690327893,3.659093690327893,2021-04-23 08:30:00,2021-04-23 13:45:00,315.0,315.0
D1,F1-3-five-workdays-ridge,0,12,2021-04-24,96,1.0,True,112.0,104.74754732259198,-7.252452677408016,7.252452677408016,2021-04-24 06:15:00,2021-04-24 01:45:00,-270.0,270.0
D1,F1-3-five-workdays-ridge,0,12,2021-04-25,96,1.0,True,25.0,42.73462502648283,17.73462502648283,17.73462502648283,2021-04-25 01:30:00,2021-04-25 11:15:00,585.0,585.0
D1,F1-3-five-workdays-ridge,0,12,2021-05-03,96,1.0,True,184.0,178.15557698520792,-5.844423014792085,5.844423014792085,2021-05-03 08:30:00,2021-05-03 11:30:00,180.0,180.0
D1,F1-3-five-workdays-ridge,0,12,2021-05-04,96,1.0,True,181.0,183.20257331005266,2.2025733100526566,2.2025733100526566,2021-05-04 08:30:00,2021-05-04 11:30:00,180.0,180.0
D1,F1-3-five-workdays-ridge,0,12,2021-05-05,96,1.0,True,120.0,148.28787569910534,28.287875699105342,28.287875699105342,2021-05-05 04:15:00,2021-05-05 08:30:00,255.0,255.0
D1,F1-3-five-workdays-ridge,0,12,2021-05-06,96,1.0,True,199.0,181.51409374551585,-17.48590625448415,17.48590625448415,2021-05-06 09:00:00,2021-05-06 11:30:00,150.0,150.0
D1,F1-3-five-workdays-ridge,0,12,2021-05-07,96,1.0,True,181.0,169.9487484745095,-11.0512515254905,11.0512515254905,2021-05-07 09:00:00,2021-05-07 11:45:00,165.0,165.0
D1,F1-3-five-workdays-ridge,0,12,2021-05-08,96,1.0,True,115.0,103.3213969284306,-11.678603071569398,11.678603071569398,2021-05-08 02:00:00,2021-05-08 06:30:00,270.0,270.0
D1,F1-3-five-workdays-ridge,0,12,2021-05-09,96,1.0,True,184.0,124.55740286388435,-59.44259713611565,59.44259713611565,2021-05-09 09:00:00,2021-05-09 11:30:00,150.0,150.0
D1,F1-3-five-workdays-ridge,0,13,2021-04-19,96,1.0,True,172.0,170.5773826565589,-1.4226173434410896,1.4226173434410896,2021-04-19 08:45:00,2021-04-19 12:00:00,195.0,195.0
D1,F1-3-five-workdays-ridge,0,13,2021-04-20,96,1.0,True,172.0,182.1896239349309,10.189623934930893,10.189623934930893,2021-04-20 08:45:00,2021-04-20 12:00:00,195.0,195.0
D1,F1-3-five-workdays-ridge,0,13,2021-04-21,96,1.0,True,174.0,179.92262227093536,5.9226222709353635,5.9226222709353635,2021-04-21 08:30:00,2021-04-21 13:45:00,315.0,315.0
D1,F1-3-five-workdays-ridge,0,13,2021-04-22,96,1.0,True,174.0,173.43487009723907,-0.5651299027609298,0.5651299027609298,2021-04-22 08:30:00,2021-04-22 13:45:00,315.0,315.0
D1,F1-3-five-workdays-ridge,0,13,2021-04-23,96,1.0,True,174.0,168.6134663972636,-5.386533602736392,5.386533602736392,2021-04-23 08:30:00,2021-04-23 13:45:00,315.0,315.0
D1,F1-3-five-workdays-ridge,0,13,2021-04-24,96,1.0,True,112.0,107.00831262531564,-4.991687374684361,4.991687374684361,2021-04-24 06:15:00,2021-04-24 02:00:00,-255.0,255.0
D1,F1-3-five-workdays-ridge,0,13,2021-04-25,96,1.0,True,25.0,42.77351280161583,17.77351280161583,17.77351280161583,2021-04-25 01:30:00,2021-04-25 11:15:00,585.0,585.0
D1,F1-3-five-workdays-ridge,0,13,2021-05-03,96,1.0,True,184.0,178.1361595583163,-5.863840441683692,5.863840441683692,2021-05-03 08:30:00,2021-05-03 12:00:00,210.0,210.0
D1,F1-3-five-workdays-ridge,0,13,2021-05-04,96,1.0,True,181.0,182.6568204885404,1.6568204885404043,1.6568204885404043,2021-05-04 08:30:00,2021-05-04 11:45:00,195.0,195.0
D1,F1-3-five-workdays-ridge,0,13,2021-05-05,96,1.0,True,120.0,151.24930310521543,31.249303105215432,31.249303105215432,2021-05-05 04:15:00,2021-05-05 08:30:00,255.0,255.0
D1,F1-3-five-workdays-ridge,0,13,2021-05-06,96,1.0,True,199.0,178.7315801155715,-20.26841988442851,20.26841988442851,2021-05-06 09:00:00,2021-05-06 11:45:00,165.0,165.0
D1,F1-3-five-workdays-ridge,0,13,2021-05-07,96,1.0,True,181.0,163.45355750600766,-17.546442493992345,17.546442493992345,2021-05-07 09:00:00,2021-05-07 12:00:00,180.0,180.0
D1,F1-3-five-workdays-ridge,0,13,2021-05-08,96,1.0,True,115.0,103.01288373032438,-11.987116269675624,11.987116269675624,2021-05-08 02:00:00,2021-05-08 06:45:00,285.0,285.0
D1,F1-3-five-workdays-ridge,0,13,2021-05-09,96,1.0,True,184.0,121.47445598589383,-62.525544014106174,62.525544014106174,2021-05-09 09:00:00,2021-05-09 11:45:00,165.0,165.0
D1,F1-3-five-workdays-ridge,0,14,2021-04-19,96,1.0,True,172.0,171.98648387934327,-0.0135161206567318,0.0135161206567318,2021-04-19 08:45:00,2021-04-19 13:15:00,270.0,270.0
D1,F1-3-five-workdays-ridge,0,14,2021-04-20,96,1.0,True,172.0,182.00487492601178,10.00487492601178,10.00487492601178,2021-04-20 08:45:00,2021-04-20 13:15:00,270.0,270.0
D1,F1-3-five-workdays-ridge,0,14,2021-04-21,96,1.0,True,174.0,178.39901493986844,4.399014939868437,4.399014939868437,2021-04-21 08:30:00,2021-04-21 12:00:00,210.0,210.0
D1,F1-3-five-workdays-ridge,0,14,2021-04-22,96,1.0,True,174.0,170.42818951943244,-3.5718104805675637,3.5718104805675637,2021-04-22 08:30:00,2021-04-22 12:00:00,210.0,210.0
D1,F1-3-five-workdays-ridge,0,14,2021-04-23,96,1.0,True,174.0,166.04195839998613,-7.958041600013871,7.958041600013871,2021-04-23 08:30:00,2021-04-23 14:30:00,360.0,360.0
D1,F1-3-five-workdays-ridge,0,14,2021-04-24,96,1.0,True,112.0,108.36040000416634,-3.639599995833663,3.639599995833663,2021-04-24 06:15:00,2021-04-24 02:00:00,-255.0,255.0
D1,F1-3-five-workdays-ridge,0,14,2021-04-25,96,1.0,True,25.0,41.96928643388084,16.96928643388084,16.96928643388084,2021-04-25 01:30:00,2021-04-25 11:15:00,585.0,585.0
D1,F1-3-five-workdays-ridge,0,14,2021-05-03,96,1.0,True,184.0,173.18929291554767,-10.810707084452332,10.810707084452332,2021-05-03 08:30:00,2021-05-03 12:00:00,210.0,210.0
D1,F1-3-five-workdays-ridge,0,14,2021-05-04,96,1.0,True,181.0,183.31684846432887,2.3168484643288707,2.3168484643288707,2021-05-04 08:30:00,2021-05-04 12:00:00,210.0,210.0
D1,F1-3-five-workdays-ridge,0,14,2021-05-05,96,1.0,True,120.0,154.03218456378372,34.032184563783716,34.032184563783716,2021-05-05 04:15:00,2021-05-05 08:30:00,255.0,255.0
D1,F1-3-five-workdays-ridge,0,14,2021-05-06,96,1.0,True,199.0,171.89589711597205,-27.104102884027952,27.104102884027952,2021-05-06 09:00:00,2021-05-06 12:00:00,180.0,180.0
D1,F1-3-five-workdays-ridge,0,14,2021-05-07,96,1.0,True,181.0,167.89556691332217,-13.10443308667783,13.10443308667783,2021-05-07 09:00:00,2021-05-07 14:30:00,330.0,330.0
D1,F1-3-five-workdays-ridge,0,14,2021-05-08,96,1.0,True,115.0,102.8850794824169,-12.114920517583101,12.114920517583101,2021-05-08 02:00:00,2021-05-08 06:30:00,270.0,270.0
D1,F1-3-five-workdays-ridge,0,14,2021-05-09,96,1.0,True,184.0,113.4072854889923,-70.5927145110077,70.5927145110077,2021-05-09 09:00:00,2021-05-09 12:00:00,180.0,180.0
D1,F1-3-five-workdays-ridge,0,15,2021-04-19,96,1.0,True,172.0,171.01151266052113,-0.9884873394788656,0.9884873394788656,2021-04-19 08:45:00,2021-04-19 13:30:00,285.0,285.0
D1,F1-3-five-workdays-ridge,0,15,2021-04-20,96,1.0,True,172.0,182.39382156895763,10.393821568957634,10.393821568957634,2021-04-20 08:45:00,2021-04-20 13:30:00,285.0,285.0
D1,F1-3-five-workdays-ridge,0,15,2021-04-21,96,1.0,True,174.0,176.09437316733352,2.094373167333515,2.094373167333515,2021-04-21 08:30:00,2021-04-21 13:15:00,285.0,285.0
D1,F1-3-five-workdays-ridge,0,15,2021-04-22,96,1.0,True,174.0,169.79711894048364,-4.202881059516358,4.202881059516358,2021-04-22 08:30:00,2021-04-22 14:45:00,375.0,375.0
D1,F1-3-five-workdays-ridge,0,15,2021-04-23,96,1.0,True,174.0,165.33406323560115,-8.66593676439885,8.66593676439885,2021-04-23 08:30:00,2021-04-23 14:45:00,375.0,375.0
D1,F1-3-five-workdays-ridge,0,15,2021-04-24,96,1.0,True,112.0,104.09463499058492,-7.905365009415078,7.905365009415078,2021-04-24 06:15:00,2021-04-24 06:15:00,0.0,0.0
D1,F1-3-five-workdays-ridge,0,15,2021-04-25,96,1.0,True,25.0,41.34902222561282,16.34902222561282,16.34902222561282,2021-04-25 01:30:00,2021-04-25 11:15:00,585.0,585.0
D1,F1-3-five-workdays-ridge,0,15,2021-05-03,96,1.0,True,184.0,169.28300786997244,-14.716992130027563,14.716992130027563,2021-05-03 08:30:00,2021-05-03 13:15:00,285.0,285.0
D1,F1-3-five-workdays-ridge,0,15,2021-05-04,96,1.0,True,181.0,180.91836352345393,-0.0816364765460662,0.0816364765460662,2021-05-04 08:30:00,2021-05-04 13:45:00,315.0,315.0
D1,F1-3-five-workdays-ridge,0,15,2021-05-05,96,1.0,True,120.0,157.50267677266055,37.50267677266055,37.50267677266055,2021-05-05 04:15:00,2021-05-05 08:30:00,255.0,255.0
D1,F1-3-five-workdays-ridge,0,15,2021-05-06,96,1.0,True,199.0,169.60832169770003,-29.391678302299965,29.391678302299965,2021-05-06 09:00:00,2021-05-06 13:30:00,270.0,270.0
D1,F1-3-five-workdays-ridge,0,15,2021-05-07,96,1.0,True,181.0,164.9445816328947,-16.05541836710529,16.05541836710529,2021-05-07 09:00:00,2021-05-07 14:45:00,345.0,345.0
D1,F1-3-five-workdays-ridge,0,15,2021-05-08,96,1.0,True,115.0,103.83892463460883,-11.16107536539117,11.16107536539117,2021-05-08 02:00:00,2021-05-08 06:45:00,285.0,285.0
D1,F1-3-five-workdays-ridge,0,15,2021-05-09,96,1.0,True,184.0,109.2909081604358,-74.7090918395642,74.7090918395642,2021-05-09 09:00:00,2021-05-09 13:15:00,255.0,255.0
D1,F1-3-five-workdays-ridge,0,16,2021-04-19,96,1.0,True,172.0,172.30807670325498,0.30807670325498293,0.30807670325498293,2021-04-19 08:45:00,2021-04-19 13:15:00,270.0,270.0
D1,F1-3-five-workdays-ridge,0,16,2021-04-20,96,1.0,True,172.0,182.85955070177081,10.859550701770814,10.859550701770814,2021-04-20 08:45:00,2021-04-20 13:15:00,270.0,270.0
D1,F1-3-five-workdays-ridge,0,16,2021-04-21,96,1.0,True,174.0,180.2090683367876,6.209068336787595,6.209068336787595,2021-04-21 08:30:00,2021-04-21 13:15:00,285.0,285.0
D1,F1-3-five-workdays-ridge,0,16,2021-04-22,96,1.0,True,174.0,173.62137103437902,-0.37862896562097603,0.37862896562097603,2021-04-22 08:30:00,2021-04-22 13:15:00,285.0,285.0
D1,F1-3-five-workdays-ridge,0,16,2021-04-23,96,1.0,True,174.0,168.69192206069107,-5.30807793930893,5.30807793930893,2021-04-23 08:30:00,2021-04-23 13:15:00,285.0,285.0
D1,F1-3-five-workdays-ridge,0,16,2021-04-24,96,1.0,True,112.0,106.2671553032401,-5.732844696759898,5.732844696759898,2021-04-24 06:15:00,2021-04-24 02:00:00,-255.0,255.0
D1,F1-3-five-workdays-ridge,0,16,2021-04-25,96,1.0,True,25.0,40.681119545090574,15.681119545090574,15.681119545090574,2021-04-25 01:30:00,2021-04-25 12:00:00,630.0,630.0
D1,F1-3-five-workdays-ridge,0,16,2021-05-03,96,1.0,True,184.0,169.96514039197768,-14.034859608022316,14.034859608022316,2021-05-03 08:30:00,2021-05-03 13:30:00,300.0,300.0
D1,F1-3-five-workdays-ridge,0,16,2021-05-04,96,1.0,True,181.0,181.42087438210797,0.4208743821079679,0.4208743821079679,2021-05-04 08:30:00,2021-05-04 13:45:00,315.0,315.0
D1,F1-3-five-workdays-ridge,0,16,2021-05-05,96,1.0,True,120.0,158.2090103353088,38.20901033530879,38.20901033530879,2021-05-05 04:15:00,2021-05-05 08:30:00,255.0,255.0
D1,F1-3-five-workdays-ridge,0,16,2021-05-06,96,1.0,True,199.0,170.31454666210018,-28.685453337899816,28.685453337899816,2021-05-06 09:00:00,2021-05-06 13:30:00,270.0,270.0
D1,F1-3-five-workdays-ridge,0,16,2021-05-07,96,1.0,True,181.0,164.581435751411,-16.418564248589007,16.418564248589007,2021-05-07 09:00:00,2021-05-07 14:30:00,330.0,330.0
D1,F1-3-five-workdays-ridge,0,16,2021-05-08,96,1.0,True,115.0,102.1258170817361,-12.874182918263898,12.874182918263898,2021-05-08 02:00:00,2021-05-08 06:15:00,255.0,255.0
D1,F1-3-five-workdays-ridge,0,16,2021-05-09,96,1.0,True,184.0,106.84577255970243,-77.15422744029757,77.15422744029757,2021-05-09 09:00:00,2021-05-09 13:30:00,270.0,270.0
D1,F1-3-five-workdays-ridge,1,4,2021-05-31,96,1.0,True,172.0,173.0665050524052,1.0665050524052049,1.0665050524052049,2021-05-31 10:30:00,2021-05-31 09:45:00,-45.0,45.0
D1,F1-3-five-workdays-ridge,1,4,2021-06-01,96,1.0,True,195.0,187.52881934319743,-7.471180656802574,7.471180656802574,2021-06-01 09:00:00,2021-06-01 11:30:00,150.0,150.0
D1,F1-3-five-workdays-ridge,1,4,2021-06-02,96,1.0,True,191.0,193.95690751743655,2.956907517436548,2.956907517436548,2021-06-02 10:45:00,2021-06-02 11:45:00,60.0,60.0
D1,F1-3-five-workdays-ridge,1,4,2021-06-03,96,1.0,True,181.0,177.50047258309525,-3.4995274169047548,3.4995274169047548,2021-06-03 08:30:00,2021-06-03 09:45:00,75.0,75.0
D1,F1-3-five-workdays-ridge,1,4,2021-06-04,96,1.0,True,173.0,175.64392718121562,2.6439271812156164,2.6439271812156164,2021-06-04 10:45:00,2021-06-04 11:45:00,60.0,60.0
D1,F1-3-five-workdays-ridge,1,4,2021-06-05,96,1.0,True,116.0,107.86770261705635,-8.132297382943648,8.132297382943648,2021-06-05 01:45:00,2021-06-05 02:45:00,60.0,60.0
D1,F1-3-five-workdays-ridge,1,4,2021-06-06,96,1.0,True,27.0,41.34990850775801,14.349908507758009,14.349908507758009,2021-06-06 01:30:00,2021-06-06 08:45:00,435.0,435.0
D1,F1-3-five-workdays-ridge,1,4,2021-06-14,96,1.0,True,204.0,190.77567972419064,-13.224320275809362,13.224320275809362,2021-06-14 09:00:00,2021-06-14 10:00:00,60.0,60.0
D1,F1-3-five-workdays-ridge,1,4,2021-06-15,96,1.0,True,198.0,196.75195078009173,-1.2480492199082676,1.2480492199082676,2021-06-15 08:45:00,2021-06-15 09:45:00,60.0,60.0
D1,F1-3-five-workdays-ridge,1,4,2021-06-16,96,1.0,True,193.0,196.21310651059673,3.213106510596731,3.213106510596731,2021-06-16 10:45:00,2021-06-16 11:45:00,60.0,60.0
D1,F1-3-five-workdays-ridge,1,4,2021-06-17,96,1.0,True,197.0,195.18971450780623,-1.8102854921937706,1.8102854921937706,2021-06-17 08:45:00,2021-06-17 09:45:00,60.0,60.0
D1,F1-3-five-workdays-ridge,1,4,2021-06-18,96,1.0,True,186.0,181.35057083752207,-4.649429162477929,4.649429162477929,2021-06-18 10:00:00,2021-06-18 11:00:00,60.0,60.0
D1,F1-3-five-workdays-ridge,1,4,2021-06-19,96,1.0,True,119.0,111.30711820149742,-7.692881798502583,7.692881798502583,2021-06-19 02:15:00,2021-06-19 02:30:00,15.0,15.0
D1,F1-3-five-workdays-ridge,1,4,2021-06-20,96,1.0,True,28.0,42.24870132641311,14.248701326413112,14.248701326413112,2021-06-20 15:15:00,2021-06-20 09:30:00,-345.0,345.0
D1,F1-3-five-workdays-ridge,1,5,2021-05-31,96,1.0,True,172.0,173.3084093306561,1.3084093306561044,1.3084093306561044,2021-05-31 10:30:00,2021-05-31 11:45:00,75.0,75.0
D1,F1-3-five-workdays-ridge,1,5,2021-06-01,96,1.0,True,195.0,186.04039800852212,-8.959601991477882,8.959601991477882,2021-06-01 09:00:00,2021-06-01 11:45:00,165.0,165.0
D1,F1-3-five-workdays-ridge,1,5,2021-06-02,96,1.0,True,191.0,190.461327020481,-0.5386729795189922,0.5386729795189922,2021-06-02 10:45:00,2021-06-02 12:00:00,75.0,75.0
D1,F1-3-five-workdays-ridge,1,5,2021-06-03,96,1.0,True,181.0,178.68990664898482,-2.3100933510151833,2.3100933510151833,2021-06-03 08:30:00,2021-06-03 09:45:00,75.0,75.0
D1,F1-3-five-workdays-ridge,1,5,2021-06-04,96,1.0,True,173.0,174.34392691097156,1.343926910971561,1.343926910971561,2021-06-04 10:45:00,2021-06-04 12:00:00,75.0,75.0
D1,F1-3-five-workdays-ridge,1,5,2021-06-05,96,1.0,True,116.0,106.06775578543349,-9.93224421456651,9.93224421456651,2021-06-05 01:45:00,2021-06-05 03:00:00,75.0,75.0
D1,F1-3-five-workdays-ridge,1,5,2021-06-06,96,1.0,True,27.0,43.173955619324026,16.173955619324026,16.173955619324026,2021-06-06 01:30:00,2021-06-06 09:00:00,450.0,450.0
D1,F1-3-five-workdays-ridge,1,5,2021-06-14,96,1.0,True,204.0,185.34393865634075,-18.656061343659246,18.656061343659246,2021-06-14 09:00:00,2021-06-14 10:30:00,90.0,90.0
D1,F1-3-five-workdays-ridge,1,5,2021-06-15,96,1.0,True,198.0,194.3017107485808,-3.6982892514191974,3.6982892514191974,2021-06-15 08:45:00,2021-06-15 10:00:00,75.0,75.0
D1,F1-3-five-workdays-ridge,1,5,2021-06-16,96,1.0,True,193.0,195.97218569693524,2.9721856969352416,2.9721856969352416,2021-06-16 10:45:00,2021-06-16 12:00:00,75.0,75.0
D1,F1-3-five-workdays-ridge,1,5,2021-06-17,96,1.0,True,197.0,195.04133697309084,-1.9586630269091643,1.9586630269091643,2021-06-17 08:45:00,2021-06-17 10:00:00,75.0,75.0
D1,F1-3-five-workdays-ridge,1,5,2021-06-18,96,1.0,True,186.0,185.51339330653707,-0.4866066934629316,0.4866066934629316,2021-06-18 10:00:00,2021-06-18 11:15:00,75.0,75.0
D1,F1-3-five-workdays-ridge,1,5,2021-06-19,96,1.0,True,119.0,110.39825007449755,-8.601749925502446,8.601749925502446,2021-06-19 02:15:00,2021-06-19 03:45:00,90.0,90.0
D1,F1-3-five-workdays-ridge,1,5,2021-06-20,96,1.0,True,28.0,44.08876139498943,16.088761394989433,16.088761394989433,2021-06-20 15:15:00,2021-06-20 10:00:00,-315.0,315.0
D1,F1-3-five-workdays-ridge,1,6,2021-05-31,96,1.0,True,172.0,172.1784381418781,0.1784381418781038,0.1784381418781038,2021-05-31 10:30:00,2021-05-31 12:00:00,90.0,90.0
D1,F1-3-five-workdays-ridge,1,6,2021-06-01,96,1.0,True,195.0,191.23356777823517,-3.7664322217648305,3.7664322217648305,2021-06-01 09:00:00,2021-06-01 10:30:00,90.0,90.0
D1,F1-3-five-workdays-ridge,1,6,2021-06-02,96,1.0,True,191.0,181.2677757288422,-9.732224271157804,9.732224271157804,2021-06-02 10:45:00,2021-06-02 11:00:00,15.0,15.0
D1,F1-3-five-workdays-ridge,1,6,2021-06-03,96,1.0,True,181.0,179.63970595494814,-1.3602940450518588,1.3602940450518588,2021-06-03 08:30:00,2021-06-03 10:00:00,90.0,90.0
D1,F1-3-five-workdays-ridge,1,6,2021-06-04,96,1.0,True,173.0,167.68678430671713,-5.313215693282871,5.313215693282871,2021-06-04 10:45:00,2021-06-04 11:30:00,45.0,45.0
D1,F1-3-five-workdays-ridge,1,6,2021-06-05,96,1.0,True,116.0,105.86717404849678,-10.132825951503222,10.132825951503222,2021-06-05 01:45:00,2021-06-05 04:15:00,150.0,150.0
D1,F1-3-five-workdays-ridge,1,6,2021-06-06,96,1.0,True,27.0,43.19701894106962,16.197018941069622,16.197018941069622,2021-06-06 01:30:00,2021-06-06 09:15:00,465.0,465.0
D1,F1-3-five-workdays-ridge,1,6,2021-06-14,96,1.0,True,204.0,191.15295848641946,-12.847041513580535,12.847041513580535,2021-06-14 09:00:00,2021-06-14 10:30:00,90.0,90.0
D1,F1-3-five-workdays-ridge,1,6,2021-06-15,96,1.0,True,198.0,190.88943857186518,-7.110561428134815,7.110561428134815,2021-06-15 08:45:00,2021-06-15 10:00:00,75.0,75.0
D1,F1-3-five-workdays-ridge,1,6,2021-06-16,96,1.0,True,193.0,189.1413483966992,-3.858651603300814,3.858651603300814,2021-06-16 10:45:00,2021-06-16 11:30:00,45.0,45.0
D1,F1-3-five-workdays-ridge,1,6,2021-06-17,96,1.0,True,197.0,192.11993965571435,-4.880060344285653,4.880060344285653,2021-06-17 08:45:00,2021-06-17 10:45:00,120.0,120.0
D1,F1-3-five-workdays-ridge,1,6,2021-06-18,96,1.0,True,186.0,184.10640953126403,-1.8935904687359653,1.8935904687359653,2021-06-18 10:00:00,2021-06-18 11:30:00,90.0,90.0
D1,F1-3-five-workdays-ridge,1,6,2021-06-19,96,1.0,True,119.0,110.26706886054299,-8.732931139457008,8.732931139457008,2021-06-19 02:15:00,2021-06-19 03:45:00,90.0,90.0
D1,F1-3-five-workdays-ridge,1,6,2021-06-20,96,1.0,True,28.0,46.54807955144664,18.54807955144664,18.54807955144664,2021-06-20 15:15:00,2021-06-20 10:00:00,-315.0,315.0
D1,F1-3-five-workdays-ridge,1,7,2021-05-31,96,1.0,True,172.0,169.87918431414218,-2.1208156858578207,2.1208156858578207,2021-05-31 10:30:00,2021-05-31 11:15:00,45.0,45.0
D1,F1-3-five-workdays-ridge,1,7,2021-06-01,96,1.0,True,195.0,192.13346558575955,-2.866534414240448,2.866534414240448,2021-06-01 09:00:00,2021-06-01 10:45:00,105.0,105.0
D1,F1-3-five-workdays-ridge,1,7,2021-06-02,96,1.0,True,191.0,180.84517317710709,-10.154826822892915,10.154826822892915,2021-06-02 10:45:00,2021-06-02 11:45:00,60.0,60.0
D1,F1-3-five-workdays-ridge,1,7,2021-06-03,96,1.0,True,181.0,178.25158628304897,-2.7484137169510348,2.7484137169510348,2021-06-03 08:30:00,2021-06-03 11:00:00,150.0,150.0
D1,F1-3-five-workdays-ridge,1,7,2021-06-04,96,1.0,True,173.0,168.26172798919754,-4.738272010802461,4.738272010802461,2021-06-04 10:45:00,2021-06-04 11:45:00,60.0,60.0
D1,F1-3-five-workdays-ridge,1,7,2021-06-05,96,1.0,True,116.0,105.78134331157477,-10.218656688425227,10.218656688425227,2021-06-05 01:45:00,2021-06-05 06:15:00,270.0,270.0
D1,F1-3-five-workdays-ridge,1,7,2021-06-06,96,1.0,True,27.0,43.9156505726333,16.915650572633297,16.915650572633297,2021-06-06 01:30:00,2021-06-06 09:30:00,480.0,480.0
D1,F1-3-five-workdays-ridge,1,7,2021-06-14,96,1.0,True,204.0,187.31437464113804,-16.685625358861955,16.685625358861955,2021-06-14 09:00:00,2021-06-14 11:00:00,120.0,120.0
D1,F1-3-five-workdays-ridge,1,7,2021-06-15,96,1.0,True,198.0,193.1129732138191,-4.887026786180911,4.887026786180911,2021-06-15 08:45:00,2021-06-15 11:15:00,150.0,150.0
D1,F1-3-five-workdays-ridge,1,7,2021-06-16,96,1.0,True,193.0,192.0261236551624,-0.9738763448376062,0.9738763448376062,2021-06-16 10:45:00,2021-06-16 11:45:00,60.0,60.0
D1,F1-3-five-workdays-ridge,1,7,2021-06-17,96,1.0,True,197.0,193.80151239542207,-3.1984876045779345,3.1984876045779345,2021-06-17 08:45:00,2021-06-17 10:45:00,120.0,120.0
D1,F1-3-five-workdays-ridge,1,7,2021-06-18,96,1.0,True,186.0,182.6292373273426,-3.3707626726574063,3.3707626726574063,2021-06-18 10:00:00,2021-06-18 11:45:00,105.0,105.0
D1,F1-3-five-workdays-ridge,1,7,2021-06-19,96,1.0,True,119.0,111.18177474296203,-7.818225257037966,7.818225257037966,2021-06-19 02:15:00,2021-06-19 04:45:00,150.0,150.0
D1,F1-3-five-workdays-ridge,1,7,2021-06-20,96,1.0,True,28.0,46.106698749548826,18.106698749548826,18.106698749548826,2021-06-20 15:15:00,2021-06-20 10:00:00,-315.0,315.0
D1,F1-3-five-workdays-ridge,1,8,2021-05-31,96,1.0,True,172.0,170.6865481222901,-1.3134518777098947,1.3134518777098947,2021-05-31 10:30:00,2021-05-31 11:15:00,45.0,45.0
D1,F1-3-five-workdays-ridge,1,8,2021-06-01,96,1.0,True,195.0,192.6014622226187,-2.398537777381307,2.398537777381307,2021-06-01 09:00:00,2021-06-01 11:00:00,120.0,120.0
D1,F1-3-five-workdays-ridge,1,8,2021-06-02,96,1.0,True,191.0,181.10751869483767,-9.892481305162335,9.892481305162335,2021-06-02 10:45:00,2021-06-02 11:45:00,60.0,60.0
D1,F1-3-five-workdays-ridge,1,8,2021-06-03,96,1.0,True,181.0,177.69575632085545,-3.304243679144548,3.304243679144548,2021-06-03 08:30:00,2021-06-03 11:00:00,150.0,150.0
D1,F1-3-five-workdays-ridge,1,8,2021-06-04,96,1.0,True,173.0,166.7852198209518,-6.214780179048205,6.214780179048205,2021-06-04 10:45:00,2021-06-04 12:00:00,75.0,75.0
D1,F1-3-five-workdays-ridge,1,8,2021-06-05,96,1.0,True,116.0,105.61583356541325,-10.384166434586746,10.384166434586746,2021-06-05 01:45:00,2021-06-05 06:15:00,270.0,270.0
D1,F1-3-five-workdays-ridge,1,8,2021-06-06,96,1.0,True,27.0,44.218333673055184,17.218333673055184,17.218333673055184,2021-06-06 01:30:00,2021-06-06 10:00:00,510.0,510.0
D1,F1-3-five-workdays-ridge,1,8,2021-06-14,96,1.0,True,204.0,190.5179753636391,-13.482024636360904,13.482024636360904,2021-06-14 09:00:00,2021-06-14 11:00:00,120.0,120.0
D1,F1-3-five-workdays-ridge,1,8,2021-06-15,96,1.0,True,198.0,193.2114054868391,-4.788594513160888,4.788594513160888,2021-06-15 08:45:00,2021-06-15 11:30:00,165.0,165.0
D1,F1-3-five-workdays-ridge,1,8,2021-06-16,96,1.0,True,193.0,191.2126329782206,-1.7873670217794029,1.7873670217794029,2021-06-16 10:45:00,2021-06-16 12:00:00,75.0,75.0
D1,F1-3-five-workdays-ridge,1,8,2021-06-17,96,1.0,True,197.0,195.99149801364132,-1.0085019863586808,1.0085019863586808,2021-06-17 08:45:00,2021-06-17 10:45:00,120.0,120.0
D1,F1-3-five-workdays-ridge,1,8,2021-06-18,96,1.0,True,186.0,180.38544513415144,-5.614554865848561,5.614554865848561,2021-06-18 10:00:00,2021-06-18 12:00:00,120.0,120.0
D1,F1-3-five-workdays-ridge,1,8,2021-06-19,96,1.0,True,119.0,110.2425360880945,-8.757463911905504,8.757463911905504,2021-06-19 02:15:00,2021-06-19 04:45:00,150.0,150.0
D1,F1-3-five-workdays-ridge,1,8,2021-06-20,96,1.0,True,28.0,46.15360301422273,18.153603014222732,18.153603014222732,2021-06-20 15:15:00,2021-06-20 10:00:00,-315.0,315.0
D1,F1-3-five-workdays-ridge,1,9,2021-05-31,96,1.0,True,172.0,171.7827813143415,-0.21721868565850855,0.21721868565850855,2021-05-31 10:30:00,2021-05-31 11:00:00,30.0,30.0
D1,F1-3-five-workdays-ridge,1,9,2021-06-01,96,1.0,True,195.0,190.2841876059747,-4.715812394025306,4.715812394025306,2021-06-01 09:00:00,2021-06-01 11:15:00,135.0,135.0
D1,F1-3-five-workdays-ridge,1,9,2021-06-02,96,1.0,True,191.0,183.75803721026517,-7.241962789734828,7.241962789734828,2021-06-02 10:45:00,2021-06-02 13:15:00,150.0,150.0
D1,F1-3-five-workdays-ridge,1,9,2021-06-03,96,1.0,True,181.0,179.22331899834595,-1.7766810016540546,1.7766810016540546,2021-06-03 08:30:00,2021-06-03 11:00:00,150.0,150.0
D1,F1-3-five-workdays-ridge,1,9,2021-06-04,96,1.0,True,173.0,165.2572927689041,-7.742707231095892,7.742707231095892,2021-06-04 10:45:00,2021-06-04 13:15:00,150.0,150.0
D1,F1-3-five-workdays-ridge,1,9,2021-06-05,96,1.0,True,116.0,107.08485393837408,-8.915146061625919,8.915146061625919,2021-06-05 01:45:00,2021-06-05 06:15:00,270.0,270.0
D1,F1-3-five-workdays-ridge,1,9,2021-06-06,96,1.0,True,27.0,44.28739735173867,17.28739735173867,17.28739735173867,2021-06-06 01:30:00,2021-06-06 10:00:00,510.0,510.0
D1,F1-3-five-workdays-ridge,1,9,2021-06-14,96,1.0,True,204.0,191.8752057256089,-12.124794274391093,12.124794274391093,2021-06-14 09:00:00,2021-06-14 11:15:00,135.0,135.0
D1,F1-3-five-workdays-ridge,1,9,2021-06-15,96,1.0,True,198.0,194.3459041081976,-3.654095891802399,3.654095891802399,2021-06-15 08:45:00,2021-06-15 11:45:00,180.0,180.0
D1,F1-3-five-workdays-ridge,1,9,2021-06-16,96,1.0,True,193.0,190.10730018902615,-2.892699810973852,2.892699810973852,2021-06-16 10:45:00,2021-06-16 10:45:00,0.0,0.0
D1,F1-3-five-workdays-ridge,1,9,2021-06-17,96,1.0,True,197.0,193.84304170764545,-3.1569582923545454,3.1569582923545454,2021-06-17 08:45:00,2021-06-17 11:00:00,135.0,135.0
D1,F1-3-five-workdays-ridge,1,9,2021-06-18,96,1.0,True,186.0,179.4717087004326,-6.5282912995674,6.5282912995674,2021-06-18 10:00:00,2021-06-18 11:15:00,75.0,75.0
D1,F1-3-five-workdays-ridge,1,9,2021-06-19,96,1.0,True,119.0,110.73316354261341,-8.266836457386589,8.266836457386589,2021-06-19 02:15:00,2021-06-19 03:45:00,90.0,90.0
D1,F1-3-five-workdays-ridge,1,9,2021-06-20,96,1.0,True,28.0,45.36398651606709,17.363986516067087,17.363986516067087,2021-06-20 15:15:00,2021-06-20 10:00:00,-315.0,315.0
D1,F1-3-five-workdays-ridge,1,10,2021-05-31,96,1.0,True,172.0,175.49089545734444,3.490895457344436,3.490895457344436,2021-05-31 10:30:00,2021-05-31 11:15:00,45.0,45.0
D1,F1-3-five-workdays-ridge,1,10,2021-06-01,96,1.0,True,195.0,188.4439272095152,-6.556072790484791,6.556072790484791,2021-06-01 09:00:00,2021-06-01 11:30:00,150.0,150.0
D1,F1-3-five-workdays-ridge,1,10,2021-06-02,96,1.0,True,191.0,188.42964909784257,-2.570350902157429,2.570350902157429,2021-06-02 10:45:00,2021-06-02 13:30:00,165.0,165.0
D1,F1-3-five-workdays-ridge,1,10,2021-06-03,96,1.0,True,181.0,181.00405809158917,0.0040580915891723635,0.0040580915891723635,2021-06-03 08:30:00,2021-06-03 11:00:00,150.0,150.0
D1,F1-3-five-workdays-ridge,1,10,2021-06-04,96,1.0,True,173.0,171.11650001747674,-1.8834999825232615,1.8834999825232615,2021-06-04 10:45:00,2021-06-04 13:30:00,165.0,165.0
D1,F1-3-five-workdays-ridge,1,10,2021-06-05,96,1.0,True,116.0,109.03398394470577,-6.966016055294233,6.966016055294233,2021-06-05 01:45:00,2021-06-05 04:15:00,150.0,150.0
D1,F1-3-five-workdays-ridge,1,10,2021-06-06,96,1.0,True,27.0,44.6279007815212,17.6279007815212,17.6279007815212,2021-06-06 01:30:00,2021-06-06 11:00:00,570.0,570.0
D1,F1-3-five-workdays-ridge,1,10,2021-06-14,96,1.0,True,204.0,190.90140616483595,-13.098593835164053,13.098593835164053,2021-06-14 09:00:00,2021-06-14 11:30:00,150.0,150.0
D1,F1-3-five-workdays-ridge,1,10,2021-06-15,96,1.0,True,198.0,194.13395034188014,-3.866049658119863,3.866049658119863,2021-06-15 08:45:00,2021-06-15 12:00:00,195.0,195.0
D1,F1-3-five-workdays-ridge,1,10,2021-06-16,96,1.0,True,193.0,185.88948494756522,-7.110515052434778,7.110515052434778,2021-06-16 10:45:00,2021-06-16 11:00:00,15.0,15.0
D1,F1-3-five-workdays-ridge,1,10,2021-06-17,96,1.0,True,197.0,190.31290520097798,-6.68709479902202,6.68709479902202,2021-06-17 08:45:00,2021-06-17 11:00:00,135.0,135.0
D1,F1-3-five-workdays-ridge,1,10,2021-06-18,96,1.0,True,186.0,177.3580371048394,-8.641962895160589,8.641962895160589,2021-06-18 10:00:00,2021-06-18 11:30:00,90.0,90.0
D1,F1-3-five-workdays-ridge,1,10,2021-06-19,96,1.0,True,119.0,109.78087363217931,-9.219126367820692,9.219126367820692,2021-06-19 02:15:00,2021-06-19 06:00:00,225.0,225.0
D1,F1-3-five-workdays-ridge,1,10,2021-06-20,96,1.0,True,28.0,45.71374925389449,17.71374925389449,17.71374925389449,2021-06-20 15:15:00,2021-06-20 10:00:00,-315.0,315.0
D1,F1-3-five-workdays-ridge,1,11,2021-05-31,96,1.0,True,172.0,172.57646883979913,0.5764688397991335,0.5764688397991335,2021-05-31 10:30:00,2021-05-31 11:30:00,60.0,60.0
D1,F1-3-five-workdays-ridge,1,11,2021-06-01,96,1.0,True,195.0,185.91483972110754,-9.08516027889246,9.08516027889246,2021-06-01 09:00:00,2021-06-01 11:45:00,165.0,165.0
D1,F1-3-five-workdays-ridge,1,11,2021-06-02,96,1.0,True,191.0,189.2661235883869,-1.733876411613096,1.733876411613096,2021-06-02 10:45:00,2021-06-02 13:30:00,165.0,165.0
D1,F1-3-five-workdays-ridge,1,11,2021-06-03,96,1.0,True,181.0,180.35027477376116,-0.6497252262388429,0.6497252262388429,2021-06-03 08:30:00,2021-06-03 11:15:00,165.0,165.0
D1,F1-3-five-workdays-ridge,1,11,2021-06-04,96,1.0,True,173.0,173.10097951328174,0.10097951328174304,0.10097951328174304,2021-06-04 10:45:00,2021-06-04 13:30:00,165.0,165.0
D1,F1-3-five-workdays-ridge,1,11,2021-06-05,96,1.0,True,116.0,108.37783259752474,-7.622167402475256,7.622167402475256,2021-06-05 01:45:00,2021-06-05 04:30:00,165.0,165.0
D1,F1-3-five-workdays-ridge,1,11,2021-06-06,96,1.0,True,27.0,45.22422779552178,18.224227795521777,18.224227795521777,2021-06-06 01:30:00,2021-06-06 10:45:00,555.0,555.0
D1,F1-3-five-workdays-ridge,1,11,2021-06-14,96,1.0,True,204.0,189.68087515301323,-14.319124846986767,14.319124846986767,2021-06-14 09:00:00,2021-06-14 11:30:00,150.0,150.0
D1,F1-3-five-workdays-ridge,1,11,2021-06-15,96,1.0,True,198.0,194.72922828929904,-3.2707717107009557,3.2707717107009557,2021-06-15 08:45:00,2021-06-15 11:30:00,165.0,165.0
D1,F1-3-five-workdays-ridge,1,11,2021-06-16,96,1.0,True,193.0,190.427297282672,-2.5727027173280135,2.5727027173280135,2021-06-16 10:45:00,2021-06-16 13:45:00,180.0,180.0
D1,F1-3-five-workdays-ridge,1,11,2021-06-17,96,1.0,True,197.0,185.64148206075117,-11.358517939248827,11.358517939248827,2021-06-17 08:45:00,2021-06-17 11:45:00,180.0,180.0
D1,F1-3-five-workdays-ridge,1,11,2021-06-18,96,1.0,True,186.0,176.7731101905014,-9.226889809498601,9.226889809498601,2021-06-18 10:00:00,2021-06-18 11:45:00,105.0,105.0
D1,F1-3-five-workdays-ridge,1,11,2021-06-19,96,1.0,True,119.0,110.25489732649274,-8.745102673507262,8.745102673507262,2021-06-19 02:15:00,2021-06-19 04:30:00,135.0,135.0
D1,F1-3-five-workdays-ridge,1,11,2021-06-20,96,1.0,True,28.0,45.46722483089269,17.46722483089269,17.46722483089269,2021-06-20 15:15:00,2021-06-20 11:30:00,-225.0,225.0
D1,F1-3-five-workdays-ridge,1,12,2021-05-31,96,1.0,True,172.0,174.3215289781025,2.321528978102492,2.321528978102492,2021-05-31 10:30:00,2021-05-31 11:45:00,75.0,75.0
D1,F1-3-five-workdays-ridge,1,12,2021-06-01,96,1.0,True,195.0,184.3920954991244,-10.607904500875605,10.607904500875605,2021-06-01 09:00:00,2021-06-01 14:00:00,300.0,300.0
D1,F1-3-five-workdays-ridge,1,12,2021-06-02,96,1.0,True,191.0,186.77195012897192,-4.228049871028077,4.228049871028077,2021-06-02 10:45:00,2021-06-02 13:45:00,180.0,180.0
D1,F1-3-five-workdays-ridge,1,12,2021-06-03,96,1.0,True,181.0,176.76162932263352,-4.2383706773664755,4.2383706773664755,2021-06-03 08:30:00,2021-06-03 11:30:00,180.0,180.0
D1,F1-3-five-workdays-ridge,1,12,2021-06-04,96,1.0,True,173.0,172.99253061423764,-0.00746938576236289,0.00746938576236289,2021-06-04 10:45:00,2021-06-04 13:45:00,180.0,180.0
D1,F1-3-five-workdays-ridge,1,12,2021-06-05,96,1.0,True,116.0,105.57242692293572,-10.427573077064281,10.427573077064281,2021-06-05 01:45:00,2021-06-05 04:45:00,180.0,180.0
D1,F1-3-five-workdays-ridge,1,12,2021-06-06,96,1.0,True,27.0,46.893561690126376,19.893561690126376,19.893561690126376,2021-06-06 01:30:00,2021-06-06 11:00:00,570.0,570.0
D1,F1-3-five-workdays-ridge,1,12,2021-06-14,96,1.0,True,204.0,188.38388449911992,-15.616115500880085,15.616115500880085,2021-06-14 09:00:00,2021-06-14 11:45:00,165.0,165.0
D1,F1-3-five-workdays-ridge,1,12,2021-06-15,96,1.0,True,198.0,197.32349003832087,-0.6765099616791304,0.6765099616791304,2021-06-15 08:45:00,2021-06-15 11:45:00,180.0,180.0
D1,F1-3-five-workdays-ridge,1,12,2021-06-16,96,1.0,True,193.0,192.178917738134,-0.8210822618659961,0.8210822618659961,2021-06-16 10:45:00,2021-06-16 14:00:00,195.0,195.0
D1,F1-3-five-workdays-ridge,1,12,2021-06-17,96,1.0,True,197.0,189.97351916462569,-7.026480835374315,7.026480835374315,2021-06-17 08:45:00,2021-06-17 11:45:00,180.0,180.0
D1,F1-3-five-workdays-ridge,1,12,2021-06-18,96,1.0,True,186.0,174.69191444962175,-11.308085550378252,11.308085550378252,2021-06-18 10:00:00,2021-06-18 12:00:00,120.0,120.0
D1,F1-3-five-workdays-ridge,1,12,2021-06-19,96,1.0,True,119.0,112.39824065167393,-6.60175934832607,6.60175934832607,2021-06-19 02:15:00,2021-06-19 04:45:00,150.0,150.0
D1,F1-3-five-workdays-ridge,1,12,2021-06-20,96,1.0,True,28.0,46.633536405862614,18.633536405862614,18.633536405862614,2021-06-20 15:15:00,2021-06-20 11:30:00,-225.0,225.0
D1,F1-3-five-workdays-ridge,1,13,2021-05-31,96,1.0,True,172.0,174.09867362112652,2.0986736211265224,2.0986736211265224,2021-05-31 10:30:00,2021-05-31 12:00:00,90.0,90.0
D1,F1-3-five-workdays-ridge,1,13,2021-06-01,96,1.0,True,195.0,182.71804218597305,-12.281957814026953,12.281957814026953,2021-06-01 09:00:00,2021-06-01 14:15:00,315.0,315.0
D1,F1-3-five-workdays-ridge,1,13,2021-06-02,96,1.0,True,191.0,181.2494710619684,-9.750528938031607,9.750528938031607,2021-06-02 10:45:00,2021-06-02 14:15:00,210.0,210.0
D1,F1-3-five-workdays-ridge,1,13,2021-06-03,96,1.0,True,181.0,175.12050008069028,-5.879499919309723,5.879499919309723,2021-06-03 08:30:00,2021-06-03 11:45:00,195.0,195.0
D1,F1-3-five-workdays-ridge,1,13,2021-06-04,96,1.0,True,173.0,167.89400287450252,-5.105997125497481,5.105997125497481,2021-06-04 10:45:00,2021-06-04 14:00:00,195.0,195.0
D1,F1-3-five-workdays-ridge,1,13,2021-06-05,96,1.0,True,116.0,105.45027986310025,-10.54972013689975,10.54972013689975,2021-06-05 01:45:00,2021-06-05 05:00:00,195.0,195.0
D1,F1-3-five-workdays-ridge,1,13,2021-06-06,96,1.0,True,27.0,47.61287351314365,20.612873513143647,20.612873513143647,2021-06-06 01:30:00,2021-06-06 11:00:00,570.0,570.0
D1,F1-3-five-workdays-ridge,1,13,2021-06-14,96,1.0,True,204.0,186.12805589583166,-17.871944104168335,17.871944104168335,2021-06-14 09:00:00,2021-06-14 12:00:00,180.0,180.0
D1,F1-3-five-workdays-ridge,1,13,2021-06-15,96,1.0,True,198.0,196.15178255722938,-1.8482174427706184,1.8482174427706184,2021-06-15 08:45:00,2021-06-15 12:00:00,195.0,195.0
D1,F1-3-five-workdays-ridge,1,13,2021-06-16,96,1.0,True,193.0,193.11339960093176,0.11339960093175705,0.11339960093175705,2021-06-16 10:45:00,2021-06-16 14:00:00,195.0,195.0
D1,F1-3-five-workdays-ridge,1,13,2021-06-17,96,1.0,True,197.0,187.07637512337402,-9.92362487662598,9.92362487662598,2021-06-17 08:45:00,2021-06-17 12:00:00,195.0,195.0
D1,F1-3-five-workdays-ridge,1,13,2021-06-18,96,1.0,True,186.0,173.07002257396738,-12.929977426032622,12.929977426032622,2021-06-18 10:00:00,2021-06-18 13:15:00,195.0,195.0
D1,F1-3-five-workdays-ridge,1,13,2021-06-19,96,1.0,True,119.0,111.81010327388265,-7.189896726117354,7.189896726117354,2021-06-19 02:15:00,2021-06-19 04:45:00,150.0,150.0
D1,F1-3-five-workdays-ridge,1,13,2021-06-20,96,1.0,True,28.0,45.978182077204686,17.978182077204686,17.978182077204686,2021-06-20 15:15:00,2021-06-20 08:30:00,-405.0,405.0
D1,F1-3-five-workdays-ridge,1,14,2021-05-31,96,1.0,True,172.0,165.71640600051657,-6.283593999483429,6.283593999483429,2021-05-31 10:30:00,2021-05-31 14:00:00,210.0,210.0
D1,F1-3-five-workdays-ridge,1,14,2021-06-01,96,1.0,True,195.0,186.18256576348256,-8.817434236517443,8.817434236517443,2021-06-01 09:00:00,2021-06-01 14:30:00,330.0,330.0
D1,F1-3-five-workdays-ridge,1,14,2021-06-02,96,1.0,True,191.0,184.6484486003266,-6.351551399673411,6.351551399673411,2021-06-02 10:45:00,2021-06-02 14:30:00,225.0,225.0
D1,F1-3-five-workdays-ridge,1,14,2021-06-03,96,1.0,True,181.0,174.483930535863,-6.51606946413699,6.51606946413699,2021-06-03 08:30:00,2021-06-03 12:00:00,210.0,210.0
D1,F1-3-five-workdays-ridge,1,14,2021-06-04,96,1.0,True,173.0,164.7646546820527,-8.235345317947292,8.235345317947292,2021-06-04 10:45:00,2021-06-04 14:15:00,210.0,210.0
D1,F1-3-five-workdays-ridge,1,14,2021-06-05,96,1.0,True,116.0,107.73105867014824,-8.268941329851756,8.268941329851756,2021-06-05 01:45:00,2021-06-05 06:15:00,270.0,270.0
D1,F1-3-five-workdays-ridge,1,14,2021-06-06,96,1.0,True,27.0,46.819103733058995,19.819103733058995,19.819103733058995,2021-06-06 01:30:00,2021-06-06 11:15:00,585.0,585.0
D1,F1-3-five-workdays-ridge,1,14,2021-06-14,96,1.0,True,204.0,179.41438923897908,-24.585610761020916,24.585610761020916,2021-06-14 09:00:00,2021-06-14 13:15:00,255.0,255.0
D1,F1-3-five-workdays-ridge,1,14,2021-06-15,96,1.0,True,198.0,191.3173895347565,-6.682610465243499,6.682610465243499,2021-06-15 08:45:00,2021-06-15 12:00:00,195.0,195.0
D1,F1-3-five-workdays-ridge,1,14,2021-06-16,96,1.0,True,193.0,189.1624943306727,-3.8375056693272995,3.8375056693272995,2021-06-16 10:45:00,2021-06-16 14:15:00,210.0,210.0
D1,F1-3-five-workdays-ridge,1,14,2021-06-17,96,1.0,True,197.0,179.47560555024063,-17.52439444975937,17.52439444975937,2021-06-17 08:45:00,2021-06-17 12:00:00,195.0,195.0
D1,F1-3-five-workdays-ridge,1,14,2021-06-18,96,1.0,True,186.0,171.7205389920432,-14.279461007956797,14.279461007956797,2021-06-18 10:00:00,2021-06-18 13:30:00,210.0,210.0
D1,F1-3-five-workdays-ridge,1,14,2021-06-19,96,1.0,True,119.0,109.34910331847811,-9.650896681521886,9.650896681521886,2021-06-19 02:15:00,2021-06-19 06:00:00,225.0,225.0
D1,F1-3-five-workdays-ridge,1,14,2021-06-20,96,1.0,True,28.0,46.413356803498075,18.413356803498075,18.413356803498075,2021-06-20 15:15:00,2021-06-20 08:30:00,-405.0,405.0
D1,F1-3-five-workdays-ridge,1,15,2021-05-31,96,1.0,True,172.0,167.4141864385254,-4.585813561474595,4.585813561474595,2021-05-31 10:30:00,2021-05-31 14:30:00,240.0,240.0
D1,F1-3-five-workdays-ridge,1,15,2021-06-01,96,1.0,True,195.0,184.74665430772188,-10.253345692278117,10.253345692278117,2021-06-01 09:00:00,2021-06-01 14:45:00,345.0,345.0
D1,F1-3-five-workdays-ridge,1,15,2021-06-02,96,1.0,True,191.0,183.16272783037394,-7.837272169626061,7.837272169626061,2021-06-02 10:45:00,2021-06-02 14:45:00,240.0,240.0
D1,F1-3-five-workdays-ridge,1,15,2021-06-03,96,1.0,True,181.0,172.29730880062465,-8.702691199375352,8.702691199375352,2021-06-03 08:30:00,2021-06-03 13:15:00,285.0,285.0
D1,F1-3-five-workdays-ridge,1,15,2021-06-04,96,1.0,True,173.0,166.27280735333886,-6.727192646661138,6.727192646661138,2021-06-04 10:45:00,2021-06-04 13:45:00,180.0,180.0
D1,F1-3-five-workdays-ridge,1,15,2021-06-05,96,1.0,True,116.0,106.99383173222529,-9.006168267774711,9.006168267774711,2021-06-05 01:45:00,2021-06-05 06:30:00,285.0,285.0
D1,F1-3-five-workdays-ridge,1,15,2021-06-06,96,1.0,True,27.0,45.10960116880508,18.109601168805078,18.109601168805078,2021-06-06 01:30:00,2021-06-06 11:15:00,585.0,585.0
D1,F1-3-five-workdays-ridge,1,15,2021-06-14,96,1.0,True,204.0,184.60236907177642,-19.397630928223577,19.397630928223577,2021-06-14 09:00:00,2021-06-14 13:45:00,285.0,285.0
D1,F1-3-five-workdays-ridge,1,15,2021-06-15,96,1.0,True,198.0,190.53502002499124,-7.4649799750087595,7.4649799750087595,2021-06-15 08:45:00,2021-06-15 13:30:00,285.0,285.0
D1,F1-3-five-workdays-ridge,1,15,2021-06-16,96,1.0,True,193.0,187.5461889604597,-5.453811039540312,5.453811039540312,2021-06-16 10:45:00,2021-06-16 13:45:00,180.0,180.0
D1,F1-3-five-workdays-ridge,1,15,2021-06-17,96,1.0,True,197.0,177.04324614432517,-19.956753855674833,19.956753855674833,2021-06-17 08:45:00,2021-06-17 13:15:00,270.0,270.0
D1,F1-3-five-workdays-ridge,1,15,2021-06-18,96,1.0,True,186.0,174.69528845923577,-11.304711540764231,11.304711540764231,2021-06-18 10:00:00,2021-06-18 13:45:00,225.0,225.0
D1,F1-3-five-workdays-ridge,1,15,2021-06-19,96,1.0,True,119.0,111.61236448029852,-7.387635519701476,7.387635519701476,2021-06-19 02:15:00,2021-06-19 06:45:00,270.0,270.0
D1,F1-3-five-workdays-ridge,1,15,2021-06-20,96,1.0,True,28.0,46.70567547810209,18.705675478102087,18.705675478102087,2021-06-20 15:15:00,2021-06-20 09:00:00,-375.0,375.0
D1,F1-3-five-workdays-ridge,1,16,2021-05-31,96,1.0,True,172.0,167.59880198936278,-4.401198010637216,4.401198010637216,2021-05-31 10:30:00,2021-05-31 13:45:00,195.0,195.0
D1,F1-3-five-workdays-ridge,1,16,2021-06-01,96,1.0,True,195.0,180.1437150655064,-14.856284934493601,14.856284934493601,2021-06-01 09:00:00,2021-06-01 14:00:00,300.0,300.0
D1,F1-3-five-workdays-ridge,1,16,2021-06-02,96,1.0,True,191.0,180.78756885490782,-10.212431145092182,10.212431145092182,2021-06-02 10:45:00,2021-06-02 14:45:00,240.0,240.0
D1,F1-3-five-workdays-ridge,1,16,2021-06-03,96,1.0,True,181.0,174.61896842587834,-6.381031574121664,6.381031574121664,2021-06-03 08:30:00,2021-06-03 13:30:00,300.0,300.0
D1,F1-3-five-workdays-ridge,1,16,2021-06-04,96,1.0,True,173.0,164.77108894946514,-8.228911050534862,8.228911050534862,2021-06-04 10:45:00,2021-06-04 13:45:00,180.0,180.0
D1,F1-3-five-workdays-ridge,1,16,2021-06-05,96,1.0,True,116.0,106.55190209748115,-9.448097902518853,9.448097902518853,2021-06-05 01:45:00,2021-06-05 06:15:00,270.0,270.0
D1,F1-3-five-workdays-ridge,1,16,2021-06-06,96,1.0,True,27.0,45.12163820567022,18.121638205670223,18.121638205670223,2021-06-06 01:30:00,2021-06-06 11:45:00,615.0,615.0
D1,F1-3-five-workdays-ridge,1,16,2021-06-14,96,1.0,True,204.0,186.1380875637256,-17.861912436274395,17.861912436274395,2021-06-14 09:00:00,2021-06-14 13:45:00,285.0,285.0
D1,F1-3-five-workdays-ridge,1,16,2021-06-15,96,1.0,True,198.0,195.5548302454241,-2.445169754575886,2.445169754575886,2021-06-15 08:45:00,2021-06-15 13:30:00,285.0,285.0
D1,F1-3-five-workdays-ridge,1,16,2021-06-16,96,1.0,True,193.0,189.22709725113344,-3.7729027488665565,3.7729027488665565,2021-06-16 10:45:00,2021-06-16 14:00:00,195.0,195.0
D1,F1-3-five-workdays-ridge,1,16,2021-06-17,96,1.0,True,197.0,177.23718312523036,-19.76281687476964,19.76281687476964,2021-06-17 08:45:00,2021-06-17 13:15:00,270.0,270.0
D1,F1-3-five-workdays-ridge,1,16,2021-06-18,96,1.0,True,186.0,170.74612365015918,-15.253876349840823,15.253876349840823,2021-06-18 10:00:00,2021-06-18 14:00:00,240.0,240.0
D1,F1-3-five-workdays-ridge,1,16,2021-06-19,96,1.0,True,119.0,111.21551007298093,-7.784489927019067,7.784489927019067,2021-06-19 02:15:00,2021-06-19 06:45:00,270.0,270.0
D1,F1-3-five-workdays-ridge,1,16,2021-06-20,96,1.0,True,28.0,46.39841189192931,18.398411891929307,18.398411891929307,2021-06-20 15:15:00,2021-06-20 10:00:00,-315.0,315.0
D1,F1-3-five-workdays-ridge,2,4,2021-07-12,96,1.0,True,198.0,202.3957361779983,4.3957361779982875,4.3957361779982875,2021-07-12 08:45:00,2021-07-12 09:30:00,45.0,45.0
D1,F1-3-five-workdays-ridge,2,4,2021-07-13,1,0.010416666666666666,False,79.0,108.5771342389503,29.577134238950293,29.577134238950293,2021-07-13 00:00:00,2021-07-13 00:00:00,0.0,0.0
D1,F1-3-five-workdays-ridge,2,4,2021-07-17,80,0.8333333333333334,False,108.0,106.22429208684055,-1.7757079131594509,1.7757079131594509,2021-07-17 06:00:00,2021-07-17 07:00:00,60.0,60.0
D1,F1-3-five-workdays-ridge,2,4,2021-07-18,84,0.875,False,28.0,46.98596314203051,18.985963142030513,18.985963142030513,2021-07-18 04:30:00,2021-07-18 08:45:00,255.0,255.0
D1,F1-3-five-workdays-ridge,2,4,2021-07-26,84,0.875,False,217.0,223.42683692909623,6.4268369290962255,6.4268369290962255,2021-07-26 08:30:00,2021-07-26 09:30:00,60.0,60.0
D1,F1-3-five-workdays-ridge,2,4,2021-07-27,84,0.875,False,211.0,212.79790974018434,1.7979097401843376,1.7979097401843376,2021-07-27 11:45:00,2021-07-27 09:30:00,-135.0,135.0
D1,F1-3-five-workdays-ridge,2,4,2021-07-28,84,0.875,False,212.0,212.20496924741994,0.20496924741993894,0.20496924741993894,2021-07-28 12:00:00,2021-07-28 12:00:00,0.0,0.0
D1,F1-3-five-workdays-ridge,2,4,2021-07-29,84,0.875,False,211.0,210.3093334445312,-0.6906665554687947,0.6906665554687947,2021-07-29 12:00:00,2021-07-29 14:45:00,165.0,165.0
D1,F1-3-five-workdays-ridge,2,4,2021-07-30,85,0.8854166666666666,False,212.0,208.34693348707407,-3.653066512925932,3.653066512925932,2021-07-30 12:00:00,2021-07-30 12:00:00,0.0,0.0
D1,F1-3-five-workdays-ridge,2,4,2021-07-31,96,1.0,True,80.0,100.21937214845113,20.21937214845113,20.21937214845113,2021-07-31 00:00:00,2021-07-31 00:00:00,0.0,0.0
D1,F1-3-five-workdays-ridge,2,4,2021-08-01,96,1.0,True,28.0,46.52405026443434,18.524050264434337,18.524050264434337,2021-08-01 09:00:00,2021-08-01 10:00:00,60.0,60.0
D1,F1-3-five-workdays-ridge,2,4,2021-08-09,39,0.40625,False,215.0,134.6942085240195,-80.3057914759805,80.3057914759805,2021-08-09 08:45:00,2021-08-09 09:30:00,45.0,45.0
D1,F1-3-five-workdays-ridge,2,5,2021-07-12,96,1.0,True,198.0,196.2064885067567,-1.793511493243301,1.793511493243301,2021-07-12 08:45:00,2021-07-12 09:45:00,60.0,60.0
D1,F1-3-five-workdays-ridge,2,5,2021-07-13,1,0.010416666666666666,False,79.0,113.36406270475355,34.36406270475355,34.36406270475355,2021-07-13 00:00:00,2021-07-13 00:00:00,0.0,0.0
D1,F1-3-five-workdays-ridge,2,5,2021-07-17,79,0.8229166666666666,False,108.0,108.22016050690468,0.22016050690467637,0.22016050690467637,2021-07-17 06:00:00,2021-07-17 07:15:00,75.0,75.0
D1,F1-3-five-workdays-ridge,2,5,2021-07-18,84,0.875,False,28.0,47.869733152120794,19.869733152120794,19.869733152120794,2021-07-18 04:30:00,2021-07-18 09:00:00,270.0,270.0
D1,F1-3-five-workdays-ridge,2,5,2021-07-26,84,0.875,False,217.0,217.14233387069834,0.14233387069833725,0.14233387069833725,2021-07-26 08:30:00,2021-07-26 09:45:00,75.0,75.0
D1,F1-3-five-workdays-ridge,2,5,2021-07-27,84,0.875,False,211.0,213.2203492985355,2.2203492985354956,2.2203492985354956,2021-07-27 11:45:00,2021-07-27 12:00:00,15.0,15.0
D1,F1-3-five-workdays-ridge,2,5,2021-07-28,84,0.875,False,212.0,211.22195990051222,-0.7780400994877823,0.7780400994877823,2021-07-28 12:00:00,2021-07-28 11:45:00,-15.0,15.0
D1,F1-3-five-workdays-ridge,2,5,2021-07-29,84,0.875,False,211.0,205.66663306119378,-5.333366938806222,5.333366938806222,2021-07-29 12:00:00,2021-07-29 12:00:00,0.0,0.0
D1,F1-3-five-workdays-ridge,2,5,2021-07-30,85,0.8854166666666666,False,212.0,209.76601791992107,-2.233982080078931,2.233982080078931,2021-07-30 12:00:00,2021-07-30 11:45:00,-15.0,15.0
D1,F1-3-five-workdays-ridge,2,5,2021-07-31,96,1.0,True,80.0,96.68795753824803,16.68795753824803,16.68795753824803,2021-07-31 00:00:00,2021-07-31 00:00:00,0.0,0.0
D1,F1-3-five-workdays-ridge,2,5,2021-08-01,96,1.0,True,28.0,46.96976027300488,18.96976027300488,18.96976027300488,2021-08-01 09:00:00,2021-08-01 08:30:00,-30.0,30.0
D1,F1-3-five-workdays-ridge,2,5,2021-08-09,39,0.40625,False,215.0,105.15381096250913,-109.84618903749087,109.84618903749087,2021-08-09 08:45:00,2021-08-09 09:30:00,45.0,45.0
D1,F1-3-five-workdays-ridge,2,6,2021-07-12,96,1.0,True,198.0,194.9435704578902,-3.056429542109811,3.056429542109811,2021-07-12 08:45:00,2021-07-12 11:00:00,135.0,135.0
D1,F1-3-five-workdays-ridge,2,6,2021-07-13,1,0.010416666666666666,False,79.0,109.35703757684146,30.357037576841464,30.357037576841464,2021-07-13 00:00:00,2021-07-13 00:00:00,0.0,0.0
D1,F1-3-five-workdays-ridge,2,6,2021-07-17,78,0.8125,False,108.0,105.0773765434447,-2.9226234565553,2.9226234565553,2021-07-17 06:00:00,2021-07-17 07:30:00,90.0,90.0
D1,F1-3-five-workdays-ridge,2,6,2021-07-18,84,0.875,False,28.0,47.86034701082266,19.860347010822657,19.860347010822657,2021-07-18 01:15:00,2021-07-18 09:15:00,480.0,480.0
D1,F1-3-five-workdays-ridge,2,6,2021-07-26,84,0.875,False,217.0,210.7373968256992,-6.262603174300807,6.262603174300807,2021-07-26 08:30:00,2021-07-26 10:00:00,90.0,90.0
D1,F1-3-five-workdays-ridge,2,6,2021-07-27,84,0.875,False,211.0,214.26419730963673,3.264197309636728,3.264197309636728,2021-07-27 11:45:00,2021-07-27 10:00:00,-105.0,105.0
D1,F1-3-five-workdays-ridge,2,6,2021-07-28,84,0.875,False,212.0,211.13589568927557,-0.8641043107244286,0.8641043107244286,2021-07-28 12:00:00,2021-07-28 12:00:00,0.0,0.0
D1,F1-3-five-workdays-ridge,2,6,2021-07-29,84,0.875,False,211.0,204.9834699712084,-6.016530028791607,6.016530028791607,2021-07-29 12:00:00,2021-07-29 10:30:00,-90.0,90.0
D1,F1-3-five-workdays-ridge,2,6,2021-07-30,85,0.8854166666666666,False,212.0,206.40380982149395,-5.596190178506049,5.596190178506049,2021-07-30 12:00:00,2021-07-30 12:00:00,0.0,0.0
D1,F1-3-five-workdays-ridge,2,6,2021-07-31,96,1.0,True,80.0,96.83362161413463,16.83362161413463,16.83362161413463,2021-07-31 00:00:00,2021-07-31 00:00:00,0.0,0.0
D1,F1-3-five-workdays-ridge,2,6,2021-08-01,96,1.0,True,28.0,49.664404069956085,21.664404069956085,21.664404069956085,2021-08-01 09:00:00,2021-08-01 08:30:00,-30.0,30.0
D1,F1-3-five-workdays-ridge,2,6,2021-08-09,39,0.40625,False,215.0,70.6303386090547,-144.36966139094528,144.36966139094528,2021-08-09 08:45:00,2021-08-09 09:30:00,45.0,45.0
D1,F1-3-five-workdays-ridge,2,7,2021-07-12,96,1.0,True,198.0,195.83164195723924,-2.168358042760758,2.168358042760758,2021-07-12 08:45:00,2021-07-12 11:15:00,150.0,150.0
D1,F1-3-five-workdays-ridge,2,7,2021-07-13,1,0.010416666666666666,False,79.0,107.81427470454395,28.814274704543948,28.814274704543948,2021-07-13 00:00:00,2021-07-13 00:00:00,0.0,0.0
D1,F1-3-five-workdays-ridge,2,7,2021-07-17,77,0.8020833333333334,False,108.0,103.9741168906841,-4.025883109315899,4.025883109315899,2021-07-17 06:00:00,2021-07-17 07:45:00,105.0,105.0
D1,F1-3-five-workdays-ridge,2,7,2021-07-18,84,0.875,False,28.0,48.12362518768182,20.123625187681817,20.123625187681817,2021-07-18 01:15:00,2021-07-18 09:30:00,495.0,495.0
D1,F1-3-five-workdays-ridge,2,7,2021-07-26,84,0.875,False,217.0,209.28802598299393,-7.711974017006071,7.711974017006071,2021-07-26 08:30:00,2021-07-26 10:45:00,135.0,135.0
D1,F1-3-five-workdays-ridge,2,7,2021-07-27,84,0.875,False,211.0,211.97922010936992,0.9792201093699191,0.9792201093699191,2021-07-27 11:45:00,2021-07-27 10:30:00,-75.0,75.0
D1,F1-3-five-workdays-ridge,2,7,2021-07-28,84,0.875,False,212.0,211.10764416765034,-0.892355832349665,0.892355832349665,2021-07-28 12:00:00,2021-07-28 11:45:00,-15.0,15.0
D1,F1-3-five-workdays-ridge,2,7,2021-07-29,84,0.875,False,211.0,207.1244568140483,-3.875543185951699,3.875543185951699,2021-07-29 12:00:00,2021-07-29 11:30:00,-30.0,30.0
D1,F1-3-five-workdays-ridge,2,7,2021-07-30,85,0.8854166666666666,False,212.0,209.43912296549738,-2.5608770345026244,2.5608770345026244,2021-07-30 12:00:00,2021-07-30 11:45:00,-15.0,15.0
D1,F1-3-five-workdays-ridge,2,7,2021-07-31,96,1.0,True,80.0,98.39098050380797,18.390980503807967,18.390980503807967,2021-07-31 00:00:00,2021-07-31 01:15:00,75.0,75.0
D1,F1-3-five-workdays-ridge,2,7,2021-08-01,96,1.0,True,28.0,51.303121679119414,23.303121679119414,23.303121679119414,2021-08-01 09:00:00,2021-08-01 08:30:00,-30.0,30.0
D1,F1-3-five-workdays-ridge,2,7,2021-08-09,39,0.40625,False,215.0,55.76856076662679,-159.2314392333732,159.2314392333732,2021-08-09 08:45:00,2021-08-09 09:30:00,45.0,45.0
D1,F1-3-five-workdays-ridge,2,8,2021-07-12,96,1.0,True,198.0,196.11989485487055,-1.8801051451294484,1.8801051451294484,2021-07-12 08:45:00,2021-07-12 11:00:00,135.0,135.0
D1,F1-3-five-workdays-ridge,2,8,2021-07-13,1,0.010416666666666666,False,79.0,106.70006972134139,27.700069721341393,27.700069721341393,2021-07-13 00:00:00,2021-07-13 00:00:00,0.0,0.0
D1,F1-3-five-workdays-ridge,2,8,2021-07-17,76,0.7916666666666666,False,108.0,96.96942371847432,-11.030576281525683,11.030576281525683,2021-07-17 06:00:00,2021-07-17 07:00:00,60.0,60.0
D1,F1-3-five-workdays-ridge,2,8,2021-07-18,84,0.875,False,28.0,49.04943002026848,21.04943002026848,21.04943002026848,2021-07-18 01:15:00,2021-07-18 09:45:00,510.0,510.0
D1,F1-3-five-workdays-ridge,2,8,2021-07-26,84,0.875,False,217.0,213.25786675507715,-3.7421332449228544,3.7421332449228544,2021-07-26 08:30:00,2021-07-26 10:45:00,135.0,135.0
D1,F1-3-five-workdays-ridge,2,8,2021-07-27,84,0.875,False,211.0,213.11610326820244,2.116103268202437,2.116103268202437,2021-07-27 11:45:00,2021-07-27 10:30:00,-75.0,75.0
D1,F1-3-five-workdays-ridge,2,8,2021-07-28,84,0.875,False,212.0,211.74313004663554,-0.2568699533644576,0.2568699533644576,2021-07-28 12:00:00,2021-07-28 12:00:00,0.0,0.0
D1,F1-3-five-workdays-ridge,2,8,2021-07-29,84,0.875,False,211.0,206.31879201499856,-4.681207985001436,4.681207985001436,2021-07-29 12:00:00,2021-07-29 11:45:00,-15.0,15.0
D1,F1-3-five-workdays-ridge,2,8,2021-07-30,85,0.8854166666666666,False,212.0,208.13386648919862,-3.866133510801376,3.866133510801376,2021-07-30 12:00:00,2021-07-30 11:45:00,-15.0,15.0
D1,F1-3-five-workdays-ridge,2,8,2021-07-31,96,1.0,True,80.0,100.9158491969295,20.9158491969295,20.9158491969295,2021-07-31 00:00:00,2021-07-31 01:30:00,90.0,90.0
D1,F1-3-five-workdays-ridge,2,8,2021-08-01,96,1.0,True,28.0,51.375010449424636,23.375010449424636,23.375010449424636,2021-08-01 09:00:00,2021-08-01 08:30:00,-30.0,30.0
D1,F1-3-five-workdays-ridge,2,8,2021-08-09,39,0.40625,False,215.0,31.550612163172353,-183.44938783682764,183.44938783682764,2021-08-09 08:45:00,2021-08-09 09:30:00,45.0,45.0
D1,F1-3-five-workdays-ridge,2,9,2021-07-12,96,1.0,True,198.0,200.67585516676834,2.6758551667683435,2.6758551667683435,2021-07-12 08:45:00,2021-07-12 10:45:00,120.0,120.0
D1,F1-3-five-workdays-ridge,2,9,2021-07-13,1,0.010416666666666666,False,79.0,106.97487003611828,27.974870036118276,27.974870036118276,2021-07-13 00:00:00,2021-07-13 00:00:00,0.0,0.0
D1,F1-3-five-workdays-ridge,2,9,2021-07-17,75,0.78125,False,108.0,100.15254767739842,-7.847452322601583,7.847452322601583,2021-07-17 06:00:00,2021-07-17 07:15:00,75.0,75.0
D1,F1-3-five-workdays-ridge,2,9,2021-07-18,84,0.875,False,28.0,48.62165752126965,20.621657521269647,20.621657521269647,2021-07-18 01:15:00,2021-07-18 10:00:00,525.0,525.0
D1,F1-3-five-workdays-ridge,2,9,2021-07-26,84,0.875,False,217.0,224.95065151636805,7.950651516368055,7.950651516368055,2021-07-26 08:30:00,2021-07-26 10:45:00,135.0,135.0
D1,F1-3-five-workdays-ridge,2,9,2021-07-27,84,0.875,False,211.0,214.45591098351616,3.455910983516162,3.455910983516162,2021-07-27 11:45:00,2021-07-27 10:45:00,-60.0,60.0
D1,F1-3-five-workdays-ridge,2,9,2021-07-28,84,0.875,False,212.0,208.33234246463914,-3.66765753536086,3.66765753536086,2021-07-28 12:00:00,2021-07-28 12:00:00,0.0,0.0
D1,F1-3-five-workdays-ridge,2,9,2021-07-29,84,0.875,False,211.0,205.03135214272237,-5.968647857277631,5.968647857277631,2021-07-29 12:00:00,2021-07-29 11:00:00,-60.0,60.0
D1,F1-3-five-workdays-ridge,2,9,2021-07-30,85,0.8854166666666666,False,212.0,205.33673307488016,-6.663266925119842,6.663266925119842,2021-07-30 12:00:00,2021-07-30 11:45:00,-15.0,15.0
D1,F1-3-five-workdays-ridge,2,9,2021-07-31,96,1.0,True,80.0,102.26753838001625,22.267538380016248,22.267538380016248,2021-07-31 00:00:00,2021-07-31 01:45:00,105.0,105.0
D1,F1-3-five-workdays-ridge,2,9,2021-08-01,96,1.0,True,28.0,50.43777338648931,22.43777338648931,22.43777338648931,2021-08-01 09:00:00,2021-08-01 08:30:00,-30.0,30.0
D1,F1-3-five-workdays-ridge,2,9,2021-08-09,39,0.40625,False,215.0,23.74109634212519,-191.2589036578748,191.2589036578748,2021-08-09 08:45:00,2021-08-09 07:00:00,-105.0,105.0
D1,F1-3-five-workdays-ridge,2,10,2021-07-12,96,1.0,True,198.0,204.7414357217502,6.741435721750207,6.741435721750207,2021-07-12 08:45:00,2021-07-12 11:00:00,135.0,135.0
D1,F1-3-five-workdays-ridge,2,10,2021-07-13,1,0.010416666666666666,False,79.0,109.27434510856698,30.274345108566976,30.274345108566976,2021-07-13 00:00:00,2021-07-13 00:00:00,0.0,0.0
D1,F1-3-five-workdays-ridge,2,10,2021-07-17,74,0.7708333333333334,False,108.0,101.42507544804498,-6.5749245519550215,6.5749245519550215,2021-07-17 06:00:00,2021-07-17 08:30:00,150.0,150.0
D1,F1-3-five-workdays-ridge,2,10,2021-07-18,84,0.875,False,28.0,48.06492631519595,20.064926315195947,20.064926315195947,2021-07-18 01:15:00,2021-07-18 08:45:00,450.0,450.0
D1,F1-3-five-workdays-ridge,2,10,2021-07-26,84,0.875,False,217.0,224.9170332124894,7.9170332124894,7.9170332124894,2021-07-26 08:30:00,2021-07-26 11:00:00,150.0,150.0
D1,F1-3-five-workdays-ridge,2,10,2021-07-27,84,0.875,False,211.0,215.37416118597164,4.374161185971644,4.374161185971644,2021-07-27 11:45:00,2021-07-27 11:00:00,-45.0,45.0
D1,F1-3-five-workdays-ridge,2,10,2021-07-28,84,0.875,False,212.0,209.1400837387443,-2.859916261255705,2.859916261255705,2021-07-28 12:00:00,2021-07-28 11:30:00,-30.0,30.0
D1,F1-3-five-workdays-ridge,2,10,2021-07-29,84,0.875,False,211.0,204.9356772302155,-6.064322769784496,6.064322769784496,2021-07-29 12:00:00,2021-07-29 11:30:00,-30.0,30.0
D1,F1-3-five-workdays-ridge,2,10,2021-07-30,85,0.8854166666666666,False,212.0,203.07900633467753,-8.92099366532247,8.92099366532247,2021-07-30 12:00:00,2021-07-30 11:45:00,-15.0,15.0
D1,F1-3-five-workdays-ridge,2,10,2021-07-31,96,1.0,True,80.0,102.03596069162218,22.03596069162218,22.03596069162218,2021-07-31 00:00:00,2021-07-31 01:45:00,105.0,105.0
D1,F1-3-five-workdays-ridge,2,10,2021-08-01,96,1.0,True,28.0,52.54291463365954,24.542914633659542,24.542914633659542,2021-08-01 09:00:00,2021-08-01 08:30:00,-30.0,30.0
D1,F1-3-five-workdays-ridge,2,10,2021-08-09,39,0.40625,False,215.0,24.815846190871184,-190.18415380912882,190.18415380912882,2021-08-09 08:45:00,2021-08-09 07:00:00,-105.0,105.0
D1,F1-3-five-workdays-ridge,2,11,2021-07-12,96,1.0,True,198.0,205.9424457906924,7.942445790692403,7.942445790692403,2021-07-12 08:45:00,2021-07-12 11:15:00,150.0,150.0
D1,F1-3-five-workdays-ridge,2,11,2021-07-13,1,0.010416666666666666,False,79.0,103.48916538264902,24.48916538264902,24.48916538264902,2021-07-13 00:00:00,2021-07-13 00:00:00,0.0,0.0
D1,F1-3-five-workdays-ridge,2,11,2021-07-17,73,0.7604166666666666,False,108.0,102.7588216153703,-5.2411783846297055,5.2411783846297055,2021-07-17 06:00:00,2021-07-17 08:45:00,165.0,165.0
D1,F1-3-five-workdays-ridge,2,11,2021-07-18,84,0.875,False,28.0,48.21545420008843,20.21545420008843,20.21545420008843,2021-07-18 01:15:00,2021-07-18 10:30:00,555.0,555.0
D1,F1-3-five-workdays-ridge,2,11,2021-07-26,84,0.875,False,217.0,223.88207752752953,6.882077527529532,6.882077527529532,2021-07-26 08:30:00,2021-07-26 11:30:00,180.0,180.0
D1,F1-3-five-workdays-ridge,2,11,2021-07-27,84,0.875,False,211.0,213.14901009801162,2.1490100980116154,2.1490100980116154,2021-07-27 11:45:00,2021-07-27 11:15:00,-30.0,30.0
D1,F1-3-five-workdays-ridge,2,11,2021-07-28,84,0.875,False,212.0,208.54136258848905,-3.4586374115109493,3.4586374115109493,2021-07-28 12:00:00,2021-07-28 11:30:00,-30.0,30.0
D1,F1-3-five-workdays-ridge,2,11,2021-07-29,84,0.875,False,211.0,204.28208024729184,-6.717919752708156,6.717919752708156,2021-07-29 12:00:00,2021-07-29 11:30:00,-30.0,30.0
D1,F1-3-five-workdays-ridge,2,11,2021-07-30,85,0.8854166666666666,False,212.0,205.95552628757008,-6.0444737124299195,6.0444737124299195,2021-07-30 12:00:00,2021-07-30 11:45:00,-15.0,15.0
D1,F1-3-five-workdays-ridge,2,11,2021-07-31,96,1.0,True,80.0,99.75374848470895,19.75374848470895,19.75374848470895,2021-07-31 00:00:00,2021-07-31 02:00:00,120.0,120.0
D1,F1-3-five-workdays-ridge,2,11,2021-08-01,96,1.0,True,28.0,53.06283704179353,25.06283704179353,25.06283704179353,2021-08-01 09:00:00,2021-08-01 08:30:00,-30.0,30.0
D1,F1-3-five-workdays-ridge,2,11,2021-08-09,39,0.40625,False,215.0,26.04102591979614,-188.95897408020386,188.95897408020386,2021-08-09 08:45:00,2021-08-09 07:00:00,-105.0,105.0
D1,F1-3-five-workdays-ridge,2,12,2021-07-12,96,1.0,True,198.0,201.22425587288365,3.2242558728836457,3.2242558728836457,2021-07-12 08:45:00,2021-07-12 11:30:00,165.0,165.0
D1,F1-3-five-workdays-ridge,2,12,2021-07-13,1,0.010416666666666666,False,79.0,105.00286832722661,26.002868327226608,26.002868327226608,2021-07-13 00:00:00,2021-07-13 00:00:00,0.0,0.0
D1,F1-3-five-workdays-ridge,2,12,2021-07-17,72,0.75,False,108.0,101.68885278572132,-6.311147214278677,6.311147214278677,2021-07-17 06:00:00,2021-07-17 09:00:00,180.0,180.0
D1,F1-3-five-workdays-ridge,2,12,2021-07-18,84,0.875,False,28.0,49.61620718348411,21.616207183484107,21.616207183484107,2021-07-18 01:15:00,2021-07-18 10:45:00,570.0,570.0
D1,F1-3-five-workdays-ridge,2,12,2021-07-26,84,0.875,False,217.0,235.05181851789627,18.051818517896265,18.051818517896265,2021-07-26 08:30:00,2021-07-26 11:30:00,180.0,180.0
D1,F1-3-five-workdays-ridge,2,12,2021-07-27,84,0.875,False,211.0,212.53597881978644,1.5359788197864361,1.5359788197864361,2021-07-27 11:45:00,2021-07-27 11:30:00,-15.0,15.0
D1,F1-3-five-workdays-ridge,2,12,2021-07-28,84,0.875,False,212.0,208.47319287855004,-3.526807121449963,3.526807121449963,2021-07-28 12:00:00,2021-07-28 12:00:00,0.0,0.0
D1,F1-3-five-workdays-ridge,2,12,2021-07-29,84,0.875,False,211.0,203.66671857700948,-7.333281422990524,7.333281422990524,2021-07-29 12:00:00,2021-07-29 12:00:00,0.0,0.0
D1,F1-3-five-workdays-ridge,2,12,2021-07-30,85,0.8854166666666666,False,212.0,205.4798301852198,-6.520169814780189,6.520169814780189,2021-07-30 12:00:00,2021-07-30 11:45:00,-15.0,15.0
D1,F1-3-five-workdays-ridge,2,12,2021-07-31,96,1.0,True,80.0,98.67100716248429,18.671007162484287,18.671007162484287,2021-07-31 00:00:00,2021-07-31 02:15:00,135.0,135.0
D1,F1-3-five-workdays-ridge,2,12,2021-08-01,96,1.0,True,28.0,53.728937705130264,25.728937705130264,25.728937705130264,2021-08-01 09:00:00,2021-08-01 08:30:00,-30.0,30.0
D1,F1-3-five-workdays-ridge,2,12,2021-08-09,39,0.40625,False,215.0,28.213933534698043,-186.78606646530196,186.78606646530196,2021-08-09 08:45:00,2021-08-09 07:00:00,-105.0,105.0
D1,F1-3-five-workdays-ridge,2,13,2021-07-12,96,1.0,True,198.0,197.5837336434371,-0.41626635656288613,0.41626635656288613,2021-07-12 08:45:00,2021-07-12 11:45:00,180.0,180.0
D1,F1-3-five-workdays-ridge,2,13,2021-07-13,1,0.010416666666666666,False,79.0,109.3661234094853,30.366123409485297,30.366123409485297,2021-07-13 00:00:00,2021-07-13 00:00:00,0.0,0.0
D1,F1-3-five-workdays-ridge,2,13,2021-07-17,71,0.7395833333333334,False,96.0,100.78134118539793,4.781341185397935,4.781341185397935,2021-07-17 06:15:00,2021-07-17 07:15:00,60.0,60.0
D1,F1-3-five-workdays-ridge,2,13,2021-07-18,84,0.875,False,28.0,49.69955710192824,21.699557101928242,21.699557101928242,2021-07-18 01:15:00,2021-07-18 11:00:00,585.0,585.0
D1,F1-3-five-workdays-ridge,2,13,2021-07-26,84,0.875,False,217.0,226.65581734727465,9.655817347274649,9.655817347274649,2021-07-26 08:30:00,2021-07-26 11:45:00,195.0,195.0
D1,F1-3-five-workdays-ridge,2,13,2021-07-27,84,0.875,False,211.0,208.9181000124162,-2.081899987583796,2.081899987583796,2021-07-27 11:45:00,2021-07-27 11:45:00,0.0,0.0
D1,F1-3-five-workdays-ridge,2,13,2021-07-28,84,0.875,False,212.0,208.66315508091614,-3.336844919083859,3.336844919083859,2021-07-28 12:00:00,2021-07-28 12:00:00,0.0,0.0
D1,F1-3-five-workdays-ridge,2,13,2021-07-29,84,0.875,False,211.0,202.7212820745009,-8.278717925499109,8.278717925499109,2021-07-29 12:00:00,2021-07-29 12:00:00,0.0,0.0
D1,F1-3-five-workdays-ridge,2,13,2021-07-30,85,0.8854166666666666,False,212.0,201.97435216967153,-10.025647830328467,10.025647830328467,2021-07-30 12:00:00,2021-07-30 11:45:00,-15.0,15.0
D1,F1-3-five-workdays-ridge,2,13,2021-07-31,96,1.0,True,80.0,96.87832691480448,16.878326914804475,16.878326914804475,2021-07-31 00:00:00,2021-07-31 02:30:00,150.0,150.0
D1,F1-3-five-workdays-ridge,2,13,2021-08-01,96,1.0,True,28.0,54.92215892266708,26.92215892266708,26.92215892266708,2021-08-01 09:00:00,2021-08-01 08:30:00,-30.0,30.0
D1,F1-3-five-workdays-ridge,2,13,2021-08-09,39,0.40625,False,215.0,29.17093000566873,-185.82906999433126,185.82906999433126,2021-08-09 08:45:00,2021-08-09 07:15:00,-90.0,90.0
D1,F1-3-five-workdays-ridge,2,14,2021-07-12,96,1.0,True,198.0,188.9476098475317,-9.052390152468291,9.052390152468291,2021-07-12 08:45:00,2021-07-12 14:00:00,315.0,315.0
D1,F1-3-five-workdays-ridge,2,14,2021-07-13,1,0.010416666666666666,False,79.0,115.19770083931617,36.19770083931617,36.19770083931617,2021-07-13 00:00:00,2021-07-13 00:00:00,0.0,0.0
D1,F1-3-five-workdays-ridge,2,14,2021-07-17,70,0.7291666666666666,False,88.0,98.93312815004276,10.933128150042762,10.933128150042762,2021-07-17 07:15:00,2021-07-17 07:30:00,15.0,15.0
D1,F1-3-five-workdays-ridge,2,14,2021-07-18,84,0.875,False,28.0,50.23578846818729,22.235788468187287,22.235788468187287,2021-07-18 01:15:00,2021-07-18 08:30:00,435.0,435.0
D1,F1-3-five-workdays-ridge,2,14,2021-07-26,84,0.875,False,217.0,209.61496305134705,-7.385036948652953,7.385036948652953,2021-07-26 08:30:00,2021-07-26 12:00:00,210.0,210.0
D1,F1-3-five-workdays-ridge,2,14,2021-07-27,84,0.875,False,211.0,207.66408269501292,-3.3359173049870776,3.3359173049870776,2021-07-27 11:45:00,2021-07-27 14:15:00,150.0,150.0
D1,F1-3-five-workdays-ridge,2,14,2021-07-28,84,0.875,False,212.0,208.06274918502572,-3.937250814974277,3.937250814974277,2021-07-28 12:00:00,2021-07-28 14:30:00,150.0,150.0
D1,F1-3-five-workdays-ridge,2,14,2021-07-29,84,0.875,False,211.0,195.3659100314046,-15.63408996859539,15.63408996859539,2021-07-29 12:00:00,2021-07-29 14:30:00,150.0,150.0
D1,F1-3-five-workdays-ridge,2,14,2021-07-30,84,0.875,False,212.0,199.85274362183702,-12.147256378162979,12.147256378162979,2021-07-30 12:00:00,2021-07-30 14:00:00,120.0,120.0
D1,F1-3-five-workdays-ridge,2,14,2021-07-31,96,1.0,True,80.0,101.49499179854533,21.49499179854533,21.49499179854533,2021-07-31 00:00:00,2021-07-31 00:00:00,0.0,0.0
D1,F1-3-five-workdays-ridge,2,14,2021-08-01,96,1.0,True,28.0,55.65622494343923,27.656224943439227,27.656224943439227,2021-08-01 09:00:00,2021-08-01 08:30:00,-30.0,30.0
D1,F1-3-five-workdays-ridge,2,14,2021-08-09,39,0.40625,False,215.0,29.927707727888922,-185.07229227211107,185.07229227211107,2021-08-09 08:45:00,2021-08-09 07:00:00,-105.0,105.0
D1,F1-3-five-workdays-ridge,2,15,2021-07-12,96,1.0,True,198.0,188.97938377606863,-9.02061622393137,9.02061622393137,2021-07-12 08:45:00,2021-07-12 13:45:00,300.0,300.0
D1,F1-3-five-workdays-ridge,2,15,2021-07-13,1,0.010416666666666666,False,79.0,112.88111881773031,33.88111881773031,33.88111881773031,2021-07-13 00:00:00,2021-07-13 00:00:00,0.0,0.0
D1,F1-3-five-workdays-ridge,2,15,2021-07-17,69,0.71875,False,88.0,98.56760096043666,10.567600960436664,10.567600960436664,2021-07-17 07:15:00,2021-07-17 06:45:00,-30.0,30.0
D1,F1-3-five-workdays-ridge,2,15,2021-07-18,84,0.875,False,28.0,51.515879269363076,23.515879269363076,23.515879269363076,2021-07-18 01:15:00,2021-07-18 11:30:00,615.0,615.0
D1,F1-3-five-workdays-ridge,2,15,2021-07-26,84,0.875,False,217.0,196.48028648216712,-20.519713517832884,20.519713517832884,2021-07-26 08:30:00,2021-07-26 14:45:00,375.0,375.0
D1,F1-3-five-workdays-ridge,2,15,2021-07-27,84,0.875,False,211.0,204.87868157325238,-6.121318426747621,6.121318426747621,2021-07-27 11:45:00,2021-07-27 14:45:00,180.0,180.0
D1,F1-3-five-workdays-ridge,2,15,2021-07-28,84,0.875,False,212.0,208.45724745754185,-3.542752542458146,3.542752542458146,2021-07-28 12:00:00,2021-07-28 14:45:00,165.0,165.0
D1,F1-3-five-workdays-ridge,2,15,2021-07-29,84,0.875,False,211.0,197.71315921677228,-13.286840783227717,13.286840783227717,2021-07-29 12:00:00,2021-07-29 14:45:00,165.0,165.0
D1,F1-3-five-workdays-ridge,2,15,2021-07-30,84,0.875,False,212.0,201.76948928406847,-10.23051071593153,10.23051071593153,2021-07-30 12:00:00,2021-07-30 14:45:00,165.0,165.0
D1,F1-3-five-workdays-ridge,2,15,2021-07-31,96,1.0,True,80.0,102.43177539765706,22.431775397657063,22.431775397657063,2021-07-31 00:00:00,2021-07-31 00:00:00,0.0,0.0
D1,F1-3-five-workdays-ridge,2,15,2021-08-01,96,1.0,True,28.0,55.352440969422304,27.352440969422304,27.352440969422304,2021-08-01 09:00:00,2021-08-01 08:45:00,-15.0,15.0
D1,F1-3-five-workdays-ridge,2,15,2021-08-09,39,0.40625,False,215.0,32.21398855772495,-182.78601144227505,182.78601144227505,2021-08-09 08:45:00,2021-08-09 09:00:00,15.0,15.0
D1,F1-3-five-workdays-ridge,2,16,2021-07-12,96,1.0,True,198.0,190.7199719807962,-7.280028019203797,7.280028019203797,2021-07-12 08:45:00,2021-07-12 14:00:00,315.0,315.0
D1,F1-3-five-workdays-ridge,2,16,2021-07-13,1,0.010416666666666666,False,79.0,111.01938698098388,32.01938698098388,32.01938698098388,2021-07-13 00:00:00,2021-07-13 00:00:00,0.0,0.0
D1,F1-3-five-workdays-ridge,2,16,2021-07-17,68,0.7083333333333334,False,88.0,99.45289832261487,11.452898322614871,11.452898322614871,2021-07-17 07:15:00,2021-07-17 07:15:00,0.0,0.0
D1,F1-3-five-workdays-ridge,2,16,2021-07-18,84,0.875,False,28.0,52.46712645893365,24.46712645893365,24.46712645893365,2021-07-18 01:15:00,2021-07-18 11:45:00,630.0,630.0
D1,F1-3-five-workdays-ridge,2,16,2021-07-26,84,0.875,False,217.0,198.95633968671,-18.04366031328999,18.04366031328999,2021-07-26 08:30:00,2021-07-26 13:30:00,300.0,300.0
D1,F1-3-five-workdays-ridge,2,16,2021-07-27,84,0.875,False,211.0,203.8138051868142,-7.186194813185807,7.186194813185807,2021-07-27 11:45:00,2021-07-27 16:00:00,255.0,255.0
D1,F1-3-five-workdays-ridge,2,16,2021-07-28,84,0.875,False,212.0,208.04748256150725,-3.952517438492748,3.952517438492748,2021-07-28 12:00:00,2021-07-28 14:00:00,120.0,120.0
D1,F1-3-five-workdays-ridge,2,16,2021-07-29,84,0.875,False,211.0,197.1042315972827,-13.895768402717295,13.895768402717295,2021-07-29 12:00:00,2021-07-29 15:00:00,180.0,180.0
D1,F1-3-five-workdays-ridge,2,16,2021-07-30,84,0.875,False,212.0,202.66138081540026,-9.338619184599736,9.338619184599736,2021-07-30 12:00:00,2021-07-30 16:00:00,240.0,240.0
D1,F1-3-five-workdays-ridge,2,16,2021-07-31,96,1.0,True,80.0,108.38612198477911,28.38612198477911,28.38612198477911,2021-07-31 00:00:00,2021-07-31 00:00:00,0.0,0.0
D1,F1-3-five-workdays-ridge,2,16,2021-08-01,96,1.0,True,28.0,54.48449180139824,26.484491801398242,26.484491801398242,2021-08-01 09:00:00,2021-08-01 09:00:00,0.0,0.0
D1,F1-3-five-workdays-ridge,2,16,2021-08-09,39,0.40625,False,215.0,34.119858000126825,-180.88014199987316,180.88014199987316,2021-08-09 08:45:00,2021-08-09 09:15:00,30.0,30.0
D2,F1-3-five-workdays-ridge,0,4,2021-04-19,96,1.0,True,172.0,171.7738637711002,-0.22613622889980434,0.22613622889980434,2021-04-19 08:45:00,2021-04-19 09:45:00,60.0,60.0
D2,F1-3-five-workdays-ridge,0,4,2021-04-20,96,1.0,True,172.0,179.0499756962251,7.04997569622509,7.04997569622509,2021-04-20 08:45:00,2021-04-20 09:45:00,60.0,60.0
D2,F1-3-five-workdays-ridge,0,4,2021-04-21,96,1.0,True,174.0,179.62539691732658,5.625396917326583,5.625396917326583,2021-04-21 08:30:00,2021-04-21 12:00:00,210.0,210.0
D2,F1-3-five-workdays-ridge,0,4,2021-04-22,96,1.0,True,174.0,174.01411529073044,0.014115290730444485,0.014115290730444485,2021-04-22 08:30:00,2021-04-22 12:00:00,210.0,210.0
D2,F1-3-five-workdays-ridge,0,4,2021-04-23,96,1.0,True,174.0,170.2432642628346,-3.7567357371653998,3.7567357371653998,2021-04-23 08:30:00,2021-04-23 12:00:00,210.0,210.0
D2,F1-3-five-workdays-ridge,0,4,2021-04-24,96,1.0,True,112.0,99.9818053807497,-12.018194619250295,12.018194619250295,2021-04-24 06:15:00,2021-04-24 07:15:00,60.0,60.0
D2,F1-3-five-workdays-ridge,0,4,2021-04-25,96,1.0,True,25.0,37.08594540089447,12.085945400894467,12.085945400894467,2021-04-25 01:30:00,2021-04-25 09:15:00,465.0,465.0
D2,F1-3-five-workdays-ridge,0,4,2021-05-03,96,1.0,True,184.0,180.57060263849013,-3.4293973615098707,3.4293973615098707,2021-05-03 08:30:00,2021-05-03 09:45:00,75.0,75.0
D2,F1-3-five-workdays-ridge,0,4,2021-05-04,96,1.0,True,181.0,182.21831960449552,1.2183196044955196,1.2183196044955196,2021-05-04 08:30:00,2021-05-04 12:00:00,210.0,210.0
D2,F1-3-five-workdays-ridge,0,4,2021-05-05,96,1.0,True,120.0,130.6576912400863,10.657691240086308,10.657691240086308,2021-05-05 04:15:00,2021-05-05 08:30:00,255.0,255.0
D2,F1-3-five-workdays-ridge,0,4,2021-05-06,96,1.0,True,199.0,180.66175826207876,-18.338241737921237,18.338241737921237,2021-05-06 09:00:00,2021-05-06 09:45:00,45.0,45.0
D2,F1-3-five-workdays-ridge,0,4,2021-05-07,96,1.0,True,181.0,174.40306657705185,-6.596933422948155,6.596933422948155,2021-05-07 09:00:00,2021-05-07 09:45:00,45.0,45.0
D2,F1-3-five-workdays-ridge,0,4,2021-05-08,96,1.0,True,115.0,101.58139914774466,-13.418600852255338,13.418600852255338,2021-05-08 02:00:00,2021-05-08 04:30:00,150.0,150.0
D2,F1-3-five-workdays-ridge,0,4,2021-05-09,96,1.0,True,184.0,147.03765686391728,-36.96234313608272,36.96234313608272,2021-05-09 09:00:00,2021-05-09 09:30:00,30.0,30.0
D2,F1-3-five-workdays-ridge,0,5,2021-04-19,96,1.0,True,172.0,169.45004919854398,-2.5499508014560206,2.5499508014560206,2021-04-19 08:45:00,2021-04-19 12:00:00,195.0,195.0
D2,F1-3-five-workdays-ridge,0,5,2021-04-20,96,1.0,True,172.0,177.5347587678914,5.53475876789139,5.53475876789139,2021-04-20 08:45:00,2021-04-20 12:00:00,195.0,195.0
D2,F1-3-five-workdays-ridge,0,5,2021-04-21,96,1.0,True,174.0,179.39734485711966,5.397344857119663,5.397344857119663,2021-04-21 08:30:00,2021-04-21 12:00:00,210.0,210.0
D2,F1-3-five-workdays-ridge,0,5,2021-04-22,96,1.0,True,174.0,173.4171546924925,-0.5828453075075117,0.5828453075075117,2021-04-22 08:30:00,2021-04-22 12:00:00,210.0,210.0
D2,F1-3-five-workdays-ridge,0,5,2021-04-23,96,1.0,True,174.0,169.46165037115165,-4.538349628848351,4.538349628848351,2021-04-23 08:30:00,2021-04-23 12:00:00,210.0,210.0
D2,F1-3-five-workdays-ridge,0,5,2021-04-24,96,1.0,True,112.0,98.58823222414155,-13.41176777585845,13.41176777585845,2021-04-24 06:15:00,2021-04-24 00:00:00,-375.0,375.0
D2,F1-3-five-workdays-ridge,0,5,2021-04-25,96,1.0,True,25.0,37.89960582945444,12.899605829454437,12.899605829454437,2021-04-25 01:30:00,2021-04-25 09:15:00,465.0,465.0
D2,F1-3-five-workdays-ridge,0,5,2021-05-03,96,1.0,True,184.0,175.745040937459,-8.25495906254099,8.25495906254099,2021-05-03 08:30:00,2021-05-03 10:00:00,90.0,90.0
D2,F1-3-five-workdays-ridge,0,5,2021-05-04,96,1.0,True,181.0,181.9349642956615,0.9349642956615014,0.9349642956615014,2021-05-04 08:30:00,2021-05-04 12:00:00,210.0,210.0
D2,F1-3-five-workdays-ridge,0,5,2021-05-05,96,1.0,True,120.0,135.63702059897426,15.63702059897426,15.63702059897426,2021-05-05 04:15:00,2021-05-05 08:30:00,255.0,255.0
D2,F1-3-five-workdays-ridge,0,5,2021-05-06,96,1.0,True,199.0,178.80919568146965,-20.190804318530354,20.190804318530354,2021-05-06 09:00:00,2021-05-06 10:45:00,105.0,105.0
D2,F1-3-five-workdays-ridge,0,5,2021-05-07,96,1.0,True,181.0,172.52529135147066,-8.474708648529344,8.474708648529344,2021-05-07 09:00:00,2021-05-07 10:45:00,105.0,105.0
D2,F1-3-five-workdays-ridge,0,5,2021-05-08,96,1.0,True,115.0,101.14898770546772,-13.851012294532282,13.851012294532282,2021-05-08 02:00:00,2021-05-08 04:45:00,165.0,165.0
D2,F1-3-five-workdays-ridge,0,5,2021-05-09,96,1.0,True,184.0,137.16592191536304,-46.83407808463696,46.83407808463696,2021-05-09 09:00:00,2021-05-09 09:45:00,45.0,45.0
D2,F1-3-five-workdays-ridge,0,6,2021-04-19,96,1.0,True,172.0,169.9148057506273,-2.085194249372705,2.085194249372705,2021-04-19 08:45:00,2021-04-19 10:45:00,120.0,120.0
D2,F1-3-five-workdays-ridge,0,6,2021-04-20,96,1.0,True,172.0,178.3185245229137,6.318524522913691,6.318524522913691,2021-04-20 08:45:00,2021-04-20 10:45:00,120.0,120.0
D2,F1-3-five-workdays-ridge,0,6,2021-04-21,96,1.0,True,174.0,177.87568865834055,3.8756886583405503,3.8756886583405503,2021-04-21 08:30:00,2021-04-21 10:00:00,90.0,90.0
D2,F1-3-five-workdays-ridge,0,6,2021-04-22,96,1.0,True,174.0,173.16066462913233,-0.8393353708676727,0.8393353708676727,2021-04-22 08:30:00,2021-04-22 10:45:00,135.0,135.0
D2,F1-3-five-workdays-ridge,0,6,2021-04-23,96,1.0,True,174.0,169.90517709528274,-4.094822904717262,4.094822904717262,2021-04-23 08:30:00,2021-04-23 10:45:00,135.0,135.0
D2,F1-3-five-workdays-ridge,0,6,2021-04-24,96,1.0,True,112.0,100.16661319287527,-11.833386807124725,11.833386807124725,2021-04-24 06:15:00,2021-04-24 06:15:00,0.0,0.0
D2,F1-3-five-workdays-ridge,0,6,2021-04-25,96,1.0,True,25.0,37.89329205875409,12.893292058754092,12.893292058754092,2021-04-25 01:30:00,2021-04-25 10:30:00,540.0,540.0
D2,F1-3-five-workdays-ridge,0,6,2021-05-03,96,1.0,True,184.0,175.30926028972183,-8.690739710278166,8.690739710278166,2021-05-03 08:30:00,2021-05-03 11:00:00,150.0,150.0
D2,F1-3-five-workdays-ridge,0,6,2021-05-04,96,1.0,True,181.0,181.50046312368102,0.5004631236810155,0.5004631236810155,2021-05-04 08:30:00,2021-05-04 11:15:00,165.0,165.0
D2,F1-3-five-workdays-ridge,0,6,2021-05-05,96,1.0,True,120.0,139.79553584733648,19.79553584733648,19.79553584733648,2021-05-05 04:15:00,2021-05-05 08:30:00,255.0,255.0
D2,F1-3-five-workdays-ridge,0,6,2021-05-06,96,1.0,True,199.0,177.80949036289815,-21.190509637101854,21.190509637101854,2021-05-06 09:00:00,2021-05-06 11:30:00,150.0,150.0
D2,F1-3-five-workdays-ridge,0,6,2021-05-07,96,1.0,True,181.0,174.49999927556894,-6.500000724431061,6.500000724431061,2021-05-07 09:00:00,2021-05-07 11:00:00,120.0,120.0
D2,F1-3-five-workdays-ridge,0,6,2021-05-08,96,1.0,True,115.0,101.91585536226988,-13.08414463773012,13.08414463773012,2021-05-08 02:00:00,2021-05-08 06:15:00,255.0,255.0
D2,F1-3-five-workdays-ridge,0,6,2021-05-09,96,1.0,True,184.0,135.6823343642691,-48.31766563573089,48.31766563573089,2021-05-09 09:00:00,2021-05-09 11:00:00,120.0,120.0
D2,F1-3-five-workdays-ridge,0,7,2021-04-19,96,1.0,True,172.0,169.4807682228269,-2.519231777173104,2.519231777173104,2021-04-19 08:45:00,2021-04-19 13:15:00,270.0,270.0
D2,F1-3-five-workdays-ridge,0,7,2021-04-20,96,1.0,True,172.0,177.50154117430853,5.501541174308528,5.501541174308528,2021-04-20 08:45:00,2021-04-20 11:00:00,135.0,135.0
D2,F1-3-five-workdays-ridge,0,7,2021-04-21,96,1.0,True,174.0,176.12649349582398,2.126493495823979,2.126493495823979,2021-04-21 08:30:00,2021-04-21 11:00:00,150.0,150.0
D2,F1-3-five-workdays-ridge,0,7,2021-04-22,96,1.0,True,174.0,172.34307486243313,-1.6569251375668728,1.6569251375668728,2021-04-22 08:30:00,2021-04-22 11:00:00,150.0,150.0
D2,F1-3-five-workdays-ridge,0,7,2021-04-23,96,1.0,True,174.0,168.987078605318,-5.012921394681996,5.012921394681996,2021-04-23 08:30:00,2021-04-23 11:00:00,150.0,150.0
D2,F1-3-five-workdays-ridge,0,7,2021-04-24,96,1.0,True,112.0,101.31612425727747,-10.683875742722535,10.683875742722535,2021-04-24 06:15:00,2021-04-24 06:15:00,0.0,0.0
D2,F1-3-five-workdays-ridge,0,7,2021-04-25,96,1.0,True,25.0,38.88326366759489,13.883263667594889,13.883263667594889,2021-04-25 01:30:00,2021-04-25 10:45:00,555.0,555.0
D2,F1-3-five-workdays-ridge,0,7,2021-05-03,96,1.0,True,184.0,175.6907279277662,-8.309272072233796,8.309272072233796,2021-05-03 08:30:00,2021-05-03 11:15:00,165.0,165.0
D2,F1-3-five-workdays-ridge,0,7,2021-05-04,96,1.0,True,181.0,180.94981742498112,-0.050182575018880016,0.050182575018880016,2021-05-04 08:30:00,2021-05-04 11:30:00,180.0,180.0
D2,F1-3-five-workdays-ridge,0,7,2021-05-05,96,1.0,True,120.0,144.1101168925098,24.110116892509808,24.110116892509808,2021-05-05 04:15:00,2021-05-05 08:30:00,255.0,255.0
D2,F1-3-five-workdays-ridge,0,7,2021-05-06,96,1.0,True,199.0,180.3601542888009,-18.639845711199087,18.639845711199087,2021-05-06 09:00:00,2021-05-06 11:30:00,150.0,150.0
D2,F1-3-five-workdays-ridge,0,7,2021-05-07,96,1.0,True,181.0,173.5081380182515,-7.491861981748514,7.491861981748514,2021-05-07 09:00:00,2021-05-07 11:00:00,120.0,120.0
D2,F1-3-five-workdays-ridge,0,7,2021-05-08,96,1.0,True,115.0,103.50606022363006,-11.493939776369942,11.493939776369942,2021-05-08 02:00:00,2021-05-08 06:15:00,255.0,255.0
D2,F1-3-five-workdays-ridge,0,7,2021-05-09,96,1.0,True,184.0,132.61724110948467,-51.38275889051533,51.38275889051533,2021-05-09 09:00:00,2021-05-09 10:45:00,105.0,105.0
D2,F1-3-five-workdays-ridge,0,8,2021-04-19,96,1.0,True,172.0,169.95814751602657,-2.041852483973429,2.041852483973429,2021-04-19 08:45:00,2021-04-19 13:15:00,270.0,270.0
D2,F1-3-five-workdays-ridge,0,8,2021-04-20,96,1.0,True,172.0,177.77110201809631,5.771102018096315,5.771102018096315,2021-04-20 08:45:00,2021-04-20 12:00:00,195.0,195.0
D2,F1-3-five-workdays-ridge,0,8,2021-04-21,96,1.0,True,174.0,177.381759767588,3.381759767587994,3.381759767587994,2021-04-21 08:30:00,2021-04-21 10:45:00,135.0,135.0
D2,F1-3-five-workdays-ridge,0,8,2021-04-22,96,1.0,True,174.0,173.01783974464797,-0.9821602553520279,0.9821602553520279,2021-04-22 08:30:00,2021-04-22 10:45:00,135.0,135.0
D2,F1-3-five-workdays-ridge,0,8,2021-04-23,96,1.0,True,174.0,169.39751862119843,-4.602481378801571,4.602481378801571,2021-04-23 08:30:00,2021-04-23 10:45:00,135.0,135.0
D2,F1-3-five-workdays-ridge,0,8,2021-04-24,96,1.0,True,112.0,99.97644599495926,-12.023554005040737,12.023554005040737,2021-04-24 06:15:00,2021-04-24 01:30:00,-285.0,285.0
D2,F1-3-five-workdays-ridge,0,8,2021-04-25,96,1.0,True,25.0,39.471945633166186,14.471945633166186,14.471945633166186,2021-04-25 01:30:00,2021-04-25 11:00:00,570.0,570.0
D2,F1-3-five-workdays-ridge,0,8,2021-05-03,96,1.0,True,184.0,174.77317886914528,-9.226821130854717,9.226821130854717,2021-05-03 08:30:00,2021-05-03 11:15:00,165.0,165.0
D2,F1-3-five-workdays-ridge,0,8,2021-05-04,96,1.0,True,181.0,181.6428754217025,0.642875421702513,0.642875421702513,2021-05-04 08:30:00,2021-05-04 12:00:00,210.0,210.0
D2,F1-3-five-workdays-ridge,0,8,2021-05-05,96,1.0,True,120.0,144.8534489409307,24.85344894093069,24.85344894093069,2021-05-05 04:15:00,2021-05-05 08:30:00,255.0,255.0
D2,F1-3-five-workdays-ridge,0,8,2021-05-06,96,1.0,True,199.0,180.22257478012585,-18.777425219874146,18.777425219874146,2021-05-06 09:00:00,2021-05-06 11:30:00,150.0,150.0
D2,F1-3-five-workdays-ridge,0,8,2021-05-07,96,1.0,True,181.0,174.1747299015178,-6.825270098482207,6.825270098482207,2021-05-07 09:00:00,2021-05-07 11:00:00,120.0,120.0
D2,F1-3-five-workdays-ridge,0,8,2021-05-08,96,1.0,True,115.0,103.36162663544259,-11.63837336455741,11.63837336455741,2021-05-08 02:00:00,2021-05-08 06:15:00,255.0,255.0
D2,F1-3-five-workdays-ridge,0,8,2021-05-09,96,1.0,True,184.0,132.8150819777782,-51.18491802222181,51.18491802222181,2021-05-09 09:00:00,2021-05-09 11:00:00,120.0,120.0
D2,F1-3-five-workdays-ridge,0,9,2021-04-19,96,1.0,True,172.0,170.008692111021,-1.9913078889790086,1.9913078889790086,2021-04-19 08:45:00,2021-04-19 11:00:00,135.0,135.0
D2,F1-3-five-workdays-ridge,0,9,2021-04-20,96,1.0,True,172.0,178.65273472129877,6.652734721298771,6.652734721298771,2021-04-20 08:45:00,2021-04-20 11:00:00,135.0,135.0
D2,F1-3-five-workdays-ridge,0,9,2021-04-21,96,1.0,True,174.0,179.49822396389277,5.4982239638927695,5.4982239638927695,2021-04-21 08:30:00,2021-04-21 10:45:00,135.0,135.0
D2,F1-3-five-workdays-ridge,0,9,2021-04-22,96,1.0,True,174.0,174.97597893343487,0.9759789334348739,0.9759789334348739,2021-04-22 08:30:00,2021-04-22 10:45:00,135.0,135.0
D2,F1-3-five-workdays-ridge,0,9,2021-04-23,96,1.0,True,174.0,171.1601964051744,-2.839803594825611,2.839803594825611,2021-04-23 08:30:00,2021-04-23 10:45:00,135.0,135.0
D2,F1-3-five-workdays-ridge,0,9,2021-04-24,96,1.0,True,112.0,102.00552211649565,-9.994477883504345,9.994477883504345,2021-04-24 06:15:00,2021-04-24 01:45:00,-270.0,270.0
D2,F1-3-five-workdays-ridge,0,9,2021-04-25,96,1.0,True,25.0,40.27840892021389,15.278408920213892,15.278408920213892,2021-04-25 01:30:00,2021-04-25 10:30:00,540.0,540.0
D2,F1-3-five-workdays-ridge,0,9,2021-05-03,96,1.0,True,184.0,176.4828055745065,-7.5171944254935,7.5171944254935,2021-05-03 08:30:00,2021-05-03 11:00:00,150.0,150.0
D2,F1-3-five-workdays-ridge,0,9,2021-05-04,96,1.0,True,181.0,181.89380791709706,0.8938079170970639,0.8938079170970639,2021-05-04 08:30:00,2021-05-04 12:00:00,210.0,210.0
D2,F1-3-five-workdays-ridge,0,9,2021-05-05,96,1.0,True,120.0,142.4889364806054,22.48893648060539,22.48893648060539,2021-05-05 04:15:00,2021-05-05 08:30:00,255.0,255.0
D2,F1-3-five-workdays-ridge,0,9,2021-05-06,96,1.0,True,199.0,177.14148541132474,-21.858514588675263,21.858514588675263,2021-05-06 09:00:00,2021-05-06 11:30:00,150.0,150.0
D2,F1-3-five-workdays-ridge,0,9,2021-05-07,96,1.0,True,181.0,174.73444536652454,-6.26555463347546,6.26555463347546,2021-05-07 09:00:00,2021-05-07 11:00:00,120.0,120.0
D2,F1-3-five-workdays-ridge,0,9,2021-05-08,96,1.0,True,115.0,103.29552463196475,-11.704475368035247,11.704475368035247,2021-05-08 02:00:00,2021-05-08 06:30:00,270.0,270.0
D2,F1-3-five-workdays-ridge,0,9,2021-05-09,96,1.0,True,184.0,129.9591287488606,-54.04087125113941,54.04087125113941,2021-05-09 09:00:00,2021-05-09 11:15:00,135.0,135.0
D2,F1-3-five-workdays-ridge,0,10,2021-04-19,96,1.0,True,172.0,171.7766783629893,-0.22332163701071295,0.22332163701071295,2021-04-19 08:45:00,2021-04-19 13:15:00,270.0,270.0
D2,F1-3-five-workdays-ridge,0,10,2021-04-20,96,1.0,True,172.0,179.84981634721203,7.849816347212027,7.849816347212027,2021-04-20 08:45:00,2021-04-20 13:15:00,270.0,270.0
D2,F1-3-five-workdays-ridge,0,10,2021-04-21,96,1.0,True,174.0,180.54167648140015,6.541676481400145,6.541676481400145,2021-04-21 08:30:00,2021-04-21 13:15:00,285.0,285.0
D2,F1-3-five-workdays-ridge,0,10,2021-04-22,96,1.0,True,174.0,174.42004075468108,0.42004075468108226,0.42004075468108226,2021-04-22 08:30:00,2021-04-22 13:15:00,285.0,285.0
D2,F1-3-five-workdays-ridge,0,10,2021-04-23,96,1.0,True,174.0,170.20616020261434,-3.793839797385658,3.793839797385658,2021-04-23 08:30:00,2021-04-23 11:00:00,150.0,150.0
D2,F1-3-five-workdays-ridge,0,10,2021-04-24,96,1.0,True,112.0,103.75767268948651,-8.242327310513488,8.242327310513488,2021-04-24 06:15:00,2021-04-24 02:00:00,-255.0,255.0
D2,F1-3-five-workdays-ridge,0,10,2021-04-25,96,1.0,True,25.0,41.20771489310419,16.20771489310419,16.20771489310419,2021-04-25 01:30:00,2021-04-25 10:45:00,555.0,555.0
D2,F1-3-five-workdays-ridge,0,10,2021-05-03,96,1.0,True,184.0,177.8526838753219,-6.147316124678099,6.147316124678099,2021-05-03 08:30:00,2021-05-03 11:15:00,165.0,165.0
D2,F1-3-five-workdays-ridge,0,10,2021-05-04,96,1.0,True,181.0,183.3559706089427,2.355970608942698,2.355970608942698,2021-05-04 08:30:00,2021-05-04 11:00:00,150.0,150.0
D2,F1-3-five-workdays-ridge,0,10,2021-05-05,96,1.0,True,120.0,144.25869673815555,24.25869673815555,24.25869673815555,2021-05-05 04:15:00,2021-05-05 08:30:00,255.0,255.0
D2,F1-3-five-workdays-ridge,0,10,2021-05-06,96,1.0,True,199.0,179.15676912999493,-19.843230870005073,19.843230870005073,2021-05-06 09:00:00,2021-05-06 11:30:00,150.0,150.0
D2,F1-3-five-workdays-ridge,0,10,2021-05-07,96,1.0,True,181.0,172.38819587525805,-8.611804124741951,8.611804124741951,2021-05-07 09:00:00,2021-05-07 11:15:00,135.0,135.0
D2,F1-3-five-workdays-ridge,0,10,2021-05-08,96,1.0,True,115.0,102.96001322213095,-12.039986777869046,12.039986777869046,2021-05-08 02:00:00,2021-05-08 06:45:00,285.0,285.0
D2,F1-3-five-workdays-ridge,0,10,2021-05-09,96,1.0,True,184.0,129.74051304332616,-54.25948695667384,54.25948695667384,2021-05-09 09:00:00,2021-05-09 11:00:00,120.0,120.0
D2,F1-3-five-workdays-ridge,0,11,2021-04-19,96,1.0,True,172.0,171.44408172974886,-0.5559182702511407,0.5559182702511407,2021-04-19 08:45:00,2021-04-19 13:15:00,270.0,270.0
D2,F1-3-five-workdays-ridge,0,11,2021-04-20,96,1.0,True,172.0,180.0150388431965,8.015038843196493,8.015038843196493,2021-04-20 08:45:00,2021-04-20 13:15:00,270.0,270.0
D2,F1-3-five-workdays-ridge,0,11,2021-04-21,96,1.0,True,174.0,181.1521784383942,7.152178438394202,7.152178438394202,2021-04-21 08:30:00,2021-04-21 13:30:00,300.0,300.0
D2,F1-3-five-workdays-ridge,0,11,2021-04-22,96,1.0,True,174.0,174.7642406409754,0.7642406409754017,0.7642406409754017,2021-04-22 08:30:00,2021-04-22 13:45:00,315.0,315.0
D2,F1-3-five-workdays-ridge,0,11,2021-04-23,96,1.0,True,174.0,170.12015225050106,-3.8798477494989356,3.8798477494989356,2021-04-23 08:30:00,2021-04-23 13:45:00,315.0,315.0
D2,F1-3-five-workdays-ridge,0,11,2021-04-24,96,1.0,True,112.0,103.31662600270339,-8.683373997296613,8.683373997296613,2021-04-24 06:15:00,2021-04-24 02:00:00,-255.0,255.0
D2,F1-3-five-workdays-ridge,0,11,2021-04-25,96,1.0,True,25.0,42.28120282983281,17.281202829832807,17.281202829832807,2021-04-25 01:30:00,2021-04-25 11:00:00,570.0,570.0
D2,F1-3-five-workdays-ridge,0,11,2021-05-03,96,1.0,True,184.0,178.77499272930538,-5.2250072706946185,5.2250072706946185,2021-05-03 08:30:00,2021-05-03 11:15:00,165.0,165.0
D2,F1-3-five-workdays-ridge,0,11,2021-05-04,96,1.0,True,181.0,184.321903148103,3.32190314810299,3.32190314810299,2021-05-04 08:30:00,2021-05-04 11:15:00,165.0,165.0
D2,F1-3-five-workdays-ridge,0,11,2021-05-05,96,1.0,True,120.0,147.5492636075796,27.549263607579604,27.549263607579604,2021-05-05 04:15:00,2021-05-05 08:30:00,255.0,255.0
D2,F1-3-five-workdays-ridge,0,11,2021-05-06,96,1.0,True,199.0,179.7141990867816,-19.285800913218395,19.285800913218395,2021-05-06 09:00:00,2021-05-06 11:30:00,150.0,150.0
D2,F1-3-five-workdays-ridge,0,11,2021-05-07,96,1.0,True,181.0,171.95089270511573,-9.049107294884266,9.049107294884266,2021-05-07 09:00:00,2021-05-07 11:30:00,150.0,150.0
D2,F1-3-five-workdays-ridge,0,11,2021-05-08,96,1.0,True,115.0,103.83569252736815,-11.164307472631847,11.164307472631847,2021-05-08 02:00:00,2021-05-08 06:15:00,255.0,255.0
D2,F1-3-five-workdays-ridge,0,11,2021-05-09,96,1.0,True,184.0,127.94063166249494,-56.05936833750506,56.05936833750506,2021-05-09 09:00:00,2021-05-09 11:15:00,135.0,135.0
D2,F1-3-five-workdays-ridge,0,12,2021-04-19,96,1.0,True,172.0,169.7472598118444,-2.252740188155599,2.252740188155599,2021-04-19 08:45:00,2021-04-19 13:45:00,300.0,300.0
D2,F1-3-five-workdays-ridge,0,12,2021-04-20,96,1.0,True,172.0,180.1240660274986,8.1240660274986,8.1240660274986,2021-04-20 08:45:00,2021-04-20 13:45:00,300.0,300.0
D2,F1-3-five-workdays-ridge,0,12,2021-04-21,96,1.0,True,174.0,181.3954074195355,7.395407419535502,7.395407419535502,2021-04-21 08:30:00,2021-04-21 13:45:00,315.0,315.0
D2,F1-3-five-workdays-ridge,0,12,2021-04-22,96,1.0,True,174.0,175.06237069728448,1.0623706972844786,1.0623706972844786,2021-04-22 08:30:00,2021-04-22 13:45:00,315.0,315.0
D2,F1-3-five-workdays-ridge,0,12,2021-04-23,96,1.0,True,174.0,170.3409063096721,-3.659093690327893,3.659093690327893,2021-04-23 08:30:00,2021-04-23 13:45:00,315.0,315.0
D2,F1-3-five-workdays-ridge,0,12,2021-04-24,96,1.0,True,112.0,104.74754732259198,-7.252452677408016,7.252452677408016,2021-04-24 06:15:00,2021-04-24 01:45:00,-270.0,270.0
D2,F1-3-five-workdays-ridge,0,12,2021-04-25,96,1.0,True,25.0,42.73462502648283,17.73462502648283,17.73462502648283,2021-04-25 01:30:00,2021-04-25 11:15:00,585.0,585.0
D2,F1-3-five-workdays-ridge,0,12,2021-05-03,96,1.0,True,184.0,178.15557698520792,-5.844423014792085,5.844423014792085,2021-05-03 08:30:00,2021-05-03 11:30:00,180.0,180.0
D2,F1-3-five-workdays-ridge,0,12,2021-05-04,96,1.0,True,181.0,183.20257331005266,2.2025733100526566,2.2025733100526566,2021-05-04 08:30:00,2021-05-04 11:30:00,180.0,180.0
D2,F1-3-five-workdays-ridge,0,12,2021-05-05,96,1.0,True,120.0,148.28787569910534,28.287875699105342,28.287875699105342,2021-05-05 04:15:00,2021-05-05 08:30:00,255.0,255.0
D2,F1-3-five-workdays-ridge,0,12,2021-05-06,96,1.0,True,199.0,181.51409374551585,-17.48590625448415,17.48590625448415,2021-05-06 09:00:00,2021-05-06 11:30:00,150.0,150.0
D2,F1-3-five-workdays-ridge,0,12,2021-05-07,96,1.0,True,181.0,169.9487484745095,-11.0512515254905,11.0512515254905,2021-05-07 09:00:00,2021-05-07 11:45:00,165.0,165.0
D2,F1-3-five-workdays-ridge,0,12,2021-05-08,96,1.0,True,115.0,103.3213969284306,-11.678603071569398,11.678603071569398,2021-05-08 02:00:00,2021-05-08 06:30:00,270.0,270.0
D2,F1-3-five-workdays-ridge,0,12,2021-05-09,96,1.0,True,184.0,124.55740286388435,-59.44259713611565,59.44259713611565,2021-05-09 09:00:00,2021-05-09 11:30:00,150.0,150.0
D2,F1-3-five-workdays-ridge,0,13,2021-04-19,96,1.0,True,172.0,170.5773826565589,-1.4226173434410896,1.4226173434410896,2021-04-19 08:45:00,2021-04-19 12:00:00,195.0,195.0
D2,F1-3-five-workdays-ridge,0,13,2021-04-20,96,1.0,True,172.0,182.1896239349309,10.189623934930893,10.189623934930893,2021-04-20 08:45:00,2021-04-20 12:00:00,195.0,195.0
D2,F1-3-five-workdays-ridge,0,13,2021-04-21,96,1.0,True,174.0,179.92262227093536,5.9226222709353635,5.9226222709353635,2021-04-21 08:30:00,2021-04-21 13:45:00,315.0,315.0
D2,F1-3-five-workdays-ridge,0,13,2021-04-22,96,1.0,True,174.0,173.43487009723907,-0.5651299027609298,0.5651299027609298,2021-04-22 08:30:00,2021-04-22 13:45:00,315.0,315.0
D2,F1-3-five-workdays-ridge,0,13,2021-04-23,96,1.0,True,174.0,168.6134663972636,-5.386533602736392,5.386533602736392,2021-04-23 08:30:00,2021-04-23 13:45:00,315.0,315.0
D2,F1-3-five-workdays-ridge,0,13,2021-04-24,96,1.0,True,112.0,107.00831262531564,-4.991687374684361,4.991687374684361,2021-04-24 06:15:00,2021-04-24 02:00:00,-255.0,255.0
D2,F1-3-five-workdays-ridge,0,13,2021-04-25,96,1.0,True,25.0,42.77351280161583,17.77351280161583,17.77351280161583,2021-04-25 01:30:00,2021-04-25 11:15:00,585.0,585.0
D2,F1-3-five-workdays-ridge,0,13,2021-05-03,96,1.0,True,184.0,178.1361595583163,-5.863840441683692,5.863840441683692,2021-05-03 08:30:00,2021-05-03 12:00:00,210.0,210.0
D2,F1-3-five-workdays-ridge,0,13,2021-05-04,96,1.0,True,181.0,182.6568204885404,1.6568204885404043,1.6568204885404043,2021-05-04 08:30:00,2021-05-04 11:45:00,195.0,195.0
D2,F1-3-five-workdays-ridge,0,13,2021-05-05,96,1.0,True,120.0,151.24930310521543,31.249303105215432,31.249303105215432,2021-05-05 04:15:00,2021-05-05 08:30:00,255.0,255.0
D2,F1-3-five-workdays-ridge,0,13,2021-05-06,96,1.0,True,199.0,178.7315801155715,-20.26841988442851,20.26841988442851,2021-05-06 09:00:00,2021-05-06 11:45:00,165.0,165.0
D2,F1-3-five-workdays-ridge,0,13,2021-05-07,96,1.0,True,181.0,163.45355750600766,-17.546442493992345,17.546442493992345,2021-05-07 09:00:00,2021-05-07 12:00:00,180.0,180.0
D2,F1-3-five-workdays-ridge,0,13,2021-05-08,96,1.0,True,115.0,103.01288373032438,-11.987116269675624,11.987116269675624,2021-05-08 02:00:00,2021-05-08 06:45:00,285.0,285.0
D2,F1-3-five-workdays-ridge,0,13,2021-05-09,96,1.0,True,184.0,121.47445598589383,-62.525544014106174,62.525544014106174,2021-05-09 09:00:00,2021-05-09 11:45:00,165.0,165.0
D2,F1-3-five-workdays-ridge,0,14,2021-04-19,96,1.0,True,172.0,171.98648387934327,-0.0135161206567318,0.0135161206567318,2021-04-19 08:45:00,2021-04-19 13:15:00,270.0,270.0
D2,F1-3-five-workdays-ridge,0,14,2021-04-20,96,1.0,True,172.0,182.00487492601178,10.00487492601178,10.00487492601178,2021-04-20 08:45:00,2021-04-20 13:15:00,270.0,270.0
D2,F1-3-five-workdays-ridge,0,14,2021-04-21,96,1.0,True,174.0,178.39901493986844,4.399014939868437,4.399014939868437,2021-04-21 08:30:00,2021-04-21 12:00:00,210.0,210.0
D2,F1-3-five-workdays-ridge,0,14,2021-04-22,96,1.0,True,174.0,170.42818951943244,-3.5718104805675637,3.5718104805675637,2021-04-22 08:30:00,2021-04-22 12:00:00,210.0,210.0
D2,F1-3-five-workdays-ridge,0,14,2021-04-23,96,1.0,True,174.0,166.04195839998613,-7.958041600013871,7.958041600013871,2021-04-23 08:30:00,2021-04-23 14:30:00,360.0,360.0
D2,F1-3-five-workdays-ridge,0,14,2021-04-24,96,1.0,True,112.0,108.36040000416634,-3.639599995833663,3.639599995833663,2021-04-24 06:15:00,2021-04-24 02:00:00,-255.0,255.0
D2,F1-3-five-workdays-ridge,0,14,2021-04-25,96,1.0,True,25.0,41.96928643388084,16.96928643388084,16.96928643388084,2021-04-25 01:30:00,2021-04-25 11:15:00,585.0,585.0
D2,F1-3-five-workdays-ridge,0,14,2021-05-03,96,1.0,True,184.0,173.18929291554767,-10.810707084452332,10.810707084452332,2021-05-03 08:30:00,2021-05-03 12:00:00,210.0,210.0
D2,F1-3-five-workdays-ridge,0,14,2021-05-04,96,1.0,True,181.0,183.31684846432887,2.3168484643288707,2.3168484643288707,2021-05-04 08:30:00,2021-05-04 12:00:00,210.0,210.0
D2,F1-3-five-workdays-ridge,0,14,2021-05-05,96,1.0,True,120.0,154.03218456378372,34.032184563783716,34.032184563783716,2021-05-05 04:15:00,2021-05-05 08:30:00,255.0,255.0
D2,F1-3-five-workdays-ridge,0,14,2021-05-06,96,1.0,True,199.0,171.89589711597205,-27.104102884027952,27.104102884027952,2021-05-06 09:00:00,2021-05-06 12:00:00,180.0,180.0
D2,F1-3-five-workdays-ridge,0,14,2021-05-07,96,1.0,True,181.0,167.89556691332217,-13.10443308667783,13.10443308667783,2021-05-07 09:00:00,2021-05-07 14:30:00,330.0,330.0
D2,F1-3-five-workdays-ridge,0,14,2021-05-08,96,1.0,True,115.0,102.8850794824169,-12.114920517583101,12.114920517583101,2021-05-08 02:00:00,2021-05-08 06:30:00,270.0,270.0
D2,F1-3-five-workdays-ridge,0,14,2021-05-09,96,1.0,True,184.0,113.4072854889923,-70.5927145110077,70.5927145110077,2021-05-09 09:00:00,2021-05-09 12:00:00,180.0,180.0
D2,F1-3-five-workdays-ridge,0,15,2021-04-19,96,1.0,True,172.0,171.01151266052113,-0.9884873394788656,0.9884873394788656,2021-04-19 08:45:00,2021-04-19 13:30:00,285.0,285.0
D2,F1-3-five-workdays-ridge,0,15,2021-04-20,96,1.0,True,172.0,182.39382156895763,10.393821568957634,10.393821568957634,2021-04-20 08:45:00,2021-04-20 13:30:00,285.0,285.0
D2,F1-3-five-workdays-ridge,0,15,2021-04-21,96,1.0,True,174.0,176.09437316733352,2.094373167333515,2.094373167333515,2021-04-21 08:30:00,2021-04-21 13:15:00,285.0,285.0
D2,F1-3-five-workdays-ridge,0,15,2021-04-22,96,1.0,True,174.0,169.79711894048364,-4.202881059516358,4.202881059516358,2021-04-22 08:30:00,2021-04-22 14:45:00,375.0,375.0
D2,F1-3-five-workdays-ridge,0,15,2021-04-23,96,1.0,True,174.0,165.33406323560115,-8.66593676439885,8.66593676439885,2021-04-23 08:30:00,2021-04-23 14:45:00,375.0,375.0
D2,F1-3-five-workdays-ridge,0,15,2021-04-24,96,1.0,True,112.0,104.09463499058492,-7.905365009415078,7.905365009415078,2021-04-24 06:15:00,2021-04-24 06:15:00,0.0,0.0
D2,F1-3-five-workdays-ridge,0,15,2021-04-25,96,1.0,True,25.0,41.34902222561282,16.34902222561282,16.34902222561282,2021-04-25 01:30:00,2021-04-25 11:15:00,585.0,585.0
D2,F1-3-five-workdays-ridge,0,15,2021-05-03,96,1.0,True,184.0,169.28300786997244,-14.716992130027563,14.716992130027563,2021-05-03 08:30:00,2021-05-03 13:15:00,285.0,285.0
D2,F1-3-five-workdays-ridge,0,15,2021-05-04,96,1.0,True,181.0,180.91836352345393,-0.0816364765460662,0.0816364765460662,2021-05-04 08:30:00,2021-05-04 13:45:00,315.0,315.0
D2,F1-3-five-workdays-ridge,0,15,2021-05-05,96,1.0,True,120.0,157.50267677266055,37.50267677266055,37.50267677266055,2021-05-05 04:15:00,2021-05-05 08:30:00,255.0,255.0
D2,F1-3-five-workdays-ridge,0,15,2021-05-06,96,1.0,True,199.0,169.60832169770003,-29.391678302299965,29.391678302299965,2021-05-06 09:00:00,2021-05-06 13:30:00,270.0,270.0
D2,F1-3-five-workdays-ridge,0,15,2021-05-07,96,1.0,True,181.0,164.9445816328947,-16.05541836710529,16.05541836710529,2021-05-07 09:00:00,2021-05-07 14:45:00,345.0,345.0
D2,F1-3-five-workdays-ridge,0,15,2021-05-08,96,1.0,True,115.0,103.83892463460883,-11.16107536539117,11.16107536539117,2021-05-08 02:00:00,2021-05-08 06:45:00,285.0,285.0
D2,F1-3-five-workdays-ridge,0,15,2021-05-09,96,1.0,True,184.0,109.2909081604358,-74.7090918395642,74.7090918395642,2021-05-09 09:00:00,2021-05-09 13:15:00,255.0,255.0
D2,F1-3-five-workdays-ridge,0,16,2021-04-19,96,1.0,True,172.0,172.30807670325498,0.30807670325498293,0.30807670325498293,2021-04-19 08:45:00,2021-04-19 13:15:00,270.0,270.0
D2,F1-3-five-workdays-ridge,0,16,2021-04-20,96,1.0,True,172.0,182.85955070177081,10.859550701770814,10.859550701770814,2021-04-20 08:45:00,2021-04-20 13:15:00,270.0,270.0
D2,F1-3-five-workdays-ridge,0,16,2021-04-21,96,1.0,True,174.0,180.2090683367876,6.209068336787595,6.209068336787595,2021-04-21 08:30:00,2021-04-21 13:15:00,285.0,285.0
D2,F1-3-five-workdays-ridge,0,16,2021-04-22,96,1.0,True,174.0,173.62137103437902,-0.37862896562097603,0.37862896562097603,2021-04-22 08:30:00,2021-04-22 13:15:00,285.0,285.0
D2,F1-3-five-workdays-ridge,0,16,2021-04-23,96,1.0,True,174.0,168.69192206069107,-5.30807793930893,5.30807793930893,2021-04-23 08:30:00,2021-04-23 13:15:00,285.0,285.0
D2,F1-3-five-workdays-ridge,0,16,2021-04-24,96,1.0,True,112.0,106.2671553032401,-5.732844696759898,5.732844696759898,2021-04-24 06:15:00,2021-04-24 02:00:00,-255.0,255.0
D2,F1-3-five-workdays-ridge,0,16,2021-04-25,96,1.0,True,25.0,40.681119545090574,15.681119545090574,15.681119545090574,2021-04-25 01:30:00,2021-04-25 12:00:00,630.0,630.0
D2,F1-3-five-workdays-ridge,0,16,2021-05-03,96,1.0,True,184.0,169.96514039197768,-14.034859608022316,14.034859608022316,2021-05-03 08:30:00,2021-05-03 13:30:00,300.0,300.0
D2,F1-3-five-workdays-ridge,0,16,2021-05-04,96,1.0,True,181.0,181.42087438210797,0.4208743821079679,0.4208743821079679,2021-05-04 08:30:00,2021-05-04 13:45:00,315.0,315.0
D2,F1-3-five-workdays-ridge,0,16,2021-05-05,96,1.0,True,120.0,158.2090103353088,38.20901033530879,38.20901033530879,2021-05-05 04:15:00,2021-05-05 08:30:00,255.0,255.0
D2,F1-3-five-workdays-ridge,0,16,2021-05-06,96,1.0,True,199.0,170.31454666210018,-28.685453337899816,28.685453337899816,2021-05-06 09:00:00,2021-05-06 13:30:00,270.0,270.0
D2,F1-3-five-workdays-ridge,0,16,2021-05-07,96,1.0,True,181.0,164.581435751411,-16.418564248589007,16.418564248589007,2021-05-07 09:00:00,2021-05-07 14:30:00,330.0,330.0
D2,F1-3-five-workdays-ridge,0,16,2021-05-08,96,1.0,True,115.0,102.1258170817361,-12.874182918263898,12.874182918263898,2021-05-08 02:00:00,2021-05-08 06:15:00,255.0,255.0
D2,F1-3-five-workdays-ridge,0,16,2021-05-09,96,1.0,True,184.0,106.84577255970243,-77.15422744029757,77.15422744029757,2021-05-09 09:00:00,2021-05-09 13:30:00,270.0,270.0
D2,F1-3-five-workdays-ridge,1,4,2021-05-31,95,0.9895833333333334,False,172.0,173.0665050524052,1.0665050524052049,1.0665050524052049,2021-05-31 10:30:00,2021-05-31 09:45:00,-45.0,45.0
D2,F1-3-five-workdays-ridge,1,4,2021-06-01,1,0.010416666666666666,False,71.0,97.33516302921618,26.335163029216176,26.335163029216176,2021-06-01 00:00:00,2021-06-01 00:00:00,0.0,0.0
D2,F1-3-five-workdays-ridge,1,4,2021-06-20,95,0.9895833333333334,False,28.0,42.24870132641311,14.248701326413112,14.248701326413112,2021-06-20 15:15:00,2021-06-20 09:30:00,-345.0,345.0
D2,F1-3-five-workdays-ridge,1,5,2021-05-31,95,0.9895833333333334,False,172.0,173.3084093306561,1.3084093306561044,1.3084093306561044,2021-05-31 10:30:00,2021-05-31 11:45:00,75.0,75.0
D2,F1-3-five-workdays-ridge,1,5,2021-06-01,1,0.010416666666666666,False,71.0,98.40985433815615,27.40985433815615,27.40985433815615,2021-06-01 00:00:00,2021-06-01 00:00:00,0.0,0.0
D2,F1-3-five-workdays-ridge,1,5,2021-06-20,95,0.9895833333333334,False,28.0,44.08876139498943,16.088761394989433,16.088761394989433,2021-06-20 15:15:00,2021-06-20 10:00:00,-315.0,315.0
D2,F1-3-five-workdays-ridge,1,6,2021-05-31,95,0.9895833333333334,False,172.0,172.1784381418781,0.1784381418781038,0.1784381418781038,2021-05-31 10:30:00,2021-05-31 12:00:00,90.0,90.0
D2,F1-3-five-workdays-ridge,1,6,2021-06-01,1,0.010416666666666666,False,71.0,98.01403779311052,27.014037793110518,27.014037793110518,2021-06-01 00:00:00,2021-06-01 00:00:00,0.0,0.0
D2,F1-3-five-workdays-ridge,1,6,2021-06-20,95,0.9895833333333334,False,28.0,46.54807955144664,18.54807955144664,18.54807955144664,2021-06-20 15:15:00,2021-06-20 10:00:00,-315.0,315.0
D2,F1-3-five-workdays-ridge,1,7,2021-05-31,95,0.9895833333333334,False,172.0,169.87918431414218,-2.1208156858578207,2.1208156858578207,2021-05-31 10:30:00,2021-05-31 11:15:00,45.0,45.0
D2,F1-3-five-workdays-ridge,1,7,2021-06-01,1,0.010416666666666666,False,71.0,95.37734329815747,24.37734329815747,24.37734329815747,2021-06-01 00:00:00,2021-06-01 00:00:00,0.0,0.0
D2,F1-3-five-workdays-ridge,1,7,2021-06-20,95,0.9895833333333334,False,28.0,46.106698749548826,18.106698749548826,18.106698749548826,2021-06-20 15:15:00,2021-06-20 10:00:00,-315.0,315.0
D2,F1-3-five-workdays-ridge,1,8,2021-05-31,95,0.9895833333333334,False,172.0,170.6865481222901,-1.3134518777098947,1.3134518777098947,2021-05-31 10:30:00,2021-05-31 11:15:00,45.0,45.0
D2,F1-3-five-workdays-ridge,1,8,2021-06-01,1,0.010416666666666666,False,71.0,99.10156261809784,28.101562618097844,28.101562618097844,2021-06-01 00:00:00,2021-06-01 00:00:00,0.0,0.0
D2,F1-3-five-workdays-ridge,1,8,2021-06-20,95,0.9895833333333334,False,28.0,46.15360301422273,18.153603014222732,18.153603014222732,2021-06-20 15:15:00,2021-06-20 10:00:00,-315.0,315.0
D2,F1-3-five-workdays-ridge,1,9,2021-05-31,95,0.9895833333333334,False,172.0,171.7827813143415,-0.21721868565850855,0.21721868565850855,2021-05-31 10:30:00,2021-05-31 11:00:00,30.0,30.0
D2,F1-3-five-workdays-ridge,1,9,2021-06-01,1,0.010416666666666666,False,71.0,99.19431420829483,28.194314208294827,28.194314208294827,2021-06-01 00:00:00,2021-06-01 00:00:00,0.0,0.0
D2,F1-3-five-workdays-ridge,1,9,2021-06-20,95,0.9895833333333334,False,28.0,45.36398651606709,17.363986516067087,17.363986516067087,2021-06-20 15:15:00,2021-06-20 10:00:00,-315.0,315.0
D2,F1-3-five-workdays-ridge,1,10,2021-05-31,95,0.9895833333333334,False,172.0,175.49089545734444,3.490895457344436,3.490895457344436,2021-05-31 10:30:00,2021-05-31 11:15:00,45.0,45.0
D2,F1-3-five-workdays-ridge,1,10,2021-06-01,1,0.010416666666666666,False,71.0,95.43588295476792,24.43588295476792,24.43588295476792,2021-06-01 00:00:00,2021-06-01 00:00:00,0.0,0.0
D2,F1-3-five-workdays-ridge,1,10,2021-06-20,95,0.9895833333333334,False,28.0,45.71374925389449,17.71374925389449,17.71374925389449,2021-06-20 15:15:00,2021-06-20 10:00:00,-315.0,315.0
D2,F1-3-five-workdays-ridge,1,11,2021-05-31,95,0.9895833333333334,False,172.0,172.57646883979913,0.5764688397991335,0.5764688397991335,2021-05-31 10:30:00,2021-05-31 11:30:00,60.0,60.0
D2,F1-3-five-workdays-ridge,1,11,2021-06-01,1,0.010416666666666666,False,71.0,90.83713302564475,19.837133025644746,19.837133025644746,2021-06-01 00:00:00,2021-06-01 00:00:00,0.0,0.0
D2,F1-3-five-workdays-ridge,1,11,2021-06-20,95,0.9895833333333334,False,28.0,45.46722483089269,17.46722483089269,17.46722483089269,2021-06-20 15:15:00,2021-06-20 11:30:00,-225.0,225.0
D2,F1-3-five-workdays-ridge,1,12,2021-05-31,95,0.9895833333333334,False,172.0,174.3215289781025,2.321528978102492,2.321528978102492,2021-05-31 10:30:00,2021-05-31 11:45:00,75.0,75.0
D2,F1-3-five-workdays-ridge,1,12,2021-06-01,1,0.010416666666666666,False,71.0,90.50680460702235,19.506804607022346,19.506804607022346,2021-06-01 00:00:00,2021-06-01 00:00:00,0.0,0.0
D2,F1-3-five-workdays-ridge,1,12,2021-06-20,95,0.9895833333333334,False,28.0,46.633536405862614,18.633536405862614,18.633536405862614,2021-06-20 15:15:00,2021-06-20 11:30:00,-225.0,225.0
D2,F1-3-five-workdays-ridge,1,13,2021-05-31,95,0.9895833333333334,False,172.0,174.09867362112652,2.0986736211265224,2.0986736211265224,2021-05-31 10:30:00,2021-05-31 12:00:00,90.0,90.0
D2,F1-3-five-workdays-ridge,1,13,2021-06-01,1,0.010416666666666666,False,71.0,96.04872775390547,25.048727753905467,25.048727753905467,2021-06-01 00:00:00,2021-06-01 00:00:00,0.0,0.0
D2,F1-3-five-workdays-ridge,1,13,2021-06-20,95,0.9895833333333334,False,28.0,45.978182077204686,17.978182077204686,17.978182077204686,2021-06-20 15:15:00,2021-06-20 08:30:00,-405.0,405.0
D2,F1-3-five-workdays-ridge,1,14,2021-05-31,95,0.9895833333333334,False,172.0,165.71640600051657,-6.283593999483429,6.283593999483429,2021-05-31 10:30:00,2021-05-31 14:00:00,210.0,210.0
D2,F1-3-five-workdays-ridge,1,14,2021-06-01,1,0.010416666666666666,False,71.0,103.95586090755376,32.955860907553756,32.955860907553756,2021-06-01 00:00:00,2021-06-01 00:00:00,0.0,0.0
D2,F1-3-five-workdays-ridge,1,14,2021-06-20,95,0.9895833333333334,False,28.0,46.413356803498075,18.413356803498075,18.413356803498075,2021-06-20 15:15:00,2021-06-20 08:30:00,-405.0,405.0
D2,F1-3-five-workdays-ridge,1,15,2021-05-31,95,0.9895833333333334,False,172.0,167.4141864385254,-4.585813561474595,4.585813561474595,2021-05-31 10:30:00,2021-05-31 14:30:00,240.0,240.0
D2,F1-3-five-workdays-ridge,1,15,2021-06-01,1,0.010416666666666666,False,71.0,102.40761198226734,31.40761198226734,31.40761198226734,2021-06-01 00:00:00,2021-06-01 00:00:00,0.0,0.0
D2,F1-3-five-workdays-ridge,1,15,2021-06-20,95,0.9895833333333334,False,28.0,46.70567547810209,18.705675478102087,18.705675478102087,2021-06-20 15:15:00,2021-06-20 09:00:00,-375.0,375.0
D2,F1-3-five-workdays-ridge,1,16,2021-05-31,95,0.9895833333333334,False,172.0,167.59880198936278,-4.401198010637216,4.401198010637216,2021-05-31 10:30:00,2021-05-31 13:45:00,195.0,195.0
D2,F1-3-five-workdays-ridge,1,16,2021-06-01,1,0.010416666666666666,False,71.0,102.90453886680645,31.904538866806448,31.904538866806448,2021-06-01 00:00:00,2021-06-01 00:00:00,0.0,0.0
D2,F1-3-five-workdays-ridge,1,16,2021-06-20,95,0.9895833333333334,False,28.0,46.39841189192931,18.398411891929307,18.398411891929307,2021-06-20 15:15:00,2021-06-20 10:00:00,-315.0,315.0
D2,F1-3-five-workdays-ridge,2,4,2021-07-12,96,1.0,True,198.0,202.3957361779983,4.3957361779982875,4.3957361779982875,2021-07-12 08:45:00,2021-07-12 09:30:00,45.0,45.0
D2,F1-3-five-workdays-ridge,2,4,2021-07-13,1,0.010416666666666666,False,79.0,108.5771342389503,29.577134238950293,29.577134238950293,2021-07-13 00:00:00,2021-07-13 00:00:00,0.0,0.0
D2,F1-3-five-workdays-ridge,2,4,2021-07-17,80,0.8333333333333334,False,108.0,106.22429208684055,-1.7757079131594509,1.7757079131594509,2021-07-17 06:00:00,2021-07-17 07:00:00,60.0,60.0
D2,F1-3-five-workdays-ridge,2,4,2021-07-18,84,0.875,False,28.0,46.98596314203051,18.985963142030513,18.985963142030513,2021-07-18 04:30:00,2021-07-18 08:45:00,255.0,255.0
D2,F1-3-five-workdays-ridge,2,4,2021-07-26,84,0.875,False,217.0,223.42683692909623,6.4268369290962255,6.4268369290962255,2021-07-26 08:30:00,2021-07-26 09:30:00,60.0,60.0
D2,F1-3-five-workdays-ridge,2,4,2021-07-27,84,0.875,False,211.0,212.79790974018434,1.7979097401843376,1.7979097401843376,2021-07-27 11:45:00,2021-07-27 09:30:00,-135.0,135.0
D2,F1-3-five-workdays-ridge,2,4,2021-07-28,84,0.875,False,212.0,212.20496924741994,0.20496924741993894,0.20496924741993894,2021-07-28 12:00:00,2021-07-28 12:00:00,0.0,0.0
D2,F1-3-five-workdays-ridge,2,4,2021-07-29,84,0.875,False,211.0,210.3093334445312,-0.6906665554687947,0.6906665554687947,2021-07-29 12:00:00,2021-07-29 14:45:00,165.0,165.0
D2,F1-3-five-workdays-ridge,2,4,2021-07-30,85,0.8854166666666666,False,212.0,208.34693348707407,-3.653066512925932,3.653066512925932,2021-07-30 12:00:00,2021-07-30 12:00:00,0.0,0.0
D2,F1-3-five-workdays-ridge,2,4,2021-07-31,96,1.0,True,80.0,100.21937214845113,20.21937214845113,20.21937214845113,2021-07-31 00:00:00,2021-07-31 00:00:00,0.0,0.0
D2,F1-3-five-workdays-ridge,2,4,2021-08-01,96,1.0,True,28.0,46.52405026443434,18.524050264434337,18.524050264434337,2021-08-01 09:00:00,2021-08-01 10:00:00,60.0,60.0
D2,F1-3-five-workdays-ridge,2,4,2021-08-09,1,0.010416666666666666,False,21.0,11.540984589969241,-9.459015410030759,9.459015410030759,2021-08-09 00:00:00,2021-08-09 00:00:00,0.0,0.0
D2,F1-3-five-workdays-ridge,2,5,2021-07-12,96,1.0,True,198.0,196.2064885067567,-1.793511493243301,1.793511493243301,2021-07-12 08:45:00,2021-07-12 09:45:00,60.0,60.0
D2,F1-3-five-workdays-ridge,2,5,2021-07-13,1,0.010416666666666666,False,79.0,113.36406270475355,34.36406270475355,34.36406270475355,2021-07-13 00:00:00,2021-07-13 00:00:00,0.0,0.0
D2,F1-3-five-workdays-ridge,2,5,2021-07-17,79,0.8229166666666666,False,108.0,108.22016050690468,0.22016050690467637,0.22016050690467637,2021-07-17 06:00:00,2021-07-17 07:15:00,75.0,75.0
D2,F1-3-five-workdays-ridge,2,5,2021-07-18,84,0.875,False,28.0,47.869733152120794,19.869733152120794,19.869733152120794,2021-07-18 04:30:00,2021-07-18 09:00:00,270.0,270.0
D2,F1-3-five-workdays-ridge,2,5,2021-07-26,84,0.875,False,217.0,217.14233387069834,0.14233387069833725,0.14233387069833725,2021-07-26 08:30:00,2021-07-26 09:45:00,75.0,75.0
D2,F1-3-five-workdays-ridge,2,5,2021-07-27,84,0.875,False,211.0,213.2203492985355,2.2203492985354956,2.2203492985354956,2021-07-27 11:45:00,2021-07-27 12:00:00,15.0,15.0
D2,F1-3-five-workdays-ridge,2,5,2021-07-28,84,0.875,False,212.0,211.22195990051222,-0.7780400994877823,0.7780400994877823,2021-07-28 12:00:00,2021-07-28 11:45:00,-15.0,15.0
D2,F1-3-five-workdays-ridge,2,5,2021-07-29,84,0.875,False,211.0,205.66663306119378,-5.333366938806222,5.333366938806222,2021-07-29 12:00:00,2021-07-29 12:00:00,0.0,0.0
D2,F1-3-five-workdays-ridge,2,5,2021-07-30,85,0.8854166666666666,False,212.0,209.76601791992107,-2.233982080078931,2.233982080078931,2021-07-30 12:00:00,2021-07-30 11:45:00,-15.0,15.0
D2,F1-3-five-workdays-ridge,2,5,2021-07-31,96,1.0,True,80.0,96.68795753824803,16.68795753824803,16.68795753824803,2021-07-31 00:00:00,2021-07-31 00:00:00,0.0,0.0
D2,F1-3-five-workdays-ridge,2,5,2021-08-01,96,1.0,True,28.0,46.96976027300488,18.96976027300488,18.96976027300488,2021-08-01 09:00:00,2021-08-01 08:30:00,-30.0,30.0
D2,F1-3-five-workdays-ridge,2,5,2021-08-09,1,0.010416666666666666,False,21.0,12.34525934365422,-8.65474065634578,8.65474065634578,2021-08-09 00:00:00,2021-08-09 00:00:00,0.0,0.0
D2,F1-3-five-workdays-ridge,2,6,2021-07-12,96,1.0,True,198.0,194.9435704578902,-3.056429542109811,3.056429542109811,2021-07-12 08:45:00,2021-07-12 11:00:00,135.0,135.0
D2,F1-3-five-workdays-ridge,2,6,2021-07-13,1,0.010416666666666666,False,79.0,109.35703757684146,30.357037576841464,30.357037576841464,2021-07-13 00:00:00,2021-07-13 00:00:00,0.0,0.0
D2,F1-3-five-workdays-ridge,2,6,2021-07-17,78,0.8125,False,108.0,105.0773765434447,-2.9226234565553,2.9226234565553,2021-07-17 06:00:00,2021-07-17 07:30:00,90.0,90.0
D2,F1-3-five-workdays-ridge,2,6,2021-07-18,84,0.875,False,28.0,47.86034701082266,19.860347010822657,19.860347010822657,2021-07-18 01:15:00,2021-07-18 09:15:00,480.0,480.0
D2,F1-3-five-workdays-ridge,2,6,2021-07-26,84,0.875,False,217.0,210.7373968256992,-6.262603174300807,6.262603174300807,2021-07-26 08:30:00,2021-07-26 10:00:00,90.0,90.0
D2,F1-3-five-workdays-ridge,2,6,2021-07-27,84,0.875,False,211.0,214.26419730963673,3.264197309636728,3.264197309636728,2021-07-27 11:45:00,2021-07-27 10:00:00,-105.0,105.0
D2,F1-3-five-workdays-ridge,2,6,2021-07-28,84,0.875,False,212.0,211.13589568927557,-0.8641043107244286,0.8641043107244286,2021-07-28 12:00:00,2021-07-28 12:00:00,0.0,0.0
D2,F1-3-five-workdays-ridge,2,6,2021-07-29,84,0.875,False,211.0,204.9834699712084,-6.016530028791607,6.016530028791607,2021-07-29 12:00:00,2021-07-29 10:30:00,-90.0,90.0
D2,F1-3-five-workdays-ridge,2,6,2021-07-30,85,0.8854166666666666,False,212.0,206.40380982149395,-5.596190178506049,5.596190178506049,2021-07-30 12:00:00,2021-07-30 12:00:00,0.0,0.0
D2,F1-3-five-workdays-ridge,2,6,2021-07-31,96,1.0,True,80.0,96.83362161413463,16.83362161413463,16.83362161413463,2021-07-31 00:00:00,2021-07-31 00:00:00,0.0,0.0
D2,F1-3-five-workdays-ridge,2,6,2021-08-01,96,1.0,True,28.0,49.664404069956085,21.664404069956085,21.664404069956085,2021-08-01 09:00:00,2021-08-01 08:30:00,-30.0,30.0
D2,F1-3-five-workdays-ridge,2,6,2021-08-09,1,0.010416666666666666,False,21.0,12.023129756424737,-8.976870243575263,8.976870243575263,2021-08-09 00:00:00,2021-08-09 00:00:00,0.0,0.0
D2,F1-3-five-workdays-ridge,2,7,2021-07-12,96,1.0,True,198.0,195.83164195723924,-2.168358042760758,2.168358042760758,2021-07-12 08:45:00,2021-07-12 11:15:00,150.0,150.0
D2,F1-3-five-workdays-ridge,2,7,2021-07-13,1,0.010416666666666666,False,79.0,107.81427470454395,28.814274704543948,28.814274704543948,2021-07-13 00:00:00,2021-07-13 00:00:00,0.0,0.0
D2,F1-3-five-workdays-ridge,2,7,2021-07-17,77,0.8020833333333334,False,108.0,103.9741168906841,-4.025883109315899,4.025883109315899,2021-07-17 06:00:00,2021-07-17 07:45:00,105.0,105.0
D2,F1-3-five-workdays-ridge,2,7,2021-07-18,84,0.875,False,28.0,48.12362518768182,20.123625187681817,20.123625187681817,2021-07-18 01:15:00,2021-07-18 09:30:00,495.0,495.0
D2,F1-3-five-workdays-ridge,2,7,2021-07-26,84,0.875,False,217.0,209.28802598299393,-7.711974017006071,7.711974017006071,2021-07-26 08:30:00,2021-07-26 10:45:00,135.0,135.0
D2,F1-3-five-workdays-ridge,2,7,2021-07-27,84,0.875,False,211.0,211.97922010936992,0.9792201093699191,0.9792201093699191,2021-07-27 11:45:00,2021-07-27 10:30:00,-75.0,75.0
D2,F1-3-five-workdays-ridge,2,7,2021-07-28,84,0.875,False,212.0,211.10764416765034,-0.892355832349665,0.892355832349665,2021-07-28 12:00:00,2021-07-28 11:45:00,-15.0,15.0
D2,F1-3-five-workdays-ridge,2,7,2021-07-29,84,0.875,False,211.0,207.1244568140483,-3.875543185951699,3.875543185951699,2021-07-29 12:00:00,2021-07-29 11:30:00,-30.0,30.0
D2,F1-3-five-workdays-ridge,2,7,2021-07-30,85,0.8854166666666666,False,212.0,209.43912296549738,-2.5608770345026244,2.5608770345026244,2021-07-30 12:00:00,2021-07-30 11:45:00,-15.0,15.0
D2,F1-3-five-workdays-ridge,2,7,2021-07-31,96,1.0,True,80.0,98.39098050380797,18.390980503807967,18.390980503807967,2021-07-31 00:00:00,2021-07-31 01:15:00,75.0,75.0
D2,F1-3-five-workdays-ridge,2,7,2021-08-01,96,1.0,True,28.0,51.303121679119414,23.303121679119414,23.303121679119414,2021-08-01 09:00:00,2021-08-01 08:30:00,-30.0,30.0
D2,F1-3-five-workdays-ridge,2,7,2021-08-09,1,0.010416666666666666,False,21.0,12.373351543706875,-8.626648456293125,8.626648456293125,2021-08-09 00:00:00,2021-08-09 00:00:00,0.0,0.0
D2,F1-3-five-workdays-ridge,2,8,2021-07-12,96,1.0,True,198.0,196.11989485487055,-1.8801051451294484,1.8801051451294484,2021-07-12 08:45:00,2021-07-12 11:00:00,135.0,135.0
D2,F1-3-five-workdays-ridge,2,8,2021-07-13,1,0.010416666666666666,False,79.0,106.70006972134139,27.700069721341393,27.700069721341393,2021-07-13 00:00:00,2021-07-13 00:00:00,0.0,0.0
D2,F1-3-five-workdays-ridge,2,8,2021-07-17,76,0.7916666666666666,False,108.0,96.96942371847432,-11.030576281525683,11.030576281525683,2021-07-17 06:00:00,2021-07-17 07:00:00,60.0,60.0
D2,F1-3-five-workdays-ridge,2,8,2021-07-18,84,0.875,False,28.0,49.04943002026848,21.04943002026848,21.04943002026848,2021-07-18 01:15:00,2021-07-18 09:45:00,510.0,510.0
D2,F1-3-five-workdays-ridge,2,8,2021-07-26,84,0.875,False,217.0,213.25786675507715,-3.7421332449228544,3.7421332449228544,2021-07-26 08:30:00,2021-07-26 10:45:00,135.0,135.0
D2,F1-3-five-workdays-ridge,2,8,2021-07-27,84,0.875,False,211.0,213.11610326820244,2.116103268202437,2.116103268202437,2021-07-27 11:45:00,2021-07-27 10:30:00,-75.0,75.0
D2,F1-3-five-workdays-ridge,2,8,2021-07-28,84,0.875,False,212.0,211.74313004663554,-0.2568699533644576,0.2568699533644576,2021-07-28 12:00:00,2021-07-28 12:00:00,0.0,0.0
D2,F1-3-five-workdays-ridge,2,8,2021-07-29,84,0.875,False,211.0,206.31879201499856,-4.681207985001436,4.681207985001436,2021-07-29 12:00:00,2021-07-29 11:45:00,-15.0,15.0
D2,F1-3-five-workdays-ridge,2,8,2021-07-30,85,0.8854166666666666,False,212.0,208.13386648919862,-3.866133510801376,3.866133510801376,2021-07-30 12:00:00,2021-07-30 11:45:00,-15.0,15.0
D2,F1-3-five-workdays-ridge,2,8,2021-07-31,96,1.0,True,80.0,100.9158491969295,20.9158491969295,20.9158491969295,2021-07-31 00:00:00,2021-07-31 01:30:00,90.0,90.0
D2,F1-3-five-workdays-ridge,2,8,2021-08-01,96,1.0,True,28.0,51.375010449424636,23.375010449424636,23.375010449424636,2021-08-01 09:00:00,2021-08-01 08:30:00,-30.0,30.0
D2,F1-3-five-workdays-ridge,2,8,2021-08-09,1,0.010416666666666666,False,21.0,13.827595474253783,-7.172404525746217,7.172404525746217,2021-08-09 00:00:00,2021-08-09 00:00:00,0.0,0.0
D2,F1-3-five-workdays-ridge,2,9,2021-07-12,96,1.0,True,198.0,200.67585516676834,2.6758551667683435,2.6758551667683435,2021-07-12 08:45:00,2021-07-12 10:45:00,120.0,120.0
D2,F1-3-five-workdays-ridge,2,9,2021-07-13,1,0.010416666666666666,False,79.0,106.97487003611828,27.974870036118276,27.974870036118276,2021-07-13 00:00:00,2021-07-13 00:00:00,0.0,0.0
D2,F1-3-five-workdays-ridge,2,9,2021-07-17,75,0.78125,False,108.0,100.15254767739842,-7.847452322601583,7.847452322601583,2021-07-17 06:00:00,2021-07-17 07:15:00,75.0,75.0
D2,F1-3-five-workdays-ridge,2,9,2021-07-18,84,0.875,False,28.0,48.62165752126965,20.621657521269647,20.621657521269647,2021-07-18 01:15:00,2021-07-18 10:00:00,525.0,525.0
D2,F1-3-five-workdays-ridge,2,9,2021-07-26,84,0.875,False,217.0,224.95065151636805,7.950651516368055,7.950651516368055,2021-07-26 08:30:00,2021-07-26 10:45:00,135.0,135.0
D2,F1-3-five-workdays-ridge,2,9,2021-07-27,84,0.875,False,211.0,214.45591098351616,3.455910983516162,3.455910983516162,2021-07-27 11:45:00,2021-07-27 10:45:00,-60.0,60.0
D2,F1-3-five-workdays-ridge,2,9,2021-07-28,84,0.875,False,212.0,208.33234246463914,-3.66765753536086,3.66765753536086,2021-07-28 12:00:00,2021-07-28 12:00:00,0.0,0.0
D2,F1-3-five-workdays-ridge,2,9,2021-07-29,84,0.875,False,211.0,205.03135214272237,-5.968647857277631,5.968647857277631,2021-07-29 12:00:00,2021-07-29 11:00:00,-60.0,60.0
D2,F1-3-five-workdays-ridge,2,9,2021-07-30,85,0.8854166666666666,False,212.0,205.33673307488016,-6.663266925119842,6.663266925119842,2021-07-30 12:00:00,2021-07-30 11:45:00,-15.0,15.0
D2,F1-3-five-workdays-ridge,2,9,2021-07-31,96,1.0,True,80.0,102.26753838001625,22.267538380016248,22.267538380016248,2021-07-31 00:00:00,2021-07-31 01:45:00,105.0,105.0
D2,F1-3-five-workdays-ridge,2,9,2021-08-01,96,1.0,True,28.0,50.43777338648931,22.43777338648931,22.43777338648931,2021-08-01 09:00:00,2021-08-01 08:30:00,-30.0,30.0
D2,F1-3-five-workdays-ridge,2,9,2021-08-09,1,0.010416666666666666,False,21.0,12.309516103490296,-8.690483896509704,8.690483896509704,2021-08-09 00:00:00,2021-08-09 00:00:00,0.0,0.0
D2,F1-3-five-workdays-ridge,2,10,2021-07-12,96,1.0,True,198.0,204.7414357217502,6.741435721750207,6.741435721750207,2021-07-12 08:45:00,2021-07-12 11:00:00,135.0,135.0
D2,F1-3-five-workdays-ridge,2,10,2021-07-13,1,0.010416666666666666,False,79.0,109.27434510856698,30.274345108566976,30.274345108566976,2021-07-13 00:00:00,2021-07-13 00:00:00,0.0,0.0
D2,F1-3-five-workdays-ridge,2,10,2021-07-17,74,0.7708333333333334,False,108.0,101.42507544804498,-6.5749245519550215,6.5749245519550215,2021-07-17 06:00:00,2021-07-17 08:30:00,150.0,150.0
D2,F1-3-five-workdays-ridge,2,10,2021-07-18,84,0.875,False,28.0,48.06492631519595,20.064926315195947,20.064926315195947,2021-07-18 01:15:00,2021-07-18 08:45:00,450.0,450.0
D2,F1-3-five-workdays-ridge,2,10,2021-07-26,84,0.875,False,217.0,224.9170332124894,7.9170332124894,7.9170332124894,2021-07-26 08:30:00,2021-07-26 11:00:00,150.0,150.0
D2,F1-3-five-workdays-ridge,2,10,2021-07-27,84,0.875,False,211.0,215.37416118597164,4.374161185971644,4.374161185971644,2021-07-27 11:45:00,2021-07-27 11:00:00,-45.0,45.0
D2,F1-3-five-workdays-ridge,2,10,2021-07-28,84,0.875,False,212.0,209.1400837387443,-2.859916261255705,2.859916261255705,2021-07-28 12:00:00,2021-07-28 11:30:00,-30.0,30.0
D2,F1-3-five-workdays-ridge,2,10,2021-07-29,84,0.875,False,211.0,204.9356772302155,-6.064322769784496,6.064322769784496,2021-07-29 12:00:00,2021-07-29 11:30:00,-30.0,30.0
D2,F1-3-five-workdays-ridge,2,10,2021-07-30,85,0.8854166666666666,False,212.0,203.07900633467753,-8.92099366532247,8.92099366532247,2021-07-30 12:00:00,2021-07-30 11:45:00,-15.0,15.0
D2,F1-3-five-workdays-ridge,2,10,2021-07-31,96,1.0,True,80.0,102.03596069162218,22.03596069162218,22.03596069162218,2021-07-31 00:00:00,2021-07-31 01:45:00,105.0,105.0
D2,F1-3-five-workdays-ridge,2,10,2021-08-01,96,1.0,True,28.0,52.54291463365954,24.542914633659542,24.542914633659542,2021-08-01 09:00:00,2021-08-01 08:30:00,-30.0,30.0
D2,F1-3-five-workdays-ridge,2,10,2021-08-09,1,0.010416666666666666,False,21.0,12.697167530559454,-8.302832469440546,8.302832469440546,2021-08-09 00:00:00,2021-08-09 00:00:00,0.0,0.0
D2,F1-3-five-workdays-ridge,2,11,2021-07-12,96,1.0,True,198.0,205.9424457906924,7.942445790692403,7.942445790692403,2021-07-12 08:45:00,2021-07-12 11:15:00,150.0,150.0
D2,F1-3-five-workdays-ridge,2,11,2021-07-13,1,0.010416666666666666,False,79.0,103.48916538264902,24.48916538264902,24.48916538264902,2021-07-13 00:00:00,2021-07-13 00:00:00,0.0,0.0
D2,F1-3-five-workdays-ridge,2,11,2021-07-17,73,0.7604166666666666,False,108.0,102.7588216153703,-5.2411783846297055,5.2411783846297055,2021-07-17 06:00:00,2021-07-17 08:45:00,165.0,165.0
D2,F1-3-five-workdays-ridge,2,11,2021-07-18,84,0.875,False,28.0,48.21545420008843,20.21545420008843,20.21545420008843,2021-07-18 01:15:00,2021-07-18 10:30:00,555.0,555.0
D2,F1-3-five-workdays-ridge,2,11,2021-07-26,84,0.875,False,217.0,223.88207752752953,6.882077527529532,6.882077527529532,2021-07-26 08:30:00,2021-07-26 11:30:00,180.0,180.0
D2,F1-3-five-workdays-ridge,2,11,2021-07-27,84,0.875,False,211.0,213.14901009801162,2.1490100980116154,2.1490100980116154,2021-07-27 11:45:00,2021-07-27 11:15:00,-30.0,30.0
D2,F1-3-five-workdays-ridge,2,11,2021-07-28,84,0.875,False,212.0,208.54136258848905,-3.4586374115109493,3.4586374115109493,2021-07-28 12:00:00,2021-07-28 11:30:00,-30.0,30.0
D2,F1-3-five-workdays-ridge,2,11,2021-07-29,84,0.875,False,211.0,204.28208024729184,-6.717919752708156,6.717919752708156,2021-07-29 12:00:00,2021-07-29 11:30:00,-30.0,30.0
D2,F1-3-five-workdays-ridge,2,11,2021-07-30,85,0.8854166666666666,False,212.0,205.95552628757008,-6.0444737124299195,6.0444737124299195,2021-07-30 12:00:00,2021-07-30 11:45:00,-15.0,15.0
D2,F1-3-five-workdays-ridge,2,11,2021-07-31,96,1.0,True,80.0,99.75374848470895,19.75374848470895,19.75374848470895,2021-07-31 00:00:00,2021-07-31 02:00:00,120.0,120.0
D2,F1-3-five-workdays-ridge,2,11,2021-08-01,96,1.0,True,28.0,53.06283704179353,25.06283704179353,25.06283704179353,2021-08-01 09:00:00,2021-08-01 08:30:00,-30.0,30.0
D2,F1-3-five-workdays-ridge,2,11,2021-08-09,1,0.010416666666666666,False,21.0,13.47487085603116,-7.52512914396884,7.52512914396884,2021-08-09 00:00:00,2021-08-09 00:00:00,0.0,0.0
D2,F1-3-five-workdays-ridge,2,12,2021-07-12,96,1.0,True,198.0,201.22425587288365,3.2242558728836457,3.2242558728836457,2021-07-12 08:45:00,2021-07-12 11:30:00,165.0,165.0
D2,F1-3-five-workdays-ridge,2,12,2021-07-13,1,0.010416666666666666,False,79.0,105.00286832722661,26.002868327226608,26.002868327226608,2021-07-13 00:00:00,2021-07-13 00:00:00,0.0,0.0
D2,F1-3-five-workdays-ridge,2,12,2021-07-17,72,0.75,False,108.0,101.68885278572132,-6.311147214278677,6.311147214278677,2021-07-17 06:00:00,2021-07-17 09:00:00,180.0,180.0
D2,F1-3-five-workdays-ridge,2,12,2021-07-18,84,0.875,False,28.0,49.61620718348411,21.616207183484107,21.616207183484107,2021-07-18 01:15:00,2021-07-18 10:45:00,570.0,570.0
D2,F1-3-five-workdays-ridge,2,12,2021-07-26,84,0.875,False,217.0,235.05181851789627,18.051818517896265,18.051818517896265,2021-07-26 08:30:00,2021-07-26 11:30:00,180.0,180.0
D2,F1-3-five-workdays-ridge,2,12,2021-07-27,84,0.875,False,211.0,212.53597881978644,1.5359788197864361,1.5359788197864361,2021-07-27 11:45:00,2021-07-27 11:30:00,-15.0,15.0
D2,F1-3-five-workdays-ridge,2,12,2021-07-28,84,0.875,False,212.0,208.47319287855004,-3.526807121449963,3.526807121449963,2021-07-28 12:00:00,2021-07-28 12:00:00,0.0,0.0
D2,F1-3-five-workdays-ridge,2,12,2021-07-29,84,0.875,False,211.0,203.66671857700948,-7.333281422990524,7.333281422990524,2021-07-29 12:00:00,2021-07-29 12:00:00,0.0,0.0
D2,F1-3-five-workdays-ridge,2,12,2021-07-30,85,0.8854166666666666,False,212.0,205.4798301852198,-6.520169814780189,6.520169814780189,2021-07-30 12:00:00,2021-07-30 11:45:00,-15.0,15.0
D2,F1-3-five-workdays-ridge,2,12,2021-07-31,96,1.0,True,80.0,98.67100716248429,18.671007162484287,18.671007162484287,2021-07-31 00:00:00,2021-07-31 02:15:00,135.0,135.0
D2,F1-3-five-workdays-ridge,2,12,2021-08-01,96,1.0,True,28.0,53.728937705130264,25.728937705130264,25.728937705130264,2021-08-01 09:00:00,2021-08-01 08:30:00,-30.0,30.0
D2,F1-3-five-workdays-ridge,2,12,2021-08-09,1,0.010416666666666666,False,21.0,13.981506826351207,-7.0184931736487925,7.0184931736487925,2021-08-09 00:00:00,2021-08-09 00:00:00,0.0,0.0
D2,F1-3-five-workdays-ridge,2,13,2021-07-12,96,1.0,True,198.0,197.5837336434371,-0.41626635656288613,0.41626635656288613,2021-07-12 08:45:00,2021-07-12 11:45:00,180.0,180.0
D2,F1-3-five-workdays-ridge,2,13,2021-07-13,1,0.010416666666666666,False,79.0,109.3661234094853,30.366123409485297,30.366123409485297,2021-07-13 00:00:00,2021-07-13 00:00:00,0.0,0.0
D2,F1-3-five-workdays-ridge,2,13,2021-07-17,71,0.7395833333333334,False,96.0,100.78134118539793,4.781341185397935,4.781341185397935,2021-07-17 06:15:00,2021-07-17 07:15:00,60.0,60.0
D2,F1-3-five-workdays-ridge,2,13,2021-07-18,84,0.875,False,28.0,49.69955710192824,21.699557101928242,21.699557101928242,2021-07-18 01:15:00,2021-07-18 11:00:00,585.0,585.0
D2,F1-3-five-workdays-ridge,2,13,2021-07-26,84,0.875,False,217.0,226.65581734727465,9.655817347274649,9.655817347274649,2021-07-26 08:30:00,2021-07-26 11:45:00,195.0,195.0
D2,F1-3-five-workdays-ridge,2,13,2021-07-27,84,0.875,False,211.0,208.9181000124162,-2.081899987583796,2.081899987583796,2021-07-27 11:45:00,2021-07-27 11:45:00,0.0,0.0
D2,F1-3-five-workdays-ridge,2,13,2021-07-28,84,0.875,False,212.0,208.66315508091614,-3.336844919083859,3.336844919083859,2021-07-28 12:00:00,2021-07-28 12:00:00,0.0,0.0
D2,F1-3-five-workdays-ridge,2,13,2021-07-29,84,0.875,False,211.0,202.7212820745009,-8.278717925499109,8.278717925499109,2021-07-29 12:00:00,2021-07-29 12:00:00,0.0,0.0
D2,F1-3-five-workdays-ridge,2,13,2021-07-30,85,0.8854166666666666,False,212.0,201.97435216967153,-10.025647830328467,10.025647830328467,2021-07-30 12:00:00,2021-07-30 11:45:00,-15.0,15.0
D2,F1-3-five-workdays-ridge,2,13,2021-07-31,96,1.0,True,80.0,96.87832691480448,16.878326914804475,16.878326914804475,2021-07-31 00:00:00,2021-07-31 02:30:00,150.0,150.0
D2,F1-3-five-workdays-ridge,2,13,2021-08-01,96,1.0,True,28.0,54.92215892266708,26.92215892266708,26.92215892266708,2021-08-01 09:00:00,2021-08-01 08:30:00,-30.0,30.0
D2,F1-3-five-workdays-ridge,2,13,2021-08-09,1,0.010416666666666666,False,21.0,14.224140130369108,-6.775859869630892,6.775859869630892,2021-08-09 00:00:00,2021-08-09 00:00:00,0.0,0.0
D2,F1-3-five-workdays-ridge,2,14,2021-07-12,96,1.0,True,198.0,188.9476098475317,-9.052390152468291,9.052390152468291,2021-07-12 08:45:00,2021-07-12 14:00:00,315.0,315.0
D2,F1-3-five-workdays-ridge,2,14,2021-07-13,1,0.010416666666666666,False,79.0,115.19770083931617,36.19770083931617,36.19770083931617,2021-07-13 00:00:00,2021-07-13 00:00:00,0.0,0.0
D2,F1-3-five-workdays-ridge,2,14,2021-07-17,70,0.7291666666666666,False,88.0,98.93312815004276,10.933128150042762,10.933128150042762,2021-07-17 07:15:00,2021-07-17 07:30:00,15.0,15.0
D2,F1-3-five-workdays-ridge,2,14,2021-07-18,84,0.875,False,28.0,50.23578846818729,22.235788468187287,22.235788468187287,2021-07-18 01:15:00,2021-07-18 08:30:00,435.0,435.0
D2,F1-3-five-workdays-ridge,2,14,2021-07-26,84,0.875,False,217.0,209.61496305134705,-7.385036948652953,7.385036948652953,2021-07-26 08:30:00,2021-07-26 12:00:00,210.0,210.0
D2,F1-3-five-workdays-ridge,2,14,2021-07-27,84,0.875,False,211.0,207.66408269501292,-3.3359173049870776,3.3359173049870776,2021-07-27 11:45:00,2021-07-27 14:15:00,150.0,150.0
D2,F1-3-five-workdays-ridge,2,14,2021-07-28,84,0.875,False,212.0,208.06274918502572,-3.937250814974277,3.937250814974277,2021-07-28 12:00:00,2021-07-28 14:30:00,150.0,150.0
D2,F1-3-five-workdays-ridge,2,14,2021-07-29,84,0.875,False,211.0,195.3659100314046,-15.63408996859539,15.63408996859539,2021-07-29 12:00:00,2021-07-29 14:30:00,150.0,150.0
D2,F1-3-five-workdays-ridge,2,14,2021-07-30,84,0.875,False,212.0,199.85274362183702,-12.147256378162979,12.147256378162979,2021-07-30 12:00:00,2021-07-30 14:00:00,120.0,120.0
D2,F1-3-five-workdays-ridge,2,14,2021-07-31,96,1.0,True,80.0,101.49499179854533,21.49499179854533,21.49499179854533,2021-07-31 00:00:00,2021-07-31 00:00:00,0.0,0.0
D2,F1-3-five-workdays-ridge,2,14,2021-08-01,96,1.0,True,28.0,55.65622494343923,27.656224943439227,27.656224943439227,2021-08-01 09:00:00,2021-08-01 08:30:00,-30.0,30.0
D2,F1-3-five-workdays-ridge,2,14,2021-08-09,1,0.010416666666666666,False,21.0,14.885946489953369,-6.114053510046631,6.114053510046631,2021-08-09 00:00:00,2021-08-09 00:00:00,0.0,0.0
D2,F1-3-five-workdays-ridge,2,15,2021-07-12,96,1.0,True,198.0,188.97938377606863,-9.02061622393137,9.02061622393137,2021-07-12 08:45:00,2021-07-12 13:45:00,300.0,300.0
D2,F1-3-five-workdays-ridge,2,15,2021-07-13,1,0.010416666666666666,False,79.0,112.88111881773031,33.88111881773031,33.88111881773031,2021-07-13 00:00:00,2021-07-13 00:00:00,0.0,0.0
D2,F1-3-five-workdays-ridge,2,15,2021-07-17,69,0.71875,False,88.0,98.56760096043666,10.567600960436664,10.567600960436664,2021-07-17 07:15:00,2021-07-17 06:45:00,-30.0,30.0
D2,F1-3-five-workdays-ridge,2,15,2021-07-18,84,0.875,False,28.0,51.515879269363076,23.515879269363076,23.515879269363076,2021-07-18 01:15:00,2021-07-18 11:30:00,615.0,615.0
D2,F1-3-five-workdays-ridge,2,15,2021-07-26,84,0.875,False,217.0,196.48028648216712,-20.519713517832884,20.519713517832884,2021-07-26 08:30:00,2021-07-26 14:45:00,375.0,375.0
D2,F1-3-five-workdays-ridge,2,15,2021-07-27,84,0.875,False,211.0,204.87868157325238,-6.121318426747621,6.121318426747621,2021-07-27 11:45:00,2021-07-27 14:45:00,180.0,180.0
D2,F1-3-five-workdays-ridge,2,15,2021-07-28,84,0.875,False,212.0,208.45724745754185,-3.542752542458146,3.542752542458146,2021-07-28 12:00:00,2021-07-28 14:45:00,165.0,165.0
D2,F1-3-five-workdays-ridge,2,15,2021-07-29,84,0.875,False,211.0,197.71315921677228,-13.286840783227717,13.286840783227717,2021-07-29 12:00:00,2021-07-29 14:45:00,165.0,165.0
D2,F1-3-five-workdays-ridge,2,15,2021-07-30,84,0.875,False,212.0,201.76948928406847,-10.23051071593153,10.23051071593153,2021-07-30 12:00:00,2021-07-30 14:45:00,165.0,165.0
D2,F1-3-five-workdays-ridge,2,15,2021-07-31,96,1.0,True,80.0,102.43177539765706,22.431775397657063,22.431775397657063,2021-07-31 00:00:00,2021-07-31 00:00:00,0.0,0.0
D2,F1-3-five-workdays-ridge,2,15,2021-08-01,96,1.0,True,28.0,55.352440969422304,27.352440969422304,27.352440969422304,2021-08-01 09:00:00,2021-08-01 08:45:00,-15.0,15.0
D2,F1-3-five-workdays-ridge,2,15,2021-08-09,1,0.010416666666666666,False,21.0,15.16394845860745,-5.83605154139255,5.83605154139255,2021-08-09 00:00:00,2021-08-09 00:00:00,0.0,0.0
D2,F1-3-five-workdays-ridge,2,16,2021-07-12,96,1.0,True,198.0,190.7199719807962,-7.280028019203797,7.280028019203797,2021-07-12 08:45:00,2021-07-12 14:00:00,315.0,315.0
D2,F1-3-five-workdays-ridge,2,16,2021-07-13,1,0.010416666666666666,False,79.0,111.01938698098388,32.01938698098388,32.01938698098388,2021-07-13 00:00:00,2021-07-13 00:00:00,0.0,0.0
D2,F1-3-five-workdays-ridge,2,16,2021-07-17,68,0.7083333333333334,False,88.0,99.45289832261487,11.452898322614871,11.452898322614871,2021-07-17 07:15:00,2021-07-17 07:15:00,0.0,0.0
D2,F1-3-five-workdays-ridge,2,16,2021-07-18,84,0.875,False,28.0,52.46712645893365,24.46712645893365,24.46712645893365,2021-07-18 01:15:00,2021-07-18 11:45:00,630.0,630.0
D2,F1-3-five-workdays-ridge,2,16,2021-07-26,84,0.875,False,217.0,198.95633968671,-18.04366031328999,18.04366031328999,2021-07-26 08:30:00,2021-07-26 13:30:00,300.0,300.0
D2,F1-3-five-workdays-ridge,2,16,2021-07-27,84,0.875,False,211.0,203.8138051868142,-7.186194813185807,7.186194813185807,2021-07-27 11:45:00,2021-07-27 16:00:00,255.0,255.0
D2,F1-3-five-workdays-ridge,2,16,2021-07-28,84,0.875,False,212.0,208.04748256150725,-3.952517438492748,3.952517438492748,2021-07-28 12:00:00,2021-07-28 14:00:00,120.0,120.0
D2,F1-3-five-workdays-ridge,2,16,2021-07-29,84,0.875,False,211.0,197.1042315972827,-13.895768402717295,13.895768402717295,2021-07-29 12:00:00,2021-07-29 15:00:00,180.0,180.0
D2,F1-3-five-workdays-ridge,2,16,2021-07-30,84,0.875,False,212.0,202.66138081540026,-9.338619184599736,9.338619184599736,2021-07-30 12:00:00,2021-07-30 16:00:00,240.0,240.0
D2,F1-3-five-workdays-ridge,2,16,2021-07-31,96,1.0,True,80.0,108.38612198477911,28.38612198477911,28.38612198477911,2021-07-31 00:00:00,2021-07-31 00:00:00,0.0,0.0
D2,F1-3-five-workdays-ridge,2,16,2021-08-01,96,1.0,True,28.0,54.48449180139824,26.484491801398242,26.484491801398242,2021-08-01 09:00:00,2021-08-01 09:00:00,0.0,0.0
D2,F1-3-five-workdays-ridge,2,16,2021-08-09,1,0.010416666666666666,False,21.0,16.192605147202045,-4.807394852797955,4.807394852797955,2021-08-09 00:00:00,2021-08-09 00:00:00,0.0,0.0
