dataset,model,fold,horizon,target_day,observed_slots,slot_coverage,full_day,actual_daily_max,predicted_daily_max,daily_max_error,daily_max_abs_error,actual_peak_time,predicted_peak_time,timing_error_minutes,timing_abs_error_minutes
D1,F1-core-lightgbm,0,4,2021-04-19,96,1.0,True,172.0,206.04886578485434,34.04886578485434,34.04886578485434,2021-04-19 08:45:00,2021-04-19 09:00:00,15.0,15.0
D1,F1-core-lightgbm,0,4,2021-04-20,96,1.0,True,172.0,163.66022777344548,-8.339772226554516,8.339772226554516,2021-04-20 08:45:00,2021-04-20 09:30:00,45.0,45.0
D1,F1-core-lightgbm,0,4,2021-04-21,96,1.0,True,174.0,168.38526859419193,-5.614731405808072,5.614731405808072,2021-04-21 08:30:00,2021-04-21 15:30:00,420.0,420.0
D1,F1-core-lightgbm,0,4,2021-04-22,96,1.0,True,174.0,170.894618202941,-3.1053817970590103,3.1053817970590103,2021-04-22 08:30:00,2021-04-22 09:00:00,30.0,30.0
D1,F1-core-lightgbm,0,4,2021-04-23,96,1.0,True,174.0,149.68045180660175,-24.319548193398248,24.319548193398248,2021-04-23 08:30:00,2021-04-23 15:30:00,420.0,420.0
D1,F1-core-lightgbm,0,4,2021-04-24,96,1.0,True,112.0,116.39358878855401,4.393588788554013,4.393588788554013,2021-04-24 06:15:00,2021-04-24 02:00:00,-255.0,255.0
D1,F1-core-lightgbm,0,4,2021-04-25,96,1.0,True,25.0,30.013127911021815,5.013127911021815,5.013127911021815,2021-04-25 01:30:00,2021-04-25 09:00:00,450.0,450.0
D1,F1-core-lightgbm,0,4,2021-05-03,96,1.0,True,184.0,205.33223336892596,21.332233368925955,21.332233368925955,2021-05-03 08:30:00,2021-05-03 09:00:00,30.0,30.0
D1,F1-core-lightgbm,0,4,2021-05-04,96,1.0,True,181.0,175.4240169556125,-5.575983044387499,5.575983044387499,2021-05-04 08:30:00,2021-05-04 10:45:00,135.0,135.0
D1,F1-core-lightgbm,0,4,2021-05-05,96,1.0,True,120.0,160.57005926441462,40.570059264414624,40.570059264414624,2021-05-05 04:15:00,2021-05-05 08:45:00,270.0,270.0
D1,F1-core-lightgbm,0,4,2021-05-06,96,1.0,True,199.0,207.3938185650031,8.393818565003102,8.393818565003102,2021-05-06 09:00:00,2021-05-06 09:00:00,0.0,0.0
D1,F1-core-lightgbm,0,4,2021-05-07,96,1.0,True,181.0,177.79514450020451,-3.2048554997954852,3.2048554997954852,2021-05-07 09:00:00,2021-05-07 09:30:00,30.0,30.0
D1,F1-core-lightgbm,0,4,2021-05-08,96,1.0,True,115.0,110.9059697758812,-4.0940302241187965,4.0940302241187965,2021-05-08 02:00:00,2021-05-08 06:15:00,255.0,255.0
D1,F1-core-lightgbm,0,4,2021-05-09,96,1.0,True,184.0,187.29204168720062,3.292041687200623,3.292041687200623,2021-05-09 09:00:00,2021-05-09 13:30:00,270.0,270.0
D1,F1-core-lightgbm,0,5,2021-04-19,96,1.0,True,172.0,201.82513720577285,29.825137205772847,29.825137205772847,2021-04-19 08:45:00,2021-04-19 09:00:00,15.0,15.0
D1,F1-core-lightgbm,0,5,2021-04-20,96,1.0,True,172.0,161.09831951669227,-10.901680483307729,10.901680483307729,2021-04-20 08:45:00,2021-04-20 09:45:00,60.0,60.0
D1,F1-core-lightgbm,0,5,2021-04-21,96,1.0,True,174.0,169.50286835954347,-4.49713164045653,4.49713164045653,2021-04-21 08:30:00,2021-04-21 10:45:00,135.0,135.0
D1,F1-core-lightgbm,0,5,2021-04-22,96,1.0,True,174.0,171.74299610502774,-2.2570038949722573,2.2570038949722573,2021-04-22 08:30:00,2021-04-22 09:00:00,30.0,30.0
D1,F1-core-lightgbm,0,5,2021-04-23,96,1.0,True,174.0,145.89244934013885,-28.107550659861147,28.107550659861147,2021-04-23 08:30:00,2021-04-23 10:45:00,135.0,135.0
D1,F1-core-lightgbm,0,5,2021-04-24,96,1.0,True,112.0,113.14771139115334,1.1477113911533365,1.1477113911533365,2021-04-24 06:15:00,2021-04-24 02:00:00,-255.0,255.0
D1,F1-core-lightgbm,0,5,2021-04-25,96,1.0,True,25.0,35.608837687908405,10.608837687908405,10.608837687908405,2021-04-25 01:30:00,2021-04-25 08:15:00,405.0,405.0
D1,F1-core-lightgbm,0,5,2021-05-03,96,1.0,True,184.0,205.2926368577544,21.29263685775439,21.29263685775439,2021-05-03 08:30:00,2021-05-03 09:00:00,30.0,30.0
D1,F1-core-lightgbm,0,5,2021-05-04,96,1.0,True,181.0,172.47261418387882,-8.527385816121182,8.527385816121182,2021-05-04 08:30:00,2021-05-04 11:00:00,150.0,150.0
D1,F1-core-lightgbm,0,5,2021-05-05,96,1.0,True,120.0,158.43208362649776,38.43208362649776,38.43208362649776,2021-05-05 04:15:00,2021-05-05 08:15:00,240.0,240.0
D1,F1-core-lightgbm,0,5,2021-05-06,96,1.0,True,199.0,206.68276460714537,7.682764607145373,7.682764607145373,2021-05-06 09:00:00,2021-05-06 08:45:00,-15.0,15.0
D1,F1-core-lightgbm,0,5,2021-05-07,96,1.0,True,181.0,174.05113055424505,-6.948869445754951,6.948869445754951,2021-05-07 09:00:00,2021-05-07 09:15:00,15.0,15.0
D1,F1-core-lightgbm,0,5,2021-05-08,96,1.0,True,115.0,110.70212637554175,-4.297873624458248,4.297873624458248,2021-05-08 02:00:00,2021-05-08 02:00:00,0.0,0.0
D1,F1-core-lightgbm,0,5,2021-05-09,96,1.0,True,184.0,190.46381268820113,6.463812688201131,6.463812688201131,2021-05-09 09:00:00,2021-05-09 13:45:00,285.0,285.0
D1,F1-core-lightgbm,0,6,2021-04-19,96,1.0,True,172.0,191.92908186167108,19.92908186167108,19.92908186167108,2021-04-19 08:45:00,2021-04-19 09:30:00,45.0,45.0
D1,F1-core-lightgbm,0,6,2021-04-20,96,1.0,True,172.0,162.48576074378943,-9.514239256210573,9.514239256210573,2021-04-20 08:45:00,2021-04-20 11:00:00,135.0,135.0
D1,F1-core-lightgbm,0,6,2021-04-21,96,1.0,True,174.0,173.3974379705037,-0.6025620294963119,0.6025620294963119,2021-04-21 08:30:00,2021-04-21 14:30:00,360.0,360.0
D1,F1-core-lightgbm,0,6,2021-04-22,96,1.0,True,174.0,171.90731844286265,-2.092681557137354,2.092681557137354,2021-04-22 08:30:00,2021-04-22 14:30:00,360.0,360.0
D1,F1-core-lightgbm,0,6,2021-04-23,96,1.0,True,174.0,153.81406388019005,-20.185936119809952,20.185936119809952,2021-04-23 08:30:00,2021-04-23 18:00:00,570.0,570.0
D1,F1-core-lightgbm,0,6,2021-04-24,96,1.0,True,112.0,114.7688403402095,2.7688403402094934,2.7688403402094934,2021-04-24 06:15:00,2021-04-24 02:00:00,-255.0,255.0
D1,F1-core-lightgbm,0,6,2021-04-25,96,1.0,True,25.0,41.611139764307126,16.611139764307126,16.611139764307126,2021-04-25 01:30:00,2021-04-25 08:45:00,435.0,435.0
D1,F1-core-lightgbm,0,6,2021-05-03,96,1.0,True,184.0,189.17545649836984,5.17545649836984,5.17545649836984,2021-05-03 08:30:00,2021-05-03 09:15:00,45.0,45.0
D1,F1-core-lightgbm,0,6,2021-05-04,96,1.0,True,181.0,177.9397380663166,-3.0602619336833925,3.0602619336833925,2021-05-04 08:30:00,2021-05-04 10:45:00,135.0,135.0
D1,F1-core-lightgbm,0,6,2021-05-05,96,1.0,True,120.0,164.47133074424443,44.471330744244426,44.471330744244426,2021-05-05 04:15:00,2021-05-05 08:30:00,255.0,255.0
D1,F1-core-lightgbm,0,6,2021-05-06,96,1.0,True,199.0,191.66685961600905,-7.333140383990951,7.333140383990951,2021-05-06 09:00:00,2021-05-06 09:00:00,0.0,0.0
D1,F1-core-lightgbm,0,6,2021-05-07,96,1.0,True,181.0,175.69086051091952,-5.309139489080479,5.309139489080479,2021-05-07 09:00:00,2021-05-07 09:15:00,15.0,15.0
D1,F1-core-lightgbm,0,6,2021-05-08,96,1.0,True,115.0,109.23112099212842,-5.7688790078715755,5.7688790078715755,2021-05-08 02:00:00,2021-05-08 03:45:00,105.0,105.0
D1,F1-core-lightgbm,0,6,2021-05-09,96,1.0,True,184.0,187.0370065547726,3.037006554772603,3.037006554772603,2021-05-09 09:00:00,2021-05-09 14:00:00,300.0,300.0
D1,F1-core-lightgbm,0,7,2021-04-19,96,1.0,True,172.0,198.68535341759338,26.685353417593376,26.685353417593376,2021-04-19 08:45:00,2021-04-19 09:45:00,60.0,60.0
D1,F1-core-lightgbm,0,7,2021-04-20,96,1.0,True,172.0,165.92410930060956,-6.075890699390442,6.075890699390442,2021-04-20 08:45:00,2021-04-20 11:15:00,150.0,150.0
D1,F1-core-lightgbm,0,7,2021-04-21,96,1.0,True,174.0,171.6043074049658,-2.3956925950342054,2.3956925950342054,2021-04-21 08:30:00,2021-04-21 14:45:00,375.0,375.0
D1,F1-core-lightgbm,0,7,2021-04-22,96,1.0,True,174.0,172.3497057560326,-1.6502942439674086,1.6502942439674086,2021-04-22 08:30:00,2021-04-22 14:45:00,375.0,375.0
D1,F1-core-lightgbm,0,7,2021-04-23,96,1.0,True,174.0,143.1953268686048,-30.80467313139519,30.80467313139519,2021-04-23 08:30:00,2021-04-23 11:00:00,150.0,150.0
D1,F1-core-lightgbm,0,7,2021-04-24,96,1.0,True,112.0,114.80305228918269,2.8030522891826877,2.8030522891826877,2021-04-24 06:15:00,2021-04-24 02:00:00,-255.0,255.0
D1,F1-core-lightgbm,0,7,2021-04-25,96,1.0,True,25.0,54.79091328402514,29.790913284025137,29.790913284025137,2021-04-25 01:30:00,2021-04-25 08:30:00,420.0,420.0
D1,F1-core-lightgbm,0,7,2021-05-03,96,1.0,True,184.0,196.19698750073653,12.196987500736526,12.196987500736526,2021-05-03 08:30:00,2021-05-03 09:45:00,75.0,75.0
D1,F1-core-lightgbm,0,7,2021-05-04,96,1.0,True,181.0,175.80012254783094,-5.199877452169062,5.199877452169062,2021-05-04 08:30:00,2021-05-04 11:00:00,150.0,150.0
D1,F1-core-lightgbm,0,7,2021-05-05,96,1.0,True,120.0,168.25320581255272,48.25320581255272,48.25320581255272,2021-05-05 04:15:00,2021-05-05 08:45:00,270.0,270.0
D1,F1-core-lightgbm,0,7,2021-05-06,96,1.0,True,199.0,186.12566505146606,-12.874334948533942,12.874334948533942,2021-05-06 09:00:00,2021-05-06 09:45:00,45.0,45.0
D1,F1-core-lightgbm,0,7,2021-05-07,96,1.0,True,181.0,179.16008022808995,-1.839919771910047,1.839919771910047,2021-05-07 09:00:00,2021-05-07 10:30:00,90.0,90.0
D1,F1-core-lightgbm,0,7,2021-05-08,96,1.0,True,115.0,107.66246423588602,-7.33753576411398,7.33753576411398,2021-05-08 02:00:00,2021-05-08 06:15:00,255.0,255.0
D1,F1-core-lightgbm,0,7,2021-05-09,96,1.0,True,184.0,177.5023496848813,-6.497650315118705,6.497650315118705,2021-05-09 09:00:00,2021-05-09 14:00:00,300.0,300.0
D1,F1-core-lightgbm,0,8,2021-04-19,96,1.0,True,172.0,200.3581711172281,28.358171117228096,28.358171117228096,2021-04-19 08:45:00,2021-04-19 10:00:00,75.0,75.0
D1,F1-core-lightgbm,0,8,2021-04-20,96,1.0,True,172.0,163.23228970074598,-8.76771029925402,8.76771029925402,2021-04-20 08:45:00,2021-04-20 11:30:00,165.0,165.0
D1,F1-core-lightgbm,0,8,2021-04-21,96,1.0,True,174.0,169.08768591462197,-4.9123140853780285,4.9123140853780285,2021-04-21 08:30:00,2021-04-21 10:45:00,135.0,135.0
D1,F1-core-lightgbm,0,8,2021-04-22,96,1.0,True,174.0,170.06413772722527,-3.9358622727747274,3.9358622727747274,2021-04-22 08:30:00,2021-04-22 10:45:00,135.0,135.0
D1,F1-core-lightgbm,0,8,2021-04-23,96,1.0,True,174.0,136.70999976425253,-37.29000023574747,37.29000023574747,2021-04-23 08:30:00,2021-04-23 18:00:00,570.0,570.0
D1,F1-core-lightgbm,0,8,2021-04-24,96,1.0,True,112.0,110.79270092719942,-1.2072990728005806,1.2072990728005806,2021-04-24 06:15:00,2021-04-24 02:00:00,-255.0,255.0
D1,F1-core-lightgbm,0,8,2021-04-25,96,1.0,True,25.0,57.83510371294475,32.83510371294475,32.83510371294475,2021-04-25 01:30:00,2021-04-25 09:00:00,450.0,450.0
D1,F1-core-lightgbm,0,8,2021-05-03,96,1.0,True,184.0,198.08579420809355,14.085794208093546,14.085794208093546,2021-05-03 08:30:00,2021-05-03 10:00:00,90.0,90.0
D1,F1-core-lightgbm,0,8,2021-05-04,96,1.0,True,181.0,174.6354701483253,-6.364529851674689,6.364529851674689,2021-05-04 08:30:00,2021-05-04 13:45:00,315.0,315.0
D1,F1-core-lightgbm,0,8,2021-05-05,96,1.0,True,120.0,168.72078263863446,48.72078263863446,48.72078263863446,2021-05-05 04:15:00,2021-05-05 08:45:00,270.0,270.0
D1,F1-core-lightgbm,0,8,2021-05-06,96,1.0,True,199.0,186.24406902381085,-12.755930976189148,12.755930976189148,2021-05-06 09:00:00,2021-05-06 10:00:00,60.0,60.0
D1,F1-core-lightgbm,0,8,2021-05-07,96,1.0,True,181.0,185.23346760260003,4.2334676026000295,4.2334676026000295,2021-05-07 09:00:00,2021-05-07 08:45:00,-15.0,15.0
D1,F1-core-lightgbm,0,8,2021-05-08,96,1.0,True,115.0,110.55042193888873,-4.449578061111268,4.449578061111268,2021-05-08 02:00:00,2021-05-08 09:00:00,420.0,420.0
D1,F1-core-lightgbm,0,8,2021-05-09,96,1.0,True,184.0,174.69111480478168,-9.308885195218323,9.308885195218323,2021-05-09 09:00:00,2021-05-09 14:30:00,330.0,330.0
D1,F1-core-lightgbm,0,9,2021-04-19,96,1.0,True,172.0,204.4957183516981,32.49571835169809,32.49571835169809,2021-04-19 08:45:00,2021-04-19 10:00:00,75.0,75.0
D1,F1-core-lightgbm,0,9,2021-04-20,96,1.0,True,172.0,164.69852406662687,-7.301475933373126,7.301475933373126,2021-04-20 08:45:00,2021-04-20 11:45:00,180.0,180.0
D1,F1-core-lightgbm,0,9,2021-04-21,96,1.0,True,174.0,171.27042883305387,-2.72957116694613,2.72957116694613,2021-04-21 08:30:00,2021-04-21 11:30:00,180.0,180.0
D1,F1-core-lightgbm,0,9,2021-04-22,96,1.0,True,174.0,172.68920615219253,-1.3107938478074743,1.3107938478074743,2021-04-22 08:30:00,2021-04-22 11:30:00,180.0,180.0
D1,F1-core-lightgbm,0,9,2021-04-23,96,1.0,True,174.0,149.23802877344698,-24.761971226553015,24.761971226553015,2021-04-23 08:30:00,2021-04-23 18:00:00,570.0,570.0
D1,F1-core-lightgbm,0,9,2021-04-24,96,1.0,True,112.0,112.16669446072858,0.16669446072857852,0.16669446072857852,2021-04-24 06:15:00,2021-04-24 03:30:00,-165.0,165.0
D1,F1-core-lightgbm,0,9,2021-04-25,96,1.0,True,25.0,73.07431545757477,48.07431545757477,48.07431545757477,2021-04-25 01:30:00,2021-04-25 09:00:00,450.0,450.0
D1,F1-core-lightgbm,0,9,2021-05-03,96,1.0,True,184.0,198.25391060699005,14.253910606990047,14.253910606990047,2021-05-03 08:30:00,2021-05-03 09:45:00,75.0,75.0
D1,F1-core-lightgbm,0,9,2021-05-04,96,1.0,True,181.0,171.56046713480947,-9.439532865190529,9.439532865190529,2021-05-04 08:30:00,2021-05-04 10:45:00,135.0,135.0
D1,F1-core-lightgbm,0,9,2021-05-05,96,1.0,True,120.0,170.36257529155645,50.36257529155645,50.36257529155645,2021-05-05 04:15:00,2021-05-05 08:45:00,270.0,270.0
D1,F1-core-lightgbm,0,9,2021-05-06,96,1.0,True,199.0,181.66842822506044,-17.33157177493956,17.33157177493956,2021-05-06 09:00:00,2021-05-06 11:30:00,150.0,150.0
D1,F1-core-lightgbm,0,9,2021-05-07,96,1.0,True,181.0,189.44064613428156,8.440646134281565,8.440646134281565,2021-05-07 09:00:00,2021-05-07 08:45:00,-15.0,15.0
D1,F1-core-lightgbm,0,9,2021-05-08,96,1.0,True,115.0,121.7455601848786,6.745560184878599,6.745560184878599,2021-05-08 02:00:00,2021-05-08 08:45:00,405.0,405.0
D1,F1-core-lightgbm,0,9,2021-05-09,96,1.0,True,184.0,186.94335864358882,2.943358643588823,2.943358643588823,2021-05-09 09:00:00,2021-05-09 14:45:00,345.0,345.0
D1,F1-core-lightgbm,0,10,2021-04-19,96,1.0,True,172.0,201.71432646507196,29.714326465071963,29.714326465071963,2021-04-19 08:45:00,2021-04-19 10:30:00,105.0,105.0
D1,F1-core-lightgbm,0,10,2021-04-20,96,1.0,True,172.0,168.38234387854246,-3.617656121457543,3.617656121457543,2021-04-20 08:45:00,2021-04-20 11:30:00,165.0,165.0
D1,F1-core-lightgbm,0,10,2021-04-21,96,1.0,True,174.0,167.17234251643495,-6.827657483565048,6.827657483565048,2021-04-21 08:30:00,2021-04-21 11:45:00,195.0,195.0
D1,F1-core-lightgbm,0,10,2021-04-22,96,1.0,True,174.0,169.11308145871584,-4.88691854128416,4.88691854128416,2021-04-22 08:30:00,2021-04-22 10:30:00,120.0,120.0
D1,F1-core-lightgbm,0,10,2021-04-23,96,1.0,True,174.0,142.5447938939825,-31.4552061060175,31.4552061060175,2021-04-23 08:30:00,2021-04-23 18:30:00,600.0,600.0
D1,F1-core-lightgbm,0,10,2021-04-24,96,1.0,True,112.0,114.18364250846727,2.1836425084672726,2.1836425084672726,2021-04-24 06:15:00,2021-04-24 03:30:00,-165.0,165.0
D1,F1-core-lightgbm,0,10,2021-04-25,96,1.0,True,25.0,55.62747987197958,30.62747987197958,30.62747987197958,2021-04-25 01:30:00,2021-04-25 09:00:00,450.0,450.0
D1,F1-core-lightgbm,0,10,2021-05-03,96,1.0,True,184.0,200.02820964673901,16.028209646739015,16.028209646739015,2021-05-03 08:30:00,2021-05-03 10:30:00,120.0,120.0
D1,F1-core-lightgbm,0,10,2021-05-04,96,1.0,True,181.0,170.6509519775134,-10.349048022486613,10.349048022486613,2021-05-04 08:30:00,2021-05-04 09:00:00,30.0,30.0
D1,F1-core-lightgbm,0,10,2021-05-05,96,1.0,True,120.0,175.0853888749549,55.0853888749549,55.0853888749549,2021-05-05 04:15:00,2021-05-05 09:00:00,285.0,285.0
D1,F1-core-lightgbm,0,10,2021-05-06,96,1.0,True,199.0,188.07232364475402,-10.927676355245978,10.927676355245978,2021-05-06 09:00:00,2021-05-06 10:30:00,90.0,90.0
D1,F1-core-lightgbm,0,10,2021-05-07,96,1.0,True,181.0,186.16325821830716,5.163258218307163,5.163258218307163,2021-05-07 09:00:00,2021-05-07 08:45:00,-15.0,15.0
D1,F1-core-lightgbm,0,10,2021-05-08,96,1.0,True,115.0,137.78796733186374,22.78796733186374,22.78796733186374,2021-05-08 02:00:00,2021-05-08 08:30:00,390.0,390.0
D1,F1-core-lightgbm,0,10,2021-05-09,96,1.0,True,184.0,184.20421061018519,0.20421061018518571,0.20421061018518571,2021-05-09 09:00:00,2021-05-09 15:00:00,360.0,360.0
D1,F1-core-lightgbm,0,11,2021-04-19,96,1.0,True,172.0,201.16393231202363,29.163932312023633,29.163932312023633,2021-04-19 08:45:00,2021-04-19 10:45:00,120.0,120.0
D1,F1-core-lightgbm,0,11,2021-04-20,96,1.0,True,172.0,172.91210325068144,0.9121032506814402,0.9121032506814402,2021-04-20 08:45:00,2021-04-20 11:45:00,180.0,180.0
D1,F1-core-lightgbm,0,11,2021-04-21,96,1.0,True,174.0,171.3437946514897,-2.656205348510298,2.656205348510298,2021-04-21 08:30:00,2021-04-21 11:15:00,165.0,165.0
D1,F1-core-lightgbm,0,11,2021-04-22,96,1.0,True,174.0,171.79539219303794,-2.204607806962059,2.204607806962059,2021-04-22 08:30:00,2021-04-22 11:00:00,150.0,150.0
D1,F1-core-lightgbm,0,11,2021-04-23,96,1.0,True,174.0,139.77099006272712,-34.22900993727288,34.22900993727288,2021-04-23 08:30:00,2021-04-23 15:45:00,435.0,435.0
D1,F1-core-lightgbm,0,11,2021-04-24,96,1.0,True,112.0,108.65737782841398,-3.342622171586015,3.342622171586015,2021-04-24 06:15:00,2021-04-24 03:00:00,-195.0,195.0
D1,F1-core-lightgbm,0,11,2021-04-25,96,1.0,True,25.0,73.20423323218964,48.20423323218964,48.20423323218964,2021-04-25 01:30:00,2021-04-25 08:45:00,435.0,435.0
D1,F1-core-lightgbm,0,11,2021-05-03,96,1.0,True,184.0,198.36378288224796,14.36378288224796,14.36378288224796,2021-05-03 08:30:00,2021-05-03 10:45:00,135.0,135.0
D1,F1-core-lightgbm,0,11,2021-05-04,96,1.0,True,181.0,170.47558626727695,-10.524413732723048,10.524413732723048,2021-05-04 08:30:00,2021-05-04 10:45:00,135.0,135.0
D1,F1-core-lightgbm,0,11,2021-05-05,96,1.0,True,120.0,178.04968424232263,58.04968424232263,58.04968424232263,2021-05-05 04:15:00,2021-05-05 08:45:00,270.0,270.0
D1,F1-core-lightgbm,0,11,2021-05-06,96,1.0,True,199.0,189.68197710952222,-9.318022890477778,9.318022890477778,2021-05-06 09:00:00,2021-05-06 10:45:00,105.0,105.0
D1,F1-core-lightgbm,0,11,2021-05-07,96,1.0,True,181.0,180.10847410655884,-0.8915258934411554,0.8915258934411554,2021-05-07 09:00:00,2021-05-07 09:00:00,0.0,0.0
D1,F1-core-lightgbm,0,11,2021-05-08,96,1.0,True,115.0,125.30933192683163,10.309331926831632,10.309331926831632,2021-05-08 02:00:00,2021-05-08 08:30:00,390.0,390.0
D1,F1-core-lightgbm,0,11,2021-05-09,96,1.0,True,184.0,185.1835961502115,1.183596150211514,1.183596150211514,2021-05-09 09:00:00,2021-05-09 13:45:00,285.0,285.0
D1,F1-core-lightgbm,0,12,2021-04-19,96,1.0,True,172.0,192.2549618649672,20.254961864967214,20.254961864967214,2021-04-19 08:45:00,2021-04-19 10:45:00,120.0,120.0
D1,F1-core-lightgbm,0,12,2021-04-20,96,1.0,True,172.0,157.77688740516572,-14.223112594834276,14.223112594834276,2021-04-20 08:45:00,2021-04-20 12:00:00,195.0,195.0
D1,F1-core-lightgbm,0,12,2021-04-21,96,1.0,True,174.0,165.42952919454316,-8.570470805456836,8.570470805456836,2021-04-21 08:30:00,2021-04-21 13:45:00,315.0,315.0
D1,F1-core-lightgbm,0,12,2021-04-22,96,1.0,True,174.0,169.65970129798131,-4.340298702018686,4.340298702018686,2021-04-22 08:30:00,2021-04-22 11:15:00,165.0,165.0
D1,F1-core-lightgbm,0,12,2021-04-23,96,1.0,True,174.0,151.8045494302398,-22.195450569760197,22.195450569760197,2021-04-23 08:30:00,2021-04-23 16:00:00,450.0,450.0
D1,F1-core-lightgbm,0,12,2021-04-24,96,1.0,True,112.0,111.72768788932414,-0.2723121106758555,0.2723121106758555,2021-04-24 06:15:00,2021-04-24 03:30:00,-165.0,165.0
D1,F1-core-lightgbm,0,12,2021-04-25,96,1.0,True,25.0,78.66961648738877,53.669616487388765,53.669616487388765,2021-04-25 01:30:00,2021-04-25 09:00:00,450.0,450.0
D1,F1-core-lightgbm,0,12,2021-05-03,96,1.0,True,184.0,184.52579398848394,0.5257939884839402,0.5257939884839402,2021-05-03 08:30:00,2021-05-03 10:45:00,135.0,135.0
D1,F1-core-lightgbm,0,12,2021-05-04,96,1.0,True,181.0,174.5564936068102,-6.443506393189807,6.443506393189807,2021-05-04 08:30:00,2021-05-04 08:30:00,0.0,0.0
D1,F1-core-lightgbm,0,12,2021-05-05,96,1.0,True,120.0,176.59924586882858,56.599245868828575,56.599245868828575,2021-05-05 04:15:00,2021-05-05 08:45:00,270.0,270.0
D1,F1-core-lightgbm,0,12,2021-05-06,96,1.0,True,199.0,184.03237911290566,-14.967620887094341,14.967620887094341,2021-05-06 09:00:00,2021-05-06 12:00:00,180.0,180.0
D1,F1-core-lightgbm,0,12,2021-05-07,96,1.0,True,181.0,182.40778873195913,1.4077887319591298,1.4077887319591298,2021-05-07 09:00:00,2021-05-07 09:15:00,15.0,15.0
D1,F1-core-lightgbm,0,12,2021-05-08,96,1.0,True,115.0,113.67299731036162,-1.3270026896383769,1.3270026896383769,2021-05-08 02:00:00,2021-05-08 08:30:00,390.0,390.0
D1,F1-core-lightgbm,0,12,2021-05-09,96,1.0,True,184.0,177.99271004349205,-6.007289956507947,6.007289956507947,2021-05-09 09:00:00,2021-05-09 13:45:00,285.0,285.0
D1,F1-core-lightgbm,0,13,2021-04-19,96,1.0,True,172.0,194.10632905510585,22.106329055105846,22.106329055105846,2021-04-19 08:45:00,2021-04-19 10:45:00,120.0,120.0
D1,F1-core-lightgbm,0,13,2021-04-20,96,1.0,True,172.0,166.47065450028958,-5.529345499710416,5.529345499710416,2021-04-20 08:45:00,2021-04-20 11:45:00,180.0,180.0
D1,F1-core-lightgbm,0,13,2021-04-21,96,1.0,True,174.0,172.19983076527456,-1.8001692347254448,1.8001692347254448,2021-04-21 08:30:00,2021-04-21 11:45:00,195.0,195.0
D1,F1-core-lightgbm,0,13,2021-04-22,96,1.0,True,174.0,171.83963845750034,-2.1603615424996576,2.1603615424996576,2021-04-22 08:30:00,2021-04-22 11:45:00,195.0,195.0
D1,F1-core-lightgbm,0,13,2021-04-23,96,1.0,True,174.0,152.512697503753,-21.487302496246997,21.487302496246997,2021-04-23 08:30:00,2021-04-23 13:15:00,285.0,285.0
D1,F1-core-lightgbm,0,13,2021-04-24,96,1.0,True,112.0,109.86589138321374,-2.134108616786264,2.134108616786264,2021-04-24 06:15:00,2021-04-24 04:30:00,-105.0,105.0
D1,F1-core-lightgbm,0,13,2021-04-25,96,1.0,True,25.0,74.2795469409185,49.27954694091849,49.27954694091849,2021-04-25 01:30:00,2021-04-25 09:00:00,450.0,450.0
D1,F1-core-lightgbm,0,13,2021-05-03,96,1.0,True,184.0,178.67352581610848,-5.32647418389152,5.32647418389152,2021-05-03 08:30:00,2021-05-03 11:45:00,195.0,195.0
D1,F1-core-lightgbm,0,13,2021-05-04,96,1.0,True,181.0,172.66009513877847,-8.339904861221527,8.339904861221527,2021-05-04 08:30:00,2021-05-04 08:30:00,0.0,0.0
D1,F1-core-lightgbm,0,13,2021-05-05,96,1.0,True,120.0,174.6483464436665,54.6483464436665,54.6483464436665,2021-05-05 04:15:00,2021-05-05 08:45:00,270.0,270.0
D1,F1-core-lightgbm,0,13,2021-05-06,96,1.0,True,199.0,183.75973120016715,-15.240268799832847,15.240268799832847,2021-05-06 09:00:00,2021-05-06 11:45:00,165.0,165.0
D1,F1-core-lightgbm,0,13,2021-05-07,96,1.0,True,181.0,176.79761782439485,-4.202382175605152,4.202382175605152,2021-05-07 09:00:00,2021-05-07 11:45:00,165.0,165.0
D1,F1-core-lightgbm,0,13,2021-05-08,96,1.0,True,115.0,111.05618286483866,-3.943817135161339,3.943817135161339,2021-05-08 02:00:00,2021-05-08 09:00:00,420.0,420.0
D1,F1-core-lightgbm,0,13,2021-05-09,96,1.0,True,184.0,181.53964132294897,-2.4603586770510333,2.4603586770510333,2021-05-09 09:00:00,2021-05-09 14:15:00,315.0,315.0
D1,F1-core-lightgbm,0,14,2021-04-19,96,1.0,True,172.0,192.34231550020868,20.342315500208684,20.342315500208684,2021-04-19 08:45:00,2021-04-19 12:00:00,195.0,195.0
D1,F1-core-lightgbm,0,14,2021-04-20,96,1.0,True,172.0,165.94288436662734,-6.057115633372661,6.057115633372661,2021-04-20 08:45:00,2021-04-20 12:00:00,195.0,195.0
D1,F1-core-lightgbm,0,14,2021-04-21,96,1.0,True,174.0,164.90474017108684,-9.095259828913157,9.095259828913157,2021-04-21 08:30:00,2021-04-21 12:00:00,210.0,210.0
D1,F1-core-lightgbm,0,14,2021-04-22,96,1.0,True,174.0,165.84033413159705,-8.159665868402953,8.159665868402953,2021-04-22 08:30:00,2021-04-22 11:45:00,195.0,195.0
D1,F1-core-lightgbm,0,14,2021-04-23,96,1.0,True,174.0,154.3261756696634,-19.6738243303366,19.6738243303366,2021-04-23 08:30:00,2021-04-23 17:00:00,510.0,510.0
D1,F1-core-lightgbm,0,14,2021-04-24,96,1.0,True,112.0,113.64766288950433,1.647662889504332,1.647662889504332,2021-04-24 06:15:00,2021-04-24 06:15:00,0.0,0.0
D1,F1-core-lightgbm,0,14,2021-04-25,96,1.0,True,25.0,64.30747098399338,39.30747098399338,39.30747098399338,2021-04-25 01:30:00,2021-04-25 10:30:00,540.0,540.0
D1,F1-core-lightgbm,0,14,2021-05-03,96,1.0,True,184.0,186.66550481567918,2.665504815679185,2.665504815679185,2021-05-03 08:30:00,2021-05-03 11:45:00,195.0,195.0
D1,F1-core-lightgbm,0,14,2021-05-04,96,1.0,True,181.0,170.4119943488129,-10.588005651187103,10.588005651187103,2021-05-04 08:30:00,2021-05-04 11:00:00,150.0,150.0
D1,F1-core-lightgbm,0,14,2021-05-05,96,1.0,True,120.0,175.6671466348195,55.66714663481949,55.66714663481949,2021-05-05 04:15:00,2021-05-05 08:45:00,270.0,270.0
D1,F1-core-lightgbm,0,14,2021-05-06,96,1.0,True,199.0,185.52086640954687,-13.47913359045313,13.47913359045313,2021-05-06 09:00:00,2021-05-06 08:45:00,-15.0,15.0
D1,F1-core-lightgbm,0,14,2021-05-07,96,1.0,True,181.0,178.86114160157422,-2.138858398425782,2.138858398425782,2021-05-07 09:00:00,2021-05-07 11:45:00,165.0,165.0
D1,F1-core-lightgbm,0,14,2021-05-08,96,1.0,True,115.0,106.76203690555353,-8.23796309444647,8.23796309444647,2021-05-08 02:00:00,2021-05-08 06:15:00,255.0,255.0
D1,F1-core-lightgbm,0,14,2021-05-09,96,1.0,True,184.0,179.23834732650738,-4.76165267349262,4.76165267349262,2021-05-09 09:00:00,2021-05-09 13:15:00,255.0,255.0
D1,F1-core-lightgbm,0,15,2021-04-19,96,1.0,True,172.0,197.3172170396057,25.31721703960571,25.31721703960571,2021-04-19 08:45:00,2021-04-19 11:45:00,180.0,180.0
D1,F1-core-lightgbm,0,15,2021-04-20,96,1.0,True,172.0,164.93527735499333,-7.064722645006668,7.064722645006668,2021-04-20 08:45:00,2021-04-20 11:45:00,180.0,180.0
D1,F1-core-lightgbm,0,15,2021-04-21,96,1.0,True,174.0,164.88088317142518,-9.119116828574818,9.119116828574818,2021-04-21 08:30:00,2021-04-21 15:30:00,420.0,420.0
D1,F1-core-lightgbm,0,15,2021-04-22,96,1.0,True,174.0,163.27496998731584,-10.725030012684158,10.725030012684158,2021-04-22 08:30:00,2021-04-22 15:30:00,420.0,420.0
D1,F1-core-lightgbm,0,15,2021-04-23,96,1.0,True,174.0,148.77447456309395,-25.225525436906054,25.225525436906054,2021-04-23 08:30:00,2021-04-23 14:30:00,360.0,360.0
D1,F1-core-lightgbm,0,15,2021-04-24,96,1.0,True,112.0,112.30718022477225,0.30718022477225304,0.30718022477225304,2021-04-24 06:15:00,2021-04-24 02:00:00,-255.0,255.0
D1,F1-core-lightgbm,0,15,2021-04-25,96,1.0,True,25.0,69.5960342416775,44.5960342416775,44.5960342416775,2021-04-25 01:30:00,2021-04-25 08:45:00,435.0,435.0
D1,F1-core-lightgbm,0,15,2021-05-03,96,1.0,True,184.0,197.15199940834142,13.151999408341425,13.151999408341425,2021-05-03 08:30:00,2021-05-03 11:45:00,195.0,195.0
D1,F1-core-lightgbm,0,15,2021-05-04,96,1.0,True,181.0,171.9101477464943,-9.089852253505711,9.089852253505711,2021-05-04 08:30:00,2021-05-04 10:45:00,135.0,135.0
D1,F1-core-lightgbm,0,15,2021-05-05,96,1.0,True,120.0,169.73122593439777,49.73122593439777,49.73122593439777,2021-05-05 04:15:00,2021-05-05 08:45:00,270.0,270.0
D1,F1-core-lightgbm,0,15,2021-05-06,96,1.0,True,199.0,195.24074377752152,-3.7592562224784842,3.7592562224784842,2021-05-06 09:00:00,2021-05-06 11:45:00,165.0,165.0
D1,F1-core-lightgbm,0,15,2021-05-07,96,1.0,True,181.0,175.74776551796833,-5.2522344820316675,5.2522344820316675,2021-05-07 09:00:00,2021-05-07 11:30:00,150.0,150.0
D1,F1-core-lightgbm,0,15,2021-05-08,96,1.0,True,115.0,104.35968346388151,-10.64031653611849,10.64031653611849,2021-05-08 02:00:00,2021-05-08 06:15:00,255.0,255.0
D1,F1-core-lightgbm,0,15,2021-05-09,96,1.0,True,184.0,172.09261994756656,-11.907380052433439,11.907380052433439,2021-05-09 09:00:00,2021-05-09 13:30:00,270.0,270.0
D1,F1-core-lightgbm,0,16,2021-04-19,96,1.0,True,172.0,195.43283667486722,23.432836674867218,23.432836674867218,2021-04-19 08:45:00,2021-04-19 12:00:00,195.0,195.0
D1,F1-core-lightgbm,0,16,2021-04-20,96,1.0,True,172.0,178.60879959664595,6.608799596645952,6.608799596645952,2021-04-20 08:45:00,2021-04-20 12:00:00,195.0,195.0
D1,F1-core-lightgbm,0,16,2021-04-21,96,1.0,True,174.0,164.23033947178004,-9.769660528219958,9.769660528219958,2021-04-21 08:30:00,2021-04-21 13:15:00,285.0,285.0
D1,F1-core-lightgbm,0,16,2021-04-22,96,1.0,True,174.0,162.98594937154058,-11.014050628459415,11.014050628459415,2021-04-22 08:30:00,2021-04-22 11:45:00,195.0,195.0
D1,F1-core-lightgbm,0,16,2021-04-23,96,1.0,True,174.0,156.3686823046564,-17.631317695343597,17.631317695343597,2021-04-23 08:30:00,2021-04-23 15:45:00,435.0,435.0
D1,F1-core-lightgbm,0,16,2021-04-24,96,1.0,True,112.0,113.17467001838226,1.1746700183822583,1.1746700183822583,2021-04-24 06:15:00,2021-04-24 06:15:00,0.0,0.0
D1,F1-core-lightgbm,0,16,2021-04-25,96,1.0,True,25.0,75.58292300127059,50.582923001270586,50.582923001270586,2021-04-25 01:30:00,2021-04-25 10:30:00,540.0,540.0
D1,F1-core-lightgbm,0,16,2021-05-03,96,1.0,True,184.0,195.93178228610296,11.931782286102958,11.931782286102958,2021-05-03 08:30:00,2021-05-03 12:00:00,210.0,210.0
D1,F1-core-lightgbm,0,16,2021-05-04,96,1.0,True,181.0,172.4226851405727,-8.577314859427304,8.577314859427304,2021-05-04 08:30:00,2021-05-04 14:00:00,330.0,330.0
D1,F1-core-lightgbm,0,16,2021-05-05,96,1.0,True,120.0,172.0537664183634,52.05376641836341,52.05376641836341,2021-05-05 04:15:00,2021-05-05 08:45:00,270.0,270.0
D1,F1-core-lightgbm,0,16,2021-05-06,96,1.0,True,199.0,194.39023814492234,-4.6097618550776644,4.6097618550776644,2021-05-06 09:00:00,2021-05-06 12:00:00,180.0,180.0
D1,F1-core-lightgbm,0,16,2021-05-07,96,1.0,True,181.0,182.91177024278937,1.9117702427893732,1.9117702427893732,2021-05-07 09:00:00,2021-05-07 08:45:00,-15.0,15.0
D1,F1-core-lightgbm,0,16,2021-05-08,96,1.0,True,115.0,108.05719279314053,-6.94280720685947,6.94280720685947,2021-05-08 02:00:00,2021-05-08 06:15:00,255.0,255.0
D1,F1-core-lightgbm,0,16,2021-05-09,96,1.0,True,184.0,175.83795407709468,-8.162045922905321,8.162045922905321,2021-05-09 09:00:00,2021-05-09 14:30:00,330.0,330.0
D1,F1-core-lightgbm,1,4,2021-05-31,96,1.0,True,172.0,189.88648493851662,17.886484938516617,17.886484938516617,2021-05-31 10:30:00,2021-05-31 09:15:00,-75.0,75.0
D1,F1-core-lightgbm,1,4,2021-06-01,96,1.0,True,195.0,178.68900483133606,-16.310995168663936,16.310995168663936,2021-06-01 09:00:00,2021-06-01 11:45:00,165.0,165.0
D1,F1-core-lightgbm,1,4,2021-06-02,96,1.0,True,191.0,178.59590832150846,-12.40409167849154,12.40409167849154,2021-06-02 10:45:00,2021-06-02 08:45:00,-120.0,120.0
D1,F1-core-lightgbm,1,4,2021-06-03,96,1.0,True,181.0,173.72530222101963,-7.274697778980368,7.274697778980368,2021-06-03 08:30:00,2021-06-03 09:45:00,75.0,75.0
D1,F1-core-lightgbm,1,4,2021-06-04,96,1.0,True,173.0,161.09842028216147,-11.90157971783853,11.90157971783853,2021-06-04 10:45:00,2021-06-04 08:45:00,-120.0,120.0
D1,F1-core-lightgbm,1,4,2021-06-05,96,1.0,True,116.0,109.6802801978325,-6.319719802167498,6.319719802167498,2021-06-05 01:45:00,2021-06-05 06:15:00,270.0,270.0
D1,F1-core-lightgbm,1,4,2021-06-06,96,1.0,True,27.0,66.49450284845183,39.49450284845183,39.49450284845183,2021-06-06 01:30:00,2021-06-06 08:30:00,420.0,420.0
D1,F1-core-lightgbm,1,4,2021-06-14,96,1.0,True,204.0,198.42497017849539,-5.575029821504614,5.575029821504614,2021-06-14 09:00:00,2021-06-14 08:45:00,-15.0,15.0
D1,F1-core-lightgbm,1,4,2021-06-15,96,1.0,True,198.0,191.65822608584008,-6.341773914159916,6.341773914159916,2021-06-15 08:45:00,2021-06-15 08:30:00,-15.0,15.0
D1,F1-core-lightgbm,1,4,2021-06-16,96,1.0,True,193.0,183.11699874452296,-9.88300125547704,9.88300125547704,2021-06-16 10:45:00,2021-06-16 08:45:00,-120.0,120.0
D1,F1-core-lightgbm,1,4,2021-06-17,96,1.0,True,197.0,187.17198645731514,-9.828013542684857,9.828013542684857,2021-06-17 08:45:00,2021-06-17 13:30:00,285.0,285.0
D1,F1-core-lightgbm,1,4,2021-06-18,96,1.0,True,186.0,180.78742268443594,-5.212577315564062,5.212577315564062,2021-06-18 10:00:00,2021-06-18 09:00:00,-60.0,60.0
D1,F1-core-lightgbm,1,4,2021-06-19,96,1.0,True,119.0,111.57015635655358,-7.429843643446418,7.429843643446418,2021-06-19 02:15:00,2021-06-19 03:30:00,75.0,75.0
D1,F1-core-lightgbm,1,4,2021-06-20,96,1.0,True,28.0,51.848163187080054,23.848163187080054,23.848163187080054,2021-06-20 15:15:00,2021-06-20 08:15:00,-420.0,420.0
D1,F1-core-lightgbm,1,5,2021-05-31,96,1.0,True,172.0,189.5079651163246,17.507965116324613,17.507965116324613,2021-05-31 10:30:00,2021-05-31 08:45:00,-105.0,105.0
D1,F1-core-lightgbm,1,5,2021-06-01,96,1.0,True,195.0,177.27100320339966,-17.72899679660034,17.72899679660034,2021-06-01 09:00:00,2021-06-01 13:30:00,270.0,270.0
D1,F1-core-lightgbm,1,5,2021-06-02,96,1.0,True,191.0,181.76934703325847,-9.23065296674153,9.23065296674153,2021-06-02 10:45:00,2021-06-02 14:45:00,240.0,240.0
D1,F1-core-lightgbm,1,5,2021-06-03,96,1.0,True,181.0,180.36250172037415,-0.637498279625845,0.637498279625845,2021-06-03 08:30:00,2021-06-03 08:30:00,0.0,0.0
D1,F1-core-lightgbm,1,5,2021-06-04,96,1.0,True,173.0,161.1833857193481,-11.81661428065189,11.81661428065189,2021-06-04 10:45:00,2021-06-04 09:00:00,-105.0,105.0
D1,F1-core-lightgbm,1,5,2021-06-05,96,1.0,True,116.0,111.13475416981379,-4.865245830186211,4.865245830186211,2021-06-05 01:45:00,2021-06-05 06:30:00,285.0,285.0
D1,F1-core-lightgbm,1,5,2021-06-06,96,1.0,True,27.0,79.27602670248865,52.27602670248865,52.27602670248865,2021-06-06 01:30:00,2021-06-06 08:30:00,420.0,420.0
D1,F1-core-lightgbm,1,5,2021-06-14,96,1.0,True,204.0,202.62827924697797,-1.3717207530220321,1.3717207530220321,2021-06-14 09:00:00,2021-06-14 09:00:00,0.0,0.0
D1,F1-core-lightgbm,1,5,2021-06-15,96,1.0,True,198.0,197.3598186191101,-0.6401813808899135,0.6401813808899135,2021-06-15 08:45:00,2021-06-15 08:30:00,-15.0,15.0
D1,F1-core-lightgbm,1,5,2021-06-16,96,1.0,True,193.0,180.80442542090847,-12.195574579091527,12.195574579091527,2021-06-16 10:45:00,2021-06-16 08:30:00,-135.0,135.0
D1,F1-core-lightgbm,1,5,2021-06-17,96,1.0,True,197.0,188.6482695383142,-8.351730461685804,8.351730461685804,2021-06-17 08:45:00,2021-06-17 13:45:00,300.0,300.0
D1,F1-core-lightgbm,1,5,2021-06-18,96,1.0,True,186.0,176.4194289163908,-9.580571083609186,9.580571083609186,2021-06-18 10:00:00,2021-06-18 09:00:00,-60.0,60.0
D1,F1-core-lightgbm,1,5,2021-06-19,96,1.0,True,119.0,113.04431564535761,-5.955684354642386,5.955684354642386,2021-06-19 02:15:00,2021-06-19 03:45:00,90.0,90.0
D1,F1-core-lightgbm,1,5,2021-06-20,96,1.0,True,28.0,78.45308925543547,50.45308925543547,50.45308925543547,2021-06-20 15:15:00,2021-06-20 08:30:00,-405.0,405.0
D1,F1-core-lightgbm,1,6,2021-05-31,96,1.0,True,172.0,186.95167679763722,14.95167679763722,14.95167679763722,2021-05-31 10:30:00,2021-05-31 09:30:00,-60.0,60.0
D1,F1-core-lightgbm,1,6,2021-06-01,96,1.0,True,195.0,180.1643155872199,-14.835684412780097,14.835684412780097,2021-06-01 09:00:00,2021-06-01 11:15:00,135.0,135.0
D1,F1-core-lightgbm,1,6,2021-06-02,96,1.0,True,191.0,177.50826343953796,-13.491736560462044,13.491736560462044,2021-06-02 10:45:00,2021-06-02 11:00:00,15.0,15.0
D1,F1-core-lightgbm,1,6,2021-06-03,96,1.0,True,181.0,176.14287770905338,-4.85712229094662,4.85712229094662,2021-06-03 08:30:00,2021-06-03 08:30:00,0.0,0.0
D1,F1-core-lightgbm,1,6,2021-06-04,96,1.0,True,173.0,165.40120089923923,-7.598799100760772,7.598799100760772,2021-06-04 10:45:00,2021-06-04 09:15:00,-90.0,90.0
D1,F1-core-lightgbm,1,6,2021-06-05,96,1.0,True,116.0,110.39040837448131,-5.609591625518689,5.609591625518689,2021-06-05 01:45:00,2021-06-05 06:30:00,285.0,285.0
D1,F1-core-lightgbm,1,6,2021-06-06,96,1.0,True,27.0,93.64172253141996,66.64172253141996,66.64172253141996,2021-06-06 01:30:00,2021-06-06 08:30:00,420.0,420.0
D1,F1-core-lightgbm,1,6,2021-06-14,96,1.0,True,204.0,202.28095656667153,-1.7190434333284657,1.7190434333284657,2021-06-14 09:00:00,2021-06-14 09:00:00,0.0,0.0
D1,F1-core-lightgbm,1,6,2021-06-15,96,1.0,True,198.0,194.488413291824,-3.5115867081759973,3.5115867081759973,2021-06-15 08:45:00,2021-06-15 08:45:00,0.0,0.0
D1,F1-core-lightgbm,1,6,2021-06-16,96,1.0,True,193.0,180.7101386528694,-12.289861347130596,12.289861347130596,2021-06-16 10:45:00,2021-06-16 10:00:00,-45.0,45.0
D1,F1-core-lightgbm,1,6,2021-06-17,96,1.0,True,197.0,187.59528285131285,-9.404717148687155,9.404717148687155,2021-06-17 08:45:00,2021-06-17 09:00:00,15.0,15.0
D1,F1-core-lightgbm,1,6,2021-06-18,96,1.0,True,186.0,178.52424836824042,-7.475751631759579,7.475751631759579,2021-06-18 10:00:00,2021-06-18 11:30:00,90.0,90.0
D1,F1-core-lightgbm,1,6,2021-06-19,96,1.0,True,119.0,114.74744608948899,-4.252553910511011,4.252553910511011,2021-06-19 02:15:00,2021-06-19 03:30:00,75.0,75.0
D1,F1-core-lightgbm,1,6,2021-06-20,96,1.0,True,28.0,90.87876093375016,62.87876093375016,62.87876093375016,2021-06-20 15:15:00,2021-06-20 08:30:00,-405.0,405.0
D1,F1-core-lightgbm,1,7,2021-05-31,96,1.0,True,172.0,184.42981393815018,12.429813938150176,12.429813938150176,2021-05-31 10:30:00,2021-05-31 09:45:00,-45.0,45.0
D1,F1-core-lightgbm,1,7,2021-06-01,96,1.0,True,195.0,178.89080913656454,-16.109190863435458,16.109190863435458,2021-06-01 09:00:00,2021-06-01 11:45:00,165.0,165.0
D1,F1-core-lightgbm,1,7,2021-06-02,96,1.0,True,191.0,178.72922105401435,-12.270778945985654,12.270778945985654,2021-06-02 10:45:00,2021-06-02 13:45:00,180.0,180.0
D1,F1-core-lightgbm,1,7,2021-06-03,96,1.0,True,181.0,176.8205796319826,-4.179420368017389,4.179420368017389,2021-06-03 08:30:00,2021-06-03 09:15:00,45.0,45.0
D1,F1-core-lightgbm,1,7,2021-06-04,96,1.0,True,173.0,165.59749269680276,-7.40250730319724,7.40250730319724,2021-06-04 10:45:00,2021-06-04 09:45:00,-60.0,60.0
D1,F1-core-lightgbm,1,7,2021-06-05,96,1.0,True,116.0,111.25769106630388,-4.742308933696123,4.742308933696123,2021-06-05 01:45:00,2021-06-05 04:15:00,150.0,150.0
D1,F1-core-lightgbm,1,7,2021-06-06,96,1.0,True,27.0,134.6456784871791,107.64567848717911,107.64567848717911,2021-06-06 01:30:00,2021-06-06 08:45:00,435.0,435.0
D1,F1-core-lightgbm,1,7,2021-06-14,96,1.0,True,204.0,218.4952195578755,14.495219557875487,14.495219557875487,2021-06-14 09:00:00,2021-06-14 09:00:00,0.0,0.0
D1,F1-core-lightgbm,1,7,2021-06-15,96,1.0,True,198.0,197.40057909844964,-0.59942090155036,0.59942090155036,2021-06-15 08:45:00,2021-06-15 08:45:00,0.0,0.0
D1,F1-core-lightgbm,1,7,2021-06-16,96,1.0,True,193.0,189.06906668785183,-3.93093331214817,3.93093331214817,2021-06-16 10:45:00,2021-06-16 08:30:00,-135.0,135.0
D1,F1-core-lightgbm,1,7,2021-06-17,96,1.0,True,197.0,188.0355649378045,-8.964435062195491,8.964435062195491,2021-06-17 08:45:00,2021-06-17 11:30:00,165.0,165.0
D1,F1-core-lightgbm,1,7,2021-06-18,96,1.0,True,186.0,178.03488205529615,-7.965117944703849,7.965117944703849,2021-06-18 10:00:00,2021-06-18 10:30:00,30.0,30.0
D1,F1-core-lightgbm,1,7,2021-06-19,96,1.0,True,119.0,111.57514672197432,-7.4248532780256795,7.4248532780256795,2021-06-19 02:15:00,2021-06-19 04:45:00,150.0,150.0
D1,F1-core-lightgbm,1,7,2021-06-20,96,1.0,True,28.0,132.67765893157386,104.67765893157386,104.67765893157386,2021-06-20 15:15:00,2021-06-20 08:45:00,-390.0,390.0
D1,F1-core-lightgbm,1,8,2021-05-31,96,1.0,True,172.0,183.93492404024693,11.934924040246926,11.934924040246926,2021-05-31 10:30:00,2021-05-31 10:00:00,-30.0,30.0
D1,F1-core-lightgbm,1,8,2021-06-01,96,1.0,True,195.0,178.83856363527306,-16.16143636472694,16.16143636472694,2021-06-01 09:00:00,2021-06-01 11:45:00,165.0,165.0
D1,F1-core-lightgbm,1,8,2021-06-02,96,1.0,True,191.0,182.20196304079278,-8.798036959207224,8.798036959207224,2021-06-02 10:45:00,2021-06-02 09:30:00,-75.0,75.0
D1,F1-core-lightgbm,1,8,2021-06-03,96,1.0,True,181.0,178.53999712788413,-2.460002872115865,2.460002872115865,2021-06-03 08:30:00,2021-06-03 09:30:00,60.0,60.0
D1,F1-core-lightgbm,1,8,2021-06-04,96,1.0,True,173.0,164.55415065605223,-8.44584934394777,8.44584934394777,2021-06-04 10:45:00,2021-06-04 09:45:00,-60.0,60.0
D1,F1-core-lightgbm,1,8,2021-06-05,96,1.0,True,116.0,109.42908224569845,-6.570917754301547,6.570917754301547,2021-06-05 01:45:00,2021-06-05 04:15:00,150.0,150.0
D1,F1-core-lightgbm,1,8,2021-06-06,96,1.0,True,27.0,123.84329262854322,96.84329262854322,96.84329262854322,2021-06-06 01:30:00,2021-06-06 09:00:00,450.0,450.0
D1,F1-core-lightgbm,1,8,2021-06-14,96,1.0,True,204.0,220.73141521069655,16.731415210696554,16.731415210696554,2021-06-14 09:00:00,2021-06-14 09:00:00,0.0,0.0
D1,F1-core-lightgbm,1,8,2021-06-15,96,1.0,True,198.0,193.55769405470076,-4.442305945299239,4.442305945299239,2021-06-15 08:45:00,2021-06-15 08:30:00,-15.0,15.0
D1,F1-core-lightgbm,1,8,2021-06-16,96,1.0,True,193.0,187.4789252315726,-5.521074768427411,5.521074768427411,2021-06-16 10:45:00,2021-06-16 08:30:00,-135.0,135.0
D1,F1-core-lightgbm,1,8,2021-06-17,96,1.0,True,197.0,187.1955446140564,-9.804455385943612,9.804455385943612,2021-06-17 08:45:00,2021-06-17 13:30:00,285.0,285.0
D1,F1-core-lightgbm,1,8,2021-06-18,96,1.0,True,186.0,179.30574379272068,-6.694256207279324,6.694256207279324,2021-06-18 10:00:00,2021-06-18 09:00:00,-60.0,60.0
D1,F1-core-lightgbm,1,8,2021-06-19,96,1.0,True,119.0,111.81813979001744,-7.18186020998256,7.18186020998256,2021-06-19 02:15:00,2021-06-19 07:00:00,285.0,285.0
D1,F1-core-lightgbm,1,8,2021-06-20,96,1.0,True,28.0,123.14254576387533,95.14254576387533,95.14254576387533,2021-06-20 15:15:00,2021-06-20 08:45:00,-390.0,390.0
D1,F1-core-lightgbm,1,9,2021-05-31,96,1.0,True,172.0,171.62121245285442,-0.3787875471455777,0.3787875471455777,2021-05-31 10:30:00,2021-05-31 11:30:00,60.0,60.0
D1,F1-core-lightgbm,1,9,2021-06-01,96,1.0,True,195.0,175.47915698922677,-19.520843010773234,19.520843010773234,2021-06-01 09:00:00,2021-06-01 14:00:00,300.0,300.0
D1,F1-core-lightgbm,1,9,2021-06-02,96,1.0,True,191.0,182.87002831537745,-8.129971684622546,8.129971684622546,2021-06-02 10:45:00,2021-06-02 08:30:00,-135.0,135.0
D1,F1-core-lightgbm,1,9,2021-06-03,96,1.0,True,181.0,178.0205909138377,-2.979409086162292,2.979409086162292,2021-06-03 08:30:00,2021-06-03 09:45:00,75.0,75.0
D1,F1-core-lightgbm,1,9,2021-06-04,96,1.0,True,173.0,165.6812184334349,-7.318781566565093,7.318781566565093,2021-06-04 10:45:00,2021-06-04 10:00:00,-45.0,45.0
D1,F1-core-lightgbm,1,9,2021-06-05,96,1.0,True,116.0,105.35530987262003,-10.644690127379974,10.644690127379974,2021-06-05 01:45:00,2021-06-05 04:15:00,150.0,150.0
D1,F1-core-lightgbm,1,9,2021-06-06,96,1.0,True,27.0,101.47325925851585,74.47325925851585,74.47325925851585,2021-06-06 01:30:00,2021-06-06 09:00:00,450.0,450.0
D1,F1-core-lightgbm,1,9,2021-06-14,96,1.0,True,204.0,205.05140297480463,1.0514029748046312,1.0514029748046312,2021-06-14 09:00:00,2021-06-14 08:45:00,-15.0,15.0
D1,F1-core-lightgbm,1,9,2021-06-15,96,1.0,True,198.0,192.02714245791338,-5.972857542086615,5.972857542086615,2021-06-15 08:45:00,2021-06-15 08:30:00,-15.0,15.0
D1,F1-core-lightgbm,1,9,2021-06-16,96,1.0,True,193.0,186.38501831103162,-6.614981688968385,6.614981688968385,2021-06-16 10:45:00,2021-06-16 08:45:00,-120.0,120.0
D1,F1-core-lightgbm,1,9,2021-06-17,96,1.0,True,197.0,186.86696351418794,-10.133036485812056,10.133036485812056,2021-06-17 08:45:00,2021-06-17 13:45:00,300.0,300.0
D1,F1-core-lightgbm,1,9,2021-06-18,96,1.0,True,186.0,176.43465530103688,-9.565344698963116,9.565344698963116,2021-06-18 10:00:00,2021-06-18 10:00:00,0.0,0.0
D1,F1-core-lightgbm,1,9,2021-06-19,96,1.0,True,119.0,112.9483193234259,-6.051680676574094,6.051680676574094,2021-06-19 02:15:00,2021-06-19 03:45:00,90.0,90.0
D1,F1-core-lightgbm,1,9,2021-06-20,96,1.0,True,28.0,101.47325925851585,73.47325925851585,73.47325925851585,2021-06-20 15:15:00,2021-06-20 08:45:00,-390.0,390.0
D1,F1-core-lightgbm,1,10,2021-05-31,96,1.0,True,172.0,167.86966069449065,-4.130339305509352,4.130339305509352,2021-05-31 10:30:00,2021-05-31 11:00:00,30.0,30.0
D1,F1-core-lightgbm,1,10,2021-06-01,96,1.0,True,195.0,171.2263331474423,-23.77366685255771,23.77366685255771,2021-06-01 09:00:00,2021-06-01 11:30:00,150.0,150.0
D1,F1-core-lightgbm,1,10,2021-06-02,96,1.0,True,191.0,172.52364063645555,-18.476359363544447,18.476359363544447,2021-06-02 10:45:00,2021-06-02 09:45:00,-60.0,60.0
D1,F1-core-lightgbm,1,10,2021-06-03,96,1.0,True,181.0,171.7149413221116,-9.2850586778884,9.2850586778884,2021-06-03 08:30:00,2021-06-03 10:00:00,90.0,90.0
D1,F1-core-lightgbm,1,10,2021-06-04,96,1.0,True,173.0,142.08225206522582,-30.917747934774184,30.917747934774184,2021-06-04 10:45:00,2021-06-04 16:45:00,360.0,360.0
D1,F1-core-lightgbm,1,10,2021-06-05,96,1.0,True,116.0,107.36063799552795,-8.639362004472048,8.639362004472048,2021-06-05 01:45:00,2021-06-05 04:15:00,150.0,150.0
D1,F1-core-lightgbm,1,10,2021-06-06,96,1.0,True,27.0,64.72891404523867,37.72891404523867,37.72891404523867,2021-06-06 01:30:00,2021-06-06 08:45:00,435.0,435.0
D1,F1-core-lightgbm,1,10,2021-06-14,96,1.0,True,204.0,195.92954734985486,-8.070452650145143,8.070452650145143,2021-06-14 09:00:00,2021-06-14 09:00:00,0.0,0.0
D1,F1-core-lightgbm,1,10,2021-06-15,96,1.0,True,198.0,173.89455447013356,-24.105445529866444,24.105445529866444,2021-06-15 08:45:00,2021-06-15 08:45:00,0.0,0.0
D1,F1-core-lightgbm,1,10,2021-06-16,96,1.0,True,193.0,173.89455447013356,-19.105445529866444,19.105445529866444,2021-06-16 10:45:00,2021-06-16 10:00:00,-45.0,45.0
D1,F1-core-lightgbm,1,10,2021-06-17,96,1.0,True,197.0,173.90246169565165,-23.097538304348348,23.097538304348348,2021-06-17 08:45:00,2021-06-17 15:00:00,375.0,375.0
D1,F1-core-lightgbm,1,10,2021-06-18,96,1.0,True,186.0,171.35598144529453,-14.644018554705468,14.644018554705468,2021-06-18 10:00:00,2021-06-18 15:00:00,300.0,300.0
D1,F1-core-lightgbm,1,10,2021-06-19,96,1.0,True,119.0,109.78802527588509,-9.21197472411491,9.21197472411491,2021-06-19 02:15:00,2021-06-19 07:00:00,285.0,285.0
D1,F1-core-lightgbm,1,10,2021-06-20,96,1.0,True,28.0,62.05842678303335,34.05842678303335,34.05842678303335,2021-06-20 15:15:00,2021-06-20 09:00:00,-375.0,375.0
D1,F1-core-lightgbm,1,11,2021-05-31,96,1.0,True,172.0,168.2054557072915,-3.7945442927085082,3.7945442927085082,2021-05-31 10:30:00,2021-05-31 10:45:00,15.0,15.0
D1,F1-core-lightgbm,1,11,2021-06-01,96,1.0,True,195.0,172.27007711208637,-22.72992288791363,22.72992288791363,2021-06-01 09:00:00,2021-06-01 11:45:00,165.0,165.0
D1,F1-core-lightgbm,1,11,2021-06-02,96,1.0,True,191.0,173.98781637596161,-17.012183624038386,17.012183624038386,2021-06-02 10:45:00,2021-06-02 08:30:00,-135.0,135.0
D1,F1-core-lightgbm,1,11,2021-06-03,96,1.0,True,181.0,170.95921110417189,-10.040788895828115,10.040788895828115,2021-06-03 08:30:00,2021-06-03 08:30:00,0.0,0.0
D1,F1-core-lightgbm,1,11,2021-06-04,96,1.0,True,173.0,141.97891851709045,-31.02108148290955,31.02108148290955,2021-06-04 10:45:00,2021-06-04 16:45:00,360.0,360.0
D1,F1-core-lightgbm,1,11,2021-06-05,96,1.0,True,116.0,106.31881450983825,-9.681185490161752,9.681185490161752,2021-06-05 01:45:00,2021-06-05 04:15:00,150.0,150.0
D1,F1-core-lightgbm,1,11,2021-06-06,96,1.0,True,27.0,73.9516746781929,46.9516746781929,46.9516746781929,2021-06-06 01:30:00,2021-06-06 08:45:00,435.0,435.0
D1,F1-core-lightgbm,1,11,2021-06-14,96,1.0,True,204.0,188.98038819508923,-15.019611804910767,15.019611804910767,2021-06-14 09:00:00,2021-06-14 08:45:00,-15.0,15.0
D1,F1-core-lightgbm,1,11,2021-06-15,96,1.0,True,198.0,174.31835058989478,-23.681649410105223,23.681649410105223,2021-06-15 08:45:00,2021-06-15 11:30:00,165.0,165.0
D1,F1-core-lightgbm,1,11,2021-06-16,96,1.0,True,193.0,174.10588479395662,-18.89411520604338,18.89411520604338,2021-06-16 10:45:00,2021-06-16 08:30:00,-135.0,135.0
D1,F1-core-lightgbm,1,11,2021-06-17,96,1.0,True,197.0,174.37995880989,-22.620041190109987,22.620041190109987,2021-06-17 08:45:00,2021-06-17 08:30:00,-15.0,15.0
D1,F1-core-lightgbm,1,11,2021-06-18,96,1.0,True,186.0,172.29095683230213,-13.709043167697871,13.709043167697871,2021-06-18 10:00:00,2021-06-18 11:00:00,60.0,60.0
D1,F1-core-lightgbm,1,11,2021-06-19,96,1.0,True,119.0,112.00960825688028,-6.990391743119716,6.990391743119716,2021-06-19 02:15:00,2021-06-19 04:45:00,150.0,150.0
D1,F1-core-lightgbm,1,11,2021-06-20,96,1.0,True,28.0,70.52994196653381,42.52994196653381,42.52994196653381,2021-06-20 15:15:00,2021-06-20 09:45:00,-330.0,330.0
D1,F1-core-lightgbm,1,12,2021-05-31,96,1.0,True,172.0,175.71426517317346,3.714265173173459,3.714265173173459,2021-05-31 10:30:00,2021-05-31 10:30:00,0.0,0.0
D1,F1-core-lightgbm,1,12,2021-06-01,96,1.0,True,195.0,171.84515259909753,-23.15484740090247,23.15484740090247,2021-06-01 09:00:00,2021-06-01 14:45:00,345.0,345.0
D1,F1-core-lightgbm,1,12,2021-06-02,96,1.0,True,191.0,175.2348524374702,-15.76514756252979,15.76514756252979,2021-06-02 10:45:00,2021-06-02 09:00:00,-105.0,105.0
D1,F1-core-lightgbm,1,12,2021-06-03,96,1.0,True,181.0,173.7098975802649,-7.290102419735092,7.290102419735092,2021-06-03 08:30:00,2021-06-03 08:30:00,0.0,0.0
D1,F1-core-lightgbm,1,12,2021-06-04,96,1.0,True,173.0,161.47377888797675,-11.52622111202325,11.52622111202325,2021-06-04 10:45:00,2021-06-04 11:00:00,15.0,15.0
D1,F1-core-lightgbm,1,12,2021-06-05,96,1.0,True,116.0,105.785916392296,-10.214083607703998,10.214083607703998,2021-06-05 01:45:00,2021-06-05 04:15:00,150.0,150.0
D1,F1-core-lightgbm,1,12,2021-06-06,96,1.0,True,27.0,88.40555896314076,61.40555896314076,61.40555896314076,2021-06-06 01:30:00,2021-06-06 09:00:00,450.0,450.0
D1,F1-core-lightgbm,1,12,2021-06-14,96,1.0,True,204.0,191.16386387381755,-12.836136126182453,12.836136126182453,2021-06-14 09:00:00,2021-06-14 09:00:00,0.0,0.0
D1,F1-core-lightgbm,1,12,2021-06-15,96,1.0,True,198.0,187.1446688163216,-10.855331183678402,10.855331183678402,2021-06-15 08:45:00,2021-06-15 08:30:00,-15.0,15.0
D1,F1-core-lightgbm,1,12,2021-06-16,96,1.0,True,193.0,178.76085385598242,-14.239146144017582,14.239146144017582,2021-06-16 10:45:00,2021-06-16 08:45:00,-120.0,120.0
D1,F1-core-lightgbm,1,12,2021-06-17,96,1.0,True,197.0,180.0221794189544,-16.97782058104559,16.97782058104559,2021-06-17 08:45:00,2021-06-17 08:30:00,-15.0,15.0
D1,F1-core-lightgbm,1,12,2021-06-18,96,1.0,True,186.0,174.2028012477818,-11.797198752218208,11.797198752218208,2021-06-18 10:00:00,2021-06-18 10:45:00,45.0,45.0
D1,F1-core-lightgbm,1,12,2021-06-19,96,1.0,True,119.0,113.41301973771934,-5.586980262280662,5.586980262280662,2021-06-19 02:15:00,2021-06-19 06:00:00,225.0,225.0
D1,F1-core-lightgbm,1,12,2021-06-20,96,1.0,True,28.0,82.39212945978984,54.39212945978984,54.39212945978984,2021-06-20 15:15:00,2021-06-20 09:45:00,-330.0,330.0
D1,F1-core-lightgbm,1,13,2021-05-31,96,1.0,True,172.0,176.947434153049,4.947434153048988,4.947434153048988,2021-05-31 10:30:00,2021-05-31 10:45:00,15.0,15.0
D1,F1-core-lightgbm,1,13,2021-06-01,96,1.0,True,195.0,168.4449051127299,-26.555094887270087,26.555094887270087,2021-06-01 09:00:00,2021-06-01 14:15:00,315.0,315.0
D1,F1-core-lightgbm,1,13,2021-06-02,96,1.0,True,191.0,173.76775493766246,-17.23224506233754,17.23224506233754,2021-06-02 10:45:00,2021-06-02 11:00:00,15.0,15.0
D1,F1-core-lightgbm,1,13,2021-06-03,96,1.0,True,181.0,171.51215783071873,-9.487842169281265,9.487842169281265,2021-06-03 08:30:00,2021-06-03 08:30:00,0.0,0.0
D1,F1-core-lightgbm,1,13,2021-06-04,96,1.0,True,173.0,162.7835242835548,-10.216475716445188,10.216475716445188,2021-06-04 10:45:00,2021-06-04 11:00:00,15.0,15.0
D1,F1-core-lightgbm,1,13,2021-06-05,96,1.0,True,116.0,104.92685446784517,-11.073145532154825,11.073145532154825,2021-06-05 01:45:00,2021-06-05 06:15:00,270.0,270.0
D1,F1-core-lightgbm,1,13,2021-06-06,96,1.0,True,27.0,98.75145831340024,71.75145831340024,71.75145831340024,2021-06-06 01:30:00,2021-06-06 08:45:00,435.0,435.0
D1,F1-core-lightgbm,1,13,2021-06-14,96,1.0,True,204.0,193.23780324954265,-10.762196750457349,10.762196750457349,2021-06-14 09:00:00,2021-06-14 08:45:00,-15.0,15.0
D1,F1-core-lightgbm,1,13,2021-06-15,96,1.0,True,198.0,180.90644191590735,-17.09355808409265,17.09355808409265,2021-06-15 08:45:00,2021-06-15 08:45:00,0.0,0.0
D1,F1-core-lightgbm,1,13,2021-06-16,96,1.0,True,193.0,181.19645976488331,-11.803540235116685,11.803540235116685,2021-06-16 10:45:00,2021-06-16 08:30:00,-135.0,135.0
D1,F1-core-lightgbm,1,13,2021-06-17,96,1.0,True,197.0,181.4019178579019,-15.598082142098093,15.598082142098093,2021-06-17 08:45:00,2021-06-17 08:45:00,0.0,0.0
D1,F1-core-lightgbm,1,13,2021-06-18,96,1.0,True,186.0,173.92377868865003,-12.076221311349968,12.076221311349968,2021-06-18 10:00:00,2021-06-18 09:00:00,-60.0,60.0
D1,F1-core-lightgbm,1,13,2021-06-19,96,1.0,True,119.0,112.50204691454577,-6.497953085454228,6.497953085454228,2021-06-19 02:15:00,2021-06-19 04:45:00,150.0,150.0
D1,F1-core-lightgbm,1,13,2021-06-20,96,1.0,True,28.0,87.11670043661334,59.11670043661334,59.11670043661334,2021-06-20 15:15:00,2021-06-20 08:45:00,-390.0,390.0
D1,F1-core-lightgbm,1,14,2021-05-31,96,1.0,True,172.0,177.36369273869462,5.363692738694624,5.363692738694624,2021-05-31 10:30:00,2021-05-31 12:00:00,90.0,90.0
D1,F1-core-lightgbm,1,14,2021-06-01,96,1.0,True,195.0,173.14046777908442,-21.859532220915582,21.859532220915582,2021-06-01 09:00:00,2021-06-01 14:45:00,345.0,345.0
D1,F1-core-lightgbm,1,14,2021-06-02,96,1.0,True,191.0,178.0933792419213,-12.906620758078702,12.906620758078702,2021-06-02 10:45:00,2021-06-02 10:45:00,0.0,0.0
D1,F1-core-lightgbm,1,14,2021-06-03,96,1.0,True,181.0,170.96848856025622,-10.031511439743781,10.031511439743781,2021-06-03 08:30:00,2021-06-03 13:45:00,315.0,315.0
D1,F1-core-lightgbm,1,14,2021-06-04,96,1.0,True,173.0,160.07761983078768,-12.922380169212317,12.922380169212317,2021-06-04 10:45:00,2021-06-04 11:15:00,30.0,30.0
D1,F1-core-lightgbm,1,14,2021-06-05,96,1.0,True,116.0,107.2531932421874,-8.746806757812607,8.746806757812607,2021-06-05 01:45:00,2021-06-05 06:15:00,270.0,270.0
D1,F1-core-lightgbm,1,14,2021-06-06,96,1.0,True,27.0,110.73295252856353,83.73295252856353,83.73295252856353,2021-06-06 01:30:00,2021-06-06 09:00:00,450.0,450.0
D1,F1-core-lightgbm,1,14,2021-06-14,96,1.0,True,204.0,196.0345880943471,-7.9654119056529,7.9654119056529,2021-06-14 09:00:00,2021-06-14 09:00:00,0.0,0.0
D1,F1-core-lightgbm,1,14,2021-06-15,96,1.0,True,198.0,189.854317464465,-8.145682535535002,8.145682535535002,2021-06-15 08:45:00,2021-06-15 08:45:00,0.0,0.0
D1,F1-core-lightgbm,1,14,2021-06-16,96,1.0,True,193.0,182.6590542370606,-10.340945762939413,10.340945762939413,2021-06-16 10:45:00,2021-06-16 08:45:00,-120.0,120.0
D1,F1-core-lightgbm,1,14,2021-06-17,96,1.0,True,197.0,184.19444384863658,-12.805556151363419,12.805556151363419,2021-06-17 08:45:00,2021-06-17 08:45:00,0.0,0.0
D1,F1-core-lightgbm,1,14,2021-06-18,96,1.0,True,186.0,176.2584413254193,-9.741558674580688,9.741558674580688,2021-06-18 10:00:00,2021-06-18 09:15:00,-45.0,45.0
D1,F1-core-lightgbm,1,14,2021-06-19,96,1.0,True,119.0,113.92436364075455,-5.0756363592454505,5.0756363592454505,2021-06-19 02:15:00,2021-06-19 06:00:00,225.0,225.0
D1,F1-core-lightgbm,1,14,2021-06-20,96,1.0,True,28.0,94.04706164030975,66.04706164030975,66.04706164030975,2021-06-20 15:15:00,2021-06-20 09:00:00,-375.0,375.0
D1,F1-core-lightgbm,1,15,2021-05-31,96,1.0,True,172.0,167.9212342803954,-4.078765719604604,4.078765719604604,2021-05-31 10:30:00,2021-05-31 11:45:00,75.0,75.0
D1,F1-core-lightgbm,1,15,2021-06-01,96,1.0,True,195.0,168.4804315577786,-26.519568442221413,26.519568442221413,2021-06-01 09:00:00,2021-06-01 14:45:00,345.0,345.0
D1,F1-core-lightgbm,1,15,2021-06-02,96,1.0,True,191.0,170.64148822496875,-20.358511775031246,20.358511775031246,2021-06-02 10:45:00,2021-06-02 08:30:00,-135.0,135.0
D1,F1-core-lightgbm,1,15,2021-06-03,96,1.0,True,181.0,167.62199635823293,-13.378003641767066,13.378003641767066,2021-06-03 08:30:00,2021-06-03 08:30:00,0.0,0.0
D1,F1-core-lightgbm,1,15,2021-06-04,96,1.0,True,173.0,160.46749742610348,-12.532502573896522,12.532502573896522,2021-06-04 10:45:00,2021-06-04 08:30:00,-135.0,135.0
D1,F1-core-lightgbm,1,15,2021-06-05,96,1.0,True,116.0,107.8788329570211,-8.121167042978897,8.121167042978897,2021-06-05 01:45:00,2021-06-05 06:30:00,285.0,285.0
D1,F1-core-lightgbm,1,15,2021-06-06,96,1.0,True,27.0,91.091061202384,64.091061202384,64.091061202384,2021-06-06 01:30:00,2021-06-06 08:45:00,435.0,435.0
D1,F1-core-lightgbm,1,15,2021-06-14,96,1.0,True,204.0,182.5327063560927,-21.46729364390731,21.46729364390731,2021-06-14 09:00:00,2021-06-14 10:30:00,90.0,90.0
D1,F1-core-lightgbm,1,15,2021-06-15,96,1.0,True,198.0,171.2189992895892,-26.781000710410808,26.781000710410808,2021-06-15 08:45:00,2021-06-15 13:15:00,270.0,270.0
D1,F1-core-lightgbm,1,15,2021-06-16,96,1.0,True,193.0,171.03352661875755,-21.96647338124245,21.96647338124245,2021-06-16 10:45:00,2021-06-16 11:00:00,15.0,15.0
D1,F1-core-lightgbm,1,15,2021-06-17,96,1.0,True,197.0,170.94841425813766,-26.05158574186234,26.05158574186234,2021-06-17 08:45:00,2021-06-17 13:45:00,300.0,300.0
D1,F1-core-lightgbm,1,15,2021-06-18,96,1.0,True,186.0,170.6179684694162,-15.382031530583788,15.382031530583788,2021-06-18 10:00:00,2021-06-18 08:30:00,-90.0,90.0
D1,F1-core-lightgbm,1,15,2021-06-19,96,1.0,True,119.0,113.25130243408992,-5.748697565910078,5.748697565910078,2021-06-19 02:15:00,2021-06-19 06:45:00,270.0,270.0
D1,F1-core-lightgbm,1,15,2021-06-20,96,1.0,True,28.0,85.15589115782304,57.155891157823035,57.155891157823035,2021-06-20 15:15:00,2021-06-20 09:00:00,-375.0,375.0
D1,F1-core-lightgbm,1,16,2021-05-31,96,1.0,True,172.0,172.77170506902922,0.771705069029224,0.771705069029224,2021-05-31 10:30:00,2021-05-31 12:00:00,90.0,90.0
D1,F1-core-lightgbm,1,16,2021-06-01,96,1.0,True,195.0,171.2474167791098,-23.752583220890187,23.752583220890187,2021-06-01 09:00:00,2021-06-01 14:00:00,300.0,300.0
D1,F1-core-lightgbm,1,16,2021-06-02,96,1.0,True,191.0,172.56977074967855,-18.430229250321446,18.430229250321446,2021-06-02 10:45:00,2021-06-02 10:45:00,0.0,0.0
D1,F1-core-lightgbm,1,16,2021-06-03,96,1.0,True,181.0,169.78139005850124,-11.218609941498755,11.218609941498755,2021-06-03 08:30:00,2021-06-03 11:15:00,165.0,165.0
D1,F1-core-lightgbm,1,16,2021-06-04,96,1.0,True,173.0,162.8156507900639,-10.184349209936101,10.184349209936101,2021-06-04 10:45:00,2021-06-04 08:30:00,-135.0,135.0
D1,F1-core-lightgbm,1,16,2021-06-05,96,1.0,True,116.0,105.05289136026227,-10.947108639737735,10.947108639737735,2021-06-05 01:45:00,2021-06-05 04:15:00,150.0,150.0
D1,F1-core-lightgbm,1,16,2021-06-06,96,1.0,True,27.0,99.17660563803149,72.17660563803149,72.17660563803149,2021-06-06 01:30:00,2021-06-06 08:45:00,435.0,435.0
D1,F1-core-lightgbm,1,16,2021-06-14,96,1.0,True,204.0,186.2883517768644,-17.711648223135597,17.711648223135597,2021-06-14 09:00:00,2021-06-14 10:30:00,90.0,90.0
D1,F1-core-lightgbm,1,16,2021-06-15,96,1.0,True,198.0,175.09101384484143,-22.908986155158573,22.908986155158573,2021-06-15 08:45:00,2021-06-15 13:30:00,285.0,285.0
D1,F1-core-lightgbm,1,16,2021-06-16,96,1.0,True,193.0,174.16613108783505,-18.833868912164945,18.833868912164945,2021-06-16 10:45:00,2021-06-16 15:45:00,300.0,300.0
D1,F1-core-lightgbm,1,16,2021-06-17,96,1.0,True,197.0,176.238271770951,-20.761728229048998,20.761728229048998,2021-06-17 08:45:00,2021-06-17 08:45:00,0.0,0.0
D1,F1-core-lightgbm,1,16,2021-06-18,96,1.0,True,186.0,172.00262030974034,-13.997379690259663,13.997379690259663,2021-06-18 10:00:00,2021-06-18 10:45:00,45.0,45.0
D1,F1-core-lightgbm,1,16,2021-06-19,96,1.0,True,119.0,114.77048342733202,-4.2295165726679755,4.2295165726679755,2021-06-19 02:15:00,2021-06-19 07:00:00,285.0,285.0
D1,F1-core-lightgbm,1,16,2021-06-20,96,1.0,True,28.0,83.54064564056435,55.54064564056435,55.54064564056435,2021-06-20 15:15:00,2021-06-20 10:30:00,-285.0,285.0
D1,F1-core-lightgbm,2,4,2021-07-12,96,1.0,True,198.0,184.36006077595587,-13.639939224044127,13.639939224044127,2021-07-12 08:45:00,2021-07-12 09:30:00,45.0,45.0
D1,F1-core-lightgbm,2,4,2021-07-13,1,0.010416666666666666,False,79.0,86.95135821592193,7.951358215921928,7.951358215921928,2021-07-13 00:00:00,2021-07-13 00:00:00,0.0,0.0
D1,F1-core-lightgbm,2,4,2021-07-17,80,0.8333333333333334,False,108.0,108.48825073030976,0.4882507303097583,0.4882507303097583,2021-07-17 06:00:00,2021-07-17 04:15:00,-105.0,105.0
D1,F1-core-lightgbm,2,4,2021-07-18,84,0.875,False,28.0,87.57567285278309,59.575672852783086,59.575672852783086,2021-07-18 04:30:00,2021-07-18 08:30:00,240.0,240.0
D1,F1-core-lightgbm,2,4,2021-07-26,84,0.875,False,217.0,189.3432216375418,-27.656778362458198,27.656778362458198,2021-07-26 08:30:00,2021-07-26 08:30:00,0.0,0.0
D1,F1-core-lightgbm,2,4,2021-07-27,84,0.875,False,211.0,186.34282039062518,-24.657179609374822,24.657179609374822,2021-07-27 11:45:00,2021-07-27 13:45:00,120.0,120.0
D1,F1-core-lightgbm,2,4,2021-07-28,84,0.875,False,212.0,190.81940469787568,-21.180595302124317,21.180595302124317,2021-07-28 12:00:00,2021-07-28 13:45:00,105.0,105.0
D1,F1-core-lightgbm,2,4,2021-07-29,84,0.875,False,211.0,187.37951885550737,-23.62048114449263,23.62048114449263,2021-07-29 12:00:00,2021-07-29 14:00:00,120.0,120.0
D1,F1-core-lightgbm,2,4,2021-07-30,85,0.8854166666666666,False,212.0,185.45651153157146,-26.543488468428535,26.543488468428535,2021-07-30 12:00:00,2021-07-30 13:45:00,105.0,105.0
D1,F1-core-lightgbm,2,4,2021-07-31,96,1.0,True,80.0,84.178728037237,4.1787280372369935,4.1787280372369935,2021-07-31 00:00:00,2021-07-31 00:00:00,0.0,0.0
D1,F1-core-lightgbm,2,4,2021-08-01,96,1.0,True,28.0,29.075188827837188,1.075188827837188,1.075188827837188,2021-08-01 09:00:00,2021-08-01 10:30:00,90.0,90.0
D1,F1-core-lightgbm,2,4,2021-08-09,39,0.40625,False,215.0,150.99915820081858,-64.00084179918142,64.00084179918142,2021-08-09 08:45:00,2021-08-09 09:30:00,45.0,45.0
D1,F1-core-lightgbm,2,5,2021-07-12,96,1.0,True,198.0,197.64840208593242,-0.35159791406758245,0.35159791406758245,2021-07-12 08:45:00,2021-07-12 08:45:00,0.0,0.0
D1,F1-core-lightgbm,2,5,2021-07-13,1,0.010416666666666666,False,79.0,83.72516017639165,4.725160176391654,4.725160176391654,2021-07-13 00:00:00,2021-07-13 00:00:00,0.0,0.0
D1,F1-core-lightgbm,2,5,2021-07-17,79,0.8229166666666666,False,108.0,108.7122226637658,0.7122226637658002,0.7122226637658002,2021-07-17 06:00:00,2021-07-17 04:15:00,-105.0,105.0
D1,F1-core-lightgbm,2,5,2021-07-18,84,0.875,False,28.0,120.53412987971139,92.53412987971139,92.53412987971139,2021-07-18 04:30:00,2021-07-18 08:30:00,240.0,240.0
D1,F1-core-lightgbm,2,5,2021-07-26,84,0.875,False,217.0,194.1770511302947,-22.8229488697053,22.8229488697053,2021-07-26 08:30:00,2021-07-26 08:45:00,15.0,15.0
D1,F1-core-lightgbm,2,5,2021-07-27,84,0.875,False,211.0,189.47354769241653,-21.52645230758347,21.52645230758347,2021-07-27 11:45:00,2021-07-27 14:00:00,135.0,135.0
D1,F1-core-lightgbm,2,5,2021-07-28,84,0.875,False,212.0,191.79166186733528,-20.20833813266472,20.20833813266472,2021-07-28 12:00:00,2021-07-28 14:30:00,150.0,150.0
D1,F1-core-lightgbm,2,5,2021-07-29,84,0.875,False,211.0,190.11015366554912,-20.88984633445088,20.88984633445088,2021-07-29 12:00:00,2021-07-29 15:00:00,180.0,180.0
D1,F1-core-lightgbm,2,5,2021-07-30,85,0.8854166666666666,False,212.0,186.54884865508834,-25.451151344911665,25.451151344911665,2021-07-30 12:00:00,2021-07-30 10:45:00,-75.0,75.0
D1,F1-core-lightgbm,2,5,2021-07-31,96,1.0,True,80.0,95.49960207791483,15.49960207791483,15.49960207791483,2021-07-31 00:00:00,2021-07-31 01:15:00,75.0,75.0
D1,F1-core-lightgbm,2,5,2021-08-01,96,1.0,True,28.0,43.08792235323949,15.087922353239492,15.087922353239492,2021-08-01 09:00:00,2021-08-01 12:45:00,225.0,225.0
D1,F1-core-lightgbm,2,5,2021-08-09,39,0.40625,False,215.0,133.67537993354415,-81.32462006645585,81.32462006645585,2021-08-09 08:45:00,2021-08-09 08:45:00,0.0,0.0
D1,F1-core-lightgbm,2,6,2021-07-12,96,1.0,True,198.0,220.28217975875174,22.282179758751738,22.282179758751738,2021-07-12 08:45:00,2021-07-12 08:45:00,0.0,0.0
D1,F1-core-lightgbm,2,6,2021-07-13,1,0.010416666666666666,False,79.0,83.38571119631277,4.385711196312769,4.385711196312769,2021-07-13 00:00:00,2021-07-13 00:00:00,0.0,0.0
D1,F1-core-lightgbm,2,6,2021-07-17,78,0.8125,False,108.0,105.55342293482269,-2.4465770651773084,2.4465770651773084,2021-07-17 06:00:00,2021-07-17 06:15:00,15.0,15.0
D1,F1-core-lightgbm,2,6,2021-07-18,84,0.875,False,28.0,126.59690244710251,98.59690244710251,98.59690244710251,2021-07-18 01:15:00,2021-07-18 08:30:00,435.0,435.0
D1,F1-core-lightgbm,2,6,2021-07-26,84,0.875,False,217.0,207.06781797175566,-9.932182028244341,9.932182028244341,2021-07-26 08:30:00,2021-07-26 08:30:00,0.0,0.0
D1,F1-core-lightgbm,2,6,2021-07-27,84,0.875,False,211.0,189.963526864657,-21.036473135342987,21.036473135342987,2021-07-27 11:45:00,2021-07-27 15:00:00,195.0,195.0
D1,F1-core-lightgbm,2,6,2021-07-28,84,0.875,False,212.0,190.11041082822265,-21.889589171777345,21.889589171777345,2021-07-28 12:00:00,2021-07-28 15:00:00,180.0,180.0
D1,F1-core-lightgbm,2,6,2021-07-29,84,0.875,False,211.0,187.85545653889542,-23.144543461104575,23.144543461104575,2021-07-29 12:00:00,2021-07-29 15:00:00,180.0,180.0
D1,F1-core-lightgbm,2,6,2021-07-30,85,0.8854166666666666,False,212.0,184.17820502646074,-27.821794973539255,27.821794973539255,2021-07-30 12:00:00,2021-07-30 15:00:00,180.0,180.0
D1,F1-core-lightgbm,2,6,2021-07-31,96,1.0,True,80.0,95.1982039042995,15.198203904299504,15.198203904299504,2021-07-31 00:00:00,2021-07-31 01:15:00,75.0,75.0
D1,F1-core-lightgbm,2,6,2021-08-01,96,1.0,True,28.0,40.19346004178428,12.193460041784277,12.193460041784277,2021-08-01 09:00:00,2021-08-01 10:30:00,90.0,90.0
D1,F1-core-lightgbm,2,6,2021-08-09,39,0.40625,False,215.0,153.9211539946657,-61.0788460053343,61.0788460053343,2021-08-09 08:45:00,2021-08-09 09:00:00,15.0,15.0
D1,F1-core-lightgbm,2,7,2021-07-12,96,1.0,True,198.0,216.5266046882877,18.526604688287705,18.526604688287705,2021-07-12 08:45:00,2021-07-12 09:00:00,15.0,15.0
D1,F1-core-lightgbm,2,7,2021-07-13,1,0.010416666666666666,False,79.0,84.2717219175134,5.271721917513403,5.271721917513403,2021-07-13 00:00:00,2021-07-13 00:00:00,0.0,0.0
D1,F1-core-lightgbm,2,7,2021-07-17,77,0.8020833333333334,False,108.0,107.39609120353118,-0.603908796468815,0.603908796468815,2021-07-17 06:00:00,2021-07-17 04:45:00,-75.0,75.0
D1,F1-core-lightgbm,2,7,2021-07-18,84,0.875,False,28.0,97.84330917639531,69.84330917639531,69.84330917639531,2021-07-18 01:15:00,2021-07-18 08:30:00,435.0,435.0
D1,F1-core-lightgbm,2,7,2021-07-26,84,0.875,False,217.0,216.5304192370121,-0.46958076298790274,0.46958076298790274,2021-07-26 08:30:00,2021-07-26 08:15:00,-15.0,15.0
D1,F1-core-lightgbm,2,7,2021-07-27,84,0.875,False,211.0,182.41398408002132,-28.586015919978678,28.586015919978678,2021-07-27 11:45:00,2021-07-27 11:30:00,-15.0,15.0
D1,F1-core-lightgbm,2,7,2021-07-28,84,0.875,False,212.0,179.3645786213853,-32.635421378614694,32.635421378614694,2021-07-28 12:00:00,2021-07-28 14:45:00,165.0,165.0
D1,F1-core-lightgbm,2,7,2021-07-29,84,0.875,False,211.0,181.43160295031495,-29.568397049685046,29.568397049685046,2021-07-29 12:00:00,2021-07-29 09:00:00,-180.0,180.0
D1,F1-core-lightgbm,2,7,2021-07-30,85,0.8854166666666666,False,212.0,176.92479539557206,-35.07520460442794,35.07520460442794,2021-07-30 12:00:00,2021-07-30 14:45:00,165.0,165.0
D1,F1-core-lightgbm,2,7,2021-07-31,96,1.0,True,80.0,103.5712934642855,23.571293464285503,23.571293464285503,2021-07-31 00:00:00,2021-07-31 01:45:00,105.0,105.0
D1,F1-core-lightgbm,2,7,2021-08-01,96,1.0,True,28.0,48.09771279295432,20.09771279295432,20.09771279295432,2021-08-01 09:00:00,2021-08-01 10:45:00,105.0,105.0
D1,F1-core-lightgbm,2,7,2021-08-09,39,0.40625,False,215.0,142.52453889744586,-72.47546110255414,72.47546110255414,2021-08-09 08:45:00,2021-08-09 09:15:00,30.0,30.0
D1,F1-core-lightgbm,2,8,2021-07-12,96,1.0,True,198.0,204.89642302416982,6.89642302416982,6.89642302416982,2021-07-12 08:45:00,2021-07-12 08:45:00,0.0,0.0
D1,F1-core-lightgbm,2,8,2021-07-13,1,0.010416666666666666,False,79.0,85.00681470604985,6.006814706049852,6.006814706049852,2021-07-13 00:00:00,2021-07-13 00:00:00,0.0,0.0
D1,F1-core-lightgbm,2,8,2021-07-17,76,0.7916666666666666,False,108.0,104.08825454044076,-3.911745459559242,3.911745459559242,2021-07-17 06:00:00,2021-07-17 07:15:00,75.0,75.0
D1,F1-core-lightgbm,2,8,2021-07-18,84,0.875,False,28.0,70.9675722519417,42.967572251941704,42.967572251941704,2021-07-18 01:15:00,2021-07-18 09:00:00,465.0,465.0
D1,F1-core-lightgbm,2,8,2021-07-26,84,0.875,False,217.0,207.0658052036755,-9.934194796324505,9.934194796324505,2021-07-26 08:30:00,2021-07-26 09:00:00,30.0,30.0
D1,F1-core-lightgbm,2,8,2021-07-27,84,0.875,False,211.0,177.61223653062117,-33.387763469378825,33.387763469378825,2021-07-27 11:45:00,2021-07-27 13:45:00,120.0,120.0
D1,F1-core-lightgbm,2,8,2021-07-28,84,0.875,False,212.0,177.4787510694656,-34.5212489305344,34.5212489305344,2021-07-28 12:00:00,2021-07-28 13:45:00,105.0,105.0
D1,F1-core-lightgbm,2,8,2021-07-29,84,0.875,False,211.0,177.4567374968245,-33.5432625031755,33.5432625031755,2021-07-29 12:00:00,2021-07-29 14:00:00,120.0,120.0
D1,F1-core-lightgbm,2,8,2021-07-30,85,0.8854166666666666,False,212.0,177.169286047043,-34.83071395295701,34.83071395295701,2021-07-30 12:00:00,2021-07-30 13:45:00,105.0,105.0
D1,F1-core-lightgbm,2,8,2021-07-31,96,1.0,True,80.0,107.19909511591,27.199095115909998,27.199095115909998,2021-07-31 00:00:00,2021-07-31 01:45:00,105.0,105.0
D1,F1-core-lightgbm,2,8,2021-08-01,96,1.0,True,28.0,39.89910616694917,11.899106166949167,11.899106166949167,2021-08-01 09:00:00,2021-08-01 11:00:00,120.0,120.0
D1,F1-core-lightgbm,2,8,2021-08-09,39,0.40625,False,215.0,122.49854142799074,-92.50145857200926,92.50145857200926,2021-08-09 08:45:00,2021-08-09 09:30:00,45.0,45.0
D1,F1-core-lightgbm,2,9,2021-07-12,96,1.0,True,198.0,197.14175912370482,-0.8582408762951843,0.8582408762951843,2021-07-12 08:45:00,2021-07-12 08:45:00,0.0,0.0
D1,F1-core-lightgbm,2,9,2021-07-13,1,0.010416666666666666,False,79.0,86.63132135945062,7.631321359450624,7.631321359450624,2021-07-13 00:00:00,2021-07-13 00:00:00,0.0,0.0
D1,F1-core-lightgbm,2,9,2021-07-17,75,0.78125,False,108.0,110.62054644536578,2.6205464453657754,2.6205464453657754,2021-07-17 06:00:00,2021-07-17 08:15:00,135.0,135.0
D1,F1-core-lightgbm,2,9,2021-07-18,84,0.875,False,28.0,81.5358913515952,53.5358913515952,53.5358913515952,2021-07-18 01:15:00,2021-07-18 08:15:00,420.0,420.0
D1,F1-core-lightgbm,2,9,2021-07-26,84,0.875,False,217.0,190.39953753260076,-26.60046246739924,26.60046246739924,2021-07-26 08:30:00,2021-07-26 08:45:00,15.0,15.0
D1,F1-core-lightgbm,2,9,2021-07-27,84,0.875,False,211.0,176.65735392451413,-34.342646075485874,34.342646075485874,2021-07-27 11:45:00,2021-07-27 09:45:00,-120.0,120.0
D1,F1-core-lightgbm,2,9,2021-07-28,84,0.875,False,212.0,176.71948759022118,-35.28051240977882,35.28051240977882,2021-07-28 12:00:00,2021-07-28 11:30:00,-30.0,30.0
D1,F1-core-lightgbm,2,9,2021-07-29,84,0.875,False,211.0,176.66499394342887,-34.33500605657113,34.33500605657113,2021-07-29 12:00:00,2021-07-29 08:45:00,-195.0,195.0
D1,F1-core-lightgbm,2,9,2021-07-30,85,0.8854166666666666,False,212.0,176.47523430341383,-35.52476569658617,35.52476569658617,2021-07-30 12:00:00,2021-07-30 11:45:00,-15.0,15.0
D1,F1-core-lightgbm,2,9,2021-07-31,96,1.0,True,80.0,108.8224147214344,28.8224147214344,28.8224147214344,2021-07-31 00:00:00,2021-07-31 01:45:00,105.0,105.0
D1,F1-core-lightgbm,2,9,2021-08-01,96,1.0,True,28.0,39.41211389407862,11.412113894078622,11.412113894078622,2021-08-01 09:00:00,2021-08-01 12:00:00,180.0,180.0
D1,F1-core-lightgbm,2,9,2021-08-09,39,0.40625,False,215.0,46.70367377770259,-168.2963262222974,168.2963262222974,2021-08-09 08:45:00,2021-08-09 08:30:00,-15.0,15.0
D1,F1-core-lightgbm,2,10,2021-07-12,96,1.0,True,198.0,191.84937668826294,-6.150623311737064,6.150623311737064,2021-07-12 08:45:00,2021-07-12 08:45:00,0.0,0.0
D1,F1-core-lightgbm,2,10,2021-07-13,1,0.010416666666666666,False,79.0,83.19732737338067,4.1973273733806735,4.1973273733806735,2021-07-13 00:00:00,2021-07-13 00:00:00,0.0,0.0
D1,F1-core-lightgbm,2,10,2021-07-17,74,0.7708333333333334,False,108.0,121.4016680854228,13.401668085422799,13.401668085422799,2021-07-17 06:00:00,2021-07-17 08:30:00,150.0,150.0
D1,F1-core-lightgbm,2,10,2021-07-18,84,0.875,False,28.0,76.8523010843896,48.852301084389595,48.852301084389595,2021-07-18 01:15:00,2021-07-18 08:30:00,435.0,435.0
D1,F1-core-lightgbm,2,10,2021-07-26,84,0.875,False,217.0,188.68704049509014,-28.312959504909855,28.312959504909855,2021-07-26 08:30:00,2021-07-26 08:45:00,15.0,15.0
D1,F1-core-lightgbm,2,10,2021-07-27,84,0.875,False,211.0,177.82608357978614,-33.17391642021386,33.17391642021386,2021-07-27 11:45:00,2021-07-27 14:00:00,135.0,135.0
D1,F1-core-lightgbm,2,10,2021-07-28,84,0.875,False,212.0,177.93530616879264,-34.064693831207364,34.064693831207364,2021-07-28 12:00:00,2021-07-28 14:00:00,120.0,120.0
D1,F1-core-lightgbm,2,10,2021-07-29,84,0.875,False,211.0,177.3718202997444,-33.6281797002556,33.6281797002556,2021-07-29 12:00:00,2021-07-29 12:00:00,0.0,0.0
D1,F1-core-lightgbm,2,10,2021-07-30,85,0.8854166666666666,False,212.0,176.75255243833766,-35.24744756166234,35.24744756166234,2021-07-30 12:00:00,2021-07-30 13:45:00,105.0,105.0
D1,F1-core-lightgbm,2,10,2021-07-31,96,1.0,True,80.0,108.13650217670646,28.136502176706458,28.136502176706458,2021-07-31 00:00:00,2021-07-31 02:30:00,150.0,150.0
D1,F1-core-lightgbm,2,10,2021-08-01,96,1.0,True,28.0,37.985699870938,9.985699870938,9.985699870938,2021-08-01 09:00:00,2021-08-01 08:15:00,-45.0,45.0
D1,F1-core-lightgbm,2,10,2021-08-09,39,0.40625,False,215.0,48.79992705497781,-166.20007294502219,166.20007294502219,2021-08-09 08:45:00,2021-08-09 08:00:00,-45.0,45.0
D1,F1-core-lightgbm,2,11,2021-07-12,96,1.0,True,198.0,193.16915620394482,-4.830843796055177,4.830843796055177,2021-07-12 08:45:00,2021-07-12 09:45:00,60.0,60.0
D1,F1-core-lightgbm,2,11,2021-07-13,1,0.010416666666666666,False,79.0,82.39372384737233,3.3937238473723284,3.3937238473723284,2021-07-13 00:00:00,2021-07-13 00:00:00,0.0,0.0
D1,F1-core-lightgbm,2,11,2021-07-17,73,0.7604166666666666,False,108.0,122.42657560251159,14.42657560251159,14.42657560251159,2021-07-17 06:00:00,2021-07-17 08:30:00,150.0,150.0
D1,F1-core-lightgbm,2,11,2021-07-18,84,0.875,False,28.0,79.2740906809779,51.274090680977906,51.274090680977906,2021-07-18 01:15:00,2021-07-18 09:45:00,510.0,510.0
D1,F1-core-lightgbm,2,11,2021-07-26,84,0.875,False,217.0,190.9484301165476,-26.0515698834524,26.0515698834524,2021-07-26 08:30:00,2021-07-26 08:45:00,15.0,15.0
D1,F1-core-lightgbm,2,11,2021-07-27,84,0.875,False,211.0,179.04717480888755,-31.952825191112453,31.952825191112453,2021-07-27 11:45:00,2021-07-27 11:45:00,0.0,0.0
D1,F1-core-lightgbm,2,11,2021-07-28,84,0.875,False,212.0,178.67377472909317,-33.32622527090683,33.32622527090683,2021-07-28 12:00:00,2021-07-28 15:00:00,180.0,180.0
D1,F1-core-lightgbm,2,11,2021-07-29,84,0.875,False,211.0,179.04717480888755,-31.952825191112453,31.952825191112453,2021-07-29 12:00:00,2021-07-29 11:45:00,-15.0,15.0
D1,F1-core-lightgbm,2,11,2021-07-30,85,0.8854166666666666,False,212.0,178.25498896442016,-33.745011035579836,33.745011035579836,2021-07-30 12:00:00,2021-07-30 13:15:00,75.0,75.0
D1,F1-core-lightgbm,2,11,2021-07-31,96,1.0,True,80.0,109.92465871237673,29.924658712376726,29.924658712376726,2021-07-31 00:00:00,2021-07-31 02:15:00,135.0,135.0
D1,F1-core-lightgbm,2,11,2021-08-01,96,1.0,True,28.0,40.28197235658633,12.28197235658633,12.28197235658633,2021-08-01 09:00:00,2021-08-01 11:45:00,165.0,165.0
D1,F1-core-lightgbm,2,11,2021-08-09,39,0.40625,False,215.0,47.02002362834609,-167.97997637165392,167.97997637165392,2021-08-09 08:45:00,2021-08-09 08:15:00,-30.0,30.0
D1,F1-core-lightgbm,2,12,2021-07-12,96,1.0,True,198.0,193.96153748724595,-4.038462512754052,4.038462512754052,2021-07-12 08:45:00,2021-07-12 09:45:00,60.0,60.0
D1,F1-core-lightgbm,2,12,2021-07-13,1,0.010416666666666666,False,79.0,80.6459014380249,1.645901438024893,1.645901438024893,2021-07-13 00:00:00,2021-07-13 00:00:00,0.0,0.0
D1,F1-core-lightgbm,2,12,2021-07-17,72,0.75,False,108.0,112.25473999603634,4.254739996036335,4.254739996036335,2021-07-17 06:00:00,2021-07-17 08:30:00,150.0,150.0
D1,F1-core-lightgbm,2,12,2021-07-18,84,0.875,False,28.0,77.778903106492,49.778903106491995,49.778903106491995,2021-07-18 01:15:00,2021-07-18 09:45:00,510.0,510.0
D1,F1-core-lightgbm,2,12,2021-07-26,84,0.875,False,217.0,189.19579259443412,-27.804207405565876,27.804207405565876,2021-07-26 08:30:00,2021-07-26 08:45:00,15.0,15.0
D1,F1-core-lightgbm,2,12,2021-07-27,84,0.875,False,211.0,180.34175528826484,-30.658244711735165,30.658244711735165,2021-07-27 11:45:00,2021-07-27 08:45:00,-180.0,180.0
D1,F1-core-lightgbm,2,12,2021-07-28,84,0.875,False,212.0,180.22447129401507,-31.775528705984925,31.775528705984925,2021-07-28 12:00:00,2021-07-28 15:45:00,225.0,225.0
D1,F1-core-lightgbm,2,12,2021-07-29,84,0.875,False,211.0,179.73183940214437,-31.268160597855626,31.268160597855626,2021-07-29 12:00:00,2021-07-29 12:00:00,0.0,0.0
D1,F1-core-lightgbm,2,12,2021-07-30,85,0.8854166666666666,False,212.0,180.22447129401507,-31.775528705984925,31.775528705984925,2021-07-30 12:00:00,2021-07-30 15:45:00,225.0,225.0
D1,F1-core-lightgbm,2,12,2021-07-31,96,1.0,True,80.0,110.2303448598487,30.2303448598487,30.2303448598487,2021-07-31 00:00:00,2021-07-31 02:15:00,135.0,135.0
D1,F1-core-lightgbm,2,12,2021-08-01,96,1.0,True,28.0,40.94754839310714,12.947548393107141,12.947548393107141,2021-08-01 09:00:00,2021-08-01 01:00:00,-480.0,480.0
D1,F1-core-lightgbm,2,12,2021-08-09,39,0.40625,False,215.0,44.51253807594194,-170.48746192405807,170.48746192405807,2021-08-09 08:45:00,2021-08-09 08:15:00,-30.0,30.0
D1,F1-core-lightgbm,2,13,2021-07-12,96,1.0,True,198.0,188.70799562592254,-9.292004374077464,9.292004374077464,2021-07-12 08:45:00,2021-07-12 09:30:00,45.0,45.0
D1,F1-core-lightgbm,2,13,2021-07-13,1,0.010416666666666666,False,79.0,80.46556874831509,1.4655687483150928,1.4655687483150928,2021-07-13 00:00:00,2021-07-13 00:00:00,0.0,0.0
D1,F1-core-lightgbm,2,13,2021-07-17,71,0.7395833333333334,False,96.0,108.24879550710021,12.248795507100212,12.248795507100212,2021-07-17 06:15:00,2021-07-17 06:15:00,0.0,0.0
D1,F1-core-lightgbm,2,13,2021-07-18,84,0.875,False,28.0,81.3175930022305,53.317593002230495,53.317593002230495,2021-07-18 01:15:00,2021-07-18 09:45:00,510.0,510.0
D1,F1-core-lightgbm,2,13,2021-07-26,84,0.875,False,217.0,185.09306477655204,-31.90693522344796,31.90693522344796,2021-07-26 08:30:00,2021-07-26 08:30:00,0.0,0.0
D1,F1-core-lightgbm,2,13,2021-07-27,84,0.875,False,211.0,175.98760387277173,-35.01239612722827,35.01239612722827,2021-07-27 11:45:00,2021-07-27 11:45:00,0.0,0.0
D1,F1-core-lightgbm,2,13,2021-07-28,84,0.875,False,212.0,175.967672546651,-36.03232745334901,36.03232745334901,2021-07-28 12:00:00,2021-07-28 14:15:00,135.0,135.0
D1,F1-core-lightgbm,2,13,2021-07-29,84,0.875,False,211.0,175.1415491455678,-35.85845085443219,35.85845085443219,2021-07-29 12:00:00,2021-07-29 13:45:00,105.0,105.0
D1,F1-core-lightgbm,2,13,2021-07-30,85,0.8854166666666666,False,212.0,175.65079629905657,-36.349203700943434,36.349203700943434,2021-07-30 12:00:00,2021-07-30 14:00:00,120.0,120.0
D1,F1-core-lightgbm,2,13,2021-07-31,96,1.0,True,80.0,108.53832770580934,28.538327705809337,28.538327705809337,2021-07-31 00:00:00,2021-07-31 02:15:00,135.0,135.0
D1,F1-core-lightgbm,2,13,2021-08-01,96,1.0,True,28.0,54.37660067931182,26.37660067931182,26.37660067931182,2021-08-01 09:00:00,2021-08-01 01:15:00,-465.0,465.0
D1,F1-core-lightgbm,2,13,2021-08-09,39,0.40625,False,215.0,46.573947562068014,-168.426052437932,168.426052437932,2021-08-09 08:45:00,2021-08-09 01:15:00,-450.0,450.0
D1,F1-core-lightgbm,2,14,2021-07-12,96,1.0,True,198.0,180.4362705261007,-17.563729473899286,17.563729473899286,2021-07-12 08:45:00,2021-07-12 09:15:00,30.0,30.0
D1,F1-core-lightgbm,2,14,2021-07-13,1,0.010416666666666666,False,79.0,85.68800536310998,6.68800536310998,6.68800536310998,2021-07-13 00:00:00,2021-07-13 00:00:00,0.0,0.0
D1,F1-core-lightgbm,2,14,2021-07-17,70,0.7291666666666666,False,88.0,116.4773859250036,28.477385925003603,28.477385925003603,2021-07-17 07:15:00,2021-07-17 07:45:00,30.0,30.0
D1,F1-core-lightgbm,2,14,2021-07-18,84,0.875,False,28.0,72.71096690404521,44.71096690404521,44.71096690404521,2021-07-18 01:15:00,2021-07-18 09:45:00,510.0,510.0
D1,F1-core-lightgbm,2,14,2021-07-26,84,0.875,False,217.0,179.34086272114865,-37.65913727885135,37.65913727885135,2021-07-26 08:30:00,2021-07-26 08:30:00,0.0,0.0
D1,F1-core-lightgbm,2,14,2021-07-27,84,0.875,False,211.0,170.8025216213035,-40.1974783786965,40.1974783786965,2021-07-27 11:45:00,2021-07-27 08:45:00,-180.0,180.0
D1,F1-core-lightgbm,2,14,2021-07-28,84,0.875,False,212.0,170.44018909932913,-41.55981090067087,41.55981090067087,2021-07-28 12:00:00,2021-07-28 14:15:00,135.0,135.0
D1,F1-core-lightgbm,2,14,2021-07-29,84,0.875,False,211.0,170.44018909932913,-40.55981090067087,40.55981090067087,2021-07-29 12:00:00,2021-07-29 14:00:00,120.0,120.0
D1,F1-core-lightgbm,2,14,2021-07-30,84,0.875,False,212.0,170.39303447843193,-41.60696552156807,41.60696552156807,2021-07-30 12:00:00,2021-07-30 14:15:00,135.0,135.0
D1,F1-core-lightgbm,2,14,2021-07-31,96,1.0,True,80.0,109.58601445645807,29.586014456458074,29.586014456458074,2021-07-31 00:00:00,2021-07-31 03:30:00,210.0,210.0
D1,F1-core-lightgbm,2,14,2021-08-01,96,1.0,True,28.0,42.162139936485524,14.162139936485524,14.162139936485524,2021-08-01 09:00:00,2021-08-01 08:30:00,-30.0,30.0
D1,F1-core-lightgbm,2,14,2021-08-09,39,0.40625,False,215.0,57.628459158775215,-157.37154084122477,157.37154084122477,2021-08-09 08:45:00,2021-08-09 08:45:00,0.0,0.0
D1,F1-core-lightgbm,2,15,2021-07-12,96,1.0,True,198.0,182.32078328729108,-15.679216712708921,15.679216712708921,2021-07-12 08:45:00,2021-07-12 10:30:00,105.0,105.0
D1,F1-core-lightgbm,2,15,2021-07-13,1,0.010416666666666666,False,79.0,85.83745290685201,6.837452906852008,6.837452906852008,2021-07-13 00:00:00,2021-07-13 00:00:00,0.0,0.0
D1,F1-core-lightgbm,2,15,2021-07-17,69,0.71875,False,88.0,108.3919463147263,20.391946314726297,20.391946314726297,2021-07-17 07:15:00,2021-07-17 11:15:00,240.0,240.0
D1,F1-core-lightgbm,2,15,2021-07-18,84,0.875,False,28.0,79.530691552042,51.530691552042,51.530691552042,2021-07-18 01:15:00,2021-07-18 09:45:00,510.0,510.0
D1,F1-core-lightgbm,2,15,2021-07-26,84,0.875,False,217.0,178.01002526985135,-38.989974730148646,38.989974730148646,2021-07-26 08:30:00,2021-07-26 10:45:00,135.0,135.0
D1,F1-core-lightgbm,2,15,2021-07-27,84,0.875,False,211.0,174.5980589198635,-36.40194108013651,36.40194108013651,2021-07-27 11:45:00,2021-07-27 08:30:00,-195.0,195.0
D1,F1-core-lightgbm,2,15,2021-07-28,84,0.875,False,212.0,172.93044379091648,-39.069556209083515,39.069556209083515,2021-07-28 12:00:00,2021-07-28 13:30:00,90.0,90.0
D1,F1-core-lightgbm,2,15,2021-07-29,84,0.875,False,211.0,174.98752841819453,-36.01247158180547,36.01247158180547,2021-07-29 12:00:00,2021-07-29 08:45:00,-195.0,195.0
D1,F1-core-lightgbm,2,15,2021-07-30,84,0.875,False,212.0,172.88193092731774,-39.11806907268226,39.11806907268226,2021-07-30 12:00:00,2021-07-30 13:15:00,75.0,75.0
D1,F1-core-lightgbm,2,15,2021-07-31,96,1.0,True,80.0,109.87322591135556,29.87322591135556,29.87322591135556,2021-07-31 00:00:00,2021-07-31 01:45:00,105.0,105.0
D1,F1-core-lightgbm,2,15,2021-08-01,96,1.0,True,28.0,45.2062552041806,17.2062552041806,17.2062552041806,2021-08-01 09:00:00,2021-08-01 12:45:00,225.0,225.0
D1,F1-core-lightgbm,2,15,2021-08-09,39,0.40625,False,215.0,57.918008947954505,-157.0819910520455,157.0819910520455,2021-08-09 08:45:00,2021-08-09 01:15:00,-450.0,450.0
D1,F1-core-lightgbm,2,16,2021-07-12,96,1.0,True,198.0,178.31609904898858,-19.683900951011424,19.683900951011424,2021-07-12 08:45:00,2021-07-12 08:45:00,0.0,0.0
D1,F1-core-lightgbm,2,16,2021-07-13,1,0.010416666666666666,False,79.0,86.66086064561652,7.660860645616523,7.660860645616523,2021-07-13 00:00:00,2021-07-13 00:00:00,0.0,0.0
D1,F1-core-lightgbm,2,16,2021-07-17,68,0.7083333333333334,False,88.0,115.90684752185086,27.906847521850864,27.906847521850864,2021-07-17 07:15:00,2021-07-17 08:45:00,90.0,90.0
D1,F1-core-lightgbm,2,16,2021-07-18,84,0.875,False,28.0,77.52100876555845,49.52100876555845,49.52100876555845,2021-07-18 01:15:00,2021-07-18 09:45:00,510.0,510.0
D1,F1-core-lightgbm,2,16,2021-07-26,84,0.875,False,217.0,178.31609904898858,-38.683900951011424,38.683900951011424,2021-07-26 08:30:00,2021-07-26 11:00:00,150.0,150.0
D1,F1-core-lightgbm,2,16,2021-07-27,84,0.875,False,211.0,170.61768452021448,-40.38231547978552,40.38231547978552,2021-07-27 11:45:00,2021-07-27 13:30:00,105.0,105.0
D1,F1-core-lightgbm,2,16,2021-07-28,84,0.875,False,212.0,170.61768452021448,-41.38231547978552,41.38231547978552,2021-07-28 12:00:00,2021-07-28 14:15:00,135.0,135.0
D1,F1-core-lightgbm,2,16,2021-07-29,84,0.875,False,211.0,170.61768452021448,-40.38231547978552,40.38231547978552,2021-07-29 12:00:00,2021-07-29 14:15:00,135.0,135.0
D1,F1-core-lightgbm,2,16,2021-07-30,84,0.875,False,212.0,170.5694373735202,-41.4305626264798,41.4305626264798,2021-07-30 12:00:00,2021-07-30 14:15:00,135.0,135.0
D1,F1-core-lightgbm,2,16,2021-07-31,96,1.0,True,80.0,109.17308160529649,29.17308160529649,29.17308160529649,2021-07-31 00:00:00,2021-07-31 04:00:00,240.0,240.0
D1,F1-core-lightgbm,2,16,2021-08-01,96,1.0,True,28.0,42.65835520530866,14.65835520530866,14.65835520530866,2021-08-01 09:00:00,2021-08-01 02:00:00,-420.0,420.0
D1,F1-core-lightgbm,2,16,2021-08-09,39,0.40625,False,215.0,53.65068293768601,-161.349317062314,161.349317062314,2021-08-09 08:45:00,2021-08-09 01:15:00,-450.0,450.0
D2,F1-core-lightgbm,0,4,2021-04-19,96,1.0,True,172.0,206.04886578485434,34.04886578485434,34.04886578485434,2021-04-19 08:45:00,2021-04-19 09:00:00,15.0,15.0
D2,F1-core-lightgbm,0,4,2021-04-20,96,1.0,True,172.0,163.66022777344548,-8.339772226554516,8.339772226554516,2021-04-20 08:45:00,2021-04-20 09:30:00,45.0,45.0
D2,F1-core-lightgbm,0,4,2021-04-21,96,1.0,True,174.0,168.38526859419193,-5.614731405808072,5.614731405808072,2021-04-21 08:30:00,2021-04-21 15:30:00,420.0,420.0
D2,F1-core-lightgbm,0,4,2021-04-22,96,1.0,True,174.0,170.894618202941,-3.1053817970590103,3.1053817970590103,2021-04-22 08:30:00,2021-04-22 09:00:00,30.0,30.0
D2,F1-core-lightgbm,0,4,2021-04-23,96,1.0,True,174.0,149.68045180660175,-24.319548193398248,24.319548193398248,2021-04-23 08:30:00,2021-04-23 15:30:00,420.0,420.0
D2,F1-core-lightgbm,0,4,2021-04-24,96,1.0,True,112.0,116.39358878855401,4.393588788554013,4.393588788554013,2021-04-24 06:15:00,2021-04-24 02:00:00,-255.0,255.0
D2,F1-core-lightgbm,0,4,2021-04-25,96,1.0,True,25.0,30.013127911021815,5.013127911021815,5.013127911021815,2021-04-25 01:30:00,2021-04-25 09:00:00,450.0,450.0
D2,F1-core-lightgbm,0,4,2021-05-03,96,1.0,True,184.0,205.33223336892596,21.332233368925955,21.332233368925955,2021-05-03 08:30:00,2021-05-03 09:00:00,30.0,30.0
D2,F1-core-lightgbm,0,4,2021-05-04,96,1.0,True,181.0,175.4240169556125,-5.575983044387499,5.575983044387499,2021-05-04 08:30:00,2021-05-04 10:45:00,135.0,135.0
D2,F1-core-lightgbm,0,4,2021-05-05,96,1.0,True,120.0,160.57005926441462,40.570059264414624,40.570059264414624,2021-05-05 04:15:00,2021-05-05 08:45:00,270.0,270.0
D2,F1-core-lightgbm,0,4,2021-05-06,96,1.0,True,199.0,207.3938185650031,8.393818565003102,8.393818565003102,2021-05-06 09:00:00,2021-05-06 09:00:00,0.0,0.0
D2,F1-core-lightgbm,0,4,2021-05-07,96,1.0,True,181.0,177.79514450020451,-3.2048554997954852,3.2048554997954852,2021-05-07 09:00:00,2021-05-07 09:30:00,30.0,30.0
D2,F1-core-lightgbm,0,4,2021-05-08,96,1.0,True,115.0,110.9059697758812,-4.0940302241187965,4.0940302241187965,2021-05-08 02:00:00,2021-05-08 06:15:00,255.0,255.0
D2,F1-core-lightgbm,0,4,2021-05-09,96,1.0,True,184.0,187.29204168720062,3.292041687200623,3.292041687200623,2021-05-09 09:00:00,2021-05-09 13:30:00,270.0,270.0
D2,F1-core-lightgbm,0,5,2021-04-19,96,1.0,True,172.0,201.82513720577285,29.825137205772847,29.825137205772847,2021-04-19 08:45:00,2021-04-19 09:00:00,15.0,15.0
D2,F1-core-lightgbm,0,5,2021-04-20,96,1.0,True,172.0,161.09831951669227,-10.901680483307729,10.901680483307729,2021-04-20 08:45:00,2021-04-20 09:45:00,60.0,60.0
D2,F1-core-lightgbm,0,5,2021-04-21,96,1.0,True,174.0,169.50286835954347,-4.49713164045653,4.49713164045653,2021-04-21 08:30:00,2021-04-21 10:45:00,135.0,135.0
D2,F1-core-lightgbm,0,5,2021-04-22,96,1.0,True,174.0,171.74299610502774,-2.2570038949722573,2.2570038949722573,2021-04-22 08:30:00,2021-04-22 09:00:00,30.0,30.0
D2,F1-core-lightgbm,0,5,2021-04-23,96,1.0,True,174.0,145.89244934013885,-28.107550659861147,28.107550659861147,2021-04-23 08:30:00,2021-04-23 10:45:00,135.0,135.0
D2,F1-core-lightgbm,0,5,2021-04-24,96,1.0,True,112.0,113.14771139115334,1.1477113911533365,1.1477113911533365,2021-04-24 06:15:00,2021-04-24 02:00:00,-255.0,255.0
D2,F1-core-lightgbm,0,5,2021-04-25,96,1.0,True,25.0,35.608837687908405,10.608837687908405,10.608837687908405,2021-04-25 01:30:00,2021-04-25 08:15:00,405.0,405.0
D2,F1-core-lightgbm,0,5,2021-05-03,96,1.0,True,184.0,205.2926368577544,21.29263685775439,21.29263685775439,2021-05-03 08:30:00,2021-05-03 09:00:00,30.0,30.0
D2,F1-core-lightgbm,0,5,2021-05-04,96,1.0,True,181.0,172.47261418387882,-8.527385816121182,8.527385816121182,2021-05-04 08:30:00,2021-05-04 11:00:00,150.0,150.0
D2,F1-core-lightgbm,0,5,2021-05-05,96,1.0,True,120.0,158.43208362649776,38.43208362649776,38.43208362649776,2021-05-05 04:15:00,2021-05-05 08:15:00,240.0,240.0
D2,F1-core-lightgbm,0,5,2021-05-06,96,1.0,True,199.0,206.68276460714537,7.682764607145373,7.682764607145373,2021-05-06 09:00:00,2021-05-06 08:45:00,-15.0,15.0
D2,F1-core-lightgbm,0,5,2021-05-07,96,1.0,True,181.0,174.05113055424505,-6.948869445754951,6.948869445754951,2021-05-07 09:00:00,2021-05-07 09:15:00,15.0,15.0
D2,F1-core-lightgbm,0,5,2021-05-08,96,1.0,True,115.0,110.70212637554175,-4.297873624458248,4.297873624458248,2021-05-08 02:00:00,2021-05-08 02:00:00,0.0,0.0
D2,F1-core-lightgbm,0,5,2021-05-09,96,1.0,True,184.0,190.46381268820113,6.463812688201131,6.463812688201131,2021-05-09 09:00:00,2021-05-09 13:45:00,285.0,285.0
D2,F1-core-lightgbm,0,6,2021-04-19,96,1.0,True,172.0,191.92908186167108,19.92908186167108,19.92908186167108,2021-04-19 08:45:00,2021-04-19 09:30:00,45.0,45.0
D2,F1-core-lightgbm,0,6,2021-04-20,96,1.0,True,172.0,162.48576074378943,-9.514239256210573,9.514239256210573,2021-04-20 08:45:00,2021-04-20 11:00:00,135.0,135.0
D2,F1-core-lightgbm,0,6,2021-04-21,96,1.0,True,174.0,173.3974379705037,-0.6025620294963119,0.6025620294963119,2021-04-21 08:30:00,2021-04-21 14:30:00,360.0,360.0
D2,F1-core-lightgbm,0,6,2021-04-22,96,1.0,True,174.0,171.90731844286265,-2.092681557137354,2.092681557137354,2021-04-22 08:30:00,2021-04-22 14:30:00,360.0,360.0
D2,F1-core-lightgbm,0,6,2021-04-23,96,1.0,True,174.0,153.81406388019005,-20.185936119809952,20.185936119809952,2021-04-23 08:30:00,2021-04-23 18:00:00,570.0,570.0
D2,F1-core-lightgbm,0,6,2021-04-24,96,1.0,True,112.0,114.7688403402095,2.7688403402094934,2.7688403402094934,2021-04-24 06:15:00,2021-04-24 02:00:00,-255.0,255.0
D2,F1-core-lightgbm,0,6,2021-04-25,96,1.0,True,25.0,41.611139764307126,16.611139764307126,16.611139764307126,2021-04-25 01:30:00,2021-04-25 08:45:00,435.0,435.0
D2,F1-core-lightgbm,0,6,2021-05-03,96,1.0,True,184.0,189.17545649836984,5.17545649836984,5.17545649836984,2021-05-03 08:30:00,2021-05-03 09:15:00,45.0,45.0
D2,F1-core-lightgbm,0,6,2021-05-04,96,1.0,True,181.0,177.9397380663166,-3.0602619336833925,3.0602619336833925,2021-05-04 08:30:00,2021-05-04 10:45:00,135.0,135.0
D2,F1-core-lightgbm,0,6,2021-05-05,96,1.0,True,120.0,164.47133074424443,44.471330744244426,44.471330744244426,2021-05-05 04:15:00,2021-05-05 08:30:00,255.0,255.0
D2,F1-core-lightgbm,0,6,2021-05-06,96,1.0,True,199.0,191.66685961600905,-7.333140383990951,7.333140383990951,2021-05-06 09:00:00,2021-05-06 09:00:00,0.0,0.0
D2,F1-core-lightgbm,0,6,2021-05-07,96,1.0,True,181.0,175.69086051091952,-5.309139489080479,5.309139489080479,2021-05-07 09:00:00,2021-05-07 09:15:00,15.0,15.0
D2,F1-core-lightgbm,0,6,2021-05-08,96,1.0,True,115.0,109.23112099212842,-5.7688790078715755,5.7688790078715755,2021-05-08 02:00:00,2021-05-08 03:45:00,105.0,105.0
D2,F1-core-lightgbm,0,6,2021-05-09,96,1.0,True,184.0,187.0370065547726,3.037006554772603,3.037006554772603,2021-05-09 09:00:00,2021-05-09 14:00:00,300.0,300.0
D2,F1-core-lightgbm,0,7,2021-04-19,96,1.0,True,172.0,198.68535341759338,26.685353417593376,26.685353417593376,2021-04-19 08:45:00,2021-04-19 09:45:00,60.0,60.0
D2,F1-core-lightgbm,0,7,2021-04-20,96,1.0,True,172.0,165.92410930060956,-6.075890699390442,6.075890699390442,2021-04-20 08:45:00,2021-04-20 11:15:00,150.0,150.0
D2,F1-core-lightgbm,0,7,2021-04-21,96,1.0,True,174.0,171.6043074049658,-2.3956925950342054,2.3956925950342054,2021-04-21 08:30:00,2021-04-21 14:45:00,375.0,375.0
D2,F1-core-lightgbm,0,7,2021-04-22,96,1.0,True,174.0,172.3497057560326,-1.6502942439674086,1.6502942439674086,2021-04-22 08:30:00,2021-04-22 14:45:00,375.0,375.0
D2,F1-core-lightgbm,0,7,2021-04-23,96,1.0,True,174.0,143.1953268686048,-30.80467313139519,30.80467313139519,2021-04-23 08:30:00,2021-04-23 11:00:00,150.0,150.0
D2,F1-core-lightgbm,0,7,2021-04-24,96,1.0,True,112.0,114.80305228918269,2.8030522891826877,2.8030522891826877,2021-04-24 06:15:00,2021-04-24 02:00:00,-255.0,255.0
D2,F1-core-lightgbm,0,7,2021-04-25,96,1.0,True,25.0,54.79091328402514,29.790913284025137,29.790913284025137,2021-04-25 01:30:00,2021-04-25 08:30:00,420.0,420.0
D2,F1-core-lightgbm,0,7,2021-05-03,96,1.0,True,184.0,196.19698750073653,12.196987500736526,12.196987500736526,2021-05-03 08:30:00,2021-05-03 09:45:00,75.0,75.0
D2,F1-core-lightgbm,0,7,2021-05-04,96,1.0,True,181.0,175.80012254783094,-5.199877452169062,5.199877452169062,2021-05-04 08:30:00,2021-05-04 11:00:00,150.0,150.0
D2,F1-core-lightgbm,0,7,2021-05-05,96,1.0,True,120.0,168.25320581255272,48.25320581255272,48.25320581255272,2021-05-05 04:15:00,2021-05-05 08:45:00,270.0,270.0
D2,F1-core-lightgbm,0,7,2021-05-06,96,1.0,True,199.0,186.12566505146606,-12.874334948533942,12.874334948533942,2021-05-06 09:00:00,2021-05-06 09:45:00,45.0,45.0
D2,F1-core-lightgbm,0,7,2021-05-07,96,1.0,True,181.0,179.16008022808995,-1.839919771910047,1.839919771910047,2021-05-07 09:00:00,2021-05-07 10:30:00,90.0,90.0
D2,F1-core-lightgbm,0,7,2021-05-08,96,1.0,True,115.0,107.66246423588602,-7.33753576411398,7.33753576411398,2021-05-08 02:00:00,2021-05-08 06:15:00,255.0,255.0
D2,F1-core-lightgbm,0,7,2021-05-09,96,1.0,True,184.0,177.5023496848813,-6.497650315118705,6.497650315118705,2021-05-09 09:00:00,2021-05-09 14:00:00,300.0,300.0
D2,F1-core-lightgbm,0,8,2021-04-19,96,1.0,True,172.0,200.3581711172281,28.358171117228096,28.358171117228096,2021-04-19 08:45:00,2021-04-19 10:00:00,75.0,75.0
D2,F1-core-lightgbm,0,8,2021-04-20,96,1.0,True,172.0,163.23228970074598,-8.76771029925402,8.76771029925402,2021-04-20 08:45:00,2021-04-20 11:30:00,165.0,165.0
D2,F1-core-lightgbm,0,8,2021-04-21,96,1.0,True,174.0,169.08768591462197,-4.9123140853780285,4.9123140853780285,2021-04-21 08:30:00,2021-04-21 10:45:00,135.0,135.0
D2,F1-core-lightgbm,0,8,2021-04-22,96,1.0,True,174.0,170.06413772722527,-3.9358622727747274,3.9358622727747274,2021-04-22 08:30:00,2021-04-22 10:45:00,135.0,135.0
D2,F1-core-lightgbm,0,8,2021-04-23,96,1.0,True,174.0,136.70999976425253,-37.29000023574747,37.29000023574747,2021-04-23 08:30:00,2021-04-23 18:00:00,570.0,570.0
D2,F1-core-lightgbm,0,8,2021-04-24,96,1.0,True,112.0,110.79270092719942,-1.2072990728005806,1.2072990728005806,2021-04-24 06:15:00,2021-04-24 02:00:00,-255.0,255.0
D2,F1-core-lightgbm,0,8,2021-04-25,96,1.0,True,25.0,57.83510371294475,32.83510371294475,32.83510371294475,2021-04-25 01:30:00,2021-04-25 09:00:00,450.0,450.0
D2,F1-core-lightgbm,0,8,2021-05-03,96,1.0,True,184.0,198.08579420809355,14.085794208093546,14.085794208093546,2021-05-03 08:30:00,2021-05-03 10:00:00,90.0,90.0
D2,F1-core-lightgbm,0,8,2021-05-04,96,1.0,True,181.0,174.6354701483253,-6.364529851674689,6.364529851674689,2021-05-04 08:30:00,2021-05-04 13:45:00,315.0,315.0
D2,F1-core-lightgbm,0,8,2021-05-05,96,1.0,True,120.0,168.72078263863446,48.72078263863446,48.72078263863446,2021-05-05 04:15:00,2021-05-05 08:45:00,270.0,270.0
D2,F1-core-lightgbm,0,8,2021-05-06,96,1.0,True,199.0,186.24406902381085,-12.755930976189148,12.755930976189148,2021-05-06 09:00:00,2021-05-06 10:00:00,60.0,60.0
D2,F1-core-lightgbm,0,8,2021-05-07,96,1.0,True,181.0,185.23346760260003,4.2334676026000295,4.2334676026000295,2021-05-07 09:00:00,2021-05-07 08:45:00,-15.0,15.0
D2,F1-core-lightgbm,0,8,2021-05-08,96,1.0,True,115.0,110.55042193888873,-4.449578061111268,4.449578061111268,2021-05-08 02:00:00,2021-05-08 09:00:00,420.0,420.0
D2,F1-core-lightgbm,0,8,2021-05-09,96,1.0,True,184.0,174.69111480478168,-9.308885195218323,9.308885195218323,2021-05-09 09:00:00,2021-05-09 14:30:00,330.0,330.0
D2,F1-core-lightgbm,0,9,2021-04-19,96,1.0,True,172.0,204.4957183516981,32.49571835169809,32.49571835169809,2021-04-19 08:45:00,2021-04-19 10:00:00,75.0,75.0
D2,F1-core-lightgbm,0,9,2021-04-20,96,1.0,True,172.0,164.69852406662687,-7.301475933373126,7.301475933373126,2021-04-20 08:45:00,2021-04-20 11:45:00,180.0,180.0
D2,F1-core-lightgbm,0,9,2021-04-21,96,1.0,True,174.0,171.27042883305387,-2.72957116694613,2.72957116694613,2021-04-21 08:30:00,2021-04-21 11:30:00,180.0,180.0
D2,F1-core-lightgbm,0,9,2021-04-22,96,1.0,True,174.0,172.68920615219253,-1.3107938478074743,1.3107938478074743,2021-04-22 08:30:00,2021-04-22 11:30:00,180.0,180.0
D2,F1-core-lightgbm,0,9,2021-04-23,96,1.0,True,174.0,149.23802877344698,-24.761971226553015,24.761971226553015,2021-04-23 08:30:00,2021-04-23 18:00:00,570.0,570.0
D2,F1-core-lightgbm,0,9,2021-04-24,96,1.0,True,112.0,112.16669446072858,0.16669446072857852,0.16669446072857852,2021-04-24 06:15:00,2021-04-24 03:30:00,-165.0,165.0
D2,F1-core-lightgbm,0,9,2021-04-25,96,1.0,True,25.0,73.07431545757477,48.07431545757477,48.07431545757477,2021-04-25 01:30:00,2021-04-25 09:00:00,450.0,450.0
D2,F1-core-lightgbm,0,9,2021-05-03,96,1.0,True,184.0,198.25391060699005,14.253910606990047,14.253910606990047,2021-05-03 08:30:00,2021-05-03 09:45:00,75.0,75.0
D2,F1-core-lightgbm,0,9,2021-05-04,96,1.0,True,181.0,171.56046713480947,-9.439532865190529,9.439532865190529,2021-05-04 08:30:00,2021-05-04 10:45:00,135.0,135.0
D2,F1-core-lightgbm,0,9,2021-05-05,96,1.0,True,120.0,170.36257529155645,50.36257529155645,50.36257529155645,2021-05-05 04:15:00,2021-05-05 08:45:00,270.0,270.0
D2,F1-core-lightgbm,0,9,2021-05-06,96,1.0,True,199.0,181.66842822506044,-17.33157177493956,17.33157177493956,2021-05-06 09:00:00,2021-05-06 11:30:00,150.0,150.0
D2,F1-core-lightgbm,0,9,2021-05-07,96,1.0,True,181.0,189.44064613428156,8.440646134281565,8.440646134281565,2021-05-07 09:00:00,2021-05-07 08:45:00,-15.0,15.0
D2,F1-core-lightgbm,0,9,2021-05-08,96,1.0,True,115.0,121.7455601848786,6.745560184878599,6.745560184878599,2021-05-08 02:00:00,2021-05-08 08:45:00,405.0,405.0
D2,F1-core-lightgbm,0,9,2021-05-09,96,1.0,True,184.0,186.94335864358882,2.943358643588823,2.943358643588823,2021-05-09 09:00:00,2021-05-09 14:45:00,345.0,345.0
D2,F1-core-lightgbm,0,10,2021-04-19,96,1.0,True,172.0,201.71432646507196,29.714326465071963,29.714326465071963,2021-04-19 08:45:00,2021-04-19 10:30:00,105.0,105.0
D2,F1-core-lightgbm,0,10,2021-04-20,96,1.0,True,172.0,168.38234387854246,-3.617656121457543,3.617656121457543,2021-04-20 08:45:00,2021-04-20 11:30:00,165.0,165.0
D2,F1-core-lightgbm,0,10,2021-04-21,96,1.0,True,174.0,167.17234251643495,-6.827657483565048,6.827657483565048,2021-04-21 08:30:00,2021-04-21 11:45:00,195.0,195.0
D2,F1-core-lightgbm,0,10,2021-04-22,96,1.0,True,174.0,169.11308145871584,-4.88691854128416,4.88691854128416,2021-04-22 08:30:00,2021-04-22 10:30:00,120.0,120.0
D2,F1-core-lightgbm,0,10,2021-04-23,96,1.0,True,174.0,142.5447938939825,-31.4552061060175,31.4552061060175,2021-04-23 08:30:00,2021-04-23 18:30:00,600.0,600.0
D2,F1-core-lightgbm,0,10,2021-04-24,96,1.0,True,112.0,114.18364250846727,2.1836425084672726,2.1836425084672726,2021-04-24 06:15:00,2021-04-24 03:30:00,-165.0,165.0
D2,F1-core-lightgbm,0,10,2021-04-25,96,1.0,True,25.0,55.62747987197958,30.62747987197958,30.62747987197958,2021-04-25 01:30:00,2021-04-25 09:00:00,450.0,450.0
D2,F1-core-lightgbm,0,10,2021-05-03,96,1.0,True,184.0,200.02820964673901,16.028209646739015,16.028209646739015,2021-05-03 08:30:00,2021-05-03 10:30:00,120.0,120.0
D2,F1-core-lightgbm,0,10,2021-05-04,96,1.0,True,181.0,170.6509519775134,-10.349048022486613,10.349048022486613,2021-05-04 08:30:00,2021-05-04 09:00:00,30.0,30.0
D2,F1-core-lightgbm,0,10,2021-05-05,96,1.0,True,120.0,175.0853888749549,55.0853888749549,55.0853888749549,2021-05-05 04:15:00,2021-05-05 09:00:00,285.0,285.0
D2,F1-core-lightgbm,0,10,2021-05-06,96,1.0,True,199.0,188.07232364475402,-10.927676355245978,10.927676355245978,2021-05-06 09:00:00,2021-05-06 10:30:00,90.0,90.0
D2,F1-core-lightgbm,0,10,2021-05-07,96,1.0,True,181.0,186.16325821830716,5.163258218307163,5.163258218307163,2021-05-07 09:00:00,2021-05-07 08:45:00,-15.0,15.0
D2,F1-core-lightgbm,0,10,2021-05-08,96,1.0,True,115.0,137.78796733186374,22.78796733186374,22.78796733186374,2021-05-08 02:00:00,2021-05-08 08:30:00,390.0,390.0
D2,F1-core-lightgbm,0,10,2021-05-09,96,1.0,True,184.0,184.20421061018519,0.20421061018518571,0.20421061018518571,2021-05-09 09:00:00,2021-05-09 15:00:00,360.0,360.0
D2,F1-core-lightgbm,0,11,2021-04-19,96,1.0,True,172.0,201.16393231202363,29.163932312023633,29.163932312023633,2021-04-19 08:45:00,2021-04-19 10:45:00,120.0,120.0
D2,F1-core-lightgbm,0,11,2021-04-20,96,1.0,True,172.0,172.91210325068144,0.9121032506814402,0.9121032506814402,2021-04-20 08:45:00,2021-04-20 11:45:00,180.0,180.0
D2,F1-core-lightgbm,0,11,2021-04-21,96,1.0,True,174.0,171.3437946514897,-2.656205348510298,2.656205348510298,2021-04-21 08:30:00,2021-04-21 11:15:00,165.0,165.0
D2,F1-core-lightgbm,0,11,2021-04-22,96,1.0,True,174.0,171.79539219303794,-2.204607806962059,2.204607806962059,2021-04-22 08:30:00,2021-04-22 11:00:00,150.0,150.0
D2,F1-core-lightgbm,0,11,2021-04-23,96,1.0,True,174.0,139.77099006272712,-34.22900993727288,34.22900993727288,2021-04-23 08:30:00,2021-04-23 15:45:00,435.0,435.0
D2,F1-core-lightgbm,0,11,2021-04-24,96,1.0,True,112.0,108.65737782841398,-3.342622171586015,3.342622171586015,2021-04-24 06:15:00,2021-04-24 03:00:00,-195.0,195.0
D2,F1-core-lightgbm,0,11,2021-04-25,96,1.0,True,25.0,73.20423323218964,48.20423323218964,48.20423323218964,2021-04-25 01:30:00,2021-04-25 08:45:00,435.0,435.0
D2,F1-core-lightgbm,0,11,2021-05-03,96,1.0,True,184.0,198.36378288224796,14.36378288224796,14.36378288224796,2021-05-03 08:30:00,2021-05-03 10:45:00,135.0,135.0
D2,F1-core-lightgbm,0,11,2021-05-04,96,1.0,True,181.0,170.47558626727695,-10.524413732723048,10.524413732723048,2021-05-04 08:30:00,2021-05-04 10:45:00,135.0,135.0
D2,F1-core-lightgbm,0,11,2021-05-05,96,1.0,True,120.0,178.04968424232263,58.04968424232263,58.04968424232263,2021-05-05 04:15:00,2021-05-05 08:45:00,270.0,270.0
D2,F1-core-lightgbm,0,11,2021-05-06,96,1.0,True,199.0,189.68197710952222,-9.318022890477778,9.318022890477778,2021-05-06 09:00:00,2021-05-06 10:45:00,105.0,105.0
D2,F1-core-lightgbm,0,11,2021-05-07,96,1.0,True,181.0,180.10847410655884,-0.8915258934411554,0.8915258934411554,2021-05-07 09:00:00,2021-05-07 09:00:00,0.0,0.0
D2,F1-core-lightgbm,0,11,2021-05-08,96,1.0,True,115.0,125.30933192683163,10.309331926831632,10.309331926831632,2021-05-08 02:00:00,2021-05-08 08:30:00,390.0,390.0
D2,F1-core-lightgbm,0,11,2021-05-09,96,1.0,True,184.0,185.1835961502115,1.183596150211514,1.183596150211514,2021-05-09 09:00:00,2021-05-09 13:45:00,285.0,285.0
D2,F1-core-lightgbm,0,12,2021-04-19,96,1.0,True,172.0,192.2549618649672,20.254961864967214,20.254961864967214,2021-04-19 08:45:00,2021-04-19 10:45:00,120.0,120.0
D2,F1-core-lightgbm,0,12,2021-04-20,96,1.0,True,172.0,157.77688740516572,-14.223112594834276,14.223112594834276,2021-04-20 08:45:00,2021-04-20 12:00:00,195.0,195.0
D2,F1-core-lightgbm,0,12,2021-04-21,96,1.0,True,174.0,165.42952919454316,-8.570470805456836,8.570470805456836,2021-04-21 08:30:00,2021-04-21 13:45:00,315.0,315.0
D2,F1-core-lightgbm,0,12,2021-04-22,96,1.0,True,174.0,169.65970129798131,-4.340298702018686,4.340298702018686,2021-04-22 08:30:00,2021-04-22 11:15:00,165.0,165.0
D2,F1-core-lightgbm,0,12,2021-04-23,96,1.0,True,174.0,151.8045494302398,-22.195450569760197,22.195450569760197,2021-04-23 08:30:00,2021-04-23 16:00:00,450.0,450.0
D2,F1-core-lightgbm,0,12,2021-04-24,96,1.0,True,112.0,111.72768788932414,-0.2723121106758555,0.2723121106758555,2021-04-24 06:15:00,2021-04-24 03:30:00,-165.0,165.0
D2,F1-core-lightgbm,0,12,2021-04-25,96,1.0,True,25.0,78.66961648738877,53.669616487388765,53.669616487388765,2021-04-25 01:30:00,2021-04-25 09:00:00,450.0,450.0
D2,F1-core-lightgbm,0,12,2021-05-03,96,1.0,True,184.0,184.52579398848394,0.5257939884839402,0.5257939884839402,2021-05-03 08:30:00,2021-05-03 10:45:00,135.0,135.0
D2,F1-core-lightgbm,0,12,2021-05-04,96,1.0,True,181.0,174.5564936068102,-6.443506393189807,6.443506393189807,2021-05-04 08:30:00,2021-05-04 08:30:00,0.0,0.0
D2,F1-core-lightgbm,0,12,2021-05-05,96,1.0,True,120.0,176.59924586882858,56.599245868828575,56.599245868828575,2021-05-05 04:15:00,2021-05-05 08:45:00,270.0,270.0
D2,F1-core-lightgbm,0,12,2021-05-06,96,1.0,True,199.0,184.03237911290566,-14.967620887094341,14.967620887094341,2021-05-06 09:00:00,2021-05-06 12:00:00,180.0,180.0
D2,F1-core-lightgbm,0,12,2021-05-07,96,1.0,True,181.0,182.40778873195913,1.4077887319591298,1.4077887319591298,2021-05-07 09:00:00,2021-05-07 09:15:00,15.0,15.0
D2,F1-core-lightgbm,0,12,2021-05-08,96,1.0,True,115.0,113.67299731036162,-1.3270026896383769,1.3270026896383769,2021-05-08 02:00:00,2021-05-08 08:30:00,390.0,390.0
D2,F1-core-lightgbm,0,12,2021-05-09,96,1.0,True,184.0,177.99271004349205,-6.007289956507947,6.007289956507947,2021-05-09 09:00:00,2021-05-09 13:45:00,285.0,285.0
D2,F1-core-lightgbm,0,13,2021-04-19,96,1.0,True,172.0,194.10632905510585,22.106329055105846,22.106329055105846,2021-04-19 08:45:00,2021-04-19 10:45:00,120.0,120.0
D2,F1-core-lightgbm,0,13,2021-04-20,96,1.0,True,172.0,166.47065450028958,-5.529345499710416,5.529345499710416,2021-04-20 08:45:00,2021-04-20 11:45:00,180.0,180.0
D2,F1-core-lightgbm,0,13,2021-04-21,96,1.0,True,174.0,172.19983076527456,-1.8001692347254448,1.8001692347254448,2021-04-21 08:30:00,2021-04-21 11:45:00,195.0,195.0
D2,F1-core-lightgbm,0,13,2021-04-22,96,1.0,True,174.0,171.83963845750034,-2.1603615424996576,2.1603615424996576,2021-04-22 08:30:00,2021-04-22 11:45:00,195.0,195.0
D2,F1-core-lightgbm,0,13,2021-04-23,96,1.0,True,174.0,152.512697503753,-21.487302496246997,21.487302496246997,2021-04-23 08:30:00,2021-04-23 13:15:00,285.0,285.0
D2,F1-core-lightgbm,0,13,2021-04-24,96,1.0,True,112.0,109.86589138321374,-2.134108616786264,2.134108616786264,2021-04-24 06:15:00,2021-04-24 04:30:00,-105.0,105.0
D2,F1-core-lightgbm,0,13,2021-04-25,96,1.0,True,25.0,74.2795469409185,49.27954694091849,49.27954694091849,2021-04-25 01:30:00,2021-04-25 09:00:00,450.0,450.0
D2,F1-core-lightgbm,0,13,2021-05-03,96,1.0,True,184.0,178.67352581610848,-5.32647418389152,5.32647418389152,2021-05-03 08:30:00,2021-05-03 11:45:00,195.0,195.0
D2,F1-core-lightgbm,0,13,2021-05-04,96,1.0,True,181.0,172.66009513877847,-8.339904861221527,8.339904861221527,2021-05-04 08:30:00,2021-05-04 08:30:00,0.0,0.0
D2,F1-core-lightgbm,0,13,2021-05-05,96,1.0,True,120.0,174.6483464436665,54.6483464436665,54.6483464436665,2021-05-05 04:15:00,2021-05-05 08:45:00,270.0,270.0
D2,F1-core-lightgbm,0,13,2021-05-06,96,1.0,True,199.0,183.75973120016715,-15.240268799832847,15.240268799832847,2021-05-06 09:00:00,2021-05-06 11:45:00,165.0,165.0
D2,F1-core-lightgbm,0,13,2021-05-07,96,1.0,True,181.0,176.79761782439485,-4.202382175605152,4.202382175605152,2021-05-07 09:00:00,2021-05-07 11:45:00,165.0,165.0
D2,F1-core-lightgbm,0,13,2021-05-08,96,1.0,True,115.0,111.05618286483866,-3.943817135161339,3.943817135161339,2021-05-08 02:00:00,2021-05-08 09:00:00,420.0,420.0
D2,F1-core-lightgbm,0,13,2021-05-09,96,1.0,True,184.0,181.53964132294897,-2.4603586770510333,2.4603586770510333,2021-05-09 09:00:00,2021-05-09 14:15:00,315.0,315.0
D2,F1-core-lightgbm,0,14,2021-04-19,96,1.0,True,172.0,192.34231550020868,20.342315500208684,20.342315500208684,2021-04-19 08:45:00,2021-04-19 12:00:00,195.0,195.0
D2,F1-core-lightgbm,0,14,2021-04-20,96,1.0,True,172.0,165.94288436662734,-6.057115633372661,6.057115633372661,2021-04-20 08:45:00,2021-04-20 12:00:00,195.0,195.0
D2,F1-core-lightgbm,0,14,2021-04-21,96,1.0,True,174.0,164.90474017108684,-9.095259828913157,9.095259828913157,2021-04-21 08:30:00,2021-04-21 12:00:00,210.0,210.0
D2,F1-core-lightgbm,0,14,2021-04-22,96,1.0,True,174.0,165.84033413159705,-8.159665868402953,8.159665868402953,2021-04-22 08:30:00,2021-04-22 11:45:00,195.0,195.0
D2,F1-core-lightgbm,0,14,2021-04-23,96,1.0,True,174.0,154.3261756696634,-19.6738243303366,19.6738243303366,2021-04-23 08:30:00,2021-04-23 17:00:00,510.0,510.0
D2,F1-core-lightgbm,0,14,2021-04-24,96,1.0,True,112.0,113.64766288950433,1.647662889504332,1.647662889504332,2021-04-24 06:15:00,2021-04-24 06:15:00,0.0,0.0
D2,F1-core-lightgbm,0,14,2021-04-25,96,1.0,True,25.0,64.30747098399338,39.30747098399338,39.30747098399338,2021-04-25 01:30:00,2021-04-25 10:30:00,540.0,540.0
D2,F1-core-lightgbm,0,14,2021-05-03,96,1.0,True,184.0,186.66550481567918,2.665504815679185,2.665504815679185,2021-05-03 08:30:00,2021-05-03 11:45:00,195.0,195.0
D2,F1-core-lightgbm,0,14,2021-05-04,96,1.0,True,181.0,170.4119943488129,-10.588005651187103,10.588005651187103,2021-05-04 08:30:00,2021-05-04 11:00:00,150.0,150.0
D2,F1-core-lightgbm,0,14,2021-05-05,96,1.0,True,120.0,175.6671466348195,55.66714663481949,55.66714663481949,2021-05-05 04:15:00,2021-05-05 08:45:00,270.0,270.0
D2,F1-core-lightgbm,0,14,2021-05-06,96,1.0,True,199.0,185.52086640954687,-13.47913359045313,13.47913359045313,2021-05-06 09:00:00,2021-05-06 08:45:00,-15.0,15.0
D2,F1-core-lightgbm,0,14,2021-05-07,96,1.0,True,181.0,178.86114160157422,-2.138858398425782,2.138858398425782,2021-05-07 09:00:00,2021-05-07 11:45:00,165.0,165.0
D2,F1-core-lightgbm,0,14,2021-05-08,96,1.0,True,115.0,106.76203690555353,-8.23796309444647,8.23796309444647,2021-05-08 02:00:00,2021-05-08 06:15:00,255.0,255.0
D2,F1-core-lightgbm,0,14,2021-05-09,96,1.0,True,184.0,179.23834732650738,-4.76165267349262,4.76165267349262,2021-05-09 09:00:00,2021-05-09 13:15:00,255.0,255.0
D2,F1-core-lightgbm,0,15,2021-04-19,96,1.0,True,172.0,197.3172170396057,25.31721703960571,25.31721703960571,2021-04-19 08:45:00,2021-04-19 11:45:00,180.0,180.0
D2,F1-core-lightgbm,0,15,2021-04-20,96,1.0,True,172.0,164.93527735499333,-7.064722645006668,7.064722645006668,2021-04-20 08:45:00,2021-04-20 11:45:00,180.0,180.0
D2,F1-core-lightgbm,0,15,2021-04-21,96,1.0,True,174.0,164.88088317142518,-9.119116828574818,9.119116828574818,2021-04-21 08:30:00,2021-04-21 15:30:00,420.0,420.0
D2,F1-core-lightgbm,0,15,2021-04-22,96,1.0,True,174.0,163.27496998731584,-10.725030012684158,10.725030012684158,2021-04-22 08:30:00,2021-04-22 15:30:00,420.0,420.0
D2,F1-core-lightgbm,0,15,2021-04-23,96,1.0,True,174.0,148.77447456309395,-25.225525436906054,25.225525436906054,2021-04-23 08:30:00,2021-04-23 14:30:00,360.0,360.0
D2,F1-core-lightgbm,0,15,2021-04-24,96,1.0,True,112.0,112.30718022477225,0.30718022477225304,0.30718022477225304,2021-04-24 06:15:00,2021-04-24 02:00:00,-255.0,255.0
D2,F1-core-lightgbm,0,15,2021-04-25,96,1.0,True,25.0,69.5960342416775,44.5960342416775,44.5960342416775,2021-04-25 01:30:00,2021-04-25 08:45:00,435.0,435.0
D2,F1-core-lightgbm,0,15,2021-05-03,96,1.0,True,184.0,197.15199940834142,13.151999408341425,13.151999408341425,2021-05-03 08:30:00,2021-05-03 11:45:00,195.0,195.0
D2,F1-core-lightgbm,0,15,2021-05-04,96,1.0,True,181.0,171.9101477464943,-9.089852253505711,9.089852253505711,2021-05-04 08:30:00,2021-05-04 10:45:00,135.0,135.0
D2,F1-core-lightgbm,0,15,2021-05-05,96,1.0,True,120.0,169.73122593439777,49.73122593439777,49.73122593439777,2021-05-05 04:15:00,2021-05-05 08:45:00,270.0,270.0
D2,F1-core-lightgbm,0,15,2021-05-06,96,1.0,True,199.0,195.24074377752152,-3.7592562224784842,3.7592562224784842,2021-05-06 09:00:00,2021-05-06 11:45:00,165.0,165.0
D2,F1-core-lightgbm,0,15,2021-05-07,96,1.0,True,181.0,175.74776551796833,-5.2522344820316675,5.2522344820316675,2021-05-07 09:00:00,2021-05-07 11:30:00,150.0,150.0
D2,F1-core-lightgbm,0,15,2021-05-08,96,1.0,True,115.0,104.35968346388151,-10.64031653611849,10.64031653611849,2021-05-08 02:00:00,2021-05-08 06:15:00,255.0,255.0
D2,F1-core-lightgbm,0,15,2021-05-09,96,1.0,True,184.0,172.09261994756656,-11.907380052433439,11.907380052433439,2021-05-09 09:00:00,2021-05-09 13:30:00,270.0,270.0
D2,F1-core-lightgbm,0,16,2021-04-19,96,1.0,True,172.0,195.43283667486722,23.432836674867218,23.432836674867218,2021-04-19 08:45:00,2021-04-19 12:00:00,195.0,195.0
D2,F1-core-lightgbm,0,16,2021-04-20,96,1.0,True,172.0,178.60879959664595,6.608799596645952,6.608799596645952,2021-04-20 08:45:00,2021-04-20 12:00:00,195.0,195.0
D2,F1-core-lightgbm,0,16,2021-04-21,96,1.0,True,174.0,164.23033947178004,-9.769660528219958,9.769660528219958,2021-04-21 08:30:00,2021-04-21 13:15:00,285.0,285.0
D2,F1-core-lightgbm,0,16,2021-04-22,96,1.0,True,174.0,162.98594937154058,-11.014050628459415,11.014050628459415,2021-04-22 08:30:00,2021-04-22 11:45:00,195.0,195.0
D2,F1-core-lightgbm,0,16,2021-04-23,96,1.0,True,174.0,156.3686823046564,-17.631317695343597,17.631317695343597,2021-04-23 08:30:00,2021-04-23 15:45:00,435.0,435.0
D2,F1-core-lightgbm,0,16,2021-04-24,96,1.0,True,112.0,113.17467001838226,1.1746700183822583,1.1746700183822583,2021-04-24 06:15:00,2021-04-24 06:15:00,0.0,0.0
D2,F1-core-lightgbm,0,16,2021-04-25,96,1.0,True,25.0,75.58292300127059,50.582923001270586,50.582923001270586,2021-04-25 01:30:00,2021-04-25 10:30:00,540.0,540.0
D2,F1-core-lightgbm,0,16,2021-05-03,96,1.0,True,184.0,195.93178228610296,11.931782286102958,11.931782286102958,2021-05-03 08:30:00,2021-05-03 12:00:00,210.0,210.0
D2,F1-core-lightgbm,0,16,2021-05-04,96,1.0,True,181.0,172.4226851405727,-8.577314859427304,8.577314859427304,2021-05-04 08:30:00,2021-05-04 14:00:00,330.0,330.0
D2,F1-core-lightgbm,0,16,2021-05-05,96,1.0,True,120.0,172.0537664183634,52.05376641836341,52.05376641836341,2021-05-05 04:15:00,2021-05-05 08:45:00,270.0,270.0
D2,F1-core-lightgbm,0,16,2021-05-06,96,1.0,True,199.0,194.39023814492234,-4.6097618550776644,4.6097618550776644,2021-05-06 09:00:00,2021-05-06 12:00:00,180.0,180.0
D2,F1-core-lightgbm,0,16,2021-05-07,96,1.0,True,181.0,182.91177024278937,1.9117702427893732,1.9117702427893732,2021-05-07 09:00:00,2021-05-07 08:45:00,-15.0,15.0
D2,F1-core-lightgbm,0,16,2021-05-08,96,1.0,True,115.0,108.05719279314053,-6.94280720685947,6.94280720685947,2021-05-08 02:00:00,2021-05-08 06:15:00,255.0,255.0
D2,F1-core-lightgbm,0,16,2021-05-09,96,1.0,True,184.0,175.83795407709468,-8.162045922905321,8.162045922905321,2021-05-09 09:00:00,2021-05-09 14:30:00,330.0,330.0
D2,F1-core-lightgbm,1,4,2021-05-31,95,0.9895833333333334,False,172.0,189.88648493851662,17.886484938516617,17.886484938516617,2021-05-31 10:30:00,2021-05-31 09:15:00,-75.0,75.0
D2,F1-core-lightgbm,1,4,2021-06-01,1,0.010416666666666666,False,71.0,78.82423121450688,7.824231214506881,7.824231214506881,2021-06-01 00:00:00,2021-06-01 00:00:00,0.0,0.0
D2,F1-core-lightgbm,1,4,2021-06-20,95,0.9895833333333334,False,28.0,51.848163187080054,23.848163187080054,23.848163187080054,2021-06-20 15:15:00,2021-06-20 08:15:00,-420.0,420.0
D2,F1-core-lightgbm,1,5,2021-05-31,95,0.9895833333333334,False,172.0,189.5079651163246,17.507965116324613,17.507965116324613,2021-05-31 10:30:00,2021-05-31 08:45:00,-105.0,105.0
D2,F1-core-lightgbm,1,5,2021-06-01,1,0.010416666666666666,False,71.0,79.04731635011335,8.047316350113348,8.047316350113348,2021-06-01 00:00:00,2021-06-01 00:00:00,0.0,0.0
D2,F1-core-lightgbm,1,5,2021-06-20,95,0.9895833333333334,False,28.0,78.45308925543547,50.45308925543547,50.45308925543547,2021-06-20 15:15:00,2021-06-20 08:30:00,-405.0,405.0
D2,F1-core-lightgbm,1,6,2021-05-31,95,0.9895833333333334,False,172.0,186.95167679763722,14.95167679763722,14.95167679763722,2021-05-31 10:30:00,2021-05-31 09:30:00,-60.0,60.0
D2,F1-core-lightgbm,1,6,2021-06-01,1,0.010416666666666666,False,71.0,84.09022362957018,13.090223629570175,13.090223629570175,2021-06-01 00:00:00,2021-06-01 00:00:00,0.0,0.0
D2,F1-core-lightgbm,1,6,2021-06-20,95,0.9895833333333334,False,28.0,90.87876093375016,62.87876093375016,62.87876093375016,2021-06-20 15:15:00,2021-06-20 08:30:00,-405.0,405.0
D2,F1-core-lightgbm,1,7,2021-05-31,95,0.9895833333333334,False,172.0,184.42981393815018,12.429813938150176,12.429813938150176,2021-05-31 10:30:00,2021-05-31 09:45:00,-45.0,45.0
D2,F1-core-lightgbm,1,7,2021-06-01,1,0.010416666666666666,False,71.0,81.71864860935636,10.718648609356364,10.718648609356364,2021-06-01 00:00:00,2021-06-01 00:00:00,0.0,0.0
D2,F1-core-lightgbm,1,7,2021-06-20,95,0.9895833333333334,False,28.0,132.67765893157386,104.67765893157386,104.67765893157386,2021-06-20 15:15:00,2021-06-20 08:45:00,-390.0,390.0
D2,F1-core-lightgbm,1,8,2021-05-31,95,0.9895833333333334,False,172.0,183.93492404024693,11.934924040246926,11.934924040246926,2021-05-31 10:30:00,2021-05-31 10:00:00,-30.0,30.0
D2,F1-core-lightgbm,1,8,2021-06-01,1,0.010416666666666666,False,71.0,79.46394685673596,8.463946856735959,8.463946856735959,2021-06-01 00:00:00,2021-06-01 00:00:00,0.0,0.0
D2,F1-core-lightgbm,1,8,2021-06-20,95,0.9895833333333334,False,28.0,123.14254576387533,95.14254576387533,95.14254576387533,2021-06-20 15:15:00,2021-06-20 08:45:00,-390.0,390.0
D2,F1-core-lightgbm,1,9,2021-05-31,95,0.9895833333333334,False,172.0,171.62121245285442,-0.3787875471455777,0.3787875471455777,2021-05-31 10:30:00,2021-05-31 11:30:00,60.0,60.0
D2,F1-core-lightgbm,1,9,2021-06-01,1,0.010416666666666666,False,71.0,76.16202705659207,5.162027056592066,5.162027056592066,2021-06-01 00:00:00,2021-06-01 00:00:00,0.0,0.0
D2,F1-core-lightgbm,1,9,2021-06-20,95,0.9895833333333334,False,28.0,101.47325925851585,73.47325925851585,73.47325925851585,2021-06-20 15:15:00,2021-06-20 08:45:00,-390.0,390.0
D2,F1-core-lightgbm,1,10,2021-05-31,95,0.9895833333333334,False,172.0,167.86966069449065,-4.130339305509352,4.130339305509352,2021-05-31 10:30:00,2021-05-31 11:00:00,30.0,30.0
D2,F1-core-lightgbm,1,10,2021-06-01,1,0.010416666666666666,False,71.0,75.73549395327412,4.735493953274116,4.735493953274116,2021-06-01 00:00:00,2021-06-01 00:00:00,0.0,0.0
D2,F1-core-lightgbm,1,10,2021-06-20,95,0.9895833333333334,False,28.0,62.05842678303335,34.05842678303335,34.05842678303335,2021-06-20 15:15:00,2021-06-20 09:00:00,-375.0,375.0
D2,F1-core-lightgbm,1,11,2021-05-31,95,0.9895833333333334,False,172.0,168.2054557072915,-3.7945442927085082,3.7945442927085082,2021-05-31 10:30:00,2021-05-31 10:45:00,15.0,15.0
D2,F1-core-lightgbm,1,11,2021-06-01,1,0.010416666666666666,False,71.0,74.12697109731862,3.1269710973186164,3.1269710973186164,2021-06-01 00:00:00,2021-06-01 00:00:00,0.0,0.0
D2,F1-core-lightgbm,1,11,2021-06-20,95,0.9895833333333334,False,28.0,70.52994196653381,42.52994196653381,42.52994196653381,2021-06-20 15:15:00,2021-06-20 09:45:00,-330.0,330.0
D2,F1-core-lightgbm,1,12,2021-05-31,95,0.9895833333333334,False,172.0,175.71426517317346,3.714265173173459,3.714265173173459,2021-05-31 10:30:00,2021-05-31 10:30:00,0.0,0.0
D2,F1-core-lightgbm,1,12,2021-06-01,1,0.010416666666666666,False,71.0,77.00447501808684,6.004475018086836,6.004475018086836,2021-06-01 00:00:00,2021-06-01 00:00:00,0.0,0.0
D2,F1-core-lightgbm,1,12,2021-06-20,95,0.9895833333333334,False,28.0,82.39212945978984,54.39212945978984,54.39212945978984,2021-06-20 15:15:00,2021-06-20 09:45:00,-330.0,330.0
D2,F1-core-lightgbm,1,13,2021-05-31,95,0.9895833333333334,False,172.0,176.947434153049,4.947434153048988,4.947434153048988,2021-05-31 10:30:00,2021-05-31 10:45:00,15.0,15.0
D2,F1-core-lightgbm,1,13,2021-06-01,1,0.010416666666666666,False,71.0,71.81697950781572,0.8169795078157165,0.8169795078157165,2021-06-01 00:00:00,2021-06-01 00:00:00,0.0,0.0
D2,F1-core-lightgbm,1,13,2021-06-20,95,0.9895833333333334,False,28.0,87.11670043661334,59.11670043661334,59.11670043661334,2021-06-20 15:15:00,2021-06-20 08:45:00,-390.0,390.0
D2,F1-core-lightgbm,1,14,2021-05-31,95,0.9895833333333334,False,172.0,177.36369273869462,5.363692738694624,5.363692738694624,2021-05-31 10:30:00,2021-05-31 12:00:00,90.0,90.0
D2,F1-core-lightgbm,1,14,2021-06-01,1,0.010416666666666666,False,71.0,80.42445263249105,9.424452632491054,9.424452632491054,2021-06-01 00:00:00,2021-06-01 00:00:00,0.0,0.0
D2,F1-core-lightgbm,1,14,2021-06-20,95,0.9895833333333334,False,28.0,94.04706164030975,66.04706164030975,66.04706164030975,2021-06-20 15:15:00,2021-06-20 09:00:00,-375.0,375.0
D2,F1-core-lightgbm,1,15,2021-05-31,95,0.9895833333333334,False,172.0,167.9212342803954,-4.078765719604604,4.078765719604604,2021-05-31 10:30:00,2021-05-31 11:45:00,75.0,75.0
D2,F1-core-lightgbm,1,15,2021-06-01,1,0.010416666666666666,False,71.0,80.81447976061509,9.814479760615086,9.814479760615086,2021-06-01 00:00:00,2021-06-01 00:00:00,0.0,0.0
D2,F1-core-lightgbm,1,15,2021-06-20,95,0.9895833333333334,False,28.0,85.15589115782304,57.155891157823035,57.155891157823035,2021-06-20 15:15:00,2021-06-20 09:00:00,-375.0,375.0
D2,F1-core-lightgbm,1,16,2021-05-31,95,0.9895833333333334,False,172.0,172.77170506902922,0.771705069029224,0.771705069029224,2021-05-31 10:30:00,2021-05-31 12:00:00,90.0,90.0
D2,F1-core-lightgbm,1,16,2021-06-01,1,0.010416666666666666,False,71.0,77.37842243750507,6.3784224375050655,6.3784224375050655,2021-06-01 00:00:00,2021-06-01 00:00:00,0.0,0.0
D2,F1-core-lightgbm,1,16,2021-06-20,95,0.9895833333333334,False,28.0,83.54064564056435,55.54064564056435,55.54064564056435,2021-06-20 15:15:00,2021-06-20 10:30:00,-285.0,285.0
D2,F1-core-lightgbm,2,4,2021-07-12,96,1.0,True,198.0,184.36006077595587,-13.639939224044127,13.639939224044127,2021-07-12 08:45:00,2021-07-12 09:30:00,45.0,45.0
D2,F1-core-lightgbm,2,4,2021-07-13,1,0.010416666666666666,False,79.0,86.95135821592193,7.951358215921928,7.951358215921928,2021-07-13 00:00:00,2021-07-13 00:00:00,0.0,0.0
D2,F1-core-lightgbm,2,4,2021-07-17,80,0.8333333333333334,False,108.0,108.48825073030976,0.4882507303097583,0.4882507303097583,2021-07-17 06:00:00,2021-07-17 04:15:00,-105.0,105.0
D2,F1-core-lightgbm,2,4,2021-07-18,84,0.875,False,28.0,87.57567285278309,59.575672852783086,59.575672852783086,2021-07-18 04:30:00,2021-07-18 08:30:00,240.0,240.0
D2,F1-core-lightgbm,2,4,2021-07-26,84,0.875,False,217.0,189.3432216375418,-27.656778362458198,27.656778362458198,2021-07-26 08:30:00,2021-07-26 08:30:00,0.0,0.0
D2,F1-core-lightgbm,2,4,2021-07-27,84,0.875,False,211.0,186.34282039062518,-24.657179609374822,24.657179609374822,2021-07-27 11:45:00,2021-07-27 13:45:00,120.0,120.0
D2,F1-core-lightgbm,2,4,2021-07-28,84,0.875,False,212.0,190.81940469787568,-21.180595302124317,21.180595302124317,2021-07-28 12:00:00,2021-07-28 13:45:00,105.0,105.0
D2,F1-core-lightgbm,2,4,2021-07-29,84,0.875,False,211.0,187.37951885550737,-23.62048114449263,23.62048114449263,2021-07-29 12:00:00,2021-07-29 14:00:00,120.0,120.0
D2,F1-core-lightgbm,2,4,2021-07-30,85,0.8854166666666666,False,212.0,185.45651153157146,-26.543488468428535,26.543488468428535,2021-07-30 12:00:00,2021-07-30 13:45:00,105.0,105.0
D2,F1-core-lightgbm,2,4,2021-07-31,96,1.0,True,80.0,84.178728037237,4.1787280372369935,4.1787280372369935,2021-07-31 00:00:00,2021-07-31 00:00:00,0.0,0.0
D2,F1-core-lightgbm,2,4,2021-08-01,96,1.0,True,28.0,29.075188827837188,1.075188827837188,1.075188827837188,2021-08-01 09:00:00,2021-08-01 10:30:00,90.0,90.0
D2,F1-core-lightgbm,2,4,2021-08-09,1,0.010416666666666666,False,21.0,24.736550419115698,3.736550419115698,3.736550419115698,2021-08-09 00:00:00,2021-08-09 00:00:00,0.0,0.0
D2,F1-core-lightgbm,2,5,2021-07-12,96,1.0,True,198.0,197.64840208593242,-0.35159791406758245,0.35159791406758245,2021-07-12 08:45:00,2021-07-12 08:45:00,0.0,0.0
D2,F1-core-lightgbm,2,5,2021-07-13,1,0.010416666666666666,False,79.0,83.72516017639165,4.725160176391654,4.725160176391654,2021-07-13 00:00:00,2021-07-13 00:00:00,0.0,0.0
D2,F1-core-lightgbm,2,5,2021-07-17,79,0.8229166666666666,False,108.0,108.7122226637658,0.7122226637658002,0.7122226637658002,2021-07-17 06:00:00,2021-07-17 04:15:00,-105.0,105.0
D2,F1-core-lightgbm,2,5,2021-07-18,84,0.875,False,28.0,120.53412987971139,92.53412987971139,92.53412987971139,2021-07-18 04:30:00,2021-07-18 08:30:00,240.0,240.0
D2,F1-core-lightgbm,2,5,2021-07-26,84,0.875,False,217.0,194.1770511302947,-22.8229488697053,22.8229488697053,2021-07-26 08:30:00,2021-07-26 08:45:00,15.0,15.0
D2,F1-core-lightgbm,2,5,2021-07-27,84,0.875,False,211.0,189.47354769241653,-21.52645230758347,21.52645230758347,2021-07-27 11:45:00,2021-07-27 14:00:00,135.0,135.0
D2,F1-core-lightgbm,2,5,2021-07-28,84,0.875,False,212.0,191.79166186733528,-20.20833813266472,20.20833813266472,2021-07-28 12:00:00,2021-07-28 14:30:00,150.0,150.0
D2,F1-core-lightgbm,2,5,2021-07-29,84,0.875,False,211.0,190.11015366554912,-20.88984633445088,20.88984633445088,2021-07-29 12:00:00,2021-07-29 15:00:00,180.0,180.0
D2,F1-core-lightgbm,2,5,2021-07-30,85,0.8854166666666666,False,212.0,186.54884865508834,-25.451151344911665,25.451151344911665,2021-07-30 12:00:00,2021-07-30 10:45:00,-75.0,75.0
D2,F1-core-lightgbm,2,5,2021-07-31,96,1.0,True,80.0,95.49960207791483,15.49960207791483,15.49960207791483,2021-07-31 00:00:00,2021-07-31 01:15:00,75.0,75.0
D2,F1-core-lightgbm,2,5,2021-08-01,96,1.0,True,28.0,43.08792235323949,15.087922353239492,15.087922353239492,2021-08-01 09:00:00,2021-08-01 12:45:00,225.0,225.0
D2,F1-core-lightgbm,2,5,2021-08-09,1,0.010416666666666666,False,21.0,24.2030984243396,3.2030984243396006,3.2030984243396006,2021-08-09 00:00:00,2021-08-09 00:00:00,0.0,0.0
D2,F1-core-lightgbm,2,6,2021-07-12,96,1.0,True,198.0,220.28217975875174,22.282179758751738,22.282179758751738,2021-07-12 08:45:00,2021-07-12 08:45:00,0.0,0.0
D2,F1-core-lightgbm,2,6,2021-07-13,1,0.010416666666666666,False,79.0,83.38571119631277,4.385711196312769,4.385711196312769,2021-07-13 00:00:00,2021-07-13 00:00:00,0.0,0.0
D2,F1-core-lightgbm,2,6,2021-07-17,78,0.8125,False,108.0,105.55342293482269,-2.4465770651773084,2.4465770651773084,2021-07-17 06:00:00,2021-07-17 06:15:00,15.0,15.0
D2,F1-core-lightgbm,2,6,2021-07-18,84,0.875,False,28.0,126.59690244710251,98.59690244710251,98.59690244710251,2021-07-18 01:15:00,2021-07-18 08:30:00,435.0,435.0
D2,F1-core-lightgbm,2,6,2021-07-26,84,0.875,False,217.0,207.06781797175566,-9.932182028244341,9.932182028244341,2021-07-26 08:30:00,2021-07-26 08:30:00,0.0,0.0
D2,F1-core-lightgbm,2,6,2021-07-27,84,0.875,False,211.0,189.963526864657,-21.036473135342987,21.036473135342987,2021-07-27 11:45:00,2021-07-27 15:00:00,195.0,195.0
D2,F1-core-lightgbm,2,6,2021-07-28,84,0.875,False,212.0,190.11041082822265,-21.889589171777345,21.889589171777345,2021-07-28 12:00:00,2021-07-28 15:00:00,180.0,180.0
D2,F1-core-lightgbm,2,6,2021-07-29,84,0.875,False,211.0,187.85545653889542,-23.144543461104575,23.144543461104575,2021-07-29 12:00:00,2021-07-29 15:00:00,180.0,180.0
D2,F1-core-lightgbm,2,6,2021-07-30,85,0.8854166666666666,False,212.0,184.17820502646074,-27.821794973539255,27.821794973539255,2021-07-30 12:00:00,2021-07-30 15:00:00,180.0,180.0
D2,F1-core-lightgbm,2,6,2021-07-31,96,1.0,True,80.0,95.1982039042995,15.198203904299504,15.198203904299504,2021-07-31 00:00:00,2021-07-31 01:15:00,75.0,75.0
D2,F1-core-lightgbm,2,6,2021-08-01,96,1.0,True,28.0,40.19346004178428,12.193460041784277,12.193460041784277,2021-08-01 09:00:00,2021-08-01 10:30:00,90.0,90.0
D2,F1-core-lightgbm,2,6,2021-08-09,1,0.010416666666666666,False,21.0,22.44372241876212,1.4437224187621212,1.4437224187621212,2021-08-09 00:00:00,2021-08-09 00:00:00,0.0,0.0
D2,F1-core-lightgbm,2,7,2021-07-12,96,1.0,True,198.0,216.5266046882877,18.526604688287705,18.526604688287705,2021-07-12 08:45:00,2021-07-12 09:00:00,15.0,15.0
D2,F1-core-lightgbm,2,7,2021-07-13,1,0.010416666666666666,False,79.0,84.2717219175134,5.271721917513403,5.271721917513403,2021-07-13 00:00:00,2021-07-13 00:00:00,0.0,0.0
D2,F1-core-lightgbm,2,7,2021-07-17,77,0.8020833333333334,False,108.0,107.39609120353118,-0.603908796468815,0.603908796468815,2021-07-17 06:00:00,2021-07-17 04:45:00,-75.0,75.0
D2,F1-core-lightgbm,2,7,2021-07-18,84,0.875,False,28.0,97.84330917639531,69.84330917639531,69.84330917639531,2021-07-18 01:15:00,2021-07-18 08:30:00,435.0,435.0
D2,F1-core-lightgbm,2,7,2021-07-26,84,0.875,False,217.0,216.5304192370121,-0.46958076298790274,0.46958076298790274,2021-07-26 08:30:00,2021-07-26 08:15:00,-15.0,15.0
D2,F1-core-lightgbm,2,7,2021-07-27,84,0.875,False,211.0,182.41398408002132,-28.586015919978678,28.586015919978678,2021-07-27 11:45:00,2021-07-27 11:30:00,-15.0,15.0
D2,F1-core-lightgbm,2,7,2021-07-28,84,0.875,False,212.0,179.3645786213853,-32.635421378614694,32.635421378614694,2021-07-28 12:00:00,2021-07-28 14:45:00,165.0,165.0
D2,F1-core-lightgbm,2,7,2021-07-29,84,0.875,False,211.0,181.43160295031495,-29.568397049685046,29.568397049685046,2021-07-29 12:00:00,2021-07-29 09:00:00,-180.0,180.0
D2,F1-core-lightgbm,2,7,2021-07-30,85,0.8854166666666666,False,212.0,176.92479539557206,-35.07520460442794,35.07520460442794,2021-07-30 12:00:00,2021-07-30 14:45:00,165.0,165.0
D2,F1-core-lightgbm,2,7,2021-07-31,96,1.0,True,80.0,103.5712934642855,23.571293464285503,23.571293464285503,2021-07-31 00:00:00,2021-07-31 01:45:00,105.0,105.0
D2,F1-core-lightgbm,2,7,2021-08-01,96,1.0,True,28.0,48.09771279295432,20.09771279295432,20.09771279295432,2021-08-01 09:00:00,2021-08-01 10:45:00,105.0,105.0
D2,F1-core-lightgbm,2,7,2021-08-09,1,0.010416666666666666,False,21.0,23.85295246624465,2.8529524662446484,2.8529524662446484,2021-08-09 00:00:00,2021-08-09 00:00:00,0.0,0.0
D2,F1-core-lightgbm,2,8,2021-07-12,96,1.0,True,198.0,204.89642302416982,6.89642302416982,6.89642302416982,2021-07-12 08:45:00,2021-07-12 08:45:00,0.0,0.0
D2,F1-core-lightgbm,2,8,2021-07-13,1,0.010416666666666666,False,79.0,85.00681470604985,6.006814706049852,6.006814706049852,2021-07-13 00:00:00,2021-07-13 00:00:00,0.0,0.0
D2,F1-core-lightgbm,2,8,2021-07-17,76,0.7916666666666666,False,108.0,104.08825454044076,-3.911745459559242,3.911745459559242,2021-07-17 06:00:00,2021-07-17 07:15:00,75.0,75.0
D2,F1-core-lightgbm,2,8,2021-07-18,84,0.875,False,28.0,70.9675722519417,42.967572251941704,42.967572251941704,2021-07-18 01:15:00,2021-07-18 09:00:00,465.0,465.0
D2,F1-core-lightgbm,2,8,2021-07-26,84,0.875,False,217.0,207.0658052036755,-9.934194796324505,9.934194796324505,2021-07-26 08:30:00,2021-07-26 09:00:00,30.0,30.0
D2,F1-core-lightgbm,2,8,2021-07-27,84,0.875,False,211.0,177.61223653062117,-33.387763469378825,33.387763469378825,2021-07-27 11:45:00,2021-07-27 13:45:00,120.0,120.0
D2,F1-core-lightgbm,2,8,2021-07-28,84,0.875,False,212.0,177.4787510694656,-34.5212489305344,34.5212489305344,2021-07-28 12:00:00,2021-07-28 13:45:00,105.0,105.0
D2,F1-core-lightgbm,2,8,2021-07-29,84,0.875,False,211.0,177.4567374968245,-33.5432625031755,33.5432625031755,2021-07-29 12:00:00,2021-07-29 14:00:00,120.0,120.0
D2,F1-core-lightgbm,2,8,2021-07-30,85,0.8854166666666666,False,212.0,177.169286047043,-34.83071395295701,34.83071395295701,2021-07-30 12:00:00,2021-07-30 13:45:00,105.0,105.0
D2,F1-core-lightgbm,2,8,2021-07-31,96,1.0,True,80.0,107.19909511591,27.199095115909998,27.199095115909998,2021-07-31 00:00:00,2021-07-31 01:45:00,105.0,105.0
D2,F1-core-lightgbm,2,8,2021-08-01,96,1.0,True,28.0,39.89910616694917,11.899106166949167,11.899106166949167,2021-08-01 09:00:00,2021-08-01 11:00:00,120.0,120.0
D2,F1-core-lightgbm,2,8,2021-08-09,1,0.010416666666666666,False,21.0,24.791754156294402,3.7917541562944024,3.7917541562944024,2021-08-09 00:00:00,2021-08-09 00:00:00,0.0,0.0
D2,F1-core-lightgbm,2,9,2021-07-12,96,1.0,True,198.0,197.14175912370482,-0.8582408762951843,0.8582408762951843,2021-07-12 08:45:00,2021-07-12 08:45:00,0.0,0.0
D2,F1-core-lightgbm,2,9,2021-07-13,1,0.010416666666666666,False,79.0,86.63132135945062,7.631321359450624,7.631321359450624,2021-07-13 00:00:00,2021-07-13 00:00:00,0.0,0.0
D2,F1-core-lightgbm,2,9,2021-07-17,75,0.78125,False,108.0,110.62054644536578,2.6205464453657754,2.6205464453657754,2021-07-17 06:00:00,2021-07-17 08:15:00,135.0,135.0
D2,F1-core-lightgbm,2,9,2021-07-18,84,0.875,False,28.0,81.5358913515952,53.5358913515952,53.5358913515952,2021-07-18 01:15:00,2021-07-18 08:15:00,420.0,420.0
D2,F1-core-lightgbm,2,9,2021-07-26,84,0.875,False,217.0,190.39953753260076,-26.60046246739924,26.60046246739924,2021-07-26 08:30:00,2021-07-26 08:45:00,15.0,15.0
D2,F1-core-lightgbm,2,9,2021-07-27,84,0.875,False,211.0,176.65735392451413,-34.342646075485874,34.342646075485874,2021-07-27 11:45:00,2021-07-27 09:45:00,-120.0,120.0
D2,F1-core-lightgbm,2,9,2021-07-28,84,0.875,False,212.0,176.71948759022118,-35.28051240977882,35.28051240977882,2021-07-28 12:00:00,2021-07-28 11:30:00,-30.0,30.0
D2,F1-core-lightgbm,2,9,2021-07-29,84,0.875,False,211.0,176.66499394342887,-34.33500605657113,34.33500605657113,2021-07-29 12:00:00,2021-07-29 08:45:00,-195.0,195.0
D2,F1-core-lightgbm,2,9,2021-07-30,85,0.8854166666666666,False,212.0,176.47523430341383,-35.52476569658617,35.52476569658617,2021-07-30 12:00:00,2021-07-30 11:45:00,-15.0,15.0
D2,F1-core-lightgbm,2,9,2021-07-31,96,1.0,True,80.0,108.8224147214344,28.8224147214344,28.8224147214344,2021-07-31 00:00:00,2021-07-31 01:45:00,105.0,105.0
D2,F1-core-lightgbm,2,9,2021-08-01,96,1.0,True,28.0,39.41211389407862,11.412113894078622,11.412113894078622,2021-08-01 09:00:00,2021-08-01 12:00:00,180.0,180.0
D2,F1-core-lightgbm,2,9,2021-08-09,1,0.010416666666666666,False,21.0,23.541508255910248,2.541508255910248,2.541508255910248,2021-08-09 00:00:00,2021-08-09 00:00:00,0.0,0.0
D2,F1-core-lightgbm,2,10,2021-07-12,96,1.0,True,198.0,191.84937668826294,-6.150623311737064,6.150623311737064,2021-07-12 08:45:00,2021-07-12 08:45:00,0.0,0.0
D2,F1-core-lightgbm,2,10,2021-07-13,1,0.010416666666666666,False,79.0,83.19732737338067,4.1973273733806735,4.1973273733806735,2021-07-13 00:00:00,2021-07-13 00:00:00,0.0,0.0
D2,F1-core-lightgbm,2,10,2021-07-17,74,0.7708333333333334,False,108.0,121.4016680854228,13.401668085422799,13.401668085422799,2021-07-17 06:00:00,2021-07-17 08:30:00,150.0,150.0
D2,F1-core-lightgbm,2,10,2021-07-18,84,0.875,False,28.0,76.8523010843896,48.852301084389595,48.852301084389595,2021-07-18 01:15:00,2021-07-18 08:30:00,435.0,435.0
D2,F1-core-lightgbm,2,10,2021-07-26,84,0.875,False,217.0,188.68704049509014,-28.312959504909855,28.312959504909855,2021-07-26 08:30:00,2021-07-26 08:45:00,15.0,15.0
D2,F1-core-lightgbm,2,10,2021-07-27,84,0.875,False,211.0,177.82608357978614,-33.17391642021386,33.17391642021386,2021-07-27 11:45:00,2021-07-27 14:00:00,135.0,135.0
D2,F1-core-lightgbm,2,10,2021-07-28,84,0.875,False,212.0,177.93530616879264,-34.064693831207364,34.064693831207364,2021-07-28 12:00:00,2021-07-28 14:00:00,120.0,120.0
D2,F1-core-lightgbm,2,10,2021-07-29,84,0.875,False,211.0,177.3718202997444,-33.6281797002556,33.6281797002556,2021-07-29 12:00:00,2021-07-29 12:00:00,0.0,0.0
D2,F1-core-lightgbm,2,10,2021-07-30,85,0.8854166666666666,False,212.0,176.75255243833766,-35.24744756166234,35.24744756166234,2021-07-30 12:00:00,2021-07-30 13:45:00,105.0,105.0
D2,F1-core-lightgbm,2,10,2021-07-31,96,1.0,True,80.0,108.13650217670646,28.136502176706458,28.136502176706458,2021-07-31 00:00:00,2021-07-31 02:30:00,150.0,150.0
D2,F1-core-lightgbm,2,10,2021-08-01,96,1.0,True,28.0,37.985699870938,9.985699870938,9.985699870938,2021-08-01 09:00:00,2021-08-01 08:15:00,-45.0,45.0
D2,F1-core-lightgbm,2,10,2021-08-09,1,0.010416666666666666,False,21.0,24.419023731597925,3.4190237315979246,3.4190237315979246,2021-08-09 00:00:00,2021-08-09 00:00:00,0.0,0.0
D2,F1-core-lightgbm,2,11,2021-07-12,96,1.0,True,198.0,193.16915620394482,-4.830843796055177,4.830843796055177,2021-07-12 08:45:00,2021-07-12 09:45:00,60.0,60.0
D2,F1-core-lightgbm,2,11,2021-07-13,1,0.010416666666666666,False,79.0,82.39372384737233,3.3937238473723284,3.3937238473723284,2021-07-13 00:00:00,2021-07-13 00:00:00,0.0,0.0
D2,F1-core-lightgbm,2,11,2021-07-17,73,0.7604166666666666,False,108.0,122.42657560251159,14.42657560251159,14.42657560251159,2021-07-17 06:00:00,2021-07-17 08:30:00,150.0,150.0
D2,F1-core-lightgbm,2,11,2021-07-18,84,0.875,False,28.0,79.2740906809779,51.274090680977906,51.274090680977906,2021-07-18 01:15:00,2021-07-18 09:45:00,510.0,510.0
D2,F1-core-lightgbm,2,11,2021-07-26,84,0.875,False,217.0,190.9484301165476,-26.0515698834524,26.0515698834524,2021-07-26 08:30:00,2021-07-26 08:45:00,15.0,15.0
D2,F1-core-lightgbm,2,11,2021-07-27,84,0.875,False,211.0,179.04717480888755,-31.952825191112453,31.952825191112453,2021-07-27 11:45:00,2021-07-27 11:45:00,0.0,0.0
D2,F1-core-lightgbm,2,11,2021-07-28,84,0.875,False,212.0,178.67377472909317,-33.32622527090683,33.32622527090683,2021-07-28 12:00:00,2021-07-28 15:00:00,180.0,180.0
D2,F1-core-lightgbm,2,11,2021-07-29,84,0.875,False,211.0,179.04717480888755,-31.952825191112453,31.952825191112453,2021-07-29 12:00:00,2021-07-29 11:45:00,-15.0,15.0
D2,F1-core-lightgbm,2,11,2021-07-30,85,0.8854166666666666,False,212.0,178.25498896442016,-33.745011035579836,33.745011035579836,2021-07-30 12:00:00,2021-07-30 13:15:00,75.0,75.0
D2,F1-core-lightgbm,2,11,2021-07-31,96,1.0,True,80.0,109.92465871237673,29.924658712376726,29.924658712376726,2021-07-31 00:00:00,2021-07-31 02:15:00,135.0,135.0
D2,F1-core-lightgbm,2,11,2021-08-01,96,1.0,True,28.0,40.28197235658633,12.28197235658633,12.28197235658633,2021-08-01 09:00:00,2021-08-01 11:45:00,165.0,165.0
D2,F1-core-lightgbm,2,11,2021-08-09,1,0.010416666666666666,False,21.0,24.711013278199175,3.711013278199175,3.711013278199175,2021-08-09 00:00:00,2021-08-09 00:00:00,0.0,0.0
D2,F1-core-lightgbm,2,12,2021-07-12,96,1.0,True,198.0,193.96153748724595,-4.038462512754052,4.038462512754052,2021-07-12 08:45:00,2021-07-12 09:45:00,60.0,60.0
D2,F1-core-lightgbm,2,12,2021-07-13,1,0.010416666666666666,False,79.0,80.6459014380249,1.645901438024893,1.645901438024893,2021-07-13 00:00:00,2021-07-13 00:00:00,0.0,0.0
D2,F1-core-lightgbm,2,12,2021-07-17,72,0.75,False,108.0,112.25473999603634,4.254739996036335,4.254739996036335,2021-07-17 06:00:00,2021-07-17 08:30:00,150.0,150.0
D2,F1-core-lightgbm,2,12,2021-07-18,84,0.875,False,28.0,77.778903106492,49.778903106491995,49.778903106491995,2021-07-18 01:15:00,2021-07-18 09:45:00,510.0,510.0
D2,F1-core-lightgbm,2,12,2021-07-26,84,0.875,False,217.0,189.19579259443412,-27.804207405565876,27.804207405565876,2021-07-26 08:30:00,2021-07-26 08:45:00,15.0,15.0
D2,F1-core-lightgbm,2,12,2021-07-27,84,0.875,False,211.0,180.34175528826484,-30.658244711735165,30.658244711735165,2021-07-27 11:45:00,2021-07-27 08:45:00,-180.0,180.0
D2,F1-core-lightgbm,2,12,2021-07-28,84,0.875,False,212.0,180.22447129401507,-31.775528705984925,31.775528705984925,2021-07-28 12:00:00,2021-07-28 15:45:00,225.0,225.0
D2,F1-core-lightgbm,2,12,2021-07-29,84,0.875,False,211.0,179.73183940214437,-31.268160597855626,31.268160597855626,2021-07-29 12:00:00,2021-07-29 12:00:00,0.0,0.0
D2,F1-core-lightgbm,2,12,2021-07-30,85,0.8854166666666666,False,212.0,180.22447129401507,-31.775528705984925,31.775528705984925,2021-07-30 12:00:00,2021-07-30 15:45:00,225.0,225.0
D2,F1-core-lightgbm,2,12,2021-07-31,96,1.0,True,80.0,110.2303448598487,30.2303448598487,30.2303448598487,2021-07-31 00:00:00,2021-07-31 02:15:00,135.0,135.0
D2,F1-core-lightgbm,2,12,2021-08-01,96,1.0,True,28.0,40.94754839310714,12.947548393107141,12.947548393107141,2021-08-01 09:00:00,2021-08-01 01:00:00,-480.0,480.0
D2,F1-core-lightgbm,2,12,2021-08-09,1,0.010416666666666666,False,21.0,24.13737635889557,3.137376358895569,3.137376358895569,2021-08-09 00:00:00,2021-08-09 00:00:00,0.0,0.0
D2,F1-core-lightgbm,2,13,2021-07-12,96,1.0,True,198.0,188.70799562592254,-9.292004374077464,9.292004374077464,2021-07-12 08:45:00,2021-07-12 09:30:00,45.0,45.0
D2,F1-core-lightgbm,2,13,2021-07-13,1,0.010416666666666666,False,79.0,80.46556874831509,1.4655687483150928,1.4655687483150928,2021-07-13 00:00:00,2021-07-13 00:00:00,0.0,0.0
D2,F1-core-lightgbm,2,13,2021-07-17,71,0.7395833333333334,False,96.0,108.24879550710021,12.248795507100212,12.248795507100212,2021-07-17 06:15:00,2021-07-17 06:15:00,0.0,0.0
D2,F1-core-lightgbm,2,13,2021-07-18,84,0.875,False,28.0,81.3175930022305,53.317593002230495,53.317593002230495,2021-07-18 01:15:00,2021-07-18 09:45:00,510.0,510.0
D2,F1-core-lightgbm,2,13,2021-07-26,84,0.875,False,217.0,185.09306477655204,-31.90693522344796,31.90693522344796,2021-07-26 08:30:00,2021-07-26 08:30:00,0.0,0.0
D2,F1-core-lightgbm,2,13,2021-07-27,84,0.875,False,211.0,175.98760387277173,-35.01239612722827,35.01239612722827,2021-07-27 11:45:00,2021-07-27 11:45:00,0.0,0.0
D2,F1-core-lightgbm,2,13,2021-07-28,84,0.875,False,212.0,175.967672546651,-36.03232745334901,36.03232745334901,2021-07-28 12:00:00,2021-07-28 14:15:00,135.0,135.0
D2,F1-core-lightgbm,2,13,2021-07-29,84,0.875,False,211.0,175.1415491455678,-35.85845085443219,35.85845085443219,2021-07-29 12:00:00,2021-07-29 13:45:00,105.0,105.0
D2,F1-core-lightgbm,2,13,2021-07-30,85,0.8854166666666666,False,212.0,175.65079629905657,-36.349203700943434,36.349203700943434,2021-07-30 12:00:00,2021-07-30 14:00:00,120.0,120.0
D2,F1-core-lightgbm,2,13,2021-07-31,96,1.0,True,80.0,108.53832770580934,28.538327705809337,28.538327705809337,2021-07-31 00:00:00,2021-07-31 02:15:00,135.0,135.0
D2,F1-core-lightgbm,2,13,2021-08-01,96,1.0,True,28.0,54.37660067931182,26.37660067931182,26.37660067931182,2021-08-01 09:00:00,2021-08-01 01:15:00,-465.0,465.0
D2,F1-core-lightgbm,2,13,2021-08-09,1,0.010416666666666666,False,21.0,23.881125806832284,2.8811258068322836,2.8811258068322836,2021-08-09 00:00:00,2021-08-09 00:00:00,0.0,0.0
D2,F1-core-lightgbm,2,14,2021-07-12,96,1.0,True,198.0,180.4362705261007,-17.563729473899286,17.563729473899286,2021-07-12 08:45:00,2021-07-12 09:15:00,30.0,30.0
D2,F1-core-lightgbm,2,14,2021-07-13,1,0.010416666666666666,False,79.0,85.68800536310998,6.68800536310998,6.68800536310998,2021-07-13 00:00:00,2021-07-13 00:00:00,0.0,0.0
D2,F1-core-lightgbm,2,14,2021-07-17,70,0.7291666666666666,False,88.0,116.4773859250036,28.477385925003603,28.477385925003603,2021-07-17 07:15:00,2021-07-17 07:45:00,30.0,30.0
D2,F1-core-lightgbm,2,14,2021-07-18,84,0.875,False,28.0,72.71096690404521,44.71096690404521,44.71096690404521,2021-07-18 01:15:00,2021-07-18 09:45:00,510.0,510.0
D2,F1-core-lightgbm,2,14,2021-07-26,84,0.875,False,217.0,179.34086272114865,-37.65913727885135,37.65913727885135,2021-07-26 08:30:00,2021-07-26 08:30:00,0.0,0.0
D2,F1-core-lightgbm,2,14,2021-07-27,84,0.875,False,211.0,170.8025216213035,-40.1974783786965,40.1974783786965,2021-07-27 11:45:00,2021-07-27 08:45:00,-180.0,180.0
D2,F1-core-lightgbm,2,14,2021-07-28,84,0.875,False,212.0,170.44018909932913,-41.55981090067087,41.55981090067087,2021-07-28 12:00:00,2021-07-28 14:15:00,135.0,135.0
D2,F1-core-lightgbm,2,14,2021-07-29,84,0.875,False,211.0,170.44018909932913,-40.55981090067087,40.55981090067087,2021-07-29 12:00:00,2021-07-29 14:00:00,120.0,120.0
D2,F1-core-lightgbm,2,14,2021-07-30,84,0.875,False,212.0,170.39303447843193,-41.60696552156807,41.60696552156807,2021-07-30 12:00:00,2021-07-30 14:15:00,135.0,135.0
D2,F1-core-lightgbm,2,14,2021-07-31,96,1.0,True,80.0,109.58601445645807,29.586014456458074,29.586014456458074,2021-07-31 00:00:00,2021-07-31 03:30:00,210.0,210.0
D2,F1-core-lightgbm,2,14,2021-08-01,96,1.0,True,28.0,42.162139936485524,14.162139936485524,14.162139936485524,2021-08-01 09:00:00,2021-08-01 08:30:00,-30.0,30.0
D2,F1-core-lightgbm,2,14,2021-08-09,1,0.010416666666666666,False,21.0,27.318686946444338,6.318686946444338,6.318686946444338,2021-08-09 00:00:00,2021-08-09 00:00:00,0.0,0.0
D2,F1-core-lightgbm,2,15,2021-07-12,96,1.0,True,198.0,182.32078328729108,-15.679216712708921,15.679216712708921,2021-07-12 08:45:00,2021-07-12 10:30:00,105.0,105.0
D2,F1-core-lightgbm,2,15,2021-07-13,1,0.010416666666666666,False,79.0,85.83745290685201,6.837452906852008,6.837452906852008,2021-07-13 00:00:00,2021-07-13 00:00:00,0.0,0.0
D2,F1-core-lightgbm,2,15,2021-07-17,69,0.71875,False,88.0,108.3919463147263,20.391946314726297,20.391946314726297,2021-07-17 07:15:00,2021-07-17 11:15:00,240.0,240.0
D2,F1-core-lightgbm,2,15,2021-07-18,84,0.875,False,28.0,79.530691552042,51.530691552042,51.530691552042,2021-07-18 01:15:00,2021-07-18 09:45:00,510.0,510.0
D2,F1-core-lightgbm,2,15,2021-07-26,84,0.875,False,217.0,178.01002526985135,-38.989974730148646,38.989974730148646,2021-07-26 08:30:00,2021-07-26 10:45:00,135.0,135.0
D2,F1-core-lightgbm,2,15,2021-07-27,84,0.875,False,211.0,174.5980589198635,-36.40194108013651,36.40194108013651,2021-07-27 11:45:00,2021-07-27 08:30:00,-195.0,195.0
D2,F1-core-lightgbm,2,15,2021-07-28,84,0.875,False,212.0,172.93044379091648,-39.069556209083515,39.069556209083515,2021-07-28 12:00:00,2021-07-28 13:30:00,90.0,90.0
D2,F1-core-lightgbm,2,15,2021-07-29,84,0.875,False,211.0,174.98752841819453,-36.01247158180547,36.01247158180547,2021-07-29 12:00:00,2021-07-29 08:45:00,-195.0,195.0
D2,F1-core-lightgbm,2,15,2021-07-30,84,0.875,False,212.0,172.88193092731774,-39.11806907268226,39.11806907268226,2021-07-30 12:00:00,2021-07-30 13:15:00,75.0,75.0
D2,F1-core-lightgbm,2,15,2021-07-31,96,1.0,True,80.0,109.87322591135556,29.87322591135556,29.87322591135556,2021-07-31 00:00:00,2021-07-31 01:45:00,105.0,105.0
D2,F1-core-lightgbm,2,15,2021-08-01,96,1.0,True,28.0,45.2062552041806,17.2062552041806,17.2062552041806,2021-08-01 09:00:00,2021-08-01 12:45:00,225.0,225.0
D2,F1-core-lightgbm,2,15,2021-08-09,1,0.010416666666666666,False,21.0,24.56996427309127,3.5699642730912693,3.5699642730912693,2021-08-09 00:00:00,2021-08-09 00:00:00,0.0,0.0
D2,F1-core-lightgbm,2,16,2021-07-12,96,1.0,True,198.0,178.31609904898858,-19.683900951011424,19.683900951011424,2021-07-12 08:45:00,2021-07-12 08:45:00,0.0,0.0
D2,F1-core-lightgbm,2,16,2021-07-13,1,0.010416666666666666,False,79.0,86.66086064561652,7.660860645616523,7.660860645616523,2021-07-13 00:00:00,2021-07-13 00:00:00,0.0,0.0
D2,F1-core-lightgbm,2,16,2021-07-17,68,0.7083333333333334,False,88.0,115.90684752185086,27.906847521850864,27.906847521850864,2021-07-17 07:15:00,2021-07-17 08:45:00,90.0,90.0
D2,F1-core-lightgbm,2,16,2021-07-18,84,0.875,False,28.0,77.52100876555845,49.52100876555845,49.52100876555845,2021-07-18 01:15:00,2021-07-18 09:45:00,510.0,510.0
D2,F1-core-lightgbm,2,16,2021-07-26,84,0.875,False,217.0,178.31609904898858,-38.683900951011424,38.683900951011424,2021-07-26 08:30:00,2021-07-26 11:00:00,150.0,150.0
D2,F1-core-lightgbm,2,16,2021-07-27,84,0.875,False,211.0,170.61768452021448,-40.38231547978552,40.38231547978552,2021-07-27 11:45:00,2021-07-27 13:30:00,105.0,105.0
D2,F1-core-lightgbm,2,16,2021-07-28,84,0.875,False,212.0,170.61768452021448,-41.38231547978552,41.38231547978552,2021-07-28 12:00:00,2021-07-28 14:15:00,135.0,135.0
D2,F1-core-lightgbm,2,16,2021-07-29,84,0.875,False,211.0,170.61768452021448,-40.38231547978552,40.38231547978552,2021-07-29 12:00:00,2021-07-29 14:15:00,135.0,135.0
D2,F1-core-lightgbm,2,16,2021-07-30,84,0.875,False,212.0,170.5694373735202,-41.4305626264798,41.4305626264798,2021-07-30 12:00:00,2021-07-30 14:15:00,135.0,135.0
D2,F1-core-lightgbm,2,16,2021-07-31,96,1.0,True,80.0,109.17308160529649,29.17308160529649,29.17308160529649,2021-07-31 00:00:00,2021-07-31 04:00:00,240.0,240.0
D2,F1-core-lightgbm,2,16,2021-08-01,96,1.0,True,28.0,42.65835520530866,14.65835520530866,14.65835520530866,2021-08-01 09:00:00,2021-08-01 02:00:00,-420.0,420.0
D2,F1-core-lightgbm,2,16,2021-08-09,1,0.010416666666666666,False,21.0,25.7342039692289,4.734203969228901,4.734203969228901,2021-08-09 00:00:00,2021-08-09 00:00:00,0.0,0.0
