dataset,model,fold,horizon,target_day,observed_slots,slot_coverage,full_day,actual_daily_max,predicted_daily_max,daily_max_error,daily_max_abs_error,actual_peak_time,predicted_peak_time,timing_error_minutes,timing_abs_error_minutes
D1,F1-10-production-once,0,4,2021-04-19,96,1.0,True,172.0,187.04693416151827,15.046934161518266,15.046934161518266,2021-04-19 08:45:00,2021-04-19 09:00:00,15.0,15.0
D1,F1-10-production-once,0,4,2021-04-20,96,1.0,True,172.0,194.93895588699772,22.938955886997718,22.938955886997718,2021-04-20 08:45:00,2021-04-20 09:00:00,15.0,15.0
D1,F1-10-production-once,0,4,2021-04-21,96,1.0,True,174.0,170.03648786059946,-3.9635121394005353,3.9635121394005353,2021-04-21 08:30:00,2021-04-21 10:00:00,90.0,90.0
D1,F1-10-production-once,0,4,2021-04-22,96,1.0,True,174.0,173.12195311890565,-0.8780468810943489,0.8780468810943489,2021-04-22 08:30:00,2021-04-22 09:00:00,30.0,30.0
D1,F1-10-production-once,0,4,2021-04-23,96,1.0,True,174.0,150.4776199651663,-23.522380034833702,23.522380034833702,2021-04-23 08:30:00,2021-04-23 18:00:00,570.0,570.0
D1,F1-10-production-once,0,4,2021-04-24,96,1.0,True,112.0,107.44209407871888,-4.557905921281119,4.557905921281119,2021-04-24 06:15:00,2021-04-24 03:30:00,-165.0,165.0
D1,F1-10-production-once,0,4,2021-04-25,96,1.0,True,25.0,26.119900915231334,1.1199009152313337,1.1199009152313337,2021-04-25 01:30:00,2021-04-25 08:15:00,405.0,405.0
D1,F1-10-production-once,0,4,2021-05-03,96,1.0,True,184.0,205.99854556770305,21.998545567703047,21.998545567703047,2021-05-03 08:30:00,2021-05-03 09:00:00,30.0,30.0
D1,F1-10-production-once,0,4,2021-05-04,96,1.0,True,181.0,177.3563027144332,-3.6436972855667875,3.6436972855667875,2021-05-04 08:30:00,2021-05-04 10:45:00,135.0,135.0
D1,F1-10-production-once,0,4,2021-05-05,96,1.0,True,120.0,169.81705044325744,49.81705044325744,49.81705044325744,2021-05-05 04:15:00,2021-05-05 08:30:00,255.0,255.0
D1,F1-10-production-once,0,4,2021-05-06,96,1.0,True,199.0,177.8877196910132,-21.11228030898681,21.11228030898681,2021-05-06 09:00:00,2021-05-06 12:00:00,180.0,180.0
D1,F1-10-production-once,0,4,2021-05-07,96,1.0,True,181.0,174.33069157034012,-6.669308429659878,6.669308429659878,2021-05-07 09:00:00,2021-05-07 09:15:00,15.0,15.0
D1,F1-10-production-once,0,4,2021-05-08,96,1.0,True,115.0,108.51037475166925,-6.4896252483307535,6.4896252483307535,2021-05-08 02:00:00,2021-05-08 03:45:00,105.0,105.0
D1,F1-10-production-once,0,4,2021-05-09,96,1.0,True,184.0,170.42296297611014,-13.577037023889858,13.577037023889858,2021-05-09 09:00:00,2021-05-09 10:00:00,60.0,60.0
D1,F1-10-production-once,0,5,2021-04-19,96,1.0,True,172.0,172.35257706854688,0.35257706854687854,0.35257706854687854,2021-04-19 08:45:00,2021-04-19 09:45:00,60.0,60.0
D1,F1-10-production-once,0,5,2021-04-20,96,1.0,True,172.0,180.1274395864741,8.127439586474111,8.127439586474111,2021-04-20 08:45:00,2021-04-20 09:15:00,30.0,30.0
D1,F1-10-production-once,0,5,2021-04-21,96,1.0,True,174.0,171.6100359356289,-2.3899640643710995,2.3899640643710995,2021-04-21 08:30:00,2021-04-21 10:45:00,135.0,135.0
D1,F1-10-production-once,0,5,2021-04-22,96,1.0,True,174.0,179.4592935046398,5.459293504639788,5.459293504639788,2021-04-22 08:30:00,2021-04-22 09:00:00,30.0,30.0
D1,F1-10-production-once,0,5,2021-04-23,96,1.0,True,174.0,152.8871051205324,-21.112894879467603,21.112894879467603,2021-04-23 08:30:00,2021-04-23 18:00:00,570.0,570.0
D1,F1-10-production-once,0,5,2021-04-24,96,1.0,True,112.0,109.11384255028855,-2.8861574497114475,2.8861574497114475,2021-04-24 06:15:00,2021-04-24 02:00:00,-255.0,255.0
D1,F1-10-production-once,0,5,2021-04-25,96,1.0,True,25.0,29.30997917069895,4.3099791706989485,4.3099791706989485,2021-04-25 01:30:00,2021-04-25 08:00:00,390.0,390.0
D1,F1-10-production-once,0,5,2021-05-03,96,1.0,True,184.0,196.44205278889066,12.442052788890663,12.442052788890663,2021-05-03 08:30:00,2021-05-03 09:15:00,45.0,45.0
D1,F1-10-production-once,0,5,2021-05-04,96,1.0,True,181.0,174.97035977802528,-6.0296402219747165,6.0296402219747165,2021-05-04 08:30:00,2021-05-04 09:15:00,45.0,45.0
D1,F1-10-production-once,0,5,2021-05-05,96,1.0,True,120.0,173.52754428439346,53.52754428439346,53.52754428439346,2021-05-05 04:15:00,2021-05-05 08:30:00,255.0,255.0
D1,F1-10-production-once,0,5,2021-05-06,96,1.0,True,199.0,181.27729905744764,-17.722700942552365,17.722700942552365,2021-05-06 09:00:00,2021-05-06 11:15:00,135.0,135.0
D1,F1-10-production-once,0,5,2021-05-07,96,1.0,True,181.0,175.76294903051436,-5.237050969485637,5.237050969485637,2021-05-07 09:00:00,2021-05-07 09:15:00,15.0,15.0
D1,F1-10-production-once,0,5,2021-05-08,96,1.0,True,115.0,112.4973670153495,-2.5026329846505035,2.5026329846505035,2021-05-08 02:00:00,2021-05-08 07:45:00,345.0,345.0
D1,F1-10-production-once,0,5,2021-05-09,96,1.0,True,184.0,168.0480726437141,-15.951927356285893,15.951927356285893,2021-05-09 09:00:00,2021-05-09 11:00:00,120.0,120.0
D1,F1-10-production-once,0,6,2021-04-19,96,1.0,True,172.0,169.62907584444912,-2.370924155550881,2.370924155550881,2021-04-19 08:45:00,2021-04-19 10:30:00,105.0,105.0
D1,F1-10-production-once,0,6,2021-04-20,96,1.0,True,172.0,187.57605267743216,15.576052677432159,15.576052677432159,2021-04-20 08:45:00,2021-04-20 09:30:00,45.0,45.0
D1,F1-10-production-once,0,6,2021-04-21,96,1.0,True,174.0,172.87142190991904,-1.128578090080964,1.128578090080964,2021-04-21 08:30:00,2021-04-21 10:00:00,90.0,90.0
D1,F1-10-production-once,0,6,2021-04-22,96,1.0,True,174.0,173.13020676117083,-0.8697932388291747,0.8697932388291747,2021-04-22 08:30:00,2021-04-22 09:15:00,45.0,45.0
D1,F1-10-production-once,0,6,2021-04-23,96,1.0,True,174.0,145.58419114369468,-28.41580885630532,28.41580885630532,2021-04-23 08:30:00,2021-04-23 18:00:00,570.0,570.0
D1,F1-10-production-once,0,6,2021-04-24,96,1.0,True,112.0,111.28123416100598,-0.7187658389940168,0.7187658389940168,2021-04-24 06:15:00,2021-04-24 01:45:00,-270.0,270.0
D1,F1-10-production-once,0,6,2021-04-25,96,1.0,True,25.0,25.866435878770012,0.8664358787700124,0.8664358787700124,2021-04-25 01:30:00,2021-04-25 08:00:00,390.0,390.0
D1,F1-10-production-once,0,6,2021-05-03,96,1.0,True,184.0,193.23211463333013,9.232114633330127,9.232114633330127,2021-05-03 08:30:00,2021-05-03 09:00:00,30.0,30.0
D1,F1-10-production-once,0,6,2021-05-04,96,1.0,True,181.0,190.79149654942714,9.791496549427137,9.791496549427137,2021-05-04 08:30:00,2021-05-04 08:30:00,0.0,0.0
D1,F1-10-production-once,0,6,2021-05-05,96,1.0,True,120.0,175.94823805319135,55.948238053191346,55.948238053191346,2021-05-05 04:15:00,2021-05-05 08:30:00,255.0,255.0
D1,F1-10-production-once,0,6,2021-05-06,96,1.0,True,199.0,180.5889502938203,-18.41104970617971,18.41104970617971,2021-05-06 09:00:00,2021-05-06 11:30:00,150.0,150.0
D1,F1-10-production-once,0,6,2021-05-07,96,1.0,True,181.0,170.98762265434218,-10.012377345657825,10.012377345657825,2021-05-07 09:00:00,2021-05-07 08:45:00,-15.0,15.0
D1,F1-10-production-once,0,6,2021-05-08,96,1.0,True,115.0,117.88186629011904,2.881866290119035,2.881866290119035,2021-05-08 02:00:00,2021-05-08 07:45:00,345.0,345.0
D1,F1-10-production-once,0,6,2021-05-09,96,1.0,True,184.0,160.0155980852391,-23.984401914760895,23.984401914760895,2021-05-09 09:00:00,2021-05-09 11:00:00,120.0,120.0
D1,F1-10-production-once,0,7,2021-04-19,96,1.0,True,172.0,178.66879065211123,6.668790652111227,6.668790652111227,2021-04-19 08:45:00,2021-04-19 09:45:00,60.0,60.0
D1,F1-10-production-once,0,7,2021-04-20,96,1.0,True,172.0,175.79820332358622,3.798203323586222,3.798203323586222,2021-04-20 08:45:00,2021-04-20 10:45:00,120.0,120.0
D1,F1-10-production-once,0,7,2021-04-21,96,1.0,True,174.0,173.96385419616095,-0.036145803839048085,0.036145803839048085,2021-04-21 08:30:00,2021-04-21 14:00:00,330.0,330.0
D1,F1-10-production-once,0,7,2021-04-22,96,1.0,True,174.0,170.40491834285382,-3.5950816571461814,3.5950816571461814,2021-04-22 08:30:00,2021-04-22 14:45:00,375.0,375.0
D1,F1-10-production-once,0,7,2021-04-23,96,1.0,True,174.0,144.7004376842244,-29.299562315775603,29.299562315775603,2021-04-23 08:30:00,2021-04-23 18:00:00,570.0,570.0
D1,F1-10-production-once,0,7,2021-04-24,96,1.0,True,112.0,111.70194526176716,-0.29805473823283535,0.29805473823283535,2021-04-24 06:15:00,2021-04-24 02:00:00,-255.0,255.0
D1,F1-10-production-once,0,7,2021-04-25,96,1.0,True,25.0,35.593338644621305,10.593338644621305,10.593338644621305,2021-04-25 01:30:00,2021-04-25 08:30:00,420.0,420.0
D1,F1-10-production-once,0,7,2021-05-03,96,1.0,True,184.0,194.45401985288018,10.45401985288018,10.45401985288018,2021-05-03 08:30:00,2021-05-03 09:45:00,75.0,75.0
D1,F1-10-production-once,0,7,2021-05-04,96,1.0,True,181.0,178.27449318296837,-2.7255068170316292,2.7255068170316292,2021-05-04 08:30:00,2021-05-04 09:00:00,30.0,30.0
D1,F1-10-production-once,0,7,2021-05-05,96,1.0,True,120.0,181.19241463935796,61.19241463935796,61.19241463935796,2021-05-05 04:15:00,2021-05-05 08:30:00,255.0,255.0
D1,F1-10-production-once,0,7,2021-05-06,96,1.0,True,199.0,181.26875874622317,-17.73124125377683,17.73124125377683,2021-05-06 09:00:00,2021-05-06 14:15:00,315.0,315.0
D1,F1-10-production-once,0,7,2021-05-07,96,1.0,True,181.0,178.8926660781044,-2.107333921895588,2.107333921895588,2021-05-07 09:00:00,2021-05-07 10:30:00,90.0,90.0
D1,F1-10-production-once,0,7,2021-05-08,96,1.0,True,115.0,109.39945489417234,-5.600545105827663,5.600545105827663,2021-05-08 02:00:00,2021-05-08 04:00:00,120.0,120.0
D1,F1-10-production-once,0,7,2021-05-09,96,1.0,True,184.0,163.39480277600157,-20.60519722399843,20.60519722399843,2021-05-09 09:00:00,2021-05-09 15:00:00,360.0,360.0
D1,F1-10-production-once,0,8,2021-04-19,96,1.0,True,172.0,177.53637197999618,5.536371979996176,5.536371979996176,2021-04-19 08:45:00,2021-04-19 10:00:00,75.0,75.0
D1,F1-10-production-once,0,8,2021-04-20,96,1.0,True,172.0,174.017221674224,2.017221674224004,2.017221674224004,2021-04-20 08:45:00,2021-04-20 09:45:00,60.0,60.0
D1,F1-10-production-once,0,8,2021-04-21,96,1.0,True,174.0,169.4765718918166,-4.523428108183396,4.523428108183396,2021-04-21 08:30:00,2021-04-21 15:00:00,390.0,390.0
D1,F1-10-production-once,0,8,2021-04-22,96,1.0,True,174.0,167.74506300016185,-6.254936999838151,6.254936999838151,2021-04-22 08:30:00,2021-04-22 09:45:00,75.0,75.0
D1,F1-10-production-once,0,8,2021-04-23,96,1.0,True,174.0,135.55916408697013,-38.44083591302987,38.44083591302987,2021-04-23 08:30:00,2021-04-23 18:00:00,570.0,570.0
D1,F1-10-production-once,0,8,2021-04-24,96,1.0,True,112.0,109.20197008931889,-2.798029910681109,2.798029910681109,2021-04-24 06:15:00,2021-04-24 04:30:00,-105.0,105.0
D1,F1-10-production-once,0,8,2021-04-25,96,1.0,True,25.0,39.50219986600281,14.502199866002812,14.502199866002812,2021-04-25 01:30:00,2021-04-25 03:00:00,90.0,90.0
D1,F1-10-production-once,0,8,2021-05-03,96,1.0,True,184.0,195.71115167719844,11.711151677198444,11.711151677198444,2021-05-03 08:30:00,2021-05-03 10:00:00,90.0,90.0
D1,F1-10-production-once,0,8,2021-05-04,96,1.0,True,181.0,180.10408327040489,-0.8959167295951147,0.8959167295951147,2021-05-04 08:30:00,2021-05-04 09:30:00,60.0,60.0
D1,F1-10-production-once,0,8,2021-05-05,96,1.0,True,120.0,182.52163247267072,62.52163247267072,62.52163247267072,2021-05-05 04:15:00,2021-05-05 08:45:00,270.0,270.0
D1,F1-10-production-once,0,8,2021-05-06,96,1.0,True,199.0,180.4526487952263,-18.54735120477369,18.54735120477369,2021-05-06 09:00:00,2021-05-06 14:30:00,330.0,330.0
D1,F1-10-production-once,0,8,2021-05-07,96,1.0,True,181.0,168.67375250160865,-12.326247498391353,12.326247498391353,2021-05-07 09:00:00,2021-05-07 09:15:00,15.0,15.0
D1,F1-10-production-once,0,8,2021-05-08,96,1.0,True,115.0,109.84761677941816,-5.152383220581839,5.152383220581839,2021-05-08 02:00:00,2021-05-08 04:30:00,150.0,150.0
D1,F1-10-production-once,0,8,2021-05-09,96,1.0,True,184.0,149.29606602147476,-34.70393397852524,34.70393397852524,2021-05-09 09:00:00,2021-05-09 15:00:00,360.0,360.0
D1,F1-10-production-once,0,9,2021-04-19,96,1.0,True,172.0,182.79758215772156,10.797582157721564,10.797582157721564,2021-04-19 08:45:00,2021-04-19 10:30:00,105.0,105.0
D1,F1-10-production-once,0,9,2021-04-20,96,1.0,True,172.0,169.14410863860002,-2.8558913613999835,2.8558913613999835,2021-04-20 08:45:00,2021-04-20 13:15:00,270.0,270.0
D1,F1-10-production-once,0,9,2021-04-21,96,1.0,True,174.0,169.58730223402344,-4.41269776597656,4.41269776597656,2021-04-21 08:30:00,2021-04-21 10:45:00,135.0,135.0
D1,F1-10-production-once,0,9,2021-04-22,96,1.0,True,174.0,166.1011500823989,-7.898849917601098,7.898849917601098,2021-04-22 08:30:00,2021-04-22 10:00:00,90.0,90.0
D1,F1-10-production-once,0,9,2021-04-23,96,1.0,True,174.0,146.00483746552666,-27.995162534473337,27.995162534473337,2021-04-23 08:30:00,2021-04-23 18:00:00,570.0,570.0
D1,F1-10-production-once,0,9,2021-04-24,96,1.0,True,112.0,109.78162676209188,-2.218373237908125,2.218373237908125,2021-04-24 06:15:00,2021-04-24 04:45:00,-90.0,90.0
D1,F1-10-production-once,0,9,2021-04-25,96,1.0,True,25.0,34.39179905241477,9.391799052414768,9.391799052414768,2021-04-25 01:30:00,2021-04-25 03:15:00,105.0,105.0
D1,F1-10-production-once,0,9,2021-05-03,96,1.0,True,184.0,188.75253181495654,4.752531814956541,4.752531814956541,2021-05-03 08:30:00,2021-05-03 09:00:00,30.0,30.0
D1,F1-10-production-once,0,9,2021-05-04,96,1.0,True,181.0,178.1256582247529,-2.874341775247103,2.874341775247103,2021-05-04 08:30:00,2021-05-04 08:30:00,0.0,0.0
D1,F1-10-production-once,0,9,2021-05-05,96,1.0,True,120.0,179.44753808049296,59.44753808049296,59.44753808049296,2021-05-05 04:15:00,2021-05-05 08:45:00,270.0,270.0
D1,F1-10-production-once,0,9,2021-05-06,96,1.0,True,199.0,187.90023998708168,-11.099760012918324,11.099760012918324,2021-05-06 09:00:00,2021-05-06 11:00:00,120.0,120.0
D1,F1-10-production-once,0,9,2021-05-07,96,1.0,True,181.0,173.88632026736545,-7.1136797326345516,7.1136797326345516,2021-05-07 09:00:00,2021-05-07 08:30:00,-30.0,30.0
D1,F1-10-production-once,0,9,2021-05-08,96,1.0,True,115.0,109.65951561895899,-5.3404843810410085,5.3404843810410085,2021-05-08 02:00:00,2021-05-08 04:00:00,120.0,120.0
D1,F1-10-production-once,0,9,2021-05-09,96,1.0,True,184.0,169.95708676924724,-14.04291323075276,14.04291323075276,2021-05-09 09:00:00,2021-05-09 15:30:00,390.0,390.0
D1,F1-10-production-once,0,10,2021-04-19,96,1.0,True,172.0,191.73724589919266,19.737245899192658,19.737245899192658,2021-04-19 08:45:00,2021-04-19 10:45:00,120.0,120.0
D1,F1-10-production-once,0,10,2021-04-20,96,1.0,True,172.0,176.78886107869923,4.788861078699227,4.788861078699227,2021-04-20 08:45:00,2021-04-20 10:30:00,105.0,105.0
D1,F1-10-production-once,0,10,2021-04-21,96,1.0,True,174.0,172.4235312806486,-1.5764687193513964,1.5764687193513964,2021-04-21 08:30:00,2021-04-21 15:30:00,420.0,420.0
D1,F1-10-production-once,0,10,2021-04-22,96,1.0,True,174.0,169.13951587835572,-4.8604841216442765,4.8604841216442765,2021-04-22 08:30:00,2021-04-22 11:00:00,150.0,150.0
D1,F1-10-production-once,0,10,2021-04-23,96,1.0,True,174.0,141.52472873038946,-32.475271269610545,32.475271269610545,2021-04-23 08:30:00,2021-04-23 11:15:00,165.0,165.0
D1,F1-10-production-once,0,10,2021-04-24,96,1.0,True,112.0,110.06671410583282,-1.9332858941671844,1.9332858941671844,2021-04-24 06:15:00,2021-04-24 02:00:00,-255.0,255.0
D1,F1-10-production-once,0,10,2021-04-25,96,1.0,True,25.0,29.855588980781043,4.855588980781043,4.855588980781043,2021-04-25 01:30:00,2021-04-25 08:00:00,390.0,390.0
D1,F1-10-production-once,0,10,2021-05-03,96,1.0,True,184.0,188.15260460088496,4.152604600884956,4.152604600884956,2021-05-03 08:30:00,2021-05-03 10:45:00,135.0,135.0
D1,F1-10-production-once,0,10,2021-05-04,96,1.0,True,181.0,174.22215053635975,-6.777849463640251,6.777849463640251,2021-05-04 08:30:00,2021-05-04 08:30:00,0.0,0.0
D1,F1-10-production-once,0,10,2021-05-05,96,1.0,True,120.0,179.1792807193898,59.179280719389794,59.179280719389794,2021-05-05 04:15:00,2021-05-05 08:45:00,270.0,270.0
D1,F1-10-production-once,0,10,2021-05-06,96,1.0,True,199.0,180.7538876842055,-18.246112315794505,18.246112315794505,2021-05-06 09:00:00,2021-05-06 11:15:00,135.0,135.0
D1,F1-10-production-once,0,10,2021-05-07,96,1.0,True,181.0,181.96769216979155,0.9676921697915475,0.9676921697915475,2021-05-07 09:00:00,2021-05-07 11:15:00,135.0,135.0
D1,F1-10-production-once,0,10,2021-05-08,96,1.0,True,115.0,110.94315714598272,-4.056842854017276,4.056842854017276,2021-05-08 02:00:00,2021-05-08 06:15:00,255.0,255.0
D1,F1-10-production-once,0,10,2021-05-09,96,1.0,True,184.0,168.51772032164376,-15.482279678356235,15.482279678356235,2021-05-09 09:00:00,2021-05-09 13:30:00,270.0,270.0
D1,F1-10-production-once,0,11,2021-04-19,96,1.0,True,172.0,192.04717808731323,20.047178087313227,20.047178087313227,2021-04-19 08:45:00,2021-04-19 10:45:00,120.0,120.0
D1,F1-10-production-once,0,11,2021-04-20,96,1.0,True,172.0,176.39471071881613,4.394710718816128,4.394710718816128,2021-04-20 08:45:00,2021-04-20 10:45:00,120.0,120.0
D1,F1-10-production-once,0,11,2021-04-21,96,1.0,True,174.0,170.74760541996298,-3.25239458003702,3.25239458003702,2021-04-21 08:30:00,2021-04-21 11:15:00,165.0,165.0
D1,F1-10-production-once,0,11,2021-04-22,96,1.0,True,174.0,169.36835407948925,-4.631645920510749,4.631645920510749,2021-04-22 08:30:00,2021-04-22 11:15:00,165.0,165.0
D1,F1-10-production-once,0,11,2021-04-23,96,1.0,True,174.0,136.61727417906084,-37.38272582093916,37.38272582093916,2021-04-23 08:30:00,2021-04-23 19:00:00,630.0,630.0
D1,F1-10-production-once,0,11,2021-04-24,96,1.0,True,112.0,107.49527498854255,-4.504725011457452,4.504725011457452,2021-04-24 06:15:00,2021-04-24 04:30:00,-105.0,105.0
D1,F1-10-production-once,0,11,2021-04-25,96,1.0,True,25.0,34.69796133118801,9.697961331188012,9.697961331188012,2021-04-25 01:30:00,2021-04-25 09:00:00,450.0,450.0
D1,F1-10-production-once,0,11,2021-05-03,96,1.0,True,184.0,195.59863796968025,11.598637969680254,11.598637969680254,2021-05-03 08:30:00,2021-05-03 10:45:00,135.0,135.0
D1,F1-10-production-once,0,11,2021-05-04,96,1.0,True,181.0,177.21873415215592,-3.7812658478440824,3.7812658478440824,2021-05-04 08:30:00,2021-05-04 08:30:00,0.0,0.0
D1,F1-10-production-once,0,11,2021-05-05,96,1.0,True,120.0,180.46476905278413,60.464769052784135,60.464769052784135,2021-05-05 04:15:00,2021-05-05 08:45:00,270.0,270.0
D1,F1-10-production-once,0,11,2021-05-06,96,1.0,True,199.0,186.6681206036,-12.331879396400012,12.331879396400012,2021-05-06 09:00:00,2021-05-06 13:45:00,285.0,285.0
D1,F1-10-production-once,0,11,2021-05-07,96,1.0,True,181.0,180.58255407415598,-0.41744592584402085,0.41744592584402085,2021-05-07 09:00:00,2021-05-07 11:30:00,150.0,150.0
D1,F1-10-production-once,0,11,2021-05-08,96,1.0,True,115.0,108.82114637613859,-6.178853623861414,6.178853623861414,2021-05-08 02:00:00,2021-05-08 06:30:00,270.0,270.0
D1,F1-10-production-once,0,11,2021-05-09,96,1.0,True,184.0,174.32315820409124,-9.676841795908757,9.676841795908757,2021-05-09 09:00:00,2021-05-09 13:45:00,285.0,285.0
D1,F1-10-production-once,0,12,2021-04-19,96,1.0,True,172.0,179.89167856135606,7.891678561356059,7.891678561356059,2021-04-19 08:45:00,2021-04-19 11:30:00,165.0,165.0
D1,F1-10-production-once,0,12,2021-04-20,96,1.0,True,172.0,170.9449280987588,-1.055071901241206,1.055071901241206,2021-04-20 08:45:00,2021-04-20 10:45:00,120.0,120.0
D1,F1-10-production-once,0,12,2021-04-21,96,1.0,True,174.0,166.7691974656937,-7.230802534306292,7.230802534306292,2021-04-21 08:30:00,2021-04-21 12:00:00,210.0,210.0
D1,F1-10-production-once,0,12,2021-04-22,96,1.0,True,174.0,170.62927824568425,-3.3707217543157526,3.3707217543157526,2021-04-22 08:30:00,2021-04-22 11:00:00,150.0,150.0
D1,F1-10-production-once,0,12,2021-04-23,96,1.0,True,174.0,148.57733511454177,-25.422664885458232,25.422664885458232,2021-04-23 08:30:00,2021-04-23 18:00:00,570.0,570.0
D1,F1-10-production-once,0,12,2021-04-24,96,1.0,True,112.0,109.74910214425486,-2.250897855745137,2.250897855745137,2021-04-24 06:15:00,2021-04-24 06:15:00,0.0,0.0
D1,F1-10-production-once,0,12,2021-04-25,96,1.0,True,25.0,42.35319508128713,17.353195081287133,17.353195081287133,2021-04-25 01:30:00,2021-04-25 09:00:00,450.0,450.0
D1,F1-10-production-once,0,12,2021-05-03,96,1.0,True,184.0,200.876140210382,16.876140210382005,16.876140210382005,2021-05-03 08:30:00,2021-05-03 09:00:00,30.0,30.0
D1,F1-10-production-once,0,12,2021-05-04,96,1.0,True,181.0,176.70313687215815,-4.296863127841846,4.296863127841846,2021-05-04 08:30:00,2021-05-04 08:30:00,0.0,0.0
D1,F1-10-production-once,0,12,2021-05-05,96,1.0,True,120.0,181.2470261184573,61.24702611845731,61.24702611845731,2021-05-05 04:15:00,2021-05-05 08:45:00,270.0,270.0
D1,F1-10-production-once,0,12,2021-05-06,96,1.0,True,199.0,185.51688007501343,-13.483119924986568,13.483119924986568,2021-05-06 09:00:00,2021-05-06 11:45:00,165.0,165.0
D1,F1-10-production-once,0,12,2021-05-07,96,1.0,True,181.0,179.5873860372496,-1.412613962750413,1.412613962750413,2021-05-07 09:00:00,2021-05-07 11:45:00,165.0,165.0
D1,F1-10-production-once,0,12,2021-05-08,96,1.0,True,115.0,111.43230694350936,-3.56769305649064,3.56769305649064,2021-05-08 02:00:00,2021-05-08 03:45:00,105.0,105.0
D1,F1-10-production-once,0,12,2021-05-09,96,1.0,True,184.0,172.08225877335806,-11.917741226641937,11.917741226641937,2021-05-09 09:00:00,2021-05-09 12:00:00,180.0,180.0
D1,F1-10-production-once,0,13,2021-04-19,96,1.0,True,172.0,184.0548627990577,12.054862799057702,12.054862799057702,2021-04-19 08:45:00,2021-04-19 11:45:00,180.0,180.0
D1,F1-10-production-once,0,13,2021-04-20,96,1.0,True,172.0,174.1196582284342,2.11965822843419,2.11965822843419,2021-04-20 08:45:00,2021-04-20 11:45:00,180.0,180.0
D1,F1-10-production-once,0,13,2021-04-21,96,1.0,True,174.0,168.1510118450833,-5.848988154916697,5.848988154916697,2021-04-21 08:30:00,2021-04-21 11:45:00,195.0,195.0
D1,F1-10-production-once,0,13,2021-04-22,96,1.0,True,174.0,169.0792398126407,-4.920760187359292,4.920760187359292,2021-04-22 08:30:00,2021-04-22 10:30:00,120.0,120.0
D1,F1-10-production-once,0,13,2021-04-23,96,1.0,True,174.0,142.63460549004301,-31.365394509956985,31.365394509956985,2021-04-23 08:30:00,2021-04-23 18:00:00,570.0,570.0
D1,F1-10-production-once,0,13,2021-04-24,96,1.0,True,112.0,111.97007018511935,-0.029929814880645722,0.029929814880645722,2021-04-24 06:15:00,2021-04-24 04:45:00,-90.0,90.0
D1,F1-10-production-once,0,13,2021-04-25,96,1.0,True,25.0,40.63354598541195,15.63354598541195,15.63354598541195,2021-04-25 01:30:00,2021-04-25 08:15:00,405.0,405.0
D1,F1-10-production-once,0,13,2021-05-03,96,1.0,True,184.0,199.8998338916894,15.899833891689411,15.899833891689411,2021-05-03 08:30:00,2021-05-03 09:15:00,45.0,45.0
D1,F1-10-production-once,0,13,2021-05-04,96,1.0,True,181.0,175.4963257937878,-5.503674206212196,5.503674206212196,2021-05-04 08:30:00,2021-05-04 08:30:00,0.0,0.0
D1,F1-10-production-once,0,13,2021-05-05,96,1.0,True,120.0,176.62658125415663,56.62658125415663,56.62658125415663,2021-05-05 04:15:00,2021-05-05 09:00:00,285.0,285.0
D1,F1-10-production-once,0,13,2021-05-06,96,1.0,True,199.0,177.03037279832483,-21.969627201675166,21.969627201675166,2021-05-06 09:00:00,2021-05-06 13:45:00,285.0,285.0
D1,F1-10-production-once,0,13,2021-05-07,96,1.0,True,181.0,178.18066094498693,-2.8193390550130744,2.8193390550130744,2021-05-07 09:00:00,2021-05-07 11:30:00,150.0,150.0
D1,F1-10-production-once,0,13,2021-05-08,96,1.0,True,115.0,118.42447682141278,3.4244768214127816,3.4244768214127816,2021-05-08 02:00:00,2021-05-08 07:45:00,345.0,345.0
D1,F1-10-production-once,0,13,2021-05-09,96,1.0,True,184.0,181.6283592027597,-2.3716407972403033,2.3716407972403033,2021-05-09 09:00:00,2021-05-09 12:00:00,180.0,180.0
D1,F1-10-production-once,0,14,2021-04-19,96,1.0,True,172.0,198.09613303840325,26.096133038403252,26.096133038403252,2021-04-19 08:45:00,2021-04-19 11:00:00,135.0,135.0
D1,F1-10-production-once,0,14,2021-04-20,96,1.0,True,172.0,178.2348265329721,6.234826532972107,6.234826532972107,2021-04-20 08:45:00,2021-04-20 11:30:00,165.0,165.0
D1,F1-10-production-once,0,14,2021-04-21,96,1.0,True,174.0,166.4492870227395,-7.550712977260503,7.550712977260503,2021-04-21 08:30:00,2021-04-21 14:30:00,360.0,360.0
D1,F1-10-production-once,0,14,2021-04-22,96,1.0,True,174.0,167.88999829627127,-6.110001703728727,6.110001703728727,2021-04-22 08:30:00,2021-04-22 11:15:00,165.0,165.0
D1,F1-10-production-once,0,14,2021-04-23,96,1.0,True,174.0,152.5921777096477,-21.4078222903523,21.4078222903523,2021-04-23 08:30:00,2021-04-23 11:15:00,165.0,165.0
D1,F1-10-production-once,0,14,2021-04-24,96,1.0,True,112.0,111.63033944541549,-0.3696605545845131,0.3696605545845131,2021-04-24 06:15:00,2021-04-24 06:30:00,15.0,15.0
D1,F1-10-production-once,0,14,2021-04-25,96,1.0,True,25.0,36.79039862005699,11.79039862005699,11.79039862005699,2021-04-25 01:30:00,2021-04-25 11:15:00,585.0,585.0
D1,F1-10-production-once,0,14,2021-05-03,96,1.0,True,184.0,199.76961394836266,15.769613948362661,15.769613948362661,2021-05-03 08:30:00,2021-05-03 11:30:00,180.0,180.0
D1,F1-10-production-once,0,14,2021-05-04,96,1.0,True,181.0,178.63698273638096,-2.3630172636190423,2.3630172636190423,2021-05-04 08:30:00,2021-05-04 08:30:00,0.0,0.0
D1,F1-10-production-once,0,14,2021-05-05,96,1.0,True,120.0,173.78391998518018,53.78391998518018,53.78391998518018,2021-05-05 04:15:00,2021-05-05 08:45:00,270.0,270.0
D1,F1-10-production-once,0,14,2021-05-06,96,1.0,True,199.0,183.4979571012579,-15.502042898742104,15.502042898742104,2021-05-06 09:00:00,2021-05-06 11:15:00,135.0,135.0
D1,F1-10-production-once,0,14,2021-05-07,96,1.0,True,181.0,182.66787630605376,1.6678763060537563,1.6678763060537563,2021-05-07 09:00:00,2021-05-07 11:45:00,165.0,165.0
D1,F1-10-production-once,0,14,2021-05-08,96,1.0,True,115.0,111.9358139978161,-3.0641860021839022,3.0641860021839022,2021-05-08 02:00:00,2021-05-08 06:15:00,255.0,255.0
D1,F1-10-production-once,0,14,2021-05-09,96,1.0,True,184.0,165.34201595490404,-18.657984045095958,18.657984045095958,2021-05-09 09:00:00,2021-05-09 14:00:00,300.0,300.0
D1,F1-10-production-once,0,15,2021-04-19,96,1.0,True,172.0,186.67161611732908,14.67161611732908,14.67161611732908,2021-04-19 08:45:00,2021-04-19 09:00:00,15.0,15.0
D1,F1-10-production-once,0,15,2021-04-20,96,1.0,True,172.0,178.57972001485822,6.579720014858225,6.579720014858225,2021-04-20 08:45:00,2021-04-20 11:30:00,165.0,165.0
D1,F1-10-production-once,0,15,2021-04-21,96,1.0,True,174.0,167.7120316133236,-6.287968386676397,6.287968386676397,2021-04-21 08:30:00,2021-04-21 15:30:00,420.0,420.0
D1,F1-10-production-once,0,15,2021-04-22,96,1.0,True,174.0,163.14206340855418,-10.85793659144582,10.85793659144582,2021-04-22 08:30:00,2021-04-22 08:30:00,0.0,0.0
D1,F1-10-production-once,0,15,2021-04-23,96,1.0,True,174.0,149.7026510767822,-24.29734892321781,24.29734892321781,2021-04-23 08:30:00,2021-04-23 14:30:00,360.0,360.0
D1,F1-10-production-once,0,15,2021-04-24,96,1.0,True,112.0,107.56476228051007,-4.435237719489933,4.435237719489933,2021-04-24 06:15:00,2021-04-24 04:45:00,-90.0,90.0
D1,F1-10-production-once,0,15,2021-04-25,96,1.0,True,25.0,47.121372460242796,22.121372460242796,22.121372460242796,2021-04-25 01:30:00,2021-04-25 09:45:00,495.0,495.0
D1,F1-10-production-once,0,15,2021-05-03,96,1.0,True,184.0,192.45578567479902,8.455785674799017,8.455785674799017,2021-05-03 08:30:00,2021-05-03 09:00:00,30.0,30.0
D1,F1-10-production-once,0,15,2021-05-04,96,1.0,True,181.0,177.1814819808986,-3.81851801910139,3.81851801910139,2021-05-04 08:30:00,2021-05-04 09:30:00,60.0,60.0
D1,F1-10-production-once,0,15,2021-05-05,96,1.0,True,120.0,177.61425754023384,57.61425754023384,57.61425754023384,2021-05-05 04:15:00,2021-05-05 08:30:00,255.0,255.0
D1,F1-10-production-once,0,15,2021-05-06,96,1.0,True,199.0,180.29885018735416,-18.701149812645838,18.701149812645838,2021-05-06 09:00:00,2021-05-06 11:45:00,165.0,165.0
D1,F1-10-production-once,0,15,2021-05-07,96,1.0,True,181.0,174.97124739443154,-6.028752605568457,6.028752605568457,2021-05-07 09:00:00,2021-05-07 11:30:00,150.0,150.0
D1,F1-10-production-once,0,15,2021-05-08,96,1.0,True,115.0,111.66173274078317,-3.3382672592168348,3.3382672592168348,2021-05-08 02:00:00,2021-05-08 06:15:00,255.0,255.0
D1,F1-10-production-once,0,15,2021-05-09,96,1.0,True,184.0,158.722560300538,-25.277439699462008,25.277439699462008,2021-05-09 09:00:00,2021-05-09 14:00:00,300.0,300.0
D1,F1-10-production-once,0,16,2021-04-19,96,1.0,True,172.0,188.80623947870055,16.806239478700547,16.806239478700547,2021-04-19 08:45:00,2021-04-19 09:00:00,15.0,15.0
D1,F1-10-production-once,0,16,2021-04-20,96,1.0,True,172.0,182.9253658524727,10.925365852472709,10.925365852472709,2021-04-20 08:45:00,2021-04-20 11:45:00,180.0,180.0
D1,F1-10-production-once,0,16,2021-04-21,96,1.0,True,174.0,165.30126392288875,-8.69873607711125,8.69873607711125,2021-04-21 08:30:00,2021-04-21 15:30:00,420.0,420.0
D1,F1-10-production-once,0,16,2021-04-22,96,1.0,True,174.0,166.3895671634923,-7.610432836507698,7.610432836507698,2021-04-22 08:30:00,2021-04-22 08:30:00,0.0,0.0
D1,F1-10-production-once,0,16,2021-04-23,96,1.0,True,174.0,153.44559113995012,-20.554408860049875,20.554408860049875,2021-04-23 08:30:00,2021-04-23 14:30:00,360.0,360.0
D1,F1-10-production-once,0,16,2021-04-24,96,1.0,True,112.0,111.65776032612175,-0.3422396738782538,0.3422396738782538,2021-04-24 06:15:00,2021-04-24 06:15:00,0.0,0.0
D1,F1-10-production-once,0,16,2021-04-25,96,1.0,True,25.0,46.28766351370878,21.28766351370878,21.28766351370878,2021-04-25 01:30:00,2021-04-25 08:45:00,435.0,435.0
D1,F1-10-production-once,0,16,2021-05-03,96,1.0,True,184.0,190.4620817747468,6.4620817747467925,6.4620817747467925,2021-05-03 08:30:00,2021-05-03 09:00:00,30.0,30.0
D1,F1-10-production-once,0,16,2021-05-04,96,1.0,True,181.0,174.63454499794776,-6.365455002052244,6.365455002052244,2021-05-04 08:30:00,2021-05-04 09:00:00,30.0,30.0
D1,F1-10-production-once,0,16,2021-05-05,96,1.0,True,120.0,175.76528738807826,55.765287388078264,55.765287388078264,2021-05-05 04:15:00,2021-05-05 08:45:00,270.0,270.0
D1,F1-10-production-once,0,16,2021-05-06,96,1.0,True,199.0,185.5438928193286,-13.45610718067141,13.45610718067141,2021-05-06 09:00:00,2021-05-06 13:45:00,285.0,285.0
D1,F1-10-production-once,0,16,2021-05-07,96,1.0,True,181.0,177.55131553945995,-3.4486844605400506,3.4486844605400506,2021-05-07 09:00:00,2021-05-07 11:45:00,165.0,165.0
D1,F1-10-production-once,0,16,2021-05-08,96,1.0,True,115.0,106.2968541476915,-8.703145852308495,8.703145852308495,2021-05-08 02:00:00,2021-05-08 06:15:00,255.0,255.0
D1,F1-10-production-once,0,16,2021-05-09,96,1.0,True,184.0,157.5630054627903,-26.4369945372097,26.4369945372097,2021-05-09 09:00:00,2021-05-09 14:00:00,300.0,300.0
D1,F1-10-production-once,1,4,2021-05-31,96,1.0,True,172.0,195.64431260910354,23.644312609103537,23.644312609103537,2021-05-31 10:30:00,2021-05-31 09:00:00,-90.0,90.0
D1,F1-10-production-once,1,4,2021-06-01,96,1.0,True,195.0,174.7614552435103,-20.238544756489688,20.238544756489688,2021-06-01 09:00:00,2021-06-01 10:30:00,90.0,90.0
D1,F1-10-production-once,1,4,2021-06-02,96,1.0,True,191.0,176.93683274628086,-14.063167253719143,14.063167253719143,2021-06-02 10:45:00,2021-06-02 09:00:00,-105.0,105.0
D1,F1-10-production-once,1,4,2021-06-03,96,1.0,True,181.0,172.80419677101048,-8.195803228989519,8.195803228989519,2021-06-03 08:30:00,2021-06-03 09:00:00,30.0,30.0
D1,F1-10-production-once,1,4,2021-06-04,96,1.0,True,173.0,162.51520633596684,-10.484793664033162,10.484793664033162,2021-06-04 10:45:00,2021-06-04 09:00:00,-105.0,105.0
D1,F1-10-production-once,1,4,2021-06-05,96,1.0,True,116.0,109.40707685711773,-6.59292314288227,6.59292314288227,2021-06-05 01:45:00,2021-06-05 06:30:00,285.0,285.0
D1,F1-10-production-once,1,4,2021-06-06,96,1.0,True,27.0,38.99913922361876,11.999139223618762,11.999139223618762,2021-06-06 01:30:00,2021-06-06 08:30:00,420.0,420.0
D1,F1-10-production-once,1,4,2021-06-14,96,1.0,True,204.0,183.67328495082683,-20.326715049173174,20.326715049173174,2021-06-14 09:00:00,2021-06-14 08:45:00,-15.0,15.0
D1,F1-10-production-once,1,4,2021-06-15,96,1.0,True,198.0,179.31704435687305,-18.682955643126945,18.682955643126945,2021-06-15 08:45:00,2021-06-15 08:45:00,0.0,0.0
D1,F1-10-production-once,1,4,2021-06-16,96,1.0,True,193.0,176.50586145315245,-16.49413854684755,16.49413854684755,2021-06-16 10:45:00,2021-06-16 09:00:00,-105.0,105.0
D1,F1-10-production-once,1,4,2021-06-17,96,1.0,True,197.0,178.39217089547103,-18.607829104528975,18.607829104528975,2021-06-17 08:45:00,2021-06-17 08:45:00,0.0,0.0
D1,F1-10-production-once,1,4,2021-06-18,96,1.0,True,186.0,173.5648089737137,-12.435191026286304,12.435191026286304,2021-06-18 10:00:00,2021-06-18 13:45:00,225.0,225.0
D1,F1-10-production-once,1,4,2021-06-19,96,1.0,True,119.0,111.6477351701675,-7.352264829832507,7.352264829832507,2021-06-19 02:15:00,2021-06-19 02:00:00,-15.0,15.0
D1,F1-10-production-once,1,4,2021-06-20,96,1.0,True,28.0,38.99913922361876,10.999139223618762,10.999139223618762,2021-06-20 15:15:00,2021-06-20 08:15:00,-420.0,420.0
D1,F1-10-production-once,1,5,2021-05-31,96,1.0,True,172.0,187.45495313298105,15.454953132981046,15.454953132981046,2021-05-31 10:30:00,2021-05-31 09:00:00,-90.0,90.0
D1,F1-10-production-once,1,5,2021-06-01,96,1.0,True,195.0,174.43160150523545,-20.56839849476455,20.56839849476455,2021-06-01 09:00:00,2021-06-01 10:45:00,105.0,105.0
D1,F1-10-production-once,1,5,2021-06-02,96,1.0,True,191.0,173.22330459527151,-17.776695404728486,17.776695404728486,2021-06-02 10:45:00,2021-06-02 09:00:00,-105.0,105.0
D1,F1-10-production-once,1,5,2021-06-03,96,1.0,True,181.0,171.05265323251777,-9.94734676748223,9.94734676748223,2021-06-03 08:30:00,2021-06-03 08:30:00,0.0,0.0
D1,F1-10-production-once,1,5,2021-06-04,96,1.0,True,173.0,161.3998866309989,-11.600113369001093,11.600113369001093,2021-06-04 10:45:00,2021-06-04 09:00:00,-105.0,105.0
D1,F1-10-production-once,1,5,2021-06-05,96,1.0,True,116.0,110.01446183591808,-5.985538164081916,5.985538164081916,2021-06-05 01:45:00,2021-06-05 06:30:00,285.0,285.0
D1,F1-10-production-once,1,5,2021-06-06,96,1.0,True,27.0,36.68210396948328,9.68210396948328,9.68210396948328,2021-06-06 01:30:00,2021-06-06 11:00:00,570.0,570.0
D1,F1-10-production-once,1,5,2021-06-14,96,1.0,True,204.0,182.36275242033915,-21.63724757966085,21.63724757966085,2021-06-14 09:00:00,2021-06-14 09:00:00,0.0,0.0
D1,F1-10-production-once,1,5,2021-06-15,96,1.0,True,198.0,177.75960708031582,-20.240392919684183,20.240392919684183,2021-06-15 08:45:00,2021-06-15 08:45:00,0.0,0.0
D1,F1-10-production-once,1,5,2021-06-16,96,1.0,True,193.0,175.05479562502018,-17.945204374979824,17.945204374979824,2021-06-16 10:45:00,2021-06-16 08:45:00,-120.0,120.0
D1,F1-10-production-once,1,5,2021-06-17,96,1.0,True,197.0,177.4668296358261,-19.533170364173913,19.533170364173913,2021-06-17 08:45:00,2021-06-17 13:45:00,300.0,300.0
D1,F1-10-production-once,1,5,2021-06-18,96,1.0,True,186.0,173.0783536001211,-12.92164639987891,12.92164639987891,2021-06-18 10:00:00,2021-06-18 13:45:00,225.0,225.0
D1,F1-10-production-once,1,5,2021-06-19,96,1.0,True,119.0,112.29957296343363,-6.700427036566367,6.700427036566367,2021-06-19 02:15:00,2021-06-19 03:30:00,75.0,75.0
D1,F1-10-production-once,1,5,2021-06-20,96,1.0,True,28.0,36.9620559962759,8.9620559962759,8.9620559962759,2021-06-20 15:15:00,2021-06-20 09:45:00,-330.0,330.0
D1,F1-10-production-once,1,6,2021-05-31,96,1.0,True,172.0,182.55153941774248,10.551539417742475,10.551539417742475,2021-05-31 10:30:00,2021-05-31 09:00:00,-90.0,90.0
D1,F1-10-production-once,1,6,2021-06-01,96,1.0,True,195.0,174.54613742460734,-20.453862575392662,20.453862575392662,2021-06-01 09:00:00,2021-06-01 11:30:00,150.0,150.0
D1,F1-10-production-once,1,6,2021-06-02,96,1.0,True,191.0,174.87743007097194,-16.12256992902806,16.12256992902806,2021-06-02 10:45:00,2021-06-02 09:00:00,-105.0,105.0
D1,F1-10-production-once,1,6,2021-06-03,96,1.0,True,181.0,171.83034683914062,-9.169653160859383,9.169653160859383,2021-06-03 08:30:00,2021-06-03 08:30:00,0.0,0.0
D1,F1-10-production-once,1,6,2021-06-04,96,1.0,True,173.0,161.4431010147062,-11.556898985293799,11.556898985293799,2021-06-04 10:45:00,2021-06-04 09:15:00,-90.0,90.0
D1,F1-10-production-once,1,6,2021-06-05,96,1.0,True,116.0,108.79572277747944,-7.20427722252056,7.20427722252056,2021-06-05 01:45:00,2021-06-05 06:15:00,270.0,270.0
D1,F1-10-production-once,1,6,2021-06-06,96,1.0,True,27.0,34.432587250122154,7.432587250122154,7.432587250122154,2021-06-06 01:30:00,2021-06-06 00:45:00,-45.0,45.0
D1,F1-10-production-once,1,6,2021-06-14,96,1.0,True,204.0,178.85331256103757,-25.14668743896243,25.14668743896243,2021-06-14 09:00:00,2021-06-14 09:15:00,15.0,15.0
D1,F1-10-production-once,1,6,2021-06-15,96,1.0,True,198.0,176.5946017975086,-21.405398202491398,21.405398202491398,2021-06-15 08:45:00,2021-06-15 08:45:00,0.0,0.0
D1,F1-10-production-once,1,6,2021-06-16,96,1.0,True,193.0,174.89704451776979,-18.102955482230215,18.102955482230215,2021-06-16 10:45:00,2021-06-16 08:30:00,-135.0,135.0
D1,F1-10-production-once,1,6,2021-06-17,96,1.0,True,197.0,176.6944862068754,-20.30551379312459,20.30551379312459,2021-06-17 08:45:00,2021-06-17 13:45:00,300.0,300.0
D1,F1-10-production-once,1,6,2021-06-18,96,1.0,True,186.0,172.36454604293664,-13.635453957063362,13.635453957063362,2021-06-18 10:00:00,2021-06-18 11:30:00,90.0,90.0
D1,F1-10-production-once,1,6,2021-06-19,96,1.0,True,119.0,111.9324369963701,-7.0675630036299,7.0675630036299,2021-06-19 02:15:00,2021-06-19 03:30:00,75.0,75.0
D1,F1-10-production-once,1,6,2021-06-20,96,1.0,True,28.0,34.988429735427765,6.988429735427765,6.988429735427765,2021-06-20 15:15:00,2021-06-20 09:45:00,-330.0,330.0
D1,F1-10-production-once,1,7,2021-05-31,96,1.0,True,172.0,178.96793438893968,6.967934388939682,6.967934388939682,2021-05-31 10:30:00,2021-05-31 09:00:00,-90.0,90.0
D1,F1-10-production-once,1,7,2021-06-01,96,1.0,True,195.0,171.76050249211667,-23.23949750788333,23.23949750788333,2021-06-01 09:00:00,2021-06-01 11:30:00,150.0,150.0
D1,F1-10-production-once,1,7,2021-06-02,96,1.0,True,191.0,172.7654637462296,-18.234536253770386,18.234536253770386,2021-06-02 10:45:00,2021-06-02 08:30:00,-135.0,135.0
D1,F1-10-production-once,1,7,2021-06-03,96,1.0,True,181.0,171.06113856759,-9.938861432409993,9.938861432409993,2021-06-03 08:30:00,2021-06-03 08:30:00,0.0,0.0
D1,F1-10-production-once,1,7,2021-06-04,96,1.0,True,173.0,162.09345136545016,-10.906548634549836,10.906548634549836,2021-06-04 10:45:00,2021-06-04 09:45:00,-60.0,60.0
D1,F1-10-production-once,1,7,2021-06-05,96,1.0,True,116.0,109.39945907222027,-6.600540927779733,6.600540927779733,2021-06-05 01:45:00,2021-06-05 04:15:00,150.0,150.0
D1,F1-10-production-once,1,7,2021-06-06,96,1.0,True,27.0,34.35590798035309,7.355907980353088,7.355907980353088,2021-06-06 01:30:00,2021-06-06 11:00:00,570.0,570.0
D1,F1-10-production-once,1,7,2021-06-14,96,1.0,True,204.0,174.3196705603542,-29.68032943964579,29.68032943964579,2021-06-14 09:00:00,2021-06-14 11:15:00,135.0,135.0
D1,F1-10-production-once,1,7,2021-06-15,96,1.0,True,198.0,174.50529146719217,-23.494708532807834,23.494708532807834,2021-06-15 08:45:00,2021-06-15 08:45:00,0.0,0.0
D1,F1-10-production-once,1,7,2021-06-16,96,1.0,True,193.0,174.40317374723355,-18.596826252766448,18.596826252766448,2021-06-16 10:45:00,2021-06-16 08:30:00,-135.0,135.0
D1,F1-10-production-once,1,7,2021-06-17,96,1.0,True,197.0,173.7161890705438,-23.283810929456195,23.283810929456195,2021-06-17 08:45:00,2021-06-17 10:30:00,105.0,105.0
D1,F1-10-production-once,1,7,2021-06-18,96,1.0,True,186.0,169.33001717578856,-16.669982824211445,16.669982824211445,2021-06-18 10:00:00,2021-06-18 11:45:00,105.0,105.0
D1,F1-10-production-once,1,7,2021-06-19,96,1.0,True,119.0,110.80958550562127,-8.190414494378729,8.190414494378729,2021-06-19 02:15:00,2021-06-19 04:45:00,150.0,150.0
D1,F1-10-production-once,1,7,2021-06-20,96,1.0,True,28.0,34.35590798035309,6.355907980353088,6.355907980353088,2021-06-20 15:15:00,2021-06-20 09:45:00,-330.0,330.0
D1,F1-10-production-once,1,8,2021-05-31,96,1.0,True,172.0,169.90380957730613,-2.0961904226938657,2.0961904226938657,2021-05-31 10:30:00,2021-05-31 09:30:00,-60.0,60.0
D1,F1-10-production-once,1,8,2021-06-01,96,1.0,True,195.0,171.43686658530572,-23.563133414694278,23.563133414694278,2021-06-01 09:00:00,2021-06-01 11:30:00,150.0,150.0
D1,F1-10-production-once,1,8,2021-06-02,96,1.0,True,191.0,172.585984178759,-18.41401582124101,18.41401582124101,2021-06-02 10:45:00,2021-06-02 08:30:00,-135.0,135.0
D1,F1-10-production-once,1,8,2021-06-03,96,1.0,True,181.0,170.12719627599103,-10.872803724008975,10.872803724008975,2021-06-03 08:30:00,2021-06-03 09:00:00,30.0,30.0
D1,F1-10-production-once,1,8,2021-06-04,96,1.0,True,173.0,161.79468318967704,-11.205316810322955,11.205316810322955,2021-06-04 10:45:00,2021-06-04 09:45:00,-60.0,60.0
D1,F1-10-production-once,1,8,2021-06-05,96,1.0,True,116.0,108.84365727005151,-7.156342729948491,7.156342729948491,2021-06-05 01:45:00,2021-06-05 06:15:00,270.0,270.0
D1,F1-10-production-once,1,8,2021-06-06,96,1.0,True,27.0,36.11835981104281,9.118359811042808,9.118359811042808,2021-06-06 01:30:00,2021-06-06 09:00:00,450.0,450.0
D1,F1-10-production-once,1,8,2021-06-14,96,1.0,True,204.0,174.03529144223444,-29.96470855776556,29.96470855776556,2021-06-14 09:00:00,2021-06-14 11:15:00,135.0,135.0
D1,F1-10-production-once,1,8,2021-06-15,96,1.0,True,198.0,173.39398284565976,-24.606017154340236,24.606017154340236,2021-06-15 08:45:00,2021-06-15 08:45:00,0.0,0.0
D1,F1-10-production-once,1,8,2021-06-16,96,1.0,True,193.0,172.82902430252346,-20.170975697476536,20.170975697476536,2021-06-16 10:45:00,2021-06-16 08:30:00,-135.0,135.0
D1,F1-10-production-once,1,8,2021-06-17,96,1.0,True,197.0,172.8652898891057,-24.134710110894304,24.134710110894304,2021-06-17 08:45:00,2021-06-17 10:45:00,120.0,120.0
D1,F1-10-production-once,1,8,2021-06-18,96,1.0,True,186.0,168.9013686330057,-17.09863136699431,17.09863136699431,2021-06-18 10:00:00,2021-06-18 10:30:00,30.0,30.0
D1,F1-10-production-once,1,8,2021-06-19,96,1.0,True,119.0,110.3085448114518,-8.691455188548204,8.691455188548204,2021-06-19 02:15:00,2021-06-19 06:45:00,270.0,270.0
D1,F1-10-production-once,1,8,2021-06-20,96,1.0,True,28.0,36.11835981104281,8.118359811042808,8.118359811042808,2021-06-20 15:15:00,2021-06-20 08:15:00,-420.0,420.0
D1,F1-10-production-once,1,9,2021-05-31,96,1.0,True,172.0,180.4254949295897,8.42549492958969,8.42549492958969,2021-05-31 10:30:00,2021-05-31 09:15:00,-75.0,75.0
D1,F1-10-production-once,1,9,2021-06-01,96,1.0,True,195.0,173.5618983673689,-21.43810163263109,21.43810163263109,2021-06-01 09:00:00,2021-06-01 11:30:00,150.0,150.0
D1,F1-10-production-once,1,9,2021-06-02,96,1.0,True,191.0,177.21342225824648,-13.786577741753518,13.786577741753518,2021-06-02 10:45:00,2021-06-02 08:30:00,-135.0,135.0
D1,F1-10-production-once,1,9,2021-06-03,96,1.0,True,181.0,175.02022623782645,-5.979773762173551,5.979773762173551,2021-06-03 08:30:00,2021-06-03 09:00:00,30.0,30.0
D1,F1-10-production-once,1,9,2021-06-04,96,1.0,True,173.0,164.31827824677333,-8.681721753226668,8.681721753226668,2021-06-04 10:45:00,2021-06-04 10:00:00,-45.0,45.0
D1,F1-10-production-once,1,9,2021-06-05,96,1.0,True,116.0,107.82964637733022,-8.17035362266978,8.17035362266978,2021-06-05 01:45:00,2021-06-05 06:15:00,270.0,270.0
D1,F1-10-production-once,1,9,2021-06-06,96,1.0,True,27.0,36.29089421336312,9.290894213363117,9.290894213363117,2021-06-06 01:30:00,2021-06-06 09:15:00,465.0,465.0
D1,F1-10-production-once,1,9,2021-06-14,96,1.0,True,204.0,178.1067485904012,-25.893251409598804,25.893251409598804,2021-06-14 09:00:00,2021-06-14 11:15:00,135.0,135.0
D1,F1-10-production-once,1,9,2021-06-15,96,1.0,True,198.0,178.28521351876032,-19.714786481239685,19.714786481239685,2021-06-15 08:45:00,2021-06-15 08:45:00,0.0,0.0
D1,F1-10-production-once,1,9,2021-06-16,96,1.0,True,193.0,176.56405867798998,-16.435941322010024,16.435941322010024,2021-06-16 10:45:00,2021-06-16 08:45:00,-120.0,120.0
D1,F1-10-production-once,1,9,2021-06-17,96,1.0,True,197.0,177.15346251132627,-19.846537488673732,19.846537488673732,2021-06-17 08:45:00,2021-06-17 08:45:00,0.0,0.0
D1,F1-10-production-once,1,9,2021-06-18,96,1.0,True,186.0,171.96944797526987,-14.030552024730127,14.030552024730127,2021-06-18 10:00:00,2021-06-18 10:30:00,30.0,30.0
D1,F1-10-production-once,1,9,2021-06-19,96,1.0,True,119.0,110.88629727007398,-8.113702729926018,8.113702729926018,2021-06-19 02:15:00,2021-06-19 03:45:00,90.0,90.0
D1,F1-10-production-once,1,9,2021-06-20,96,1.0,True,28.0,30.10240989513201,2.102409895132009,2.102409895132009,2021-06-20 15:15:00,2021-06-20 08:30:00,-405.0,405.0
D1,F1-10-production-once,1,10,2021-05-31,96,1.0,True,172.0,185.0891795409374,13.089179540937408,13.089179540937408,2021-05-31 10:30:00,2021-05-31 09:15:00,-75.0,75.0
D1,F1-10-production-once,1,10,2021-06-01,96,1.0,True,195.0,172.05845167978052,-22.941548320219482,22.941548320219482,2021-06-01 09:00:00,2021-06-01 11:30:00,150.0,150.0
D1,F1-10-production-once,1,10,2021-06-02,96,1.0,True,191.0,172.28830138347055,-18.711698616529446,18.711698616529446,2021-06-02 10:45:00,2021-06-02 09:00:00,-105.0,105.0
D1,F1-10-production-once,1,10,2021-06-03,96,1.0,True,181.0,171.31865556330797,-9.68134443669203,9.68134443669203,2021-06-03 08:30:00,2021-06-03 09:00:00,30.0,30.0
D1,F1-10-production-once,1,10,2021-06-04,96,1.0,True,173.0,133.36752871544357,-39.63247128455643,39.63247128455643,2021-06-04 10:45:00,2021-06-04 19:15:00,510.0,510.0
D1,F1-10-production-once,1,10,2021-06-05,96,1.0,True,116.0,108.21649242667046,-7.783507573329544,7.783507573329544,2021-06-05 01:45:00,2021-06-05 06:15:00,270.0,270.0
D1,F1-10-production-once,1,10,2021-06-06,96,1.0,True,27.0,32.491194167703526,5.491194167703526,5.491194167703526,2021-06-06 01:30:00,2021-06-06 09:30:00,480.0,480.0
D1,F1-10-production-once,1,10,2021-06-14,96,1.0,True,204.0,177.0061949732402,-26.993805026759787,26.993805026759787,2021-06-14 09:00:00,2021-06-14 11:30:00,150.0,150.0
D1,F1-10-production-once,1,10,2021-06-15,96,1.0,True,198.0,176.65563716577037,-21.344362834229628,21.344362834229628,2021-06-15 08:45:00,2021-06-15 08:45:00,0.0,0.0
D1,F1-10-production-once,1,10,2021-06-16,96,1.0,True,193.0,176.13180626436898,-16.868193735631024,16.868193735631024,2021-06-16 10:45:00,2021-06-16 08:45:00,-120.0,120.0
D1,F1-10-production-once,1,10,2021-06-17,96,1.0,True,197.0,175.04141775359886,-21.958582246401136,21.958582246401136,2021-06-17 08:45:00,2021-06-17 14:00:00,315.0,315.0
D1,F1-10-production-once,1,10,2021-06-18,96,1.0,True,186.0,171.99633592032188,-14.003664079678117,14.003664079678117,2021-06-18 10:00:00,2021-06-18 11:30:00,90.0,90.0
D1,F1-10-production-once,1,10,2021-06-19,96,1.0,True,119.0,110.01679513436572,-8.983204865634278,8.983204865634278,2021-06-19 02:15:00,2021-06-19 06:00:00,225.0,225.0
D1,F1-10-production-once,1,10,2021-06-20,96,1.0,True,28.0,32.39976446739578,4.3997644673957765,4.3997644673957765,2021-06-20 15:15:00,2021-06-20 08:15:00,-420.0,420.0
D1,F1-10-production-once,1,11,2021-05-31,96,1.0,True,172.0,180.57766663545453,8.577666635454534,8.577666635454534,2021-05-31 10:30:00,2021-05-31 09:15:00,-75.0,75.0
D1,F1-10-production-once,1,11,2021-06-01,96,1.0,True,195.0,173.64343276077423,-21.356567239225768,21.356567239225768,2021-06-01 09:00:00,2021-06-01 11:45:00,165.0,165.0
D1,F1-10-production-once,1,11,2021-06-02,96,1.0,True,191.0,175.52944102722273,-15.470558972777269,15.470558972777269,2021-06-02 10:45:00,2021-06-02 09:00:00,-105.0,105.0
D1,F1-10-production-once,1,11,2021-06-03,96,1.0,True,181.0,172.21914806919457,-8.780851930805426,8.780851930805426,2021-06-03 08:30:00,2021-06-03 09:30:00,60.0,60.0
D1,F1-10-production-once,1,11,2021-06-04,96,1.0,True,173.0,148.17575536548873,-24.824244634511274,24.824244634511274,2021-06-04 10:45:00,2021-06-04 10:45:00,0.0,0.0
D1,F1-10-production-once,1,11,2021-06-05,96,1.0,True,116.0,107.74849889142847,-8.251501108571532,8.251501108571532,2021-06-05 01:45:00,2021-06-05 06:15:00,270.0,270.0
D1,F1-10-production-once,1,11,2021-06-06,96,1.0,True,27.0,36.795728361932085,9.795728361932085,9.795728361932085,2021-06-06 01:30:00,2021-06-06 08:45:00,435.0,435.0
D1,F1-10-production-once,1,11,2021-06-14,96,1.0,True,204.0,177.76660422302308,-26.23339577697692,26.23339577697692,2021-06-14 09:00:00,2021-06-14 11:45:00,165.0,165.0
D1,F1-10-production-once,1,11,2021-06-15,96,1.0,True,198.0,177.694231632315,-20.305768367685005,20.305768367685005,2021-06-15 08:45:00,2021-06-15 08:45:00,0.0,0.0
D1,F1-10-production-once,1,11,2021-06-16,96,1.0,True,193.0,174.82734035513204,-18.172659644867963,18.172659644867963,2021-06-16 10:45:00,2021-06-16 08:30:00,-135.0,135.0
D1,F1-10-production-once,1,11,2021-06-17,96,1.0,True,197.0,177.1840571241909,-19.8159428758091,19.8159428758091,2021-06-17 08:45:00,2021-06-17 08:45:00,0.0,0.0
D1,F1-10-production-once,1,11,2021-06-18,96,1.0,True,186.0,173.87503168739383,-12.124968312606171,12.124968312606171,2021-06-18 10:00:00,2021-06-18 11:30:00,90.0,90.0
D1,F1-10-production-once,1,11,2021-06-19,96,1.0,True,119.0,111.11172199283719,-7.8882780071628105,7.8882780071628105,2021-06-19 02:15:00,2021-06-19 03:30:00,75.0,75.0
D1,F1-10-production-once,1,11,2021-06-20,96,1.0,True,28.0,31.67392794710213,3.673927947102129,3.673927947102129,2021-06-20 15:15:00,2021-06-20 09:45:00,-330.0,330.0
D1,F1-10-production-once,1,12,2021-05-31,96,1.0,True,172.0,181.07628766718852,9.076287667188524,9.076287667188524,2021-05-31 10:30:00,2021-05-31 09:15:00,-75.0,75.0
D1,F1-10-production-once,1,12,2021-06-01,96,1.0,True,195.0,175.03588654000734,-19.96411345999266,19.96411345999266,2021-06-01 09:00:00,2021-06-01 13:45:00,285.0,285.0
D1,F1-10-production-once,1,12,2021-06-02,96,1.0,True,191.0,175.42474969559018,-15.57525030440982,15.57525030440982,2021-06-02 10:45:00,2021-06-02 09:45:00,-60.0,60.0
D1,F1-10-production-once,1,12,2021-06-03,96,1.0,True,181.0,172.80464163512303,-8.195358364876967,8.195358364876967,2021-06-03 08:30:00,2021-06-03 09:00:00,30.0,30.0
D1,F1-10-production-once,1,12,2021-06-04,96,1.0,True,173.0,165.77050383653042,-7.229496163469577,7.229496163469577,2021-06-04 10:45:00,2021-06-04 10:45:00,0.0,0.0
D1,F1-10-production-once,1,12,2021-06-05,96,1.0,True,116.0,104.60798687114601,-11.39201312885399,11.39201312885399,2021-06-05 01:45:00,2021-06-05 04:15:00,150.0,150.0
D1,F1-10-production-once,1,12,2021-06-06,96,1.0,True,27.0,45.601845036971255,18.601845036971255,18.601845036971255,2021-06-06 01:30:00,2021-06-06 11:00:00,570.0,570.0
D1,F1-10-production-once,1,12,2021-06-14,96,1.0,True,204.0,179.51074819872906,-24.48925180127094,24.48925180127094,2021-06-14 09:00:00,2021-06-14 13:30:00,270.0,270.0
D1,F1-10-production-once,1,12,2021-06-15,96,1.0,True,198.0,179.96516965600182,-18.03483034399818,18.03483034399818,2021-06-15 08:45:00,2021-06-15 08:45:00,0.0,0.0
D1,F1-10-production-once,1,12,2021-06-16,96,1.0,True,193.0,178.63818879403377,-14.361811205966234,14.361811205966234,2021-06-16 10:45:00,2021-06-16 09:00:00,-105.0,105.0
D1,F1-10-production-once,1,12,2021-06-17,96,1.0,True,197.0,181.4412208504017,-15.558779149598308,15.558779149598308,2021-06-17 08:45:00,2021-06-17 09:00:00,15.0,15.0
D1,F1-10-production-once,1,12,2021-06-18,96,1.0,True,186.0,173.70355155014332,-12.296448449856683,12.296448449856683,2021-06-18 10:00:00,2021-06-18 15:30:00,330.0,330.0
D1,F1-10-production-once,1,12,2021-06-19,96,1.0,True,119.0,112.16675894438852,-6.833241055611481,6.833241055611481,2021-06-19 02:15:00,2021-06-19 06:00:00,225.0,225.0
D1,F1-10-production-once,1,12,2021-06-20,96,1.0,True,28.0,38.940221071371575,10.940221071371575,10.940221071371575,2021-06-20 15:15:00,2021-06-20 10:45:00,-270.0,270.0
D1,F1-10-production-once,1,13,2021-05-31,96,1.0,True,172.0,175.57789651396203,3.577896513962031,3.577896513962031,2021-05-31 10:30:00,2021-05-31 11:45:00,75.0,75.0
D1,F1-10-production-once,1,13,2021-06-01,96,1.0,True,195.0,175.6440144632883,-19.3559855367117,19.3559855367117,2021-06-01 09:00:00,2021-06-01 13:45:00,285.0,285.0
D1,F1-10-production-once,1,13,2021-06-02,96,1.0,True,191.0,176.34648645976463,-14.653513540235366,14.653513540235366,2021-06-02 10:45:00,2021-06-02 09:45:00,-60.0,60.0
D1,F1-10-production-once,1,13,2021-06-03,96,1.0,True,181.0,172.41643103874824,-8.583568961251757,8.583568961251757,2021-06-03 08:30:00,2021-06-03 09:00:00,30.0,30.0
D1,F1-10-production-once,1,13,2021-06-04,96,1.0,True,173.0,162.98853536169133,-10.011464638308667,10.011464638308667,2021-06-04 10:45:00,2021-06-04 11:00:00,15.0,15.0
D1,F1-10-production-once,1,13,2021-06-05,96,1.0,True,116.0,106.3351552747375,-9.664844725262498,9.664844725262498,2021-06-05 01:45:00,2021-06-05 06:15:00,270.0,270.0
D1,F1-10-production-once,1,13,2021-06-06,96,1.0,True,27.0,50.2035811574204,23.203581157420402,23.203581157420402,2021-06-06 01:30:00,2021-06-06 11:00:00,570.0,570.0
D1,F1-10-production-once,1,13,2021-06-14,96,1.0,True,204.0,177.8810313840094,-26.11896861599061,26.11896861599061,2021-06-14 09:00:00,2021-06-14 14:00:00,300.0,300.0
D1,F1-10-production-once,1,13,2021-06-15,96,1.0,True,198.0,176.99050028617586,-21.00949971382414,21.00949971382414,2021-06-15 08:45:00,2021-06-15 09:15:00,30.0,30.0
D1,F1-10-production-once,1,13,2021-06-16,96,1.0,True,193.0,178.74102298989908,-14.25897701010092,14.25897701010092,2021-06-16 10:45:00,2021-06-16 08:45:00,-120.0,120.0
D1,F1-10-production-once,1,13,2021-06-17,96,1.0,True,197.0,178.31880074203858,-18.681199257961424,18.681199257961424,2021-06-17 08:45:00,2021-06-17 13:45:00,300.0,300.0
D1,F1-10-production-once,1,13,2021-06-18,96,1.0,True,186.0,172.291763170539,-13.708236829460986,13.708236829460986,2021-06-18 10:00:00,2021-06-18 09:30:00,-30.0,30.0
D1,F1-10-production-once,1,13,2021-06-19,96,1.0,True,119.0,111.15151108836571,-7.848488911634291,7.848488911634291,2021-06-19 02:15:00,2021-06-19 03:30:00,75.0,75.0
D1,F1-10-production-once,1,13,2021-06-20,96,1.0,True,28.0,46.465505462791945,18.465505462791945,18.465505462791945,2021-06-20 15:15:00,2021-06-20 11:00:00,-255.0,255.0
D1,F1-10-production-once,1,14,2021-05-31,96,1.0,True,172.0,175.00861569821402,3.0086156982140153,3.0086156982140153,2021-05-31 10:30:00,2021-05-31 09:45:00,-45.0,45.0
D1,F1-10-production-once,1,14,2021-06-01,96,1.0,True,195.0,170.22101860172245,-24.77898139827755,24.77898139827755,2021-06-01 09:00:00,2021-06-01 13:45:00,285.0,285.0
D1,F1-10-production-once,1,14,2021-06-02,96,1.0,True,191.0,169.12281972212756,-21.87718027787244,21.87718027787244,2021-06-02 10:45:00,2021-06-02 09:45:00,-60.0,60.0
D1,F1-10-production-once,1,14,2021-06-03,96,1.0,True,181.0,165.79657568641431,-15.203424313585685,15.203424313585685,2021-06-03 08:30:00,2021-06-03 10:30:00,120.0,120.0
D1,F1-10-production-once,1,14,2021-06-04,96,1.0,True,173.0,156.26234099335687,-16.737659006643128,16.737659006643128,2021-06-04 10:45:00,2021-06-04 09:45:00,-60.0,60.0
D1,F1-10-production-once,1,14,2021-06-05,96,1.0,True,116.0,106.60478424767946,-9.395215752320539,9.395215752320539,2021-06-05 01:45:00,2021-06-05 06:15:00,270.0,270.0
D1,F1-10-production-once,1,14,2021-06-06,96,1.0,True,27.0,43.14160958976524,16.14160958976524,16.14160958976524,2021-06-06 01:30:00,2021-06-06 10:45:00,555.0,555.0
D1,F1-10-production-once,1,14,2021-06-14,96,1.0,True,204.0,170.67183992047524,-33.328160079524764,33.328160079524764,2021-06-14 09:00:00,2021-06-14 14:00:00,300.0,300.0
D1,F1-10-production-once,1,14,2021-06-15,96,1.0,True,198.0,169.69627297669075,-28.30372702330925,28.30372702330925,2021-06-15 08:45:00,2021-06-15 12:00:00,195.0,195.0
D1,F1-10-production-once,1,14,2021-06-16,96,1.0,True,193.0,168.99189041174344,-24.00810958825656,24.00810958825656,2021-06-16 10:45:00,2021-06-16 14:15:00,210.0,210.0
D1,F1-10-production-once,1,14,2021-06-17,96,1.0,True,197.0,169.3556540307494,-27.644345969250594,27.644345969250594,2021-06-17 08:45:00,2021-06-17 14:15:00,330.0,330.0
D1,F1-10-production-once,1,14,2021-06-18,96,1.0,True,186.0,168.00907287793555,-17.99092712206445,17.99092712206445,2021-06-18 10:00:00,2021-06-18 09:45:00,-15.0,15.0
D1,F1-10-production-once,1,14,2021-06-19,96,1.0,True,119.0,109.04310909993455,-9.956890900065446,9.956890900065446,2021-06-19 02:15:00,2021-06-19 06:00:00,225.0,225.0
D1,F1-10-production-once,1,14,2021-06-20,96,1.0,True,28.0,45.81747773196368,17.817477731963677,17.817477731963677,2021-06-20 15:15:00,2021-06-20 08:30:00,-405.0,405.0
D1,F1-10-production-once,1,15,2021-05-31,96,1.0,True,172.0,180.91425271087613,8.914252710876127,8.914252710876127,2021-05-31 10:30:00,2021-05-31 09:15:00,-75.0,75.0
D1,F1-10-production-once,1,15,2021-06-01,96,1.0,True,195.0,170.76840651601705,-24.231593483982948,24.231593483982948,2021-06-01 09:00:00,2021-06-01 13:45:00,285.0,285.0
D1,F1-10-production-once,1,15,2021-06-02,96,1.0,True,191.0,169.640191803183,-21.359808196817,21.359808196817,2021-06-02 10:45:00,2021-06-02 11:00:00,15.0,15.0
D1,F1-10-production-once,1,15,2021-06-03,96,1.0,True,181.0,167.16729266736624,-13.83270733263376,13.83270733263376,2021-06-03 08:30:00,2021-06-03 08:30:00,0.0,0.0
D1,F1-10-production-once,1,15,2021-06-04,96,1.0,True,173.0,159.06292193607672,-13.93707806392328,13.93707806392328,2021-06-04 10:45:00,2021-06-04 09:00:00,-105.0,105.0
D1,F1-10-production-once,1,15,2021-06-05,96,1.0,True,116.0,102.01162783073462,-13.988372169265375,13.988372169265375,2021-06-05 01:45:00,2021-06-05 04:15:00,150.0,150.0
D1,F1-10-production-once,1,15,2021-06-06,96,1.0,True,27.0,45.65378592880445,18.653785928804453,18.653785928804453,2021-06-06 01:30:00,2021-06-06 09:45:00,495.0,495.0
D1,F1-10-production-once,1,15,2021-06-14,96,1.0,True,204.0,170.7563531591598,-33.2436468408402,33.2436468408402,2021-06-14 09:00:00,2021-06-14 14:00:00,300.0,300.0
D1,F1-10-production-once,1,15,2021-06-15,96,1.0,True,198.0,171.3792061559984,-26.62079384400161,26.62079384400161,2021-06-15 08:45:00,2021-06-15 08:45:00,0.0,0.0
D1,F1-10-production-once,1,15,2021-06-16,96,1.0,True,193.0,170.1553854563694,-22.8446145436306,22.8446145436306,2021-06-16 10:45:00,2021-06-16 08:30:00,-135.0,135.0
D1,F1-10-production-once,1,15,2021-06-17,96,1.0,True,197.0,170.114218648923,-26.885781351076986,26.885781351076986,2021-06-17 08:45:00,2021-06-17 08:30:00,-15.0,15.0
D1,F1-10-production-once,1,15,2021-06-18,96,1.0,True,186.0,168.3665811795674,-17.63341882043261,17.63341882043261,2021-06-18 10:00:00,2021-06-18 08:45:00,-75.0,75.0
D1,F1-10-production-once,1,15,2021-06-19,96,1.0,True,119.0,112.04390070937323,-6.956099290626767,6.956099290626767,2021-06-19 02:15:00,2021-06-19 06:45:00,270.0,270.0
D1,F1-10-production-once,1,15,2021-06-20,96,1.0,True,28.0,38.025594856609565,10.025594856609565,10.025594856609565,2021-06-20 15:15:00,2021-06-20 08:45:00,-390.0,390.0
D1,F1-10-production-once,1,16,2021-05-31,96,1.0,True,172.0,179.81643668051638,7.816436680516375,7.816436680516375,2021-05-31 10:30:00,2021-05-31 09:15:00,-75.0,75.0
D1,F1-10-production-once,1,16,2021-06-01,96,1.0,True,195.0,171.12146522629448,-23.878534773705525,23.878534773705525,2021-06-01 09:00:00,2021-06-01 14:00:00,300.0,300.0
D1,F1-10-production-once,1,16,2021-06-02,96,1.0,True,191.0,169.85485209752966,-21.14514790247034,21.14514790247034,2021-06-02 10:45:00,2021-06-02 08:30:00,-135.0,135.0
D1,F1-10-production-once,1,16,2021-06-03,96,1.0,True,181.0,166.77549229490324,-14.224507705096755,14.224507705096755,2021-06-03 08:30:00,2021-06-03 09:00:00,30.0,30.0
D1,F1-10-production-once,1,16,2021-06-04,96,1.0,True,173.0,159.15874166172676,-13.841258338273235,13.841258338273235,2021-06-04 10:45:00,2021-06-04 11:45:00,60.0,60.0
D1,F1-10-production-once,1,16,2021-06-05,96,1.0,True,116.0,102.99656458609023,-13.00343541390977,13.00343541390977,2021-06-05 01:45:00,2021-06-05 06:15:00,270.0,270.0
D1,F1-10-production-once,1,16,2021-06-06,96,1.0,True,27.0,48.28214720335986,21.282147203359862,21.282147203359862,2021-06-06 01:30:00,2021-06-06 11:15:00,585.0,585.0
D1,F1-10-production-once,1,16,2021-06-14,96,1.0,True,204.0,171.07560124143842,-32.92439875856158,32.92439875856158,2021-06-14 09:00:00,2021-06-14 14:00:00,300.0,300.0
D1,F1-10-production-once,1,16,2021-06-15,96,1.0,True,198.0,171.89141548371367,-26.108584516286328,26.108584516286328,2021-06-15 08:45:00,2021-06-15 08:30:00,-15.0,15.0
D1,F1-10-production-once,1,16,2021-06-16,96,1.0,True,193.0,171.14770972314074,-21.852290276859264,21.852290276859264,2021-06-16 10:45:00,2021-06-16 08:30:00,-135.0,135.0
D1,F1-10-production-once,1,16,2021-06-17,96,1.0,True,197.0,171.57208651023544,-25.427913489764563,25.427913489764563,2021-06-17 08:45:00,2021-06-17 13:45:00,300.0,300.0
D1,F1-10-production-once,1,16,2021-06-18,96,1.0,True,186.0,169.17283502377194,-16.82716497622806,16.82716497622806,2021-06-18 10:00:00,2021-06-18 08:45:00,-75.0,75.0
D1,F1-10-production-once,1,16,2021-06-19,96,1.0,True,119.0,109.42913676097562,-9.570863239024376,9.570863239024376,2021-06-19 02:15:00,2021-06-19 07:00:00,285.0,285.0
D1,F1-10-production-once,1,16,2021-06-20,96,1.0,True,28.0,47.47306385702721,19.473063857027213,19.473063857027213,2021-06-20 15:15:00,2021-06-20 10:45:00,-270.0,270.0
D1,F1-10-production-once,2,4,2021-07-12,96,1.0,True,198.0,186.72743885426905,-11.272561145730947,11.272561145730947,2021-07-12 08:45:00,2021-07-12 08:45:00,0.0,0.0
D1,F1-10-production-once,2,4,2021-07-13,1,0.010416666666666666,False,79.0,104.44101815089391,25.44101815089391,25.44101815089391,2021-07-13 00:00:00,2021-07-13 00:00:00,0.0,0.0
D1,F1-10-production-once,2,4,2021-07-17,80,0.8333333333333334,False,108.0,108.27532824764839,0.2753282476483889,0.2753282476483889,2021-07-17 06:00:00,2021-07-17 04:00:00,-120.0,120.0
D1,F1-10-production-once,2,4,2021-07-18,84,0.875,False,28.0,66.75655716819418,38.75655716819418,38.75655716819418,2021-07-18 04:30:00,2021-07-18 08:15:00,225.0,225.0
D1,F1-10-production-once,2,4,2021-07-26,84,0.875,False,217.0,190.84977441667027,-26.15022558332973,26.15022558332973,2021-07-26 08:30:00,2021-07-26 14:00:00,330.0,330.0
D1,F1-10-production-once,2,4,2021-07-27,84,0.875,False,211.0,187.2357905128592,-23.76420948714079,23.76420948714079,2021-07-27 11:45:00,2021-07-27 14:00:00,135.0,135.0
D1,F1-10-production-once,2,4,2021-07-28,84,0.875,False,212.0,186.50280302163247,-25.497196978367526,25.497196978367526,2021-07-28 12:00:00,2021-07-28 14:00:00,120.0,120.0
D1,F1-10-production-once,2,4,2021-07-29,84,0.875,False,211.0,188.67399134454774,-22.326008655452256,22.326008655452256,2021-07-29 12:00:00,2021-07-29 14:45:00,165.0,165.0
D1,F1-10-production-once,2,4,2021-07-30,85,0.8854166666666666,False,212.0,186.11579957737376,-25.884200422626236,25.884200422626236,2021-07-30 12:00:00,2021-07-30 13:45:00,105.0,105.0
D1,F1-10-production-once,2,4,2021-07-31,96,1.0,True,80.0,82.33648279237983,2.336482792379826,2.336482792379826,2021-07-31 00:00:00,2021-07-31 00:00:00,0.0,0.0
D1,F1-10-production-once,2,4,2021-08-01,96,1.0,True,28.0,28.87662088625406,0.8766208862540594,0.8766208862540594,2021-08-01 09:00:00,2021-08-01 13:45:00,285.0,285.0
D1,F1-10-production-once,2,4,2021-08-09,39,0.40625,False,215.0,101.73127157390303,-113.26872842609697,113.26872842609697,2021-08-09 08:45:00,2021-08-09 08:30:00,-15.0,15.0
D1,F1-10-production-once,2,5,2021-07-12,96,1.0,True,198.0,188.09604646880217,-9.903953531197828,9.903953531197828,2021-07-12 08:45:00,2021-07-12 14:45:00,360.0,360.0
D1,F1-10-production-once,2,5,2021-07-13,1,0.010416666666666666,False,79.0,104.42334874739396,25.42334874739396,25.42334874739396,2021-07-13 00:00:00,2021-07-13 00:00:00,0.0,0.0
D1,F1-10-production-once,2,5,2021-07-17,79,0.8229166666666666,False,108.0,107.24616161546763,-0.7538383845323722,0.7538383845323722,2021-07-17 06:00:00,2021-07-17 04:15:00,-105.0,105.0
D1,F1-10-production-once,2,5,2021-07-18,84,0.875,False,28.0,59.85709640759444,31.85709640759444,31.85709640759444,2021-07-18 04:30:00,2021-07-18 08:30:00,240.0,240.0
D1,F1-10-production-once,2,5,2021-07-26,84,0.875,False,217.0,198.29871748717918,-18.701282512820825,18.701282512820825,2021-07-26 08:30:00,2021-07-26 14:15:00,345.0,345.0
D1,F1-10-production-once,2,5,2021-07-27,84,0.875,False,211.0,190.9454939600679,-20.054506039932107,20.054506039932107,2021-07-27 11:45:00,2021-07-27 15:00:00,195.0,195.0
D1,F1-10-production-once,2,5,2021-07-28,84,0.875,False,212.0,183.04934096238262,-28.950659037617385,28.950659037617385,2021-07-28 12:00:00,2021-07-28 14:30:00,150.0,150.0
D1,F1-10-production-once,2,5,2021-07-29,84,0.875,False,211.0,185.2653548271081,-25.734645172891902,25.734645172891902,2021-07-29 12:00:00,2021-07-29 14:00:00,120.0,120.0
D1,F1-10-production-once,2,5,2021-07-30,85,0.8854166666666666,False,212.0,182.9092544962387,-29.090745503761298,29.090745503761298,2021-07-30 12:00:00,2021-07-30 13:45:00,105.0,105.0
D1,F1-10-production-once,2,5,2021-07-31,96,1.0,True,80.0,85.85651185197649,5.856511851976492,5.856511851976492,2021-07-31 00:00:00,2021-07-31 01:15:00,75.0,75.0
D1,F1-10-production-once,2,5,2021-08-01,96,1.0,True,28.0,33.88405940791759,5.88405940791759,5.88405940791759,2021-08-01 09:00:00,2021-08-01 11:15:00,135.0,135.0
D1,F1-10-production-once,2,5,2021-08-09,39,0.40625,False,215.0,105.21983441058082,-109.78016558941918,109.78016558941918,2021-08-09 08:45:00,2021-08-09 09:30:00,45.0,45.0
D1,F1-10-production-once,2,6,2021-07-12,96,1.0,True,198.0,194.54981337292455,-3.4501866270754533,3.4501866270754533,2021-07-12 08:45:00,2021-07-12 08:45:00,0.0,0.0
D1,F1-10-production-once,2,6,2021-07-13,1,0.010416666666666666,False,79.0,103.79539386614908,24.795393866149084,24.795393866149084,2021-07-13 00:00:00,2021-07-13 00:00:00,0.0,0.0
D1,F1-10-production-once,2,6,2021-07-17,78,0.8125,False,108.0,106.62348687781453,-1.3765131221854716,1.3765131221854716,2021-07-17 06:00:00,2021-07-17 08:45:00,165.0,165.0
D1,F1-10-production-once,2,6,2021-07-18,84,0.875,False,28.0,61.8091855652903,33.8091855652903,33.8091855652903,2021-07-18 01:15:00,2021-07-18 08:30:00,435.0,435.0
D1,F1-10-production-once,2,6,2021-07-26,84,0.875,False,217.0,190.92151556789003,-26.078484432109974,26.078484432109974,2021-07-26 08:30:00,2021-07-26 08:45:00,15.0,15.0
D1,F1-10-production-once,2,6,2021-07-27,84,0.875,False,211.0,191.97430112012208,-19.025698879877922,19.025698879877922,2021-07-27 11:45:00,2021-07-27 15:00:00,195.0,195.0
D1,F1-10-production-once,2,6,2021-07-28,84,0.875,False,212.0,189.97902208119135,-22.020977918808654,22.020977918808654,2021-07-28 12:00:00,2021-07-28 15:00:00,180.0,180.0
D1,F1-10-production-once,2,6,2021-07-29,84,0.875,False,211.0,190.06208735373932,-20.937912646260685,20.937912646260685,2021-07-29 12:00:00,2021-07-29 15:00:00,180.0,180.0
D1,F1-10-production-once,2,6,2021-07-30,85,0.8854166666666666,False,212.0,186.14800251884537,-25.851997481154626,25.851997481154626,2021-07-30 12:00:00,2021-07-30 15:00:00,180.0,180.0
D1,F1-10-production-once,2,6,2021-07-31,96,1.0,True,80.0,96.1176376341105,16.117637634110494,16.117637634110494,2021-07-31 00:00:00,2021-07-31 01:30:00,90.0,90.0
D1,F1-10-production-once,2,6,2021-08-01,96,1.0,True,28.0,42.97914179430715,14.979141794307147,14.979141794307147,2021-08-01 09:00:00,2021-08-01 11:00:00,120.0,120.0
D1,F1-10-production-once,2,6,2021-08-09,39,0.40625,False,215.0,93.54578899041576,-121.45421100958424,121.45421100958424,2021-08-09 08:45:00,2021-08-09 09:15:00,30.0,30.0
D1,F1-10-production-once,2,7,2021-07-12,96,1.0,True,198.0,196.35485958883675,-1.6451404111632542,1.6451404111632542,2021-07-12 08:45:00,2021-07-12 08:45:00,0.0,0.0
D1,F1-10-production-once,2,7,2021-07-13,1,0.010416666666666666,False,79.0,98.78142428214801,19.78142428214801,19.78142428214801,2021-07-13 00:00:00,2021-07-13 00:00:00,0.0,0.0
D1,F1-10-production-once,2,7,2021-07-17,77,0.8020833333333334,False,108.0,107.13574139993374,-0.8642586000662646,0.8642586000662646,2021-07-17 06:00:00,2021-07-17 08:30:00,150.0,150.0
D1,F1-10-production-once,2,7,2021-07-18,84,0.875,False,28.0,65.13068391090826,37.13068391090826,37.13068391090826,2021-07-18 01:15:00,2021-07-18 09:00:00,465.0,465.0
D1,F1-10-production-once,2,7,2021-07-26,84,0.875,False,217.0,199.5831077165241,-17.416892283475903,17.416892283475903,2021-07-26 08:30:00,2021-07-26 08:45:00,15.0,15.0
D1,F1-10-production-once,2,7,2021-07-27,84,0.875,False,211.0,182.81958491370128,-28.180415086298723,28.180415086298723,2021-07-27 11:45:00,2021-07-27 15:00:00,195.0,195.0
D1,F1-10-production-once,2,7,2021-07-28,84,0.875,False,212.0,179.79438620850652,-32.20561379149348,32.20561379149348,2021-07-28 12:00:00,2021-07-28 08:45:00,-195.0,195.0
D1,F1-10-production-once,2,7,2021-07-29,84,0.875,False,211.0,187.74054876604842,-23.25945123395158,23.25945123395158,2021-07-29 12:00:00,2021-07-29 08:30:00,-210.0,210.0
D1,F1-10-production-once,2,7,2021-07-30,85,0.8854166666666666,False,212.0,179.68315609421572,-32.31684390578428,32.31684390578428,2021-07-30 12:00:00,2021-07-30 11:45:00,-15.0,15.0
D1,F1-10-production-once,2,7,2021-07-31,96,1.0,True,80.0,106.67336736294217,26.673367362942173,26.673367362942173,2021-07-31 00:00:00,2021-07-31 01:45:00,105.0,105.0
D1,F1-10-production-once,2,7,2021-08-01,96,1.0,True,28.0,43.79869361346678,15.798693613466781,15.798693613466781,2021-08-01 09:00:00,2021-08-01 11:45:00,165.0,165.0
D1,F1-10-production-once,2,7,2021-08-09,39,0.40625,False,215.0,93.74411195992688,-121.25588804007312,121.25588804007312,2021-08-09 08:45:00,2021-08-09 09:15:00,30.0,30.0
D1,F1-10-production-once,2,8,2021-07-12,96,1.0,True,198.0,187.89721179067152,-10.10278820932848,10.10278820932848,2021-07-12 08:45:00,2021-07-12 08:45:00,0.0,0.0
D1,F1-10-production-once,2,8,2021-07-13,1,0.010416666666666666,False,79.0,99.40185275884177,20.40185275884177,20.40185275884177,2021-07-13 00:00:00,2021-07-13 00:00:00,0.0,0.0
D1,F1-10-production-once,2,8,2021-07-17,76,0.7916666666666666,False,108.0,104.60163972626685,-3.3983602737331466,3.3983602737331466,2021-07-17 06:00:00,2021-07-17 06:15:00,15.0,15.0
D1,F1-10-production-once,2,8,2021-07-18,84,0.875,False,28.0,54.25155341346366,26.25155341346366,26.25155341346366,2021-07-18 01:15:00,2021-07-18 09:00:00,465.0,465.0
D1,F1-10-production-once,2,8,2021-07-26,84,0.875,False,217.0,187.8005250231048,-29.199474976895203,29.199474976895203,2021-07-26 08:30:00,2021-07-26 11:45:00,195.0,195.0
D1,F1-10-production-once,2,8,2021-07-27,84,0.875,False,211.0,186.79538086326832,-24.20461913673168,24.20461913673168,2021-07-27 11:45:00,2021-07-27 15:00:00,195.0,195.0
D1,F1-10-production-once,2,8,2021-07-28,84,0.875,False,212.0,180.65005349442816,-31.349946505571836,31.349946505571836,2021-07-28 12:00:00,2021-07-28 15:00:00,180.0,180.0
D1,F1-10-production-once,2,8,2021-07-29,84,0.875,False,211.0,187.24818112692913,-23.751818873070874,23.751818873070874,2021-07-29 12:00:00,2021-07-29 14:45:00,165.0,165.0
D1,F1-10-production-once,2,8,2021-07-30,85,0.8854166666666666,False,212.0,179.7998719870071,-32.200128012992906,32.200128012992906,2021-07-30 12:00:00,2021-07-30 16:00:00,240.0,240.0
D1,F1-10-production-once,2,8,2021-07-31,96,1.0,True,80.0,108.180054545282,28.180054545282005,28.180054545282005,2021-07-31 00:00:00,2021-07-31 01:45:00,105.0,105.0
D1,F1-10-production-once,2,8,2021-08-01,96,1.0,True,28.0,37.909441078511506,9.909441078511506,9.909441078511506,2021-08-01 09:00:00,2021-08-01 11:45:00,165.0,165.0
D1,F1-10-production-once,2,8,2021-08-09,39,0.40625,False,215.0,97.70707713595263,-117.29292286404737,117.29292286404737,2021-08-09 08:45:00,2021-08-09 09:30:00,45.0,45.0
D1,F1-10-production-once,2,9,2021-07-12,96,1.0,True,198.0,185.11503861391,-12.884961386089998,12.884961386089998,2021-07-12 08:45:00,2021-07-12 10:45:00,120.0,120.0
D1,F1-10-production-once,2,9,2021-07-13,1,0.010416666666666666,False,79.0,101.14121477043973,22.14121477043973,22.14121477043973,2021-07-13 00:00:00,2021-07-13 00:00:00,0.0,0.0
D1,F1-10-production-once,2,9,2021-07-17,75,0.78125,False,108.0,107.32611981285048,-0.6738801871495212,0.6738801871495212,2021-07-17 06:00:00,2021-07-17 06:15:00,15.0,15.0
D1,F1-10-production-once,2,9,2021-07-18,84,0.875,False,28.0,49.52817369233634,21.52817369233634,21.52817369233634,2021-07-18 01:15:00,2021-07-18 08:30:00,435.0,435.0
D1,F1-10-production-once,2,9,2021-07-26,84,0.875,False,217.0,192.75679979276694,-24.24320020723306,24.24320020723306,2021-07-26 08:30:00,2021-07-26 11:45:00,195.0,195.0
D1,F1-10-production-once,2,9,2021-07-27,84,0.875,False,211.0,189.02630248734846,-21.97369751265154,21.97369751265154,2021-07-27 11:45:00,2021-07-27 12:00:00,15.0,15.0
D1,F1-10-production-once,2,9,2021-07-28,84,0.875,False,212.0,179.17609269538428,-32.823907304615716,32.823907304615716,2021-07-28 12:00:00,2021-07-28 08:45:00,-195.0,195.0
D1,F1-10-production-once,2,9,2021-07-29,84,0.875,False,211.0,182.86556889944654,-28.134431100553456,28.134431100553456,2021-07-29 12:00:00,2021-07-29 12:00:00,0.0,0.0
D1,F1-10-production-once,2,9,2021-07-30,85,0.8854166666666666,False,212.0,180.0921972559567,-31.907802744043295,31.907802744043295,2021-07-30 12:00:00,2021-07-30 11:45:00,-15.0,15.0
D1,F1-10-production-once,2,9,2021-07-31,96,1.0,True,80.0,109.06341130253567,29.06341130253567,29.06341130253567,2021-07-31 00:00:00,2021-07-31 01:45:00,105.0,105.0
D1,F1-10-production-once,2,9,2021-08-01,96,1.0,True,28.0,31.921398817994156,3.921398817994156,3.921398817994156,2021-08-01 09:00:00,2021-08-01 09:15:00,15.0,15.0
D1,F1-10-production-once,2,9,2021-08-09,39,0.40625,False,215.0,89.57290577151802,-125.42709422848198,125.42709422848198,2021-08-09 08:45:00,2021-08-09 08:15:00,-30.0,30.0
D1,F1-10-production-once,2,10,2021-07-12,96,1.0,True,198.0,183.7129639563952,-14.287036043604786,14.287036043604786,2021-07-12 08:45:00,2021-07-12 16:00:00,435.0,435.0
D1,F1-10-production-once,2,10,2021-07-13,1,0.010416666666666666,False,79.0,102.9375493933452,23.937549393345193,23.937549393345193,2021-07-13 00:00:00,2021-07-13 00:00:00,0.0,0.0
D1,F1-10-production-once,2,10,2021-07-17,74,0.7708333333333334,False,108.0,115.00062606836272,7.00062606836272,7.00062606836272,2021-07-17 06:00:00,2021-07-17 07:45:00,105.0,105.0
D1,F1-10-production-once,2,10,2021-07-18,84,0.875,False,28.0,42.51218553766493,14.512185537664926,14.512185537664926,2021-07-18 01:15:00,2021-07-18 08:30:00,435.0,435.0
D1,F1-10-production-once,2,10,2021-07-26,84,0.875,False,217.0,192.19156714030274,-24.808432859697263,24.808432859697263,2021-07-26 08:30:00,2021-07-26 11:45:00,195.0,195.0
D1,F1-10-production-once,2,10,2021-07-27,84,0.875,False,211.0,186.75572414783048,-24.244275852169523,24.244275852169523,2021-07-27 11:45:00,2021-07-27 16:00:00,255.0,255.0
D1,F1-10-production-once,2,10,2021-07-28,84,0.875,False,212.0,183.96728935176483,-28.032710648235167,28.032710648235167,2021-07-28 12:00:00,2021-07-28 15:45:00,225.0,225.0
D1,F1-10-production-once,2,10,2021-07-29,84,0.875,False,211.0,185.5603010054961,-25.439698994503914,25.439698994503914,2021-07-29 12:00:00,2021-07-29 14:45:00,165.0,165.0
D1,F1-10-production-once,2,10,2021-07-30,85,0.8854166666666666,False,212.0,180.68473369861232,-31.31526630138768,31.31526630138768,2021-07-30 12:00:00,2021-07-30 11:45:00,-15.0,15.0
D1,F1-10-production-once,2,10,2021-07-31,96,1.0,True,80.0,110.01787714290907,30.01787714290907,30.01787714290907,2021-07-31 00:00:00,2021-07-31 02:15:00,135.0,135.0
D1,F1-10-production-once,2,10,2021-08-01,96,1.0,True,28.0,38.540541327527535,10.540541327527535,10.540541327527535,2021-08-01 09:00:00,2021-08-01 15:45:00,405.0,405.0
D1,F1-10-production-once,2,10,2021-08-09,39,0.40625,False,215.0,85.62360037403063,-129.37639962596938,129.37639962596938,2021-08-09 08:45:00,2021-08-09 08:00:00,-45.0,45.0
D1,F1-10-production-once,2,11,2021-07-12,96,1.0,True,198.0,183.71811281059325,-14.281887189406746,14.281887189406746,2021-07-12 08:45:00,2021-07-12 11:45:00,180.0,180.0
D1,F1-10-production-once,2,11,2021-07-13,1,0.010416666666666666,False,79.0,101.10517896242528,22.105178962425285,22.105178962425285,2021-07-13 00:00:00,2021-07-13 00:00:00,0.0,0.0
D1,F1-10-production-once,2,11,2021-07-17,73,0.7604166666666666,False,108.0,108.85263541361287,0.8526354136128731,0.8526354136128731,2021-07-17 06:00:00,2021-07-17 08:30:00,150.0,150.0
D1,F1-10-production-once,2,11,2021-07-18,84,0.875,False,28.0,43.673701423691995,15.673701423691995,15.673701423691995,2021-07-18 01:15:00,2021-07-18 08:30:00,435.0,435.0
D1,F1-10-production-once,2,11,2021-07-26,84,0.875,False,217.0,191.12044218484886,-25.879557815151145,25.879557815151145,2021-07-26 08:30:00,2021-07-26 11:45:00,195.0,195.0
D1,F1-10-production-once,2,11,2021-07-27,84,0.875,False,211.0,184.3097686883857,-26.690231311614298,26.690231311614298,2021-07-27 11:45:00,2021-07-27 12:00:00,15.0,15.0
D1,F1-10-production-once,2,11,2021-07-28,84,0.875,False,212.0,180.69190676866575,-31.308093231334254,31.308093231334254,2021-07-28 12:00:00,2021-07-28 15:00:00,180.0,180.0
D1,F1-10-production-once,2,11,2021-07-29,84,0.875,False,211.0,188.78009494144192,-22.219905058558084,22.219905058558084,2021-07-29 12:00:00,2021-07-29 08:45:00,-195.0,195.0
D1,F1-10-production-once,2,11,2021-07-30,85,0.8854166666666666,False,212.0,183.0661167272799,-28.933883272720095,28.933883272720095,2021-07-30 12:00:00,2021-07-30 15:45:00,225.0,225.0
D1,F1-10-production-once,2,11,2021-07-31,96,1.0,True,80.0,112.28142988819575,32.281429888195746,32.281429888195746,2021-07-31 00:00:00,2021-07-31 01:45:00,105.0,105.0
D1,F1-10-production-once,2,11,2021-08-01,96,1.0,True,28.0,32.35398693159459,4.353986931594591,4.353986931594591,2021-08-01 09:00:00,2021-08-01 11:45:00,165.0,165.0
D1,F1-10-production-once,2,11,2021-08-09,39,0.40625,False,215.0,120.76382480258283,-94.23617519741717,94.23617519741717,2021-08-09 08:45:00,2021-08-09 08:15:00,-30.0,30.0
D1,F1-10-production-once,2,12,2021-07-12,96,1.0,True,198.0,186.84396788622584,-11.15603211377416,11.15603211377416,2021-07-12 08:45:00,2021-07-12 16:00:00,435.0,435.0
D1,F1-10-production-once,2,12,2021-07-13,1,0.010416666666666666,False,79.0,97.87034387107038,18.870343871070375,18.870343871070375,2021-07-13 00:00:00,2021-07-13 00:00:00,0.0,0.0
D1,F1-10-production-once,2,12,2021-07-17,72,0.75,False,108.0,118.13468945815997,10.134689458159968,10.134689458159968,2021-07-17 06:00:00,2021-07-17 08:30:00,150.0,150.0
D1,F1-10-production-once,2,12,2021-07-18,84,0.875,False,28.0,46.25975840643648,18.259758406436482,18.259758406436482,2021-07-18 01:15:00,2021-07-18 08:30:00,435.0,435.0
D1,F1-10-production-once,2,12,2021-07-26,84,0.875,False,217.0,191.86781768004593,-25.13218231995407,25.13218231995407,2021-07-26 08:30:00,2021-07-26 11:45:00,195.0,195.0
D1,F1-10-production-once,2,12,2021-07-27,84,0.875,False,211.0,186.02337110808656,-24.976628891913435,24.976628891913435,2021-07-27 11:45:00,2021-07-27 14:00:00,135.0,135.0
D1,F1-10-production-once,2,12,2021-07-28,84,0.875,False,212.0,181.3468465922762,-30.653153407723806,30.653153407723806,2021-07-28 12:00:00,2021-07-28 14:30:00,150.0,150.0
D1,F1-10-production-once,2,12,2021-07-29,84,0.875,False,211.0,193.398478644132,-17.601521355867987,17.601521355867987,2021-07-29 12:00:00,2021-07-29 09:00:00,-180.0,180.0
D1,F1-10-production-once,2,12,2021-07-30,85,0.8854166666666666,False,212.0,179.6366561051319,-32.36334389486811,32.36334389486811,2021-07-30 12:00:00,2021-07-30 11:45:00,-15.0,15.0
D1,F1-10-production-once,2,12,2021-07-31,96,1.0,True,80.0,111.87035554703291,31.870355547032915,31.870355547032915,2021-07-31 00:00:00,2021-07-31 01:45:00,105.0,105.0
D1,F1-10-production-once,2,12,2021-08-01,96,1.0,True,28.0,32.67837492335505,4.678374923355051,4.678374923355051,2021-08-01 09:00:00,2021-08-01 12:00:00,180.0,180.0
D1,F1-10-production-once,2,12,2021-08-09,39,0.40625,False,215.0,114.42293897031408,-100.57706102968592,100.57706102968592,2021-08-09 08:45:00,2021-08-09 08:00:00,-45.0,45.0
D1,F1-10-production-once,2,13,2021-07-12,96,1.0,True,198.0,190.0856279750236,-7.914372024976387,7.914372024976387,2021-07-12 08:45:00,2021-07-12 11:45:00,180.0,180.0
D1,F1-10-production-once,2,13,2021-07-13,1,0.010416666666666666,False,79.0,95.51645743983043,16.516457439830432,16.516457439830432,2021-07-13 00:00:00,2021-07-13 00:00:00,0.0,0.0
D1,F1-10-production-once,2,13,2021-07-17,71,0.7395833333333334,False,96.0,107.33481558835713,11.33481558835713,11.33481558835713,2021-07-17 06:15:00,2021-07-17 06:15:00,0.0,0.0
D1,F1-10-production-once,2,13,2021-07-18,84,0.875,False,28.0,58.559851780621784,30.559851780621784,30.559851780621784,2021-07-18 01:15:00,2021-07-18 11:00:00,585.0,585.0
D1,F1-10-production-once,2,13,2021-07-26,84,0.875,False,217.0,191.58358912032944,-25.416410879670565,25.416410879670565,2021-07-26 08:30:00,2021-07-26 12:00:00,210.0,210.0
D1,F1-10-production-once,2,13,2021-07-27,84,0.875,False,211.0,181.81942604993316,-29.180573950066844,29.180573950066844,2021-07-27 11:45:00,2021-07-27 13:45:00,120.0,120.0
D1,F1-10-production-once,2,13,2021-07-28,84,0.875,False,212.0,178.6365001223362,-33.3634998776638,33.3634998776638,2021-07-28 12:00:00,2021-07-28 14:30:00,150.0,150.0
D1,F1-10-production-once,2,13,2021-07-29,84,0.875,False,211.0,193.4175063090118,-17.5824936909882,17.5824936909882,2021-07-29 12:00:00,2021-07-29 10:00:00,-120.0,120.0
D1,F1-10-production-once,2,13,2021-07-30,85,0.8854166666666666,False,212.0,182.3236725431832,-29.676327456816807,29.676327456816807,2021-07-30 12:00:00,2021-07-30 11:45:00,-15.0,15.0
D1,F1-10-production-once,2,13,2021-07-31,96,1.0,True,80.0,110.24123345772115,30.24123345772115,30.24123345772115,2021-07-31 00:00:00,2021-07-31 02:15:00,135.0,135.0
D1,F1-10-production-once,2,13,2021-08-01,96,1.0,True,28.0,32.40224105405244,4.402241054052439,4.402241054052439,2021-08-01 09:00:00,2021-08-01 08:30:00,-30.0,30.0
D1,F1-10-production-once,2,13,2021-08-09,39,0.40625,False,215.0,97.98725910992786,-117.01274089007214,117.01274089007214,2021-08-09 08:45:00,2021-08-09 08:15:00,-30.0,30.0
D1,F1-10-production-once,2,14,2021-07-12,96,1.0,True,198.0,186.9255412998952,-11.074458700104799,11.074458700104799,2021-07-12 08:45:00,2021-07-12 12:00:00,195.0,195.0
D1,F1-10-production-once,2,14,2021-07-13,1,0.010416666666666666,False,79.0,94.1388937483316,15.138893748331597,15.138893748331597,2021-07-13 00:00:00,2021-07-13 00:00:00,0.0,0.0
D1,F1-10-production-once,2,14,2021-07-17,70,0.7291666666666666,False,88.0,101.81426138478743,13.814261384787429,13.814261384787429,2021-07-17 07:15:00,2021-07-17 06:45:00,-30.0,30.0
D1,F1-10-production-once,2,14,2021-07-18,84,0.875,False,28.0,61.73669869340496,33.73669869340496,33.73669869340496,2021-07-18 01:15:00,2021-07-18 10:30:00,555.0,555.0
D1,F1-10-production-once,2,14,2021-07-26,84,0.875,False,217.0,185.3420704019969,-31.657929598003108,31.657929598003108,2021-07-26 08:30:00,2021-07-26 14:30:00,360.0,360.0
D1,F1-10-production-once,2,14,2021-07-27,84,0.875,False,211.0,180.46359375582657,-30.536406244173435,30.536406244173435,2021-07-27 11:45:00,2021-07-27 10:45:00,-60.0,60.0
D1,F1-10-production-once,2,14,2021-07-28,84,0.875,False,212.0,176.25153960713357,-35.748460392866434,35.748460392866434,2021-07-28 12:00:00,2021-07-28 08:45:00,-195.0,195.0
D1,F1-10-production-once,2,14,2021-07-29,84,0.875,False,211.0,182.5279957531963,-28.472004246803692,28.472004246803692,2021-07-29 12:00:00,2021-07-29 09:45:00,-135.0,135.0
D1,F1-10-production-once,2,14,2021-07-30,84,0.875,False,212.0,177.23616400145352,-34.76383599854648,34.76383599854648,2021-07-30 12:00:00,2021-07-30 08:45:00,-195.0,195.0
D1,F1-10-production-once,2,14,2021-07-31,96,1.0,True,80.0,106.3657202116108,26.365720211610807,26.365720211610807,2021-07-31 00:00:00,2021-07-31 03:30:00,210.0,210.0
D1,F1-10-production-once,2,14,2021-08-01,96,1.0,True,28.0,34.5929431828576,6.592943182857603,6.592943182857603,2021-08-01 09:00:00,2021-08-01 01:15:00,-465.0,465.0
D1,F1-10-production-once,2,14,2021-08-09,39,0.40625,False,215.0,97.33719185727408,-117.66280814272592,117.66280814272592,2021-08-09 08:45:00,2021-08-09 08:30:00,-15.0,15.0
D1,F1-10-production-once,2,15,2021-07-12,96,1.0,True,198.0,181.85280394012474,-16.147196059875256,16.147196059875256,2021-07-12 08:45:00,2021-07-12 14:30:00,345.0,345.0
D1,F1-10-production-once,2,15,2021-07-13,1,0.010416666666666666,False,79.0,92.70475618092752,13.704756180927518,13.704756180927518,2021-07-13 00:00:00,2021-07-13 00:00:00,0.0,0.0
D1,F1-10-production-once,2,15,2021-07-17,69,0.71875,False,88.0,102.11504677857506,14.115046778575064,14.115046778575064,2021-07-17 07:15:00,2021-07-17 06:45:00,-30.0,30.0
D1,F1-10-production-once,2,15,2021-07-18,84,0.875,False,28.0,69.4320816008666,41.432081600866596,41.432081600866596,2021-07-18 01:15:00,2021-07-18 10:45:00,570.0,570.0
D1,F1-10-production-once,2,15,2021-07-26,84,0.875,False,217.0,187.12652548910737,-29.873474510892635,29.873474510892635,2021-07-26 08:30:00,2021-07-26 13:45:00,315.0,315.0
D1,F1-10-production-once,2,15,2021-07-27,84,0.875,False,211.0,181.42898124027138,-29.571018759728616,29.571018759728616,2021-07-27 11:45:00,2021-07-27 08:45:00,-180.0,180.0
D1,F1-10-production-once,2,15,2021-07-28,84,0.875,False,212.0,178.05143763236038,-33.948562367639624,33.948562367639624,2021-07-28 12:00:00,2021-07-28 09:00:00,-180.0,180.0
D1,F1-10-production-once,2,15,2021-07-29,84,0.875,False,211.0,184.5492580446679,-26.45074195533209,26.45074195533209,2021-07-29 12:00:00,2021-07-29 08:30:00,-210.0,210.0
D1,F1-10-production-once,2,15,2021-07-30,84,0.875,False,212.0,179.00035077215128,-32.99964922784872,32.99964922784872,2021-07-30 12:00:00,2021-07-30 11:45:00,-15.0,15.0
D1,F1-10-production-once,2,15,2021-07-31,96,1.0,True,80.0,107.17732025248672,27.177320252486723,27.177320252486723,2021-07-31 00:00:00,2021-07-31 03:45:00,225.0,225.0
D1,F1-10-production-once,2,15,2021-08-01,96,1.0,True,28.0,39.21690339925064,11.21690339925064,11.21690339925064,2021-08-01 09:00:00,2021-08-01 09:45:00,45.0,45.0
D1,F1-10-production-once,2,15,2021-08-09,39,0.40625,False,215.0,86.40243607822417,-128.59756392177582,128.59756392177582,2021-08-09 08:45:00,2021-08-09 08:15:00,-30.0,30.0
D1,F1-10-production-once,2,16,2021-07-12,96,1.0,True,198.0,185.71816671733507,-12.281833282664934,12.281833282664934,2021-07-12 08:45:00,2021-07-12 13:45:00,300.0,300.0
D1,F1-10-production-once,2,16,2021-07-13,1,0.010416666666666666,False,79.0,98.18530972016248,19.18530972016248,19.18530972016248,2021-07-13 00:00:00,2021-07-13 00:00:00,0.0,0.0
D1,F1-10-production-once,2,16,2021-07-17,68,0.7083333333333334,False,88.0,104.42468336398183,16.424683363981828,16.424683363981828,2021-07-17 07:15:00,2021-07-17 07:15:00,0.0,0.0
D1,F1-10-production-once,2,16,2021-07-18,84,0.875,False,28.0,54.64580288150252,26.64580288150252,26.64580288150252,2021-07-18 01:15:00,2021-07-18 09:45:00,510.0,510.0
D1,F1-10-production-once,2,16,2021-07-26,84,0.875,False,217.0,189.15662116136588,-27.843378838634123,27.843378838634123,2021-07-26 08:30:00,2021-07-26 13:30:00,300.0,300.0
D1,F1-10-production-once,2,16,2021-07-27,84,0.875,False,211.0,183.1633010829452,-27.836698917054804,27.836698917054804,2021-07-27 11:45:00,2021-07-27 13:30:00,105.0,105.0
D1,F1-10-production-once,2,16,2021-07-28,84,0.875,False,212.0,180.67164147218975,-31.328358527810252,31.328358527810252,2021-07-28 12:00:00,2021-07-28 14:30:00,150.0,150.0
D1,F1-10-production-once,2,16,2021-07-29,84,0.875,False,211.0,187.41695237919902,-23.583047620800983,23.583047620800983,2021-07-29 12:00:00,2021-07-29 15:00:00,180.0,180.0
D1,F1-10-production-once,2,16,2021-07-30,84,0.875,False,212.0,186.4646158256143,-25.53538417438571,25.53538417438571,2021-07-30 12:00:00,2021-07-30 14:45:00,165.0,165.0
D1,F1-10-production-once,2,16,2021-07-31,96,1.0,True,80.0,113.23749630014953,33.23749630014953,33.23749630014953,2021-07-31 00:00:00,2021-07-31 03:45:00,225.0,225.0
D1,F1-10-production-once,2,16,2021-08-01,96,1.0,True,28.0,38.684268661756185,10.684268661756185,10.684268661756185,2021-08-01 09:00:00,2021-08-01 09:00:00,0.0,0.0
D1,F1-10-production-once,2,16,2021-08-09,39,0.40625,False,215.0,103.09143306312245,-111.90856693687755,111.90856693687755,2021-08-09 08:45:00,2021-08-09 08:15:00,-30.0,30.0
D2,F1-10-production-once,0,4,2021-04-19,96,1.0,True,172.0,187.04693416151827,15.046934161518266,15.046934161518266,2021-04-19 08:45:00,2021-04-19 09:00:00,15.0,15.0
D2,F1-10-production-once,0,4,2021-04-20,96,1.0,True,172.0,194.93895588699772,22.938955886997718,22.938955886997718,2021-04-20 08:45:00,2021-04-20 09:00:00,15.0,15.0
D2,F1-10-production-once,0,4,2021-04-21,96,1.0,True,174.0,170.03648786059946,-3.9635121394005353,3.9635121394005353,2021-04-21 08:30:00,2021-04-21 10:00:00,90.0,90.0
D2,F1-10-production-once,0,4,2021-04-22,96,1.0,True,174.0,173.12195311890565,-0.8780468810943489,0.8780468810943489,2021-04-22 08:30:00,2021-04-22 09:00:00,30.0,30.0
D2,F1-10-production-once,0,4,2021-04-23,96,1.0,True,174.0,150.4776199651663,-23.522380034833702,23.522380034833702,2021-04-23 08:30:00,2021-04-23 18:00:00,570.0,570.0
D2,F1-10-production-once,0,4,2021-04-24,96,1.0,True,112.0,107.44209407871888,-4.557905921281119,4.557905921281119,2021-04-24 06:15:00,2021-04-24 03:30:00,-165.0,165.0
D2,F1-10-production-once,0,4,2021-04-25,96,1.0,True,25.0,26.119900915231334,1.1199009152313337,1.1199009152313337,2021-04-25 01:30:00,2021-04-25 08:15:00,405.0,405.0
D2,F1-10-production-once,0,4,2021-05-03,96,1.0,True,184.0,205.99854556770305,21.998545567703047,21.998545567703047,2021-05-03 08:30:00,2021-05-03 09:00:00,30.0,30.0
D2,F1-10-production-once,0,4,2021-05-04,96,1.0,True,181.0,177.3563027144332,-3.6436972855667875,3.6436972855667875,2021-05-04 08:30:00,2021-05-04 10:45:00,135.0,135.0
D2,F1-10-production-once,0,4,2021-05-05,96,1.0,True,120.0,169.81705044325744,49.81705044325744,49.81705044325744,2021-05-05 04:15:00,2021-05-05 08:30:00,255.0,255.0
D2,F1-10-production-once,0,4,2021-05-06,96,1.0,True,199.0,177.8877196910132,-21.11228030898681,21.11228030898681,2021-05-06 09:00:00,2021-05-06 12:00:00,180.0,180.0
D2,F1-10-production-once,0,4,2021-05-07,96,1.0,True,181.0,174.33069157034012,-6.669308429659878,6.669308429659878,2021-05-07 09:00:00,2021-05-07 09:15:00,15.0,15.0
D2,F1-10-production-once,0,4,2021-05-08,96,1.0,True,115.0,108.51037475166925,-6.4896252483307535,6.4896252483307535,2021-05-08 02:00:00,2021-05-08 03:45:00,105.0,105.0
D2,F1-10-production-once,0,4,2021-05-09,96,1.0,True,184.0,170.42296297611014,-13.577037023889858,13.577037023889858,2021-05-09 09:00:00,2021-05-09 10:00:00,60.0,60.0
D2,F1-10-production-once,0,5,2021-04-19,96,1.0,True,172.0,172.35257706854688,0.35257706854687854,0.35257706854687854,2021-04-19 08:45:00,2021-04-19 09:45:00,60.0,60.0
D2,F1-10-production-once,0,5,2021-04-20,96,1.0,True,172.0,180.1274395864741,8.127439586474111,8.127439586474111,2021-04-20 08:45:00,2021-04-20 09:15:00,30.0,30.0
D2,F1-10-production-once,0,5,2021-04-21,96,1.0,True,174.0,171.6100359356289,-2.3899640643710995,2.3899640643710995,2021-04-21 08:30:00,2021-04-21 10:45:00,135.0,135.0
D2,F1-10-production-once,0,5,2021-04-22,96,1.0,True,174.0,179.4592935046398,5.459293504639788,5.459293504639788,2021-04-22 08:30:00,2021-04-22 09:00:00,30.0,30.0
D2,F1-10-production-once,0,5,2021-04-23,96,1.0,True,174.0,152.8871051205324,-21.112894879467603,21.112894879467603,2021-04-23 08:30:00,2021-04-23 18:00:00,570.0,570.0
D2,F1-10-production-once,0,5,2021-04-24,96,1.0,True,112.0,109.11384255028855,-2.8861574497114475,2.8861574497114475,2021-04-24 06:15:00,2021-04-24 02:00:00,-255.0,255.0
D2,F1-10-production-once,0,5,2021-04-25,96,1.0,True,25.0,29.30997917069895,4.3099791706989485,4.3099791706989485,2021-04-25 01:30:00,2021-04-25 08:00:00,390.0,390.0
D2,F1-10-production-once,0,5,2021-05-03,96,1.0,True,184.0,196.44205278889066,12.442052788890663,12.442052788890663,2021-05-03 08:30:00,2021-05-03 09:15:00,45.0,45.0
D2,F1-10-production-once,0,5,2021-05-04,96,1.0,True,181.0,174.97035977802528,-6.0296402219747165,6.0296402219747165,2021-05-04 08:30:00,2021-05-04 09:15:00,45.0,45.0
D2,F1-10-production-once,0,5,2021-05-05,96,1.0,True,120.0,173.52754428439346,53.52754428439346,53.52754428439346,2021-05-05 04:15:00,2021-05-05 08:30:00,255.0,255.0
D2,F1-10-production-once,0,5,2021-05-06,96,1.0,True,199.0,181.27729905744764,-17.722700942552365,17.722700942552365,2021-05-06 09:00:00,2021-05-06 11:15:00,135.0,135.0
D2,F1-10-production-once,0,5,2021-05-07,96,1.0,True,181.0,175.76294903051436,-5.237050969485637,5.237050969485637,2021-05-07 09:00:00,2021-05-07 09:15:00,15.0,15.0
D2,F1-10-production-once,0,5,2021-05-08,96,1.0,True,115.0,112.4973670153495,-2.5026329846505035,2.5026329846505035,2021-05-08 02:00:00,2021-05-08 07:45:00,345.0,345.0
D2,F1-10-production-once,0,5,2021-05-09,96,1.0,True,184.0,168.0480726437141,-15.951927356285893,15.951927356285893,2021-05-09 09:00:00,2021-05-09 11:00:00,120.0,120.0
D2,F1-10-production-once,0,6,2021-04-19,96,1.0,True,172.0,169.62907584444912,-2.370924155550881,2.370924155550881,2021-04-19 08:45:00,2021-04-19 10:30:00,105.0,105.0
D2,F1-10-production-once,0,6,2021-04-20,96,1.0,True,172.0,187.57605267743216,15.576052677432159,15.576052677432159,2021-04-20 08:45:00,2021-04-20 09:30:00,45.0,45.0
D2,F1-10-production-once,0,6,2021-04-21,96,1.0,True,174.0,172.87142190991904,-1.128578090080964,1.128578090080964,2021-04-21 08:30:00,2021-04-21 10:00:00,90.0,90.0
D2,F1-10-production-once,0,6,2021-04-22,96,1.0,True,174.0,173.13020676117083,-0.8697932388291747,0.8697932388291747,2021-04-22 08:30:00,2021-04-22 09:15:00,45.0,45.0
D2,F1-10-production-once,0,6,2021-04-23,96,1.0,True,174.0,145.58419114369468,-28.41580885630532,28.41580885630532,2021-04-23 08:30:00,2021-04-23 18:00:00,570.0,570.0
D2,F1-10-production-once,0,6,2021-04-24,96,1.0,True,112.0,111.28123416100598,-0.7187658389940168,0.7187658389940168,2021-04-24 06:15:00,2021-04-24 01:45:00,-270.0,270.0
D2,F1-10-production-once,0,6,2021-04-25,96,1.0,True,25.0,25.866435878770012,0.8664358787700124,0.8664358787700124,2021-04-25 01:30:00,2021-04-25 08:00:00,390.0,390.0
D2,F1-10-production-once,0,6,2021-05-03,96,1.0,True,184.0,193.23211463333013,9.232114633330127,9.232114633330127,2021-05-03 08:30:00,2021-05-03 09:00:00,30.0,30.0
D2,F1-10-production-once,0,6,2021-05-04,96,1.0,True,181.0,190.79149654942714,9.791496549427137,9.791496549427137,2021-05-04 08:30:00,2021-05-04 08:30:00,0.0,0.0
D2,F1-10-production-once,0,6,2021-05-05,96,1.0,True,120.0,175.94823805319135,55.948238053191346,55.948238053191346,2021-05-05 04:15:00,2021-05-05 08:30:00,255.0,255.0
D2,F1-10-production-once,0,6,2021-05-06,96,1.0,True,199.0,180.5889502938203,-18.41104970617971,18.41104970617971,2021-05-06 09:00:00,2021-05-06 11:30:00,150.0,150.0
D2,F1-10-production-once,0,6,2021-05-07,96,1.0,True,181.0,170.98762265434218,-10.012377345657825,10.012377345657825,2021-05-07 09:00:00,2021-05-07 08:45:00,-15.0,15.0
D2,F1-10-production-once,0,6,2021-05-08,96,1.0,True,115.0,117.88186629011904,2.881866290119035,2.881866290119035,2021-05-08 02:00:00,2021-05-08 07:45:00,345.0,345.0
D2,F1-10-production-once,0,6,2021-05-09,96,1.0,True,184.0,160.0155980852391,-23.984401914760895,23.984401914760895,2021-05-09 09:00:00,2021-05-09 11:00:00,120.0,120.0
D2,F1-10-production-once,0,7,2021-04-19,96,1.0,True,172.0,178.66879065211123,6.668790652111227,6.668790652111227,2021-04-19 08:45:00,2021-04-19 09:45:00,60.0,60.0
D2,F1-10-production-once,0,7,2021-04-20,96,1.0,True,172.0,175.79820332358622,3.798203323586222,3.798203323586222,2021-04-20 08:45:00,2021-04-20 10:45:00,120.0,120.0
D2,F1-10-production-once,0,7,2021-04-21,96,1.0,True,174.0,173.96385419616095,-0.036145803839048085,0.036145803839048085,2021-04-21 08:30:00,2021-04-21 14:00:00,330.0,330.0
D2,F1-10-production-once,0,7,2021-04-22,96,1.0,True,174.0,170.40491834285382,-3.5950816571461814,3.5950816571461814,2021-04-22 08:30:00,2021-04-22 14:45:00,375.0,375.0
D2,F1-10-production-once,0,7,2021-04-23,96,1.0,True,174.0,144.7004376842244,-29.299562315775603,29.299562315775603,2021-04-23 08:30:00,2021-04-23 18:00:00,570.0,570.0
D2,F1-10-production-once,0,7,2021-04-24,96,1.0,True,112.0,111.70194526176716,-0.29805473823283535,0.29805473823283535,2021-04-24 06:15:00,2021-04-24 02:00:00,-255.0,255.0
D2,F1-10-production-once,0,7,2021-04-25,96,1.0,True,25.0,35.593338644621305,10.593338644621305,10.593338644621305,2021-04-25 01:30:00,2021-04-25 08:30:00,420.0,420.0
D2,F1-10-production-once,0,7,2021-05-03,96,1.0,True,184.0,194.45401985288018,10.45401985288018,10.45401985288018,2021-05-03 08:30:00,2021-05-03 09:45:00,75.0,75.0
D2,F1-10-production-once,0,7,2021-05-04,96,1.0,True,181.0,178.27449318296837,-2.7255068170316292,2.7255068170316292,2021-05-04 08:30:00,2021-05-04 09:00:00,30.0,30.0
D2,F1-10-production-once,0,7,2021-05-05,96,1.0,True,120.0,181.19241463935796,61.19241463935796,61.19241463935796,2021-05-05 04:15:00,2021-05-05 08:30:00,255.0,255.0
D2,F1-10-production-once,0,7,2021-05-06,96,1.0,True,199.0,181.26875874622317,-17.73124125377683,17.73124125377683,2021-05-06 09:00:00,2021-05-06 14:15:00,315.0,315.0
D2,F1-10-production-once,0,7,2021-05-07,96,1.0,True,181.0,178.8926660781044,-2.107333921895588,2.107333921895588,2021-05-07 09:00:00,2021-05-07 10:30:00,90.0,90.0
D2,F1-10-production-once,0,7,2021-05-08,96,1.0,True,115.0,109.39945489417234,-5.600545105827663,5.600545105827663,2021-05-08 02:00:00,2021-05-08 04:00:00,120.0,120.0
D2,F1-10-production-once,0,7,2021-05-09,96,1.0,True,184.0,163.39480277600157,-20.60519722399843,20.60519722399843,2021-05-09 09:00:00,2021-05-09 15:00:00,360.0,360.0
D2,F1-10-production-once,0,8,2021-04-19,96,1.0,True,172.0,177.53637197999618,5.536371979996176,5.536371979996176,2021-04-19 08:45:00,2021-04-19 10:00:00,75.0,75.0
D2,F1-10-production-once,0,8,2021-04-20,96,1.0,True,172.0,174.017221674224,2.017221674224004,2.017221674224004,2021-04-20 08:45:00,2021-04-20 09:45:00,60.0,60.0
D2,F1-10-production-once,0,8,2021-04-21,96,1.0,True,174.0,169.4765718918166,-4.523428108183396,4.523428108183396,2021-04-21 08:30:00,2021-04-21 15:00:00,390.0,390.0
D2,F1-10-production-once,0,8,2021-04-22,96,1.0,True,174.0,167.74506300016185,-6.254936999838151,6.254936999838151,2021-04-22 08:30:00,2021-04-22 09:45:00,75.0,75.0
D2,F1-10-production-once,0,8,2021-04-23,96,1.0,True,174.0,135.55916408697013,-38.44083591302987,38.44083591302987,2021-04-23 08:30:00,2021-04-23 18:00:00,570.0,570.0
D2,F1-10-production-once,0,8,2021-04-24,96,1.0,True,112.0,109.20197008931889,-2.798029910681109,2.798029910681109,2021-04-24 06:15:00,2021-04-24 04:30:00,-105.0,105.0
D2,F1-10-production-once,0,8,2021-04-25,96,1.0,True,25.0,39.50219986600281,14.502199866002812,14.502199866002812,2021-04-25 01:30:00,2021-04-25 03:00:00,90.0,90.0
D2,F1-10-production-once,0,8,2021-05-03,96,1.0,True,184.0,195.71115167719844,11.711151677198444,11.711151677198444,2021-05-03 08:30:00,2021-05-03 10:00:00,90.0,90.0
D2,F1-10-production-once,0,8,2021-05-04,96,1.0,True,181.0,180.10408327040489,-0.8959167295951147,0.8959167295951147,2021-05-04 08:30:00,2021-05-04 09:30:00,60.0,60.0
D2,F1-10-production-once,0,8,2021-05-05,96,1.0,True,120.0,182.52163247267072,62.52163247267072,62.52163247267072,2021-05-05 04:15:00,2021-05-05 08:45:00,270.0,270.0
D2,F1-10-production-once,0,8,2021-05-06,96,1.0,True,199.0,180.4526487952263,-18.54735120477369,18.54735120477369,2021-05-06 09:00:00,2021-05-06 14:30:00,330.0,330.0
D2,F1-10-production-once,0,8,2021-05-07,96,1.0,True,181.0,168.67375250160865,-12.326247498391353,12.326247498391353,2021-05-07 09:00:00,2021-05-07 09:15:00,15.0,15.0
D2,F1-10-production-once,0,8,2021-05-08,96,1.0,True,115.0,109.84761677941816,-5.152383220581839,5.152383220581839,2021-05-08 02:00:00,2021-05-08 04:30:00,150.0,150.0
D2,F1-10-production-once,0,8,2021-05-09,96,1.0,True,184.0,149.29606602147476,-34.70393397852524,34.70393397852524,2021-05-09 09:00:00,2021-05-09 15:00:00,360.0,360.0
D2,F1-10-production-once,0,9,2021-04-19,96,1.0,True,172.0,182.79758215772156,10.797582157721564,10.797582157721564,2021-04-19 08:45:00,2021-04-19 10:30:00,105.0,105.0
D2,F1-10-production-once,0,9,2021-04-20,96,1.0,True,172.0,169.14410863860002,-2.8558913613999835,2.8558913613999835,2021-04-20 08:45:00,2021-04-20 13:15:00,270.0,270.0
D2,F1-10-production-once,0,9,2021-04-21,96,1.0,True,174.0,169.58730223402344,-4.41269776597656,4.41269776597656,2021-04-21 08:30:00,2021-04-21 10:45:00,135.0,135.0
D2,F1-10-production-once,0,9,2021-04-22,96,1.0,True,174.0,166.1011500823989,-7.898849917601098,7.898849917601098,2021-04-22 08:30:00,2021-04-22 10:00:00,90.0,90.0
D2,F1-10-production-once,0,9,2021-04-23,96,1.0,True,174.0,146.00483746552666,-27.995162534473337,27.995162534473337,2021-04-23 08:30:00,2021-04-23 18:00:00,570.0,570.0
D2,F1-10-production-once,0,9,2021-04-24,96,1.0,True,112.0,109.78162676209188,-2.218373237908125,2.218373237908125,2021-04-24 06:15:00,2021-04-24 04:45:00,-90.0,90.0
D2,F1-10-production-once,0,9,2021-04-25,96,1.0,True,25.0,34.39179905241477,9.391799052414768,9.391799052414768,2021-04-25 01:30:00,2021-04-25 03:15:00,105.0,105.0
D2,F1-10-production-once,0,9,2021-05-03,96,1.0,True,184.0,188.75253181495654,4.752531814956541,4.752531814956541,2021-05-03 08:30:00,2021-05-03 09:00:00,30.0,30.0
D2,F1-10-production-once,0,9,2021-05-04,96,1.0,True,181.0,178.1256582247529,-2.874341775247103,2.874341775247103,2021-05-04 08:30:00,2021-05-04 08:30:00,0.0,0.0
D2,F1-10-production-once,0,9,2021-05-05,96,1.0,True,120.0,179.44753808049296,59.44753808049296,59.44753808049296,2021-05-05 04:15:00,2021-05-05 08:45:00,270.0,270.0
D2,F1-10-production-once,0,9,2021-05-06,96,1.0,True,199.0,187.90023998708168,-11.099760012918324,11.099760012918324,2021-05-06 09:00:00,2021-05-06 11:00:00,120.0,120.0
D2,F1-10-production-once,0,9,2021-05-07,96,1.0,True,181.0,173.88632026736545,-7.1136797326345516,7.1136797326345516,2021-05-07 09:00:00,2021-05-07 08:30:00,-30.0,30.0
D2,F1-10-production-once,0,9,2021-05-08,96,1.0,True,115.0,109.65951561895899,-5.3404843810410085,5.3404843810410085,2021-05-08 02:00:00,2021-05-08 04:00:00,120.0,120.0
D2,F1-10-production-once,0,9,2021-05-09,96,1.0,True,184.0,169.95708676924724,-14.04291323075276,14.04291323075276,2021-05-09 09:00:00,2021-05-09 15:30:00,390.0,390.0
D2,F1-10-production-once,0,10,2021-04-19,96,1.0,True,172.0,191.73724589919266,19.737245899192658,19.737245899192658,2021-04-19 08:45:00,2021-04-19 10:45:00,120.0,120.0
D2,F1-10-production-once,0,10,2021-04-20,96,1.0,True,172.0,176.78886107869923,4.788861078699227,4.788861078699227,2021-04-20 08:45:00,2021-04-20 10:30:00,105.0,105.0
D2,F1-10-production-once,0,10,2021-04-21,96,1.0,True,174.0,172.4235312806486,-1.5764687193513964,1.5764687193513964,2021-04-21 08:30:00,2021-04-21 15:30:00,420.0,420.0
D2,F1-10-production-once,0,10,2021-04-22,96,1.0,True,174.0,169.13951587835572,-4.8604841216442765,4.8604841216442765,2021-04-22 08:30:00,2021-04-22 11:00:00,150.0,150.0
D2,F1-10-production-once,0,10,2021-04-23,96,1.0,True,174.0,141.52472873038946,-32.475271269610545,32.475271269610545,2021-04-23 08:30:00,2021-04-23 11:15:00,165.0,165.0
D2,F1-10-production-once,0,10,2021-04-24,96,1.0,True,112.0,110.06671410583282,-1.9332858941671844,1.9332858941671844,2021-04-24 06:15:00,2021-04-24 02:00:00,-255.0,255.0
D2,F1-10-production-once,0,10,2021-04-25,96,1.0,True,25.0,29.855588980781043,4.855588980781043,4.855588980781043,2021-04-25 01:30:00,2021-04-25 08:00:00,390.0,390.0
D2,F1-10-production-once,0,10,2021-05-03,96,1.0,True,184.0,188.15260460088496,4.152604600884956,4.152604600884956,2021-05-03 08:30:00,2021-05-03 10:45:00,135.0,135.0
D2,F1-10-production-once,0,10,2021-05-04,96,1.0,True,181.0,174.22215053635975,-6.777849463640251,6.777849463640251,2021-05-04 08:30:00,2021-05-04 08:30:00,0.0,0.0
D2,F1-10-production-once,0,10,2021-05-05,96,1.0,True,120.0,179.1792807193898,59.179280719389794,59.179280719389794,2021-05-05 04:15:00,2021-05-05 08:45:00,270.0,270.0
D2,F1-10-production-once,0,10,2021-05-06,96,1.0,True,199.0,180.7538876842055,-18.246112315794505,18.246112315794505,2021-05-06 09:00:00,2021-05-06 11:15:00,135.0,135.0
D2,F1-10-production-once,0,10,2021-05-07,96,1.0,True,181.0,181.96769216979155,0.9676921697915475,0.9676921697915475,2021-05-07 09:00:00,2021-05-07 11:15:00,135.0,135.0
D2,F1-10-production-once,0,10,2021-05-08,96,1.0,True,115.0,110.94315714598272,-4.056842854017276,4.056842854017276,2021-05-08 02:00:00,2021-05-08 06:15:00,255.0,255.0
D2,F1-10-production-once,0,10,2021-05-09,96,1.0,True,184.0,168.51772032164376,-15.482279678356235,15.482279678356235,2021-05-09 09:00:00,2021-05-09 13:30:00,270.0,270.0
D2,F1-10-production-once,0,11,2021-04-19,96,1.0,True,172.0,192.04717808731323,20.047178087313227,20.047178087313227,2021-04-19 08:45:00,2021-04-19 10:45:00,120.0,120.0
D2,F1-10-production-once,0,11,2021-04-20,96,1.0,True,172.0,176.39471071881613,4.394710718816128,4.394710718816128,2021-04-20 08:45:00,2021-04-20 10:45:00,120.0,120.0
D2,F1-10-production-once,0,11,2021-04-21,96,1.0,True,174.0,170.74760541996298,-3.25239458003702,3.25239458003702,2021-04-21 08:30:00,2021-04-21 11:15:00,165.0,165.0
D2,F1-10-production-once,0,11,2021-04-22,96,1.0,True,174.0,169.36835407948925,-4.631645920510749,4.631645920510749,2021-04-22 08:30:00,2021-04-22 11:15:00,165.0,165.0
D2,F1-10-production-once,0,11,2021-04-23,96,1.0,True,174.0,136.61727417906084,-37.38272582093916,37.38272582093916,2021-04-23 08:30:00,2021-04-23 19:00:00,630.0,630.0
D2,F1-10-production-once,0,11,2021-04-24,96,1.0,True,112.0,107.49527498854255,-4.504725011457452,4.504725011457452,2021-04-24 06:15:00,2021-04-24 04:30:00,-105.0,105.0
D2,F1-10-production-once,0,11,2021-04-25,96,1.0,True,25.0,34.69796133118801,9.697961331188012,9.697961331188012,2021-04-25 01:30:00,2021-04-25 09:00:00,450.0,450.0
D2,F1-10-production-once,0,11,2021-05-03,96,1.0,True,184.0,195.59863796968025,11.598637969680254,11.598637969680254,2021-05-03 08:30:00,2021-05-03 10:45:00,135.0,135.0
D2,F1-10-production-once,0,11,2021-05-04,96,1.0,True,181.0,177.21873415215592,-3.7812658478440824,3.7812658478440824,2021-05-04 08:30:00,2021-05-04 08:30:00,0.0,0.0
D2,F1-10-production-once,0,11,2021-05-05,96,1.0,True,120.0,180.46476905278413,60.464769052784135,60.464769052784135,2021-05-05 04:15:00,2021-05-05 08:45:00,270.0,270.0
D2,F1-10-production-once,0,11,2021-05-06,96,1.0,True,199.0,186.6681206036,-12.331879396400012,12.331879396400012,2021-05-06 09:00:00,2021-05-06 13:45:00,285.0,285.0
D2,F1-10-production-once,0,11,2021-05-07,96,1.0,True,181.0,180.58255407415598,-0.41744592584402085,0.41744592584402085,2021-05-07 09:00:00,2021-05-07 11:30:00,150.0,150.0
D2,F1-10-production-once,0,11,2021-05-08,96,1.0,True,115.0,108.82114637613859,-6.178853623861414,6.178853623861414,2021-05-08 02:00:00,2021-05-08 06:30:00,270.0,270.0
D2,F1-10-production-once,0,11,2021-05-09,96,1.0,True,184.0,174.32315820409124,-9.676841795908757,9.676841795908757,2021-05-09 09:00:00,2021-05-09 13:45:00,285.0,285.0
D2,F1-10-production-once,0,12,2021-04-19,96,1.0,True,172.0,179.89167856135606,7.891678561356059,7.891678561356059,2021-04-19 08:45:00,2021-04-19 11:30:00,165.0,165.0
D2,F1-10-production-once,0,12,2021-04-20,96,1.0,True,172.0,170.9449280987588,-1.055071901241206,1.055071901241206,2021-04-20 08:45:00,2021-04-20 10:45:00,120.0,120.0
D2,F1-10-production-once,0,12,2021-04-21,96,1.0,True,174.0,166.7691974656937,-7.230802534306292,7.230802534306292,2021-04-21 08:30:00,2021-04-21 12:00:00,210.0,210.0
D2,F1-10-production-once,0,12,2021-04-22,96,1.0,True,174.0,170.62927824568425,-3.3707217543157526,3.3707217543157526,2021-04-22 08:30:00,2021-04-22 11:00:00,150.0,150.0
D2,F1-10-production-once,0,12,2021-04-23,96,1.0,True,174.0,148.57733511454177,-25.422664885458232,25.422664885458232,2021-04-23 08:30:00,2021-04-23 18:00:00,570.0,570.0
D2,F1-10-production-once,0,12,2021-04-24,96,1.0,True,112.0,109.74910214425486,-2.250897855745137,2.250897855745137,2021-04-24 06:15:00,2021-04-24 06:15:00,0.0,0.0
D2,F1-10-production-once,0,12,2021-04-25,96,1.0,True,25.0,42.35319508128713,17.353195081287133,17.353195081287133,2021-04-25 01:30:00,2021-04-25 09:00:00,450.0,450.0
D2,F1-10-production-once,0,12,2021-05-03,96,1.0,True,184.0,200.876140210382,16.876140210382005,16.876140210382005,2021-05-03 08:30:00,2021-05-03 09:00:00,30.0,30.0
D2,F1-10-production-once,0,12,2021-05-04,96,1.0,True,181.0,176.70313687215815,-4.296863127841846,4.296863127841846,2021-05-04 08:30:00,2021-05-04 08:30:00,0.0,0.0
D2,F1-10-production-once,0,12,2021-05-05,96,1.0,True,120.0,181.2470261184573,61.24702611845731,61.24702611845731,2021-05-05 04:15:00,2021-05-05 08:45:00,270.0,270.0
D2,F1-10-production-once,0,12,2021-05-06,96,1.0,True,199.0,185.51688007501343,-13.483119924986568,13.483119924986568,2021-05-06 09:00:00,2021-05-06 11:45:00,165.0,165.0
D2,F1-10-production-once,0,12,2021-05-07,96,1.0,True,181.0,179.5873860372496,-1.412613962750413,1.412613962750413,2021-05-07 09:00:00,2021-05-07 11:45:00,165.0,165.0
D2,F1-10-production-once,0,12,2021-05-08,96,1.0,True,115.0,111.43230694350936,-3.56769305649064,3.56769305649064,2021-05-08 02:00:00,2021-05-08 03:45:00,105.0,105.0
D2,F1-10-production-once,0,12,2021-05-09,96,1.0,True,184.0,172.08225877335806,-11.917741226641937,11.917741226641937,2021-05-09 09:00:00,2021-05-09 12:00:00,180.0,180.0
D2,F1-10-production-once,0,13,2021-04-19,96,1.0,True,172.0,184.0548627990577,12.054862799057702,12.054862799057702,2021-04-19 08:45:00,2021-04-19 11:45:00,180.0,180.0
D2,F1-10-production-once,0,13,2021-04-20,96,1.0,True,172.0,174.1196582284342,2.11965822843419,2.11965822843419,2021-04-20 08:45:00,2021-04-20 11:45:00,180.0,180.0
D2,F1-10-production-once,0,13,2021-04-21,96,1.0,True,174.0,168.1510118450833,-5.848988154916697,5.848988154916697,2021-04-21 08:30:00,2021-04-21 11:45:00,195.0,195.0
D2,F1-10-production-once,0,13,2021-04-22,96,1.0,True,174.0,169.0792398126407,-4.920760187359292,4.920760187359292,2021-04-22 08:30:00,2021-04-22 10:30:00,120.0,120.0
D2,F1-10-production-once,0,13,2021-04-23,96,1.0,True,174.0,142.63460549004301,-31.365394509956985,31.365394509956985,2021-04-23 08:30:00,2021-04-23 18:00:00,570.0,570.0
D2,F1-10-production-once,0,13,2021-04-24,96,1.0,True,112.0,111.97007018511935,-0.029929814880645722,0.029929814880645722,2021-04-24 06:15:00,2021-04-24 04:45:00,-90.0,90.0
D2,F1-10-production-once,0,13,2021-04-25,96,1.0,True,25.0,40.63354598541195,15.63354598541195,15.63354598541195,2021-04-25 01:30:00,2021-04-25 08:15:00,405.0,405.0
D2,F1-10-production-once,0,13,2021-05-03,96,1.0,True,184.0,199.8998338916894,15.899833891689411,15.899833891689411,2021-05-03 08:30:00,2021-05-03 09:15:00,45.0,45.0
D2,F1-10-production-once,0,13,2021-05-04,96,1.0,True,181.0,175.4963257937878,-5.503674206212196,5.503674206212196,2021-05-04 08:30:00,2021-05-04 08:30:00,0.0,0.0
D2,F1-10-production-once,0,13,2021-05-05,96,1.0,True,120.0,176.62658125415663,56.62658125415663,56.62658125415663,2021-05-05 04:15:00,2021-05-05 09:00:00,285.0,285.0
D2,F1-10-production-once,0,13,2021-05-06,96,1.0,True,199.0,177.03037279832483,-21.969627201675166,21.969627201675166,2021-05-06 09:00:00,2021-05-06 13:45:00,285.0,285.0
D2,F1-10-production-once,0,13,2021-05-07,96,1.0,True,181.0,178.18066094498693,-2.8193390550130744,2.8193390550130744,2021-05-07 09:00:00,2021-05-07 11:30:00,150.0,150.0
D2,F1-10-production-once,0,13,2021-05-08,96,1.0,True,115.0,118.42447682141278,3.4244768214127816,3.4244768214127816,2021-05-08 02:00:00,2021-05-08 07:45:00,345.0,345.0
D2,F1-10-production-once,0,13,2021-05-09,96,1.0,True,184.0,181.6283592027597,-2.3716407972403033,2.3716407972403033,2021-05-09 09:00:00,2021-05-09 12:00:00,180.0,180.0
D2,F1-10-production-once,0,14,2021-04-19,96,1.0,True,172.0,198.09613303840325,26.096133038403252,26.096133038403252,2021-04-19 08:45:00,2021-04-19 11:00:00,135.0,135.0
D2,F1-10-production-once,0,14,2021-04-20,96,1.0,True,172.0,178.2348265329721,6.234826532972107,6.234826532972107,2021-04-20 08:45:00,2021-04-20 11:30:00,165.0,165.0
D2,F1-10-production-once,0,14,2021-04-21,96,1.0,True,174.0,166.4492870227395,-7.550712977260503,7.550712977260503,2021-04-21 08:30:00,2021-04-21 14:30:00,360.0,360.0
D2,F1-10-production-once,0,14,2021-04-22,96,1.0,True,174.0,167.88999829627127,-6.110001703728727,6.110001703728727,2021-04-22 08:30:00,2021-04-22 11:15:00,165.0,165.0
D2,F1-10-production-once,0,14,2021-04-23,96,1.0,True,174.0,152.5921777096477,-21.4078222903523,21.4078222903523,2021-04-23 08:30:00,2021-04-23 11:15:00,165.0,165.0
D2,F1-10-production-once,0,14,2021-04-24,96,1.0,True,112.0,111.63033944541549,-0.3696605545845131,0.3696605545845131,2021-04-24 06:15:00,2021-04-24 06:30:00,15.0,15.0
D2,F1-10-production-once,0,14,2021-04-25,96,1.0,True,25.0,36.79039862005699,11.79039862005699,11.79039862005699,2021-04-25 01:30:00,2021-04-25 11:15:00,585.0,585.0
D2,F1-10-production-once,0,14,2021-05-03,96,1.0,True,184.0,199.76961394836266,15.769613948362661,15.769613948362661,2021-05-03 08:30:00,2021-05-03 11:30:00,180.0,180.0
D2,F1-10-production-once,0,14,2021-05-04,96,1.0,True,181.0,178.63698273638096,-2.3630172636190423,2.3630172636190423,2021-05-04 08:30:00,2021-05-04 08:30:00,0.0,0.0
D2,F1-10-production-once,0,14,2021-05-05,96,1.0,True,120.0,173.78391998518018,53.78391998518018,53.78391998518018,2021-05-05 04:15:00,2021-05-05 08:45:00,270.0,270.0
D2,F1-10-production-once,0,14,2021-05-06,96,1.0,True,199.0,183.4979571012579,-15.502042898742104,15.502042898742104,2021-05-06 09:00:00,2021-05-06 11:15:00,135.0,135.0
D2,F1-10-production-once,0,14,2021-05-07,96,1.0,True,181.0,182.66787630605376,1.6678763060537563,1.6678763060537563,2021-05-07 09:00:00,2021-05-07 11:45:00,165.0,165.0
D2,F1-10-production-once,0,14,2021-05-08,96,1.0,True,115.0,111.9358139978161,-3.0641860021839022,3.0641860021839022,2021-05-08 02:00:00,2021-05-08 06:15:00,255.0,255.0
D2,F1-10-production-once,0,14,2021-05-09,96,1.0,True,184.0,165.34201595490404,-18.657984045095958,18.657984045095958,2021-05-09 09:00:00,2021-05-09 14:00:00,300.0,300.0
D2,F1-10-production-once,0,15,2021-04-19,96,1.0,True,172.0,186.67161611732908,14.67161611732908,14.67161611732908,2021-04-19 08:45:00,2021-04-19 09:00:00,15.0,15.0
D2,F1-10-production-once,0,15,2021-04-20,96,1.0,True,172.0,178.57972001485822,6.579720014858225,6.579720014858225,2021-04-20 08:45:00,2021-04-20 11:30:00,165.0,165.0
D2,F1-10-production-once,0,15,2021-04-21,96,1.0,True,174.0,167.7120316133236,-6.287968386676397,6.287968386676397,2021-04-21 08:30:00,2021-04-21 15:30:00,420.0,420.0
D2,F1-10-production-once,0,15,2021-04-22,96,1.0,True,174.0,163.14206340855418,-10.85793659144582,10.85793659144582,2021-04-22 08:30:00,2021-04-22 08:30:00,0.0,0.0
D2,F1-10-production-once,0,15,2021-04-23,96,1.0,True,174.0,149.7026510767822,-24.29734892321781,24.29734892321781,2021-04-23 08:30:00,2021-04-23 14:30:00,360.0,360.0
D2,F1-10-production-once,0,15,2021-04-24,96,1.0,True,112.0,107.56476228051007,-4.435237719489933,4.435237719489933,2021-04-24 06:15:00,2021-04-24 04:45:00,-90.0,90.0
D2,F1-10-production-once,0,15,2021-04-25,96,1.0,True,25.0,47.121372460242796,22.121372460242796,22.121372460242796,2021-04-25 01:30:00,2021-04-25 09:45:00,495.0,495.0
D2,F1-10-production-once,0,15,2021-05-03,96,1.0,True,184.0,192.45578567479902,8.455785674799017,8.455785674799017,2021-05-03 08:30:00,2021-05-03 09:00:00,30.0,30.0
D2,F1-10-production-once,0,15,2021-05-04,96,1.0,True,181.0,177.1814819808986,-3.81851801910139,3.81851801910139,2021-05-04 08:30:00,2021-05-04 09:30:00,60.0,60.0
D2,F1-10-production-once,0,15,2021-05-05,96,1.0,True,120.0,177.61425754023384,57.61425754023384,57.61425754023384,2021-05-05 04:15:00,2021-05-05 08:30:00,255.0,255.0
D2,F1-10-production-once,0,15,2021-05-06,96,1.0,True,199.0,180.29885018735416,-18.701149812645838,18.701149812645838,2021-05-06 09:00:00,2021-05-06 11:45:00,165.0,165.0
D2,F1-10-production-once,0,15,2021-05-07,96,1.0,True,181.0,174.97124739443154,-6.028752605568457,6.028752605568457,2021-05-07 09:00:00,2021-05-07 11:30:00,150.0,150.0
D2,F1-10-production-once,0,15,2021-05-08,96,1.0,True,115.0,111.66173274078317,-3.3382672592168348,3.3382672592168348,2021-05-08 02:00:00,2021-05-08 06:15:00,255.0,255.0
D2,F1-10-production-once,0,15,2021-05-09,96,1.0,True,184.0,158.722560300538,-25.277439699462008,25.277439699462008,2021-05-09 09:00:00,2021-05-09 14:00:00,300.0,300.0
D2,F1-10-production-once,0,16,2021-04-19,96,1.0,True,172.0,188.80623947870055,16.806239478700547,16.806239478700547,2021-04-19 08:45:00,2021-04-19 09:00:00,15.0,15.0
D2,F1-10-production-once,0,16,2021-04-20,96,1.0,True,172.0,182.9253658524727,10.925365852472709,10.925365852472709,2021-04-20 08:45:00,2021-04-20 11:45:00,180.0,180.0
D2,F1-10-production-once,0,16,2021-04-21,96,1.0,True,174.0,165.30126392288875,-8.69873607711125,8.69873607711125,2021-04-21 08:30:00,2021-04-21 15:30:00,420.0,420.0
D2,F1-10-production-once,0,16,2021-04-22,96,1.0,True,174.0,166.3895671634923,-7.610432836507698,7.610432836507698,2021-04-22 08:30:00,2021-04-22 08:30:00,0.0,0.0
D2,F1-10-production-once,0,16,2021-04-23,96,1.0,True,174.0,153.44559113995012,-20.554408860049875,20.554408860049875,2021-04-23 08:30:00,2021-04-23 14:30:00,360.0,360.0
D2,F1-10-production-once,0,16,2021-04-24,96,1.0,True,112.0,111.65776032612175,-0.3422396738782538,0.3422396738782538,2021-04-24 06:15:00,2021-04-24 06:15:00,0.0,0.0
D2,F1-10-production-once,0,16,2021-04-25,96,1.0,True,25.0,46.28766351370878,21.28766351370878,21.28766351370878,2021-04-25 01:30:00,2021-04-25 08:45:00,435.0,435.0
D2,F1-10-production-once,0,16,2021-05-03,96,1.0,True,184.0,190.4620817747468,6.4620817747467925,6.4620817747467925,2021-05-03 08:30:00,2021-05-03 09:00:00,30.0,30.0
D2,F1-10-production-once,0,16,2021-05-04,96,1.0,True,181.0,174.63454499794776,-6.365455002052244,6.365455002052244,2021-05-04 08:30:00,2021-05-04 09:00:00,30.0,30.0
D2,F1-10-production-once,0,16,2021-05-05,96,1.0,True,120.0,175.76528738807826,55.765287388078264,55.765287388078264,2021-05-05 04:15:00,2021-05-05 08:45:00,270.0,270.0
D2,F1-10-production-once,0,16,2021-05-06,96,1.0,True,199.0,185.5438928193286,-13.45610718067141,13.45610718067141,2021-05-06 09:00:00,2021-05-06 13:45:00,285.0,285.0
D2,F1-10-production-once,0,16,2021-05-07,96,1.0,True,181.0,177.55131553945995,-3.4486844605400506,3.4486844605400506,2021-05-07 09:00:00,2021-05-07 11:45:00,165.0,165.0
D2,F1-10-production-once,0,16,2021-05-08,96,1.0,True,115.0,106.2968541476915,-8.703145852308495,8.703145852308495,2021-05-08 02:00:00,2021-05-08 06:15:00,255.0,255.0
D2,F1-10-production-once,0,16,2021-05-09,96,1.0,True,184.0,157.5630054627903,-26.4369945372097,26.4369945372097,2021-05-09 09:00:00,2021-05-09 14:00:00,300.0,300.0
D2,F1-10-production-once,1,4,2021-05-31,95,0.9895833333333334,False,172.0,195.64431260910354,23.644312609103537,23.644312609103537,2021-05-31 10:30:00,2021-05-31 09:00:00,-90.0,90.0
D2,F1-10-production-once,1,4,2021-06-01,1,0.010416666666666666,False,71.0,75.7311037446208,4.731103744620796,4.731103744620796,2021-06-01 00:00:00,2021-06-01 00:00:00,0.0,0.0
D2,F1-10-production-once,1,4,2021-06-20,95,0.9895833333333334,False,28.0,38.99913922361876,10.999139223618762,10.999139223618762,2021-06-20 15:15:00,2021-06-20 08:15:00,-420.0,420.0
D2,F1-10-production-once,1,5,2021-05-31,95,0.9895833333333334,False,172.0,187.45495313298105,15.454953132981046,15.454953132981046,2021-05-31 10:30:00,2021-05-31 09:00:00,-90.0,90.0
D2,F1-10-production-once,1,5,2021-06-01,1,0.010416666666666666,False,71.0,78.34502344578617,7.345023445786168,7.345023445786168,2021-06-01 00:00:00,2021-06-01 00:00:00,0.0,0.0
D2,F1-10-production-once,1,5,2021-06-20,95,0.9895833333333334,False,28.0,36.9620559962759,8.9620559962759,8.9620559962759,2021-06-20 15:15:00,2021-06-20 09:45:00,-330.0,330.0
D2,F1-10-production-once,1,6,2021-05-31,95,0.9895833333333334,False,172.0,182.55153941774248,10.551539417742475,10.551539417742475,2021-05-31 10:30:00,2021-05-31 09:00:00,-90.0,90.0
D2,F1-10-production-once,1,6,2021-06-01,1,0.010416666666666666,False,71.0,78.56694079399449,7.56694079399449,7.56694079399449,2021-06-01 00:00:00,2021-06-01 00:00:00,0.0,0.0
D2,F1-10-production-once,1,6,2021-06-20,95,0.9895833333333334,False,28.0,34.988429735427765,6.988429735427765,6.988429735427765,2021-06-20 15:15:00,2021-06-20 09:45:00,-330.0,330.0
D2,F1-10-production-once,1,7,2021-05-31,95,0.9895833333333334,False,172.0,178.96793438893968,6.967934388939682,6.967934388939682,2021-05-31 10:30:00,2021-05-31 09:00:00,-90.0,90.0
D2,F1-10-production-once,1,7,2021-06-01,1,0.010416666666666666,False,71.0,77.49242640600215,6.492426406002153,6.492426406002153,2021-06-01 00:00:00,2021-06-01 00:00:00,0.0,0.0
D2,F1-10-production-once,1,7,2021-06-20,95,0.9895833333333334,False,28.0,34.35590798035309,6.355907980353088,6.355907980353088,2021-06-20 15:15:00,2021-06-20 09:45:00,-330.0,330.0
D2,F1-10-production-once,1,8,2021-05-31,95,0.9895833333333334,False,172.0,169.90380957730613,-2.0961904226938657,2.0961904226938657,2021-05-31 10:30:00,2021-05-31 09:30:00,-60.0,60.0
D2,F1-10-production-once,1,8,2021-06-01,1,0.010416666666666666,False,71.0,72.2476127461043,1.247612746104295,1.247612746104295,2021-06-01 00:00:00,2021-06-01 00:00:00,0.0,0.0
D2,F1-10-production-once,1,8,2021-06-20,95,0.9895833333333334,False,28.0,36.11835981104281,8.118359811042808,8.118359811042808,2021-06-20 15:15:00,2021-06-20 08:15:00,-420.0,420.0
D2,F1-10-production-once,1,9,2021-05-31,95,0.9895833333333334,False,172.0,180.4254949295897,8.42549492958969,8.42549492958969,2021-05-31 10:30:00,2021-05-31 09:15:00,-75.0,75.0
D2,F1-10-production-once,1,9,2021-06-01,1,0.010416666666666666,False,71.0,74.26326014611864,3.2632601461186397,3.2632601461186397,2021-06-01 00:00:00,2021-06-01 00:00:00,0.0,0.0
D2,F1-10-production-once,1,9,2021-06-20,95,0.9895833333333334,False,28.0,30.10240989513201,2.102409895132009,2.102409895132009,2021-06-20 15:15:00,2021-06-20 08:30:00,-405.0,405.0
D2,F1-10-production-once,1,10,2021-05-31,95,0.9895833333333334,False,172.0,185.0891795409374,13.089179540937408,13.089179540937408,2021-05-31 10:30:00,2021-05-31 09:15:00,-75.0,75.0
D2,F1-10-production-once,1,10,2021-06-01,1,0.010416666666666666,False,71.0,70.92304652240614,-0.07695347759386095,0.07695347759386095,2021-06-01 00:00:00,2021-06-01 00:00:00,0.0,0.0
D2,F1-10-production-once,1,10,2021-06-20,95,0.9895833333333334,False,28.0,32.39976446739578,4.3997644673957765,4.3997644673957765,2021-06-20 15:15:00,2021-06-20 08:15:00,-420.0,420.0
D2,F1-10-production-once,1,11,2021-05-31,95,0.9895833333333334,False,172.0,180.57766663545453,8.577666635454534,8.577666635454534,2021-05-31 10:30:00,2021-05-31 09:15:00,-75.0,75.0
D2,F1-10-production-once,1,11,2021-06-01,1,0.010416666666666666,False,71.0,70.639304616106,-0.36069538389399725,0.36069538389399725,2021-06-01 00:00:00,2021-06-01 00:00:00,0.0,0.0
D2,F1-10-production-once,1,11,2021-06-20,95,0.9895833333333334,False,28.0,31.67392794710213,3.673927947102129,3.673927947102129,2021-06-20 15:15:00,2021-06-20 09:45:00,-330.0,330.0
D2,F1-10-production-once,1,12,2021-05-31,95,0.9895833333333334,False,172.0,181.07628766718852,9.076287667188524,9.076287667188524,2021-05-31 10:30:00,2021-05-31 09:15:00,-75.0,75.0
D2,F1-10-production-once,1,12,2021-06-01,1,0.010416666666666666,False,71.0,68.22508647153872,-2.7749135284612834,2.7749135284612834,2021-06-01 00:00:00,2021-06-01 00:00:00,0.0,0.0
D2,F1-10-production-once,1,12,2021-06-20,95,0.9895833333333334,False,28.0,38.940221071371575,10.940221071371575,10.940221071371575,2021-06-20 15:15:00,2021-06-20 10:45:00,-270.0,270.0
D2,F1-10-production-once,1,13,2021-05-31,95,0.9895833333333334,False,172.0,175.57789651396203,3.577896513962031,3.577896513962031,2021-05-31 10:30:00,2021-05-31 11:45:00,75.0,75.0
D2,F1-10-production-once,1,13,2021-06-01,1,0.010416666666666666,False,71.0,77.39003824488219,6.3900382448821915,6.3900382448821915,2021-06-01 00:00:00,2021-06-01 00:00:00,0.0,0.0
D2,F1-10-production-once,1,13,2021-06-20,95,0.9895833333333334,False,28.0,46.465505462791945,18.465505462791945,18.465505462791945,2021-06-20 15:15:00,2021-06-20 11:00:00,-255.0,255.0
D2,F1-10-production-once,1,14,2021-05-31,95,0.9895833333333334,False,172.0,175.00861569821402,3.0086156982140153,3.0086156982140153,2021-05-31 10:30:00,2021-05-31 09:45:00,-45.0,45.0
D2,F1-10-production-once,1,14,2021-06-01,1,0.010416666666666666,False,71.0,80.2003968435809,9.200396843580904,9.200396843580904,2021-06-01 00:00:00,2021-06-01 00:00:00,0.0,0.0
D2,F1-10-production-once,1,14,2021-06-20,95,0.9895833333333334,False,28.0,45.81747773196368,17.817477731963677,17.817477731963677,2021-06-20 15:15:00,2021-06-20 08:30:00,-405.0,405.0
D2,F1-10-production-once,1,15,2021-05-31,95,0.9895833333333334,False,172.0,180.91425271087613,8.914252710876127,8.914252710876127,2021-05-31 10:30:00,2021-05-31 09:15:00,-75.0,75.0
D2,F1-10-production-once,1,15,2021-06-01,1,0.010416666666666666,False,71.0,75.86785265239536,4.8678526523953565,4.8678526523953565,2021-06-01 00:00:00,2021-06-01 00:00:00,0.0,0.0
D2,F1-10-production-once,1,15,2021-06-20,95,0.9895833333333334,False,28.0,38.025594856609565,10.025594856609565,10.025594856609565,2021-06-20 15:15:00,2021-06-20 08:45:00,-390.0,390.0
D2,F1-10-production-once,1,16,2021-05-31,95,0.9895833333333334,False,172.0,179.81643668051638,7.816436680516375,7.816436680516375,2021-05-31 10:30:00,2021-05-31 09:15:00,-75.0,75.0
D2,F1-10-production-once,1,16,2021-06-01,1,0.010416666666666666,False,71.0,76.95085231087045,5.950852310870445,5.950852310870445,2021-06-01 00:00:00,2021-06-01 00:00:00,0.0,0.0
D2,F1-10-production-once,1,16,2021-06-20,95,0.9895833333333334,False,28.0,47.47306385702721,19.473063857027213,19.473063857027213,2021-06-20 15:15:00,2021-06-20 10:45:00,-270.0,270.0
D2,F1-10-production-once,2,4,2021-07-12,96,1.0,True,198.0,186.72743885426905,-11.272561145730947,11.272561145730947,2021-07-12 08:45:00,2021-07-12 08:45:00,0.0,0.0
D2,F1-10-production-once,2,4,2021-07-13,1,0.010416666666666666,False,79.0,104.44101815089391,25.44101815089391,25.44101815089391,2021-07-13 00:00:00,2021-07-13 00:00:00,0.0,0.0
D2,F1-10-production-once,2,4,2021-07-17,80,0.8333333333333334,False,108.0,108.27532824764839,0.2753282476483889,0.2753282476483889,2021-07-17 06:00:00,2021-07-17 04:00:00,-120.0,120.0
D2,F1-10-production-once,2,4,2021-07-18,84,0.875,False,28.0,66.75655716819418,38.75655716819418,38.75655716819418,2021-07-18 04:30:00,2021-07-18 08:15:00,225.0,225.0
D2,F1-10-production-once,2,4,2021-07-26,84,0.875,False,217.0,190.84977441667027,-26.15022558332973,26.15022558332973,2021-07-26 08:30:00,2021-07-26 14:00:00,330.0,330.0
D2,F1-10-production-once,2,4,2021-07-27,84,0.875,False,211.0,187.2357905128592,-23.76420948714079,23.76420948714079,2021-07-27 11:45:00,2021-07-27 14:00:00,135.0,135.0
D2,F1-10-production-once,2,4,2021-07-28,84,0.875,False,212.0,186.50280302163247,-25.497196978367526,25.497196978367526,2021-07-28 12:00:00,2021-07-28 14:00:00,120.0,120.0
D2,F1-10-production-once,2,4,2021-07-29,84,0.875,False,211.0,188.67399134454774,-22.326008655452256,22.326008655452256,2021-07-29 12:00:00,2021-07-29 14:45:00,165.0,165.0
D2,F1-10-production-once,2,4,2021-07-30,85,0.8854166666666666,False,212.0,186.11579957737376,-25.884200422626236,25.884200422626236,2021-07-30 12:00:00,2021-07-30 13:45:00,105.0,105.0
D2,F1-10-production-once,2,4,2021-07-31,96,1.0,True,80.0,82.33648279237983,2.336482792379826,2.336482792379826,2021-07-31 00:00:00,2021-07-31 00:00:00,0.0,0.0
D2,F1-10-production-once,2,4,2021-08-01,96,1.0,True,28.0,28.87662088625406,0.8766208862540594,0.8766208862540594,2021-08-01 09:00:00,2021-08-01 13:45:00,285.0,285.0
D2,F1-10-production-once,2,4,2021-08-09,1,0.010416666666666666,False,21.0,32.83814849599834,11.83814849599834,11.83814849599834,2021-08-09 00:00:00,2021-08-09 00:00:00,0.0,0.0
D2,F1-10-production-once,2,5,2021-07-12,96,1.0,True,198.0,188.09604646880217,-9.903953531197828,9.903953531197828,2021-07-12 08:45:00,2021-07-12 14:45:00,360.0,360.0
D2,F1-10-production-once,2,5,2021-07-13,1,0.010416666666666666,False,79.0,104.42334874739396,25.42334874739396,25.42334874739396,2021-07-13 00:00:00,2021-07-13 00:00:00,0.0,0.0
D2,F1-10-production-once,2,5,2021-07-17,79,0.8229166666666666,False,108.0,107.24616161546763,-0.7538383845323722,0.7538383845323722,2021-07-17 06:00:00,2021-07-17 04:15:00,-105.0,105.0
D2,F1-10-production-once,2,5,2021-07-18,84,0.875,False,28.0,59.85709640759444,31.85709640759444,31.85709640759444,2021-07-18 04:30:00,2021-07-18 08:30:00,240.0,240.0
D2,F1-10-production-once,2,5,2021-07-26,84,0.875,False,217.0,198.29871748717918,-18.701282512820825,18.701282512820825,2021-07-26 08:30:00,2021-07-26 14:15:00,345.0,345.0
D2,F1-10-production-once,2,5,2021-07-27,84,0.875,False,211.0,190.9454939600679,-20.054506039932107,20.054506039932107,2021-07-27 11:45:00,2021-07-27 15:00:00,195.0,195.0
D2,F1-10-production-once,2,5,2021-07-28,84,0.875,False,212.0,183.04934096238262,-28.950659037617385,28.950659037617385,2021-07-28 12:00:00,2021-07-28 14:30:00,150.0,150.0
D2,F1-10-production-once,2,5,2021-07-29,84,0.875,False,211.0,185.2653548271081,-25.734645172891902,25.734645172891902,2021-07-29 12:00:00,2021-07-29 14:00:00,120.0,120.0
D2,F1-10-production-once,2,5,2021-07-30,85,0.8854166666666666,False,212.0,182.9092544962387,-29.090745503761298,29.090745503761298,2021-07-30 12:00:00,2021-07-30 13:45:00,105.0,105.0
D2,F1-10-production-once,2,5,2021-07-31,96,1.0,True,80.0,85.85651185197649,5.856511851976492,5.856511851976492,2021-07-31 00:00:00,2021-07-31 01:15:00,75.0,75.0
D2,F1-10-production-once,2,5,2021-08-01,96,1.0,True,28.0,33.88405940791759,5.88405940791759,5.88405940791759,2021-08-01 09:00:00,2021-08-01 11:15:00,135.0,135.0
D2,F1-10-production-once,2,5,2021-08-09,1,0.010416666666666666,False,21.0,29.945754252180528,8.945754252180528,8.945754252180528,2021-08-09 00:00:00,2021-08-09 00:00:00,0.0,0.0
D2,F1-10-production-once,2,6,2021-07-12,96,1.0,True,198.0,194.54981337292455,-3.4501866270754533,3.4501866270754533,2021-07-12 08:45:00,2021-07-12 08:45:00,0.0,0.0
D2,F1-10-production-once,2,6,2021-07-13,1,0.010416666666666666,False,79.0,103.79539386614908,24.795393866149084,24.795393866149084,2021-07-13 00:00:00,2021-07-13 00:00:00,0.0,0.0
D2,F1-10-production-once,2,6,2021-07-17,78,0.8125,False,108.0,106.62348687781453,-1.3765131221854716,1.3765131221854716,2021-07-17 06:00:00,2021-07-17 08:45:00,165.0,165.0
D2,F1-10-production-once,2,6,2021-07-18,84,0.875,False,28.0,61.8091855652903,33.8091855652903,33.8091855652903,2021-07-18 01:15:00,2021-07-18 08:30:00,435.0,435.0
D2,F1-10-production-once,2,6,2021-07-26,84,0.875,False,217.0,190.92151556789003,-26.078484432109974,26.078484432109974,2021-07-26 08:30:00,2021-07-26 08:45:00,15.0,15.0
D2,F1-10-production-once,2,6,2021-07-27,84,0.875,False,211.0,191.97430112012208,-19.025698879877922,19.025698879877922,2021-07-27 11:45:00,2021-07-27 15:00:00,195.0,195.0
D2,F1-10-production-once,2,6,2021-07-28,84,0.875,False,212.0,189.97902208119135,-22.020977918808654,22.020977918808654,2021-07-28 12:00:00,2021-07-28 15:00:00,180.0,180.0
D2,F1-10-production-once,2,6,2021-07-29,84,0.875,False,211.0,190.06208735373932,-20.937912646260685,20.937912646260685,2021-07-29 12:00:00,2021-07-29 15:00:00,180.0,180.0
D2,F1-10-production-once,2,6,2021-07-30,85,0.8854166666666666,False,212.0,186.14800251884537,-25.851997481154626,25.851997481154626,2021-07-30 12:00:00,2021-07-30 15:00:00,180.0,180.0
D2,F1-10-production-once,2,6,2021-07-31,96,1.0,True,80.0,96.1176376341105,16.117637634110494,16.117637634110494,2021-07-31 00:00:00,2021-07-31 01:30:00,90.0,90.0
D2,F1-10-production-once,2,6,2021-08-01,96,1.0,True,28.0,42.97914179430715,14.979141794307147,14.979141794307147,2021-08-01 09:00:00,2021-08-01 11:00:00,120.0,120.0
D2,F1-10-production-once,2,6,2021-08-09,1,0.010416666666666666,False,21.0,34.9390497318401,13.9390497318401,13.9390497318401,2021-08-09 00:00:00,2021-08-09 00:00:00,0.0,0.0
D2,F1-10-production-once,2,7,2021-07-12,96,1.0,True,198.0,196.35485958883675,-1.6451404111632542,1.6451404111632542,2021-07-12 08:45:00,2021-07-12 08:45:00,0.0,0.0
D2,F1-10-production-once,2,7,2021-07-13,1,0.010416666666666666,False,79.0,98.78142428214801,19.78142428214801,19.78142428214801,2021-07-13 00:00:00,2021-07-13 00:00:00,0.0,0.0
D2,F1-10-production-once,2,7,2021-07-17,77,0.8020833333333334,False,108.0,107.13574139993374,-0.8642586000662646,0.8642586000662646,2021-07-17 06:00:00,2021-07-17 08:30:00,150.0,150.0
D2,F1-10-production-once,2,7,2021-07-18,84,0.875,False,28.0,65.13068391090826,37.13068391090826,37.13068391090826,2021-07-18 01:15:00,2021-07-18 09:00:00,465.0,465.0
D2,F1-10-production-once,2,7,2021-07-26,84,0.875,False,217.0,199.5831077165241,-17.416892283475903,17.416892283475903,2021-07-26 08:30:00,2021-07-26 08:45:00,15.0,15.0
D2,F1-10-production-once,2,7,2021-07-27,84,0.875,False,211.0,182.81958491370128,-28.180415086298723,28.180415086298723,2021-07-27 11:45:00,2021-07-27 15:00:00,195.0,195.0
D2,F1-10-production-once,2,7,2021-07-28,84,0.875,False,212.0,179.79438620850652,-32.20561379149348,32.20561379149348,2021-07-28 12:00:00,2021-07-28 08:45:00,-195.0,195.0
D2,F1-10-production-once,2,7,2021-07-29,84,0.875,False,211.0,187.74054876604842,-23.25945123395158,23.25945123395158,2021-07-29 12:00:00,2021-07-29 08:30:00,-210.0,210.0
D2,F1-10-production-once,2,7,2021-07-30,85,0.8854166666666666,False,212.0,179.68315609421572,-32.31684390578428,32.31684390578428,2021-07-30 12:00:00,2021-07-30 11:45:00,-15.0,15.0
D2,F1-10-production-once,2,7,2021-07-31,96,1.0,True,80.0,106.67336736294217,26.673367362942173,26.673367362942173,2021-07-31 00:00:00,2021-07-31 01:45:00,105.0,105.0
D2,F1-10-production-once,2,7,2021-08-01,96,1.0,True,28.0,43.79869361346678,15.798693613466781,15.798693613466781,2021-08-01 09:00:00,2021-08-01 11:45:00,165.0,165.0
D2,F1-10-production-once,2,7,2021-08-09,1,0.010416666666666666,False,21.0,49.61262027890558,28.61262027890558,28.61262027890558,2021-08-09 00:00:00,2021-08-09 00:00:00,0.0,0.0
D2,F1-10-production-once,2,8,2021-07-12,96,1.0,True,198.0,187.89721179067152,-10.10278820932848,10.10278820932848,2021-07-12 08:45:00,2021-07-12 08:45:00,0.0,0.0
D2,F1-10-production-once,2,8,2021-07-13,1,0.010416666666666666,False,79.0,99.40185275884177,20.40185275884177,20.40185275884177,2021-07-13 00:00:00,2021-07-13 00:00:00,0.0,0.0
D2,F1-10-production-once,2,8,2021-07-17,76,0.7916666666666666,False,108.0,104.60163972626685,-3.3983602737331466,3.3983602737331466,2021-07-17 06:00:00,2021-07-17 06:15:00,15.0,15.0
D2,F1-10-production-once,2,8,2021-07-18,84,0.875,False,28.0,54.25155341346366,26.25155341346366,26.25155341346366,2021-07-18 01:15:00,2021-07-18 09:00:00,465.0,465.0
D2,F1-10-production-once,2,8,2021-07-26,84,0.875,False,217.0,187.8005250231048,-29.199474976895203,29.199474976895203,2021-07-26 08:30:00,2021-07-26 11:45:00,195.0,195.0
D2,F1-10-production-once,2,8,2021-07-27,84,0.875,False,211.0,186.79538086326832,-24.20461913673168,24.20461913673168,2021-07-27 11:45:00,2021-07-27 15:00:00,195.0,195.0
D2,F1-10-production-once,2,8,2021-07-28,84,0.875,False,212.0,180.65005349442816,-31.349946505571836,31.349946505571836,2021-07-28 12:00:00,2021-07-28 15:00:00,180.0,180.0
D2,F1-10-production-once,2,8,2021-07-29,84,0.875,False,211.0,187.24818112692913,-23.751818873070874,23.751818873070874,2021-07-29 12:00:00,2021-07-29 14:45:00,165.0,165.0
D2,F1-10-production-once,2,8,2021-07-30,85,0.8854166666666666,False,212.0,179.7998719870071,-32.200128012992906,32.200128012992906,2021-07-30 12:00:00,2021-07-30 16:00:00,240.0,240.0
D2,F1-10-production-once,2,8,2021-07-31,96,1.0,True,80.0,108.180054545282,28.180054545282005,28.180054545282005,2021-07-31 00:00:00,2021-07-31 01:45:00,105.0,105.0
D2,F1-10-production-once,2,8,2021-08-01,96,1.0,True,28.0,37.909441078511506,9.909441078511506,9.909441078511506,2021-08-01 09:00:00,2021-08-01 11:45:00,165.0,165.0
D2,F1-10-production-once,2,8,2021-08-09,1,0.010416666666666666,False,21.0,70.40777421653425,49.40777421653425,49.40777421653425,2021-08-09 00:00:00,2021-08-09 00:00:00,0.0,0.0
D2,F1-10-production-once,2,9,2021-07-12,96,1.0,True,198.0,185.11503861391,-12.884961386089998,12.884961386089998,2021-07-12 08:45:00,2021-07-12 10:45:00,120.0,120.0
D2,F1-10-production-once,2,9,2021-07-13,1,0.010416666666666666,False,79.0,101.14121477043973,22.14121477043973,22.14121477043973,2021-07-13 00:00:00,2021-07-13 00:00:00,0.0,0.0
D2,F1-10-production-once,2,9,2021-07-17,75,0.78125,False,108.0,107.32611981285048,-0.6738801871495212,0.6738801871495212,2021-07-17 06:00:00,2021-07-17 06:15:00,15.0,15.0
D2,F1-10-production-once,2,9,2021-07-18,84,0.875,False,28.0,49.52817369233634,21.52817369233634,21.52817369233634,2021-07-18 01:15:00,2021-07-18 08:30:00,435.0,435.0
D2,F1-10-production-once,2,9,2021-07-26,84,0.875,False,217.0,192.75679979276694,-24.24320020723306,24.24320020723306,2021-07-26 08:30:00,2021-07-26 11:45:00,195.0,195.0
D2,F1-10-production-once,2,9,2021-07-27,84,0.875,False,211.0,189.02630248734846,-21.97369751265154,21.97369751265154,2021-07-27 11:45:00,2021-07-27 12:00:00,15.0,15.0
D2,F1-10-production-once,2,9,2021-07-28,84,0.875,False,212.0,179.17609269538428,-32.823907304615716,32.823907304615716,2021-07-28 12:00:00,2021-07-28 08:45:00,-195.0,195.0
D2,F1-10-production-once,2,9,2021-07-29,84,0.875,False,211.0,182.86556889944654,-28.134431100553456,28.134431100553456,2021-07-29 12:00:00,2021-07-29 12:00:00,0.0,0.0
D2,F1-10-production-once,2,9,2021-07-30,85,0.8854166666666666,False,212.0,180.0921972559567,-31.907802744043295,31.907802744043295,2021-07-30 12:00:00,2021-07-30 11:45:00,-15.0,15.0
D2,F1-10-production-once,2,9,2021-07-31,96,1.0,True,80.0,109.06341130253567,29.06341130253567,29.06341130253567,2021-07-31 00:00:00,2021-07-31 01:45:00,105.0,105.0
D2,F1-10-production-once,2,9,2021-08-01,96,1.0,True,28.0,31.921398817994156,3.921398817994156,3.921398817994156,2021-08-01 09:00:00,2021-08-01 09:15:00,15.0,15.0
D2,F1-10-production-once,2,9,2021-08-09,1,0.010416666666666666,False,21.0,48.57990963189277,27.579909631892768,27.579909631892768,2021-08-09 00:00:00,2021-08-09 00:00:00,0.0,0.0
D2,F1-10-production-once,2,10,2021-07-12,96,1.0,True,198.0,183.7129639563952,-14.287036043604786,14.287036043604786,2021-07-12 08:45:00,2021-07-12 16:00:00,435.0,435.0
D2,F1-10-production-once,2,10,2021-07-13,1,0.010416666666666666,False,79.0,102.9375493933452,23.937549393345193,23.937549393345193,2021-07-13 00:00:00,2021-07-13 00:00:00,0.0,0.0
D2,F1-10-production-once,2,10,2021-07-17,74,0.7708333333333334,False,108.0,115.00062606836272,7.00062606836272,7.00062606836272,2021-07-17 06:00:00,2021-07-17 07:45:00,105.0,105.0
D2,F1-10-production-once,2,10,2021-07-18,84,0.875,False,28.0,42.51218553766493,14.512185537664926,14.512185537664926,2021-07-18 01:15:00,2021-07-18 08:30:00,435.0,435.0
D2,F1-10-production-once,2,10,2021-07-26,84,0.875,False,217.0,192.19156714030274,-24.808432859697263,24.808432859697263,2021-07-26 08:30:00,2021-07-26 11:45:00,195.0,195.0
D2,F1-10-production-once,2,10,2021-07-27,84,0.875,False,211.0,186.75572414783048,-24.244275852169523,24.244275852169523,2021-07-27 11:45:00,2021-07-27 16:00:00,255.0,255.0
D2,F1-10-production-once,2,10,2021-07-28,84,0.875,False,212.0,183.96728935176483,-28.032710648235167,28.032710648235167,2021-07-28 12:00:00,2021-07-28 15:45:00,225.0,225.0
D2,F1-10-production-once,2,10,2021-07-29,84,0.875,False,211.0,185.5603010054961,-25.439698994503914,25.439698994503914,2021-07-29 12:00:00,2021-07-29 14:45:00,165.0,165.0
D2,F1-10-production-once,2,10,2021-07-30,85,0.8854166666666666,False,212.0,180.68473369861232,-31.31526630138768,31.31526630138768,2021-07-30 12:00:00,2021-07-30 11:45:00,-15.0,15.0
D2,F1-10-production-once,2,10,2021-07-31,96,1.0,True,80.0,110.01787714290907,30.01787714290907,30.01787714290907,2021-07-31 00:00:00,2021-07-31 02:15:00,135.0,135.0
D2,F1-10-production-once,2,10,2021-08-01,96,1.0,True,28.0,38.540541327527535,10.540541327527535,10.540541327527535,2021-08-01 09:00:00,2021-08-01 15:45:00,405.0,405.0
D2,F1-10-production-once,2,10,2021-08-09,1,0.010416666666666666,False,21.0,46.62082264901224,25.62082264901224,25.62082264901224,2021-08-09 00:00:00,2021-08-09 00:00:00,0.0,0.0
D2,F1-10-production-once,2,11,2021-07-12,96,1.0,True,198.0,183.71811281059325,-14.281887189406746,14.281887189406746,2021-07-12 08:45:00,2021-07-12 11:45:00,180.0,180.0
D2,F1-10-production-once,2,11,2021-07-13,1,0.010416666666666666,False,79.0,101.10517896242528,22.105178962425285,22.105178962425285,2021-07-13 00:00:00,2021-07-13 00:00:00,0.0,0.0
D2,F1-10-production-once,2,11,2021-07-17,73,0.7604166666666666,False,108.0,108.85263541361287,0.8526354136128731,0.8526354136128731,2021-07-17 06:00:00,2021-07-17 08:30:00,150.0,150.0
D2,F1-10-production-once,2,11,2021-07-18,84,0.875,False,28.0,43.673701423691995,15.673701423691995,15.673701423691995,2021-07-18 01:15:00,2021-07-18 08:30:00,435.0,435.0
D2,F1-10-production-once,2,11,2021-07-26,84,0.875,False,217.0,191.12044218484886,-25.879557815151145,25.879557815151145,2021-07-26 08:30:00,2021-07-26 11:45:00,195.0,195.0
D2,F1-10-production-once,2,11,2021-07-27,84,0.875,False,211.0,184.3097686883857,-26.690231311614298,26.690231311614298,2021-07-27 11:45:00,2021-07-27 12:00:00,15.0,15.0
D2,F1-10-production-once,2,11,2021-07-28,84,0.875,False,212.0,180.69190676866575,-31.308093231334254,31.308093231334254,2021-07-28 12:00:00,2021-07-28 15:00:00,180.0,180.0
D2,F1-10-production-once,2,11,2021-07-29,84,0.875,False,211.0,188.78009494144192,-22.219905058558084,22.219905058558084,2021-07-29 12:00:00,2021-07-29 08:45:00,-195.0,195.0
D2,F1-10-production-once,2,11,2021-07-30,85,0.8854166666666666,False,212.0,183.0661167272799,-28.933883272720095,28.933883272720095,2021-07-30 12:00:00,2021-07-30 15:45:00,225.0,225.0
D2,F1-10-production-once,2,11,2021-07-31,96,1.0,True,80.0,112.28142988819575,32.281429888195746,32.281429888195746,2021-07-31 00:00:00,2021-07-31 01:45:00,105.0,105.0
D2,F1-10-production-once,2,11,2021-08-01,96,1.0,True,28.0,32.35398693159459,4.353986931594591,4.353986931594591,2021-08-01 09:00:00,2021-08-01 11:45:00,165.0,165.0
D2,F1-10-production-once,2,11,2021-08-09,1,0.010416666666666666,False,21.0,45.102005450909466,24.102005450909466,24.102005450909466,2021-08-09 00:00:00,2021-08-09 00:00:00,0.0,0.0
D2,F1-10-production-once,2,12,2021-07-12,96,1.0,True,198.0,186.84396788622584,-11.15603211377416,11.15603211377416,2021-07-12 08:45:00,2021-07-12 16:00:00,435.0,435.0
D2,F1-10-production-once,2,12,2021-07-13,1,0.010416666666666666,False,79.0,97.87034387107038,18.870343871070375,18.870343871070375,2021-07-13 00:00:00,2021-07-13 00:00:00,0.0,0.0
D2,F1-10-production-once,2,12,2021-07-17,72,0.75,False,108.0,118.13468945815997,10.134689458159968,10.134689458159968,2021-07-17 06:00:00,2021-07-17 08:30:00,150.0,150.0
D2,F1-10-production-once,2,12,2021-07-18,84,0.875,False,28.0,46.25975840643648,18.259758406436482,18.259758406436482,2021-07-18 01:15:00,2021-07-18 08:30:00,435.0,435.0
D2,F1-10-production-once,2,12,2021-07-26,84,0.875,False,217.0,191.86781768004593,-25.13218231995407,25.13218231995407,2021-07-26 08:30:00,2021-07-26 11:45:00,195.0,195.0
D2,F1-10-production-once,2,12,2021-07-27,84,0.875,False,211.0,186.02337110808656,-24.976628891913435,24.976628891913435,2021-07-27 11:45:00,2021-07-27 14:00:00,135.0,135.0
D2,F1-10-production-once,2,12,2021-07-28,84,0.875,False,212.0,181.3468465922762,-30.653153407723806,30.653153407723806,2021-07-28 12:00:00,2021-07-28 14:30:00,150.0,150.0
D2,F1-10-production-once,2,12,2021-07-29,84,0.875,False,211.0,193.398478644132,-17.601521355867987,17.601521355867987,2021-07-29 12:00:00,2021-07-29 09:00:00,-180.0,180.0
D2,F1-10-production-once,2,12,2021-07-30,85,0.8854166666666666,False,212.0,179.6366561051319,-32.36334389486811,32.36334389486811,2021-07-30 12:00:00,2021-07-30 11:45:00,-15.0,15.0
D2,F1-10-production-once,2,12,2021-07-31,96,1.0,True,80.0,111.87035554703291,31.870355547032915,31.870355547032915,2021-07-31 00:00:00,2021-07-31 01:45:00,105.0,105.0
D2,F1-10-production-once,2,12,2021-08-01,96,1.0,True,28.0,32.67837492335505,4.678374923355051,4.678374923355051,2021-08-01 09:00:00,2021-08-01 12:00:00,180.0,180.0
D2,F1-10-production-once,2,12,2021-08-09,1,0.010416666666666666,False,21.0,50.13548057126667,29.13548057126667,29.13548057126667,2021-08-09 00:00:00,2021-08-09 00:00:00,0.0,0.0
D2,F1-10-production-once,2,13,2021-07-12,96,1.0,True,198.0,190.0856279750236,-7.914372024976387,7.914372024976387,2021-07-12 08:45:00,2021-07-12 11:45:00,180.0,180.0
D2,F1-10-production-once,2,13,2021-07-13,1,0.010416666666666666,False,79.0,95.51645743983043,16.516457439830432,16.516457439830432,2021-07-13 00:00:00,2021-07-13 00:00:00,0.0,0.0
D2,F1-10-production-once,2,13,2021-07-17,71,0.7395833333333334,False,96.0,107.33481558835713,11.33481558835713,11.33481558835713,2021-07-17 06:15:00,2021-07-17 06:15:00,0.0,0.0
D2,F1-10-production-once,2,13,2021-07-18,84,0.875,False,28.0,58.559851780621784,30.559851780621784,30.559851780621784,2021-07-18 01:15:00,2021-07-18 11:00:00,585.0,585.0
D2,F1-10-production-once,2,13,2021-07-26,84,0.875,False,217.0,191.58358912032944,-25.416410879670565,25.416410879670565,2021-07-26 08:30:00,2021-07-26 12:00:00,210.0,210.0
D2,F1-10-production-once,2,13,2021-07-27,84,0.875,False,211.0,181.81942604993316,-29.180573950066844,29.180573950066844,2021-07-27 11:45:00,2021-07-27 13:45:00,120.0,120.0
D2,F1-10-production-once,2,13,2021-07-28,84,0.875,False,212.0,178.6365001223362,-33.3634998776638,33.3634998776638,2021-07-28 12:00:00,2021-07-28 14:30:00,150.0,150.0
D2,F1-10-production-once,2,13,2021-07-29,84,0.875,False,211.0,193.4175063090118,-17.5824936909882,17.5824936909882,2021-07-29 12:00:00,2021-07-29 10:00:00,-120.0,120.0
D2,F1-10-production-once,2,13,2021-07-30,85,0.8854166666666666,False,212.0,182.3236725431832,-29.676327456816807,29.676327456816807,2021-07-30 12:00:00,2021-07-30 11:45:00,-15.0,15.0
D2,F1-10-production-once,2,13,2021-07-31,96,1.0,True,80.0,110.24123345772115,30.24123345772115,30.24123345772115,2021-07-31 00:00:00,2021-07-31 02:15:00,135.0,135.0
D2,F1-10-production-once,2,13,2021-08-01,96,1.0,True,28.0,32.40224105405244,4.402241054052439,4.402241054052439,2021-08-01 09:00:00,2021-08-01 08:30:00,-30.0,30.0
D2,F1-10-production-once,2,13,2021-08-09,1,0.010416666666666666,False,21.0,50.65141464165954,29.651414641659542,29.651414641659542,2021-08-09 00:00:00,2021-08-09 00:00:00,0.0,0.0
D2,F1-10-production-once,2,14,2021-07-12,96,1.0,True,198.0,186.9255412998952,-11.074458700104799,11.074458700104799,2021-07-12 08:45:00,2021-07-12 12:00:00,195.0,195.0
D2,F1-10-production-once,2,14,2021-07-13,1,0.010416666666666666,False,79.0,94.1388937483316,15.138893748331597,15.138893748331597,2021-07-13 00:00:00,2021-07-13 00:00:00,0.0,0.0
D2,F1-10-production-once,2,14,2021-07-17,70,0.7291666666666666,False,88.0,101.81426138478743,13.814261384787429,13.814261384787429,2021-07-17 07:15:00,2021-07-17 06:45:00,-30.0,30.0
D2,F1-10-production-once,2,14,2021-07-18,84,0.875,False,28.0,61.73669869340496,33.73669869340496,33.73669869340496,2021-07-18 01:15:00,2021-07-18 10:30:00,555.0,555.0
D2,F1-10-production-once,2,14,2021-07-26,84,0.875,False,217.0,185.3420704019969,-31.657929598003108,31.657929598003108,2021-07-26 08:30:00,2021-07-26 14:30:00,360.0,360.0
D2,F1-10-production-once,2,14,2021-07-27,84,0.875,False,211.0,180.46359375582657,-30.536406244173435,30.536406244173435,2021-07-27 11:45:00,2021-07-27 10:45:00,-60.0,60.0
D2,F1-10-production-once,2,14,2021-07-28,84,0.875,False,212.0,176.25153960713357,-35.748460392866434,35.748460392866434,2021-07-28 12:00:00,2021-07-28 08:45:00,-195.0,195.0
D2,F1-10-production-once,2,14,2021-07-29,84,0.875,False,211.0,182.5279957531963,-28.472004246803692,28.472004246803692,2021-07-29 12:00:00,2021-07-29 09:45:00,-135.0,135.0
D2,F1-10-production-once,2,14,2021-07-30,84,0.875,False,212.0,177.23616400145352,-34.76383599854648,34.76383599854648,2021-07-30 12:00:00,2021-07-30 08:45:00,-195.0,195.0
D2,F1-10-production-once,2,14,2021-07-31,96,1.0,True,80.0,106.3657202116108,26.365720211610807,26.365720211610807,2021-07-31 00:00:00,2021-07-31 03:30:00,210.0,210.0
D2,F1-10-production-once,2,14,2021-08-01,96,1.0,True,28.0,34.5929431828576,6.592943182857603,6.592943182857603,2021-08-01 09:00:00,2021-08-01 01:15:00,-465.0,465.0
D2,F1-10-production-once,2,14,2021-08-09,1,0.010416666666666666,False,21.0,46.0650210632087,25.065021063208697,25.065021063208697,2021-08-09 00:00:00,2021-08-09 00:00:00,0.0,0.0
D2,F1-10-production-once,2,15,2021-07-12,96,1.0,True,198.0,181.85280394012474,-16.147196059875256,16.147196059875256,2021-07-12 08:45:00,2021-07-12 14:30:00,345.0,345.0
D2,F1-10-production-once,2,15,2021-07-13,1,0.010416666666666666,False,79.0,92.70475618092752,13.704756180927518,13.704756180927518,2021-07-13 00:00:00,2021-07-13 00:00:00,0.0,0.0
D2,F1-10-production-once,2,15,2021-07-17,69,0.71875,False,88.0,102.11504677857506,14.115046778575064,14.115046778575064,2021-07-17 07:15:00,2021-07-17 06:45:00,-30.0,30.0
D2,F1-10-production-once,2,15,2021-07-18,84,0.875,False,28.0,69.4320816008666,41.432081600866596,41.432081600866596,2021-07-18 01:15:00,2021-07-18 10:45:00,570.0,570.0
D2,F1-10-production-once,2,15,2021-07-26,84,0.875,False,217.0,187.12652548910737,-29.873474510892635,29.873474510892635,2021-07-26 08:30:00,2021-07-26 13:45:00,315.0,315.0
D2,F1-10-production-once,2,15,2021-07-27,84,0.875,False,211.0,181.42898124027138,-29.571018759728616,29.571018759728616,2021-07-27 11:45:00,2021-07-27 08:45:00,-180.0,180.0
D2,F1-10-production-once,2,15,2021-07-28,84,0.875,False,212.0,178.05143763236038,-33.948562367639624,33.948562367639624,2021-07-28 12:00:00,2021-07-28 09:00:00,-180.0,180.0
D2,F1-10-production-once,2,15,2021-07-29,84,0.875,False,211.0,184.5492580446679,-26.45074195533209,26.45074195533209,2021-07-29 12:00:00,2021-07-29 08:30:00,-210.0,210.0
D2,F1-10-production-once,2,15,2021-07-30,84,0.875,False,212.0,179.00035077215128,-32.99964922784872,32.99964922784872,2021-07-30 12:00:00,2021-07-30 11:45:00,-15.0,15.0
D2,F1-10-production-once,2,15,2021-07-31,96,1.0,True,80.0,107.17732025248672,27.177320252486723,27.177320252486723,2021-07-31 00:00:00,2021-07-31 03:45:00,225.0,225.0
D2,F1-10-production-once,2,15,2021-08-01,96,1.0,True,28.0,39.21690339925064,11.21690339925064,11.21690339925064,2021-08-01 09:00:00,2021-08-01 09:45:00,45.0,45.0
D2,F1-10-production-once,2,15,2021-08-09,1,0.010416666666666666,False,21.0,50.063466580573284,29.063466580573284,29.063466580573284,2021-08-09 00:00:00,2021-08-09 00:00:00,0.0,0.0
D2,F1-10-production-once,2,16,2021-07-12,96,1.0,True,198.0,185.71816671733507,-12.281833282664934,12.281833282664934,2021-07-12 08:45:00,2021-07-12 13:45:00,300.0,300.0
D2,F1-10-production-once,2,16,2021-07-13,1,0.010416666666666666,False,79.0,98.18530972016248,19.18530972016248,19.18530972016248,2021-07-13 00:00:00,2021-07-13 00:00:00,0.0,0.0
D2,F1-10-production-once,2,16,2021-07-17,68,0.7083333333333334,False,88.0,104.42468336398183,16.424683363981828,16.424683363981828,2021-07-17 07:15:00,2021-07-17 07:15:00,0.0,0.0
D2,F1-10-production-once,2,16,2021-07-18,84,0.875,False,28.0,54.64580288150252,26.64580288150252,26.64580288150252,2021-07-18 01:15:00,2021-07-18 09:45:00,510.0,510.0
D2,F1-10-production-once,2,16,2021-07-26,84,0.875,False,217.0,189.15662116136588,-27.843378838634123,27.843378838634123,2021-07-26 08:30:00,2021-07-26 13:30:00,300.0,300.0
D2,F1-10-production-once,2,16,2021-07-27,84,0.875,False,211.0,183.1633010829452,-27.836698917054804,27.836698917054804,2021-07-27 11:45:00,2021-07-27 13:30:00,105.0,105.0
D2,F1-10-production-once,2,16,2021-07-28,84,0.875,False,212.0,180.67164147218975,-31.328358527810252,31.328358527810252,2021-07-28 12:00:00,2021-07-28 14:30:00,150.0,150.0
D2,F1-10-production-once,2,16,2021-07-29,84,0.875,False,211.0,187.41695237919902,-23.583047620800983,23.583047620800983,2021-07-29 12:00:00,2021-07-29 15:00:00,180.0,180.0
D2,F1-10-production-once,2,16,2021-07-30,84,0.875,False,212.0,186.4646158256143,-25.53538417438571,25.53538417438571,2021-07-30 12:00:00,2021-07-30 14:45:00,165.0,165.0
D2,F1-10-production-once,2,16,2021-07-31,96,1.0,True,80.0,113.23749630014953,33.23749630014953,33.23749630014953,2021-07-31 00:00:00,2021-07-31 03:45:00,225.0,225.0
D2,F1-10-production-once,2,16,2021-08-01,96,1.0,True,28.0,38.684268661756185,10.684268661756185,10.684268661756185,2021-08-01 09:00:00,2021-08-01 09:00:00,0.0,0.0
D2,F1-10-production-once,2,16,2021-08-09,1,0.010416666666666666,False,21.0,36.1884704505043,15.188470450504298,15.188470450504298,2021-08-09 00:00:00,2021-08-09 00:00:00,0.0,0.0
