dataset,model,fold,horizon,target_day,observed_slots,slot_coverage,full_day,actual_daily_max,predicted_daily_max,daily_max_error,daily_max_abs_error,actual_peak_time,predicted_peak_time,timing_error_minutes,timing_abs_error_minutes
D1,F2-3,0,4,2021-04-19,96,1.0,True,172.0,177.08700333099398,5.08700333099398,5.08700333099398,2021-04-19 08:45:00,2021-04-19 09:30:00,45.0,45.0
D1,F2-3,0,4,2021-04-20,96,1.0,True,172.0,180.66621046762066,8.666210467620658,8.666210467620658,2021-04-20 08:45:00,2021-04-20 09:00:00,15.0,15.0
D1,F2-3,0,4,2021-04-21,96,1.0,True,174.0,170.63337873526208,-3.3666212647379155,3.3666212647379155,2021-04-21 08:30:00,2021-04-21 10:00:00,90.0,90.0
D1,F2-3,0,4,2021-04-22,96,1.0,True,174.0,171.02056937729833,-2.9794306227016705,2.9794306227016705,2021-04-22 08:30:00,2021-04-22 10:00:00,90.0,90.0
D1,F2-3,0,4,2021-04-23,96,1.0,True,174.0,150.6614099102112,-23.338590089788795,23.338590089788795,2021-04-23 08:30:00,2021-04-23 09:15:00,45.0,45.0
D1,F2-3,0,4,2021-04-24,96,1.0,True,112.0,108.05117716213242,-3.9488228378675814,3.9488228378675814,2021-04-24 06:15:00,2021-04-24 03:30:00,-165.0,165.0
D1,F2-3,0,4,2021-04-25,96,1.0,True,25.0,24.313336042692846,-0.6866639573071538,0.6866639573071538,2021-04-25 01:30:00,2021-04-25 08:15:00,405.0,405.0
D1,F2-3,0,4,2021-05-03,96,1.0,True,184.0,188.07015290804446,4.070152908044463,4.070152908044463,2021-05-03 08:30:00,2021-05-03 09:15:00,45.0,45.0
D1,F2-3,0,4,2021-05-04,96,1.0,True,181.0,176.14081964966164,-4.859180350338363,4.859180350338363,2021-05-04 08:30:00,2021-05-04 08:30:00,0.0,0.0
D1,F2-3,0,4,2021-05-05,96,1.0,True,120.0,166.27751536348566,46.27751536348566,46.27751536348566,2021-05-05 04:15:00,2021-05-05 08:30:00,255.0,255.0
D1,F2-3,0,4,2021-05-06,96,1.0,True,199.0,179.81413277482008,-19.18586722517992,19.18586722517992,2021-05-06 09:00:00,2021-05-06 13:30:00,270.0,270.0
D1,F2-3,0,4,2021-05-07,96,1.0,True,181.0,185.27808400829466,4.278084008294655,4.278084008294655,2021-05-07 09:00:00,2021-05-07 08:45:00,-15.0,15.0
D1,F2-3,0,4,2021-05-08,96,1.0,True,115.0,111.00837688767442,-3.991623112325584,3.991623112325584,2021-05-08 02:00:00,2021-05-08 03:30:00,90.0,90.0
D1,F2-3,0,4,2021-05-09,96,1.0,True,184.0,167.12047992755427,-16.87952007244573,16.87952007244573,2021-05-09 09:00:00,2021-05-09 11:00:00,120.0,120.0
D1,F2-3,0,5,2021-04-19,96,1.0,True,172.0,177.19910260266815,5.199102602668148,5.199102602668148,2021-04-19 08:45:00,2021-04-19 09:30:00,45.0,45.0
D1,F2-3,0,5,2021-04-20,96,1.0,True,172.0,183.93038535668597,11.930385356685974,11.930385356685974,2021-04-20 08:45:00,2021-04-20 09:00:00,15.0,15.0
D1,F2-3,0,5,2021-04-21,96,1.0,True,174.0,169.6779762689216,-4.322023731078389,4.322023731078389,2021-04-21 08:30:00,2021-04-21 10:00:00,90.0,90.0
D1,F2-3,0,5,2021-04-22,96,1.0,True,174.0,174.02586917296992,0.02586917296991942,0.02586917296991942,2021-04-22 08:30:00,2021-04-22 09:00:00,30.0,30.0
D1,F2-3,0,5,2021-04-23,96,1.0,True,174.0,151.12872381507242,-22.87127618492758,22.87127618492758,2021-04-23 08:30:00,2021-04-23 11:45:00,195.0,195.0
D1,F2-3,0,5,2021-04-24,96,1.0,True,112.0,109.69209061813532,-2.3079093818646754,2.3079093818646754,2021-04-24 06:15:00,2021-04-24 01:45:00,-270.0,270.0
D1,F2-3,0,5,2021-04-25,96,1.0,True,25.0,25.703042015796758,0.7030420157967576,0.7030420157967576,2021-04-25 01:30:00,2021-04-25 08:15:00,405.0,405.0
D1,F2-3,0,5,2021-05-03,96,1.0,True,184.0,188.98082470155353,4.98082470155353,4.98082470155353,2021-05-03 08:30:00,2021-05-03 09:00:00,30.0,30.0
D1,F2-3,0,5,2021-05-04,96,1.0,True,181.0,185.61361608957932,4.613616089579324,4.613616089579324,2021-05-04 08:30:00,2021-05-04 08:30:00,0.0,0.0
D1,F2-3,0,5,2021-05-05,96,1.0,True,120.0,169.89778759075503,49.89778759075503,49.89778759075503,2021-05-05 04:15:00,2021-05-05 09:00:00,285.0,285.0
D1,F2-3,0,5,2021-05-06,96,1.0,True,199.0,179.36488636777423,-19.635113632225767,19.635113632225767,2021-05-06 09:00:00,2021-05-06 11:30:00,150.0,150.0
D1,F2-3,0,5,2021-05-07,96,1.0,True,181.0,188.2942561954158,7.294256195415812,7.294256195415812,2021-05-07 09:00:00,2021-05-07 08:45:00,-15.0,15.0
D1,F2-3,0,5,2021-05-08,96,1.0,True,115.0,111.8415415144458,-3.158458485554206,3.158458485554206,2021-05-08 02:00:00,2021-05-08 03:30:00,90.0,90.0
D1,F2-3,0,5,2021-05-09,96,1.0,True,184.0,177.96215717568788,-6.037842824312122,6.037842824312122,2021-05-09 09:00:00,2021-05-09 14:00:00,300.0,300.0
D1,F2-3,0,6,2021-04-19,96,1.0,True,172.0,173.3699059428777,1.3699059428776934,1.3699059428776934,2021-04-19 08:45:00,2021-04-19 09:45:00,60.0,60.0
D1,F2-3,0,6,2021-04-20,96,1.0,True,172.0,174.42687104239792,2.42687104239792,2.42687104239792,2021-04-20 08:45:00,2021-04-20 09:15:00,30.0,30.0
D1,F2-3,0,6,2021-04-21,96,1.0,True,174.0,168.91919106040712,-5.080808939592885,5.080808939592885,2021-04-21 08:30:00,2021-04-21 10:30:00,120.0,120.0
D1,F2-3,0,6,2021-04-22,96,1.0,True,174.0,169.4961086439252,-4.503891356074803,4.503891356074803,2021-04-22 08:30:00,2021-04-22 10:00:00,90.0,90.0
D1,F2-3,0,6,2021-04-23,96,1.0,True,174.0,147.5154178554738,-26.4845821445262,26.4845821445262,2021-04-23 08:30:00,2021-04-23 11:15:00,165.0,165.0
D1,F2-3,0,6,2021-04-24,96,1.0,True,112.0,108.5311691163023,-3.4688308836977058,3.4688308836977058,2021-04-24 06:15:00,2021-04-24 01:45:00,-270.0,270.0
D1,F2-3,0,6,2021-04-25,96,1.0,True,25.0,27.239857403297773,2.2398574032977727,2.2398574032977727,2021-04-25 01:30:00,2021-04-25 08:15:00,405.0,405.0
D1,F2-3,0,6,2021-05-03,96,1.0,True,184.0,190.04317367680213,6.043173676802127,6.043173676802127,2021-05-03 08:30:00,2021-05-03 09:15:00,45.0,45.0
D1,F2-3,0,6,2021-05-04,96,1.0,True,181.0,181.7987233869688,0.7987233869687884,0.7987233869687884,2021-05-04 08:30:00,2021-05-04 09:00:00,30.0,30.0
D1,F2-3,0,6,2021-05-05,96,1.0,True,120.0,175.62949618177814,55.62949618177814,55.62949618177814,2021-05-05 04:15:00,2021-05-05 09:00:00,285.0,285.0
D1,F2-3,0,6,2021-05-06,96,1.0,True,199.0,177.8735343179941,-21.126465682005886,21.126465682005886,2021-05-06 09:00:00,2021-05-06 12:00:00,180.0,180.0
D1,F2-3,0,6,2021-05-07,96,1.0,True,181.0,181.8964260899219,0.8964260899219028,0.8964260899219028,2021-05-07 09:00:00,2021-05-07 08:45:00,-15.0,15.0
D1,F2-3,0,6,2021-05-08,96,1.0,True,115.0,115.46041799824746,0.46041799824746477,0.46041799824746477,2021-05-08 02:00:00,2021-05-08 02:00:00,0.0,0.0
D1,F2-3,0,6,2021-05-09,96,1.0,True,184.0,168.32711464390826,-15.67288535609174,15.67288535609174,2021-05-09 09:00:00,2021-05-09 14:00:00,300.0,300.0
D1,F2-3,0,7,2021-04-19,96,1.0,True,172.0,174.63520374545467,2.6352037454546746,2.6352037454546746,2021-04-19 08:45:00,2021-04-19 10:45:00,120.0,120.0
D1,F2-3,0,7,2021-04-20,96,1.0,True,172.0,177.37364608124588,5.37364608124588,5.37364608124588,2021-04-20 08:45:00,2021-04-20 09:45:00,60.0,60.0
D1,F2-3,0,7,2021-04-21,96,1.0,True,174.0,169.42747360803392,-4.572526391966079,4.572526391966079,2021-04-21 08:30:00,2021-04-21 10:30:00,120.0,120.0
D1,F2-3,0,7,2021-04-22,96,1.0,True,174.0,170.15689901694762,-3.8431009830523806,3.8431009830523806,2021-04-22 08:30:00,2021-04-22 14:45:00,375.0,375.0
D1,F2-3,0,7,2021-04-23,96,1.0,True,174.0,137.17143081121378,-36.82856918878622,36.82856918878622,2021-04-23 08:30:00,2021-04-23 17:45:00,555.0,555.0
D1,F2-3,0,7,2021-04-24,96,1.0,True,112.0,107.54713217959878,-4.452867820401224,4.452867820401224,2021-04-24 06:15:00,2021-04-24 04:30:00,-105.0,105.0
D1,F2-3,0,7,2021-04-25,96,1.0,True,25.0,38.66277435039337,13.66277435039337,13.66277435039337,2021-04-25 01:30:00,2021-04-25 08:45:00,435.0,435.0
D1,F2-3,0,7,2021-05-03,96,1.0,True,184.0,184.564227967357,0.5642279673569988,0.5642279673569988,2021-05-03 08:30:00,2021-05-03 09:45:00,75.0,75.0
D1,F2-3,0,7,2021-05-04,96,1.0,True,181.0,177.46672073650262,-3.533279263497377,3.533279263497377,2021-05-04 08:30:00,2021-05-04 11:00:00,150.0,150.0
D1,F2-3,0,7,2021-05-05,96,1.0,True,120.0,177.88469797885733,57.88469797885733,57.88469797885733,2021-05-05 04:15:00,2021-05-05 08:45:00,270.0,270.0
D1,F2-3,0,7,2021-05-06,96,1.0,True,199.0,178.25745797398326,-20.742542026016736,20.742542026016736,2021-05-06 09:00:00,2021-05-06 11:45:00,165.0,165.0
D1,F2-3,0,7,2021-05-07,96,1.0,True,181.0,182.04346983710386,1.0434698371038564,1.0434698371038564,2021-05-07 09:00:00,2021-05-07 09:15:00,15.0,15.0
D1,F2-3,0,7,2021-05-08,96,1.0,True,115.0,115.87089741570522,0.8708974157052154,0.8708974157052154,2021-05-08 02:00:00,2021-05-08 02:00:00,0.0,0.0
D1,F2-3,0,7,2021-05-09,96,1.0,True,184.0,160.09195453658154,-23.90804546341846,23.90804546341846,2021-05-09 09:00:00,2021-05-09 11:45:00,165.0,165.0
D1,F2-3,0,8,2021-04-19,96,1.0,True,172.0,186.94943593699338,14.949435936993382,14.949435936993382,2021-04-19 08:45:00,2021-04-19 09:00:00,15.0,15.0
D1,F2-3,0,8,2021-04-20,96,1.0,True,172.0,173.27775093553473,1.2777509355347263,1.2777509355347263,2021-04-20 08:45:00,2021-04-20 13:15:00,270.0,270.0
D1,F2-3,0,8,2021-04-21,96,1.0,True,174.0,167.37224551399828,-6.62775448600172,6.62775448600172,2021-04-21 08:30:00,2021-04-21 13:15:00,285.0,285.0
D1,F2-3,0,8,2021-04-22,96,1.0,True,174.0,168.68559557208008,-5.314404427919925,5.314404427919925,2021-04-22 08:30:00,2021-04-22 10:00:00,90.0,90.0
D1,F2-3,0,8,2021-04-23,96,1.0,True,174.0,138.80645716688892,-35.19354283311108,35.19354283311108,2021-04-23 08:30:00,2021-04-23 11:15:00,165.0,165.0
D1,F2-3,0,8,2021-04-24,96,1.0,True,112.0,109.08194089204477,-2.91805910795523,2.91805910795523,2021-04-24 06:15:00,2021-04-24 04:30:00,-105.0,105.0
D1,F2-3,0,8,2021-04-25,96,1.0,True,25.0,41.81065646559963,16.810656465599628,16.810656465599628,2021-04-25 01:30:00,2021-04-25 09:00:00,450.0,450.0
D1,F2-3,0,8,2021-05-03,96,1.0,True,184.0,190.1706214533616,6.170621453361605,6.170621453361605,2021-05-03 08:30:00,2021-05-03 10:00:00,90.0,90.0
D1,F2-3,0,8,2021-05-04,96,1.0,True,181.0,178.05441643311107,-2.945583566888928,2.945583566888928,2021-05-04 08:30:00,2021-05-04 08:30:00,0.0,0.0
D1,F2-3,0,8,2021-05-05,96,1.0,True,120.0,177.10007983147207,57.10007983147207,57.10007983147207,2021-05-05 04:15:00,2021-05-05 08:30:00,255.0,255.0
D1,F2-3,0,8,2021-05-06,96,1.0,True,199.0,180.55061339647025,-18.449386603529746,18.449386603529746,2021-05-06 09:00:00,2021-05-06 11:30:00,150.0,150.0
D1,F2-3,0,8,2021-05-07,96,1.0,True,181.0,182.8964063246689,1.8964063246689022,1.8964063246689022,2021-05-07 09:00:00,2021-05-07 08:45:00,-15.0,15.0
D1,F2-3,0,8,2021-05-08,96,1.0,True,115.0,112.41674868386328,-2.5832513161367245,2.5832513161367245,2021-05-08 02:00:00,2021-05-08 02:15:00,15.0,15.0
D1,F2-3,0,8,2021-05-09,96,1.0,True,184.0,164.82748461324442,-19.172515386755578,19.172515386755578,2021-05-09 09:00:00,2021-05-09 16:00:00,420.0,420.0
D1,F2-3,0,9,2021-04-19,96,1.0,True,172.0,183.7676301654479,11.767630165447912,11.767630165447912,2021-04-19 08:45:00,2021-04-19 13:15:00,270.0,270.0
D1,F2-3,0,9,2021-04-20,96,1.0,True,172.0,183.7676301654479,11.767630165447912,11.767630165447912,2021-04-20 08:45:00,2021-04-20 13:15:00,270.0,270.0
D1,F2-3,0,9,2021-04-21,96,1.0,True,174.0,183.7676301654479,9.767630165447912,9.767630165447912,2021-04-21 08:30:00,2021-04-21 13:15:00,285.0,285.0
D1,F2-3,0,9,2021-04-22,96,1.0,True,174.0,183.7676301654479,9.767630165447912,9.767630165447912,2021-04-22 08:30:00,2021-04-22 13:15:00,285.0,285.0
D1,F2-3,0,9,2021-04-23,96,1.0,True,174.0,183.7676301654479,9.767630165447912,9.767630165447912,2021-04-23 08:30:00,2021-04-23 13:15:00,285.0,285.0
D1,F2-3,0,9,2021-04-24,96,1.0,True,112.0,118.74085220714173,6.740852207141728,6.740852207141728,2021-04-24 06:15:00,2021-04-24 02:00:00,-255.0,255.0
D1,F2-3,0,9,2021-04-25,96,1.0,True,25.0,28.94766338110799,3.94766338110799,3.94766338110799,2021-04-25 01:30:00,2021-04-25 01:30:00,0.0,0.0
D1,F2-3,0,9,2021-05-03,96,1.0,True,184.0,171.805107466135,-12.194892533864987,12.194892533864987,2021-05-03 08:30:00,2021-05-03 12:00:00,210.0,210.0
D1,F2-3,0,9,2021-05-04,96,1.0,True,181.0,177.7676301654479,-3.232369834552088,3.232369834552088,2021-05-04 08:30:00,2021-05-04 08:30:00,0.0,0.0
D1,F2-3,0,9,2021-05-05,96,1.0,True,120.0,178.805107466135,58.80510746613501,58.80510746613501,2021-05-05 04:15:00,2021-05-05 08:30:00,255.0,255.0
D1,F2-3,0,9,2021-05-06,96,1.0,True,199.0,176.91059837632756,-22.089401623672444,22.089401623672444,2021-05-06 09:00:00,2021-05-06 11:30:00,150.0,150.0
D1,F2-3,0,9,2021-05-07,96,1.0,True,181.0,178.91059837632756,-2.089401623672444,2.089401623672444,2021-05-07 09:00:00,2021-05-07 08:30:00,-30.0,30.0
D1,F2-3,0,9,2021-05-08,96,1.0,True,115.0,121.57817619170034,6.5781761917003365,6.5781761917003365,2021-05-08 02:00:00,2021-05-08 02:15:00,15.0,15.0
D1,F2-3,0,9,2021-05-09,96,1.0,True,184.0,44.92907354089478,-139.07092645910524,139.07092645910524,2021-05-09 09:00:00,2021-05-09 11:00:00,120.0,120.0
D1,F2-3,0,10,2021-04-19,96,1.0,True,172.0,192.98248116364255,20.982481163642547,20.982481163642547,2021-04-19 08:45:00,2021-04-19 10:45:00,120.0,120.0
D1,F2-3,0,10,2021-04-20,96,1.0,True,172.0,180.9118295067992,8.911829506799194,8.911829506799194,2021-04-20 08:45:00,2021-04-20 10:30:00,105.0,105.0
D1,F2-3,0,10,2021-04-21,96,1.0,True,174.0,173.45017702110908,-0.5498229788909157,0.5498229788909157,2021-04-21 08:30:00,2021-04-21 13:15:00,285.0,285.0
D1,F2-3,0,10,2021-04-22,96,1.0,True,174.0,174.22581875822408,0.22581875822407937,0.22581875822407937,2021-04-22 08:30:00,2021-04-22 11:15:00,165.0,165.0
D1,F2-3,0,10,2021-04-23,96,1.0,True,174.0,143.131129601929,-30.86887039807101,30.86887039807101,2021-04-23 08:30:00,2021-04-23 11:00:00,150.0,150.0
D1,F2-3,0,10,2021-04-24,96,1.0,True,112.0,112.88290436607552,0.8829043660755218,0.8829043660755218,2021-04-24 06:15:00,2021-04-24 03:30:00,-165.0,165.0
D1,F2-3,0,10,2021-04-25,96,1.0,True,25.0,32.871886422392876,7.871886422392876,7.871886422392876,2021-04-25 01:30:00,2021-04-25 09:00:00,450.0,450.0
D1,F2-3,0,10,2021-05-03,96,1.0,True,184.0,199.6518248164424,15.6518248164424,15.6518248164424,2021-05-03 08:30:00,2021-05-03 10:30:00,120.0,120.0
D1,F2-3,0,10,2021-05-04,96,1.0,True,181.0,174.72217010628538,-6.277829893714625,6.277829893714625,2021-05-04 08:30:00,2021-05-04 08:30:00,0.0,0.0
D1,F2-3,0,10,2021-05-05,96,1.0,True,120.0,180.78962773679228,60.78962773679228,60.78962773679228,2021-05-05 04:15:00,2021-05-05 09:00:00,285.0,285.0
D1,F2-3,0,10,2021-05-06,96,1.0,True,199.0,180.72508996272413,-18.274910037275873,18.274910037275873,2021-05-06 09:00:00,2021-05-06 11:45:00,165.0,165.0
D1,F2-3,0,10,2021-05-07,96,1.0,True,181.0,185.5781033235473,4.57810332354731,4.57810332354731,2021-05-07 09:00:00,2021-05-07 11:15:00,135.0,135.0
D1,F2-3,0,10,2021-05-08,96,1.0,True,115.0,112.48151493673356,-2.5184850632664393,2.5184850632664393,2021-05-08 02:00:00,2021-05-08 02:15:00,15.0,15.0
D1,F2-3,0,10,2021-05-09,96,1.0,True,184.0,179.08758029560937,-4.912419704390629,4.912419704390629,2021-05-09 09:00:00,2021-05-09 15:00:00,360.0,360.0
D1,F2-3,0,11,2021-04-19,96,1.0,True,172.0,186.46409554806027,14.464095548060271,14.464095548060271,2021-04-19 08:45:00,2021-04-19 10:45:00,120.0,120.0
D1,F2-3,0,11,2021-04-20,96,1.0,True,172.0,174.54785467571364,2.547854675713637,2.547854675713637,2021-04-20 08:45:00,2021-04-20 11:45:00,180.0,180.0
D1,F2-3,0,11,2021-04-21,96,1.0,True,174.0,171.20057709133638,-2.7994229086636153,2.7994229086636153,2021-04-21 08:30:00,2021-04-21 11:15:00,165.0,165.0
D1,F2-3,0,11,2021-04-22,96,1.0,True,174.0,172.2900683436284,-1.7099316563715945,1.7099316563715945,2021-04-22 08:30:00,2021-04-22 10:30:00,120.0,120.0
D1,F2-3,0,11,2021-04-23,96,1.0,True,174.0,145.2956812325918,-28.70431876740821,28.70431876740821,2021-04-23 08:30:00,2021-04-23 11:15:00,165.0,165.0
D1,F2-3,0,11,2021-04-24,96,1.0,True,112.0,107.09592581591723,-4.9040741840827735,4.9040741840827735,2021-04-24 06:15:00,2021-04-24 06:15:00,0.0,0.0
D1,F2-3,0,11,2021-04-25,96,1.0,True,25.0,32.0907467295752,7.090746729575201,7.090746729575201,2021-04-25 01:30:00,2021-04-25 08:45:00,435.0,435.0
D1,F2-3,0,11,2021-05-03,96,1.0,True,184.0,203.61894494631332,19.61894494631332,19.61894494631332,2021-05-03 08:30:00,2021-05-03 10:45:00,135.0,135.0
D1,F2-3,0,11,2021-05-04,96,1.0,True,181.0,175.769641263771,-5.230358736228993,5.230358736228993,2021-05-04 08:30:00,2021-05-04 11:30:00,180.0,180.0
D1,F2-3,0,11,2021-05-05,96,1.0,True,120.0,177.06340712328944,57.06340712328944,57.06340712328944,2021-05-05 04:15:00,2021-05-05 09:00:00,285.0,285.0
D1,F2-3,0,11,2021-05-06,96,1.0,True,199.0,181.12398544450764,-17.87601455549236,17.87601455549236,2021-05-06 09:00:00,2021-05-06 11:30:00,150.0,150.0
D1,F2-3,0,11,2021-05-07,96,1.0,True,181.0,181.89257731020376,0.8925773102037624,0.8925773102037624,2021-05-07 09:00:00,2021-05-07 11:30:00,150.0,150.0
D1,F2-3,0,11,2021-05-08,96,1.0,True,115.0,113.8131133965411,-1.1868866034589018,1.1868866034589018,2021-05-08 02:00:00,2021-05-08 08:30:00,390.0,390.0
D1,F2-3,0,11,2021-05-09,96,1.0,True,184.0,166.189071199065,-17.810928800934988,17.810928800934988,2021-05-09 09:00:00,2021-05-09 13:30:00,270.0,270.0
D1,F2-3,0,12,2021-04-19,96,1.0,True,172.0,182.33180516939584,10.331805169395835,10.331805169395835,2021-04-19 08:45:00,2021-04-19 11:00:00,135.0,135.0
D1,F2-3,0,12,2021-04-20,96,1.0,True,172.0,175.60575498900374,3.605754989003742,3.605754989003742,2021-04-20 08:45:00,2021-04-20 11:45:00,180.0,180.0
D1,F2-3,0,12,2021-04-21,96,1.0,True,174.0,165.89615257266388,-8.10384742733612,8.10384742733612,2021-04-21 08:30:00,2021-04-21 13:45:00,315.0,315.0
D1,F2-3,0,12,2021-04-22,96,1.0,True,174.0,173.5753746357323,-0.4246253642677118,0.4246253642677118,2021-04-22 08:30:00,2021-04-22 11:15:00,165.0,165.0
D1,F2-3,0,12,2021-04-23,96,1.0,True,174.0,151.4012947326939,-22.598705267306087,22.598705267306087,2021-04-23 08:30:00,2021-04-23 11:15:00,165.0,165.0
D1,F2-3,0,12,2021-04-24,96,1.0,True,112.0,110.47402977731518,-1.525970222684819,1.525970222684819,2021-04-24 06:15:00,2021-04-24 06:15:00,0.0,0.0
D1,F2-3,0,12,2021-04-25,96,1.0,True,25.0,35.112779624620885,10.112779624620885,10.112779624620885,2021-04-25 01:30:00,2021-04-25 08:45:00,435.0,435.0
D1,F2-3,0,12,2021-05-03,96,1.0,True,184.0,194.51276819381292,10.512768193812917,10.512768193812917,2021-05-03 08:30:00,2021-05-03 10:45:00,135.0,135.0
D1,F2-3,0,12,2021-05-04,96,1.0,True,181.0,176.96608938606036,-4.033910613939639,4.033910613939639,2021-05-04 08:30:00,2021-05-04 08:30:00,0.0,0.0
D1,F2-3,0,12,2021-05-05,96,1.0,True,120.0,180.12084994741363,60.12084994741363,60.12084994741363,2021-05-05 04:15:00,2021-05-05 08:45:00,270.0,270.0
D1,F2-3,0,12,2021-05-06,96,1.0,True,199.0,173.4866060467335,-25.5133939532665,25.5133939532665,2021-05-06 09:00:00,2021-05-06 13:45:00,285.0,285.0
D1,F2-3,0,12,2021-05-07,96,1.0,True,181.0,178.00582225647796,-2.9941777435220445,2.9941777435220445,2021-05-07 09:00:00,2021-05-07 09:15:00,15.0,15.0
D1,F2-3,0,12,2021-05-08,96,1.0,True,115.0,121.41984532354981,6.419845323549808,6.419845323549808,2021-05-08 02:00:00,2021-05-08 08:30:00,390.0,390.0
D1,F2-3,0,12,2021-05-09,96,1.0,True,184.0,169.54238082427796,-14.457619175722044,14.457619175722044,2021-05-09 09:00:00,2021-05-09 12:00:00,180.0,180.0
D1,F2-3,0,13,2021-04-19,96,1.0,True,172.0,179.9690019045796,7.969001904579613,7.969001904579613,2021-04-19 08:45:00,2021-04-19 12:00:00,195.0,195.0
D1,F2-3,0,13,2021-04-20,96,1.0,True,172.0,176.15261470832294,4.152614708322943,4.152614708322943,2021-04-20 08:45:00,2021-04-20 12:00:00,195.0,195.0
D1,F2-3,0,13,2021-04-21,96,1.0,True,174.0,165.2040993293129,-8.795900670687104,8.795900670687104,2021-04-21 08:30:00,2021-04-21 13:45:00,315.0,315.0
D1,F2-3,0,13,2021-04-22,96,1.0,True,174.0,172.9398330475936,-1.060166952406405,1.060166952406405,2021-04-22 08:30:00,2021-04-22 10:45:00,135.0,135.0
D1,F2-3,0,13,2021-04-23,96,1.0,True,174.0,139.24097525765904,-34.759024742340955,34.759024742340955,2021-04-23 08:30:00,2021-04-23 11:15:00,165.0,165.0
D1,F2-3,0,13,2021-04-24,96,1.0,True,112.0,112.22146345582246,0.22146345582245885,0.22146345582245885,2021-04-24 06:15:00,2021-04-24 03:30:00,-165.0,165.0
D1,F2-3,0,13,2021-04-25,96,1.0,True,25.0,34.4598281491392,9.459828149139199,9.459828149139199,2021-04-25 01:30:00,2021-04-25 08:15:00,405.0,405.0
D1,F2-3,0,13,2021-05-03,96,1.0,True,184.0,188.29426390520243,4.294263905202428,4.294263905202428,2021-05-03 08:30:00,2021-05-03 10:45:00,135.0,135.0
D1,F2-3,0,13,2021-05-04,96,1.0,True,181.0,177.6906525135805,-3.3093474864195116,3.3093474864195116,2021-05-04 08:30:00,2021-05-04 10:45:00,135.0,135.0
D1,F2-3,0,13,2021-05-05,96,1.0,True,120.0,176.6879601864959,56.6879601864959,56.6879601864959,2021-05-05 04:15:00,2021-05-05 08:30:00,255.0,255.0
D1,F2-3,0,13,2021-05-06,96,1.0,True,199.0,173.56665845714858,-25.433341542851423,25.433341542851423,2021-05-06 09:00:00,2021-05-06 13:30:00,270.0,270.0
D1,F2-3,0,13,2021-05-07,96,1.0,True,181.0,179.7932222115948,-1.2067777884051907,1.2067777884051907,2021-05-07 09:00:00,2021-05-07 11:15:00,135.0,135.0
D1,F2-3,0,13,2021-05-08,96,1.0,True,115.0,117.40621345293764,2.406213452937635,2.406213452937635,2021-05-08 02:00:00,2021-05-08 09:00:00,420.0,420.0
D1,F2-3,0,13,2021-05-09,96,1.0,True,184.0,174.57956513700057,-9.420434862999429,9.420434862999429,2021-05-09 09:00:00,2021-05-09 12:00:00,180.0,180.0
D1,F2-3,0,14,2021-04-19,96,1.0,True,172.0,185.81065022093094,13.810650220930938,13.810650220930938,2021-04-19 08:45:00,2021-04-19 12:00:00,195.0,195.0
D1,F2-3,0,14,2021-04-20,96,1.0,True,172.0,174.06235514060324,2.0623551406032448,2.0623551406032448,2021-04-20 08:45:00,2021-04-20 15:30:00,405.0,405.0
D1,F2-3,0,14,2021-04-21,96,1.0,True,174.0,168.89261867595323,-5.10738132404677,5.10738132404677,2021-04-21 08:30:00,2021-04-21 13:15:00,285.0,285.0
D1,F2-3,0,14,2021-04-22,96,1.0,True,174.0,172.6871989297572,-1.3128010702428128,1.3128010702428128,2021-04-22 08:30:00,2021-04-22 11:15:00,165.0,165.0
D1,F2-3,0,14,2021-04-23,96,1.0,True,174.0,145.96458664630438,-28.035413353695617,28.035413353695617,2021-04-23 08:30:00,2021-04-23 11:15:00,165.0,165.0
D1,F2-3,0,14,2021-04-24,96,1.0,True,112.0,114.58814294478611,2.5881429447861137,2.5881429447861137,2021-04-24 06:15:00,2021-04-24 06:15:00,0.0,0.0
D1,F2-3,0,14,2021-04-25,96,1.0,True,25.0,34.82698877843162,9.82698877843162,9.82698877843162,2021-04-25 01:30:00,2021-04-25 08:15:00,405.0,405.0
D1,F2-3,0,14,2021-05-03,96,1.0,True,184.0,181.83950008702573,-2.1604999129742737,2.1604999129742737,2021-05-03 08:30:00,2021-05-03 11:30:00,180.0,180.0
D1,F2-3,0,14,2021-05-04,96,1.0,True,181.0,177.94751100910872,-3.052488990891277,3.052488990891277,2021-05-04 08:30:00,2021-05-04 11:00:00,150.0,150.0
D1,F2-3,0,14,2021-05-05,96,1.0,True,120.0,175.8419605837799,55.841960583779894,55.841960583779894,2021-05-05 04:15:00,2021-05-05 08:45:00,270.0,270.0
D1,F2-3,0,14,2021-05-06,96,1.0,True,199.0,177.8316745138386,-21.168325486161393,21.168325486161393,2021-05-06 09:00:00,2021-05-06 13:30:00,270.0,270.0
D1,F2-3,0,14,2021-05-07,96,1.0,True,181.0,180.92163900717247,-0.07836099282752684,0.07836099282752684,2021-05-07 09:00:00,2021-05-07 11:15:00,135.0,135.0
D1,F2-3,0,14,2021-05-08,96,1.0,True,115.0,107.18134157539284,-7.818658424607165,7.818658424607165,2021-05-08 02:00:00,2021-05-08 07:15:00,315.0,315.0
D1,F2-3,0,14,2021-05-09,96,1.0,True,184.0,165.24402177007914,-18.755978229920856,18.755978229920856,2021-05-09 09:00:00,2021-05-09 12:00:00,180.0,180.0
D1,F2-3,0,15,2021-04-19,96,1.0,True,172.0,177.8313021677796,5.831302167779597,5.831302167779597,2021-04-19 08:45:00,2021-04-19 12:00:00,195.0,195.0
D1,F2-3,0,15,2021-04-20,96,1.0,True,172.0,170.4623465799732,-1.5376534200267997,1.5376534200267997,2021-04-20 08:45:00,2021-04-20 13:15:00,270.0,270.0
D1,F2-3,0,15,2021-04-21,96,1.0,True,174.0,166.97723557448475,-7.022764425515248,7.022764425515248,2021-04-21 08:30:00,2021-04-21 14:45:00,375.0,375.0
D1,F2-3,0,15,2021-04-22,96,1.0,True,174.0,168.65551466087842,-5.344485339121576,5.344485339121576,2021-04-22 08:30:00,2021-04-22 12:00:00,210.0,210.0
D1,F2-3,0,15,2021-04-23,96,1.0,True,174.0,148.5808370103611,-25.41916298963889,25.41916298963889,2021-04-23 08:30:00,2021-04-23 14:30:00,360.0,360.0
D1,F2-3,0,15,2021-04-24,96,1.0,True,112.0,113.07008023246941,1.070080232469408,1.070080232469408,2021-04-24 06:15:00,2021-04-24 02:00:00,-255.0,255.0
D1,F2-3,0,15,2021-04-25,96,1.0,True,25.0,33.77926549323831,8.779265493238313,8.779265493238313,2021-04-25 01:30:00,2021-04-25 10:30:00,540.0,540.0
D1,F2-3,0,15,2021-05-03,96,1.0,True,184.0,177.61080314810502,-6.3891968518949795,6.3891968518949795,2021-05-03 08:30:00,2021-05-03 12:00:00,210.0,210.0
D1,F2-3,0,15,2021-05-04,96,1.0,True,181.0,179.46225443778346,-1.5377455622165428,1.5377455622165428,2021-05-04 08:30:00,2021-05-04 11:15:00,165.0,165.0
D1,F2-3,0,15,2021-05-05,96,1.0,True,120.0,174.5586508455442,54.55865084554421,54.55865084554421,2021-05-05 04:15:00,2021-05-05 08:45:00,270.0,270.0
D1,F2-3,0,15,2021-05-06,96,1.0,True,199.0,175.9205535197038,-23.079446480296212,23.079446480296212,2021-05-06 09:00:00,2021-05-06 13:45:00,285.0,285.0
D1,F2-3,0,15,2021-05-07,96,1.0,True,181.0,175.97308255039155,-5.026917449608447,5.026917449608447,2021-05-07 09:00:00,2021-05-07 08:45:00,-15.0,15.0
D1,F2-3,0,15,2021-05-08,96,1.0,True,115.0,109.53770054387954,-5.462299456120462,5.462299456120462,2021-05-08 02:00:00,2021-05-08 06:15:00,255.0,255.0
D1,F2-3,0,15,2021-05-09,96,1.0,True,184.0,163.8804252631445,-20.119574736855498,20.119574736855498,2021-05-09 09:00:00,2021-05-09 14:15:00,315.0,315.0
D1,F2-3,0,16,2021-04-19,96,1.0,True,172.0,188.25289836684456,16.252898366844562,16.252898366844562,2021-04-19 08:45:00,2021-04-19 12:00:00,195.0,195.0
D1,F2-3,0,16,2021-04-20,96,1.0,True,172.0,176.51895587212823,4.518955872128231,4.518955872128231,2021-04-20 08:45:00,2021-04-20 12:00:00,195.0,195.0
D1,F2-3,0,16,2021-04-21,96,1.0,True,174.0,165.25846424362294,-8.741535756377061,8.741535756377061,2021-04-21 08:30:00,2021-04-21 15:30:00,420.0,420.0
D1,F2-3,0,16,2021-04-22,96,1.0,True,174.0,166.73718340850368,-7.262816591496318,7.262816591496318,2021-04-22 08:30:00,2021-04-22 08:30:00,0.0,0.0
D1,F2-3,0,16,2021-04-23,96,1.0,True,174.0,148.2295575766193,-25.7704424233807,25.7704424233807,2021-04-23 08:30:00,2021-04-23 14:30:00,360.0,360.0
D1,F2-3,0,16,2021-04-24,96,1.0,True,112.0,113.22240245260095,1.2224024526009458,1.2224024526009458,2021-04-24 06:15:00,2021-04-24 06:15:00,0.0,0.0
D1,F2-3,0,16,2021-04-25,96,1.0,True,25.0,34.72915441575323,9.729154415753229,9.729154415753229,2021-04-25 01:30:00,2021-04-25 11:15:00,585.0,585.0
D1,F2-3,0,16,2021-05-03,96,1.0,True,184.0,188.9712669061251,4.971266906125095,4.971266906125095,2021-05-03 08:30:00,2021-05-03 12:00:00,210.0,210.0
D1,F2-3,0,16,2021-05-04,96,1.0,True,181.0,185.12386998287832,4.123869982878318,4.123869982878318,2021-05-04 08:30:00,2021-05-04 11:30:00,180.0,180.0
D1,F2-3,0,16,2021-05-05,96,1.0,True,120.0,178.96580140180092,58.96580140180092,58.96580140180092,2021-05-05 04:15:00,2021-05-05 09:00:00,285.0,285.0
D1,F2-3,0,16,2021-05-06,96,1.0,True,199.0,182.9923917879994,-16.007608212000605,16.007608212000605,2021-05-06 09:00:00,2021-05-06 13:45:00,285.0,285.0
D1,F2-3,0,16,2021-05-07,96,1.0,True,181.0,177.49914456853307,-3.500855431466931,3.500855431466931,2021-05-07 09:00:00,2021-05-07 08:45:00,-15.0,15.0
D1,F2-3,0,16,2021-05-08,96,1.0,True,115.0,110.25411258427923,-4.745887415720773,4.745887415720773,2021-05-08 02:00:00,2021-05-08 06:15:00,255.0,255.0
D1,F2-3,0,16,2021-05-09,96,1.0,True,184.0,163.34607807959418,-20.65392192040582,20.65392192040582,2021-05-09 09:00:00,2021-05-09 14:30:00,330.0,330.0
D1,F2-3,1,4,2021-05-31,96,1.0,True,172.0,187.54928337661377,15.549283376613772,15.549283376613772,2021-05-31 10:30:00,2021-05-31 09:00:00,-90.0,90.0
D1,F2-3,1,4,2021-06-01,96,1.0,True,195.0,178.12405557528623,-16.875944424713765,16.875944424713765,2021-06-01 09:00:00,2021-06-01 11:00:00,120.0,120.0
D1,F2-3,1,4,2021-06-02,96,1.0,True,191.0,182.58680350582915,-8.413196494170847,8.413196494170847,2021-06-02 10:45:00,2021-06-02 09:00:00,-105.0,105.0
D1,F2-3,1,4,2021-06-03,96,1.0,True,181.0,175.87390907393674,-5.126090926063256,5.126090926063256,2021-06-03 08:30:00,2021-06-03 10:00:00,90.0,90.0
D1,F2-3,1,4,2021-06-04,96,1.0,True,173.0,171.70581563723508,-1.2941843627649234,1.2941843627649234,2021-06-04 10:45:00,2021-06-04 09:00:00,-105.0,105.0
D1,F2-3,1,4,2021-06-05,96,1.0,True,116.0,107.76485410489914,-8.235145895100857,8.235145895100857,2021-06-05 01:45:00,2021-06-05 06:15:00,270.0,270.0
D1,F2-3,1,4,2021-06-06,96,1.0,True,27.0,28.688340081711946,1.6883400817119458,1.6883400817119458,2021-06-06 01:30:00,2021-06-06 07:45:00,375.0,375.0
D1,F2-3,1,4,2021-06-14,96,1.0,True,204.0,186.43265981074097,-17.567340189259028,17.567340189259028,2021-06-14 09:00:00,2021-06-14 13:45:00,285.0,285.0
D1,F2-3,1,4,2021-06-15,96,1.0,True,198.0,188.14815656189353,-9.85184343810647,9.85184343810647,2021-06-15 08:45:00,2021-06-15 08:30:00,-15.0,15.0
D1,F2-3,1,4,2021-06-16,96,1.0,True,193.0,182.0155412161069,-10.984458783893103,10.984458783893103,2021-06-16 10:45:00,2021-06-16 10:00:00,-45.0,45.0
D1,F2-3,1,4,2021-06-17,96,1.0,True,197.0,186.61501130817166,-10.38498869182834,10.38498869182834,2021-06-17 08:45:00,2021-06-17 09:00:00,15.0,15.0
D1,F2-3,1,4,2021-06-18,96,1.0,True,186.0,176.78486599575072,-9.215134004249279,9.215134004249279,2021-06-18 10:00:00,2021-06-18 11:30:00,90.0,90.0
D1,F2-3,1,4,2021-06-19,96,1.0,True,119.0,110.50225075934745,-8.497749240652553,8.497749240652553,2021-06-19 02:15:00,2021-06-19 03:00:00,45.0,45.0
D1,F2-3,1,4,2021-06-20,96,1.0,True,28.0,28.31810755950054,0.3181075595005396,0.3181075595005396,2021-06-20 15:15:00,2021-06-20 16:15:00,60.0,60.0
D1,F2-3,1,5,2021-05-31,96,1.0,True,172.0,178.8926934739809,6.8926934739808985,6.8926934739808985,2021-05-31 10:30:00,2021-05-31 09:15:00,-75.0,75.0
D1,F2-3,1,5,2021-06-01,96,1.0,True,195.0,179.57571835380938,-15.424281646190622,15.424281646190622,2021-06-01 09:00:00,2021-06-01 08:30:00,-30.0,30.0
D1,F2-3,1,5,2021-06-02,96,1.0,True,191.0,178.77458544852743,-12.225414551472568,12.225414551472568,2021-06-02 10:45:00,2021-06-02 09:00:00,-105.0,105.0
D1,F2-3,1,5,2021-06-03,96,1.0,True,181.0,174.23594317133646,-6.764056828663541,6.764056828663541,2021-06-03 08:30:00,2021-06-03 10:00:00,90.0,90.0
D1,F2-3,1,5,2021-06-04,96,1.0,True,173.0,172.25961662850543,-0.7403833714945733,0.7403833714945733,2021-06-04 10:45:00,2021-06-04 09:00:00,-105.0,105.0
D1,F2-3,1,5,2021-06-05,96,1.0,True,116.0,109.31577844300406,-6.6842215569959365,6.6842215569959365,2021-06-05 01:45:00,2021-06-05 06:15:00,270.0,270.0
D1,F2-3,1,5,2021-06-06,96,1.0,True,27.0,27.19497575095698,0.1949757509569814,0.1949757509569814,2021-06-06 01:30:00,2021-06-06 08:45:00,435.0,435.0
D1,F2-3,1,5,2021-06-14,96,1.0,True,204.0,185.06907628391545,-18.93092371608455,18.93092371608455,2021-06-14 09:00:00,2021-06-14 13:45:00,285.0,285.0
D1,F2-3,1,5,2021-06-15,96,1.0,True,198.0,189.43883045600077,-8.561169543999227,8.561169543999227,2021-06-15 08:45:00,2021-06-15 08:30:00,-15.0,15.0
D1,F2-3,1,5,2021-06-16,96,1.0,True,193.0,177.85109057402536,-15.148909425974637,15.148909425974637,2021-06-16 10:45:00,2021-06-16 08:45:00,-120.0,120.0
D1,F2-3,1,5,2021-06-17,96,1.0,True,197.0,182.67394135141024,-14.326058648589765,14.326058648589765,2021-06-17 08:45:00,2021-06-17 09:00:00,15.0,15.0
D1,F2-3,1,5,2021-06-18,96,1.0,True,186.0,176.30126720495616,-9.698732795043838,9.698732795043838,2021-06-18 10:00:00,2021-06-18 11:15:00,75.0,75.0
D1,F2-3,1,5,2021-06-19,96,1.0,True,119.0,110.57914081876562,-8.420859181234377,8.420859181234377,2021-06-19 02:15:00,2021-06-19 06:15:00,240.0,240.0
D1,F2-3,1,5,2021-06-20,96,1.0,True,28.0,27.564570938805968,-0.43542906119403213,0.43542906119403213,2021-06-20 15:15:00,2021-06-20 08:30:00,-405.0,405.0
D1,F2-3,1,6,2021-05-31,96,1.0,True,172.0,182.47001762417534,10.470017624175341,10.470017624175341,2021-05-31 10:30:00,2021-05-31 09:00:00,-90.0,90.0
D1,F2-3,1,6,2021-06-01,96,1.0,True,195.0,184.23173026208352,-10.768269737916484,10.768269737916484,2021-06-01 09:00:00,2021-06-01 08:45:00,-15.0,15.0
D1,F2-3,1,6,2021-06-02,96,1.0,True,191.0,183.95441606939852,-7.045583930601481,7.045583930601481,2021-06-02 10:45:00,2021-06-02 09:00:00,-105.0,105.0
D1,F2-3,1,6,2021-06-03,96,1.0,True,181.0,174.9863010902029,-6.013698909797114,6.013698909797114,2021-06-03 08:30:00,2021-06-03 10:00:00,90.0,90.0
D1,F2-3,1,6,2021-06-04,96,1.0,True,173.0,174.52993796072445,1.5299379607244532,1.5299379607244532,2021-06-04 10:45:00,2021-06-04 09:00:00,-105.0,105.0
D1,F2-3,1,6,2021-06-05,96,1.0,True,116.0,108.3339885079811,-7.666011492018896,7.666011492018896,2021-06-05 01:45:00,2021-06-05 06:15:00,270.0,270.0
D1,F2-3,1,6,2021-06-06,96,1.0,True,27.0,32.77910721935898,5.779107219358977,5.779107219358977,2021-06-06 01:30:00,2021-06-06 08:30:00,420.0,420.0
D1,F2-3,1,6,2021-06-14,96,1.0,True,204.0,184.66465762178515,-19.335342378214847,19.335342378214847,2021-06-14 09:00:00,2021-06-14 13:45:00,285.0,285.0
D1,F2-3,1,6,2021-06-15,96,1.0,True,198.0,192.29749736458908,-5.702502635410923,5.702502635410923,2021-06-15 08:45:00,2021-06-15 08:45:00,0.0,0.0
D1,F2-3,1,6,2021-06-16,96,1.0,True,193.0,179.49959985337404,-13.500400146625964,13.500400146625964,2021-06-16 10:45:00,2021-06-16 08:45:00,-120.0,120.0
D1,F2-3,1,6,2021-06-17,96,1.0,True,197.0,185.3218552873068,-11.67814471269321,11.67814471269321,2021-06-17 08:45:00,2021-06-17 09:00:00,15.0,15.0
D1,F2-3,1,6,2021-06-18,96,1.0,True,186.0,176.0633859443776,-9.936614055622414,9.936614055622414,2021-06-18 10:00:00,2021-06-18 10:30:00,30.0,30.0
D1,F2-3,1,6,2021-06-19,96,1.0,True,119.0,110.94429885954226,-8.055701140457742,8.055701140457742,2021-06-19 02:15:00,2021-06-19 03:00:00,45.0,45.0
D1,F2-3,1,6,2021-06-20,96,1.0,True,28.0,33.49043962259461,5.490439622594607,5.490439622594607,2021-06-20 15:15:00,2021-06-20 08:30:00,-405.0,405.0
D1,F2-3,1,7,2021-05-31,96,1.0,True,172.0,186.3590674961032,14.359067496103194,14.359067496103194,2021-05-31 10:30:00,2021-05-31 09:00:00,-90.0,90.0
D1,F2-3,1,7,2021-06-01,96,1.0,True,195.0,176.23971531230703,-18.760284687692973,18.760284687692973,2021-06-01 09:00:00,2021-06-01 08:45:00,-15.0,15.0
D1,F2-3,1,7,2021-06-02,96,1.0,True,191.0,176.5645117851705,-14.43548821482949,14.43548821482949,2021-06-02 10:45:00,2021-06-02 09:00:00,-105.0,105.0
D1,F2-3,1,7,2021-06-03,96,1.0,True,181.0,174.6113245758468,-6.388675424153206,6.388675424153206,2021-06-03 08:30:00,2021-06-03 09:00:00,30.0,30.0
D1,F2-3,1,7,2021-06-04,96,1.0,True,173.0,169.94704804880413,-3.0529519511958654,3.0529519511958654,2021-06-04 10:45:00,2021-06-04 09:00:00,-105.0,105.0
D1,F2-3,1,7,2021-06-05,96,1.0,True,116.0,107.72333163253097,-8.276668367469028,8.276668367469028,2021-06-05 01:45:00,2021-06-05 06:15:00,270.0,270.0
D1,F2-3,1,7,2021-06-06,96,1.0,True,27.0,27.331181373052075,0.3311813730520754,0.3311813730520754,2021-06-06 01:30:00,2021-06-06 20:30:00,1140.0,1140.0
D1,F2-3,1,7,2021-06-14,96,1.0,True,204.0,183.01709142530373,-20.982908574696268,20.982908574696268,2021-06-14 09:00:00,2021-06-14 14:00:00,300.0,300.0
D1,F2-3,1,7,2021-06-15,96,1.0,True,198.0,185.3712652055299,-12.628734794470091,12.628734794470091,2021-06-15 08:45:00,2021-06-15 08:45:00,0.0,0.0
D1,F2-3,1,7,2021-06-16,96,1.0,True,193.0,177.85156928020623,-15.148430719793765,15.148430719793765,2021-06-16 10:45:00,2021-06-16 08:45:00,-120.0,120.0
D1,F2-3,1,7,2021-06-17,96,1.0,True,197.0,179.61008311923274,-17.38991688076726,17.38991688076726,2021-06-17 08:45:00,2021-06-17 09:00:00,15.0,15.0
D1,F2-3,1,7,2021-06-18,96,1.0,True,186.0,177.91564195132943,-8.084358048670566,8.084358048670566,2021-06-18 10:00:00,2021-06-18 10:00:00,0.0,0.0
D1,F2-3,1,7,2021-06-19,96,1.0,True,119.0,111.67501013553591,-7.3249898644640865,7.3249898644640865,2021-06-19 02:15:00,2021-06-19 02:00:00,-15.0,15.0
D1,F2-3,1,7,2021-06-20,96,1.0,True,28.0,27.852023147358338,-0.14797685264166205,0.14797685264166205,2021-06-20 15:15:00,2021-06-20 13:00:00,-135.0,135.0
D1,F2-3,1,8,2021-05-31,96,1.0,True,172.0,175.30133812389184,3.3013381238918384,3.3013381238918384,2021-05-31 10:30:00,2021-05-31 09:00:00,-90.0,90.0
D1,F2-3,1,8,2021-06-01,96,1.0,True,195.0,181.76311087758495,-13.23688912241505,13.23688912241505,2021-06-01 09:00:00,2021-06-01 08:45:00,-15.0,15.0
D1,F2-3,1,8,2021-06-02,96,1.0,True,191.0,177.2452938826002,-13.754706117399792,13.754706117399792,2021-06-02 10:45:00,2021-06-02 09:00:00,-105.0,105.0
D1,F2-3,1,8,2021-06-03,96,1.0,True,181.0,176.1438043740902,-4.856195625909805,4.856195625909805,2021-06-03 08:30:00,2021-06-03 09:00:00,30.0,30.0
D1,F2-3,1,8,2021-06-04,96,1.0,True,173.0,170.2268279232338,-2.773172076766201,2.773172076766201,2021-06-04 10:45:00,2021-06-04 09:00:00,-105.0,105.0
D1,F2-3,1,8,2021-06-05,96,1.0,True,116.0,107.773262580734,-8.226737419266001,8.226737419266001,2021-06-05 01:45:00,2021-06-05 06:15:00,270.0,270.0
D1,F2-3,1,8,2021-06-06,96,1.0,True,27.0,33.34572646285628,6.345726462856277,6.345726462856277,2021-06-06 01:30:00,2021-06-06 08:15:00,405.0,405.0
D1,F2-3,1,8,2021-06-14,96,1.0,True,204.0,183.9526120568911,-20.0473879431089,20.0473879431089,2021-06-14 09:00:00,2021-06-14 15:45:00,405.0,405.0
D1,F2-3,1,8,2021-06-15,96,1.0,True,198.0,191.23147861876274,-6.768521381237264,6.768521381237264,2021-06-15 08:45:00,2021-06-15 08:45:00,0.0,0.0
D1,F2-3,1,8,2021-06-16,96,1.0,True,193.0,180.63250763830186,-12.36749236169814,12.36749236169814,2021-06-16 10:45:00,2021-06-16 08:30:00,-135.0,135.0
D1,F2-3,1,8,2021-06-17,96,1.0,True,197.0,184.10252249020084,-12.89747750979916,12.89747750979916,2021-06-17 08:45:00,2021-06-17 08:45:00,0.0,0.0
D1,F2-3,1,8,2021-06-18,96,1.0,True,186.0,177.01771413120784,-8.982285868792161,8.982285868792161,2021-06-18 10:00:00,2021-06-18 10:30:00,30.0,30.0
D1,F2-3,1,8,2021-06-19,96,1.0,True,119.0,111.45983797304429,-7.540162026955713,7.540162026955713,2021-06-19 02:15:00,2021-06-19 01:45:00,-30.0,30.0
D1,F2-3,1,8,2021-06-20,96,1.0,True,28.0,33.66279119886068,5.662791198860681,5.662791198860681,2021-06-20 15:15:00,2021-06-20 08:15:00,-420.0,420.0
D1,F2-3,1,9,2021-05-31,96,1.0,True,172.0,175.45821860244277,3.45821860244277,3.45821860244277,2021-05-31 10:30:00,2021-05-31 09:15:00,-75.0,75.0
D1,F2-3,1,9,2021-06-01,96,1.0,True,195.0,181.93864615988835,-13.06135384011165,13.06135384011165,2021-06-01 09:00:00,2021-06-01 08:45:00,-15.0,15.0
D1,F2-3,1,9,2021-06-02,96,1.0,True,191.0,177.0492297050161,-13.950770294983897,13.950770294983897,2021-06-02 10:45:00,2021-06-02 08:30:00,-135.0,135.0
D1,F2-3,1,9,2021-06-03,96,1.0,True,181.0,174.85348985580686,-6.146510144193144,6.146510144193144,2021-06-03 08:30:00,2021-06-03 09:00:00,30.0,30.0
D1,F2-3,1,9,2021-06-04,96,1.0,True,173.0,173.39051044624028,0.39051044624028464,0.39051044624028464,2021-06-04 10:45:00,2021-06-04 09:00:00,-105.0,105.0
D1,F2-3,1,9,2021-06-05,96,1.0,True,116.0,105.5039219421798,-10.496078057820199,10.496078057820199,2021-06-05 01:45:00,2021-06-05 06:15:00,270.0,270.0
D1,F2-3,1,9,2021-06-06,96,1.0,True,27.0,33.02657006201949,6.026570062019488,6.026570062019488,2021-06-06 01:30:00,2021-06-06 08:30:00,420.0,420.0
D1,F2-3,1,9,2021-06-14,96,1.0,True,204.0,183.69346749219446,-20.306532507805542,20.306532507805542,2021-06-14 09:00:00,2021-06-14 14:00:00,300.0,300.0
D1,F2-3,1,9,2021-06-15,96,1.0,True,198.0,188.61686806253178,-9.383131937468221,9.383131937468221,2021-06-15 08:45:00,2021-06-15 08:45:00,0.0,0.0
D1,F2-3,1,9,2021-06-16,96,1.0,True,193.0,177.15674659705337,-15.84325340294663,15.84325340294663,2021-06-16 10:45:00,2021-06-16 14:00:00,195.0,195.0
D1,F2-3,1,9,2021-06-17,96,1.0,True,197.0,182.8477401070399,-14.152259892960103,14.152259892960103,2021-06-17 08:45:00,2021-06-17 13:45:00,300.0,300.0
D1,F2-3,1,9,2021-06-18,96,1.0,True,186.0,177.56050896771947,-8.439491032280529,8.439491032280529,2021-06-18 10:00:00,2021-06-18 10:30:00,30.0,30.0
D1,F2-3,1,9,2021-06-19,96,1.0,True,119.0,111.96461151276989,-7.035388487230108,7.035388487230108,2021-06-19 02:15:00,2021-06-19 01:45:00,-30.0,30.0
D1,F2-3,1,9,2021-06-20,96,1.0,True,28.0,34.02657006201949,6.026570062019488,6.026570062019488,2021-06-20 15:15:00,2021-06-20 08:30:00,-405.0,405.0
D1,F2-3,1,10,2021-05-31,96,1.0,True,172.0,174.4502944482858,2.4502944482858027,2.4502944482858027,2021-05-31 10:30:00,2021-05-31 10:00:00,-30.0,30.0
D1,F2-3,1,10,2021-06-01,96,1.0,True,195.0,175.79525310486096,-19.20474689513904,19.20474689513904,2021-06-01 09:00:00,2021-06-01 08:45:00,-15.0,15.0
D1,F2-3,1,10,2021-06-02,96,1.0,True,191.0,176.02984920190664,-14.970150798093357,14.970150798093357,2021-06-02 10:45:00,2021-06-02 09:00:00,-105.0,105.0
D1,F2-3,1,10,2021-06-03,96,1.0,True,181.0,174.94824792695232,-6.05175207304768,6.05175207304768,2021-06-03 08:30:00,2021-06-03 10:00:00,90.0,90.0
D1,F2-3,1,10,2021-06-04,96,1.0,True,173.0,168.68994734293986,-4.31005265706014,4.31005265706014,2021-06-04 10:45:00,2021-06-04 09:45:00,-60.0,60.0
D1,F2-3,1,10,2021-06-05,96,1.0,True,116.0,105.81121363916255,-10.188786360837454,10.188786360837454,2021-06-05 01:45:00,2021-06-05 04:15:00,150.0,150.0
D1,F2-3,1,10,2021-06-06,96,1.0,True,27.0,27.00395834867922,0.003958348679219625,0.003958348679219625,2021-06-06 01:30:00,2021-06-06 07:45:00,375.0,375.0
D1,F2-3,1,10,2021-06-14,96,1.0,True,204.0,182.31020987154676,-21.68979012845324,21.68979012845324,2021-06-14 09:00:00,2021-06-14 14:00:00,300.0,300.0
D1,F2-3,1,10,2021-06-15,96,1.0,True,198.0,184.8377054781961,-13.162294521803886,13.162294521803886,2021-06-15 08:45:00,2021-06-15 08:45:00,0.0,0.0
D1,F2-3,1,10,2021-06-16,96,1.0,True,193.0,177.38740997380833,-15.612590026191668,15.612590026191668,2021-06-16 10:45:00,2021-06-16 10:00:00,-45.0,45.0
D1,F2-3,1,10,2021-06-17,96,1.0,True,197.0,181.97927773794288,-15.02072226205712,15.02072226205712,2021-06-17 08:45:00,2021-06-17 11:45:00,180.0,180.0
D1,F2-3,1,10,2021-06-18,96,1.0,True,186.0,177.1041456700912,-8.895854329908786,8.895854329908786,2021-06-18 10:00:00,2021-06-18 10:30:00,30.0,30.0
D1,F2-3,1,10,2021-06-19,96,1.0,True,119.0,112.46325468570855,-6.536745314291451,6.536745314291451,2021-06-19 02:15:00,2021-06-19 02:00:00,-15.0,15.0
D1,F2-3,1,10,2021-06-20,96,1.0,True,28.0,27.557275955250816,-0.44272404474918403,0.44272404474918403,2021-06-20 15:15:00,2021-06-20 13:00:00,-135.0,135.0
D1,F2-3,1,11,2021-05-31,96,1.0,True,172.0,177.57827919861293,5.5782791986129325,5.5782791986129325,2021-05-31 10:30:00,2021-05-31 10:00:00,-30.0,30.0
D1,F2-3,1,11,2021-06-01,96,1.0,True,195.0,174.1900955248279,-20.80990447517209,20.80990447517209,2021-06-01 09:00:00,2021-06-01 09:00:00,0.0,0.0
D1,F2-3,1,11,2021-06-02,96,1.0,True,191.0,177.27104836837813,-13.728951631621868,13.728951631621868,2021-06-02 10:45:00,2021-06-02 09:00:00,-105.0,105.0
D1,F2-3,1,11,2021-06-03,96,1.0,True,181.0,174.02692146069563,-6.9730785393043675,6.9730785393043675,2021-06-03 08:30:00,2021-06-03 10:00:00,90.0,90.0
D1,F2-3,1,11,2021-06-04,96,1.0,True,173.0,171.72732163286915,-1.272678367130851,1.272678367130851,2021-06-04 10:45:00,2021-06-04 09:00:00,-105.0,105.0
D1,F2-3,1,11,2021-06-05,96,1.0,True,116.0,105.07994245707015,-10.920057542929854,10.920057542929854,2021-06-05 01:45:00,2021-06-05 06:15:00,270.0,270.0
D1,F2-3,1,11,2021-06-06,96,1.0,True,27.0,26.63922512628187,-0.36077487371813177,0.36077487371813177,2021-06-06 01:30:00,2021-06-06 23:45:00,1335.0,1335.0
D1,F2-3,1,11,2021-06-14,96,1.0,True,204.0,180.77696089404807,-23.223039105951926,23.223039105951926,2021-06-14 09:00:00,2021-06-14 14:00:00,300.0,300.0
D1,F2-3,1,11,2021-06-15,96,1.0,True,198.0,185.86688876795046,-12.133111232049544,12.133111232049544,2021-06-15 08:45:00,2021-06-15 08:45:00,0.0,0.0
D1,F2-3,1,11,2021-06-16,96,1.0,True,193.0,177.60476911591394,-15.395230884086061,15.395230884086061,2021-06-16 10:45:00,2021-06-16 10:00:00,-45.0,45.0
D1,F2-3,1,11,2021-06-17,96,1.0,True,197.0,179.88078800810888,-17.11921199189112,17.11921199189112,2021-06-17 08:45:00,2021-06-17 12:00:00,195.0,195.0
D1,F2-3,1,11,2021-06-18,96,1.0,True,186.0,177.44589605468371,-8.554103945316285,8.554103945316285,2021-06-18 10:00:00,2021-06-18 10:30:00,30.0,30.0
D1,F2-3,1,11,2021-06-19,96,1.0,True,119.0,111.3158569534922,-7.684143046507799,7.684143046507799,2021-06-19 02:15:00,2021-06-19 02:15:00,0.0,0.0
D1,F2-3,1,11,2021-06-20,96,1.0,True,28.0,27.523584170151604,-0.4764158298483956,0.4764158298483956,2021-06-20 15:15:00,2021-06-20 13:00:00,-135.0,135.0
D1,F2-3,1,12,2021-05-31,96,1.0,True,172.0,181.65729734007988,9.657297340079879,9.657297340079879,2021-05-31 10:30:00,2021-05-31 10:00:00,-30.0,30.0
D1,F2-3,1,12,2021-06-01,96,1.0,True,195.0,171.53750382642014,-23.462496173579865,23.462496173579865,2021-06-01 09:00:00,2021-06-01 11:30:00,150.0,150.0
D1,F2-3,1,12,2021-06-02,96,1.0,True,191.0,172.66079489575998,-18.339205104240023,18.339205104240023,2021-06-02 10:45:00,2021-06-02 14:30:00,225.0,225.0
D1,F2-3,1,12,2021-06-03,96,1.0,True,181.0,174.43192595255977,-6.568074047440234,6.568074047440234,2021-06-03 08:30:00,2021-06-03 10:00:00,90.0,90.0
D1,F2-3,1,12,2021-06-04,96,1.0,True,173.0,169.32599245921745,-3.6740075407825543,3.6740075407825543,2021-06-04 10:45:00,2021-06-04 10:00:00,-45.0,45.0
D1,F2-3,1,12,2021-06-05,96,1.0,True,116.0,106.96211028217105,-9.037889717828946,9.037889717828946,2021-06-05 01:45:00,2021-06-05 06:15:00,270.0,270.0
D1,F2-3,1,12,2021-06-06,96,1.0,True,27.0,30.790358416618886,3.7903584166188864,3.7903584166188864,2021-06-06 01:30:00,2021-06-06 11:00:00,570.0,570.0
D1,F2-3,1,12,2021-06-14,96,1.0,True,204.0,180.66901976463777,-23.330980235362233,23.330980235362233,2021-06-14 09:00:00,2021-06-14 14:00:00,300.0,300.0
D1,F2-3,1,12,2021-06-15,96,1.0,True,198.0,181.21529965176904,-16.784700348230956,16.784700348230956,2021-06-15 08:45:00,2021-06-15 09:15:00,30.0,30.0
D1,F2-3,1,12,2021-06-16,96,1.0,True,193.0,176.8561016608891,-16.143898339110905,16.143898339110905,2021-06-16 10:45:00,2021-06-16 10:00:00,-45.0,45.0
D1,F2-3,1,12,2021-06-17,96,1.0,True,197.0,178.8062344623264,-18.193765537673613,18.193765537673613,2021-06-17 08:45:00,2021-06-17 11:45:00,180.0,180.0
D1,F2-3,1,12,2021-06-18,96,1.0,True,186.0,176.96859576742153,-9.031404232578467,9.031404232578467,2021-06-18 10:00:00,2021-06-18 10:45:00,45.0,45.0
D1,F2-3,1,12,2021-06-19,96,1.0,True,119.0,112.55007692451456,-6.449923075485444,6.449923075485444,2021-06-19 02:15:00,2021-06-19 06:00:00,225.0,225.0
D1,F2-3,1,12,2021-06-20,96,1.0,True,28.0,28.547968034646523,0.547968034646523,0.547968034646523,2021-06-20 15:15:00,2021-06-20 09:45:00,-330.0,330.0
D1,F2-3,1,13,2021-05-31,96,1.0,True,172.0,176.29457463637812,4.294574636378115,4.294574636378115,2021-05-31 10:30:00,2021-05-31 10:00:00,-30.0,30.0
D1,F2-3,1,13,2021-06-01,96,1.0,True,195.0,171.486072105324,-23.513927894675987,23.513927894675987,2021-06-01 09:00:00,2021-06-01 14:45:00,345.0,345.0
D1,F2-3,1,13,2021-06-02,96,1.0,True,191.0,173.54711188270693,-17.45288811729307,17.45288811729307,2021-06-02 10:45:00,2021-06-02 11:00:00,15.0,15.0
D1,F2-3,1,13,2021-06-03,96,1.0,True,181.0,174.09965641323743,-6.900343586762574,6.900343586762574,2021-06-03 08:30:00,2021-06-03 10:00:00,90.0,90.0
D1,F2-3,1,13,2021-06-04,96,1.0,True,173.0,167.71470432576854,-5.285295674231463,5.285295674231463,2021-06-04 10:45:00,2021-06-04 09:45:00,-60.0,60.0
D1,F2-3,1,13,2021-06-05,96,1.0,True,116.0,104.63363813701827,-11.366361862981734,11.366361862981734,2021-06-05 01:45:00,2021-06-05 06:15:00,270.0,270.0
D1,F2-3,1,13,2021-06-06,96,1.0,True,27.0,28.242416250992274,1.2424162509922745,1.2424162509922745,2021-06-06 01:30:00,2021-06-06 11:00:00,570.0,570.0
D1,F2-3,1,13,2021-06-14,96,1.0,True,204.0,181.44124276975464,-22.558757230245362,22.558757230245362,2021-06-14 09:00:00,2021-06-14 09:15:00,15.0,15.0
D1,F2-3,1,13,2021-06-15,96,1.0,True,198.0,183.51241509142133,-14.487584908578668,14.487584908578668,2021-06-15 08:45:00,2021-06-15 08:45:00,0.0,0.0
D1,F2-3,1,13,2021-06-16,96,1.0,True,193.0,177.3657836395426,-15.634216360457401,15.634216360457401,2021-06-16 10:45:00,2021-06-16 10:00:00,-45.0,45.0
D1,F2-3,1,13,2021-06-17,96,1.0,True,197.0,177.98516559119034,-19.014834408809662,19.014834408809662,2021-06-17 08:45:00,2021-06-17 12:00:00,195.0,195.0
D1,F2-3,1,13,2021-06-18,96,1.0,True,186.0,177.3335746035939,-8.666425396406112,8.666425396406112,2021-06-18 10:00:00,2021-06-18 11:30:00,90.0,90.0
D1,F2-3,1,13,2021-06-19,96,1.0,True,119.0,112.32590985318467,-6.674090146815331,6.674090146815331,2021-06-19 02:15:00,2021-06-19 01:45:00,-30.0,30.0
D1,F2-3,1,13,2021-06-20,96,1.0,True,28.0,28.689866998220033,0.6898669982200332,0.6898669982200332,2021-06-20 15:15:00,2021-06-20 09:45:00,-330.0,330.0
D1,F2-3,1,14,2021-05-31,96,1.0,True,172.0,176.48370443842373,4.483704438423729,4.483704438423729,2021-05-31 10:30:00,2021-05-31 10:30:00,0.0,0.0
D1,F2-3,1,14,2021-06-01,96,1.0,True,195.0,172.6509204804081,-22.349079519591896,22.349079519591896,2021-06-01 09:00:00,2021-06-01 14:45:00,345.0,345.0
D1,F2-3,1,14,2021-06-02,96,1.0,True,191.0,173.59570895732287,-17.40429104267713,17.40429104267713,2021-06-02 10:45:00,2021-06-02 14:30:00,225.0,225.0
D1,F2-3,1,14,2021-06-03,96,1.0,True,181.0,174.0597656201134,-6.94023437988659,6.94023437988659,2021-06-03 08:30:00,2021-06-03 10:00:00,90.0,90.0
D1,F2-3,1,14,2021-06-04,96,1.0,True,173.0,167.464343958939,-5.535656041061003,5.535656041061003,2021-06-04 10:45:00,2021-06-04 09:00:00,-105.0,105.0
D1,F2-3,1,14,2021-06-05,96,1.0,True,116.0,103.76448353129662,-12.23551646870338,12.23551646870338,2021-06-05 01:45:00,2021-06-05 06:15:00,270.0,270.0
D1,F2-3,1,14,2021-06-06,96,1.0,True,27.0,30.27635252215147,3.2763525221514698,3.2763525221514698,2021-06-06 01:30:00,2021-06-06 11:00:00,570.0,570.0
D1,F2-3,1,14,2021-06-14,96,1.0,True,204.0,186.98900117785888,-17.01099882214112,17.01099882214112,2021-06-14 09:00:00,2021-06-14 09:00:00,0.0,0.0
D1,F2-3,1,14,2021-06-15,96,1.0,True,198.0,187.0079390762573,-10.992060923742713,10.992060923742713,2021-06-15 08:45:00,2021-06-15 08:45:00,0.0,0.0
D1,F2-3,1,14,2021-06-16,96,1.0,True,193.0,176.79223663297861,-16.207763367021386,16.207763367021386,2021-06-16 10:45:00,2021-06-16 10:00:00,-45.0,45.0
D1,F2-3,1,14,2021-06-17,96,1.0,True,197.0,179.80072855932323,-17.199271440676767,17.199271440676767,2021-06-17 08:45:00,2021-06-17 15:00:00,375.0,375.0
D1,F2-3,1,14,2021-06-18,96,1.0,True,186.0,177.5074190856585,-8.492580914341488,8.492580914341488,2021-06-18 10:00:00,2021-06-18 11:30:00,90.0,90.0
D1,F2-3,1,14,2021-06-19,96,1.0,True,119.0,114.41688175008802,-4.583118249911976,4.583118249911976,2021-06-19 02:15:00,2021-06-19 06:00:00,225.0,225.0
D1,F2-3,1,14,2021-06-20,96,1.0,True,28.0,27.547130967764907,-0.45286903223509256,0.45286903223509256,2021-06-20 15:15:00,2021-06-20 02:45:00,-750.0,750.0
D1,F2-3,1,15,2021-05-31,96,1.0,True,172.0,167.2137302279309,-4.78626977206909,4.78626977206909,2021-05-31 10:30:00,2021-05-31 12:00:00,90.0,90.0
D1,F2-3,1,15,2021-06-01,96,1.0,True,195.0,169.96956275189623,-25.030437248103766,25.030437248103766,2021-06-01 09:00:00,2021-06-01 14:45:00,345.0,345.0
D1,F2-3,1,15,2021-06-02,96,1.0,True,191.0,172.13811135844819,-18.861888641551815,18.861888641551815,2021-06-02 10:45:00,2021-06-02 09:00:00,-105.0,105.0
D1,F2-3,1,15,2021-06-03,96,1.0,True,181.0,172.46100111186578,-8.538998888134216,8.538998888134216,2021-06-03 08:30:00,2021-06-03 10:00:00,90.0,90.0
D1,F2-3,1,15,2021-06-04,96,1.0,True,173.0,169.13867975696195,-3.861320243038051,3.861320243038051,2021-06-04 10:45:00,2021-06-04 08:30:00,-135.0,135.0
D1,F2-3,1,15,2021-06-05,96,1.0,True,116.0,105.52681103911684,-10.473188960883164,10.473188960883164,2021-06-05 01:45:00,2021-06-05 06:15:00,270.0,270.0
D1,F2-3,1,15,2021-06-06,96,1.0,True,27.0,27.881619971827565,0.8816199718275648,0.8816199718275648,2021-06-06 01:30:00,2021-06-06 11:00:00,570.0,570.0
D1,F2-3,1,15,2021-06-14,96,1.0,True,204.0,182.82968858156786,-21.170311418432135,21.170311418432135,2021-06-14 09:00:00,2021-06-14 08:45:00,-15.0,15.0
D1,F2-3,1,15,2021-06-15,96,1.0,True,198.0,176.54674600169736,-21.453253998302642,21.453253998302642,2021-06-15 08:45:00,2021-06-15 13:30:00,285.0,285.0
D1,F2-3,1,15,2021-06-16,96,1.0,True,193.0,175.77300192358703,-17.22699807641297,17.22699807641297,2021-06-16 10:45:00,2021-06-16 14:00:00,195.0,195.0
D1,F2-3,1,15,2021-06-17,96,1.0,True,197.0,176.53128371070483,-20.468716289295173,20.468716289295173,2021-06-17 08:45:00,2021-06-17 15:00:00,375.0,375.0
D1,F2-3,1,15,2021-06-18,96,1.0,True,186.0,175.89477874361563,-10.105221256384368,10.105221256384368,2021-06-18 10:00:00,2021-06-18 11:30:00,90.0,90.0
D1,F2-3,1,15,2021-06-19,96,1.0,True,119.0,112.46856117224162,-6.531438827758379,6.531438827758379,2021-06-19 02:15:00,2021-06-19 01:45:00,-30.0,30.0
D1,F2-3,1,15,2021-06-20,96,1.0,True,28.0,28.183014580634943,0.1830145806349428,0.1830145806349428,2021-06-20 15:15:00,2021-06-20 02:45:00,-750.0,750.0
D1,F2-3,1,16,2021-05-31,96,1.0,True,172.0,166.03188303746757,-5.968116962532434,5.968116962532434,2021-05-31 10:30:00,2021-05-31 12:00:00,90.0,90.0
D1,F2-3,1,16,2021-06-01,96,1.0,True,195.0,169.78527542332188,-25.214724576678123,25.214724576678123,2021-06-01 09:00:00,2021-06-01 08:30:00,-30.0,30.0
D1,F2-3,1,16,2021-06-02,96,1.0,True,191.0,170.5879045669941,-20.412095433005902,20.412095433005902,2021-06-02 10:45:00,2021-06-02 09:00:00,-105.0,105.0
D1,F2-3,1,16,2021-06-03,96,1.0,True,181.0,171.0339618096185,-9.96603819038151,9.96603819038151,2021-06-03 08:30:00,2021-06-03 13:45:00,315.0,315.0
D1,F2-3,1,16,2021-06-04,96,1.0,True,173.0,162.42567159512691,-10.574328404873086,10.574328404873086,2021-06-04 10:45:00,2021-06-04 08:30:00,-135.0,135.0
D1,F2-3,1,16,2021-06-05,96,1.0,True,116.0,108.50412502156726,-7.495874978432738,7.495874978432738,2021-06-05 01:45:00,2021-06-05 06:15:00,270.0,270.0
D1,F2-3,1,16,2021-06-06,96,1.0,True,27.0,27.597011208368976,0.5970112083689756,0.5970112083689756,2021-06-06 01:30:00,2021-06-06 00:45:00,-45.0,45.0
D1,F2-3,1,16,2021-06-14,96,1.0,True,204.0,181.37357186980148,-22.62642813019852,22.62642813019852,2021-06-14 09:00:00,2021-06-14 08:45:00,-15.0,15.0
D1,F2-3,1,16,2021-06-15,96,1.0,True,198.0,175.49095027930656,-22.50904972069344,22.50904972069344,2021-06-15 08:45:00,2021-06-15 13:30:00,285.0,285.0
D1,F2-3,1,16,2021-06-16,96,1.0,True,193.0,174.81203127837915,-18.187968721620848,18.187968721620848,2021-06-16 10:45:00,2021-06-16 14:00:00,195.0,195.0
D1,F2-3,1,16,2021-06-17,96,1.0,True,197.0,175.05626799171517,-21.943732008284826,21.943732008284826,2021-06-17 08:45:00,2021-06-17 15:00:00,375.0,375.0
D1,F2-3,1,16,2021-06-18,96,1.0,True,186.0,174.591747586222,-11.408252413778001,11.408252413778001,2021-06-18 10:00:00,2021-06-18 08:30:00,-90.0,90.0
D1,F2-3,1,16,2021-06-19,96,1.0,True,119.0,111.94955697462885,-7.050443025371152,7.050443025371152,2021-06-19 02:15:00,2021-06-19 06:00:00,225.0,225.0
D1,F2-3,1,16,2021-06-20,96,1.0,True,28.0,28.597011208368976,0.5970112083689756,0.5970112083689756,2021-06-20 15:15:00,2021-06-20 02:45:00,-750.0,750.0
D1,F2-3,2,4,2021-07-12,96,1.0,True,198.0,188.27752045393834,-9.722479546061663,9.722479546061663,2021-07-12 08:45:00,2021-07-12 09:30:00,45.0,45.0
D1,F2-3,2,4,2021-07-13,1,0.010416666666666666,False,79.0,95.53176776118141,16.531767761181413,16.531767761181413,2021-07-13 00:00:00,2021-07-13 00:00:00,0.0,0.0
D1,F2-3,2,4,2021-07-17,80,0.8333333333333334,False,108.0,110.87135204349823,2.8713520434982343,2.8713520434982343,2021-07-17 06:00:00,2021-07-17 04:00:00,-120.0,120.0
D1,F2-3,2,4,2021-07-18,84,0.875,False,28.0,46.73847848327309,18.73847848327309,18.73847848327309,2021-07-18 04:30:00,2021-07-18 08:15:00,225.0,225.0
D1,F2-3,2,4,2021-07-26,84,0.875,False,217.0,210.3391252936083,-6.660874706391695,6.660874706391695,2021-07-26 08:30:00,2021-07-26 11:30:00,180.0,180.0
D1,F2-3,2,4,2021-07-27,84,0.875,False,211.0,189.3020476165429,-21.697952383457107,21.697952383457107,2021-07-27 11:45:00,2021-07-27 10:00:00,-105.0,105.0
D1,F2-3,2,4,2021-07-28,84,0.875,False,212.0,200.36165066569217,-11.638349334307833,11.638349334307833,2021-07-28 12:00:00,2021-07-28 10:00:00,-120.0,120.0
D1,F2-3,2,4,2021-07-29,84,0.875,False,211.0,191.28812919843682,-19.71187080156318,19.71187080156318,2021-07-29 12:00:00,2021-07-29 13:30:00,90.0,90.0
D1,F2-3,2,4,2021-07-30,85,0.8854166666666666,False,212.0,186.2401187309073,-25.759881269092688,25.759881269092688,2021-07-30 12:00:00,2021-07-30 13:45:00,105.0,105.0
D1,F2-3,2,4,2021-07-31,96,1.0,True,80.0,92.48488758240707,12.484887582407069,12.484887582407069,2021-07-31 00:00:00,2021-07-31 00:00:00,0.0,0.0
D1,F2-3,2,4,2021-08-01,96,1.0,True,28.0,36.611110836616,8.611110836616,8.611110836616,2021-08-01 09:00:00,2021-08-01 11:00:00,120.0,120.0
D1,F2-3,2,4,2021-08-09,39,0.40625,False,215.0,130.65558400685728,-84.34441599314272,84.34441599314272,2021-08-09 08:45:00,2021-08-09 09:00:00,15.0,15.0
D1,F2-3,2,5,2021-07-12,96,1.0,True,198.0,185.7928306617973,-12.207169338202704,12.207169338202704,2021-07-12 08:45:00,2021-07-12 09:00:00,15.0,15.0
D1,F2-3,2,5,2021-07-13,1,0.010416666666666666,False,79.0,93.79178654936177,14.791786549361774,14.791786549361774,2021-07-13 00:00:00,2021-07-13 00:00:00,0.0,0.0
D1,F2-3,2,5,2021-07-17,79,0.8229166666666666,False,108.0,110.87511140177432,2.875111401774319,2.875111401774319,2021-07-17 06:00:00,2021-07-17 04:15:00,-105.0,105.0
D1,F2-3,2,5,2021-07-18,84,0.875,False,28.0,52.91033231019736,24.91033231019736,24.91033231019736,2021-07-18 04:30:00,2021-07-18 08:15:00,225.0,225.0
D1,F2-3,2,5,2021-07-26,84,0.875,False,217.0,205.5261636415167,-11.473836358483311,11.473836358483311,2021-07-26 08:30:00,2021-07-26 11:30:00,180.0,180.0
D1,F2-3,2,5,2021-07-27,84,0.875,False,211.0,187.9686118104761,-23.03138818952391,23.03138818952391,2021-07-27 11:45:00,2021-07-27 10:00:00,-105.0,105.0
D1,F2-3,2,5,2021-07-28,84,0.875,False,212.0,198.31643187010664,-13.68356812989336,13.68356812989336,2021-07-28 12:00:00,2021-07-28 10:00:00,-120.0,120.0
D1,F2-3,2,5,2021-07-29,84,0.875,False,211.0,193.0088373196563,-17.991162680343706,17.991162680343706,2021-07-29 12:00:00,2021-07-29 08:30:00,-210.0,210.0
D1,F2-3,2,5,2021-07-30,85,0.8854166666666666,False,212.0,183.64648279671403,-28.353517203285975,28.353517203285975,2021-07-30 12:00:00,2021-07-30 13:45:00,105.0,105.0
D1,F2-3,2,5,2021-07-31,96,1.0,True,80.0,95.37612184490601,15.37612184490601,15.37612184490601,2021-07-31 00:00:00,2021-07-31 01:15:00,75.0,75.0
D1,F2-3,2,5,2021-08-01,96,1.0,True,28.0,32.55416179240033,4.554161792400329,4.554161792400329,2021-08-01 09:00:00,2021-08-01 11:30:00,150.0,150.0
D1,F2-3,2,5,2021-08-09,39,0.40625,False,215.0,153.99213824256827,-61.007861757431726,61.007861757431726,2021-08-09 08:45:00,2021-08-09 09:00:00,15.0,15.0
D1,F2-3,2,6,2021-07-12,96,1.0,True,198.0,194.09578562259907,-3.9042143774009332,3.9042143774009332,2021-07-12 08:45:00,2021-07-12 08:45:00,0.0,0.0
D1,F2-3,2,6,2021-07-13,1,0.010416666666666666,False,79.0,88.10386132500442,9.103861325004416,9.103861325004416,2021-07-13 00:00:00,2021-07-13 00:00:00,0.0,0.0
D1,F2-3,2,6,2021-07-17,78,0.8125,False,108.0,107.82756678922709,-0.1724332107729083,0.1724332107729083,2021-07-17 06:00:00,2021-07-17 06:15:00,15.0,15.0
D1,F2-3,2,6,2021-07-18,84,0.875,False,28.0,56.80091585482689,28.80091585482689,28.80091585482689,2021-07-18 01:15:00,2021-07-18 08:30:00,435.0,435.0
D1,F2-3,2,6,2021-07-26,84,0.875,False,217.0,209.17458819438716,-7.825411805612845,7.825411805612845,2021-07-26 08:30:00,2021-07-26 11:30:00,180.0,180.0
D1,F2-3,2,6,2021-07-27,84,0.875,False,211.0,186.3230744494804,-24.6769255505196,24.6769255505196,2021-07-27 11:45:00,2021-07-27 15:00:00,195.0,195.0
D1,F2-3,2,6,2021-07-28,84,0.875,False,212.0,196.20902779829083,-15.790972201709167,15.790972201709167,2021-07-28 12:00:00,2021-07-28 10:00:00,-120.0,120.0
D1,F2-3,2,6,2021-07-29,84,0.875,False,211.0,194.44948797936803,-16.55051202063197,16.55051202063197,2021-07-29 12:00:00,2021-07-29 08:30:00,-210.0,210.0
D1,F2-3,2,6,2021-07-30,85,0.8854166666666666,False,212.0,184.96226931670486,-27.037730683295138,27.037730683295138,2021-07-30 12:00:00,2021-07-30 14:45:00,165.0,165.0
D1,F2-3,2,6,2021-07-31,96,1.0,True,80.0,97.6715074997612,17.671507499761205,17.671507499761205,2021-07-31 00:00:00,2021-07-31 01:15:00,75.0,75.0
D1,F2-3,2,6,2021-08-01,96,1.0,True,28.0,40.9607758146237,12.960775814623702,12.960775814623702,2021-08-01 09:00:00,2021-08-01 11:45:00,165.0,165.0
D1,F2-3,2,6,2021-08-09,39,0.40625,False,215.0,137.45009483083535,-77.54990516916465,77.54990516916465,2021-08-09 08:45:00,2021-08-09 09:15:00,30.0,30.0
D1,F2-3,2,7,2021-07-12,96,1.0,True,198.0,189.65166256925875,-8.348337430741253,8.348337430741253,2021-07-12 08:45:00,2021-07-12 09:00:00,15.0,15.0
D1,F2-3,2,7,2021-07-13,1,0.010416666666666666,False,79.0,89.15975823877582,10.159758238775822,10.159758238775822,2021-07-13 00:00:00,2021-07-13 00:00:00,0.0,0.0
D1,F2-3,2,7,2021-07-17,77,0.8020833333333334,False,108.0,105.44825344465781,-2.5517465553421914,2.5517465553421914,2021-07-17 06:00:00,2021-07-17 04:45:00,-75.0,75.0
D1,F2-3,2,7,2021-07-18,84,0.875,False,28.0,48.0130529032221,20.013052903222103,20.013052903222103,2021-07-18 01:15:00,2021-07-18 08:30:00,435.0,435.0
D1,F2-3,2,7,2021-07-26,84,0.875,False,217.0,212.58172314327456,-4.418276856725441,4.418276856725441,2021-07-26 08:30:00,2021-07-26 11:30:00,180.0,180.0
D1,F2-3,2,7,2021-07-27,84,0.875,False,211.0,187.49562802107812,-23.50437197892188,23.50437197892188,2021-07-27 11:45:00,2021-07-27 10:30:00,-75.0,75.0
D1,F2-3,2,7,2021-07-28,84,0.875,False,212.0,198.8102366985665,-13.189763301433487,13.189763301433487,2021-07-28 12:00:00,2021-07-28 10:00:00,-120.0,120.0
D1,F2-3,2,7,2021-07-29,84,0.875,False,211.0,194.77800512112293,-16.22199487887707,16.22199487887707,2021-07-29 12:00:00,2021-07-29 08:30:00,-210.0,210.0
D1,F2-3,2,7,2021-07-30,85,0.8854166666666666,False,212.0,179.17474007044373,-32.82525992955627,32.82525992955627,2021-07-30 12:00:00,2021-07-30 14:15:00,135.0,135.0
D1,F2-3,2,7,2021-07-31,96,1.0,True,80.0,108.52701306162105,28.527013061621048,28.527013061621048,2021-07-31 00:00:00,2021-07-31 01:45:00,105.0,105.0
D1,F2-3,2,7,2021-08-01,96,1.0,True,28.0,44.063148446412356,16.063148446412356,16.063148446412356,2021-08-01 09:00:00,2021-08-01 11:00:00,120.0,120.0
D1,F2-3,2,7,2021-08-09,39,0.40625,False,215.0,131.60019878556756,-83.39980121443244,83.39980121443244,2021-08-09 08:45:00,2021-08-09 09:30:00,45.0,45.0
D1,F2-3,2,8,2021-07-12,96,1.0,True,198.0,193.1996464409218,-4.800353559078189,4.800353559078189,2021-07-12 08:45:00,2021-07-12 10:30:00,105.0,105.0
D1,F2-3,2,8,2021-07-13,1,0.010416666666666666,False,79.0,89.90823102531057,10.90823102531057,10.90823102531057,2021-07-13 00:00:00,2021-07-13 00:00:00,0.0,0.0
D1,F2-3,2,8,2021-07-17,76,0.7916666666666666,False,108.0,107.53151899827422,-0.46848100172577745,0.46848100172577745,2021-07-17 06:00:00,2021-07-17 06:15:00,15.0,15.0
D1,F2-3,2,8,2021-07-18,84,0.875,False,28.0,36.73456324643645,8.734563246436451,8.734563246436451,2021-07-18 01:15:00,2021-07-18 09:15:00,480.0,480.0
D1,F2-3,2,8,2021-07-26,84,0.875,False,217.0,213.250221122218,-3.7497788777820062,3.7497788777820062,2021-07-26 08:30:00,2021-07-26 11:30:00,180.0,180.0
D1,F2-3,2,8,2021-07-27,84,0.875,False,211.0,187.73673491495282,-23.26326508504718,23.26326508504718,2021-07-27 11:45:00,2021-07-27 11:00:00,-45.0,45.0
D1,F2-3,2,8,2021-07-28,84,0.875,False,212.0,192.00989287033508,-19.99010712966492,19.99010712966492,2021-07-28 12:00:00,2021-07-28 10:00:00,-120.0,120.0
D1,F2-3,2,8,2021-07-29,84,0.875,False,211.0,195.80794736612512,-15.19205263387488,15.19205263387488,2021-07-29 12:00:00,2021-07-29 08:30:00,-210.0,210.0
D1,F2-3,2,8,2021-07-30,85,0.8854166666666666,False,212.0,177.58716408812126,-34.412835911878744,34.412835911878744,2021-07-30 12:00:00,2021-07-30 16:00:00,240.0,240.0
D1,F2-3,2,8,2021-07-31,96,1.0,True,80.0,110.95317542348374,30.953175423483742,30.953175423483742,2021-07-31 00:00:00,2021-07-31 01:45:00,105.0,105.0
D1,F2-3,2,8,2021-08-01,96,1.0,True,28.0,35.799838625702236,7.799838625702236,7.799838625702236,2021-08-01 09:00:00,2021-08-01 11:45:00,165.0,165.0
D1,F2-3,2,8,2021-08-09,39,0.40625,False,215.0,69.6582221786889,-145.3417778213111,145.3417778213111,2021-08-09 08:45:00,2021-08-09 00:00:00,-525.0,525.0
D1,F2-3,2,9,2021-07-12,96,1.0,True,198.0,188.18245468230248,-9.817545317697522,9.817545317697522,2021-07-12 08:45:00,2021-07-12 10:45:00,120.0,120.0
D1,F2-3,2,9,2021-07-13,1,0.010416666666666666,False,79.0,91.51234237361582,12.512342373615823,12.512342373615823,2021-07-13 00:00:00,2021-07-13 00:00:00,0.0,0.0
D1,F2-3,2,9,2021-07-17,75,0.78125,False,108.0,108.26144027429385,0.26144027429384664,0.26144027429384664,2021-07-17 06:00:00,2021-07-17 07:15:00,75.0,75.0
D1,F2-3,2,9,2021-07-18,84,0.875,False,28.0,36.72535369620328,8.725353696203278,8.725353696203278,2021-07-18 01:15:00,2021-07-18 08:30:00,435.0,435.0
D1,F2-3,2,9,2021-07-26,84,0.875,False,217.0,213.59572635592508,-3.4042736440749195,3.4042736440749195,2021-07-26 08:30:00,2021-07-26 11:30:00,180.0,180.0
D1,F2-3,2,9,2021-07-27,84,0.875,False,211.0,187.1148805005223,-23.885119499477696,23.885119499477696,2021-07-27 11:45:00,2021-07-27 11:00:00,-45.0,45.0
D1,F2-3,2,9,2021-07-28,84,0.875,False,212.0,195.1641845451178,-16.83581545488221,16.83581545488221,2021-07-28 12:00:00,2021-07-28 10:00:00,-120.0,120.0
D1,F2-3,2,9,2021-07-29,84,0.875,False,211.0,190.24915954073418,-20.750840459265817,20.750840459265817,2021-07-29 12:00:00,2021-07-29 08:30:00,-210.0,210.0
D1,F2-3,2,9,2021-07-30,85,0.8854166666666666,False,212.0,181.95849653609412,-30.041503463905883,30.041503463905883,2021-07-30 12:00:00,2021-07-30 16:00:00,240.0,240.0
D1,F2-3,2,9,2021-07-31,96,1.0,True,80.0,108.59292688174641,28.592926881746408,28.592926881746408,2021-07-31 00:00:00,2021-07-31 01:45:00,105.0,105.0
D1,F2-3,2,9,2021-08-01,96,1.0,True,28.0,29.743657615405006,1.7436576154050059,1.7436576154050059,2021-08-01 09:00:00,2021-08-01 12:00:00,180.0,180.0
D1,F2-3,2,9,2021-08-09,39,0.40625,False,215.0,74.22501997352556,-140.77498002647445,140.77498002647445,2021-08-09 08:45:00,2021-08-09 00:00:00,-525.0,525.0
D1,F2-3,2,10,2021-07-12,96,1.0,True,198.0,188.13613414153377,-9.863865858466227,9.863865858466227,2021-07-12 08:45:00,2021-07-12 11:00:00,135.0,135.0
D1,F2-3,2,10,2021-07-13,1,0.010416666666666666,False,79.0,94.77410808687327,15.77410808687327,15.77410808687327,2021-07-13 00:00:00,2021-07-13 00:00:00,0.0,0.0
D1,F2-3,2,10,2021-07-17,74,0.7708333333333334,False,108.0,107.80650881982262,-0.1934911801773751,0.1934911801773751,2021-07-17 06:00:00,2021-07-17 07:15:00,75.0,75.0
D1,F2-3,2,10,2021-07-18,84,0.875,False,28.0,41.89338342193006,13.89338342193006,13.89338342193006,2021-07-18 01:15:00,2021-07-18 08:30:00,435.0,435.0
D1,F2-3,2,10,2021-07-26,84,0.875,False,217.0,218.34211108012244,1.3421110801224359,1.3421110801224359,2021-07-26 08:30:00,2021-07-26 11:30:00,180.0,180.0
D1,F2-3,2,10,2021-07-27,84,0.875,False,211.0,185.19819214050182,-25.801807859498183,25.801807859498183,2021-07-27 11:45:00,2021-07-27 11:00:00,-45.0,45.0
D1,F2-3,2,10,2021-07-28,84,0.875,False,212.0,189.76816266483692,-22.23183733516308,22.23183733516308,2021-07-28 12:00:00,2021-07-28 10:00:00,-120.0,120.0
D1,F2-3,2,10,2021-07-29,84,0.875,False,211.0,196.04140555017153,-14.958594449828468,14.958594449828468,2021-07-29 12:00:00,2021-07-29 08:30:00,-210.0,210.0
D1,F2-3,2,10,2021-07-30,85,0.8854166666666666,False,212.0,181.435692357538,-30.564307642462012,30.564307642462012,2021-07-30 12:00:00,2021-07-30 16:00:00,240.0,240.0
D1,F2-3,2,10,2021-07-31,96,1.0,True,80.0,107.4554106329192,27.455410632919197,27.455410632919197,2021-07-31 00:00:00,2021-07-31 02:15:00,135.0,135.0
D1,F2-3,2,10,2021-08-01,96,1.0,True,28.0,32.91491649487635,4.914916494876351,4.914916494876351,2021-08-01 09:00:00,2021-08-01 11:45:00,165.0,165.0
D1,F2-3,2,10,2021-08-09,39,0.40625,False,215.0,67.91347884894611,-147.0865211510539,147.0865211510539,2021-08-09 08:45:00,2021-08-09 00:00:00,-525.0,525.0
D1,F2-3,2,11,2021-07-12,96,1.0,True,198.0,184.31992817205037,-13.680071827949632,13.680071827949632,2021-07-12 08:45:00,2021-07-12 08:45:00,0.0,0.0
D1,F2-3,2,11,2021-07-13,1,0.010416666666666666,False,79.0,93.71692659530055,14.71692659530055,14.71692659530055,2021-07-13 00:00:00,2021-07-13 00:00:00,0.0,0.0
D1,F2-3,2,11,2021-07-17,73,0.7604166666666666,False,108.0,109.77331428858139,1.773314288581389,1.773314288581389,2021-07-17 06:00:00,2021-07-17 07:15:00,75.0,75.0
D1,F2-3,2,11,2021-07-18,84,0.875,False,28.0,33.87138291941121,5.871382919411211,5.871382919411211,2021-07-18 01:15:00,2021-07-18 11:45:00,630.0,630.0
D1,F2-3,2,11,2021-07-26,84,0.875,False,217.0,215.35400881018134,-1.645991189818659,1.645991189818659,2021-07-26 08:30:00,2021-07-26 11:30:00,180.0,180.0
D1,F2-3,2,11,2021-07-27,84,0.875,False,211.0,186.25325641820203,-24.746743581797972,24.746743581797972,2021-07-27 11:45:00,2021-07-27 11:00:00,-45.0,45.0
D1,F2-3,2,11,2021-07-28,84,0.875,False,212.0,191.0281787435693,-20.9718212564307,20.9718212564307,2021-07-28 12:00:00,2021-07-28 15:00:00,180.0,180.0
D1,F2-3,2,11,2021-07-29,84,0.875,False,211.0,196.49374103629552,-14.506258963704482,14.506258963704482,2021-07-29 12:00:00,2021-07-29 08:30:00,-210.0,210.0
D1,F2-3,2,11,2021-07-30,85,0.8854166666666666,False,212.0,185.29305048539769,-26.706949514602314,26.706949514602314,2021-07-30 12:00:00,2021-07-30 16:00:00,240.0,240.0
D1,F2-3,2,11,2021-07-31,96,1.0,True,80.0,107.3098021425726,27.309802142572593,27.309802142572593,2021-07-31 00:00:00,2021-07-31 01:45:00,105.0,105.0
D1,F2-3,2,11,2021-08-01,96,1.0,True,28.0,37.13817916716706,9.13817916716706,9.13817916716706,2021-08-01 09:00:00,2021-08-01 11:45:00,165.0,165.0
D1,F2-3,2,11,2021-08-09,39,0.40625,False,215.0,66.60081175441539,-148.3991882455846,148.3991882455846,2021-08-09 08:45:00,2021-08-09 00:30:00,-495.0,495.0
D1,F2-3,2,12,2021-07-12,96,1.0,True,198.0,181.22164936302067,-16.778350636979326,16.778350636979326,2021-07-12 08:45:00,2021-07-12 11:45:00,180.0,180.0
D1,F2-3,2,12,2021-07-13,1,0.010416666666666666,False,79.0,94.51178582453598,15.511785824535977,15.511785824535977,2021-07-13 00:00:00,2021-07-13 00:00:00,0.0,0.0
D1,F2-3,2,12,2021-07-17,72,0.75,False,108.0,109.46864606183549,1.4686460618354857,1.4686460618354857,2021-07-17 06:00:00,2021-07-17 07:15:00,75.0,75.0
D1,F2-3,2,12,2021-07-18,84,0.875,False,28.0,34.63099696288064,6.630996962880637,6.630996962880637,2021-07-18 01:15:00,2021-07-18 11:45:00,630.0,630.0
D1,F2-3,2,12,2021-07-26,84,0.875,False,217.0,218.55319916722652,1.5531991672265235,1.5531991672265235,2021-07-26 08:30:00,2021-07-26 11:30:00,180.0,180.0
D1,F2-3,2,12,2021-07-27,84,0.875,False,211.0,190.1792704460404,-20.82072955395961,20.82072955395961,2021-07-27 11:45:00,2021-07-27 11:00:00,-45.0,45.0
D1,F2-3,2,12,2021-07-28,84,0.875,False,212.0,188.0861097171947,-23.913890282805312,23.913890282805312,2021-07-28 12:00:00,2021-07-28 14:00:00,120.0,120.0
D1,F2-3,2,12,2021-07-29,84,0.875,False,211.0,198.26202706768973,-12.73797293231027,12.73797293231027,2021-07-29 12:00:00,2021-07-29 08:30:00,-210.0,210.0
D1,F2-3,2,12,2021-07-30,85,0.8854166666666666,False,212.0,183.095746360725,-28.904253639274998,28.904253639274998,2021-07-30 12:00:00,2021-07-30 16:00:00,240.0,240.0
D1,F2-3,2,12,2021-07-31,96,1.0,True,80.0,109.65013282653902,29.65013282653902,29.65013282653902,2021-07-31 00:00:00,2021-07-31 01:45:00,105.0,105.0
D1,F2-3,2,12,2021-08-01,96,1.0,True,28.0,38.172868729466344,10.172868729466344,10.172868729466344,2021-08-01 09:00:00,2021-08-01 12:00:00,180.0,180.0
D1,F2-3,2,12,2021-08-09,39,0.40625,False,215.0,65.4795901470385,-149.5204098529615,149.5204098529615,2021-08-09 08:45:00,2021-08-09 08:00:00,-45.0,45.0
D1,F2-3,2,13,2021-07-12,96,1.0,True,198.0,185.14725685745645,-12.852743142543545,12.852743142543545,2021-07-12 08:45:00,2021-07-12 08:45:00,0.0,0.0
D1,F2-3,2,13,2021-07-13,1,0.010416666666666666,False,79.0,90.8801433245309,11.880143324530906,11.880143324530906,2021-07-13 00:00:00,2021-07-13 00:00:00,0.0,0.0
D1,F2-3,2,13,2021-07-17,71,0.7395833333333334,False,96.0,108.98695571106434,12.98695571106434,12.98695571106434,2021-07-17 06:15:00,2021-07-17 07:15:00,60.0,60.0
D1,F2-3,2,13,2021-07-18,84,0.875,False,28.0,34.05208463016901,6.052084630169013,6.052084630169013,2021-07-18 01:15:00,2021-07-18 11:45:00,630.0,630.0
D1,F2-3,2,13,2021-07-26,84,0.875,False,217.0,199.94568778223197,-17.05431221776803,17.05431221776803,2021-07-26 08:30:00,2021-07-26 11:30:00,180.0,180.0
D1,F2-3,2,13,2021-07-27,84,0.875,False,211.0,187.7928571167753,-23.20714288322469,23.20714288322469,2021-07-27 11:45:00,2021-07-27 16:00:00,255.0,255.0
D1,F2-3,2,13,2021-07-28,84,0.875,False,212.0,194.57664726941738,-17.42335273058262,17.42335273058262,2021-07-28 12:00:00,2021-07-28 10:00:00,-120.0,120.0
D1,F2-3,2,13,2021-07-29,84,0.875,False,211.0,195.23667978772943,-15.763320212270571,15.763320212270571,2021-07-29 12:00:00,2021-07-29 08:30:00,-210.0,210.0
D1,F2-3,2,13,2021-07-30,85,0.8854166666666666,False,212.0,188.50776551050473,-23.492234489495274,23.492234489495274,2021-07-30 12:00:00,2021-07-30 16:00:00,240.0,240.0
D1,F2-3,2,13,2021-07-31,96,1.0,True,80.0,108.29192150905368,28.29192150905368,28.29192150905368,2021-07-31 00:00:00,2021-07-31 01:45:00,105.0,105.0
D1,F2-3,2,13,2021-08-01,96,1.0,True,28.0,40.09442973809678,12.094429738096778,12.094429738096778,2021-08-01 09:00:00,2021-08-01 06:00:00,-180.0,180.0
D1,F2-3,2,13,2021-08-09,39,0.40625,False,215.0,57.18119293146708,-157.81880706853292,157.81880706853292,2021-08-09 08:45:00,2021-08-09 08:15:00,-30.0,30.0
D1,F2-3,2,14,2021-07-12,96,1.0,True,198.0,180.515737023216,-17.48426297678401,17.48426297678401,2021-07-12 08:45:00,2021-07-12 08:45:00,0.0,0.0
D1,F2-3,2,14,2021-07-13,1,0.010416666666666666,False,79.0,90.2832329636688,11.283232963668794,11.283232963668794,2021-07-13 00:00:00,2021-07-13 00:00:00,0.0,0.0
D1,F2-3,2,14,2021-07-17,70,0.7291666666666666,False,88.0,107.60484171368957,19.604841713689567,19.604841713689567,2021-07-17 07:15:00,2021-07-17 07:15:00,0.0,0.0
D1,F2-3,2,14,2021-07-18,84,0.875,False,28.0,39.642588857911925,11.642588857911925,11.642588857911925,2021-07-18 01:15:00,2021-07-18 09:45:00,510.0,510.0
D1,F2-3,2,14,2021-07-26,84,0.875,False,217.0,198.29540707457866,-18.704592925421338,18.704592925421338,2021-07-26 08:30:00,2021-07-26 11:30:00,180.0,180.0
D1,F2-3,2,14,2021-07-27,84,0.875,False,211.0,182.71395903177267,-28.286040968227326,28.286040968227326,2021-07-27 11:45:00,2021-07-27 14:00:00,135.0,135.0
D1,F2-3,2,14,2021-07-28,84,0.875,False,212.0,191.00530432305226,-20.994695676947742,20.994695676947742,2021-07-28 12:00:00,2021-07-28 10:00:00,-120.0,120.0
D1,F2-3,2,14,2021-07-29,84,0.875,False,211.0,191.27684210462303,-19.72315789537697,19.72315789537697,2021-07-29 12:00:00,2021-07-29 08:30:00,-210.0,210.0
D1,F2-3,2,14,2021-07-30,84,0.875,False,212.0,183.93378484028463,-28.06621515971537,28.06621515971537,2021-07-30 12:00:00,2021-07-30 16:00:00,240.0,240.0
D1,F2-3,2,14,2021-07-31,96,1.0,True,80.0,107.03926599895269,27.039265998952686,27.039265998952686,2021-07-31 00:00:00,2021-07-31 01:45:00,105.0,105.0
D1,F2-3,2,14,2021-08-01,96,1.0,True,28.0,36.243082854245074,8.243082854245074,8.243082854245074,2021-08-01 09:00:00,2021-08-01 05:45:00,-195.0,195.0
D1,F2-3,2,14,2021-08-09,39,0.40625,False,215.0,58.60958585398515,-156.39041414601485,156.39041414601485,2021-08-09 08:45:00,2021-08-09 08:15:00,-30.0,30.0
D1,F2-3,2,15,2021-07-12,96,1.0,True,198.0,188.55740127905887,-9.442598720941135,9.442598720941135,2021-07-12 08:45:00,2021-07-12 08:45:00,0.0,0.0
D1,F2-3,2,15,2021-07-13,1,0.010416666666666666,False,79.0,91.15697617622209,12.156976176222088,12.156976176222088,2021-07-13 00:00:00,2021-07-13 00:00:00,0.0,0.0
D1,F2-3,2,15,2021-07-17,69,0.71875,False,88.0,108.97842570792508,20.978425707925084,20.978425707925084,2021-07-17 07:15:00,2021-07-17 07:15:00,0.0,0.0
D1,F2-3,2,15,2021-07-18,84,0.875,False,28.0,48.07428781501159,20.074287815011587,20.074287815011587,2021-07-18 01:15:00,2021-07-18 11:00:00,585.0,585.0
D1,F2-3,2,15,2021-07-26,84,0.875,False,217.0,194.4205213729152,-22.579478627084796,22.579478627084796,2021-07-26 08:30:00,2021-07-26 10:45:00,135.0,135.0
D1,F2-3,2,15,2021-07-27,84,0.875,False,211.0,184.93876305137726,-26.061236948622735,26.061236948622735,2021-07-27 11:45:00,2021-07-27 11:00:00,-45.0,45.0
D1,F2-3,2,15,2021-07-28,84,0.875,False,212.0,185.58059712633784,-26.419402873662165,26.419402873662165,2021-07-28 12:00:00,2021-07-28 14:00:00,120.0,120.0
D1,F2-3,2,15,2021-07-29,84,0.875,False,211.0,185.19095645756673,-25.809043542433272,25.809043542433272,2021-07-29 12:00:00,2021-07-29 08:30:00,-210.0,210.0
D1,F2-3,2,15,2021-07-30,84,0.875,False,212.0,179.85133682410725,-32.14866317589275,32.14866317589275,2021-07-30 12:00:00,2021-07-30 16:00:00,240.0,240.0
D1,F2-3,2,15,2021-07-31,96,1.0,True,80.0,109.42085247860568,29.42085247860568,29.42085247860568,2021-07-31 00:00:00,2021-07-31 01:45:00,105.0,105.0
D1,F2-3,2,15,2021-08-01,96,1.0,True,28.0,43.5129067366787,15.512906736678701,15.512906736678701,2021-08-01 09:00:00,2021-08-01 13:45:00,285.0,285.0
D1,F2-3,2,15,2021-08-09,39,0.40625,False,215.0,65.50949536473898,-149.490504635261,149.490504635261,2021-08-09 08:45:00,2021-08-09 08:15:00,-30.0,30.0
D1,F2-3,2,16,2021-07-12,96,1.0,True,198.0,184.82891359421325,-13.171086405786752,13.171086405786752,2021-07-12 08:45:00,2021-07-12 11:00:00,135.0,135.0
D1,F2-3,2,16,2021-07-13,1,0.010416666666666666,False,79.0,91.03694394650434,12.036943946504337,12.036943946504337,2021-07-13 00:00:00,2021-07-13 00:00:00,0.0,0.0
D1,F2-3,2,16,2021-07-17,68,0.7083333333333334,False,88.0,106.02912297836221,18.02912297836221,18.02912297836221,2021-07-17 07:15:00,2021-07-17 07:15:00,0.0,0.0
D1,F2-3,2,16,2021-07-18,84,0.875,False,28.0,43.958778156406126,15.958778156406126,15.958778156406126,2021-07-18 01:15:00,2021-07-18 11:00:00,585.0,585.0
D1,F2-3,2,16,2021-07-26,84,0.875,False,217.0,203.80030884271622,-13.19969115728378,13.19969115728378,2021-07-26 08:30:00,2021-07-26 11:30:00,180.0,180.0
D1,F2-3,2,16,2021-07-27,84,0.875,False,211.0,184.5090099442286,-26.49099005577139,26.49099005577139,2021-07-27 11:45:00,2021-07-27 14:00:00,135.0,135.0
D1,F2-3,2,16,2021-07-28,84,0.875,False,212.0,187.05851187595036,-24.94148812404964,24.94148812404964,2021-07-28 12:00:00,2021-07-28 14:00:00,120.0,120.0
D1,F2-3,2,16,2021-07-29,84,0.875,False,211.0,190.1067604396225,-20.89323956037751,20.89323956037751,2021-07-29 12:00:00,2021-07-29 08:30:00,-210.0,210.0
D1,F2-3,2,16,2021-07-30,84,0.875,False,212.0,180.11410725297625,-31.885892747023746,31.885892747023746,2021-07-30 12:00:00,2021-07-30 16:00:00,240.0,240.0
D1,F2-3,2,16,2021-07-31,96,1.0,True,80.0,110.43803915408014,30.438039154080144,30.438039154080144,2021-07-31 00:00:00,2021-07-31 03:45:00,225.0,225.0
D1,F2-3,2,16,2021-08-01,96,1.0,True,28.0,43.500882204634195,15.500882204634195,15.500882204634195,2021-08-01 09:00:00,2021-08-01 05:45:00,-195.0,195.0
D1,F2-3,2,16,2021-08-09,39,0.40625,False,215.0,60.48026279529577,-154.51973720470423,154.51973720470423,2021-08-09 08:45:00,2021-08-09 08:15:00,-30.0,30.0
D2,F2-3,0,4,2021-04-19,96,1.0,True,172.0,177.08700333099398,5.08700333099398,5.08700333099398,2021-04-19 08:45:00,2021-04-19 09:30:00,45.0,45.0
D2,F2-3,0,4,2021-04-20,96,1.0,True,172.0,180.66621046762066,8.666210467620658,8.666210467620658,2021-04-20 08:45:00,2021-04-20 09:00:00,15.0,15.0
D2,F2-3,0,4,2021-04-21,96,1.0,True,174.0,170.63337873526208,-3.3666212647379155,3.3666212647379155,2021-04-21 08:30:00,2021-04-21 10:00:00,90.0,90.0
D2,F2-3,0,4,2021-04-22,96,1.0,True,174.0,171.02056937729833,-2.9794306227016705,2.9794306227016705,2021-04-22 08:30:00,2021-04-22 10:00:00,90.0,90.0
D2,F2-3,0,4,2021-04-23,96,1.0,True,174.0,150.6614099102112,-23.338590089788795,23.338590089788795,2021-04-23 08:30:00,2021-04-23 09:15:00,45.0,45.0
D2,F2-3,0,4,2021-04-24,96,1.0,True,112.0,108.05117716213242,-3.9488228378675814,3.9488228378675814,2021-04-24 06:15:00,2021-04-24 03:30:00,-165.0,165.0
D2,F2-3,0,4,2021-04-25,96,1.0,True,25.0,24.313336042692846,-0.6866639573071538,0.6866639573071538,2021-04-25 01:30:00,2021-04-25 08:15:00,405.0,405.0
D2,F2-3,0,4,2021-05-03,96,1.0,True,184.0,188.07015290804446,4.070152908044463,4.070152908044463,2021-05-03 08:30:00,2021-05-03 09:15:00,45.0,45.0
D2,F2-3,0,4,2021-05-04,96,1.0,True,181.0,176.14081964966164,-4.859180350338363,4.859180350338363,2021-05-04 08:30:00,2021-05-04 08:30:00,0.0,0.0
D2,F2-3,0,4,2021-05-05,96,1.0,True,120.0,166.27751536348566,46.27751536348566,46.27751536348566,2021-05-05 04:15:00,2021-05-05 08:30:00,255.0,255.0
D2,F2-3,0,4,2021-05-06,96,1.0,True,199.0,179.81413277482008,-19.18586722517992,19.18586722517992,2021-05-06 09:00:00,2021-05-06 13:30:00,270.0,270.0
D2,F2-3,0,4,2021-05-07,96,1.0,True,181.0,185.27808400829466,4.278084008294655,4.278084008294655,2021-05-07 09:00:00,2021-05-07 08:45:00,-15.0,15.0
D2,F2-3,0,4,2021-05-08,96,1.0,True,115.0,111.00837688767442,-3.991623112325584,3.991623112325584,2021-05-08 02:00:00,2021-05-08 03:30:00,90.0,90.0
D2,F2-3,0,4,2021-05-09,96,1.0,True,184.0,167.12047992755427,-16.87952007244573,16.87952007244573,2021-05-09 09:00:00,2021-05-09 11:00:00,120.0,120.0
D2,F2-3,0,5,2021-04-19,96,1.0,True,172.0,177.19910260266815,5.199102602668148,5.199102602668148,2021-04-19 08:45:00,2021-04-19 09:30:00,45.0,45.0
D2,F2-3,0,5,2021-04-20,96,1.0,True,172.0,183.93038535668597,11.930385356685974,11.930385356685974,2021-04-20 08:45:00,2021-04-20 09:00:00,15.0,15.0
D2,F2-3,0,5,2021-04-21,96,1.0,True,174.0,169.6779762689216,-4.322023731078389,4.322023731078389,2021-04-21 08:30:00,2021-04-21 10:00:00,90.0,90.0
D2,F2-3,0,5,2021-04-22,96,1.0,True,174.0,174.02586917296992,0.02586917296991942,0.02586917296991942,2021-04-22 08:30:00,2021-04-22 09:00:00,30.0,30.0
D2,F2-3,0,5,2021-04-23,96,1.0,True,174.0,151.12872381507242,-22.87127618492758,22.87127618492758,2021-04-23 08:30:00,2021-04-23 11:45:00,195.0,195.0
D2,F2-3,0,5,2021-04-24,96,1.0,True,112.0,109.69209061813532,-2.3079093818646754,2.3079093818646754,2021-04-24 06:15:00,2021-04-24 01:45:00,-270.0,270.0
D2,F2-3,0,5,2021-04-25,96,1.0,True,25.0,25.703042015796758,0.7030420157967576,0.7030420157967576,2021-04-25 01:30:00,2021-04-25 08:15:00,405.0,405.0
D2,F2-3,0,5,2021-05-03,96,1.0,True,184.0,188.98082470155353,4.98082470155353,4.98082470155353,2021-05-03 08:30:00,2021-05-03 09:00:00,30.0,30.0
D2,F2-3,0,5,2021-05-04,96,1.0,True,181.0,185.61361608957932,4.613616089579324,4.613616089579324,2021-05-04 08:30:00,2021-05-04 08:30:00,0.0,0.0
D2,F2-3,0,5,2021-05-05,96,1.0,True,120.0,169.89778759075503,49.89778759075503,49.89778759075503,2021-05-05 04:15:00,2021-05-05 09:00:00,285.0,285.0
D2,F2-3,0,5,2021-05-06,96,1.0,True,199.0,179.36488636777423,-19.635113632225767,19.635113632225767,2021-05-06 09:00:00,2021-05-06 11:30:00,150.0,150.0
D2,F2-3,0,5,2021-05-07,96,1.0,True,181.0,188.2942561954158,7.294256195415812,7.294256195415812,2021-05-07 09:00:00,2021-05-07 08:45:00,-15.0,15.0
D2,F2-3,0,5,2021-05-08,96,1.0,True,115.0,111.8415415144458,-3.158458485554206,3.158458485554206,2021-05-08 02:00:00,2021-05-08 03:30:00,90.0,90.0
D2,F2-3,0,5,2021-05-09,96,1.0,True,184.0,177.96215717568788,-6.037842824312122,6.037842824312122,2021-05-09 09:00:00,2021-05-09 14:00:00,300.0,300.0
D2,F2-3,0,6,2021-04-19,96,1.0,True,172.0,173.3699059428777,1.3699059428776934,1.3699059428776934,2021-04-19 08:45:00,2021-04-19 09:45:00,60.0,60.0
D2,F2-3,0,6,2021-04-20,96,1.0,True,172.0,174.42687104239792,2.42687104239792,2.42687104239792,2021-04-20 08:45:00,2021-04-20 09:15:00,30.0,30.0
D2,F2-3,0,6,2021-04-21,96,1.0,True,174.0,168.91919106040712,-5.080808939592885,5.080808939592885,2021-04-21 08:30:00,2021-04-21 10:30:00,120.0,120.0
D2,F2-3,0,6,2021-04-22,96,1.0,True,174.0,169.4961086439252,-4.503891356074803,4.503891356074803,2021-04-22 08:30:00,2021-04-22 10:00:00,90.0,90.0
D2,F2-3,0,6,2021-04-23,96,1.0,True,174.0,147.5154178554738,-26.4845821445262,26.4845821445262,2021-04-23 08:30:00,2021-04-23 11:15:00,165.0,165.0
D2,F2-3,0,6,2021-04-24,96,1.0,True,112.0,108.5311691163023,-3.4688308836977058,3.4688308836977058,2021-04-24 06:15:00,2021-04-24 01:45:00,-270.0,270.0
D2,F2-3,0,6,2021-04-25,96,1.0,True,25.0,27.239857403297773,2.2398574032977727,2.2398574032977727,2021-04-25 01:30:00,2021-04-25 08:15:00,405.0,405.0
D2,F2-3,0,6,2021-05-03,96,1.0,True,184.0,190.04317367680213,6.043173676802127,6.043173676802127,2021-05-03 08:30:00,2021-05-03 09:15:00,45.0,45.0
D2,F2-3,0,6,2021-05-04,96,1.0,True,181.0,181.7987233869688,0.7987233869687884,0.7987233869687884,2021-05-04 08:30:00,2021-05-04 09:00:00,30.0,30.0
D2,F2-3,0,6,2021-05-05,96,1.0,True,120.0,175.62949618177814,55.62949618177814,55.62949618177814,2021-05-05 04:15:00,2021-05-05 09:00:00,285.0,285.0
D2,F2-3,0,6,2021-05-06,96,1.0,True,199.0,177.8735343179941,-21.126465682005886,21.126465682005886,2021-05-06 09:00:00,2021-05-06 12:00:00,180.0,180.0
D2,F2-3,0,6,2021-05-07,96,1.0,True,181.0,181.8964260899219,0.8964260899219028,0.8964260899219028,2021-05-07 09:00:00,2021-05-07 08:45:00,-15.0,15.0
D2,F2-3,0,6,2021-05-08,96,1.0,True,115.0,115.46041799824746,0.46041799824746477,0.46041799824746477,2021-05-08 02:00:00,2021-05-08 02:00:00,0.0,0.0
D2,F2-3,0,6,2021-05-09,96,1.0,True,184.0,168.32711464390826,-15.67288535609174,15.67288535609174,2021-05-09 09:00:00,2021-05-09 14:00:00,300.0,300.0
D2,F2-3,0,7,2021-04-19,96,1.0,True,172.0,174.63520374545467,2.6352037454546746,2.6352037454546746,2021-04-19 08:45:00,2021-04-19 10:45:00,120.0,120.0
D2,F2-3,0,7,2021-04-20,96,1.0,True,172.0,177.37364608124588,5.37364608124588,5.37364608124588,2021-04-20 08:45:00,2021-04-20 09:45:00,60.0,60.0
D2,F2-3,0,7,2021-04-21,96,1.0,True,174.0,169.42747360803392,-4.572526391966079,4.572526391966079,2021-04-21 08:30:00,2021-04-21 10:30:00,120.0,120.0
D2,F2-3,0,7,2021-04-22,96,1.0,True,174.0,170.15689901694762,-3.8431009830523806,3.8431009830523806,2021-04-22 08:30:00,2021-04-22 14:45:00,375.0,375.0
D2,F2-3,0,7,2021-04-23,96,1.0,True,174.0,137.17143081121378,-36.82856918878622,36.82856918878622,2021-04-23 08:30:00,2021-04-23 17:45:00,555.0,555.0
D2,F2-3,0,7,2021-04-24,96,1.0,True,112.0,107.54713217959878,-4.452867820401224,4.452867820401224,2021-04-24 06:15:00,2021-04-24 04:30:00,-105.0,105.0
D2,F2-3,0,7,2021-04-25,96,1.0,True,25.0,38.66277435039337,13.66277435039337,13.66277435039337,2021-04-25 01:30:00,2021-04-25 08:45:00,435.0,435.0
D2,F2-3,0,7,2021-05-03,96,1.0,True,184.0,184.564227967357,0.5642279673569988,0.5642279673569988,2021-05-03 08:30:00,2021-05-03 09:45:00,75.0,75.0
D2,F2-3,0,7,2021-05-04,96,1.0,True,181.0,177.46672073650262,-3.533279263497377,3.533279263497377,2021-05-04 08:30:00,2021-05-04 11:00:00,150.0,150.0
D2,F2-3,0,7,2021-05-05,96,1.0,True,120.0,177.88469797885733,57.88469797885733,57.88469797885733,2021-05-05 04:15:00,2021-05-05 08:45:00,270.0,270.0
D2,F2-3,0,7,2021-05-06,96,1.0,True,199.0,178.25745797398326,-20.742542026016736,20.742542026016736,2021-05-06 09:00:00,2021-05-06 11:45:00,165.0,165.0
D2,F2-3,0,7,2021-05-07,96,1.0,True,181.0,182.04346983710386,1.0434698371038564,1.0434698371038564,2021-05-07 09:00:00,2021-05-07 09:15:00,15.0,15.0
D2,F2-3,0,7,2021-05-08,96,1.0,True,115.0,115.87089741570522,0.8708974157052154,0.8708974157052154,2021-05-08 02:00:00,2021-05-08 02:00:00,0.0,0.0
D2,F2-3,0,7,2021-05-09,96,1.0,True,184.0,160.09195453658154,-23.90804546341846,23.90804546341846,2021-05-09 09:00:00,2021-05-09 11:45:00,165.0,165.0
D2,F2-3,0,8,2021-04-19,96,1.0,True,172.0,186.94943593699338,14.949435936993382,14.949435936993382,2021-04-19 08:45:00,2021-04-19 09:00:00,15.0,15.0
D2,F2-3,0,8,2021-04-20,96,1.0,True,172.0,173.27775093553473,1.2777509355347263,1.2777509355347263,2021-04-20 08:45:00,2021-04-20 13:15:00,270.0,270.0
D2,F2-3,0,8,2021-04-21,96,1.0,True,174.0,167.37224551399828,-6.62775448600172,6.62775448600172,2021-04-21 08:30:00,2021-04-21 13:15:00,285.0,285.0
D2,F2-3,0,8,2021-04-22,96,1.0,True,174.0,168.68559557208008,-5.314404427919925,5.314404427919925,2021-04-22 08:30:00,2021-04-22 10:00:00,90.0,90.0
D2,F2-3,0,8,2021-04-23,96,1.0,True,174.0,138.80645716688892,-35.19354283311108,35.19354283311108,2021-04-23 08:30:00,2021-04-23 11:15:00,165.0,165.0
D2,F2-3,0,8,2021-04-24,96,1.0,True,112.0,109.08194089204477,-2.91805910795523,2.91805910795523,2021-04-24 06:15:00,2021-04-24 04:30:00,-105.0,105.0
D2,F2-3,0,8,2021-04-25,96,1.0,True,25.0,41.81065646559963,16.810656465599628,16.810656465599628,2021-04-25 01:30:00,2021-04-25 09:00:00,450.0,450.0
D2,F2-3,0,8,2021-05-03,96,1.0,True,184.0,190.1706214533616,6.170621453361605,6.170621453361605,2021-05-03 08:30:00,2021-05-03 10:00:00,90.0,90.0
D2,F2-3,0,8,2021-05-04,96,1.0,True,181.0,178.05441643311107,-2.945583566888928,2.945583566888928,2021-05-04 08:30:00,2021-05-04 08:30:00,0.0,0.0
D2,F2-3,0,8,2021-05-05,96,1.0,True,120.0,177.10007983147207,57.10007983147207,57.10007983147207,2021-05-05 04:15:00,2021-05-05 08:30:00,255.0,255.0
D2,F2-3,0,8,2021-05-06,96,1.0,True,199.0,180.55061339647025,-18.449386603529746,18.449386603529746,2021-05-06 09:00:00,2021-05-06 11:30:00,150.0,150.0
D2,F2-3,0,8,2021-05-07,96,1.0,True,181.0,182.8964063246689,1.8964063246689022,1.8964063246689022,2021-05-07 09:00:00,2021-05-07 08:45:00,-15.0,15.0
D2,F2-3,0,8,2021-05-08,96,1.0,True,115.0,112.41674868386328,-2.5832513161367245,2.5832513161367245,2021-05-08 02:00:00,2021-05-08 02:15:00,15.0,15.0
D2,F2-3,0,8,2021-05-09,96,1.0,True,184.0,164.82748461324442,-19.172515386755578,19.172515386755578,2021-05-09 09:00:00,2021-05-09 16:00:00,420.0,420.0
D2,F2-3,0,9,2021-04-19,96,1.0,True,172.0,183.7676301654479,11.767630165447912,11.767630165447912,2021-04-19 08:45:00,2021-04-19 13:15:00,270.0,270.0
D2,F2-3,0,9,2021-04-20,96,1.0,True,172.0,183.7676301654479,11.767630165447912,11.767630165447912,2021-04-20 08:45:00,2021-04-20 13:15:00,270.0,270.0
D2,F2-3,0,9,2021-04-21,96,1.0,True,174.0,183.7676301654479,9.767630165447912,9.767630165447912,2021-04-21 08:30:00,2021-04-21 13:15:00,285.0,285.0
D2,F2-3,0,9,2021-04-22,96,1.0,True,174.0,183.7676301654479,9.767630165447912,9.767630165447912,2021-04-22 08:30:00,2021-04-22 13:15:00,285.0,285.0
D2,F2-3,0,9,2021-04-23,96,1.0,True,174.0,183.7676301654479,9.767630165447912,9.767630165447912,2021-04-23 08:30:00,2021-04-23 13:15:00,285.0,285.0
D2,F2-3,0,9,2021-04-24,96,1.0,True,112.0,118.74085220714173,6.740852207141728,6.740852207141728,2021-04-24 06:15:00,2021-04-24 02:00:00,-255.0,255.0
D2,F2-3,0,9,2021-04-25,96,1.0,True,25.0,28.94766338110799,3.94766338110799,3.94766338110799,2021-04-25 01:30:00,2021-04-25 01:30:00,0.0,0.0
D2,F2-3,0,9,2021-05-03,96,1.0,True,184.0,171.805107466135,-12.194892533864987,12.194892533864987,2021-05-03 08:30:00,2021-05-03 12:00:00,210.0,210.0
D2,F2-3,0,9,2021-05-04,96,1.0,True,181.0,177.7676301654479,-3.232369834552088,3.232369834552088,2021-05-04 08:30:00,2021-05-04 08:30:00,0.0,0.0
D2,F2-3,0,9,2021-05-05,96,1.0,True,120.0,178.805107466135,58.80510746613501,58.80510746613501,2021-05-05 04:15:00,2021-05-05 08:30:00,255.0,255.0
D2,F2-3,0,9,2021-05-06,96,1.0,True,199.0,176.91059837632756,-22.089401623672444,22.089401623672444,2021-05-06 09:00:00,2021-05-06 11:30:00,150.0,150.0
D2,F2-3,0,9,2021-05-07,96,1.0,True,181.0,178.91059837632756,-2.089401623672444,2.089401623672444,2021-05-07 09:00:00,2021-05-07 08:30:00,-30.0,30.0
D2,F2-3,0,9,2021-05-08,96,1.0,True,115.0,121.57817619170034,6.5781761917003365,6.5781761917003365,2021-05-08 02:00:00,2021-05-08 02:15:00,15.0,15.0
D2,F2-3,0,9,2021-05-09,96,1.0,True,184.0,44.92907354089478,-139.07092645910524,139.07092645910524,2021-05-09 09:00:00,2021-05-09 11:00:00,120.0,120.0
D2,F2-3,0,10,2021-04-19,96,1.0,True,172.0,192.98248116364255,20.982481163642547,20.982481163642547,2021-04-19 08:45:00,2021-04-19 10:45:00,120.0,120.0
D2,F2-3,0,10,2021-04-20,96,1.0,True,172.0,180.9118295067992,8.911829506799194,8.911829506799194,2021-04-20 08:45:00,2021-04-20 10:30:00,105.0,105.0
D2,F2-3,0,10,2021-04-21,96,1.0,True,174.0,173.45017702110908,-0.5498229788909157,0.5498229788909157,2021-04-21 08:30:00,2021-04-21 13:15:00,285.0,285.0
D2,F2-3,0,10,2021-04-22,96,1.0,True,174.0,174.22581875822408,0.22581875822407937,0.22581875822407937,2021-04-22 08:30:00,2021-04-22 11:15:00,165.0,165.0
D2,F2-3,0,10,2021-04-23,96,1.0,True,174.0,143.131129601929,-30.86887039807101,30.86887039807101,2021-04-23 08:30:00,2021-04-23 11:00:00,150.0,150.0
D2,F2-3,0,10,2021-04-24,96,1.0,True,112.0,112.88290436607552,0.8829043660755218,0.8829043660755218,2021-04-24 06:15:00,2021-04-24 03:30:00,-165.0,165.0
D2,F2-3,0,10,2021-04-25,96,1.0,True,25.0,32.871886422392876,7.871886422392876,7.871886422392876,2021-04-25 01:30:00,2021-04-25 09:00:00,450.0,450.0
D2,F2-3,0,10,2021-05-03,96,1.0,True,184.0,199.6518248164424,15.6518248164424,15.6518248164424,2021-05-03 08:30:00,2021-05-03 10:30:00,120.0,120.0
D2,F2-3,0,10,2021-05-04,96,1.0,True,181.0,174.72217010628538,-6.277829893714625,6.277829893714625,2021-05-04 08:30:00,2021-05-04 08:30:00,0.0,0.0
D2,F2-3,0,10,2021-05-05,96,1.0,True,120.0,180.78962773679228,60.78962773679228,60.78962773679228,2021-05-05 04:15:00,2021-05-05 09:00:00,285.0,285.0
D2,F2-3,0,10,2021-05-06,96,1.0,True,199.0,180.72508996272413,-18.274910037275873,18.274910037275873,2021-05-06 09:00:00,2021-05-06 11:45:00,165.0,165.0
D2,F2-3,0,10,2021-05-07,96,1.0,True,181.0,185.5781033235473,4.57810332354731,4.57810332354731,2021-05-07 09:00:00,2021-05-07 11:15:00,135.0,135.0
D2,F2-3,0,10,2021-05-08,96,1.0,True,115.0,112.48151493673356,-2.5184850632664393,2.5184850632664393,2021-05-08 02:00:00,2021-05-08 02:15:00,15.0,15.0
D2,F2-3,0,10,2021-05-09,96,1.0,True,184.0,179.08758029560937,-4.912419704390629,4.912419704390629,2021-05-09 09:00:00,2021-05-09 15:00:00,360.0,360.0
D2,F2-3,0,11,2021-04-19,96,1.0,True,172.0,186.46409554806027,14.464095548060271,14.464095548060271,2021-04-19 08:45:00,2021-04-19 10:45:00,120.0,120.0
D2,F2-3,0,11,2021-04-20,96,1.0,True,172.0,174.54785467571364,2.547854675713637,2.547854675713637,2021-04-20 08:45:00,2021-04-20 11:45:00,180.0,180.0
D2,F2-3,0,11,2021-04-21,96,1.0,True,174.0,171.20057709133638,-2.7994229086636153,2.7994229086636153,2021-04-21 08:30:00,2021-04-21 11:15:00,165.0,165.0
D2,F2-3,0,11,2021-04-22,96,1.0,True,174.0,172.2900683436284,-1.7099316563715945,1.7099316563715945,2021-04-22 08:30:00,2021-04-22 10:30:00,120.0,120.0
D2,F2-3,0,11,2021-04-23,96,1.0,True,174.0,145.2956812325918,-28.70431876740821,28.70431876740821,2021-04-23 08:30:00,2021-04-23 11:15:00,165.0,165.0
D2,F2-3,0,11,2021-04-24,96,1.0,True,112.0,107.09592581591723,-4.9040741840827735,4.9040741840827735,2021-04-24 06:15:00,2021-04-24 06:15:00,0.0,0.0
D2,F2-3,0,11,2021-04-25,96,1.0,True,25.0,32.0907467295752,7.090746729575201,7.090746729575201,2021-04-25 01:30:00,2021-04-25 08:45:00,435.0,435.0
D2,F2-3,0,11,2021-05-03,96,1.0,True,184.0,203.61894494631332,19.61894494631332,19.61894494631332,2021-05-03 08:30:00,2021-05-03 10:45:00,135.0,135.0
D2,F2-3,0,11,2021-05-04,96,1.0,True,181.0,175.769641263771,-5.230358736228993,5.230358736228993,2021-05-04 08:30:00,2021-05-04 11:30:00,180.0,180.0
D2,F2-3,0,11,2021-05-05,96,1.0,True,120.0,177.06340712328944,57.06340712328944,57.06340712328944,2021-05-05 04:15:00,2021-05-05 09:00:00,285.0,285.0
D2,F2-3,0,11,2021-05-06,96,1.0,True,199.0,181.12398544450764,-17.87601455549236,17.87601455549236,2021-05-06 09:00:00,2021-05-06 11:30:00,150.0,150.0
D2,F2-3,0,11,2021-05-07,96,1.0,True,181.0,181.89257731020376,0.8925773102037624,0.8925773102037624,2021-05-07 09:00:00,2021-05-07 11:30:00,150.0,150.0
D2,F2-3,0,11,2021-05-08,96,1.0,True,115.0,113.8131133965411,-1.1868866034589018,1.1868866034589018,2021-05-08 02:00:00,2021-05-08 08:30:00,390.0,390.0
D2,F2-3,0,11,2021-05-09,96,1.0,True,184.0,166.189071199065,-17.810928800934988,17.810928800934988,2021-05-09 09:00:00,2021-05-09 13:30:00,270.0,270.0
D2,F2-3,0,12,2021-04-19,96,1.0,True,172.0,182.33180516939584,10.331805169395835,10.331805169395835,2021-04-19 08:45:00,2021-04-19 11:00:00,135.0,135.0
D2,F2-3,0,12,2021-04-20,96,1.0,True,172.0,175.60575498900374,3.605754989003742,3.605754989003742,2021-04-20 08:45:00,2021-04-20 11:45:00,180.0,180.0
D2,F2-3,0,12,2021-04-21,96,1.0,True,174.0,165.89615257266388,-8.10384742733612,8.10384742733612,2021-04-21 08:30:00,2021-04-21 13:45:00,315.0,315.0
D2,F2-3,0,12,2021-04-22,96,1.0,True,174.0,173.5753746357323,-0.4246253642677118,0.4246253642677118,2021-04-22 08:30:00,2021-04-22 11:15:00,165.0,165.0
D2,F2-3,0,12,2021-04-23,96,1.0,True,174.0,151.4012947326939,-22.598705267306087,22.598705267306087,2021-04-23 08:30:00,2021-04-23 11:15:00,165.0,165.0
D2,F2-3,0,12,2021-04-24,96,1.0,True,112.0,110.47402977731518,-1.525970222684819,1.525970222684819,2021-04-24 06:15:00,2021-04-24 06:15:00,0.0,0.0
D2,F2-3,0,12,2021-04-25,96,1.0,True,25.0,35.112779624620885,10.112779624620885,10.112779624620885,2021-04-25 01:30:00,2021-04-25 08:45:00,435.0,435.0
D2,F2-3,0,12,2021-05-03,96,1.0,True,184.0,194.51276819381292,10.512768193812917,10.512768193812917,2021-05-03 08:30:00,2021-05-03 10:45:00,135.0,135.0
D2,F2-3,0,12,2021-05-04,96,1.0,True,181.0,176.96608938606036,-4.033910613939639,4.033910613939639,2021-05-04 08:30:00,2021-05-04 08:30:00,0.0,0.0
D2,F2-3,0,12,2021-05-05,96,1.0,True,120.0,180.12084994741363,60.12084994741363,60.12084994741363,2021-05-05 04:15:00,2021-05-05 08:45:00,270.0,270.0
D2,F2-3,0,12,2021-05-06,96,1.0,True,199.0,173.4866060467335,-25.5133939532665,25.5133939532665,2021-05-06 09:00:00,2021-05-06 13:45:00,285.0,285.0
D2,F2-3,0,12,2021-05-07,96,1.0,True,181.0,178.00582225647796,-2.9941777435220445,2.9941777435220445,2021-05-07 09:00:00,2021-05-07 09:15:00,15.0,15.0
D2,F2-3,0,12,2021-05-08,96,1.0,True,115.0,121.41984532354981,6.419845323549808,6.419845323549808,2021-05-08 02:00:00,2021-05-08 08:30:00,390.0,390.0
D2,F2-3,0,12,2021-05-09,96,1.0,True,184.0,169.54238082427796,-14.457619175722044,14.457619175722044,2021-05-09 09:00:00,2021-05-09 12:00:00,180.0,180.0
D2,F2-3,0,13,2021-04-19,96,1.0,True,172.0,179.9690019045796,7.969001904579613,7.969001904579613,2021-04-19 08:45:00,2021-04-19 12:00:00,195.0,195.0
D2,F2-3,0,13,2021-04-20,96,1.0,True,172.0,176.15261470832294,4.152614708322943,4.152614708322943,2021-04-20 08:45:00,2021-04-20 12:00:00,195.0,195.0
D2,F2-3,0,13,2021-04-21,96,1.0,True,174.0,165.2040993293129,-8.795900670687104,8.795900670687104,2021-04-21 08:30:00,2021-04-21 13:45:00,315.0,315.0
D2,F2-3,0,13,2021-04-22,96,1.0,True,174.0,172.9398330475936,-1.060166952406405,1.060166952406405,2021-04-22 08:30:00,2021-04-22 10:45:00,135.0,135.0
D2,F2-3,0,13,2021-04-23,96,1.0,True,174.0,139.24097525765904,-34.759024742340955,34.759024742340955,2021-04-23 08:30:00,2021-04-23 11:15:00,165.0,165.0
D2,F2-3,0,13,2021-04-24,96,1.0,True,112.0,112.22146345582246,0.22146345582245885,0.22146345582245885,2021-04-24 06:15:00,2021-04-24 03:30:00,-165.0,165.0
D2,F2-3,0,13,2021-04-25,96,1.0,True,25.0,34.4598281491392,9.459828149139199,9.459828149139199,2021-04-25 01:30:00,2021-04-25 08:15:00,405.0,405.0
D2,F2-3,0,13,2021-05-03,96,1.0,True,184.0,188.29426390520243,4.294263905202428,4.294263905202428,2021-05-03 08:30:00,2021-05-03 10:45:00,135.0,135.0
D2,F2-3,0,13,2021-05-04,96,1.0,True,181.0,177.6906525135805,-3.3093474864195116,3.3093474864195116,2021-05-04 08:30:00,2021-05-04 10:45:00,135.0,135.0
D2,F2-3,0,13,2021-05-05,96,1.0,True,120.0,176.6879601864959,56.6879601864959,56.6879601864959,2021-05-05 04:15:00,2021-05-05 08:30:00,255.0,255.0
D2,F2-3,0,13,2021-05-06,96,1.0,True,199.0,173.56665845714858,-25.433341542851423,25.433341542851423,2021-05-06 09:00:00,2021-05-06 13:30:00,270.0,270.0
D2,F2-3,0,13,2021-05-07,96,1.0,True,181.0,179.7932222115948,-1.2067777884051907,1.2067777884051907,2021-05-07 09:00:00,2021-05-07 11:15:00,135.0,135.0
D2,F2-3,0,13,2021-05-08,96,1.0,True,115.0,117.40621345293764,2.406213452937635,2.406213452937635,2021-05-08 02:00:00,2021-05-08 09:00:00,420.0,420.0
D2,F2-3,0,13,2021-05-09,96,1.0,True,184.0,174.57956513700057,-9.420434862999429,9.420434862999429,2021-05-09 09:00:00,2021-05-09 12:00:00,180.0,180.0
D2,F2-3,0,14,2021-04-19,96,1.0,True,172.0,185.81065022093094,13.810650220930938,13.810650220930938,2021-04-19 08:45:00,2021-04-19 12:00:00,195.0,195.0
D2,F2-3,0,14,2021-04-20,96,1.0,True,172.0,174.06235514060324,2.0623551406032448,2.0623551406032448,2021-04-20 08:45:00,2021-04-20 15:30:00,405.0,405.0
D2,F2-3,0,14,2021-04-21,96,1.0,True,174.0,168.89261867595323,-5.10738132404677,5.10738132404677,2021-04-21 08:30:00,2021-04-21 13:15:00,285.0,285.0
D2,F2-3,0,14,2021-04-22,96,1.0,True,174.0,172.6871989297572,-1.3128010702428128,1.3128010702428128,2021-04-22 08:30:00,2021-04-22 11:15:00,165.0,165.0
D2,F2-3,0,14,2021-04-23,96,1.0,True,174.0,145.96458664630438,-28.035413353695617,28.035413353695617,2021-04-23 08:30:00,2021-04-23 11:15:00,165.0,165.0
D2,F2-3,0,14,2021-04-24,96,1.0,True,112.0,114.58814294478611,2.5881429447861137,2.5881429447861137,2021-04-24 06:15:00,2021-04-24 06:15:00,0.0,0.0
D2,F2-3,0,14,2021-04-25,96,1.0,True,25.0,34.82698877843162,9.82698877843162,9.82698877843162,2021-04-25 01:30:00,2021-04-25 08:15:00,405.0,405.0
D2,F2-3,0,14,2021-05-03,96,1.0,True,184.0,181.83950008702573,-2.1604999129742737,2.1604999129742737,2021-05-03 08:30:00,2021-05-03 11:30:00,180.0,180.0
D2,F2-3,0,14,2021-05-04,96,1.0,True,181.0,177.94751100910872,-3.052488990891277,3.052488990891277,2021-05-04 08:30:00,2021-05-04 11:00:00,150.0,150.0
D2,F2-3,0,14,2021-05-05,96,1.0,True,120.0,175.8419605837799,55.841960583779894,55.841960583779894,2021-05-05 04:15:00,2021-05-05 08:45:00,270.0,270.0
D2,F2-3,0,14,2021-05-06,96,1.0,True,199.0,177.8316745138386,-21.168325486161393,21.168325486161393,2021-05-06 09:00:00,2021-05-06 13:30:00,270.0,270.0
D2,F2-3,0,14,2021-05-07,96,1.0,True,181.0,180.92163900717247,-0.07836099282752684,0.07836099282752684,2021-05-07 09:00:00,2021-05-07 11:15:00,135.0,135.0
D2,F2-3,0,14,2021-05-08,96,1.0,True,115.0,107.18134157539284,-7.818658424607165,7.818658424607165,2021-05-08 02:00:00,2021-05-08 07:15:00,315.0,315.0
D2,F2-3,0,14,2021-05-09,96,1.0,True,184.0,165.24402177007914,-18.755978229920856,18.755978229920856,2021-05-09 09:00:00,2021-05-09 12:00:00,180.0,180.0
D2,F2-3,0,15,2021-04-19,96,1.0,True,172.0,177.8313021677796,5.831302167779597,5.831302167779597,2021-04-19 08:45:00,2021-04-19 12:00:00,195.0,195.0
D2,F2-3,0,15,2021-04-20,96,1.0,True,172.0,170.4623465799732,-1.5376534200267997,1.5376534200267997,2021-04-20 08:45:00,2021-04-20 13:15:00,270.0,270.0
D2,F2-3,0,15,2021-04-21,96,1.0,True,174.0,166.97723557448475,-7.022764425515248,7.022764425515248,2021-04-21 08:30:00,2021-04-21 14:45:00,375.0,375.0
D2,F2-3,0,15,2021-04-22,96,1.0,True,174.0,168.65551466087842,-5.344485339121576,5.344485339121576,2021-04-22 08:30:00,2021-04-22 12:00:00,210.0,210.0
D2,F2-3,0,15,2021-04-23,96,1.0,True,174.0,148.5808370103611,-25.41916298963889,25.41916298963889,2021-04-23 08:30:00,2021-04-23 14:30:00,360.0,360.0
D2,F2-3,0,15,2021-04-24,96,1.0,True,112.0,113.07008023246941,1.070080232469408,1.070080232469408,2021-04-24 06:15:00,2021-04-24 02:00:00,-255.0,255.0
D2,F2-3,0,15,2021-04-25,96,1.0,True,25.0,33.77926549323831,8.779265493238313,8.779265493238313,2021-04-25 01:30:00,2021-04-25 10:30:00,540.0,540.0
D2,F2-3,0,15,2021-05-03,96,1.0,True,184.0,177.61080314810502,-6.3891968518949795,6.3891968518949795,2021-05-03 08:30:00,2021-05-03 12:00:00,210.0,210.0
D2,F2-3,0,15,2021-05-04,96,1.0,True,181.0,179.46225443778346,-1.5377455622165428,1.5377455622165428,2021-05-04 08:30:00,2021-05-04 11:15:00,165.0,165.0
D2,F2-3,0,15,2021-05-05,96,1.0,True,120.0,174.5586508455442,54.55865084554421,54.55865084554421,2021-05-05 04:15:00,2021-05-05 08:45:00,270.0,270.0
D2,F2-3,0,15,2021-05-06,96,1.0,True,199.0,175.9205535197038,-23.079446480296212,23.079446480296212,2021-05-06 09:00:00,2021-05-06 13:45:00,285.0,285.0
D2,F2-3,0,15,2021-05-07,96,1.0,True,181.0,175.97308255039155,-5.026917449608447,5.026917449608447,2021-05-07 09:00:00,2021-05-07 08:45:00,-15.0,15.0
D2,F2-3,0,15,2021-05-08,96,1.0,True,115.0,109.53770054387954,-5.462299456120462,5.462299456120462,2021-05-08 02:00:00,2021-05-08 06:15:00,255.0,255.0
D2,F2-3,0,15,2021-05-09,96,1.0,True,184.0,163.8804252631445,-20.119574736855498,20.119574736855498,2021-05-09 09:00:00,2021-05-09 14:15:00,315.0,315.0
D2,F2-3,0,16,2021-04-19,96,1.0,True,172.0,188.25289836684456,16.252898366844562,16.252898366844562,2021-04-19 08:45:00,2021-04-19 12:00:00,195.0,195.0
D2,F2-3,0,16,2021-04-20,96,1.0,True,172.0,176.51895587212823,4.518955872128231,4.518955872128231,2021-04-20 08:45:00,2021-04-20 12:00:00,195.0,195.0
D2,F2-3,0,16,2021-04-21,96,1.0,True,174.0,165.25846424362294,-8.741535756377061,8.741535756377061,2021-04-21 08:30:00,2021-04-21 15:30:00,420.0,420.0
D2,F2-3,0,16,2021-04-22,96,1.0,True,174.0,166.73718340850368,-7.262816591496318,7.262816591496318,2021-04-22 08:30:00,2021-04-22 08:30:00,0.0,0.0
D2,F2-3,0,16,2021-04-23,96,1.0,True,174.0,148.2295575766193,-25.7704424233807,25.7704424233807,2021-04-23 08:30:00,2021-04-23 14:30:00,360.0,360.0
D2,F2-3,0,16,2021-04-24,96,1.0,True,112.0,113.22240245260095,1.2224024526009458,1.2224024526009458,2021-04-24 06:15:00,2021-04-24 06:15:00,0.0,0.0
D2,F2-3,0,16,2021-04-25,96,1.0,True,25.0,34.72915441575323,9.729154415753229,9.729154415753229,2021-04-25 01:30:00,2021-04-25 11:15:00,585.0,585.0
D2,F2-3,0,16,2021-05-03,96,1.0,True,184.0,188.9712669061251,4.971266906125095,4.971266906125095,2021-05-03 08:30:00,2021-05-03 12:00:00,210.0,210.0
D2,F2-3,0,16,2021-05-04,96,1.0,True,181.0,185.12386998287832,4.123869982878318,4.123869982878318,2021-05-04 08:30:00,2021-05-04 11:30:00,180.0,180.0
D2,F2-3,0,16,2021-05-05,96,1.0,True,120.0,178.96580140180092,58.96580140180092,58.96580140180092,2021-05-05 04:15:00,2021-05-05 09:00:00,285.0,285.0
D2,F2-3,0,16,2021-05-06,96,1.0,True,199.0,182.9923917879994,-16.007608212000605,16.007608212000605,2021-05-06 09:00:00,2021-05-06 13:45:00,285.0,285.0
D2,F2-3,0,16,2021-05-07,96,1.0,True,181.0,177.49914456853307,-3.500855431466931,3.500855431466931,2021-05-07 09:00:00,2021-05-07 08:45:00,-15.0,15.0
D2,F2-3,0,16,2021-05-08,96,1.0,True,115.0,110.25411258427923,-4.745887415720773,4.745887415720773,2021-05-08 02:00:00,2021-05-08 06:15:00,255.0,255.0
D2,F2-3,0,16,2021-05-09,96,1.0,True,184.0,163.34607807959418,-20.65392192040582,20.65392192040582,2021-05-09 09:00:00,2021-05-09 14:30:00,330.0,330.0
D2,F2-3,1,4,2021-05-31,95,0.9895833333333334,False,172.0,187.54928337661377,15.549283376613772,15.549283376613772,2021-05-31 10:30:00,2021-05-31 09:00:00,-90.0,90.0
D2,F2-3,1,4,2021-06-01,1,0.010416666666666666,False,71.0,75.42874042748635,4.428740427486346,4.428740427486346,2021-06-01 00:00:00,2021-06-01 00:00:00,0.0,0.0
D2,F2-3,1,4,2021-06-20,95,0.9895833333333334,False,28.0,28.31810755950054,0.3181075595005396,0.3181075595005396,2021-06-20 15:15:00,2021-06-20 16:15:00,60.0,60.0
D2,F2-3,1,5,2021-05-31,95,0.9895833333333334,False,172.0,178.8926934739809,6.8926934739808985,6.8926934739808985,2021-05-31 10:30:00,2021-05-31 09:15:00,-75.0,75.0
D2,F2-3,1,5,2021-06-01,1,0.010416666666666666,False,71.0,76.97627480109546,5.976274801095457,5.976274801095457,2021-06-01 00:00:00,2021-06-01 00:00:00,0.0,0.0
D2,F2-3,1,5,2021-06-20,95,0.9895833333333334,False,28.0,27.564570938805968,-0.43542906119403213,0.43542906119403213,2021-06-20 15:15:00,2021-06-20 08:30:00,-405.0,405.0
D2,F2-3,1,6,2021-05-31,95,0.9895833333333334,False,172.0,182.47001762417534,10.470017624175341,10.470017624175341,2021-05-31 10:30:00,2021-05-31 09:00:00,-90.0,90.0
D2,F2-3,1,6,2021-06-01,1,0.010416666666666666,False,71.0,74.04320898490805,3.0432089849080484,3.0432089849080484,2021-06-01 00:00:00,2021-06-01 00:00:00,0.0,0.0
D2,F2-3,1,6,2021-06-20,95,0.9895833333333334,False,28.0,33.49043962259461,5.490439622594607,5.490439622594607,2021-06-20 15:15:00,2021-06-20 08:30:00,-405.0,405.0
D2,F2-3,1,7,2021-05-31,95,0.9895833333333334,False,172.0,186.3590674961032,14.359067496103194,14.359067496103194,2021-05-31 10:30:00,2021-05-31 09:00:00,-90.0,90.0
D2,F2-3,1,7,2021-06-01,1,0.010416666666666666,False,71.0,73.65827031635172,2.658270316351718,2.658270316351718,2021-06-01 00:00:00,2021-06-01 00:00:00,0.0,0.0
D2,F2-3,1,7,2021-06-20,95,0.9895833333333334,False,28.0,27.852023147358338,-0.14797685264166205,0.14797685264166205,2021-06-20 15:15:00,2021-06-20 13:00:00,-135.0,135.0
D2,F2-3,1,8,2021-05-31,95,0.9895833333333334,False,172.0,175.30133812389184,3.3013381238918384,3.3013381238918384,2021-05-31 10:30:00,2021-05-31 09:00:00,-90.0,90.0
D2,F2-3,1,8,2021-06-01,1,0.010416666666666666,False,71.0,73.55404021339531,2.554040213395311,2.554040213395311,2021-06-01 00:00:00,2021-06-01 00:00:00,0.0,0.0
D2,F2-3,1,8,2021-06-20,95,0.9895833333333334,False,28.0,33.66279119886068,5.662791198860681,5.662791198860681,2021-06-20 15:15:00,2021-06-20 08:15:00,-420.0,420.0
D2,F2-3,1,9,2021-05-31,95,0.9895833333333334,False,172.0,175.45821860244277,3.45821860244277,3.45821860244277,2021-05-31 10:30:00,2021-05-31 09:15:00,-75.0,75.0
D2,F2-3,1,9,2021-06-01,1,0.010416666666666666,False,71.0,72.9404311857396,1.9404311857395982,1.9404311857395982,2021-06-01 00:00:00,2021-06-01 00:00:00,0.0,0.0
D2,F2-3,1,9,2021-06-20,95,0.9895833333333334,False,28.0,34.02657006201949,6.026570062019488,6.026570062019488,2021-06-20 15:15:00,2021-06-20 08:30:00,-405.0,405.0
D2,F2-3,1,10,2021-05-31,95,0.9895833333333334,False,172.0,174.4502944482858,2.4502944482858027,2.4502944482858027,2021-05-31 10:30:00,2021-05-31 10:00:00,-30.0,30.0
D2,F2-3,1,10,2021-06-01,1,0.010416666666666666,False,71.0,74.26767551639425,3.267675516394249,3.267675516394249,2021-06-01 00:00:00,2021-06-01 00:00:00,0.0,0.0
D2,F2-3,1,10,2021-06-20,95,0.9895833333333334,False,28.0,27.557275955250816,-0.44272404474918403,0.44272404474918403,2021-06-20 15:15:00,2021-06-20 13:00:00,-135.0,135.0
D2,F2-3,1,11,2021-05-31,95,0.9895833333333334,False,172.0,177.57827919861293,5.5782791986129325,5.5782791986129325,2021-05-31 10:30:00,2021-05-31 10:00:00,-30.0,30.0
D2,F2-3,1,11,2021-06-01,1,0.010416666666666666,False,71.0,73.47771339370273,2.4777133937027287,2.4777133937027287,2021-06-01 00:00:00,2021-06-01 00:00:00,0.0,0.0
D2,F2-3,1,11,2021-06-20,95,0.9895833333333334,False,28.0,27.523584170151604,-0.4764158298483956,0.4764158298483956,2021-06-20 15:15:00,2021-06-20 13:00:00,-135.0,135.0
D2,F2-3,1,12,2021-05-31,95,0.9895833333333334,False,172.0,181.65729734007988,9.657297340079879,9.657297340079879,2021-05-31 10:30:00,2021-05-31 10:00:00,-30.0,30.0
D2,F2-3,1,12,2021-06-01,1,0.010416666666666666,False,71.0,74.04285175862552,3.042851758625517,3.042851758625517,2021-06-01 00:00:00,2021-06-01 00:00:00,0.0,0.0
D2,F2-3,1,12,2021-06-20,95,0.9895833333333334,False,28.0,28.547968034646523,0.547968034646523,0.547968034646523,2021-06-20 15:15:00,2021-06-20 09:45:00,-330.0,330.0
D2,F2-3,1,13,2021-05-31,95,0.9895833333333334,False,172.0,176.29457463637812,4.294574636378115,4.294574636378115,2021-05-31 10:30:00,2021-05-31 10:00:00,-30.0,30.0
D2,F2-3,1,13,2021-06-01,1,0.010416666666666666,False,71.0,75.00086176056331,4.0008617605633106,4.0008617605633106,2021-06-01 00:00:00,2021-06-01 00:00:00,0.0,0.0
D2,F2-3,1,13,2021-06-20,95,0.9895833333333334,False,28.0,28.689866998220033,0.6898669982200332,0.6898669982200332,2021-06-20 15:15:00,2021-06-20 09:45:00,-330.0,330.0
D2,F2-3,1,14,2021-05-31,95,0.9895833333333334,False,172.0,176.48370443842373,4.483704438423729,4.483704438423729,2021-05-31 10:30:00,2021-05-31 10:30:00,0.0,0.0
D2,F2-3,1,14,2021-06-01,1,0.010416666666666666,False,71.0,77.60651096833523,6.606510968335229,6.606510968335229,2021-06-01 00:00:00,2021-06-01 00:00:00,0.0,0.0
D2,F2-3,1,14,2021-06-20,95,0.9895833333333334,False,28.0,27.547130967764907,-0.45286903223509256,0.45286903223509256,2021-06-20 15:15:00,2021-06-20 02:45:00,-750.0,750.0
D2,F2-3,1,15,2021-05-31,95,0.9895833333333334,False,172.0,167.2137302279309,-4.78626977206909,4.78626977206909,2021-05-31 10:30:00,2021-05-31 12:00:00,90.0,90.0
D2,F2-3,1,15,2021-06-01,1,0.010416666666666666,False,71.0,77.38477454099677,6.384774540996773,6.384774540996773,2021-06-01 00:00:00,2021-06-01 00:00:00,0.0,0.0
D2,F2-3,1,15,2021-06-20,95,0.9895833333333334,False,28.0,28.183014580634943,0.1830145806349428,0.1830145806349428,2021-06-20 15:15:00,2021-06-20 02:45:00,-750.0,750.0
D2,F2-3,1,16,2021-05-31,95,0.9895833333333334,False,172.0,166.03188303746757,-5.968116962532434,5.968116962532434,2021-05-31 10:30:00,2021-05-31 12:00:00,90.0,90.0
D2,F2-3,1,16,2021-06-01,1,0.010416666666666666,False,71.0,75.13047162463636,4.130471624636357,4.130471624636357,2021-06-01 00:00:00,2021-06-01 00:00:00,0.0,0.0
D2,F2-3,1,16,2021-06-20,95,0.9895833333333334,False,28.0,28.597011208368976,0.5970112083689756,0.5970112083689756,2021-06-20 15:15:00,2021-06-20 02:45:00,-750.0,750.0
D2,F2-3,2,4,2021-07-12,96,1.0,True,198.0,188.27752045393834,-9.722479546061663,9.722479546061663,2021-07-12 08:45:00,2021-07-12 09:30:00,45.0,45.0
D2,F2-3,2,4,2021-07-13,1,0.010416666666666666,False,79.0,95.53176776118141,16.531767761181413,16.531767761181413,2021-07-13 00:00:00,2021-07-13 00:00:00,0.0,0.0
D2,F2-3,2,4,2021-07-17,80,0.8333333333333334,False,108.0,110.87135204349823,2.8713520434982343,2.8713520434982343,2021-07-17 06:00:00,2021-07-17 04:00:00,-120.0,120.0
D2,F2-3,2,4,2021-07-18,84,0.875,False,28.0,46.73847848327309,18.73847848327309,18.73847848327309,2021-07-18 04:30:00,2021-07-18 08:15:00,225.0,225.0
D2,F2-3,2,4,2021-07-26,84,0.875,False,217.0,210.3391252936083,-6.660874706391695,6.660874706391695,2021-07-26 08:30:00,2021-07-26 11:30:00,180.0,180.0
D2,F2-3,2,4,2021-07-27,84,0.875,False,211.0,189.3020476165429,-21.697952383457107,21.697952383457107,2021-07-27 11:45:00,2021-07-27 10:00:00,-105.0,105.0
D2,F2-3,2,4,2021-07-28,84,0.875,False,212.0,200.36165066569217,-11.638349334307833,11.638349334307833,2021-07-28 12:00:00,2021-07-28 10:00:00,-120.0,120.0
D2,F2-3,2,4,2021-07-29,84,0.875,False,211.0,191.28812919843682,-19.71187080156318,19.71187080156318,2021-07-29 12:00:00,2021-07-29 13:30:00,90.0,90.0
D2,F2-3,2,4,2021-07-30,85,0.8854166666666666,False,212.0,186.2401187309073,-25.759881269092688,25.759881269092688,2021-07-30 12:00:00,2021-07-30 13:45:00,105.0,105.0
D2,F2-3,2,4,2021-07-31,96,1.0,True,80.0,92.48488758240707,12.484887582407069,12.484887582407069,2021-07-31 00:00:00,2021-07-31 00:00:00,0.0,0.0
D2,F2-3,2,4,2021-08-01,96,1.0,True,28.0,36.611110836616,8.611110836616,8.611110836616,2021-08-01 09:00:00,2021-08-01 11:00:00,120.0,120.0
D2,F2-3,2,4,2021-08-09,1,0.010416666666666666,False,21.0,32.3352809724573,11.335280972457298,11.335280972457298,2021-08-09 00:00:00,2021-08-09 00:00:00,0.0,0.0
D2,F2-3,2,5,2021-07-12,96,1.0,True,198.0,185.7928306617973,-12.207169338202704,12.207169338202704,2021-07-12 08:45:00,2021-07-12 09:00:00,15.0,15.0
D2,F2-3,2,5,2021-07-13,1,0.010416666666666666,False,79.0,93.79178654936177,14.791786549361774,14.791786549361774,2021-07-13 00:00:00,2021-07-13 00:00:00,0.0,0.0
D2,F2-3,2,5,2021-07-17,79,0.8229166666666666,False,108.0,110.87511140177432,2.875111401774319,2.875111401774319,2021-07-17 06:00:00,2021-07-17 04:15:00,-105.0,105.0
D2,F2-3,2,5,2021-07-18,84,0.875,False,28.0,52.91033231019736,24.91033231019736,24.91033231019736,2021-07-18 04:30:00,2021-07-18 08:15:00,225.0,225.0
D2,F2-3,2,5,2021-07-26,84,0.875,False,217.0,205.5261636415167,-11.473836358483311,11.473836358483311,2021-07-26 08:30:00,2021-07-26 11:30:00,180.0,180.0
D2,F2-3,2,5,2021-07-27,84,0.875,False,211.0,187.9686118104761,-23.03138818952391,23.03138818952391,2021-07-27 11:45:00,2021-07-27 10:00:00,-105.0,105.0
D2,F2-3,2,5,2021-07-28,84,0.875,False,212.0,198.31643187010664,-13.68356812989336,13.68356812989336,2021-07-28 12:00:00,2021-07-28 10:00:00,-120.0,120.0
D2,F2-3,2,5,2021-07-29,84,0.875,False,211.0,193.0088373196563,-17.991162680343706,17.991162680343706,2021-07-29 12:00:00,2021-07-29 08:30:00,-210.0,210.0
D2,F2-3,2,5,2021-07-30,85,0.8854166666666666,False,212.0,183.64648279671403,-28.353517203285975,28.353517203285975,2021-07-30 12:00:00,2021-07-30 13:45:00,105.0,105.0
D2,F2-3,2,5,2021-07-31,96,1.0,True,80.0,95.37612184490601,15.37612184490601,15.37612184490601,2021-07-31 00:00:00,2021-07-31 01:15:00,75.0,75.0
D2,F2-3,2,5,2021-08-01,96,1.0,True,28.0,32.55416179240033,4.554161792400329,4.554161792400329,2021-08-01 09:00:00,2021-08-01 11:30:00,150.0,150.0
D2,F2-3,2,5,2021-08-09,1,0.010416666666666666,False,21.0,31.244346917134436,10.244346917134436,10.244346917134436,2021-08-09 00:00:00,2021-08-09 00:00:00,0.0,0.0
D2,F2-3,2,6,2021-07-12,96,1.0,True,198.0,194.09578562259907,-3.9042143774009332,3.9042143774009332,2021-07-12 08:45:00,2021-07-12 08:45:00,0.0,0.0
D2,F2-3,2,6,2021-07-13,1,0.010416666666666666,False,79.0,88.10386132500442,9.103861325004416,9.103861325004416,2021-07-13 00:00:00,2021-07-13 00:00:00,0.0,0.0
D2,F2-3,2,6,2021-07-17,78,0.8125,False,108.0,107.82756678922709,-0.1724332107729083,0.1724332107729083,2021-07-17 06:00:00,2021-07-17 06:15:00,15.0,15.0
D2,F2-3,2,6,2021-07-18,84,0.875,False,28.0,56.80091585482689,28.80091585482689,28.80091585482689,2021-07-18 01:15:00,2021-07-18 08:30:00,435.0,435.0
D2,F2-3,2,6,2021-07-26,84,0.875,False,217.0,209.17458819438716,-7.825411805612845,7.825411805612845,2021-07-26 08:30:00,2021-07-26 11:30:00,180.0,180.0
D2,F2-3,2,6,2021-07-27,84,0.875,False,211.0,186.3230744494804,-24.6769255505196,24.6769255505196,2021-07-27 11:45:00,2021-07-27 15:00:00,195.0,195.0
D2,F2-3,2,6,2021-07-28,84,0.875,False,212.0,196.20902779829083,-15.790972201709167,15.790972201709167,2021-07-28 12:00:00,2021-07-28 10:00:00,-120.0,120.0
D2,F2-3,2,6,2021-07-29,84,0.875,False,211.0,194.44948797936803,-16.55051202063197,16.55051202063197,2021-07-29 12:00:00,2021-07-29 08:30:00,-210.0,210.0
D2,F2-3,2,6,2021-07-30,85,0.8854166666666666,False,212.0,184.96226931670486,-27.037730683295138,27.037730683295138,2021-07-30 12:00:00,2021-07-30 14:45:00,165.0,165.0
D2,F2-3,2,6,2021-07-31,96,1.0,True,80.0,97.6715074997612,17.671507499761205,17.671507499761205,2021-07-31 00:00:00,2021-07-31 01:15:00,75.0,75.0
D2,F2-3,2,6,2021-08-01,96,1.0,True,28.0,40.9607758146237,12.960775814623702,12.960775814623702,2021-08-01 09:00:00,2021-08-01 11:45:00,165.0,165.0
D2,F2-3,2,6,2021-08-09,1,0.010416666666666666,False,21.0,39.44530895743468,18.445308957434683,18.445308957434683,2021-08-09 00:00:00,2021-08-09 00:00:00,0.0,0.0
D2,F2-3,2,7,2021-07-12,96,1.0,True,198.0,189.65166256925875,-8.348337430741253,8.348337430741253,2021-07-12 08:45:00,2021-07-12 09:00:00,15.0,15.0
D2,F2-3,2,7,2021-07-13,1,0.010416666666666666,False,79.0,89.15975823877582,10.159758238775822,10.159758238775822,2021-07-13 00:00:00,2021-07-13 00:00:00,0.0,0.0
D2,F2-3,2,7,2021-07-17,77,0.8020833333333334,False,108.0,105.44825344465781,-2.5517465553421914,2.5517465553421914,2021-07-17 06:00:00,2021-07-17 04:45:00,-75.0,75.0
D2,F2-3,2,7,2021-07-18,84,0.875,False,28.0,48.0130529032221,20.013052903222103,20.013052903222103,2021-07-18 01:15:00,2021-07-18 08:30:00,435.0,435.0
D2,F2-3,2,7,2021-07-26,84,0.875,False,217.0,212.58172314327456,-4.418276856725441,4.418276856725441,2021-07-26 08:30:00,2021-07-26 11:30:00,180.0,180.0
D2,F2-3,2,7,2021-07-27,84,0.875,False,211.0,187.49562802107812,-23.50437197892188,23.50437197892188,2021-07-27 11:45:00,2021-07-27 10:30:00,-75.0,75.0
D2,F2-3,2,7,2021-07-28,84,0.875,False,212.0,198.8102366985665,-13.189763301433487,13.189763301433487,2021-07-28 12:00:00,2021-07-28 10:00:00,-120.0,120.0
D2,F2-3,2,7,2021-07-29,84,0.875,False,211.0,194.77800512112293,-16.22199487887707,16.22199487887707,2021-07-29 12:00:00,2021-07-29 08:30:00,-210.0,210.0
D2,F2-3,2,7,2021-07-30,85,0.8854166666666666,False,212.0,179.17474007044373,-32.82525992955627,32.82525992955627,2021-07-30 12:00:00,2021-07-30 14:15:00,135.0,135.0
D2,F2-3,2,7,2021-07-31,96,1.0,True,80.0,108.52701306162105,28.527013061621048,28.527013061621048,2021-07-31 00:00:00,2021-07-31 01:45:00,105.0,105.0
D2,F2-3,2,7,2021-08-01,96,1.0,True,28.0,44.063148446412356,16.063148446412356,16.063148446412356,2021-08-01 09:00:00,2021-08-01 11:00:00,120.0,120.0
D2,F2-3,2,7,2021-08-09,1,0.010416666666666666,False,21.0,54.378176246412956,33.378176246412956,33.378176246412956,2021-08-09 00:00:00,2021-08-09 00:00:00,0.0,0.0
D2,F2-3,2,8,2021-07-12,96,1.0,True,198.0,193.1996464409218,-4.800353559078189,4.800353559078189,2021-07-12 08:45:00,2021-07-12 10:30:00,105.0,105.0
D2,F2-3,2,8,2021-07-13,1,0.010416666666666666,False,79.0,89.90823102531057,10.90823102531057,10.90823102531057,2021-07-13 00:00:00,2021-07-13 00:00:00,0.0,0.0
D2,F2-3,2,8,2021-07-17,76,0.7916666666666666,False,108.0,107.53151899827422,-0.46848100172577745,0.46848100172577745,2021-07-17 06:00:00,2021-07-17 06:15:00,15.0,15.0
D2,F2-3,2,8,2021-07-18,84,0.875,False,28.0,36.73456324643645,8.734563246436451,8.734563246436451,2021-07-18 01:15:00,2021-07-18 09:15:00,480.0,480.0
D2,F2-3,2,8,2021-07-26,84,0.875,False,217.0,213.250221122218,-3.7497788777820062,3.7497788777820062,2021-07-26 08:30:00,2021-07-26 11:30:00,180.0,180.0
D2,F2-3,2,8,2021-07-27,84,0.875,False,211.0,187.73673491495282,-23.26326508504718,23.26326508504718,2021-07-27 11:45:00,2021-07-27 11:00:00,-45.0,45.0
D2,F2-3,2,8,2021-07-28,84,0.875,False,212.0,192.00989287033508,-19.99010712966492,19.99010712966492,2021-07-28 12:00:00,2021-07-28 10:00:00,-120.0,120.0
D2,F2-3,2,8,2021-07-29,84,0.875,False,211.0,195.80794736612512,-15.19205263387488,15.19205263387488,2021-07-29 12:00:00,2021-07-29 08:30:00,-210.0,210.0
D2,F2-3,2,8,2021-07-30,85,0.8854166666666666,False,212.0,177.58716408812126,-34.412835911878744,34.412835911878744,2021-07-30 12:00:00,2021-07-30 16:00:00,240.0,240.0
D2,F2-3,2,8,2021-07-31,96,1.0,True,80.0,110.95317542348374,30.953175423483742,30.953175423483742,2021-07-31 00:00:00,2021-07-31 01:45:00,105.0,105.0
D2,F2-3,2,8,2021-08-01,96,1.0,True,28.0,35.799838625702236,7.799838625702236,7.799838625702236,2021-08-01 09:00:00,2021-08-01 11:45:00,165.0,165.0
D2,F2-3,2,8,2021-08-09,1,0.010416666666666666,False,21.0,69.6582221786889,48.6582221786889,48.6582221786889,2021-08-09 00:00:00,2021-08-09 00:00:00,0.0,0.0
D2,F2-3,2,9,2021-07-12,96,1.0,True,198.0,188.18245468230248,-9.817545317697522,9.817545317697522,2021-07-12 08:45:00,2021-07-12 10:45:00,120.0,120.0
D2,F2-3,2,9,2021-07-13,1,0.010416666666666666,False,79.0,91.51234237361582,12.512342373615823,12.512342373615823,2021-07-13 00:00:00,2021-07-13 00:00:00,0.0,0.0
D2,F2-3,2,9,2021-07-17,75,0.78125,False,108.0,108.26144027429385,0.26144027429384664,0.26144027429384664,2021-07-17 06:00:00,2021-07-17 07:15:00,75.0,75.0
D2,F2-3,2,9,2021-07-18,84,0.875,False,28.0,36.72535369620328,8.725353696203278,8.725353696203278,2021-07-18 01:15:00,2021-07-18 08:30:00,435.0,435.0
D2,F2-3,2,9,2021-07-26,84,0.875,False,217.0,213.59572635592508,-3.4042736440749195,3.4042736440749195,2021-07-26 08:30:00,2021-07-26 11:30:00,180.0,180.0
D2,F2-3,2,9,2021-07-27,84,0.875,False,211.0,187.1148805005223,-23.885119499477696,23.885119499477696,2021-07-27 11:45:00,2021-07-27 11:00:00,-45.0,45.0
D2,F2-3,2,9,2021-07-28,84,0.875,False,212.0,195.1641845451178,-16.83581545488221,16.83581545488221,2021-07-28 12:00:00,2021-07-28 10:00:00,-120.0,120.0
D2,F2-3,2,9,2021-07-29,84,0.875,False,211.0,190.24915954073418,-20.750840459265817,20.750840459265817,2021-07-29 12:00:00,2021-07-29 08:30:00,-210.0,210.0
D2,F2-3,2,9,2021-07-30,85,0.8854166666666666,False,212.0,181.95849653609412,-30.041503463905883,30.041503463905883,2021-07-30 12:00:00,2021-07-30 16:00:00,240.0,240.0
D2,F2-3,2,9,2021-07-31,96,1.0,True,80.0,108.59292688174641,28.592926881746408,28.592926881746408,2021-07-31 00:00:00,2021-07-31 01:45:00,105.0,105.0
D2,F2-3,2,9,2021-08-01,96,1.0,True,28.0,29.743657615405006,1.7436576154050059,1.7436576154050059,2021-08-01 09:00:00,2021-08-01 12:00:00,180.0,180.0
D2,F2-3,2,9,2021-08-09,1,0.010416666666666666,False,21.0,74.22501997352556,53.22501997352556,53.22501997352556,2021-08-09 00:00:00,2021-08-09 00:00:00,0.0,0.0
D2,F2-3,2,10,2021-07-12,96,1.0,True,198.0,188.13613414153377,-9.863865858466227,9.863865858466227,2021-07-12 08:45:00,2021-07-12 11:00:00,135.0,135.0
D2,F2-3,2,10,2021-07-13,1,0.010416666666666666,False,79.0,94.77410808687327,15.77410808687327,15.77410808687327,2021-07-13 00:00:00,2021-07-13 00:00:00,0.0,0.0
D2,F2-3,2,10,2021-07-17,74,0.7708333333333334,False,108.0,107.80650881982262,-0.1934911801773751,0.1934911801773751,2021-07-17 06:00:00,2021-07-17 07:15:00,75.0,75.0
D2,F2-3,2,10,2021-07-18,84,0.875,False,28.0,41.89338342193006,13.89338342193006,13.89338342193006,2021-07-18 01:15:00,2021-07-18 08:30:00,435.0,435.0
D2,F2-3,2,10,2021-07-26,84,0.875,False,217.0,218.34211108012244,1.3421110801224359,1.3421110801224359,2021-07-26 08:30:00,2021-07-26 11:30:00,180.0,180.0
D2,F2-3,2,10,2021-07-27,84,0.875,False,211.0,185.19819214050182,-25.801807859498183,25.801807859498183,2021-07-27 11:45:00,2021-07-27 11:00:00,-45.0,45.0
D2,F2-3,2,10,2021-07-28,84,0.875,False,212.0,189.76816266483692,-22.23183733516308,22.23183733516308,2021-07-28 12:00:00,2021-07-28 10:00:00,-120.0,120.0
D2,F2-3,2,10,2021-07-29,84,0.875,False,211.0,196.04140555017153,-14.958594449828468,14.958594449828468,2021-07-29 12:00:00,2021-07-29 08:30:00,-210.0,210.0
D2,F2-3,2,10,2021-07-30,85,0.8854166666666666,False,212.0,181.435692357538,-30.564307642462012,30.564307642462012,2021-07-30 12:00:00,2021-07-30 16:00:00,240.0,240.0
D2,F2-3,2,10,2021-07-31,96,1.0,True,80.0,107.4554106329192,27.455410632919197,27.455410632919197,2021-07-31 00:00:00,2021-07-31 02:15:00,135.0,135.0
D2,F2-3,2,10,2021-08-01,96,1.0,True,28.0,32.91491649487635,4.914916494876351,4.914916494876351,2021-08-01 09:00:00,2021-08-01 11:45:00,165.0,165.0
D2,F2-3,2,10,2021-08-09,1,0.010416666666666666,False,21.0,67.91347884894611,46.91347884894611,46.91347884894611,2021-08-09 00:00:00,2021-08-09 00:00:00,0.0,0.0
D2,F2-3,2,11,2021-07-12,96,1.0,True,198.0,184.31992817205037,-13.680071827949632,13.680071827949632,2021-07-12 08:45:00,2021-07-12 08:45:00,0.0,0.0
D2,F2-3,2,11,2021-07-13,1,0.010416666666666666,False,79.0,93.71692659530055,14.71692659530055,14.71692659530055,2021-07-13 00:00:00,2021-07-13 00:00:00,0.0,0.0
D2,F2-3,2,11,2021-07-17,73,0.7604166666666666,False,108.0,109.77331428858139,1.773314288581389,1.773314288581389,2021-07-17 06:00:00,2021-07-17 07:15:00,75.0,75.0
D2,F2-3,2,11,2021-07-18,84,0.875,False,28.0,33.87138291941121,5.871382919411211,5.871382919411211,2021-07-18 01:15:00,2021-07-18 11:45:00,630.0,630.0
D2,F2-3,2,11,2021-07-26,84,0.875,False,217.0,215.35400881018134,-1.645991189818659,1.645991189818659,2021-07-26 08:30:00,2021-07-26 11:30:00,180.0,180.0
D2,F2-3,2,11,2021-07-27,84,0.875,False,211.0,186.25325641820203,-24.746743581797972,24.746743581797972,2021-07-27 11:45:00,2021-07-27 11:00:00,-45.0,45.0
D2,F2-3,2,11,2021-07-28,84,0.875,False,212.0,191.0281787435693,-20.9718212564307,20.9718212564307,2021-07-28 12:00:00,2021-07-28 15:00:00,180.0,180.0
D2,F2-3,2,11,2021-07-29,84,0.875,False,211.0,196.49374103629552,-14.506258963704482,14.506258963704482,2021-07-29 12:00:00,2021-07-29 08:30:00,-210.0,210.0
D2,F2-3,2,11,2021-07-30,85,0.8854166666666666,False,212.0,185.29305048539769,-26.706949514602314,26.706949514602314,2021-07-30 12:00:00,2021-07-30 16:00:00,240.0,240.0
D2,F2-3,2,11,2021-07-31,96,1.0,True,80.0,107.3098021425726,27.309802142572593,27.309802142572593,2021-07-31 00:00:00,2021-07-31 01:45:00,105.0,105.0
D2,F2-3,2,11,2021-08-01,96,1.0,True,28.0,37.13817916716706,9.13817916716706,9.13817916716706,2021-08-01 09:00:00,2021-08-01 11:45:00,165.0,165.0
D2,F2-3,2,11,2021-08-09,1,0.010416666666666666,False,21.0,65.48957388077457,44.48957388077457,44.48957388077457,2021-08-09 00:00:00,2021-08-09 00:00:00,0.0,0.0
D2,F2-3,2,12,2021-07-12,96,1.0,True,198.0,181.22164936302067,-16.778350636979326,16.778350636979326,2021-07-12 08:45:00,2021-07-12 11:45:00,180.0,180.0
D2,F2-3,2,12,2021-07-13,1,0.010416666666666666,False,79.0,94.51178582453598,15.511785824535977,15.511785824535977,2021-07-13 00:00:00,2021-07-13 00:00:00,0.0,0.0
D2,F2-3,2,12,2021-07-17,72,0.75,False,108.0,109.46864606183549,1.4686460618354857,1.4686460618354857,2021-07-17 06:00:00,2021-07-17 07:15:00,75.0,75.0
D2,F2-3,2,12,2021-07-18,84,0.875,False,28.0,34.63099696288064,6.630996962880637,6.630996962880637,2021-07-18 01:15:00,2021-07-18 11:45:00,630.0,630.0
D2,F2-3,2,12,2021-07-26,84,0.875,False,217.0,218.55319916722652,1.5531991672265235,1.5531991672265235,2021-07-26 08:30:00,2021-07-26 11:30:00,180.0,180.0
D2,F2-3,2,12,2021-07-27,84,0.875,False,211.0,190.1792704460404,-20.82072955395961,20.82072955395961,2021-07-27 11:45:00,2021-07-27 11:00:00,-45.0,45.0
D2,F2-3,2,12,2021-07-28,84,0.875,False,212.0,188.0861097171947,-23.913890282805312,23.913890282805312,2021-07-28 12:00:00,2021-07-28 14:00:00,120.0,120.0
D2,F2-3,2,12,2021-07-29,84,0.875,False,211.0,198.26202706768973,-12.73797293231027,12.73797293231027,2021-07-29 12:00:00,2021-07-29 08:30:00,-210.0,210.0
D2,F2-3,2,12,2021-07-30,85,0.8854166666666666,False,212.0,183.095746360725,-28.904253639274998,28.904253639274998,2021-07-30 12:00:00,2021-07-30 16:00:00,240.0,240.0
D2,F2-3,2,12,2021-07-31,96,1.0,True,80.0,109.65013282653902,29.65013282653902,29.65013282653902,2021-07-31 00:00:00,2021-07-31 01:45:00,105.0,105.0
D2,F2-3,2,12,2021-08-01,96,1.0,True,28.0,38.172868729466344,10.172868729466344,10.172868729466344,2021-08-01 09:00:00,2021-08-01 12:00:00,180.0,180.0
D2,F2-3,2,12,2021-08-09,1,0.010416666666666666,False,21.0,60.5882931643859,39.5882931643859,39.5882931643859,2021-08-09 00:00:00,2021-08-09 00:00:00,0.0,0.0
D2,F2-3,2,13,2021-07-12,96,1.0,True,198.0,185.14725685745645,-12.852743142543545,12.852743142543545,2021-07-12 08:45:00,2021-07-12 08:45:00,0.0,0.0
D2,F2-3,2,13,2021-07-13,1,0.010416666666666666,False,79.0,90.8801433245309,11.880143324530906,11.880143324530906,2021-07-13 00:00:00,2021-07-13 00:00:00,0.0,0.0
D2,F2-3,2,13,2021-07-17,71,0.7395833333333334,False,96.0,108.98695571106434,12.98695571106434,12.98695571106434,2021-07-17 06:15:00,2021-07-17 07:15:00,60.0,60.0
D2,F2-3,2,13,2021-07-18,84,0.875,False,28.0,34.05208463016901,6.052084630169013,6.052084630169013,2021-07-18 01:15:00,2021-07-18 11:45:00,630.0,630.0
D2,F2-3,2,13,2021-07-26,84,0.875,False,217.0,199.94568778223197,-17.05431221776803,17.05431221776803,2021-07-26 08:30:00,2021-07-26 11:30:00,180.0,180.0
D2,F2-3,2,13,2021-07-27,84,0.875,False,211.0,187.7928571167753,-23.20714288322469,23.20714288322469,2021-07-27 11:45:00,2021-07-27 16:00:00,255.0,255.0
D2,F2-3,2,13,2021-07-28,84,0.875,False,212.0,194.57664726941738,-17.42335273058262,17.42335273058262,2021-07-28 12:00:00,2021-07-28 10:00:00,-120.0,120.0
D2,F2-3,2,13,2021-07-29,84,0.875,False,211.0,195.23667978772943,-15.763320212270571,15.763320212270571,2021-07-29 12:00:00,2021-07-29 08:30:00,-210.0,210.0
D2,F2-3,2,13,2021-07-30,85,0.8854166666666666,False,212.0,188.50776551050473,-23.492234489495274,23.492234489495274,2021-07-30 12:00:00,2021-07-30 16:00:00,240.0,240.0
D2,F2-3,2,13,2021-07-31,96,1.0,True,80.0,108.29192150905368,28.29192150905368,28.29192150905368,2021-07-31 00:00:00,2021-07-31 01:45:00,105.0,105.0
D2,F2-3,2,13,2021-08-01,96,1.0,True,28.0,40.09442973809678,12.094429738096778,12.094429738096778,2021-08-01 09:00:00,2021-08-01 06:00:00,-180.0,180.0
D2,F2-3,2,13,2021-08-09,1,0.010416666666666666,False,21.0,37.01858523392858,16.018585233928583,16.018585233928583,2021-08-09 00:00:00,2021-08-09 00:00:00,0.0,0.0
D2,F2-3,2,14,2021-07-12,96,1.0,True,198.0,180.515737023216,-17.48426297678401,17.48426297678401,2021-07-12 08:45:00,2021-07-12 08:45:00,0.0,0.0
D2,F2-3,2,14,2021-07-13,1,0.010416666666666666,False,79.0,90.2832329636688,11.283232963668794,11.283232963668794,2021-07-13 00:00:00,2021-07-13 00:00:00,0.0,0.0
D2,F2-3,2,14,2021-07-17,70,0.7291666666666666,False,88.0,107.60484171368957,19.604841713689567,19.604841713689567,2021-07-17 07:15:00,2021-07-17 07:15:00,0.0,0.0
D2,F2-3,2,14,2021-07-18,84,0.875,False,28.0,39.642588857911925,11.642588857911925,11.642588857911925,2021-07-18 01:15:00,2021-07-18 09:45:00,510.0,510.0
D2,F2-3,2,14,2021-07-26,84,0.875,False,217.0,198.29540707457866,-18.704592925421338,18.704592925421338,2021-07-26 08:30:00,2021-07-26 11:30:00,180.0,180.0
D2,F2-3,2,14,2021-07-27,84,0.875,False,211.0,182.71395903177267,-28.286040968227326,28.286040968227326,2021-07-27 11:45:00,2021-07-27 14:00:00,135.0,135.0
D2,F2-3,2,14,2021-07-28,84,0.875,False,212.0,191.00530432305226,-20.994695676947742,20.994695676947742,2021-07-28 12:00:00,2021-07-28 10:00:00,-120.0,120.0
D2,F2-3,2,14,2021-07-29,84,0.875,False,211.0,191.27684210462303,-19.72315789537697,19.72315789537697,2021-07-29 12:00:00,2021-07-29 08:30:00,-210.0,210.0
D2,F2-3,2,14,2021-07-30,84,0.875,False,212.0,183.93378484028463,-28.06621515971537,28.06621515971537,2021-07-30 12:00:00,2021-07-30 16:00:00,240.0,240.0
D2,F2-3,2,14,2021-07-31,96,1.0,True,80.0,107.03926599895269,27.039265998952686,27.039265998952686,2021-07-31 00:00:00,2021-07-31 01:45:00,105.0,105.0
D2,F2-3,2,14,2021-08-01,96,1.0,True,28.0,36.243082854245074,8.243082854245074,8.243082854245074,2021-08-01 09:00:00,2021-08-01 05:45:00,-195.0,195.0
D2,F2-3,2,14,2021-08-09,1,0.010416666666666666,False,21.0,42.45218263447837,21.45218263447837,21.45218263447837,2021-08-09 00:00:00,2021-08-09 00:00:00,0.0,0.0
D2,F2-3,2,15,2021-07-12,96,1.0,True,198.0,188.55740127905887,-9.442598720941135,9.442598720941135,2021-07-12 08:45:00,2021-07-12 08:45:00,0.0,0.0
D2,F2-3,2,15,2021-07-13,1,0.010416666666666666,False,79.0,91.15697617622209,12.156976176222088,12.156976176222088,2021-07-13 00:00:00,2021-07-13 00:00:00,0.0,0.0
D2,F2-3,2,15,2021-07-17,69,0.71875,False,88.0,108.97842570792508,20.978425707925084,20.978425707925084,2021-07-17 07:15:00,2021-07-17 07:15:00,0.0,0.0
D2,F2-3,2,15,2021-07-18,84,0.875,False,28.0,48.07428781501159,20.074287815011587,20.074287815011587,2021-07-18 01:15:00,2021-07-18 11:00:00,585.0,585.0
D2,F2-3,2,15,2021-07-26,84,0.875,False,217.0,194.4205213729152,-22.579478627084796,22.579478627084796,2021-07-26 08:30:00,2021-07-26 10:45:00,135.0,135.0
D2,F2-3,2,15,2021-07-27,84,0.875,False,211.0,184.93876305137726,-26.061236948622735,26.061236948622735,2021-07-27 11:45:00,2021-07-27 11:00:00,-45.0,45.0
D2,F2-3,2,15,2021-07-28,84,0.875,False,212.0,185.58059712633784,-26.419402873662165,26.419402873662165,2021-07-28 12:00:00,2021-07-28 14:00:00,120.0,120.0
D2,F2-3,2,15,2021-07-29,84,0.875,False,211.0,185.19095645756673,-25.809043542433272,25.809043542433272,2021-07-29 12:00:00,2021-07-29 08:30:00,-210.0,210.0
D2,F2-3,2,15,2021-07-30,84,0.875,False,212.0,179.85133682410725,-32.14866317589275,32.14866317589275,2021-07-30 12:00:00,2021-07-30 16:00:00,240.0,240.0
D2,F2-3,2,15,2021-07-31,96,1.0,True,80.0,109.42085247860568,29.42085247860568,29.42085247860568,2021-07-31 00:00:00,2021-07-31 01:45:00,105.0,105.0
D2,F2-3,2,15,2021-08-01,96,1.0,True,28.0,43.5129067366787,15.512906736678701,15.512906736678701,2021-08-01 09:00:00,2021-08-01 13:45:00,285.0,285.0
D2,F2-3,2,15,2021-08-09,1,0.010416666666666666,False,21.0,50.916294969092704,29.916294969092704,29.916294969092704,2021-08-09 00:00:00,2021-08-09 00:00:00,0.0,0.0
D2,F2-3,2,16,2021-07-12,96,1.0,True,198.0,184.82891359421325,-13.171086405786752,13.171086405786752,2021-07-12 08:45:00,2021-07-12 11:00:00,135.0,135.0
D2,F2-3,2,16,2021-07-13,1,0.010416666666666666,False,79.0,91.03694394650434,12.036943946504337,12.036943946504337,2021-07-13 00:00:00,2021-07-13 00:00:00,0.0,0.0
D2,F2-3,2,16,2021-07-17,68,0.7083333333333334,False,88.0,106.02912297836221,18.02912297836221,18.02912297836221,2021-07-17 07:15:00,2021-07-17 07:15:00,0.0,0.0
D2,F2-3,2,16,2021-07-18,84,0.875,False,28.0,43.958778156406126,15.958778156406126,15.958778156406126,2021-07-18 01:15:00,2021-07-18 11:00:00,585.0,585.0
D2,F2-3,2,16,2021-07-26,84,0.875,False,217.0,203.80030884271622,-13.19969115728378,13.19969115728378,2021-07-26 08:30:00,2021-07-26 11:30:00,180.0,180.0
D2,F2-3,2,16,2021-07-27,84,0.875,False,211.0,184.5090099442286,-26.49099005577139,26.49099005577139,2021-07-27 11:45:00,2021-07-27 14:00:00,135.0,135.0
D2,F2-3,2,16,2021-07-28,84,0.875,False,212.0,187.05851187595036,-24.94148812404964,24.94148812404964,2021-07-28 12:00:00,2021-07-28 14:00:00,120.0,120.0
D2,F2-3,2,16,2021-07-29,84,0.875,False,211.0,190.1067604396225,-20.89323956037751,20.89323956037751,2021-07-29 12:00:00,2021-07-29 08:30:00,-210.0,210.0
D2,F2-3,2,16,2021-07-30,84,0.875,False,212.0,180.11410725297625,-31.885892747023746,31.885892747023746,2021-07-30 12:00:00,2021-07-30 16:00:00,240.0,240.0
D2,F2-3,2,16,2021-07-31,96,1.0,True,80.0,110.43803915408014,30.438039154080144,30.438039154080144,2021-07-31 00:00:00,2021-07-31 03:45:00,225.0,225.0
D2,F2-3,2,16,2021-08-01,96,1.0,True,28.0,43.500882204634195,15.500882204634195,15.500882204634195,2021-08-01 09:00:00,2021-08-01 05:45:00,-195.0,195.0
D2,F2-3,2,16,2021-08-09,1,0.010416666666666666,False,21.0,29.28647377430151,8.286473774301509,8.286473774301509,2021-08-09 00:00:00,2021-08-09 00:00:00,0.0,0.0
