dataset,model,fold,horizon,target_day,observed_slots,slot_coverage,full_day,actual_daily_max,predicted_daily_max,daily_max_error,daily_max_abs_error,actual_peak_time,predicted_peak_time,timing_error_minutes,timing_abs_error_minutes
D1,F1-6-ridge,0,4,2021-04-19,96,1.0,True,172.0,159.36065854939096,-12.639341450609038,12.639341450609038,2021-04-19 08:45:00,2021-04-19 09:45:00,60.0,60.0
D1,F1-6-ridge,0,4,2021-04-20,96,1.0,True,172.0,168.75703130849092,-3.242968691509077,3.242968691509077,2021-04-20 08:45:00,2021-04-20 09:45:00,60.0,60.0
D1,F1-6-ridge,0,4,2021-04-21,96,1.0,True,174.0,174.83590658804076,0.835906588040757,0.835906588040757,2021-04-21 08:30:00,2021-04-21 12:00:00,210.0,210.0
D1,F1-6-ridge,0,4,2021-04-22,96,1.0,True,174.0,170.99617571023992,-3.0038242897600753,3.0038242897600753,2021-04-22 08:30:00,2021-04-22 12:00:00,210.0,210.0
D1,F1-6-ridge,0,4,2021-04-23,96,1.0,True,174.0,169.38264220454397,-4.61735779545603,4.61735779545603,2021-04-23 08:30:00,2021-04-23 12:00:00,210.0,210.0
D1,F1-6-ridge,0,4,2021-04-24,96,1.0,True,112.0,106.97478519164224,-5.0252148083577595,5.0252148083577595,2021-04-24 06:15:00,2021-04-24 07:15:00,60.0,60.0
D1,F1-6-ridge,0,4,2021-04-25,96,1.0,True,25.0,29.473764488045823,4.473764488045823,4.473764488045823,2021-04-25 01:30:00,2021-04-25 06:00:00,270.0,270.0
D1,F1-6-ridge,0,4,2021-05-03,96,1.0,True,184.0,168.86570599285832,-15.134294007141676,15.134294007141676,2021-05-03 08:30:00,2021-05-03 09:45:00,75.0,75.0
D1,F1-6-ridge,0,4,2021-05-04,96,1.0,True,181.0,178.90170294081878,-2.0982970591812204,2.0982970591812204,2021-05-04 08:30:00,2021-05-04 12:00:00,210.0,210.0
D1,F1-6-ridge,0,4,2021-05-05,96,1.0,True,120.0,121.92988708050004,1.9298870805000377,1.9298870805000377,2021-05-05 04:15:00,2021-05-05 08:30:00,255.0,255.0
D1,F1-6-ridge,0,4,2021-05-06,96,1.0,True,199.0,172.1772187513673,-26.822781248632708,26.822781248632708,2021-05-06 09:00:00,2021-05-06 09:30:00,30.0,30.0
D1,F1-6-ridge,0,4,2021-05-07,96,1.0,True,181.0,170.65331744017868,-10.346682559821318,10.346682559821318,2021-05-07 09:00:00,2021-05-07 09:45:00,45.0,45.0
D1,F1-6-ridge,0,4,2021-05-08,96,1.0,True,115.0,108.31595554093124,-6.684044459068758,6.684044459068758,2021-05-08 02:00:00,2021-05-08 07:15:00,315.0,315.0
D1,F1-6-ridge,0,4,2021-05-09,96,1.0,True,184.0,134.89368455356407,-49.10631544643593,49.10631544643593,2021-05-09 09:00:00,2021-05-09 09:30:00,30.0,30.0
D1,F1-6-ridge,0,5,2021-04-19,96,1.0,True,172.0,159.8293325738649,-12.170667426135111,12.170667426135111,2021-04-19 08:45:00,2021-04-19 13:15:00,270.0,270.0
D1,F1-6-ridge,0,5,2021-04-20,96,1.0,True,172.0,168.43105728794106,-3.5689427120589414,3.5689427120589414,2021-04-20 08:45:00,2021-04-20 13:15:00,270.0,270.0
D1,F1-6-ridge,0,5,2021-04-21,96,1.0,True,174.0,173.15275773014895,-0.8472422698510513,0.8472422698510513,2021-04-21 08:30:00,2021-04-21 12:00:00,210.0,210.0
D1,F1-6-ridge,0,5,2021-04-22,96,1.0,True,174.0,169.06113163191696,-4.938868368083035,4.938868368083035,2021-04-22 08:30:00,2021-04-22 12:00:00,210.0,210.0
D1,F1-6-ridge,0,5,2021-04-23,96,1.0,True,174.0,167.46014548494486,-6.53985451505514,6.53985451505514,2021-04-23 08:30:00,2021-04-23 12:00:00,210.0,210.0
D1,F1-6-ridge,0,5,2021-04-24,96,1.0,True,112.0,105.89824821596527,-6.101751784034732,6.101751784034732,2021-04-24 06:15:00,2021-04-24 07:15:00,60.0,60.0
D1,F1-6-ridge,0,5,2021-04-25,96,1.0,True,25.0,31.63608698255443,6.636086982554431,6.636086982554431,2021-04-25 01:30:00,2021-04-25 06:15:00,285.0,285.0
D1,F1-6-ridge,0,5,2021-05-03,96,1.0,True,184.0,165.39139274978302,-18.608607250216977,18.608607250216977,2021-05-03 08:30:00,2021-05-03 09:45:00,75.0,75.0
D1,F1-6-ridge,0,5,2021-05-04,96,1.0,True,181.0,176.06610622460033,-4.9338937753996674,4.9338937753996674,2021-05-04 08:30:00,2021-05-04 12:00:00,210.0,210.0
D1,F1-6-ridge,0,5,2021-05-05,96,1.0,True,120.0,126.7181869877839,6.718186987783895,6.718186987783895,2021-05-05 04:15:00,2021-05-05 08:30:00,255.0,255.0
D1,F1-6-ridge,0,5,2021-05-06,96,1.0,True,199.0,166.65679516018287,-32.34320483981713,32.34320483981713,2021-05-06 09:00:00,2021-05-06 09:45:00,45.0,45.0
D1,F1-6-ridge,0,5,2021-05-07,96,1.0,True,181.0,170.24447849428327,-10.755521505716729,10.755521505716729,2021-05-07 09:00:00,2021-05-07 14:30:00,330.0,330.0
D1,F1-6-ridge,0,5,2021-05-08,96,1.0,True,115.0,106.2659735959752,-8.734026404024803,8.734026404024803,2021-05-08 02:00:00,2021-05-08 07:30:00,330.0,330.0
D1,F1-6-ridge,0,5,2021-05-09,96,1.0,True,184.0,123.94077327983287,-60.05922672016713,60.05922672016713,2021-05-09 09:00:00,2021-05-09 09:45:00,45.0,45.0
D1,F1-6-ridge,0,6,2021-04-19,96,1.0,True,172.0,159.87874577698994,-12.121254223010055,12.121254223010055,2021-04-19 08:45:00,2021-04-19 13:30:00,285.0,285.0
D1,F1-6-ridge,0,6,2021-04-20,96,1.0,True,172.0,169.90556313654375,-2.0944368634562522,2.0944368634562522,2021-04-20 08:45:00,2021-04-20 12:00:00,195.0,195.0
D1,F1-6-ridge,0,6,2021-04-21,96,1.0,True,174.0,175.28951007816391,1.2895100781639144,1.2895100781639144,2021-04-21 08:30:00,2021-04-21 12:00:00,210.0,210.0
D1,F1-6-ridge,0,6,2021-04-22,96,1.0,True,174.0,170.90565704597003,-3.094342954029969,3.094342954029969,2021-04-22 08:30:00,2021-04-22 12:00:00,210.0,210.0
D1,F1-6-ridge,0,6,2021-04-23,96,1.0,True,174.0,169.25933194704197,-4.7406680529580285,4.7406680529580285,2021-04-23 08:30:00,2021-04-23 12:00:00,210.0,210.0
D1,F1-6-ridge,0,6,2021-04-24,96,1.0,True,112.0,103.6591396730605,-8.340860326939506,8.340860326939506,2021-04-24 06:15:00,2021-04-24 06:15:00,0.0,0.0
D1,F1-6-ridge,0,6,2021-04-25,96,1.0,True,25.0,32.49669778631786,7.49669778631786,7.49669778631786,2021-04-25 01:30:00,2021-04-25 06:30:00,300.0,300.0
D1,F1-6-ridge,0,6,2021-05-03,96,1.0,True,184.0,165.7936362590475,-18.206363740952497,18.206363740952497,2021-05-03 08:30:00,2021-05-03 11:00:00,150.0,150.0
D1,F1-6-ridge,0,6,2021-05-04,96,1.0,True,181.0,178.18641679599236,-2.8135832040076423,2.8135832040076423,2021-05-04 08:30:00,2021-05-04 12:00:00,210.0,210.0
D1,F1-6-ridge,0,6,2021-05-05,96,1.0,True,120.0,130.19486161160734,10.194861611607337,10.194861611607337,2021-05-05 04:15:00,2021-05-05 08:30:00,255.0,255.0
D1,F1-6-ridge,0,6,2021-05-06,96,1.0,True,199.0,168.87938217460385,-30.120617825396153,30.120617825396153,2021-05-06 09:00:00,2021-05-06 11:30:00,150.0,150.0
D1,F1-6-ridge,0,6,2021-05-07,96,1.0,True,181.0,171.12025110185584,-9.879748898144157,9.879748898144157,2021-05-07 09:00:00,2021-05-07 11:00:00,120.0,120.0
D1,F1-6-ridge,0,6,2021-05-08,96,1.0,True,115.0,106.56096789483387,-8.439032105166135,8.439032105166135,2021-05-08 02:00:00,2021-05-08 04:30:00,150.0,150.0
D1,F1-6-ridge,0,6,2021-05-09,96,1.0,True,184.0,123.5835026440207,-60.4164973559793,60.4164973559793,2021-05-09 09:00:00,2021-05-09 11:00:00,120.0,120.0
D1,F1-6-ridge,0,7,2021-04-19,96,1.0,True,172.0,160.74255074971222,-11.257449250287777,11.257449250287777,2021-04-19 08:45:00,2021-04-19 11:30:00,165.0,165.0
D1,F1-6-ridge,0,7,2021-04-20,96,1.0,True,172.0,170.48581259036033,-1.5141874096396748,1.5141874096396748,2021-04-20 08:45:00,2021-04-20 11:30:00,165.0,165.0
D1,F1-6-ridge,0,7,2021-04-21,96,1.0,True,174.0,170.09915494386186,-3.900845056138138,3.900845056138138,2021-04-21 08:30:00,2021-04-21 11:00:00,150.0,150.0
D1,F1-6-ridge,0,7,2021-04-22,96,1.0,True,174.0,168.08899994239792,-5.911000057602081,5.911000057602081,2021-04-22 08:30:00,2021-04-22 11:00:00,150.0,150.0
D1,F1-6-ridge,0,7,2021-04-23,96,1.0,True,174.0,166.42633471214123,-7.573665287858773,7.573665287858773,2021-04-23 08:30:00,2021-04-23 11:00:00,150.0,150.0
D1,F1-6-ridge,0,7,2021-04-24,96,1.0,True,112.0,105.36434682117834,-6.635653178821656,6.635653178821656,2021-04-24 06:15:00,2021-04-24 06:15:00,0.0,0.0
D1,F1-6-ridge,0,7,2021-04-25,96,1.0,True,25.0,33.48775766107782,8.487757661077822,8.487757661077822,2021-04-25 01:30:00,2021-04-25 06:30:00,300.0,300.0
D1,F1-6-ridge,0,7,2021-05-03,96,1.0,True,184.0,167.82679195876423,-16.173208041235767,16.173208041235767,2021-05-03 08:30:00,2021-05-03 11:15:00,165.0,165.0
D1,F1-6-ridge,0,7,2021-05-04,96,1.0,True,181.0,175.71931843885244,-5.28068156114756,5.28068156114756,2021-05-04 08:30:00,2021-05-04 11:30:00,180.0,180.0
D1,F1-6-ridge,0,7,2021-05-05,96,1.0,True,120.0,135.6535409729504,15.653540972950395,15.653540972950395,2021-05-05 04:15:00,2021-05-05 08:30:00,255.0,255.0
D1,F1-6-ridge,0,7,2021-05-06,96,1.0,True,199.0,172.59373942956967,-26.406260570430334,26.406260570430334,2021-05-06 09:00:00,2021-05-06 11:30:00,150.0,150.0
D1,F1-6-ridge,0,7,2021-05-07,96,1.0,True,181.0,171.5723863775459,-9.42761362245409,9.42761362245409,2021-05-07 09:00:00,2021-05-07 10:30:00,90.0,90.0
D1,F1-6-ridge,0,7,2021-05-08,96,1.0,True,115.0,106.42522507509162,-8.574774924908382,8.574774924908382,2021-05-08 02:00:00,2021-05-08 06:30:00,270.0,270.0
D1,F1-6-ridge,0,7,2021-05-09,96,1.0,True,184.0,123.25145636188213,-60.748543638117866,60.748543638117866,2021-05-09 09:00:00,2021-05-09 11:15:00,135.0,135.0
D1,F1-6-ridge,0,8,2021-04-19,96,1.0,True,172.0,161.26469321481972,-10.735306785180285,10.735306785180285,2021-04-19 08:45:00,2021-04-19 12:00:00,195.0,195.0
D1,F1-6-ridge,0,8,2021-04-20,96,1.0,True,172.0,171.3299578642014,-0.6700421357986102,0.6700421357986102,2021-04-20 08:45:00,2021-04-20 12:00:00,195.0,195.0
D1,F1-6-ridge,0,8,2021-04-21,96,1.0,True,174.0,171.0593033178666,-2.9406966821333924,2.9406966821333924,2021-04-21 08:30:00,2021-04-21 10:45:00,135.0,135.0
D1,F1-6-ridge,0,8,2021-04-22,96,1.0,True,174.0,168.497873475949,-5.502126524050993,5.502126524050993,2021-04-22 08:30:00,2021-04-22 10:45:00,135.0,135.0
D1,F1-6-ridge,0,8,2021-04-23,96,1.0,True,174.0,166.8252433996881,-7.174756600311895,7.174756600311895,2021-04-23 08:30:00,2021-04-23 10:45:00,135.0,135.0
D1,F1-6-ridge,0,8,2021-04-24,96,1.0,True,112.0,103.64270664876526,-8.357293351234745,8.357293351234745,2021-04-24 06:15:00,2021-04-24 06:30:00,15.0,15.0
D1,F1-6-ridge,0,8,2021-04-25,96,1.0,True,25.0,34.930299953793686,9.930299953793686,9.930299953793686,2021-04-25 01:30:00,2021-04-25 07:00:00,330.0,330.0
D1,F1-6-ridge,0,8,2021-05-03,96,1.0,True,184.0,168.55022325059184,-15.449776749408159,15.449776749408159,2021-05-03 08:30:00,2021-05-03 11:30:00,180.0,180.0
D1,F1-6-ridge,0,8,2021-05-04,96,1.0,True,181.0,176.88901315130755,-4.110986848692448,4.110986848692448,2021-05-04 08:30:00,2021-05-04 12:00:00,210.0,210.0
D1,F1-6-ridge,0,8,2021-05-05,96,1.0,True,120.0,136.9517062121855,16.951706212185513,16.951706212185513,2021-05-05 04:15:00,2021-05-05 08:30:00,255.0,255.0
D1,F1-6-ridge,0,8,2021-05-06,96,1.0,True,199.0,174.9252105820769,-24.074789417923114,24.074789417923114,2021-05-06 09:00:00,2021-05-06 11:30:00,150.0,150.0
D1,F1-6-ridge,0,8,2021-05-07,96,1.0,True,181.0,172.05704764715512,-8.942952352844884,8.942952352844884,2021-05-07 09:00:00,2021-05-07 11:00:00,120.0,120.0
D1,F1-6-ridge,0,8,2021-05-08,96,1.0,True,115.0,107.54950933477973,-7.450490665220272,7.450490665220272,2021-05-08 02:00:00,2021-05-08 06:30:00,270.0,270.0
D1,F1-6-ridge,0,8,2021-05-09,96,1.0,True,184.0,124.39174307876357,-59.60825692123643,59.60825692123643,2021-05-09 09:00:00,2021-05-09 11:00:00,120.0,120.0
D1,F1-6-ridge,0,9,2021-04-19,96,1.0,True,172.0,165.06150674199995,-6.938493258000051,6.938493258000051,2021-04-19 08:45:00,2021-04-19 11:00:00,135.0,135.0
D1,F1-6-ridge,0,9,2021-04-20,96,1.0,True,172.0,174.1043730246605,2.1043730246605037,2.1043730246605037,2021-04-20 08:45:00,2021-04-20 11:00:00,135.0,135.0
D1,F1-6-ridge,0,9,2021-04-21,96,1.0,True,174.0,174.57719678413,0.5771967841299954,0.5771967841299954,2021-04-21 08:30:00,2021-04-21 13:15:00,285.0,285.0
D1,F1-6-ridge,0,9,2021-04-22,96,1.0,True,174.0,171.30890002639956,-2.691099973600444,2.691099973600444,2021-04-22 08:30:00,2021-04-22 13:15:00,285.0,285.0
D1,F1-6-ridge,0,9,2021-04-23,96,1.0,True,174.0,169.5751318416522,-4.424868158347806,4.424868158347806,2021-04-23 08:30:00,2021-04-23 13:15:00,285.0,285.0
D1,F1-6-ridge,0,9,2021-04-24,96,1.0,True,112.0,105.4630986429969,-6.536901357003103,6.536901357003103,2021-04-24 06:15:00,2021-04-24 06:15:00,0.0,0.0
D1,F1-6-ridge,0,9,2021-04-25,96,1.0,True,25.0,35.727277242716916,10.727277242716916,10.727277242716916,2021-04-25 01:30:00,2021-04-25 07:00:00,330.0,330.0
D1,F1-6-ridge,0,9,2021-05-03,96,1.0,True,184.0,172.6714748129418,-11.328525187058204,11.328525187058204,2021-05-03 08:30:00,2021-05-03 11:00:00,150.0,150.0
D1,F1-6-ridge,0,9,2021-05-04,96,1.0,True,181.0,177.88838520852977,-3.111614791470231,3.111614791470231,2021-05-04 08:30:00,2021-05-04 12:00:00,210.0,210.0
D1,F1-6-ridge,0,9,2021-05-05,96,1.0,True,120.0,135.30005385241319,15.300053852413185,15.300053852413185,2021-05-05 04:15:00,2021-05-05 08:30:00,255.0,255.0
D1,F1-6-ridge,0,9,2021-05-06,96,1.0,True,199.0,174.2219790977607,-24.77802090223929,24.77802090223929,2021-05-06 09:00:00,2021-05-06 11:45:00,165.0,165.0
D1,F1-6-ridge,0,9,2021-05-07,96,1.0,True,181.0,175.28908102581602,-5.710918974183983,5.710918974183983,2021-05-07 09:00:00,2021-05-07 11:00:00,120.0,120.0
D1,F1-6-ridge,0,9,2021-05-08,96,1.0,True,115.0,107.67437559730519,-7.325624402694814,7.325624402694814,2021-05-08 02:00:00,2021-05-08 06:30:00,270.0,270.0
D1,F1-6-ridge,0,9,2021-05-09,96,1.0,True,184.0,124.86801288090436,-59.13198711909564,59.13198711909564,2021-05-09 09:00:00,2021-05-09 10:45:00,105.0,105.0
D1,F1-6-ridge,0,10,2021-04-19,96,1.0,True,172.0,164.84911837293268,-7.150881627067321,7.150881627067321,2021-04-19 08:45:00,2021-04-19 11:15:00,150.0,150.0
D1,F1-6-ridge,0,10,2021-04-20,96,1.0,True,172.0,174.84969926731884,2.84969926731884,2.84969926731884,2021-04-20 08:45:00,2021-04-20 11:15:00,150.0,150.0
D1,F1-6-ridge,0,10,2021-04-21,96,1.0,True,174.0,176.75189139342461,2.7518913934246143,2.7518913934246143,2021-04-21 08:30:00,2021-04-21 13:30:00,300.0,300.0
D1,F1-6-ridge,0,10,2021-04-22,96,1.0,True,174.0,172.58044205987224,-1.4195579401277598,1.4195579401277598,2021-04-22 08:30:00,2021-04-22 13:30:00,300.0,300.0
D1,F1-6-ridge,0,10,2021-04-23,96,1.0,True,174.0,170.79275792267512,-3.207242077324878,3.207242077324878,2021-04-23 08:30:00,2021-04-23 13:30:00,300.0,300.0
D1,F1-6-ridge,0,10,2021-04-24,96,1.0,True,112.0,105.76019646687067,-6.239803533129333,6.239803533129333,2021-04-24 06:15:00,2021-04-24 02:00:00,-255.0,255.0
D1,F1-6-ridge,0,10,2021-04-25,96,1.0,True,25.0,35.931291385149514,10.931291385149514,10.931291385149514,2021-04-25 01:30:00,2021-04-25 07:30:00,360.0,360.0
D1,F1-6-ridge,0,10,2021-05-03,96,1.0,True,184.0,176.47348533433524,-7.526514665664763,7.526514665664763,2021-05-03 08:30:00,2021-05-03 11:15:00,165.0,165.0
D1,F1-6-ridge,0,10,2021-05-04,96,1.0,True,181.0,178.72809396056306,-2.271906039436942,2.271906039436942,2021-05-04 08:30:00,2021-05-04 11:00:00,150.0,150.0
D1,F1-6-ridge,0,10,2021-05-05,96,1.0,True,120.0,137.2480898943764,17.248089894376392,17.248089894376392,2021-05-05 04:15:00,2021-05-05 08:30:00,255.0,255.0
D1,F1-6-ridge,0,10,2021-05-06,96,1.0,True,199.0,175.92850092314785,-23.07149907685215,23.07149907685215,2021-05-06 09:00:00,2021-05-06 11:30:00,150.0,150.0
D1,F1-6-ridge,0,10,2021-05-07,96,1.0,True,181.0,174.28768927326,-6.712310726739986,6.712310726739986,2021-05-07 09:00:00,2021-05-07 11:15:00,135.0,135.0
D1,F1-6-ridge,0,10,2021-05-08,96,1.0,True,115.0,107.10363190990712,-7.896368090092878,7.896368090092878,2021-05-08 02:00:00,2021-05-08 06:45:00,285.0,285.0
D1,F1-6-ridge,0,10,2021-05-09,96,1.0,True,184.0,127.64299374027173,-56.357006259728266,56.357006259728266,2021-05-09 09:00:00,2021-05-09 11:00:00,120.0,120.0
D1,F1-6-ridge,0,11,2021-04-19,96,1.0,True,172.0,165.2381942440681,-6.761805755931903,6.761805755931903,2021-04-19 08:45:00,2021-04-19 11:30:00,165.0,165.0
D1,F1-6-ridge,0,11,2021-04-20,96,1.0,True,172.0,175.09980489620776,3.0998048962077576,3.0998048962077576,2021-04-20 08:45:00,2021-04-20 11:30:00,165.0,165.0
D1,F1-6-ridge,0,11,2021-04-21,96,1.0,True,174.0,176.27965238551363,2.2796523855136286,2.2796523855136286,2021-04-21 08:30:00,2021-04-21 13:30:00,300.0,300.0
D1,F1-6-ridge,0,11,2021-04-22,96,1.0,True,174.0,172.41259568388142,-1.5874043161185796,1.5874043161185796,2021-04-22 08:30:00,2021-04-22 13:45:00,315.0,315.0
D1,F1-6-ridge,0,11,2021-04-23,96,1.0,True,174.0,170.60444986597943,-3.395550134020567,3.395550134020567,2021-04-23 08:30:00,2021-04-23 13:45:00,315.0,315.0
D1,F1-6-ridge,0,11,2021-04-24,96,1.0,True,112.0,106.30443567918934,-5.695564320810661,5.695564320810661,2021-04-24 06:15:00,2021-04-24 06:15:00,0.0,0.0
D1,F1-6-ridge,0,11,2021-04-25,96,1.0,True,25.0,36.22857375914051,11.22857375914051,11.22857375914051,2021-04-25 01:30:00,2021-04-25 07:30:00,360.0,360.0
D1,F1-6-ridge,0,11,2021-05-03,96,1.0,True,184.0,179.09021073385637,-4.909789266143633,4.909789266143633,2021-05-03 08:30:00,2021-05-03 11:15:00,165.0,165.0
D1,F1-6-ridge,0,11,2021-05-04,96,1.0,True,181.0,180.65762727733247,-0.34237272266753394,0.34237272266753394,2021-05-04 08:30:00,2021-05-04 11:15:00,165.0,165.0
D1,F1-6-ridge,0,11,2021-05-05,96,1.0,True,120.0,140.6521694536009,20.65216945360089,20.65216945360089,2021-05-05 04:15:00,2021-05-05 08:30:00,255.0,255.0
D1,F1-6-ridge,0,11,2021-05-06,96,1.0,True,199.0,178.40416230296262,-20.595837697037382,20.595837697037382,2021-05-06 09:00:00,2021-05-06 11:15:00,135.0,135.0
D1,F1-6-ridge,0,11,2021-05-07,96,1.0,True,181.0,174.20848665850815,-6.79151334149185,6.79151334149185,2021-05-07 09:00:00,2021-05-07 11:30:00,150.0,150.0
D1,F1-6-ridge,0,11,2021-05-08,96,1.0,True,115.0,107.8267012638849,-7.1732987361151,7.1732987361151,2021-05-08 02:00:00,2021-05-08 06:15:00,255.0,255.0
D1,F1-6-ridge,0,11,2021-05-09,96,1.0,True,184.0,126.46976368719817,-57.53023631280183,57.53023631280183,2021-05-09 09:00:00,2021-05-09 11:15:00,135.0,135.0
D1,F1-6-ridge,0,12,2021-04-19,96,1.0,True,172.0,164.3949207251692,-7.605079274830814,7.605079274830814,2021-04-19 08:45:00,2021-04-19 11:45:00,180.0,180.0
D1,F1-6-ridge,0,12,2021-04-20,96,1.0,True,172.0,174.87766430460374,2.8776643046037407,2.8776643046037407,2021-04-20 08:45:00,2021-04-20 11:45:00,180.0,180.0
D1,F1-6-ridge,0,12,2021-04-21,96,1.0,True,174.0,177.42214383517197,3.4221438351719655,3.4221438351719655,2021-04-21 08:30:00,2021-04-21 13:30:00,300.0,300.0
D1,F1-6-ridge,0,12,2021-04-22,96,1.0,True,174.0,172.94902539116364,-1.0509746088363556,1.0509746088363556,2021-04-22 08:30:00,2021-04-22 13:30:00,300.0,300.0
D1,F1-6-ridge,0,12,2021-04-23,96,1.0,True,174.0,171.21613536425244,-2.7838646357475625,2.7838646357475625,2021-04-23 08:30:00,2021-04-23 13:30:00,300.0,300.0
D1,F1-6-ridge,0,12,2021-04-24,96,1.0,True,112.0,106.92724213327786,-5.072757866722142,5.072757866722142,2021-04-24 06:15:00,2021-04-24 02:00:00,-255.0,255.0
D1,F1-6-ridge,0,12,2021-04-25,96,1.0,True,25.0,36.64139950323643,11.641399503236428,11.641399503236428,2021-04-25 01:30:00,2021-04-25 08:00:00,390.0,390.0
D1,F1-6-ridge,0,12,2021-05-03,96,1.0,True,184.0,177.55622292293927,-6.44377707706073,6.44377707706073,2021-05-03 08:30:00,2021-05-03 11:30:00,180.0,180.0
D1,F1-6-ridge,0,12,2021-05-04,96,1.0,True,181.0,179.43894293013915,-1.5610570698608512,1.5610570698608512,2021-05-04 08:30:00,2021-05-04 11:30:00,180.0,180.0
D1,F1-6-ridge,0,12,2021-05-05,96,1.0,True,120.0,141.01930440548998,21.019304405489976,21.019304405489976,2021-05-05 04:15:00,2021-05-05 08:30:00,255.0,255.0
D1,F1-6-ridge,0,12,2021-05-06,96,1.0,True,199.0,181.85084578528145,-17.14915421471855,17.14915421471855,2021-05-06 09:00:00,2021-05-06 11:30:00,150.0,150.0
D1,F1-6-ridge,0,12,2021-05-07,96,1.0,True,181.0,172.0972972688564,-8.902702731143592,8.902702731143592,2021-05-07 09:00:00,2021-05-07 11:45:00,165.0,165.0
D1,F1-6-ridge,0,12,2021-05-08,96,1.0,True,115.0,108.24889033138578,-6.75110966861422,6.75110966861422,2021-05-08 02:00:00,2021-05-08 06:30:00,270.0,270.0
D1,F1-6-ridge,0,12,2021-05-09,96,1.0,True,184.0,123.23672266985888,-60.76327733014112,60.76327733014112,2021-05-09 09:00:00,2021-05-09 11:30:00,150.0,150.0
D1,F1-6-ridge,0,13,2021-04-19,96,1.0,True,172.0,163.96572098202353,-8.034279017976473,8.034279017976473,2021-04-19 08:45:00,2021-04-19 12:00:00,195.0,195.0
D1,F1-6-ridge,0,13,2021-04-20,96,1.0,True,172.0,174.78397739299248,2.783977392992483,2.783977392992483,2021-04-20 08:45:00,2021-04-20 12:00:00,195.0,195.0
D1,F1-6-ridge,0,13,2021-04-21,96,1.0,True,174.0,175.87441015882683,1.8744101588268336,1.8744101588268336,2021-04-21 08:30:00,2021-04-21 13:45:00,315.0,315.0
D1,F1-6-ridge,0,13,2021-04-22,96,1.0,True,174.0,171.7873850073342,-2.212614992665806,2.212614992665806,2021-04-22 08:30:00,2021-04-22 13:45:00,315.0,315.0
D1,F1-6-ridge,0,13,2021-04-23,96,1.0,True,174.0,170.11084488345273,-3.889155116547272,3.889155116547272,2021-04-23 08:30:00,2021-04-23 13:45:00,315.0,315.0
D1,F1-6-ridge,0,13,2021-04-24,96,1.0,True,112.0,109.91202165727147,-2.087978342728533,2.087978342728533,2021-04-24 06:15:00,2021-04-24 01:45:00,-270.0,270.0
D1,F1-6-ridge,0,13,2021-04-25,96,1.0,True,25.0,37.90385417422142,12.903854174221422,12.903854174221422,2021-04-25 01:30:00,2021-04-25 08:15:00,405.0,405.0
D1,F1-6-ridge,0,13,2021-05-03,96,1.0,True,184.0,174.72302399606122,-9.276976003938785,9.276976003938785,2021-05-03 08:30:00,2021-05-03 11:45:00,195.0,195.0
D1,F1-6-ridge,0,13,2021-05-04,96,1.0,True,181.0,178.80977668493875,-2.190223315061246,2.190223315061246,2021-05-04 08:30:00,2021-05-04 11:45:00,195.0,195.0
D1,F1-6-ridge,0,13,2021-05-05,96,1.0,True,120.0,143.09046455905874,23.090464559058745,23.090464559058745,2021-05-05 04:15:00,2021-05-05 08:30:00,255.0,255.0
D1,F1-6-ridge,0,13,2021-05-06,96,1.0,True,199.0,177.08212889833413,-21.917871101665867,21.917871101665867,2021-05-06 09:00:00,2021-05-06 11:45:00,165.0,165.0
D1,F1-6-ridge,0,13,2021-05-07,96,1.0,True,181.0,165.51252010169713,-15.487479898302865,15.487479898302865,2021-05-07 09:00:00,2021-05-07 12:00:00,180.0,180.0
D1,F1-6-ridge,0,13,2021-05-08,96,1.0,True,115.0,108.37749943079072,-6.622500569209279,6.622500569209279,2021-05-08 02:00:00,2021-05-08 06:15:00,255.0,255.0
D1,F1-6-ridge,0,13,2021-05-09,96,1.0,True,184.0,118.94123846486846,-65.05876153513154,65.05876153513154,2021-05-09 09:00:00,2021-05-09 11:45:00,165.0,165.0
D1,F1-6-ridge,0,14,2021-04-19,96,1.0,True,172.0,165.55177211412246,-6.448227885877543,6.448227885877543,2021-04-19 08:45:00,2021-04-19 13:15:00,270.0,270.0
D1,F1-6-ridge,0,14,2021-04-20,96,1.0,True,172.0,175.01238499635673,3.0123849963567295,3.0123849963567295,2021-04-20 08:45:00,2021-04-20 13:15:00,270.0,270.0
D1,F1-6-ridge,0,14,2021-04-21,96,1.0,True,174.0,171.99779261583103,-2.002207384168969,2.002207384168969,2021-04-21 08:30:00,2021-04-21 12:00:00,210.0,210.0
D1,F1-6-ridge,0,14,2021-04-22,96,1.0,True,174.0,167.84419626452828,-6.155803735471721,6.155803735471721,2021-04-22 08:30:00,2021-04-22 14:30:00,360.0,360.0
D1,F1-6-ridge,0,14,2021-04-23,96,1.0,True,174.0,166.21990999115596,-7.7800900088440414,7.7800900088440414,2021-04-23 08:30:00,2021-04-23 14:30:00,360.0,360.0
D1,F1-6-ridge,0,14,2021-04-24,96,1.0,True,112.0,111.74903232445305,-0.25096767554694566,0.25096767554694566,2021-04-24 06:15:00,2021-04-24 02:00:00,-255.0,255.0
D1,F1-6-ridge,0,14,2021-04-25,96,1.0,True,25.0,38.0543321651514,13.0543321651514,13.0543321651514,2021-04-25 01:30:00,2021-04-25 08:15:00,405.0,405.0
D1,F1-6-ridge,0,14,2021-05-03,96,1.0,True,184.0,171.20513648434485,-12.794863515655152,12.794863515655152,2021-05-03 08:30:00,2021-05-03 12:00:00,210.0,210.0
D1,F1-6-ridge,0,14,2021-05-04,96,1.0,True,181.0,179.28186673202285,-1.7181332679771515,1.7181332679771515,2021-05-04 08:30:00,2021-05-04 12:00:00,210.0,210.0
D1,F1-6-ridge,0,14,2021-05-05,96,1.0,True,120.0,147.0855492945049,27.085549294504887,27.085549294504887,2021-05-05 04:15:00,2021-05-05 08:30:00,255.0,255.0
D1,F1-6-ridge,0,14,2021-05-06,96,1.0,True,199.0,170.59527385797412,-28.40472614202588,28.40472614202588,2021-05-06 09:00:00,2021-05-06 12:00:00,180.0,180.0
D1,F1-6-ridge,0,14,2021-05-07,96,1.0,True,181.0,169.9142945582936,-11.08570544170641,11.08570544170641,2021-05-07 09:00:00,2021-05-07 14:30:00,330.0,330.0
D1,F1-6-ridge,0,14,2021-05-08,96,1.0,True,115.0,108.56843704606246,-6.431562953937544,6.431562953937544,2021-05-08 02:00:00,2021-05-08 06:30:00,270.0,270.0
D1,F1-6-ridge,0,14,2021-05-09,96,1.0,True,184.0,112.61911601153518,-71.38088398846482,71.38088398846482,2021-05-09 09:00:00,2021-05-09 12:00:00,180.0,180.0
D1,F1-6-ridge,0,15,2021-04-19,96,1.0,True,172.0,168.5087054998014,-3.4912945001985918,3.4912945001985918,2021-04-19 08:45:00,2021-04-19 13:30:00,285.0,285.0
D1,F1-6-ridge,0,15,2021-04-20,96,1.0,True,172.0,178.89411872045798,6.894118720457982,6.894118720457982,2021-04-20 08:45:00,2021-04-20 13:30:00,285.0,285.0
D1,F1-6-ridge,0,15,2021-04-21,96,1.0,True,174.0,170.3612860157919,-3.6387139842080956,3.6387139842080956,2021-04-21 08:30:00,2021-04-21 14:45:00,375.0,375.0
D1,F1-6-ridge,0,15,2021-04-22,96,1.0,True,174.0,166.81771744189416,-7.18228255810584,7.18228255810584,2021-04-22 08:30:00,2021-04-22 14:30:00,360.0,360.0
D1,F1-6-ridge,0,15,2021-04-23,96,1.0,True,174.0,165.2255106184254,-8.774489381574597,8.774489381574597,2021-04-23 08:30:00,2021-04-23 14:30:00,360.0,360.0
D1,F1-6-ridge,0,15,2021-04-24,96,1.0,True,112.0,106.33865004424658,-5.661349955753423,5.661349955753423,2021-04-24 06:15:00,2021-04-24 06:15:00,0.0,0.0
D1,F1-6-ridge,0,15,2021-04-25,96,1.0,True,25.0,38.43569791796321,13.43569791796321,13.43569791796321,2021-04-25 01:30:00,2021-04-25 09:30:00,480.0,480.0
D1,F1-6-ridge,0,15,2021-05-03,96,1.0,True,184.0,170.532269134923,-13.467730865076987,13.467730865076987,2021-05-03 08:30:00,2021-05-03 13:15:00,285.0,285.0
D1,F1-6-ridge,0,15,2021-05-04,96,1.0,True,181.0,178.03335808941563,-2.9666419105843715,2.9666419105843715,2021-05-04 08:30:00,2021-05-04 13:30:00,300.0,300.0
D1,F1-6-ridge,0,15,2021-05-05,96,1.0,True,120.0,152.36337465909585,32.363374659095854,32.363374659095854,2021-05-05 04:15:00,2021-05-05 08:30:00,255.0,255.0
D1,F1-6-ridge,0,15,2021-05-06,96,1.0,True,199.0,172.34623399241588,-26.653766007584125,26.653766007584125,2021-05-06 09:00:00,2021-05-06 13:30:00,270.0,270.0
D1,F1-6-ridge,0,15,2021-05-07,96,1.0,True,181.0,167.19874286113222,-13.801257138867783,13.801257138867783,2021-05-07 09:00:00,2021-05-07 14:45:00,345.0,345.0
D1,F1-6-ridge,0,15,2021-05-08,96,1.0,True,115.0,109.10049340977163,-5.89950659022837,5.89950659022837,2021-05-08 02:00:00,2021-05-08 06:45:00,285.0,285.0
D1,F1-6-ridge,0,15,2021-05-09,96,1.0,True,184.0,110.93509826188654,-73.06490173811346,73.06490173811346,2021-05-09 09:00:00,2021-05-09 13:15:00,255.0,255.0
D1,F1-6-ridge,0,16,2021-04-19,96,1.0,True,172.0,172.03729572737302,0.03729572737302078,0.03729572737302078,2021-04-19 08:45:00,2021-04-19 13:45:00,300.0,300.0
D1,F1-6-ridge,0,16,2021-04-20,96,1.0,True,172.0,182.33255531800262,10.332555318002619,10.332555318002619,2021-04-20 08:45:00,2021-04-20 13:45:00,300.0,300.0
D1,F1-6-ridge,0,16,2021-04-21,96,1.0,True,174.0,178.9947554960247,4.994755496024709,4.994755496024709,2021-04-21 08:30:00,2021-04-21 13:15:00,285.0,285.0
D1,F1-6-ridge,0,16,2021-04-22,96,1.0,True,174.0,174.91183005125725,0.9118300512572546,0.9118300512572546,2021-04-22 08:30:00,2021-04-22 13:15:00,285.0,285.0
D1,F1-6-ridge,0,16,2021-04-23,96,1.0,True,174.0,173.3286019993422,-0.6713980006578026,0.6713980006578026,2021-04-23 08:30:00,2021-04-23 13:15:00,285.0,285.0
D1,F1-6-ridge,0,16,2021-04-24,96,1.0,True,112.0,107.62121302033208,-4.378786979667922,4.378786979667922,2021-04-24 06:15:00,2021-04-24 02:00:00,-255.0,255.0
D1,F1-6-ridge,0,16,2021-04-25,96,1.0,True,25.0,39.669507079021265,14.669507079021265,14.669507079021265,2021-04-25 01:30:00,2021-04-25 09:45:00,495.0,495.0
D1,F1-6-ridge,0,16,2021-05-03,96,1.0,True,184.0,174.47491402026571,-9.525085979734286,9.525085979734286,2021-05-03 08:30:00,2021-05-03 13:30:00,300.0,300.0
D1,F1-6-ridge,0,16,2021-05-04,96,1.0,True,181.0,181.08224498407657,0.08224498407656711,0.08224498407656711,2021-05-04 08:30:00,2021-05-04 13:45:00,315.0,315.0
D1,F1-6-ridge,0,16,2021-05-05,96,1.0,True,120.0,153.96938825924303,33.96938825924303,33.96938825924303,2021-05-05 04:15:00,2021-05-05 08:30:00,255.0,255.0
D1,F1-6-ridge,0,16,2021-05-06,96,1.0,True,199.0,177.2922956370162,-21.707704362983804,21.707704362983804,2021-05-06 09:00:00,2021-05-06 13:30:00,270.0,270.0
D1,F1-6-ridge,0,16,2021-05-07,96,1.0,True,181.0,169.35951600780174,-11.640483992198256,11.640483992198256,2021-05-07 09:00:00,2021-05-07 14:30:00,330.0,330.0
D1,F1-6-ridge,0,16,2021-05-08,96,1.0,True,115.0,106.62980615978098,-8.370193840219017,8.370193840219017,2021-05-08 02:00:00,2021-05-08 07:00:00,300.0,300.0
D1,F1-6-ridge,0,16,2021-05-09,96,1.0,True,184.0,113.55556073361822,-70.44443926638178,70.44443926638178,2021-05-09 09:00:00,2021-05-09 13:30:00,270.0,270.0
D1,F1-6-ridge,1,4,2021-05-31,96,1.0,True,172.0,161.3441305688478,-10.655869431152212,10.655869431152212,2021-05-31 10:30:00,2021-05-31 14:30:00,240.0,240.0
D1,F1-6-ridge,1,4,2021-06-01,96,1.0,True,195.0,182.93451654135765,-12.065483458642348,12.065483458642348,2021-06-01 09:00:00,2021-06-01 11:30:00,150.0,150.0
D1,F1-6-ridge,1,4,2021-06-02,96,1.0,True,191.0,186.77743945194453,-4.222560548055469,4.222560548055469,2021-06-02 10:45:00,2021-06-02 14:30:00,225.0,225.0
D1,F1-6-ridge,1,4,2021-06-03,96,1.0,True,181.0,171.2331088672637,-9.766891132736305,9.766891132736305,2021-06-03 08:30:00,2021-06-03 09:30:00,60.0,60.0
D1,F1-6-ridge,1,4,2021-06-04,96,1.0,True,173.0,171.39430026366313,-1.6056997363368737,1.6056997363368737,2021-06-04 10:45:00,2021-06-04 12:00:00,75.0,75.0
D1,F1-6-ridge,1,4,2021-06-05,96,1.0,True,116.0,110.5746328220905,-5.425367177909493,5.425367177909493,2021-06-05 01:45:00,2021-06-05 02:45:00,60.0,60.0
D1,F1-6-ridge,1,4,2021-06-06,96,1.0,True,27.0,31.16390327565346,4.16390327565346,4.16390327565346,2021-06-06 01:30:00,2021-06-06 08:45:00,435.0,435.0
D1,F1-6-ridge,1,4,2021-06-14,96,1.0,True,204.0,176.43563434030182,-27.564365659698183,27.564365659698183,2021-06-14 09:00:00,2021-06-14 14:30:00,330.0,330.0
D1,F1-6-ridge,1,4,2021-06-15,96,1.0,True,198.0,186.67971856911208,-11.320281430887917,11.320281430887917,2021-06-15 08:45:00,2021-06-15 09:45:00,60.0,60.0
D1,F1-6-ridge,1,4,2021-06-16,96,1.0,True,193.0,187.85674558986227,-5.143254410137729,5.143254410137729,2021-06-16 10:45:00,2021-06-16 12:00:00,75.0,75.0
D1,F1-6-ridge,1,4,2021-06-17,96,1.0,True,197.0,187.12501281465234,-9.874987185347663,9.874987185347663,2021-06-17 08:45:00,2021-06-17 09:45:00,60.0,60.0
D1,F1-6-ridge,1,4,2021-06-18,96,1.0,True,186.0,177.5514799755295,-8.448520024470497,8.448520024470497,2021-06-18 10:00:00,2021-06-18 14:30:00,270.0,270.0
D1,F1-6-ridge,1,4,2021-06-19,96,1.0,True,119.0,111.52638747914185,-7.473612520858154,7.473612520858154,2021-06-19 02:15:00,2021-06-19 02:30:00,15.0,15.0
D1,F1-6-ridge,1,4,2021-06-20,96,1.0,True,28.0,31.76268048195626,3.7626804819562594,3.7626804819562594,2021-06-20 15:15:00,2021-06-20 06:15:00,-540.0,540.0
D1,F1-6-ridge,1,5,2021-05-31,96,1.0,True,172.0,160.70262755627314,-11.297372443726857,11.297372443726857,2021-05-31 10:30:00,2021-05-31 11:45:00,75.0,75.0
D1,F1-6-ridge,1,5,2021-06-01,96,1.0,True,195.0,179.15874566720012,-15.841254332799878,15.841254332799878,2021-06-01 09:00:00,2021-06-01 11:45:00,165.0,165.0
D1,F1-6-ridge,1,5,2021-06-02,96,1.0,True,191.0,184.20659655347544,-6.7934034465245645,6.7934034465245645,2021-06-02 10:45:00,2021-06-02 12:00:00,75.0,75.0
D1,F1-6-ridge,1,5,2021-06-03,96,1.0,True,181.0,171.95691877185698,-9.043081228143024,9.043081228143024,2021-06-03 08:30:00,2021-06-03 09:45:00,75.0,75.0
D1,F1-6-ridge,1,5,2021-06-04,96,1.0,True,173.0,171.9280195134804,-1.0719804865196068,1.0719804865196068,2021-06-04 10:45:00,2021-06-04 12:00:00,75.0,75.0
D1,F1-6-ridge,1,5,2021-06-05,96,1.0,True,116.0,107.74835917623413,-8.251640823765868,8.251640823765868,2021-06-05 01:45:00,2021-06-05 03:00:00,75.0,75.0
D1,F1-6-ridge,1,5,2021-06-06,96,1.0,True,27.0,32.76213087299455,5.762130872994547,5.762130872994547,2021-06-06 01:30:00,2021-06-06 09:00:00,450.0,450.0
D1,F1-6-ridge,1,5,2021-06-14,96,1.0,True,204.0,173.07967317162607,-30.92032682837393,30.92032682837393,2021-06-14 09:00:00,2021-06-14 14:45:00,345.0,345.0
D1,F1-6-ridge,1,5,2021-06-15,96,1.0,True,198.0,184.46732931734005,-13.532670682659955,13.532670682659955,2021-06-15 08:45:00,2021-06-15 12:00:00,195.0,195.0
D1,F1-6-ridge,1,5,2021-06-16,96,1.0,True,193.0,188.8934311717311,-4.106568828268905,4.106568828268905,2021-06-16 10:45:00,2021-06-16 12:00:00,75.0,75.0
D1,F1-6-ridge,1,5,2021-06-17,96,1.0,True,197.0,185.29852939135301,-11.701470608646986,11.701470608646986,2021-06-17 08:45:00,2021-06-17 10:00:00,75.0,75.0
D1,F1-6-ridge,1,5,2021-06-18,96,1.0,True,186.0,181.1450002356799,-4.854999764320098,4.854999764320098,2021-06-18 10:00:00,2021-06-18 11:15:00,75.0,75.0
D1,F1-6-ridge,1,5,2021-06-19,96,1.0,True,119.0,112.09606027980055,-6.903939720199446,6.903939720199446,2021-06-19 02:15:00,2021-06-19 04:45:00,150.0,150.0
D1,F1-6-ridge,1,5,2021-06-20,96,1.0,True,28.0,34.078614479447836,6.078614479447836,6.078614479447836,2021-06-20 15:15:00,2021-06-20 06:15:00,-540.0,540.0
D1,F1-6-ridge,1,6,2021-05-31,96,1.0,True,172.0,164.62584811048015,-7.374151889519851,7.374151889519851,2021-05-31 10:30:00,2021-05-31 12:00:00,90.0,90.0
D1,F1-6-ridge,1,6,2021-06-01,96,1.0,True,195.0,184.86483733860257,-10.13516266139743,10.13516266139743,2021-06-01 09:00:00,2021-06-01 10:30:00,90.0,90.0
D1,F1-6-ridge,1,6,2021-06-02,96,1.0,True,191.0,177.05985482126377,-13.94014517873623,13.94014517873623,2021-06-02 10:45:00,2021-06-02 12:00:00,75.0,75.0
D1,F1-6-ridge,1,6,2021-06-03,96,1.0,True,181.0,173.36788057632216,-7.632119423677835,7.632119423677835,2021-06-03 08:30:00,2021-06-03 10:00:00,90.0,90.0
D1,F1-6-ridge,1,6,2021-06-04,96,1.0,True,173.0,166.31719448146362,-6.682805518536384,6.682805518536384,2021-06-04 10:45:00,2021-06-04 12:00:00,75.0,75.0
D1,F1-6-ridge,1,6,2021-06-05,96,1.0,True,116.0,108.30717199650775,-7.692828003492252,7.692828003492252,2021-06-05 01:45:00,2021-06-05 04:15:00,150.0,150.0
D1,F1-6-ridge,1,6,2021-06-06,96,1.0,True,27.0,33.9640015175609,6.964001517560902,6.964001517560902,2021-06-06 01:30:00,2021-06-06 06:15:00,285.0,285.0
D1,F1-6-ridge,1,6,2021-06-14,96,1.0,True,204.0,175.92269674837053,-28.077303251629473,28.077303251629473,2021-06-14 09:00:00,2021-06-14 10:30:00,90.0,90.0
D1,F1-6-ridge,1,6,2021-06-15,96,1.0,True,198.0,186.53345294104275,-11.466547058957246,11.466547058957246,2021-06-15 08:45:00,2021-06-15 12:00:00,195.0,195.0
D1,F1-6-ridge,1,6,2021-06-16,96,1.0,True,193.0,185.06470053042324,-7.935299469576762,7.935299469576762,2021-06-16 10:45:00,2021-06-16 12:00:00,75.0,75.0
D1,F1-6-ridge,1,6,2021-06-17,96,1.0,True,197.0,182.58830868612085,-14.411691313879146,14.411691313879146,2021-06-17 08:45:00,2021-06-17 10:45:00,120.0,120.0
D1,F1-6-ridge,1,6,2021-06-18,96,1.0,True,186.0,179.50482448940295,-6.495175510597051,6.495175510597051,2021-06-18 10:00:00,2021-06-18 11:30:00,90.0,90.0
D1,F1-6-ridge,1,6,2021-06-19,96,1.0,True,119.0,111.68977826039225,-7.310221739607755,7.310221739607755,2021-06-19 02:15:00,2021-06-19 05:00:00,165.0,165.0
D1,F1-6-ridge,1,6,2021-06-20,96,1.0,True,28.0,35.47239710608554,7.472397106085538,7.472397106085538,2021-06-20 15:15:00,2021-06-20 06:30:00,-525.0,525.0
D1,F1-6-ridge,1,7,2021-05-31,96,1.0,True,172.0,159.38453951902565,-12.615460480974349,12.615460480974349,2021-05-31 10:30:00,2021-05-31 11:15:00,45.0,45.0
D1,F1-6-ridge,1,7,2021-06-01,96,1.0,True,195.0,185.52828734965289,-9.471712650347115,9.471712650347115,2021-06-01 09:00:00,2021-06-01 10:45:00,105.0,105.0
D1,F1-6-ridge,1,7,2021-06-02,96,1.0,True,191.0,175.41457294528203,-15.585427054717968,15.585427054717968,2021-06-02 10:45:00,2021-06-02 11:45:00,60.0,60.0
D1,F1-6-ridge,1,7,2021-06-03,96,1.0,True,181.0,171.1047228046413,-9.895277195358688,9.895277195358688,2021-06-03 08:30:00,2021-06-03 11:00:00,150.0,150.0
D1,F1-6-ridge,1,7,2021-06-04,96,1.0,True,173.0,165.2567428519854,-7.743257148014607,7.743257148014607,2021-06-04 10:45:00,2021-06-04 11:45:00,60.0,60.0
D1,F1-6-ridge,1,7,2021-06-05,96,1.0,True,116.0,106.7585860737637,-9.241413926236305,9.241413926236305,2021-06-05 01:45:00,2021-06-05 03:30:00,105.0,105.0
D1,F1-6-ridge,1,7,2021-06-06,96,1.0,True,27.0,35.84069740362052,8.840697403620517,8.840697403620517,2021-06-06 01:30:00,2021-06-06 06:30:00,300.0,300.0
D1,F1-6-ridge,1,7,2021-06-14,96,1.0,True,204.0,174.53957382689288,-29.460426173107123,29.460426173107123,2021-06-14 09:00:00,2021-06-14 11:00:00,120.0,120.0
D1,F1-6-ridge,1,7,2021-06-15,96,1.0,True,198.0,187.01848732024717,-10.981512679752825,10.981512679752825,2021-06-15 08:45:00,2021-06-15 11:45:00,180.0,180.0
D1,F1-6-ridge,1,7,2021-06-16,96,1.0,True,193.0,183.9898638192539,-9.010136180746088,9.010136180746088,2021-06-16 10:45:00,2021-06-16 11:45:00,60.0,60.0
D1,F1-6-ridge,1,7,2021-06-17,96,1.0,True,197.0,185.93256829081045,-11.067431709189549,11.067431709189549,2021-06-17 08:45:00,2021-06-17 10:45:00,120.0,120.0
D1,F1-6-ridge,1,7,2021-06-18,96,1.0,True,186.0,178.45382971277195,-7.546170287228051,7.546170287228051,2021-06-18 10:00:00,2021-06-18 11:45:00,105.0,105.0
D1,F1-6-ridge,1,7,2021-06-19,96,1.0,True,119.0,112.86442906303215,-6.135570936967852,6.135570936967852,2021-06-19 02:15:00,2021-06-19 04:45:00,150.0,150.0
D1,F1-6-ridge,1,7,2021-06-20,96,1.0,True,28.0,35.44284441606165,7.4428444160616465,7.4428444160616465,2021-06-20 15:15:00,2021-06-20 06:45:00,-510.0,510.0
D1,F1-6-ridge,1,8,2021-05-31,96,1.0,True,172.0,161.15815077160792,-10.841849228392078,10.841849228392078,2021-05-31 10:30:00,2021-05-31 11:15:00,45.0,45.0
D1,F1-6-ridge,1,8,2021-06-01,96,1.0,True,195.0,186.19878493745506,-8.80121506254494,8.80121506254494,2021-06-01 09:00:00,2021-06-01 11:00:00,120.0,120.0
D1,F1-6-ridge,1,8,2021-06-02,96,1.0,True,191.0,175.58096412327973,-15.419035876720272,15.419035876720272,2021-06-02 10:45:00,2021-06-02 11:45:00,60.0,60.0
D1,F1-6-ridge,1,8,2021-06-03,96,1.0,True,181.0,171.55726887077986,-9.442731129220135,9.442731129220135,2021-06-03 08:30:00,2021-06-03 11:00:00,150.0,150.0
D1,F1-6-ridge,1,8,2021-06-04,96,1.0,True,173.0,164.61898410383435,-8.38101589616565,8.38101589616565,2021-06-04 10:45:00,2021-06-04 12:00:00,75.0,75.0
D1,F1-6-ridge,1,8,2021-06-05,96,1.0,True,116.0,106.20347398406761,-9.796526015932386,9.796526015932386,2021-06-05 01:45:00,2021-06-05 06:15:00,270.0,270.0
D1,F1-6-ridge,1,8,2021-06-06,96,1.0,True,27.0,37.662210771395124,10.662210771395124,10.662210771395124,2021-06-06 01:30:00,2021-06-06 06:45:00,315.0,315.0
D1,F1-6-ridge,1,8,2021-06-14,96,1.0,True,204.0,180.4852093424741,-23.514790657525907,23.514790657525907,2021-06-14 09:00:00,2021-06-14 11:00:00,120.0,120.0
D1,F1-6-ridge,1,8,2021-06-15,96,1.0,True,198.0,187.3738993221079,-10.626100677892111,10.626100677892111,2021-06-15 08:45:00,2021-06-15 11:30:00,165.0,165.0
D1,F1-6-ridge,1,8,2021-06-16,96,1.0,True,193.0,185.5683201082326,-7.431679891767402,7.431679891767402,2021-06-16 10:45:00,2021-06-16 12:00:00,75.0,75.0
D1,F1-6-ridge,1,8,2021-06-17,96,1.0,True,197.0,189.90450534798424,-7.095494652015759,7.095494652015759,2021-06-17 08:45:00,2021-06-17 10:45:00,120.0,120.0
D1,F1-6-ridge,1,8,2021-06-18,96,1.0,True,186.0,176.6110816891829,-9.388918310817104,9.388918310817104,2021-06-18 10:00:00,2021-06-18 12:00:00,120.0,120.0
D1,F1-6-ridge,1,8,2021-06-19,96,1.0,True,119.0,111.46323524545748,-7.536764754542517,7.536764754542517,2021-06-19 02:15:00,2021-06-19 05:00:00,165.0,165.0
D1,F1-6-ridge,1,8,2021-06-20,96,1.0,True,28.0,36.27798105819307,8.27798105819307,8.27798105819307,2021-06-20 15:15:00,2021-06-20 07:00:00,-495.0,495.0
D1,F1-6-ridge,1,9,2021-05-31,96,1.0,True,172.0,164.84981795888967,-7.150182041110327,7.150182041110327,2021-05-31 10:30:00,2021-05-31 11:00:00,30.0,30.0
D1,F1-6-ridge,1,9,2021-06-01,96,1.0,True,195.0,186.51685557442408,-8.483144425575915,8.483144425575915,2021-06-01 09:00:00,2021-06-01 11:15:00,135.0,135.0
D1,F1-6-ridge,1,9,2021-06-02,96,1.0,True,191.0,180.71411921551422,-10.285880784485784,10.285880784485784,2021-06-02 10:45:00,2021-06-02 13:15:00,150.0,150.0
D1,F1-6-ridge,1,9,2021-06-03,96,1.0,True,181.0,174.68371763783284,-6.316282362167158,6.316282362167158,2021-06-03 08:30:00,2021-06-03 10:45:00,135.0,135.0
D1,F1-6-ridge,1,9,2021-06-04,96,1.0,True,173.0,163.30884448748867,-9.69115551251133,9.69115551251133,2021-06-04 10:45:00,2021-06-04 13:15:00,150.0,150.0
D1,F1-6-ridge,1,9,2021-06-05,96,1.0,True,116.0,107.99760234716938,-8.002397652830624,8.002397652830624,2021-06-05 01:45:00,2021-06-05 06:15:00,270.0,270.0
D1,F1-6-ridge,1,9,2021-06-06,96,1.0,True,27.0,39.13218450861817,12.132184508618167,12.132184508618167,2021-06-06 01:30:00,2021-06-06 07:00:00,330.0,330.0
D1,F1-6-ridge,1,9,2021-06-14,96,1.0,True,204.0,184.1566651970366,-19.843334802963398,19.843334802963398,2021-06-14 09:00:00,2021-06-14 11:00:00,120.0,120.0
D1,F1-6-ridge,1,9,2021-06-15,96,1.0,True,198.0,188.36319734240354,-9.636802657596462,9.636802657596462,2021-06-15 08:45:00,2021-06-15 11:45:00,180.0,180.0
D1,F1-6-ridge,1,9,2021-06-16,96,1.0,True,193.0,184.53241412280232,-8.467585877197678,8.467585877197678,2021-06-16 10:45:00,2021-06-16 10:45:00,0.0,0.0
D1,F1-6-ridge,1,9,2021-06-17,96,1.0,True,197.0,190.1794514705208,-6.820548529479197,6.820548529479197,2021-06-17 08:45:00,2021-06-17 11:00:00,135.0,135.0
D1,F1-6-ridge,1,9,2021-06-18,96,1.0,True,186.0,176.4578473669224,-9.542152633077592,9.542152633077592,2021-06-18 10:00:00,2021-06-18 11:15:00,75.0,75.0
D1,F1-6-ridge,1,9,2021-06-19,96,1.0,True,119.0,111.30468333183543,-7.6953166681645655,7.6953166681645655,2021-06-19 02:15:00,2021-06-19 04:45:00,150.0,150.0
D1,F1-6-ridge,1,9,2021-06-20,96,1.0,True,28.0,37.25796131474564,9.257961314745643,9.257961314745643,2021-06-20 15:15:00,2021-06-20 07:15:00,-480.0,480.0
D1,F1-6-ridge,1,10,2021-05-31,96,1.0,True,172.0,170.22527551705707,-1.7747244829429292,1.7747244829429292,2021-05-31 10:30:00,2021-05-31 11:15:00,45.0,45.0
D1,F1-6-ridge,1,10,2021-06-01,96,1.0,True,195.0,184.34005326124304,-10.659946738756958,10.659946738756958,2021-06-01 09:00:00,2021-06-01 11:30:00,150.0,150.0
D1,F1-6-ridge,1,10,2021-06-02,96,1.0,True,191.0,186.8058426596349,-4.194157340365109,4.194157340365109,2021-06-02 10:45:00,2021-06-02 13:30:00,165.0,165.0
D1,F1-6-ridge,1,10,2021-06-03,96,1.0,True,181.0,177.05346899318724,-3.946531006812762,3.946531006812762,2021-06-03 08:30:00,2021-06-03 11:00:00,150.0,150.0
D1,F1-6-ridge,1,10,2021-06-04,96,1.0,True,173.0,169.740553010031,-3.259446989969007,3.259446989969007,2021-06-04 10:45:00,2021-06-04 13:30:00,165.0,165.0
D1,F1-6-ridge,1,10,2021-06-05,96,1.0,True,116.0,111.20935043309746,-4.790649566902545,4.790649566902545,2021-06-05 01:45:00,2021-06-05 04:15:00,150.0,150.0
D1,F1-6-ridge,1,10,2021-06-06,96,1.0,True,27.0,39.56809066442442,12.568090664424417,12.568090664424417,2021-06-06 01:30:00,2021-06-06 07:15:00,345.0,345.0
D1,F1-6-ridge,1,10,2021-06-14,96,1.0,True,204.0,185.33785324292217,-18.662146757077835,18.662146757077835,2021-06-14 09:00:00,2021-06-14 11:30:00,150.0,150.0
D1,F1-6-ridge,1,10,2021-06-15,96,1.0,True,198.0,190.26486473394746,-7.735135266052538,7.735135266052538,2021-06-15 08:45:00,2021-06-15 11:15:00,150.0,150.0
D1,F1-6-ridge,1,10,2021-06-16,96,1.0,True,193.0,183.70706571892146,-9.292934281078544,9.292934281078544,2021-06-16 10:45:00,2021-06-16 13:30:00,165.0,165.0
D1,F1-6-ridge,1,10,2021-06-17,96,1.0,True,197.0,186.6586550393231,-10.341344960676906,10.341344960676906,2021-06-17 08:45:00,2021-06-17 11:15:00,150.0,150.0
D1,F1-6-ridge,1,10,2021-06-18,96,1.0,True,186.0,173.24406331247627,-12.755936687523729,12.755936687523729,2021-06-18 10:00:00,2021-06-18 11:30:00,90.0,90.0
D1,F1-6-ridge,1,10,2021-06-19,96,1.0,True,119.0,111.50003508999677,-7.499964910003229,7.499964910003229,2021-06-19 02:15:00,2021-06-19 06:00:00,225.0,225.0
D1,F1-6-ridge,1,10,2021-06-20,96,1.0,True,28.0,37.662737566783974,9.662737566783974,9.662737566783974,2021-06-20 15:15:00,2021-06-20 07:30:00,-465.0,465.0
D1,F1-6-ridge,1,11,2021-05-31,96,1.0,True,172.0,166.48581321461188,-5.5141867853881195,5.5141867853881195,2021-05-31 10:30:00,2021-05-31 11:30:00,60.0,60.0
D1,F1-6-ridge,1,11,2021-06-01,96,1.0,True,195.0,181.95759456888675,-13.042405431113252,13.042405431113252,2021-06-01 09:00:00,2021-06-01 11:45:00,165.0,165.0
D1,F1-6-ridge,1,11,2021-06-02,96,1.0,True,191.0,186.87025541980057,-4.129744580199429,4.129744580199429,2021-06-02 10:45:00,2021-06-02 13:30:00,165.0,165.0
D1,F1-6-ridge,1,11,2021-06-03,96,1.0,True,181.0,177.18910462324197,-3.810895376758026,3.810895376758026,2021-06-03 08:30:00,2021-06-03 11:15:00,165.0,165.0
D1,F1-6-ridge,1,11,2021-06-04,96,1.0,True,173.0,170.93821749824863,-2.0617825017513667,2.0617825017513667,2021-06-04 10:45:00,2021-06-04 13:30:00,165.0,165.0
D1,F1-6-ridge,1,11,2021-06-05,96,1.0,True,116.0,110.32918920297077,-5.670810797029233,5.670810797029233,2021-06-05 01:45:00,2021-06-05 04:30:00,165.0,165.0
D1,F1-6-ridge,1,11,2021-06-06,96,1.0,True,27.0,41.50756032755954,14.507560327559538,14.507560327559538,2021-06-06 01:30:00,2021-06-06 07:30:00,360.0,360.0
D1,F1-6-ridge,1,11,2021-06-14,96,1.0,True,204.0,185.69679202532686,-18.303207974673143,18.303207974673143,2021-06-14 09:00:00,2021-06-14 11:30:00,150.0,150.0
D1,F1-6-ridge,1,11,2021-06-15,96,1.0,True,198.0,191.5470080986331,-6.452991901366886,6.452991901366886,2021-06-15 08:45:00,2021-06-15 11:30:00,165.0,165.0
D1,F1-6-ridge,1,11,2021-06-16,96,1.0,True,193.0,187.21014045321527,-5.789859546784726,5.789859546784726,2021-06-16 10:45:00,2021-06-16 13:45:00,180.0,180.0
D1,F1-6-ridge,1,11,2021-06-17,96,1.0,True,197.0,181.73990265476104,-15.260097345238961,15.260097345238961,2021-06-17 08:45:00,2021-06-17 11:00:00,135.0,135.0
D1,F1-6-ridge,1,11,2021-06-18,96,1.0,True,186.0,174.52840148560801,-11.471598514391985,11.471598514391985,2021-06-18 10:00:00,2021-06-18 11:45:00,105.0,105.0
D1,F1-6-ridge,1,11,2021-06-19,96,1.0,True,119.0,111.47527460821,-7.52472539179,7.52472539179,2021-06-19 02:15:00,2021-06-19 04:30:00,135.0,135.0
D1,F1-6-ridge,1,11,2021-06-20,96,1.0,True,28.0,37.1022873504161,9.102287350416098,9.102287350416098,2021-06-20 15:15:00,2021-06-20 06:30:00,-525.0,525.0
D1,F1-6-ridge,1,12,2021-05-31,96,1.0,True,172.0,167.91124863876985,-4.088751361230152,4.088751361230152,2021-05-31 10:30:00,2021-05-31 11:45:00,75.0,75.0
D1,F1-6-ridge,1,12,2021-06-01,96,1.0,True,195.0,182.93143124446834,-12.068568755531658,12.068568755531658,2021-06-01 09:00:00,2021-06-01 14:00:00,300.0,300.0
D1,F1-6-ridge,1,12,2021-06-02,96,1.0,True,191.0,183.9934091229577,-7.006590877042299,7.006590877042299,2021-06-02 10:45:00,2021-06-02 13:45:00,180.0,180.0
D1,F1-6-ridge,1,12,2021-06-03,96,1.0,True,181.0,174.27524824414238,-6.724751755857625,6.724751755857625,2021-06-03 08:30:00,2021-06-03 11:30:00,180.0,180.0
D1,F1-6-ridge,1,12,2021-06-04,96,1.0,True,173.0,170.895224836493,-2.104775163506986,2.104775163506986,2021-06-04 10:45:00,2021-06-04 13:45:00,180.0,180.0
D1,F1-6-ridge,1,12,2021-06-05,96,1.0,True,116.0,108.40642957515192,-7.593570424848082,7.593570424848082,2021-06-05 01:45:00,2021-06-05 04:45:00,180.0,180.0
D1,F1-6-ridge,1,12,2021-06-06,96,1.0,True,27.0,41.22106822148987,14.221068221489872,14.221068221489872,2021-06-06 01:30:00,2021-06-06 07:45:00,375.0,375.0
D1,F1-6-ridge,1,12,2021-06-14,96,1.0,True,204.0,183.31870755139425,-20.681292448605745,20.681292448605745,2021-06-14 09:00:00,2021-06-14 11:45:00,165.0,165.0
D1,F1-6-ridge,1,12,2021-06-15,96,1.0,True,198.0,192.73296842789256,-5.267031572107442,5.267031572107442,2021-06-15 08:45:00,2021-06-15 11:45:00,180.0,180.0
D1,F1-6-ridge,1,12,2021-06-16,96,1.0,True,193.0,188.33194398880272,-4.6680560111972795,4.6680560111972795,2021-06-16 10:45:00,2021-06-16 14:00:00,195.0,195.0
D1,F1-6-ridge,1,12,2021-06-17,96,1.0,True,197.0,186.91743495522655,-10.082565044773446,10.082565044773446,2021-06-17 08:45:00,2021-06-17 11:45:00,180.0,180.0
D1,F1-6-ridge,1,12,2021-06-18,96,1.0,True,186.0,173.65837763327073,-12.341622366729268,12.341622366729268,2021-06-18 10:00:00,2021-06-18 12:00:00,120.0,120.0
D1,F1-6-ridge,1,12,2021-06-19,96,1.0,True,119.0,113.72659859843401,-5.273401401565991,5.273401401565991,2021-06-19 02:15:00,2021-06-19 04:45:00,150.0,150.0
D1,F1-6-ridge,1,12,2021-06-20,96,1.0,True,28.0,37.85442904004029,9.854429040040287,9.854429040040287,2021-06-20 15:15:00,2021-06-20 06:30:00,-525.0,525.0
D1,F1-6-ridge,1,13,2021-05-31,96,1.0,True,172.0,166.5071163645096,-5.4928836354903865,5.4928836354903865,2021-05-31 10:30:00,2021-05-31 12:00:00,90.0,90.0
D1,F1-6-ridge,1,13,2021-06-01,96,1.0,True,195.0,181.38302302982797,-13.616976970172033,13.616976970172033,2021-06-01 09:00:00,2021-06-01 14:15:00,315.0,315.0
D1,F1-6-ridge,1,13,2021-06-02,96,1.0,True,191.0,179.4058046655304,-11.594195334469589,11.594195334469589,2021-06-02 10:45:00,2021-06-02 14:15:00,210.0,210.0
D1,F1-6-ridge,1,13,2021-06-03,96,1.0,True,181.0,172.1974201641866,-8.80257983581339,8.80257983581339,2021-06-03 08:30:00,2021-06-03 11:45:00,195.0,195.0
D1,F1-6-ridge,1,13,2021-06-04,96,1.0,True,173.0,165.6953510145746,-7.304648985425388,7.304648985425388,2021-06-04 10:45:00,2021-06-04 14:00:00,195.0,195.0
D1,F1-6-ridge,1,13,2021-06-05,96,1.0,True,116.0,108.83697318106135,-7.163026818938647,7.163026818938647,2021-06-05 01:45:00,2021-06-05 05:00:00,195.0,195.0
D1,F1-6-ridge,1,13,2021-06-06,96,1.0,True,27.0,40.53648947503648,13.536489475036483,13.536489475036483,2021-06-06 01:30:00,2021-06-06 11:00:00,570.0,570.0
D1,F1-6-ridge,1,13,2021-06-14,96,1.0,True,204.0,179.4997239063802,-24.50027609361979,24.50027609361979,2021-06-14 09:00:00,2021-06-14 12:00:00,180.0,180.0
D1,F1-6-ridge,1,13,2021-06-15,96,1.0,True,198.0,191.9500746921761,-6.049925307823912,6.049925307823912,2021-06-15 08:45:00,2021-06-15 12:00:00,195.0,195.0
D1,F1-6-ridge,1,13,2021-06-16,96,1.0,True,193.0,189.19915275250912,-3.8008472474908785,3.8008472474908785,2021-06-16 10:45:00,2021-06-16 14:00:00,195.0,195.0
D1,F1-6-ridge,1,13,2021-06-17,96,1.0,True,197.0,184.2337835555693,-12.766216444430711,12.766216444430711,2021-06-17 08:45:00,2021-06-17 12:00:00,195.0,195.0
D1,F1-6-ridge,1,13,2021-06-18,96,1.0,True,186.0,172.96682868767965,-13.033171312320349,13.033171312320349,2021-06-18 10:00:00,2021-06-18 13:15:00,195.0,195.0
D1,F1-6-ridge,1,13,2021-06-19,96,1.0,True,119.0,114.77084317800333,-4.229156821996668,4.229156821996668,2021-06-19 02:15:00,2021-06-19 04:45:00,150.0,150.0
D1,F1-6-ridge,1,13,2021-06-20,96,1.0,True,28.0,38.57069415803624,10.57069415803624,10.57069415803624,2021-06-20 15:15:00,2021-06-20 06:30:00,-525.0,525.0
D1,F1-6-ridge,1,14,2021-05-31,96,1.0,True,172.0,160.0327316791159,-11.967268320884102,11.967268320884102,2021-05-31 10:30:00,2021-05-31 14:00:00,210.0,210.0
D1,F1-6-ridge,1,14,2021-06-01,96,1.0,True,195.0,184.9191331575064,-10.080866842493606,10.080866842493606,2021-06-01 09:00:00,2021-06-01 14:30:00,330.0,330.0
D1,F1-6-ridge,1,14,2021-06-02,96,1.0,True,191.0,183.35704099977193,-7.642959000228075,7.642959000228075,2021-06-02 10:45:00,2021-06-02 14:30:00,225.0,225.0
D1,F1-6-ridge,1,14,2021-06-03,96,1.0,True,181.0,171.9320850124567,-9.067914987543304,9.067914987543304,2021-06-03 08:30:00,2021-06-03 12:00:00,210.0,210.0
D1,F1-6-ridge,1,14,2021-06-04,96,1.0,True,173.0,162.89001770367264,-10.10998229632736,10.10998229632736,2021-06-04 10:45:00,2021-06-04 14:15:00,210.0,210.0
D1,F1-6-ridge,1,14,2021-06-05,96,1.0,True,116.0,109.61701900083673,-6.382980999163266,6.382980999163266,2021-06-05 01:45:00,2021-06-05 06:15:00,270.0,270.0
D1,F1-6-ridge,1,14,2021-06-06,96,1.0,True,27.0,41.475872640764564,14.475872640764564,14.475872640764564,2021-06-06 01:30:00,2021-06-06 07:30:00,360.0,360.0
D1,F1-6-ridge,1,14,2021-06-14,96,1.0,True,204.0,174.3945213091969,-29.605478690803096,29.605478690803096,2021-06-14 09:00:00,2021-06-14 13:15:00,255.0,255.0
D1,F1-6-ridge,1,14,2021-06-15,96,1.0,True,198.0,187.6285669266915,-10.37143307330851,10.37143307330851,2021-06-15 08:45:00,2021-06-15 12:00:00,195.0,195.0
D1,F1-6-ridge,1,14,2021-06-16,96,1.0,True,193.0,185.31974535918783,-7.680254640812166,7.680254640812166,2021-06-16 10:45:00,2021-06-16 14:15:00,210.0,210.0
D1,F1-6-ridge,1,14,2021-06-17,96,1.0,True,197.0,175.87169530033896,-21.128304699661044,21.128304699661044,2021-06-17 08:45:00,2021-06-17 12:00:00,195.0,195.0
D1,F1-6-ridge,1,14,2021-06-18,96,1.0,True,186.0,170.8416515219066,-15.158348478093387,15.158348478093387,2021-06-18 10:00:00,2021-06-18 13:30:00,210.0,210.0
D1,F1-6-ridge,1,14,2021-06-19,96,1.0,True,119.0,112.50818994501655,-6.491810054983446,6.491810054983446,2021-06-19 02:15:00,2021-06-19 07:00:00,285.0,285.0
D1,F1-6-ridge,1,14,2021-06-20,96,1.0,True,28.0,39.90305320869402,11.903053208694018,11.903053208694018,2021-06-20 15:15:00,2021-06-20 09:30:00,-345.0,345.0
D1,F1-6-ridge,1,15,2021-05-31,96,1.0,True,172.0,163.31843432655984,-8.681565673440161,8.681565673440161,2021-05-31 10:30:00,2021-05-31 14:30:00,240.0,240.0
D1,F1-6-ridge,1,15,2021-06-01,96,1.0,True,195.0,182.9987222242113,-12.001277775788708,12.001277775788708,2021-06-01 09:00:00,2021-06-01 14:45:00,345.0,345.0
D1,F1-6-ridge,1,15,2021-06-02,96,1.0,True,191.0,183.02080262190844,-7.9791973780915555,7.9791973780915555,2021-06-02 10:45:00,2021-06-02 14:30:00,225.0,225.0
D1,F1-6-ridge,1,15,2021-06-03,96,1.0,True,181.0,171.65450852448964,-9.345491475510357,9.345491475510357,2021-06-03 08:30:00,2021-06-03 13:15:00,285.0,285.0
D1,F1-6-ridge,1,15,2021-06-04,96,1.0,True,173.0,164.6778957548623,-8.322104245137695,8.322104245137695,2021-06-04 10:45:00,2021-06-04 13:45:00,180.0,180.0
D1,F1-6-ridge,1,15,2021-06-05,96,1.0,True,116.0,109.57297576871666,-6.42702423128334,6.42702423128334,2021-06-05 01:45:00,2021-06-05 06:30:00,285.0,285.0
D1,F1-6-ridge,1,15,2021-06-06,96,1.0,True,27.0,42.38336618641405,15.383366186414051,15.383366186414051,2021-06-06 01:30:00,2021-06-06 07:30:00,360.0,360.0
D1,F1-6-ridge,1,15,2021-06-14,96,1.0,True,204.0,183.70419647193916,-20.295803528060844,20.295803528060844,2021-06-14 09:00:00,2021-06-14 13:45:00,285.0,285.0
D1,F1-6-ridge,1,15,2021-06-15,96,1.0,True,198.0,188.29322295141742,-9.70677704858258,9.70677704858258,2021-06-15 08:45:00,2021-06-15 13:30:00,285.0,285.0
D1,F1-6-ridge,1,15,2021-06-16,96,1.0,True,193.0,184.4811089290521,-8.518891070947888,8.518891070947888,2021-06-16 10:45:00,2021-06-16 13:45:00,180.0,180.0
D1,F1-6-ridge,1,15,2021-06-17,96,1.0,True,197.0,176.87563861317767,-20.12436138682233,20.12436138682233,2021-06-17 08:45:00,2021-06-17 13:15:00,270.0,270.0
D1,F1-6-ridge,1,15,2021-06-18,96,1.0,True,186.0,174.6548927956427,-11.345107204357305,11.345107204357305,2021-06-18 10:00:00,2021-06-18 13:45:00,225.0,225.0
D1,F1-6-ridge,1,15,2021-06-19,96,1.0,True,119.0,114.10000691019216,-4.899993089807836,4.899993089807836,2021-06-19 02:15:00,2021-06-19 06:45:00,270.0,270.0
D1,F1-6-ridge,1,15,2021-06-20,96,1.0,True,28.0,41.94881019983123,13.948810199831229,13.948810199831229,2021-06-20 15:15:00,2021-06-20 09:45:00,-330.0,330.0
D1,F1-6-ridge,1,16,2021-05-31,96,1.0,True,172.0,168.21667882945167,-3.7833211705483336,3.7833211705483336,2021-05-31 10:30:00,2021-05-31 14:30:00,240.0,240.0
D1,F1-6-ridge,1,16,2021-06-01,96,1.0,True,195.0,182.57029277645864,-12.429707223541357,12.429707223541357,2021-06-01 09:00:00,2021-06-01 14:30:00,330.0,330.0
D1,F1-6-ridge,1,16,2021-06-02,96,1.0,True,191.0,181.06557787811852,-9.934422121881482,9.934422121881482,2021-06-02 10:45:00,2021-06-02 14:45:00,240.0,240.0
D1,F1-6-ridge,1,16,2021-06-03,96,1.0,True,181.0,174.17683696843983,-6.823163031560171,6.823163031560171,2021-06-03 08:30:00,2021-06-03 13:30:00,300.0,300.0
D1,F1-6-ridge,1,16,2021-06-04,96,1.0,True,173.0,163.111856808845,-9.888143191154995,9.888143191154995,2021-06-04 10:45:00,2021-06-04 13:45:00,180.0,180.0
D1,F1-6-ridge,1,16,2021-06-05,96,1.0,True,116.0,108.2902816928306,-7.709718307169396,7.709718307169396,2021-06-05 01:45:00,2021-06-05 06:45:00,300.0,300.0
D1,F1-6-ridge,1,16,2021-06-06,96,1.0,True,27.0,43.33899035623163,16.338990356231633,16.338990356231633,2021-06-06 01:30:00,2021-06-06 07:30:00,360.0,360.0
D1,F1-6-ridge,1,16,2021-06-14,96,1.0,True,204.0,188.63203252528007,-15.367967474719933,15.367967474719933,2021-06-14 09:00:00,2021-06-14 13:45:00,285.0,285.0
D1,F1-6-ridge,1,16,2021-06-15,96,1.0,True,198.0,197.3185525180763,-0.6814474819236978,0.6814474819236978,2021-06-15 08:45:00,2021-06-15 13:30:00,285.0,285.0
D1,F1-6-ridge,1,16,2021-06-16,96,1.0,True,193.0,186.90147207293083,-6.098527927069171,6.098527927069171,2021-06-16 10:45:00,2021-06-16 14:00:00,195.0,195.0
D1,F1-6-ridge,1,16,2021-06-17,96,1.0,True,197.0,178.92644933558068,-18.073550664419315,18.073550664419315,2021-06-17 08:45:00,2021-06-17 13:15:00,270.0,270.0
D1,F1-6-ridge,1,16,2021-06-18,96,1.0,True,186.0,171.5400423221697,-14.459957677830289,14.459957677830289,2021-06-18 10:00:00,2021-06-18 14:00:00,240.0,240.0
D1,F1-6-ridge,1,16,2021-06-19,96,1.0,True,119.0,113.29549383757453,-5.704506162425474,5.704506162425474,2021-06-19 02:15:00,2021-06-19 07:00:00,285.0,285.0
D1,F1-6-ridge,1,16,2021-06-20,96,1.0,True,28.0,42.810028096661874,14.810028096661874,14.810028096661874,2021-06-20 15:15:00,2021-06-20 09:45:00,-330.0,330.0
D1,F1-6-ridge,2,4,2021-07-12,96,1.0,True,198.0,188.3413284862712,-9.658671513728791,9.658671513728791,2021-07-12 08:45:00,2021-07-12 09:30:00,45.0,45.0
D1,F1-6-ridge,2,4,2021-07-13,1,0.010416666666666666,False,79.0,101.90508862455195,22.90508862455195,22.90508862455195,2021-07-13 00:00:00,2021-07-13 00:00:00,0.0,0.0
D1,F1-6-ridge,2,4,2021-07-17,80,0.8333333333333334,False,108.0,110.49349267648162,2.4934926764816225,2.4934926764816225,2021-07-17 06:00:00,2021-07-17 07:00:00,60.0,60.0
D1,F1-6-ridge,2,4,2021-07-18,84,0.875,False,28.0,33.55152512386612,5.551525123866121,5.551525123866121,2021-07-18 04:30:00,2021-07-18 08:45:00,255.0,255.0
D1,F1-6-ridge,2,4,2021-07-26,84,0.875,False,217.0,204.2513615921393,-12.74863840786071,12.74863840786071,2021-07-26 08:30:00,2021-07-26 09:30:00,60.0,60.0
D1,F1-6-ridge,2,4,2021-07-27,84,0.875,False,211.0,201.00971531153147,-9.990284688468535,9.990284688468535,2021-07-27 11:45:00,2021-07-27 12:00:00,15.0,15.0
D1,F1-6-ridge,2,4,2021-07-28,84,0.875,False,212.0,206.13309421872765,-5.866905781272351,5.866905781272351,2021-07-28 12:00:00,2021-07-28 14:30:00,150.0,150.0
D1,F1-6-ridge,2,4,2021-07-29,84,0.875,False,211.0,205.0544060870655,-5.945593912934498,5.945593912934498,2021-07-29 12:00:00,2021-07-29 14:45:00,165.0,165.0
D1,F1-6-ridge,2,4,2021-07-30,85,0.8854166666666666,False,212.0,201.60143695923486,-10.39856304076514,10.39856304076514,2021-07-30 12:00:00,2021-07-30 14:30:00,150.0,150.0
D1,F1-6-ridge,2,4,2021-07-31,96,1.0,True,80.0,100.09657385189952,20.09657385189952,20.09657385189952,2021-07-31 00:00:00,2021-07-31 00:00:00,0.0,0.0
D1,F1-6-ridge,2,4,2021-08-01,96,1.0,True,28.0,31.140982424120025,3.1409824241200255,3.1409824241200255,2021-08-01 09:00:00,2021-08-01 10:00:00,60.0,60.0
D1,F1-6-ridge,2,4,2021-08-09,39,0.40625,False,215.0,146.3651745586211,-68.6348254413789,68.6348254413789,2021-08-09 08:45:00,2021-08-09 09:30:00,45.0,45.0
D1,F1-6-ridge,2,5,2021-07-12,96,1.0,True,198.0,178.78571137877395,-19.214288621226046,19.214288621226046,2021-07-12 08:45:00,2021-07-12 09:45:00,60.0,60.0
D1,F1-6-ridge,2,5,2021-07-13,1,0.010416666666666666,False,79.0,106.77581016408541,27.775810164085414,27.775810164085414,2021-07-13 00:00:00,2021-07-13 00:00:00,0.0,0.0
D1,F1-6-ridge,2,5,2021-07-17,79,0.8229166666666666,False,108.0,113.67299553814854,5.672995538148541,5.672995538148541,2021-07-17 06:00:00,2021-07-17 07:15:00,75.0,75.0
D1,F1-6-ridge,2,5,2021-07-18,84,0.875,False,28.0,34.28112918640037,6.281129186400371,6.281129186400371,2021-07-18 04:30:00,2021-07-18 09:00:00,270.0,270.0
D1,F1-6-ridge,2,5,2021-07-26,84,0.875,False,217.0,195.3182493870221,-21.681750612977908,21.681750612977908,2021-07-26 08:30:00,2021-07-26 09:45:00,75.0,75.0
D1,F1-6-ridge,2,5,2021-07-27,84,0.875,False,211.0,201.34911761195968,-9.650882388040316,9.650882388040316,2021-07-27 11:45:00,2021-07-27 12:00:00,15.0,15.0
D1,F1-6-ridge,2,5,2021-07-28,84,0.875,False,212.0,202.55245277258956,-9.447547227410439,9.447547227410439,2021-07-28 12:00:00,2021-07-28 14:45:00,165.0,165.0
D1,F1-6-ridge,2,5,2021-07-29,84,0.875,False,211.0,197.4223510171412,-13.57764898285879,13.57764898285879,2021-07-29 12:00:00,2021-07-29 14:45:00,165.0,165.0
D1,F1-6-ridge,2,5,2021-07-30,85,0.8854166666666666,False,212.0,198.99382276020032,-13.006177239799683,13.006177239799683,2021-07-30 12:00:00,2021-07-30 14:45:00,165.0,165.0
D1,F1-6-ridge,2,5,2021-07-31,96,1.0,True,80.0,96.28809212039171,16.28809212039171,16.28809212039171,2021-07-31 00:00:00,2021-07-31 00:00:00,0.0,0.0
D1,F1-6-ridge,2,5,2021-08-01,96,1.0,True,28.0,32.88546742599505,4.885467425995053,4.885467425995053,2021-08-01 09:00:00,2021-08-01 10:15:00,75.0,75.0
D1,F1-6-ridge,2,5,2021-08-09,39,0.40625,False,215.0,120.17683874496093,-94.82316125503907,94.82316125503907,2021-08-09 08:45:00,2021-08-09 09:30:00,45.0,45.0
D1,F1-6-ridge,2,6,2021-07-12,96,1.0,True,198.0,176.88324066858672,-21.116759331413277,21.116759331413277,2021-07-12 08:45:00,2021-07-12 11:00:00,135.0,135.0
D1,F1-6-ridge,2,6,2021-07-13,1,0.010416666666666666,False,79.0,103.66362260933992,24.663622609339924,24.663622609339924,2021-07-13 00:00:00,2021-07-13 00:00:00,0.0,0.0
D1,F1-6-ridge,2,6,2021-07-17,78,0.8125,False,108.0,106.11583818052027,-1.8841618194797292,1.8841618194797292,2021-07-17 06:00:00,2021-07-17 07:30:00,90.0,90.0
D1,F1-6-ridge,2,6,2021-07-18,84,0.875,False,28.0,34.26982077174871,6.269820771748712,6.269820771748712,2021-07-18 01:15:00,2021-07-18 09:15:00,480.0,480.0
D1,F1-6-ridge,2,6,2021-07-26,84,0.875,False,217.0,188.5220135987445,-28.477986401255492,28.477986401255492,2021-07-26 08:30:00,2021-07-26 10:45:00,135.0,135.0
D1,F1-6-ridge,2,6,2021-07-27,84,0.875,False,211.0,201.70869764688427,-9.291302353115725,9.291302353115725,2021-07-27 11:45:00,2021-07-27 10:00:00,-105.0,105.0
D1,F1-6-ridge,2,6,2021-07-28,84,0.875,False,212.0,203.948984840408,-8.051015159591998,8.051015159591998,2021-07-28 12:00:00,2021-07-28 12:00:00,0.0,0.0
D1,F1-6-ridge,2,6,2021-07-29,84,0.875,False,211.0,196.87302615437812,-14.126973845621876,14.126973845621876,2021-07-29 12:00:00,2021-07-29 12:00:00,0.0,0.0
D1,F1-6-ridge,2,6,2021-07-30,85,0.8854166666666666,False,212.0,199.5476820410073,-12.452317958992694,12.452317958992694,2021-07-30 12:00:00,2021-07-30 12:00:00,0.0,0.0
D1,F1-6-ridge,2,6,2021-07-31,96,1.0,True,80.0,97.66067606503951,17.66067606503951,17.66067606503951,2021-07-31 00:00:00,2021-07-31 00:00:00,0.0,0.0
D1,F1-6-ridge,2,6,2021-08-01,96,1.0,True,28.0,33.13733194289359,5.137331942893589,5.137331942893589,2021-08-01 09:00:00,2021-08-01 10:30:00,90.0,90.0
D1,F1-6-ridge,2,6,2021-08-09,39,0.40625,False,215.0,87.67803104955654,-127.32196895044346,127.32196895044346,2021-08-09 08:45:00,2021-08-09 09:30:00,45.0,45.0
D1,F1-6-ridge,2,7,2021-07-12,96,1.0,True,198.0,180.85593671201585,-17.144063287984153,17.144063287984153,2021-07-12 08:45:00,2021-07-12 11:15:00,150.0,150.0
D1,F1-6-ridge,2,7,2021-07-13,1,0.010416666666666666,False,79.0,100.59310628363903,21.59310628363903,21.59310628363903,2021-07-13 00:00:00,2021-07-13 00:00:00,0.0,0.0
D1,F1-6-ridge,2,7,2021-07-17,77,0.8020833333333334,False,108.0,100.7756458075721,-7.224354192427896,7.224354192427896,2021-07-17 06:00:00,2021-07-17 06:45:00,45.0,45.0
D1,F1-6-ridge,2,7,2021-07-18,84,0.875,False,28.0,34.58219281577431,6.582192815774313,6.582192815774313,2021-07-18 01:15:00,2021-07-18 09:30:00,495.0,495.0
D1,F1-6-ridge,2,7,2021-07-26,84,0.875,False,217.0,192.08879508601478,-24.911204913985216,24.911204913985216,2021-07-26 08:30:00,2021-07-26 10:45:00,135.0,135.0
D1,F1-6-ridge,2,7,2021-07-27,84,0.875,False,211.0,198.4465267384729,-12.553473261527103,12.553473261527103,2021-07-27 11:45:00,2021-07-27 10:30:00,-75.0,75.0
D1,F1-6-ridge,2,7,2021-07-28,84,0.875,False,212.0,201.06766254675404,-10.932337453245964,10.932337453245964,2021-07-28 12:00:00,2021-07-28 11:45:00,-15.0,15.0
D1,F1-6-ridge,2,7,2021-07-29,84,0.875,False,211.0,195.85290990270408,-15.147090097295916,15.147090097295916,2021-07-29 12:00:00,2021-07-29 11:30:00,-30.0,30.0
D1,F1-6-ridge,2,7,2021-07-30,85,0.8854166666666666,False,212.0,200.0638855955594,-11.936114404440588,11.936114404440588,2021-07-30 12:00:00,2021-07-30 11:45:00,-15.0,15.0
D1,F1-6-ridge,2,7,2021-07-31,96,1.0,True,80.0,99.13216404692965,19.132164046929645,19.132164046929645,2021-07-31 00:00:00,2021-07-31 01:15:00,75.0,75.0
D1,F1-6-ridge,2,7,2021-08-01,96,1.0,True,28.0,33.92813443653304,5.928134436533043,5.928134436533043,2021-08-01 09:00:00,2021-08-01 10:45:00,105.0,105.0
D1,F1-6-ridge,2,7,2021-08-09,39,0.40625,False,215.0,74.7031027078627,-140.29689729213732,140.29689729213732,2021-08-09 08:45:00,2021-08-09 09:30:00,45.0,45.0
D1,F1-6-ridge,2,8,2021-07-12,96,1.0,True,198.0,181.76457259362158,-16.23542740637842,16.23542740637842,2021-07-12 08:45:00,2021-07-12 11:15:00,150.0,150.0
D1,F1-6-ridge,2,8,2021-07-13,1,0.010416666666666666,False,79.0,100.41857221884193,21.41857221884193,21.41857221884193,2021-07-13 00:00:00,2021-07-13 00:00:00,0.0,0.0
D1,F1-6-ridge,2,8,2021-07-17,76,0.7916666666666666,False,108.0,100.04430886644285,-7.955691133557153,7.955691133557153,2021-07-17 06:00:00,2021-07-17 07:00:00,60.0,60.0
D1,F1-6-ridge,2,8,2021-07-18,84,0.875,False,28.0,34.788274677653824,6.788274677653824,6.788274677653824,2021-07-18 01:15:00,2021-07-18 09:45:00,510.0,510.0
D1,F1-6-ridge,2,8,2021-07-26,84,0.875,False,217.0,197.76649136049383,-19.23350863950617,19.23350863950617,2021-07-26 08:30:00,2021-07-26 10:45:00,135.0,135.0
D1,F1-6-ridge,2,8,2021-07-27,84,0.875,False,211.0,202.64778161231942,-8.35221838768058,8.35221838768058,2021-07-27 11:45:00,2021-07-27 10:30:00,-75.0,75.0
D1,F1-6-ridge,2,8,2021-07-28,84,0.875,False,212.0,203.39809985417003,-8.601900145829973,8.601900145829973,2021-07-28 12:00:00,2021-07-28 14:00:00,120.0,120.0
D1,F1-6-ridge,2,8,2021-07-29,84,0.875,False,211.0,197.05059966932652,-13.949400330673484,13.949400330673484,2021-07-29 12:00:00,2021-07-29 11:45:00,-15.0,15.0
D1,F1-6-ridge,2,8,2021-07-30,85,0.8854166666666666,False,212.0,199.62167505974065,-12.378324940259347,12.378324940259347,2021-07-30 12:00:00,2021-07-30 13:30:00,90.0,90.0
D1,F1-6-ridge,2,8,2021-07-31,96,1.0,True,80.0,99.99884364532473,19.998843645324726,19.998843645324726,2021-07-31 00:00:00,2021-07-31 01:30:00,90.0,90.0
D1,F1-6-ridge,2,8,2021-08-01,96,1.0,True,28.0,35.20071409626253,7.20071409626253,7.20071409626253,2021-08-01 09:00:00,2021-08-01 11:00:00,120.0,120.0
D1,F1-6-ridge,2,8,2021-08-09,39,0.40625,False,215.0,61.36087276606038,-153.63912723393963,153.63912723393963,2021-08-09 08:45:00,2021-08-09 09:15:00,30.0,30.0
D1,F1-6-ridge,2,9,2021-07-12,96,1.0,True,198.0,192.9303482814456,-5.069651718554411,5.069651718554411,2021-07-12 08:45:00,2021-07-12 10:45:00,120.0,120.0
D1,F1-6-ridge,2,9,2021-07-13,1,0.010416666666666666,False,79.0,100.46640849625415,21.466408496254147,21.466408496254147,2021-07-13 00:00:00,2021-07-13 00:00:00,0.0,0.0
D1,F1-6-ridge,2,9,2021-07-17,75,0.78125,False,108.0,103.72438312769191,-4.275616872308092,4.275616872308092,2021-07-17 06:00:00,2021-07-17 07:15:00,75.0,75.0
D1,F1-6-ridge,2,9,2021-07-18,84,0.875,False,28.0,35.99187542567734,7.9918754256773425,7.9918754256773425,2021-07-18 01:15:00,2021-07-18 06:45:00,330.0,330.0
D1,F1-6-ridge,2,9,2021-07-26,84,0.875,False,217.0,215.19709645363298,-1.8029035463670198,1.8029035463670198,2021-07-26 08:30:00,2021-07-26 10:45:00,135.0,135.0
D1,F1-6-ridge,2,9,2021-07-27,84,0.875,False,211.0,207.86258692381094,-3.1374130761890626,3.1374130761890626,2021-07-27 11:45:00,2021-07-27 10:45:00,-60.0,60.0
D1,F1-6-ridge,2,9,2021-07-28,84,0.875,False,212.0,199.7620904032072,-12.237909596792804,12.237909596792804,2021-07-28 12:00:00,2021-07-28 12:00:00,0.0,0.0
D1,F1-6-ridge,2,9,2021-07-29,84,0.875,False,211.0,197.74614154031173,-13.253858459688274,13.253858459688274,2021-07-29 12:00:00,2021-07-29 11:00:00,-60.0,60.0
D1,F1-6-ridge,2,9,2021-07-30,85,0.8854166666666666,False,212.0,198.37588023787515,-13.624119762124849,13.624119762124849,2021-07-30 12:00:00,2021-07-30 11:45:00,-15.0,15.0
D1,F1-6-ridge,2,9,2021-07-31,96,1.0,True,80.0,102.24493026996008,22.24493026996008,22.24493026996008,2021-07-31 00:00:00,2021-07-31 01:45:00,105.0,105.0
D1,F1-6-ridge,2,9,2021-08-01,96,1.0,True,28.0,36.54566071924489,8.545660719244893,8.545660719244893,2021-08-01 09:00:00,2021-08-01 11:15:00,135.0,135.0
D1,F1-6-ridge,2,9,2021-08-09,39,0.40625,False,215.0,85.21636163615665,-129.78363836384335,129.78363836384335,2021-08-09 08:45:00,2021-08-09 09:30:00,45.0,45.0
D1,F1-6-ridge,2,10,2021-07-12,96,1.0,True,198.0,198.19127126085277,0.19127126085277268,0.19127126085277268,2021-07-12 08:45:00,2021-07-12 11:00:00,135.0,135.0
D1,F1-6-ridge,2,10,2021-07-13,1,0.010416666666666666,False,79.0,102.94226872625035,23.942268726250347,23.942268726250347,2021-07-13 00:00:00,2021-07-13 00:00:00,0.0,0.0
D1,F1-6-ridge,2,10,2021-07-17,74,0.7708333333333334,False,108.0,102.62972870760665,-5.370271292393355,5.370271292393355,2021-07-17 06:00:00,2021-07-17 06:30:00,30.0,30.0
D1,F1-6-ridge,2,10,2021-07-18,84,0.875,False,28.0,37.133525704852666,9.133525704852666,9.133525704852666,2021-07-18 01:15:00,2021-07-18 07:00:00,345.0,345.0
D1,F1-6-ridge,2,10,2021-07-26,84,0.875,False,217.0,218.2636786948812,1.2636786948812073,1.2636786948812073,2021-07-26 08:30:00,2021-07-26 11:00:00,150.0,150.0
D1,F1-6-ridge,2,10,2021-07-27,84,0.875,False,211.0,208.98022106861242,-2.0197789313875774,2.0197789313875774,2021-07-27 11:45:00,2021-07-27 11:00:00,-45.0,45.0
D1,F1-6-ridge,2,10,2021-07-28,84,0.875,False,212.0,201.6649065538202,-10.335093446179798,10.335093446179798,2021-07-28 12:00:00,2021-07-28 14:00:00,120.0,120.0
D1,F1-6-ridge,2,10,2021-07-29,84,0.875,False,211.0,198.08288823642923,-12.917111763570773,12.917111763570773,2021-07-29 12:00:00,2021-07-29 11:30:00,-30.0,30.0
D1,F1-6-ridge,2,10,2021-07-30,85,0.8854166666666666,False,212.0,200.72677700129276,-11.27322299870724,11.27322299870724,2021-07-30 12:00:00,2021-07-30 16:00:00,240.0,240.0
D1,F1-6-ridge,2,10,2021-07-31,96,1.0,True,80.0,101.98989266766998,21.989892667669977,21.989892667669977,2021-07-31 00:00:00,2021-07-31 01:45:00,105.0,105.0
D1,F1-6-ridge,2,10,2021-08-01,96,1.0,True,28.0,36.88663400014014,8.886634000140141,8.886634000140141,2021-08-01 09:00:00,2021-08-01 11:30:00,150.0,150.0
D1,F1-6-ridge,2,10,2021-08-09,39,0.40625,False,215.0,91.17531726179683,-123.82468273820317,123.82468273820317,2021-08-09 08:45:00,2021-08-09 07:45:00,-60.0,60.0
D1,F1-6-ridge,2,11,2021-07-12,96,1.0,True,198.0,200.726149148993,2.726149148992988,2.726149148992988,2021-07-12 08:45:00,2021-07-12 11:15:00,150.0,150.0
D1,F1-6-ridge,2,11,2021-07-13,1,0.010416666666666666,False,79.0,97.16856519696287,18.168565196962874,18.168565196962874,2021-07-13 00:00:00,2021-07-13 00:00:00,0.0,0.0
D1,F1-6-ridge,2,11,2021-07-17,73,0.7604166666666666,False,108.0,103.31387385091367,-4.686126149086334,4.686126149086334,2021-07-17 06:00:00,2021-07-17 06:45:00,45.0,45.0
D1,F1-6-ridge,2,11,2021-07-18,84,0.875,False,28.0,38.44206109052002,10.44206109052002,10.44206109052002,2021-07-18 01:15:00,2021-07-18 07:15:00,360.0,360.0
D1,F1-6-ridge,2,11,2021-07-26,84,0.875,False,217.0,214.48055491555388,-2.5194450844461187,2.5194450844461187,2021-07-26 08:30:00,2021-07-26 11:15:00,165.0,165.0
D1,F1-6-ridge,2,11,2021-07-27,84,0.875,False,211.0,208.36834431957408,-2.631655680425922,2.631655680425922,2021-07-27 11:45:00,2021-07-27 11:15:00,-30.0,30.0
D1,F1-6-ridge,2,11,2021-07-28,84,0.875,False,212.0,201.1795206204678,-10.820479379532202,10.820479379532202,2021-07-28 12:00:00,2021-07-28 11:30:00,-30.0,30.0
D1,F1-6-ridge,2,11,2021-07-29,84,0.875,False,211.0,198.74309134845794,-12.256908651542062,12.256908651542062,2021-07-29 12:00:00,2021-07-29 11:30:00,-30.0,30.0
D1,F1-6-ridge,2,11,2021-07-30,85,0.8854166666666666,False,212.0,199.17994103646623,-12.820058963533768,12.820058963533768,2021-07-30 12:00:00,2021-07-30 11:45:00,-15.0,15.0
D1,F1-6-ridge,2,11,2021-07-31,96,1.0,True,80.0,100.99890776583952,20.99890776583952,20.99890776583952,2021-07-31 00:00:00,2021-07-31 02:00:00,120.0,120.0
D1,F1-6-ridge,2,11,2021-08-01,96,1.0,True,28.0,38.14280284606448,10.142802846064477,10.142802846064477,2021-08-01 09:00:00,2021-08-01 11:45:00,165.0,165.0
D1,F1-6-ridge,2,11,2021-08-09,39,0.40625,False,215.0,101.56159114740787,-113.43840885259213,113.43840885259213,2021-08-09 08:45:00,2021-08-09 08:00:00,-45.0,45.0
D1,F1-6-ridge,2,12,2021-07-12,96,1.0,True,198.0,195.93531612256504,-2.064683877434959,2.064683877434959,2021-07-12 08:45:00,2021-07-12 11:30:00,165.0,165.0
D1,F1-6-ridge,2,12,2021-07-13,1,0.010416666666666666,False,79.0,98.57659915106248,19.57659915106248,19.57659915106248,2021-07-13 00:00:00,2021-07-13 00:00:00,0.0,0.0
D1,F1-6-ridge,2,12,2021-07-17,72,0.75,False,108.0,101.13171429638781,-6.868285703612187,6.868285703612187,2021-07-17 06:00:00,2021-07-17 06:45:00,45.0,45.0
D1,F1-6-ridge,2,12,2021-07-18,84,0.875,False,28.0,38.95057012992457,10.950570129924571,10.950570129924571,2021-07-18 01:15:00,2021-07-18 07:30:00,375.0,375.0
D1,F1-6-ridge,2,12,2021-07-26,84,0.875,False,217.0,228.4166893505548,11.416689350554805,11.416689350554805,2021-07-26 08:30:00,2021-07-26 11:30:00,180.0,180.0
D1,F1-6-ridge,2,12,2021-07-27,84,0.875,False,211.0,207.04589229830992,-3.954107701690077,3.954107701690077,2021-07-27 11:45:00,2021-07-27 11:30:00,-15.0,15.0
D1,F1-6-ridge,2,12,2021-07-28,84,0.875,False,212.0,203.66441710224697,-8.335582897753028,8.335582897753028,2021-07-28 12:00:00,2021-07-28 14:00:00,120.0,120.0
D1,F1-6-ridge,2,12,2021-07-29,84,0.875,False,211.0,197.8317985590301,-13.16820144096991,13.16820144096991,2021-07-29 12:00:00,2021-07-29 11:45:00,-15.0,15.0
D1,F1-6-ridge,2,12,2021-07-30,85,0.8854166666666666,False,212.0,200.21537800651532,-11.784621993484677,11.784621993484677,2021-07-30 12:00:00,2021-07-30 13:30:00,90.0,90.0
D1,F1-6-ridge,2,12,2021-07-31,96,1.0,True,80.0,100.57332853627871,20.57332853627871,20.57332853627871,2021-07-31 00:00:00,2021-07-31 02:15:00,135.0,135.0
D1,F1-6-ridge,2,12,2021-08-01,96,1.0,True,28.0,39.3879528767514,11.387952876751399,11.387952876751399,2021-08-01 09:00:00,2021-08-01 12:00:00,180.0,180.0
D1,F1-6-ridge,2,12,2021-08-09,39,0.40625,False,215.0,117.2687694102759,-97.7312305897241,97.7312305897241,2021-08-09 08:45:00,2021-08-09 08:15:00,-30.0,30.0
D1,F1-6-ridge,2,13,2021-07-12,96,1.0,True,198.0,189.88707412680026,-8.112925873199742,8.112925873199742,2021-07-12 08:45:00,2021-07-12 11:45:00,180.0,180.0
D1,F1-6-ridge,2,13,2021-07-13,1,0.010416666666666666,False,79.0,106.20952672796653,27.209526727966534,27.209526727966534,2021-07-13 00:00:00,2021-07-13 00:00:00,0.0,0.0
D1,F1-6-ridge,2,13,2021-07-17,71,0.7395833333333334,False,96.0,104.887014871537,8.887014871537005,8.887014871537005,2021-07-17 06:15:00,2021-07-17 07:15:00,60.0,60.0
D1,F1-6-ridge,2,13,2021-07-18,84,0.875,False,28.0,38.67443665037955,10.674436650379548,10.674436650379548,2021-07-18 01:15:00,2021-07-18 08:30:00,435.0,435.0
D1,F1-6-ridge,2,13,2021-07-26,84,0.875,False,217.0,217.68595099974462,0.6859509997446196,0.6859509997446196,2021-07-26 08:30:00,2021-07-26 11:45:00,195.0,195.0
D1,F1-6-ridge,2,13,2021-07-27,84,0.875,False,211.0,202.37445249411252,-8.625547505887482,8.625547505887482,2021-07-27 11:45:00,2021-07-27 14:00:00,135.0,135.0
D1,F1-6-ridge,2,13,2021-07-28,84,0.875,False,212.0,201.46756681559458,-10.53243318440542,10.53243318440542,2021-07-28 12:00:00,2021-07-28 12:00:00,0.0,0.0
D1,F1-6-ridge,2,13,2021-07-29,84,0.875,False,211.0,197.65926536072976,-13.340734639270238,13.340734639270238,2021-07-29 12:00:00,2021-07-29 12:00:00,0.0,0.0
D1,F1-6-ridge,2,13,2021-07-30,85,0.8854166666666666,False,212.0,196.0210565719256,-15.978943428074388,15.978943428074388,2021-07-30 12:00:00,2021-07-30 11:45:00,-15.0,15.0
D1,F1-6-ridge,2,13,2021-07-31,96,1.0,True,80.0,99.64614287163195,19.64614287163195,19.64614287163195,2021-07-31 00:00:00,2021-07-31 02:15:00,135.0,135.0
D1,F1-6-ridge,2,13,2021-08-01,96,1.0,True,28.0,41.32169524366107,13.321695243661068,13.321695243661068,2021-08-01 09:00:00,2021-08-01 12:15:00,195.0,195.0
D1,F1-6-ridge,2,13,2021-08-09,39,0.40625,False,215.0,130.57222628048282,-84.42777371951718,84.42777371951718,2021-08-09 08:45:00,2021-08-09 09:15:00,30.0,30.0
D1,F1-6-ridge,2,14,2021-07-12,96,1.0,True,198.0,180.70679270223712,-17.293207297762876,17.293207297762876,2021-07-12 08:45:00,2021-07-12 14:00:00,315.0,315.0
D1,F1-6-ridge,2,14,2021-07-13,1,0.010416666666666666,False,79.0,112.42666332648858,33.42666332648858,33.42666332648858,2021-07-13 00:00:00,2021-07-13 00:00:00,0.0,0.0
D1,F1-6-ridge,2,14,2021-07-17,70,0.7291666666666666,False,88.0,103.36791361563054,15.367913615630542,15.367913615630542,2021-07-17 07:15:00,2021-07-17 07:15:00,0.0,0.0
D1,F1-6-ridge,2,14,2021-07-18,84,0.875,False,28.0,39.71072984540926,11.710729845409261,11.710729845409261,2021-07-18 01:15:00,2021-07-18 08:30:00,435.0,435.0
D1,F1-6-ridge,2,14,2021-07-26,84,0.875,False,217.0,199.56937064308224,-17.430629356917763,17.430629356917763,2021-07-26 08:30:00,2021-07-26 12:00:00,210.0,210.0
D1,F1-6-ridge,2,14,2021-07-27,84,0.875,False,211.0,202.08573213455466,-8.91426786544534,8.91426786544534,2021-07-27 11:45:00,2021-07-27 14:15:00,150.0,150.0
D1,F1-6-ridge,2,14,2021-07-28,84,0.875,False,212.0,204.69773152051886,-7.3022684794811425,7.3022684794811425,2021-07-28 12:00:00,2021-07-28 14:00:00,120.0,120.0
D1,F1-6-ridge,2,14,2021-07-29,84,0.875,False,211.0,192.25289083992112,-18.747109160078878,18.747109160078878,2021-07-29 12:00:00,2021-07-29 14:30:00,150.0,150.0
D1,F1-6-ridge,2,14,2021-07-30,84,0.875,False,212.0,198.10002886101694,-13.899971138983062,13.899971138983062,2021-07-30 12:00:00,2021-07-30 14:00:00,120.0,120.0
D1,F1-6-ridge,2,14,2021-07-31,96,1.0,True,80.0,105.55144956626697,25.551449566266967,25.551449566266967,2021-07-31 00:00:00,2021-07-31 00:00:00,0.0,0.0
D1,F1-6-ridge,2,14,2021-08-01,96,1.0,True,28.0,42.11299663696139,14.112996636961391,14.112996636961391,2021-08-01 09:00:00,2021-08-01 09:30:00,30.0,30.0
D1,F1-6-ridge,2,14,2021-08-09,39,0.40625,False,215.0,137.85777635188705,-77.14222364811295,77.14222364811295,2021-08-09 08:45:00,2021-08-09 09:30:00,45.0,45.0
D1,F1-6-ridge,2,15,2021-07-12,96,1.0,True,198.0,182.27480347487557,-15.725196525124431,15.725196525124431,2021-07-12 08:45:00,2021-07-12 13:45:00,300.0,300.0
D1,F1-6-ridge,2,15,2021-07-13,1,0.010416666666666666,False,79.0,108.4102621290713,29.4102621290713,29.4102621290713,2021-07-13 00:00:00,2021-07-13 00:00:00,0.0,0.0
D1,F1-6-ridge,2,15,2021-07-17,69,0.71875,False,88.0,103.10601340994934,15.106013409949341,15.106013409949341,2021-07-17 07:15:00,2021-07-17 06:45:00,-30.0,30.0
D1,F1-6-ridge,2,15,2021-07-18,84,0.875,False,28.0,40.86080381249583,12.860803812495831,12.860803812495831,2021-07-18 01:15:00,2021-07-18 08:30:00,435.0,435.0
D1,F1-6-ridge,2,15,2021-07-26,84,0.875,False,217.0,190.9777692467248,-26.02223075327521,26.02223075327521,2021-07-26 08:30:00,2021-07-26 13:30:00,300.0,300.0
D1,F1-6-ridge,2,15,2021-07-27,84,0.875,False,211.0,200.65717818021125,-10.342821819788753,10.342821819788753,2021-07-27 11:45:00,2021-07-27 14:30:00,165.0,165.0
D1,F1-6-ridge,2,15,2021-07-28,84,0.875,False,212.0,204.2900018591124,-7.709998140887592,7.709998140887592,2021-07-28 12:00:00,2021-07-28 14:45:00,165.0,165.0
D1,F1-6-ridge,2,15,2021-07-29,84,0.875,False,211.0,194.1720692868033,-16.827930713196707,16.827930713196707,2021-07-29 12:00:00,2021-07-29 14:45:00,165.0,165.0
D1,F1-6-ridge,2,15,2021-07-30,84,0.875,False,212.0,199.25296490525838,-12.74703509474162,12.74703509474162,2021-07-30 12:00:00,2021-07-30 14:45:00,165.0,165.0
D1,F1-6-ridge,2,15,2021-07-31,96,1.0,True,80.0,105.76788486397201,25.767884863972014,25.767884863972014,2021-07-31 00:00:00,2021-07-31 00:00:00,0.0,0.0
D1,F1-6-ridge,2,15,2021-08-01,96,1.0,True,28.0,42.664269051415644,14.664269051415644,14.664269051415644,2021-08-01 09:00:00,2021-08-01 12:45:00,225.0,225.0
D1,F1-6-ridge,2,15,2021-08-09,39,0.40625,False,215.0,142.08724589068376,-72.91275410931624,72.91275410931624,2021-08-09 08:45:00,2021-08-09 09:00:00,15.0,15.0
D1,F1-6-ridge,2,16,2021-07-12,96,1.0,True,198.0,189.06786491593093,-8.932135084069074,8.932135084069074,2021-07-12 08:45:00,2021-07-12 14:00:00,315.0,315.0
D1,F1-6-ridge,2,16,2021-07-13,1,0.010416666666666666,False,79.0,104.3350581956868,25.3350581956868,25.3350581956868,2021-07-13 00:00:00,2021-07-13 00:00:00,0.0,0.0
D1,F1-6-ridge,2,16,2021-07-17,68,0.7083333333333334,False,88.0,103.37826864517612,15.37826864517612,15.37826864517612,2021-07-17 07:15:00,2021-07-17 07:15:00,0.0,0.0
D1,F1-6-ridge,2,16,2021-07-18,84,0.875,False,28.0,42.39937178056947,14.399371780569467,14.399371780569467,2021-07-18 01:15:00,2021-07-18 08:30:00,435.0,435.0
D1,F1-6-ridge,2,16,2021-07-26,84,0.875,False,217.0,198.3900852980703,-18.60991470192971,18.60991470192971,2021-07-26 08:30:00,2021-07-26 13:30:00,300.0,300.0
D1,F1-6-ridge,2,16,2021-07-27,84,0.875,False,211.0,200.6656950636463,-10.334304936353703,10.334304936353703,2021-07-27 11:45:00,2021-07-27 14:45:00,180.0,180.0
D1,F1-6-ridge,2,16,2021-07-28,84,0.875,False,212.0,206.8614964735084,-5.138503526491604,5.138503526491604,2021-07-28 12:00:00,2021-07-28 14:00:00,120.0,120.0
D1,F1-6-ridge,2,16,2021-07-29,84,0.875,False,211.0,197.56072399743283,-13.43927600256717,13.43927600256717,2021-07-29 12:00:00,2021-07-29 13:45:00,105.0,105.0
D1,F1-6-ridge,2,16,2021-07-30,84,0.875,False,212.0,202.1170591661231,-9.882940833876887,9.882940833876887,2021-07-30 12:00:00,2021-07-30 13:30:00,90.0,90.0
D1,F1-6-ridge,2,16,2021-07-31,96,1.0,True,80.0,111.51463967424289,31.514639674242886,31.514639674242886,2021-07-31 00:00:00,2021-07-31 00:00:00,0.0,0.0
D1,F1-6-ridge,2,16,2021-08-01,96,1.0,True,28.0,42.96296067798876,14.962960677988761,14.962960677988761,2021-08-01 09:00:00,2021-08-01 09:30:00,30.0,30.0
D1,F1-6-ridge,2,16,2021-08-09,39,0.40625,False,215.0,152.44816271441778,-62.551837285582224,62.551837285582224,2021-08-09 08:45:00,2021-08-09 09:15:00,30.0,30.0
D2,F1-6-ridge,0,4,2021-04-19,96,1.0,True,172.0,159.36065854939096,-12.639341450609038,12.639341450609038,2021-04-19 08:45:00,2021-04-19 09:45:00,60.0,60.0
D2,F1-6-ridge,0,4,2021-04-20,96,1.0,True,172.0,168.75703130849092,-3.242968691509077,3.242968691509077,2021-04-20 08:45:00,2021-04-20 09:45:00,60.0,60.0
D2,F1-6-ridge,0,4,2021-04-21,96,1.0,True,174.0,174.83590658804076,0.835906588040757,0.835906588040757,2021-04-21 08:30:00,2021-04-21 12:00:00,210.0,210.0
D2,F1-6-ridge,0,4,2021-04-22,96,1.0,True,174.0,170.99617571023992,-3.0038242897600753,3.0038242897600753,2021-04-22 08:30:00,2021-04-22 12:00:00,210.0,210.0
D2,F1-6-ridge,0,4,2021-04-23,96,1.0,True,174.0,169.38264220454397,-4.61735779545603,4.61735779545603,2021-04-23 08:30:00,2021-04-23 12:00:00,210.0,210.0
D2,F1-6-ridge,0,4,2021-04-24,96,1.0,True,112.0,106.97478519164224,-5.0252148083577595,5.0252148083577595,2021-04-24 06:15:00,2021-04-24 07:15:00,60.0,60.0
D2,F1-6-ridge,0,4,2021-04-25,96,1.0,True,25.0,29.473764488045823,4.473764488045823,4.473764488045823,2021-04-25 01:30:00,2021-04-25 06:00:00,270.0,270.0
D2,F1-6-ridge,0,4,2021-05-03,96,1.0,True,184.0,168.86570599285832,-15.134294007141676,15.134294007141676,2021-05-03 08:30:00,2021-05-03 09:45:00,75.0,75.0
D2,F1-6-ridge,0,4,2021-05-04,96,1.0,True,181.0,178.90170294081878,-2.0982970591812204,2.0982970591812204,2021-05-04 08:30:00,2021-05-04 12:00:00,210.0,210.0
D2,F1-6-ridge,0,4,2021-05-05,96,1.0,True,120.0,121.92988708050004,1.9298870805000377,1.9298870805000377,2021-05-05 04:15:00,2021-05-05 08:30:00,255.0,255.0
D2,F1-6-ridge,0,4,2021-05-06,96,1.0,True,199.0,172.1772187513673,-26.822781248632708,26.822781248632708,2021-05-06 09:00:00,2021-05-06 09:30:00,30.0,30.0
D2,F1-6-ridge,0,4,2021-05-07,96,1.0,True,181.0,170.65331744017868,-10.346682559821318,10.346682559821318,2021-05-07 09:00:00,2021-05-07 09:45:00,45.0,45.0
D2,F1-6-ridge,0,4,2021-05-08,96,1.0,True,115.0,108.31595554093124,-6.684044459068758,6.684044459068758,2021-05-08 02:00:00,2021-05-08 07:15:00,315.0,315.0
D2,F1-6-ridge,0,4,2021-05-09,96,1.0,True,184.0,134.89368455356407,-49.10631544643593,49.10631544643593,2021-05-09 09:00:00,2021-05-09 09:30:00,30.0,30.0
D2,F1-6-ridge,0,5,2021-04-19,96,1.0,True,172.0,159.8293325738649,-12.170667426135111,12.170667426135111,2021-04-19 08:45:00,2021-04-19 13:15:00,270.0,270.0
D2,F1-6-ridge,0,5,2021-04-20,96,1.0,True,172.0,168.43105728794106,-3.5689427120589414,3.5689427120589414,2021-04-20 08:45:00,2021-04-20 13:15:00,270.0,270.0
D2,F1-6-ridge,0,5,2021-04-21,96,1.0,True,174.0,173.15275773014895,-0.8472422698510513,0.8472422698510513,2021-04-21 08:30:00,2021-04-21 12:00:00,210.0,210.0
D2,F1-6-ridge,0,5,2021-04-22,96,1.0,True,174.0,169.06113163191696,-4.938868368083035,4.938868368083035,2021-04-22 08:30:00,2021-04-22 12:00:00,210.0,210.0
D2,F1-6-ridge,0,5,2021-04-23,96,1.0,True,174.0,167.46014548494486,-6.53985451505514,6.53985451505514,2021-04-23 08:30:00,2021-04-23 12:00:00,210.0,210.0
D2,F1-6-ridge,0,5,2021-04-24,96,1.0,True,112.0,105.89824821596527,-6.101751784034732,6.101751784034732,2021-04-24 06:15:00,2021-04-24 07:15:00,60.0,60.0
D2,F1-6-ridge,0,5,2021-04-25,96,1.0,True,25.0,31.63608698255443,6.636086982554431,6.636086982554431,2021-04-25 01:30:00,2021-04-25 06:15:00,285.0,285.0
D2,F1-6-ridge,0,5,2021-05-03,96,1.0,True,184.0,165.39139274978302,-18.608607250216977,18.608607250216977,2021-05-03 08:30:00,2021-05-03 09:45:00,75.0,75.0
D2,F1-6-ridge,0,5,2021-05-04,96,1.0,True,181.0,176.06610622460033,-4.9338937753996674,4.9338937753996674,2021-05-04 08:30:00,2021-05-04 12:00:00,210.0,210.0
D2,F1-6-ridge,0,5,2021-05-05,96,1.0,True,120.0,126.7181869877839,6.718186987783895,6.718186987783895,2021-05-05 04:15:00,2021-05-05 08:30:00,255.0,255.0
D2,F1-6-ridge,0,5,2021-05-06,96,1.0,True,199.0,166.65679516018287,-32.34320483981713,32.34320483981713,2021-05-06 09:00:00,2021-05-06 09:45:00,45.0,45.0
D2,F1-6-ridge,0,5,2021-05-07,96,1.0,True,181.0,170.24447849428327,-10.755521505716729,10.755521505716729,2021-05-07 09:00:00,2021-05-07 14:30:00,330.0,330.0
D2,F1-6-ridge,0,5,2021-05-08,96,1.0,True,115.0,106.2659735959752,-8.734026404024803,8.734026404024803,2021-05-08 02:00:00,2021-05-08 07:30:00,330.0,330.0
D2,F1-6-ridge,0,5,2021-05-09,96,1.0,True,184.0,123.94077327983287,-60.05922672016713,60.05922672016713,2021-05-09 09:00:00,2021-05-09 09:45:00,45.0,45.0
D2,F1-6-ridge,0,6,2021-04-19,96,1.0,True,172.0,159.87874577698994,-12.121254223010055,12.121254223010055,2021-04-19 08:45:00,2021-04-19 13:30:00,285.0,285.0
D2,F1-6-ridge,0,6,2021-04-20,96,1.0,True,172.0,169.90556313654375,-2.0944368634562522,2.0944368634562522,2021-04-20 08:45:00,2021-04-20 12:00:00,195.0,195.0
D2,F1-6-ridge,0,6,2021-04-21,96,1.0,True,174.0,175.28951007816391,1.2895100781639144,1.2895100781639144,2021-04-21 08:30:00,2021-04-21 12:00:00,210.0,210.0
D2,F1-6-ridge,0,6,2021-04-22,96,1.0,True,174.0,170.90565704597003,-3.094342954029969,3.094342954029969,2021-04-22 08:30:00,2021-04-22 12:00:00,210.0,210.0
D2,F1-6-ridge,0,6,2021-04-23,96,1.0,True,174.0,169.25933194704197,-4.7406680529580285,4.7406680529580285,2021-04-23 08:30:00,2021-04-23 12:00:00,210.0,210.0
D2,F1-6-ridge,0,6,2021-04-24,96,1.0,True,112.0,103.6591396730605,-8.340860326939506,8.340860326939506,2021-04-24 06:15:00,2021-04-24 06:15:00,0.0,0.0
D2,F1-6-ridge,0,6,2021-04-25,96,1.0,True,25.0,32.49669778631786,7.49669778631786,7.49669778631786,2021-04-25 01:30:00,2021-04-25 06:30:00,300.0,300.0
D2,F1-6-ridge,0,6,2021-05-03,96,1.0,True,184.0,165.7936362590475,-18.206363740952497,18.206363740952497,2021-05-03 08:30:00,2021-05-03 11:00:00,150.0,150.0
D2,F1-6-ridge,0,6,2021-05-04,96,1.0,True,181.0,178.18641679599236,-2.8135832040076423,2.8135832040076423,2021-05-04 08:30:00,2021-05-04 12:00:00,210.0,210.0
D2,F1-6-ridge,0,6,2021-05-05,96,1.0,True,120.0,130.19486161160734,10.194861611607337,10.194861611607337,2021-05-05 04:15:00,2021-05-05 08:30:00,255.0,255.0
D2,F1-6-ridge,0,6,2021-05-06,96,1.0,True,199.0,168.87938217460385,-30.120617825396153,30.120617825396153,2021-05-06 09:00:00,2021-05-06 11:30:00,150.0,150.0
D2,F1-6-ridge,0,6,2021-05-07,96,1.0,True,181.0,171.12025110185584,-9.879748898144157,9.879748898144157,2021-05-07 09:00:00,2021-05-07 11:00:00,120.0,120.0
D2,F1-6-ridge,0,6,2021-05-08,96,1.0,True,115.0,106.56096789483387,-8.439032105166135,8.439032105166135,2021-05-08 02:00:00,2021-05-08 04:30:00,150.0,150.0
D2,F1-6-ridge,0,6,2021-05-09,96,1.0,True,184.0,123.5835026440207,-60.4164973559793,60.4164973559793,2021-05-09 09:00:00,2021-05-09 11:00:00,120.0,120.0
D2,F1-6-ridge,0,7,2021-04-19,96,1.0,True,172.0,160.74255074971222,-11.257449250287777,11.257449250287777,2021-04-19 08:45:00,2021-04-19 11:30:00,165.0,165.0
D2,F1-6-ridge,0,7,2021-04-20,96,1.0,True,172.0,170.48581259036033,-1.5141874096396748,1.5141874096396748,2021-04-20 08:45:00,2021-04-20 11:30:00,165.0,165.0
D2,F1-6-ridge,0,7,2021-04-21,96,1.0,True,174.0,170.09915494386186,-3.900845056138138,3.900845056138138,2021-04-21 08:30:00,2021-04-21 11:00:00,150.0,150.0
D2,F1-6-ridge,0,7,2021-04-22,96,1.0,True,174.0,168.08899994239792,-5.911000057602081,5.911000057602081,2021-04-22 08:30:00,2021-04-22 11:00:00,150.0,150.0
D2,F1-6-ridge,0,7,2021-04-23,96,1.0,True,174.0,166.42633471214123,-7.573665287858773,7.573665287858773,2021-04-23 08:30:00,2021-04-23 11:00:00,150.0,150.0
D2,F1-6-ridge,0,7,2021-04-24,96,1.0,True,112.0,105.36434682117834,-6.635653178821656,6.635653178821656,2021-04-24 06:15:00,2021-04-24 06:15:00,0.0,0.0
D2,F1-6-ridge,0,7,2021-04-25,96,1.0,True,25.0,33.48775766107782,8.487757661077822,8.487757661077822,2021-04-25 01:30:00,2021-04-25 06:30:00,300.0,300.0
D2,F1-6-ridge,0,7,2021-05-03,96,1.0,True,184.0,167.82679195876423,-16.173208041235767,16.173208041235767,2021-05-03 08:30:00,2021-05-03 11:15:00,165.0,165.0
D2,F1-6-ridge,0,7,2021-05-04,96,1.0,True,181.0,175.71931843885244,-5.28068156114756,5.28068156114756,2021-05-04 08:30:00,2021-05-04 11:30:00,180.0,180.0
D2,F1-6-ridge,0,7,2021-05-05,96,1.0,True,120.0,135.6535409729504,15.653540972950395,15.653540972950395,2021-05-05 04:15:00,2021-05-05 08:30:00,255.0,255.0
D2,F1-6-ridge,0,7,2021-05-06,96,1.0,True,199.0,172.59373942956967,-26.406260570430334,26.406260570430334,2021-05-06 09:00:00,2021-05-06 11:30:00,150.0,150.0
D2,F1-6-ridge,0,7,2021-05-07,96,1.0,True,181.0,171.5723863775459,-9.42761362245409,9.42761362245409,2021-05-07 09:00:00,2021-05-07 10:30:00,90.0,90.0
D2,F1-6-ridge,0,7,2021-05-08,96,1.0,True,115.0,106.42522507509162,-8.574774924908382,8.574774924908382,2021-05-08 02:00:00,2021-05-08 06:30:00,270.0,270.0
D2,F1-6-ridge,0,7,2021-05-09,96,1.0,True,184.0,123.25145636188213,-60.748543638117866,60.748543638117866,2021-05-09 09:00:00,2021-05-09 11:15:00,135.0,135.0
D2,F1-6-ridge,0,8,2021-04-19,96,1.0,True,172.0,161.26469321481972,-10.735306785180285,10.735306785180285,2021-04-19 08:45:00,2021-04-19 12:00:00,195.0,195.0
D2,F1-6-ridge,0,8,2021-04-20,96,1.0,True,172.0,171.3299578642014,-0.6700421357986102,0.6700421357986102,2021-04-20 08:45:00,2021-04-20 12:00:00,195.0,195.0
D2,F1-6-ridge,0,8,2021-04-21,96,1.0,True,174.0,171.0593033178666,-2.9406966821333924,2.9406966821333924,2021-04-21 08:30:00,2021-04-21 10:45:00,135.0,135.0
D2,F1-6-ridge,0,8,2021-04-22,96,1.0,True,174.0,168.497873475949,-5.502126524050993,5.502126524050993,2021-04-22 08:30:00,2021-04-22 10:45:00,135.0,135.0
D2,F1-6-ridge,0,8,2021-04-23,96,1.0,True,174.0,166.8252433996881,-7.174756600311895,7.174756600311895,2021-04-23 08:30:00,2021-04-23 10:45:00,135.0,135.0
D2,F1-6-ridge,0,8,2021-04-24,96,1.0,True,112.0,103.64270664876526,-8.357293351234745,8.357293351234745,2021-04-24 06:15:00,2021-04-24 06:30:00,15.0,15.0
D2,F1-6-ridge,0,8,2021-04-25,96,1.0,True,25.0,34.930299953793686,9.930299953793686,9.930299953793686,2021-04-25 01:30:00,2021-04-25 07:00:00,330.0,330.0
D2,F1-6-ridge,0,8,2021-05-03,96,1.0,True,184.0,168.55022325059184,-15.449776749408159,15.449776749408159,2021-05-03 08:30:00,2021-05-03 11:30:00,180.0,180.0
D2,F1-6-ridge,0,8,2021-05-04,96,1.0,True,181.0,176.88901315130755,-4.110986848692448,4.110986848692448,2021-05-04 08:30:00,2021-05-04 12:00:00,210.0,210.0
D2,F1-6-ridge,0,8,2021-05-05,96,1.0,True,120.0,136.9517062121855,16.951706212185513,16.951706212185513,2021-05-05 04:15:00,2021-05-05 08:30:00,255.0,255.0
D2,F1-6-ridge,0,8,2021-05-06,96,1.0,True,199.0,174.9252105820769,-24.074789417923114,24.074789417923114,2021-05-06 09:00:00,2021-05-06 11:30:00,150.0,150.0
D2,F1-6-ridge,0,8,2021-05-07,96,1.0,True,181.0,172.05704764715512,-8.942952352844884,8.942952352844884,2021-05-07 09:00:00,2021-05-07 11:00:00,120.0,120.0
D2,F1-6-ridge,0,8,2021-05-08,96,1.0,True,115.0,107.54950933477973,-7.450490665220272,7.450490665220272,2021-05-08 02:00:00,2021-05-08 06:30:00,270.0,270.0
D2,F1-6-ridge,0,8,2021-05-09,96,1.0,True,184.0,124.39174307876357,-59.60825692123643,59.60825692123643,2021-05-09 09:00:00,2021-05-09 11:00:00,120.0,120.0
D2,F1-6-ridge,0,9,2021-04-19,96,1.0,True,172.0,165.06150674199995,-6.938493258000051,6.938493258000051,2021-04-19 08:45:00,2021-04-19 11:00:00,135.0,135.0
D2,F1-6-ridge,0,9,2021-04-20,96,1.0,True,172.0,174.1043730246605,2.1043730246605037,2.1043730246605037,2021-04-20 08:45:00,2021-04-20 11:00:00,135.0,135.0
D2,F1-6-ridge,0,9,2021-04-21,96,1.0,True,174.0,174.57719678413,0.5771967841299954,0.5771967841299954,2021-04-21 08:30:00,2021-04-21 13:15:00,285.0,285.0
D2,F1-6-ridge,0,9,2021-04-22,96,1.0,True,174.0,171.30890002639956,-2.691099973600444,2.691099973600444,2021-04-22 08:30:00,2021-04-22 13:15:00,285.0,285.0
D2,F1-6-ridge,0,9,2021-04-23,96,1.0,True,174.0,169.5751318416522,-4.424868158347806,4.424868158347806,2021-04-23 08:30:00,2021-04-23 13:15:00,285.0,285.0
D2,F1-6-ridge,0,9,2021-04-24,96,1.0,True,112.0,105.4630986429969,-6.536901357003103,6.536901357003103,2021-04-24 06:15:00,2021-04-24 06:15:00,0.0,0.0
D2,F1-6-ridge,0,9,2021-04-25,96,1.0,True,25.0,35.727277242716916,10.727277242716916,10.727277242716916,2021-04-25 01:30:00,2021-04-25 07:00:00,330.0,330.0
D2,F1-6-ridge,0,9,2021-05-03,96,1.0,True,184.0,172.6714748129418,-11.328525187058204,11.328525187058204,2021-05-03 08:30:00,2021-05-03 11:00:00,150.0,150.0
D2,F1-6-ridge,0,9,2021-05-04,96,1.0,True,181.0,177.88838520852977,-3.111614791470231,3.111614791470231,2021-05-04 08:30:00,2021-05-04 12:00:00,210.0,210.0
D2,F1-6-ridge,0,9,2021-05-05,96,1.0,True,120.0,135.30005385241319,15.300053852413185,15.300053852413185,2021-05-05 04:15:00,2021-05-05 08:30:00,255.0,255.0
D2,F1-6-ridge,0,9,2021-05-06,96,1.0,True,199.0,174.2219790977607,-24.77802090223929,24.77802090223929,2021-05-06 09:00:00,2021-05-06 11:45:00,165.0,165.0
D2,F1-6-ridge,0,9,2021-05-07,96,1.0,True,181.0,175.28908102581602,-5.710918974183983,5.710918974183983,2021-05-07 09:00:00,2021-05-07 11:00:00,120.0,120.0
D2,F1-6-ridge,0,9,2021-05-08,96,1.0,True,115.0,107.67437559730519,-7.325624402694814,7.325624402694814,2021-05-08 02:00:00,2021-05-08 06:30:00,270.0,270.0
D2,F1-6-ridge,0,9,2021-05-09,96,1.0,True,184.0,124.86801288090436,-59.13198711909564,59.13198711909564,2021-05-09 09:00:00,2021-05-09 10:45:00,105.0,105.0
D2,F1-6-ridge,0,10,2021-04-19,96,1.0,True,172.0,164.84911837293268,-7.150881627067321,7.150881627067321,2021-04-19 08:45:00,2021-04-19 11:15:00,150.0,150.0
D2,F1-6-ridge,0,10,2021-04-20,96,1.0,True,172.0,174.84969926731884,2.84969926731884,2.84969926731884,2021-04-20 08:45:00,2021-04-20 11:15:00,150.0,150.0
D2,F1-6-ridge,0,10,2021-04-21,96,1.0,True,174.0,176.75189139342461,2.7518913934246143,2.7518913934246143,2021-04-21 08:30:00,2021-04-21 13:30:00,300.0,300.0
D2,F1-6-ridge,0,10,2021-04-22,96,1.0,True,174.0,172.58044205987224,-1.4195579401277598,1.4195579401277598,2021-04-22 08:30:00,2021-04-22 13:30:00,300.0,300.0
D2,F1-6-ridge,0,10,2021-04-23,96,1.0,True,174.0,170.79275792267512,-3.207242077324878,3.207242077324878,2021-04-23 08:30:00,2021-04-23 13:30:00,300.0,300.0
D2,F1-6-ridge,0,10,2021-04-24,96,1.0,True,112.0,105.76019646687067,-6.239803533129333,6.239803533129333,2021-04-24 06:15:00,2021-04-24 02:00:00,-255.0,255.0
D2,F1-6-ridge,0,10,2021-04-25,96,1.0,True,25.0,35.931291385149514,10.931291385149514,10.931291385149514,2021-04-25 01:30:00,2021-04-25 07:30:00,360.0,360.0
D2,F1-6-ridge,0,10,2021-05-03,96,1.0,True,184.0,176.47348533433524,-7.526514665664763,7.526514665664763,2021-05-03 08:30:00,2021-05-03 11:15:00,165.0,165.0
D2,F1-6-ridge,0,10,2021-05-04,96,1.0,True,181.0,178.72809396056306,-2.271906039436942,2.271906039436942,2021-05-04 08:30:00,2021-05-04 11:00:00,150.0,150.0
D2,F1-6-ridge,0,10,2021-05-05,96,1.0,True,120.0,137.2480898943764,17.248089894376392,17.248089894376392,2021-05-05 04:15:00,2021-05-05 08:30:00,255.0,255.0
D2,F1-6-ridge,0,10,2021-05-06,96,1.0,True,199.0,175.92850092314785,-23.07149907685215,23.07149907685215,2021-05-06 09:00:00,2021-05-06 11:30:00,150.0,150.0
D2,F1-6-ridge,0,10,2021-05-07,96,1.0,True,181.0,174.28768927326,-6.712310726739986,6.712310726739986,2021-05-07 09:00:00,2021-05-07 11:15:00,135.0,135.0
D2,F1-6-ridge,0,10,2021-05-08,96,1.0,True,115.0,107.10363190990712,-7.896368090092878,7.896368090092878,2021-05-08 02:00:00,2021-05-08 06:45:00,285.0,285.0
D2,F1-6-ridge,0,10,2021-05-09,96,1.0,True,184.0,127.64299374027173,-56.357006259728266,56.357006259728266,2021-05-09 09:00:00,2021-05-09 11:00:00,120.0,120.0
D2,F1-6-ridge,0,11,2021-04-19,96,1.0,True,172.0,165.2381942440681,-6.761805755931903,6.761805755931903,2021-04-19 08:45:00,2021-04-19 11:30:00,165.0,165.0
D2,F1-6-ridge,0,11,2021-04-20,96,1.0,True,172.0,175.09980489620776,3.0998048962077576,3.0998048962077576,2021-04-20 08:45:00,2021-04-20 11:30:00,165.0,165.0
D2,F1-6-ridge,0,11,2021-04-21,96,1.0,True,174.0,176.27965238551363,2.2796523855136286,2.2796523855136286,2021-04-21 08:30:00,2021-04-21 13:30:00,300.0,300.0
D2,F1-6-ridge,0,11,2021-04-22,96,1.0,True,174.0,172.41259568388142,-1.5874043161185796,1.5874043161185796,2021-04-22 08:30:00,2021-04-22 13:45:00,315.0,315.0
D2,F1-6-ridge,0,11,2021-04-23,96,1.0,True,174.0,170.60444986597943,-3.395550134020567,3.395550134020567,2021-04-23 08:30:00,2021-04-23 13:45:00,315.0,315.0
D2,F1-6-ridge,0,11,2021-04-24,96,1.0,True,112.0,106.30443567918934,-5.695564320810661,5.695564320810661,2021-04-24 06:15:00,2021-04-24 06:15:00,0.0,0.0
D2,F1-6-ridge,0,11,2021-04-25,96,1.0,True,25.0,36.22857375914051,11.22857375914051,11.22857375914051,2021-04-25 01:30:00,2021-04-25 07:30:00,360.0,360.0
D2,F1-6-ridge,0,11,2021-05-03,96,1.0,True,184.0,179.09021073385637,-4.909789266143633,4.909789266143633,2021-05-03 08:30:00,2021-05-03 11:15:00,165.0,165.0
D2,F1-6-ridge,0,11,2021-05-04,96,1.0,True,181.0,180.65762727733247,-0.34237272266753394,0.34237272266753394,2021-05-04 08:30:00,2021-05-04 11:15:00,165.0,165.0
D2,F1-6-ridge,0,11,2021-05-05,96,1.0,True,120.0,140.6521694536009,20.65216945360089,20.65216945360089,2021-05-05 04:15:00,2021-05-05 08:30:00,255.0,255.0
D2,F1-6-ridge,0,11,2021-05-06,96,1.0,True,199.0,178.40416230296262,-20.595837697037382,20.595837697037382,2021-05-06 09:00:00,2021-05-06 11:15:00,135.0,135.0
D2,F1-6-ridge,0,11,2021-05-07,96,1.0,True,181.0,174.20848665850815,-6.79151334149185,6.79151334149185,2021-05-07 09:00:00,2021-05-07 11:30:00,150.0,150.0
D2,F1-6-ridge,0,11,2021-05-08,96,1.0,True,115.0,107.8267012638849,-7.1732987361151,7.1732987361151,2021-05-08 02:00:00,2021-05-08 06:15:00,255.0,255.0
D2,F1-6-ridge,0,11,2021-05-09,96,1.0,True,184.0,126.46976368719817,-57.53023631280183,57.53023631280183,2021-05-09 09:00:00,2021-05-09 11:15:00,135.0,135.0
D2,F1-6-ridge,0,12,2021-04-19,96,1.0,True,172.0,164.3949207251692,-7.605079274830814,7.605079274830814,2021-04-19 08:45:00,2021-04-19 11:45:00,180.0,180.0
D2,F1-6-ridge,0,12,2021-04-20,96,1.0,True,172.0,174.87766430460374,2.8776643046037407,2.8776643046037407,2021-04-20 08:45:00,2021-04-20 11:45:00,180.0,180.0
D2,F1-6-ridge,0,12,2021-04-21,96,1.0,True,174.0,177.42214383517197,3.4221438351719655,3.4221438351719655,2021-04-21 08:30:00,2021-04-21 13:30:00,300.0,300.0
D2,F1-6-ridge,0,12,2021-04-22,96,1.0,True,174.0,172.94902539116364,-1.0509746088363556,1.0509746088363556,2021-04-22 08:30:00,2021-04-22 13:30:00,300.0,300.0
D2,F1-6-ridge,0,12,2021-04-23,96,1.0,True,174.0,171.21613536425244,-2.7838646357475625,2.7838646357475625,2021-04-23 08:30:00,2021-04-23 13:30:00,300.0,300.0
D2,F1-6-ridge,0,12,2021-04-24,96,1.0,True,112.0,106.92724213327786,-5.072757866722142,5.072757866722142,2021-04-24 06:15:00,2021-04-24 02:00:00,-255.0,255.0
D2,F1-6-ridge,0,12,2021-04-25,96,1.0,True,25.0,36.64139950323643,11.641399503236428,11.641399503236428,2021-04-25 01:30:00,2021-04-25 08:00:00,390.0,390.0
D2,F1-6-ridge,0,12,2021-05-03,96,1.0,True,184.0,177.55622292293927,-6.44377707706073,6.44377707706073,2021-05-03 08:30:00,2021-05-03 11:30:00,180.0,180.0
D2,F1-6-ridge,0,12,2021-05-04,96,1.0,True,181.0,179.43894293013915,-1.5610570698608512,1.5610570698608512,2021-05-04 08:30:00,2021-05-04 11:30:00,180.0,180.0
D2,F1-6-ridge,0,12,2021-05-05,96,1.0,True,120.0,141.01930440548998,21.019304405489976,21.019304405489976,2021-05-05 04:15:00,2021-05-05 08:30:00,255.0,255.0
D2,F1-6-ridge,0,12,2021-05-06,96,1.0,True,199.0,181.85084578528145,-17.14915421471855,17.14915421471855,2021-05-06 09:00:00,2021-05-06 11:30:00,150.0,150.0
D2,F1-6-ridge,0,12,2021-05-07,96,1.0,True,181.0,172.0972972688564,-8.902702731143592,8.902702731143592,2021-05-07 09:00:00,2021-05-07 11:45:00,165.0,165.0
D2,F1-6-ridge,0,12,2021-05-08,96,1.0,True,115.0,108.24889033138578,-6.75110966861422,6.75110966861422,2021-05-08 02:00:00,2021-05-08 06:30:00,270.0,270.0
D2,F1-6-ridge,0,12,2021-05-09,96,1.0,True,184.0,123.23672266985888,-60.76327733014112,60.76327733014112,2021-05-09 09:00:00,2021-05-09 11:30:00,150.0,150.0
D2,F1-6-ridge,0,13,2021-04-19,96,1.0,True,172.0,163.96572098202353,-8.034279017976473,8.034279017976473,2021-04-19 08:45:00,2021-04-19 12:00:00,195.0,195.0
D2,F1-6-ridge,0,13,2021-04-20,96,1.0,True,172.0,174.78397739299248,2.783977392992483,2.783977392992483,2021-04-20 08:45:00,2021-04-20 12:00:00,195.0,195.0
D2,F1-6-ridge,0,13,2021-04-21,96,1.0,True,174.0,175.87441015882683,1.8744101588268336,1.8744101588268336,2021-04-21 08:30:00,2021-04-21 13:45:00,315.0,315.0
D2,F1-6-ridge,0,13,2021-04-22,96,1.0,True,174.0,171.7873850073342,-2.212614992665806,2.212614992665806,2021-04-22 08:30:00,2021-04-22 13:45:00,315.0,315.0
D2,F1-6-ridge,0,13,2021-04-23,96,1.0,True,174.0,170.11084488345273,-3.889155116547272,3.889155116547272,2021-04-23 08:30:00,2021-04-23 13:45:00,315.0,315.0
D2,F1-6-ridge,0,13,2021-04-24,96,1.0,True,112.0,109.91202165727147,-2.087978342728533,2.087978342728533,2021-04-24 06:15:00,2021-04-24 01:45:00,-270.0,270.0
D2,F1-6-ridge,0,13,2021-04-25,96,1.0,True,25.0,37.90385417422142,12.903854174221422,12.903854174221422,2021-04-25 01:30:00,2021-04-25 08:15:00,405.0,405.0
D2,F1-6-ridge,0,13,2021-05-03,96,1.0,True,184.0,174.72302399606122,-9.276976003938785,9.276976003938785,2021-05-03 08:30:00,2021-05-03 11:45:00,195.0,195.0
D2,F1-6-ridge,0,13,2021-05-04,96,1.0,True,181.0,178.80977668493875,-2.190223315061246,2.190223315061246,2021-05-04 08:30:00,2021-05-04 11:45:00,195.0,195.0
D2,F1-6-ridge,0,13,2021-05-05,96,1.0,True,120.0,143.09046455905874,23.090464559058745,23.090464559058745,2021-05-05 04:15:00,2021-05-05 08:30:00,255.0,255.0
D2,F1-6-ridge,0,13,2021-05-06,96,1.0,True,199.0,177.08212889833413,-21.917871101665867,21.917871101665867,2021-05-06 09:00:00,2021-05-06 11:45:00,165.0,165.0
D2,F1-6-ridge,0,13,2021-05-07,96,1.0,True,181.0,165.51252010169713,-15.487479898302865,15.487479898302865,2021-05-07 09:00:00,2021-05-07 12:00:00,180.0,180.0
D2,F1-6-ridge,0,13,2021-05-08,96,1.0,True,115.0,108.37749943079072,-6.622500569209279,6.622500569209279,2021-05-08 02:00:00,2021-05-08 06:15:00,255.0,255.0
D2,F1-6-ridge,0,13,2021-05-09,96,1.0,True,184.0,118.94123846486846,-65.05876153513154,65.05876153513154,2021-05-09 09:00:00,2021-05-09 11:45:00,165.0,165.0
D2,F1-6-ridge,0,14,2021-04-19,96,1.0,True,172.0,165.55177211412246,-6.448227885877543,6.448227885877543,2021-04-19 08:45:00,2021-04-19 13:15:00,270.0,270.0
D2,F1-6-ridge,0,14,2021-04-20,96,1.0,True,172.0,175.01238499635673,3.0123849963567295,3.0123849963567295,2021-04-20 08:45:00,2021-04-20 13:15:00,270.0,270.0
D2,F1-6-ridge,0,14,2021-04-21,96,1.0,True,174.0,171.99779261583103,-2.002207384168969,2.002207384168969,2021-04-21 08:30:00,2021-04-21 12:00:00,210.0,210.0
D2,F1-6-ridge,0,14,2021-04-22,96,1.0,True,174.0,167.84419626452828,-6.155803735471721,6.155803735471721,2021-04-22 08:30:00,2021-04-22 14:30:00,360.0,360.0
D2,F1-6-ridge,0,14,2021-04-23,96,1.0,True,174.0,166.21990999115596,-7.7800900088440414,7.7800900088440414,2021-04-23 08:30:00,2021-04-23 14:30:00,360.0,360.0
D2,F1-6-ridge,0,14,2021-04-24,96,1.0,True,112.0,111.74903232445305,-0.25096767554694566,0.25096767554694566,2021-04-24 06:15:00,2021-04-24 02:00:00,-255.0,255.0
D2,F1-6-ridge,0,14,2021-04-25,96,1.0,True,25.0,38.0543321651514,13.0543321651514,13.0543321651514,2021-04-25 01:30:00,2021-04-25 08:15:00,405.0,405.0
D2,F1-6-ridge,0,14,2021-05-03,96,1.0,True,184.0,171.20513648434485,-12.794863515655152,12.794863515655152,2021-05-03 08:30:00,2021-05-03 12:00:00,210.0,210.0
D2,F1-6-ridge,0,14,2021-05-04,96,1.0,True,181.0,179.28186673202285,-1.7181332679771515,1.7181332679771515,2021-05-04 08:30:00,2021-05-04 12:00:00,210.0,210.0
D2,F1-6-ridge,0,14,2021-05-05,96,1.0,True,120.0,147.0855492945049,27.085549294504887,27.085549294504887,2021-05-05 04:15:00,2021-05-05 08:30:00,255.0,255.0
D2,F1-6-ridge,0,14,2021-05-06,96,1.0,True,199.0,170.59527385797412,-28.40472614202588,28.40472614202588,2021-05-06 09:00:00,2021-05-06 12:00:00,180.0,180.0
D2,F1-6-ridge,0,14,2021-05-07,96,1.0,True,181.0,169.9142945582936,-11.08570544170641,11.08570544170641,2021-05-07 09:00:00,2021-05-07 14:30:00,330.0,330.0
D2,F1-6-ridge,0,14,2021-05-08,96,1.0,True,115.0,108.56843704606246,-6.431562953937544,6.431562953937544,2021-05-08 02:00:00,2021-05-08 06:30:00,270.0,270.0
D2,F1-6-ridge,0,14,2021-05-09,96,1.0,True,184.0,112.61911601153518,-71.38088398846482,71.38088398846482,2021-05-09 09:00:00,2021-05-09 12:00:00,180.0,180.0
D2,F1-6-ridge,0,15,2021-04-19,96,1.0,True,172.0,168.5087054998014,-3.4912945001985918,3.4912945001985918,2021-04-19 08:45:00,2021-04-19 13:30:00,285.0,285.0
D2,F1-6-ridge,0,15,2021-04-20,96,1.0,True,172.0,178.89411872045798,6.894118720457982,6.894118720457982,2021-04-20 08:45:00,2021-04-20 13:30:00,285.0,285.0
D2,F1-6-ridge,0,15,2021-04-21,96,1.0,True,174.0,170.3612860157919,-3.6387139842080956,3.6387139842080956,2021-04-21 08:30:00,2021-04-21 14:45:00,375.0,375.0
D2,F1-6-ridge,0,15,2021-04-22,96,1.0,True,174.0,166.81771744189416,-7.18228255810584,7.18228255810584,2021-04-22 08:30:00,2021-04-22 14:30:00,360.0,360.0
D2,F1-6-ridge,0,15,2021-04-23,96,1.0,True,174.0,165.2255106184254,-8.774489381574597,8.774489381574597,2021-04-23 08:30:00,2021-04-23 14:30:00,360.0,360.0
D2,F1-6-ridge,0,15,2021-04-24,96,1.0,True,112.0,106.33865004424658,-5.661349955753423,5.661349955753423,2021-04-24 06:15:00,2021-04-24 06:15:00,0.0,0.0
D2,F1-6-ridge,0,15,2021-04-25,96,1.0,True,25.0,38.43569791796321,13.43569791796321,13.43569791796321,2021-04-25 01:30:00,2021-04-25 09:30:00,480.0,480.0
D2,F1-6-ridge,0,15,2021-05-03,96,1.0,True,184.0,170.532269134923,-13.467730865076987,13.467730865076987,2021-05-03 08:30:00,2021-05-03 13:15:00,285.0,285.0
D2,F1-6-ridge,0,15,2021-05-04,96,1.0,True,181.0,178.03335808941563,-2.9666419105843715,2.9666419105843715,2021-05-04 08:30:00,2021-05-04 13:30:00,300.0,300.0
D2,F1-6-ridge,0,15,2021-05-05,96,1.0,True,120.0,152.36337465909585,32.363374659095854,32.363374659095854,2021-05-05 04:15:00,2021-05-05 08:30:00,255.0,255.0
D2,F1-6-ridge,0,15,2021-05-06,96,1.0,True,199.0,172.34623399241588,-26.653766007584125,26.653766007584125,2021-05-06 09:00:00,2021-05-06 13:30:00,270.0,270.0
D2,F1-6-ridge,0,15,2021-05-07,96,1.0,True,181.0,167.19874286113222,-13.801257138867783,13.801257138867783,2021-05-07 09:00:00,2021-05-07 14:45:00,345.0,345.0
D2,F1-6-ridge,0,15,2021-05-08,96,1.0,True,115.0,109.10049340977163,-5.89950659022837,5.89950659022837,2021-05-08 02:00:00,2021-05-08 06:45:00,285.0,285.0
D2,F1-6-ridge,0,15,2021-05-09,96,1.0,True,184.0,110.93509826188654,-73.06490173811346,73.06490173811346,2021-05-09 09:00:00,2021-05-09 13:15:00,255.0,255.0
D2,F1-6-ridge,0,16,2021-04-19,96,1.0,True,172.0,172.03729572737302,0.03729572737302078,0.03729572737302078,2021-04-19 08:45:00,2021-04-19 13:45:00,300.0,300.0
D2,F1-6-ridge,0,16,2021-04-20,96,1.0,True,172.0,182.33255531800262,10.332555318002619,10.332555318002619,2021-04-20 08:45:00,2021-04-20 13:45:00,300.0,300.0
D2,F1-6-ridge,0,16,2021-04-21,96,1.0,True,174.0,178.9947554960247,4.994755496024709,4.994755496024709,2021-04-21 08:30:00,2021-04-21 13:15:00,285.0,285.0
D2,F1-6-ridge,0,16,2021-04-22,96,1.0,True,174.0,174.91183005125725,0.9118300512572546,0.9118300512572546,2021-04-22 08:30:00,2021-04-22 13:15:00,285.0,285.0
D2,F1-6-ridge,0,16,2021-04-23,96,1.0,True,174.0,173.3286019993422,-0.6713980006578026,0.6713980006578026,2021-04-23 08:30:00,2021-04-23 13:15:00,285.0,285.0
D2,F1-6-ridge,0,16,2021-04-24,96,1.0,True,112.0,107.62121302033208,-4.378786979667922,4.378786979667922,2021-04-24 06:15:00,2021-04-24 02:00:00,-255.0,255.0
D2,F1-6-ridge,0,16,2021-04-25,96,1.0,True,25.0,39.669507079021265,14.669507079021265,14.669507079021265,2021-04-25 01:30:00,2021-04-25 09:45:00,495.0,495.0
D2,F1-6-ridge,0,16,2021-05-03,96,1.0,True,184.0,174.47491402026571,-9.525085979734286,9.525085979734286,2021-05-03 08:30:00,2021-05-03 13:30:00,300.0,300.0
D2,F1-6-ridge,0,16,2021-05-04,96,1.0,True,181.0,181.08224498407657,0.08224498407656711,0.08224498407656711,2021-05-04 08:30:00,2021-05-04 13:45:00,315.0,315.0
D2,F1-6-ridge,0,16,2021-05-05,96,1.0,True,120.0,153.96938825924303,33.96938825924303,33.96938825924303,2021-05-05 04:15:00,2021-05-05 08:30:00,255.0,255.0
D2,F1-6-ridge,0,16,2021-05-06,96,1.0,True,199.0,177.2922956370162,-21.707704362983804,21.707704362983804,2021-05-06 09:00:00,2021-05-06 13:30:00,270.0,270.0
D2,F1-6-ridge,0,16,2021-05-07,96,1.0,True,181.0,169.35951600780174,-11.640483992198256,11.640483992198256,2021-05-07 09:00:00,2021-05-07 14:30:00,330.0,330.0
D2,F1-6-ridge,0,16,2021-05-08,96,1.0,True,115.0,106.62980615978098,-8.370193840219017,8.370193840219017,2021-05-08 02:00:00,2021-05-08 07:00:00,300.0,300.0
D2,F1-6-ridge,0,16,2021-05-09,96,1.0,True,184.0,113.55556073361822,-70.44443926638178,70.44443926638178,2021-05-09 09:00:00,2021-05-09 13:30:00,270.0,270.0
D2,F1-6-ridge,1,4,2021-05-31,95,0.9895833333333334,False,172.0,161.3441305688478,-10.655869431152212,10.655869431152212,2021-05-31 10:30:00,2021-05-31 14:30:00,240.0,240.0
D2,F1-6-ridge,1,4,2021-06-01,1,0.010416666666666666,False,71.0,97.12664625321078,26.12664625321078,26.12664625321078,2021-06-01 00:00:00,2021-06-01 00:00:00,0.0,0.0
D2,F1-6-ridge,1,4,2021-06-20,95,0.9895833333333334,False,28.0,31.76268048195626,3.7626804819562594,3.7626804819562594,2021-06-20 15:15:00,2021-06-20 06:15:00,-540.0,540.0
D2,F1-6-ridge,1,5,2021-05-31,95,0.9895833333333334,False,172.0,160.70262755627314,-11.297372443726857,11.297372443726857,2021-05-31 10:30:00,2021-05-31 11:45:00,75.0,75.0
D2,F1-6-ridge,1,5,2021-06-01,1,0.010416666666666666,False,71.0,97.71016500594473,26.71016500594473,26.71016500594473,2021-06-01 00:00:00,2021-06-01 00:00:00,0.0,0.0
D2,F1-6-ridge,1,5,2021-06-20,95,0.9895833333333334,False,28.0,34.078614479447836,6.078614479447836,6.078614479447836,2021-06-20 15:15:00,2021-06-20 06:15:00,-540.0,540.0
D2,F1-6-ridge,1,6,2021-05-31,95,0.9895833333333334,False,172.0,164.62584811048015,-7.374151889519851,7.374151889519851,2021-05-31 10:30:00,2021-05-31 12:00:00,90.0,90.0
D2,F1-6-ridge,1,6,2021-06-01,1,0.010416666666666666,False,71.0,96.76168507601581,25.76168507601581,25.76168507601581,2021-06-01 00:00:00,2021-06-01 00:00:00,0.0,0.0
D2,F1-6-ridge,1,6,2021-06-20,95,0.9895833333333334,False,28.0,35.47239710608554,7.472397106085538,7.472397106085538,2021-06-20 15:15:00,2021-06-20 06:30:00,-525.0,525.0
D2,F1-6-ridge,1,7,2021-05-31,95,0.9895833333333334,False,172.0,159.38453951902565,-12.615460480974349,12.615460480974349,2021-05-31 10:30:00,2021-05-31 11:15:00,45.0,45.0
D2,F1-6-ridge,1,7,2021-06-01,1,0.010416666666666666,False,71.0,92.24362565294692,21.243625652946918,21.243625652946918,2021-06-01 00:00:00,2021-06-01 00:00:00,0.0,0.0
D2,F1-6-ridge,1,7,2021-06-20,95,0.9895833333333334,False,28.0,35.44284441606165,7.4428444160616465,7.4428444160616465,2021-06-20 15:15:00,2021-06-20 06:45:00,-510.0,510.0
D2,F1-6-ridge,1,8,2021-05-31,95,0.9895833333333334,False,172.0,161.15815077160792,-10.841849228392078,10.841849228392078,2021-05-31 10:30:00,2021-05-31 11:15:00,45.0,45.0
D2,F1-6-ridge,1,8,2021-06-01,1,0.010416666666666666,False,71.0,96.71300286415003,25.713002864150027,25.713002864150027,2021-06-01 00:00:00,2021-06-01 00:00:00,0.0,0.0
D2,F1-6-ridge,1,8,2021-06-20,95,0.9895833333333334,False,28.0,36.27798105819307,8.27798105819307,8.27798105819307,2021-06-20 15:15:00,2021-06-20 07:00:00,-495.0,495.0
D2,F1-6-ridge,1,9,2021-05-31,95,0.9895833333333334,False,172.0,164.84981795888967,-7.150182041110327,7.150182041110327,2021-05-31 10:30:00,2021-05-31 11:00:00,30.0,30.0
D2,F1-6-ridge,1,9,2021-06-01,1,0.010416666666666666,False,71.0,96.38764343010654,25.387643430106536,25.387643430106536,2021-06-01 00:00:00,2021-06-01 00:00:00,0.0,0.0
D2,F1-6-ridge,1,9,2021-06-20,95,0.9895833333333334,False,28.0,37.25796131474564,9.257961314745643,9.257961314745643,2021-06-20 15:15:00,2021-06-20 07:15:00,-480.0,480.0
D2,F1-6-ridge,1,10,2021-05-31,95,0.9895833333333334,False,172.0,170.22527551705707,-1.7747244829429292,1.7747244829429292,2021-05-31 10:30:00,2021-05-31 11:15:00,45.0,45.0
D2,F1-6-ridge,1,10,2021-06-01,1,0.010416666666666666,False,71.0,91.7146882934565,20.714688293456504,20.714688293456504,2021-06-01 00:00:00,2021-06-01 00:00:00,0.0,0.0
D2,F1-6-ridge,1,10,2021-06-20,95,0.9895833333333334,False,28.0,37.662737566783974,9.662737566783974,9.662737566783974,2021-06-20 15:15:00,2021-06-20 07:30:00,-465.0,465.0
D2,F1-6-ridge,1,11,2021-05-31,95,0.9895833333333334,False,172.0,166.48581321461188,-5.5141867853881195,5.5141867853881195,2021-05-31 10:30:00,2021-05-31 11:30:00,60.0,60.0
D2,F1-6-ridge,1,11,2021-06-01,1,0.010416666666666666,False,71.0,86.83883327720024,15.838833277200237,15.838833277200237,2021-06-01 00:00:00,2021-06-01 00:00:00,0.0,0.0
D2,F1-6-ridge,1,11,2021-06-20,95,0.9895833333333334,False,28.0,37.1022873504161,9.102287350416098,9.102287350416098,2021-06-20 15:15:00,2021-06-20 06:30:00,-525.0,525.0
D2,F1-6-ridge,1,12,2021-05-31,95,0.9895833333333334,False,172.0,167.91124863876985,-4.088751361230152,4.088751361230152,2021-05-31 10:30:00,2021-05-31 11:45:00,75.0,75.0
D2,F1-6-ridge,1,12,2021-06-01,1,0.010416666666666666,False,71.0,85.57688400822256,14.576884008222564,14.576884008222564,2021-06-01 00:00:00,2021-06-01 00:00:00,0.0,0.0
D2,F1-6-ridge,1,12,2021-06-20,95,0.9895833333333334,False,28.0,37.85442904004029,9.854429040040287,9.854429040040287,2021-06-20 15:15:00,2021-06-20 06:30:00,-525.0,525.0
D2,F1-6-ridge,1,13,2021-05-31,95,0.9895833333333334,False,172.0,166.5071163645096,-5.4928836354903865,5.4928836354903865,2021-05-31 10:30:00,2021-05-31 12:00:00,90.0,90.0
D2,F1-6-ridge,1,13,2021-06-01,1,0.010416666666666666,False,71.0,92.70902871532343,21.709028715323427,21.709028715323427,2021-06-01 00:00:00,2021-06-01 00:00:00,0.0,0.0
D2,F1-6-ridge,1,13,2021-06-20,95,0.9895833333333334,False,28.0,38.57069415803624,10.57069415803624,10.57069415803624,2021-06-20 15:15:00,2021-06-20 06:30:00,-525.0,525.0
D2,F1-6-ridge,1,14,2021-05-31,95,0.9895833333333334,False,172.0,160.0327316791159,-11.967268320884102,11.967268320884102,2021-05-31 10:30:00,2021-05-31 14:00:00,210.0,210.0
D2,F1-6-ridge,1,14,2021-06-01,1,0.010416666666666666,False,71.0,100.54008020627256,29.540080206272563,29.540080206272563,2021-06-01 00:00:00,2021-06-01 00:00:00,0.0,0.0
D2,F1-6-ridge,1,14,2021-06-20,95,0.9895833333333334,False,28.0,39.90305320869402,11.903053208694018,11.903053208694018,2021-06-20 15:15:00,2021-06-20 09:30:00,-345.0,345.0
D2,F1-6-ridge,1,15,2021-05-31,95,0.9895833333333334,False,172.0,163.31843432655984,-8.681565673440161,8.681565673440161,2021-05-31 10:30:00,2021-05-31 14:30:00,240.0,240.0
D2,F1-6-ridge,1,15,2021-06-01,1,0.010416666666666666,False,71.0,98.24406597112765,27.244065971127654,27.244065971127654,2021-06-01 00:00:00,2021-06-01 00:00:00,0.0,0.0
D2,F1-6-ridge,1,15,2021-06-20,95,0.9895833333333334,False,28.0,41.94881019983123,13.948810199831229,13.948810199831229,2021-06-20 15:15:00,2021-06-20 09:45:00,-330.0,330.0
D2,F1-6-ridge,1,16,2021-05-31,95,0.9895833333333334,False,172.0,168.21667882945167,-3.7833211705483336,3.7833211705483336,2021-05-31 10:30:00,2021-05-31 14:30:00,240.0,240.0
D2,F1-6-ridge,1,16,2021-06-01,1,0.010416666666666666,False,71.0,96.92585617490408,25.925856174904084,25.925856174904084,2021-06-01 00:00:00,2021-06-01 00:00:00,0.0,0.0
D2,F1-6-ridge,1,16,2021-06-20,95,0.9895833333333334,False,28.0,42.810028096661874,14.810028096661874,14.810028096661874,2021-06-20 15:15:00,2021-06-20 09:45:00,-330.0,330.0
D2,F1-6-ridge,2,4,2021-07-12,96,1.0,True,198.0,188.3413284862712,-9.658671513728791,9.658671513728791,2021-07-12 08:45:00,2021-07-12 09:30:00,45.0,45.0
D2,F1-6-ridge,2,4,2021-07-13,1,0.010416666666666666,False,79.0,101.90508862455195,22.90508862455195,22.90508862455195,2021-07-13 00:00:00,2021-07-13 00:00:00,0.0,0.0
D2,F1-6-ridge,2,4,2021-07-17,80,0.8333333333333334,False,108.0,110.49349267648162,2.4934926764816225,2.4934926764816225,2021-07-17 06:00:00,2021-07-17 07:00:00,60.0,60.0
D2,F1-6-ridge,2,4,2021-07-18,84,0.875,False,28.0,33.55152512386612,5.551525123866121,5.551525123866121,2021-07-18 04:30:00,2021-07-18 08:45:00,255.0,255.0
D2,F1-6-ridge,2,4,2021-07-26,84,0.875,False,217.0,204.2513615921393,-12.74863840786071,12.74863840786071,2021-07-26 08:30:00,2021-07-26 09:30:00,60.0,60.0
D2,F1-6-ridge,2,4,2021-07-27,84,0.875,False,211.0,201.00971531153147,-9.990284688468535,9.990284688468535,2021-07-27 11:45:00,2021-07-27 12:00:00,15.0,15.0
D2,F1-6-ridge,2,4,2021-07-28,84,0.875,False,212.0,206.13309421872765,-5.866905781272351,5.866905781272351,2021-07-28 12:00:00,2021-07-28 14:30:00,150.0,150.0
D2,F1-6-ridge,2,4,2021-07-29,84,0.875,False,211.0,205.0544060870655,-5.945593912934498,5.945593912934498,2021-07-29 12:00:00,2021-07-29 14:45:00,165.0,165.0
D2,F1-6-ridge,2,4,2021-07-30,85,0.8854166666666666,False,212.0,201.60143695923486,-10.39856304076514,10.39856304076514,2021-07-30 12:00:00,2021-07-30 14:30:00,150.0,150.0
D2,F1-6-ridge,2,4,2021-07-31,96,1.0,True,80.0,100.09657385189952,20.09657385189952,20.09657385189952,2021-07-31 00:00:00,2021-07-31 00:00:00,0.0,0.0
D2,F1-6-ridge,2,4,2021-08-01,96,1.0,True,28.0,31.140982424120025,3.1409824241200255,3.1409824241200255,2021-08-01 09:00:00,2021-08-01 10:00:00,60.0,60.0
D2,F1-6-ridge,2,4,2021-08-09,1,0.010416666666666666,False,21.0,-17.095870534117537,-38.09587053411754,38.09587053411754,2021-08-09 00:00:00,2021-08-09 00:00:00,0.0,0.0
D2,F1-6-ridge,2,5,2021-07-12,96,1.0,True,198.0,178.78571137877395,-19.214288621226046,19.214288621226046,2021-07-12 08:45:00,2021-07-12 09:45:00,60.0,60.0
D2,F1-6-ridge,2,5,2021-07-13,1,0.010416666666666666,False,79.0,106.77581016408541,27.775810164085414,27.775810164085414,2021-07-13 00:00:00,2021-07-13 00:00:00,0.0,0.0
D2,F1-6-ridge,2,5,2021-07-17,79,0.8229166666666666,False,108.0,113.67299553814854,5.672995538148541,5.672995538148541,2021-07-17 06:00:00,2021-07-17 07:15:00,75.0,75.0
D2,F1-6-ridge,2,5,2021-07-18,84,0.875,False,28.0,34.28112918640037,6.281129186400371,6.281129186400371,2021-07-18 04:30:00,2021-07-18 09:00:00,270.0,270.0
D2,F1-6-ridge,2,5,2021-07-26,84,0.875,False,217.0,195.3182493870221,-21.681750612977908,21.681750612977908,2021-07-26 08:30:00,2021-07-26 09:45:00,75.0,75.0
D2,F1-6-ridge,2,5,2021-07-27,84,0.875,False,211.0,201.34911761195968,-9.650882388040316,9.650882388040316,2021-07-27 11:45:00,2021-07-27 12:00:00,15.0,15.0
D2,F1-6-ridge,2,5,2021-07-28,84,0.875,False,212.0,202.55245277258956,-9.447547227410439,9.447547227410439,2021-07-28 12:00:00,2021-07-28 14:45:00,165.0,165.0
D2,F1-6-ridge,2,5,2021-07-29,84,0.875,False,211.0,197.4223510171412,-13.57764898285879,13.57764898285879,2021-07-29 12:00:00,2021-07-29 14:45:00,165.0,165.0
D2,F1-6-ridge,2,5,2021-07-30,85,0.8854166666666666,False,212.0,198.99382276020032,-13.006177239799683,13.006177239799683,2021-07-30 12:00:00,2021-07-30 14:45:00,165.0,165.0
D2,F1-6-ridge,2,5,2021-07-31,96,1.0,True,80.0,96.28809212039171,16.28809212039171,16.28809212039171,2021-07-31 00:00:00,2021-07-31 00:00:00,0.0,0.0
D2,F1-6-ridge,2,5,2021-08-01,96,1.0,True,28.0,32.88546742599505,4.885467425995053,4.885467425995053,2021-08-01 09:00:00,2021-08-01 10:15:00,75.0,75.0
D2,F1-6-ridge,2,5,2021-08-09,1,0.010416666666666666,False,21.0,-4.47738200690965,-25.47738200690965,25.47738200690965,2021-08-09 00:00:00,2021-08-09 00:00:00,0.0,0.0
D2,F1-6-ridge,2,6,2021-07-12,96,1.0,True,198.0,176.88324066858672,-21.116759331413277,21.116759331413277,2021-07-12 08:45:00,2021-07-12 11:00:00,135.0,135.0
D2,F1-6-ridge,2,6,2021-07-13,1,0.010416666666666666,False,79.0,103.66362260933992,24.663622609339924,24.663622609339924,2021-07-13 00:00:00,2021-07-13 00:00:00,0.0,0.0
D2,F1-6-ridge,2,6,2021-07-17,78,0.8125,False,108.0,106.11583818052027,-1.8841618194797292,1.8841618194797292,2021-07-17 06:00:00,2021-07-17 07:30:00,90.0,90.0
D2,F1-6-ridge,2,6,2021-07-18,84,0.875,False,28.0,34.26982077174871,6.269820771748712,6.269820771748712,2021-07-18 01:15:00,2021-07-18 09:15:00,480.0,480.0
D2,F1-6-ridge,2,6,2021-07-26,84,0.875,False,217.0,188.5220135987445,-28.477986401255492,28.477986401255492,2021-07-26 08:30:00,2021-07-26 10:45:00,135.0,135.0
D2,F1-6-ridge,2,6,2021-07-27,84,0.875,False,211.0,201.70869764688427,-9.291302353115725,9.291302353115725,2021-07-27 11:45:00,2021-07-27 10:00:00,-105.0,105.0
D2,F1-6-ridge,2,6,2021-07-28,84,0.875,False,212.0,203.948984840408,-8.051015159591998,8.051015159591998,2021-07-28 12:00:00,2021-07-28 12:00:00,0.0,0.0
D2,F1-6-ridge,2,6,2021-07-29,84,0.875,False,211.0,196.87302615437812,-14.126973845621876,14.126973845621876,2021-07-29 12:00:00,2021-07-29 12:00:00,0.0,0.0
D2,F1-6-ridge,2,6,2021-07-30,85,0.8854166666666666,False,212.0,199.5476820410073,-12.452317958992694,12.452317958992694,2021-07-30 12:00:00,2021-07-30 12:00:00,0.0,0.0
D2,F1-6-ridge,2,6,2021-07-31,96,1.0,True,80.0,97.66067606503951,17.66067606503951,17.66067606503951,2021-07-31 00:00:00,2021-07-31 00:00:00,0.0,0.0
D2,F1-6-ridge,2,6,2021-08-01,96,1.0,True,28.0,33.13733194289359,5.137331942893589,5.137331942893589,2021-08-01 09:00:00,2021-08-01 10:30:00,90.0,90.0
D2,F1-6-ridge,2,6,2021-08-09,1,0.010416666666666666,False,21.0,9.788194069785305,-11.211805930214695,11.211805930214695,2021-08-09 00:00:00,2021-08-09 00:00:00,0.0,0.0
D2,F1-6-ridge,2,7,2021-07-12,96,1.0,True,198.0,180.85593671201585,-17.144063287984153,17.144063287984153,2021-07-12 08:45:00,2021-07-12 11:15:00,150.0,150.0
D2,F1-6-ridge,2,7,2021-07-13,1,0.010416666666666666,False,79.0,100.59310628363903,21.59310628363903,21.59310628363903,2021-07-13 00:00:00,2021-07-13 00:00:00,0.0,0.0
D2,F1-6-ridge,2,7,2021-07-17,77,0.8020833333333334,False,108.0,100.7756458075721,-7.224354192427896,7.224354192427896,2021-07-17 06:00:00,2021-07-17 06:45:00,45.0,45.0
D2,F1-6-ridge,2,7,2021-07-18,84,0.875,False,28.0,34.58219281577431,6.582192815774313,6.582192815774313,2021-07-18 01:15:00,2021-07-18 09:30:00,495.0,495.0
D2,F1-6-ridge,2,7,2021-07-26,84,0.875,False,217.0,192.08879508601478,-24.911204913985216,24.911204913985216,2021-07-26 08:30:00,2021-07-26 10:45:00,135.0,135.0
D2,F1-6-ridge,2,7,2021-07-27,84,0.875,False,211.0,198.4465267384729,-12.553473261527103,12.553473261527103,2021-07-27 11:45:00,2021-07-27 10:30:00,-75.0,75.0
D2,F1-6-ridge,2,7,2021-07-28,84,0.875,False,212.0,201.06766254675404,-10.932337453245964,10.932337453245964,2021-07-28 12:00:00,2021-07-28 11:45:00,-15.0,15.0
D2,F1-6-ridge,2,7,2021-07-29,84,0.875,False,211.0,195.85290990270408,-15.147090097295916,15.147090097295916,2021-07-29 12:00:00,2021-07-29 11:30:00,-30.0,30.0
D2,F1-6-ridge,2,7,2021-07-30,85,0.8854166666666666,False,212.0,200.0638855955594,-11.936114404440588,11.936114404440588,2021-07-30 12:00:00,2021-07-30 11:45:00,-15.0,15.0
D2,F1-6-ridge,2,7,2021-07-31,96,1.0,True,80.0,99.13216404692965,19.132164046929645,19.132164046929645,2021-07-31 00:00:00,2021-07-31 01:15:00,75.0,75.0
D2,F1-6-ridge,2,7,2021-08-01,96,1.0,True,28.0,33.92813443653304,5.928134436533043,5.928134436533043,2021-08-01 09:00:00,2021-08-01 10:45:00,105.0,105.0
D2,F1-6-ridge,2,7,2021-08-09,1,0.010416666666666666,False,21.0,25.909757543695648,4.9097575436956475,4.9097575436956475,2021-08-09 00:00:00,2021-08-09 00:00:00,0.0,0.0
D2,F1-6-ridge,2,8,2021-07-12,96,1.0,True,198.0,181.76457259362158,-16.23542740637842,16.23542740637842,2021-07-12 08:45:00,2021-07-12 11:15:00,150.0,150.0
D2,F1-6-ridge,2,8,2021-07-13,1,0.010416666666666666,False,79.0,100.41857221884193,21.41857221884193,21.41857221884193,2021-07-13 00:00:00,2021-07-13 00:00:00,0.0,0.0
D2,F1-6-ridge,2,8,2021-07-17,76,0.7916666666666666,False,108.0,100.04430886644285,-7.955691133557153,7.955691133557153,2021-07-17 06:00:00,2021-07-17 07:00:00,60.0,60.0
D2,F1-6-ridge,2,8,2021-07-18,84,0.875,False,28.0,34.788274677653824,6.788274677653824,6.788274677653824,2021-07-18 01:15:00,2021-07-18 09:45:00,510.0,510.0
D2,F1-6-ridge,2,8,2021-07-26,84,0.875,False,217.0,197.76649136049383,-19.23350863950617,19.23350863950617,2021-07-26 08:30:00,2021-07-26 10:45:00,135.0,135.0
D2,F1-6-ridge,2,8,2021-07-27,84,0.875,False,211.0,202.64778161231942,-8.35221838768058,8.35221838768058,2021-07-27 11:45:00,2021-07-27 10:30:00,-75.0,75.0
D2,F1-6-ridge,2,8,2021-07-28,84,0.875,False,212.0,203.39809985417003,-8.601900145829973,8.601900145829973,2021-07-28 12:00:00,2021-07-28 14:00:00,120.0,120.0
D2,F1-6-ridge,2,8,2021-07-29,84,0.875,False,211.0,197.05059966932652,-13.949400330673484,13.949400330673484,2021-07-29 12:00:00,2021-07-29 11:45:00,-15.0,15.0
D2,F1-6-ridge,2,8,2021-07-30,85,0.8854166666666666,False,212.0,199.62167505974065,-12.378324940259347,12.378324940259347,2021-07-30 12:00:00,2021-07-30 13:30:00,90.0,90.0
D2,F1-6-ridge,2,8,2021-07-31,96,1.0,True,80.0,99.99884364532473,19.998843645324726,19.998843645324726,2021-07-31 00:00:00,2021-07-31 01:30:00,90.0,90.0
D2,F1-6-ridge,2,8,2021-08-01,96,1.0,True,28.0,35.20071409626253,7.20071409626253,7.20071409626253,2021-08-01 09:00:00,2021-08-01 11:00:00,120.0,120.0
D2,F1-6-ridge,2,8,2021-08-09,1,0.010416666666666666,False,21.0,47.521648291874016,26.521648291874016,26.521648291874016,2021-08-09 00:00:00,2021-08-09 00:00:00,0.0,0.0
D2,F1-6-ridge,2,9,2021-07-12,96,1.0,True,198.0,192.9303482814456,-5.069651718554411,5.069651718554411,2021-07-12 08:45:00,2021-07-12 10:45:00,120.0,120.0
D2,F1-6-ridge,2,9,2021-07-13,1,0.010416666666666666,False,79.0,100.46640849625415,21.466408496254147,21.466408496254147,2021-07-13 00:00:00,2021-07-13 00:00:00,0.0,0.0
D2,F1-6-ridge,2,9,2021-07-17,75,0.78125,False,108.0,103.72438312769191,-4.275616872308092,4.275616872308092,2021-07-17 06:00:00,2021-07-17 07:15:00,75.0,75.0
D2,F1-6-ridge,2,9,2021-07-18,84,0.875,False,28.0,35.99187542567734,7.9918754256773425,7.9918754256773425,2021-07-18 01:15:00,2021-07-18 06:45:00,330.0,330.0
D2,F1-6-ridge,2,9,2021-07-26,84,0.875,False,217.0,215.19709645363298,-1.8029035463670198,1.8029035463670198,2021-07-26 08:30:00,2021-07-26 10:45:00,135.0,135.0
D2,F1-6-ridge,2,9,2021-07-27,84,0.875,False,211.0,207.86258692381094,-3.1374130761890626,3.1374130761890626,2021-07-27 11:45:00,2021-07-27 10:45:00,-60.0,60.0
D2,F1-6-ridge,2,9,2021-07-28,84,0.875,False,212.0,199.7620904032072,-12.237909596792804,12.237909596792804,2021-07-28 12:00:00,2021-07-28 12:00:00,0.0,0.0
D2,F1-6-ridge,2,9,2021-07-29,84,0.875,False,211.0,197.74614154031173,-13.253858459688274,13.253858459688274,2021-07-29 12:00:00,2021-07-29 11:00:00,-60.0,60.0
D2,F1-6-ridge,2,9,2021-07-30,85,0.8854166666666666,False,212.0,198.37588023787515,-13.624119762124849,13.624119762124849,2021-07-30 12:00:00,2021-07-30 11:45:00,-15.0,15.0
D2,F1-6-ridge,2,9,2021-07-31,96,1.0,True,80.0,102.24493026996008,22.24493026996008,22.24493026996008,2021-07-31 00:00:00,2021-07-31 01:45:00,105.0,105.0
D2,F1-6-ridge,2,9,2021-08-01,96,1.0,True,28.0,36.54566071924489,8.545660719244893,8.545660719244893,2021-08-01 09:00:00,2021-08-01 11:15:00,135.0,135.0
D2,F1-6-ridge,2,9,2021-08-09,1,0.010416666666666666,False,21.0,65.5380645704812,44.5380645704812,44.5380645704812,2021-08-09 00:00:00,2021-08-09 00:00:00,0.0,0.0
D2,F1-6-ridge,2,10,2021-07-12,96,1.0,True,198.0,198.19127126085277,0.19127126085277268,0.19127126085277268,2021-07-12 08:45:00,2021-07-12 11:00:00,135.0,135.0
D2,F1-6-ridge,2,10,2021-07-13,1,0.010416666666666666,False,79.0,102.94226872625035,23.942268726250347,23.942268726250347,2021-07-13 00:00:00,2021-07-13 00:00:00,0.0,0.0
D2,F1-6-ridge,2,10,2021-07-17,74,0.7708333333333334,False,108.0,102.62972870760665,-5.370271292393355,5.370271292393355,2021-07-17 06:00:00,2021-07-17 06:30:00,30.0,30.0
D2,F1-6-ridge,2,10,2021-07-18,84,0.875,False,28.0,37.133525704852666,9.133525704852666,9.133525704852666,2021-07-18 01:15:00,2021-07-18 07:00:00,345.0,345.0
D2,F1-6-ridge,2,10,2021-07-26,84,0.875,False,217.0,218.2636786948812,1.2636786948812073,1.2636786948812073,2021-07-26 08:30:00,2021-07-26 11:00:00,150.0,150.0
D2,F1-6-ridge,2,10,2021-07-27,84,0.875,False,211.0,208.98022106861242,-2.0197789313875774,2.0197789313875774,2021-07-27 11:45:00,2021-07-27 11:00:00,-45.0,45.0
D2,F1-6-ridge,2,10,2021-07-28,84,0.875,False,212.0,201.6649065538202,-10.335093446179798,10.335093446179798,2021-07-28 12:00:00,2021-07-28 14:00:00,120.0,120.0
D2,F1-6-ridge,2,10,2021-07-29,84,0.875,False,211.0,198.08288823642923,-12.917111763570773,12.917111763570773,2021-07-29 12:00:00,2021-07-29 11:30:00,-30.0,30.0
D2,F1-6-ridge,2,10,2021-07-30,85,0.8854166666666666,False,212.0,200.72677700129276,-11.27322299870724,11.27322299870724,2021-07-30 12:00:00,2021-07-30 16:00:00,240.0,240.0
D2,F1-6-ridge,2,10,2021-07-31,96,1.0,True,80.0,101.98989266766998,21.989892667669977,21.989892667669977,2021-07-31 00:00:00,2021-07-31 01:45:00,105.0,105.0
D2,F1-6-ridge,2,10,2021-08-01,96,1.0,True,28.0,36.88663400014014,8.886634000140141,8.886634000140141,2021-08-01 09:00:00,2021-08-01 11:30:00,150.0,150.0
D2,F1-6-ridge,2,10,2021-08-09,1,0.010416666666666666,False,21.0,73.54450567630977,52.54450567630977,52.54450567630977,2021-08-09 00:00:00,2021-08-09 00:00:00,0.0,0.0
D2,F1-6-ridge,2,11,2021-07-12,96,1.0,True,198.0,200.726149148993,2.726149148992988,2.726149148992988,2021-07-12 08:45:00,2021-07-12 11:15:00,150.0,150.0
D2,F1-6-ridge,2,11,2021-07-13,1,0.010416666666666666,False,79.0,97.16856519696287,18.168565196962874,18.168565196962874,2021-07-13 00:00:00,2021-07-13 00:00:00,0.0,0.0
D2,F1-6-ridge,2,11,2021-07-17,73,0.7604166666666666,False,108.0,103.31387385091367,-4.686126149086334,4.686126149086334,2021-07-17 06:00:00,2021-07-17 06:45:00,45.0,45.0
D2,F1-6-ridge,2,11,2021-07-18,84,0.875,False,28.0,38.44206109052002,10.44206109052002,10.44206109052002,2021-07-18 01:15:00,2021-07-18 07:15:00,360.0,360.0
D2,F1-6-ridge,2,11,2021-07-26,84,0.875,False,217.0,214.48055491555388,-2.5194450844461187,2.5194450844461187,2021-07-26 08:30:00,2021-07-26 11:15:00,165.0,165.0
D2,F1-6-ridge,2,11,2021-07-27,84,0.875,False,211.0,208.36834431957408,-2.631655680425922,2.631655680425922,2021-07-27 11:45:00,2021-07-27 11:15:00,-30.0,30.0
D2,F1-6-ridge,2,11,2021-07-28,84,0.875,False,212.0,201.1795206204678,-10.820479379532202,10.820479379532202,2021-07-28 12:00:00,2021-07-28 11:30:00,-30.0,30.0
D2,F1-6-ridge,2,11,2021-07-29,84,0.875,False,211.0,198.74309134845794,-12.256908651542062,12.256908651542062,2021-07-29 12:00:00,2021-07-29 11:30:00,-30.0,30.0
D2,F1-6-ridge,2,11,2021-07-30,85,0.8854166666666666,False,212.0,199.17994103646623,-12.820058963533768,12.820058963533768,2021-07-30 12:00:00,2021-07-30 11:45:00,-15.0,15.0
D2,F1-6-ridge,2,11,2021-07-31,96,1.0,True,80.0,100.99890776583952,20.99890776583952,20.99890776583952,2021-07-31 00:00:00,2021-07-31 02:00:00,120.0,120.0
D2,F1-6-ridge,2,11,2021-08-01,96,1.0,True,28.0,38.14280284606448,10.142802846064477,10.142802846064477,2021-08-01 09:00:00,2021-08-01 11:45:00,165.0,165.0
D2,F1-6-ridge,2,11,2021-08-09,1,0.010416666666666666,False,21.0,82.34732392236653,61.34732392236653,61.34732392236653,2021-08-09 00:00:00,2021-08-09 00:00:00,0.0,0.0
D2,F1-6-ridge,2,12,2021-07-12,96,1.0,True,198.0,195.93531612256504,-2.064683877434959,2.064683877434959,2021-07-12 08:45:00,2021-07-12 11:30:00,165.0,165.0
D2,F1-6-ridge,2,12,2021-07-13,1,0.010416666666666666,False,79.0,98.57659915106248,19.57659915106248,19.57659915106248,2021-07-13 00:00:00,2021-07-13 00:00:00,0.0,0.0
D2,F1-6-ridge,2,12,2021-07-17,72,0.75,False,108.0,101.13171429638781,-6.868285703612187,6.868285703612187,2021-07-17 06:00:00,2021-07-17 06:45:00,45.0,45.0
D2,F1-6-ridge,2,12,2021-07-18,84,0.875,False,28.0,38.95057012992457,10.950570129924571,10.950570129924571,2021-07-18 01:15:00,2021-07-18 07:30:00,375.0,375.0
D2,F1-6-ridge,2,12,2021-07-26,84,0.875,False,217.0,228.4166893505548,11.416689350554805,11.416689350554805,2021-07-26 08:30:00,2021-07-26 11:30:00,180.0,180.0
D2,F1-6-ridge,2,12,2021-07-27,84,0.875,False,211.0,207.04589229830992,-3.954107701690077,3.954107701690077,2021-07-27 11:45:00,2021-07-27 11:30:00,-15.0,15.0
D2,F1-6-ridge,2,12,2021-07-28,84,0.875,False,212.0,203.66441710224697,-8.335582897753028,8.335582897753028,2021-07-28 12:00:00,2021-07-28 14:00:00,120.0,120.0
D2,F1-6-ridge,2,12,2021-07-29,84,0.875,False,211.0,197.8317985590301,-13.16820144096991,13.16820144096991,2021-07-29 12:00:00,2021-07-29 11:45:00,-15.0,15.0
D2,F1-6-ridge,2,12,2021-07-30,85,0.8854166666666666,False,212.0,200.21537800651532,-11.784621993484677,11.784621993484677,2021-07-30 12:00:00,2021-07-30 13:30:00,90.0,90.0
D2,F1-6-ridge,2,12,2021-07-31,96,1.0,True,80.0,100.57332853627871,20.57332853627871,20.57332853627871,2021-07-31 00:00:00,2021-07-31 02:15:00,135.0,135.0
D2,F1-6-ridge,2,12,2021-08-01,96,1.0,True,28.0,39.3879528767514,11.387952876751399,11.387952876751399,2021-08-01 09:00:00,2021-08-01 12:00:00,180.0,180.0
D2,F1-6-ridge,2,12,2021-08-09,1,0.010416666666666666,False,21.0,95.55345907732804,74.55345907732804,74.55345907732804,2021-08-09 00:00:00,2021-08-09 00:00:00,0.0,0.0
D2,F1-6-ridge,2,13,2021-07-12,96,1.0,True,198.0,189.88707412680026,-8.112925873199742,8.112925873199742,2021-07-12 08:45:00,2021-07-12 11:45:00,180.0,180.0
D2,F1-6-ridge,2,13,2021-07-13,1,0.010416666666666666,False,79.0,106.20952672796653,27.209526727966534,27.209526727966534,2021-07-13 00:00:00,2021-07-13 00:00:00,0.0,0.0
D2,F1-6-ridge,2,13,2021-07-17,71,0.7395833333333334,False,96.0,104.887014871537,8.887014871537005,8.887014871537005,2021-07-17 06:15:00,2021-07-17 07:15:00,60.0,60.0
D2,F1-6-ridge,2,13,2021-07-18,84,0.875,False,28.0,38.67443665037955,10.674436650379548,10.674436650379548,2021-07-18 01:15:00,2021-07-18 08:30:00,435.0,435.0
D2,F1-6-ridge,2,13,2021-07-26,84,0.875,False,217.0,217.68595099974462,0.6859509997446196,0.6859509997446196,2021-07-26 08:30:00,2021-07-26 11:45:00,195.0,195.0
D2,F1-6-ridge,2,13,2021-07-27,84,0.875,False,211.0,202.37445249411252,-8.625547505887482,8.625547505887482,2021-07-27 11:45:00,2021-07-27 14:00:00,135.0,135.0
D2,F1-6-ridge,2,13,2021-07-28,84,0.875,False,212.0,201.46756681559458,-10.53243318440542,10.53243318440542,2021-07-28 12:00:00,2021-07-28 12:00:00,0.0,0.0
D2,F1-6-ridge,2,13,2021-07-29,84,0.875,False,211.0,197.65926536072976,-13.340734639270238,13.340734639270238,2021-07-29 12:00:00,2021-07-29 12:00:00,0.0,0.0
D2,F1-6-ridge,2,13,2021-07-30,85,0.8854166666666666,False,212.0,196.0210565719256,-15.978943428074388,15.978943428074388,2021-07-30 12:00:00,2021-07-30 11:45:00,-15.0,15.0
D2,F1-6-ridge,2,13,2021-07-31,96,1.0,True,80.0,99.64614287163195,19.64614287163195,19.64614287163195,2021-07-31 00:00:00,2021-07-31 02:15:00,135.0,135.0
D2,F1-6-ridge,2,13,2021-08-01,96,1.0,True,28.0,41.32169524366107,13.321695243661068,13.321695243661068,2021-08-01 09:00:00,2021-08-01 12:15:00,195.0,195.0
D2,F1-6-ridge,2,13,2021-08-09,1,0.010416666666666666,False,21.0,105.78570977579136,84.78570977579136,84.78570977579136,2021-08-09 00:00:00,2021-08-09 00:00:00,0.0,0.0
D2,F1-6-ridge,2,14,2021-07-12,96,1.0,True,198.0,180.70679270223712,-17.293207297762876,17.293207297762876,2021-07-12 08:45:00,2021-07-12 14:00:00,315.0,315.0
D2,F1-6-ridge,2,14,2021-07-13,1,0.010416666666666666,False,79.0,112.42666332648858,33.42666332648858,33.42666332648858,2021-07-13 00:00:00,2021-07-13 00:00:00,0.0,0.0
D2,F1-6-ridge,2,14,2021-07-17,70,0.7291666666666666,False,88.0,103.36791361563054,15.367913615630542,15.367913615630542,2021-07-17 07:15:00,2021-07-17 07:15:00,0.0,0.0
D2,F1-6-ridge,2,14,2021-07-18,84,0.875,False,28.0,39.71072984540926,11.710729845409261,11.710729845409261,2021-07-18 01:15:00,2021-07-18 08:30:00,435.0,435.0
D2,F1-6-ridge,2,14,2021-07-26,84,0.875,False,217.0,199.56937064308224,-17.430629356917763,17.430629356917763,2021-07-26 08:30:00,2021-07-26 12:00:00,210.0,210.0
D2,F1-6-ridge,2,14,2021-07-27,84,0.875,False,211.0,202.08573213455466,-8.91426786544534,8.91426786544534,2021-07-27 11:45:00,2021-07-27 14:15:00,150.0,150.0
D2,F1-6-ridge,2,14,2021-07-28,84,0.875,False,212.0,204.69773152051886,-7.3022684794811425,7.3022684794811425,2021-07-28 12:00:00,2021-07-28 14:00:00,120.0,120.0
D2,F1-6-ridge,2,14,2021-07-29,84,0.875,False,211.0,192.25289083992112,-18.747109160078878,18.747109160078878,2021-07-29 12:00:00,2021-07-29 14:30:00,150.0,150.0
D2,F1-6-ridge,2,14,2021-07-30,84,0.875,False,212.0,198.10002886101694,-13.899971138983062,13.899971138983062,2021-07-30 12:00:00,2021-07-30 14:00:00,120.0,120.0
D2,F1-6-ridge,2,14,2021-07-31,96,1.0,True,80.0,105.55144956626697,25.551449566266967,25.551449566266967,2021-07-31 00:00:00,2021-07-31 00:00:00,0.0,0.0
D2,F1-6-ridge,2,14,2021-08-01,96,1.0,True,28.0,42.11299663696139,14.112996636961391,14.112996636961391,2021-08-01 09:00:00,2021-08-01 09:30:00,30.0,30.0
D2,F1-6-ridge,2,14,2021-08-09,1,0.010416666666666666,False,21.0,111.90799956655462,90.90799956655462,90.90799956655462,2021-08-09 00:00:00,2021-08-09 00:00:00,0.0,0.0
D2,F1-6-ridge,2,15,2021-07-12,96,1.0,True,198.0,182.27480347487557,-15.725196525124431,15.725196525124431,2021-07-12 08:45:00,2021-07-12 13:45:00,300.0,300.0
D2,F1-6-ridge,2,15,2021-07-13,1,0.010416666666666666,False,79.0,108.4102621290713,29.4102621290713,29.4102621290713,2021-07-13 00:00:00,2021-07-13 00:00:00,0.0,0.0
D2,F1-6-ridge,2,15,2021-07-17,69,0.71875,False,88.0,103.10601340994934,15.106013409949341,15.106013409949341,2021-07-17 07:15:00,2021-07-17 06:45:00,-30.0,30.0
D2,F1-6-ridge,2,15,2021-07-18,84,0.875,False,28.0,40.86080381249583,12.860803812495831,12.860803812495831,2021-07-18 01:15:00,2021-07-18 08:30:00,435.0,435.0
D2,F1-6-ridge,2,15,2021-07-26,84,0.875,False,217.0,190.9777692467248,-26.02223075327521,26.02223075327521,2021-07-26 08:30:00,2021-07-26 13:30:00,300.0,300.0
D2,F1-6-ridge,2,15,2021-07-27,84,0.875,False,211.0,200.65717818021125,-10.342821819788753,10.342821819788753,2021-07-27 11:45:00,2021-07-27 14:30:00,165.0,165.0
D2,F1-6-ridge,2,15,2021-07-28,84,0.875,False,212.0,204.2900018591124,-7.709998140887592,7.709998140887592,2021-07-28 12:00:00,2021-07-28 14:45:00,165.0,165.0
D2,F1-6-ridge,2,15,2021-07-29,84,0.875,False,211.0,194.1720692868033,-16.827930713196707,16.827930713196707,2021-07-29 12:00:00,2021-07-29 14:45:00,165.0,165.0
D2,F1-6-ridge,2,15,2021-07-30,84,0.875,False,212.0,199.25296490525838,-12.74703509474162,12.74703509474162,2021-07-30 12:00:00,2021-07-30 14:45:00,165.0,165.0
D2,F1-6-ridge,2,15,2021-07-31,96,1.0,True,80.0,105.76788486397201,25.767884863972014,25.767884863972014,2021-07-31 00:00:00,2021-07-31 00:00:00,0.0,0.0
D2,F1-6-ridge,2,15,2021-08-01,96,1.0,True,28.0,42.664269051415644,14.664269051415644,14.664269051415644,2021-08-01 09:00:00,2021-08-01 12:45:00,225.0,225.0
D2,F1-6-ridge,2,15,2021-08-09,1,0.010416666666666666,False,21.0,114.55842679492666,93.55842679492666,93.55842679492666,2021-08-09 00:00:00,2021-08-09 00:00:00,0.0,0.0
D2,F1-6-ridge,2,16,2021-07-12,96,1.0,True,198.0,189.06786491593093,-8.932135084069074,8.932135084069074,2021-07-12 08:45:00,2021-07-12 14:00:00,315.0,315.0
D2,F1-6-ridge,2,16,2021-07-13,1,0.010416666666666666,False,79.0,104.3350581956868,25.3350581956868,25.3350581956868,2021-07-13 00:00:00,2021-07-13 00:00:00,0.0,0.0
D2,F1-6-ridge,2,16,2021-07-17,68,0.7083333333333334,False,88.0,103.37826864517612,15.37826864517612,15.37826864517612,2021-07-17 07:15:00,2021-07-17 07:15:00,0.0,0.0
D2,F1-6-ridge,2,16,2021-07-18,84,0.875,False,28.0,42.39937178056947,14.399371780569467,14.399371780569467,2021-07-18 01:15:00,2021-07-18 08:30:00,435.0,435.0
D2,F1-6-ridge,2,16,2021-07-26,84,0.875,False,217.0,198.3900852980703,-18.60991470192971,18.60991470192971,2021-07-26 08:30:00,2021-07-26 13:30:00,300.0,300.0
D2,F1-6-ridge,2,16,2021-07-27,84,0.875,False,211.0,200.6656950636463,-10.334304936353703,10.334304936353703,2021-07-27 11:45:00,2021-07-27 14:45:00,180.0,180.0
D2,F1-6-ridge,2,16,2021-07-28,84,0.875,False,212.0,206.8614964735084,-5.138503526491604,5.138503526491604,2021-07-28 12:00:00,2021-07-28 14:00:00,120.0,120.0
D2,F1-6-ridge,2,16,2021-07-29,84,0.875,False,211.0,197.56072399743283,-13.43927600256717,13.43927600256717,2021-07-29 12:00:00,2021-07-29 13:45:00,105.0,105.0
D2,F1-6-ridge,2,16,2021-07-30,84,0.875,False,212.0,202.1170591661231,-9.882940833876887,9.882940833876887,2021-07-30 12:00:00,2021-07-30 13:30:00,90.0,90.0
D2,F1-6-ridge,2,16,2021-07-31,96,1.0,True,80.0,111.51463967424289,31.514639674242886,31.514639674242886,2021-07-31 00:00:00,2021-07-31 00:00:00,0.0,0.0
D2,F1-6-ridge,2,16,2021-08-01,96,1.0,True,28.0,42.96296067798876,14.962960677988761,14.962960677988761,2021-08-01 09:00:00,2021-08-01 09:30:00,30.0,30.0
D2,F1-6-ridge,2,16,2021-08-09,1,0.010416666666666666,False,21.0,123.71193177439451,102.71193177439451,102.71193177439451,2021-08-09 00:00:00,2021-08-09 00:00:00,0.0,0.0
