dataset,model,fold,horizon,target_day,observed_slots,slot_coverage,full_day,actual_daily_max,predicted_daily_max,daily_max_error,daily_max_abs_error,actual_peak_time,predicted_peak_time,timing_error_minutes,timing_abs_error_minutes
D1,FG-R1-expanded-peak2__guard-q95-suppress,1,4,2021-04-19,96,1.0,True,172.0,174.69909901379862,2.699099013798616,2.699099013798616,2021-04-19 08:45:00,2021-04-19 13:15:00,270.0,270.0
D1,FG-R1-expanded-peak2__guard-q95-suppress,1,4,2021-04-20,96,1.0,True,172.0,172.2922821044922,0.2922821044921875,0.2922821044921875,2021-04-20 08:45:00,2021-04-20 09:00:00,15.0,15.0
D1,FG-R1-expanded-peak2__guard-q95-suppress,1,4,2021-04-21,96,1.0,True,174.0,176.7132544343902,2.713254434390194,2.713254434390194,2021-04-21 08:30:00,2021-04-21 09:00:00,30.0,30.0
D1,FG-R1-expanded-peak2__guard-q95-suppress,1,4,2021-04-22,96,1.0,True,174.0,171.10624886080123,-2.89375113919877,2.89375113919877,2021-04-22 08:30:00,2021-04-22 10:30:00,120.0,120.0
D1,FG-R1-expanded-peak2__guard-q95-suppress,1,4,2021-04-23,96,1.0,True,174.0,173.63237485898995,-0.36762514101005195,0.36762514101005195,2021-04-23 08:30:00,2021-04-23 10:30:00,120.0,120.0
D1,FG-R1-expanded-peak2__guard-q95-suppress,1,4,2021-04-24,96,1.0,True,112.0,111.55273807464884,-0.4472619253511567,0.4472619253511567,2021-04-24 06:15:00,2021-04-24 04:30:00,-105.0,105.0
D1,FG-R1-expanded-peak2__guard-q95-suppress,1,4,2021-04-25,96,1.0,True,25.0,47.28575811134129,22.285758111341288,22.285758111341288,2021-04-25 01:30:00,2021-04-25 00:45:00,-45.0,45.0
D1,FG-R1-expanded-peak2__guard-q95-suppress,1,5,2021-04-19,96,1.0,True,172.0,174.7845908859131,2.7845908859131043,2.7845908859131043,2021-04-19 08:45:00,2021-04-19 13:15:00,270.0,270.0
D1,FG-R1-expanded-peak2__guard-q95-suppress,1,5,2021-04-20,96,1.0,True,172.0,170.38290405273438,-1.617095947265625,1.617095947265625,2021-04-20 08:45:00,2021-04-20 09:00:00,15.0,15.0
D1,FG-R1-expanded-peak2__guard-q95-suppress,1,5,2021-04-21,96,1.0,True,174.0,176.10622485213972,2.106224852139718,2.106224852139718,2021-04-21 08:30:00,2021-04-21 09:00:00,30.0,30.0
D1,FG-R1-expanded-peak2__guard-q95-suppress,1,5,2021-04-22,96,1.0,True,174.0,170.52870308693448,-3.4712969130655154,3.4712969130655154,2021-04-22 08:30:00,2021-04-22 10:30:00,120.0,120.0
D1,FG-R1-expanded-peak2__guard-q95-suppress,1,5,2021-04-23,96,1.0,True,174.0,172.66481948491688,-1.335180515083124,1.335180515083124,2021-04-23 08:30:00,2021-04-23 08:30:00,0.0,0.0
D1,FG-R1-expanded-peak2__guard-q95-suppress,1,5,2021-04-24,96,1.0,True,112.0,111.28353509946623,-0.7164649005337651,0.7164649005337651,2021-04-24 06:15:00,2021-04-24 04:45:00,-90.0,90.0
D1,FG-R1-expanded-peak2__guard-q95-suppress,1,5,2021-04-25,96,1.0,True,25.0,48.32649144874363,23.32649144874363,23.32649144874363,2021-04-25 01:30:00,2021-04-25 01:00:00,-30.0,30.0
D1,FG-R1-expanded-peak2__guard-q95-suppress,1,6,2021-04-19,96,1.0,True,172.0,175.01272431434072,3.0127243143407156,3.0127243143407156,2021-04-19 08:45:00,2021-04-19 13:15:00,270.0,270.0
D1,FG-R1-expanded-peak2__guard-q95-suppress,1,6,2021-04-20,96,1.0,True,172.0,167.57872009277344,-4.4212799072265625,4.4212799072265625,2021-04-20 08:45:00,2021-04-20 08:45:00,0.0,0.0
D1,FG-R1-expanded-peak2__guard-q95-suppress,1,6,2021-04-21,96,1.0,True,174.0,174.23042465524185,0.23042465524184763,0.23042465524184763,2021-04-21 08:30:00,2021-04-21 09:00:00,30.0,30.0
D1,FG-R1-expanded-peak2__guard-q95-suppress,1,6,2021-04-22,96,1.0,True,174.0,171.11104690206767,-2.8889530979323297,2.8889530979323297,2021-04-22 08:30:00,2021-04-22 10:30:00,120.0,120.0
D1,FG-R1-expanded-peak2__guard-q95-suppress,1,6,2021-04-23,96,1.0,True,174.0,173.4394138900216,-0.5605861099784022,0.5605861099784022,2021-04-23 08:30:00,2021-04-23 08:30:00,0.0,0.0
D1,FG-R1-expanded-peak2__guard-q95-suppress,1,6,2021-04-24,96,1.0,True,112.0,109.51442589068863,-2.485574109311372,2.485574109311372,2021-04-24 06:15:00,2021-04-24 06:15:00,0.0,0.0
D1,FG-R1-expanded-peak2__guard-q95-suppress,1,6,2021-04-25,96,1.0,True,25.0,61.54499791682129,36.54499791682129,36.54499791682129,2021-04-25 01:30:00,2021-04-25 01:15:00,-15.0,15.0
D1,FG-R1-expanded-peak2__guard-q95-suppress,1,7,2021-04-19,96,1.0,True,172.0,174.6144323995248,2.6144323995247873,2.6144323995247873,2021-04-19 08:45:00,2021-04-19 13:15:00,270.0,270.0
D1,FG-R1-expanded-peak2__guard-q95-suppress,1,7,2021-04-20,96,1.0,True,172.0,167.39303588867188,-4.606964111328125,4.606964111328125,2021-04-20 08:45:00,2021-04-20 09:00:00,15.0,15.0
D1,FG-R1-expanded-peak2__guard-q95-suppress,1,7,2021-04-21,96,1.0,True,174.0,173.2765545404355,-0.7234454595644877,0.7234454595644877,2021-04-21 08:30:00,2021-04-21 09:00:00,30.0,30.0
D1,FG-R1-expanded-peak2__guard-q95-suppress,1,7,2021-04-22,96,1.0,True,174.0,169.59835809986347,-4.401641900136525,4.401641900136525,2021-04-22 08:30:00,2021-04-22 10:45:00,135.0,135.0
D1,FG-R1-expanded-peak2__guard-q95-suppress,1,7,2021-04-23,96,1.0,True,174.0,173.164544905996,-0.8354550940040042,0.8354550940040042,2021-04-23 08:30:00,2021-04-23 10:30:00,120.0,120.0
D1,FG-R1-expanded-peak2__guard-q95-suppress,1,7,2021-04-24,96,1.0,True,112.0,109.18540063064874,-2.8145993693512565,2.8145993693512565,2021-04-24 06:15:00,2021-04-24 04:45:00,-90.0,90.0
D1,FG-R1-expanded-peak2__guard-q95-suppress,1,7,2021-04-25,96,1.0,True,25.0,67.33989735169432,42.33989735169432,42.33989735169432,2021-04-25 01:30:00,2021-04-25 01:30:00,0.0,0.0
D1,FG-R1-expanded-peak2__guard-q95-suppress,1,8,2021-04-19,96,1.0,True,172.0,173.9270544698373,1.9270544698372873,1.9270544698372873,2021-04-19 08:45:00,2021-04-19 13:15:00,270.0,270.0
D1,FG-R1-expanded-peak2__guard-q95-suppress,1,8,2021-04-20,96,1.0,True,172.0,165.07377469017837,-6.926225309821632,6.926225309821632,2021-04-20 08:45:00,2021-04-20 11:45:00,180.0,180.0
D1,FG-R1-expanded-peak2__guard-q95-suppress,1,8,2021-04-21,96,1.0,True,174.0,175.27760920216764,1.277609202167639,1.277609202167639,2021-04-21 08:30:00,2021-04-21 09:00:00,30.0,30.0
D1,FG-R1-expanded-peak2__guard-q95-suppress,1,8,2021-04-22,96,1.0,True,174.0,171.73210965802465,-2.2678903419753453,2.2678903419753453,2021-04-22 08:30:00,2021-04-22 08:30:00,0.0,0.0
D1,FG-R1-expanded-peak2__guard-q95-suppress,1,8,2021-04-23,96,1.0,True,174.0,174.6612674132933,0.6612674132933023,0.6612674132933023,2021-04-23 08:30:00,2021-04-23 08:30:00,0.0,0.0
D1,FG-R1-expanded-peak2__guard-q95-suppress,1,8,2021-04-24,96,1.0,True,112.0,108.93069303277407,-3.069306967225927,3.069306967225927,2021-04-24 06:15:00,2021-04-24 02:30:00,-225.0,225.0
D1,FG-R1-expanded-peak2__guard-q95-suppress,1,8,2021-04-25,96,1.0,True,25.0,66.74013834621181,41.74013834621181,41.74013834621181,2021-04-25 01:30:00,2021-04-25 01:45:00,15.0,15.0
D1,FG-R1-expanded-peak2__guard-q95-suppress,1,9,2021-04-19,96,1.0,True,172.0,174.06173392230704,2.0617339223070417,2.0617339223070417,2021-04-19 08:45:00,2021-04-19 13:15:00,270.0,270.0
D1,FG-R1-expanded-peak2__guard-q95-suppress,1,9,2021-04-20,96,1.0,True,172.0,165.74792324974868,-6.2520767502513195,6.2520767502513195,2021-04-20 08:45:00,2021-04-20 12:00:00,195.0,195.0
D1,FG-R1-expanded-peak2__guard-q95-suppress,1,9,2021-04-21,96,1.0,True,174.0,175.08302912404264,1.083029124042639,1.083029124042639,2021-04-21 08:30:00,2021-04-21 09:00:00,30.0,30.0
D1,FG-R1-expanded-peak2__guard-q95-suppress,1,9,2021-04-22,96,1.0,True,174.0,171.43686429160883,-2.5631357083911723,2.5631357083911723,2021-04-22 08:30:00,2021-04-22 08:30:00,0.0,0.0
D1,FG-R1-expanded-peak2__guard-q95-suppress,1,9,2021-04-23,96,1.0,True,174.0,173.78759829811895,-0.21240170188104912,0.21240170188104912,2021-04-23 08:30:00,2021-04-23 10:30:00,120.0,120.0
D1,FG-R1-expanded-peak2__guard-q95-suppress,1,9,2021-04-24,96,1.0,True,112.0,109.70383864354469,-2.2961613564553147,2.2961613564553147,2021-04-24 06:15:00,2021-04-24 04:45:00,-90.0,90.0
D1,FG-R1-expanded-peak2__guard-q95-suppress,1,9,2021-04-25,96,1.0,True,25.0,63.46256571437586,38.46256571437586,38.46256571437586,2021-04-25 01:30:00,2021-04-25 02:00:00,30.0,30.0
D1,FG-R1-expanded-peak2__guard-q95-suppress,1,10,2021-04-19,96,1.0,True,172.0,177.58958083779518,5.589580837795182,5.589580837795182,2021-04-19 08:45:00,2021-04-19 13:15:00,270.0,270.0
D1,FG-R1-expanded-peak2__guard-q95-suppress,1,10,2021-04-20,96,1.0,True,172.0,165.4601287841797,-6.5398712158203125,6.5398712158203125,2021-04-20 08:45:00,2021-04-20 11:15:00,150.0,150.0
D1,FG-R1-expanded-peak2__guard-q95-suppress,1,10,2021-04-21,96,1.0,True,174.0,176.4174799907031,2.4174799907031,2.4174799907031,2021-04-21 08:30:00,2021-04-21 09:00:00,30.0,30.0
D1,FG-R1-expanded-peak2__guard-q95-suppress,1,10,2021-04-22,96,1.0,True,174.0,170.6669492127947,-3.333050787205309,3.333050787205309,2021-04-22 08:30:00,2021-04-22 11:00:00,150.0,150.0
D1,FG-R1-expanded-peak2__guard-q95-suppress,1,10,2021-04-23,96,1.0,True,174.0,175.30296352262175,1.3029635226217522,1.3029635226217522,2021-04-23 08:30:00,2021-04-23 08:30:00,0.0,0.0
D1,FG-R1-expanded-peak2__guard-q95-suppress,1,10,2021-04-24,96,1.0,True,112.0,112.78372916631574,0.7837291663157373,0.7837291663157373,2021-04-24 06:15:00,2021-04-24 04:45:00,-90.0,90.0
D1,FG-R1-expanded-peak2__guard-q95-suppress,1,10,2021-04-25,96,1.0,True,25.0,62.91226523433227,37.91226523433227,37.91226523433227,2021-04-25 01:30:00,2021-04-25 02:15:00,45.0,45.0
D1,FG-R1-expanded-peak2__guard-q95-suppress,1,11,2021-04-19,96,1.0,True,172.0,176.04868044701857,4.048680447018569,4.048680447018569,2021-04-19 08:45:00,2021-04-19 13:15:00,270.0,270.0
D1,FG-R1-expanded-peak2__guard-q95-suppress,1,11,2021-04-20,96,1.0,True,172.0,164.18147140011254,-7.818528599887458,7.818528599887458,2021-04-20 08:45:00,2021-04-20 12:00:00,195.0,195.0
D1,FG-R1-expanded-peak2__guard-q95-suppress,1,11,2021-04-21,96,1.0,True,174.0,175.87219083352696,1.8721908335269575,1.8721908335269575,2021-04-21 08:30:00,2021-04-21 09:00:00,30.0,30.0
D1,FG-R1-expanded-peak2__guard-q95-suppress,1,11,2021-04-22,96,1.0,True,174.0,169.9558795391604,-4.0441204608395935,4.0441204608395935,2021-04-22 08:30:00,2021-04-22 11:00:00,150.0,150.0
D1,FG-R1-expanded-peak2__guard-q95-suppress,1,11,2021-04-23,96,1.0,True,174.0,171.9166859331624,-2.083314066837602,2.083314066837602,2021-04-23 08:30:00,2021-04-23 11:00:00,150.0,150.0
D1,FG-R1-expanded-peak2__guard-q95-suppress,1,11,2021-04-24,96,1.0,True,112.0,112.23099512288093,0.23099512288092683,0.23099512288092683,2021-04-24 06:15:00,2021-04-24 04:45:00,-90.0,90.0
D1,FG-R1-expanded-peak2__guard-q95-suppress,1,11,2021-04-25,96,1.0,True,25.0,62.87820436861584,37.87820436861584,37.87820436861584,2021-04-25 01:30:00,2021-04-25 02:30:00,60.0,60.0
D1,FG-R1-expanded-peak2__guard-q95-suppress,1,12,2021-04-19,96,1.0,True,172.0,174.60140304573986,2.6014030457398576,2.6014030457398576,2021-04-19 08:45:00,2021-04-19 13:15:00,270.0,270.0
D1,FG-R1-expanded-peak2__guard-q95-suppress,1,12,2021-04-20,96,1.0,True,172.0,164.37123107910156,-7.6287689208984375,7.6287689208984375,2021-04-20 08:45:00,2021-04-20 11:45:00,180.0,180.0
D1,FG-R1-expanded-peak2__guard-q95-suppress,1,12,2021-04-21,96,1.0,True,174.0,175.85314786477696,1.8531478647769575,1.8531478647769575,2021-04-21 08:30:00,2021-04-21 09:00:00,30.0,30.0
D1,FG-R1-expanded-peak2__guard-q95-suppress,1,12,2021-04-22,96,1.0,True,174.0,170.2756264499796,-3.7243735500204025,3.7243735500204025,2021-04-22 08:30:00,2021-04-22 08:30:00,0.0,0.0
D1,FG-R1-expanded-peak2__guard-q95-suppress,1,12,2021-04-23,96,1.0,True,174.0,172.92976740048712,-1.0702325995128774,1.0702325995128774,2021-04-23 08:30:00,2021-04-23 10:45:00,135.0,135.0
D1,FG-R1-expanded-peak2__guard-q95-suppress,1,12,2021-04-24,96,1.0,True,112.0,111.72969205866738,-0.27030794133261793,0.27030794133261793,2021-04-24 06:15:00,2021-04-24 04:45:00,-90.0,90.0
D1,FG-R1-expanded-peak2__guard-q95-suppress,1,12,2021-04-25,96,1.0,True,25.0,63.05013983760375,38.05013983760375,38.05013983760375,2021-04-25 01:30:00,2021-04-25 02:45:00,75.0,75.0
D1,FG-R1-expanded-peak2__guard-q95-suppress,1,13,2021-04-19,96,1.0,True,172.0,172.9745964221616,0.9745964221615964,0.9745964221615964,2021-04-19 08:45:00,2021-04-19 13:15:00,270.0,270.0
D1,FG-R1-expanded-peak2__guard-q95-suppress,1,13,2021-04-20,96,1.0,True,172.0,163.78182983398438,-8.218170166015625,8.218170166015625,2021-04-20 08:45:00,2021-04-20 11:00:00,135.0,135.0
D1,FG-R1-expanded-peak2__guard-q95-suppress,1,13,2021-04-21,96,1.0,True,174.0,173.00378094475136,-0.9962190552486447,0.9962190552486447,2021-04-21 08:30:00,2021-04-21 09:00:00,30.0,30.0
D1,FG-R1-expanded-peak2__guard-q95-suppress,1,13,2021-04-22,96,1.0,True,174.0,171.47306812025627,-2.526931879743728,2.526931879743728,2021-04-22 08:30:00,2021-04-22 10:30:00,120.0,120.0
D1,FG-R1-expanded-peak2__guard-q95-suppress,1,13,2021-04-23,96,1.0,True,174.0,173.70704159086011,-0.29295840913988513,0.29295840913988513,2021-04-23 08:30:00,2021-04-23 11:00:00,150.0,150.0
D1,FG-R1-expanded-peak2__guard-q95-suppress,1,13,2021-04-24,96,1.0,True,112.0,111.27767175862311,-0.7223282413768857,0.7223282413768857,2021-04-24 06:15:00,2021-04-24 04:45:00,-90.0,90.0
D1,FG-R1-expanded-peak2__guard-q95-suppress,1,13,2021-04-25,96,1.0,True,25.0,60.497699194293205,35.497699194293205,35.497699194293205,2021-04-25 01:30:00,2021-04-25 03:00:00,90.0,90.0
D1,FG-R1-expanded-peak2__guard-q95-suppress,1,14,2021-04-19,96,1.0,True,172.0,173.39872416156157,1.3987241615615744,1.3987241615615744,2021-04-19 08:45:00,2021-04-19 13:15:00,270.0,270.0
D1,FG-R1-expanded-peak2__guard-q95-suppress,1,14,2021-04-20,96,1.0,True,172.0,165.9497528076172,-6.0502471923828125,6.0502471923828125,2021-04-20 08:45:00,2021-04-20 09:00:00,15.0,15.0
D1,FG-R1-expanded-peak2__guard-q95-suppress,1,14,2021-04-21,96,1.0,True,174.0,173.8388006143103,-0.16119938568971293,0.16119938568971293,2021-04-21 08:30:00,2021-04-21 12:00:00,210.0,210.0
D1,FG-R1-expanded-peak2__guard-q95-suppress,1,14,2021-04-22,96,1.0,True,174.0,171.225948167769,-2.7740518322310095,2.7740518322310095,2021-04-22 08:30:00,2021-04-22 10:45:00,135.0,135.0
D1,FG-R1-expanded-peak2__guard-q95-suppress,1,14,2021-04-23,96,1.0,True,174.0,172.4074902864867,-1.5925097135132944,1.5925097135132944,2021-04-23 08:30:00,2021-04-23 10:30:00,120.0,120.0
D1,FG-R1-expanded-peak2__guard-q95-suppress,1,14,2021-04-24,96,1.0,True,112.0,110.75412743500905,-1.2458725649909468,1.2458725649909468,2021-04-24 06:15:00,2021-04-24 04:45:00,-90.0,90.0
D1,FG-R1-expanded-peak2__guard-q95-suppress,1,14,2021-04-25,96,1.0,True,25.0,54.727345243264196,29.727345243264196,29.727345243264196,2021-04-25 01:30:00,2021-04-25 03:15:00,105.0,105.0
D1,FG-R1-expanded-peak2__guard-q95-suppress,1,15,2021-04-19,96,1.0,True,172.0,169.73714324950615,-2.262856750493853,2.262856750493853,2021-04-19 08:45:00,2021-04-19 13:15:00,270.0,270.0
D1,FG-R1-expanded-peak2__guard-q95-suppress,1,15,2021-04-20,96,1.0,True,172.0,164.26638793945312,-7.733612060546875,7.733612060546875,2021-04-20 08:45:00,2021-04-20 11:45:00,180.0,180.0
D1,FG-R1-expanded-peak2__guard-q95-suppress,1,15,2021-04-21,96,1.0,True,174.0,173.46449531704266,-0.5355046829573382,0.5355046829573382,2021-04-21 08:30:00,2021-04-21 12:00:00,210.0,210.0
D1,FG-R1-expanded-peak2__guard-q95-suppress,1,15,2021-04-22,96,1.0,True,174.0,169.67467097806082,-4.325329021939183,4.325329021939183,2021-04-22 08:30:00,2021-04-22 11:00:00,150.0,150.0
D1,FG-R1-expanded-peak2__guard-q95-suppress,1,15,2021-04-23,96,1.0,True,174.0,172.1289716097289,-1.871028390271107,1.871028390271107,2021-04-23 08:30:00,2021-04-23 10:30:00,120.0,120.0
D1,FG-R1-expanded-peak2__guard-q95-suppress,1,15,2021-04-24,96,1.0,True,112.0,111.03731023680264,-0.9626897631973605,0.9626897631973605,2021-04-24 06:15:00,2021-04-24 04:45:00,-90.0,90.0
D1,FG-R1-expanded-peak2__guard-q95-suppress,1,15,2021-04-25,96,1.0,True,25.0,58.62733879700678,33.62733879700678,33.62733879700678,2021-04-25 01:30:00,2021-04-25 03:30:00,120.0,120.0
D1,FG-R1-expanded-peak2__guard-q95-suppress,1,16,2021-04-19,96,1.0,True,172.0,174.05627277783248,2.0562727778324756,2.0562727778324756,2021-04-19 08:45:00,2021-04-19 13:15:00,270.0,270.0
D1,FG-R1-expanded-peak2__guard-q95-suppress,1,16,2021-04-20,96,1.0,True,172.0,164.91506958007812,-7.084930419921875,7.084930419921875,2021-04-20 08:45:00,2021-04-20 11:45:00,180.0,180.0
D1,FG-R1-expanded-peak2__guard-q95-suppress,1,16,2021-04-21,96,1.0,True,174.0,172.3926593287485,-1.6073406712515066,1.6073406712515066,2021-04-21 08:30:00,2021-04-21 12:00:00,210.0,210.0
D1,FG-R1-expanded-peak2__guard-q95-suppress,1,16,2021-04-22,96,1.0,True,174.0,171.9269898547946,-2.0730101452053873,2.0730101452053873,2021-04-22 08:30:00,2021-04-22 10:30:00,120.0,120.0
D1,FG-R1-expanded-peak2__guard-q95-suppress,1,16,2021-04-23,96,1.0,True,174.0,174.70101434198497,0.7010143419849726,0.7010143419849726,2021-04-23 08:30:00,2021-04-23 10:30:00,120.0,120.0
D1,FG-R1-expanded-peak2__guard-q95-suppress,1,16,2021-04-24,96,1.0,True,112.0,112.86374778496956,0.8637477849695614,0.8637477849695614,2021-04-24 06:15:00,2021-04-24 04:45:00,-90.0,90.0
D1,FG-R1-expanded-peak2__guard-q95-suppress,1,16,2021-04-25,96,1.0,True,25.0,58.34076758335893,33.34076758335893,33.34076758335893,2021-04-25 01:30:00,2021-04-25 03:45:00,135.0,135.0
D1,FG-R1-expanded-peak2__guard-q95-suppress,3,4,2021-05-03,96,1.0,True,184.0,174.12200927734375,-9.87799072265625,9.87799072265625,2021-05-03 08:30:00,2021-05-03 15:00:00,390.0,390.0
D1,FG-R1-expanded-peak2__guard-q95-suppress,3,4,2021-05-04,96,1.0,True,181.0,177.34154038761648,-3.658459612383524,3.658459612383524,2021-05-04 08:30:00,2021-05-04 08:30:00,0.0,0.0
D1,FG-R1-expanded-peak2__guard-q95-suppress,3,4,2021-05-05,96,1.0,True,120.0,168.35841016735966,48.358410167359665,48.358410167359665,2021-05-05 04:15:00,2021-05-05 08:30:00,255.0,255.0
D1,FG-R1-expanded-peak2__guard-q95-suppress,3,4,2021-05-06,96,1.0,True,199.0,178.87295393144268,-20.12704606855732,20.12704606855732,2021-05-06 09:00:00,2021-05-06 12:00:00,180.0,180.0
D1,FG-R1-expanded-peak2__guard-q95-suppress,3,4,2021-05-07,96,1.0,True,181.0,177.18135088052722,-3.8186491194727807,3.8186491194727807,2021-05-07 09:00:00,2021-05-07 08:30:00,-30.0,30.0
D1,FG-R1-expanded-peak2__guard-q95-suppress,3,4,2021-05-08,96,1.0,True,115.0,108.03773994396292,-6.962260056037081,6.962260056037081,2021-05-08 02:00:00,2021-05-08 06:15:00,255.0,255.0
D1,FG-R1-expanded-peak2__guard-q95-suppress,3,4,2021-05-09,96,1.0,True,184.0,177.85007067527494,-6.149929324725065,6.149929324725065,2021-05-09 09:00:00,2021-05-09 09:45:00,45.0,45.0
D1,FG-R1-expanded-peak2__guard-q95-suppress,3,5,2021-05-03,96,1.0,True,184.0,174.1712646484375,-9.8287353515625,9.8287353515625,2021-05-03 08:30:00,2021-05-03 15:30:00,420.0,420.0
D1,FG-R1-expanded-peak2__guard-q95-suppress,3,5,2021-05-04,96,1.0,True,181.0,176.77826826527962,-4.221731734720379,4.221731734720379,2021-05-04 08:30:00,2021-05-04 08:30:00,0.0,0.0
D1,FG-R1-expanded-peak2__guard-q95-suppress,3,5,2021-05-05,96,1.0,True,120.0,175.1918071656164,55.19180716561641,55.19180716561641,2021-05-05 04:15:00,2021-05-05 08:30:00,255.0,255.0
D1,FG-R1-expanded-peak2__guard-q95-suppress,3,5,2021-05-06,96,1.0,True,199.0,181.37599579002668,-17.62400420997332,17.62400420997332,2021-05-06 09:00:00,2021-05-06 11:15:00,135.0,135.0
D1,FG-R1-expanded-peak2__guard-q95-suppress,3,5,2021-05-07,96,1.0,True,181.0,175.9846650895116,-5.015334910488406,5.015334910488406,2021-05-07 09:00:00,2021-05-07 08:30:00,-30.0,30.0
D1,FG-R1-expanded-peak2__guard-q95-suppress,3,5,2021-05-08,96,1.0,True,115.0,108.38888383330273,-6.611116166697272,6.611116166697272,2021-05-08 02:00:00,2021-05-08 06:15:00,255.0,255.0
D1,FG-R1-expanded-peak2__guard-q95-suppress,3,5,2021-05-09,96,1.0,True,184.0,175.9318486962421,-8.068151303757901,8.068151303757901,2021-05-09 09:00:00,2021-05-09 09:45:00,45.0,45.0
D1,FG-R1-expanded-peak2__guard-q95-suppress,3,6,2021-05-03,96,1.0,True,184.0,174.07199096679688,-9.928009033203125,9.928009033203125,2021-05-03 08:30:00,2021-05-03 15:45:00,435.0,435.0
D1,FG-R1-expanded-peak2__guard-q95-suppress,3,6,2021-05-04,96,1.0,True,181.0,178.19519334171804,-2.8048066582819615,2.8048066582819615,2021-05-04 08:30:00,2021-05-04 08:30:00,0.0,0.0
D1,FG-R1-expanded-peak2__guard-q95-suppress,3,6,2021-05-05,96,1.0,True,120.0,177.0922435669836,57.0922435669836,57.0922435669836,2021-05-05 04:15:00,2021-05-05 08:30:00,255.0,255.0
D1,FG-R1-expanded-peak2__guard-q95-suppress,3,6,2021-05-06,96,1.0,True,199.0,178.98222211991924,-20.017777880080757,20.017777880080757,2021-05-06 09:00:00,2021-05-06 12:00:00,180.0,180.0
D1,FG-R1-expanded-peak2__guard-q95-suppress,3,6,2021-05-07,96,1.0,True,181.0,176.0118401284952,-4.9881598715047915,4.9881598715047915,2021-05-07 09:00:00,2021-05-07 08:30:00,-30.0,30.0
D1,FG-R1-expanded-peak2__guard-q95-suppress,3,6,2021-05-08,96,1.0,True,115.0,111.22910846868633,-3.7708915313136657,3.7708915313136657,2021-05-08 02:00:00,2021-05-08 06:15:00,255.0,255.0
D1,FG-R1-expanded-peak2__guard-q95-suppress,3,6,2021-05-09,96,1.0,True,184.0,174.90066792563076,-9.099332074369244,9.099332074369244,2021-05-09 09:00:00,2021-05-09 10:00:00,60.0,60.0
D1,FG-R1-expanded-peak2__guard-q95-suppress,3,7,2021-05-03,96,1.0,True,184.0,170.70562744140625,-13.29437255859375,13.29437255859375,2021-05-03 08:30:00,2021-05-03 15:45:00,435.0,435.0
D1,FG-R1-expanded-peak2__guard-q95-suppress,3,7,2021-05-04,96,1.0,True,181.0,176.38844797563394,-4.611552024366063,4.611552024366063,2021-05-04 08:30:00,2021-05-04 08:30:00,0.0,0.0
D1,FG-R1-expanded-peak2__guard-q95-suppress,3,7,2021-05-05,96,1.0,True,120.0,175.35536612557735,55.35536612557735,55.35536612557735,2021-05-05 04:15:00,2021-05-05 08:30:00,255.0,255.0
D1,FG-R1-expanded-peak2__guard-q95-suppress,3,7,2021-05-06,96,1.0,True,199.0,179.58449188377668,-19.41550811622332,19.41550811622332,2021-05-06 09:00:00,2021-05-06 11:45:00,165.0,165.0
D1,FG-R1-expanded-peak2__guard-q95-suppress,3,7,2021-05-07,96,1.0,True,181.0,174.62005546052646,-6.3799445394735415,6.3799445394735415,2021-05-07 09:00:00,2021-05-07 08:30:00,-30.0,30.0
D1,FG-R1-expanded-peak2__guard-q95-suppress,3,7,2021-05-08,96,1.0,True,115.0,110.02249683538555,-4.977503164614447,4.977503164614447,2021-05-08 02:00:00,2021-05-08 06:15:00,255.0,255.0
D1,FG-R1-expanded-peak2__guard-q95-suppress,3,7,2021-05-09,96,1.0,True,184.0,171.51552991931203,-12.48447008068797,12.48447008068797,2021-05-09 09:00:00,2021-05-09 10:45:00,105.0,105.0
D1,FG-R1-expanded-peak2__guard-q95-suppress,3,8,2021-05-03,96,1.0,True,184.0,168.88157782725565,-15.118422172744346,15.118422172744346,2021-05-03 08:30:00,2021-05-03 11:15:00,165.0,165.0
D1,FG-R1-expanded-peak2__guard-q95-suppress,3,8,2021-05-04,96,1.0,True,181.0,177.25221143097858,-3.7477885690214237,3.7477885690214237,2021-05-04 08:30:00,2021-05-04 08:30:00,0.0,0.0
D1,FG-R1-expanded-peak2__guard-q95-suppress,3,8,2021-05-05,96,1.0,True,120.0,177.72658194588985,57.72658194588985,57.72658194588985,2021-05-05 04:15:00,2021-05-05 08:30:00,255.0,255.0
D1,FG-R1-expanded-peak2__guard-q95-suppress,3,8,2021-05-06,96,1.0,True,199.0,181.7811472867446,-17.218852713255387,17.218852713255387,2021-05-06 09:00:00,2021-05-06 12:00:00,180.0,180.0
D1,FG-R1-expanded-peak2__guard-q95-suppress,3,8,2021-05-07,96,1.0,True,181.0,176.65859916169833,-4.3414008383016665,4.3414008383016665,2021-05-07 09:00:00,2021-05-07 08:30:00,-30.0,30.0
D1,FG-R1-expanded-peak2__guard-q95-suppress,3,8,2021-05-08,96,1.0,True,115.0,109.98134388128399,-5.0186561187160095,5.0186561187160095,2021-05-08 02:00:00,2021-05-08 06:15:00,255.0,255.0
D1,FG-R1-expanded-peak2__guard-q95-suppress,3,8,2021-05-09,96,1.0,True,184.0,172.02490413355903,-11.975095866440967,11.975095866440967,2021-05-09 09:00:00,2021-05-09 11:00:00,120.0,120.0
D1,FG-R1-expanded-peak2__guard-q95-suppress,3,9,2021-05-03,96,1.0,True,184.0,168.55862516987233,-15.441374830127671,15.441374830127671,2021-05-03 08:30:00,2021-05-03 11:45:00,195.0,195.0
D1,FG-R1-expanded-peak2__guard-q95-suppress,3,9,2021-05-04,96,1.0,True,181.0,176.60654498883355,-4.393455011166452,4.393455011166452,2021-05-04 08:30:00,2021-05-04 08:30:00,0.0,0.0
D1,FG-R1-expanded-peak2__guard-q95-suppress,3,9,2021-05-05,96,1.0,True,120.0,177.47569693612422,57.47569693612422,57.47569693612422,2021-05-05 04:15:00,2021-05-05 08:30:00,255.0,255.0
D1,FG-R1-expanded-peak2__guard-q95-suppress,3,9,2021-05-06,96,1.0,True,199.0,181.480025755484,-17.519974244515993,17.519974244515993,2021-05-06 09:00:00,2021-05-06 12:00:00,180.0,180.0
D1,FG-R1-expanded-peak2__guard-q95-suppress,3,9,2021-05-07,96,1.0,True,181.0,177.74055411775302,-3.259445882246979,3.259445882246979,2021-05-07 09:00:00,2021-05-07 08:30:00,-30.0,30.0
D1,FG-R1-expanded-peak2__guard-q95-suppress,3,9,2021-05-08,96,1.0,True,115.0,108.21689917202339,-6.783100827976611,6.783100827976611,2021-05-08 02:00:00,2021-05-08 06:15:00,255.0,255.0
D1,FG-R1-expanded-peak2__guard-q95-suppress,3,9,2021-05-09,96,1.0,True,184.0,172.60003568071716,-11.399964319282844,11.399964319282844,2021-05-09 09:00:00,2021-05-09 11:00:00,120.0,120.0
D1,FG-R1-expanded-peak2__guard-q95-suppress,3,10,2021-05-03,96,1.0,True,184.0,172.10544205283284,-11.894557947167158,11.894557947167158,2021-05-03 08:30:00,2021-05-03 12:00:00,210.0,210.0
D1,FG-R1-expanded-peak2__guard-q95-suppress,3,10,2021-05-04,96,1.0,True,181.0,176.02509357281792,-4.974906427182077,4.974906427182077,2021-05-04 08:30:00,2021-05-04 08:30:00,0.0,0.0
D1,FG-R1-expanded-peak2__guard-q95-suppress,3,10,2021-05-05,96,1.0,True,120.0,179.11577261971797,59.11577261971797,59.11577261971797,2021-05-05 04:15:00,2021-05-05 08:30:00,255.0,255.0
D1,FG-R1-expanded-peak2__guard-q95-suppress,3,10,2021-05-06,96,1.0,True,199.0,180.7968125740208,-18.203187425979195,18.203187425979195,2021-05-06 09:00:00,2021-05-06 13:30:00,270.0,270.0
D1,FG-R1-expanded-peak2__guard-q95-suppress,3,10,2021-05-07,96,1.0,True,181.0,176.98373343904208,-4.0162665609579165,4.0162665609579165,2021-05-07 09:00:00,2021-05-07 08:30:00,-30.0,30.0
D1,FG-R1-expanded-peak2__guard-q95-suppress,3,10,2021-05-08,96,1.0,True,115.0,110.9999186072117,-4.000081392788303,4.000081392788303,2021-05-08 02:00:00,2021-05-08 06:15:00,255.0,255.0
D1,FG-R1-expanded-peak2__guard-q95-suppress,3,10,2021-05-09,96,1.0,True,184.0,172.17544461626403,-11.82455538373597,11.82455538373597,2021-05-09 09:00:00,2021-05-09 11:00:00,120.0,120.0
D1,FG-R1-expanded-peak2__guard-q95-suppress,3,11,2021-05-03,96,1.0,True,184.0,170.25578690146565,-13.744213098534345,13.744213098534345,2021-05-03 08:30:00,2021-05-03 12:00:00,210.0,210.0
D1,FG-R1-expanded-peak2__guard-q95-suppress,3,11,2021-05-04,96,1.0,True,181.0,175.94014789410699,-5.059852105893015,5.059852105893015,2021-05-04 08:30:00,2021-05-04 08:30:00,0.0,0.0
D1,FG-R1-expanded-peak2__guard-q95-suppress,3,11,2021-05-05,96,1.0,True,120.0,178.0901276830793,58.09012768307929,58.09012768307929,2021-05-05 04:15:00,2021-05-05 08:30:00,255.0,255.0
D1,FG-R1-expanded-peak2__guard-q95-suppress,3,11,2021-05-06,96,1.0,True,199.0,181.33115970554337,-17.66884029445663,17.66884029445663,2021-05-06 09:00:00,2021-05-06 13:45:00,285.0,285.0
D1,FG-R1-expanded-peak2__guard-q95-suppress,3,11,2021-05-07,96,1.0,True,181.0,174.92149283845615,-6.078507161543854,6.078507161543854,2021-05-07 09:00:00,2021-05-07 08:30:00,-30.0,30.0
D1,FG-R1-expanded-peak2__guard-q95-suppress,3,11,2021-05-08,96,1.0,True,115.0,108.21139074917183,-6.7886092508281735,6.7886092508281735,2021-05-08 02:00:00,2021-05-08 06:15:00,255.0,255.0
D1,FG-R1-expanded-peak2__guard-q95-suppress,3,11,2021-05-09,96,1.0,True,184.0,171.3972452704217,-12.602754729578294,12.602754729578294,2021-05-09 09:00:00,2021-05-09 11:15:00,135.0,135.0
D1,FG-R1-expanded-peak2__guard-q95-suppress,3,12,2021-05-03,96,1.0,True,184.0,166.48942947959065,-17.510570520409345,17.510570520409345,2021-05-03 08:30:00,2021-05-03 13:45:00,315.0,315.0
D1,FG-R1-expanded-peak2__guard-q95-suppress,3,12,2021-05-04,96,1.0,True,181.0,174.05713702984917,-6.942862970150827,6.942862970150827,2021-05-04 08:30:00,2021-05-04 08:30:00,0.0,0.0
D1,FG-R1-expanded-peak2__guard-q95-suppress,3,12,2021-05-05,96,1.0,True,120.0,175.8799988988996,55.8799988988996,55.8799988988996,2021-05-05 04:15:00,2021-05-05 08:30:00,255.0,255.0
D1,FG-R1-expanded-peak2__guard-q95-suppress,3,12,2021-05-06,96,1.0,True,199.0,179.237288037888,-19.762711962112007,19.762711962112007,2021-05-06 09:00:00,2021-05-06 13:30:00,270.0,270.0
D1,FG-R1-expanded-peak2__guard-q95-suppress,3,12,2021-05-07,96,1.0,True,181.0,173.1165764566202,-7.8834235433797915,7.8834235433797915,2021-05-07 09:00:00,2021-05-07 08:30:00,-30.0,30.0
D1,FG-R1-expanded-peak2__guard-q95-suppress,3,12,2021-05-08,96,1.0,True,115.0,107.25524118217376,-7.744758817826238,7.744758817826238,2021-05-08 02:00:00,2021-05-08 06:15:00,255.0,255.0
D1,FG-R1-expanded-peak2__guard-q95-suppress,3,12,2021-05-09,96,1.0,True,184.0,169.5283539763353,-14.471646023664704,14.471646023664704,2021-05-09 09:00:00,2021-05-09 11:30:00,150.0,150.0
D1,FG-R1-expanded-peak2__guard-q95-suppress,3,13,2021-05-03,96,1.0,True,184.0,166.22459124964632,-17.775408750353677,17.775408750353677,2021-05-03 08:30:00,2021-05-03 12:00:00,210.0,210.0
D1,FG-R1-expanded-peak2__guard-q95-suppress,3,13,2021-05-04,96,1.0,True,181.0,173.71660349321206,-7.283396506787938,7.283396506787938,2021-05-04 08:30:00,2021-05-04 08:30:00,0.0,0.0
D1,FG-R1-expanded-peak2__guard-q95-suppress,3,13,2021-05-05,96,1.0,True,120.0,175.4497010473371,55.4497010473371,55.4497010473371,2021-05-05 04:15:00,2021-05-05 08:30:00,255.0,255.0
D1,FG-R1-expanded-peak2__guard-q95-suppress,3,13,2021-05-06,96,1.0,True,199.0,180.03401004734025,-18.965989952659754,18.965989952659754,2021-05-06 09:00:00,2021-05-06 13:45:00,285.0,285.0
D1,FG-R1-expanded-peak2__guard-q95-suppress,3,13,2021-05-07,96,1.0,True,181.0,172.97857596833896,-8.021424031661041,8.021424031661041,2021-05-07 09:00:00,2021-05-07 08:30:00,-30.0,30.0
D1,FG-R1-expanded-peak2__guard-q95-suppress,3,13,2021-05-08,96,1.0,True,115.0,108.77179870468831,-6.228201295311692,6.228201295311692,2021-05-08 02:00:00,2021-05-08 06:15:00,255.0,255.0
D1,FG-R1-expanded-peak2__guard-q95-suppress,3,13,2021-05-09,96,1.0,True,184.0,170.34347848805405,-13.656521511945954,13.656521511945954,2021-05-09 09:00:00,2021-05-09 11:45:00,165.0,165.0
D1,FG-R1-expanded-peak2__guard-q95-suppress,3,14,2021-05-03,96,1.0,True,184.0,166.46201800745882,-17.537981992541177,17.537981992541177,2021-05-03 08:30:00,2021-05-03 12:00:00,210.0,210.0
D1,FG-R1-expanded-peak2__guard-q95-suppress,3,14,2021-05-04,96,1.0,True,181.0,174.06744384765625,-6.93255615234375,6.93255615234375,2021-05-04 08:30:00,2021-05-04 13:15:00,285.0,285.0
D1,FG-R1-expanded-peak2__guard-q95-suppress,3,14,2021-05-05,96,1.0,True,120.0,177.0963074926496,57.0963074926496,57.0963074926496,2021-05-05 04:15:00,2021-05-05 08:30:00,255.0,255.0
D1,FG-R1-expanded-peak2__guard-q95-suppress,3,14,2021-05-06,96,1.0,True,199.0,180.4782119870578,-18.52178801294221,18.52178801294221,2021-05-06 09:00:00,2021-05-06 13:30:00,270.0,270.0
D1,FG-R1-expanded-peak2__guard-q95-suppress,3,14,2021-05-07,96,1.0,True,181.0,174.5891106363077,-6.4108893636922915,6.4108893636922915,2021-05-07 09:00:00,2021-05-07 08:30:00,-30.0,30.0
D1,FG-R1-expanded-peak2__guard-q95-suppress,3,14,2021-05-08,96,1.0,True,115.0,107.54623640614363,-7.453763593856365,7.453763593856365,2021-05-08 02:00:00,2021-05-08 06:15:00,255.0,255.0
D1,FG-R1-expanded-peak2__guard-q95-suppress,3,14,2021-05-09,96,1.0,True,184.0,167.47577218922592,-16.52422781077408,16.52422781077408,2021-05-09 09:00:00,2021-05-09 12:00:00,180.0,180.0
D1,FG-R1-expanded-peak2__guard-q95-suppress,3,15,2021-05-03,96,1.0,True,184.0,166.24289189542964,-17.757108104570364,17.757108104570364,2021-05-03 08:30:00,2021-05-03 12:00:00,210.0,210.0
D1,FG-R1-expanded-peak2__guard-q95-suppress,3,15,2021-05-04,96,1.0,True,181.0,176.5064289326652,-4.493571067334813,4.493571067334813,2021-05-04 08:30:00,2021-05-04 08:30:00,0.0,0.0
D1,FG-R1-expanded-peak2__guard-q95-suppress,3,15,2021-05-05,96,1.0,True,120.0,178.2318615199701,58.231861519970096,58.231861519970096,2021-05-05 04:15:00,2021-05-05 08:30:00,255.0,255.0
D1,FG-R1-expanded-peak2__guard-q95-suppress,3,15,2021-05-06,96,1.0,True,199.0,180.47520560295533,-18.524794397044673,18.524794397044673,2021-05-06 09:00:00,2021-05-06 13:45:00,285.0,285.0
D1,FG-R1-expanded-peak2__guard-q95-suppress,3,15,2021-05-07,96,1.0,True,181.0,175.11959769685458,-5.8804023031454165,5.8804023031454165,2021-05-07 09:00:00,2021-05-07 08:30:00,-30.0,30.0
D1,FG-R1-expanded-peak2__guard-q95-suppress,3,15,2021-05-08,96,1.0,True,115.0,106.7799345612128,-8.220065438787202,8.220065438787202,2021-05-08 02:00:00,2021-05-08 06:15:00,255.0,255.0
D1,FG-R1-expanded-peak2__guard-q95-suppress,3,15,2021-05-09,96,1.0,True,184.0,161.7564294283544,-22.24357057164559,22.24357057164559,2021-05-09 09:00:00,2021-05-09 15:00:00,360.0,360.0
D1,FG-R1-expanded-peak2__guard-q95-suppress,3,16,2021-05-03,96,1.0,True,184.0,166.88461685752034,-17.115383142479658,17.115383142479658,2021-05-03 08:30:00,2021-05-03 13:30:00,300.0,300.0
D1,FG-R1-expanded-peak2__guard-q95-suppress,3,16,2021-05-04,96,1.0,True,181.0,174.14617919921875,-6.85382080078125,6.85382080078125,2021-05-04 08:30:00,2021-05-04 13:15:00,285.0,285.0
D1,FG-R1-expanded-peak2__guard-q95-suppress,3,16,2021-05-05,96,1.0,True,120.0,177.9570812465326,57.957081246532596,57.957081246532596,2021-05-05 04:15:00,2021-05-05 08:30:00,255.0,255.0
D1,FG-R1-expanded-peak2__guard-q95-suppress,3,16,2021-05-06,96,1.0,True,199.0,177.0777884143503,-21.922211585649706,21.922211585649706,2021-05-06 09:00:00,2021-05-06 13:45:00,285.0,285.0
D1,FG-R1-expanded-peak2__guard-q95-suppress,3,16,2021-05-07,96,1.0,True,181.0,174.07012870271396,-6.9298712972860415,6.9298712972860415,2021-05-07 09:00:00,2021-05-07 08:30:00,-30.0,30.0
D1,FG-R1-expanded-peak2__guard-q95-suppress,3,16,2021-05-08,96,1.0,True,115.0,107.86831071193743,-7.131689288062574,7.131689288062574,2021-05-08 02:00:00,2021-05-08 06:15:00,255.0,255.0
D1,FG-R1-expanded-peak2__guard-q95-suppress,3,16,2021-05-09,96,1.0,True,184.0,159.24919676233878,-24.750803237661216,24.750803237661216,2021-05-09 09:00:00,2021-05-09 15:45:00,405.0,405.0
D1,FG-R1-expanded-peak2__guard-q95-suppress,5,4,2021-05-17,96,1.0,True,192.0,170.06963485307753,-21.93036514692247,21.93036514692247,2021-05-17 09:00:00,2021-05-17 11:45:00,165.0,165.0
D1,FG-R1-expanded-peak2__guard-q95-suppress,5,4,2021-05-18,96,1.0,True,182.0,169.29613365854433,-12.703866341455665,12.703866341455665,2021-05-18 13:15:00,2021-05-18 11:45:00,-90.0,90.0
D1,FG-R1-expanded-peak2__guard-q95-suppress,5,4,2021-05-19,96,1.0,True,108.0,145.47844880258094,37.47844880258094,37.47844880258094,2021-05-19 06:15:00,2021-05-19 08:15:00,120.0,120.0
D1,FG-R1-expanded-peak2__guard-q95-suppress,5,4,2021-05-20,96,1.0,True,181.0,183.42953093098737,2.4295309309873687,2.4295309309873687,2021-05-20 13:15:00,2021-05-20 09:00:00,-255.0,255.0
D1,FG-R1-expanded-peak2__guard-q95-suppress,5,4,2021-05-21,96,1.0,True,160.0,169.44906169388395,9.449061693883948,9.449061693883948,2021-05-21 08:30:00,2021-05-21 08:30:00,0.0,0.0
D1,FG-R1-expanded-peak2__guard-q95-suppress,5,4,2021-05-22,96,1.0,True,112.0,105.06679211857502,-6.933207881424977,6.933207881424977,2021-05-22 06:15:00,2021-05-22 04:45:00,-90.0,90.0
D1,FG-R1-expanded-peak2__guard-q95-suppress,5,4,2021-05-23,96,1.0,True,25.0,29.12964740948022,4.129647409480221,4.129647409480221,2021-05-23 03:00:00,2021-05-23 07:15:00,255.0,255.0
D1,FG-R1-expanded-peak2__guard-q95-suppress,5,5,2021-05-17,96,1.0,True,192.0,169.5940826674724,-22.405917332527594,22.405917332527594,2021-05-17 09:00:00,2021-05-17 13:30:00,270.0,270.0
D1,FG-R1-expanded-peak2__guard-q95-suppress,5,5,2021-05-18,96,1.0,True,182.0,169.09874596323183,-12.901254036768165,12.901254036768165,2021-05-18 13:15:00,2021-05-18 11:45:00,-90.0,90.0
D1,FG-R1-expanded-peak2__guard-q95-suppress,5,5,2021-05-19,96,1.0,True,108.0,162.93678048865013,54.93678048865013,54.93678048865013,2021-05-19 06:15:00,2021-05-19 08:30:00,135.0,135.0
D1,FG-R1-expanded-peak2__guard-q95-suppress,5,5,2021-05-20,96,1.0,True,181.0,183.93349821614362,2.9334982161436187,2.9334982161436187,2021-05-20 13:15:00,2021-05-20 09:00:00,-255.0,255.0
D1,FG-R1-expanded-peak2__guard-q95-suppress,5,5,2021-05-21,96,1.0,True,160.0,168.2875333880595,8.2875333880595,8.2875333880595,2021-05-21 08:30:00,2021-05-21 09:00:00,30.0,30.0
D1,FG-R1-expanded-peak2__guard-q95-suppress,5,5,2021-05-22,96,1.0,True,112.0,103.76502296335289,-8.23497703664711,8.23497703664711,2021-05-22 06:15:00,2021-05-22 02:15:00,-240.0,240.0
D1,FG-R1-expanded-peak2__guard-q95-suppress,5,5,2021-05-23,96,1.0,True,25.0,34.00916150984695,9.009161509846948,9.009161509846948,2021-05-23 03:00:00,2021-05-23 07:30:00,270.0,270.0
D1,FG-R1-expanded-peak2__guard-q95-suppress,5,6,2021-05-17,96,1.0,True,192.0,169.7942779799724,-22.205722020027594,22.205722020027594,2021-05-17 09:00:00,2021-05-17 13:30:00,270.0,270.0
D1,FG-R1-expanded-peak2__guard-q95-suppress,5,6,2021-05-18,96,1.0,True,182.0,168.94191612924746,-13.05808387075254,13.05808387075254,2021-05-18 13:15:00,2021-05-18 11:30:00,-105.0,105.0
D1,FG-R1-expanded-peak2__guard-q95-suppress,5,6,2021-05-19,96,1.0,True,108.0,166.28997567907982,58.28997567907982,58.28997567907982,2021-05-19 06:15:00,2021-05-19 08:30:00,135.0,135.0
D1,FG-R1-expanded-peak2__guard-q95-suppress,5,6,2021-05-20,96,1.0,True,181.0,180.54024870442487,-0.4597512955751313,0.4597512955751313,2021-05-20 13:15:00,2021-05-20 09:00:00,-255.0,255.0
D1,FG-R1-expanded-peak2__guard-q95-suppress,5,6,2021-05-21,96,1.0,True,160.0,167.31220684997356,7.312206849973563,7.312206849973563,2021-05-21 08:30:00,2021-05-21 09:00:00,30.0,30.0
D1,FG-R1-expanded-peak2__guard-q95-suppress,5,6,2021-05-22,96,1.0,True,112.0,103.7458015385884,-8.254198461411605,8.254198461411605,2021-05-22 06:15:00,2021-05-22 03:30:00,-165.0,165.0
D1,FG-R1-expanded-peak2__guard-q95-suppress,5,6,2021-05-23,96,1.0,True,25.0,54.52377561507156,29.523775615071557,29.523775615071557,2021-05-23 03:00:00,2021-05-23 07:45:00,285.0,285.0
D1,FG-R1-expanded-peak2__guard-q95-suppress,5,7,2021-05-17,96,1.0,True,192.0,168.6712462574965,-23.328753742503494,23.328753742503494,2021-05-17 09:00:00,2021-05-17 11:00:00,120.0,120.0
D1,FG-R1-expanded-peak2__guard-q95-suppress,5,7,2021-05-18,96,1.0,True,182.0,168.33525719370058,-13.664742806299415,13.664742806299415,2021-05-18 13:15:00,2021-05-18 11:45:00,-90.0,90.0
D1,FG-R1-expanded-peak2__guard-q95-suppress,5,7,2021-05-19,96,1.0,True,108.0,164.65397409216575,56.653974092165754,56.653974092165754,2021-05-19 06:15:00,2021-05-19 08:30:00,135.0,135.0
D1,FG-R1-expanded-peak2__guard-q95-suppress,5,7,2021-05-20,96,1.0,True,181.0,181.8610280289265,0.861028028926512,0.861028028926512,2021-05-20 13:15:00,2021-05-20 09:00:00,-255.0,255.0
D1,FG-R1-expanded-peak2__guard-q95-suppress,5,7,2021-05-21,96,1.0,True,160.0,165.20165692321575,5.201656923215751,5.201656923215751,2021-05-21 08:30:00,2021-05-21 09:00:00,30.0,30.0
D1,FG-R1-expanded-peak2__guard-q95-suppress,5,7,2021-05-22,96,1.0,True,112.0,103.81068953907668,-8.189310460923323,8.189310460923323,2021-05-22 06:15:00,2021-05-22 03:30:00,-165.0,165.0
D1,FG-R1-expanded-peak2__guard-q95-suppress,5,7,2021-05-23,96,1.0,True,25.0,102.10717627987471,77.10717627987471,77.10717627987471,2021-05-23 03:00:00,2021-05-23 08:00:00,300.0,300.0
D1,FG-R1-expanded-peak2__guard-q95-suppress,5,8,2021-05-17,96,1.0,True,192.0,169.36043744007765,-22.639562559922354,22.639562559922354,2021-05-17 09:00:00,2021-05-17 11:15:00,135.0,135.0
D1,FG-R1-expanded-peak2__guard-q95-suppress,5,8,2021-05-18,96,1.0,True,182.0,171.09106617549307,-10.908933824506931,10.908933824506931,2021-05-18 13:15:00,2021-05-18 12:00:00,-75.0,75.0
D1,FG-R1-expanded-peak2__guard-q95-suppress,5,8,2021-05-19,96,1.0,True,108.0,168.94706491247825,60.947064912478254,60.947064912478254,2021-05-19 06:15:00,2021-05-19 08:30:00,135.0,135.0
D1,FG-R1-expanded-peak2__guard-q95-suppress,5,8,2021-05-20,96,1.0,True,181.0,182.7289479508015,1.728947950801512,1.728947950801512,2021-05-20 13:15:00,2021-05-20 09:00:00,-255.0,255.0
D1,FG-R1-expanded-peak2__guard-q95-suppress,5,8,2021-05-21,96,1.0,True,160.0,166.61324749938763,6.613247499387626,6.613247499387626,2021-05-21 08:30:00,2021-05-21 09:00:00,30.0,30.0
D1,FG-R1-expanded-peak2__guard-q95-suppress,5,8,2021-05-22,96,1.0,True,112.0,103.92579421436965,-8.074205785630355,8.074205785630355,2021-05-22 06:15:00,2021-05-22 03:30:00,-165.0,165.0
D1,FG-R1-expanded-peak2__guard-q95-suppress,5,8,2021-05-23,96,1.0,True,25.0,150.80657748728112,125.80657748728112,125.80657748728112,2021-05-23 03:00:00,2021-05-23 08:15:00,315.0,315.0
D1,FG-R1-expanded-peak2__guard-q95-suppress,5,9,2021-05-17,96,1.0,True,192.0,170.5519195967458,-21.44808040325421,21.44808040325421,2021-05-17 09:00:00,2021-05-17 08:30:00,-30.0,30.0
D1,FG-R1-expanded-peak2__guard-q95-suppress,5,9,2021-05-18,96,1.0,True,182.0,169.66523214982007,-12.33476785017993,12.33476785017993,2021-05-18 13:15:00,2021-05-18 12:00:00,-75.0,75.0
D1,FG-R1-expanded-peak2__guard-q95-suppress,5,9,2021-05-19,96,1.0,True,108.0,170.219953096072,62.219953096072004,62.219953096072004,2021-05-19 06:15:00,2021-05-19 08:30:00,135.0,135.0
D1,FG-R1-expanded-peak2__guard-q95-suppress,5,9,2021-05-20,96,1.0,True,181.0,185.09388330050962,4.093883300509617,4.093883300509617,2021-05-20 13:15:00,2021-05-20 08:30:00,-285.0,285.0
D1,FG-R1-expanded-peak2__guard-q95-suppress,5,9,2021-05-21,96,1.0,True,160.0,164.64377537063226,4.643775370632255,4.643775370632255,2021-05-21 08:30:00,2021-05-21 10:45:00,135.0,135.0
D1,FG-R1-expanded-peak2__guard-q95-suppress,5,9,2021-05-22,96,1.0,True,112.0,102.3909431401509,-9.609056859849105,9.609056859849105,2021-05-22 06:15:00,2021-05-22 03:30:00,-165.0,165.0
D1,FG-R1-expanded-peak2__guard-q95-suppress,5,9,2021-05-23,96,1.0,True,25.0,170.02965056377883,145.02965056377883,145.02965056377883,2021-05-23 03:00:00,2021-05-23 08:30:00,330.0,330.0
D1,FG-R1-expanded-peak2__guard-q95-suppress,5,10,2021-05-17,96,1.0,True,192.0,171.00585624284807,-20.99414375715193,20.99414375715193,2021-05-17 09:00:00,2021-05-17 11:45:00,165.0,165.0
D1,FG-R1-expanded-peak2__guard-q95-suppress,5,10,2021-05-18,96,1.0,True,182.0,172.61281455171073,-9.387185448289273,9.387185448289273,2021-05-18 13:15:00,2021-05-18 13:15:00,0.0,0.0
D1,FG-R1-expanded-peak2__guard-q95-suppress,5,10,2021-05-19,96,1.0,True,108.0,170.15730050818138,62.15730050818138,62.15730050818138,2021-05-19 06:15:00,2021-05-19 08:30:00,135.0,135.0
D1,FG-R1-expanded-peak2__guard-q95-suppress,5,10,2021-05-20,96,1.0,True,181.0,186.4332173599812,5.4332173599811995,5.4332173599811995,2021-05-20 13:15:00,2021-05-20 08:45:00,-270.0,270.0
D1,FG-R1-expanded-peak2__guard-q95-suppress,5,10,2021-05-21,96,1.0,True,160.0,165.7558228682548,5.755822868254796,5.755822868254796,2021-05-21 08:30:00,2021-05-21 10:45:00,135.0,135.0
D1,FG-R1-expanded-peak2__guard-q95-suppress,5,10,2021-05-22,96,1.0,True,112.0,104.14669900649236,-7.853300993507645,7.853300993507645,2021-05-22 06:15:00,2021-05-22 06:15:00,0.0,0.0
D1,FG-R1-expanded-peak2__guard-q95-suppress,5,10,2021-05-23,96,1.0,True,25.0,171.59056364971633,146.59056364971633,146.59056364971633,2021-05-23 03:00:00,2021-05-23 08:45:00,345.0,345.0
D1,FG-R1-expanded-peak2__guard-q95-suppress,5,11,2021-05-17,96,1.0,True,192.0,171.55653068132463,-20.44346931867537,20.44346931867537,2021-05-17 09:00:00,2021-05-17 11:45:00,165.0,165.0
D1,FG-R1-expanded-peak2__guard-q95-suppress,5,11,2021-05-18,96,1.0,True,182.0,170.9185701669451,-11.081429833054898,11.081429833054898,2021-05-18 13:15:00,2021-05-18 13:30:00,15.0,15.0
D1,FG-R1-expanded-peak2__guard-q95-suppress,5,11,2021-05-19,96,1.0,True,108.0,167.30570585682224,59.30570585682224,59.30570585682224,2021-05-19 06:15:00,2021-05-19 09:00:00,165.0,165.0
D1,FG-R1-expanded-peak2__guard-q95-suppress,5,11,2021-05-20,96,1.0,True,181.0,188.6053822769734,7.605382276973387,7.605382276973387,2021-05-20 13:15:00,2021-05-20 09:00:00,-255.0,255.0
D1,FG-R1-expanded-peak2__guard-q95-suppress,5,11,2021-05-21,96,1.0,True,160.0,166.92812511434855,6.928125114348546,6.928125114348546,2021-05-21 08:30:00,2021-05-21 10:45:00,135.0,135.0
D1,FG-R1-expanded-peak2__guard-q95-suppress,5,11,2021-05-22,96,1.0,True,112.0,102.96114081003311,-9.038859189966885,9.038859189966885,2021-05-22 06:15:00,2021-05-22 06:30:00,15.0,15.0
D1,FG-R1-expanded-peak2__guard-q95-suppress,5,11,2021-05-23,96,1.0,True,25.0,167.26872527081008,142.26872527081008,142.26872527081008,2021-05-23 03:00:00,2021-05-23 09:00:00,360.0,360.0
D1,FG-R1-expanded-peak2__guard-q95-suppress,5,12,2021-05-17,96,1.0,True,192.0,171.1042877608083,-20.89571223919171,20.89571223919171,2021-05-17 09:00:00,2021-05-17 08:30:00,-30.0,30.0
D1,FG-R1-expanded-peak2__guard-q95-suppress,5,12,2021-05-18,96,1.0,True,182.0,171.39198240409024,-10.608017595909757,10.608017595909757,2021-05-18 13:15:00,2021-05-18 13:15:00,0.0,0.0
D1,FG-R1-expanded-peak2__guard-q95-suppress,5,12,2021-05-19,96,1.0,True,108.0,165.87243254139256,57.872432541392556,57.872432541392556,2021-05-19 06:15:00,2021-05-19 09:00:00,165.0,165.0
D1,FG-R1-expanded-peak2__guard-q95-suppress,5,12,2021-05-20,96,1.0,True,181.0,188.5137074722859,7.513707472285887,7.513707472285887,2021-05-20 13:15:00,2021-05-20 09:00:00,-255.0,255.0
D1,FG-R1-expanded-peak2__guard-q95-suppress,5,12,2021-05-21,96,1.0,True,160.0,166.94260273826188,6.942602738261883,6.942602738261883,2021-05-21 08:30:00,2021-05-21 10:45:00,135.0,135.0
D1,FG-R1-expanded-peak2__guard-q95-suppress,5,12,2021-05-22,96,1.0,True,112.0,103.02004775440871,-8.979952245591292,8.979952245591292,2021-05-22 06:15:00,2021-05-22 04:45:00,-90.0,90.0
D1,FG-R1-expanded-peak2__guard-q95-suppress,5,12,2021-05-23,96,1.0,True,25.0,159.75958525616164,134.75958525616164,134.75958525616164,2021-05-23 03:00:00,2021-05-23 09:15:00,375.0,375.0
D1,FG-R1-expanded-peak2__guard-q95-suppress,5,13,2021-05-17,96,1.0,True,192.0,173.50422062213642,-18.495779377863585,18.495779377863585,2021-05-17 09:00:00,2021-05-17 08:30:00,-30.0,30.0
D1,FG-R1-expanded-peak2__guard-q95-suppress,5,13,2021-05-18,96,1.0,True,182.0,170.38954795014823,-11.610452049851773,11.610452049851773,2021-05-18 13:15:00,2021-05-18 13:15:00,0.0,0.0
D1,FG-R1-expanded-peak2__guard-q95-suppress,5,13,2021-05-19,96,1.0,True,108.0,163.69190744177513,55.69190744177513,55.69190744177513,2021-05-19 06:15:00,2021-05-19 08:30:00,135.0,135.0
D1,FG-R1-expanded-peak2__guard-q95-suppress,5,13,2021-05-20,96,1.0,True,181.0,188.9230397476765,7.923039747676512,7.923039747676512,2021-05-20 13:15:00,2021-05-20 09:00:00,-255.0,255.0
D1,FG-R1-expanded-peak2__guard-q95-suppress,5,13,2021-05-21,96,1.0,True,160.0,165.87658244583707,5.876582445837073,5.876582445837073,2021-05-21 08:30:00,2021-05-21 11:00:00,150.0,150.0
D1,FG-R1-expanded-peak2__guard-q95-suppress,5,13,2021-05-22,96,1.0,True,112.0,102.25724563038527,-9.74275436961473,9.74275436961473,2021-05-22 06:15:00,2021-05-22 04:45:00,-90.0,90.0
D1,FG-R1-expanded-peak2__guard-q95-suppress,5,13,2021-05-23,96,1.0,True,25.0,153.75395476299758,128.75395476299758,128.75395476299758,2021-05-23 03:00:00,2021-05-23 09:30:00,390.0,390.0
D1,FG-R1-expanded-peak2__guard-q95-suppress,5,14,2021-05-17,96,1.0,True,192.0,173.7002524725018,-18.299747527498198,18.299747527498198,2021-05-17 09:00:00,2021-05-17 08:45:00,-15.0,15.0
D1,FG-R1-expanded-peak2__guard-q95-suppress,5,14,2021-05-18,96,1.0,True,182.0,169.297194806434,-12.702805193566007,12.702805193566007,2021-05-18 13:15:00,2021-05-18 13:45:00,30.0,30.0
D1,FG-R1-expanded-peak2__guard-q95-suppress,5,14,2021-05-19,96,1.0,True,108.0,166.06332162634544,58.06332162634544,58.06332162634544,2021-05-19 06:15:00,2021-05-19 08:30:00,135.0,135.0
D1,FG-R1-expanded-peak2__guard-q95-suppress,5,14,2021-05-20,96,1.0,True,181.0,188.47041828771557,7.4704182877155745,7.4704182877155745,2021-05-20 13:15:00,2021-05-20 09:00:00,-255.0,255.0
D1,FG-R1-expanded-peak2__guard-q95-suppress,5,14,2021-05-21,96,1.0,True,160.0,165.16605244529313,5.166052445293133,5.166052445293133,2021-05-21 08:30:00,2021-05-21 10:45:00,135.0,135.0
D1,FG-R1-expanded-peak2__guard-q95-suppress,5,14,2021-05-22,96,1.0,True,112.0,102.7410742939193,-9.258925706080703,9.258925706080703,2021-05-22 06:15:00,2021-05-22 04:15:00,-120.0,120.0
D1,FG-R1-expanded-peak2__guard-q95-suppress,5,14,2021-05-23,96,1.0,True,25.0,149.22831714364358,124.22831714364358,124.22831714364358,2021-05-23 03:00:00,2021-05-23 09:45:00,405.0,405.0
D1,FG-R1-expanded-peak2__guard-q95-suppress,5,15,2021-05-17,96,1.0,True,192.0,170.8802855896452,-21.11971441035479,21.11971441035479,2021-05-17 09:00:00,2021-05-17 09:00:00,0.0,0.0
D1,FG-R1-expanded-peak2__guard-q95-suppress,5,15,2021-05-18,96,1.0,True,182.0,166.131179181434,-15.868820818566007,15.868820818566007,2021-05-18 13:15:00,2021-05-18 13:15:00,0.0,0.0
D1,FG-R1-expanded-peak2__guard-q95-suppress,5,15,2021-05-19,96,1.0,True,108.0,165.72450021521263,57.72450021521263,57.72450021521263,2021-05-19 06:15:00,2021-05-19 08:30:00,135.0,135.0
D1,FG-R1-expanded-peak2__guard-q95-suppress,5,15,2021-05-20,96,1.0,True,181.0,188.83313496252026,7.833134962520262,7.833134962520262,2021-05-20 13:15:00,2021-05-20 09:00:00,-255.0,255.0
D1,FG-R1-expanded-peak2__guard-q95-suppress,5,15,2021-05-21,96,1.0,True,160.0,164.83208524965306,4.832085249653062,4.832085249653062,2021-05-21 08:30:00,2021-05-21 09:00:00,30.0,30.0
D1,FG-R1-expanded-peak2__guard-q95-suppress,5,15,2021-05-22,96,1.0,True,112.0,102.30805646183674,-9.691943538163258,9.691943538163258,2021-05-22 06:15:00,2021-05-22 04:45:00,-90.0,90.0
D1,FG-R1-expanded-peak2__guard-q95-suppress,5,15,2021-05-23,96,1.0,True,25.0,144.27157581063577,119.27157581063577,119.27157581063577,2021-05-23 03:00:00,2021-05-23 10:00:00,420.0,420.0
D1,FG-R1-expanded-peak2__guard-q95-suppress,5,16,2021-05-17,96,1.0,True,192.0,171.45734247441084,-20.542657525589163,20.542657525589163,2021-05-17 09:00:00,2021-05-17 09:00:00,0.0,0.0
D1,FG-R1-expanded-peak2__guard-q95-suppress,5,16,2021-05-18,96,1.0,True,182.0,167.6087945378793,-14.391205462120695,14.391205462120695,2021-05-18 13:15:00,2021-05-18 13:30:00,15.0,15.0
D1,FG-R1-expanded-peak2__guard-q95-suppress,5,16,2021-05-19,96,1.0,True,108.0,165.25602487341575,57.256024873415754,57.256024873415754,2021-05-19 06:15:00,2021-05-19 08:30:00,135.0,135.0
D1,FG-R1-expanded-peak2__guard-q95-suppress,5,16,2021-05-20,96,1.0,True,181.0,191.38997395177807,10.389973951778074,10.389973951778074,2021-05-20 13:15:00,2021-05-20 09:00:00,-255.0,255.0
D1,FG-R1-expanded-peak2__guard-q95-suppress,5,16,2021-05-21,96,1.0,True,160.0,164.7672665881327,4.767266588132713,4.767266588132713,2021-05-21 08:30:00,2021-05-21 09:00:00,30.0,30.0
D1,FG-R1-expanded-peak2__guard-q95-suppress,5,16,2021-05-22,96,1.0,True,112.0,103.61979013198064,-8.380209868019364,8.380209868019364,2021-05-22 06:15:00,2021-05-22 06:15:00,0.0,0.0
D1,FG-R1-expanded-peak2__guard-q95-suppress,5,16,2021-05-23,96,1.0,True,25.0,115.98617795882156,90.98617795882156,90.98617795882156,2021-05-23 03:00:00,2021-05-23 10:15:00,435.0,435.0
D1,FG-R1-expanded-peak2__guard-q95-suppress,7,4,2021-05-31,96,1.0,True,172.0,168.80152324229283,-3.1984767577071693,3.1984767577071693,2021-05-31 10:30:00,2021-05-31 12:00:00,90.0,90.0
D1,FG-R1-expanded-peak2__guard-q95-suppress,7,4,2021-06-01,96,1.0,True,195.0,176.00048359897704,-18.99951640102296,18.99951640102296,2021-06-01 09:00:00,2021-06-01 12:00:00,180.0,180.0
D1,FG-R1-expanded-peak2__guard-q95-suppress,7,4,2021-06-02,96,1.0,True,191.0,173.42760676490735,-17.572393235092648,17.572393235092648,2021-06-02 10:45:00,2021-06-02 11:45:00,60.0,60.0
D1,FG-R1-expanded-peak2__guard-q95-suppress,7,4,2021-06-03,96,1.0,True,181.0,176.57022866031593,-4.429771339684066,4.429771339684066,2021-06-03 08:30:00,2021-06-03 08:30:00,0.0,0.0
D1,FG-R1-expanded-peak2__guard-q95-suppress,7,4,2021-06-04,96,1.0,True,173.0,172.2032568096722,-0.7967431903277884,0.7967431903277884,2021-06-04 10:45:00,2021-06-04 08:30:00,-135.0,135.0
D1,FG-R1-expanded-peak2__guard-q95-suppress,7,4,2021-06-05,96,1.0,True,116.0,110.70602721682977,-5.293972783170233,5.293972783170233,2021-06-05 01:45:00,2021-06-05 06:15:00,270.0,270.0
D1,FG-R1-expanded-peak2__guard-q95-suppress,7,4,2021-06-06,96,1.0,True,27.0,22.790391978445886,-4.209608021554114,4.209608021554114,2021-06-06 01:30:00,2021-06-06 04:15:00,165.0,165.0
D1,FG-R1-expanded-peak2__guard-q95-suppress,7,5,2021-05-31,96,1.0,True,172.0,170.2060950939996,-1.7939049060003924,1.7939049060003924,2021-05-31 10:30:00,2021-05-31 11:45:00,75.0,75.0
D1,FG-R1-expanded-peak2__guard-q95-suppress,7,5,2021-06-01,96,1.0,True,195.0,173.31580513400422,-21.684194865995778,21.684194865995778,2021-06-01 09:00:00,2021-06-01 11:45:00,165.0,165.0
D1,FG-R1-expanded-peak2__guard-q95-suppress,7,5,2021-06-02,96,1.0,True,191.0,171.48175209724377,-19.51824790275623,19.51824790275623,2021-06-02 10:45:00,2021-06-02 09:00:00,-105.0,105.0
D1,FG-R1-expanded-peak2__guard-q95-suppress,7,5,2021-06-03,96,1.0,True,181.0,176.5745926739878,-4.425407326012191,4.425407326012191,2021-06-03 08:30:00,2021-06-03 08:30:00,0.0,0.0
D1,FG-R1-expanded-peak2__guard-q95-suppress,7,5,2021-06-04,96,1.0,True,173.0,171.70023556943784,-1.2997644305621634,1.2997644305621634,2021-06-04 10:45:00,2021-06-04 08:30:00,-135.0,135.0
D1,FG-R1-expanded-peak2__guard-q95-suppress,7,5,2021-06-05,96,1.0,True,116.0,109.4451704734975,-6.554829526502502,6.554829526502502,2021-06-05 01:45:00,2021-06-05 06:15:00,270.0,270.0
D1,FG-R1-expanded-peak2__guard-q95-suppress,7,5,2021-06-06,96,1.0,True,27.0,22.862191107491466,-4.137808892508534,4.137808892508534,2021-06-06 01:30:00,2021-06-06 04:30:00,180.0,180.0
D1,FG-R1-expanded-peak2__guard-q95-suppress,7,6,2021-05-31,96,1.0,True,172.0,168.81673625498814,-3.183263745011857,3.183263745011857,2021-05-31 10:30:00,2021-05-31 12:00:00,90.0,90.0
D1,FG-R1-expanded-peak2__guard-q95-suppress,7,6,2021-06-01,96,1.0,True,195.0,173.29882614227833,-21.70117385772167,21.70117385772167,2021-06-01 09:00:00,2021-06-01 13:15:00,255.0,255.0
D1,FG-R1-expanded-peak2__guard-q95-suppress,7,6,2021-06-02,96,1.0,True,191.0,171.69887751686048,-19.301122483139523,19.301122483139523,2021-06-02 10:45:00,2021-06-02 11:00:00,15.0,15.0
D1,FG-R1-expanded-peak2__guard-q95-suppress,7,6,2021-06-03,96,1.0,True,181.0,177.05208596012062,-3.947914039879379,3.947914039879379,2021-06-03 08:30:00,2021-06-03 08:30:00,0.0,0.0
D1,FG-R1-expanded-peak2__guard-q95-suppress,7,6,2021-06-04,96,1.0,True,173.0,169.6881658672894,-3.311834132710601,3.311834132710601,2021-06-04 10:45:00,2021-06-04 08:30:00,-135.0,135.0
D1,FG-R1-expanded-peak2__guard-q95-suppress,7,6,2021-06-05,96,1.0,True,116.0,109.61162096305478,-6.388379036945224,6.388379036945224,2021-06-05 01:45:00,2021-06-05 06:15:00,270.0,270.0
D1,FG-R1-expanded-peak2__guard-q95-suppress,7,6,2021-06-06,96,1.0,True,27.0,22.86850827134136,-4.1314917286586414,4.1314917286586414,2021-06-06 01:30:00,2021-06-06 04:00:00,150.0,150.0
D1,FG-R1-expanded-peak2__guard-q95-suppress,7,7,2021-05-31,96,1.0,True,172.0,169.66781616210938,-2.332183837890625,2.332183837890625,2021-05-31 10:30:00,2021-05-31 09:00:00,-90.0,90.0
D1,FG-R1-expanded-peak2__guard-q95-suppress,7,7,2021-06-01,96,1.0,True,195.0,174.14724533173145,-20.852754668268545,20.852754668268545,2021-06-01 09:00:00,2021-06-01 13:15:00,255.0,255.0
D1,FG-R1-expanded-peak2__guard-q95-suppress,7,7,2021-06-02,96,1.0,True,191.0,171.05477351295423,-19.945226487045773,19.945226487045773,2021-06-02 10:45:00,2021-06-02 11:00:00,15.0,15.0
D1,FG-R1-expanded-peak2__guard-q95-suppress,7,7,2021-06-03,96,1.0,True,181.0,176.27155312320656,-4.728446876793441,4.728446876793441,2021-06-03 08:30:00,2021-06-03 11:00:00,150.0,150.0
D1,FG-R1-expanded-peak2__guard-q95-suppress,7,7,2021-06-04,96,1.0,True,173.0,168.2085973858441,-4.791402614155913,4.791402614155913,2021-06-04 10:45:00,2021-06-04 08:30:00,-135.0,135.0
D1,FG-R1-expanded-peak2__guard-q95-suppress,7,7,2021-06-05,96,1.0,True,116.0,108.41999346061337,-7.5800065393866305,7.5800065393866305,2021-06-05 01:45:00,2021-06-05 06:15:00,270.0,270.0
D1,FG-R1-expanded-peak2__guard-q95-suppress,7,7,2021-06-06,96,1.0,True,27.0,23.1174219972092,-3.882578002790801,3.882578002790801,2021-06-06 01:30:00,2021-06-06 04:00:00,150.0,150.0
D1,FG-R1-expanded-peak2__guard-q95-suppress,7,8,2021-05-31,96,1.0,True,172.0,170.2039794921875,-1.7960205078125,1.7960205078125,2021-05-31 10:30:00,2021-05-31 09:00:00,-90.0,90.0
D1,FG-R1-expanded-peak2__guard-q95-suppress,7,8,2021-06-01,96,1.0,True,195.0,175.96417236328125,-19.03582763671875,19.03582763671875,2021-06-01 09:00:00,2021-06-01 13:30:00,270.0,270.0
D1,FG-R1-expanded-peak2__guard-q95-suppress,7,8,2021-06-02,96,1.0,True,191.0,172.36341303932141,-18.636586960678585,18.636586960678585,2021-06-02 10:45:00,2021-06-02 11:30:00,45.0,45.0
D1,FG-R1-expanded-peak2__guard-q95-suppress,7,8,2021-06-03,96,1.0,True,181.0,177.65923525857224,-3.340764741427762,3.340764741427762,2021-06-03 08:30:00,2021-06-03 10:45:00,135.0,135.0
D1,FG-R1-expanded-peak2__guard-q95-suppress,7,8,2021-06-04,96,1.0,True,173.0,171.5883886456097,-1.4116113543902884,1.4116113543902884,2021-06-04 10:45:00,2021-06-04 08:30:00,-135.0,135.0
D1,FG-R1-expanded-peak2__guard-q95-suppress,7,8,2021-06-05,96,1.0,True,116.0,108.5787916783868,-7.421208321613193,7.421208321613193,2021-06-05 01:45:00,2021-06-05 06:15:00,270.0,270.0
D1,FG-R1-expanded-peak2__guard-q95-suppress,7,8,2021-06-06,96,1.0,True,27.0,23.28219784559787,-3.717802154402129,3.717802154402129,2021-06-06 01:30:00,2021-06-06 04:15:00,165.0,165.0
D1,FG-R1-expanded-peak2__guard-q95-suppress,7,9,2021-05-31,96,1.0,True,172.0,171.60552978515625,-0.39447021484375,0.39447021484375,2021-05-31 10:30:00,2021-05-31 09:00:00,-90.0,90.0
D1,FG-R1-expanded-peak2__guard-q95-suppress,7,9,2021-06-01,96,1.0,True,195.0,175.3546600341797,-19.645339965820312,19.645339965820312,2021-06-01 09:00:00,2021-06-01 13:30:00,270.0,270.0
D1,FG-R1-expanded-peak2__guard-q95-suppress,7,9,2021-06-02,96,1.0,True,191.0,173.25499934303235,-17.745000656967648,17.745000656967648,2021-06-02 10:45:00,2021-06-02 13:30:00,165.0,165.0
D1,FG-R1-expanded-peak2__guard-q95-suppress,7,9,2021-06-03,96,1.0,True,181.0,178.96414955875343,-2.0358504412465663,2.0358504412465663,2021-06-03 08:30:00,2021-06-03 11:00:00,150.0,150.0
D1,FG-R1-expanded-peak2__guard-q95-suppress,7,9,2021-06-04,96,1.0,True,173.0,172.28542538877377,-0.7145746112262259,0.7145746112262259,2021-06-04 10:45:00,2021-06-04 08:30:00,-135.0,135.0
D1,FG-R1-expanded-peak2__guard-q95-suppress,7,9,2021-06-05,96,1.0,True,116.0,107.76557463142026,-8.234425368579736,8.234425368579736,2021-06-05 01:45:00,2021-06-05 06:15:00,270.0,270.0
D1,FG-R1-expanded-peak2__guard-q95-suppress,7,9,2021-06-06,96,1.0,True,27.0,23.231691253800996,-3.768308746199004,3.768308746199004,2021-06-06 01:30:00,2021-06-06 04:30:00,180.0,180.0
D1,FG-R1-expanded-peak2__guard-q95-suppress,7,10,2021-05-31,96,1.0,True,172.0,173.29928588867188,1.299285888671875,1.299285888671875,2021-05-31 10:30:00,2021-05-31 09:00:00,-90.0,90.0
D1,FG-R1-expanded-peak2__guard-q95-suppress,7,10,2021-06-01,96,1.0,True,195.0,175.4384765625,-19.5615234375,19.5615234375,2021-06-01 09:00:00,2021-06-01 13:45:00,285.0,285.0
D1,FG-R1-expanded-peak2__guard-q95-suppress,7,10,2021-06-02,96,1.0,True,191.0,174.74804133521985,-16.251958664780148,16.251958664780148,2021-06-02 10:45:00,2021-06-02 13:30:00,165.0,165.0
D1,FG-R1-expanded-peak2__guard-q95-suppress,7,10,2021-06-03,96,1.0,True,181.0,179.32889565250343,-1.6711043474965663,1.6711043474965663,2021-06-03 08:30:00,2021-06-03 11:00:00,150.0,150.0
D1,FG-R1-expanded-peak2__guard-q95-suppress,7,10,2021-06-04,96,1.0,True,173.0,172.4812109112347,-0.5187890887652884,0.5187890887652884,2021-06-04 10:45:00,2021-06-04 08:30:00,-135.0,135.0
D1,FG-R1-expanded-peak2__guard-q95-suppress,7,10,2021-06-05,96,1.0,True,116.0,108.91254579702688,-7.08745420297312,7.08745420297312,2021-06-05 01:45:00,2021-06-05 06:15:00,270.0,270.0
D1,FG-R1-expanded-peak2__guard-q95-suppress,7,10,2021-06-06,96,1.0,True,27.0,23.49539364637912,-3.504606353620879,3.504606353620879,2021-06-06 01:30:00,2021-06-06 04:00:00,150.0,150.0
D1,FG-R1-expanded-peak2__guard-q95-suppress,7,11,2021-05-31,96,1.0,True,172.0,174.924072265625,2.924072265625,2.924072265625,2021-05-31 10:30:00,2021-05-31 09:00:00,-90.0,90.0
D1,FG-R1-expanded-peak2__guard-q95-suppress,7,11,2021-06-01,96,1.0,True,195.0,174.6023712158203,-20.397628784179688,20.397628784179688,2021-06-01 09:00:00,2021-06-01 13:45:00,285.0,285.0
D1,FG-R1-expanded-peak2__guard-q95-suppress,7,11,2021-06-02,96,1.0,True,191.0,173.26796931373548,-17.732030686264523,17.732030686264523,2021-06-02 10:45:00,2021-06-02 13:45:00,180.0,180.0
D1,FG-R1-expanded-peak2__guard-q95-suppress,7,11,2021-06-03,96,1.0,True,181.0,177.47415932437843,-3.5258406756215663,3.5258406756215663,2021-06-03 08:30:00,2021-06-03 11:00:00,150.0,150.0
D1,FG-R1-expanded-peak2__guard-q95-suppress,7,11,2021-06-04,96,1.0,True,173.0,170.99811764951596,-2.0018823504840384,2.0018823504840384,2021-06-04 10:45:00,2021-06-04 08:30:00,-135.0,135.0
D1,FG-R1-expanded-peak2__guard-q95-suppress,7,11,2021-06-05,96,1.0,True,116.0,107.22259825202573,-8.777401747974267,8.777401747974267,2021-06-05 01:45:00,2021-06-05 06:15:00,270.0,270.0
D1,FG-R1-expanded-peak2__guard-q95-suppress,7,11,2021-06-06,96,1.0,True,27.0,23.826036346574433,-3.1739636534255666,3.1739636534255666,2021-06-06 01:30:00,2021-06-06 04:15:00,165.0,165.0
D1,FG-R1-expanded-peak2__guard-q95-suppress,7,12,2021-05-31,96,1.0,True,172.0,172.21807861328125,0.21807861328125,0.21807861328125,2021-05-31 10:30:00,2021-05-31 09:00:00,-90.0,90.0
D1,FG-R1-expanded-peak2__guard-q95-suppress,7,12,2021-06-01,96,1.0,True,195.0,172.16839599609375,-22.83160400390625,22.83160400390625,2021-06-01 09:00:00,2021-06-01 13:30:00,270.0,270.0
D1,FG-R1-expanded-peak2__guard-q95-suppress,7,12,2021-06-02,96,1.0,True,191.0,172.37868708717298,-18.621312912827023,18.621312912827023,2021-06-02 10:45:00,2021-06-02 13:45:00,180.0,180.0
D1,FG-R1-expanded-peak2__guard-q95-suppress,7,12,2021-06-03,96,1.0,True,181.0,177.8543778302378,-3.1456221697621913,3.1456221697621913,2021-06-03 08:30:00,2021-06-03 11:00:00,150.0,150.0
D1,FG-R1-expanded-peak2__guard-q95-suppress,7,12,2021-06-04,96,1.0,True,173.0,171.3607275127972,-1.6392724872027884,1.6392724872027884,2021-06-04 10:45:00,2021-06-04 08:30:00,-135.0,135.0
D1,FG-R1-expanded-peak2__guard-q95-suppress,7,12,2021-06-05,96,1.0,True,116.0,107.61168974372495,-8.388310256275048,8.388310256275048,2021-06-05 01:45:00,2021-06-05 06:15:00,270.0,270.0
D1,FG-R1-expanded-peak2__guard-q95-suppress,7,12,2021-06-06,96,1.0,True,27.0,23.960005687008795,-3.0399943129912046,3.0399943129912046,2021-06-06 01:30:00,2021-06-06 04:30:00,180.0,180.0
D1,FG-R1-expanded-peak2__guard-q95-suppress,7,13,2021-05-31,96,1.0,True,172.0,173.47882080078125,1.47882080078125,1.47882080078125,2021-05-31 10:30:00,2021-05-31 09:00:00,-90.0,90.0
D1,FG-R1-expanded-peak2__guard-q95-suppress,7,13,2021-06-01,96,1.0,True,195.0,171.55223083496094,-23.447769165039062,23.447769165039062,2021-06-01 09:00:00,2021-06-01 13:45:00,285.0,285.0
D1,FG-R1-expanded-peak2__guard-q95-suppress,7,13,2021-06-02,96,1.0,True,191.0,171.09684199439954,-19.90315800560046,19.90315800560046,2021-06-02 10:45:00,2021-06-02 13:30:00,165.0,165.0
D1,FG-R1-expanded-peak2__guard-q95-suppress,7,13,2021-06-03,96,1.0,True,181.0,177.13053139469093,-3.8694686053090663,3.8694686053090663,2021-06-03 08:30:00,2021-06-03 11:00:00,150.0,150.0
D1,FG-R1-expanded-peak2__guard-q95-suppress,7,13,2021-06-04,96,1.0,True,173.0,170.6455175518597,-2.3544824481402884,2.3544824481402884,2021-06-04 10:45:00,2021-06-04 11:00:00,15.0,15.0
D1,FG-R1-expanded-peak2__guard-q95-suppress,7,13,2021-06-05,96,1.0,True,116.0,108.20257098619281,-7.797429013807189,7.797429013807189,2021-06-05 01:45:00,2021-06-05 06:15:00,270.0,270.0
D1,FG-R1-expanded-peak2__guard-q95-suppress,7,13,2021-06-06,96,1.0,True,27.0,24.040386236881044,-2.9596137631189556,2.9596137631189556,2021-06-06 01:30:00,2021-06-06 11:00:00,570.0,570.0
D1,FG-R1-expanded-peak2__guard-q95-suppress,7,14,2021-05-31,96,1.0,True,172.0,174.32456970214844,2.3245697021484375,2.3245697021484375,2021-05-31 10:30:00,2021-05-31 09:00:00,-90.0,90.0
D1,FG-R1-expanded-peak2__guard-q95-suppress,7,14,2021-06-01,96,1.0,True,195.0,170.3677978515625,-24.6322021484375,24.6322021484375,2021-06-01 09:00:00,2021-06-01 13:30:00,270.0,270.0
D1,FG-R1-expanded-peak2__guard-q95-suppress,7,14,2021-06-02,96,1.0,True,191.0,170.8602849875636,-20.139715012436398,20.139715012436398,2021-06-02 10:45:00,2021-06-02 13:30:00,165.0,165.0
D1,FG-R1-expanded-peak2__guard-q95-suppress,7,14,2021-06-03,96,1.0,True,181.0,178.85398681206456,-2.146013187935438,2.146013187935438,2021-06-03 08:30:00,2021-06-03 10:45:00,135.0,135.0
D1,FG-R1-expanded-peak2__guard-q95-suppress,7,14,2021-06-04,96,1.0,True,173.0,171.6319677471722,-1.3680322528277884,1.3680322528277884,2021-06-04 10:45:00,2021-06-04 08:30:00,-135.0,135.0
D1,FG-R1-expanded-peak2__guard-q95-suppress,7,14,2021-06-05,96,1.0,True,116.0,108.09130388541806,-7.908696114581943,7.908696114581943,2021-06-05 01:45:00,2021-06-05 06:15:00,270.0,270.0
D1,FG-R1-expanded-peak2__guard-q95-suppress,7,14,2021-06-06,96,1.0,True,27.0,24.070942667572393,-2.9290573324276075,2.9290573324276075,2021-06-06 01:30:00,2021-06-06 11:15:00,585.0,585.0
D1,FG-R1-expanded-peak2__guard-q95-suppress,7,15,2021-05-31,96,1.0,True,172.0,173.47335815429688,1.473358154296875,1.473358154296875,2021-05-31 10:30:00,2021-05-31 09:00:00,-90.0,90.0
D1,FG-R1-expanded-peak2__guard-q95-suppress,7,15,2021-06-01,96,1.0,True,195.0,168.94780120721117,-26.05219879278883,26.05219879278883,2021-06-01 09:00:00,2021-06-01 15:00:00,360.0,360.0
D1,FG-R1-expanded-peak2__guard-q95-suppress,7,15,2021-06-02,96,1.0,True,191.0,169.54262751686048,-21.457372483139523,21.457372483139523,2021-06-02 10:45:00,2021-06-02 13:30:00,165.0,165.0
D1,FG-R1-expanded-peak2__guard-q95-suppress,7,15,2021-06-03,96,1.0,True,181.0,178.11563881656593,-2.8843611834340663,2.8843611834340663,2021-06-03 08:30:00,2021-06-03 11:00:00,150.0,150.0
D1,FG-R1-expanded-peak2__guard-q95-suppress,7,15,2021-06-04,96,1.0,True,173.0,172.89388486143002,-0.1061151385699759,0.1061151385699759,2021-06-04 10:45:00,2021-06-04 08:30:00,-135.0,135.0
D1,FG-R1-expanded-peak2__guard-q95-suppress,7,15,2021-06-05,96,1.0,True,116.0,107.83095705190969,-8.169042948090308,8.169042948090308,2021-06-05 01:45:00,2021-06-05 06:15:00,270.0,270.0
D1,FG-R1-expanded-peak2__guard-q95-suppress,7,15,2021-06-06,96,1.0,True,27.0,23.716271971070007,-3.2837280289299926,3.2837280289299926,2021-06-06 01:30:00,2021-06-06 11:30:00,600.0,600.0
D1,FG-R1-expanded-peak2__guard-q95-suppress,7,16,2021-05-31,96,1.0,True,172.0,171.90733337402344,-0.0926666259765625,0.0926666259765625,2021-05-31 10:30:00,2021-05-31 09:00:00,-90.0,90.0
D1,FG-R1-expanded-peak2__guard-q95-suppress,7,16,2021-06-01,96,1.0,True,195.0,168.96902465820312,-26.030975341796875,26.030975341796875,2021-06-01 09:00:00,2021-06-01 13:30:00,270.0,270.0
D1,FG-R1-expanded-peak2__guard-q95-suppress,7,16,2021-06-02,96,1.0,True,191.0,170.16547602760266,-20.834523972397335,20.834523972397335,2021-06-02 10:45:00,2021-06-02 13:30:00,165.0,165.0
D1,FG-R1-expanded-peak2__guard-q95-suppress,7,16,2021-06-03,96,1.0,True,181.0,179.3225174786753,-1.6774825213246913,1.6774825213246913,2021-06-03 08:30:00,2021-06-03 11:00:00,150.0,150.0
D1,FG-R1-expanded-peak2__guard-q95-suppress,7,16,2021-06-04,96,1.0,True,173.0,172.70011349912534,-0.2998865008746634,0.2998865008746634,2021-06-04 10:45:00,2021-06-04 08:30:00,-135.0,135.0
D1,FG-R1-expanded-peak2__guard-q95-suppress,7,16,2021-06-05,96,1.0,True,116.0,108.69285044237063,-7.307149557629373,7.307149557629373,2021-06-05 01:45:00,2021-06-05 06:15:00,270.0,270.0
D1,FG-R1-expanded-peak2__guard-q95-suppress,7,16,2021-06-06,96,1.0,True,27.0,24.360237692714538,-2.639762307285462,2.639762307285462,2021-06-06 01:30:00,2021-06-06 07:45:00,375.0,375.0
D1,FG-R1-expanded-peak2__guard-q95-suppress,9,4,2021-06-14,96,1.0,True,204.0,182.19444247781,-21.805557522190014,21.805557522190014,2021-06-14 09:00:00,2021-06-14 15:00:00,360.0,360.0
D1,FG-R1-expanded-peak2__guard-q95-suppress,9,4,2021-06-15,96,1.0,True,198.0,186.2039284809781,-11.796071519021893,11.796071519021893,2021-06-15 08:45:00,2021-06-15 09:45:00,60.0,60.0
D1,FG-R1-expanded-peak2__guard-q95-suppress,9,4,2021-06-16,96,1.0,True,193.0,182.58415595099459,-10.415844049005415,10.415844049005415,2021-06-16 10:45:00,2021-06-16 09:00:00,-105.0,105.0
D1,FG-R1-expanded-peak2__guard-q95-suppress,9,4,2021-06-17,96,1.0,True,197.0,187.45387268066406,-9.546127319335938,9.546127319335938,2021-06-17 08:45:00,2021-06-17 10:00:00,75.0,75.0
D1,FG-R1-expanded-peak2__guard-q95-suppress,9,4,2021-06-18,96,1.0,True,186.0,183.67373657226562,-2.326263427734375,2.326263427734375,2021-06-18 10:00:00,2021-06-18 08:30:00,-90.0,90.0
D1,FG-R1-expanded-peak2__guard-q95-suppress,9,4,2021-06-19,96,1.0,True,119.0,116.44869386588024,-2.5513061341197556,2.5513061341197556,2021-06-19 02:15:00,2021-06-19 03:30:00,75.0,75.0
D1,FG-R1-expanded-peak2__guard-q95-suppress,9,4,2021-06-20,96,1.0,True,28.0,23.81500798652259,-4.184992013477409,4.184992013477409,2021-06-20 15:15:00,2021-06-20 16:15:00,60.0,60.0
D1,FG-R1-expanded-peak2__guard-q95-suppress,9,5,2021-06-14,96,1.0,True,204.0,180.87186974619743,-23.128130253802567,23.128130253802567,2021-06-14 09:00:00,2021-06-14 15:00:00,360.0,360.0
D1,FG-R1-expanded-peak2__guard-q95-suppress,9,5,2021-06-15,96,1.0,True,198.0,187.07032775878906,-10.929672241210938,10.929672241210938,2021-06-15 08:45:00,2021-06-15 10:45:00,120.0,120.0
D1,FG-R1-expanded-peak2__guard-q95-suppress,9,5,2021-06-16,96,1.0,True,193.0,180.3775517846963,-12.622448215303706,12.622448215303706,2021-06-16 10:45:00,2021-06-16 09:45:00,-60.0,60.0
D1,FG-R1-expanded-peak2__guard-q95-suppress,9,5,2021-06-17,96,1.0,True,197.0,184.76605224609375,-12.23394775390625,12.23394775390625,2021-06-17 08:45:00,2021-06-17 10:00:00,75.0,75.0
D1,FG-R1-expanded-peak2__guard-q95-suppress,9,5,2021-06-18,96,1.0,True,186.0,182.66796875,-3.33203125,3.33203125,2021-06-18 10:00:00,2021-06-18 08:45:00,-75.0,75.0
D1,FG-R1-expanded-peak2__guard-q95-suppress,9,5,2021-06-19,96,1.0,True,119.0,116.26126253043103,-2.7387374695689743,2.7387374695689743,2021-06-19 02:15:00,2021-06-19 03:45:00,90.0,90.0
D1,FG-R1-expanded-peak2__guard-q95-suppress,9,5,2021-06-20,96,1.0,True,28.0,24.012363950891217,-3.987636049108783,3.987636049108783,2021-06-20 15:15:00,2021-06-20 23:15:00,480.0,480.0
D1,FG-R1-expanded-peak2__guard-q95-suppress,9,6,2021-06-14,96,1.0,True,204.0,177.9618388867342,-26.0381611132658,26.0381611132658,2021-06-14 09:00:00,2021-06-14 15:45:00,405.0,405.0
D1,FG-R1-expanded-peak2__guard-q95-suppress,9,6,2021-06-15,96,1.0,True,198.0,186.19094848632812,-11.809051513671875,11.809051513671875,2021-06-15 08:45:00,2021-06-15 11:00:00,135.0,135.0
D1,FG-R1-expanded-peak2__guard-q95-suppress,9,6,2021-06-16,96,1.0,True,193.0,179.78612122433677,-13.213878775663233,13.213878775663233,2021-06-16 10:45:00,2021-06-16 08:30:00,-135.0,135.0
D1,FG-R1-expanded-peak2__guard-q95-suppress,9,6,2021-06-17,96,1.0,True,197.0,186.9392547607422,-10.060745239257812,10.060745239257812,2021-06-17 08:45:00,2021-06-17 10:45:00,120.0,120.0
D1,FG-R1-expanded-peak2__guard-q95-suppress,9,6,2021-06-18,96,1.0,True,186.0,182.6621551513672,-3.3378448486328125,3.3378448486328125,2021-06-18 10:00:00,2021-06-18 08:30:00,-90.0,90.0
D1,FG-R1-expanded-peak2__guard-q95-suppress,9,6,2021-06-19,96,1.0,True,119.0,116.08320772086071,-2.916792279139287,2.916792279139287,2021-06-19 02:15:00,2021-06-19 03:45:00,90.0,90.0
D1,FG-R1-expanded-peak2__guard-q95-suppress,9,6,2021-06-20,96,1.0,True,28.0,23.746290029979622,-4.2537099700203775,4.2537099700203775,2021-06-20 15:15:00,2021-06-20 23:15:00,480.0,480.0
D1,FG-R1-expanded-peak2__guard-q95-suppress,9,7,2021-06-14,96,1.0,True,204.0,176.7828075146639,-27.217192485336113,27.217192485336113,2021-06-14 09:00:00,2021-06-14 16:00:00,420.0,420.0
D1,FG-R1-expanded-peak2__guard-q95-suppress,9,7,2021-06-15,96,1.0,True,198.0,187.41143798828125,-10.58856201171875,10.58856201171875,2021-06-15 08:45:00,2021-06-15 10:30:00,105.0,105.0
D1,FG-R1-expanded-peak2__guard-q95-suppress,9,7,2021-06-16,96,1.0,True,193.0,180.7807806481649,-12.219219351835108,12.219219351835108,2021-06-16 10:45:00,2021-06-16 08:30:00,-135.0,135.0
D1,FG-R1-expanded-peak2__guard-q95-suppress,9,7,2021-06-17,96,1.0,True,197.0,184.45745849609375,-12.54254150390625,12.54254150390625,2021-06-17 08:45:00,2021-06-17 10:45:00,120.0,120.0
D1,FG-R1-expanded-peak2__guard-q95-suppress,9,7,2021-06-18,96,1.0,True,186.0,183.20669555664062,-2.793304443359375,2.793304443359375,2021-06-18 10:00:00,2021-06-18 08:30:00,-90.0,90.0
D1,FG-R1-expanded-peak2__guard-q95-suppress,9,7,2021-06-19,96,1.0,True,119.0,115.01180279837538,-3.988197201624615,3.988197201624615,2021-06-19 02:15:00,2021-06-19 03:45:00,90.0,90.0
D1,FG-R1-expanded-peak2__guard-q95-suppress,9,7,2021-06-20,96,1.0,True,28.0,23.583565703064103,-4.416434296935897,4.416434296935897,2021-06-20 15:15:00,2021-06-20 07:00:00,-495.0,495.0
D1,FG-R1-expanded-peak2__guard-q95-suppress,9,8,2021-06-14,96,1.0,True,204.0,178.29173727400098,-25.70826272599902,25.70826272599902,2021-06-14 09:00:00,2021-06-14 11:00:00,120.0,120.0
D1,FG-R1-expanded-peak2__guard-q95-suppress,9,8,2021-06-15,96,1.0,True,198.0,190.32106018066406,-7.6789398193359375,7.6789398193359375,2021-06-15 08:45:00,2021-06-15 10:45:00,120.0,120.0
D1,FG-R1-expanded-peak2__guard-q95-suppress,9,8,2021-06-16,96,1.0,True,193.0,182.98068610236177,-10.019313897638227,10.019313897638227,2021-06-16 10:45:00,2021-06-16 08:30:00,-135.0,135.0
D1,FG-R1-expanded-peak2__guard-q95-suppress,9,8,2021-06-17,96,1.0,True,197.0,185.4278106689453,-11.572189331054688,11.572189331054688,2021-06-17 08:45:00,2021-06-17 10:45:00,120.0,120.0
D1,FG-R1-expanded-peak2__guard-q95-suppress,9,8,2021-06-18,96,1.0,True,186.0,184.657470703125,-1.342529296875,1.342529296875,2021-06-18 10:00:00,2021-06-18 08:30:00,-90.0,90.0
D1,FG-R1-expanded-peak2__guard-q95-suppress,9,8,2021-06-19,96,1.0,True,119.0,113.91928876028945,-5.080711239710553,5.080711239710553,2021-06-19 02:15:00,2021-06-19 03:45:00,90.0,90.0
D1,FG-R1-expanded-peak2__guard-q95-suppress,9,8,2021-06-20,96,1.0,True,28.0,23.57681977160948,-4.423180228390521,4.423180228390521,2021-06-20 15:15:00,2021-06-20 07:15:00,-480.0,480.0
D1,FG-R1-expanded-peak2__guard-q95-suppress,9,9,2021-06-14,96,1.0,True,204.0,177.09062878102515,-26.909371218974854,26.909371218974854,2021-06-14 09:00:00,2021-06-14 11:15:00,135.0,135.0
D1,FG-R1-expanded-peak2__guard-q95-suppress,9,9,2021-06-15,96,1.0,True,198.0,189.56283569335938,-8.437164306640625,8.437164306640625,2021-06-15 08:45:00,2021-06-15 11:00:00,135.0,135.0
D1,FG-R1-expanded-peak2__guard-q95-suppress,9,9,2021-06-16,96,1.0,True,193.0,181.71767035529146,-11.28232964470854,11.28232964470854,2021-06-16 10:45:00,2021-06-16 10:45:00,0.0,0.0
D1,FG-R1-expanded-peak2__guard-q95-suppress,9,9,2021-06-17,96,1.0,True,197.0,184.28390502929688,-12.716094970703125,12.716094970703125,2021-06-17 08:45:00,2021-06-17 10:45:00,120.0,120.0
D1,FG-R1-expanded-peak2__guard-q95-suppress,9,9,2021-06-18,96,1.0,True,186.0,184.48223876953125,-1.51776123046875,1.51776123046875,2021-06-18 10:00:00,2021-06-18 08:30:00,-90.0,90.0
D1,FG-R1-expanded-peak2__guard-q95-suppress,9,9,2021-06-19,96,1.0,True,119.0,114.06945050345351,-4.93054949654649,4.93054949654649,2021-06-19 02:15:00,2021-06-19 04:45:00,150.0,150.0
D1,FG-R1-expanded-peak2__guard-q95-suppress,9,9,2021-06-20,96,1.0,True,28.0,23.664696684509416,-4.3353033154905845,4.3353033154905845,2021-06-20 15:15:00,2021-06-20 07:30:00,-465.0,465.0
D1,FG-R1-expanded-peak2__guard-q95-suppress,9,10,2021-06-14,96,1.0,True,204.0,176.22281332380567,-27.777186676194333,27.777186676194333,2021-06-14 09:00:00,2021-06-14 12:00:00,180.0,180.0
D1,FG-R1-expanded-peak2__guard-q95-suppress,9,10,2021-06-15,96,1.0,True,198.0,188.99333563849459,-9.006664361505415,9.006664361505415,2021-06-15 08:45:00,2021-06-15 11:15:00,150.0,150.0
D1,FG-R1-expanded-peak2__guard-q95-suppress,9,10,2021-06-16,96,1.0,True,193.0,181.83958807990084,-11.160411920099165,11.160411920099165,2021-06-16 10:45:00,2021-06-16 10:45:00,0.0,0.0
D1,FG-R1-expanded-peak2__guard-q95-suppress,9,10,2021-06-17,96,1.0,True,197.0,184.76809692382812,-12.231903076171875,12.231903076171875,2021-06-17 08:45:00,2021-06-17 10:45:00,120.0,120.0
D1,FG-R1-expanded-peak2__guard-q95-suppress,9,10,2021-06-18,96,1.0,True,186.0,184.21359252929688,-1.786407470703125,1.786407470703125,2021-06-18 10:00:00,2021-06-18 08:30:00,-90.0,90.0
D1,FG-R1-expanded-peak2__guard-q95-suppress,9,10,2021-06-19,96,1.0,True,119.0,113.7485734282582,-5.251426571741803,5.251426571741803,2021-06-19 02:15:00,2021-06-19 04:45:00,150.0,150.0
D1,FG-R1-expanded-peak2__guard-q95-suppress,9,10,2021-06-20,96,1.0,True,28.0,23.72433190231037,-4.275668097689628,4.275668097689628,2021-06-20 15:15:00,2021-06-20 19:45:00,270.0,270.0
D1,FG-R1-expanded-peak2__guard-q95-suppress,9,11,2021-06-14,96,1.0,True,204.0,177.51839185010152,-26.481608149898477,26.481608149898477,2021-06-14 09:00:00,2021-06-14 09:00:00,0.0,0.0
D1,FG-R1-expanded-peak2__guard-q95-suppress,9,11,2021-06-15,96,1.0,True,198.0,187.14857855841646,-10.85142144158354,10.85142144158354,2021-06-15 08:45:00,2021-06-15 11:30:00,165.0,165.0
D1,FG-R1-expanded-peak2__guard-q95-suppress,9,11,2021-06-16,96,1.0,True,193.0,182.65033331915865,-10.349666680841352,10.349666680841352,2021-06-16 10:45:00,2021-06-16 10:45:00,0.0,0.0
D1,FG-R1-expanded-peak2__guard-q95-suppress,9,11,2021-06-17,96,1.0,True,197.0,183.0267333984375,-13.9732666015625,13.9732666015625,2021-06-17 08:45:00,2021-06-17 10:45:00,120.0,120.0
D1,FG-R1-expanded-peak2__guard-q95-suppress,9,11,2021-06-18,96,1.0,True,186.0,182.8426971435547,-3.1573028564453125,3.1573028564453125,2021-06-18 10:00:00,2021-06-18 08:45:00,-75.0,75.0
D1,FG-R1-expanded-peak2__guard-q95-suppress,9,11,2021-06-19,96,1.0,True,119.0,113.71273867088894,-5.287261329111061,5.287261329111061,2021-06-19 02:15:00,2021-06-19 03:45:00,90.0,90.0
D1,FG-R1-expanded-peak2__guard-q95-suppress,9,11,2021-06-20,96,1.0,True,28.0,23.989540233400625,-4.010459766599375,4.010459766599375,2021-06-20 15:15:00,2021-06-20 18:00:00,165.0,165.0
D1,FG-R1-expanded-peak2__guard-q95-suppress,9,12,2021-06-14,96,1.0,True,204.0,176.77943921338277,-27.220560786617227,27.220560786617227,2021-06-14 09:00:00,2021-06-14 09:00:00,0.0,0.0
D1,FG-R1-expanded-peak2__guard-q95-suppress,9,12,2021-06-15,96,1.0,True,198.0,186.70497504279146,-11.29502495720854,11.29502495720854,2021-06-15 08:45:00,2021-06-15 11:45:00,180.0,180.0
D1,FG-R1-expanded-peak2__guard-q95-suppress,9,12,2021-06-16,96,1.0,True,193.0,181.77299872443209,-11.227001275567915,11.227001275567915,2021-06-16 10:45:00,2021-06-16 11:00:00,15.0,15.0
D1,FG-R1-expanded-peak2__guard-q95-suppress,9,12,2021-06-17,96,1.0,True,197.0,184.63320922851562,-12.366790771484375,12.366790771484375,2021-06-17 08:45:00,2021-06-17 10:45:00,120.0,120.0
D1,FG-R1-expanded-peak2__guard-q95-suppress,9,12,2021-06-18,96,1.0,True,186.0,182.33908081054688,-3.660919189453125,3.660919189453125,2021-06-18 10:00:00,2021-06-18 08:30:00,-90.0,90.0
D1,FG-R1-expanded-peak2__guard-q95-suppress,9,12,2021-06-19,96,1.0,True,119.0,114.55512300926785,-4.444876990732155,4.444876990732155,2021-06-19 02:15:00,2021-06-19 03:45:00,90.0,90.0
D1,FG-R1-expanded-peak2__guard-q95-suppress,9,12,2021-06-20,96,1.0,True,28.0,24.150596751955312,-3.8494032480446876,3.8494032480446876,2021-06-20 15:15:00,2021-06-20 18:15:00,180.0,180.0
D1,FG-R1-expanded-peak2__guard-q95-suppress,9,13,2021-06-14,96,1.0,True,204.0,175.9898807978658,-28.010119202134206,28.010119202134206,2021-06-14 09:00:00,2021-06-14 13:45:00,285.0,285.0
D1,FG-R1-expanded-peak2__guard-q95-suppress,9,13,2021-06-15,96,1.0,True,198.0,184.60564032599459,-13.394359674005415,13.394359674005415,2021-06-15 08:45:00,2021-06-15 11:45:00,180.0,180.0
D1,FG-R1-expanded-peak2__guard-q95-suppress,9,13,2021-06-16,96,1.0,True,193.0,180.72464356320395,-12.275356436796045,12.275356436796045,2021-06-16 10:45:00,2021-06-16 09:00:00,-105.0,105.0
D1,FG-R1-expanded-peak2__guard-q95-suppress,9,13,2021-06-17,96,1.0,True,197.0,182.63021850585938,-14.369781494140625,14.369781494140625,2021-06-17 08:45:00,2021-06-17 11:00:00,135.0,135.0
D1,FG-R1-expanded-peak2__guard-q95-suppress,9,13,2021-06-18,96,1.0,True,186.0,182.40887451171875,-3.59112548828125,3.59112548828125,2021-06-18 10:00:00,2021-06-18 08:45:00,-75.0,75.0
D1,FG-R1-expanded-peak2__guard-q95-suppress,9,13,2021-06-19,96,1.0,True,119.0,114.18966719254811,-4.810332807451886,4.810332807451886,2021-06-19 02:15:00,2021-06-19 03:45:00,90.0,90.0
D1,FG-R1-expanded-peak2__guard-q95-suppress,9,13,2021-06-20,96,1.0,True,28.0,24.23449720361547,-3.7655027963845313,3.7655027963845313,2021-06-20 15:15:00,2021-06-20 18:30:00,195.0,195.0
D1,FG-R1-expanded-peak2__guard-q95-suppress,9,14,2021-06-14,96,1.0,True,204.0,175.7668583369283,-28.233141663071706,28.233141663071706,2021-06-14 09:00:00,2021-06-14 13:45:00,285.0,285.0
D1,FG-R1-expanded-peak2__guard-q95-suppress,9,14,2021-06-15,96,1.0,True,198.0,182.93626403808594,-15.063735961914062,15.063735961914062,2021-06-15 08:45:00,2021-06-15 10:45:00,120.0,120.0
D1,FG-R1-expanded-peak2__guard-q95-suppress,9,14,2021-06-16,96,1.0,True,193.0,180.85905829474459,-12.140941705255415,12.140941705255415,2021-06-16 10:45:00,2021-06-16 09:45:00,-60.0,60.0
D1,FG-R1-expanded-peak2__guard-q95-suppress,9,14,2021-06-17,96,1.0,True,197.0,180.9568328857422,-16.043167114257812,16.043167114257812,2021-06-17 08:45:00,2021-06-17 10:45:00,120.0,120.0
D1,FG-R1-expanded-peak2__guard-q95-suppress,9,14,2021-06-18,96,1.0,True,186.0,181.4833526611328,-4.5166473388671875,4.5166473388671875,2021-06-18 10:00:00,2021-06-18 08:45:00,-75.0,75.0
D1,FG-R1-expanded-peak2__guard-q95-suppress,9,14,2021-06-19,96,1.0,True,119.0,114.39884249168972,-4.60115750831028,4.60115750831028,2021-06-19 02:15:00,2021-06-19 03:45:00,90.0,90.0
D1,FG-R1-expanded-peak2__guard-q95-suppress,9,14,2021-06-20,96,1.0,True,28.0,24.145458738488873,-3.8545412615111267,3.8545412615111267,2021-06-20 15:15:00,2021-06-20 23:15:00,480.0,480.0
D1,FG-R1-expanded-peak2__guard-q95-suppress,9,15,2021-06-14,96,1.0,True,204.0,174.3495762324361,-29.650423767563893,29.650423767563893,2021-06-14 09:00:00,2021-06-14 13:45:00,285.0,285.0
D1,FG-R1-expanded-peak2__guard-q95-suppress,9,15,2021-06-15,96,1.0,True,198.0,183.81056977218188,-14.189430227818121,14.189430227818121,2021-06-15 08:45:00,2021-06-15 09:00:00,15.0,15.0
D1,FG-R1-expanded-peak2__guard-q95-suppress,9,15,2021-06-16,96,1.0,True,193.0,181.50876227423677,-11.491237725763227,11.491237725763227,2021-06-16 10:45:00,2021-06-16 09:00:00,-105.0,105.0
D1,FG-R1-expanded-peak2__guard-q95-suppress,9,15,2021-06-17,96,1.0,True,197.0,180.36671447753906,-16.633285522460938,16.633285522460938,2021-06-17 08:45:00,2021-06-17 10:45:00,120.0,120.0
D1,FG-R1-expanded-peak2__guard-q95-suppress,9,15,2021-06-18,96,1.0,True,186.0,181.94619750976562,-4.053802490234375,4.053802490234375,2021-06-18 10:00:00,2021-06-18 08:45:00,-75.0,75.0
D1,FG-R1-expanded-peak2__guard-q95-suppress,9,15,2021-06-19,96,1.0,True,119.0,113.62470257864882,-5.375297421351178,5.375297421351178,2021-06-19 02:15:00,2021-06-19 03:45:00,90.0,90.0
D1,FG-R1-expanded-peak2__guard-q95-suppress,9,15,2021-06-20,96,1.0,True,28.0,23.972530151835247,-4.027469848164753,4.027469848164753,2021-06-20 15:15:00,2021-06-20 23:00:00,465.0,465.0
D1,FG-R1-expanded-peak2__guard-q95-suppress,9,16,2021-06-14,96,1.0,True,204.0,173.7385380244283,-30.261461975571706,30.261461975571706,2021-06-14 09:00:00,2021-06-14 14:45:00,345.0,345.0
D1,FG-R1-expanded-peak2__guard-q95-suppress,9,16,2021-06-15,96,1.0,True,198.0,183.64090584527213,-14.35909415472787,14.35909415472787,2021-06-15 08:45:00,2021-06-15 13:30:00,285.0,285.0
D1,FG-R1-expanded-peak2__guard-q95-suppress,9,16,2021-06-16,96,1.0,True,193.0,182.50676337286959,-10.493236627130415,10.493236627130415,2021-06-16 10:45:00,2021-06-16 10:45:00,0.0,0.0
D1,FG-R1-expanded-peak2__guard-q95-suppress,9,16,2021-06-17,96,1.0,True,197.0,179.82037353515625,-17.17962646484375,17.17962646484375,2021-06-17 08:45:00,2021-06-17 10:45:00,120.0,120.0
D1,FG-R1-expanded-peak2__guard-q95-suppress,9,16,2021-06-18,96,1.0,True,186.0,180.83929443359375,-5.16070556640625,5.16070556640625,2021-06-18 10:00:00,2021-06-18 08:45:00,-75.0,75.0
D1,FG-R1-expanded-peak2__guard-q95-suppress,9,16,2021-06-19,96,1.0,True,119.0,114.44969952689101,-4.55030047310899,4.55030047310899,2021-06-19 02:15:00,2021-06-19 03:45:00,90.0,90.0
D1,FG-R1-expanded-peak2__guard-q95-suppress,9,16,2021-06-20,96,1.0,True,28.0,23.757581533885872,-4.2424184661141275,4.2424184661141275,2021-06-20 15:15:00,2021-06-20 23:15:00,480.0,480.0
D1,FG-R1-expanded-peak2__guard-q95-suppress,11,4,2021-06-28,96,1.0,True,198.0,195.3317413330078,-2.6682586669921875,2.6682586669921875,2021-06-28 09:00:00,2021-06-28 08:45:00,-15.0,15.0
D1,FG-R1-expanded-peak2__guard-q95-suppress,11,4,2021-06-29,96,1.0,True,222.0,186.51544189453125,-35.48455810546875,35.48455810546875,2021-06-29 08:30:00,2021-06-29 09:30:00,60.0,60.0
D1,FG-R1-expanded-peak2__guard-q95-suppress,11,4,2021-06-30,96,1.0,True,193.0,181.95643615722656,-11.043563842773438,11.043563842773438,2021-06-30 09:00:00,2021-06-30 08:30:00,-30.0,30.0
D1,FG-R1-expanded-peak2__guard-q95-suppress,11,4,2021-07-01,96,1.0,True,206.0,183.93637084960938,-22.063629150390625,22.063629150390625,2021-07-01 14:00:00,2021-07-01 15:45:00,105.0,105.0
D1,FG-R1-expanded-peak2__guard-q95-suppress,11,4,2021-07-02,96,1.0,True,187.0,176.22213745117188,-10.777862548828125,10.777862548828125,2021-07-02 09:15:00,2021-07-02 08:45:00,-30.0,30.0
D1,FG-R1-expanded-peak2__guard-q95-suppress,11,4,2021-07-03,96,1.0,True,112.0,111.9608872765507,-0.03911272344930694,0.03911272344930694,2021-07-03 04:15:00,2021-07-03 01:45:00,-150.0,150.0
D1,FG-R1-expanded-peak2__guard-q95-suppress,11,4,2021-07-04,96,1.0,True,28.0,24.388791505308802,-3.6112084946911978,3.6112084946911978,2021-07-04 08:30:00,2021-07-04 22:45:00,855.0,855.0
D1,FG-R1-expanded-peak2__guard-q95-suppress,11,5,2021-06-28,96,1.0,True,198.0,196.6011962890625,-1.3988037109375,1.3988037109375,2021-06-28 09:00:00,2021-06-28 09:00:00,0.0,0.0
D1,FG-R1-expanded-peak2__guard-q95-suppress,11,5,2021-06-29,96,1.0,True,222.0,184.99850463867188,-37.001495361328125,37.001495361328125,2021-06-29 08:30:00,2021-06-29 09:45:00,75.0,75.0
D1,FG-R1-expanded-peak2__guard-q95-suppress,11,5,2021-06-30,96,1.0,True,193.0,184.7907257080078,-8.209274291992188,8.209274291992188,2021-06-30 09:00:00,2021-06-30 08:30:00,-30.0,30.0
D1,FG-R1-expanded-peak2__guard-q95-suppress,11,5,2021-07-01,96,1.0,True,206.0,182.60263061523438,-23.397369384765625,23.397369384765625,2021-07-01 14:00:00,2021-07-01 15:45:00,105.0,105.0
D1,FG-R1-expanded-peak2__guard-q95-suppress,11,5,2021-07-02,96,1.0,True,187.0,178.83743286132812,-8.162567138671875,8.162567138671875,2021-07-02 09:15:00,2021-07-02 08:45:00,-30.0,30.0
D1,FG-R1-expanded-peak2__guard-q95-suppress,11,5,2021-07-03,96,1.0,True,112.0,112.0896500166859,0.08965001668589423,0.08965001668589423,2021-07-03 04:15:00,2021-07-03 02:00:00,-135.0,135.0
D1,FG-R1-expanded-peak2__guard-q95-suppress,11,5,2021-07-04,96,1.0,True,28.0,24.477307740660365,-3.5226922593396353,3.5226922593396353,2021-07-04 08:30:00,2021-07-04 23:00:00,870.0,870.0
D1,FG-R1-expanded-peak2__guard-q95-suppress,11,6,2021-06-28,96,1.0,True,198.0,197.10165405273438,-0.898345947265625,0.898345947265625,2021-06-28 09:00:00,2021-06-28 08:45:00,-15.0,15.0
D1,FG-R1-expanded-peak2__guard-q95-suppress,11,6,2021-06-29,96,1.0,True,222.0,184.64332580566406,-37.35667419433594,37.35667419433594,2021-06-29 08:30:00,2021-06-29 13:45:00,315.0,315.0
D1,FG-R1-expanded-peak2__guard-q95-suppress,11,6,2021-06-30,96,1.0,True,193.0,183.16940307617188,-9.830596923828125,9.830596923828125,2021-06-30 09:00:00,2021-06-30 08:30:00,-30.0,30.0
D1,FG-R1-expanded-peak2__guard-q95-suppress,11,6,2021-07-01,96,1.0,True,206.0,182.74378967285156,-23.256210327148438,23.256210327148438,2021-07-01 14:00:00,2021-07-01 15:45:00,105.0,105.0
D1,FG-R1-expanded-peak2__guard-q95-suppress,11,6,2021-07-02,96,1.0,True,187.0,178.5745391845703,-8.425460815429688,8.425460815429688,2021-07-02 09:15:00,2021-07-02 09:00:00,-15.0,15.0
D1,FG-R1-expanded-peak2__guard-q95-suppress,11,6,2021-07-03,96,1.0,True,112.0,111.3539705698674,-0.6460294301326002,0.6460294301326002,2021-07-03 04:15:00,2021-07-03 02:00:00,-135.0,135.0
D1,FG-R1-expanded-peak2__guard-q95-suppress,11,6,2021-07-04,96,1.0,True,28.0,24.279553834410365,-3.7204461655896353,3.7204461655896353,2021-07-04 08:30:00,2021-07-04 23:15:00,885.0,885.0
D1,FG-R1-expanded-peak2__guard-q95-suppress,11,7,2021-06-28,96,1.0,True,198.0,198.37203979492188,0.372039794921875,0.372039794921875,2021-06-28 09:00:00,2021-06-28 09:00:00,0.0,0.0
D1,FG-R1-expanded-peak2__guard-q95-suppress,11,7,2021-06-29,96,1.0,True,222.0,183.25693701793026,-38.743062982069745,38.743062982069745,2021-06-29 08:30:00,2021-06-29 10:45:00,135.0,135.0
D1,FG-R1-expanded-peak2__guard-q95-suppress,11,7,2021-06-30,96,1.0,True,193.0,181.0867156982422,-11.913284301757812,11.913284301757812,2021-06-30 09:00:00,2021-06-30 08:45:00,-15.0,15.0
D1,FG-R1-expanded-peak2__guard-q95-suppress,11,7,2021-07-01,96,1.0,True,206.0,181.99310302734375,-24.00689697265625,24.00689697265625,2021-07-01 14:00:00,2021-07-01 15:45:00,105.0,105.0
D1,FG-R1-expanded-peak2__guard-q95-suppress,11,7,2021-07-02,96,1.0,True,187.0,177.9425048828125,-9.0574951171875,9.0574951171875,2021-07-02 09:15:00,2021-07-02 09:00:00,-15.0,15.0
D1,FG-R1-expanded-peak2__guard-q95-suppress,11,7,2021-07-03,96,1.0,True,112.0,110.80179865553109,-1.198201344468913,1.198201344468913,2021-07-03 04:15:00,2021-07-03 02:00:00,-135.0,135.0
D1,FG-R1-expanded-peak2__guard-q95-suppress,11,7,2021-07-04,96,1.0,True,28.0,24.36417866287431,-3.635821337125691,3.635821337125691,2021-07-04 08:30:00,2021-07-04 23:30:00,900.0,900.0
D1,FG-R1-expanded-peak2__guard-q95-suppress,11,8,2021-06-28,96,1.0,True,198.0,199.35671997070312,1.356719970703125,1.356719970703125,2021-06-28 09:00:00,2021-06-28 09:00:00,0.0,0.0
D1,FG-R1-expanded-peak2__guard-q95-suppress,11,8,2021-06-29,96,1.0,True,222.0,185.49964331675838,-36.50035668324162,36.50035668324162,2021-06-29 08:30:00,2021-06-29 10:45:00,135.0,135.0
D1,FG-R1-expanded-peak2__guard-q95-suppress,11,8,2021-06-30,96,1.0,True,193.0,180.7960662841797,-12.203933715820312,12.203933715820312,2021-06-30 09:00:00,2021-06-30 08:30:00,-30.0,30.0
D1,FG-R1-expanded-peak2__guard-q95-suppress,11,8,2021-07-01,96,1.0,True,206.0,181.04681396484375,-24.95318603515625,24.95318603515625,2021-07-01 14:00:00,2021-07-01 14:00:00,0.0,0.0
D1,FG-R1-expanded-peak2__guard-q95-suppress,11,8,2021-07-02,96,1.0,True,187.0,177.42636108398438,-9.573638916015625,9.573638916015625,2021-07-02 09:15:00,2021-07-02 11:15:00,120.0,120.0
D1,FG-R1-expanded-peak2__guard-q95-suppress,11,8,2021-07-03,96,1.0,True,112.0,111.05990107252327,-0.9400989274767255,0.9400989274767255,2021-07-03 04:15:00,2021-07-03 02:15:00,-120.0,120.0
D1,FG-R1-expanded-peak2__guard-q95-suppress,11,8,2021-07-04,96,1.0,True,28.0,24.34787506243771,-3.6521249375622915,3.6521249375622915,2021-07-04 08:30:00,2021-07-04 17:15:00,525.0,525.0
D1,FG-R1-expanded-peak2__guard-q95-suppress,11,9,2021-06-28,96,1.0,True,198.0,201.54864501953125,3.54864501953125,3.54864501953125,2021-06-28 09:00:00,2021-06-28 09:00:00,0.0,0.0
D1,FG-R1-expanded-peak2__guard-q95-suppress,11,9,2021-06-29,96,1.0,True,222.0,185.20751380015682,-36.79248619984318,36.79248619984318,2021-06-29 08:30:00,2021-06-29 10:45:00,135.0,135.0
D1,FG-R1-expanded-peak2__guard-q95-suppress,11,9,2021-06-30,96,1.0,True,193.0,181.0641632080078,-11.935836791992188,11.935836791992188,2021-06-30 09:00:00,2021-06-30 11:45:00,165.0,165.0
D1,FG-R1-expanded-peak2__guard-q95-suppress,11,9,2021-07-01,96,1.0,True,206.0,180.79917907714844,-25.200820922851562,25.200820922851562,2021-07-01 14:00:00,2021-07-01 14:00:00,0.0,0.0
D1,FG-R1-expanded-peak2__guard-q95-suppress,11,9,2021-07-02,96,1.0,True,187.0,179.04049682617188,-7.959503173828125,7.959503173828125,2021-07-02 09:15:00,2021-07-02 14:00:00,285.0,285.0
D1,FG-R1-expanded-peak2__guard-q95-suppress,11,9,2021-07-03,96,1.0,True,112.0,110.7937954206678,-1.2062045793321943,1.2062045793321943,2021-07-03 04:15:00,2021-07-03 02:15:00,-120.0,120.0
D1,FG-R1-expanded-peak2__guard-q95-suppress,11,9,2021-07-04,96,1.0,True,28.0,24.455563966246302,-3.5444360337536978,3.5444360337536978,2021-07-04 08:30:00,2021-07-04 17:30:00,540.0,540.0
D1,FG-R1-expanded-peak2__guard-q95-suppress,11,10,2021-06-28,96,1.0,True,198.0,204.34271240234375,6.34271240234375,6.34271240234375,2021-06-28 09:00:00,2021-06-28 08:45:00,-15.0,15.0
D1,FG-R1-expanded-peak2__guard-q95-suppress,11,10,2021-06-29,96,1.0,True,222.0,183.02291870117188,-38.977081298828125,38.977081298828125,2021-06-29 08:30:00,2021-06-29 15:45:00,435.0,435.0
D1,FG-R1-expanded-peak2__guard-q95-suppress,11,10,2021-06-30,96,1.0,True,193.0,183.86224365234375,-9.13775634765625,9.13775634765625,2021-06-30 09:00:00,2021-06-30 08:30:00,-30.0,30.0
D1,FG-R1-expanded-peak2__guard-q95-suppress,11,10,2021-07-01,96,1.0,True,206.0,181.08023071289062,-24.919769287109375,24.919769287109375,2021-07-01 14:00:00,2021-07-01 14:00:00,0.0,0.0
D1,FG-R1-expanded-peak2__guard-q95-suppress,11,10,2021-07-02,96,1.0,True,187.0,180.2591094970703,-6.7408905029296875,6.7408905029296875,2021-07-02 09:15:00,2021-07-02 09:00:00,-15.0,15.0
D1,FG-R1-expanded-peak2__guard-q95-suppress,11,10,2021-07-03,96,1.0,True,112.0,110.87322504713265,-1.1267749528673505,1.1267749528673505,2021-07-03 04:15:00,2021-07-03 02:00:00,-135.0,135.0
D1,FG-R1-expanded-peak2__guard-q95-suppress,11,10,2021-07-04,96,1.0,True,28.0,24.531064454527552,-3.4689355454724478,3.4689355454724478,2021-07-04 08:30:00,2021-07-04 17:45:00,555.0,555.0
D1,FG-R1-expanded-peak2__guard-q95-suppress,11,11,2021-06-28,96,1.0,True,198.0,205.13648986816406,7.1364898681640625,7.1364898681640625,2021-06-28 09:00:00,2021-06-28 09:00:00,0.0,0.0
D1,FG-R1-expanded-peak2__guard-q95-suppress,11,11,2021-06-29,96,1.0,True,222.0,183.45210167055254,-38.54789832944746,38.54789832944746,2021-06-29 08:30:00,2021-06-29 11:30:00,180.0,180.0
D1,FG-R1-expanded-peak2__guard-q95-suppress,11,11,2021-06-30,96,1.0,True,193.0,182.95375061035156,-10.046249389648438,10.046249389648438,2021-06-30 09:00:00,2021-06-30 08:30:00,-30.0,30.0
D1,FG-R1-expanded-peak2__guard-q95-suppress,11,11,2021-07-01,96,1.0,True,206.0,179.87704467773438,-26.122955322265625,26.122955322265625,2021-07-01 14:00:00,2021-07-01 14:00:00,0.0,0.0
D1,FG-R1-expanded-peak2__guard-q95-suppress,11,11,2021-07-02,96,1.0,True,187.0,180.73123168945312,-6.268768310546875,6.268768310546875,2021-07-02 09:15:00,2021-07-02 09:00:00,-15.0,15.0
D1,FG-R1-expanded-peak2__guard-q95-suppress,11,11,2021-07-03,96,1.0,True,112.0,110.44081240465371,-1.5591875953462875,1.5591875953462875,2021-07-03 04:15:00,2021-07-03 01:45:00,-150.0,150.0
D1,FG-R1-expanded-peak2__guard-q95-suppress,11,11,2021-07-04,96,1.0,True,28.0,24.886655274840052,-3.1133447251599478,3.1133447251599478,2021-07-04 08:30:00,2021-07-04 18:00:00,570.0,570.0
D1,FG-R1-expanded-peak2__guard-q95-suppress,11,12,2021-06-28,96,1.0,True,198.0,205.7186279296875,7.7186279296875,7.7186279296875,2021-06-28 09:00:00,2021-06-28 08:45:00,-15.0,15.0
D1,FG-R1-expanded-peak2__guard-q95-suppress,11,12,2021-06-29,96,1.0,True,222.0,184.91950415660213,-37.08049584339787,37.08049584339787,2021-06-29 08:30:00,2021-06-29 11:45:00,195.0,195.0
D1,FG-R1-expanded-peak2__guard-q95-suppress,11,12,2021-06-30,96,1.0,True,193.0,181.48289489746094,-11.517105102539062,11.517105102539062,2021-06-30 09:00:00,2021-06-30 08:30:00,-30.0,30.0
D1,FG-R1-expanded-peak2__guard-q95-suppress,11,12,2021-07-01,96,1.0,True,206.0,178.98788452148438,-27.012115478515625,27.012115478515625,2021-07-01 14:00:00,2021-07-01 14:00:00,0.0,0.0
D1,FG-R1-expanded-peak2__guard-q95-suppress,11,12,2021-07-02,96,1.0,True,187.0,180.60385131835938,-6.396148681640625,6.396148681640625,2021-07-02 09:15:00,2021-07-02 09:00:00,-15.0,15.0
D1,FG-R1-expanded-peak2__guard-q95-suppress,11,12,2021-07-03,96,1.0,True,112.0,111.85277064039437,-0.14722935960563177,0.14722935960563177,2021-07-03 04:15:00,2021-07-03 02:00:00,-135.0,135.0
D1,FG-R1-expanded-peak2__guard-q95-suppress,11,12,2021-07-04,96,1.0,True,28.0,25.057370606871302,-2.9426293931286978,2.9426293931286978,2021-07-04 08:30:00,2021-07-04 18:15:00,585.0,585.0
D1,FG-R1-expanded-peak2__guard-q95-suppress,11,13,2021-06-28,96,1.0,True,198.0,206.1178436279297,8.117843627929688,8.117843627929688,2021-06-28 09:00:00,2021-06-28 09:00:00,0.0,0.0
D1,FG-R1-expanded-peak2__guard-q95-suppress,11,13,2021-06-29,96,1.0,True,222.0,185.5793094544537,-36.42069054554631,36.42069054554631,2021-06-29 08:30:00,2021-06-29 11:45:00,195.0,195.0
D1,FG-R1-expanded-peak2__guard-q95-suppress,11,13,2021-06-30,96,1.0,True,193.0,181.88906860351562,-11.110931396484375,11.110931396484375,2021-06-30 09:00:00,2021-06-30 08:45:00,-15.0,15.0
D1,FG-R1-expanded-peak2__guard-q95-suppress,11,13,2021-07-01,96,1.0,True,206.0,179.2186279296875,-26.7813720703125,26.7813720703125,2021-07-01 14:00:00,2021-07-01 14:00:00,0.0,0.0
D1,FG-R1-expanded-peak2__guard-q95-suppress,11,13,2021-07-02,96,1.0,True,187.0,178.63014221191406,-8.369857788085938,8.369857788085938,2021-07-02 09:15:00,2021-07-02 09:00:00,-15.0,15.0
D1,FG-R1-expanded-peak2__guard-q95-suppress,11,13,2021-07-03,96,1.0,True,112.0,113.951012905142,1.9510129051419938,1.9510129051419938,2021-07-03 04:15:00,2021-07-03 01:45:00,-150.0,150.0
D1,FG-R1-expanded-peak2__guard-q95-suppress,11,13,2021-07-04,96,1.0,True,28.0,25.29820017486096,-2.701799825139041,2.701799825139041,2021-07-04 08:30:00,2021-07-04 11:45:00,195.0,195.0
D1,FG-R1-expanded-peak2__guard-q95-suppress,11,14,2021-06-28,96,1.0,True,198.0,205.66053771972656,7.6605377197265625,7.6605377197265625,2021-06-28 09:00:00,2021-06-28 09:00:00,0.0,0.0
D1,FG-R1-expanded-peak2__guard-q95-suppress,11,14,2021-06-29,96,1.0,True,222.0,185.68057250976562,-36.319427490234375,36.319427490234375,2021-06-29 08:30:00,2021-06-29 12:00:00,210.0,210.0
D1,FG-R1-expanded-peak2__guard-q95-suppress,11,14,2021-06-30,96,1.0,True,193.0,182.0250244140625,-10.9749755859375,10.9749755859375,2021-06-30 09:00:00,2021-06-30 08:30:00,-30.0,30.0
D1,FG-R1-expanded-peak2__guard-q95-suppress,11,14,2021-07-01,96,1.0,True,206.0,178.5942840576172,-27.405715942382812,27.405715942382812,2021-07-01 14:00:00,2021-07-01 14:00:00,0.0,0.0
D1,FG-R1-expanded-peak2__guard-q95-suppress,11,14,2021-07-02,96,1.0,True,187.0,179.89248657226562,-7.107513427734375,7.107513427734375,2021-07-02 09:15:00,2021-07-02 09:00:00,-15.0,15.0
D1,FG-R1-expanded-peak2__guard-q95-suppress,11,14,2021-07-03,96,1.0,True,112.0,114.54416926099984,2.544169260999837,2.544169260999837,2021-07-03 04:15:00,2021-07-03 02:00:00,-135.0,135.0
D1,FG-R1-expanded-peak2__guard-q95-suppress,11,14,2021-07-04,96,1.0,True,28.0,25.235837403746302,-2.7641625962536978,2.7641625962536978,2021-07-04 08:30:00,2021-07-04 18:45:00,615.0,615.0
D1,FG-R1-expanded-peak2__guard-q95-suppress,11,15,2021-06-28,96,1.0,True,198.0,204.35089111328125,6.35089111328125,6.35089111328125,2021-06-28 09:00:00,2021-06-28 09:00:00,0.0,0.0
D1,FG-R1-expanded-peak2__guard-q95-suppress,11,15,2021-06-29,96,1.0,True,222.0,181.47079467773438,-40.529205322265625,40.529205322265625,2021-06-29 08:30:00,2021-06-29 12:00:00,210.0,210.0
D1,FG-R1-expanded-peak2__guard-q95-suppress,11,15,2021-06-30,96,1.0,True,193.0,183.18463134765625,-9.81536865234375,9.81536865234375,2021-06-30 09:00:00,2021-06-30 08:30:00,-30.0,30.0
D1,FG-R1-expanded-peak2__guard-q95-suppress,11,15,2021-07-01,96,1.0,True,206.0,178.3429718017578,-27.657028198242188,27.657028198242188,2021-07-01 14:00:00,2021-07-01 08:45:00,-315.0,315.0
D1,FG-R1-expanded-peak2__guard-q95-suppress,11,15,2021-07-02,96,1.0,True,187.0,179.69973754882812,-7.300262451171875,7.300262451171875,2021-07-02 09:15:00,2021-07-02 09:00:00,-15.0,15.0
D1,FG-R1-expanded-peak2__guard-q95-suppress,11,15,2021-07-03,96,1.0,True,112.0,114.24991877271859,2.249918772718587,2.249918772718587,2021-07-03 04:15:00,2021-07-03 02:15:00,-120.0,120.0
D1,FG-R1-expanded-peak2__guard-q95-suppress,11,15,2021-07-04,96,1.0,True,28.0,25.105168763609583,-2.8948312363904165,2.8948312363904165,2021-07-04 08:30:00,2021-07-04 15:30:00,420.0,420.0
D1,FG-R1-expanded-peak2__guard-q95-suppress,11,16,2021-06-28,96,1.0,True,198.0,203.604248046875,5.604248046875,5.604248046875,2021-06-28 09:00:00,2021-06-28 09:00:00,0.0,0.0
D1,FG-R1-expanded-peak2__guard-q95-suppress,11,16,2021-06-29,96,1.0,True,222.0,180.8992156982422,-41.10078430175781,41.10078430175781,2021-06-29 08:30:00,2021-06-29 14:00:00,330.0,330.0
D1,FG-R1-expanded-peak2__guard-q95-suppress,11,16,2021-06-30,96,1.0,True,193.0,183.0489501953125,-9.9510498046875,9.9510498046875,2021-06-30 09:00:00,2021-06-30 08:30:00,-30.0,30.0
D1,FG-R1-expanded-peak2__guard-q95-suppress,11,16,2021-07-01,96,1.0,True,206.0,178.46099853515625,-27.53900146484375,27.53900146484375,2021-07-01 14:00:00,2021-07-01 14:00:00,0.0,0.0
D1,FG-R1-expanded-peak2__guard-q95-suppress,11,16,2021-07-02,96,1.0,True,187.0,179.23159790039062,-7.768402099609375,7.768402099609375,2021-07-02 09:15:00,2021-07-02 09:00:00,-15.0,15.0
D1,FG-R1-expanded-peak2__guard-q95-suppress,11,16,2021-07-03,96,1.0,True,112.0,113.7513378401014,1.7513378401013995,1.7513378401013995,2021-07-03 04:15:00,2021-07-03 02:15:00,-120.0,120.0
D1,FG-R1-expanded-peak2__guard-q95-suppress,11,16,2021-07-04,96,1.0,True,28.0,24.610837403746302,-3.3891625962536978,3.3891625962536978,2021-07-04 08:30:00,2021-07-04 15:45:00,435.0,435.0
D1,FG-R1-expanded-peak2__guard-q95-suppress,13,4,2021-07-12,96,1.0,True,198.0,187.204100035687,-10.795899964313008,10.795899964313008,2021-07-12 08:45:00,2021-07-12 13:45:00,300.0,300.0
D1,FG-R1-expanded-peak2__guard-q95-suppress,13,4,2021-07-13,1,0.010416666666666666,False,79.0,87.87932420165342,8.879324201653418,8.879324201653418,2021-07-13 00:00:00,2021-07-13 00:00:00,0.0,0.0
D1,FG-R1-expanded-peak2__guard-q95-suppress,13,4,2021-07-17,92,0.9583333333333334,False,110.0,107.0931666738483,-2.9068333261516983,2.9068333261516983,2021-07-17 01:30:00,2021-07-17 02:15:00,45.0,45.0
D1,FG-R1-expanded-peak2__guard-q95-suppress,13,4,2021-07-18,96,1.0,True,28.0,24.113443592584737,-3.886556407415263,3.886556407415263,2021-07-18 01:15:00,2021-07-18 02:15:00,60.0,60.0
D1,FG-R1-expanded-peak2__guard-q95-suppress,13,5,2021-07-12,96,1.0,True,198.0,189.56209272047226,-8.437907279527735,8.437907279527735,2021-07-12 08:45:00,2021-07-12 13:45:00,300.0,300.0
D1,FG-R1-expanded-peak2__guard-q95-suppress,13,5,2021-07-13,1,0.010416666666666666,False,79.0,89.5036430739887,10.503643073988698,10.503643073988698,2021-07-13 00:00:00,2021-07-13 00:00:00,0.0,0.0
D1,FG-R1-expanded-peak2__guard-q95-suppress,13,5,2021-07-17,91,0.9479166666666666,False,110.0,106.20476832335575,-3.7952316766442493,3.7952316766442493,2021-07-17 01:30:00,2021-07-17 03:45:00,135.0,135.0
D1,FG-R1-expanded-peak2__guard-q95-suppress,13,5,2021-07-18,96,1.0,True,28.0,24.207621203732526,-3.7923787962674744,3.7923787962674744,2021-07-18 01:15:00,2021-07-18 14:45:00,810.0,810.0
D1,FG-R1-expanded-peak2__guard-q95-suppress,13,6,2021-07-12,96,1.0,True,198.0,188.5676851305945,-9.432314869405502,9.432314869405502,2021-07-12 08:45:00,2021-07-12 13:45:00,300.0,300.0
D1,FG-R1-expanded-peak2__guard-q95-suppress,13,6,2021-07-13,1,0.010416666666666666,False,79.0,89.05977005801893,10.059770058018927,10.059770058018927,2021-07-13 00:00:00,2021-07-13 00:00:00,0.0,0.0
D1,FG-R1-expanded-peak2__guard-q95-suppress,13,6,2021-07-17,90,0.9375,False,110.0,107.88342679083,-2.1165732091699994,2.1165732091699994,2021-07-17 01:30:00,2021-07-17 04:00:00,150.0,150.0
D1,FG-R1-expanded-peak2__guard-q95-suppress,13,6,2021-07-18,96,1.0,True,28.0,24.314778030889332,-3.6852219691106676,3.6852219691106676,2021-07-18 01:15:00,2021-07-18 11:45:00,630.0,630.0
D1,FG-R1-expanded-peak2__guard-q95-suppress,13,7,2021-07-12,96,1.0,True,198.0,187.8959155610286,-10.104084438971398,10.104084438971398,2021-07-12 08:45:00,2021-07-12 11:45:00,180.0,180.0
D1,FG-R1-expanded-peak2__guard-q95-suppress,13,7,2021-07-13,1,0.010416666666666666,False,79.0,89.03439246170997,10.03439246170997,10.03439246170997,2021-07-13 00:00:00,2021-07-13 00:00:00,0.0,0.0
D1,FG-R1-expanded-peak2__guard-q95-suppress,13,7,2021-07-17,89,0.9270833333333334,False,108.0,108.60515666215713,0.6051566621571283,0.6051566621571283,2021-07-17 06:00:00,2021-07-17 04:00:00,-120.0,120.0
D1,FG-R1-expanded-peak2__guard-q95-suppress,13,7,2021-07-18,96,1.0,True,28.0,24.227853569986827,-3.772146430013173,3.772146430013173,2021-07-18 01:15:00,2021-07-18 11:30:00,615.0,615.0
D1,FG-R1-expanded-peak2__guard-q95-suppress,13,8,2021-07-12,96,1.0,True,198.0,189.36417614743686,-8.635823852563135,8.635823852563135,2021-07-12 08:45:00,2021-07-12 13:45:00,300.0,300.0
D1,FG-R1-expanded-peak2__guard-q95-suppress,13,8,2021-07-13,1,0.010416666666666666,False,79.0,88.9157666509189,9.915766650918897,9.915766650918897,2021-07-13 00:00:00,2021-07-13 00:00:00,0.0,0.0
D1,FG-R1-expanded-peak2__guard-q95-suppress,13,8,2021-07-17,88,0.9166666666666666,False,108.0,109.70162366866926,1.7016236686692565,1.7016236686692565,2021-07-17 06:00:00,2021-07-17 04:15:00,-105.0,105.0
D1,FG-R1-expanded-peak2__guard-q95-suppress,13,8,2021-07-18,96,1.0,True,28.0,24.680097801021628,-3.3199021989783724,3.3199021989783724,2021-07-18 01:15:00,2021-07-18 11:45:00,630.0,630.0
D1,FG-R1-expanded-peak2__guard-q95-suppress,13,9,2021-07-12,96,1.0,True,198.0,189.96808260004295,-8.031917399957052,8.031917399957052,2021-07-12 08:45:00,2021-07-12 13:45:00,300.0,300.0
D1,FG-R1-expanded-peak2__guard-q95-suppress,13,9,2021-07-13,1,0.010416666666666666,False,79.0,89.44369999962196,10.443699999621955,10.443699999621955,2021-07-13 00:00:00,2021-07-13 00:00:00,0.0,0.0
D1,FG-R1-expanded-peak2__guard-q95-suppress,13,9,2021-07-17,87,0.90625,False,108.0,107.86908485633464,-0.13091514366536217,0.13091514366536217,2021-07-17 06:00:00,2021-07-17 04:15:00,-105.0,105.0
D1,FG-R1-expanded-peak2__guard-q95-suppress,13,9,2021-07-18,96,1.0,True,28.0,24.582343925228205,-3.417656074771795,3.417656074771795,2021-07-18 01:15:00,2021-07-18 11:45:00,630.0,630.0
D1,FG-R1-expanded-peak2__guard-q95-suppress,13,10,2021-07-12,96,1.0,True,198.0,190.81837825318485,-7.1816217468151535,7.1816217468151535,2021-07-12 08:45:00,2021-07-12 13:45:00,300.0,300.0
D1,FG-R1-expanded-peak2__guard-q95-suppress,13,10,2021-07-13,1,0.010416666666666666,False,79.0,87.13175989255956,8.131759892559558,8.131759892559558,2021-07-13 00:00:00,2021-07-13 00:00:00,0.0,0.0
D1,FG-R1-expanded-peak2__guard-q95-suppress,13,10,2021-07-17,86,0.8958333333333334,False,108.0,108.04957325774747,0.04957325774746835,0.04957325774746835,2021-07-17 06:00:00,2021-07-17 04:00:00,-120.0,120.0
D1,FG-R1-expanded-peak2__guard-q95-suppress,13,10,2021-07-18,96,1.0,True,28.0,24.57564987795275,-3.424350122047251,3.424350122047251,2021-07-18 01:15:00,2021-07-18 21:30:00,1215.0,1215.0
D1,FG-R1-expanded-peak2__guard-q95-suppress,13,11,2021-07-12,96,1.0,True,198.0,188.6971907719053,-9.302809228094702,9.302809228094702,2021-07-12 08:45:00,2021-07-12 08:45:00,0.0,0.0
D1,FG-R1-expanded-peak2__guard-q95-suppress,13,11,2021-07-13,1,0.010416666666666666,False,79.0,85.32351336749196,6.323513367491955,6.323513367491955,2021-07-13 00:00:00,2021-07-13 00:00:00,0.0,0.0
D1,FG-R1-expanded-peak2__guard-q95-suppress,13,11,2021-07-17,85,0.8854166666666666,False,108.0,108.97393856543772,0.9739385654377202,0.9739385654377202,2021-07-17 06:00:00,2021-07-17 04:15:00,-105.0,105.0
D1,FG-R1-expanded-peak2__guard-q95-suppress,13,11,2021-07-18,96,1.0,True,28.0,24.718123296456998,-3.281876703543002,3.281876703543002,2021-07-18 01:15:00,2021-07-18 21:30:00,1215.0,1215.0
D1,FG-R1-expanded-peak2__guard-q95-suppress,13,12,2021-07-12,96,1.0,True,198.0,189.49707274762756,-8.502927252372444,8.502927252372444,2021-07-12 08:45:00,2021-07-12 08:45:00,0.0,0.0
D1,FG-R1-expanded-peak2__guard-q95-suppress,13,12,2021-07-13,1,0.010416666666666666,False,79.0,85.42667435539718,6.426674355397182,6.426674355397182,2021-07-13 00:00:00,2021-07-13 00:00:00,0.0,0.0
D1,FG-R1-expanded-peak2__guard-q95-suppress,13,12,2021-07-17,84,0.875,False,108.0,107.84345571820708,-0.15654428179291813,0.15654428179291813,2021-07-17 06:00:00,2021-07-17 04:30:00,-90.0,90.0
D1,FG-R1-expanded-peak2__guard-q95-suppress,13,12,2021-07-18,96,1.0,True,28.0,24.79369300559392,-3.2063069944060807,3.2063069944060807,2021-07-18 01:15:00,2021-07-18 21:30:00,1215.0,1215.0
D1,FG-R1-expanded-peak2__guard-q95-suppress,13,13,2021-07-12,96,1.0,True,198.0,189.85517478361743,-8.144825216382571,8.144825216382571,2021-07-12 08:45:00,2021-07-12 08:45:00,0.0,0.0
D1,FG-R1-expanded-peak2__guard-q95-suppress,13,13,2021-07-13,1,0.010416666666666666,False,79.0,86.02952182038369,7.029521820383692,7.029521820383692,2021-07-13 00:00:00,2021-07-13 00:00:00,0.0,0.0
D1,FG-R1-expanded-peak2__guard-q95-suppress,13,13,2021-07-17,83,0.8645833333333334,False,108.0,108.47849307416865,0.4784930741686537,0.4784930741686537,2021-07-17 06:00:00,2021-07-17 04:15:00,-105.0,105.0
D1,FG-R1-expanded-peak2__guard-q95-suppress,13,13,2021-07-18,96,1.0,True,28.0,24.924332473812193,-3.0756675261878073,3.0756675261878073,2021-07-18 01:15:00,2021-07-18 21:30:00,1215.0,1215.0
D1,FG-R1-expanded-peak2__guard-q95-suppress,13,14,2021-07-12,96,1.0,True,198.0,188.9371230157476,-9.062876984252398,9.062876984252398,2021-07-12 08:45:00,2021-07-12 13:45:00,300.0,300.0
D1,FG-R1-expanded-peak2__guard-q95-suppress,13,14,2021-07-13,1,0.010416666666666666,False,79.0,86.91527710237058,7.915277102370581,7.915277102370581,2021-07-13 00:00:00,2021-07-13 00:00:00,0.0,0.0
D1,FG-R1-expanded-peak2__guard-q95-suppress,13,14,2021-07-17,82,0.8541666666666666,False,108.0,108.28482276870511,0.28482276870511214,0.28482276870511214,2021-07-17 06:00:00,2021-07-17 04:15:00,-105.0,105.0
D1,FG-R1-expanded-peak2__guard-q95-suppress,13,14,2021-07-18,96,1.0,True,28.0,25.2964642643803,-2.703535735619699,2.703535735619699,2021-07-18 01:15:00,2021-07-18 01:45:00,30.0,30.0
D1,FG-R1-expanded-peak2__guard-q95-suppress,13,15,2021-07-12,96,1.0,True,198.0,188.54852649422725,-9.451473505772753,9.451473505772753,2021-07-12 08:45:00,2021-07-12 09:00:00,15.0,15.0
D1,FG-R1-expanded-peak2__guard-q95-suppress,13,15,2021-07-13,1,0.010416666666666666,False,79.0,86.41055508538987,7.410555085389873,7.410555085389873,2021-07-13 00:00:00,2021-07-13 00:00:00,0.0,0.0
D1,FG-R1-expanded-peak2__guard-q95-suppress,13,15,2021-07-17,81,0.84375,False,108.0,108.21539203722446,0.21539203722446132,0.21539203722446132,2021-07-17 06:00:00,2021-07-17 04:00:00,-120.0,120.0
D1,FG-R1-expanded-peak2__guard-q95-suppress,13,15,2021-07-18,96,1.0,True,28.0,25.408578079994836,-2.591421920005164,2.591421920005164,2021-07-18 01:15:00,2021-07-18 11:45:00,630.0,630.0
D1,FG-R1-expanded-peak2__guard-q95-suppress,13,16,2021-07-12,96,1.0,True,198.0,188.05245720678823,-9.947542793211767,9.947542793211767,2021-07-12 08:45:00,2021-07-12 14:00:00,315.0,315.0
D1,FG-R1-expanded-peak2__guard-q95-suppress,13,16,2021-07-13,1,0.010416666666666666,False,79.0,86.55575101684164,7.55575101684164,7.55575101684164,2021-07-13 00:00:00,2021-07-13 00:00:00,0.0,0.0
D1,FG-R1-expanded-peak2__guard-q95-suppress,13,16,2021-07-17,80,0.8333333333333334,False,108.0,108.42117091073388,0.4211709107338777,0.4211709107338777,2021-07-17 06:00:00,2021-07-17 04:15:00,-105.0,105.0
D1,FG-R1-expanded-peak2__guard-q95-suppress,13,16,2021-07-18,96,1.0,True,28.0,25.229255516373133,-2.770744483626867,2.770744483626867,2021-07-18 01:15:00,2021-07-18 11:45:00,630.0,630.0
D1,FG-R1-expanded-peak2__guard-q95-suppress,15,4,2021-07-26,96,1.0,True,217.0,199.55847069503102,-17.44152930496898,17.44152930496898,2021-07-26 08:30:00,2021-07-26 11:45:00,195.0,195.0
D1,FG-R1-expanded-peak2__guard-q95-suppress,15,4,2021-07-27,96,1.0,True,211.0,199.5068817138672,-11.493118286132812,11.493118286132812,2021-07-27 11:45:00,2021-07-27 08:45:00,-180.0,180.0
D1,FG-R1-expanded-peak2__guard-q95-suppress,15,4,2021-07-28,96,1.0,True,212.0,213.3167724609375,1.3167724609375,1.3167724609375,2021-07-28 12:00:00,2021-07-28 08:45:00,-195.0,195.0
D1,FG-R1-expanded-peak2__guard-q95-suppress,15,4,2021-07-29,96,1.0,True,211.0,203.46742248535156,-7.5325775146484375,7.5325775146484375,2021-07-29 12:00:00,2021-07-29 08:30:00,-210.0,210.0
D1,FG-R1-expanded-peak2__guard-q95-suppress,15,4,2021-07-30,96,1.0,True,212.0,204.7494354248047,-7.2505645751953125,7.2505645751953125,2021-07-30 12:00:00,2021-07-30 08:45:00,-195.0,195.0
D1,FG-R1-expanded-peak2__guard-q95-suppress,15,4,2021-07-31,96,1.0,True,80.0,56.707714846781265,-23.292285153218735,23.292285153218735,2021-07-31 00:00:00,2021-07-31 01:45:00,105.0,105.0
D1,FG-R1-expanded-peak2__guard-q95-suppress,15,4,2021-08-01,96,1.0,True,28.0,30.351675588702385,2.351675588702385,2.351675588702385,2021-08-01 09:00:00,2021-08-01 23:15:00,855.0,855.0
D1,FG-R1-expanded-peak2__guard-q95-suppress,15,5,2021-07-26,96,1.0,True,217.0,202.62745595586932,-14.372544044130677,14.372544044130677,2021-07-26 08:30:00,2021-07-26 11:45:00,195.0,195.0
D1,FG-R1-expanded-peak2__guard-q95-suppress,15,5,2021-07-27,96,1.0,True,211.0,198.24609018589413,-12.753909814105867,12.753909814105867,2021-07-27 11:45:00,2021-07-27 08:30:00,-195.0,195.0
D1,FG-R1-expanded-peak2__guard-q95-suppress,15,5,2021-07-28,96,1.0,True,212.0,212.6049346923828,0.6049346923828125,0.6049346923828125,2021-07-28 12:00:00,2021-07-28 08:45:00,-195.0,195.0
D1,FG-R1-expanded-peak2__guard-q95-suppress,15,5,2021-07-29,96,1.0,True,211.0,203.40139770507812,-7.598602294921875,7.598602294921875,2021-07-29 12:00:00,2021-07-29 08:30:00,-210.0,210.0
D1,FG-R1-expanded-peak2__guard-q95-suppress,15,5,2021-07-30,96,1.0,True,212.0,206.28443908691406,-5.7155609130859375,5.7155609130859375,2021-07-30 12:00:00,2021-07-30 11:45:00,-15.0,15.0
D1,FG-R1-expanded-peak2__guard-q95-suppress,15,5,2021-07-31,96,1.0,True,80.0,60.75669783941602,-19.24330216058398,19.24330216058398,2021-07-31 00:00:00,2021-07-31 01:15:00,75.0,75.0
D1,FG-R1-expanded-peak2__guard-q95-suppress,15,5,2021-08-01,96,1.0,True,28.0,30.6528184187684,2.652818418768401,2.652818418768401,2021-08-01 09:00:00,2021-08-01 23:30:00,870.0,870.0
D1,FG-R1-expanded-peak2__guard-q95-suppress,15,6,2021-07-26,96,1.0,True,217.0,197.1911937412413,-19.808806258758693,19.808806258758693,2021-07-26 08:30:00,2021-07-26 11:45:00,195.0,195.0
D1,FG-R1-expanded-peak2__guard-q95-suppress,15,6,2021-07-27,96,1.0,True,211.0,197.4852879916853,-13.514712008314689,13.514712008314689,2021-07-27 11:45:00,2021-07-27 08:45:00,-180.0,180.0
D1,FG-R1-expanded-peak2__guard-q95-suppress,15,6,2021-07-28,96,1.0,True,212.0,210.87384033203125,-1.12615966796875,1.12615966796875,2021-07-28 12:00:00,2021-07-28 08:45:00,-195.0,195.0
D1,FG-R1-expanded-peak2__guard-q95-suppress,15,6,2021-07-29,96,1.0,True,211.0,202.74668884277344,-8.253311157226562,8.253311157226562,2021-07-29 12:00:00,2021-07-29 08:30:00,-210.0,210.0
D1,FG-R1-expanded-peak2__guard-q95-suppress,15,6,2021-07-30,96,1.0,True,212.0,206.5980224609375,-5.4019775390625,5.4019775390625,2021-07-30 12:00:00,2021-07-30 12:00:00,0.0,0.0
D1,FG-R1-expanded-peak2__guard-q95-suppress,15,6,2021-07-31,96,1.0,True,80.0,72.08127860456102,-7.918721395438979,7.918721395438979,2021-07-31 00:00:00,2021-07-31 01:30:00,90.0,90.0
D1,FG-R1-expanded-peak2__guard-q95-suppress,15,6,2021-08-01,96,1.0,True,28.0,30.63316217348077,2.6331621734807698,2.6331621734807698,2021-08-01 09:00:00,2021-08-01 23:30:00,870.0,870.0
D1,FG-R1-expanded-peak2__guard-q95-suppress,15,7,2021-07-26,96,1.0,True,217.0,198.8055418174924,-18.19445818250759,18.19445818250759,2021-07-26 08:30:00,2021-07-26 11:45:00,195.0,195.0
D1,FG-R1-expanded-peak2__guard-q95-suppress,15,7,2021-07-27,96,1.0,True,211.0,196.1570299030419,-14.842970096958112,14.842970096958112,2021-07-27 11:45:00,2021-07-27 08:45:00,-180.0,180.0
D1,FG-R1-expanded-peak2__guard-q95-suppress,15,7,2021-07-28,96,1.0,True,212.0,206.97842407226562,-5.021575927734375,5.021575927734375,2021-07-28 12:00:00,2021-07-28 08:45:00,-195.0,195.0
D1,FG-R1-expanded-peak2__guard-q95-suppress,15,7,2021-07-29,96,1.0,True,211.0,201.28421020507812,-9.715789794921875,9.715789794921875,2021-07-29 12:00:00,2021-07-29 08:30:00,-210.0,210.0
D1,FG-R1-expanded-peak2__guard-q95-suppress,15,7,2021-07-30,96,1.0,True,212.0,204.47824096679688,-7.521759033203125,7.521759033203125,2021-07-30 12:00:00,2021-07-30 12:00:00,0.0,0.0
D1,FG-R1-expanded-peak2__guard-q95-suppress,15,7,2021-07-31,96,1.0,True,80.0,73.03167292946199,-6.96832707053801,6.96832707053801,2021-07-31 00:00:00,2021-07-31 01:30:00,90.0,90.0
D1,FG-R1-expanded-peak2__guard-q95-suppress,15,7,2021-08-01,96,1.0,True,28.0,30.417307072758195,2.417307072758195,2.417307072758195,2021-08-01 09:00:00,2021-08-01 23:30:00,870.0,870.0
D1,FG-R1-expanded-peak2__guard-q95-suppress,15,8,2021-07-26,96,1.0,True,217.0,201.0053605794197,-15.994639420580313,15.994639420580313,2021-07-26 08:30:00,2021-07-26 11:45:00,195.0,195.0
D1,FG-R1-expanded-peak2__guard-q95-suppress,15,8,2021-07-27,96,1.0,True,211.0,197.79482538357232,-13.205174616427684,13.205174616427684,2021-07-27 11:45:00,2021-07-27 08:30:00,-195.0,195.0
D1,FG-R1-expanded-peak2__guard-q95-suppress,15,8,2021-07-28,96,1.0,True,212.0,208.7926483154297,-3.2073516845703125,3.2073516845703125,2021-07-28 12:00:00,2021-07-28 08:30:00,-210.0,210.0
D1,FG-R1-expanded-peak2__guard-q95-suppress,15,8,2021-07-29,96,1.0,True,211.0,202.65130615234375,-8.34869384765625,8.34869384765625,2021-07-29 12:00:00,2021-07-29 08:30:00,-210.0,210.0
D1,FG-R1-expanded-peak2__guard-q95-suppress,15,8,2021-07-30,96,1.0,True,212.0,205.8682861328125,-6.1317138671875,6.1317138671875,2021-07-30 12:00:00,2021-07-30 11:30:00,-30.0,30.0
D1,FG-R1-expanded-peak2__guard-q95-suppress,15,8,2021-07-31,96,1.0,True,80.0,75.33070963668222,-4.669290363317785,4.669290363317785,2021-07-31 00:00:00,2021-07-31 01:45:00,105.0,105.0
D1,FG-R1-expanded-peak2__guard-q95-suppress,15,8,2021-08-01,96,1.0,True,28.0,30.200847100080757,2.2008471000807575,2.2008471000807575,2021-08-01 09:00:00,2021-08-01 23:30:00,870.0,870.0
D1,FG-R1-expanded-peak2__guard-q95-suppress,15,9,2021-07-26,96,1.0,True,217.0,200.21259752659608,-16.787402473403915,16.787402473403915,2021-07-26 08:30:00,2021-07-26 11:45:00,195.0,195.0
D1,FG-R1-expanded-peak2__guard-q95-suppress,15,9,2021-07-27,96,1.0,True,211.0,198.74785703822,-12.25214296178001,12.25214296178001,2021-07-27 11:45:00,2021-07-27 08:30:00,-195.0,195.0
D1,FG-R1-expanded-peak2__guard-q95-suppress,15,9,2021-07-28,96,1.0,True,212.0,210.26893615722656,-1.7310638427734375,1.7310638427734375,2021-07-28 12:00:00,2021-07-28 08:45:00,-195.0,195.0
D1,FG-R1-expanded-peak2__guard-q95-suppress,15,9,2021-07-29,96,1.0,True,211.0,203.14669799804688,-7.853302001953125,7.853302001953125,2021-07-29 12:00:00,2021-07-29 08:30:00,-210.0,210.0
D1,FG-R1-expanded-peak2__guard-q95-suppress,15,9,2021-07-30,96,1.0,True,212.0,208.5184326171875,-3.4815673828125,3.4815673828125,2021-07-30 12:00:00,2021-07-30 12:00:00,0.0,0.0
D1,FG-R1-expanded-peak2__guard-q95-suppress,15,9,2021-07-31,96,1.0,True,80.0,75.63120768463764,-4.368792315362356,4.368792315362356,2021-07-31 00:00:00,2021-07-31 01:30:00,90.0,90.0
D1,FG-R1-expanded-peak2__guard-q95-suppress,15,9,2021-08-01,96,1.0,True,28.0,30.504217013649928,2.504217013649928,2.504217013649928,2021-08-01 09:00:00,2021-08-01 02:00:00,-420.0,420.0
D1,FG-R1-expanded-peak2__guard-q95-suppress,15,10,2021-07-26,96,1.0,True,217.0,199.73837320642068,-17.261626793579325,17.261626793579325,2021-07-26 08:30:00,2021-07-26 11:45:00,195.0,195.0
D1,FG-R1-expanded-peak2__guard-q95-suppress,15,10,2021-07-27,96,1.0,True,211.0,200.17822824030276,-10.821771759697242,10.821771759697242,2021-07-27 11:45:00,2021-07-27 08:30:00,-195.0,195.0
D1,FG-R1-expanded-peak2__guard-q95-suppress,15,10,2021-07-28,96,1.0,True,212.0,211.09017944335938,-0.909820556640625,0.909820556640625,2021-07-28 12:00:00,2021-07-28 08:45:00,-195.0,195.0
D1,FG-R1-expanded-peak2__guard-q95-suppress,15,10,2021-07-29,96,1.0,True,211.0,202.27423095703125,-8.72576904296875,8.72576904296875,2021-07-29 12:00:00,2021-07-29 08:30:00,-210.0,210.0
D1,FG-R1-expanded-peak2__guard-q95-suppress,15,10,2021-07-30,96,1.0,True,212.0,208.46121215820312,-3.538787841796875,3.538787841796875,2021-07-30 12:00:00,2021-07-30 12:00:00,0.0,0.0
D1,FG-R1-expanded-peak2__guard-q95-suppress,15,10,2021-07-31,96,1.0,True,80.0,76.38023636763828,-3.6197636323617246,3.6197636323617246,2021-07-31 00:00:00,2021-07-31 01:45:00,105.0,105.0
D1,FG-R1-expanded-peak2__guard-q95-suppress,15,10,2021-08-01,96,1.0,True,28.0,30.56092727971167,2.5609272797116702,2.5609272797116702,2021-08-01 09:00:00,2021-08-01 02:15:00,-405.0,405.0
D1,FG-R1-expanded-peak2__guard-q95-suppress,15,11,2021-07-26,96,1.0,True,217.0,203.26257866321083,-13.737421336789168,13.737421336789168,2021-07-26 08:30:00,2021-07-26 11:45:00,195.0,195.0
D1,FG-R1-expanded-peak2__guard-q95-suppress,15,11,2021-07-27,96,1.0,True,211.0,200.75884875310481,-10.241151246895186,10.241151246895186,2021-07-27 11:45:00,2021-07-27 08:45:00,-180.0,180.0
D1,FG-R1-expanded-peak2__guard-q95-suppress,15,11,2021-07-28,96,1.0,True,212.0,210.920166015625,-1.079833984375,1.079833984375,2021-07-28 12:00:00,2021-07-28 08:45:00,-195.0,195.0
D1,FG-R1-expanded-peak2__guard-q95-suppress,15,11,2021-07-29,96,1.0,True,211.0,201.97979736328125,-9.02020263671875,9.02020263671875,2021-07-29 12:00:00,2021-07-29 11:45:00,-15.0,15.0
D1,FG-R1-expanded-peak2__guard-q95-suppress,15,11,2021-07-30,96,1.0,True,212.0,207.0131378173828,-4.9868621826171875,4.9868621826171875,2021-07-30 12:00:00,2021-07-30 11:45:00,-15.0,15.0
D1,FG-R1-expanded-peak2__guard-q95-suppress,15,11,2021-07-31,96,1.0,True,80.0,75.66563243260025,-4.334367567399752,4.334367567399752,2021-07-31 00:00:00,2021-07-31 01:45:00,105.0,105.0
D1,FG-R1-expanded-peak2__guard-q95-suppress,15,11,2021-08-01,96,1.0,True,28.0,29.7699051474022,1.7699051474021985,1.7699051474021985,2021-08-01 09:00:00,2021-08-01 02:15:00,-405.0,405.0
D1,FG-R1-expanded-peak2__guard-q95-suppress,15,12,2021-07-26,96,1.0,True,217.0,201.90129116350957,-15.098708836490431,15.098708836490431,2021-07-26 08:30:00,2021-07-26 11:45:00,195.0,195.0
D1,FG-R1-expanded-peak2__guard-q95-suppress,15,12,2021-07-27,96,1.0,True,211.0,198.79311274057568,-12.20688725942432,12.20688725942432,2021-07-27 11:45:00,2021-07-27 08:45:00,-180.0,180.0
D1,FG-R1-expanded-peak2__guard-q95-suppress,15,12,2021-07-28,96,1.0,True,212.0,209.4625244140625,-2.5374755859375,2.5374755859375,2021-07-28 12:00:00,2021-07-28 08:45:00,-195.0,195.0
D1,FG-R1-expanded-peak2__guard-q95-suppress,15,12,2021-07-29,96,1.0,True,211.0,200.75,-10.25,10.25,2021-07-29 12:00:00,2021-07-29 11:45:00,-15.0,15.0
D1,FG-R1-expanded-peak2__guard-q95-suppress,15,12,2021-07-30,96,1.0,True,212.0,207.71359252929688,-4.286407470703125,4.286407470703125,2021-07-30 12:00:00,2021-07-30 12:00:00,0.0,0.0
D1,FG-R1-expanded-peak2__guard-q95-suppress,15,12,2021-07-31,96,1.0,True,80.0,75.35551273956317,-4.644487260436833,4.644487260436833,2021-07-31 00:00:00,2021-07-31 01:45:00,105.0,105.0
D1,FG-R1-expanded-peak2__guard-q95-suppress,15,12,2021-08-01,96,1.0,True,28.0,29.796751824963025,1.7967518249630245,1.7967518249630245,2021-08-01 09:00:00,2021-08-01 02:15:00,-405.0,405.0
D1,FG-R1-expanded-peak2__guard-q95-suppress,15,13,2021-07-26,96,1.0,True,217.0,202.9958070822271,-14.004192917772912,14.004192917772912,2021-07-26 08:30:00,2021-07-26 11:45:00,195.0,195.0
D1,FG-R1-expanded-peak2__guard-q95-suppress,15,13,2021-07-27,96,1.0,True,211.0,196.7305321125414,-14.269467887458603,14.269467887458603,2021-07-27 11:45:00,2021-07-27 11:45:00,0.0,0.0
D1,FG-R1-expanded-peak2__guard-q95-suppress,15,13,2021-07-28,96,1.0,True,212.0,206.42550659179688,-5.574493408203125,5.574493408203125,2021-07-28 12:00:00,2021-07-28 11:45:00,-15.0,15.0
D1,FG-R1-expanded-peak2__guard-q95-suppress,15,13,2021-07-29,96,1.0,True,211.0,200.72056579589844,-10.279434204101562,10.279434204101562,2021-07-29 12:00:00,2021-07-29 11:45:00,-15.0,15.0
D1,FG-R1-expanded-peak2__guard-q95-suppress,15,13,2021-07-30,96,1.0,True,212.0,207.84283447265625,-4.15716552734375,4.15716552734375,2021-07-30 12:00:00,2021-07-30 11:45:00,-15.0,15.0
D1,FG-R1-expanded-peak2__guard-q95-suppress,15,13,2021-07-31,96,1.0,True,80.0,76.23344757547711,-3.766552424522885,3.766552424522885,2021-07-31 00:00:00,2021-07-31 01:45:00,105.0,105.0
D1,FG-R1-expanded-peak2__guard-q95-suppress,15,13,2021-08-01,96,1.0,True,28.0,28.97961358854663,0.9796135885466306,0.9796135885466306,2021-08-01 09:00:00,2021-08-01 02:15:00,-405.0,405.0
D1,FG-R1-expanded-peak2__guard-q95-suppress,15,14,2021-07-26,96,1.0,True,217.0,197.30923857230786,-19.690761427692138,19.690761427692138,2021-07-26 08:30:00,2021-07-26 08:45:00,15.0,15.0
D1,FG-R1-expanded-peak2__guard-q95-suppress,15,14,2021-07-27,96,1.0,True,211.0,197.27800046440262,-13.721999535597377,13.721999535597377,2021-07-27 11:45:00,2021-07-27 12:00:00,15.0,15.0
D1,FG-R1-expanded-peak2__guard-q95-suppress,15,14,2021-07-28,96,1.0,True,212.0,208.71441650390625,-3.28558349609375,3.28558349609375,2021-07-28 12:00:00,2021-07-28 11:45:00,-15.0,15.0
D1,FG-R1-expanded-peak2__guard-q95-suppress,15,14,2021-07-29,96,1.0,True,211.0,201.53224182128906,-9.467758178710938,9.467758178710938,2021-07-29 12:00:00,2021-07-29 11:45:00,-15.0,15.0
D1,FG-R1-expanded-peak2__guard-q95-suppress,15,14,2021-07-30,96,1.0,True,212.0,209.84494018554688,-2.155059814453125,2.155059814453125,2021-07-30 12:00:00,2021-07-30 12:00:00,0.0,0.0
D1,FG-R1-expanded-peak2__guard-q95-suppress,15,14,2021-07-31,96,1.0,True,80.0,74.5709266811009,-5.4290733188991,5.4290733188991,2021-07-31 00:00:00,2021-07-31 01:45:00,105.0,105.0
D1,FG-R1-expanded-peak2__guard-q95-suppress,15,14,2021-08-01,96,1.0,True,28.0,29.17367730280018,1.1736773028001792,1.1736773028001792,2021-08-01 09:00:00,2021-08-01 03:30:00,-330.0,330.0
D1,FG-R1-expanded-peak2__guard-q95-suppress,15,15,2021-07-26,96,1.0,True,217.0,195.8381585524853,-21.16184144751469,21.16184144751469,2021-07-26 08:30:00,2021-07-26 11:45:00,195.0,195.0
D1,FG-R1-expanded-peak2__guard-q95-suppress,15,15,2021-07-27,96,1.0,True,211.0,195.2646484375,-15.7353515625,15.7353515625,2021-07-27 11:45:00,2021-07-27 08:45:00,-180.0,180.0
D1,FG-R1-expanded-peak2__guard-q95-suppress,15,15,2021-07-28,96,1.0,True,212.0,208.3951873779297,-3.6048126220703125,3.6048126220703125,2021-07-28 12:00:00,2021-07-28 08:45:00,-195.0,195.0
D1,FG-R1-expanded-peak2__guard-q95-suppress,15,15,2021-07-29,96,1.0,True,211.0,200.53790283203125,-10.46209716796875,10.46209716796875,2021-07-29 12:00:00,2021-07-29 11:45:00,-15.0,15.0
D1,FG-R1-expanded-peak2__guard-q95-suppress,15,15,2021-07-30,96,1.0,True,212.0,209.4776611328125,-2.5223388671875,2.5223388671875,2021-07-30 12:00:00,2021-07-30 12:00:00,0.0,0.0
D1,FG-R1-expanded-peak2__guard-q95-suppress,15,15,2021-07-31,96,1.0,True,80.0,75.49653769375104,-4.503462306248963,4.503462306248963,2021-07-31 00:00:00,2021-07-31 01:45:00,105.0,105.0
D1,FG-R1-expanded-peak2__guard-q95-suppress,15,15,2021-08-01,96,1.0,True,28.0,29.34953479917142,1.349534799171419,1.349534799171419,2021-08-01 09:00:00,2021-08-01 03:30:00,-330.0,330.0
D1,FG-R1-expanded-peak2__guard-q95-suppress,15,16,2021-07-26,96,1.0,True,217.0,194.21620738859755,-22.783792611402447,22.783792611402447,2021-07-26 08:30:00,2021-07-26 08:45:00,15.0,15.0
D1,FG-R1-expanded-peak2__guard-q95-suppress,15,16,2021-07-27,96,1.0,True,211.0,195.40078735351562,-15.599212646484375,15.599212646484375,2021-07-27 11:45:00,2021-07-27 08:45:00,-180.0,180.0
D1,FG-R1-expanded-peak2__guard-q95-suppress,15,16,2021-07-28,96,1.0,True,212.0,208.3544921875,-3.6455078125,3.6455078125,2021-07-28 12:00:00,2021-07-28 11:45:00,-15.0,15.0
D1,FG-R1-expanded-peak2__guard-q95-suppress,15,16,2021-07-29,96,1.0,True,211.0,201.66738891601562,-9.332611083984375,9.332611083984375,2021-07-29 12:00:00,2021-07-29 11:45:00,-15.0,15.0
D1,FG-R1-expanded-peak2__guard-q95-suppress,15,16,2021-07-30,96,1.0,True,212.0,207.12864685058594,-4.8713531494140625,4.8713531494140625,2021-07-30 12:00:00,2021-07-30 12:00:00,0.0,0.0
D1,FG-R1-expanded-peak2__guard-q95-suppress,15,16,2021-07-31,96,1.0,True,80.0,74.90402933131327,-5.095970668686732,5.095970668686732,2021-07-31 00:00:00,2021-07-31 03:45:00,225.0,225.0
D1,FG-R1-expanded-peak2__guard-q95-suppress,15,16,2021-08-01,96,1.0,True,28.0,30.113944924085295,2.1139449240852954,2.1139449240852954,2021-08-01 09:00:00,2021-08-01 03:30:00,-330.0,330.0
D2,FG-R1-expanded-peak2__guard-q95-suppress,1,4,2021-04-19,96,1.0,True,172.0,174.69909901379862,2.699099013798616,2.699099013798616,2021-04-19 08:45:00,2021-04-19 13:15:00,270.0,270.0
D2,FG-R1-expanded-peak2__guard-q95-suppress,1,4,2021-04-20,96,1.0,True,172.0,172.2922821044922,0.2922821044921875,0.2922821044921875,2021-04-20 08:45:00,2021-04-20 09:00:00,15.0,15.0
D2,FG-R1-expanded-peak2__guard-q95-suppress,1,4,2021-04-21,96,1.0,True,174.0,176.7132544343902,2.713254434390194,2.713254434390194,2021-04-21 08:30:00,2021-04-21 09:00:00,30.0,30.0
D2,FG-R1-expanded-peak2__guard-q95-suppress,1,4,2021-04-22,96,1.0,True,174.0,171.10624886080123,-2.89375113919877,2.89375113919877,2021-04-22 08:30:00,2021-04-22 10:30:00,120.0,120.0
D2,FG-R1-expanded-peak2__guard-q95-suppress,1,4,2021-04-23,96,1.0,True,174.0,173.63237485898995,-0.36762514101005195,0.36762514101005195,2021-04-23 08:30:00,2021-04-23 10:30:00,120.0,120.0
D2,FG-R1-expanded-peak2__guard-q95-suppress,1,4,2021-04-24,96,1.0,True,112.0,111.55273807464884,-0.4472619253511567,0.4472619253511567,2021-04-24 06:15:00,2021-04-24 04:30:00,-105.0,105.0
D2,FG-R1-expanded-peak2__guard-q95-suppress,1,4,2021-04-25,96,1.0,True,25.0,47.28575811134129,22.285758111341288,22.285758111341288,2021-04-25 01:30:00,2021-04-25 00:45:00,-45.0,45.0
D2,FG-R1-expanded-peak2__guard-q95-suppress,1,5,2021-04-19,96,1.0,True,172.0,174.7845908859131,2.7845908859131043,2.7845908859131043,2021-04-19 08:45:00,2021-04-19 13:15:00,270.0,270.0
D2,FG-R1-expanded-peak2__guard-q95-suppress,1,5,2021-04-20,96,1.0,True,172.0,170.38290405273438,-1.617095947265625,1.617095947265625,2021-04-20 08:45:00,2021-04-20 09:00:00,15.0,15.0
D2,FG-R1-expanded-peak2__guard-q95-suppress,1,5,2021-04-21,96,1.0,True,174.0,176.10622485213972,2.106224852139718,2.106224852139718,2021-04-21 08:30:00,2021-04-21 09:00:00,30.0,30.0
D2,FG-R1-expanded-peak2__guard-q95-suppress,1,5,2021-04-22,96,1.0,True,174.0,170.52870308693448,-3.4712969130655154,3.4712969130655154,2021-04-22 08:30:00,2021-04-22 10:30:00,120.0,120.0
D2,FG-R1-expanded-peak2__guard-q95-suppress,1,5,2021-04-23,96,1.0,True,174.0,172.66481948491688,-1.335180515083124,1.335180515083124,2021-04-23 08:30:00,2021-04-23 08:30:00,0.0,0.0
D2,FG-R1-expanded-peak2__guard-q95-suppress,1,5,2021-04-24,96,1.0,True,112.0,111.28353509946623,-0.7164649005337651,0.7164649005337651,2021-04-24 06:15:00,2021-04-24 04:45:00,-90.0,90.0
D2,FG-R1-expanded-peak2__guard-q95-suppress,1,5,2021-04-25,96,1.0,True,25.0,48.32649144874363,23.32649144874363,23.32649144874363,2021-04-25 01:30:00,2021-04-25 01:00:00,-30.0,30.0
D2,FG-R1-expanded-peak2__guard-q95-suppress,1,6,2021-04-19,96,1.0,True,172.0,175.01272431434072,3.0127243143407156,3.0127243143407156,2021-04-19 08:45:00,2021-04-19 13:15:00,270.0,270.0
D2,FG-R1-expanded-peak2__guard-q95-suppress,1,6,2021-04-20,96,1.0,True,172.0,167.57872009277344,-4.4212799072265625,4.4212799072265625,2021-04-20 08:45:00,2021-04-20 08:45:00,0.0,0.0
D2,FG-R1-expanded-peak2__guard-q95-suppress,1,6,2021-04-21,96,1.0,True,174.0,174.23042465524185,0.23042465524184763,0.23042465524184763,2021-04-21 08:30:00,2021-04-21 09:00:00,30.0,30.0
D2,FG-R1-expanded-peak2__guard-q95-suppress,1,6,2021-04-22,96,1.0,True,174.0,171.11104690206767,-2.8889530979323297,2.8889530979323297,2021-04-22 08:30:00,2021-04-22 10:30:00,120.0,120.0
D2,FG-R1-expanded-peak2__guard-q95-suppress,1,6,2021-04-23,96,1.0,True,174.0,173.4394138900216,-0.5605861099784022,0.5605861099784022,2021-04-23 08:30:00,2021-04-23 08:30:00,0.0,0.0
D2,FG-R1-expanded-peak2__guard-q95-suppress,1,6,2021-04-24,96,1.0,True,112.0,109.51442589068863,-2.485574109311372,2.485574109311372,2021-04-24 06:15:00,2021-04-24 06:15:00,0.0,0.0
D2,FG-R1-expanded-peak2__guard-q95-suppress,1,6,2021-04-25,96,1.0,True,25.0,61.54499791682129,36.54499791682129,36.54499791682129,2021-04-25 01:30:00,2021-04-25 01:15:00,-15.0,15.0
D2,FG-R1-expanded-peak2__guard-q95-suppress,1,7,2021-04-19,96,1.0,True,172.0,174.6144323995248,2.6144323995247873,2.6144323995247873,2021-04-19 08:45:00,2021-04-19 13:15:00,270.0,270.0
D2,FG-R1-expanded-peak2__guard-q95-suppress,1,7,2021-04-20,96,1.0,True,172.0,167.39303588867188,-4.606964111328125,4.606964111328125,2021-04-20 08:45:00,2021-04-20 09:00:00,15.0,15.0
D2,FG-R1-expanded-peak2__guard-q95-suppress,1,7,2021-04-21,96,1.0,True,174.0,173.2765545404355,-0.7234454595644877,0.7234454595644877,2021-04-21 08:30:00,2021-04-21 09:00:00,30.0,30.0
D2,FG-R1-expanded-peak2__guard-q95-suppress,1,7,2021-04-22,96,1.0,True,174.0,169.59835809986347,-4.401641900136525,4.401641900136525,2021-04-22 08:30:00,2021-04-22 10:45:00,135.0,135.0
D2,FG-R1-expanded-peak2__guard-q95-suppress,1,7,2021-04-23,96,1.0,True,174.0,173.164544905996,-0.8354550940040042,0.8354550940040042,2021-04-23 08:30:00,2021-04-23 10:30:00,120.0,120.0
D2,FG-R1-expanded-peak2__guard-q95-suppress,1,7,2021-04-24,96,1.0,True,112.0,109.18540063064874,-2.8145993693512565,2.8145993693512565,2021-04-24 06:15:00,2021-04-24 04:45:00,-90.0,90.0
D2,FG-R1-expanded-peak2__guard-q95-suppress,1,7,2021-04-25,96,1.0,True,25.0,67.33989735169432,42.33989735169432,42.33989735169432,2021-04-25 01:30:00,2021-04-25 01:30:00,0.0,0.0
D2,FG-R1-expanded-peak2__guard-q95-suppress,1,8,2021-04-19,96,1.0,True,172.0,173.9270544698373,1.9270544698372873,1.9270544698372873,2021-04-19 08:45:00,2021-04-19 13:15:00,270.0,270.0
D2,FG-R1-expanded-peak2__guard-q95-suppress,1,8,2021-04-20,96,1.0,True,172.0,165.07377469017837,-6.926225309821632,6.926225309821632,2021-04-20 08:45:00,2021-04-20 11:45:00,180.0,180.0
D2,FG-R1-expanded-peak2__guard-q95-suppress,1,8,2021-04-21,96,1.0,True,174.0,175.27760920216764,1.277609202167639,1.277609202167639,2021-04-21 08:30:00,2021-04-21 09:00:00,30.0,30.0
D2,FG-R1-expanded-peak2__guard-q95-suppress,1,8,2021-04-22,96,1.0,True,174.0,171.73210965802465,-2.2678903419753453,2.2678903419753453,2021-04-22 08:30:00,2021-04-22 08:30:00,0.0,0.0
D2,FG-R1-expanded-peak2__guard-q95-suppress,1,8,2021-04-23,96,1.0,True,174.0,174.6612674132933,0.6612674132933023,0.6612674132933023,2021-04-23 08:30:00,2021-04-23 08:30:00,0.0,0.0
D2,FG-R1-expanded-peak2__guard-q95-suppress,1,8,2021-04-24,96,1.0,True,112.0,108.93069303277407,-3.069306967225927,3.069306967225927,2021-04-24 06:15:00,2021-04-24 02:30:00,-225.0,225.0
D2,FG-R1-expanded-peak2__guard-q95-suppress,1,8,2021-04-25,96,1.0,True,25.0,66.74013834621181,41.74013834621181,41.74013834621181,2021-04-25 01:30:00,2021-04-25 01:45:00,15.0,15.0
D2,FG-R1-expanded-peak2__guard-q95-suppress,1,9,2021-04-19,96,1.0,True,172.0,174.06173392230704,2.0617339223070417,2.0617339223070417,2021-04-19 08:45:00,2021-04-19 13:15:00,270.0,270.0
D2,FG-R1-expanded-peak2__guard-q95-suppress,1,9,2021-04-20,96,1.0,True,172.0,165.74792324974868,-6.2520767502513195,6.2520767502513195,2021-04-20 08:45:00,2021-04-20 12:00:00,195.0,195.0
D2,FG-R1-expanded-peak2__guard-q95-suppress,1,9,2021-04-21,96,1.0,True,174.0,175.08302912404264,1.083029124042639,1.083029124042639,2021-04-21 08:30:00,2021-04-21 09:00:00,30.0,30.0
D2,FG-R1-expanded-peak2__guard-q95-suppress,1,9,2021-04-22,96,1.0,True,174.0,171.43686429160883,-2.5631357083911723,2.5631357083911723,2021-04-22 08:30:00,2021-04-22 08:30:00,0.0,0.0
D2,FG-R1-expanded-peak2__guard-q95-suppress,1,9,2021-04-23,96,1.0,True,174.0,173.78759829811895,-0.21240170188104912,0.21240170188104912,2021-04-23 08:30:00,2021-04-23 10:30:00,120.0,120.0
D2,FG-R1-expanded-peak2__guard-q95-suppress,1,9,2021-04-24,96,1.0,True,112.0,109.70383864354469,-2.2961613564553147,2.2961613564553147,2021-04-24 06:15:00,2021-04-24 04:45:00,-90.0,90.0
D2,FG-R1-expanded-peak2__guard-q95-suppress,1,9,2021-04-25,96,1.0,True,25.0,63.46256571437586,38.46256571437586,38.46256571437586,2021-04-25 01:30:00,2021-04-25 02:00:00,30.0,30.0
D2,FG-R1-expanded-peak2__guard-q95-suppress,1,10,2021-04-19,96,1.0,True,172.0,177.58958083779518,5.589580837795182,5.589580837795182,2021-04-19 08:45:00,2021-04-19 13:15:00,270.0,270.0
D2,FG-R1-expanded-peak2__guard-q95-suppress,1,10,2021-04-20,96,1.0,True,172.0,165.4601287841797,-6.5398712158203125,6.5398712158203125,2021-04-20 08:45:00,2021-04-20 11:15:00,150.0,150.0
D2,FG-R1-expanded-peak2__guard-q95-suppress,1,10,2021-04-21,96,1.0,True,174.0,176.4174799907031,2.4174799907031,2.4174799907031,2021-04-21 08:30:00,2021-04-21 09:00:00,30.0,30.0
D2,FG-R1-expanded-peak2__guard-q95-suppress,1,10,2021-04-22,96,1.0,True,174.0,170.6669492127947,-3.333050787205309,3.333050787205309,2021-04-22 08:30:00,2021-04-22 11:00:00,150.0,150.0
D2,FG-R1-expanded-peak2__guard-q95-suppress,1,10,2021-04-23,96,1.0,True,174.0,175.30296352262175,1.3029635226217522,1.3029635226217522,2021-04-23 08:30:00,2021-04-23 08:30:00,0.0,0.0
D2,FG-R1-expanded-peak2__guard-q95-suppress,1,10,2021-04-24,96,1.0,True,112.0,112.78372916631574,0.7837291663157373,0.7837291663157373,2021-04-24 06:15:00,2021-04-24 04:45:00,-90.0,90.0
D2,FG-R1-expanded-peak2__guard-q95-suppress,1,10,2021-04-25,96,1.0,True,25.0,62.91226523433227,37.91226523433227,37.91226523433227,2021-04-25 01:30:00,2021-04-25 02:15:00,45.0,45.0
D2,FG-R1-expanded-peak2__guard-q95-suppress,1,11,2021-04-19,96,1.0,True,172.0,176.04868044701857,4.048680447018569,4.048680447018569,2021-04-19 08:45:00,2021-04-19 13:15:00,270.0,270.0
D2,FG-R1-expanded-peak2__guard-q95-suppress,1,11,2021-04-20,96,1.0,True,172.0,164.18147140011254,-7.818528599887458,7.818528599887458,2021-04-20 08:45:00,2021-04-20 12:00:00,195.0,195.0
D2,FG-R1-expanded-peak2__guard-q95-suppress,1,11,2021-04-21,96,1.0,True,174.0,175.87219083352696,1.8721908335269575,1.8721908335269575,2021-04-21 08:30:00,2021-04-21 09:00:00,30.0,30.0
D2,FG-R1-expanded-peak2__guard-q95-suppress,1,11,2021-04-22,96,1.0,True,174.0,169.9558795391604,-4.0441204608395935,4.0441204608395935,2021-04-22 08:30:00,2021-04-22 11:00:00,150.0,150.0
D2,FG-R1-expanded-peak2__guard-q95-suppress,1,11,2021-04-23,96,1.0,True,174.0,171.9166859331624,-2.083314066837602,2.083314066837602,2021-04-23 08:30:00,2021-04-23 11:00:00,150.0,150.0
D2,FG-R1-expanded-peak2__guard-q95-suppress,1,11,2021-04-24,96,1.0,True,112.0,112.23099512288093,0.23099512288092683,0.23099512288092683,2021-04-24 06:15:00,2021-04-24 04:45:00,-90.0,90.0
D2,FG-R1-expanded-peak2__guard-q95-suppress,1,11,2021-04-25,96,1.0,True,25.0,62.87820436861584,37.87820436861584,37.87820436861584,2021-04-25 01:30:00,2021-04-25 02:30:00,60.0,60.0
D2,FG-R1-expanded-peak2__guard-q95-suppress,1,12,2021-04-19,96,1.0,True,172.0,174.60140304573986,2.6014030457398576,2.6014030457398576,2021-04-19 08:45:00,2021-04-19 13:15:00,270.0,270.0
D2,FG-R1-expanded-peak2__guard-q95-suppress,1,12,2021-04-20,96,1.0,True,172.0,164.37123107910156,-7.6287689208984375,7.6287689208984375,2021-04-20 08:45:00,2021-04-20 11:45:00,180.0,180.0
D2,FG-R1-expanded-peak2__guard-q95-suppress,1,12,2021-04-21,96,1.0,True,174.0,175.85314786477696,1.8531478647769575,1.8531478647769575,2021-04-21 08:30:00,2021-04-21 09:00:00,30.0,30.0
D2,FG-R1-expanded-peak2__guard-q95-suppress,1,12,2021-04-22,96,1.0,True,174.0,170.2756264499796,-3.7243735500204025,3.7243735500204025,2021-04-22 08:30:00,2021-04-22 08:30:00,0.0,0.0
D2,FG-R1-expanded-peak2__guard-q95-suppress,1,12,2021-04-23,96,1.0,True,174.0,172.92976740048712,-1.0702325995128774,1.0702325995128774,2021-04-23 08:30:00,2021-04-23 10:45:00,135.0,135.0
D2,FG-R1-expanded-peak2__guard-q95-suppress,1,12,2021-04-24,96,1.0,True,112.0,111.72969205866738,-0.27030794133261793,0.27030794133261793,2021-04-24 06:15:00,2021-04-24 04:45:00,-90.0,90.0
D2,FG-R1-expanded-peak2__guard-q95-suppress,1,12,2021-04-25,96,1.0,True,25.0,63.05013983760375,38.05013983760375,38.05013983760375,2021-04-25 01:30:00,2021-04-25 02:45:00,75.0,75.0
D2,FG-R1-expanded-peak2__guard-q95-suppress,1,13,2021-04-19,96,1.0,True,172.0,172.9745964221616,0.9745964221615964,0.9745964221615964,2021-04-19 08:45:00,2021-04-19 13:15:00,270.0,270.0
D2,FG-R1-expanded-peak2__guard-q95-suppress,1,13,2021-04-20,96,1.0,True,172.0,163.78182983398438,-8.218170166015625,8.218170166015625,2021-04-20 08:45:00,2021-04-20 11:00:00,135.0,135.0
D2,FG-R1-expanded-peak2__guard-q95-suppress,1,13,2021-04-21,96,1.0,True,174.0,173.00378094475136,-0.9962190552486447,0.9962190552486447,2021-04-21 08:30:00,2021-04-21 09:00:00,30.0,30.0
D2,FG-R1-expanded-peak2__guard-q95-suppress,1,13,2021-04-22,96,1.0,True,174.0,171.47306812025627,-2.526931879743728,2.526931879743728,2021-04-22 08:30:00,2021-04-22 10:30:00,120.0,120.0
D2,FG-R1-expanded-peak2__guard-q95-suppress,1,13,2021-04-23,96,1.0,True,174.0,173.70704159086011,-0.29295840913988513,0.29295840913988513,2021-04-23 08:30:00,2021-04-23 11:00:00,150.0,150.0
D2,FG-R1-expanded-peak2__guard-q95-suppress,1,13,2021-04-24,96,1.0,True,112.0,111.27767175862311,-0.7223282413768857,0.7223282413768857,2021-04-24 06:15:00,2021-04-24 04:45:00,-90.0,90.0
D2,FG-R1-expanded-peak2__guard-q95-suppress,1,13,2021-04-25,96,1.0,True,25.0,60.497699194293205,35.497699194293205,35.497699194293205,2021-04-25 01:30:00,2021-04-25 03:00:00,90.0,90.0
D2,FG-R1-expanded-peak2__guard-q95-suppress,1,14,2021-04-19,96,1.0,True,172.0,173.39872416156157,1.3987241615615744,1.3987241615615744,2021-04-19 08:45:00,2021-04-19 13:15:00,270.0,270.0
D2,FG-R1-expanded-peak2__guard-q95-suppress,1,14,2021-04-20,96,1.0,True,172.0,165.9497528076172,-6.0502471923828125,6.0502471923828125,2021-04-20 08:45:00,2021-04-20 09:00:00,15.0,15.0
D2,FG-R1-expanded-peak2__guard-q95-suppress,1,14,2021-04-21,96,1.0,True,174.0,173.8388006143103,-0.16119938568971293,0.16119938568971293,2021-04-21 08:30:00,2021-04-21 12:00:00,210.0,210.0
D2,FG-R1-expanded-peak2__guard-q95-suppress,1,14,2021-04-22,96,1.0,True,174.0,171.225948167769,-2.7740518322310095,2.7740518322310095,2021-04-22 08:30:00,2021-04-22 10:45:00,135.0,135.0
D2,FG-R1-expanded-peak2__guard-q95-suppress,1,14,2021-04-23,96,1.0,True,174.0,172.4074902864867,-1.5925097135132944,1.5925097135132944,2021-04-23 08:30:00,2021-04-23 10:30:00,120.0,120.0
D2,FG-R1-expanded-peak2__guard-q95-suppress,1,14,2021-04-24,96,1.0,True,112.0,110.75412743500905,-1.2458725649909468,1.2458725649909468,2021-04-24 06:15:00,2021-04-24 04:45:00,-90.0,90.0
D2,FG-R1-expanded-peak2__guard-q95-suppress,1,14,2021-04-25,96,1.0,True,25.0,54.727345243264196,29.727345243264196,29.727345243264196,2021-04-25 01:30:00,2021-04-25 03:15:00,105.0,105.0
D2,FG-R1-expanded-peak2__guard-q95-suppress,1,15,2021-04-19,96,1.0,True,172.0,169.73714324950615,-2.262856750493853,2.262856750493853,2021-04-19 08:45:00,2021-04-19 13:15:00,270.0,270.0
D2,FG-R1-expanded-peak2__guard-q95-suppress,1,15,2021-04-20,96,1.0,True,172.0,164.26638793945312,-7.733612060546875,7.733612060546875,2021-04-20 08:45:00,2021-04-20 11:45:00,180.0,180.0
D2,FG-R1-expanded-peak2__guard-q95-suppress,1,15,2021-04-21,96,1.0,True,174.0,173.46449531704266,-0.5355046829573382,0.5355046829573382,2021-04-21 08:30:00,2021-04-21 12:00:00,210.0,210.0
D2,FG-R1-expanded-peak2__guard-q95-suppress,1,15,2021-04-22,96,1.0,True,174.0,169.67467097806082,-4.325329021939183,4.325329021939183,2021-04-22 08:30:00,2021-04-22 11:00:00,150.0,150.0
D2,FG-R1-expanded-peak2__guard-q95-suppress,1,15,2021-04-23,96,1.0,True,174.0,172.1289716097289,-1.871028390271107,1.871028390271107,2021-04-23 08:30:00,2021-04-23 10:30:00,120.0,120.0
D2,FG-R1-expanded-peak2__guard-q95-suppress,1,15,2021-04-24,96,1.0,True,112.0,111.03731023680264,-0.9626897631973605,0.9626897631973605,2021-04-24 06:15:00,2021-04-24 04:45:00,-90.0,90.0
D2,FG-R1-expanded-peak2__guard-q95-suppress,1,15,2021-04-25,96,1.0,True,25.0,58.62733879700678,33.62733879700678,33.62733879700678,2021-04-25 01:30:00,2021-04-25 03:30:00,120.0,120.0
D2,FG-R1-expanded-peak2__guard-q95-suppress,1,16,2021-04-19,96,1.0,True,172.0,174.05627277783248,2.0562727778324756,2.0562727778324756,2021-04-19 08:45:00,2021-04-19 13:15:00,270.0,270.0
D2,FG-R1-expanded-peak2__guard-q95-suppress,1,16,2021-04-20,96,1.0,True,172.0,164.91506958007812,-7.084930419921875,7.084930419921875,2021-04-20 08:45:00,2021-04-20 11:45:00,180.0,180.0
D2,FG-R1-expanded-peak2__guard-q95-suppress,1,16,2021-04-21,96,1.0,True,174.0,172.3926593287485,-1.6073406712515066,1.6073406712515066,2021-04-21 08:30:00,2021-04-21 12:00:00,210.0,210.0
D2,FG-R1-expanded-peak2__guard-q95-suppress,1,16,2021-04-22,96,1.0,True,174.0,171.9269898547946,-2.0730101452053873,2.0730101452053873,2021-04-22 08:30:00,2021-04-22 10:30:00,120.0,120.0
D2,FG-R1-expanded-peak2__guard-q95-suppress,1,16,2021-04-23,96,1.0,True,174.0,174.70101434198497,0.7010143419849726,0.7010143419849726,2021-04-23 08:30:00,2021-04-23 10:30:00,120.0,120.0
D2,FG-R1-expanded-peak2__guard-q95-suppress,1,16,2021-04-24,96,1.0,True,112.0,112.86374778496956,0.8637477849695614,0.8637477849695614,2021-04-24 06:15:00,2021-04-24 04:45:00,-90.0,90.0
D2,FG-R1-expanded-peak2__guard-q95-suppress,1,16,2021-04-25,96,1.0,True,25.0,58.34076758335893,33.34076758335893,33.34076758335893,2021-04-25 01:30:00,2021-04-25 03:45:00,135.0,135.0
D2,FG-R1-expanded-peak2__guard-q95-suppress,3,4,2021-05-05,95,0.9895833333333334,False,120.0,168.35841016735966,48.358410167359665,48.358410167359665,2021-05-05 04:15:00,2021-05-05 08:30:00,255.0,255.0
D2,FG-R1-expanded-peak2__guard-q95-suppress,3,4,2021-05-06,96,1.0,True,199.0,178.87295393144268,-20.12704606855732,20.12704606855732,2021-05-06 09:00:00,2021-05-06 12:00:00,180.0,180.0
D2,FG-R1-expanded-peak2__guard-q95-suppress,3,4,2021-05-07,96,1.0,True,181.0,177.18135088052722,-3.8186491194727807,3.8186491194727807,2021-05-07 09:00:00,2021-05-07 08:30:00,-30.0,30.0
D2,FG-R1-expanded-peak2__guard-q95-suppress,3,4,2021-05-08,96,1.0,True,115.0,108.03773994396292,-6.962260056037081,6.962260056037081,2021-05-08 02:00:00,2021-05-08 06:15:00,255.0,255.0
D2,FG-R1-expanded-peak2__guard-q95-suppress,3,4,2021-05-09,96,1.0,True,184.0,177.85007067527494,-6.149929324725065,6.149929324725065,2021-05-09 09:00:00,2021-05-09 09:45:00,45.0,45.0
D2,FG-R1-expanded-peak2__guard-q95-suppress,3,5,2021-05-05,95,0.9895833333333334,False,120.0,175.1918071656164,55.19180716561641,55.19180716561641,2021-05-05 04:15:00,2021-05-05 08:30:00,255.0,255.0
D2,FG-R1-expanded-peak2__guard-q95-suppress,3,5,2021-05-06,96,1.0,True,199.0,181.37599579002668,-17.62400420997332,17.62400420997332,2021-05-06 09:00:00,2021-05-06 11:15:00,135.0,135.0
D2,FG-R1-expanded-peak2__guard-q95-suppress,3,5,2021-05-07,96,1.0,True,181.0,175.9846650895116,-5.015334910488406,5.015334910488406,2021-05-07 09:00:00,2021-05-07 08:30:00,-30.0,30.0
D2,FG-R1-expanded-peak2__guard-q95-suppress,3,5,2021-05-08,96,1.0,True,115.0,108.38888383330273,-6.611116166697272,6.611116166697272,2021-05-08 02:00:00,2021-05-08 06:15:00,255.0,255.0
D2,FG-R1-expanded-peak2__guard-q95-suppress,3,5,2021-05-09,96,1.0,True,184.0,175.9318486962421,-8.068151303757901,8.068151303757901,2021-05-09 09:00:00,2021-05-09 09:45:00,45.0,45.0
D2,FG-R1-expanded-peak2__guard-q95-suppress,3,6,2021-05-05,95,0.9895833333333334,False,120.0,177.0922435669836,57.0922435669836,57.0922435669836,2021-05-05 04:15:00,2021-05-05 08:30:00,255.0,255.0
D2,FG-R1-expanded-peak2__guard-q95-suppress,3,6,2021-05-06,96,1.0,True,199.0,178.98222211991924,-20.017777880080757,20.017777880080757,2021-05-06 09:00:00,2021-05-06 12:00:00,180.0,180.0
D2,FG-R1-expanded-peak2__guard-q95-suppress,3,6,2021-05-07,96,1.0,True,181.0,176.0118401284952,-4.9881598715047915,4.9881598715047915,2021-05-07 09:00:00,2021-05-07 08:30:00,-30.0,30.0
D2,FG-R1-expanded-peak2__guard-q95-suppress,3,6,2021-05-08,96,1.0,True,115.0,111.22910846868633,-3.7708915313136657,3.7708915313136657,2021-05-08 02:00:00,2021-05-08 06:15:00,255.0,255.0
D2,FG-R1-expanded-peak2__guard-q95-suppress,3,6,2021-05-09,96,1.0,True,184.0,174.90066792563076,-9.099332074369244,9.099332074369244,2021-05-09 09:00:00,2021-05-09 10:00:00,60.0,60.0
D2,FG-R1-expanded-peak2__guard-q95-suppress,3,7,2021-05-05,95,0.9895833333333334,False,120.0,175.35536612557735,55.35536612557735,55.35536612557735,2021-05-05 04:15:00,2021-05-05 08:30:00,255.0,255.0
D2,FG-R1-expanded-peak2__guard-q95-suppress,3,7,2021-05-06,96,1.0,True,199.0,179.58449188377668,-19.41550811622332,19.41550811622332,2021-05-06 09:00:00,2021-05-06 11:45:00,165.0,165.0
D2,FG-R1-expanded-peak2__guard-q95-suppress,3,7,2021-05-07,96,1.0,True,181.0,174.62005546052646,-6.3799445394735415,6.3799445394735415,2021-05-07 09:00:00,2021-05-07 08:30:00,-30.0,30.0
D2,FG-R1-expanded-peak2__guard-q95-suppress,3,7,2021-05-08,96,1.0,True,115.0,110.02249683538555,-4.977503164614447,4.977503164614447,2021-05-08 02:00:00,2021-05-08 06:15:00,255.0,255.0
D2,FG-R1-expanded-peak2__guard-q95-suppress,3,7,2021-05-09,96,1.0,True,184.0,171.51552991931203,-12.48447008068797,12.48447008068797,2021-05-09 09:00:00,2021-05-09 10:45:00,105.0,105.0
D2,FG-R1-expanded-peak2__guard-q95-suppress,3,8,2021-05-05,95,0.9895833333333334,False,120.0,177.72658194588985,57.72658194588985,57.72658194588985,2021-05-05 04:15:00,2021-05-05 08:30:00,255.0,255.0
D2,FG-R1-expanded-peak2__guard-q95-suppress,3,8,2021-05-06,96,1.0,True,199.0,181.7811472867446,-17.218852713255387,17.218852713255387,2021-05-06 09:00:00,2021-05-06 12:00:00,180.0,180.0
D2,FG-R1-expanded-peak2__guard-q95-suppress,3,8,2021-05-07,96,1.0,True,181.0,176.65859916169833,-4.3414008383016665,4.3414008383016665,2021-05-07 09:00:00,2021-05-07 08:30:00,-30.0,30.0
D2,FG-R1-expanded-peak2__guard-q95-suppress,3,8,2021-05-08,96,1.0,True,115.0,109.98134388128399,-5.0186561187160095,5.0186561187160095,2021-05-08 02:00:00,2021-05-08 06:15:00,255.0,255.0
D2,FG-R1-expanded-peak2__guard-q95-suppress,3,8,2021-05-09,96,1.0,True,184.0,172.02490413355903,-11.975095866440967,11.975095866440967,2021-05-09 09:00:00,2021-05-09 11:00:00,120.0,120.0
D2,FG-R1-expanded-peak2__guard-q95-suppress,3,9,2021-05-05,95,0.9895833333333334,False,120.0,177.47569693612422,57.47569693612422,57.47569693612422,2021-05-05 04:15:00,2021-05-05 08:30:00,255.0,255.0
D2,FG-R1-expanded-peak2__guard-q95-suppress,3,9,2021-05-06,96,1.0,True,199.0,181.480025755484,-17.519974244515993,17.519974244515993,2021-05-06 09:00:00,2021-05-06 12:00:00,180.0,180.0
D2,FG-R1-expanded-peak2__guard-q95-suppress,3,9,2021-05-07,96,1.0,True,181.0,177.74055411775302,-3.259445882246979,3.259445882246979,2021-05-07 09:00:00,2021-05-07 08:30:00,-30.0,30.0
D2,FG-R1-expanded-peak2__guard-q95-suppress,3,9,2021-05-08,96,1.0,True,115.0,108.21689917202339,-6.783100827976611,6.783100827976611,2021-05-08 02:00:00,2021-05-08 06:15:00,255.0,255.0
D2,FG-R1-expanded-peak2__guard-q95-suppress,3,9,2021-05-09,96,1.0,True,184.0,172.60003568071716,-11.399964319282844,11.399964319282844,2021-05-09 09:00:00,2021-05-09 11:00:00,120.0,120.0
D2,FG-R1-expanded-peak2__guard-q95-suppress,3,10,2021-05-05,95,0.9895833333333334,False,120.0,179.11577261971797,59.11577261971797,59.11577261971797,2021-05-05 04:15:00,2021-05-05 08:30:00,255.0,255.0
D2,FG-R1-expanded-peak2__guard-q95-suppress,3,10,2021-05-06,96,1.0,True,199.0,180.7968125740208,-18.203187425979195,18.203187425979195,2021-05-06 09:00:00,2021-05-06 13:30:00,270.0,270.0
D2,FG-R1-expanded-peak2__guard-q95-suppress,3,10,2021-05-07,96,1.0,True,181.0,176.98373343904208,-4.0162665609579165,4.0162665609579165,2021-05-07 09:00:00,2021-05-07 08:30:00,-30.0,30.0
D2,FG-R1-expanded-peak2__guard-q95-suppress,3,10,2021-05-08,96,1.0,True,115.0,110.9999186072117,-4.000081392788303,4.000081392788303,2021-05-08 02:00:00,2021-05-08 06:15:00,255.0,255.0
D2,FG-R1-expanded-peak2__guard-q95-suppress,3,10,2021-05-09,96,1.0,True,184.0,172.17544461626403,-11.82455538373597,11.82455538373597,2021-05-09 09:00:00,2021-05-09 11:00:00,120.0,120.0
D2,FG-R1-expanded-peak2__guard-q95-suppress,3,11,2021-05-05,95,0.9895833333333334,False,120.0,178.0901276830793,58.09012768307929,58.09012768307929,2021-05-05 04:15:00,2021-05-05 08:30:00,255.0,255.0
D2,FG-R1-expanded-peak2__guard-q95-suppress,3,11,2021-05-06,96,1.0,True,199.0,181.33115970554337,-17.66884029445663,17.66884029445663,2021-05-06 09:00:00,2021-05-06 13:45:00,285.0,285.0
D2,FG-R1-expanded-peak2__guard-q95-suppress,3,11,2021-05-07,96,1.0,True,181.0,174.92149283845615,-6.078507161543854,6.078507161543854,2021-05-07 09:00:00,2021-05-07 08:30:00,-30.0,30.0
D2,FG-R1-expanded-peak2__guard-q95-suppress,3,11,2021-05-08,96,1.0,True,115.0,108.21139074917183,-6.7886092508281735,6.7886092508281735,2021-05-08 02:00:00,2021-05-08 06:15:00,255.0,255.0
D2,FG-R1-expanded-peak2__guard-q95-suppress,3,11,2021-05-09,96,1.0,True,184.0,171.3972452704217,-12.602754729578294,12.602754729578294,2021-05-09 09:00:00,2021-05-09 11:15:00,135.0,135.0
D2,FG-R1-expanded-peak2__guard-q95-suppress,3,12,2021-05-05,95,0.9895833333333334,False,120.0,175.8799988988996,55.8799988988996,55.8799988988996,2021-05-05 04:15:00,2021-05-05 08:30:00,255.0,255.0
D2,FG-R1-expanded-peak2__guard-q95-suppress,3,12,2021-05-06,96,1.0,True,199.0,179.237288037888,-19.762711962112007,19.762711962112007,2021-05-06 09:00:00,2021-05-06 13:30:00,270.0,270.0
D2,FG-R1-expanded-peak2__guard-q95-suppress,3,12,2021-05-07,96,1.0,True,181.0,173.1165764566202,-7.8834235433797915,7.8834235433797915,2021-05-07 09:00:00,2021-05-07 08:30:00,-30.0,30.0
D2,FG-R1-expanded-peak2__guard-q95-suppress,3,12,2021-05-08,96,1.0,True,115.0,107.25524118217376,-7.744758817826238,7.744758817826238,2021-05-08 02:00:00,2021-05-08 06:15:00,255.0,255.0
D2,FG-R1-expanded-peak2__guard-q95-suppress,3,12,2021-05-09,96,1.0,True,184.0,169.5283539763353,-14.471646023664704,14.471646023664704,2021-05-09 09:00:00,2021-05-09 11:30:00,150.0,150.0
D2,FG-R1-expanded-peak2__guard-q95-suppress,3,13,2021-05-05,95,0.9895833333333334,False,120.0,175.4497010473371,55.4497010473371,55.4497010473371,2021-05-05 04:15:00,2021-05-05 08:30:00,255.0,255.0
D2,FG-R1-expanded-peak2__guard-q95-suppress,3,13,2021-05-06,96,1.0,True,199.0,180.03401004734025,-18.965989952659754,18.965989952659754,2021-05-06 09:00:00,2021-05-06 13:45:00,285.0,285.0
D2,FG-R1-expanded-peak2__guard-q95-suppress,3,13,2021-05-07,96,1.0,True,181.0,172.97857596833896,-8.021424031661041,8.021424031661041,2021-05-07 09:00:00,2021-05-07 08:30:00,-30.0,30.0
D2,FG-R1-expanded-peak2__guard-q95-suppress,3,13,2021-05-08,96,1.0,True,115.0,108.77179870468831,-6.228201295311692,6.228201295311692,2021-05-08 02:00:00,2021-05-08 06:15:00,255.0,255.0
D2,FG-R1-expanded-peak2__guard-q95-suppress,3,13,2021-05-09,96,1.0,True,184.0,170.34347848805405,-13.656521511945954,13.656521511945954,2021-05-09 09:00:00,2021-05-09 11:45:00,165.0,165.0
D2,FG-R1-expanded-peak2__guard-q95-suppress,3,14,2021-05-05,95,0.9895833333333334,False,120.0,177.0963074926496,57.0963074926496,57.0963074926496,2021-05-05 04:15:00,2021-05-05 08:30:00,255.0,255.0
D2,FG-R1-expanded-peak2__guard-q95-suppress,3,14,2021-05-06,96,1.0,True,199.0,180.4782119870578,-18.52178801294221,18.52178801294221,2021-05-06 09:00:00,2021-05-06 13:30:00,270.0,270.0
D2,FG-R1-expanded-peak2__guard-q95-suppress,3,14,2021-05-07,96,1.0,True,181.0,174.5891106363077,-6.4108893636922915,6.4108893636922915,2021-05-07 09:00:00,2021-05-07 08:30:00,-30.0,30.0
D2,FG-R1-expanded-peak2__guard-q95-suppress,3,14,2021-05-08,96,1.0,True,115.0,107.54623640614363,-7.453763593856365,7.453763593856365,2021-05-08 02:00:00,2021-05-08 06:15:00,255.0,255.0
D2,FG-R1-expanded-peak2__guard-q95-suppress,3,14,2021-05-09,96,1.0,True,184.0,167.47577218922592,-16.52422781077408,16.52422781077408,2021-05-09 09:00:00,2021-05-09 12:00:00,180.0,180.0
D2,FG-R1-expanded-peak2__guard-q95-suppress,3,15,2021-05-05,95,0.9895833333333334,False,120.0,178.2318615199701,58.231861519970096,58.231861519970096,2021-05-05 04:15:00,2021-05-05 08:30:00,255.0,255.0
D2,FG-R1-expanded-peak2__guard-q95-suppress,3,15,2021-05-06,96,1.0,True,199.0,180.47520560295533,-18.524794397044673,18.524794397044673,2021-05-06 09:00:00,2021-05-06 13:45:00,285.0,285.0
D2,FG-R1-expanded-peak2__guard-q95-suppress,3,15,2021-05-07,96,1.0,True,181.0,175.11959769685458,-5.8804023031454165,5.8804023031454165,2021-05-07 09:00:00,2021-05-07 08:30:00,-30.0,30.0
D2,FG-R1-expanded-peak2__guard-q95-suppress,3,15,2021-05-08,96,1.0,True,115.0,106.7799345612128,-8.220065438787202,8.220065438787202,2021-05-08 02:00:00,2021-05-08 06:15:00,255.0,255.0
D2,FG-R1-expanded-peak2__guard-q95-suppress,3,15,2021-05-09,96,1.0,True,184.0,161.7564294283544,-22.24357057164559,22.24357057164559,2021-05-09 09:00:00,2021-05-09 15:00:00,360.0,360.0
D2,FG-R1-expanded-peak2__guard-q95-suppress,3,16,2021-05-05,95,0.9895833333333334,False,120.0,177.9570812465326,57.957081246532596,57.957081246532596,2021-05-05 04:15:00,2021-05-05 08:30:00,255.0,255.0
D2,FG-R1-expanded-peak2__guard-q95-suppress,3,16,2021-05-06,96,1.0,True,199.0,177.0777884143503,-21.922211585649706,21.922211585649706,2021-05-06 09:00:00,2021-05-06 13:45:00,285.0,285.0
D2,FG-R1-expanded-peak2__guard-q95-suppress,3,16,2021-05-07,96,1.0,True,181.0,174.07012870271396,-6.9298712972860415,6.9298712972860415,2021-05-07 09:00:00,2021-05-07 08:30:00,-30.0,30.0
D2,FG-R1-expanded-peak2__guard-q95-suppress,3,16,2021-05-08,96,1.0,True,115.0,107.86831071193743,-7.131689288062574,7.131689288062574,2021-05-08 02:00:00,2021-05-08 06:15:00,255.0,255.0
D2,FG-R1-expanded-peak2__guard-q95-suppress,3,16,2021-05-09,96,1.0,True,184.0,159.24919676233878,-24.750803237661216,24.750803237661216,2021-05-09 09:00:00,2021-05-09 15:45:00,405.0,405.0
D2,FG-R1-expanded-peak2__guard-q95-suppress,5,4,2021-05-17,95,0.9895833333333334,False,192.0,170.06963485307753,-21.93036514692247,21.93036514692247,2021-05-17 09:00:00,2021-05-17 11:45:00,165.0,165.0
D2,FG-R1-expanded-peak2__guard-q95-suppress,5,4,2021-05-18,1,0.010416666666666666,False,73.0,70.31608947917978,-2.68391052082022,2.68391052082022,2021-05-18 00:00:00,2021-05-18 00:00:00,0.0,0.0
D2,FG-R1-expanded-peak2__guard-q95-suppress,5,4,2021-05-19,95,0.9895833333333334,False,108.0,145.47844880258094,37.47844880258094,37.47844880258094,2021-05-19 06:15:00,2021-05-19 08:15:00,120.0,120.0
D2,FG-R1-expanded-peak2__guard-q95-suppress,5,4,2021-05-20,96,1.0,True,181.0,183.42953093098737,2.4295309309873687,2.4295309309873687,2021-05-20 13:15:00,2021-05-20 09:00:00,-255.0,255.0
D2,FG-R1-expanded-peak2__guard-q95-suppress,5,4,2021-05-21,96,1.0,True,160.0,169.44906169388395,9.449061693883948,9.449061693883948,2021-05-21 08:30:00,2021-05-21 08:30:00,0.0,0.0
D2,FG-R1-expanded-peak2__guard-q95-suppress,5,4,2021-05-22,96,1.0,True,112.0,105.06679211857502,-6.933207881424977,6.933207881424977,2021-05-22 06:15:00,2021-05-22 04:45:00,-90.0,90.0
D2,FG-R1-expanded-peak2__guard-q95-suppress,5,4,2021-05-23,96,1.0,True,25.0,29.12964740948022,4.129647409480221,4.129647409480221,2021-05-23 03:00:00,2021-05-23 07:15:00,255.0,255.0
D2,FG-R1-expanded-peak2__guard-q95-suppress,5,5,2021-05-17,95,0.9895833333333334,False,192.0,169.5940826674724,-22.405917332527594,22.405917332527594,2021-05-17 09:00:00,2021-05-17 13:30:00,270.0,270.0
D2,FG-R1-expanded-peak2__guard-q95-suppress,5,5,2021-05-18,1,0.010416666666666666,False,73.0,71.53703674480478,-1.4629632551952199,1.4629632551952199,2021-05-18 00:00:00,2021-05-18 00:00:00,0.0,0.0
D2,FG-R1-expanded-peak2__guard-q95-suppress,5,5,2021-05-19,95,0.9895833333333334,False,108.0,162.93678048865013,54.93678048865013,54.93678048865013,2021-05-19 06:15:00,2021-05-19 08:30:00,135.0,135.0
D2,FG-R1-expanded-peak2__guard-q95-suppress,5,5,2021-05-20,96,1.0,True,181.0,183.93349821614362,2.9334982161436187,2.9334982161436187,2021-05-20 13:15:00,2021-05-20 09:00:00,-255.0,255.0
D2,FG-R1-expanded-peak2__guard-q95-suppress,5,5,2021-05-21,96,1.0,True,160.0,168.2875333880595,8.2875333880595,8.2875333880595,2021-05-21 08:30:00,2021-05-21 09:00:00,30.0,30.0
D2,FG-R1-expanded-peak2__guard-q95-suppress,5,5,2021-05-22,96,1.0,True,112.0,103.76502296335289,-8.23497703664711,8.23497703664711,2021-05-22 06:15:00,2021-05-22 02:15:00,-240.0,240.0
D2,FG-R1-expanded-peak2__guard-q95-suppress,5,5,2021-05-23,96,1.0,True,25.0,34.00916150984695,9.009161509846948,9.009161509846948,2021-05-23 03:00:00,2021-05-23 07:30:00,270.0,270.0
D2,FG-R1-expanded-peak2__guard-q95-suppress,5,6,2021-05-17,95,0.9895833333333334,False,192.0,169.7942779799724,-22.205722020027594,22.205722020027594,2021-05-17 09:00:00,2021-05-17 13:30:00,270.0,270.0
D2,FG-R1-expanded-peak2__guard-q95-suppress,5,6,2021-05-18,1,0.010416666666666666,False,73.0,73.34267791912119,0.3426779191211864,0.3426779191211864,2021-05-18 00:00:00,2021-05-18 00:00:00,0.0,0.0
D2,FG-R1-expanded-peak2__guard-q95-suppress,5,6,2021-05-19,95,0.9895833333333334,False,108.0,166.28997567907982,58.28997567907982,58.28997567907982,2021-05-19 06:15:00,2021-05-19 08:30:00,135.0,135.0
D2,FG-R1-expanded-peak2__guard-q95-suppress,5,6,2021-05-20,96,1.0,True,181.0,180.54024870442487,-0.4597512955751313,0.4597512955751313,2021-05-20 13:15:00,2021-05-20 09:00:00,-255.0,255.0
D2,FG-R1-expanded-peak2__guard-q95-suppress,5,6,2021-05-21,96,1.0,True,160.0,167.31220684997356,7.312206849973563,7.312206849973563,2021-05-21 08:30:00,2021-05-21 09:00:00,30.0,30.0
D2,FG-R1-expanded-peak2__guard-q95-suppress,5,6,2021-05-22,96,1.0,True,112.0,103.7458015385884,-8.254198461411605,8.254198461411605,2021-05-22 06:15:00,2021-05-22 03:30:00,-165.0,165.0
D2,FG-R1-expanded-peak2__guard-q95-suppress,5,6,2021-05-23,96,1.0,True,25.0,54.52377561507156,29.523775615071557,29.523775615071557,2021-05-23 03:00:00,2021-05-23 07:45:00,285.0,285.0
D2,FG-R1-expanded-peak2__guard-q95-suppress,5,7,2021-05-17,95,0.9895833333333334,False,192.0,168.6712462574965,-23.328753742503494,23.328753742503494,2021-05-17 09:00:00,2021-05-17 11:00:00,120.0,120.0
D2,FG-R1-expanded-peak2__guard-q95-suppress,5,7,2021-05-18,1,0.010416666666666666,False,73.0,72.2168768326954,-0.7831231673045949,0.7831231673045949,2021-05-18 00:00:00,2021-05-18 00:00:00,0.0,0.0
D2,FG-R1-expanded-peak2__guard-q95-suppress,5,7,2021-05-19,95,0.9895833333333334,False,108.0,164.65397409216575,56.653974092165754,56.653974092165754,2021-05-19 06:15:00,2021-05-19 08:30:00,135.0,135.0
D2,FG-R1-expanded-peak2__guard-q95-suppress,5,7,2021-05-20,96,1.0,True,181.0,181.8610280289265,0.861028028926512,0.861028028926512,2021-05-20 13:15:00,2021-05-20 09:00:00,-255.0,255.0
D2,FG-R1-expanded-peak2__guard-q95-suppress,5,7,2021-05-21,96,1.0,True,160.0,165.20165692321575,5.201656923215751,5.201656923215751,2021-05-21 08:30:00,2021-05-21 09:00:00,30.0,30.0
D2,FG-R1-expanded-peak2__guard-q95-suppress,5,7,2021-05-22,96,1.0,True,112.0,103.81068953907668,-8.189310460923323,8.189310460923323,2021-05-22 06:15:00,2021-05-22 03:30:00,-165.0,165.0
D2,FG-R1-expanded-peak2__guard-q95-suppress,5,7,2021-05-23,96,1.0,True,25.0,102.10717627987471,77.10717627987471,77.10717627987471,2021-05-23 03:00:00,2021-05-23 08:00:00,300.0,300.0
D2,FG-R1-expanded-peak2__guard-q95-suppress,5,8,2021-05-17,95,0.9895833333333334,False,192.0,169.36043744007765,-22.639562559922354,22.639562559922354,2021-05-17 09:00:00,2021-05-17 11:15:00,135.0,135.0
D2,FG-R1-expanded-peak2__guard-q95-suppress,5,8,2021-05-18,1,0.010416666666666666,False,73.0,68.22616180583994,-4.773838194160064,4.773838194160064,2021-05-18 00:00:00,2021-05-18 00:00:00,0.0,0.0
D2,FG-R1-expanded-peak2__guard-q95-suppress,5,8,2021-05-19,95,0.9895833333333334,False,108.0,168.94706491247825,60.947064912478254,60.947064912478254,2021-05-19 06:15:00,2021-05-19 08:30:00,135.0,135.0
D2,FG-R1-expanded-peak2__guard-q95-suppress,5,8,2021-05-20,96,1.0,True,181.0,182.7289479508015,1.728947950801512,1.728947950801512,2021-05-20 13:15:00,2021-05-20 09:00:00,-255.0,255.0
D2,FG-R1-expanded-peak2__guard-q95-suppress,5,8,2021-05-21,96,1.0,True,160.0,166.61324749938763,6.613247499387626,6.613247499387626,2021-05-21 08:30:00,2021-05-21 09:00:00,30.0,30.0
D2,FG-R1-expanded-peak2__guard-q95-suppress,5,8,2021-05-22,96,1.0,True,112.0,103.92579421436965,-8.074205785630355,8.074205785630355,2021-05-22 06:15:00,2021-05-22 03:30:00,-165.0,165.0
D2,FG-R1-expanded-peak2__guard-q95-suppress,5,8,2021-05-23,96,1.0,True,25.0,150.80657748728112,125.80657748728112,125.80657748728112,2021-05-23 03:00:00,2021-05-23 08:15:00,315.0,315.0
D2,FG-R1-expanded-peak2__guard-q95-suppress,5,9,2021-05-17,95,0.9895833333333334,False,192.0,170.5519195967458,-21.44808040325421,21.44808040325421,2021-05-17 09:00:00,2021-05-17 08:30:00,-30.0,30.0
D2,FG-R1-expanded-peak2__guard-q95-suppress,5,9,2021-05-18,1,0.010416666666666666,False,73.0,61.296201634826865,-11.703798365173135,11.703798365173135,2021-05-18 00:00:00,2021-05-18 00:00:00,0.0,0.0
D2,FG-R1-expanded-peak2__guard-q95-suppress,5,9,2021-05-19,95,0.9895833333333334,False,108.0,170.219953096072,62.219953096072004,62.219953096072004,2021-05-19 06:15:00,2021-05-19 08:30:00,135.0,135.0
D2,FG-R1-expanded-peak2__guard-q95-suppress,5,9,2021-05-20,96,1.0,True,181.0,185.09388330050962,4.093883300509617,4.093883300509617,2021-05-20 13:15:00,2021-05-20 08:30:00,-285.0,285.0
D2,FG-R1-expanded-peak2__guard-q95-suppress,5,9,2021-05-21,96,1.0,True,160.0,164.64377537063226,4.643775370632255,4.643775370632255,2021-05-21 08:30:00,2021-05-21 10:45:00,135.0,135.0
D2,FG-R1-expanded-peak2__guard-q95-suppress,5,9,2021-05-22,96,1.0,True,112.0,102.3909431401509,-9.609056859849105,9.609056859849105,2021-05-22 06:15:00,2021-05-22 03:30:00,-165.0,165.0
D2,FG-R1-expanded-peak2__guard-q95-suppress,5,9,2021-05-23,96,1.0,True,25.0,170.02965056377883,145.02965056377883,145.02965056377883,2021-05-23 03:00:00,2021-05-23 08:30:00,330.0,330.0
D2,FG-R1-expanded-peak2__guard-q95-suppress,5,10,2021-05-17,95,0.9895833333333334,False,192.0,171.00585624284807,-20.99414375715193,20.99414375715193,2021-05-17 09:00:00,2021-05-17 11:45:00,165.0,165.0
D2,FG-R1-expanded-peak2__guard-q95-suppress,5,10,2021-05-18,1,0.010416666666666666,False,73.0,67.67325195476572,-5.326748045234282,5.326748045234282,2021-05-18 00:00:00,2021-05-18 00:00:00,0.0,0.0
D2,FG-R1-expanded-peak2__guard-q95-suppress,5,10,2021-05-19,95,0.9895833333333334,False,108.0,170.15730050818138,62.15730050818138,62.15730050818138,2021-05-19 06:15:00,2021-05-19 08:30:00,135.0,135.0
D2,FG-R1-expanded-peak2__guard-q95-suppress,5,10,2021-05-20,96,1.0,True,181.0,186.4332173599812,5.4332173599811995,5.4332173599811995,2021-05-20 13:15:00,2021-05-20 08:45:00,-270.0,270.0
D2,FG-R1-expanded-peak2__guard-q95-suppress,5,10,2021-05-21,96,1.0,True,160.0,165.7558228682548,5.755822868254796,5.755822868254796,2021-05-21 08:30:00,2021-05-21 10:45:00,135.0,135.0
D2,FG-R1-expanded-peak2__guard-q95-suppress,5,10,2021-05-22,96,1.0,True,112.0,104.14669900649236,-7.853300993507645,7.853300993507645,2021-05-22 06:15:00,2021-05-22 06:15:00,0.0,0.0
D2,FG-R1-expanded-peak2__guard-q95-suppress,5,10,2021-05-23,96,1.0,True,25.0,171.59056364971633,146.59056364971633,146.59056364971633,2021-05-23 03:00:00,2021-05-23 08:45:00,345.0,345.0
D2,FG-R1-expanded-peak2__guard-q95-suppress,5,11,2021-05-17,95,0.9895833333333334,False,192.0,171.55653068132463,-20.44346931867537,20.44346931867537,2021-05-17 09:00:00,2021-05-17 11:45:00,165.0,165.0
D2,FG-R1-expanded-peak2__guard-q95-suppress,5,11,2021-05-18,1,0.010416666666666666,False,73.0,73.17735656902353,0.17735656902353014,0.17735656902353014,2021-05-18 00:00:00,2021-05-18 00:00:00,0.0,0.0
D2,FG-R1-expanded-peak2__guard-q95-suppress,5,11,2021-05-19,95,0.9895833333333334,False,108.0,167.30570585682224,59.30570585682224,59.30570585682224,2021-05-19 06:15:00,2021-05-19 09:00:00,165.0,165.0
D2,FG-R1-expanded-peak2__guard-q95-suppress,5,11,2021-05-20,96,1.0,True,181.0,188.6053822769734,7.605382276973387,7.605382276973387,2021-05-20 13:15:00,2021-05-20 09:00:00,-255.0,255.0
D2,FG-R1-expanded-peak2__guard-q95-suppress,5,11,2021-05-21,96,1.0,True,160.0,166.92812511434855,6.928125114348546,6.928125114348546,2021-05-21 08:30:00,2021-05-21 10:45:00,135.0,135.0
D2,FG-R1-expanded-peak2__guard-q95-suppress,5,11,2021-05-22,96,1.0,True,112.0,102.96114081003311,-9.038859189966885,9.038859189966885,2021-05-22 06:15:00,2021-05-22 06:30:00,15.0,15.0
D2,FG-R1-expanded-peak2__guard-q95-suppress,5,11,2021-05-23,96,1.0,True,25.0,167.26872527081008,142.26872527081008,142.26872527081008,2021-05-23 03:00:00,2021-05-23 09:00:00,360.0,360.0
D2,FG-R1-expanded-peak2__guard-q95-suppress,5,12,2021-05-17,95,0.9895833333333334,False,192.0,171.1042877608083,-20.89571223919171,20.89571223919171,2021-05-17 09:00:00,2021-05-17 08:30:00,-30.0,30.0
D2,FG-R1-expanded-peak2__guard-q95-suppress,5,12,2021-05-18,1,0.010416666666666666,False,73.0,74.82781585857431,1.8278158585743114,1.8278158585743114,2021-05-18 00:00:00,2021-05-18 00:00:00,0.0,0.0
D2,FG-R1-expanded-peak2__guard-q95-suppress,5,12,2021-05-19,95,0.9895833333333334,False,108.0,165.87243254139256,57.872432541392556,57.872432541392556,2021-05-19 06:15:00,2021-05-19 09:00:00,165.0,165.0
D2,FG-R1-expanded-peak2__guard-q95-suppress,5,12,2021-05-20,96,1.0,True,181.0,188.5137074722859,7.513707472285887,7.513707472285887,2021-05-20 13:15:00,2021-05-20 09:00:00,-255.0,255.0
D2,FG-R1-expanded-peak2__guard-q95-suppress,5,12,2021-05-21,96,1.0,True,160.0,166.94260273826188,6.942602738261883,6.942602738261883,2021-05-21 08:30:00,2021-05-21 10:45:00,135.0,135.0
D2,FG-R1-expanded-peak2__guard-q95-suppress,5,12,2021-05-22,96,1.0,True,112.0,103.02004775440871,-8.979952245591292,8.979952245591292,2021-05-22 06:15:00,2021-05-22 04:45:00,-90.0,90.0
D2,FG-R1-expanded-peak2__guard-q95-suppress,5,12,2021-05-23,96,1.0,True,25.0,159.75958525616164,134.75958525616164,134.75958525616164,2021-05-23 03:00:00,2021-05-23 09:15:00,375.0,375.0
D2,FG-R1-expanded-peak2__guard-q95-suppress,5,13,2021-05-17,95,0.9895833333333334,False,192.0,173.50422062213642,-18.495779377863585,18.495779377863585,2021-05-17 09:00:00,2021-05-17 08:30:00,-30.0,30.0
D2,FG-R1-expanded-peak2__guard-q95-suppress,5,13,2021-05-18,1,0.010416666666666666,False,73.0,78.52800354167978,5.52800354167978,5.52800354167978,2021-05-18 00:00:00,2021-05-18 00:00:00,0.0,0.0
D2,FG-R1-expanded-peak2__guard-q95-suppress,5,13,2021-05-19,95,0.9895833333333334,False,108.0,163.69190744177513,55.69190744177513,55.69190744177513,2021-05-19 06:15:00,2021-05-19 08:30:00,135.0,135.0
D2,FG-R1-expanded-peak2__guard-q95-suppress,5,13,2021-05-20,96,1.0,True,181.0,188.9230397476765,7.923039747676512,7.923039747676512,2021-05-20 13:15:00,2021-05-20 09:00:00,-255.0,255.0
D2,FG-R1-expanded-peak2__guard-q95-suppress,5,13,2021-05-21,96,1.0,True,160.0,165.87658244583707,5.876582445837073,5.876582445837073,2021-05-21 08:30:00,2021-05-21 11:00:00,150.0,150.0
D2,FG-R1-expanded-peak2__guard-q95-suppress,5,13,2021-05-22,96,1.0,True,112.0,102.25724563038527,-9.74275436961473,9.74275436961473,2021-05-22 06:15:00,2021-05-22 04:45:00,-90.0,90.0
D2,FG-R1-expanded-peak2__guard-q95-suppress,5,13,2021-05-23,96,1.0,True,25.0,153.75395476299758,128.75395476299758,128.75395476299758,2021-05-23 03:00:00,2021-05-23 09:30:00,390.0,390.0
D2,FG-R1-expanded-peak2__guard-q95-suppress,5,14,2021-05-17,95,0.9895833333333334,False,192.0,173.7002524725018,-18.299747527498198,18.299747527498198,2021-05-17 09:00:00,2021-05-17 08:45:00,-15.0,15.0
D2,FG-R1-expanded-peak2__guard-q95-suppress,5,14,2021-05-18,1,0.010416666666666666,False,73.0,76.77494415447275,3.774944154472749,3.774944154472749,2021-05-18 00:00:00,2021-05-18 00:00:00,0.0,0.0
D2,FG-R1-expanded-peak2__guard-q95-suppress,5,14,2021-05-19,95,0.9895833333333334,False,108.0,166.06332162634544,58.06332162634544,58.06332162634544,2021-05-19 06:15:00,2021-05-19 08:30:00,135.0,135.0
D2,FG-R1-expanded-peak2__guard-q95-suppress,5,14,2021-05-20,96,1.0,True,181.0,188.47041828771557,7.4704182877155745,7.4704182877155745,2021-05-20 13:15:00,2021-05-20 09:00:00,-255.0,255.0
D2,FG-R1-expanded-peak2__guard-q95-suppress,5,14,2021-05-21,96,1.0,True,160.0,165.16605244529313,5.166052445293133,5.166052445293133,2021-05-21 08:30:00,2021-05-21 10:45:00,135.0,135.0
D2,FG-R1-expanded-peak2__guard-q95-suppress,5,14,2021-05-22,96,1.0,True,112.0,102.7410742939193,-9.258925706080703,9.258925706080703,2021-05-22 06:15:00,2021-05-22 04:15:00,-120.0,120.0
D2,FG-R1-expanded-peak2__guard-q95-suppress,5,14,2021-05-23,96,1.0,True,25.0,149.22831714364358,124.22831714364358,124.22831714364358,2021-05-23 03:00:00,2021-05-23 09:45:00,405.0,405.0
D2,FG-R1-expanded-peak2__guard-q95-suppress,5,15,2021-05-17,95,0.9895833333333334,False,192.0,170.8802855896452,-21.11971441035479,21.11971441035479,2021-05-17 09:00:00,2021-05-17 09:00:00,0.0,0.0
D2,FG-R1-expanded-peak2__guard-q95-suppress,5,15,2021-05-18,1,0.010416666666666666,False,73.0,78.58108123943369,5.581081239433686,5.581081239433686,2021-05-18 00:00:00,2021-05-18 00:00:00,0.0,0.0
D2,FG-R1-expanded-peak2__guard-q95-suppress,5,15,2021-05-19,95,0.9895833333333334,False,108.0,165.72450021521263,57.72450021521263,57.72450021521263,2021-05-19 06:15:00,2021-05-19 08:30:00,135.0,135.0
D2,FG-R1-expanded-peak2__guard-q95-suppress,5,15,2021-05-20,96,1.0,True,181.0,188.83313496252026,7.833134962520262,7.833134962520262,2021-05-20 13:15:00,2021-05-20 09:00:00,-255.0,255.0
D2,FG-R1-expanded-peak2__guard-q95-suppress,5,15,2021-05-21,96,1.0,True,160.0,164.83208524965306,4.832085249653062,4.832085249653062,2021-05-21 08:30:00,2021-05-21 09:00:00,30.0,30.0
D2,FG-R1-expanded-peak2__guard-q95-suppress,5,15,2021-05-22,96,1.0,True,112.0,102.30805646183674,-9.691943538163258,9.691943538163258,2021-05-22 06:15:00,2021-05-22 04:45:00,-90.0,90.0
D2,FG-R1-expanded-peak2__guard-q95-suppress,5,15,2021-05-23,96,1.0,True,25.0,144.27157581063577,119.27157581063577,119.27157581063577,2021-05-23 03:00:00,2021-05-23 10:00:00,420.0,420.0
D2,FG-R1-expanded-peak2__guard-q95-suppress,5,16,2021-05-17,95,0.9895833333333334,False,192.0,171.45734247441084,-20.542657525589163,20.542657525589163,2021-05-17 09:00:00,2021-05-17 09:00:00,0.0,0.0
D2,FG-R1-expanded-peak2__guard-q95-suppress,5,16,2021-05-18,1,0.010416666666666666,False,73.0,79.20213684246103,6.20213684246103,6.20213684246103,2021-05-18 00:00:00,2021-05-18 00:00:00,0.0,0.0
D2,FG-R1-expanded-peak2__guard-q95-suppress,5,16,2021-05-19,95,0.9895833333333334,False,108.0,165.25602487341575,57.256024873415754,57.256024873415754,2021-05-19 06:15:00,2021-05-19 08:30:00,135.0,135.0
D2,FG-R1-expanded-peak2__guard-q95-suppress,5,16,2021-05-20,96,1.0,True,181.0,191.38997395177807,10.389973951778074,10.389973951778074,2021-05-20 13:15:00,2021-05-20 09:00:00,-255.0,255.0
D2,FG-R1-expanded-peak2__guard-q95-suppress,5,16,2021-05-21,96,1.0,True,160.0,164.7672665881327,4.767266588132713,4.767266588132713,2021-05-21 08:30:00,2021-05-21 09:00:00,30.0,30.0
D2,FG-R1-expanded-peak2__guard-q95-suppress,5,16,2021-05-22,96,1.0,True,112.0,103.61979013198064,-8.380209868019364,8.380209868019364,2021-05-22 06:15:00,2021-05-22 06:15:00,0.0,0.0
D2,FG-R1-expanded-peak2__guard-q95-suppress,5,16,2021-05-23,96,1.0,True,25.0,115.98617795882156,90.98617795882156,90.98617795882156,2021-05-23 03:00:00,2021-05-23 10:15:00,435.0,435.0
D2,FG-R1-expanded-peak2__guard-q95-suppress,7,4,2021-05-31,95,0.9895833333333334,False,172.0,168.80152324229283,-3.1984767577071693,3.1984767577071693,2021-05-31 10:30:00,2021-05-31 12:00:00,90.0,90.0
D2,FG-R1-expanded-peak2__guard-q95-suppress,7,4,2021-06-01,1,0.010416666666666666,False,71.0,78.70601703009012,7.706017030090123,7.706017030090123,2021-06-01 00:00:00,2021-06-01 00:00:00,0.0,0.0
D2,FG-R1-expanded-peak2__guard-q95-suppress,7,5,2021-05-31,95,0.9895833333333334,False,172.0,170.2060950939996,-1.7939049060003924,1.7939049060003924,2021-05-31 10:30:00,2021-05-31 11:45:00,75.0,75.0
D2,FG-R1-expanded-peak2__guard-q95-suppress,7,5,2021-06-01,1,0.010416666666666666,False,71.0,79.14412738165262,8.144127381652623,8.144127381652623,2021-06-01 00:00:00,2021-06-01 00:00:00,0.0,0.0
D2,FG-R1-expanded-peak2__guard-q95-suppress,7,6,2021-05-31,95,0.9895833333333334,False,172.0,168.81673625498814,-3.183263745011857,3.183263745011857,2021-05-31 10:30:00,2021-05-31 12:00:00,90.0,90.0
D2,FG-R1-expanded-peak2__guard-q95-suppress,7,6,2021-06-01,1,0.010416666666666666,False,71.0,79.65561724981669,8.655617249816686,8.655617249816686,2021-06-01 00:00:00,2021-06-01 00:00:00,0.0,0.0
D2,FG-R1-expanded-peak2__guard-q95-suppress,7,7,2021-05-31,95,0.9895833333333334,False,172.0,169.66781616210938,-2.332183837890625,2.332183837890625,2021-05-31 10:30:00,2021-05-31 09:00:00,-90.0,90.0
D2,FG-R1-expanded-peak2__guard-q95-suppress,7,7,2021-06-01,1,0.010416666666666666,False,71.0,80.64904834112528,9.64904834112528,9.64904834112528,2021-06-01 00:00:00,2021-06-01 00:00:00,0.0,0.0
D2,FG-R1-expanded-peak2__guard-q95-suppress,7,8,2021-05-31,95,0.9895833333333334,False,172.0,170.2039794921875,-1.7960205078125,1.7960205078125,2021-05-31 10:30:00,2021-05-31 09:00:00,-90.0,90.0
D2,FG-R1-expanded-peak2__guard-q95-suppress,7,8,2021-06-01,1,0.010416666666666666,False,71.0,81.92347875517433,10.92347875517433,10.92347875517433,2021-06-01 00:00:00,2021-06-01 00:00:00,0.0,0.0
D2,FG-R1-expanded-peak2__guard-q95-suppress,7,9,2021-05-31,95,0.9895833333333334,False,172.0,171.60552978515625,-0.39447021484375,0.39447021484375,2021-05-31 10:30:00,2021-05-31 09:00:00,-90.0,90.0
D2,FG-R1-expanded-peak2__guard-q95-suppress,7,9,2021-06-01,1,0.010416666666666666,False,71.0,82.1804738171995,11.180473817199498,11.180473817199498,2021-06-01 00:00:00,2021-06-01 00:00:00,0.0,0.0
D2,FG-R1-expanded-peak2__guard-q95-suppress,7,10,2021-05-31,95,0.9895833333333334,False,172.0,173.29928588867188,1.299285888671875,1.299285888671875,2021-05-31 10:30:00,2021-05-31 09:00:00,-90.0,90.0
D2,FG-R1-expanded-peak2__guard-q95-suppress,7,10,2021-06-01,1,0.010416666666666666,False,71.0,78.88583422979715,7.885834229797155,7.885834229797155,2021-06-01 00:00:00,2021-06-01 00:00:00,0.0,0.0
D2,FG-R1-expanded-peak2__guard-q95-suppress,7,11,2021-05-31,95,0.9895833333333334,False,172.0,174.924072265625,2.924072265625,2.924072265625,2021-05-31 10:30:00,2021-05-31 09:00:00,-90.0,90.0
D2,FG-R1-expanded-peak2__guard-q95-suppress,7,11,2021-06-01,1,0.010416666666666666,False,71.0,76.30621386846903,5.30621386846903,5.30621386846903,2021-06-01 00:00:00,2021-06-01 00:00:00,0.0,0.0
D2,FG-R1-expanded-peak2__guard-q95-suppress,7,12,2021-05-31,95,0.9895833333333334,False,172.0,172.21807861328125,0.21807861328125,0.21807861328125,2021-05-31 10:30:00,2021-05-31 09:00:00,-90.0,90.0
D2,FG-R1-expanded-peak2__guard-q95-suppress,7,12,2021-06-01,1,0.010416666666666666,False,71.0,76.34190417608622,5.341904176086217,5.341904176086217,2021-06-01 00:00:00,2021-06-01 00:00:00,0.0,0.0
D2,FG-R1-expanded-peak2__guard-q95-suppress,7,13,2021-05-31,95,0.9895833333333334,False,172.0,173.47882080078125,1.47882080078125,1.47882080078125,2021-05-31 10:30:00,2021-05-31 09:00:00,-90.0,90.0
D2,FG-R1-expanded-peak2__guard-q95-suppress,7,13,2021-06-01,1,0.010416666666666666,False,71.0,79.08686114630106,8.086861146301061,8.086861146301061,2021-06-01 00:00:00,2021-06-01 00:00:00,0.0,0.0
D2,FG-R1-expanded-peak2__guard-q95-suppress,7,14,2021-05-31,95,0.9895833333333334,False,172.0,174.32456970214844,2.3245697021484375,2.3245697021484375,2021-05-31 10:30:00,2021-05-31 09:00:00,-90.0,90.0
D2,FG-R1-expanded-peak2__guard-q95-suppress,7,14,2021-06-01,1,0.010416666666666666,False,71.0,78.50161029180887,7.501610291808873,7.501610291808873,2021-06-01 00:00:00,2021-06-01 00:00:00,0.0,0.0
D2,FG-R1-expanded-peak2__guard-q95-suppress,7,15,2021-05-31,95,0.9895833333333334,False,172.0,173.47335815429688,1.473358154296875,1.473358154296875,2021-05-31 10:30:00,2021-05-31 09:00:00,-90.0,90.0
D2,FG-R1-expanded-peak2__guard-q95-suppress,7,15,2021-06-01,1,0.010416666666666666,False,71.0,78.90171862921122,7.901718629211217,7.901718629211217,2021-06-01 00:00:00,2021-06-01 00:00:00,0.0,0.0
D2,FG-R1-expanded-peak2__guard-q95-suppress,7,16,2021-05-31,95,0.9895833333333334,False,172.0,171.90733337402344,-0.0926666259765625,0.0926666259765625,2021-05-31 10:30:00,2021-05-31 09:00:00,-90.0,90.0
D2,FG-R1-expanded-peak2__guard-q95-suppress,7,16,2021-06-01,1,0.010416666666666666,False,71.0,79.44297076544169,8.442970765441686,8.442970765441686,2021-06-01 00:00:00,2021-06-01 00:00:00,0.0,0.0
D2,FG-R1-expanded-peak2__guard-q95-suppress,9,4,2021-06-20,95,0.9895833333333334,False,28.0,23.81500798652259,-4.184992013477409,4.184992013477409,2021-06-20 15:15:00,2021-06-20 16:15:00,60.0,60.0
D2,FG-R1-expanded-peak2__guard-q95-suppress,9,5,2021-06-20,95,0.9895833333333334,False,28.0,24.012363950891217,-3.987636049108783,3.987636049108783,2021-06-20 15:15:00,2021-06-20 23:15:00,480.0,480.0
D2,FG-R1-expanded-peak2__guard-q95-suppress,9,6,2021-06-20,95,0.9895833333333334,False,28.0,23.746290029979622,-4.2537099700203775,4.2537099700203775,2021-06-20 15:15:00,2021-06-20 23:15:00,480.0,480.0
D2,FG-R1-expanded-peak2__guard-q95-suppress,9,7,2021-06-20,95,0.9895833333333334,False,28.0,23.583565703064103,-4.416434296935897,4.416434296935897,2021-06-20 15:15:00,2021-06-20 07:00:00,-495.0,495.0
D2,FG-R1-expanded-peak2__guard-q95-suppress,9,8,2021-06-20,95,0.9895833333333334,False,28.0,23.57681977160948,-4.423180228390521,4.423180228390521,2021-06-20 15:15:00,2021-06-20 07:15:00,-480.0,480.0
D2,FG-R1-expanded-peak2__guard-q95-suppress,9,9,2021-06-20,95,0.9895833333333334,False,28.0,23.664696684509416,-4.3353033154905845,4.3353033154905845,2021-06-20 15:15:00,2021-06-20 07:30:00,-465.0,465.0
D2,FG-R1-expanded-peak2__guard-q95-suppress,9,10,2021-06-20,95,0.9895833333333334,False,28.0,23.72433190231037,-4.275668097689628,4.275668097689628,2021-06-20 15:15:00,2021-06-20 19:45:00,270.0,270.0
D2,FG-R1-expanded-peak2__guard-q95-suppress,9,11,2021-06-20,95,0.9895833333333334,False,28.0,23.989540233400625,-4.010459766599375,4.010459766599375,2021-06-20 15:15:00,2021-06-20 18:00:00,165.0,165.0
D2,FG-R1-expanded-peak2__guard-q95-suppress,9,12,2021-06-20,95,0.9895833333333334,False,28.0,24.150596751955312,-3.8494032480446876,3.8494032480446876,2021-06-20 15:15:00,2021-06-20 18:15:00,180.0,180.0
D2,FG-R1-expanded-peak2__guard-q95-suppress,9,13,2021-06-20,95,0.9895833333333334,False,28.0,24.23449720361547,-3.7655027963845313,3.7655027963845313,2021-06-20 15:15:00,2021-06-20 18:30:00,195.0,195.0
D2,FG-R1-expanded-peak2__guard-q95-suppress,9,14,2021-06-20,95,0.9895833333333334,False,28.0,24.145458738488873,-3.8545412615111267,3.8545412615111267,2021-06-20 15:15:00,2021-06-20 23:15:00,480.0,480.0
D2,FG-R1-expanded-peak2__guard-q95-suppress,9,15,2021-06-20,95,0.9895833333333334,False,28.0,23.972530151835247,-4.027469848164753,4.027469848164753,2021-06-20 15:15:00,2021-06-20 23:00:00,465.0,465.0
D2,FG-R1-expanded-peak2__guard-q95-suppress,9,16,2021-06-20,95,0.9895833333333334,False,28.0,23.757581533885872,-4.2424184661141275,4.2424184661141275,2021-06-20 15:15:00,2021-06-20 23:15:00,480.0,480.0
D2,FG-R1-expanded-peak2__guard-q95-suppress,11,4,2021-06-28,1,0.010416666666666666,False,24.0,24.764202250502766,0.7642022505027661,0.7642022505027661,2021-06-28 00:00:00,2021-06-28 00:00:00,0.0,0.0
D2,FG-R1-expanded-peak2__guard-q95-suppress,11,4,2021-07-01,95,0.9895833333333334,False,206.0,183.93637084960938,-22.063629150390625,22.063629150390625,2021-07-01 14:00:00,2021-07-01 15:45:00,105.0,105.0
D2,FG-R1-expanded-peak2__guard-q95-suppress,11,4,2021-07-02,96,1.0,True,187.0,176.22213745117188,-10.777862548828125,10.777862548828125,2021-07-02 09:15:00,2021-07-02 08:45:00,-30.0,30.0
D2,FG-R1-expanded-peak2__guard-q95-suppress,11,4,2021-07-03,96,1.0,True,112.0,111.9608872765507,-0.03911272344930694,0.03911272344930694,2021-07-03 04:15:00,2021-07-03 01:45:00,-150.0,150.0
D2,FG-R1-expanded-peak2__guard-q95-suppress,11,4,2021-07-04,96,1.0,True,28.0,24.388791505308802,-3.6112084946911978,3.6112084946911978,2021-07-04 08:30:00,2021-07-04 22:45:00,855.0,855.0
D2,FG-R1-expanded-peak2__guard-q95-suppress,11,5,2021-06-28,1,0.010416666666666666,False,24.0,24.597698344252766,0.5976983442527661,0.5976983442527661,2021-06-28 00:00:00,2021-06-28 00:00:00,0.0,0.0
D2,FG-R1-expanded-peak2__guard-q95-suppress,11,5,2021-07-01,95,0.9895833333333334,False,206.0,182.60263061523438,-23.397369384765625,23.397369384765625,2021-07-01 14:00:00,2021-07-01 15:45:00,105.0,105.0
D2,FG-R1-expanded-peak2__guard-q95-suppress,11,5,2021-07-02,96,1.0,True,187.0,178.83743286132812,-8.162567138671875,8.162567138671875,2021-07-02 09:15:00,2021-07-02 08:45:00,-30.0,30.0
D2,FG-R1-expanded-peak2__guard-q95-suppress,11,5,2021-07-03,96,1.0,True,112.0,112.0896500166859,0.08965001668589423,0.08965001668589423,2021-07-03 04:15:00,2021-07-03 02:00:00,-135.0,135.0
D2,FG-R1-expanded-peak2__guard-q95-suppress,11,5,2021-07-04,96,1.0,True,28.0,24.477307740660365,-3.5226922593396353,3.5226922593396353,2021-07-04 08:30:00,2021-07-04 23:00:00,870.0,870.0
D2,FG-R1-expanded-peak2__guard-q95-suppress,11,6,2021-06-28,1,0.010416666666666666,False,24.0,24.662883891127766,0.6628838911277661,0.6628838911277661,2021-06-28 00:00:00,2021-06-28 00:00:00,0.0,0.0
D2,FG-R1-expanded-peak2__guard-q95-suppress,11,6,2021-07-01,95,0.9895833333333334,False,206.0,182.74378967285156,-23.256210327148438,23.256210327148438,2021-07-01 14:00:00,2021-07-01 15:45:00,105.0,105.0
D2,FG-R1-expanded-peak2__guard-q95-suppress,11,6,2021-07-02,96,1.0,True,187.0,178.5745391845703,-8.425460815429688,8.425460815429688,2021-07-02 09:15:00,2021-07-02 09:00:00,-15.0,15.0
D2,FG-R1-expanded-peak2__guard-q95-suppress,11,6,2021-07-03,96,1.0,True,112.0,111.3539705698674,-0.6460294301326002,0.6460294301326002,2021-07-03 04:15:00,2021-07-03 02:00:00,-135.0,135.0
D2,FG-R1-expanded-peak2__guard-q95-suppress,11,6,2021-07-04,96,1.0,True,28.0,24.279553834410365,-3.7204461655896353,3.7204461655896353,2021-07-04 08:30:00,2021-07-04 23:15:00,885.0,885.0
D2,FG-R1-expanded-peak2__guard-q95-suppress,11,7,2021-06-28,1,0.010416666666666666,False,24.0,24.836231364272297,0.8362313642722974,0.8362313642722974,2021-06-28 00:00:00,2021-06-28 00:00:00,0.0,0.0
D2,FG-R1-expanded-peak2__guard-q95-suppress,11,7,2021-07-01,95,0.9895833333333334,False,206.0,181.99310302734375,-24.00689697265625,24.00689697265625,2021-07-01 14:00:00,2021-07-01 15:45:00,105.0,105.0
D2,FG-R1-expanded-peak2__guard-q95-suppress,11,7,2021-07-02,96,1.0,True,187.0,177.9425048828125,-9.0574951171875,9.0574951171875,2021-07-02 09:15:00,2021-07-02 09:00:00,-15.0,15.0
D2,FG-R1-expanded-peak2__guard-q95-suppress,11,7,2021-07-03,96,1.0,True,112.0,110.80179865553109,-1.198201344468913,1.198201344468913,2021-07-03 04:15:00,2021-07-03 02:00:00,-135.0,135.0
D2,FG-R1-expanded-peak2__guard-q95-suppress,11,7,2021-07-04,96,1.0,True,28.0,24.36417866287431,-3.635821337125691,3.635821337125691,2021-07-04 08:30:00,2021-07-04 23:30:00,900.0,900.0
D2,FG-R1-expanded-peak2__guard-q95-suppress,11,8,2021-06-28,1,0.010416666666666666,False,24.0,24.118618144057454,0.11861814405745363,0.11861814405745363,2021-06-28 00:00:00,2021-06-28 00:00:00,0.0,0.0
D2,FG-R1-expanded-peak2__guard-q95-suppress,11,8,2021-07-01,95,0.9895833333333334,False,206.0,181.04681396484375,-24.95318603515625,24.95318603515625,2021-07-01 14:00:00,2021-07-01 14:00:00,0.0,0.0
D2,FG-R1-expanded-peak2__guard-q95-suppress,11,8,2021-07-02,96,1.0,True,187.0,177.42636108398438,-9.573638916015625,9.573638916015625,2021-07-02 09:15:00,2021-07-02 11:15:00,120.0,120.0
D2,FG-R1-expanded-peak2__guard-q95-suppress,11,8,2021-07-03,96,1.0,True,112.0,111.05990107252327,-0.9400989274767255,0.9400989274767255,2021-07-03 04:15:00,2021-07-03 02:15:00,-120.0,120.0
D2,FG-R1-expanded-peak2__guard-q95-suppress,11,8,2021-07-04,96,1.0,True,28.0,24.34787506243771,-3.6521249375622915,3.6521249375622915,2021-07-04 08:30:00,2021-07-04 17:15:00,525.0,525.0
D2,FG-R1-expanded-peak2__guard-q95-suppress,11,9,2021-06-28,1,0.010416666666666666,False,24.0,24.247837199233235,0.24783719923323488,0.24783719923323488,2021-06-28 00:00:00,2021-06-28 00:00:00,0.0,0.0
D2,FG-R1-expanded-peak2__guard-q95-suppress,11,9,2021-07-01,95,0.9895833333333334,False,206.0,180.79917907714844,-25.200820922851562,25.200820922851562,2021-07-01 14:00:00,2021-07-01 14:00:00,0.0,0.0
D2,FG-R1-expanded-peak2__guard-q95-suppress,11,9,2021-07-02,96,1.0,True,187.0,179.04049682617188,-7.959503173828125,7.959503173828125,2021-07-02 09:15:00,2021-07-02 14:00:00,285.0,285.0
D2,FG-R1-expanded-peak2__guard-q95-suppress,11,9,2021-07-03,96,1.0,True,112.0,110.7937954206678,-1.2062045793321943,1.2062045793321943,2021-07-03 04:15:00,2021-07-03 02:15:00,-120.0,120.0
D2,FG-R1-expanded-peak2__guard-q95-suppress,11,9,2021-07-04,96,1.0,True,28.0,24.455563966246302,-3.5444360337536978,3.5444360337536978,2021-07-04 08:30:00,2021-07-04 17:30:00,540.0,540.0
D2,FG-R1-expanded-peak2__guard-q95-suppress,11,10,2021-06-28,1,0.010416666666666666,False,24.0,24.568752421401204,0.5687524214012036,0.5687524214012036,2021-06-28 00:00:00,2021-06-28 00:00:00,0.0,0.0
D2,FG-R1-expanded-peak2__guard-q95-suppress,11,10,2021-07-01,95,0.9895833333333334,False,206.0,181.08023071289062,-24.919769287109375,24.919769287109375,2021-07-01 14:00:00,2021-07-01 14:00:00,0.0,0.0
D2,FG-R1-expanded-peak2__guard-q95-suppress,11,10,2021-07-02,96,1.0,True,187.0,180.2591094970703,-6.7408905029296875,6.7408905029296875,2021-07-02 09:15:00,2021-07-02 09:00:00,-15.0,15.0
D2,FG-R1-expanded-peak2__guard-q95-suppress,11,10,2021-07-03,96,1.0,True,112.0,110.87322504713265,-1.1267749528673505,1.1267749528673505,2021-07-03 04:15:00,2021-07-03 02:00:00,-135.0,135.0
D2,FG-R1-expanded-peak2__guard-q95-suppress,11,10,2021-07-04,96,1.0,True,28.0,24.531064454527552,-3.4689355454724478,3.4689355454724478,2021-07-04 08:30:00,2021-07-04 17:45:00,555.0,555.0
D2,FG-R1-expanded-peak2__guard-q95-suppress,11,11,2021-06-28,1,0.010416666666666666,False,24.0,24.87342466261214,0.8734246626121411,0.8734246626121411,2021-06-28 00:00:00,2021-06-28 00:00:00,0.0,0.0
D2,FG-R1-expanded-peak2__guard-q95-suppress,11,11,2021-07-01,95,0.9895833333333334,False,206.0,179.87704467773438,-26.122955322265625,26.122955322265625,2021-07-01 14:00:00,2021-07-01 14:00:00,0.0,0.0
D2,FG-R1-expanded-peak2__guard-q95-suppress,11,11,2021-07-02,96,1.0,True,187.0,180.73123168945312,-6.268768310546875,6.268768310546875,2021-07-02 09:15:00,2021-07-02 09:00:00,-15.0,15.0
D2,FG-R1-expanded-peak2__guard-q95-suppress,11,11,2021-07-03,96,1.0,True,112.0,110.44081240465371,-1.5591875953462875,1.5591875953462875,2021-07-03 04:15:00,2021-07-03 01:45:00,-150.0,150.0
D2,FG-R1-expanded-peak2__guard-q95-suppress,11,11,2021-07-04,96,1.0,True,28.0,24.886655274840052,-3.1133447251599478,3.1133447251599478,2021-07-04 08:30:00,2021-07-04 18:00:00,570.0,570.0
D2,FG-R1-expanded-peak2__guard-q95-suppress,11,12,2021-06-28,1,0.010416666666666666,False,24.0,24.53132261183089,0.5313226118308911,0.5313226118308911,2021-06-28 00:00:00,2021-06-28 00:00:00,0.0,0.0
D2,FG-R1-expanded-peak2__guard-q95-suppress,11,12,2021-07-01,95,0.9895833333333334,False,206.0,178.98788452148438,-27.012115478515625,27.012115478515625,2021-07-01 14:00:00,2021-07-01 14:00:00,0.0,0.0
D2,FG-R1-expanded-peak2__guard-q95-suppress,11,12,2021-07-02,96,1.0,True,187.0,180.60385131835938,-6.396148681640625,6.396148681640625,2021-07-02 09:15:00,2021-07-02 09:00:00,-15.0,15.0
D2,FG-R1-expanded-peak2__guard-q95-suppress,11,12,2021-07-03,96,1.0,True,112.0,111.85277064039437,-0.14722935960563177,0.14722935960563177,2021-07-03 04:15:00,2021-07-03 02:00:00,-135.0,135.0
D2,FG-R1-expanded-peak2__guard-q95-suppress,11,12,2021-07-04,96,1.0,True,28.0,25.057370606871302,-2.9426293931286978,2.9426293931286978,2021-07-04 08:30:00,2021-07-04 18:15:00,585.0,585.0
D2,FG-R1-expanded-peak2__guard-q95-suppress,11,13,2021-06-28,1,0.010416666666666666,False,24.0,24.803058756850422,0.8030587568504224,0.8030587568504224,2021-06-28 00:00:00,2021-06-28 00:00:00,0.0,0.0
D2,FG-R1-expanded-peak2__guard-q95-suppress,11,13,2021-07-01,95,0.9895833333333334,False,206.0,179.2186279296875,-26.7813720703125,26.7813720703125,2021-07-01 14:00:00,2021-07-01 14:00:00,0.0,0.0
D2,FG-R1-expanded-peak2__guard-q95-suppress,11,13,2021-07-02,96,1.0,True,187.0,178.63014221191406,-8.369857788085938,8.369857788085938,2021-07-02 09:15:00,2021-07-02 09:00:00,-15.0,15.0
D2,FG-R1-expanded-peak2__guard-q95-suppress,11,13,2021-07-03,96,1.0,True,112.0,113.951012905142,1.9510129051419938,1.9510129051419938,2021-07-03 04:15:00,2021-07-03 01:45:00,-150.0,150.0
D2,FG-R1-expanded-peak2__guard-q95-suppress,11,13,2021-07-04,96,1.0,True,28.0,25.29820017486096,-2.701799825139041,2.701799825139041,2021-07-04 08:30:00,2021-07-04 11:45:00,195.0,195.0
D2,FG-R1-expanded-peak2__guard-q95-suppress,11,14,2021-06-28,1,0.010416666666666666,False,24.0,24.833820475600422,0.8338204756004224,0.8338204756004224,2021-06-28 00:00:00,2021-06-28 00:00:00,0.0,0.0
D2,FG-R1-expanded-peak2__guard-q95-suppress,11,14,2021-07-01,95,0.9895833333333334,False,206.0,178.5942840576172,-27.405715942382812,27.405715942382812,2021-07-01 14:00:00,2021-07-01 14:00:00,0.0,0.0
D2,FG-R1-expanded-peak2__guard-q95-suppress,11,14,2021-07-02,96,1.0,True,187.0,179.89248657226562,-7.107513427734375,7.107513427734375,2021-07-02 09:15:00,2021-07-02 09:00:00,-15.0,15.0
D2,FG-R1-expanded-peak2__guard-q95-suppress,11,14,2021-07-03,96,1.0,True,112.0,114.54416926099984,2.544169260999837,2.544169260999837,2021-07-03 04:15:00,2021-07-03 02:00:00,-135.0,135.0
D2,FG-R1-expanded-peak2__guard-q95-suppress,11,14,2021-07-04,96,1.0,True,28.0,25.235837403746302,-2.7641625962536978,2.7641625962536978,2021-07-04 08:30:00,2021-07-04 18:45:00,615.0,615.0
D2,FG-R1-expanded-peak2__guard-q95-suppress,11,15,2021-06-28,1,0.010416666666666666,False,24.0,24.61748899366683,0.6174889936668286,0.6174889936668286,2021-06-28 00:00:00,2021-06-28 00:00:00,0.0,0.0
D2,FG-R1-expanded-peak2__guard-q95-suppress,11,15,2021-07-01,95,0.9895833333333334,False,206.0,178.3429718017578,-27.657028198242188,27.657028198242188,2021-07-01 14:00:00,2021-07-01 08:45:00,-315.0,315.0
D2,FG-R1-expanded-peak2__guard-q95-suppress,11,15,2021-07-02,96,1.0,True,187.0,179.69973754882812,-7.300262451171875,7.300262451171875,2021-07-02 09:15:00,2021-07-02 09:00:00,-15.0,15.0
D2,FG-R1-expanded-peak2__guard-q95-suppress,11,15,2021-07-03,96,1.0,True,112.0,114.24991877271859,2.249918772718587,2.249918772718587,2021-07-03 04:15:00,2021-07-03 02:15:00,-120.0,120.0
D2,FG-R1-expanded-peak2__guard-q95-suppress,11,15,2021-07-04,96,1.0,True,28.0,25.105168763609583,-2.8948312363904165,2.8948312363904165,2021-07-04 08:30:00,2021-07-04 15:30:00,420.0,420.0
D2,FG-R1-expanded-peak2__guard-q95-suppress,11,16,2021-06-28,1,0.010416666666666666,False,24.0,24.413005961440266,0.41300596144026613,0.41300596144026613,2021-06-28 00:00:00,2021-06-28 00:00:00,0.0,0.0
D2,FG-R1-expanded-peak2__guard-q95-suppress,11,16,2021-07-01,95,0.9895833333333334,False,206.0,178.46099853515625,-27.53900146484375,27.53900146484375,2021-07-01 14:00:00,2021-07-01 14:00:00,0.0,0.0
D2,FG-R1-expanded-peak2__guard-q95-suppress,11,16,2021-07-02,96,1.0,True,187.0,179.23159790039062,-7.768402099609375,7.768402099609375,2021-07-02 09:15:00,2021-07-02 09:00:00,-15.0,15.0
D2,FG-R1-expanded-peak2__guard-q95-suppress,11,16,2021-07-03,96,1.0,True,112.0,113.7513378401014,1.7513378401013995,1.7513378401013995,2021-07-03 04:15:00,2021-07-03 02:15:00,-120.0,120.0
D2,FG-R1-expanded-peak2__guard-q95-suppress,11,16,2021-07-04,96,1.0,True,28.0,24.610837403746302,-3.3891625962536978,3.3891625962536978,2021-07-04 08:30:00,2021-07-04 15:45:00,435.0,435.0
D2,FG-R1-expanded-peak2__guard-q95-suppress,13,4,2021-07-12,96,1.0,True,198.0,187.204100035687,-10.795899964313008,10.795899964313008,2021-07-12 08:45:00,2021-07-12 13:45:00,300.0,300.0
D2,FG-R1-expanded-peak2__guard-q95-suppress,13,4,2021-07-13,1,0.010416666666666666,False,79.0,87.87932420165342,8.879324201653418,8.879324201653418,2021-07-13 00:00:00,2021-07-13 00:00:00,0.0,0.0
D2,FG-R1-expanded-peak2__guard-q95-suppress,13,4,2021-07-17,92,0.9583333333333334,False,110.0,107.0931666738483,-2.9068333261516983,2.9068333261516983,2021-07-17 01:30:00,2021-07-17 02:15:00,45.0,45.0
D2,FG-R1-expanded-peak2__guard-q95-suppress,13,4,2021-07-18,96,1.0,True,28.0,24.113443592584737,-3.886556407415263,3.886556407415263,2021-07-18 01:15:00,2021-07-18 02:15:00,60.0,60.0
D2,FG-R1-expanded-peak2__guard-q95-suppress,13,5,2021-07-12,96,1.0,True,198.0,189.56209272047226,-8.437907279527735,8.437907279527735,2021-07-12 08:45:00,2021-07-12 13:45:00,300.0,300.0
D2,FG-R1-expanded-peak2__guard-q95-suppress,13,5,2021-07-13,1,0.010416666666666666,False,79.0,89.5036430739887,10.503643073988698,10.503643073988698,2021-07-13 00:00:00,2021-07-13 00:00:00,0.0,0.0
D2,FG-R1-expanded-peak2__guard-q95-suppress,13,5,2021-07-17,91,0.9479166666666666,False,110.0,106.20476832335575,-3.7952316766442493,3.7952316766442493,2021-07-17 01:30:00,2021-07-17 03:45:00,135.0,135.0
D2,FG-R1-expanded-peak2__guard-q95-suppress,13,5,2021-07-18,96,1.0,True,28.0,24.207621203732526,-3.7923787962674744,3.7923787962674744,2021-07-18 01:15:00,2021-07-18 14:45:00,810.0,810.0
D2,FG-R1-expanded-peak2__guard-q95-suppress,13,6,2021-07-12,96,1.0,True,198.0,188.5676851305945,-9.432314869405502,9.432314869405502,2021-07-12 08:45:00,2021-07-12 13:45:00,300.0,300.0
D2,FG-R1-expanded-peak2__guard-q95-suppress,13,6,2021-07-13,1,0.010416666666666666,False,79.0,89.05977005801893,10.059770058018927,10.059770058018927,2021-07-13 00:00:00,2021-07-13 00:00:00,0.0,0.0
D2,FG-R1-expanded-peak2__guard-q95-suppress,13,6,2021-07-17,90,0.9375,False,110.0,107.88342679083,-2.1165732091699994,2.1165732091699994,2021-07-17 01:30:00,2021-07-17 04:00:00,150.0,150.0
D2,FG-R1-expanded-peak2__guard-q95-suppress,13,6,2021-07-18,96,1.0,True,28.0,24.314778030889332,-3.6852219691106676,3.6852219691106676,2021-07-18 01:15:00,2021-07-18 11:45:00,630.0,630.0
D2,FG-R1-expanded-peak2__guard-q95-suppress,13,7,2021-07-12,96,1.0,True,198.0,187.8959155610286,-10.104084438971398,10.104084438971398,2021-07-12 08:45:00,2021-07-12 11:45:00,180.0,180.0
D2,FG-R1-expanded-peak2__guard-q95-suppress,13,7,2021-07-13,1,0.010416666666666666,False,79.0,89.03439246170997,10.03439246170997,10.03439246170997,2021-07-13 00:00:00,2021-07-13 00:00:00,0.0,0.0
D2,FG-R1-expanded-peak2__guard-q95-suppress,13,7,2021-07-17,89,0.9270833333333334,False,108.0,108.60515666215713,0.6051566621571283,0.6051566621571283,2021-07-17 06:00:00,2021-07-17 04:00:00,-120.0,120.0
D2,FG-R1-expanded-peak2__guard-q95-suppress,13,7,2021-07-18,96,1.0,True,28.0,24.227853569986827,-3.772146430013173,3.772146430013173,2021-07-18 01:15:00,2021-07-18 11:30:00,615.0,615.0
D2,FG-R1-expanded-peak2__guard-q95-suppress,13,8,2021-07-12,96,1.0,True,198.0,189.36417614743686,-8.635823852563135,8.635823852563135,2021-07-12 08:45:00,2021-07-12 13:45:00,300.0,300.0
D2,FG-R1-expanded-peak2__guard-q95-suppress,13,8,2021-07-13,1,0.010416666666666666,False,79.0,88.9157666509189,9.915766650918897,9.915766650918897,2021-07-13 00:00:00,2021-07-13 00:00:00,0.0,0.0
D2,FG-R1-expanded-peak2__guard-q95-suppress,13,8,2021-07-17,88,0.9166666666666666,False,108.0,109.70162366866926,1.7016236686692565,1.7016236686692565,2021-07-17 06:00:00,2021-07-17 04:15:00,-105.0,105.0
D2,FG-R1-expanded-peak2__guard-q95-suppress,13,8,2021-07-18,96,1.0,True,28.0,24.680097801021628,-3.3199021989783724,3.3199021989783724,2021-07-18 01:15:00,2021-07-18 11:45:00,630.0,630.0
D2,FG-R1-expanded-peak2__guard-q95-suppress,13,9,2021-07-12,96,1.0,True,198.0,189.96808260004295,-8.031917399957052,8.031917399957052,2021-07-12 08:45:00,2021-07-12 13:45:00,300.0,300.0
D2,FG-R1-expanded-peak2__guard-q95-suppress,13,9,2021-07-13,1,0.010416666666666666,False,79.0,89.44369999962196,10.443699999621955,10.443699999621955,2021-07-13 00:00:00,2021-07-13 00:00:00,0.0,0.0
D2,FG-R1-expanded-peak2__guard-q95-suppress,13,9,2021-07-17,87,0.90625,False,108.0,107.86908485633464,-0.13091514366536217,0.13091514366536217,2021-07-17 06:00:00,2021-07-17 04:15:00,-105.0,105.0
D2,FG-R1-expanded-peak2__guard-q95-suppress,13,9,2021-07-18,96,1.0,True,28.0,24.582343925228205,-3.417656074771795,3.417656074771795,2021-07-18 01:15:00,2021-07-18 11:45:00,630.0,630.0
D2,FG-R1-expanded-peak2__guard-q95-suppress,13,10,2021-07-12,96,1.0,True,198.0,190.81837825318485,-7.1816217468151535,7.1816217468151535,2021-07-12 08:45:00,2021-07-12 13:45:00,300.0,300.0
D2,FG-R1-expanded-peak2__guard-q95-suppress,13,10,2021-07-13,1,0.010416666666666666,False,79.0,87.13175989255956,8.131759892559558,8.131759892559558,2021-07-13 00:00:00,2021-07-13 00:00:00,0.0,0.0
D2,FG-R1-expanded-peak2__guard-q95-suppress,13,10,2021-07-17,86,0.8958333333333334,False,108.0,108.04957325774747,0.04957325774746835,0.04957325774746835,2021-07-17 06:00:00,2021-07-17 04:00:00,-120.0,120.0
D2,FG-R1-expanded-peak2__guard-q95-suppress,13,10,2021-07-18,96,1.0,True,28.0,24.57564987795275,-3.424350122047251,3.424350122047251,2021-07-18 01:15:00,2021-07-18 21:30:00,1215.0,1215.0
D2,FG-R1-expanded-peak2__guard-q95-suppress,13,11,2021-07-12,96,1.0,True,198.0,188.6971907719053,-9.302809228094702,9.302809228094702,2021-07-12 08:45:00,2021-07-12 08:45:00,0.0,0.0
D2,FG-R1-expanded-peak2__guard-q95-suppress,13,11,2021-07-13,1,0.010416666666666666,False,79.0,85.32351336749196,6.323513367491955,6.323513367491955,2021-07-13 00:00:00,2021-07-13 00:00:00,0.0,0.0
D2,FG-R1-expanded-peak2__guard-q95-suppress,13,11,2021-07-17,85,0.8854166666666666,False,108.0,108.97393856543772,0.9739385654377202,0.9739385654377202,2021-07-17 06:00:00,2021-07-17 04:15:00,-105.0,105.0
D2,FG-R1-expanded-peak2__guard-q95-suppress,13,11,2021-07-18,96,1.0,True,28.0,24.718123296456998,-3.281876703543002,3.281876703543002,2021-07-18 01:15:00,2021-07-18 21:30:00,1215.0,1215.0
D2,FG-R1-expanded-peak2__guard-q95-suppress,13,12,2021-07-12,96,1.0,True,198.0,189.49707274762756,-8.502927252372444,8.502927252372444,2021-07-12 08:45:00,2021-07-12 08:45:00,0.0,0.0
D2,FG-R1-expanded-peak2__guard-q95-suppress,13,12,2021-07-13,1,0.010416666666666666,False,79.0,85.42667435539718,6.426674355397182,6.426674355397182,2021-07-13 00:00:00,2021-07-13 00:00:00,0.0,0.0
D2,FG-R1-expanded-peak2__guard-q95-suppress,13,12,2021-07-17,84,0.875,False,108.0,107.84345571820708,-0.15654428179291813,0.15654428179291813,2021-07-17 06:00:00,2021-07-17 04:30:00,-90.0,90.0
D2,FG-R1-expanded-peak2__guard-q95-suppress,13,12,2021-07-18,96,1.0,True,28.0,24.79369300559392,-3.2063069944060807,3.2063069944060807,2021-07-18 01:15:00,2021-07-18 21:30:00,1215.0,1215.0
D2,FG-R1-expanded-peak2__guard-q95-suppress,13,13,2021-07-12,96,1.0,True,198.0,189.85517478361743,-8.144825216382571,8.144825216382571,2021-07-12 08:45:00,2021-07-12 08:45:00,0.0,0.0
D2,FG-R1-expanded-peak2__guard-q95-suppress,13,13,2021-07-13,1,0.010416666666666666,False,79.0,86.02952182038369,7.029521820383692,7.029521820383692,2021-07-13 00:00:00,2021-07-13 00:00:00,0.0,0.0
D2,FG-R1-expanded-peak2__guard-q95-suppress,13,13,2021-07-17,83,0.8645833333333334,False,108.0,108.47849307416865,0.4784930741686537,0.4784930741686537,2021-07-17 06:00:00,2021-07-17 04:15:00,-105.0,105.0
D2,FG-R1-expanded-peak2__guard-q95-suppress,13,13,2021-07-18,96,1.0,True,28.0,24.924332473812193,-3.0756675261878073,3.0756675261878073,2021-07-18 01:15:00,2021-07-18 21:30:00,1215.0,1215.0
D2,FG-R1-expanded-peak2__guard-q95-suppress,13,14,2021-07-12,96,1.0,True,198.0,188.9371230157476,-9.062876984252398,9.062876984252398,2021-07-12 08:45:00,2021-07-12 13:45:00,300.0,300.0
D2,FG-R1-expanded-peak2__guard-q95-suppress,13,14,2021-07-13,1,0.010416666666666666,False,79.0,86.91527710237058,7.915277102370581,7.915277102370581,2021-07-13 00:00:00,2021-07-13 00:00:00,0.0,0.0
D2,FG-R1-expanded-peak2__guard-q95-suppress,13,14,2021-07-17,82,0.8541666666666666,False,108.0,108.28482276870511,0.28482276870511214,0.28482276870511214,2021-07-17 06:00:00,2021-07-17 04:15:00,-105.0,105.0
D2,FG-R1-expanded-peak2__guard-q95-suppress,13,14,2021-07-18,96,1.0,True,28.0,25.2964642643803,-2.703535735619699,2.703535735619699,2021-07-18 01:15:00,2021-07-18 01:45:00,30.0,30.0
D2,FG-R1-expanded-peak2__guard-q95-suppress,13,15,2021-07-12,96,1.0,True,198.0,188.54852649422725,-9.451473505772753,9.451473505772753,2021-07-12 08:45:00,2021-07-12 09:00:00,15.0,15.0
D2,FG-R1-expanded-peak2__guard-q95-suppress,13,15,2021-07-13,1,0.010416666666666666,False,79.0,86.41055508538987,7.410555085389873,7.410555085389873,2021-07-13 00:00:00,2021-07-13 00:00:00,0.0,0.0
D2,FG-R1-expanded-peak2__guard-q95-suppress,13,15,2021-07-17,81,0.84375,False,108.0,108.21539203722446,0.21539203722446132,0.21539203722446132,2021-07-17 06:00:00,2021-07-17 04:00:00,-120.0,120.0
D2,FG-R1-expanded-peak2__guard-q95-suppress,13,15,2021-07-18,96,1.0,True,28.0,25.408578079994836,-2.591421920005164,2.591421920005164,2021-07-18 01:15:00,2021-07-18 11:45:00,630.0,630.0
D2,FG-R1-expanded-peak2__guard-q95-suppress,13,16,2021-07-12,96,1.0,True,198.0,188.05245720678823,-9.947542793211767,9.947542793211767,2021-07-12 08:45:00,2021-07-12 14:00:00,315.0,315.0
D2,FG-R1-expanded-peak2__guard-q95-suppress,13,16,2021-07-13,1,0.010416666666666666,False,79.0,86.55575101684164,7.55575101684164,7.55575101684164,2021-07-13 00:00:00,2021-07-13 00:00:00,0.0,0.0
D2,FG-R1-expanded-peak2__guard-q95-suppress,13,16,2021-07-17,80,0.8333333333333334,False,108.0,108.42117091073388,0.4211709107338777,0.4211709107338777,2021-07-17 06:00:00,2021-07-17 04:15:00,-105.0,105.0
D2,FG-R1-expanded-peak2__guard-q95-suppress,13,16,2021-07-18,96,1.0,True,28.0,25.229255516373133,-2.770744483626867,2.770744483626867,2021-07-18 01:15:00,2021-07-18 11:45:00,630.0,630.0
D2,FG-R1-expanded-peak2__guard-q95-suppress,15,4,2021-07-26,96,1.0,True,217.0,199.55847069503102,-17.44152930496898,17.44152930496898,2021-07-26 08:30:00,2021-07-26 11:45:00,195.0,195.0
D2,FG-R1-expanded-peak2__guard-q95-suppress,15,4,2021-07-27,96,1.0,True,211.0,199.5068817138672,-11.493118286132812,11.493118286132812,2021-07-27 11:45:00,2021-07-27 08:45:00,-180.0,180.0
D2,FG-R1-expanded-peak2__guard-q95-suppress,15,4,2021-07-28,96,1.0,True,212.0,213.3167724609375,1.3167724609375,1.3167724609375,2021-07-28 12:00:00,2021-07-28 08:45:00,-195.0,195.0
D2,FG-R1-expanded-peak2__guard-q95-suppress,15,4,2021-07-29,96,1.0,True,211.0,203.46742248535156,-7.5325775146484375,7.5325775146484375,2021-07-29 12:00:00,2021-07-29 08:30:00,-210.0,210.0
D2,FG-R1-expanded-peak2__guard-q95-suppress,15,4,2021-07-30,96,1.0,True,212.0,204.7494354248047,-7.2505645751953125,7.2505645751953125,2021-07-30 12:00:00,2021-07-30 08:45:00,-195.0,195.0
D2,FG-R1-expanded-peak2__guard-q95-suppress,15,4,2021-07-31,96,1.0,True,80.0,56.707714846781265,-23.292285153218735,23.292285153218735,2021-07-31 00:00:00,2021-07-31 01:45:00,105.0,105.0
D2,FG-R1-expanded-peak2__guard-q95-suppress,15,4,2021-08-01,96,1.0,True,28.0,30.351675588702385,2.351675588702385,2.351675588702385,2021-08-01 09:00:00,2021-08-01 23:15:00,855.0,855.0
D2,FG-R1-expanded-peak2__guard-q95-suppress,15,5,2021-07-26,96,1.0,True,217.0,202.62745595586932,-14.372544044130677,14.372544044130677,2021-07-26 08:30:00,2021-07-26 11:45:00,195.0,195.0
D2,FG-R1-expanded-peak2__guard-q95-suppress,15,5,2021-07-27,96,1.0,True,211.0,198.24609018589413,-12.753909814105867,12.753909814105867,2021-07-27 11:45:00,2021-07-27 08:30:00,-195.0,195.0
D2,FG-R1-expanded-peak2__guard-q95-suppress,15,5,2021-07-28,96,1.0,True,212.0,212.6049346923828,0.6049346923828125,0.6049346923828125,2021-07-28 12:00:00,2021-07-28 08:45:00,-195.0,195.0
D2,FG-R1-expanded-peak2__guard-q95-suppress,15,5,2021-07-29,96,1.0,True,211.0,203.40139770507812,-7.598602294921875,7.598602294921875,2021-07-29 12:00:00,2021-07-29 08:30:00,-210.0,210.0
D2,FG-R1-expanded-peak2__guard-q95-suppress,15,5,2021-07-30,96,1.0,True,212.0,206.28443908691406,-5.7155609130859375,5.7155609130859375,2021-07-30 12:00:00,2021-07-30 11:45:00,-15.0,15.0
D2,FG-R1-expanded-peak2__guard-q95-suppress,15,5,2021-07-31,96,1.0,True,80.0,60.75669783941602,-19.24330216058398,19.24330216058398,2021-07-31 00:00:00,2021-07-31 01:15:00,75.0,75.0
D2,FG-R1-expanded-peak2__guard-q95-suppress,15,5,2021-08-01,96,1.0,True,28.0,30.6528184187684,2.652818418768401,2.652818418768401,2021-08-01 09:00:00,2021-08-01 23:30:00,870.0,870.0
D2,FG-R1-expanded-peak2__guard-q95-suppress,15,6,2021-07-26,96,1.0,True,217.0,197.1911937412413,-19.808806258758693,19.808806258758693,2021-07-26 08:30:00,2021-07-26 11:45:00,195.0,195.0
D2,FG-R1-expanded-peak2__guard-q95-suppress,15,6,2021-07-27,96,1.0,True,211.0,197.4852879916853,-13.514712008314689,13.514712008314689,2021-07-27 11:45:00,2021-07-27 08:45:00,-180.0,180.0
D2,FG-R1-expanded-peak2__guard-q95-suppress,15,6,2021-07-28,96,1.0,True,212.0,210.87384033203125,-1.12615966796875,1.12615966796875,2021-07-28 12:00:00,2021-07-28 08:45:00,-195.0,195.0
D2,FG-R1-expanded-peak2__guard-q95-suppress,15,6,2021-07-29,96,1.0,True,211.0,202.74668884277344,-8.253311157226562,8.253311157226562,2021-07-29 12:00:00,2021-07-29 08:30:00,-210.0,210.0
D2,FG-R1-expanded-peak2__guard-q95-suppress,15,6,2021-07-30,96,1.0,True,212.0,206.5980224609375,-5.4019775390625,5.4019775390625,2021-07-30 12:00:00,2021-07-30 12:00:00,0.0,0.0
D2,FG-R1-expanded-peak2__guard-q95-suppress,15,6,2021-07-31,96,1.0,True,80.0,72.08127860456102,-7.918721395438979,7.918721395438979,2021-07-31 00:00:00,2021-07-31 01:30:00,90.0,90.0
D2,FG-R1-expanded-peak2__guard-q95-suppress,15,6,2021-08-01,96,1.0,True,28.0,30.63316217348077,2.6331621734807698,2.6331621734807698,2021-08-01 09:00:00,2021-08-01 23:30:00,870.0,870.0
D2,FG-R1-expanded-peak2__guard-q95-suppress,15,7,2021-07-26,96,1.0,True,217.0,198.8055418174924,-18.19445818250759,18.19445818250759,2021-07-26 08:30:00,2021-07-26 11:45:00,195.0,195.0
D2,FG-R1-expanded-peak2__guard-q95-suppress,15,7,2021-07-27,96,1.0,True,211.0,196.1570299030419,-14.842970096958112,14.842970096958112,2021-07-27 11:45:00,2021-07-27 08:45:00,-180.0,180.0
D2,FG-R1-expanded-peak2__guard-q95-suppress,15,7,2021-07-28,96,1.0,True,212.0,206.97842407226562,-5.021575927734375,5.021575927734375,2021-07-28 12:00:00,2021-07-28 08:45:00,-195.0,195.0
D2,FG-R1-expanded-peak2__guard-q95-suppress,15,7,2021-07-29,96,1.0,True,211.0,201.28421020507812,-9.715789794921875,9.715789794921875,2021-07-29 12:00:00,2021-07-29 08:30:00,-210.0,210.0
D2,FG-R1-expanded-peak2__guard-q95-suppress,15,7,2021-07-30,96,1.0,True,212.0,204.47824096679688,-7.521759033203125,7.521759033203125,2021-07-30 12:00:00,2021-07-30 12:00:00,0.0,0.0
D2,FG-R1-expanded-peak2__guard-q95-suppress,15,7,2021-07-31,96,1.0,True,80.0,73.03167292946199,-6.96832707053801,6.96832707053801,2021-07-31 00:00:00,2021-07-31 01:30:00,90.0,90.0
D2,FG-R1-expanded-peak2__guard-q95-suppress,15,7,2021-08-01,96,1.0,True,28.0,30.417307072758195,2.417307072758195,2.417307072758195,2021-08-01 09:00:00,2021-08-01 23:30:00,870.0,870.0
D2,FG-R1-expanded-peak2__guard-q95-suppress,15,8,2021-07-26,96,1.0,True,217.0,201.0053605794197,-15.994639420580313,15.994639420580313,2021-07-26 08:30:00,2021-07-26 11:45:00,195.0,195.0
D2,FG-R1-expanded-peak2__guard-q95-suppress,15,8,2021-07-27,96,1.0,True,211.0,197.79482538357232,-13.205174616427684,13.205174616427684,2021-07-27 11:45:00,2021-07-27 08:30:00,-195.0,195.0
D2,FG-R1-expanded-peak2__guard-q95-suppress,15,8,2021-07-28,96,1.0,True,212.0,208.7926483154297,-3.2073516845703125,3.2073516845703125,2021-07-28 12:00:00,2021-07-28 08:30:00,-210.0,210.0
D2,FG-R1-expanded-peak2__guard-q95-suppress,15,8,2021-07-29,96,1.0,True,211.0,202.65130615234375,-8.34869384765625,8.34869384765625,2021-07-29 12:00:00,2021-07-29 08:30:00,-210.0,210.0
D2,FG-R1-expanded-peak2__guard-q95-suppress,15,8,2021-07-30,96,1.0,True,212.0,205.8682861328125,-6.1317138671875,6.1317138671875,2021-07-30 12:00:00,2021-07-30 11:30:00,-30.0,30.0
D2,FG-R1-expanded-peak2__guard-q95-suppress,15,8,2021-07-31,96,1.0,True,80.0,75.33070963668222,-4.669290363317785,4.669290363317785,2021-07-31 00:00:00,2021-07-31 01:45:00,105.0,105.0
D2,FG-R1-expanded-peak2__guard-q95-suppress,15,8,2021-08-01,96,1.0,True,28.0,30.200847100080757,2.2008471000807575,2.2008471000807575,2021-08-01 09:00:00,2021-08-01 23:30:00,870.0,870.0
D2,FG-R1-expanded-peak2__guard-q95-suppress,15,9,2021-07-26,96,1.0,True,217.0,200.21259752659608,-16.787402473403915,16.787402473403915,2021-07-26 08:30:00,2021-07-26 11:45:00,195.0,195.0
D2,FG-R1-expanded-peak2__guard-q95-suppress,15,9,2021-07-27,96,1.0,True,211.0,198.74785703822,-12.25214296178001,12.25214296178001,2021-07-27 11:45:00,2021-07-27 08:30:00,-195.0,195.0
D2,FG-R1-expanded-peak2__guard-q95-suppress,15,9,2021-07-28,96,1.0,True,212.0,210.26893615722656,-1.7310638427734375,1.7310638427734375,2021-07-28 12:00:00,2021-07-28 08:45:00,-195.0,195.0
D2,FG-R1-expanded-peak2__guard-q95-suppress,15,9,2021-07-29,96,1.0,True,211.0,203.14669799804688,-7.853302001953125,7.853302001953125,2021-07-29 12:00:00,2021-07-29 08:30:00,-210.0,210.0
D2,FG-R1-expanded-peak2__guard-q95-suppress,15,9,2021-07-30,96,1.0,True,212.0,208.5184326171875,-3.4815673828125,3.4815673828125,2021-07-30 12:00:00,2021-07-30 12:00:00,0.0,0.0
D2,FG-R1-expanded-peak2__guard-q95-suppress,15,9,2021-07-31,96,1.0,True,80.0,75.63120768463764,-4.368792315362356,4.368792315362356,2021-07-31 00:00:00,2021-07-31 01:30:00,90.0,90.0
D2,FG-R1-expanded-peak2__guard-q95-suppress,15,9,2021-08-01,96,1.0,True,28.0,30.504217013649928,2.504217013649928,2.504217013649928,2021-08-01 09:00:00,2021-08-01 02:00:00,-420.0,420.0
D2,FG-R1-expanded-peak2__guard-q95-suppress,15,10,2021-07-26,96,1.0,True,217.0,199.73837320642068,-17.261626793579325,17.261626793579325,2021-07-26 08:30:00,2021-07-26 11:45:00,195.0,195.0
D2,FG-R1-expanded-peak2__guard-q95-suppress,15,10,2021-07-27,96,1.0,True,211.0,200.17822824030276,-10.821771759697242,10.821771759697242,2021-07-27 11:45:00,2021-07-27 08:30:00,-195.0,195.0
D2,FG-R1-expanded-peak2__guard-q95-suppress,15,10,2021-07-28,96,1.0,True,212.0,211.09017944335938,-0.909820556640625,0.909820556640625,2021-07-28 12:00:00,2021-07-28 08:45:00,-195.0,195.0
D2,FG-R1-expanded-peak2__guard-q95-suppress,15,10,2021-07-29,96,1.0,True,211.0,202.27423095703125,-8.72576904296875,8.72576904296875,2021-07-29 12:00:00,2021-07-29 08:30:00,-210.0,210.0
D2,FG-R1-expanded-peak2__guard-q95-suppress,15,10,2021-07-30,96,1.0,True,212.0,208.46121215820312,-3.538787841796875,3.538787841796875,2021-07-30 12:00:00,2021-07-30 12:00:00,0.0,0.0
D2,FG-R1-expanded-peak2__guard-q95-suppress,15,10,2021-07-31,96,1.0,True,80.0,76.38023636763828,-3.6197636323617246,3.6197636323617246,2021-07-31 00:00:00,2021-07-31 01:45:00,105.0,105.0
D2,FG-R1-expanded-peak2__guard-q95-suppress,15,10,2021-08-01,96,1.0,True,28.0,30.56092727971167,2.5609272797116702,2.5609272797116702,2021-08-01 09:00:00,2021-08-01 02:15:00,-405.0,405.0
D2,FG-R1-expanded-peak2__guard-q95-suppress,15,11,2021-07-26,96,1.0,True,217.0,203.26257866321083,-13.737421336789168,13.737421336789168,2021-07-26 08:30:00,2021-07-26 11:45:00,195.0,195.0
D2,FG-R1-expanded-peak2__guard-q95-suppress,15,11,2021-07-27,96,1.0,True,211.0,200.75884875310481,-10.241151246895186,10.241151246895186,2021-07-27 11:45:00,2021-07-27 08:45:00,-180.0,180.0
D2,FG-R1-expanded-peak2__guard-q95-suppress,15,11,2021-07-28,96,1.0,True,212.0,210.920166015625,-1.079833984375,1.079833984375,2021-07-28 12:00:00,2021-07-28 08:45:00,-195.0,195.0
D2,FG-R1-expanded-peak2__guard-q95-suppress,15,11,2021-07-29,96,1.0,True,211.0,201.97979736328125,-9.02020263671875,9.02020263671875,2021-07-29 12:00:00,2021-07-29 11:45:00,-15.0,15.0
D2,FG-R1-expanded-peak2__guard-q95-suppress,15,11,2021-07-30,96,1.0,True,212.0,207.0131378173828,-4.9868621826171875,4.9868621826171875,2021-07-30 12:00:00,2021-07-30 11:45:00,-15.0,15.0
D2,FG-R1-expanded-peak2__guard-q95-suppress,15,11,2021-07-31,96,1.0,True,80.0,75.66563243260025,-4.334367567399752,4.334367567399752,2021-07-31 00:00:00,2021-07-31 01:45:00,105.0,105.0
D2,FG-R1-expanded-peak2__guard-q95-suppress,15,11,2021-08-01,96,1.0,True,28.0,29.7699051474022,1.7699051474021985,1.7699051474021985,2021-08-01 09:00:00,2021-08-01 02:15:00,-405.0,405.0
D2,FG-R1-expanded-peak2__guard-q95-suppress,15,12,2021-07-26,96,1.0,True,217.0,201.90129116350957,-15.098708836490431,15.098708836490431,2021-07-26 08:30:00,2021-07-26 11:45:00,195.0,195.0
D2,FG-R1-expanded-peak2__guard-q95-suppress,15,12,2021-07-27,96,1.0,True,211.0,198.79311274057568,-12.20688725942432,12.20688725942432,2021-07-27 11:45:00,2021-07-27 08:45:00,-180.0,180.0
D2,FG-R1-expanded-peak2__guard-q95-suppress,15,12,2021-07-28,96,1.0,True,212.0,209.4625244140625,-2.5374755859375,2.5374755859375,2021-07-28 12:00:00,2021-07-28 08:45:00,-195.0,195.0
D2,FG-R1-expanded-peak2__guard-q95-suppress,15,12,2021-07-29,96,1.0,True,211.0,200.75,-10.25,10.25,2021-07-29 12:00:00,2021-07-29 11:45:00,-15.0,15.0
D2,FG-R1-expanded-peak2__guard-q95-suppress,15,12,2021-07-30,96,1.0,True,212.0,207.71359252929688,-4.286407470703125,4.286407470703125,2021-07-30 12:00:00,2021-07-30 12:00:00,0.0,0.0
D2,FG-R1-expanded-peak2__guard-q95-suppress,15,12,2021-07-31,96,1.0,True,80.0,75.35551273956317,-4.644487260436833,4.644487260436833,2021-07-31 00:00:00,2021-07-31 01:45:00,105.0,105.0
D2,FG-R1-expanded-peak2__guard-q95-suppress,15,12,2021-08-01,96,1.0,True,28.0,29.796751824963025,1.7967518249630245,1.7967518249630245,2021-08-01 09:00:00,2021-08-01 02:15:00,-405.0,405.0
D2,FG-R1-expanded-peak2__guard-q95-suppress,15,13,2021-07-26,96,1.0,True,217.0,202.9958070822271,-14.004192917772912,14.004192917772912,2021-07-26 08:30:00,2021-07-26 11:45:00,195.0,195.0
D2,FG-R1-expanded-peak2__guard-q95-suppress,15,13,2021-07-27,96,1.0,True,211.0,196.7305321125414,-14.269467887458603,14.269467887458603,2021-07-27 11:45:00,2021-07-27 11:45:00,0.0,0.0
D2,FG-R1-expanded-peak2__guard-q95-suppress,15,13,2021-07-28,96,1.0,True,212.0,206.42550659179688,-5.574493408203125,5.574493408203125,2021-07-28 12:00:00,2021-07-28 11:45:00,-15.0,15.0
D2,FG-R1-expanded-peak2__guard-q95-suppress,15,13,2021-07-29,96,1.0,True,211.0,200.72056579589844,-10.279434204101562,10.279434204101562,2021-07-29 12:00:00,2021-07-29 11:45:00,-15.0,15.0
D2,FG-R1-expanded-peak2__guard-q95-suppress,15,13,2021-07-30,96,1.0,True,212.0,207.84283447265625,-4.15716552734375,4.15716552734375,2021-07-30 12:00:00,2021-07-30 11:45:00,-15.0,15.0
D2,FG-R1-expanded-peak2__guard-q95-suppress,15,13,2021-07-31,96,1.0,True,80.0,76.23344757547711,-3.766552424522885,3.766552424522885,2021-07-31 00:00:00,2021-07-31 01:45:00,105.0,105.0
D2,FG-R1-expanded-peak2__guard-q95-suppress,15,13,2021-08-01,96,1.0,True,28.0,28.97961358854663,0.9796135885466306,0.9796135885466306,2021-08-01 09:00:00,2021-08-01 02:15:00,-405.0,405.0
D2,FG-R1-expanded-peak2__guard-q95-suppress,15,14,2021-07-26,96,1.0,True,217.0,197.30923857230786,-19.690761427692138,19.690761427692138,2021-07-26 08:30:00,2021-07-26 08:45:00,15.0,15.0
D2,FG-R1-expanded-peak2__guard-q95-suppress,15,14,2021-07-27,96,1.0,True,211.0,197.27800046440262,-13.721999535597377,13.721999535597377,2021-07-27 11:45:00,2021-07-27 12:00:00,15.0,15.0
D2,FG-R1-expanded-peak2__guard-q95-suppress,15,14,2021-07-28,96,1.0,True,212.0,208.71441650390625,-3.28558349609375,3.28558349609375,2021-07-28 12:00:00,2021-07-28 11:45:00,-15.0,15.0
D2,FG-R1-expanded-peak2__guard-q95-suppress,15,14,2021-07-29,96,1.0,True,211.0,201.53224182128906,-9.467758178710938,9.467758178710938,2021-07-29 12:00:00,2021-07-29 11:45:00,-15.0,15.0
D2,FG-R1-expanded-peak2__guard-q95-suppress,15,14,2021-07-30,96,1.0,True,212.0,209.84494018554688,-2.155059814453125,2.155059814453125,2021-07-30 12:00:00,2021-07-30 12:00:00,0.0,0.0
D2,FG-R1-expanded-peak2__guard-q95-suppress,15,14,2021-07-31,96,1.0,True,80.0,74.5709266811009,-5.4290733188991,5.4290733188991,2021-07-31 00:00:00,2021-07-31 01:45:00,105.0,105.0
D2,FG-R1-expanded-peak2__guard-q95-suppress,15,14,2021-08-01,96,1.0,True,28.0,29.17367730280018,1.1736773028001792,1.1736773028001792,2021-08-01 09:00:00,2021-08-01 03:30:00,-330.0,330.0
D2,FG-R1-expanded-peak2__guard-q95-suppress,15,15,2021-07-26,96,1.0,True,217.0,195.8381585524853,-21.16184144751469,21.16184144751469,2021-07-26 08:30:00,2021-07-26 11:45:00,195.0,195.0
D2,FG-R1-expanded-peak2__guard-q95-suppress,15,15,2021-07-27,96,1.0,True,211.0,195.2646484375,-15.7353515625,15.7353515625,2021-07-27 11:45:00,2021-07-27 08:45:00,-180.0,180.0
D2,FG-R1-expanded-peak2__guard-q95-suppress,15,15,2021-07-28,96,1.0,True,212.0,208.3951873779297,-3.6048126220703125,3.6048126220703125,2021-07-28 12:00:00,2021-07-28 08:45:00,-195.0,195.0
D2,FG-R1-expanded-peak2__guard-q95-suppress,15,15,2021-07-29,96,1.0,True,211.0,200.53790283203125,-10.46209716796875,10.46209716796875,2021-07-29 12:00:00,2021-07-29 11:45:00,-15.0,15.0
D2,FG-R1-expanded-peak2__guard-q95-suppress,15,15,2021-07-30,96,1.0,True,212.0,209.4776611328125,-2.5223388671875,2.5223388671875,2021-07-30 12:00:00,2021-07-30 12:00:00,0.0,0.0
D2,FG-R1-expanded-peak2__guard-q95-suppress,15,15,2021-07-31,96,1.0,True,80.0,75.49653769375104,-4.503462306248963,4.503462306248963,2021-07-31 00:00:00,2021-07-31 01:45:00,105.0,105.0
D2,FG-R1-expanded-peak2__guard-q95-suppress,15,15,2021-08-01,96,1.0,True,28.0,29.34953479917142,1.349534799171419,1.349534799171419,2021-08-01 09:00:00,2021-08-01 03:30:00,-330.0,330.0
D2,FG-R1-expanded-peak2__guard-q95-suppress,15,16,2021-07-26,96,1.0,True,217.0,194.21620738859755,-22.783792611402447,22.783792611402447,2021-07-26 08:30:00,2021-07-26 08:45:00,15.0,15.0
D2,FG-R1-expanded-peak2__guard-q95-suppress,15,16,2021-07-27,96,1.0,True,211.0,195.40078735351562,-15.599212646484375,15.599212646484375,2021-07-27 11:45:00,2021-07-27 08:45:00,-180.0,180.0
D2,FG-R1-expanded-peak2__guard-q95-suppress,15,16,2021-07-28,96,1.0,True,212.0,208.3544921875,-3.6455078125,3.6455078125,2021-07-28 12:00:00,2021-07-28 11:45:00,-15.0,15.0
D2,FG-R1-expanded-peak2__guard-q95-suppress,15,16,2021-07-29,96,1.0,True,211.0,201.66738891601562,-9.332611083984375,9.332611083984375,2021-07-29 12:00:00,2021-07-29 11:45:00,-15.0,15.0
D2,FG-R1-expanded-peak2__guard-q95-suppress,15,16,2021-07-30,96,1.0,True,212.0,207.12864685058594,-4.8713531494140625,4.8713531494140625,2021-07-30 12:00:00,2021-07-30 12:00:00,0.0,0.0
D2,FG-R1-expanded-peak2__guard-q95-suppress,15,16,2021-07-31,96,1.0,True,80.0,74.90402933131327,-5.095970668686732,5.095970668686732,2021-07-31 00:00:00,2021-07-31 03:45:00,225.0,225.0
D2,FG-R1-expanded-peak2__guard-q95-suppress,15,16,2021-08-01,96,1.0,True,28.0,30.113944924085295,2.1139449240852954,2.1139449240852954,2021-08-01 09:00:00,2021-08-01 03:30:00,-330.0,330.0
