dataset,model,fold,horizon,target_day,observed_slots,slot_coverage,full_day,actual_daily_max,predicted_daily_max,daily_max_error,daily_max_abs_error,actual_peak_time,predicted_peak_time,timing_error_minutes,timing_abs_error_minutes
D1,F1-4-ridge,0,4,2021-04-19,96,1.0,True,172.0,160.57608327423173,-11.423916725768265,11.423916725768265,2021-04-19 08:45:00,2021-04-19 13:15:00,270.0,270.0
D1,F1-4-ridge,0,4,2021-04-20,96,1.0,True,172.0,165.14801956487673,-6.8519804351232665,6.8519804351232665,2021-04-20 08:45:00,2021-04-20 13:15:00,270.0,270.0
D1,F1-4-ridge,0,4,2021-04-21,96,1.0,True,174.0,171.0609680978346,-2.9390319021653966,2.9390319021653966,2021-04-21 08:30:00,2021-04-21 12:00:00,210.0,210.0
D1,F1-4-ridge,0,4,2021-04-22,96,1.0,True,174.0,168.28445989798539,-5.715540102014614,5.715540102014614,2021-04-22 08:30:00,2021-04-22 12:00:00,210.0,210.0
D1,F1-4-ridge,0,4,2021-04-23,96,1.0,True,174.0,168.57130999222335,-5.428690007776652,5.428690007776652,2021-04-23 08:30:00,2021-04-23 12:00:00,210.0,210.0
D1,F1-4-ridge,0,4,2021-04-24,96,1.0,True,112.0,100.48938434694192,-11.510615653058082,11.510615653058082,2021-04-24 06:15:00,2021-04-24 02:30:00,-225.0,225.0
D1,F1-4-ridge,0,4,2021-04-25,96,1.0,True,25.0,26.734357510209094,1.7343575102090938,1.7343575102090938,2021-04-25 01:30:00,2021-04-25 06:00:00,270.0,270.0
D1,F1-4-ridge,0,4,2021-05-03,96,1.0,True,184.0,179.46892049746617,-4.531079502533828,4.531079502533828,2021-05-03 08:30:00,2021-05-03 09:45:00,75.0,75.0
D1,F1-4-ridge,0,4,2021-05-04,96,1.0,True,181.0,180.58019972876397,-0.4198002712360278,0.4198002712360278,2021-05-04 08:30:00,2021-05-04 09:45:00,75.0,75.0
D1,F1-4-ridge,0,4,2021-05-05,96,1.0,True,120.0,137.08482790086967,17.08482790086967,17.08482790086967,2021-05-05 04:15:00,2021-05-05 08:30:00,255.0,255.0
D1,F1-4-ridge,0,4,2021-05-06,96,1.0,True,199.0,172.19802438634164,-26.801975613658357,26.801975613658357,2021-05-06 09:00:00,2021-05-06 10:00:00,60.0,60.0
D1,F1-4-ridge,0,4,2021-05-07,96,1.0,True,181.0,178.86600818917336,-2.133991810826643,2.133991810826643,2021-05-07 09:00:00,2021-05-07 10:30:00,90.0,90.0
D1,F1-4-ridge,0,4,2021-05-08,96,1.0,True,115.0,105.03181233237972,-9.968187667620285,9.968187667620285,2021-05-08 02:00:00,2021-05-08 04:00:00,120.0,120.0
D1,F1-4-ridge,0,4,2021-05-09,96,1.0,True,184.0,140.808391191494,-43.191608808506004,43.191608808506004,2021-05-09 09:00:00,2021-05-09 12:45:00,225.0,225.0
D1,F1-4-ridge,0,5,2021-04-19,96,1.0,True,172.0,161.86989839407477,-10.130101605925233,10.130101605925233,2021-04-19 08:45:00,2021-04-19 13:15:00,270.0,270.0
D1,F1-4-ridge,0,5,2021-04-20,96,1.0,True,172.0,166.4957179818603,-5.5042820181396905,5.5042820181396905,2021-04-20 08:45:00,2021-04-20 13:15:00,270.0,270.0
D1,F1-4-ridge,0,5,2021-04-21,96,1.0,True,174.0,169.87730447761518,-4.1226955223848165,4.1226955223848165,2021-04-21 08:30:00,2021-04-21 12:00:00,210.0,210.0
D1,F1-4-ridge,0,5,2021-04-22,96,1.0,True,174.0,166.78966473009058,-7.210335269909422,7.210335269909422,2021-04-22 08:30:00,2021-04-22 12:00:00,210.0,210.0
D1,F1-4-ridge,0,5,2021-04-23,96,1.0,True,174.0,167.31491580440547,-6.685084195594527,6.685084195594527,2021-04-23 08:30:00,2021-04-23 12:00:00,210.0,210.0
D1,F1-4-ridge,0,5,2021-04-24,96,1.0,True,112.0,104.23671125174235,-7.763288748257651,7.763288748257651,2021-04-24 06:15:00,2021-04-24 06:15:00,0.0,0.0
D1,F1-4-ridge,0,5,2021-04-25,96,1.0,True,25.0,27.502270265388987,2.5022702653889866,2.5022702653889866,2021-04-25 01:30:00,2021-04-25 01:30:00,0.0,0.0
D1,F1-4-ridge,0,5,2021-05-03,96,1.0,True,184.0,174.34130372997924,-9.658696270020755,9.658696270020755,2021-05-03 08:30:00,2021-05-03 10:00:00,90.0,90.0
D1,F1-4-ridge,0,5,2021-05-04,96,1.0,True,181.0,179.00469109775383,-1.9953089022461654,1.9953089022461654,2021-05-04 08:30:00,2021-05-04 10:00:00,90.0,90.0
D1,F1-4-ridge,0,5,2021-05-05,96,1.0,True,120.0,142.5182608032661,22.518260803266088,22.518260803266088,2021-05-05 04:15:00,2021-05-05 08:30:00,255.0,255.0
D1,F1-4-ridge,0,5,2021-05-06,96,1.0,True,199.0,173.04822343438357,-25.951776565616427,25.951776565616427,2021-05-06 09:00:00,2021-05-06 10:45:00,105.0,105.0
D1,F1-4-ridge,0,5,2021-05-07,96,1.0,True,181.0,178.25339855134695,-2.7466014486530526,2.7466014486530526,2021-05-07 09:00:00,2021-05-07 10:45:00,105.0,105.0
D1,F1-4-ridge,0,5,2021-05-08,96,1.0,True,115.0,103.63081380863423,-11.36918619136577,11.36918619136577,2021-05-08 02:00:00,2021-05-08 04:15:00,135.0,135.0
D1,F1-4-ridge,0,5,2021-05-09,96,1.0,True,184.0,139.36666007706035,-44.633339922939655,44.633339922939655,2021-05-09 09:00:00,2021-05-09 13:00:00,240.0,240.0
D1,F1-4-ridge,0,6,2021-04-19,96,1.0,True,172.0,162.92158303799397,-9.078416962006031,9.078416962006031,2021-04-19 08:45:00,2021-04-19 13:15:00,270.0,270.0
D1,F1-4-ridge,0,6,2021-04-20,96,1.0,True,172.0,167.6379563732326,-4.362043626767388,4.362043626767388,2021-04-20 08:45:00,2021-04-20 13:15:00,270.0,270.0
D1,F1-4-ridge,0,6,2021-04-21,96,1.0,True,174.0,170.9523224486161,-3.047677551383913,3.047677551383913,2021-04-21 08:30:00,2021-04-21 12:00:00,210.0,210.0
D1,F1-4-ridge,0,6,2021-04-22,96,1.0,True,174.0,167.6668295641481,-6.333170435851912,6.333170435851912,2021-04-22 08:30:00,2021-04-22 12:00:00,210.0,210.0
D1,F1-4-ridge,0,6,2021-04-23,96,1.0,True,174.0,168.34055283537518,-5.659447164624822,5.659447164624822,2021-04-23 08:30:00,2021-04-23 12:00:00,210.0,210.0
D1,F1-4-ridge,0,6,2021-04-24,96,1.0,True,112.0,104.81766722739886,-7.182332772601143,7.182332772601143,2021-04-24 06:15:00,2021-04-24 06:15:00,0.0,0.0
D1,F1-4-ridge,0,6,2021-04-25,96,1.0,True,25.0,28.47775914063257,3.477759140632571,3.477759140632571,2021-04-25 01:30:00,2021-04-25 11:15:00,585.0,585.0
D1,F1-4-ridge,0,6,2021-05-03,96,1.0,True,184.0,168.38584628184745,-15.61415371815255,15.61415371815255,2021-05-03 08:30:00,2021-05-03 11:00:00,150.0,150.0
D1,F1-4-ridge,0,6,2021-05-04,96,1.0,True,181.0,172.36644857198388,-8.63355142801612,8.63355142801612,2021-05-04 08:30:00,2021-05-04 12:00:00,210.0,210.0
D1,F1-4-ridge,0,6,2021-05-05,96,1.0,True,120.0,144.03098920307846,24.030989203078462,24.030989203078462,2021-05-05 04:15:00,2021-05-05 08:30:00,255.0,255.0
D1,F1-4-ridge,0,6,2021-05-06,96,1.0,True,199.0,171.00909892234642,-27.990901077653575,27.990901077653575,2021-05-06 09:00:00,2021-05-06 11:30:00,150.0,150.0
D1,F1-4-ridge,0,6,2021-05-07,96,1.0,True,181.0,179.38616864929523,-1.6138313507047712,1.6138313507047712,2021-05-07 09:00:00,2021-05-07 11:00:00,120.0,120.0
D1,F1-4-ridge,0,6,2021-05-08,96,1.0,True,115.0,106.1588560628161,-8.841143937183901,8.841143937183901,2021-05-08 02:00:00,2021-05-08 04:30:00,150.0,150.0
D1,F1-4-ridge,0,6,2021-05-09,96,1.0,True,184.0,138.04986679198765,-45.950133208012346,45.950133208012346,2021-05-09 09:00:00,2021-05-09 13:15:00,255.0,255.0
D1,F1-4-ridge,0,7,2021-04-19,96,1.0,True,172.0,161.4302012068389,-10.569798793161112,10.569798793161112,2021-04-19 08:45:00,2021-04-19 13:15:00,270.0,270.0
D1,F1-4-ridge,0,7,2021-04-20,96,1.0,True,172.0,166.33825115029867,-5.6617488497013255,5.6617488497013255,2021-04-20 08:45:00,2021-04-20 13:30:00,285.0,285.0
D1,F1-4-ridge,0,7,2021-04-21,96,1.0,True,174.0,171.06907685132427,-2.9309231486757312,2.9309231486757312,2021-04-21 08:30:00,2021-04-21 13:15:00,285.0,285.0
D1,F1-4-ridge,0,7,2021-04-22,96,1.0,True,174.0,168.8099386429724,-5.190061357027588,5.190061357027588,2021-04-22 08:30:00,2021-04-22 13:15:00,285.0,285.0
D1,F1-4-ridge,0,7,2021-04-23,96,1.0,True,174.0,169.7468644862101,-4.253135513789914,4.253135513789914,2021-04-23 08:30:00,2021-04-23 13:15:00,285.0,285.0
D1,F1-4-ridge,0,7,2021-04-24,96,1.0,True,112.0,106.54404101600109,-5.4559589839989115,5.4559589839989115,2021-04-24 06:15:00,2021-04-24 02:00:00,-255.0,255.0
D1,F1-4-ridge,0,7,2021-04-25,96,1.0,True,25.0,29.587838034103996,4.587838034103996,4.587838034103996,2021-04-25 01:30:00,2021-04-25 11:00:00,570.0,570.0
D1,F1-4-ridge,0,7,2021-05-03,96,1.0,True,184.0,168.5684011992824,-15.431598800717609,15.431598800717609,2021-05-03 08:30:00,2021-05-03 11:15:00,165.0,165.0
D1,F1-4-ridge,0,7,2021-05-04,96,1.0,True,181.0,172.2821102569605,-8.717889743039507,8.717889743039507,2021-05-04 08:30:00,2021-05-04 10:30:00,120.0,120.0
D1,F1-4-ridge,0,7,2021-05-05,96,1.0,True,120.0,147.05940094412355,27.059400944123553,27.059400944123553,2021-05-05 04:15:00,2021-05-05 08:30:00,255.0,255.0
D1,F1-4-ridge,0,7,2021-05-06,96,1.0,True,199.0,173.6818969496704,-25.318103050329597,25.318103050329597,2021-05-06 09:00:00,2021-05-06 11:30:00,150.0,150.0
D1,F1-4-ridge,0,7,2021-05-07,96,1.0,True,181.0,175.02672813888307,-5.9732718611169275,5.9732718611169275,2021-05-07 09:00:00,2021-05-07 11:15:00,135.0,135.0
D1,F1-4-ridge,0,7,2021-05-08,96,1.0,True,115.0,103.52011906571433,-11.479880934285674,11.479880934285674,2021-05-08 02:00:00,2021-05-08 06:15:00,255.0,255.0
D1,F1-4-ridge,0,7,2021-05-09,96,1.0,True,184.0,135.78246860512365,-48.217531394876346,48.217531394876346,2021-05-09 09:00:00,2021-05-09 13:30:00,270.0,270.0
D1,F1-4-ridge,0,8,2021-04-19,96,1.0,True,172.0,163.20805602544252,-8.791943974557483,8.791943974557483,2021-04-19 08:45:00,2021-04-19 13:15:00,270.0,270.0
D1,F1-4-ridge,0,8,2021-04-20,96,1.0,True,172.0,167.92832891068406,-4.071671089315942,4.071671089315942,2021-04-20 08:45:00,2021-04-20 13:15:00,270.0,270.0
D1,F1-4-ridge,0,8,2021-04-21,96,1.0,True,174.0,170.1574946214668,-3.8425053785331897,3.8425053785331897,2021-04-21 08:30:00,2021-04-21 13:15:00,285.0,285.0
D1,F1-4-ridge,0,8,2021-04-22,96,1.0,True,174.0,167.70162636933506,-6.2983736306649405,6.2983736306649405,2021-04-22 08:30:00,2021-04-22 13:15:00,285.0,285.0
D1,F1-4-ridge,0,8,2021-04-23,96,1.0,True,174.0,168.93546205591625,-5.064537944083753,5.064537944083753,2021-04-23 08:30:00,2021-04-23 13:15:00,285.0,285.0
D1,F1-4-ridge,0,8,2021-04-24,96,1.0,True,112.0,104.1755670747396,-7.824432925260396,7.824432925260396,2021-04-24 06:15:00,2021-04-24 02:00:00,-255.0,255.0
D1,F1-4-ridge,0,8,2021-04-25,96,1.0,True,25.0,30.815887096952565,5.815887096952565,5.815887096952565,2021-04-25 01:30:00,2021-04-25 11:00:00,570.0,570.0
D1,F1-4-ridge,0,8,2021-05-03,96,1.0,True,184.0,166.12275031841176,-17.87724968158824,17.87724968158824,2021-05-03 08:30:00,2021-05-03 11:30:00,180.0,180.0
D1,F1-4-ridge,0,8,2021-05-04,96,1.0,True,181.0,172.9541239055738,-8.045876094426205,8.045876094426205,2021-05-04 08:30:00,2021-05-04 10:45:00,135.0,135.0
D1,F1-4-ridge,0,8,2021-05-05,96,1.0,True,120.0,149.39317927206372,29.39317927206372,29.39317927206372,2021-05-05 04:15:00,2021-05-05 08:30:00,255.0,255.0
D1,F1-4-ridge,0,8,2021-05-06,96,1.0,True,199.0,174.72806324212985,-24.27193675787015,24.27193675787015,2021-05-06 09:00:00,2021-05-06 11:30:00,150.0,150.0
D1,F1-4-ridge,0,8,2021-05-07,96,1.0,True,181.0,174.61705896308325,-6.382941036916748,6.382941036916748,2021-05-07 09:00:00,2021-05-07 11:00:00,120.0,120.0
D1,F1-4-ridge,0,8,2021-05-08,96,1.0,True,115.0,104.56595453424163,-10.434045465758373,10.434045465758373,2021-05-08 02:00:00,2021-05-08 06:15:00,255.0,255.0
D1,F1-4-ridge,0,8,2021-05-09,96,1.0,True,184.0,134.38617597459955,-49.61382402540045,49.61382402540045,2021-05-09 09:00:00,2021-05-09 11:00:00,120.0,120.0
D1,F1-4-ridge,0,9,2021-04-19,96,1.0,True,172.0,161.22797776023918,-10.772022239760815,10.772022239760815,2021-04-19 08:45:00,2021-04-19 13:30:00,285.0,285.0
D1,F1-4-ridge,0,9,2021-04-20,96,1.0,True,172.0,166.59726293451715,-5.402737065482853,5.402737065482853,2021-04-20 08:45:00,2021-04-20 13:30:00,285.0,285.0
D1,F1-4-ridge,0,9,2021-04-21,96,1.0,True,174.0,172.742427898112,-1.2575721018880017,1.2575721018880017,2021-04-21 08:30:00,2021-04-21 13:15:00,285.0,285.0
D1,F1-4-ridge,0,9,2021-04-22,96,1.0,True,174.0,170.02822201089566,-3.971777989104339,3.971777989104339,2021-04-22 08:30:00,2021-04-22 13:15:00,285.0,285.0
D1,F1-4-ridge,0,9,2021-04-23,96,1.0,True,174.0,171.49011521825236,-2.509884781747644,2.509884781747644,2021-04-23 08:30:00,2021-04-23 13:15:00,285.0,285.0
D1,F1-4-ridge,0,9,2021-04-24,96,1.0,True,112.0,105.5546466744185,-6.445353325581493,6.445353325581493,2021-04-24 06:15:00,2021-04-24 02:00:00,-255.0,255.0
D1,F1-4-ridge,0,9,2021-04-25,96,1.0,True,25.0,31.403570869532842,6.403570869532842,6.403570869532842,2021-04-25 01:30:00,2021-04-25 11:15:00,585.0,585.0
D1,F1-4-ridge,0,9,2021-05-03,96,1.0,True,184.0,173.0322346901948,-10.967765309805202,10.967765309805202,2021-05-03 08:30:00,2021-05-03 11:00:00,150.0,150.0
D1,F1-4-ridge,0,9,2021-05-04,96,1.0,True,181.0,179.17526271270685,-1.8247372872931464,1.8247372872931464,2021-05-04 08:30:00,2021-05-04 11:00:00,150.0,150.0
D1,F1-4-ridge,0,9,2021-05-05,96,1.0,True,120.0,146.4710203545971,26.4710203545971,26.4710203545971,2021-05-05 04:15:00,2021-05-05 08:30:00,255.0,255.0
D1,F1-4-ridge,0,9,2021-05-06,96,1.0,True,199.0,172.55605619359278,-26.44394380640722,26.44394380640722,2021-05-06 09:00:00,2021-05-06 11:45:00,165.0,165.0
D1,F1-4-ridge,0,9,2021-05-07,96,1.0,True,181.0,171.63475297001986,-9.36524702998014,9.36524702998014,2021-05-07 09:00:00,2021-05-07 11:00:00,120.0,120.0
D1,F1-4-ridge,0,9,2021-05-08,96,1.0,True,115.0,104.05148403583854,-10.948515964161459,10.948515964161459,2021-05-08 02:00:00,2021-05-08 06:30:00,270.0,270.0
D1,F1-4-ridge,0,9,2021-05-09,96,1.0,True,184.0,134.97205655275138,-49.02794344724862,49.02794344724862,2021-05-09 09:00:00,2021-05-09 14:00:00,300.0,300.0
D1,F1-4-ridge,0,10,2021-04-19,96,1.0,True,172.0,162.2078028148839,-9.792197185116095,9.792197185116095,2021-04-19 08:45:00,2021-04-19 13:15:00,270.0,270.0
D1,F1-4-ridge,0,10,2021-04-20,96,1.0,True,172.0,167.35085745713155,-4.6491425428684465,4.6491425428684465,2021-04-20 08:45:00,2021-04-20 13:15:00,270.0,270.0
D1,F1-4-ridge,0,10,2021-04-21,96,1.0,True,174.0,172.96837154173625,-1.0316284582637536,1.0316284582637536,2021-04-21 08:30:00,2021-04-21 13:15:00,285.0,285.0
D1,F1-4-ridge,0,10,2021-04-22,96,1.0,True,174.0,169.8575592302024,-4.142440769797588,4.142440769797588,2021-04-22 08:30:00,2021-04-22 13:15:00,285.0,285.0
D1,F1-4-ridge,0,10,2021-04-23,96,1.0,True,174.0,171.5768820214592,-2.4231179785408017,2.4231179785408017,2021-04-23 08:30:00,2021-04-23 13:15:00,285.0,285.0
D1,F1-4-ridge,0,10,2021-04-24,96,1.0,True,112.0,109.22714594860412,-2.772854051395882,2.772854051395882,2021-04-24 06:15:00,2021-04-24 02:00:00,-255.0,255.0
D1,F1-4-ridge,0,10,2021-04-25,96,1.0,True,25.0,31.731084920880278,6.731084920880278,6.731084920880278,2021-04-25 01:30:00,2021-04-25 11:15:00,585.0,585.0
D1,F1-4-ridge,0,10,2021-05-03,96,1.0,True,184.0,175.51691910640477,-8.483080893595229,8.483080893595229,2021-05-03 08:30:00,2021-05-03 11:15:00,165.0,165.0
D1,F1-4-ridge,0,10,2021-05-04,96,1.0,True,181.0,180.57945644992296,-0.420543550077042,0.420543550077042,2021-05-04 08:30:00,2021-05-04 11:15:00,165.0,165.0
D1,F1-4-ridge,0,10,2021-05-05,96,1.0,True,120.0,146.60255741579007,26.602557415790073,26.602557415790073,2021-05-05 04:15:00,2021-05-05 09:00:00,285.0,285.0
D1,F1-4-ridge,0,10,2021-05-06,96,1.0,True,199.0,171.8269764816227,-27.173023518377306,27.173023518377306,2021-05-06 09:00:00,2021-05-06 12:00:00,180.0,180.0
D1,F1-4-ridge,0,10,2021-05-07,96,1.0,True,181.0,169.42882352981974,-11.571176470180262,11.571176470180262,2021-05-07 09:00:00,2021-05-07 11:30:00,150.0,150.0
D1,F1-4-ridge,0,10,2021-05-08,96,1.0,True,115.0,104.23800317907829,-10.76199682092171,10.76199682092171,2021-05-08 02:00:00,2021-05-08 06:45:00,285.0,285.0
D1,F1-4-ridge,0,10,2021-05-09,96,1.0,True,184.0,135.8326075888614,-48.16739241113859,48.16739241113859,2021-05-09 09:00:00,2021-05-09 14:15:00,315.0,315.0
D1,F1-4-ridge,0,11,2021-04-19,96,1.0,True,172.0,164.1483066315248,-7.851693368475196,7.851693368475196,2021-04-19 08:45:00,2021-04-19 13:15:00,270.0,270.0
D1,F1-4-ridge,0,11,2021-04-20,96,1.0,True,172.0,169.53733369422935,-2.4626663057706537,2.4626663057706537,2021-04-20 08:45:00,2021-04-20 13:15:00,270.0,270.0
D1,F1-4-ridge,0,11,2021-04-21,96,1.0,True,174.0,176.00769127354965,2.0076912735496535,2.0076912735496535,2021-04-21 08:30:00,2021-04-21 13:15:00,285.0,285.0
D1,F1-4-ridge,0,11,2021-04-22,96,1.0,True,174.0,172.72954558520308,-1.270454414796916,1.270454414796916,2021-04-22 08:30:00,2021-04-22 13:15:00,285.0,285.0
D1,F1-4-ridge,0,11,2021-04-23,96,1.0,True,174.0,174.70548527678716,0.705485276787158,0.705485276787158,2021-04-23 08:30:00,2021-04-23 13:15:00,285.0,285.0
D1,F1-4-ridge,0,11,2021-04-24,96,1.0,True,112.0,108.60088479163689,-3.3991152083631135,3.3991152083631135,2021-04-24 06:15:00,2021-04-24 02:00:00,-255.0,255.0
D1,F1-4-ridge,0,11,2021-04-25,96,1.0,True,25.0,31.91688473756706,6.9168847375670595,6.9168847375670595,2021-04-25 01:30:00,2021-04-25 11:15:00,585.0,585.0
D1,F1-4-ridge,0,11,2021-05-03,96,1.0,True,184.0,175.5562671502327,-8.443732849767287,8.443732849767287,2021-05-03 08:30:00,2021-05-03 11:30:00,180.0,180.0
D1,F1-4-ridge,0,11,2021-05-04,96,1.0,True,181.0,179.50073806604254,-1.499261933957456,1.499261933957456,2021-05-04 08:30:00,2021-05-04 11:30:00,180.0,180.0
D1,F1-4-ridge,0,11,2021-05-05,96,1.0,True,120.0,153.26778451934175,33.267784519341745,33.267784519341745,2021-05-05 04:15:00,2021-05-05 08:30:00,255.0,255.0
D1,F1-4-ridge,0,11,2021-05-06,96,1.0,True,199.0,169.20665184611056,-29.79334815388944,29.79334815388944,2021-05-06 09:00:00,2021-05-06 11:45:00,165.0,165.0
D1,F1-4-ridge,0,11,2021-05-07,96,1.0,True,181.0,165.79971340194842,-15.200286598051576,15.200286598051576,2021-05-07 09:00:00,2021-05-07 11:30:00,150.0,150.0
D1,F1-4-ridge,0,11,2021-05-08,96,1.0,True,115.0,101.70717386033299,-13.292826139667014,13.292826139667014,2021-05-08 02:00:00,2021-05-08 06:15:00,255.0,255.0
D1,F1-4-ridge,0,11,2021-05-09,96,1.0,True,184.0,134.50716916749474,-49.49283083250526,49.49283083250526,2021-05-09 09:00:00,2021-05-09 11:45:00,165.0,165.0
D1,F1-4-ridge,0,12,2021-04-19,96,1.0,True,172.0,162.55304228398978,-9.446957716010218,9.446957716010218,2021-04-19 08:45:00,2021-04-19 13:15:00,270.0,270.0
D1,F1-4-ridge,0,12,2021-04-20,96,1.0,True,172.0,168.36238012807863,-3.6376198719213733,3.6376198719213733,2021-04-20 08:45:00,2021-04-20 13:30:00,285.0,285.0
D1,F1-4-ridge,0,12,2021-04-21,96,1.0,True,174.0,174.48252346628166,0.48252346628166265,0.48252346628166265,2021-04-21 08:30:00,2021-04-21 13:30:00,300.0,300.0
D1,F1-4-ridge,0,12,2021-04-22,96,1.0,True,174.0,170.57506236279858,-3.424937637201424,3.424937637201424,2021-04-22 08:30:00,2021-04-22 13:30:00,300.0,300.0
D1,F1-4-ridge,0,12,2021-04-23,96,1.0,True,174.0,172.73449317309286,-1.2655068269071421,1.2655068269071421,2021-04-23 08:30:00,2021-04-23 13:30:00,300.0,300.0
D1,F1-4-ridge,0,12,2021-04-24,96,1.0,True,112.0,106.92746498429347,-5.072535015706535,5.072535015706535,2021-04-24 06:15:00,2021-04-24 02:00:00,-255.0,255.0
D1,F1-4-ridge,0,12,2021-04-25,96,1.0,True,25.0,32.26389888029301,7.263898880293013,7.263898880293013,2021-04-25 01:30:00,2021-04-25 11:15:00,585.0,585.0
D1,F1-4-ridge,0,12,2021-05-03,96,1.0,True,184.0,177.44045514754072,-6.5595448524592825,6.5595448524592825,2021-05-03 08:30:00,2021-05-03 11:45:00,195.0,195.0
D1,F1-4-ridge,0,12,2021-05-04,96,1.0,True,181.0,181.00703100131705,0.007031001317045593,0.007031001317045593,2021-05-04 08:30:00,2021-05-04 11:45:00,195.0,195.0
D1,F1-4-ridge,0,12,2021-05-05,96,1.0,True,120.0,159.04542473866297,39.04542473866297,39.04542473866297,2021-05-05 04:15:00,2021-05-05 08:30:00,255.0,255.0
D1,F1-4-ridge,0,12,2021-05-06,96,1.0,True,199.0,167.6847827613184,-31.315217238681612,31.315217238681612,2021-05-06 09:00:00,2021-05-06 12:00:00,180.0,180.0
D1,F1-4-ridge,0,12,2021-05-07,96,1.0,True,181.0,162.32682093254647,-18.673179067453532,18.673179067453532,2021-05-07 09:00:00,2021-05-07 11:45:00,165.0,165.0
D1,F1-4-ridge,0,12,2021-05-08,96,1.0,True,115.0,101.02498710679457,-13.975012893205431,13.975012893205431,2021-05-08 02:00:00,2021-05-08 06:45:00,285.0,285.0
D1,F1-4-ridge,0,12,2021-05-09,96,1.0,True,184.0,134.41418659457395,-49.58581340542605,49.58581340542605,2021-05-09 09:00:00,2021-05-09 12:00:00,180.0,180.0
D1,F1-4-ridge,0,13,2021-04-19,96,1.0,True,172.0,161.94050154662324,-10.059498453376762,10.059498453376762,2021-04-19 08:45:00,2021-04-19 15:45:00,420.0,420.0
D1,F1-4-ridge,0,13,2021-04-20,96,1.0,True,172.0,168.69197784993065,-3.3080221500693483,3.3080221500693483,2021-04-20 08:45:00,2021-04-20 15:45:00,420.0,420.0
D1,F1-4-ridge,0,13,2021-04-21,96,1.0,True,174.0,173.3519686561694,-0.6480313438306098,0.6480313438306098,2021-04-21 08:30:00,2021-04-21 13:45:00,315.0,315.0
D1,F1-4-ridge,0,13,2021-04-22,96,1.0,True,174.0,169.60835594974088,-4.391644050259117,4.391644050259117,2021-04-22 08:30:00,2021-04-22 13:45:00,315.0,315.0
D1,F1-4-ridge,0,13,2021-04-23,96,1.0,True,174.0,171.95590044390565,-2.044099556094352,2.044099556094352,2021-04-23 08:30:00,2021-04-23 13:45:00,315.0,315.0
D1,F1-4-ridge,0,13,2021-04-24,96,1.0,True,112.0,112.01517537063461,0.015175370634608498,0.015175370634608498,2021-04-24 06:15:00,2021-04-24 01:45:00,-270.0,270.0
D1,F1-4-ridge,0,13,2021-04-25,96,1.0,True,25.0,31.743786269225787,6.743786269225787,6.743786269225787,2021-04-25 01:30:00,2021-04-25 11:15:00,585.0,585.0
D1,F1-4-ridge,0,13,2021-05-03,96,1.0,True,184.0,181.1013527458946,-2.8986472541054127,2.8986472541054127,2021-05-03 08:30:00,2021-05-03 12:00:00,210.0,210.0
D1,F1-4-ridge,0,13,2021-05-04,96,1.0,True,181.0,184.63398545670935,3.633985456709354,3.633985456709354,2021-05-04 08:30:00,2021-05-04 12:00:00,210.0,210.0
D1,F1-4-ridge,0,13,2021-05-05,96,1.0,True,120.0,158.60985706152525,38.60985706152525,38.60985706152525,2021-05-05 04:15:00,2021-05-05 08:30:00,255.0,255.0
D1,F1-4-ridge,0,13,2021-05-06,96,1.0,True,199.0,164.9293188769828,-34.07068112301721,34.07068112301721,2021-05-06 09:00:00,2021-05-06 13:30:00,270.0,270.0
D1,F1-4-ridge,0,13,2021-05-07,96,1.0,True,181.0,157.39021993333643,-23.609780066663575,23.609780066663575,2021-05-07 09:00:00,2021-05-07 15:45:00,405.0,405.0
D1,F1-4-ridge,0,13,2021-05-08,96,1.0,True,115.0,103.00067706663972,-11.999322933360276,11.999322933360276,2021-05-08 02:00:00,2021-05-08 06:15:00,255.0,255.0
D1,F1-4-ridge,0,13,2021-05-09,96,1.0,True,184.0,134.26860618950076,-49.73139381049924,49.73139381049924,2021-05-09 09:00:00,2021-05-09 12:15:00,195.0,195.0
D1,F1-4-ridge,0,14,2021-04-19,96,1.0,True,172.0,164.86430685666085,-7.135693143339154,7.135693143339154,2021-04-19 08:45:00,2021-04-19 15:45:00,420.0,420.0
D1,F1-4-ridge,0,14,2021-04-20,96,1.0,True,172.0,171.77728165659977,-0.22271834340023133,0.22271834340023133,2021-04-20 08:45:00,2021-04-20 15:45:00,420.0,420.0
D1,F1-4-ridge,0,14,2021-04-21,96,1.0,True,174.0,167.33093000017365,-6.669069999826348,6.669069999826348,2021-04-21 08:30:00,2021-04-21 14:00:00,330.0,330.0
D1,F1-4-ridge,0,14,2021-04-22,96,1.0,True,174.0,164.03782510530195,-9.962174894698052,9.962174894698052,2021-04-22 08:30:00,2021-04-22 14:00:00,330.0,330.0
D1,F1-4-ridge,0,14,2021-04-23,96,1.0,True,174.0,166.69254366393113,-7.307456336068867,7.307456336068867,2021-04-23 08:30:00,2021-04-23 14:00:00,330.0,330.0
D1,F1-4-ridge,0,14,2021-04-24,96,1.0,True,112.0,116.21623537906723,4.2162353790672285,4.2162353790672285,2021-04-24 06:15:00,2021-04-24 02:00:00,-255.0,255.0
D1,F1-4-ridge,0,14,2021-04-25,96,1.0,True,25.0,31.45918401307584,6.459184013075841,6.459184013075841,2021-04-25 01:30:00,2021-04-25 11:15:00,585.0,585.0
D1,F1-4-ridge,0,14,2021-05-03,96,1.0,True,184.0,160.57932445890674,-23.42067554109326,23.42067554109326,2021-05-03 08:30:00,2021-05-03 13:45:00,315.0,315.0
D1,F1-4-ridge,0,14,2021-05-04,96,1.0,True,181.0,169.9875609048612,-11.012439095138802,11.012439095138802,2021-05-04 08:30:00,2021-05-04 13:15:00,285.0,285.0
D1,F1-4-ridge,0,14,2021-05-05,96,1.0,True,120.0,157.86215489274107,37.862154892741074,37.862154892741074,2021-05-05 04:15:00,2021-05-05 08:30:00,255.0,255.0
D1,F1-4-ridge,0,14,2021-05-06,96,1.0,True,199.0,165.3054206813707,-33.69457931862931,33.69457931862931,2021-05-06 09:00:00,2021-05-06 13:30:00,270.0,270.0
D1,F1-4-ridge,0,14,2021-05-07,96,1.0,True,181.0,161.70850078864748,-19.291499211352516,19.291499211352516,2021-05-07 09:00:00,2021-05-07 14:30:00,330.0,330.0
D1,F1-4-ridge,0,14,2021-05-08,96,1.0,True,115.0,102.58533050154132,-12.414669498458679,12.414669498458679,2021-05-08 02:00:00,2021-05-08 06:30:00,270.0,270.0
D1,F1-4-ridge,0,14,2021-05-09,96,1.0,True,184.0,134.37226187520105,-49.62773812479895,49.62773812479895,2021-05-09 09:00:00,2021-05-09 12:30:00,210.0,210.0
D1,F1-4-ridge,0,15,2021-04-19,96,1.0,True,172.0,162.85121056167972,-9.148789438320279,9.148789438320279,2021-04-19 08:45:00,2021-04-19 13:30:00,285.0,285.0
D1,F1-4-ridge,0,15,2021-04-20,96,1.0,True,172.0,169.51885905323496,-2.481140946765038,2.481140946765038,2021-04-20 08:45:00,2021-04-20 13:30:00,285.0,285.0
D1,F1-4-ridge,0,15,2021-04-21,96,1.0,True,174.0,164.74490476092672,-9.255095239073285,9.255095239073285,2021-04-21 08:30:00,2021-04-21 14:45:00,375.0,375.0
D1,F1-4-ridge,0,15,2021-04-22,96,1.0,True,174.0,161.20512148916907,-12.794878510830927,12.794878510830927,2021-04-22 08:30:00,2021-04-22 14:45:00,375.0,375.0
D1,F1-4-ridge,0,15,2021-04-23,96,1.0,True,174.0,163.77604041235884,-10.223959587641161,10.223959587641161,2021-04-23 08:30:00,2021-04-23 14:45:00,375.0,375.0
D1,F1-4-ridge,0,15,2021-04-24,96,1.0,True,112.0,109.57849681845438,-2.421503181545617,2.421503181545617,2021-04-24 06:15:00,2021-04-24 02:15:00,-240.0,240.0
D1,F1-4-ridge,0,15,2021-04-25,96,1.0,True,25.0,31.407894585412755,6.407894585412755,6.407894585412755,2021-04-25 01:30:00,2021-04-25 14:15:00,765.0,765.0
D1,F1-4-ridge,0,15,2021-05-03,96,1.0,True,184.0,168.34480102239206,-15.655198977607938,15.655198977607938,2021-05-03 08:30:00,2021-05-03 13:15:00,285.0,285.0
D1,F1-4-ridge,0,15,2021-05-04,96,1.0,True,181.0,170.2711700348052,-10.728829965194791,10.728829965194791,2021-05-04 08:30:00,2021-05-04 13:30:00,300.0,300.0
D1,F1-4-ridge,0,15,2021-05-05,96,1.0,True,120.0,166.11550605606135,46.11550605606135,46.11550605606135,2021-05-05 04:15:00,2021-05-05 08:30:00,255.0,255.0
D1,F1-4-ridge,0,15,2021-05-06,96,1.0,True,199.0,169.82712573676434,-29.172874263235656,29.172874263235656,2021-05-06 09:00:00,2021-05-06 13:30:00,270.0,270.0
D1,F1-4-ridge,0,15,2021-05-07,96,1.0,True,181.0,160.96350927438874,-20.03649072561126,20.03649072561126,2021-05-07 09:00:00,2021-05-07 13:45:00,285.0,285.0
D1,F1-4-ridge,0,15,2021-05-08,96,1.0,True,115.0,103.383027872446,-11.616972127554007,11.616972127554007,2021-05-08 02:00:00,2021-05-08 06:45:00,285.0,285.0
D1,F1-4-ridge,0,15,2021-05-09,96,1.0,True,184.0,135.74653792379263,-48.25346207620737,48.25346207620737,2021-05-09 09:00:00,2021-05-09 14:15:00,315.0,315.0
D1,F1-4-ridge,0,16,2021-04-19,96,1.0,True,172.0,167.00003717848,-4.9999628215200005,4.9999628215200005,2021-04-19 08:45:00,2021-04-19 13:15:00,270.0,270.0
D1,F1-4-ridge,0,16,2021-04-20,96,1.0,True,172.0,173.21918800639693,1.2191880063969336,1.2191880063969336,2021-04-20 08:45:00,2021-04-20 13:15:00,270.0,270.0
D1,F1-4-ridge,0,16,2021-04-21,96,1.0,True,174.0,172.90878161525325,-1.0912183847467531,1.0912183847467531,2021-04-21 08:30:00,2021-04-21 13:15:00,285.0,285.0
D1,F1-4-ridge,0,16,2021-04-22,96,1.0,True,174.0,168.9878902889699,-5.012109711030092,5.012109711030092,2021-04-22 08:30:00,2021-04-22 13:15:00,285.0,285.0
D1,F1-4-ridge,0,16,2021-04-23,96,1.0,True,174.0,171.91058489250804,-2.089415107491959,2.089415107491959,2021-04-23 08:30:00,2021-04-23 13:15:00,285.0,285.0
D1,F1-4-ridge,0,16,2021-04-24,96,1.0,True,112.0,108.79837992892536,-3.201620071074643,3.201620071074643,2021-04-24 06:15:00,2021-04-24 02:00:00,-255.0,255.0
D1,F1-4-ridge,0,16,2021-04-25,96,1.0,True,25.0,32.03221509837856,7.032215098378558,7.032215098378558,2021-04-25 01:30:00,2021-04-25 14:15:00,765.0,765.0
D1,F1-4-ridge,0,16,2021-05-03,96,1.0,True,184.0,169.2033603353995,-14.796639664600491,14.796639664600491,2021-05-03 08:30:00,2021-05-03 13:30:00,300.0,300.0
D1,F1-4-ridge,0,16,2021-05-04,96,1.0,True,181.0,171.03903341392567,-9.960966586074335,9.960966586074335,2021-05-04 08:30:00,2021-05-04 13:45:00,315.0,315.0
D1,F1-4-ridge,0,16,2021-05-05,96,1.0,True,120.0,166.52288483714716,46.52288483714716,46.52288483714716,2021-05-05 04:15:00,2021-05-05 08:30:00,255.0,255.0
D1,F1-4-ridge,0,16,2021-05-06,96,1.0,True,199.0,173.98169610868695,-25.018303891313053,25.018303891313053,2021-05-06 09:00:00,2021-05-06 13:30:00,270.0,270.0
D1,F1-4-ridge,0,16,2021-05-07,96,1.0,True,181.0,163.03276881732018,-17.967231182679825,17.967231182679825,2021-05-07 09:00:00,2021-05-07 14:00:00,300.0,300.0
D1,F1-4-ridge,0,16,2021-05-08,96,1.0,True,115.0,99.80047529134765,-15.199524708652348,15.199524708652348,2021-05-08 02:00:00,2021-05-08 02:15:00,15.0,15.0
D1,F1-4-ridge,0,16,2021-05-09,96,1.0,True,184.0,136.572446414966,-47.42755358503399,47.42755358503399,2021-05-09 09:00:00,2021-05-09 13:00:00,240.0,240.0
D1,F1-4-ridge,1,4,2021-05-31,96,1.0,True,172.0,164.54691352624604,-7.453086473753956,7.453086473753956,2021-05-31 10:30:00,2021-05-31 12:00:00,90.0,90.0
D1,F1-4-ridge,1,4,2021-06-01,96,1.0,True,195.0,184.8807639719957,-10.119236028004309,10.119236028004309,2021-06-01 09:00:00,2021-06-01 11:00:00,120.0,120.0
D1,F1-4-ridge,1,4,2021-06-02,96,1.0,True,191.0,184.3040824953752,-6.695917504624788,6.695917504624788,2021-06-02 10:45:00,2021-06-02 11:45:00,60.0,60.0
D1,F1-4-ridge,1,4,2021-06-03,96,1.0,True,181.0,185.31989323875843,4.319893238758425,4.319893238758425,2021-06-03 08:30:00,2021-06-03 09:45:00,75.0,75.0
D1,F1-4-ridge,1,4,2021-06-04,96,1.0,True,173.0,170.8550637437115,-2.144936256288503,2.144936256288503,2021-06-04 10:45:00,2021-06-04 11:45:00,60.0,60.0
D1,F1-4-ridge,1,4,2021-06-05,96,1.0,True,116.0,106.0459180327867,-9.954081967213298,9.954081967213298,2021-06-05 01:45:00,2021-06-05 05:00:00,195.0,195.0
D1,F1-4-ridge,1,4,2021-06-06,96,1.0,True,27.0,25.501108963244178,-1.498891036755822,1.498891036755822,2021-06-06 01:30:00,2021-06-06 11:00:00,570.0,570.0
D1,F1-4-ridge,1,4,2021-06-14,96,1.0,True,204.0,177.64556558924494,-26.35443441075506,26.35443441075506,2021-06-14 09:00:00,2021-06-14 10:30:00,90.0,90.0
D1,F1-4-ridge,1,4,2021-06-15,96,1.0,True,198.0,191.68581905155492,-6.314180948445085,6.314180948445085,2021-06-15 08:45:00,2021-06-15 11:45:00,180.0,180.0
D1,F1-4-ridge,1,4,2021-06-16,96,1.0,True,193.0,186.190005197915,-6.8099948020849865,6.8099948020849865,2021-06-16 10:45:00,2021-06-16 11:45:00,60.0,60.0
D1,F1-4-ridge,1,4,2021-06-17,96,1.0,True,197.0,191.57741393313012,-5.422586066869883,5.422586066869883,2021-06-17 08:45:00,2021-06-17 09:45:00,60.0,60.0
D1,F1-4-ridge,1,4,2021-06-18,96,1.0,True,186.0,180.44152208694047,-5.558477913059534,5.558477913059534,2021-06-18 10:00:00,2021-06-18 11:15:00,75.0,75.0
D1,F1-4-ridge,1,4,2021-06-19,96,1.0,True,119.0,113.39819681459794,-5.601803185402062,5.601803185402062,2021-06-19 02:15:00,2021-06-19 03:30:00,75.0,75.0
D1,F1-4-ridge,1,4,2021-06-20,96,1.0,True,28.0,28.488101576645946,0.48810157664594556,0.48810157664594556,2021-06-20 15:15:00,2021-06-20 06:15:00,-540.0,540.0
D1,F1-4-ridge,1,5,2021-05-31,96,1.0,True,172.0,165.98772877720714,-6.012271222792862,6.012271222792862,2021-05-31 10:30:00,2021-05-31 12:00:00,90.0,90.0
D1,F1-4-ridge,1,5,2021-06-01,96,1.0,True,195.0,182.80846926078036,-12.191530739219644,12.191530739219644,2021-06-01 09:00:00,2021-06-01 10:45:00,105.0,105.0
D1,F1-4-ridge,1,5,2021-06-02,96,1.0,True,191.0,179.977371138276,-11.022628861724002,11.022628861724002,2021-06-02 10:45:00,2021-06-02 12:00:00,75.0,75.0
D1,F1-4-ridge,1,5,2021-06-03,96,1.0,True,181.0,183.98389300221447,2.9838930022144723,2.9838930022144723,2021-06-03 08:30:00,2021-06-03 10:00:00,90.0,90.0
D1,F1-4-ridge,1,5,2021-06-04,96,1.0,True,173.0,169.95200455378614,-3.0479954462138608,3.0479954462138608,2021-06-04 10:45:00,2021-06-04 12:00:00,75.0,75.0
D1,F1-4-ridge,1,5,2021-06-05,96,1.0,True,116.0,107.89086233792429,-8.10913766207571,8.10913766207571,2021-06-05 01:45:00,2021-06-05 04:15:00,150.0,150.0
D1,F1-4-ridge,1,5,2021-06-06,96,1.0,True,27.0,27.017596180577726,0.017596180577726273,0.017596180577726273,2021-06-06 01:30:00,2021-06-06 11:00:00,570.0,570.0
D1,F1-4-ridge,1,5,2021-06-14,96,1.0,True,204.0,177.10619010505945,-26.893809894940546,26.893809894940546,2021-06-14 09:00:00,2021-06-14 11:00:00,120.0,120.0
D1,F1-4-ridge,1,5,2021-06-15,96,1.0,True,198.0,193.3834088867183,-4.616591113281686,4.616591113281686,2021-06-15 08:45:00,2021-06-15 12:00:00,195.0,195.0
D1,F1-4-ridge,1,5,2021-06-16,96,1.0,True,193.0,185.07279073006163,-7.927209269938373,7.927209269938373,2021-06-16 10:45:00,2021-06-16 12:00:00,75.0,75.0
D1,F1-4-ridge,1,5,2021-06-17,96,1.0,True,197.0,189.09771620236333,-7.90228379763667,7.90228379763667,2021-06-17 08:45:00,2021-06-17 10:00:00,75.0,75.0
D1,F1-4-ridge,1,5,2021-06-18,96,1.0,True,186.0,178.72114508420384,-7.27885491579616,7.27885491579616,2021-06-18 10:00:00,2021-06-18 11:15:00,75.0,75.0
D1,F1-4-ridge,1,5,2021-06-19,96,1.0,True,119.0,113.80572347306651,-5.194276526933493,5.194276526933493,2021-06-19 02:15:00,2021-06-19 03:45:00,90.0,90.0
D1,F1-4-ridge,1,5,2021-06-20,96,1.0,True,28.0,30.09462657833234,2.0946265783323383,2.0946265783323383,2021-06-20 15:15:00,2021-06-20 06:30:00,-525.0,525.0
D1,F1-4-ridge,1,6,2021-05-31,96,1.0,True,172.0,167.02230317453493,-4.977696825465074,4.977696825465074,2021-05-31 10:30:00,2021-05-31 12:00:00,90.0,90.0
D1,F1-4-ridge,1,6,2021-06-01,96,1.0,True,195.0,191.0412149156159,-3.9587850843840897,3.9587850843840897,2021-06-01 09:00:00,2021-06-01 10:30:00,90.0,90.0
D1,F1-4-ridge,1,6,2021-06-02,96,1.0,True,191.0,172.66308720399007,-18.336912796009926,18.336912796009926,2021-06-02 10:45:00,2021-06-02 12:00:00,75.0,75.0
D1,F1-4-ridge,1,6,2021-06-03,96,1.0,True,181.0,170.51108023516915,-10.488919764830854,10.488919764830854,2021-06-03 08:30:00,2021-06-03 11:00:00,150.0,150.0
D1,F1-4-ridge,1,6,2021-06-04,96,1.0,True,173.0,164.11596605218955,-8.884033947810451,8.884033947810451,2021-06-04 10:45:00,2021-06-04 11:30:00,45.0,45.0
D1,F1-4-ridge,1,6,2021-06-05,96,1.0,True,116.0,109.07988853416512,-6.920111465834879,6.920111465834879,2021-06-05 01:45:00,2021-06-05 04:15:00,150.0,150.0
D1,F1-4-ridge,1,6,2021-06-06,96,1.0,True,27.0,28.53790712700129,1.53790712700129,1.53790712700129,2021-06-06 01:30:00,2021-06-06 11:00:00,570.0,570.0
D1,F1-4-ridge,1,6,2021-06-14,96,1.0,True,204.0,181.297753037238,-22.70224696276199,22.70224696276199,2021-06-14 09:00:00,2021-06-14 10:30:00,90.0,90.0
D1,F1-4-ridge,1,6,2021-06-15,96,1.0,True,198.0,184.82591627174088,-13.17408372825912,13.17408372825912,2021-06-15 08:45:00,2021-06-15 12:00:00,195.0,195.0
D1,F1-4-ridge,1,6,2021-06-16,96,1.0,True,193.0,182.0328900742146,-10.967109925785394,10.967109925785394,2021-06-16 10:45:00,2021-06-16 11:30:00,45.0,45.0
D1,F1-4-ridge,1,6,2021-06-17,96,1.0,True,197.0,186.62714178955858,-10.372858210441422,10.372858210441422,2021-06-17 08:45:00,2021-06-17 10:45:00,120.0,120.0
D1,F1-4-ridge,1,6,2021-06-18,96,1.0,True,186.0,178.48465078839848,-7.515349211601517,7.515349211601517,2021-06-18 10:00:00,2021-06-18 11:45:00,105.0,105.0
D1,F1-4-ridge,1,6,2021-06-19,96,1.0,True,119.0,111.20768184369615,-7.79231815630385,7.79231815630385,2021-06-19 02:15:00,2021-06-19 03:45:00,90.0,90.0
D1,F1-4-ridge,1,6,2021-06-20,96,1.0,True,28.0,31.25681685164971,3.2568168516497096,3.2568168516497096,2021-06-20 15:15:00,2021-06-20 06:30:00,-525.0,525.0
D1,F1-4-ridge,1,7,2021-05-31,96,1.0,True,172.0,167.11490991588013,-4.885090084119867,4.885090084119867,2021-05-31 10:30:00,2021-05-31 11:15:00,45.0,45.0
D1,F1-4-ridge,1,7,2021-06-01,96,1.0,True,195.0,190.18637555472387,-4.813624445276133,4.813624445276133,2021-06-01 09:00:00,2021-06-01 10:45:00,105.0,105.0
D1,F1-4-ridge,1,7,2021-06-02,96,1.0,True,191.0,177.18113077236734,-13.81886922763266,13.81886922763266,2021-06-02 10:45:00,2021-06-02 11:45:00,60.0,60.0
D1,F1-4-ridge,1,7,2021-06-03,96,1.0,True,181.0,177.80259437788067,-3.1974056221193337,3.1974056221193337,2021-06-03 08:30:00,2021-06-03 10:30:00,120.0,120.0
D1,F1-4-ridge,1,7,2021-06-04,96,1.0,True,173.0,163.13012952395368,-9.869870476046316,9.869870476046316,2021-06-04 10:45:00,2021-06-04 12:00:00,75.0,75.0
D1,F1-4-ridge,1,7,2021-06-05,96,1.0,True,116.0,107.23875859111688,-8.761241408883123,8.761241408883123,2021-06-05 01:45:00,2021-06-05 04:30:00,165.0,165.0
D1,F1-4-ridge,1,7,2021-06-06,96,1.0,True,27.0,30.75002719552063,3.75002719552063,3.75002719552063,2021-06-06 01:30:00,2021-06-06 11:00:00,570.0,570.0
D1,F1-4-ridge,1,7,2021-06-14,96,1.0,True,204.0,178.26619345155808,-25.73380654844192,25.73380654844192,2021-06-14 09:00:00,2021-06-14 11:30:00,150.0,150.0
D1,F1-4-ridge,1,7,2021-06-15,96,1.0,True,198.0,187.21511832420316,-10.78488167579684,10.78488167579684,2021-06-15 08:45:00,2021-06-15 11:45:00,180.0,180.0
D1,F1-4-ridge,1,7,2021-06-16,96,1.0,True,193.0,188.44095527752643,-4.559044722473573,4.559044722473573,2021-06-16 10:45:00,2021-06-16 11:45:00,60.0,60.0
D1,F1-4-ridge,1,7,2021-06-17,96,1.0,True,197.0,188.45117619599307,-8.548823804006929,8.548823804006929,2021-06-17 08:45:00,2021-06-17 10:45:00,120.0,120.0
D1,F1-4-ridge,1,7,2021-06-18,96,1.0,True,186.0,176.33025731837023,-9.66974268162977,9.66974268162977,2021-06-18 10:00:00,2021-06-18 12:00:00,120.0,120.0
D1,F1-4-ridge,1,7,2021-06-19,96,1.0,True,119.0,110.65109489157749,-8.348905108422514,8.348905108422514,2021-06-19 02:15:00,2021-06-19 04:45:00,150.0,150.0
D1,F1-4-ridge,1,7,2021-06-20,96,1.0,True,28.0,29.829759155942966,1.8297591559429662,1.8297591559429662,2021-06-20 15:15:00,2021-06-20 06:30:00,-525.0,525.0
D1,F1-4-ridge,1,8,2021-05-31,96,1.0,True,172.0,165.2993817600431,-6.700618239956896,6.700618239956896,2021-05-31 10:30:00,2021-05-31 12:00:00,90.0,90.0
D1,F1-4-ridge,1,8,2021-06-01,96,1.0,True,195.0,189.92142991917603,-5.078570080823965,5.078570080823965,2021-06-01 09:00:00,2021-06-01 11:00:00,120.0,120.0
D1,F1-4-ridge,1,8,2021-06-02,96,1.0,True,191.0,175.0991645374055,-15.9008354625945,15.9008354625945,2021-06-02 10:45:00,2021-06-02 13:15:00,150.0,150.0
D1,F1-4-ridge,1,8,2021-06-03,96,1.0,True,181.0,178.33311728194582,-2.6668827180541825,2.6668827180541825,2021-06-03 08:30:00,2021-06-03 10:45:00,135.0,135.0
D1,F1-4-ridge,1,8,2021-06-04,96,1.0,True,173.0,164.96215849528548,-8.037841504714521,8.037841504714521,2021-06-04 10:45:00,2021-06-04 11:30:00,45.0,45.0
D1,F1-4-ridge,1,8,2021-06-05,96,1.0,True,116.0,105.24978870811638,-10.750211291883616,10.750211291883616,2021-06-05 01:45:00,2021-06-05 06:00:00,255.0,255.0
D1,F1-4-ridge,1,8,2021-06-06,96,1.0,True,27.0,30.992362912962143,3.992362912962143,3.992362912962143,2021-06-06 01:30:00,2021-06-06 11:15:00,585.0,585.0
D1,F1-4-ridge,1,8,2021-06-14,96,1.0,True,204.0,182.60957206953253,-21.390427930467467,21.390427930467467,2021-06-14 09:00:00,2021-06-14 13:45:00,285.0,285.0
D1,F1-4-ridge,1,8,2021-06-15,96,1.0,True,198.0,188.65957940030523,-9.340420599694767,9.340420599694767,2021-06-15 08:45:00,2021-06-15 12:00:00,195.0,195.0
D1,F1-4-ridge,1,8,2021-06-16,96,1.0,True,193.0,186.80975641926779,-6.190243580732215,6.190243580732215,2021-06-16 10:45:00,2021-06-16 12:00:00,75.0,75.0
D1,F1-4-ridge,1,8,2021-06-17,96,1.0,True,197.0,192.95715689973807,-4.042843100261933,4.042843100261933,2021-06-17 08:45:00,2021-06-17 10:45:00,120.0,120.0
D1,F1-4-ridge,1,8,2021-06-18,96,1.0,True,186.0,170.94547241912375,-15.054527580876254,15.054527580876254,2021-06-18 10:00:00,2021-06-18 12:00:00,120.0,120.0
D1,F1-4-ridge,1,8,2021-06-19,96,1.0,True,119.0,113.30099708983619,-5.699002910163813,5.699002910163813,2021-06-19 02:15:00,2021-06-19 04:45:00,150.0,150.0
D1,F1-4-ridge,1,8,2021-06-20,96,1.0,True,28.0,30.448515428147203,2.4485154281472035,2.4485154281472035,2021-06-20 15:15:00,2021-06-20 06:30:00,-525.0,525.0
D1,F1-4-ridge,1,9,2021-05-31,96,1.0,True,172.0,164.34006969200948,-7.659930307990521,7.659930307990521,2021-05-31 10:30:00,2021-05-31 12:00:00,90.0,90.0
D1,F1-4-ridge,1,9,2021-06-01,96,1.0,True,195.0,186.87064255949275,-8.129357440507249,8.129357440507249,2021-06-01 09:00:00,2021-06-01 11:15:00,135.0,135.0
D1,F1-4-ridge,1,9,2021-06-02,96,1.0,True,191.0,179.6946070226208,-11.3053929773792,11.3053929773792,2021-06-02 10:45:00,2021-06-02 13:30:00,165.0,165.0
D1,F1-4-ridge,1,9,2021-06-03,96,1.0,True,181.0,184.44284683017025,3.4428468301702537,3.4428468301702537,2021-06-03 08:30:00,2021-06-03 11:00:00,150.0,150.0
D1,F1-4-ridge,1,9,2021-06-04,96,1.0,True,173.0,162.5253977384457,-10.47460226155431,10.47460226155431,2021-06-04 10:45:00,2021-06-04 11:30:00,45.0,45.0
D1,F1-4-ridge,1,9,2021-06-05,96,1.0,True,116.0,107.92862119811889,-8.07137880188111,8.07137880188111,2021-06-05 01:45:00,2021-06-05 06:15:00,270.0,270.0
D1,F1-4-ridge,1,9,2021-06-06,96,1.0,True,27.0,32.21518928257266,5.215189282572659,5.215189282572659,2021-06-06 01:30:00,2021-06-06 11:00:00,570.0,570.0
D1,F1-4-ridge,1,9,2021-06-14,96,1.0,True,204.0,182.06871460796316,-21.93128539203684,21.93128539203684,2021-06-14 09:00:00,2021-06-14 13:45:00,285.0,285.0
D1,F1-4-ridge,1,9,2021-06-15,96,1.0,True,198.0,188.87987410892816,-9.120125891071837,9.120125891071837,2021-06-15 08:45:00,2021-06-15 11:45:00,180.0,180.0
D1,F1-4-ridge,1,9,2021-06-16,96,1.0,True,193.0,182.5792460763927,-10.420753923607293,10.420753923607293,2021-06-16 10:45:00,2021-06-16 10:45:00,0.0,0.0
D1,F1-4-ridge,1,9,2021-06-17,96,1.0,True,197.0,192.4110543764608,-4.588945623539189,4.588945623539189,2021-06-17 08:45:00,2021-06-17 11:00:00,135.0,135.0
D1,F1-4-ridge,1,9,2021-06-18,96,1.0,True,186.0,173.12558599686025,-12.874414003139748,12.874414003139748,2021-06-18 10:00:00,2021-06-18 11:15:00,75.0,75.0
D1,F1-4-ridge,1,9,2021-06-19,96,1.0,True,119.0,113.42232552620254,-5.577674473797458,5.577674473797458,2021-06-19 02:15:00,2021-06-19 04:45:00,150.0,150.0
D1,F1-4-ridge,1,9,2021-06-20,96,1.0,True,28.0,31.04625104829664,3.0462510482966394,3.0462510482966394,2021-06-20 15:15:00,2021-06-20 06:30:00,-525.0,525.0
D1,F1-4-ridge,1,10,2021-05-31,96,1.0,True,172.0,165.96814903014445,-6.0318509698555545,6.0318509698555545,2021-05-31 10:30:00,2021-05-31 12:00:00,90.0,90.0
D1,F1-4-ridge,1,10,2021-06-01,96,1.0,True,195.0,184.19402135845488,-10.805978641545124,10.805978641545124,2021-06-01 09:00:00,2021-06-01 11:30:00,150.0,150.0
D1,F1-4-ridge,1,10,2021-06-02,96,1.0,True,191.0,181.3169832233582,-9.683016776641807,9.683016776641807,2021-06-02 10:45:00,2021-06-02 13:30:00,165.0,165.0
D1,F1-4-ridge,1,10,2021-06-03,96,1.0,True,181.0,184.66651846626715,3.6665184662671493,3.6665184662671493,2021-06-03 08:30:00,2021-06-03 11:15:00,165.0,165.0
D1,F1-4-ridge,1,10,2021-06-04,96,1.0,True,173.0,166.9690752391264,-6.030924760873603,6.030924760873603,2021-06-04 10:45:00,2021-06-04 13:30:00,165.0,165.0
D1,F1-4-ridge,1,10,2021-06-05,96,1.0,True,116.0,108.30462462119448,-7.695375378805522,7.695375378805522,2021-06-05 01:45:00,2021-06-05 04:15:00,150.0,150.0
D1,F1-4-ridge,1,10,2021-06-06,96,1.0,True,27.0,33.35798064770135,6.357980647701353,6.357980647701353,2021-06-06 01:30:00,2021-06-06 11:00:00,570.0,570.0
D1,F1-4-ridge,1,10,2021-06-14,96,1.0,True,204.0,179.986950224063,-24.01304977593699,24.01304977593699,2021-06-14 09:00:00,2021-06-14 11:30:00,150.0,150.0
D1,F1-4-ridge,1,10,2021-06-15,96,1.0,True,198.0,190.82536285705189,-7.174637142948114,7.174637142948114,2021-06-15 08:45:00,2021-06-15 12:00:00,195.0,195.0
D1,F1-4-ridge,1,10,2021-06-16,96,1.0,True,193.0,180.85535443375244,-12.144645566247561,12.144645566247561,2021-06-16 10:45:00,2021-06-16 13:45:00,180.0,180.0
D1,F1-4-ridge,1,10,2021-06-17,96,1.0,True,197.0,188.22183043454737,-8.778169565452629,8.778169565452629,2021-06-17 08:45:00,2021-06-17 11:00:00,135.0,135.0
D1,F1-4-ridge,1,10,2021-06-18,96,1.0,True,186.0,167.61085741923182,-18.38914258076818,18.38914258076818,2021-06-18 10:00:00,2021-06-18 11:30:00,90.0,90.0
D1,F1-4-ridge,1,10,2021-06-19,96,1.0,True,119.0,110.73793086281357,-8.26206913718643,8.26206913718643,2021-06-19 02:15:00,2021-06-19 04:45:00,150.0,150.0
D1,F1-4-ridge,1,10,2021-06-20,96,1.0,True,28.0,32.43390323754804,4.433903237548037,4.433903237548037,2021-06-20 15:15:00,2021-06-20 11:00:00,-255.0,255.0
D1,F1-4-ridge,1,11,2021-05-31,96,1.0,True,172.0,161.63854350196107,-10.361456498038933,10.361456498038933,2021-05-31 10:30:00,2021-05-31 12:00:00,90.0,90.0
D1,F1-4-ridge,1,11,2021-06-01,96,1.0,True,195.0,180.41106776402145,-14.588932235978547,14.588932235978547,2021-06-01 09:00:00,2021-06-01 11:45:00,165.0,165.0
D1,F1-4-ridge,1,11,2021-06-02,96,1.0,True,191.0,185.41503987108405,-5.584960128915952,5.584960128915952,2021-06-02 10:45:00,2021-06-02 13:30:00,165.0,165.0
D1,F1-4-ridge,1,11,2021-06-03,96,1.0,True,181.0,182.27835895808045,1.278358958080446,1.278358958080446,2021-06-03 08:30:00,2021-06-03 11:30:00,180.0,180.0
D1,F1-4-ridge,1,11,2021-06-04,96,1.0,True,173.0,166.92545444324617,-6.074545556753833,6.074545556753833,2021-06-04 10:45:00,2021-06-04 13:45:00,180.0,180.0
D1,F1-4-ridge,1,11,2021-06-05,96,1.0,True,116.0,107.1521696743571,-8.847830325642903,8.847830325642903,2021-06-05 01:45:00,2021-06-05 04:30:00,165.0,165.0
D1,F1-4-ridge,1,11,2021-06-06,96,1.0,True,27.0,35.66670439854595,8.666704398545953,8.666704398545953,2021-06-06 01:30:00,2021-06-06 07:30:00,360.0,360.0
D1,F1-4-ridge,1,11,2021-06-14,96,1.0,True,204.0,178.05171596230008,-25.94828403769992,25.94828403769992,2021-06-14 09:00:00,2021-06-14 14:30:00,330.0,330.0
D1,F1-4-ridge,1,11,2021-06-15,96,1.0,True,198.0,194.21627578388566,-3.7837242161143365,3.7837242161143365,2021-06-15 08:45:00,2021-06-15 13:30:00,285.0,285.0
D1,F1-4-ridge,1,11,2021-06-16,96,1.0,True,193.0,185.78040723862398,-7.2195927613760205,7.2195927613760205,2021-06-16 10:45:00,2021-06-16 13:45:00,180.0,180.0
D1,F1-4-ridge,1,11,2021-06-17,96,1.0,True,197.0,185.77228857504903,-11.227711424950968,11.227711424950968,2021-06-17 08:45:00,2021-06-17 11:00:00,135.0,135.0
D1,F1-4-ridge,1,11,2021-06-18,96,1.0,True,186.0,168.6950497222798,-17.304950277720195,17.304950277720195,2021-06-18 10:00:00,2021-06-18 11:45:00,105.0,105.0
D1,F1-4-ridge,1,11,2021-06-19,96,1.0,True,119.0,107.67486848815952,-11.325131511840482,11.325131511840482,2021-06-19 02:15:00,2021-06-19 04:45:00,150.0,150.0
D1,F1-4-ridge,1,11,2021-06-20,96,1.0,True,28.0,33.21766364407539,5.217663644075387,5.217663644075387,2021-06-20 15:15:00,2021-06-20 11:15:00,-240.0,240.0
D1,F1-4-ridge,1,12,2021-05-31,96,1.0,True,172.0,161.99865022128853,-10.001349778711472,10.001349778711472,2021-05-31 10:30:00,2021-05-31 13:30:00,180.0,180.0
D1,F1-4-ridge,1,12,2021-06-01,96,1.0,True,195.0,173.36962990431695,-21.63037009568305,21.63037009568305,2021-06-01 09:00:00,2021-06-01 14:30:00,330.0,330.0
D1,F1-4-ridge,1,12,2021-06-02,96,1.0,True,191.0,182.8629025336123,-8.1370974663877,8.1370974663877,2021-06-02 10:45:00,2021-06-02 13:30:00,165.0,165.0
D1,F1-4-ridge,1,12,2021-06-03,96,1.0,True,181.0,182.97412447553606,1.9741244755360583,1.9741244755360583,2021-06-03 08:30:00,2021-06-03 11:45:00,195.0,195.0
D1,F1-4-ridge,1,12,2021-06-04,96,1.0,True,173.0,166.20435513118542,-6.795644868814577,6.795644868814577,2021-06-04 10:45:00,2021-06-04 13:45:00,180.0,180.0
D1,F1-4-ridge,1,12,2021-06-05,96,1.0,True,116.0,104.24013556934128,-11.759864430658723,11.759864430658723,2021-06-05 01:45:00,2021-06-05 06:45:00,300.0,300.0
D1,F1-4-ridge,1,12,2021-06-06,96,1.0,True,27.0,36.34016819949941,9.34016819949941,9.34016819949941,2021-06-06 01:30:00,2021-06-06 11:00:00,570.0,570.0
D1,F1-4-ridge,1,12,2021-06-14,96,1.0,True,204.0,180.90763705805097,-23.092362941949034,23.092362941949034,2021-06-14 09:00:00,2021-06-14 13:45:00,285.0,285.0
D1,F1-4-ridge,1,12,2021-06-15,96,1.0,True,198.0,191.25235761412233,-6.747642385877668,6.747642385877668,2021-06-15 08:45:00,2021-06-15 13:45:00,300.0,300.0
D1,F1-4-ridge,1,12,2021-06-16,96,1.0,True,193.0,189.90399392851768,-3.0960060714823214,3.0960060714823214,2021-06-16 10:45:00,2021-06-16 14:00:00,195.0,195.0
D1,F1-4-ridge,1,12,2021-06-17,96,1.0,True,197.0,187.84768051232314,-9.152319487676863,9.152319487676863,2021-06-17 08:45:00,2021-06-17 11:45:00,180.0,180.0
D1,F1-4-ridge,1,12,2021-06-18,96,1.0,True,186.0,170.1747540902099,-15.825245909790112,15.825245909790112,2021-06-18 10:00:00,2021-06-18 13:15:00,195.0,195.0
D1,F1-4-ridge,1,12,2021-06-19,96,1.0,True,119.0,106.96269690036156,-12.037303099638436,12.037303099638436,2021-06-19 02:15:00,2021-06-19 04:45:00,150.0,150.0
D1,F1-4-ridge,1,12,2021-06-20,96,1.0,True,28.0,34.53799226450574,6.537992264505739,6.537992264505739,2021-06-20 15:15:00,2021-06-20 11:30:00,-225.0,225.0
D1,F1-4-ridge,1,13,2021-05-31,96,1.0,True,172.0,162.55418071606613,-9.445819283933872,9.445819283933872,2021-05-31 10:30:00,2021-05-31 13:45:00,195.0,195.0
D1,F1-4-ridge,1,13,2021-06-01,96,1.0,True,195.0,171.4042067796642,-23.595793220335793,23.595793220335793,2021-06-01 09:00:00,2021-06-01 14:15:00,315.0,315.0
D1,F1-4-ridge,1,13,2021-06-02,96,1.0,True,191.0,179.6072390329544,-11.392760967045604,11.392760967045604,2021-06-02 10:45:00,2021-06-02 13:45:00,180.0,180.0
D1,F1-4-ridge,1,13,2021-06-03,96,1.0,True,181.0,185.72881844808853,4.728818448088532,4.728818448088532,2021-06-03 08:30:00,2021-06-03 12:00:00,210.0,210.0
D1,F1-4-ridge,1,13,2021-06-04,96,1.0,True,173.0,161.7084180687998,-11.291581931200199,11.291581931200199,2021-06-04 10:45:00,2021-06-04 13:30:00,165.0,165.0
D1,F1-4-ridge,1,13,2021-06-05,96,1.0,True,116.0,105.44799009809671,-10.55200990190329,10.55200990190329,2021-06-05 01:45:00,2021-06-05 06:15:00,270.0,270.0
D1,F1-4-ridge,1,13,2021-06-06,96,1.0,True,27.0,36.80600792821565,9.80600792821565,9.80600792821565,2021-06-06 01:30:00,2021-06-06 11:15:00,585.0,585.0
D1,F1-4-ridge,1,13,2021-06-14,96,1.0,True,204.0,179.14171207171518,-24.858287928284824,24.858287928284824,2021-06-14 09:00:00,2021-06-14 14:45:00,345.0,345.0
D1,F1-4-ridge,1,13,2021-06-15,96,1.0,True,198.0,191.43287941597993,-6.567120584020074,6.567120584020074,2021-06-15 08:45:00,2021-06-15 12:00:00,195.0,195.0
D1,F1-4-ridge,1,13,2021-06-16,96,1.0,True,193.0,189.26518045301492,-3.7348195469850793,3.7348195469850793,2021-06-16 10:45:00,2021-06-16 14:00:00,195.0,195.0
D1,F1-4-ridge,1,13,2021-06-17,96,1.0,True,197.0,185.11190164831197,-11.88809835168803,11.88809835168803,2021-06-17 08:45:00,2021-06-17 12:00:00,195.0,195.0
D1,F1-4-ridge,1,13,2021-06-18,96,1.0,True,186.0,169.36593137462776,-16.634068625372237,16.634068625372237,2021-06-18 10:00:00,2021-06-18 16:45:00,405.0,405.0
D1,F1-4-ridge,1,13,2021-06-19,96,1.0,True,119.0,109.17397176051554,-9.826028239484458,9.826028239484458,2021-06-19 02:15:00,2021-06-19 06:00:00,225.0,225.0
D1,F1-4-ridge,1,13,2021-06-20,96,1.0,True,28.0,35.53940003833653,7.539400038336531,7.539400038336531,2021-06-20 15:15:00,2021-06-20 11:45:00,-210.0,210.0
D1,F1-4-ridge,1,14,2021-05-31,96,1.0,True,172.0,158.53970295457302,-13.460297045426984,13.460297045426984,2021-05-31 10:30:00,2021-05-31 14:30:00,240.0,240.0
D1,F1-4-ridge,1,14,2021-06-01,96,1.0,True,195.0,177.6571360601088,-17.342863939891203,17.342863939891203,2021-06-01 09:00:00,2021-06-01 14:30:00,330.0,330.0
D1,F1-4-ridge,1,14,2021-06-02,96,1.0,True,191.0,183.1418608674892,-7.858139132510786,7.858139132510786,2021-06-02 10:45:00,2021-06-02 14:30:00,225.0,225.0
D1,F1-4-ridge,1,14,2021-06-03,96,1.0,True,181.0,168.73782133020322,-12.262178669796782,12.262178669796782,2021-06-03 08:30:00,2021-06-03 13:45:00,315.0,315.0
D1,F1-4-ridge,1,14,2021-06-04,96,1.0,True,173.0,161.57076988163115,-11.42923011836885,11.42923011836885,2021-06-04 10:45:00,2021-06-04 13:45:00,180.0,180.0
D1,F1-4-ridge,1,14,2021-06-05,96,1.0,True,116.0,107.55484089826794,-8.44515910173206,8.44515910173206,2021-06-05 01:45:00,2021-06-05 06:15:00,270.0,270.0
D1,F1-4-ridge,1,14,2021-06-06,96,1.0,True,27.0,36.92872598747231,9.928725987472312,9.928725987472312,2021-06-06 01:30:00,2021-06-06 11:15:00,585.0,585.0
D1,F1-4-ridge,1,14,2021-06-14,96,1.0,True,204.0,181.4315683646184,-22.568431635381586,22.568431635381586,2021-06-14 09:00:00,2021-06-14 13:45:00,285.0,285.0
D1,F1-4-ridge,1,14,2021-06-15,96,1.0,True,198.0,189.63835167756173,-8.36164832243827,8.36164832243827,2021-06-15 08:45:00,2021-06-15 12:00:00,195.0,195.0
D1,F1-4-ridge,1,14,2021-06-16,96,1.0,True,193.0,182.7973490316581,-10.202650968341914,10.202650968341914,2021-06-16 10:45:00,2021-06-16 13:45:00,180.0,180.0
D1,F1-4-ridge,1,14,2021-06-17,96,1.0,True,197.0,178.8475988143415,-18.152401185658505,18.152401185658505,2021-06-17 08:45:00,2021-06-17 11:45:00,180.0,180.0
D1,F1-4-ridge,1,14,2021-06-18,96,1.0,True,186.0,168.05177238721538,-17.94822761278462,17.94822761278462,2021-06-18 10:00:00,2021-06-18 13:45:00,225.0,225.0
D1,F1-4-ridge,1,14,2021-06-19,96,1.0,True,119.0,110.44469356299676,-8.555306437003239,8.555306437003239,2021-06-19 02:15:00,2021-06-19 06:00:00,225.0,225.0
D1,F1-4-ridge,1,14,2021-06-20,96,1.0,True,28.0,36.85453482406582,8.854534824065823,8.854534824065823,2021-06-20 15:15:00,2021-06-20 12:15:00,-180.0,180.0
D1,F1-4-ridge,1,15,2021-05-31,96,1.0,True,172.0,159.78395732276437,-12.216042677235635,12.216042677235635,2021-05-31 10:30:00,2021-05-31 13:45:00,195.0,195.0
D1,F1-4-ridge,1,15,2021-06-01,96,1.0,True,195.0,176.28352248867037,-18.71647751132963,18.71647751132963,2021-06-01 09:00:00,2021-06-01 13:45:00,285.0,285.0
D1,F1-4-ridge,1,15,2021-06-02,96,1.0,True,191.0,185.48234645861817,-5.517653541381833,5.517653541381833,2021-06-02 10:45:00,2021-06-02 14:30:00,225.0,225.0
D1,F1-4-ridge,1,15,2021-06-03,96,1.0,True,181.0,169.0346586205706,-11.96534137942939,11.96534137942939,2021-06-03 08:30:00,2021-06-03 13:15:00,285.0,285.0
D1,F1-4-ridge,1,15,2021-06-04,96,1.0,True,173.0,159.05991281046784,-13.940087189532164,13.940087189532164,2021-06-04 10:45:00,2021-06-04 11:30:00,45.0,45.0
D1,F1-4-ridge,1,15,2021-06-05,96,1.0,True,116.0,106.66446990697119,-9.335530093028808,9.335530093028808,2021-06-05 01:45:00,2021-06-05 06:30:00,285.0,285.0
D1,F1-4-ridge,1,15,2021-06-06,96,1.0,True,27.0,39.11971424177551,12.119714241775512,12.119714241775512,2021-06-06 01:30:00,2021-06-06 11:00:00,570.0,570.0
D1,F1-4-ridge,1,15,2021-06-14,96,1.0,True,204.0,185.34407366109093,-18.65592633890907,18.65592633890907,2021-06-14 09:00:00,2021-06-14 13:45:00,285.0,285.0
D1,F1-4-ridge,1,15,2021-06-15,96,1.0,True,198.0,187.2645138162352,-10.735486183764806,10.735486183764806,2021-06-15 08:45:00,2021-06-15 14:30:00,345.0,345.0
D1,F1-4-ridge,1,15,2021-06-16,96,1.0,True,193.0,189.96910007967773,-3.0308999203222697,3.0308999203222697,2021-06-16 10:45:00,2021-06-16 13:45:00,180.0,180.0
D1,F1-4-ridge,1,15,2021-06-17,96,1.0,True,197.0,174.87344508061744,-22.126554919382556,22.126554919382556,2021-06-17 08:45:00,2021-06-17 12:00:00,195.0,195.0
D1,F1-4-ridge,1,15,2021-06-18,96,1.0,True,186.0,164.7983049308159,-21.201695069184098,21.201695069184098,2021-06-18 10:00:00,2021-06-18 14:00:00,240.0,240.0
D1,F1-4-ridge,1,15,2021-06-19,96,1.0,True,119.0,107.83329761141184,-11.166702388588163,11.166702388588163,2021-06-19 02:15:00,2021-06-19 02:00:00,-15.0,15.0
D1,F1-4-ridge,1,15,2021-06-20,96,1.0,True,28.0,39.0258311559834,11.025831155983397,11.025831155983397,2021-06-20 15:15:00,2021-06-20 13:00:00,-135.0,135.0
D1,F1-4-ridge,1,16,2021-05-31,96,1.0,True,172.0,161.8279757817789,-10.172024218221111,10.172024218221111,2021-05-31 10:30:00,2021-05-31 13:30:00,180.0,180.0
D1,F1-4-ridge,1,16,2021-06-01,96,1.0,True,195.0,178.96813900559988,-16.03186099440012,16.03186099440012,2021-06-01 09:00:00,2021-06-01 14:00:00,300.0,300.0
D1,F1-4-ridge,1,16,2021-06-02,96,1.0,True,191.0,184.16082063970532,-6.839179360294679,6.839179360294679,2021-06-02 10:45:00,2021-06-02 14:45:00,240.0,240.0
D1,F1-4-ridge,1,16,2021-06-03,96,1.0,True,181.0,170.20518855280454,-10.794811447195457,10.794811447195457,2021-06-03 08:30:00,2021-06-03 13:30:00,300.0,300.0
D1,F1-4-ridge,1,16,2021-06-04,96,1.0,True,173.0,164.17038569326758,-8.829614306732424,8.829614306732424,2021-06-04 10:45:00,2021-06-04 11:30:00,45.0,45.0
D1,F1-4-ridge,1,16,2021-06-05,96,1.0,True,116.0,104.39822115916365,-11.601778840836346,11.601778840836346,2021-06-05 01:45:00,2021-06-05 06:45:00,300.0,300.0
D1,F1-4-ridge,1,16,2021-06-06,96,1.0,True,27.0,40.72670011387278,13.72670011387278,13.72670011387278,2021-06-06 01:30:00,2021-06-06 11:00:00,570.0,570.0
D1,F1-4-ridge,1,16,2021-06-14,96,1.0,True,204.0,184.55016736121803,-19.44983263878197,19.44983263878197,2021-06-14 09:00:00,2021-06-14 13:45:00,285.0,285.0
D1,F1-4-ridge,1,16,2021-06-15,96,1.0,True,198.0,195.54458559925513,-2.4554144007448713,2.4554144007448713,2021-06-15 08:45:00,2021-06-15 13:30:00,285.0,285.0
D1,F1-4-ridge,1,16,2021-06-16,96,1.0,True,193.0,194.22248136705264,1.2224813670526373,1.2224813670526373,2021-06-16 10:45:00,2021-06-16 14:00:00,195.0,195.0
D1,F1-4-ridge,1,16,2021-06-17,96,1.0,True,197.0,177.50029306317316,-19.49970693682684,19.49970693682684,2021-06-17 08:45:00,2021-06-17 15:30:00,405.0,405.0
D1,F1-4-ridge,1,16,2021-06-18,96,1.0,True,186.0,170.92891357543118,-15.071086424568819,15.071086424568819,2021-06-18 10:00:00,2021-06-18 14:15:00,255.0,255.0
D1,F1-4-ridge,1,16,2021-06-19,96,1.0,True,119.0,108.78467338628178,-10.215326613718219,10.215326613718219,2021-06-19 02:15:00,2021-06-19 06:45:00,270.0,270.0
D1,F1-4-ridge,1,16,2021-06-20,96,1.0,True,28.0,40.52284565524631,12.522845655246307,12.522845655246307,2021-06-20 15:15:00,2021-06-20 13:00:00,-135.0,135.0
D1,F1-4-ridge,2,4,2021-07-12,96,1.0,True,198.0,188.49887550437023,-9.501124495629767,9.501124495629767,2021-07-12 08:45:00,2021-07-12 11:00:00,135.0,135.0
D1,F1-4-ridge,2,4,2021-07-13,1,0.010416666666666666,False,79.0,93.11925775353066,14.119257753530661,14.119257753530661,2021-07-13 00:00:00,2021-07-13 00:00:00,0.0,0.0
D1,F1-4-ridge,2,4,2021-07-17,80,0.8333333333333334,False,108.0,104.1987493903483,-3.801250609651703,3.801250609651703,2021-07-17 06:00:00,2021-07-17 07:00:00,60.0,60.0
D1,F1-4-ridge,2,4,2021-07-18,84,0.875,False,28.0,29.319414230134548,1.319414230134548,1.319414230134548,2021-07-18 04:30:00,2021-07-18 08:45:00,255.0,255.0
D1,F1-4-ridge,2,4,2021-07-26,84,0.875,False,217.0,208.62956303818564,-8.370436961814363,8.370436961814363,2021-07-26 08:30:00,2021-07-26 11:30:00,180.0,180.0
D1,F1-4-ridge,2,4,2021-07-27,84,0.875,False,211.0,200.29999423598628,-10.700005764013724,10.700005764013724,2021-07-27 11:45:00,2021-07-27 09:30:00,-135.0,135.0
D1,F1-4-ridge,2,4,2021-07-28,84,0.875,False,212.0,212.58612121626098,0.5861212162609775,0.5861212162609775,2021-07-28 12:00:00,2021-07-28 12:00:00,0.0,0.0
D1,F1-4-ridge,2,4,2021-07-29,84,0.875,False,211.0,200.85516135050017,-10.144838649499832,10.144838649499832,2021-07-29 12:00:00,2021-07-29 14:45:00,165.0,165.0
D1,F1-4-ridge,2,4,2021-07-30,85,0.8854166666666666,False,212.0,201.07593836259935,-10.924061637400655,10.924061637400655,2021-07-30 12:00:00,2021-07-30 11:45:00,-15.0,15.0
D1,F1-4-ridge,2,4,2021-07-31,96,1.0,True,80.0,100.03598676462795,20.03598676462795,20.03598676462795,2021-07-31 00:00:00,2021-07-31 00:00:00,0.0,0.0
D1,F1-4-ridge,2,4,2021-08-01,96,1.0,True,28.0,26.937816389906203,-1.062183610093797,1.062183610093797,2021-08-01 09:00:00,2021-08-01 10:00:00,60.0,60.0
D1,F1-4-ridge,2,4,2021-08-09,39,0.40625,False,215.0,157.48721263923,-57.512787360770005,57.512787360770005,2021-08-09 08:45:00,2021-08-09 09:30:00,45.0,45.0
D1,F1-4-ridge,2,5,2021-07-12,96,1.0,True,198.0,189.86856790444295,-8.131432095557045,8.131432095557045,2021-07-12 08:45:00,2021-07-12 11:15:00,150.0,150.0
D1,F1-4-ridge,2,5,2021-07-13,1,0.010416666666666666,False,79.0,102.20755452734541,23.20755452734541,23.20755452734541,2021-07-13 00:00:00,2021-07-13 00:00:00,0.0,0.0
D1,F1-4-ridge,2,5,2021-07-17,79,0.8229166666666666,False,108.0,110.13783747728122,2.1378374772812236,2.1378374772812236,2021-07-17 06:00:00,2021-07-17 07:15:00,75.0,75.0
D1,F1-4-ridge,2,5,2021-07-18,84,0.875,False,28.0,29.396717074274868,1.3967170742748678,1.3967170742748678,2021-07-18 04:30:00,2021-07-18 09:00:00,270.0,270.0
D1,F1-4-ridge,2,5,2021-07-26,84,0.875,False,217.0,199.96329381464423,-17.03670618535577,17.03670618535577,2021-07-26 08:30:00,2021-07-26 11:45:00,195.0,195.0
D1,F1-4-ridge,2,5,2021-07-27,84,0.875,False,211.0,199.4489968185277,-11.55100318147231,11.55100318147231,2021-07-27 11:45:00,2021-07-27 11:00:00,-45.0,45.0
D1,F1-4-ridge,2,5,2021-07-28,84,0.875,False,212.0,204.70329144144327,-7.29670855855673,7.29670855855673,2021-07-28 12:00:00,2021-07-28 12:00:00,0.0,0.0
D1,F1-4-ridge,2,5,2021-07-29,84,0.875,False,211.0,199.75586846097727,-11.244131539022732,11.244131539022732,2021-07-29 12:00:00,2021-07-29 15:00:00,180.0,180.0
D1,F1-4-ridge,2,5,2021-07-30,85,0.8854166666666666,False,212.0,199.81404818052746,-12.185951819472535,12.185951819472535,2021-07-30 12:00:00,2021-07-30 11:45:00,-15.0,15.0
D1,F1-4-ridge,2,5,2021-07-31,96,1.0,True,80.0,90.48602362693399,10.486023626933985,10.486023626933985,2021-07-31 00:00:00,2021-07-31 00:00:00,0.0,0.0
D1,F1-4-ridge,2,5,2021-08-01,96,1.0,True,28.0,28.105953006133902,0.1059530061339018,0.1059530061339018,2021-08-01 09:00:00,2021-08-01 10:15:00,75.0,75.0
D1,F1-4-ridge,2,5,2021-08-09,39,0.40625,False,215.0,128.0064080982976,-86.99359190170239,86.99359190170239,2021-08-09 08:45:00,2021-08-09 09:30:00,45.0,45.0
D1,F1-4-ridge,2,6,2021-07-12,96,1.0,True,198.0,189.6506962725639,-8.349303727436109,8.349303727436109,2021-07-12 08:45:00,2021-07-12 11:00:00,135.0,135.0
D1,F1-4-ridge,2,6,2021-07-13,1,0.010416666666666666,False,79.0,101.0874085646357,22.087408564635695,22.087408564635695,2021-07-13 00:00:00,2021-07-13 00:00:00,0.0,0.0
D1,F1-4-ridge,2,6,2021-07-17,78,0.8125,False,108.0,101.5575121604094,-6.442487839590598,6.442487839590598,2021-07-17 06:00:00,2021-07-17 07:15:00,75.0,75.0
D1,F1-4-ridge,2,6,2021-07-18,84,0.875,False,28.0,30.423270613188215,2.4232706131882153,2.4232706131882153,2021-07-18 01:15:00,2021-07-18 09:15:00,480.0,480.0
D1,F1-4-ridge,2,6,2021-07-26,84,0.875,False,217.0,205.4189278235498,-11.581072176450192,11.581072176450192,2021-07-26 08:30:00,2021-07-26 11:30:00,180.0,180.0
D1,F1-4-ridge,2,6,2021-07-27,84,0.875,False,211.0,201.4700385631238,-9.529961436876192,9.529961436876192,2021-07-27 11:45:00,2021-07-27 10:00:00,-105.0,105.0
D1,F1-4-ridge,2,6,2021-07-28,84,0.875,False,212.0,200.1916437291158,-11.80835627088419,11.80835627088419,2021-07-28 12:00:00,2021-07-28 09:45:00,-135.0,135.0
D1,F1-4-ridge,2,6,2021-07-29,84,0.875,False,211.0,191.63568218171696,-19.36431781828304,19.36431781828304,2021-07-29 12:00:00,2021-07-29 15:00:00,180.0,180.0
D1,F1-4-ridge,2,6,2021-07-30,85,0.8854166666666666,False,212.0,200.20139182604197,-11.79860817395803,11.79860817395803,2021-07-30 12:00:00,2021-07-30 13:30:00,90.0,90.0
D1,F1-4-ridge,2,6,2021-07-31,96,1.0,True,80.0,93.10703027595218,13.107030275952184,13.107030275952184,2021-07-31 00:00:00,2021-07-31 00:00:00,0.0,0.0
D1,F1-4-ridge,2,6,2021-08-01,96,1.0,True,28.0,28.44633519924072,0.4463351992407212,0.4463351992407212,2021-08-01 09:00:00,2021-08-01 10:30:00,90.0,90.0
D1,F1-4-ridge,2,6,2021-08-09,39,0.40625,False,215.0,92.56102697565257,-122.43897302434743,122.43897302434743,2021-08-09 08:45:00,2021-08-09 09:30:00,45.0,45.0
D1,F1-4-ridge,2,7,2021-07-12,96,1.0,True,198.0,190.89403747285616,-7.105962527143845,7.105962527143845,2021-07-12 08:45:00,2021-07-12 11:15:00,150.0,150.0
D1,F1-4-ridge,2,7,2021-07-13,1,0.010416666666666666,False,79.0,97.5011696968522,18.5011696968522,18.5011696968522,2021-07-13 00:00:00,2021-07-13 00:00:00,0.0,0.0
D1,F1-4-ridge,2,7,2021-07-17,77,0.8020833333333334,False,108.0,101.0214345097625,-6.9785654902375,6.9785654902375,2021-07-17 06:00:00,2021-07-17 06:45:00,45.0,45.0
D1,F1-4-ridge,2,7,2021-07-18,84,0.875,False,28.0,31.36750090028869,3.3675009002886895,3.3675009002886895,2021-07-18 01:15:00,2021-07-18 09:30:00,495.0,495.0
D1,F1-4-ridge,2,7,2021-07-26,84,0.875,False,217.0,205.23298678824102,-11.767013211758979,11.767013211758979,2021-07-26 08:30:00,2021-07-26 11:30:00,180.0,180.0
D1,F1-4-ridge,2,7,2021-07-27,84,0.875,False,211.0,195.12942183775232,-15.870578162247682,15.870578162247682,2021-07-27 11:45:00,2021-07-27 11:30:00,-15.0,15.0
D1,F1-4-ridge,2,7,2021-07-28,84,0.875,False,212.0,205.19213441701513,-6.807865582984874,6.807865582984874,2021-07-28 12:00:00,2021-07-28 10:00:00,-120.0,120.0
D1,F1-4-ridge,2,7,2021-07-29,84,0.875,False,211.0,194.72164906934324,-16.278350930656757,16.278350930656757,2021-07-29 12:00:00,2021-07-29 12:00:00,0.0,0.0
D1,F1-4-ridge,2,7,2021-07-30,85,0.8854166666666666,False,212.0,201.61999767642467,-10.380002323575326,10.380002323575326,2021-07-30 12:00:00,2021-07-30 11:45:00,-15.0,15.0
D1,F1-4-ridge,2,7,2021-07-31,96,1.0,True,80.0,92.73767214480608,12.737672144806083,12.737672144806083,2021-07-31 00:00:00,2021-07-31 01:15:00,75.0,75.0
D1,F1-4-ridge,2,7,2021-08-01,96,1.0,True,28.0,29.93697430566769,1.9369743056676896,1.9369743056676896,2021-08-01 09:00:00,2021-08-01 10:45:00,105.0,105.0
D1,F1-4-ridge,2,7,2021-08-09,39,0.40625,False,215.0,76.79705201227935,-138.20294798772065,138.20294798772065,2021-08-09 08:45:00,2021-08-09 09:30:00,45.0,45.0
D1,F1-4-ridge,2,8,2021-07-12,96,1.0,True,198.0,190.02491835178284,-7.975081648217156,7.975081648217156,2021-07-12 08:45:00,2021-07-12 11:15:00,150.0,150.0
D1,F1-4-ridge,2,8,2021-07-13,1,0.010416666666666666,False,79.0,91.38590675710239,12.38590675710239,12.38590675710239,2021-07-13 00:00:00,2021-07-13 00:00:00,0.0,0.0
D1,F1-4-ridge,2,8,2021-07-17,76,0.7916666666666666,False,108.0,97.2550473839904,-10.744952616009599,10.744952616009599,2021-07-17 06:00:00,2021-07-17 06:45:00,45.0,45.0
D1,F1-4-ridge,2,8,2021-07-18,84,0.875,False,28.0,32.27797326351138,4.277973263511377,4.277973263511377,2021-07-18 01:15:00,2021-07-18 09:45:00,510.0,510.0
D1,F1-4-ridge,2,8,2021-07-26,84,0.875,False,217.0,208.1051287697985,-8.894871230201488,8.894871230201488,2021-07-26 08:30:00,2021-07-26 11:30:00,180.0,180.0
D1,F1-4-ridge,2,8,2021-07-27,84,0.875,False,211.0,199.05010043841926,-11.949899561580736,11.949899561580736,2021-07-27 11:45:00,2021-07-27 10:30:00,-75.0,75.0
D1,F1-4-ridge,2,8,2021-07-28,84,0.875,False,212.0,202.6440381024929,-9.355961897507086,9.355961897507086,2021-07-28 12:00:00,2021-07-28 10:00:00,-120.0,120.0
D1,F1-4-ridge,2,8,2021-07-29,84,0.875,False,211.0,193.6816689729734,-17.318331027026602,17.318331027026602,2021-07-29 12:00:00,2021-07-29 11:45:00,-15.0,15.0
D1,F1-4-ridge,2,8,2021-07-30,85,0.8854166666666666,False,212.0,201.23855291530543,-10.761447084694566,10.761447084694566,2021-07-30 12:00:00,2021-07-30 13:30:00,90.0,90.0
D1,F1-4-ridge,2,8,2021-07-31,96,1.0,True,80.0,98.47557594937007,18.475575949370068,18.475575949370068,2021-07-31 00:00:00,2021-07-31 01:15:00,75.0,75.0
D1,F1-4-ridge,2,8,2021-08-01,96,1.0,True,28.0,30.873576509050224,2.873576509050224,2.873576509050224,2021-08-01 09:00:00,2021-08-01 11:00:00,120.0,120.0
D1,F1-4-ridge,2,8,2021-08-09,39,0.40625,False,215.0,48.51080551155424,-166.48919448844578,166.48919448844578,2021-08-09 08:45:00,2021-08-09 09:30:00,45.0,45.0
D1,F1-4-ridge,2,9,2021-07-12,96,1.0,True,198.0,189.6870225944722,-8.31297740552779,8.31297740552779,2021-07-12 08:45:00,2021-07-12 11:15:00,150.0,150.0
D1,F1-4-ridge,2,9,2021-07-13,1,0.010416666666666666,False,79.0,96.03956544336275,17.039565443362747,17.039565443362747,2021-07-13 00:00:00,2021-07-13 00:00:00,0.0,0.0
D1,F1-4-ridge,2,9,2021-07-17,75,0.78125,False,108.0,101.576429827168,-6.423570172832001,6.423570172832001,2021-07-17 06:00:00,2021-07-17 07:15:00,75.0,75.0
D1,F1-4-ridge,2,9,2021-07-18,84,0.875,False,28.0,33.600428299864156,5.600428299864156,5.600428299864156,2021-07-18 01:15:00,2021-07-18 10:00:00,525.0,525.0
D1,F1-4-ridge,2,9,2021-07-26,84,0.875,False,217.0,209.28369956767904,-7.716300432320963,7.716300432320963,2021-07-26 08:30:00,2021-07-26 10:45:00,135.0,135.0
D1,F1-4-ridge,2,9,2021-07-27,84,0.875,False,211.0,202.21467370474403,-8.78532629525597,8.78532629525597,2021-07-27 11:45:00,2021-07-27 10:45:00,-60.0,60.0
D1,F1-4-ridge,2,9,2021-07-28,84,0.875,False,212.0,204.16872174466172,-7.831278255338276,7.831278255338276,2021-07-28 12:00:00,2021-07-28 10:00:00,-120.0,120.0
D1,F1-4-ridge,2,9,2021-07-29,84,0.875,False,211.0,194.67142863488385,-16.328571365116147,16.328571365116147,2021-07-29 12:00:00,2021-07-29 12:00:00,0.0,0.0
D1,F1-4-ridge,2,9,2021-07-30,85,0.8854166666666666,False,212.0,200.7595143700836,-11.240485629916407,11.240485629916407,2021-07-30 12:00:00,2021-07-30 16:00:00,240.0,240.0
D1,F1-4-ridge,2,9,2021-07-31,96,1.0,True,80.0,97.63120948027263,17.63120948027263,17.63120948027263,2021-07-31 00:00:00,2021-07-31 01:30:00,90.0,90.0
D1,F1-4-ridge,2,9,2021-08-01,96,1.0,True,28.0,31.7211916978734,3.721191697873401,3.721191697873401,2021-08-01 09:00:00,2021-08-01 11:15:00,135.0,135.0
D1,F1-4-ridge,2,9,2021-08-09,39,0.40625,False,215.0,36.68947439292285,-178.31052560707715,178.31052560707715,2021-08-09 08:45:00,2021-08-09 09:30:00,45.0,45.0
D1,F1-4-ridge,2,10,2021-07-12,96,1.0,True,198.0,192.51307639138068,-5.486923608619321,5.486923608619321,2021-07-12 08:45:00,2021-07-12 11:00:00,135.0,135.0
D1,F1-4-ridge,2,10,2021-07-13,1,0.010416666666666666,False,79.0,96.59019067114902,17.590190671149017,17.590190671149017,2021-07-13 00:00:00,2021-07-13 00:00:00,0.0,0.0
D1,F1-4-ridge,2,10,2021-07-17,74,0.7708333333333334,False,108.0,97.41778855050504,-10.582211449494963,10.582211449494963,2021-07-17 06:00:00,2021-07-17 07:15:00,75.0,75.0
D1,F1-4-ridge,2,10,2021-07-18,84,0.875,False,28.0,35.42626635109064,7.426266351090639,7.426266351090639,2021-07-18 01:15:00,2021-07-18 10:15:00,540.0,540.0
D1,F1-4-ridge,2,10,2021-07-26,84,0.875,False,217.0,207.85996811605338,-9.14003188394662,9.14003188394662,2021-07-26 08:30:00,2021-07-26 11:30:00,180.0,180.0
D1,F1-4-ridge,2,10,2021-07-27,84,0.875,False,211.0,202.79324485899883,-8.206755141001167,8.206755141001167,2021-07-27 11:45:00,2021-07-27 11:00:00,-45.0,45.0
D1,F1-4-ridge,2,10,2021-07-28,84,0.875,False,212.0,200.35644032116883,-11.643559678831167,11.643559678831167,2021-07-28 12:00:00,2021-07-28 14:00:00,120.0,120.0
D1,F1-4-ridge,2,10,2021-07-29,84,0.875,False,211.0,190.2214624519263,-20.7785375480737,20.7785375480737,2021-07-29 12:00:00,2021-07-29 11:30:00,-30.0,30.0
D1,F1-4-ridge,2,10,2021-07-30,85,0.8854166666666666,False,212.0,197.34850207803237,-14.651497921967632,14.651497921967632,2021-07-30 12:00:00,2021-07-30 11:45:00,-15.0,15.0
D1,F1-4-ridge,2,10,2021-07-31,96,1.0,True,80.0,102.59320813062747,22.593208130627474,22.593208130627474,2021-07-31 00:00:00,2021-07-31 01:45:00,105.0,105.0
D1,F1-4-ridge,2,10,2021-08-01,96,1.0,True,28.0,32.78823846176437,4.788238461764372,4.788238461764372,2021-08-01 09:00:00,2021-08-01 11:30:00,150.0,150.0
D1,F1-4-ridge,2,10,2021-08-09,39,0.40625,False,215.0,37.239115967293436,-177.76088403270657,177.76088403270657,2021-08-09 08:45:00,2021-08-09 07:00:00,-105.0,105.0
D1,F1-4-ridge,2,11,2021-07-12,96,1.0,True,198.0,194.1557209797043,-3.844279020295687,3.844279020295687,2021-07-12 08:45:00,2021-07-12 11:15:00,150.0,150.0
D1,F1-4-ridge,2,11,2021-07-13,1,0.010416666666666666,False,79.0,87.82783101994707,8.82783101994707,8.82783101994707,2021-07-13 00:00:00,2021-07-13 00:00:00,0.0,0.0
D1,F1-4-ridge,2,11,2021-07-17,73,0.7604166666666666,False,108.0,96.04507509135671,-11.954924908643292,11.954924908643292,2021-07-17 06:00:00,2021-07-17 06:45:00,45.0,45.0
D1,F1-4-ridge,2,11,2021-07-18,84,0.875,False,28.0,36.46523363331958,8.465233633319578,8.465233633319578,2021-07-18 01:15:00,2021-07-18 11:45:00,630.0,630.0
D1,F1-4-ridge,2,11,2021-07-26,84,0.875,False,217.0,213.4889261788736,-3.511073821126388,3.511073821126388,2021-07-26 08:30:00,2021-07-26 11:30:00,180.0,180.0
D1,F1-4-ridge,2,11,2021-07-27,84,0.875,False,211.0,200.0513767392175,-10.948623260782512,10.948623260782512,2021-07-27 11:45:00,2021-07-27 11:15:00,-30.0,30.0
D1,F1-4-ridge,2,11,2021-07-28,84,0.875,False,212.0,201.4765810521674,-10.523418947832596,10.523418947832596,2021-07-28 12:00:00,2021-07-28 13:45:00,105.0,105.0
D1,F1-4-ridge,2,11,2021-07-29,84,0.875,False,211.0,190.6692077816329,-20.330792218367094,20.330792218367094,2021-07-29 12:00:00,2021-07-29 12:00:00,0.0,0.0
D1,F1-4-ridge,2,11,2021-07-30,85,0.8854166666666666,False,212.0,197.08026345629253,-14.919736543707472,14.919736543707472,2021-07-30 12:00:00,2021-07-30 11:45:00,-15.0,15.0
D1,F1-4-ridge,2,11,2021-07-31,96,1.0,True,80.0,100.53716656833409,20.537166568334086,20.537166568334086,2021-07-31 00:00:00,2021-07-31 02:00:00,120.0,120.0
D1,F1-4-ridge,2,11,2021-08-01,96,1.0,True,28.0,34.72227295848044,6.722272958480438,6.722272958480438,2021-08-01 09:00:00,2021-08-01 11:45:00,165.0,165.0
D1,F1-4-ridge,2,11,2021-08-09,39,0.40625,False,215.0,38.710782337847604,-176.2892176621524,176.2892176621524,2021-08-09 08:45:00,2021-08-09 07:15:00,-90.0,90.0
D1,F1-4-ridge,2,12,2021-07-12,96,1.0,True,198.0,184.8195163247356,-13.180483675264412,13.180483675264412,2021-07-12 08:45:00,2021-07-12 11:30:00,165.0,165.0
D1,F1-4-ridge,2,12,2021-07-13,1,0.010416666666666666,False,79.0,89.1045495078452,10.104549507845206,10.104549507845206,2021-07-13 00:00:00,2021-07-13 00:00:00,0.0,0.0
D1,F1-4-ridge,2,12,2021-07-17,72,0.75,False,108.0,95.68205861715604,-12.317941382843955,12.317941382843955,2021-07-17 06:00:00,2021-07-17 06:45:00,45.0,45.0
D1,F1-4-ridge,2,12,2021-07-18,84,0.875,False,28.0,38.260907997471634,10.260907997471634,10.260907997471634,2021-07-18 01:15:00,2021-07-18 10:45:00,570.0,570.0
D1,F1-4-ridge,2,12,2021-07-26,84,0.875,False,217.0,220.63506856093647,3.6350685609364746,3.6350685609364746,2021-07-26 08:30:00,2021-07-26 11:30:00,180.0,180.0
D1,F1-4-ridge,2,12,2021-07-27,84,0.875,False,211.0,198.48457494018544,-12.51542505981456,12.51542505981456,2021-07-27 11:45:00,2021-07-27 11:30:00,-15.0,15.0
D1,F1-4-ridge,2,12,2021-07-28,84,0.875,False,212.0,208.62974339961033,-3.3702566003896663,3.3702566003896663,2021-07-28 12:00:00,2021-07-28 14:00:00,120.0,120.0
D1,F1-4-ridge,2,12,2021-07-29,84,0.875,False,211.0,190.86768329076023,-20.132316709239774,20.132316709239774,2021-07-29 12:00:00,2021-07-29 12:00:00,0.0,0.0
D1,F1-4-ridge,2,12,2021-07-30,85,0.8854166666666666,False,212.0,194.1248419695537,-17.8751580304463,17.8751580304463,2021-07-30 12:00:00,2021-07-30 14:00:00,120.0,120.0
D1,F1-4-ridge,2,12,2021-07-31,96,1.0,True,80.0,100.09341871073471,20.09341871073471,20.09341871073471,2021-07-31 00:00:00,2021-07-31 02:15:00,135.0,135.0
D1,F1-4-ridge,2,12,2021-08-01,96,1.0,True,28.0,36.035125815846186,8.035125815846186,8.035125815846186,2021-08-01 09:00:00,2021-08-01 12:00:00,180.0,180.0
D1,F1-4-ridge,2,12,2021-08-09,39,0.40625,False,215.0,41.76908338190192,-173.2309166180981,173.2309166180981,2021-08-09 08:45:00,2021-08-09 07:00:00,-105.0,105.0
D1,F1-4-ridge,2,13,2021-07-12,96,1.0,True,198.0,181.86710460711123,-16.13289539288877,16.13289539288877,2021-07-12 08:45:00,2021-07-12 11:45:00,180.0,180.0
D1,F1-4-ridge,2,13,2021-07-13,1,0.010416666666666666,False,79.0,97.29869987405938,18.29869987405938,18.29869987405938,2021-07-13 00:00:00,2021-07-13 00:00:00,0.0,0.0
D1,F1-4-ridge,2,13,2021-07-17,71,0.7395833333333334,False,96.0,96.41533092822306,0.4153309282230566,0.4153309282230566,2021-07-17 06:15:00,2021-07-17 07:15:00,60.0,60.0
D1,F1-4-ridge,2,13,2021-07-18,84,0.875,False,28.0,38.92536030522911,10.925360305229113,10.925360305229113,2021-07-18 01:15:00,2021-07-18 11:00:00,585.0,585.0
D1,F1-4-ridge,2,13,2021-07-26,84,0.875,False,217.0,208.8736268798471,-8.126373120152891,8.126373120152891,2021-07-26 08:30:00,2021-07-26 11:45:00,195.0,195.0
D1,F1-4-ridge,2,13,2021-07-27,84,0.875,False,211.0,196.79041884150814,-14.209581158491858,14.209581158491858,2021-07-27 11:45:00,2021-07-27 14:00:00,135.0,135.0
D1,F1-4-ridge,2,13,2021-07-28,84,0.875,False,212.0,204.10609223188806,-7.893907768111944,7.893907768111944,2021-07-28 12:00:00,2021-07-28 14:15:00,135.0,135.0
D1,F1-4-ridge,2,13,2021-07-29,84,0.875,False,211.0,190.12145013668191,-20.878549863318085,20.878549863318085,2021-07-29 12:00:00,2021-07-29 12:00:00,0.0,0.0
D1,F1-4-ridge,2,13,2021-07-30,85,0.8854166666666666,False,212.0,198.12006821061425,-13.87993178938575,13.87993178938575,2021-07-30 12:00:00,2021-07-30 16:00:00,240.0,240.0
D1,F1-4-ridge,2,13,2021-07-31,96,1.0,True,80.0,97.83054085150138,17.830540851501382,17.830540851501382,2021-07-31 00:00:00,2021-07-31 02:30:00,150.0,150.0
D1,F1-4-ridge,2,13,2021-08-01,96,1.0,True,28.0,38.47746280199147,10.477462801991472,10.477462801991472,2021-08-01 09:00:00,2021-08-01 12:15:00,195.0,195.0
D1,F1-4-ridge,2,13,2021-08-09,39,0.40625,False,215.0,43.20008342276101,-171.799916577239,171.799916577239,2021-08-09 08:45:00,2021-08-09 07:15:00,-90.0,90.0
D1,F1-4-ridge,2,14,2021-07-12,96,1.0,True,198.0,180.6144549476604,-17.38554505233961,17.38554505233961,2021-07-12 08:45:00,2021-07-12 16:00:00,435.0,435.0
D1,F1-4-ridge,2,14,2021-07-13,1,0.010416666666666666,False,79.0,102.25674814719073,23.256748147190734,23.256748147190734,2021-07-13 00:00:00,2021-07-13 00:00:00,0.0,0.0
D1,F1-4-ridge,2,14,2021-07-17,70,0.7291666666666666,False,88.0,96.36440915414178,8.364409154141782,8.364409154141782,2021-07-17 07:15:00,2021-07-17 07:15:00,0.0,0.0
D1,F1-4-ridge,2,14,2021-07-18,84,0.875,False,28.0,40.97693234112059,12.976932341120587,12.976932341120587,2021-07-18 01:15:00,2021-07-18 11:30:00,615.0,615.0
D1,F1-4-ridge,2,14,2021-07-26,84,0.875,False,217.0,189.25185744132045,-27.748142558679547,27.748142558679547,2021-07-26 08:30:00,2021-07-26 11:30:00,180.0,180.0
D1,F1-4-ridge,2,14,2021-07-27,84,0.875,False,211.0,195.77192445557924,-15.228075544420761,15.228075544420761,2021-07-27 11:45:00,2021-07-27 14:15:00,150.0,150.0
D1,F1-4-ridge,2,14,2021-07-28,84,0.875,False,212.0,208.26747930324,-3.732520696759991,3.732520696759991,2021-07-28 12:00:00,2021-07-28 14:30:00,150.0,150.0
D1,F1-4-ridge,2,14,2021-07-29,84,0.875,False,211.0,188.86420789085415,-22.135792109145854,22.135792109145854,2021-07-29 12:00:00,2021-07-29 15:00:00,180.0,180.0
D1,F1-4-ridge,2,14,2021-07-30,84,0.875,False,212.0,197.7722725992048,-14.227727400795203,14.227727400795203,2021-07-30 12:00:00,2021-07-30 16:00:00,240.0,240.0
D1,F1-4-ridge,2,14,2021-07-31,96,1.0,True,80.0,95.93676179146833,15.936761791468328,15.936761791468328,2021-07-31 00:00:00,2021-07-31 02:30:00,150.0,150.0
D1,F1-4-ridge,2,14,2021-08-01,96,1.0,True,28.0,39.16820112376063,11.168201123760632,11.168201123760632,2021-08-01 09:00:00,2021-08-01 12:30:00,210.0,210.0
D1,F1-4-ridge,2,14,2021-08-09,39,0.40625,False,215.0,45.11682355240785,-169.88317644759215,169.88317644759215,2021-08-09 08:45:00,2021-08-09 08:45:00,0.0,0.0
D1,F1-4-ridge,2,15,2021-07-12,96,1.0,True,198.0,186.28857858589737,-11.711421414102631,11.711421414102631,2021-07-12 08:45:00,2021-07-12 13:45:00,300.0,300.0
D1,F1-4-ridge,2,15,2021-07-13,1,0.010416666666666666,False,79.0,98.56109281924387,19.561092819243868,19.561092819243868,2021-07-13 00:00:00,2021-07-13 00:00:00,0.0,0.0
D1,F1-4-ridge,2,15,2021-07-17,69,0.71875,False,88.0,96.86185074816237,8.861850748162368,8.861850748162368,2021-07-17 07:15:00,2021-07-17 06:45:00,-30.0,30.0
D1,F1-4-ridge,2,15,2021-07-18,84,0.875,False,28.0,44.3220589096434,16.322058909643403,16.322058909643403,2021-07-18 01:15:00,2021-07-18 11:30:00,615.0,615.0
D1,F1-4-ridge,2,15,2021-07-26,84,0.875,False,217.0,187.62575796278406,-29.374242037215936,29.374242037215936,2021-07-26 08:30:00,2021-07-26 13:45:00,315.0,315.0
D1,F1-4-ridge,2,15,2021-07-27,84,0.875,False,211.0,191.72802466634693,-19.271975333653074,19.271975333653074,2021-07-27 11:45:00,2021-07-27 14:30:00,165.0,165.0
D1,F1-4-ridge,2,15,2021-07-28,84,0.875,False,212.0,207.19792236028198,-4.802077639718021,4.802077639718021,2021-07-28 12:00:00,2021-07-28 14:45:00,165.0,165.0
D1,F1-4-ridge,2,15,2021-07-29,84,0.875,False,211.0,192.75100943319018,-18.248990566809823,18.248990566809823,2021-07-29 12:00:00,2021-07-29 15:00:00,180.0,180.0
D1,F1-4-ridge,2,15,2021-07-30,84,0.875,False,212.0,201.81865606401797,-10.181343935982028,10.181343935982028,2021-07-30 12:00:00,2021-07-30 16:00:00,240.0,240.0
D1,F1-4-ridge,2,15,2021-07-31,96,1.0,True,80.0,94.06360616432286,14.063606164322863,14.063606164322863,2021-07-31 00:00:00,2021-07-31 02:45:00,165.0,165.0
D1,F1-4-ridge,2,15,2021-08-01,96,1.0,True,28.0,42.34219589558501,14.342195895585007,14.342195895585007,2021-08-01 09:00:00,2021-08-01 12:45:00,225.0,225.0
D1,F1-4-ridge,2,15,2021-08-09,39,0.40625,False,215.0,47.76780058611098,-167.23219941388902,167.23219941388902,2021-08-09 08:45:00,2021-08-09 09:00:00,15.0,15.0
D1,F1-4-ridge,2,16,2021-07-12,96,1.0,True,198.0,190.7003095621534,-7.299690437846607,7.299690437846607,2021-07-12 08:45:00,2021-07-12 14:00:00,315.0,315.0
D1,F1-4-ridge,2,16,2021-07-13,1,0.010416666666666666,False,79.0,97.92034723282705,18.920347232827055,18.920347232827055,2021-07-13 00:00:00,2021-07-13 00:00:00,0.0,0.0
D1,F1-4-ridge,2,16,2021-07-17,68,0.7083333333333334,False,88.0,98.04467186904758,10.044671869047576,10.044671869047576,2021-07-17 07:15:00,2021-07-17 07:15:00,0.0,0.0
D1,F1-4-ridge,2,16,2021-07-18,84,0.875,False,28.0,46.72918634284691,18.72918634284691,18.72918634284691,2021-07-18 01:15:00,2021-07-18 11:45:00,630.0,630.0
D1,F1-4-ridge,2,16,2021-07-26,84,0.875,False,217.0,188.76547730293953,-28.23452269706047,28.23452269706047,2021-07-26 08:30:00,2021-07-26 16:00:00,450.0,450.0
D1,F1-4-ridge,2,16,2021-07-27,84,0.875,False,211.0,200.24913911325086,-10.750860886749138,10.750860886749138,2021-07-27 11:45:00,2021-07-27 16:00:00,255.0,255.0
D1,F1-4-ridge,2,16,2021-07-28,84,0.875,False,212.0,201.1698729129999,-10.830127087000108,10.830127087000108,2021-07-28 12:00:00,2021-07-28 15:00:00,180.0,180.0
D1,F1-4-ridge,2,16,2021-07-29,84,0.875,False,211.0,190.8767051816803,-20.123294818319692,20.123294818319692,2021-07-29 12:00:00,2021-07-29 15:00:00,180.0,180.0
D1,F1-4-ridge,2,16,2021-07-30,84,0.875,False,212.0,203.57177813845254,-8.428221861547456,8.428221861547456,2021-07-30 12:00:00,2021-07-30 16:00:00,240.0,240.0
D1,F1-4-ridge,2,16,2021-07-31,96,1.0,True,80.0,98.4526035464133,18.4526035464133,18.4526035464133,2021-07-31 00:00:00,2021-07-31 00:00:00,0.0,0.0
D1,F1-4-ridge,2,16,2021-08-01,96,1.0,True,28.0,42.134508399746345,14.134508399746345,14.134508399746345,2021-08-01 09:00:00,2021-08-01 13:00:00,240.0,240.0
D1,F1-4-ridge,2,16,2021-08-09,39,0.40625,False,215.0,49.63577670967529,-165.3642232903247,165.3642232903247,2021-08-09 08:45:00,2021-08-09 09:15:00,30.0,30.0
D2,F1-4-ridge,0,4,2021-04-19,96,1.0,True,172.0,160.57608327423173,-11.423916725768265,11.423916725768265,2021-04-19 08:45:00,2021-04-19 13:15:00,270.0,270.0
D2,F1-4-ridge,0,4,2021-04-20,96,1.0,True,172.0,165.14801956487673,-6.8519804351232665,6.8519804351232665,2021-04-20 08:45:00,2021-04-20 13:15:00,270.0,270.0
D2,F1-4-ridge,0,4,2021-04-21,96,1.0,True,174.0,171.0609680978346,-2.9390319021653966,2.9390319021653966,2021-04-21 08:30:00,2021-04-21 12:00:00,210.0,210.0
D2,F1-4-ridge,0,4,2021-04-22,96,1.0,True,174.0,168.28445989798539,-5.715540102014614,5.715540102014614,2021-04-22 08:30:00,2021-04-22 12:00:00,210.0,210.0
D2,F1-4-ridge,0,4,2021-04-23,96,1.0,True,174.0,168.57130999222335,-5.428690007776652,5.428690007776652,2021-04-23 08:30:00,2021-04-23 12:00:00,210.0,210.0
D2,F1-4-ridge,0,4,2021-04-24,96,1.0,True,112.0,100.48938434694192,-11.510615653058082,11.510615653058082,2021-04-24 06:15:00,2021-04-24 02:30:00,-225.0,225.0
D2,F1-4-ridge,0,4,2021-04-25,96,1.0,True,25.0,26.734357510209094,1.7343575102090938,1.7343575102090938,2021-04-25 01:30:00,2021-04-25 06:00:00,270.0,270.0
D2,F1-4-ridge,0,4,2021-05-03,96,1.0,True,184.0,179.46892049746617,-4.531079502533828,4.531079502533828,2021-05-03 08:30:00,2021-05-03 09:45:00,75.0,75.0
D2,F1-4-ridge,0,4,2021-05-04,96,1.0,True,181.0,180.58019972876397,-0.4198002712360278,0.4198002712360278,2021-05-04 08:30:00,2021-05-04 09:45:00,75.0,75.0
D2,F1-4-ridge,0,4,2021-05-05,96,1.0,True,120.0,137.08482790086967,17.08482790086967,17.08482790086967,2021-05-05 04:15:00,2021-05-05 08:30:00,255.0,255.0
D2,F1-4-ridge,0,4,2021-05-06,96,1.0,True,199.0,172.19802438634164,-26.801975613658357,26.801975613658357,2021-05-06 09:00:00,2021-05-06 10:00:00,60.0,60.0
D2,F1-4-ridge,0,4,2021-05-07,96,1.0,True,181.0,178.86600818917336,-2.133991810826643,2.133991810826643,2021-05-07 09:00:00,2021-05-07 10:30:00,90.0,90.0
D2,F1-4-ridge,0,4,2021-05-08,96,1.0,True,115.0,105.03181233237972,-9.968187667620285,9.968187667620285,2021-05-08 02:00:00,2021-05-08 04:00:00,120.0,120.0
D2,F1-4-ridge,0,4,2021-05-09,96,1.0,True,184.0,140.808391191494,-43.191608808506004,43.191608808506004,2021-05-09 09:00:00,2021-05-09 12:45:00,225.0,225.0
D2,F1-4-ridge,0,5,2021-04-19,96,1.0,True,172.0,161.86989839407477,-10.130101605925233,10.130101605925233,2021-04-19 08:45:00,2021-04-19 13:15:00,270.0,270.0
D2,F1-4-ridge,0,5,2021-04-20,96,1.0,True,172.0,166.4957179818603,-5.5042820181396905,5.5042820181396905,2021-04-20 08:45:00,2021-04-20 13:15:00,270.0,270.0
D2,F1-4-ridge,0,5,2021-04-21,96,1.0,True,174.0,169.87730447761518,-4.1226955223848165,4.1226955223848165,2021-04-21 08:30:00,2021-04-21 12:00:00,210.0,210.0
D2,F1-4-ridge,0,5,2021-04-22,96,1.0,True,174.0,166.78966473009058,-7.210335269909422,7.210335269909422,2021-04-22 08:30:00,2021-04-22 12:00:00,210.0,210.0
D2,F1-4-ridge,0,5,2021-04-23,96,1.0,True,174.0,167.31491580440547,-6.685084195594527,6.685084195594527,2021-04-23 08:30:00,2021-04-23 12:00:00,210.0,210.0
D2,F1-4-ridge,0,5,2021-04-24,96,1.0,True,112.0,104.23671125174235,-7.763288748257651,7.763288748257651,2021-04-24 06:15:00,2021-04-24 06:15:00,0.0,0.0
D2,F1-4-ridge,0,5,2021-04-25,96,1.0,True,25.0,27.502270265388987,2.5022702653889866,2.5022702653889866,2021-04-25 01:30:00,2021-04-25 01:30:00,0.0,0.0
D2,F1-4-ridge,0,5,2021-05-03,96,1.0,True,184.0,174.34130372997924,-9.658696270020755,9.658696270020755,2021-05-03 08:30:00,2021-05-03 10:00:00,90.0,90.0
D2,F1-4-ridge,0,5,2021-05-04,96,1.0,True,181.0,179.00469109775383,-1.9953089022461654,1.9953089022461654,2021-05-04 08:30:00,2021-05-04 10:00:00,90.0,90.0
D2,F1-4-ridge,0,5,2021-05-05,96,1.0,True,120.0,142.5182608032661,22.518260803266088,22.518260803266088,2021-05-05 04:15:00,2021-05-05 08:30:00,255.0,255.0
D2,F1-4-ridge,0,5,2021-05-06,96,1.0,True,199.0,173.04822343438357,-25.951776565616427,25.951776565616427,2021-05-06 09:00:00,2021-05-06 10:45:00,105.0,105.0
D2,F1-4-ridge,0,5,2021-05-07,96,1.0,True,181.0,178.25339855134695,-2.7466014486530526,2.7466014486530526,2021-05-07 09:00:00,2021-05-07 10:45:00,105.0,105.0
D2,F1-4-ridge,0,5,2021-05-08,96,1.0,True,115.0,103.63081380863423,-11.36918619136577,11.36918619136577,2021-05-08 02:00:00,2021-05-08 04:15:00,135.0,135.0
D2,F1-4-ridge,0,5,2021-05-09,96,1.0,True,184.0,139.36666007706035,-44.633339922939655,44.633339922939655,2021-05-09 09:00:00,2021-05-09 13:00:00,240.0,240.0
D2,F1-4-ridge,0,6,2021-04-19,96,1.0,True,172.0,162.92158303799397,-9.078416962006031,9.078416962006031,2021-04-19 08:45:00,2021-04-19 13:15:00,270.0,270.0
D2,F1-4-ridge,0,6,2021-04-20,96,1.0,True,172.0,167.6379563732326,-4.362043626767388,4.362043626767388,2021-04-20 08:45:00,2021-04-20 13:15:00,270.0,270.0
D2,F1-4-ridge,0,6,2021-04-21,96,1.0,True,174.0,170.9523224486161,-3.047677551383913,3.047677551383913,2021-04-21 08:30:00,2021-04-21 12:00:00,210.0,210.0
D2,F1-4-ridge,0,6,2021-04-22,96,1.0,True,174.0,167.6668295641481,-6.333170435851912,6.333170435851912,2021-04-22 08:30:00,2021-04-22 12:00:00,210.0,210.0
D2,F1-4-ridge,0,6,2021-04-23,96,1.0,True,174.0,168.34055283537518,-5.659447164624822,5.659447164624822,2021-04-23 08:30:00,2021-04-23 12:00:00,210.0,210.0
D2,F1-4-ridge,0,6,2021-04-24,96,1.0,True,112.0,104.81766722739886,-7.182332772601143,7.182332772601143,2021-04-24 06:15:00,2021-04-24 06:15:00,0.0,0.0
D2,F1-4-ridge,0,6,2021-04-25,96,1.0,True,25.0,28.47775914063257,3.477759140632571,3.477759140632571,2021-04-25 01:30:00,2021-04-25 11:15:00,585.0,585.0
D2,F1-4-ridge,0,6,2021-05-03,96,1.0,True,184.0,168.38584628184745,-15.61415371815255,15.61415371815255,2021-05-03 08:30:00,2021-05-03 11:00:00,150.0,150.0
D2,F1-4-ridge,0,6,2021-05-04,96,1.0,True,181.0,172.36644857198388,-8.63355142801612,8.63355142801612,2021-05-04 08:30:00,2021-05-04 12:00:00,210.0,210.0
D2,F1-4-ridge,0,6,2021-05-05,96,1.0,True,120.0,144.03098920307846,24.030989203078462,24.030989203078462,2021-05-05 04:15:00,2021-05-05 08:30:00,255.0,255.0
D2,F1-4-ridge,0,6,2021-05-06,96,1.0,True,199.0,171.00909892234642,-27.990901077653575,27.990901077653575,2021-05-06 09:00:00,2021-05-06 11:30:00,150.0,150.0
D2,F1-4-ridge,0,6,2021-05-07,96,1.0,True,181.0,179.38616864929523,-1.6138313507047712,1.6138313507047712,2021-05-07 09:00:00,2021-05-07 11:00:00,120.0,120.0
D2,F1-4-ridge,0,6,2021-05-08,96,1.0,True,115.0,106.1588560628161,-8.841143937183901,8.841143937183901,2021-05-08 02:00:00,2021-05-08 04:30:00,150.0,150.0
D2,F1-4-ridge,0,6,2021-05-09,96,1.0,True,184.0,138.04986679198765,-45.950133208012346,45.950133208012346,2021-05-09 09:00:00,2021-05-09 13:15:00,255.0,255.0
D2,F1-4-ridge,0,7,2021-04-19,96,1.0,True,172.0,161.4302012068389,-10.569798793161112,10.569798793161112,2021-04-19 08:45:00,2021-04-19 13:15:00,270.0,270.0
D2,F1-4-ridge,0,7,2021-04-20,96,1.0,True,172.0,166.33825115029867,-5.6617488497013255,5.6617488497013255,2021-04-20 08:45:00,2021-04-20 13:30:00,285.0,285.0
D2,F1-4-ridge,0,7,2021-04-21,96,1.0,True,174.0,171.06907685132427,-2.9309231486757312,2.9309231486757312,2021-04-21 08:30:00,2021-04-21 13:15:00,285.0,285.0
D2,F1-4-ridge,0,7,2021-04-22,96,1.0,True,174.0,168.8099386429724,-5.190061357027588,5.190061357027588,2021-04-22 08:30:00,2021-04-22 13:15:00,285.0,285.0
D2,F1-4-ridge,0,7,2021-04-23,96,1.0,True,174.0,169.7468644862101,-4.253135513789914,4.253135513789914,2021-04-23 08:30:00,2021-04-23 13:15:00,285.0,285.0
D2,F1-4-ridge,0,7,2021-04-24,96,1.0,True,112.0,106.54404101600109,-5.4559589839989115,5.4559589839989115,2021-04-24 06:15:00,2021-04-24 02:00:00,-255.0,255.0
D2,F1-4-ridge,0,7,2021-04-25,96,1.0,True,25.0,29.587838034103996,4.587838034103996,4.587838034103996,2021-04-25 01:30:00,2021-04-25 11:00:00,570.0,570.0
D2,F1-4-ridge,0,7,2021-05-03,96,1.0,True,184.0,168.5684011992824,-15.431598800717609,15.431598800717609,2021-05-03 08:30:00,2021-05-03 11:15:00,165.0,165.0
D2,F1-4-ridge,0,7,2021-05-04,96,1.0,True,181.0,172.2821102569605,-8.717889743039507,8.717889743039507,2021-05-04 08:30:00,2021-05-04 10:30:00,120.0,120.0
D2,F1-4-ridge,0,7,2021-05-05,96,1.0,True,120.0,147.05940094412355,27.059400944123553,27.059400944123553,2021-05-05 04:15:00,2021-05-05 08:30:00,255.0,255.0
D2,F1-4-ridge,0,7,2021-05-06,96,1.0,True,199.0,173.6818969496704,-25.318103050329597,25.318103050329597,2021-05-06 09:00:00,2021-05-06 11:30:00,150.0,150.0
D2,F1-4-ridge,0,7,2021-05-07,96,1.0,True,181.0,175.02672813888307,-5.9732718611169275,5.9732718611169275,2021-05-07 09:00:00,2021-05-07 11:15:00,135.0,135.0
D2,F1-4-ridge,0,7,2021-05-08,96,1.0,True,115.0,103.52011906571433,-11.479880934285674,11.479880934285674,2021-05-08 02:00:00,2021-05-08 06:15:00,255.0,255.0
D2,F1-4-ridge,0,7,2021-05-09,96,1.0,True,184.0,135.78246860512365,-48.217531394876346,48.217531394876346,2021-05-09 09:00:00,2021-05-09 13:30:00,270.0,270.0
D2,F1-4-ridge,0,8,2021-04-19,96,1.0,True,172.0,163.20805602544252,-8.791943974557483,8.791943974557483,2021-04-19 08:45:00,2021-04-19 13:15:00,270.0,270.0
D2,F1-4-ridge,0,8,2021-04-20,96,1.0,True,172.0,167.92832891068406,-4.071671089315942,4.071671089315942,2021-04-20 08:45:00,2021-04-20 13:15:00,270.0,270.0
D2,F1-4-ridge,0,8,2021-04-21,96,1.0,True,174.0,170.1574946214668,-3.8425053785331897,3.8425053785331897,2021-04-21 08:30:00,2021-04-21 13:15:00,285.0,285.0
D2,F1-4-ridge,0,8,2021-04-22,96,1.0,True,174.0,167.70162636933506,-6.2983736306649405,6.2983736306649405,2021-04-22 08:30:00,2021-04-22 13:15:00,285.0,285.0
D2,F1-4-ridge,0,8,2021-04-23,96,1.0,True,174.0,168.93546205591625,-5.064537944083753,5.064537944083753,2021-04-23 08:30:00,2021-04-23 13:15:00,285.0,285.0
D2,F1-4-ridge,0,8,2021-04-24,96,1.0,True,112.0,104.1755670747396,-7.824432925260396,7.824432925260396,2021-04-24 06:15:00,2021-04-24 02:00:00,-255.0,255.0
D2,F1-4-ridge,0,8,2021-04-25,96,1.0,True,25.0,30.815887096952565,5.815887096952565,5.815887096952565,2021-04-25 01:30:00,2021-04-25 11:00:00,570.0,570.0
D2,F1-4-ridge,0,8,2021-05-03,96,1.0,True,184.0,166.12275031841176,-17.87724968158824,17.87724968158824,2021-05-03 08:30:00,2021-05-03 11:30:00,180.0,180.0
D2,F1-4-ridge,0,8,2021-05-04,96,1.0,True,181.0,172.9541239055738,-8.045876094426205,8.045876094426205,2021-05-04 08:30:00,2021-05-04 10:45:00,135.0,135.0
D2,F1-4-ridge,0,8,2021-05-05,96,1.0,True,120.0,149.39317927206372,29.39317927206372,29.39317927206372,2021-05-05 04:15:00,2021-05-05 08:30:00,255.0,255.0
D2,F1-4-ridge,0,8,2021-05-06,96,1.0,True,199.0,174.72806324212985,-24.27193675787015,24.27193675787015,2021-05-06 09:00:00,2021-05-06 11:30:00,150.0,150.0
D2,F1-4-ridge,0,8,2021-05-07,96,1.0,True,181.0,174.61705896308325,-6.382941036916748,6.382941036916748,2021-05-07 09:00:00,2021-05-07 11:00:00,120.0,120.0
D2,F1-4-ridge,0,8,2021-05-08,96,1.0,True,115.0,104.56595453424163,-10.434045465758373,10.434045465758373,2021-05-08 02:00:00,2021-05-08 06:15:00,255.0,255.0
D2,F1-4-ridge,0,8,2021-05-09,96,1.0,True,184.0,134.38617597459955,-49.61382402540045,49.61382402540045,2021-05-09 09:00:00,2021-05-09 11:00:00,120.0,120.0
D2,F1-4-ridge,0,9,2021-04-19,96,1.0,True,172.0,161.22797776023918,-10.772022239760815,10.772022239760815,2021-04-19 08:45:00,2021-04-19 13:30:00,285.0,285.0
D2,F1-4-ridge,0,9,2021-04-20,96,1.0,True,172.0,166.59726293451715,-5.402737065482853,5.402737065482853,2021-04-20 08:45:00,2021-04-20 13:30:00,285.0,285.0
D2,F1-4-ridge,0,9,2021-04-21,96,1.0,True,174.0,172.742427898112,-1.2575721018880017,1.2575721018880017,2021-04-21 08:30:00,2021-04-21 13:15:00,285.0,285.0
D2,F1-4-ridge,0,9,2021-04-22,96,1.0,True,174.0,170.02822201089566,-3.971777989104339,3.971777989104339,2021-04-22 08:30:00,2021-04-22 13:15:00,285.0,285.0
D2,F1-4-ridge,0,9,2021-04-23,96,1.0,True,174.0,171.49011521825236,-2.509884781747644,2.509884781747644,2021-04-23 08:30:00,2021-04-23 13:15:00,285.0,285.0
D2,F1-4-ridge,0,9,2021-04-24,96,1.0,True,112.0,105.5546466744185,-6.445353325581493,6.445353325581493,2021-04-24 06:15:00,2021-04-24 02:00:00,-255.0,255.0
D2,F1-4-ridge,0,9,2021-04-25,96,1.0,True,25.0,31.403570869532842,6.403570869532842,6.403570869532842,2021-04-25 01:30:00,2021-04-25 11:15:00,585.0,585.0
D2,F1-4-ridge,0,9,2021-05-03,96,1.0,True,184.0,173.0322346901948,-10.967765309805202,10.967765309805202,2021-05-03 08:30:00,2021-05-03 11:00:00,150.0,150.0
D2,F1-4-ridge,0,9,2021-05-04,96,1.0,True,181.0,179.17526271270685,-1.8247372872931464,1.8247372872931464,2021-05-04 08:30:00,2021-05-04 11:00:00,150.0,150.0
D2,F1-4-ridge,0,9,2021-05-05,96,1.0,True,120.0,146.4710203545971,26.4710203545971,26.4710203545971,2021-05-05 04:15:00,2021-05-05 08:30:00,255.0,255.0
D2,F1-4-ridge,0,9,2021-05-06,96,1.0,True,199.0,172.55605619359278,-26.44394380640722,26.44394380640722,2021-05-06 09:00:00,2021-05-06 11:45:00,165.0,165.0
D2,F1-4-ridge,0,9,2021-05-07,96,1.0,True,181.0,171.63475297001986,-9.36524702998014,9.36524702998014,2021-05-07 09:00:00,2021-05-07 11:00:00,120.0,120.0
D2,F1-4-ridge,0,9,2021-05-08,96,1.0,True,115.0,104.05148403583854,-10.948515964161459,10.948515964161459,2021-05-08 02:00:00,2021-05-08 06:30:00,270.0,270.0
D2,F1-4-ridge,0,9,2021-05-09,96,1.0,True,184.0,134.97205655275138,-49.02794344724862,49.02794344724862,2021-05-09 09:00:00,2021-05-09 14:00:00,300.0,300.0
D2,F1-4-ridge,0,10,2021-04-19,96,1.0,True,172.0,162.2078028148839,-9.792197185116095,9.792197185116095,2021-04-19 08:45:00,2021-04-19 13:15:00,270.0,270.0
D2,F1-4-ridge,0,10,2021-04-20,96,1.0,True,172.0,167.35085745713155,-4.6491425428684465,4.6491425428684465,2021-04-20 08:45:00,2021-04-20 13:15:00,270.0,270.0
D2,F1-4-ridge,0,10,2021-04-21,96,1.0,True,174.0,172.96837154173625,-1.0316284582637536,1.0316284582637536,2021-04-21 08:30:00,2021-04-21 13:15:00,285.0,285.0
D2,F1-4-ridge,0,10,2021-04-22,96,1.0,True,174.0,169.8575592302024,-4.142440769797588,4.142440769797588,2021-04-22 08:30:00,2021-04-22 13:15:00,285.0,285.0
D2,F1-4-ridge,0,10,2021-04-23,96,1.0,True,174.0,171.5768820214592,-2.4231179785408017,2.4231179785408017,2021-04-23 08:30:00,2021-04-23 13:15:00,285.0,285.0
D2,F1-4-ridge,0,10,2021-04-24,96,1.0,True,112.0,109.22714594860412,-2.772854051395882,2.772854051395882,2021-04-24 06:15:00,2021-04-24 02:00:00,-255.0,255.0
D2,F1-4-ridge,0,10,2021-04-25,96,1.0,True,25.0,31.731084920880278,6.731084920880278,6.731084920880278,2021-04-25 01:30:00,2021-04-25 11:15:00,585.0,585.0
D2,F1-4-ridge,0,10,2021-05-03,96,1.0,True,184.0,175.51691910640477,-8.483080893595229,8.483080893595229,2021-05-03 08:30:00,2021-05-03 11:15:00,165.0,165.0
D2,F1-4-ridge,0,10,2021-05-04,96,1.0,True,181.0,180.57945644992296,-0.420543550077042,0.420543550077042,2021-05-04 08:30:00,2021-05-04 11:15:00,165.0,165.0
D2,F1-4-ridge,0,10,2021-05-05,96,1.0,True,120.0,146.60255741579007,26.602557415790073,26.602557415790073,2021-05-05 04:15:00,2021-05-05 09:00:00,285.0,285.0
D2,F1-4-ridge,0,10,2021-05-06,96,1.0,True,199.0,171.8269764816227,-27.173023518377306,27.173023518377306,2021-05-06 09:00:00,2021-05-06 12:00:00,180.0,180.0
D2,F1-4-ridge,0,10,2021-05-07,96,1.0,True,181.0,169.42882352981974,-11.571176470180262,11.571176470180262,2021-05-07 09:00:00,2021-05-07 11:30:00,150.0,150.0
D2,F1-4-ridge,0,10,2021-05-08,96,1.0,True,115.0,104.23800317907829,-10.76199682092171,10.76199682092171,2021-05-08 02:00:00,2021-05-08 06:45:00,285.0,285.0
D2,F1-4-ridge,0,10,2021-05-09,96,1.0,True,184.0,135.8326075888614,-48.16739241113859,48.16739241113859,2021-05-09 09:00:00,2021-05-09 14:15:00,315.0,315.0
D2,F1-4-ridge,0,11,2021-04-19,96,1.0,True,172.0,164.1483066315248,-7.851693368475196,7.851693368475196,2021-04-19 08:45:00,2021-04-19 13:15:00,270.0,270.0
D2,F1-4-ridge,0,11,2021-04-20,96,1.0,True,172.0,169.53733369422935,-2.4626663057706537,2.4626663057706537,2021-04-20 08:45:00,2021-04-20 13:15:00,270.0,270.0
D2,F1-4-ridge,0,11,2021-04-21,96,1.0,True,174.0,176.00769127354965,2.0076912735496535,2.0076912735496535,2021-04-21 08:30:00,2021-04-21 13:15:00,285.0,285.0
D2,F1-4-ridge,0,11,2021-04-22,96,1.0,True,174.0,172.72954558520308,-1.270454414796916,1.270454414796916,2021-04-22 08:30:00,2021-04-22 13:15:00,285.0,285.0
D2,F1-4-ridge,0,11,2021-04-23,96,1.0,True,174.0,174.70548527678716,0.705485276787158,0.705485276787158,2021-04-23 08:30:00,2021-04-23 13:15:00,285.0,285.0
D2,F1-4-ridge,0,11,2021-04-24,96,1.0,True,112.0,108.60088479163689,-3.3991152083631135,3.3991152083631135,2021-04-24 06:15:00,2021-04-24 02:00:00,-255.0,255.0
D2,F1-4-ridge,0,11,2021-04-25,96,1.0,True,25.0,31.91688473756706,6.9168847375670595,6.9168847375670595,2021-04-25 01:30:00,2021-04-25 11:15:00,585.0,585.0
D2,F1-4-ridge,0,11,2021-05-03,96,1.0,True,184.0,175.5562671502327,-8.443732849767287,8.443732849767287,2021-05-03 08:30:00,2021-05-03 11:30:00,180.0,180.0
D2,F1-4-ridge,0,11,2021-05-04,96,1.0,True,181.0,179.50073806604254,-1.499261933957456,1.499261933957456,2021-05-04 08:30:00,2021-05-04 11:30:00,180.0,180.0
D2,F1-4-ridge,0,11,2021-05-05,96,1.0,True,120.0,153.26778451934175,33.267784519341745,33.267784519341745,2021-05-05 04:15:00,2021-05-05 08:30:00,255.0,255.0
D2,F1-4-ridge,0,11,2021-05-06,96,1.0,True,199.0,169.20665184611056,-29.79334815388944,29.79334815388944,2021-05-06 09:00:00,2021-05-06 11:45:00,165.0,165.0
D2,F1-4-ridge,0,11,2021-05-07,96,1.0,True,181.0,165.79971340194842,-15.200286598051576,15.200286598051576,2021-05-07 09:00:00,2021-05-07 11:30:00,150.0,150.0
D2,F1-4-ridge,0,11,2021-05-08,96,1.0,True,115.0,101.70717386033299,-13.292826139667014,13.292826139667014,2021-05-08 02:00:00,2021-05-08 06:15:00,255.0,255.0
D2,F1-4-ridge,0,11,2021-05-09,96,1.0,True,184.0,134.50716916749474,-49.49283083250526,49.49283083250526,2021-05-09 09:00:00,2021-05-09 11:45:00,165.0,165.0
D2,F1-4-ridge,0,12,2021-04-19,96,1.0,True,172.0,162.55304228398978,-9.446957716010218,9.446957716010218,2021-04-19 08:45:00,2021-04-19 13:15:00,270.0,270.0
D2,F1-4-ridge,0,12,2021-04-20,96,1.0,True,172.0,168.36238012807863,-3.6376198719213733,3.6376198719213733,2021-04-20 08:45:00,2021-04-20 13:30:00,285.0,285.0
D2,F1-4-ridge,0,12,2021-04-21,96,1.0,True,174.0,174.48252346628166,0.48252346628166265,0.48252346628166265,2021-04-21 08:30:00,2021-04-21 13:30:00,300.0,300.0
D2,F1-4-ridge,0,12,2021-04-22,96,1.0,True,174.0,170.57506236279858,-3.424937637201424,3.424937637201424,2021-04-22 08:30:00,2021-04-22 13:30:00,300.0,300.0
D2,F1-4-ridge,0,12,2021-04-23,96,1.0,True,174.0,172.73449317309286,-1.2655068269071421,1.2655068269071421,2021-04-23 08:30:00,2021-04-23 13:30:00,300.0,300.0
D2,F1-4-ridge,0,12,2021-04-24,96,1.0,True,112.0,106.92746498429347,-5.072535015706535,5.072535015706535,2021-04-24 06:15:00,2021-04-24 02:00:00,-255.0,255.0
D2,F1-4-ridge,0,12,2021-04-25,96,1.0,True,25.0,32.26389888029301,7.263898880293013,7.263898880293013,2021-04-25 01:30:00,2021-04-25 11:15:00,585.0,585.0
D2,F1-4-ridge,0,12,2021-05-03,96,1.0,True,184.0,177.44045514754072,-6.5595448524592825,6.5595448524592825,2021-05-03 08:30:00,2021-05-03 11:45:00,195.0,195.0
D2,F1-4-ridge,0,12,2021-05-04,96,1.0,True,181.0,181.00703100131705,0.007031001317045593,0.007031001317045593,2021-05-04 08:30:00,2021-05-04 11:45:00,195.0,195.0
D2,F1-4-ridge,0,12,2021-05-05,96,1.0,True,120.0,159.04542473866297,39.04542473866297,39.04542473866297,2021-05-05 04:15:00,2021-05-05 08:30:00,255.0,255.0
D2,F1-4-ridge,0,12,2021-05-06,96,1.0,True,199.0,167.6847827613184,-31.315217238681612,31.315217238681612,2021-05-06 09:00:00,2021-05-06 12:00:00,180.0,180.0
D2,F1-4-ridge,0,12,2021-05-07,96,1.0,True,181.0,162.32682093254647,-18.673179067453532,18.673179067453532,2021-05-07 09:00:00,2021-05-07 11:45:00,165.0,165.0
D2,F1-4-ridge,0,12,2021-05-08,96,1.0,True,115.0,101.02498710679457,-13.975012893205431,13.975012893205431,2021-05-08 02:00:00,2021-05-08 06:45:00,285.0,285.0
D2,F1-4-ridge,0,12,2021-05-09,96,1.0,True,184.0,134.41418659457395,-49.58581340542605,49.58581340542605,2021-05-09 09:00:00,2021-05-09 12:00:00,180.0,180.0
D2,F1-4-ridge,0,13,2021-04-19,96,1.0,True,172.0,161.94050154662324,-10.059498453376762,10.059498453376762,2021-04-19 08:45:00,2021-04-19 15:45:00,420.0,420.0
D2,F1-4-ridge,0,13,2021-04-20,96,1.0,True,172.0,168.69197784993065,-3.3080221500693483,3.3080221500693483,2021-04-20 08:45:00,2021-04-20 15:45:00,420.0,420.0
D2,F1-4-ridge,0,13,2021-04-21,96,1.0,True,174.0,173.3519686561694,-0.6480313438306098,0.6480313438306098,2021-04-21 08:30:00,2021-04-21 13:45:00,315.0,315.0
D2,F1-4-ridge,0,13,2021-04-22,96,1.0,True,174.0,169.60835594974088,-4.391644050259117,4.391644050259117,2021-04-22 08:30:00,2021-04-22 13:45:00,315.0,315.0
D2,F1-4-ridge,0,13,2021-04-23,96,1.0,True,174.0,171.95590044390565,-2.044099556094352,2.044099556094352,2021-04-23 08:30:00,2021-04-23 13:45:00,315.0,315.0
D2,F1-4-ridge,0,13,2021-04-24,96,1.0,True,112.0,112.01517537063461,0.015175370634608498,0.015175370634608498,2021-04-24 06:15:00,2021-04-24 01:45:00,-270.0,270.0
D2,F1-4-ridge,0,13,2021-04-25,96,1.0,True,25.0,31.743786269225787,6.743786269225787,6.743786269225787,2021-04-25 01:30:00,2021-04-25 11:15:00,585.0,585.0
D2,F1-4-ridge,0,13,2021-05-03,96,1.0,True,184.0,181.1013527458946,-2.8986472541054127,2.8986472541054127,2021-05-03 08:30:00,2021-05-03 12:00:00,210.0,210.0
D2,F1-4-ridge,0,13,2021-05-04,96,1.0,True,181.0,184.63398545670935,3.633985456709354,3.633985456709354,2021-05-04 08:30:00,2021-05-04 12:00:00,210.0,210.0
D2,F1-4-ridge,0,13,2021-05-05,96,1.0,True,120.0,158.60985706152525,38.60985706152525,38.60985706152525,2021-05-05 04:15:00,2021-05-05 08:30:00,255.0,255.0
D2,F1-4-ridge,0,13,2021-05-06,96,1.0,True,199.0,164.9293188769828,-34.07068112301721,34.07068112301721,2021-05-06 09:00:00,2021-05-06 13:30:00,270.0,270.0
D2,F1-4-ridge,0,13,2021-05-07,96,1.0,True,181.0,157.39021993333643,-23.609780066663575,23.609780066663575,2021-05-07 09:00:00,2021-05-07 15:45:00,405.0,405.0
D2,F1-4-ridge,0,13,2021-05-08,96,1.0,True,115.0,103.00067706663972,-11.999322933360276,11.999322933360276,2021-05-08 02:00:00,2021-05-08 06:15:00,255.0,255.0
D2,F1-4-ridge,0,13,2021-05-09,96,1.0,True,184.0,134.26860618950076,-49.73139381049924,49.73139381049924,2021-05-09 09:00:00,2021-05-09 12:15:00,195.0,195.0
D2,F1-4-ridge,0,14,2021-04-19,96,1.0,True,172.0,164.86430685666085,-7.135693143339154,7.135693143339154,2021-04-19 08:45:00,2021-04-19 15:45:00,420.0,420.0
D2,F1-4-ridge,0,14,2021-04-20,96,1.0,True,172.0,171.77728165659977,-0.22271834340023133,0.22271834340023133,2021-04-20 08:45:00,2021-04-20 15:45:00,420.0,420.0
D2,F1-4-ridge,0,14,2021-04-21,96,1.0,True,174.0,167.33093000017365,-6.669069999826348,6.669069999826348,2021-04-21 08:30:00,2021-04-21 14:00:00,330.0,330.0
D2,F1-4-ridge,0,14,2021-04-22,96,1.0,True,174.0,164.03782510530195,-9.962174894698052,9.962174894698052,2021-04-22 08:30:00,2021-04-22 14:00:00,330.0,330.0
D2,F1-4-ridge,0,14,2021-04-23,96,1.0,True,174.0,166.69254366393113,-7.307456336068867,7.307456336068867,2021-04-23 08:30:00,2021-04-23 14:00:00,330.0,330.0
D2,F1-4-ridge,0,14,2021-04-24,96,1.0,True,112.0,116.21623537906723,4.2162353790672285,4.2162353790672285,2021-04-24 06:15:00,2021-04-24 02:00:00,-255.0,255.0
D2,F1-4-ridge,0,14,2021-04-25,96,1.0,True,25.0,31.45918401307584,6.459184013075841,6.459184013075841,2021-04-25 01:30:00,2021-04-25 11:15:00,585.0,585.0
D2,F1-4-ridge,0,14,2021-05-03,96,1.0,True,184.0,160.57932445890674,-23.42067554109326,23.42067554109326,2021-05-03 08:30:00,2021-05-03 13:45:00,315.0,315.0
D2,F1-4-ridge,0,14,2021-05-04,96,1.0,True,181.0,169.9875609048612,-11.012439095138802,11.012439095138802,2021-05-04 08:30:00,2021-05-04 13:15:00,285.0,285.0
D2,F1-4-ridge,0,14,2021-05-05,96,1.0,True,120.0,157.86215489274107,37.862154892741074,37.862154892741074,2021-05-05 04:15:00,2021-05-05 08:30:00,255.0,255.0
D2,F1-4-ridge,0,14,2021-05-06,96,1.0,True,199.0,165.3054206813707,-33.69457931862931,33.69457931862931,2021-05-06 09:00:00,2021-05-06 13:30:00,270.0,270.0
D2,F1-4-ridge,0,14,2021-05-07,96,1.0,True,181.0,161.70850078864748,-19.291499211352516,19.291499211352516,2021-05-07 09:00:00,2021-05-07 14:30:00,330.0,330.0
D2,F1-4-ridge,0,14,2021-05-08,96,1.0,True,115.0,102.58533050154132,-12.414669498458679,12.414669498458679,2021-05-08 02:00:00,2021-05-08 06:30:00,270.0,270.0
D2,F1-4-ridge,0,14,2021-05-09,96,1.0,True,184.0,134.37226187520105,-49.62773812479895,49.62773812479895,2021-05-09 09:00:00,2021-05-09 12:30:00,210.0,210.0
D2,F1-4-ridge,0,15,2021-04-19,96,1.0,True,172.0,162.85121056167972,-9.148789438320279,9.148789438320279,2021-04-19 08:45:00,2021-04-19 13:30:00,285.0,285.0
D2,F1-4-ridge,0,15,2021-04-20,96,1.0,True,172.0,169.51885905323496,-2.481140946765038,2.481140946765038,2021-04-20 08:45:00,2021-04-20 13:30:00,285.0,285.0
D2,F1-4-ridge,0,15,2021-04-21,96,1.0,True,174.0,164.74490476092672,-9.255095239073285,9.255095239073285,2021-04-21 08:30:00,2021-04-21 14:45:00,375.0,375.0
D2,F1-4-ridge,0,15,2021-04-22,96,1.0,True,174.0,161.20512148916907,-12.794878510830927,12.794878510830927,2021-04-22 08:30:00,2021-04-22 14:45:00,375.0,375.0
D2,F1-4-ridge,0,15,2021-04-23,96,1.0,True,174.0,163.77604041235884,-10.223959587641161,10.223959587641161,2021-04-23 08:30:00,2021-04-23 14:45:00,375.0,375.0
D2,F1-4-ridge,0,15,2021-04-24,96,1.0,True,112.0,109.57849681845438,-2.421503181545617,2.421503181545617,2021-04-24 06:15:00,2021-04-24 02:15:00,-240.0,240.0
D2,F1-4-ridge,0,15,2021-04-25,96,1.0,True,25.0,31.407894585412755,6.407894585412755,6.407894585412755,2021-04-25 01:30:00,2021-04-25 14:15:00,765.0,765.0
D2,F1-4-ridge,0,15,2021-05-03,96,1.0,True,184.0,168.34480102239206,-15.655198977607938,15.655198977607938,2021-05-03 08:30:00,2021-05-03 13:15:00,285.0,285.0
D2,F1-4-ridge,0,15,2021-05-04,96,1.0,True,181.0,170.2711700348052,-10.728829965194791,10.728829965194791,2021-05-04 08:30:00,2021-05-04 13:30:00,300.0,300.0
D2,F1-4-ridge,0,15,2021-05-05,96,1.0,True,120.0,166.11550605606135,46.11550605606135,46.11550605606135,2021-05-05 04:15:00,2021-05-05 08:30:00,255.0,255.0
D2,F1-4-ridge,0,15,2021-05-06,96,1.0,True,199.0,169.82712573676434,-29.172874263235656,29.172874263235656,2021-05-06 09:00:00,2021-05-06 13:30:00,270.0,270.0
D2,F1-4-ridge,0,15,2021-05-07,96,1.0,True,181.0,160.96350927438874,-20.03649072561126,20.03649072561126,2021-05-07 09:00:00,2021-05-07 13:45:00,285.0,285.0
D2,F1-4-ridge,0,15,2021-05-08,96,1.0,True,115.0,103.383027872446,-11.616972127554007,11.616972127554007,2021-05-08 02:00:00,2021-05-08 06:45:00,285.0,285.0
D2,F1-4-ridge,0,15,2021-05-09,96,1.0,True,184.0,135.74653792379263,-48.25346207620737,48.25346207620737,2021-05-09 09:00:00,2021-05-09 14:15:00,315.0,315.0
D2,F1-4-ridge,0,16,2021-04-19,96,1.0,True,172.0,167.00003717848,-4.9999628215200005,4.9999628215200005,2021-04-19 08:45:00,2021-04-19 13:15:00,270.0,270.0
D2,F1-4-ridge,0,16,2021-04-20,96,1.0,True,172.0,173.21918800639693,1.2191880063969336,1.2191880063969336,2021-04-20 08:45:00,2021-04-20 13:15:00,270.0,270.0
D2,F1-4-ridge,0,16,2021-04-21,96,1.0,True,174.0,172.90878161525325,-1.0912183847467531,1.0912183847467531,2021-04-21 08:30:00,2021-04-21 13:15:00,285.0,285.0
D2,F1-4-ridge,0,16,2021-04-22,96,1.0,True,174.0,168.9878902889699,-5.012109711030092,5.012109711030092,2021-04-22 08:30:00,2021-04-22 13:15:00,285.0,285.0
D2,F1-4-ridge,0,16,2021-04-23,96,1.0,True,174.0,171.91058489250804,-2.089415107491959,2.089415107491959,2021-04-23 08:30:00,2021-04-23 13:15:00,285.0,285.0
D2,F1-4-ridge,0,16,2021-04-24,96,1.0,True,112.0,108.79837992892536,-3.201620071074643,3.201620071074643,2021-04-24 06:15:00,2021-04-24 02:00:00,-255.0,255.0
D2,F1-4-ridge,0,16,2021-04-25,96,1.0,True,25.0,32.03221509837856,7.032215098378558,7.032215098378558,2021-04-25 01:30:00,2021-04-25 14:15:00,765.0,765.0
D2,F1-4-ridge,0,16,2021-05-03,96,1.0,True,184.0,169.2033603353995,-14.796639664600491,14.796639664600491,2021-05-03 08:30:00,2021-05-03 13:30:00,300.0,300.0
D2,F1-4-ridge,0,16,2021-05-04,96,1.0,True,181.0,171.03903341392567,-9.960966586074335,9.960966586074335,2021-05-04 08:30:00,2021-05-04 13:45:00,315.0,315.0
D2,F1-4-ridge,0,16,2021-05-05,96,1.0,True,120.0,166.52288483714716,46.52288483714716,46.52288483714716,2021-05-05 04:15:00,2021-05-05 08:30:00,255.0,255.0
D2,F1-4-ridge,0,16,2021-05-06,96,1.0,True,199.0,173.98169610868695,-25.018303891313053,25.018303891313053,2021-05-06 09:00:00,2021-05-06 13:30:00,270.0,270.0
D2,F1-4-ridge,0,16,2021-05-07,96,1.0,True,181.0,163.03276881732018,-17.967231182679825,17.967231182679825,2021-05-07 09:00:00,2021-05-07 14:00:00,300.0,300.0
D2,F1-4-ridge,0,16,2021-05-08,96,1.0,True,115.0,99.80047529134765,-15.199524708652348,15.199524708652348,2021-05-08 02:00:00,2021-05-08 02:15:00,15.0,15.0
D2,F1-4-ridge,0,16,2021-05-09,96,1.0,True,184.0,136.572446414966,-47.42755358503399,47.42755358503399,2021-05-09 09:00:00,2021-05-09 13:00:00,240.0,240.0
D2,F1-4-ridge,1,4,2021-05-31,95,0.9895833333333334,False,172.0,164.54691352624604,-7.453086473753956,7.453086473753956,2021-05-31 10:30:00,2021-05-31 12:00:00,90.0,90.0
D2,F1-4-ridge,1,4,2021-06-01,1,0.010416666666666666,False,71.0,83.68444592738676,12.684445927386761,12.684445927386761,2021-06-01 00:00:00,2021-06-01 00:00:00,0.0,0.0
D2,F1-4-ridge,1,4,2021-06-20,95,0.9895833333333334,False,28.0,28.488101576645946,0.48810157664594556,0.48810157664594556,2021-06-20 15:15:00,2021-06-20 06:15:00,-540.0,540.0
D2,F1-4-ridge,1,5,2021-05-31,95,0.9895833333333334,False,172.0,165.98772877720714,-6.012271222792862,6.012271222792862,2021-05-31 10:30:00,2021-05-31 12:00:00,90.0,90.0
D2,F1-4-ridge,1,5,2021-06-01,1,0.010416666666666666,False,71.0,85.04001405502315,14.04001405502315,14.04001405502315,2021-06-01 00:00:00,2021-06-01 00:00:00,0.0,0.0
D2,F1-4-ridge,1,5,2021-06-20,95,0.9895833333333334,False,28.0,30.09462657833234,2.0946265783323383,2.0946265783323383,2021-06-20 15:15:00,2021-06-20 06:30:00,-525.0,525.0
D2,F1-4-ridge,1,6,2021-05-31,95,0.9895833333333334,False,172.0,167.02230317453493,-4.977696825465074,4.977696825465074,2021-05-31 10:30:00,2021-05-31 12:00:00,90.0,90.0
D2,F1-4-ridge,1,6,2021-06-01,1,0.010416666666666666,False,71.0,82.82208464514764,11.82208464514764,11.82208464514764,2021-06-01 00:00:00,2021-06-01 00:00:00,0.0,0.0
D2,F1-4-ridge,1,6,2021-06-20,95,0.9895833333333334,False,28.0,31.25681685164971,3.2568168516497096,3.2568168516497096,2021-06-20 15:15:00,2021-06-20 06:30:00,-525.0,525.0
D2,F1-4-ridge,1,7,2021-05-31,95,0.9895833333333334,False,172.0,167.11490991588013,-4.885090084119867,4.885090084119867,2021-05-31 10:30:00,2021-05-31 11:15:00,45.0,45.0
D2,F1-4-ridge,1,7,2021-06-01,1,0.010416666666666666,False,71.0,90.83697017808159,19.836970178081586,19.836970178081586,2021-06-01 00:00:00,2021-06-01 00:00:00,0.0,0.0
D2,F1-4-ridge,1,7,2021-06-20,95,0.9895833333333334,False,28.0,29.829759155942966,1.8297591559429662,1.8297591559429662,2021-06-20 15:15:00,2021-06-20 06:30:00,-525.0,525.0
D2,F1-4-ridge,1,8,2021-05-31,95,0.9895833333333334,False,172.0,165.2993817600431,-6.700618239956896,6.700618239956896,2021-05-31 10:30:00,2021-05-31 12:00:00,90.0,90.0
D2,F1-4-ridge,1,8,2021-06-01,1,0.010416666666666666,False,71.0,90.59090490767781,19.59090490767781,19.59090490767781,2021-06-01 00:00:00,2021-06-01 00:00:00,0.0,0.0
D2,F1-4-ridge,1,8,2021-06-20,95,0.9895833333333334,False,28.0,30.448515428147203,2.4485154281472035,2.4485154281472035,2021-06-20 15:15:00,2021-06-20 06:30:00,-525.0,525.0
D2,F1-4-ridge,1,9,2021-05-31,95,0.9895833333333334,False,172.0,164.34006969200948,-7.659930307990521,7.659930307990521,2021-05-31 10:30:00,2021-05-31 12:00:00,90.0,90.0
D2,F1-4-ridge,1,9,2021-06-01,1,0.010416666666666666,False,71.0,90.91061404631316,19.910614046313157,19.910614046313157,2021-06-01 00:00:00,2021-06-01 00:00:00,0.0,0.0
D2,F1-4-ridge,1,9,2021-06-20,95,0.9895833333333334,False,28.0,31.04625104829664,3.0462510482966394,3.0462510482966394,2021-06-20 15:15:00,2021-06-20 06:30:00,-525.0,525.0
D2,F1-4-ridge,1,10,2021-05-31,95,0.9895833333333334,False,172.0,165.96814903014445,-6.0318509698555545,6.0318509698555545,2021-05-31 10:30:00,2021-05-31 12:00:00,90.0,90.0
D2,F1-4-ridge,1,10,2021-06-01,1,0.010416666666666666,False,71.0,85.99315634958631,14.993156349586314,14.993156349586314,2021-06-01 00:00:00,2021-06-01 00:00:00,0.0,0.0
D2,F1-4-ridge,1,10,2021-06-20,95,0.9895833333333334,False,28.0,32.43390323754804,4.433903237548037,4.433903237548037,2021-06-20 15:15:00,2021-06-20 11:00:00,-255.0,255.0
D2,F1-4-ridge,1,11,2021-05-31,95,0.9895833333333334,False,172.0,161.63854350196107,-10.361456498038933,10.361456498038933,2021-05-31 10:30:00,2021-05-31 12:00:00,90.0,90.0
D2,F1-4-ridge,1,11,2021-06-01,1,0.010416666666666666,False,71.0,80.97516160347068,9.975161603470681,9.975161603470681,2021-06-01 00:00:00,2021-06-01 00:00:00,0.0,0.0
D2,F1-4-ridge,1,11,2021-06-20,95,0.9895833333333334,False,28.0,33.21766364407539,5.217663644075387,5.217663644075387,2021-06-20 15:15:00,2021-06-20 11:15:00,-240.0,240.0
D2,F1-4-ridge,1,12,2021-05-31,95,0.9895833333333334,False,172.0,161.99865022128853,-10.001349778711472,10.001349778711472,2021-05-31 10:30:00,2021-05-31 13:30:00,180.0,180.0
D2,F1-4-ridge,1,12,2021-06-01,1,0.010416666666666666,False,71.0,83.61668517493027,12.616685174930268,12.616685174930268,2021-06-01 00:00:00,2021-06-01 00:00:00,0.0,0.0
D2,F1-4-ridge,1,12,2021-06-20,95,0.9895833333333334,False,28.0,34.53799226450574,6.537992264505739,6.537992264505739,2021-06-20 15:15:00,2021-06-20 11:30:00,-225.0,225.0
D2,F1-4-ridge,1,13,2021-05-31,95,0.9895833333333334,False,172.0,162.55418071606613,-9.445819283933872,9.445819283933872,2021-05-31 10:30:00,2021-05-31 13:45:00,195.0,195.0
D2,F1-4-ridge,1,13,2021-06-01,1,0.010416666666666666,False,71.0,88.94944909727388,17.949449097273884,17.949449097273884,2021-06-01 00:00:00,2021-06-01 00:00:00,0.0,0.0
D2,F1-4-ridge,1,13,2021-06-20,95,0.9895833333333334,False,28.0,35.53940003833653,7.539400038336531,7.539400038336531,2021-06-20 15:15:00,2021-06-20 11:45:00,-210.0,210.0
D2,F1-4-ridge,1,14,2021-05-31,95,0.9895833333333334,False,172.0,158.53970295457302,-13.460297045426984,13.460297045426984,2021-05-31 10:30:00,2021-05-31 14:30:00,240.0,240.0
D2,F1-4-ridge,1,14,2021-06-01,1,0.010416666666666666,False,71.0,92.56345791700835,21.56345791700835,21.56345791700835,2021-06-01 00:00:00,2021-06-01 00:00:00,0.0,0.0
D2,F1-4-ridge,1,14,2021-06-20,95,0.9895833333333334,False,28.0,36.85453482406582,8.854534824065823,8.854534824065823,2021-06-20 15:15:00,2021-06-20 12:15:00,-180.0,180.0
D2,F1-4-ridge,1,15,2021-05-31,95,0.9895833333333334,False,172.0,159.78395732276437,-12.216042677235635,12.216042677235635,2021-05-31 10:30:00,2021-05-31 13:45:00,195.0,195.0
D2,F1-4-ridge,1,15,2021-06-01,1,0.010416666666666666,False,71.0,94.44928498318845,23.44928498318845,23.44928498318845,2021-06-01 00:00:00,2021-06-01 00:00:00,0.0,0.0
D2,F1-4-ridge,1,15,2021-06-20,95,0.9895833333333334,False,28.0,39.0258311559834,11.025831155983397,11.025831155983397,2021-06-20 15:15:00,2021-06-20 13:00:00,-135.0,135.0
D2,F1-4-ridge,1,16,2021-05-31,95,0.9895833333333334,False,172.0,161.8279757817789,-10.172024218221111,10.172024218221111,2021-05-31 10:30:00,2021-05-31 13:30:00,180.0,180.0
D2,F1-4-ridge,1,16,2021-06-01,1,0.010416666666666666,False,71.0,95.31769522115144,24.31769522115144,24.31769522115144,2021-06-01 00:00:00,2021-06-01 00:00:00,0.0,0.0
D2,F1-4-ridge,1,16,2021-06-20,95,0.9895833333333334,False,28.0,40.52284565524631,12.522845655246307,12.522845655246307,2021-06-20 15:15:00,2021-06-20 13:00:00,-135.0,135.0
D2,F1-4-ridge,2,4,2021-07-12,96,1.0,True,198.0,188.49887550437023,-9.501124495629767,9.501124495629767,2021-07-12 08:45:00,2021-07-12 11:00:00,135.0,135.0
D2,F1-4-ridge,2,4,2021-07-13,1,0.010416666666666666,False,79.0,93.11925775353066,14.119257753530661,14.119257753530661,2021-07-13 00:00:00,2021-07-13 00:00:00,0.0,0.0
D2,F1-4-ridge,2,4,2021-07-17,80,0.8333333333333334,False,108.0,104.1987493903483,-3.801250609651703,3.801250609651703,2021-07-17 06:00:00,2021-07-17 07:00:00,60.0,60.0
D2,F1-4-ridge,2,4,2021-07-18,84,0.875,False,28.0,29.319414230134548,1.319414230134548,1.319414230134548,2021-07-18 04:30:00,2021-07-18 08:45:00,255.0,255.0
D2,F1-4-ridge,2,4,2021-07-26,84,0.875,False,217.0,208.62956303818564,-8.370436961814363,8.370436961814363,2021-07-26 08:30:00,2021-07-26 11:30:00,180.0,180.0
D2,F1-4-ridge,2,4,2021-07-27,84,0.875,False,211.0,200.29999423598628,-10.700005764013724,10.700005764013724,2021-07-27 11:45:00,2021-07-27 09:30:00,-135.0,135.0
D2,F1-4-ridge,2,4,2021-07-28,84,0.875,False,212.0,212.58612121626098,0.5861212162609775,0.5861212162609775,2021-07-28 12:00:00,2021-07-28 12:00:00,0.0,0.0
D2,F1-4-ridge,2,4,2021-07-29,84,0.875,False,211.0,200.85516135050017,-10.144838649499832,10.144838649499832,2021-07-29 12:00:00,2021-07-29 14:45:00,165.0,165.0
D2,F1-4-ridge,2,4,2021-07-30,85,0.8854166666666666,False,212.0,201.07593836259935,-10.924061637400655,10.924061637400655,2021-07-30 12:00:00,2021-07-30 11:45:00,-15.0,15.0
D2,F1-4-ridge,2,4,2021-07-31,96,1.0,True,80.0,100.03598676462795,20.03598676462795,20.03598676462795,2021-07-31 00:00:00,2021-07-31 00:00:00,0.0,0.0
D2,F1-4-ridge,2,4,2021-08-01,96,1.0,True,28.0,26.937816389906203,-1.062183610093797,1.062183610093797,2021-08-01 09:00:00,2021-08-01 10:00:00,60.0,60.0
D2,F1-4-ridge,2,4,2021-08-09,1,0.010416666666666666,False,21.0,21.69399478288821,0.6939947828882111,0.6939947828882111,2021-08-09 00:00:00,2021-08-09 00:00:00,0.0,0.0
D2,F1-4-ridge,2,5,2021-07-12,96,1.0,True,198.0,189.86856790444295,-8.131432095557045,8.131432095557045,2021-07-12 08:45:00,2021-07-12 11:15:00,150.0,150.0
D2,F1-4-ridge,2,5,2021-07-13,1,0.010416666666666666,False,79.0,102.20755452734541,23.20755452734541,23.20755452734541,2021-07-13 00:00:00,2021-07-13 00:00:00,0.0,0.0
D2,F1-4-ridge,2,5,2021-07-17,79,0.8229166666666666,False,108.0,110.13783747728122,2.1378374772812236,2.1378374772812236,2021-07-17 06:00:00,2021-07-17 07:15:00,75.0,75.0
D2,F1-4-ridge,2,5,2021-07-18,84,0.875,False,28.0,29.396717074274868,1.3967170742748678,1.3967170742748678,2021-07-18 04:30:00,2021-07-18 09:00:00,270.0,270.0
D2,F1-4-ridge,2,5,2021-07-26,84,0.875,False,217.0,199.96329381464423,-17.03670618535577,17.03670618535577,2021-07-26 08:30:00,2021-07-26 11:45:00,195.0,195.0
D2,F1-4-ridge,2,5,2021-07-27,84,0.875,False,211.0,199.4489968185277,-11.55100318147231,11.55100318147231,2021-07-27 11:45:00,2021-07-27 11:00:00,-45.0,45.0
D2,F1-4-ridge,2,5,2021-07-28,84,0.875,False,212.0,204.70329144144327,-7.29670855855673,7.29670855855673,2021-07-28 12:00:00,2021-07-28 12:00:00,0.0,0.0
D2,F1-4-ridge,2,5,2021-07-29,84,0.875,False,211.0,199.75586846097727,-11.244131539022732,11.244131539022732,2021-07-29 12:00:00,2021-07-29 15:00:00,180.0,180.0
D2,F1-4-ridge,2,5,2021-07-30,85,0.8854166666666666,False,212.0,199.81404818052746,-12.185951819472535,12.185951819472535,2021-07-30 12:00:00,2021-07-30 11:45:00,-15.0,15.0
D2,F1-4-ridge,2,5,2021-07-31,96,1.0,True,80.0,90.48602362693399,10.486023626933985,10.486023626933985,2021-07-31 00:00:00,2021-07-31 00:00:00,0.0,0.0
D2,F1-4-ridge,2,5,2021-08-01,96,1.0,True,28.0,28.105953006133902,0.1059530061339018,0.1059530061339018,2021-08-01 09:00:00,2021-08-01 10:15:00,75.0,75.0
D2,F1-4-ridge,2,5,2021-08-09,1,0.010416666666666666,False,21.0,23.807027736440276,2.8070277364402756,2.8070277364402756,2021-08-09 00:00:00,2021-08-09 00:00:00,0.0,0.0
D2,F1-4-ridge,2,6,2021-07-12,96,1.0,True,198.0,189.6506962725639,-8.349303727436109,8.349303727436109,2021-07-12 08:45:00,2021-07-12 11:00:00,135.0,135.0
D2,F1-4-ridge,2,6,2021-07-13,1,0.010416666666666666,False,79.0,101.0874085646357,22.087408564635695,22.087408564635695,2021-07-13 00:00:00,2021-07-13 00:00:00,0.0,0.0
D2,F1-4-ridge,2,6,2021-07-17,78,0.8125,False,108.0,101.5575121604094,-6.442487839590598,6.442487839590598,2021-07-17 06:00:00,2021-07-17 07:15:00,75.0,75.0
D2,F1-4-ridge,2,6,2021-07-18,84,0.875,False,28.0,30.423270613188215,2.4232706131882153,2.4232706131882153,2021-07-18 01:15:00,2021-07-18 09:15:00,480.0,480.0
D2,F1-4-ridge,2,6,2021-07-26,84,0.875,False,217.0,205.4189278235498,-11.581072176450192,11.581072176450192,2021-07-26 08:30:00,2021-07-26 11:30:00,180.0,180.0
D2,F1-4-ridge,2,6,2021-07-27,84,0.875,False,211.0,201.4700385631238,-9.529961436876192,9.529961436876192,2021-07-27 11:45:00,2021-07-27 10:00:00,-105.0,105.0
D2,F1-4-ridge,2,6,2021-07-28,84,0.875,False,212.0,200.1916437291158,-11.80835627088419,11.80835627088419,2021-07-28 12:00:00,2021-07-28 09:45:00,-135.0,135.0
D2,F1-4-ridge,2,6,2021-07-29,84,0.875,False,211.0,191.63568218171696,-19.36431781828304,19.36431781828304,2021-07-29 12:00:00,2021-07-29 15:00:00,180.0,180.0
D2,F1-4-ridge,2,6,2021-07-30,85,0.8854166666666666,False,212.0,200.20139182604197,-11.79860817395803,11.79860817395803,2021-07-30 12:00:00,2021-07-30 13:30:00,90.0,90.0
D2,F1-4-ridge,2,6,2021-07-31,96,1.0,True,80.0,93.10703027595218,13.107030275952184,13.107030275952184,2021-07-31 00:00:00,2021-07-31 00:00:00,0.0,0.0
D2,F1-4-ridge,2,6,2021-08-01,96,1.0,True,28.0,28.44633519924072,0.4463351992407212,0.4463351992407212,2021-08-01 09:00:00,2021-08-01 10:30:00,90.0,90.0
D2,F1-4-ridge,2,6,2021-08-09,1,0.010416666666666666,False,21.0,24.652064746829993,3.6520647468299927,3.6520647468299927,2021-08-09 00:00:00,2021-08-09 00:00:00,0.0,0.0
D2,F1-4-ridge,2,7,2021-07-12,96,1.0,True,198.0,190.89403747285616,-7.105962527143845,7.105962527143845,2021-07-12 08:45:00,2021-07-12 11:15:00,150.0,150.0
D2,F1-4-ridge,2,7,2021-07-13,1,0.010416666666666666,False,79.0,97.5011696968522,18.5011696968522,18.5011696968522,2021-07-13 00:00:00,2021-07-13 00:00:00,0.0,0.0
D2,F1-4-ridge,2,7,2021-07-17,77,0.8020833333333334,False,108.0,101.0214345097625,-6.9785654902375,6.9785654902375,2021-07-17 06:00:00,2021-07-17 06:45:00,45.0,45.0
D2,F1-4-ridge,2,7,2021-07-18,84,0.875,False,28.0,31.36750090028869,3.3675009002886895,3.3675009002886895,2021-07-18 01:15:00,2021-07-18 09:30:00,495.0,495.0
D2,F1-4-ridge,2,7,2021-07-26,84,0.875,False,217.0,205.23298678824102,-11.767013211758979,11.767013211758979,2021-07-26 08:30:00,2021-07-26 11:30:00,180.0,180.0
D2,F1-4-ridge,2,7,2021-07-27,84,0.875,False,211.0,195.12942183775232,-15.870578162247682,15.870578162247682,2021-07-27 11:45:00,2021-07-27 11:30:00,-15.0,15.0
D2,F1-4-ridge,2,7,2021-07-28,84,0.875,False,212.0,205.19213441701513,-6.807865582984874,6.807865582984874,2021-07-28 12:00:00,2021-07-28 10:00:00,-120.0,120.0
D2,F1-4-ridge,2,7,2021-07-29,84,0.875,False,211.0,194.72164906934324,-16.278350930656757,16.278350930656757,2021-07-29 12:00:00,2021-07-29 12:00:00,0.0,0.0
D2,F1-4-ridge,2,7,2021-07-30,85,0.8854166666666666,False,212.0,201.61999767642467,-10.380002323575326,10.380002323575326,2021-07-30 12:00:00,2021-07-30 11:45:00,-15.0,15.0
D2,F1-4-ridge,2,7,2021-07-31,96,1.0,True,80.0,92.73767214480608,12.737672144806083,12.737672144806083,2021-07-31 00:00:00,2021-07-31 01:15:00,75.0,75.0
D2,F1-4-ridge,2,7,2021-08-01,96,1.0,True,28.0,29.93697430566769,1.9369743056676896,1.9369743056676896,2021-08-01 09:00:00,2021-08-01 10:45:00,105.0,105.0
D2,F1-4-ridge,2,7,2021-08-09,1,0.010416666666666666,False,21.0,25.679926631856503,4.679926631856503,4.679926631856503,2021-08-09 00:00:00,2021-08-09 00:00:00,0.0,0.0
D2,F1-4-ridge,2,8,2021-07-12,96,1.0,True,198.0,190.02491835178284,-7.975081648217156,7.975081648217156,2021-07-12 08:45:00,2021-07-12 11:15:00,150.0,150.0
D2,F1-4-ridge,2,8,2021-07-13,1,0.010416666666666666,False,79.0,91.38590675710239,12.38590675710239,12.38590675710239,2021-07-13 00:00:00,2021-07-13 00:00:00,0.0,0.0
D2,F1-4-ridge,2,8,2021-07-17,76,0.7916666666666666,False,108.0,97.2550473839904,-10.744952616009599,10.744952616009599,2021-07-17 06:00:00,2021-07-17 06:45:00,45.0,45.0
D2,F1-4-ridge,2,8,2021-07-18,84,0.875,False,28.0,32.27797326351138,4.277973263511377,4.277973263511377,2021-07-18 01:15:00,2021-07-18 09:45:00,510.0,510.0
D2,F1-4-ridge,2,8,2021-07-26,84,0.875,False,217.0,208.1051287697985,-8.894871230201488,8.894871230201488,2021-07-26 08:30:00,2021-07-26 11:30:00,180.0,180.0
D2,F1-4-ridge,2,8,2021-07-27,84,0.875,False,211.0,199.05010043841926,-11.949899561580736,11.949899561580736,2021-07-27 11:45:00,2021-07-27 10:30:00,-75.0,75.0
D2,F1-4-ridge,2,8,2021-07-28,84,0.875,False,212.0,202.6440381024929,-9.355961897507086,9.355961897507086,2021-07-28 12:00:00,2021-07-28 10:00:00,-120.0,120.0
D2,F1-4-ridge,2,8,2021-07-29,84,0.875,False,211.0,193.6816689729734,-17.318331027026602,17.318331027026602,2021-07-29 12:00:00,2021-07-29 11:45:00,-15.0,15.0
D2,F1-4-ridge,2,8,2021-07-30,85,0.8854166666666666,False,212.0,201.23855291530543,-10.761447084694566,10.761447084694566,2021-07-30 12:00:00,2021-07-30 13:30:00,90.0,90.0
D2,F1-4-ridge,2,8,2021-07-31,96,1.0,True,80.0,98.47557594937007,18.475575949370068,18.475575949370068,2021-07-31 00:00:00,2021-07-31 01:15:00,75.0,75.0
D2,F1-4-ridge,2,8,2021-08-01,96,1.0,True,28.0,30.873576509050224,2.873576509050224,2.873576509050224,2021-08-01 09:00:00,2021-08-01 11:00:00,120.0,120.0
D2,F1-4-ridge,2,8,2021-08-09,1,0.010416666666666666,False,21.0,27.8433615123582,6.8433615123582,6.8433615123582,2021-08-09 00:00:00,2021-08-09 00:00:00,0.0,0.0
D2,F1-4-ridge,2,9,2021-07-12,96,1.0,True,198.0,189.6870225944722,-8.31297740552779,8.31297740552779,2021-07-12 08:45:00,2021-07-12 11:15:00,150.0,150.0
D2,F1-4-ridge,2,9,2021-07-13,1,0.010416666666666666,False,79.0,96.03956544336275,17.039565443362747,17.039565443362747,2021-07-13 00:00:00,2021-07-13 00:00:00,0.0,0.0
D2,F1-4-ridge,2,9,2021-07-17,75,0.78125,False,108.0,101.576429827168,-6.423570172832001,6.423570172832001,2021-07-17 06:00:00,2021-07-17 07:15:00,75.0,75.0
D2,F1-4-ridge,2,9,2021-07-18,84,0.875,False,28.0,33.600428299864156,5.600428299864156,5.600428299864156,2021-07-18 01:15:00,2021-07-18 10:00:00,525.0,525.0
D2,F1-4-ridge,2,9,2021-07-26,84,0.875,False,217.0,209.28369956767904,-7.716300432320963,7.716300432320963,2021-07-26 08:30:00,2021-07-26 10:45:00,135.0,135.0
D2,F1-4-ridge,2,9,2021-07-27,84,0.875,False,211.0,202.21467370474403,-8.78532629525597,8.78532629525597,2021-07-27 11:45:00,2021-07-27 10:45:00,-60.0,60.0
D2,F1-4-ridge,2,9,2021-07-28,84,0.875,False,212.0,204.16872174466172,-7.831278255338276,7.831278255338276,2021-07-28 12:00:00,2021-07-28 10:00:00,-120.0,120.0
D2,F1-4-ridge,2,9,2021-07-29,84,0.875,False,211.0,194.67142863488385,-16.328571365116147,16.328571365116147,2021-07-29 12:00:00,2021-07-29 12:00:00,0.0,0.0
D2,F1-4-ridge,2,9,2021-07-30,85,0.8854166666666666,False,212.0,200.7595143700836,-11.240485629916407,11.240485629916407,2021-07-30 12:00:00,2021-07-30 16:00:00,240.0,240.0
D2,F1-4-ridge,2,9,2021-07-31,96,1.0,True,80.0,97.63120948027263,17.63120948027263,17.63120948027263,2021-07-31 00:00:00,2021-07-31 01:30:00,90.0,90.0
D2,F1-4-ridge,2,9,2021-08-01,96,1.0,True,28.0,31.7211916978734,3.721191697873401,3.721191697873401,2021-08-01 09:00:00,2021-08-01 11:15:00,135.0,135.0
D2,F1-4-ridge,2,9,2021-08-09,1,0.010416666666666666,False,21.0,25.934395525371073,4.934395525371073,4.934395525371073,2021-08-09 00:00:00,2021-08-09 00:00:00,0.0,0.0
D2,F1-4-ridge,2,10,2021-07-12,96,1.0,True,198.0,192.51307639138068,-5.486923608619321,5.486923608619321,2021-07-12 08:45:00,2021-07-12 11:00:00,135.0,135.0
D2,F1-4-ridge,2,10,2021-07-13,1,0.010416666666666666,False,79.0,96.59019067114902,17.590190671149017,17.590190671149017,2021-07-13 00:00:00,2021-07-13 00:00:00,0.0,0.0
D2,F1-4-ridge,2,10,2021-07-17,74,0.7708333333333334,False,108.0,97.41778855050504,-10.582211449494963,10.582211449494963,2021-07-17 06:00:00,2021-07-17 07:15:00,75.0,75.0
D2,F1-4-ridge,2,10,2021-07-18,84,0.875,False,28.0,35.42626635109064,7.426266351090639,7.426266351090639,2021-07-18 01:15:00,2021-07-18 10:15:00,540.0,540.0
D2,F1-4-ridge,2,10,2021-07-26,84,0.875,False,217.0,207.85996811605338,-9.14003188394662,9.14003188394662,2021-07-26 08:30:00,2021-07-26 11:30:00,180.0,180.0
D2,F1-4-ridge,2,10,2021-07-27,84,0.875,False,211.0,202.79324485899883,-8.206755141001167,8.206755141001167,2021-07-27 11:45:00,2021-07-27 11:00:00,-45.0,45.0
D2,F1-4-ridge,2,10,2021-07-28,84,0.875,False,212.0,200.35644032116883,-11.643559678831167,11.643559678831167,2021-07-28 12:00:00,2021-07-28 14:00:00,120.0,120.0
D2,F1-4-ridge,2,10,2021-07-29,84,0.875,False,211.0,190.2214624519263,-20.7785375480737,20.7785375480737,2021-07-29 12:00:00,2021-07-29 11:30:00,-30.0,30.0
D2,F1-4-ridge,2,10,2021-07-30,85,0.8854166666666666,False,212.0,197.34850207803237,-14.651497921967632,14.651497921967632,2021-07-30 12:00:00,2021-07-30 11:45:00,-15.0,15.0
D2,F1-4-ridge,2,10,2021-07-31,96,1.0,True,80.0,102.59320813062747,22.593208130627474,22.593208130627474,2021-07-31 00:00:00,2021-07-31 01:45:00,105.0,105.0
D2,F1-4-ridge,2,10,2021-08-01,96,1.0,True,28.0,32.78823846176437,4.788238461764372,4.788238461764372,2021-08-01 09:00:00,2021-08-01 11:30:00,150.0,150.0
D2,F1-4-ridge,2,10,2021-08-09,1,0.010416666666666666,False,21.0,26.887418779201866,5.887418779201866,5.887418779201866,2021-08-09 00:00:00,2021-08-09 00:00:00,0.0,0.0
D2,F1-4-ridge,2,11,2021-07-12,96,1.0,True,198.0,194.1557209797043,-3.844279020295687,3.844279020295687,2021-07-12 08:45:00,2021-07-12 11:15:00,150.0,150.0
D2,F1-4-ridge,2,11,2021-07-13,1,0.010416666666666666,False,79.0,87.82783101994707,8.82783101994707,8.82783101994707,2021-07-13 00:00:00,2021-07-13 00:00:00,0.0,0.0
D2,F1-4-ridge,2,11,2021-07-17,73,0.7604166666666666,False,108.0,96.04507509135671,-11.954924908643292,11.954924908643292,2021-07-17 06:00:00,2021-07-17 06:45:00,45.0,45.0
D2,F1-4-ridge,2,11,2021-07-18,84,0.875,False,28.0,36.46523363331958,8.465233633319578,8.465233633319578,2021-07-18 01:15:00,2021-07-18 11:45:00,630.0,630.0
D2,F1-4-ridge,2,11,2021-07-26,84,0.875,False,217.0,213.4889261788736,-3.511073821126388,3.511073821126388,2021-07-26 08:30:00,2021-07-26 11:30:00,180.0,180.0
D2,F1-4-ridge,2,11,2021-07-27,84,0.875,False,211.0,200.0513767392175,-10.948623260782512,10.948623260782512,2021-07-27 11:45:00,2021-07-27 11:15:00,-30.0,30.0
D2,F1-4-ridge,2,11,2021-07-28,84,0.875,False,212.0,201.4765810521674,-10.523418947832596,10.523418947832596,2021-07-28 12:00:00,2021-07-28 13:45:00,105.0,105.0
D2,F1-4-ridge,2,11,2021-07-29,84,0.875,False,211.0,190.6692077816329,-20.330792218367094,20.330792218367094,2021-07-29 12:00:00,2021-07-29 12:00:00,0.0,0.0
D2,F1-4-ridge,2,11,2021-07-30,85,0.8854166666666666,False,212.0,197.08026345629253,-14.919736543707472,14.919736543707472,2021-07-30 12:00:00,2021-07-30 11:45:00,-15.0,15.0
D2,F1-4-ridge,2,11,2021-07-31,96,1.0,True,80.0,100.53716656833409,20.537166568334086,20.537166568334086,2021-07-31 00:00:00,2021-07-31 02:00:00,120.0,120.0
D2,F1-4-ridge,2,11,2021-08-01,96,1.0,True,28.0,34.72227295848044,6.722272958480438,6.722272958480438,2021-08-01 09:00:00,2021-08-01 11:45:00,165.0,165.0
D2,F1-4-ridge,2,11,2021-08-09,1,0.010416666666666666,False,21.0,28.387735128597072,7.387735128597072,7.387735128597072,2021-08-09 00:00:00,2021-08-09 00:00:00,0.0,0.0
D2,F1-4-ridge,2,12,2021-07-12,96,1.0,True,198.0,184.8195163247356,-13.180483675264412,13.180483675264412,2021-07-12 08:45:00,2021-07-12 11:30:00,165.0,165.0
D2,F1-4-ridge,2,12,2021-07-13,1,0.010416666666666666,False,79.0,89.1045495078452,10.104549507845206,10.104549507845206,2021-07-13 00:00:00,2021-07-13 00:00:00,0.0,0.0
D2,F1-4-ridge,2,12,2021-07-17,72,0.75,False,108.0,95.68205861715604,-12.317941382843955,12.317941382843955,2021-07-17 06:00:00,2021-07-17 06:45:00,45.0,45.0
D2,F1-4-ridge,2,12,2021-07-18,84,0.875,False,28.0,38.260907997471634,10.260907997471634,10.260907997471634,2021-07-18 01:15:00,2021-07-18 10:45:00,570.0,570.0
D2,F1-4-ridge,2,12,2021-07-26,84,0.875,False,217.0,220.63506856093647,3.6350685609364746,3.6350685609364746,2021-07-26 08:30:00,2021-07-26 11:30:00,180.0,180.0
D2,F1-4-ridge,2,12,2021-07-27,84,0.875,False,211.0,198.48457494018544,-12.51542505981456,12.51542505981456,2021-07-27 11:45:00,2021-07-27 11:30:00,-15.0,15.0
D2,F1-4-ridge,2,12,2021-07-28,84,0.875,False,212.0,208.62974339961033,-3.3702566003896663,3.3702566003896663,2021-07-28 12:00:00,2021-07-28 14:00:00,120.0,120.0
D2,F1-4-ridge,2,12,2021-07-29,84,0.875,False,211.0,190.86768329076023,-20.132316709239774,20.132316709239774,2021-07-29 12:00:00,2021-07-29 12:00:00,0.0,0.0
D2,F1-4-ridge,2,12,2021-07-30,85,0.8854166666666666,False,212.0,194.1248419695537,-17.8751580304463,17.8751580304463,2021-07-30 12:00:00,2021-07-30 14:00:00,120.0,120.0
D2,F1-4-ridge,2,12,2021-07-31,96,1.0,True,80.0,100.09341871073471,20.09341871073471,20.09341871073471,2021-07-31 00:00:00,2021-07-31 02:15:00,135.0,135.0
D2,F1-4-ridge,2,12,2021-08-01,96,1.0,True,28.0,36.035125815846186,8.035125815846186,8.035125815846186,2021-08-01 09:00:00,2021-08-01 12:00:00,180.0,180.0
D2,F1-4-ridge,2,12,2021-08-09,1,0.010416666666666666,False,21.0,30.193883007592348,9.193883007592348,9.193883007592348,2021-08-09 00:00:00,2021-08-09 00:00:00,0.0,0.0
D2,F1-4-ridge,2,13,2021-07-12,96,1.0,True,198.0,181.86710460711123,-16.13289539288877,16.13289539288877,2021-07-12 08:45:00,2021-07-12 11:45:00,180.0,180.0
D2,F1-4-ridge,2,13,2021-07-13,1,0.010416666666666666,False,79.0,97.29869987405938,18.29869987405938,18.29869987405938,2021-07-13 00:00:00,2021-07-13 00:00:00,0.0,0.0
D2,F1-4-ridge,2,13,2021-07-17,71,0.7395833333333334,False,96.0,96.41533092822306,0.4153309282230566,0.4153309282230566,2021-07-17 06:15:00,2021-07-17 07:15:00,60.0,60.0
D2,F1-4-ridge,2,13,2021-07-18,84,0.875,False,28.0,38.92536030522911,10.925360305229113,10.925360305229113,2021-07-18 01:15:00,2021-07-18 11:00:00,585.0,585.0
D2,F1-4-ridge,2,13,2021-07-26,84,0.875,False,217.0,208.8736268798471,-8.126373120152891,8.126373120152891,2021-07-26 08:30:00,2021-07-26 11:45:00,195.0,195.0
D2,F1-4-ridge,2,13,2021-07-27,84,0.875,False,211.0,196.79041884150814,-14.209581158491858,14.209581158491858,2021-07-27 11:45:00,2021-07-27 14:00:00,135.0,135.0
D2,F1-4-ridge,2,13,2021-07-28,84,0.875,False,212.0,204.10609223188806,-7.893907768111944,7.893907768111944,2021-07-28 12:00:00,2021-07-28 14:15:00,135.0,135.0
D2,F1-4-ridge,2,13,2021-07-29,84,0.875,False,211.0,190.12145013668191,-20.878549863318085,20.878549863318085,2021-07-29 12:00:00,2021-07-29 12:00:00,0.0,0.0
D2,F1-4-ridge,2,13,2021-07-30,85,0.8854166666666666,False,212.0,198.12006821061425,-13.87993178938575,13.87993178938575,2021-07-30 12:00:00,2021-07-30 16:00:00,240.0,240.0
D2,F1-4-ridge,2,13,2021-07-31,96,1.0,True,80.0,97.83054085150138,17.830540851501382,17.830540851501382,2021-07-31 00:00:00,2021-07-31 02:30:00,150.0,150.0
D2,F1-4-ridge,2,13,2021-08-01,96,1.0,True,28.0,38.47746280199147,10.477462801991472,10.477462801991472,2021-08-01 09:00:00,2021-08-01 12:15:00,195.0,195.0
D2,F1-4-ridge,2,13,2021-08-09,1,0.010416666666666666,False,21.0,30.843099817739457,9.843099817739457,9.843099817739457,2021-08-09 00:00:00,2021-08-09 00:00:00,0.0,0.0
D2,F1-4-ridge,2,14,2021-07-12,96,1.0,True,198.0,180.6144549476604,-17.38554505233961,17.38554505233961,2021-07-12 08:45:00,2021-07-12 16:00:00,435.0,435.0
D2,F1-4-ridge,2,14,2021-07-13,1,0.010416666666666666,False,79.0,102.25674814719073,23.256748147190734,23.256748147190734,2021-07-13 00:00:00,2021-07-13 00:00:00,0.0,0.0
D2,F1-4-ridge,2,14,2021-07-17,70,0.7291666666666666,False,88.0,96.36440915414178,8.364409154141782,8.364409154141782,2021-07-17 07:15:00,2021-07-17 07:15:00,0.0,0.0
D2,F1-4-ridge,2,14,2021-07-18,84,0.875,False,28.0,40.97693234112059,12.976932341120587,12.976932341120587,2021-07-18 01:15:00,2021-07-18 11:30:00,615.0,615.0
D2,F1-4-ridge,2,14,2021-07-26,84,0.875,False,217.0,189.25185744132045,-27.748142558679547,27.748142558679547,2021-07-26 08:30:00,2021-07-26 11:30:00,180.0,180.0
D2,F1-4-ridge,2,14,2021-07-27,84,0.875,False,211.0,195.77192445557924,-15.228075544420761,15.228075544420761,2021-07-27 11:45:00,2021-07-27 14:15:00,150.0,150.0
D2,F1-4-ridge,2,14,2021-07-28,84,0.875,False,212.0,208.26747930324,-3.732520696759991,3.732520696759991,2021-07-28 12:00:00,2021-07-28 14:30:00,150.0,150.0
D2,F1-4-ridge,2,14,2021-07-29,84,0.875,False,211.0,188.86420789085415,-22.135792109145854,22.135792109145854,2021-07-29 12:00:00,2021-07-29 15:00:00,180.0,180.0
D2,F1-4-ridge,2,14,2021-07-30,84,0.875,False,212.0,197.7722725992048,-14.227727400795203,14.227727400795203,2021-07-30 12:00:00,2021-07-30 16:00:00,240.0,240.0
D2,F1-4-ridge,2,14,2021-07-31,96,1.0,True,80.0,95.93676179146833,15.936761791468328,15.936761791468328,2021-07-31 00:00:00,2021-07-31 02:30:00,150.0,150.0
D2,F1-4-ridge,2,14,2021-08-01,96,1.0,True,28.0,39.16820112376063,11.168201123760632,11.168201123760632,2021-08-01 09:00:00,2021-08-01 12:30:00,210.0,210.0
D2,F1-4-ridge,2,14,2021-08-09,1,0.010416666666666666,False,21.0,32.60749353244565,11.607493532445652,11.607493532445652,2021-08-09 00:00:00,2021-08-09 00:00:00,0.0,0.0
D2,F1-4-ridge,2,15,2021-07-12,96,1.0,True,198.0,186.28857858589737,-11.711421414102631,11.711421414102631,2021-07-12 08:45:00,2021-07-12 13:45:00,300.0,300.0
D2,F1-4-ridge,2,15,2021-07-13,1,0.010416666666666666,False,79.0,98.56109281924387,19.561092819243868,19.561092819243868,2021-07-13 00:00:00,2021-07-13 00:00:00,0.0,0.0
D2,F1-4-ridge,2,15,2021-07-17,69,0.71875,False,88.0,96.86185074816237,8.861850748162368,8.861850748162368,2021-07-17 07:15:00,2021-07-17 06:45:00,-30.0,30.0
D2,F1-4-ridge,2,15,2021-07-18,84,0.875,False,28.0,44.3220589096434,16.322058909643403,16.322058909643403,2021-07-18 01:15:00,2021-07-18 11:30:00,615.0,615.0
D2,F1-4-ridge,2,15,2021-07-26,84,0.875,False,217.0,187.62575796278406,-29.374242037215936,29.374242037215936,2021-07-26 08:30:00,2021-07-26 13:45:00,315.0,315.0
D2,F1-4-ridge,2,15,2021-07-27,84,0.875,False,211.0,191.72802466634693,-19.271975333653074,19.271975333653074,2021-07-27 11:45:00,2021-07-27 14:30:00,165.0,165.0
D2,F1-4-ridge,2,15,2021-07-28,84,0.875,False,212.0,207.19792236028198,-4.802077639718021,4.802077639718021,2021-07-28 12:00:00,2021-07-28 14:45:00,165.0,165.0
D2,F1-4-ridge,2,15,2021-07-29,84,0.875,False,211.0,192.75100943319018,-18.248990566809823,18.248990566809823,2021-07-29 12:00:00,2021-07-29 15:00:00,180.0,180.0
D2,F1-4-ridge,2,15,2021-07-30,84,0.875,False,212.0,201.81865606401797,-10.181343935982028,10.181343935982028,2021-07-30 12:00:00,2021-07-30 16:00:00,240.0,240.0
D2,F1-4-ridge,2,15,2021-07-31,96,1.0,True,80.0,94.06360616432286,14.063606164322863,14.063606164322863,2021-07-31 00:00:00,2021-07-31 02:45:00,165.0,165.0
D2,F1-4-ridge,2,15,2021-08-01,96,1.0,True,28.0,42.34219589558501,14.342195895585007,14.342195895585007,2021-08-01 09:00:00,2021-08-01 12:45:00,225.0,225.0
D2,F1-4-ridge,2,15,2021-08-09,1,0.010416666666666666,False,21.0,31.42052677921687,10.420526779216871,10.420526779216871,2021-08-09 00:00:00,2021-08-09 00:00:00,0.0,0.0
D2,F1-4-ridge,2,16,2021-07-12,96,1.0,True,198.0,190.7003095621534,-7.299690437846607,7.299690437846607,2021-07-12 08:45:00,2021-07-12 14:00:00,315.0,315.0
D2,F1-4-ridge,2,16,2021-07-13,1,0.010416666666666666,False,79.0,97.92034723282705,18.920347232827055,18.920347232827055,2021-07-13 00:00:00,2021-07-13 00:00:00,0.0,0.0
D2,F1-4-ridge,2,16,2021-07-17,68,0.7083333333333334,False,88.0,98.04467186904758,10.044671869047576,10.044671869047576,2021-07-17 07:15:00,2021-07-17 07:15:00,0.0,0.0
D2,F1-4-ridge,2,16,2021-07-18,84,0.875,False,28.0,46.72918634284691,18.72918634284691,18.72918634284691,2021-07-18 01:15:00,2021-07-18 11:45:00,630.0,630.0
D2,F1-4-ridge,2,16,2021-07-26,84,0.875,False,217.0,188.76547730293953,-28.23452269706047,28.23452269706047,2021-07-26 08:30:00,2021-07-26 16:00:00,450.0,450.0
D2,F1-4-ridge,2,16,2021-07-27,84,0.875,False,211.0,200.24913911325086,-10.750860886749138,10.750860886749138,2021-07-27 11:45:00,2021-07-27 16:00:00,255.0,255.0
D2,F1-4-ridge,2,16,2021-07-28,84,0.875,False,212.0,201.1698729129999,-10.830127087000108,10.830127087000108,2021-07-28 12:00:00,2021-07-28 15:00:00,180.0,180.0
D2,F1-4-ridge,2,16,2021-07-29,84,0.875,False,211.0,190.8767051816803,-20.123294818319692,20.123294818319692,2021-07-29 12:00:00,2021-07-29 15:00:00,180.0,180.0
D2,F1-4-ridge,2,16,2021-07-30,84,0.875,False,212.0,203.57177813845254,-8.428221861547456,8.428221861547456,2021-07-30 12:00:00,2021-07-30 16:00:00,240.0,240.0
D2,F1-4-ridge,2,16,2021-07-31,96,1.0,True,80.0,98.4526035464133,18.4526035464133,18.4526035464133,2021-07-31 00:00:00,2021-07-31 00:00:00,0.0,0.0
D2,F1-4-ridge,2,16,2021-08-01,96,1.0,True,28.0,42.134508399746345,14.134508399746345,14.134508399746345,2021-08-01 09:00:00,2021-08-01 13:00:00,240.0,240.0
D2,F1-4-ridge,2,16,2021-08-09,1,0.010416666666666666,False,21.0,34.413466762587355,13.413466762587355,13.413466762587355,2021-08-09 00:00:00,2021-08-09 00:00:00,0.0,0.0
