dataset,model,fold,horizon,target_day,observed_slots,slot_coverage,full_day,actual_daily_max,predicted_daily_max,daily_max_error,daily_max_abs_error,actual_peak_time,predicted_peak_time,timing_error_minutes,timing_abs_error_minutes
D1,F1-11-top40,0,4,2021-04-19,96,1.0,True,172.0,191.37535419212227,19.375354192122273,19.375354192122273,2021-04-19 08:45:00,2021-04-19 09:00:00,15.0,15.0
D1,F1-11-top40,0,4,2021-04-20,96,1.0,True,172.0,189.1251400883557,17.125140088355693,17.125140088355693,2021-04-20 08:45:00,2021-04-20 09:00:00,15.0,15.0
D1,F1-11-top40,0,4,2021-04-21,96,1.0,True,174.0,172.16961862141727,-1.8303813785827288,1.8303813785827288,2021-04-21 08:30:00,2021-04-21 10:00:00,90.0,90.0
D1,F1-11-top40,0,4,2021-04-22,96,1.0,True,174.0,173.6342400549855,-0.3657599450145028,0.3657599450145028,2021-04-22 08:30:00,2021-04-22 09:00:00,30.0,30.0
D1,F1-11-top40,0,4,2021-04-23,96,1.0,True,174.0,154.82392871968574,-19.17607128031426,19.17607128031426,2021-04-23 08:30:00,2021-04-23 15:30:00,420.0,420.0
D1,F1-11-top40,0,4,2021-04-24,96,1.0,True,112.0,106.51953505990075,-5.480464940099253,5.480464940099253,2021-04-24 06:15:00,2021-04-24 06:15:00,0.0,0.0
D1,F1-11-top40,0,4,2021-04-25,96,1.0,True,25.0,26.702746499326647,1.702746499326647,1.702746499326647,2021-04-25 01:30:00,2021-04-25 00:30:00,-60.0,60.0
D1,F1-11-top40,0,4,2021-05-03,96,1.0,True,184.0,208.66251358547794,24.66251358547794,24.66251358547794,2021-05-03 08:30:00,2021-05-03 09:00:00,30.0,30.0
D1,F1-11-top40,0,4,2021-05-04,96,1.0,True,181.0,176.52745765168152,-4.472542348318484,4.472542348318484,2021-05-04 08:30:00,2021-05-04 10:45:00,135.0,135.0
D1,F1-11-top40,0,4,2021-05-05,96,1.0,True,120.0,167.69010710727943,47.69010710727943,47.69010710727943,2021-05-05 04:15:00,2021-05-05 08:30:00,255.0,255.0
D1,F1-11-top40,0,4,2021-05-06,96,1.0,True,199.0,182.0427228283807,-16.957277171619296,16.957277171619296,2021-05-06 09:00:00,2021-05-06 13:30:00,270.0,270.0
D1,F1-11-top40,0,4,2021-05-07,96,1.0,True,181.0,175.59709905882684,-5.402900941173158,5.402900941173158,2021-05-07 09:00:00,2021-05-07 09:00:00,0.0,0.0
D1,F1-11-top40,0,4,2021-05-08,96,1.0,True,115.0,111.05903938047938,-3.9409606195206237,3.9409606195206237,2021-05-08 02:00:00,2021-05-08 03:30:00,90.0,90.0
D1,F1-11-top40,0,4,2021-05-09,96,1.0,True,184.0,163.7693408128405,-20.23065918715949,20.23065918715949,2021-05-09 09:00:00,2021-05-09 10:00:00,60.0,60.0
D1,F1-11-top40,0,5,2021-04-19,96,1.0,True,172.0,172.39735020250893,0.3973502025089317,0.3973502025089317,2021-04-19 08:45:00,2021-04-19 09:45:00,60.0,60.0
D1,F1-11-top40,0,5,2021-04-20,96,1.0,True,172.0,187.481178082681,15.481178082680998,15.481178082680998,2021-04-20 08:45:00,2021-04-20 09:00:00,15.0,15.0
D1,F1-11-top40,0,5,2021-04-21,96,1.0,True,174.0,175.16581718311355,1.1658171831135462,1.1658171831135462,2021-04-21 08:30:00,2021-04-21 10:45:00,135.0,135.0
D1,F1-11-top40,0,5,2021-04-22,96,1.0,True,174.0,175.58814298174516,1.5881429817451647,1.5881429817451647,2021-04-22 08:30:00,2021-04-22 09:00:00,30.0,30.0
D1,F1-11-top40,0,5,2021-04-23,96,1.0,True,174.0,152.28811852358734,-21.711881476412657,21.711881476412657,2021-04-23 08:30:00,2021-04-23 18:00:00,570.0,570.0
D1,F1-11-top40,0,5,2021-04-24,96,1.0,True,112.0,109.18433360861034,-2.815666391389655,2.815666391389655,2021-04-24 06:15:00,2021-04-24 02:30:00,-225.0,225.0
D1,F1-11-top40,0,5,2021-04-25,96,1.0,True,25.0,25.980702739855232,0.9807027398552322,0.9807027398552322,2021-04-25 01:30:00,2021-04-25 08:00:00,390.0,390.0
D1,F1-11-top40,0,5,2021-05-03,96,1.0,True,184.0,204.6377954634031,20.63779546340311,20.63779546340311,2021-05-03 08:30:00,2021-05-03 09:00:00,30.0,30.0
D1,F1-11-top40,0,5,2021-05-04,96,1.0,True,181.0,185.42106333576027,4.421063335760266,4.421063335760266,2021-05-04 08:30:00,2021-05-04 08:30:00,0.0,0.0
D1,F1-11-top40,0,5,2021-05-05,96,1.0,True,120.0,174.50777518843324,54.50777518843324,54.50777518843324,2021-05-05 04:15:00,2021-05-05 08:30:00,255.0,255.0
D1,F1-11-top40,0,5,2021-05-06,96,1.0,True,199.0,183.31242589914493,-15.687574100855073,15.687574100855073,2021-05-06 09:00:00,2021-05-06 11:30:00,150.0,150.0
D1,F1-11-top40,0,5,2021-05-07,96,1.0,True,181.0,175.73670749252494,-5.263292507475057,5.263292507475057,2021-05-07 09:00:00,2021-05-07 09:15:00,15.0,15.0
D1,F1-11-top40,0,5,2021-05-08,96,1.0,True,115.0,116.81062093826152,1.810620938261522,1.810620938261522,2021-05-08 02:00:00,2021-05-08 07:45:00,345.0,345.0
D1,F1-11-top40,0,5,2021-05-09,96,1.0,True,184.0,165.79903386822903,-18.20096613177097,18.20096613177097,2021-05-09 09:00:00,2021-05-09 11:30:00,150.0,150.0
D1,F1-11-top40,0,6,2021-04-19,96,1.0,True,172.0,178.09991254535453,6.0999125453545275,6.0999125453545275,2021-04-19 08:45:00,2021-04-19 09:45:00,60.0,60.0
D1,F1-11-top40,0,6,2021-04-20,96,1.0,True,172.0,186.62016716209754,14.620167162097545,14.620167162097545,2021-04-20 08:45:00,2021-04-20 09:15:00,30.0,30.0
D1,F1-11-top40,0,6,2021-04-21,96,1.0,True,174.0,171.99176112575,-2.0082388742499973,2.0082388742499973,2021-04-21 08:30:00,2021-04-21 10:00:00,90.0,90.0
D1,F1-11-top40,0,6,2021-04-22,96,1.0,True,174.0,173.50247702492524,-0.49752297507475873,0.49752297507475873,2021-04-22 08:30:00,2021-04-22 09:15:00,45.0,45.0
D1,F1-11-top40,0,6,2021-04-23,96,1.0,True,174.0,148.7189731502389,-25.281026849761105,25.281026849761105,2021-04-23 08:30:00,2021-04-23 18:00:00,570.0,570.0
D1,F1-11-top40,0,6,2021-04-24,96,1.0,True,112.0,111.86249936587443,-0.13750063412557267,0.13750063412557267,2021-04-24 06:15:00,2021-04-24 02:00:00,-255.0,255.0
D1,F1-11-top40,0,6,2021-04-25,96,1.0,True,25.0,26.03734181316914,1.0373418131691388,1.0373418131691388,2021-04-25 01:30:00,2021-04-25 01:15:00,-15.0,15.0
D1,F1-11-top40,0,6,2021-05-03,96,1.0,True,184.0,205.6368056487948,21.63680564879479,21.63680564879479,2021-05-03 08:30:00,2021-05-03 09:00:00,30.0,30.0
D1,F1-11-top40,0,6,2021-05-04,96,1.0,True,181.0,190.09172852533982,9.091728525339818,9.091728525339818,2021-05-04 08:30:00,2021-05-04 08:30:00,0.0,0.0
D1,F1-11-top40,0,6,2021-05-05,96,1.0,True,120.0,183.2448962917348,63.24489629173479,63.24489629173479,2021-05-05 04:15:00,2021-05-05 08:30:00,255.0,255.0
D1,F1-11-top40,0,6,2021-05-06,96,1.0,True,199.0,182.0049243933142,-16.995075606685788,16.995075606685788,2021-05-06 09:00:00,2021-05-06 11:30:00,150.0,150.0
D1,F1-11-top40,0,6,2021-05-07,96,1.0,True,181.0,171.82031584523207,-9.179684154767926,9.179684154767926,2021-05-07 09:00:00,2021-05-07 09:15:00,15.0,15.0
D1,F1-11-top40,0,6,2021-05-08,96,1.0,True,115.0,119.31560896874603,4.315608968746034,4.315608968746034,2021-05-08 02:00:00,2021-05-08 07:45:00,345.0,345.0
D1,F1-11-top40,0,6,2021-05-09,96,1.0,True,184.0,161.632415535227,-22.36758446477299,22.36758446477299,2021-05-09 09:00:00,2021-05-09 11:00:00,120.0,120.0
D1,F1-11-top40,0,7,2021-04-19,96,1.0,True,172.0,175.47410936068897,3.4741093606889706,3.4741093606889706,2021-04-19 08:45:00,2021-04-19 10:45:00,120.0,120.0
D1,F1-11-top40,0,7,2021-04-20,96,1.0,True,172.0,177.21499771161385,5.214997711613847,5.214997711613847,2021-04-20 08:45:00,2021-04-20 10:45:00,120.0,120.0
D1,F1-11-top40,0,7,2021-04-21,96,1.0,True,174.0,173.5766206372452,-0.4233793627547868,0.4233793627547868,2021-04-21 08:30:00,2021-04-21 14:45:00,375.0,375.0
D1,F1-11-top40,0,7,2021-04-22,96,1.0,True,174.0,171.93790524444543,-2.0620947555545683,2.0620947555545683,2021-04-22 08:30:00,2021-04-22 10:00:00,90.0,90.0
D1,F1-11-top40,0,7,2021-04-23,96,1.0,True,174.0,144.62782440861233,-29.372175591387673,29.372175591387673,2021-04-23 08:30:00,2021-04-23 18:00:00,570.0,570.0
D1,F1-11-top40,0,7,2021-04-24,96,1.0,True,112.0,112.22349436519222,0.22349436519222365,0.22349436519222365,2021-04-24 06:15:00,2021-04-24 02:00:00,-255.0,255.0
D1,F1-11-top40,0,7,2021-04-25,96,1.0,True,25.0,35.20510502995754,10.205105029957537,10.205105029957537,2021-04-25 01:30:00,2021-04-25 08:30:00,420.0,420.0
D1,F1-11-top40,0,7,2021-05-03,96,1.0,True,184.0,195.64112648087286,11.641126480872856,11.641126480872856,2021-05-03 08:30:00,2021-05-03 09:15:00,45.0,45.0
D1,F1-11-top40,0,7,2021-05-04,96,1.0,True,181.0,180.79116270662536,-0.20883729337464274,0.20883729337464274,2021-05-04 08:30:00,2021-05-04 09:00:00,30.0,30.0
D1,F1-11-top40,0,7,2021-05-05,96,1.0,True,120.0,181.55801400198888,61.55801400198888,61.55801400198888,2021-05-05 04:15:00,2021-05-05 08:30:00,255.0,255.0
D1,F1-11-top40,0,7,2021-05-06,96,1.0,True,199.0,177.80236500191495,-21.19763499808505,21.19763499808505,2021-05-06 09:00:00,2021-05-06 11:45:00,165.0,165.0
D1,F1-11-top40,0,7,2021-05-07,96,1.0,True,181.0,181.56896454156308,0.5689645415630764,0.5689645415630764,2021-05-07 09:00:00,2021-05-07 09:15:00,15.0,15.0
D1,F1-11-top40,0,7,2021-05-08,96,1.0,True,115.0,112.21662866378007,-2.783371336219929,2.783371336219929,2021-05-08 02:00:00,2021-05-08 04:30:00,150.0,150.0
D1,F1-11-top40,0,7,2021-05-09,96,1.0,True,184.0,155.26408137033835,-28.735918629661654,28.735918629661654,2021-05-09 09:00:00,2021-05-09 14:00:00,300.0,300.0
D1,F1-11-top40,0,8,2021-04-19,96,1.0,True,172.0,177.89836700723018,5.898367007230178,5.898367007230178,2021-04-19 08:45:00,2021-04-19 10:00:00,75.0,75.0
D1,F1-11-top40,0,8,2021-04-20,96,1.0,True,172.0,181.23450311411344,9.234503114113437,9.234503114113437,2021-04-20 08:45:00,2021-04-20 09:45:00,60.0,60.0
D1,F1-11-top40,0,8,2021-04-21,96,1.0,True,174.0,171.2837890657583,-2.716210934241701,2.716210934241701,2021-04-21 08:30:00,2021-04-21 11:15:00,165.0,165.0
D1,F1-11-top40,0,8,2021-04-22,96,1.0,True,174.0,168.89003412821668,-5.1099658717833165,5.1099658717833165,2021-04-22 08:30:00,2021-04-22 11:15:00,165.0,165.0
D1,F1-11-top40,0,8,2021-04-23,96,1.0,True,174.0,139.34340895190337,-34.65659104809663,34.65659104809663,2021-04-23 08:30:00,2021-04-23 18:00:00,570.0,570.0
D1,F1-11-top40,0,8,2021-04-24,96,1.0,True,112.0,108.37353815269081,-3.626461847309187,3.626461847309187,2021-04-24 06:15:00,2021-04-24 04:30:00,-105.0,105.0
D1,F1-11-top40,0,8,2021-04-25,96,1.0,True,25.0,39.60852439339747,14.608524393397467,14.608524393397467,2021-04-25 01:30:00,2021-04-25 03:00:00,90.0,90.0
D1,F1-11-top40,0,8,2021-05-03,96,1.0,True,184.0,198.17877955292747,14.178779552927466,14.178779552927466,2021-05-03 08:30:00,2021-05-03 10:00:00,90.0,90.0
D1,F1-11-top40,0,8,2021-05-04,96,1.0,True,181.0,179.7956897118236,-1.2043102881764014,1.2043102881764014,2021-05-04 08:30:00,2021-05-04 08:30:00,0.0,0.0
D1,F1-11-top40,0,8,2021-05-05,96,1.0,True,120.0,182.4039514373577,62.403951437357705,62.403951437357705,2021-05-05 04:15:00,2021-05-05 09:15:00,300.0,300.0
D1,F1-11-top40,0,8,2021-05-06,96,1.0,True,199.0,181.35479756343992,-17.645202436560083,17.645202436560083,2021-05-06 09:00:00,2021-05-06 11:30:00,150.0,150.0
D1,F1-11-top40,0,8,2021-05-07,96,1.0,True,181.0,176.86005947865178,-4.1399405213482225,4.1399405213482225,2021-05-07 09:00:00,2021-05-07 08:30:00,-30.0,30.0
D1,F1-11-top40,0,8,2021-05-08,96,1.0,True,115.0,109.0338179466539,-5.9661820533461025,5.9661820533461025,2021-05-08 02:00:00,2021-05-08 04:30:00,150.0,150.0
D1,F1-11-top40,0,8,2021-05-09,96,1.0,True,184.0,157.583456754794,-26.416543245205986,26.416543245205986,2021-05-09 09:00:00,2021-05-09 16:15:00,435.0,435.0
D1,F1-11-top40,0,9,2021-04-19,96,1.0,True,172.0,189.51751399542354,17.517513995423542,17.517513995423542,2021-04-19 08:45:00,2021-04-19 10:30:00,105.0,105.0
D1,F1-11-top40,0,9,2021-04-20,96,1.0,True,172.0,173.17637294981617,1.1763729498161695,1.1763729498161695,2021-04-20 08:45:00,2021-04-20 15:00:00,375.0,375.0
D1,F1-11-top40,0,9,2021-04-21,96,1.0,True,174.0,169.78493830314096,-4.215061696859038,4.215061696859038,2021-04-21 08:30:00,2021-04-21 15:30:00,420.0,420.0
D1,F1-11-top40,0,9,2021-04-22,96,1.0,True,174.0,165.45221224092364,-8.547787759076357,8.547787759076357,2021-04-22 08:30:00,2021-04-22 10:00:00,90.0,90.0
D1,F1-11-top40,0,9,2021-04-23,96,1.0,True,174.0,141.3000011422172,-32.69999885778279,32.69999885778279,2021-04-23 08:30:00,2021-04-23 18:00:00,570.0,570.0
D1,F1-11-top40,0,9,2021-04-24,96,1.0,True,112.0,109.37197748842357,-2.6280225115764324,2.6280225115764324,2021-04-24 06:15:00,2021-04-24 04:45:00,-90.0,90.0
D1,F1-11-top40,0,9,2021-04-25,96,1.0,True,25.0,33.569929162768275,8.569929162768275,8.569929162768275,2021-04-25 01:30:00,2021-04-25 08:15:00,405.0,405.0
D1,F1-11-top40,0,9,2021-05-03,96,1.0,True,184.0,188.67605081115812,4.67605081115812,4.67605081115812,2021-05-03 08:30:00,2021-05-03 09:00:00,30.0,30.0
D1,F1-11-top40,0,9,2021-05-04,96,1.0,True,181.0,175.70556882600692,-5.294431173993075,5.294431173993075,2021-05-04 08:30:00,2021-05-04 08:30:00,0.0,0.0
D1,F1-11-top40,0,9,2021-05-05,96,1.0,True,120.0,181.6180031702138,61.6180031702138,61.6180031702138,2021-05-05 04:15:00,2021-05-05 08:45:00,270.0,270.0
D1,F1-11-top40,0,9,2021-05-06,96,1.0,True,199.0,187.24297285270592,-11.757027147294082,11.757027147294082,2021-05-06 09:00:00,2021-05-06 14:45:00,345.0,345.0
D1,F1-11-top40,0,9,2021-05-07,96,1.0,True,181.0,170.17880175694472,-10.821198243055278,10.821198243055278,2021-05-07 09:00:00,2021-05-07 08:30:00,-30.0,30.0
D1,F1-11-top40,0,9,2021-05-08,96,1.0,True,115.0,111.15201314411432,-3.8479868558856793,3.8479868558856793,2021-05-08 02:00:00,2021-05-08 04:30:00,150.0,150.0
D1,F1-11-top40,0,9,2021-05-09,96,1.0,True,184.0,160.82201940496665,-23.177980595033347,23.177980595033347,2021-05-09 09:00:00,2021-05-09 13:30:00,270.0,270.0
D1,F1-11-top40,0,10,2021-04-19,96,1.0,True,172.0,196.20523019052592,24.205230190525924,24.205230190525924,2021-04-19 08:45:00,2021-04-19 10:45:00,120.0,120.0
D1,F1-11-top40,0,10,2021-04-20,96,1.0,True,172.0,181.674205227116,9.674205227116005,9.674205227116005,2021-04-20 08:45:00,2021-04-20 10:30:00,105.0,105.0
D1,F1-11-top40,0,10,2021-04-21,96,1.0,True,174.0,171.1854451185523,-2.814554881447691,2.814554881447691,2021-04-21 08:30:00,2021-04-21 11:00:00,150.0,150.0
D1,F1-11-top40,0,10,2021-04-22,96,1.0,True,174.0,171.81404641096472,-2.185953589035279,2.185953589035279,2021-04-22 08:30:00,2021-04-22 11:00:00,150.0,150.0
D1,F1-11-top40,0,10,2021-04-23,96,1.0,True,174.0,140.14107229656108,-33.85892770343892,33.85892770343892,2021-04-23 08:30:00,2021-04-23 18:00:00,570.0,570.0
D1,F1-11-top40,0,10,2021-04-24,96,1.0,True,112.0,108.0892532952984,-3.9107467047015945,3.9107467047015945,2021-04-24 06:15:00,2021-04-24 03:30:00,-165.0,165.0
D1,F1-11-top40,0,10,2021-04-25,96,1.0,True,25.0,33.98498261307474,8.984982613074742,8.984982613074742,2021-04-25 01:30:00,2021-04-25 09:00:00,450.0,450.0
D1,F1-11-top40,0,10,2021-05-03,96,1.0,True,184.0,192.8855998467721,8.885599846772095,8.885599846772095,2021-05-03 08:30:00,2021-05-03 10:45:00,135.0,135.0
D1,F1-11-top40,0,10,2021-05-04,96,1.0,True,181.0,178.58747475954675,-2.412525240453249,2.412525240453249,2021-05-04 08:30:00,2021-05-04 08:30:00,0.0,0.0
D1,F1-11-top40,0,10,2021-05-05,96,1.0,True,120.0,179.8459566239242,59.845956623924195,59.845956623924195,2021-05-05 04:15:00,2021-05-05 08:45:00,270.0,270.0
D1,F1-11-top40,0,10,2021-05-06,96,1.0,True,199.0,180.319286322311,-18.680713677689,18.680713677689,2021-05-06 09:00:00,2021-05-06 11:15:00,135.0,135.0
D1,F1-11-top40,0,10,2021-05-07,96,1.0,True,181.0,183.25661580673304,2.2566158067330377,2.2566158067330377,2021-05-07 09:00:00,2021-05-07 11:15:00,135.0,135.0
D1,F1-11-top40,0,10,2021-05-08,96,1.0,True,115.0,108.32944063063796,-6.670559369362039,6.670559369362039,2021-05-08 02:00:00,2021-05-08 06:15:00,255.0,255.0
D1,F1-11-top40,0,10,2021-05-09,96,1.0,True,184.0,162.81163675092748,-21.188363249072523,21.188363249072523,2021-05-09 09:00:00,2021-05-09 14:00:00,300.0,300.0
D1,F1-11-top40,0,11,2021-04-19,96,1.0,True,172.0,190.63955844945764,18.63955844945764,18.63955844945764,2021-04-19 08:45:00,2021-04-19 10:45:00,120.0,120.0
D1,F1-11-top40,0,11,2021-04-20,96,1.0,True,172.0,177.2639368661558,5.263936866155802,5.263936866155802,2021-04-20 08:45:00,2021-04-20 10:45:00,120.0,120.0
D1,F1-11-top40,0,11,2021-04-21,96,1.0,True,174.0,169.9744978155728,-4.025502184427211,4.025502184427211,2021-04-21 08:30:00,2021-04-21 11:15:00,165.0,165.0
D1,F1-11-top40,0,11,2021-04-22,96,1.0,True,174.0,170.3497107207799,-3.6502892792200896,3.6502892792200896,2021-04-22 08:30:00,2021-04-22 11:15:00,165.0,165.0
D1,F1-11-top40,0,11,2021-04-23,96,1.0,True,174.0,141.9579953917529,-32.04200460824711,32.04200460824711,2021-04-23 08:30:00,2021-04-23 18:00:00,570.0,570.0
D1,F1-11-top40,0,11,2021-04-24,96,1.0,True,112.0,107.41561258080912,-4.584387419190875,4.584387419190875,2021-04-24 06:15:00,2021-04-24 03:30:00,-165.0,165.0
D1,F1-11-top40,0,11,2021-04-25,96,1.0,True,25.0,31.385221307973268,6.385221307973268,6.385221307973268,2021-04-25 01:30:00,2021-04-25 08:45:00,435.0,435.0
D1,F1-11-top40,0,11,2021-05-03,96,1.0,True,184.0,194.88162617414815,10.881626174148153,10.881626174148153,2021-05-03 08:30:00,2021-05-03 10:45:00,135.0,135.0
D1,F1-11-top40,0,11,2021-05-04,96,1.0,True,181.0,177.125975357031,-3.8740246429690046,3.8740246429690046,2021-05-04 08:30:00,2021-05-04 08:30:00,0.0,0.0
D1,F1-11-top40,0,11,2021-05-05,96,1.0,True,120.0,185.3698030566371,65.3698030566371,65.3698030566371,2021-05-05 04:15:00,2021-05-05 08:45:00,270.0,270.0
D1,F1-11-top40,0,11,2021-05-06,96,1.0,True,199.0,184.39054239743479,-14.609457602565215,14.609457602565215,2021-05-06 09:00:00,2021-05-06 11:45:00,165.0,165.0
D1,F1-11-top40,0,11,2021-05-07,96,1.0,True,181.0,178.76684856034447,-2.233151439655529,2.233151439655529,2021-05-07 09:00:00,2021-05-07 11:30:00,150.0,150.0
D1,F1-11-top40,0,11,2021-05-08,96,1.0,True,115.0,110.26265201101816,-4.737347988981838,4.737347988981838,2021-05-08 02:00:00,2021-05-08 06:30:00,270.0,270.0
D1,F1-11-top40,0,11,2021-05-09,96,1.0,True,184.0,169.3195755420412,-14.680424457958793,14.680424457958793,2021-05-09 09:00:00,2021-05-09 13:45:00,285.0,285.0
D1,F1-11-top40,0,12,2021-04-19,96,1.0,True,172.0,181.93891603430552,9.938916034305521,9.938916034305521,2021-04-19 08:45:00,2021-04-19 11:30:00,165.0,165.0
D1,F1-11-top40,0,12,2021-04-20,96,1.0,True,172.0,169.7165532357562,-2.2834467642437914,2.2834467642437914,2021-04-20 08:45:00,2021-04-20 12:00:00,195.0,195.0
D1,F1-11-top40,0,12,2021-04-21,96,1.0,True,174.0,167.0554136314223,-6.9445863685776885,6.9445863685776885,2021-04-21 08:30:00,2021-04-21 12:00:00,210.0,210.0
D1,F1-11-top40,0,12,2021-04-22,96,1.0,True,174.0,170.22785359154005,-3.772146408459946,3.772146408459946,2021-04-22 08:30:00,2021-04-22 11:00:00,150.0,150.0
D1,F1-11-top40,0,12,2021-04-23,96,1.0,True,174.0,146.34515222887669,-27.654847771123315,27.654847771123315,2021-04-23 08:30:00,2021-04-23 14:30:00,360.0,360.0
D1,F1-11-top40,0,12,2021-04-24,96,1.0,True,112.0,109.94020169706616,-2.0597983029338423,2.0597983029338423,2021-04-24 06:15:00,2021-04-24 06:15:00,0.0,0.0
D1,F1-11-top40,0,12,2021-04-25,96,1.0,True,25.0,40.63657432951749,15.636574329517487,15.636574329517487,2021-04-25 01:30:00,2021-04-25 09:00:00,450.0,450.0
D1,F1-11-top40,0,12,2021-05-03,96,1.0,True,184.0,198.92833909879434,14.92833909879434,14.92833909879434,2021-05-03 08:30:00,2021-05-03 09:00:00,30.0,30.0
D1,F1-11-top40,0,12,2021-05-04,96,1.0,True,181.0,178.23836704958717,-2.7616329504128316,2.7616329504128316,2021-05-04 08:30:00,2021-05-04 09:00:00,30.0,30.0
D1,F1-11-top40,0,12,2021-05-05,96,1.0,True,120.0,184.8496170647705,64.84961706477051,64.84961706477051,2021-05-05 04:15:00,2021-05-05 08:45:00,270.0,270.0
D1,F1-11-top40,0,12,2021-05-06,96,1.0,True,199.0,181.8747354389865,-17.125264561013495,17.125264561013495,2021-05-06 09:00:00,2021-05-06 13:45:00,285.0,285.0
D1,F1-11-top40,0,12,2021-05-07,96,1.0,True,181.0,179.17999058972072,-1.8200094102792832,1.8200094102792832,2021-05-07 09:00:00,2021-05-07 11:45:00,165.0,165.0
D1,F1-11-top40,0,12,2021-05-08,96,1.0,True,115.0,111.89666277707573,-3.1033372229242673,3.1033372229242673,2021-05-08 02:00:00,2021-05-08 03:45:00,105.0,105.0
D1,F1-11-top40,0,12,2021-05-09,96,1.0,True,184.0,181.20304691848384,-2.7969530815161647,2.7969530815161647,2021-05-09 09:00:00,2021-05-09 12:00:00,180.0,180.0
D1,F1-11-top40,0,13,2021-04-19,96,1.0,True,172.0,183.52233677895987,11.522336778959868,11.522336778959868,2021-04-19 08:45:00,2021-04-19 12:00:00,195.0,195.0
D1,F1-11-top40,0,13,2021-04-20,96,1.0,True,172.0,172.7292671769637,0.7292671769637025,0.7292671769637025,2021-04-20 08:45:00,2021-04-20 12:00:00,195.0,195.0
D1,F1-11-top40,0,13,2021-04-21,96,1.0,True,174.0,166.1849324012012,-7.815067598798805,7.815067598798805,2021-04-21 08:30:00,2021-04-21 11:45:00,195.0,195.0
D1,F1-11-top40,0,13,2021-04-22,96,1.0,True,174.0,168.72513811379815,-5.2748618862018475,5.2748618862018475,2021-04-22 08:30:00,2021-04-22 11:00:00,150.0,150.0
D1,F1-11-top40,0,13,2021-04-23,96,1.0,True,174.0,145.14057774899663,-28.859422251003366,28.859422251003366,2021-04-23 08:30:00,2021-04-23 18:00:00,570.0,570.0
D1,F1-11-top40,0,13,2021-04-24,96,1.0,True,112.0,111.24185345239319,-0.7581465476068132,0.7581465476068132,2021-04-24 06:15:00,2021-04-24 04:45:00,-90.0,90.0
D1,F1-11-top40,0,13,2021-04-25,96,1.0,True,25.0,46.35691389624619,21.35691389624619,21.35691389624619,2021-04-25 01:30:00,2021-04-25 09:00:00,450.0,450.0
D1,F1-11-top40,0,13,2021-05-03,96,1.0,True,184.0,202.32502582101725,18.32502582101725,18.32502582101725,2021-05-03 08:30:00,2021-05-03 09:00:00,30.0,30.0
D1,F1-11-top40,0,13,2021-05-04,96,1.0,True,181.0,174.34250943208713,-6.657490567912873,6.657490567912873,2021-05-04 08:30:00,2021-05-04 11:45:00,195.0,195.0
D1,F1-11-top40,0,13,2021-05-05,96,1.0,True,120.0,182.8215672192499,62.821567219249914,62.821567219249914,2021-05-05 04:15:00,2021-05-05 08:45:00,270.0,270.0
D1,F1-11-top40,0,13,2021-05-06,96,1.0,True,199.0,177.18528268969467,-21.814717310305326,21.814717310305326,2021-05-06 09:00:00,2021-05-06 14:00:00,300.0,300.0
D1,F1-11-top40,0,13,2021-05-07,96,1.0,True,181.0,179.24626326910146,-1.753736730898538,1.753736730898538,2021-05-07 09:00:00,2021-05-07 11:30:00,150.0,150.0
D1,F1-11-top40,0,13,2021-05-08,96,1.0,True,115.0,112.84667092625311,-2.153329073746889,2.153329073746889,2021-05-08 02:00:00,2021-05-08 07:45:00,345.0,345.0
D1,F1-11-top40,0,13,2021-05-09,96,1.0,True,184.0,188.70128307395686,4.7012830739568585,4.7012830739568585,2021-05-09 09:00:00,2021-05-09 12:00:00,180.0,180.0
D1,F1-11-top40,0,14,2021-04-19,96,1.0,True,172.0,194.1111082168936,22.111108216893598,22.111108216893598,2021-04-19 08:45:00,2021-04-19 11:00:00,135.0,135.0
D1,F1-11-top40,0,14,2021-04-20,96,1.0,True,172.0,179.9009501774743,7.9009501774743,7.9009501774743,2021-04-20 08:45:00,2021-04-20 11:30:00,165.0,165.0
D1,F1-11-top40,0,14,2021-04-21,96,1.0,True,174.0,167.57062910110855,-6.429370898891449,6.429370898891449,2021-04-21 08:30:00,2021-04-21 12:00:00,210.0,210.0
D1,F1-11-top40,0,14,2021-04-22,96,1.0,True,174.0,164.50719754497916,-9.492802455020836,9.492802455020836,2021-04-22 08:30:00,2021-04-22 11:45:00,195.0,195.0
D1,F1-11-top40,0,14,2021-04-23,96,1.0,True,174.0,147.2758810676038,-26.72411893239621,26.72411893239621,2021-04-23 08:30:00,2021-04-23 18:30:00,600.0,600.0
D1,F1-11-top40,0,14,2021-04-24,96,1.0,True,112.0,112.23623963366553,0.2362396336655337,0.2362396336655337,2021-04-24 06:15:00,2021-04-24 03:45:00,-150.0,150.0
D1,F1-11-top40,0,14,2021-04-25,96,1.0,True,25.0,36.64416929571724,11.64416929571724,11.64416929571724,2021-04-25 01:30:00,2021-04-25 08:45:00,435.0,435.0
D1,F1-11-top40,0,14,2021-05-03,96,1.0,True,184.0,206.3444992231763,22.344499223176314,22.344499223176314,2021-05-03 08:30:00,2021-05-03 09:00:00,30.0,30.0
D1,F1-11-top40,0,14,2021-05-04,96,1.0,True,181.0,183.2392225332261,2.2392225332260978,2.2392225332260978,2021-05-04 08:30:00,2021-05-04 08:30:00,0.0,0.0
D1,F1-11-top40,0,14,2021-05-05,96,1.0,True,120.0,179.67778585107342,59.67778585107342,59.67778585107342,2021-05-05 04:15:00,2021-05-05 08:45:00,270.0,270.0
D1,F1-11-top40,0,14,2021-05-06,96,1.0,True,199.0,178.50261705632127,-20.49738294367873,20.49738294367873,2021-05-06 09:00:00,2021-05-06 13:45:00,285.0,285.0
D1,F1-11-top40,0,14,2021-05-07,96,1.0,True,181.0,178.9747713603819,-2.025228639618092,2.025228639618092,2021-05-07 09:00:00,2021-05-07 11:45:00,165.0,165.0
D1,F1-11-top40,0,14,2021-05-08,96,1.0,True,115.0,107.37097198147245,-7.629028018527549,7.629028018527549,2021-05-08 02:00:00,2021-05-08 06:15:00,255.0,255.0
D1,F1-11-top40,0,14,2021-05-09,96,1.0,True,184.0,168.62510557398468,-15.374894426015317,15.374894426015317,2021-05-09 09:00:00,2021-05-09 14:00:00,300.0,300.0
D1,F1-11-top40,0,15,2021-04-19,96,1.0,True,172.0,189.0919504226776,17.0919504226776,17.0919504226776,2021-04-19 08:45:00,2021-04-19 11:45:00,180.0,180.0
D1,F1-11-top40,0,15,2021-04-20,96,1.0,True,172.0,180.66684003916762,8.666840039167624,8.666840039167624,2021-04-20 08:45:00,2021-04-20 11:30:00,165.0,165.0
D1,F1-11-top40,0,15,2021-04-21,96,1.0,True,174.0,166.28926174672827,-7.710738253271728,7.710738253271728,2021-04-21 08:30:00,2021-04-21 14:45:00,375.0,375.0
D1,F1-11-top40,0,15,2021-04-22,96,1.0,True,174.0,164.6726324502339,-9.327367549766109,9.327367549766109,2021-04-22 08:30:00,2021-04-22 12:00:00,210.0,210.0
D1,F1-11-top40,0,15,2021-04-23,96,1.0,True,174.0,148.3640641623693,-25.63593583763071,25.63593583763071,2021-04-23 08:30:00,2021-04-23 19:00:00,630.0,630.0
D1,F1-11-top40,0,15,2021-04-24,96,1.0,True,112.0,107.23386321503958,-4.766136784960423,4.766136784960423,2021-04-24 06:15:00,2021-04-24 04:45:00,-90.0,90.0
D1,F1-11-top40,0,15,2021-04-25,96,1.0,True,25.0,40.528512879651544,15.528512879651544,15.528512879651544,2021-04-25 01:30:00,2021-04-25 09:15:00,465.0,465.0
D1,F1-11-top40,0,15,2021-05-03,96,1.0,True,184.0,197.64679721760538,13.646797217605382,13.646797217605382,2021-05-03 08:30:00,2021-05-03 09:00:00,30.0,30.0
D1,F1-11-top40,0,15,2021-05-04,96,1.0,True,181.0,181.79046318035958,0.7904631803595805,0.7904631803595805,2021-05-04 08:30:00,2021-05-04 08:30:00,0.0,0.0
D1,F1-11-top40,0,15,2021-05-05,96,1.0,True,120.0,176.49333701085976,56.49333701085976,56.49333701085976,2021-05-05 04:15:00,2021-05-05 08:45:00,270.0,270.0
D1,F1-11-top40,0,15,2021-05-06,96,1.0,True,199.0,183.8558589535073,-15.144141046492706,15.144141046492706,2021-05-06 09:00:00,2021-05-06 13:45:00,285.0,285.0
D1,F1-11-top40,0,15,2021-05-07,96,1.0,True,181.0,177.61444561141036,-3.3855543885896395,3.3855543885896395,2021-05-07 09:00:00,2021-05-07 11:30:00,150.0,150.0
D1,F1-11-top40,0,15,2021-05-08,96,1.0,True,115.0,111.00766884919993,-3.9923311508000694,3.9923311508000694,2021-05-08 02:00:00,2021-05-08 06:15:00,255.0,255.0
D1,F1-11-top40,0,15,2021-05-09,96,1.0,True,184.0,162.04795077264015,-21.95204922735985,21.95204922735985,2021-05-09 09:00:00,2021-05-09 14:30:00,330.0,330.0
D1,F1-11-top40,0,16,2021-04-19,96,1.0,True,172.0,197.7232083742416,25.723208374241608,25.723208374241608,2021-04-19 08:45:00,2021-04-19 12:00:00,195.0,195.0
D1,F1-11-top40,0,16,2021-04-20,96,1.0,True,172.0,186.4834680509798,14.483468050979809,14.483468050979809,2021-04-20 08:45:00,2021-04-20 12:00:00,195.0,195.0
D1,F1-11-top40,0,16,2021-04-21,96,1.0,True,174.0,165.87042629417698,-8.12957370582302,8.12957370582302,2021-04-21 08:30:00,2021-04-21 15:30:00,420.0,420.0
D1,F1-11-top40,0,16,2021-04-22,96,1.0,True,174.0,163.41615467231844,-10.583845327681559,10.583845327681559,2021-04-22 08:30:00,2021-04-22 08:45:00,15.0,15.0
D1,F1-11-top40,0,16,2021-04-23,96,1.0,True,174.0,151.0446742752068,-22.955325724793198,22.955325724793198,2021-04-23 08:30:00,2021-04-23 13:15:00,285.0,285.0
D1,F1-11-top40,0,16,2021-04-24,96,1.0,True,112.0,113.49639644604086,1.4963964460408619,1.4963964460408619,2021-04-24 06:15:00,2021-04-24 06:15:00,0.0,0.0
D1,F1-11-top40,0,16,2021-04-25,96,1.0,True,25.0,47.38088892322885,22.380888923228852,22.380888923228852,2021-04-25 01:30:00,2021-04-25 11:00:00,570.0,570.0
D1,F1-11-top40,0,16,2021-05-03,96,1.0,True,184.0,204.38926671522137,20.389266715221368,20.389266715221368,2021-05-03 08:30:00,2021-05-03 09:15:00,45.0,45.0
D1,F1-11-top40,0,16,2021-05-04,96,1.0,True,181.0,182.20737610292284,1.2073761029228365,1.2073761029228365,2021-05-04 08:30:00,2021-05-04 11:30:00,180.0,180.0
D1,F1-11-top40,0,16,2021-05-05,96,1.0,True,120.0,175.64685215775054,55.646852157750544,55.646852157750544,2021-05-05 04:15:00,2021-05-05 08:45:00,270.0,270.0
D1,F1-11-top40,0,16,2021-05-06,96,1.0,True,199.0,188.76008444962923,-10.239915550370768,10.239915550370768,2021-05-06 09:00:00,2021-05-06 13:45:00,285.0,285.0
D1,F1-11-top40,0,16,2021-05-07,96,1.0,True,181.0,178.4813372320707,-2.5186627679292997,2.5186627679292997,2021-05-07 09:00:00,2021-05-07 11:45:00,165.0,165.0
D1,F1-11-top40,0,16,2021-05-08,96,1.0,True,115.0,109.67958806774661,-5.320411932253393,5.320411932253393,2021-05-08 02:00:00,2021-05-08 06:15:00,255.0,255.0
D1,F1-11-top40,0,16,2021-05-09,96,1.0,True,184.0,162.4908779697547,-21.509122030245294,21.509122030245294,2021-05-09 09:00:00,2021-05-09 14:15:00,315.0,315.0
D1,F1-11-top40,1,4,2021-05-31,96,1.0,True,172.0,202.88862029761736,30.888620297617365,30.888620297617365,2021-05-31 10:30:00,2021-05-31 09:00:00,-90.0,90.0
D1,F1-11-top40,1,4,2021-06-01,96,1.0,True,195.0,175.50156047741066,-19.498439522589337,19.498439522589337,2021-06-01 09:00:00,2021-06-01 11:45:00,165.0,165.0
D1,F1-11-top40,1,4,2021-06-02,96,1.0,True,191.0,176.49139883109666,-14.50860116890334,14.50860116890334,2021-06-02 10:45:00,2021-06-02 08:30:00,-135.0,135.0
D1,F1-11-top40,1,4,2021-06-03,96,1.0,True,181.0,172.5550717607024,-8.44492823929761,8.44492823929761,2021-06-03 08:30:00,2021-06-03 09:00:00,30.0,30.0
D1,F1-11-top40,1,4,2021-06-04,96,1.0,True,173.0,156.39484527004123,-16.60515472995877,16.60515472995877,2021-06-04 10:45:00,2021-06-04 08:45:00,-120.0,120.0
D1,F1-11-top40,1,4,2021-06-05,96,1.0,True,116.0,109.56531800195637,-6.434681998043629,6.434681998043629,2021-06-05 01:45:00,2021-06-05 06:30:00,285.0,285.0
D1,F1-11-top40,1,4,2021-06-06,96,1.0,True,27.0,39.81886260369158,12.818862603691578,12.818862603691578,2021-06-06 01:30:00,2021-06-06 08:45:00,435.0,435.0
D1,F1-11-top40,1,4,2021-06-14,96,1.0,True,204.0,189.32583494465047,-14.674165055349533,14.674165055349533,2021-06-14 09:00:00,2021-06-14 08:45:00,-15.0,15.0
D1,F1-11-top40,1,4,2021-06-15,96,1.0,True,198.0,180.3405867455172,-17.659413254482814,17.659413254482814,2021-06-15 08:45:00,2021-06-15 08:30:00,-15.0,15.0
D1,F1-11-top40,1,4,2021-06-16,96,1.0,True,193.0,178.25052941360482,-14.749470586395176,14.749470586395176,2021-06-16 10:45:00,2021-06-16 08:30:00,-135.0,135.0
D1,F1-11-top40,1,4,2021-06-17,96,1.0,True,197.0,179.54531693861918,-17.45468306138082,17.45468306138082,2021-06-17 08:45:00,2021-06-17 08:45:00,0.0,0.0
D1,F1-11-top40,1,4,2021-06-18,96,1.0,True,186.0,173.30833565505694,-12.691664344943064,12.691664344943064,2021-06-18 10:00:00,2021-06-18 10:30:00,30.0,30.0
D1,F1-11-top40,1,4,2021-06-19,96,1.0,True,119.0,111.8404826210302,-7.159517378969795,7.159517378969795,2021-06-19 02:15:00,2021-06-19 02:00:00,-15.0,15.0
D1,F1-11-top40,1,4,2021-06-20,96,1.0,True,28.0,40.00034081844529,12.000340818445288,12.000340818445288,2021-06-20 15:15:00,2021-06-20 08:15:00,-420.0,420.0
D1,F1-11-top40,1,5,2021-05-31,96,1.0,True,172.0,194.69531235296148,22.69531235296148,22.69531235296148,2021-05-31 10:30:00,2021-05-31 09:15:00,-75.0,75.0
D1,F1-11-top40,1,5,2021-06-01,96,1.0,True,195.0,175.81111264078814,-19.18888735921186,19.18888735921186,2021-06-01 09:00:00,2021-06-01 11:45:00,165.0,165.0
D1,F1-11-top40,1,5,2021-06-02,96,1.0,True,191.0,175.45432173732493,-15.545678262675068,15.545678262675068,2021-06-02 10:45:00,2021-06-02 09:00:00,-105.0,105.0
D1,F1-11-top40,1,5,2021-06-03,96,1.0,True,181.0,174.70639013096192,-6.293609869038079,6.293609869038079,2021-06-03 08:30:00,2021-06-03 08:30:00,0.0,0.0
D1,F1-11-top40,1,5,2021-06-04,96,1.0,True,173.0,159.06100366357356,-13.938996336426442,13.938996336426442,2021-06-04 10:45:00,2021-06-04 09:30:00,-75.0,75.0
D1,F1-11-top40,1,5,2021-06-05,96,1.0,True,116.0,109.3451648639904,-6.654835136009595,6.654835136009595,2021-06-05 01:45:00,2021-06-05 06:15:00,270.0,270.0
D1,F1-11-top40,1,5,2021-06-06,96,1.0,True,27.0,39.08730093144701,12.087300931447011,12.087300931447011,2021-06-06 01:30:00,2021-06-06 08:45:00,435.0,435.0
D1,F1-11-top40,1,5,2021-06-14,96,1.0,True,204.0,195.46325447191273,-8.536745528087266,8.536745528087266,2021-06-14 09:00:00,2021-06-14 09:00:00,0.0,0.0
D1,F1-11-top40,1,5,2021-06-15,96,1.0,True,198.0,185.27205290816426,-12.727947091835745,12.727947091835745,2021-06-15 08:45:00,2021-06-15 08:45:00,0.0,0.0
D1,F1-11-top40,1,5,2021-06-16,96,1.0,True,193.0,180.14583377814222,-12.854166221857781,12.854166221857781,2021-06-16 10:45:00,2021-06-16 08:45:00,-120.0,120.0
D1,F1-11-top40,1,5,2021-06-17,96,1.0,True,197.0,184.12992737393466,-12.870072626065337,12.870072626065337,2021-06-17 08:45:00,2021-06-17 08:45:00,0.0,0.0
D1,F1-11-top40,1,5,2021-06-18,96,1.0,True,186.0,173.12316799572193,-12.876832004278072,12.876832004278072,2021-06-18 10:00:00,2021-06-18 13:45:00,225.0,225.0
D1,F1-11-top40,1,5,2021-06-19,96,1.0,True,119.0,112.96665972019069,-6.033340279809309,6.033340279809309,2021-06-19 02:15:00,2021-06-19 03:30:00,75.0,75.0
D1,F1-11-top40,1,5,2021-06-20,96,1.0,True,28.0,40.6961558013291,12.696155801329098,12.696155801329098,2021-06-20 15:15:00,2021-06-20 08:30:00,-405.0,405.0
D1,F1-11-top40,1,6,2021-05-31,96,1.0,True,172.0,193.81338911080113,21.813389110801126,21.813389110801126,2021-05-31 10:30:00,2021-05-31 09:00:00,-90.0,90.0
D1,F1-11-top40,1,6,2021-06-01,96,1.0,True,195.0,175.5087996748616,-19.491200325138408,19.491200325138408,2021-06-01 09:00:00,2021-06-01 11:45:00,165.0,165.0
D1,F1-11-top40,1,6,2021-06-02,96,1.0,True,191.0,177.69340685679225,-13.306593143207749,13.306593143207749,2021-06-02 10:45:00,2021-06-02 09:00:00,-105.0,105.0
D1,F1-11-top40,1,6,2021-06-03,96,1.0,True,181.0,174.55349547811838,-6.4465045218816215,6.4465045218816215,2021-06-03 08:30:00,2021-06-03 08:30:00,0.0,0.0
D1,F1-11-top40,1,6,2021-06-04,96,1.0,True,173.0,162.08688645696068,-10.913113543039316,10.913113543039316,2021-06-04 10:45:00,2021-06-04 09:15:00,-90.0,90.0
D1,F1-11-top40,1,6,2021-06-05,96,1.0,True,116.0,108.10232573257835,-7.89767426742165,7.89767426742165,2021-06-05 01:45:00,2021-06-05 06:15:00,270.0,270.0
D1,F1-11-top40,1,6,2021-06-06,96,1.0,True,27.0,38.475918716278954,11.475918716278954,11.475918716278954,2021-06-06 01:30:00,2021-06-06 08:30:00,420.0,420.0
D1,F1-11-top40,1,6,2021-06-14,96,1.0,True,204.0,195.78412748371392,-8.215872516286083,8.215872516286083,2021-06-14 09:00:00,2021-06-14 09:00:00,0.0,0.0
D1,F1-11-top40,1,6,2021-06-15,96,1.0,True,198.0,181.7843878242192,-16.21561217578079,16.21561217578079,2021-06-15 08:45:00,2021-06-15 08:45:00,0.0,0.0
D1,F1-11-top40,1,6,2021-06-16,96,1.0,True,193.0,178.31539194336338,-14.68460805663662,14.68460805663662,2021-06-16 10:45:00,2021-06-16 08:30:00,-135.0,135.0
D1,F1-11-top40,1,6,2021-06-17,96,1.0,True,197.0,182.21115091124489,-14.788849088755114,14.788849088755114,2021-06-17 08:45:00,2021-06-17 09:00:00,15.0,15.0
D1,F1-11-top40,1,6,2021-06-18,96,1.0,True,186.0,173.61619279392016,-12.383807206079837,12.383807206079837,2021-06-18 10:00:00,2021-06-18 10:00:00,0.0,0.0
D1,F1-11-top40,1,6,2021-06-19,96,1.0,True,119.0,113.24974015004699,-5.750259849953011,5.750259849953011,2021-06-19 02:15:00,2021-06-19 03:30:00,75.0,75.0
D1,F1-11-top40,1,6,2021-06-20,96,1.0,True,28.0,48.320821206280705,20.320821206280705,20.320821206280705,2021-06-20 15:15:00,2021-06-20 09:45:00,-330.0,330.0
D1,F1-11-top40,1,7,2021-05-31,96,1.0,True,172.0,184.1932214423232,12.193221442323193,12.193221442323193,2021-05-31 10:30:00,2021-05-31 09:00:00,-90.0,90.0
D1,F1-11-top40,1,7,2021-06-01,96,1.0,True,195.0,173.27727000916718,-21.722729990832818,21.722729990832818,2021-06-01 09:00:00,2021-06-01 11:30:00,150.0,150.0
D1,F1-11-top40,1,7,2021-06-02,96,1.0,True,191.0,174.890266551646,-16.109733448354007,16.109733448354007,2021-06-02 10:45:00,2021-06-02 09:00:00,-105.0,105.0
D1,F1-11-top40,1,7,2021-06-03,96,1.0,True,181.0,173.85474801492515,-7.14525198507485,7.14525198507485,2021-06-03 08:30:00,2021-06-03 08:30:00,0.0,0.0
D1,F1-11-top40,1,7,2021-06-04,96,1.0,True,173.0,163.522341214898,-9.477658785101994,9.477658785101994,2021-06-04 10:45:00,2021-06-04 09:15:00,-90.0,90.0
D1,F1-11-top40,1,7,2021-06-05,96,1.0,True,116.0,109.70844972089562,-6.291550279104385,6.291550279104385,2021-06-05 01:45:00,2021-06-05 04:15:00,150.0,150.0
D1,F1-11-top40,1,7,2021-06-06,96,1.0,True,27.0,33.685781649560276,6.685781649560276,6.685781649560276,2021-06-06 01:30:00,2021-06-06 11:00:00,570.0,570.0
D1,F1-11-top40,1,7,2021-06-14,96,1.0,True,204.0,176.20936210290603,-27.790637897093973,27.790637897093973,2021-06-14 09:00:00,2021-06-14 11:15:00,135.0,135.0
D1,F1-11-top40,1,7,2021-06-15,96,1.0,True,198.0,177.19172839811796,-20.80827160188204,20.80827160188204,2021-06-15 08:45:00,2021-06-15 08:45:00,0.0,0.0
D1,F1-11-top40,1,7,2021-06-16,96,1.0,True,193.0,177.0571799358846,-15.94282006411541,15.94282006411541,2021-06-16 10:45:00,2021-06-16 08:30:00,-135.0,135.0
D1,F1-11-top40,1,7,2021-06-17,96,1.0,True,197.0,177.3172828858939,-19.68271711410611,19.68271711410611,2021-06-17 08:45:00,2021-06-17 08:45:00,0.0,0.0
D1,F1-11-top40,1,7,2021-06-18,96,1.0,True,186.0,170.88247411839308,-15.117525881606923,15.117525881606923,2021-06-18 10:00:00,2021-06-18 13:45:00,225.0,225.0
D1,F1-11-top40,1,7,2021-06-19,96,1.0,True,119.0,110.83196569608113,-8.168034303918873,8.168034303918873,2021-06-19 02:15:00,2021-06-19 04:45:00,150.0,150.0
D1,F1-11-top40,1,7,2021-06-20,96,1.0,True,28.0,39.13617526630695,11.13617526630695,11.13617526630695,2021-06-20 15:15:00,2021-06-20 09:45:00,-330.0,330.0
D1,F1-11-top40,1,8,2021-05-31,96,1.0,True,172.0,170.14101224364484,-1.8589877563551624,1.8589877563551624,2021-05-31 10:30:00,2021-05-31 09:30:00,-60.0,60.0
D1,F1-11-top40,1,8,2021-06-01,96,1.0,True,195.0,171.23919714310355,-23.760802856896447,23.760802856896447,2021-06-01 09:00:00,2021-06-01 11:00:00,120.0,120.0
D1,F1-11-top40,1,8,2021-06-02,96,1.0,True,191.0,174.44900604894497,-16.550993951055034,16.550993951055034,2021-06-02 10:45:00,2021-06-02 08:30:00,-135.0,135.0
D1,F1-11-top40,1,8,2021-06-03,96,1.0,True,181.0,172.8800886025122,-8.119911397487812,8.119911397487812,2021-06-03 08:30:00,2021-06-03 09:00:00,30.0,30.0
D1,F1-11-top40,1,8,2021-06-04,96,1.0,True,173.0,162.35036024413597,-10.64963975586403,10.64963975586403,2021-06-04 10:45:00,2021-06-04 09:45:00,-60.0,60.0
D1,F1-11-top40,1,8,2021-06-05,96,1.0,True,116.0,109.09545017735684,-6.904549822643162,6.904549822643162,2021-06-05 01:45:00,2021-06-05 06:15:00,270.0,270.0
D1,F1-11-top40,1,8,2021-06-06,96,1.0,True,27.0,36.456332232810915,9.456332232810915,9.456332232810915,2021-06-06 01:30:00,2021-06-06 08:30:00,420.0,420.0
D1,F1-11-top40,1,8,2021-06-14,96,1.0,True,204.0,175.08724665487256,-28.91275334512744,28.91275334512744,2021-06-14 09:00:00,2021-06-14 11:15:00,135.0,135.0
D1,F1-11-top40,1,8,2021-06-15,96,1.0,True,198.0,175.62297916216926,-22.37702083783074,22.37702083783074,2021-06-15 08:45:00,2021-06-15 08:45:00,0.0,0.0
D1,F1-11-top40,1,8,2021-06-16,96,1.0,True,193.0,174.63072530221248,-18.369274697787517,18.369274697787517,2021-06-16 10:45:00,2021-06-16 08:30:00,-135.0,135.0
D1,F1-11-top40,1,8,2021-06-17,96,1.0,True,197.0,175.47695730643923,-21.523042693560768,21.523042693560768,2021-06-17 08:45:00,2021-06-17 08:30:00,-15.0,15.0
D1,F1-11-top40,1,8,2021-06-18,96,1.0,True,186.0,169.64427411746175,-16.355725882538252,16.355725882538252,2021-06-18 10:00:00,2021-06-18 10:45:00,45.0,45.0
D1,F1-11-top40,1,8,2021-06-19,96,1.0,True,119.0,111.29533772567147,-7.704662274328527,7.704662274328527,2021-06-19 02:15:00,2021-06-19 03:30:00,75.0,75.0
D1,F1-11-top40,1,8,2021-06-20,96,1.0,True,28.0,34.2906843557764,6.290684355776399,6.290684355776399,2021-06-20 15:15:00,2021-06-20 08:15:00,-420.0,420.0
D1,F1-11-top40,1,9,2021-05-31,96,1.0,True,172.0,183.11452118784507,11.114521187845071,11.114521187845071,2021-05-31 10:30:00,2021-05-31 09:15:00,-75.0,75.0
D1,F1-11-top40,1,9,2021-06-01,96,1.0,True,195.0,172.89259311165935,-22.10740688834065,22.10740688834065,2021-06-01 09:00:00,2021-06-01 11:15:00,135.0,135.0
D1,F1-11-top40,1,9,2021-06-02,96,1.0,True,191.0,176.48091477506796,-14.519085224932041,14.519085224932041,2021-06-02 10:45:00,2021-06-02 08:30:00,-135.0,135.0
D1,F1-11-top40,1,9,2021-06-03,96,1.0,True,181.0,174.04396981431307,-6.956030185686927,6.956030185686927,2021-06-03 08:30:00,2021-06-03 09:00:00,30.0,30.0
D1,F1-11-top40,1,9,2021-06-04,96,1.0,True,173.0,163.78510701162415,-9.214892988375851,9.214892988375851,2021-06-04 10:45:00,2021-06-04 10:00:00,-45.0,45.0
D1,F1-11-top40,1,9,2021-06-05,96,1.0,True,116.0,108.23091847954191,-7.769081520458087,7.769081520458087,2021-06-05 01:45:00,2021-06-05 04:15:00,150.0,150.0
D1,F1-11-top40,1,9,2021-06-06,96,1.0,True,27.0,28.20847475904434,1.2084747590443392,1.2084747590443392,2021-06-06 01:30:00,2021-06-06 04:15:00,165.0,165.0
D1,F1-11-top40,1,9,2021-06-14,96,1.0,True,204.0,177.64686974816087,-26.353130251839133,26.353130251839133,2021-06-14 09:00:00,2021-06-14 11:15:00,135.0,135.0
D1,F1-11-top40,1,9,2021-06-15,96,1.0,True,198.0,178.61195358125946,-19.388046418740544,19.388046418740544,2021-06-15 08:45:00,2021-06-15 09:00:00,15.0,15.0
D1,F1-11-top40,1,9,2021-06-16,96,1.0,True,193.0,177.40605065631956,-15.593949343680436,15.593949343680436,2021-06-16 10:45:00,2021-06-16 08:45:00,-120.0,120.0
D1,F1-11-top40,1,9,2021-06-17,96,1.0,True,197.0,176.81028004376896,-20.189719956231045,20.189719956231045,2021-06-17 08:45:00,2021-06-17 09:00:00,15.0,15.0
D1,F1-11-top40,1,9,2021-06-18,96,1.0,True,186.0,171.92276121086633,-14.077238789133673,14.077238789133673,2021-06-18 10:00:00,2021-06-18 14:15:00,255.0,255.0
D1,F1-11-top40,1,9,2021-06-19,96,1.0,True,119.0,111.00474804642428,-7.995251953575718,7.995251953575718,2021-06-19 02:15:00,2021-06-19 03:45:00,90.0,90.0
D1,F1-11-top40,1,9,2021-06-20,96,1.0,True,28.0,28.666043747470077,0.6660437474700771,0.6660437474700771,2021-06-20 15:15:00,2021-06-20 09:45:00,-330.0,330.0
D1,F1-11-top40,1,10,2021-05-31,96,1.0,True,172.0,184.56553598146365,12.565535981463654,12.565535981463654,2021-05-31 10:30:00,2021-05-31 09:15:00,-75.0,75.0
D1,F1-11-top40,1,10,2021-06-01,96,1.0,True,195.0,173.2538433457197,-21.7461566542803,21.7461566542803,2021-06-01 09:00:00,2021-06-01 08:45:00,-15.0,15.0
D1,F1-11-top40,1,10,2021-06-02,96,1.0,True,191.0,174.4682973404012,-16.531702659598807,16.531702659598807,2021-06-02 10:45:00,2021-06-02 09:00:00,-105.0,105.0
D1,F1-11-top40,1,10,2021-06-03,96,1.0,True,181.0,173.58547801191088,-7.41452198808912,7.41452198808912,2021-06-03 08:30:00,2021-06-03 09:00:00,30.0,30.0
D1,F1-11-top40,1,10,2021-06-04,96,1.0,True,173.0,136.2425291165335,-36.75747088346651,36.75747088346651,2021-06-04 10:45:00,2021-06-04 19:00:00,495.0,495.0
D1,F1-11-top40,1,10,2021-06-05,96,1.0,True,116.0,108.38376740812858,-7.616232591871423,7.616232591871423,2021-06-05 01:45:00,2021-06-05 06:15:00,270.0,270.0
D1,F1-11-top40,1,10,2021-06-06,96,1.0,True,27.0,32.09852129791542,5.098521297915418,5.098521297915418,2021-06-06 01:30:00,2021-06-06 08:30:00,420.0,420.0
D1,F1-11-top40,1,10,2021-06-14,96,1.0,True,204.0,179.18006986566277,-24.819930134337227,24.819930134337227,2021-06-14 09:00:00,2021-06-14 11:30:00,150.0,150.0
D1,F1-11-top40,1,10,2021-06-15,96,1.0,True,198.0,180.6343804515386,-17.36561954846141,17.36561954846141,2021-06-15 08:45:00,2021-06-15 08:45:00,0.0,0.0
D1,F1-11-top40,1,10,2021-06-16,96,1.0,True,193.0,177.43043369923876,-15.569566300761238,15.569566300761238,2021-06-16 10:45:00,2021-06-16 08:45:00,-120.0,120.0
D1,F1-11-top40,1,10,2021-06-17,96,1.0,True,197.0,177.1145588729357,-19.885441127064297,19.885441127064297,2021-06-17 08:45:00,2021-06-17 08:45:00,0.0,0.0
D1,F1-11-top40,1,10,2021-06-18,96,1.0,True,186.0,173.1571716139376,-12.842828386062394,12.842828386062394,2021-06-18 10:00:00,2021-06-18 10:45:00,45.0,45.0
D1,F1-11-top40,1,10,2021-06-19,96,1.0,True,119.0,110.3173888093607,-8.682611190639307,8.682611190639307,2021-06-19 02:15:00,2021-06-19 07:00:00,285.0,285.0
D1,F1-11-top40,1,10,2021-06-20,96,1.0,True,28.0,31.329695451441147,3.3296954514411468,3.3296954514411468,2021-06-20 15:15:00,2021-06-20 09:45:00,-330.0,330.0
D1,F1-11-top40,1,11,2021-05-31,96,1.0,True,172.0,178.86880186188185,6.868801861881849,6.868801861881849,2021-05-31 10:30:00,2021-05-31 09:15:00,-75.0,75.0
D1,F1-11-top40,1,11,2021-06-01,96,1.0,True,195.0,174.19269857765195,-20.807301422348047,20.807301422348047,2021-06-01 09:00:00,2021-06-01 11:45:00,165.0,165.0
D1,F1-11-top40,1,11,2021-06-02,96,1.0,True,191.0,178.10124070071825,-12.89875929928175,12.89875929928175,2021-06-02 10:45:00,2021-06-02 09:00:00,-105.0,105.0
D1,F1-11-top40,1,11,2021-06-03,96,1.0,True,181.0,176.17703277314172,-4.822967226858282,4.822967226858282,2021-06-03 08:30:00,2021-06-03 09:00:00,30.0,30.0
D1,F1-11-top40,1,11,2021-06-04,96,1.0,True,173.0,147.89437424703019,-25.105625752969814,25.105625752969814,2021-06-04 10:45:00,2021-06-04 10:45:00,0.0,0.0
D1,F1-11-top40,1,11,2021-06-05,96,1.0,True,116.0,107.56440843516174,-8.435591564838262,8.435591564838262,2021-06-05 01:45:00,2021-06-05 06:15:00,270.0,270.0
D1,F1-11-top40,1,11,2021-06-06,96,1.0,True,27.0,35.88839518073031,8.888395180730313,8.888395180730313,2021-06-06 01:30:00,2021-06-06 10:30:00,540.0,540.0
D1,F1-11-top40,1,11,2021-06-14,96,1.0,True,204.0,180.02177645621578,-23.978223543784225,23.978223543784225,2021-06-14 09:00:00,2021-06-14 11:45:00,165.0,165.0
D1,F1-11-top40,1,11,2021-06-15,96,1.0,True,198.0,180.40696593644478,-17.593034063555223,17.593034063555223,2021-06-15 08:45:00,2021-06-15 08:45:00,0.0,0.0
D1,F1-11-top40,1,11,2021-06-16,96,1.0,True,193.0,177.899195208517,-15.100804791483,15.100804791483,2021-06-16 10:45:00,2021-06-16 08:45:00,-120.0,120.0
D1,F1-11-top40,1,11,2021-06-17,96,1.0,True,197.0,180.70908335415268,-16.290916645847318,16.290916645847318,2021-06-17 08:45:00,2021-06-17 09:00:00,15.0,15.0
D1,F1-11-top40,1,11,2021-06-18,96,1.0,True,186.0,172.69750777226628,-13.302492227733723,13.302492227733723,2021-06-18 10:00:00,2021-06-18 11:30:00,90.0,90.0
D1,F1-11-top40,1,11,2021-06-19,96,1.0,True,119.0,111.69565194057355,-7.304348059426445,7.304348059426445,2021-06-19 02:15:00,2021-06-19 04:45:00,150.0,150.0
D1,F1-11-top40,1,11,2021-06-20,96,1.0,True,28.0,33.96387492867018,5.9638749286701795,5.9638749286701795,2021-06-20 15:15:00,2021-06-20 09:30:00,-345.0,345.0
D1,F1-11-top40,1,12,2021-05-31,96,1.0,True,172.0,189.09760086314708,17.09760086314708,17.09760086314708,2021-05-31 10:30:00,2021-05-31 10:30:00,0.0,0.0
D1,F1-11-top40,1,12,2021-06-01,96,1.0,True,195.0,174.4855839709768,-20.51441602902321,20.51441602902321,2021-06-01 09:00:00,2021-06-01 13:45:00,285.0,285.0
D1,F1-11-top40,1,12,2021-06-02,96,1.0,True,191.0,177.65508302400656,-13.344916975993442,13.344916975993442,2021-06-02 10:45:00,2021-06-02 08:30:00,-135.0,135.0
D1,F1-11-top40,1,12,2021-06-03,96,1.0,True,181.0,175.83188503130185,-5.1681149686981485,5.1681149686981485,2021-06-03 08:30:00,2021-06-03 09:00:00,30.0,30.0
D1,F1-11-top40,1,12,2021-06-04,96,1.0,True,173.0,165.3052951287311,-7.694704871268897,7.694704871268897,2021-06-04 10:45:00,2021-06-04 10:45:00,0.0,0.0
D1,F1-11-top40,1,12,2021-06-05,96,1.0,True,116.0,104.59325877730875,-11.406741222691252,11.406741222691252,2021-06-05 01:45:00,2021-06-05 06:15:00,270.0,270.0
D1,F1-11-top40,1,12,2021-06-06,96,1.0,True,27.0,41.82043907014934,14.820439070149341,14.820439070149341,2021-06-06 01:30:00,2021-06-06 11:00:00,570.0,570.0
D1,F1-11-top40,1,12,2021-06-14,96,1.0,True,204.0,179.62809095375596,-24.371909046244042,24.371909046244042,2021-06-14 09:00:00,2021-06-14 12:00:00,180.0,180.0
D1,F1-11-top40,1,12,2021-06-15,96,1.0,True,198.0,180.1075690920304,-17.89243090796961,17.89243090796961,2021-06-15 08:45:00,2021-06-15 08:45:00,0.0,0.0
D1,F1-11-top40,1,12,2021-06-16,96,1.0,True,193.0,178.5459683119054,-14.454031688094602,14.454031688094602,2021-06-16 10:45:00,2021-06-16 08:45:00,-120.0,120.0
D1,F1-11-top40,1,12,2021-06-17,96,1.0,True,197.0,183.44949699378486,-13.550503006215138,13.550503006215138,2021-06-17 08:45:00,2021-06-17 08:45:00,0.0,0.0
D1,F1-11-top40,1,12,2021-06-18,96,1.0,True,186.0,173.29670601788538,-12.703293982114616,12.703293982114616,2021-06-18 10:00:00,2021-06-18 11:00:00,60.0,60.0
D1,F1-11-top40,1,12,2021-06-19,96,1.0,True,119.0,112.06237145737671,-6.937628542623287,6.937628542623287,2021-06-19 02:15:00,2021-06-19 06:15:00,240.0,240.0
D1,F1-11-top40,1,12,2021-06-20,96,1.0,True,28.0,36.581746920378855,8.581746920378855,8.581746920378855,2021-06-20 15:15:00,2021-06-20 10:45:00,-270.0,270.0
D1,F1-11-top40,1,13,2021-05-31,96,1.0,True,172.0,180.4538546662833,8.453854666283291,8.453854666283291,2021-05-31 10:30:00,2021-05-31 10:45:00,15.0,15.0
D1,F1-11-top40,1,13,2021-06-01,96,1.0,True,195.0,169.87284314620845,-25.127156853791547,25.127156853791547,2021-06-01 09:00:00,2021-06-01 13:45:00,285.0,285.0
D1,F1-11-top40,1,13,2021-06-02,96,1.0,True,191.0,171.27442834302727,-19.725571656972733,19.725571656972733,2021-06-02 10:45:00,2021-06-02 09:45:00,-60.0,60.0
D1,F1-11-top40,1,13,2021-06-03,96,1.0,True,181.0,166.33951787463113,-14.660482125368873,14.660482125368873,2021-06-03 08:30:00,2021-06-03 08:30:00,0.0,0.0
D1,F1-11-top40,1,13,2021-06-04,96,1.0,True,173.0,157.2965255125324,-15.703474487467588,15.703474487467588,2021-06-04 10:45:00,2021-06-04 08:45:00,-120.0,120.0
D1,F1-11-top40,1,13,2021-06-05,96,1.0,True,116.0,107.67551206302038,-8.324487936979622,8.324487936979622,2021-06-05 01:45:00,2021-06-05 04:15:00,150.0,150.0
D1,F1-11-top40,1,13,2021-06-06,96,1.0,True,27.0,35.799138738755296,8.799138738755296,8.799138738755296,2021-06-06 01:30:00,2021-06-06 11:00:00,570.0,570.0
D1,F1-11-top40,1,13,2021-06-14,96,1.0,True,204.0,171.40478545030302,-32.595214549696976,32.595214549696976,2021-06-14 09:00:00,2021-06-14 14:00:00,300.0,300.0
D1,F1-11-top40,1,13,2021-06-15,96,1.0,True,198.0,170.7022652479266,-27.29773475207341,27.29773475207341,2021-06-15 08:45:00,2021-06-15 14:15:00,330.0,330.0
D1,F1-11-top40,1,13,2021-06-16,96,1.0,True,193.0,169.54016343506893,-23.459836564931067,23.459836564931067,2021-06-16 10:45:00,2021-06-16 08:30:00,-135.0,135.0
D1,F1-11-top40,1,13,2021-06-17,96,1.0,True,197.0,170.05196885779546,-26.94803114220454,26.94803114220454,2021-06-17 08:45:00,2021-06-17 15:30:00,405.0,405.0
D1,F1-11-top40,1,13,2021-06-18,96,1.0,True,186.0,167.906484415073,-18.09351558492699,18.09351558492699,2021-06-18 10:00:00,2021-06-18 08:45:00,-75.0,75.0
D1,F1-11-top40,1,13,2021-06-19,96,1.0,True,119.0,110.53655210801278,-8.463447891987215,8.463447891987215,2021-06-19 02:15:00,2021-06-19 04:45:00,150.0,150.0
D1,F1-11-top40,1,13,2021-06-20,96,1.0,True,28.0,35.508117332158065,7.508117332158065,7.508117332158065,2021-06-20 15:15:00,2021-06-20 11:15:00,-240.0,240.0
D1,F1-11-top40,1,14,2021-05-31,96,1.0,True,172.0,179.0883893107749,7.088389310774886,7.088389310774886,2021-05-31 10:30:00,2021-05-31 11:00:00,30.0,30.0
D1,F1-11-top40,1,14,2021-06-01,96,1.0,True,195.0,175.64817718405098,-19.35182281594902,19.35182281594902,2021-06-01 09:00:00,2021-06-01 13:45:00,285.0,285.0
D1,F1-11-top40,1,14,2021-06-02,96,1.0,True,191.0,174.39074938311845,-16.609250616881553,16.609250616881553,2021-06-02 10:45:00,2021-06-02 09:00:00,-105.0,105.0
D1,F1-11-top40,1,14,2021-06-03,96,1.0,True,181.0,173.92976532525438,-7.07023467474562,7.07023467474562,2021-06-03 08:30:00,2021-06-03 09:00:00,30.0,30.0
D1,F1-11-top40,1,14,2021-06-04,96,1.0,True,173.0,159.14557322693312,-13.854426773066876,13.854426773066876,2021-06-04 10:45:00,2021-06-04 10:45:00,0.0,0.0
D1,F1-11-top40,1,14,2021-06-05,96,1.0,True,116.0,106.17100089539699,-9.828999104603014,9.828999104603014,2021-06-05 01:45:00,2021-06-05 06:15:00,270.0,270.0
D1,F1-11-top40,1,14,2021-06-06,96,1.0,True,27.0,48.079075869424415,21.079075869424415,21.079075869424415,2021-06-06 01:30:00,2021-06-06 08:45:00,435.0,435.0
D1,F1-11-top40,1,14,2021-06-14,96,1.0,True,204.0,176.78108767780063,-27.218912322199373,27.218912322199373,2021-06-14 09:00:00,2021-06-14 14:00:00,300.0,300.0
D1,F1-11-top40,1,14,2021-06-15,96,1.0,True,198.0,178.04143021361307,-19.95856978638693,19.95856978638693,2021-06-15 08:45:00,2021-06-15 08:45:00,0.0,0.0
D1,F1-11-top40,1,14,2021-06-16,96,1.0,True,193.0,176.34255122687486,-16.65744877312514,16.65744877312514,2021-06-16 10:45:00,2021-06-16 09:00:00,-105.0,105.0
D1,F1-11-top40,1,14,2021-06-17,96,1.0,True,197.0,179.5844445854621,-17.41555541453789,17.41555541453789,2021-06-17 08:45:00,2021-06-17 08:30:00,-15.0,15.0
D1,F1-11-top40,1,14,2021-06-18,96,1.0,True,186.0,171.78719565613972,-14.212804343860284,14.212804343860284,2021-06-18 10:00:00,2021-06-18 10:45:00,45.0,45.0
D1,F1-11-top40,1,14,2021-06-19,96,1.0,True,119.0,112.20849942414236,-6.79150057585764,6.79150057585764,2021-06-19 02:15:00,2021-06-19 06:00:00,225.0,225.0
D1,F1-11-top40,1,14,2021-06-20,96,1.0,True,28.0,45.71966065483889,17.71966065483889,17.71966065483889,2021-06-20 15:15:00,2021-06-20 09:15:00,-360.0,360.0
D1,F1-11-top40,1,15,2021-05-31,96,1.0,True,172.0,184.0334825211972,12.033482521197186,12.033482521197186,2021-05-31 10:30:00,2021-05-31 11:00:00,30.0,30.0
D1,F1-11-top40,1,15,2021-06-01,96,1.0,True,195.0,170.7273578673349,-24.272642132665112,24.272642132665112,2021-06-01 09:00:00,2021-06-01 13:45:00,285.0,285.0
D1,F1-11-top40,1,15,2021-06-02,96,1.0,True,191.0,170.279090415478,-20.72090958452199,20.72090958452199,2021-06-02 10:45:00,2021-06-02 08:30:00,-135.0,135.0
D1,F1-11-top40,1,15,2021-06-03,96,1.0,True,181.0,167.69295176997053,-13.307048230029466,13.307048230029466,2021-06-03 08:30:00,2021-06-03 09:00:00,30.0,30.0
D1,F1-11-top40,1,15,2021-06-04,96,1.0,True,173.0,157.98877545843132,-15.01122454156868,15.01122454156868,2021-06-04 10:45:00,2021-06-04 09:00:00,-105.0,105.0
D1,F1-11-top40,1,15,2021-06-05,96,1.0,True,116.0,103.22268268134836,-12.77731731865164,12.77731731865164,2021-06-05 01:45:00,2021-06-05 04:15:00,150.0,150.0
D1,F1-11-top40,1,15,2021-06-06,96,1.0,True,27.0,44.07268748125728,17.072687481257283,17.072687481257283,2021-06-06 01:30:00,2021-06-06 08:45:00,435.0,435.0
D1,F1-11-top40,1,15,2021-06-14,96,1.0,True,204.0,170.6897436742432,-33.3102563257568,33.3102563257568,2021-06-14 09:00:00,2021-06-14 14:00:00,300.0,300.0
D1,F1-11-top40,1,15,2021-06-15,96,1.0,True,198.0,171.47944507866433,-26.520554921335673,26.520554921335673,2021-06-15 08:45:00,2021-06-15 08:45:00,0.0,0.0
D1,F1-11-top40,1,15,2021-06-16,96,1.0,True,193.0,170.9211108548229,-22.0788891451771,22.0788891451771,2021-06-16 10:45:00,2021-06-16 08:30:00,-135.0,135.0
D1,F1-11-top40,1,15,2021-06-17,96,1.0,True,197.0,171.35773967797755,-25.64226032202245,25.64226032202245,2021-06-17 08:45:00,2021-06-17 08:30:00,-15.0,15.0
D1,F1-11-top40,1,15,2021-06-18,96,1.0,True,186.0,168.53657008467155,-17.463429915328447,17.463429915328447,2021-06-18 10:00:00,2021-06-18 08:30:00,-90.0,90.0
D1,F1-11-top40,1,15,2021-06-19,96,1.0,True,119.0,111.43944211175251,-7.560557888247487,7.560557888247487,2021-06-19 02:15:00,2021-06-19 06:45:00,270.0,270.0
D1,F1-11-top40,1,15,2021-06-20,96,1.0,True,28.0,36.73197832018876,8.731978320188759,8.731978320188759,2021-06-20 15:15:00,2021-06-20 09:30:00,-345.0,345.0
D1,F1-11-top40,1,16,2021-05-31,96,1.0,True,172.0,182.48407632341682,10.484076323416815,10.484076323416815,2021-05-31 10:30:00,2021-05-31 11:00:00,30.0,30.0
D1,F1-11-top40,1,16,2021-06-01,96,1.0,True,195.0,172.66020779549098,-22.339792204509024,22.339792204509024,2021-06-01 09:00:00,2021-06-01 14:00:00,300.0,300.0
D1,F1-11-top40,1,16,2021-06-02,96,1.0,True,191.0,170.82752226335768,-20.17247773664232,20.17247773664232,2021-06-02 10:45:00,2021-06-02 09:00:00,-105.0,105.0
D1,F1-11-top40,1,16,2021-06-03,96,1.0,True,181.0,169.23299821370009,-11.767001786299915,11.767001786299915,2021-06-03 08:30:00,2021-06-03 09:45:00,75.0,75.0
D1,F1-11-top40,1,16,2021-06-04,96,1.0,True,173.0,159.33567960481585,-13.664320395184149,13.664320395184149,2021-06-04 10:45:00,2021-06-04 11:45:00,60.0,60.0
D1,F1-11-top40,1,16,2021-06-05,96,1.0,True,116.0,104.57077097684487,-11.42922902315513,11.42922902315513,2021-06-05 01:45:00,2021-06-05 06:15:00,270.0,270.0
D1,F1-11-top40,1,16,2021-06-06,96,1.0,True,27.0,41.51107566505738,14.511075665057383,14.511075665057383,2021-06-06 01:30:00,2021-06-06 08:45:00,435.0,435.0
D1,F1-11-top40,1,16,2021-06-14,96,1.0,True,204.0,173.23888239158924,-30.761117608410757,30.761117608410757,2021-06-14 09:00:00,2021-06-14 14:00:00,300.0,300.0
D1,F1-11-top40,1,16,2021-06-15,96,1.0,True,198.0,175.19266572851052,-22.80733427148948,22.80733427148948,2021-06-15 08:45:00,2021-06-15 08:30:00,-15.0,15.0
D1,F1-11-top40,1,16,2021-06-16,96,1.0,True,193.0,173.96968313763534,-19.030316862364657,19.030316862364657,2021-06-16 10:45:00,2021-06-16 08:30:00,-135.0,135.0
D1,F1-11-top40,1,16,2021-06-17,96,1.0,True,197.0,173.2815618154782,-23.7184381845218,23.7184381845218,2021-06-17 08:45:00,2021-06-17 13:45:00,300.0,300.0
D1,F1-11-top40,1,16,2021-06-18,96,1.0,True,186.0,170.50910136332197,-15.490898636678025,15.490898636678025,2021-06-18 10:00:00,2021-06-18 08:45:00,-75.0,75.0
D1,F1-11-top40,1,16,2021-06-19,96,1.0,True,119.0,108.23782625477614,-10.762173745223862,10.762173745223862,2021-06-19 02:15:00,2021-06-19 06:45:00,270.0,270.0
D1,F1-11-top40,1,16,2021-06-20,96,1.0,True,28.0,41.58584285757568,13.585842857575678,13.585842857575678,2021-06-20 15:15:00,2021-06-20 10:45:00,-270.0,270.0
D1,F1-11-top40,2,4,2021-07-12,96,1.0,True,198.0,187.70654829626562,-10.293451703734377,10.293451703734377,2021-07-12 08:45:00,2021-07-12 09:30:00,45.0,45.0
D1,F1-11-top40,2,4,2021-07-13,1,0.010416666666666666,False,79.0,105.61701597829774,26.617015978297744,26.617015978297744,2021-07-13 00:00:00,2021-07-13 00:00:00,0.0,0.0
D1,F1-11-top40,2,4,2021-07-17,80,0.8333333333333334,False,108.0,107.70036329059023,-0.29963670940976783,0.29963670940976783,2021-07-17 06:00:00,2021-07-17 04:00:00,-120.0,120.0
D1,F1-11-top40,2,4,2021-07-18,84,0.875,False,28.0,64.60950092780507,36.60950092780507,36.60950092780507,2021-07-18 04:30:00,2021-07-18 08:15:00,225.0,225.0
D1,F1-11-top40,2,4,2021-07-26,84,0.875,False,217.0,188.28876755471867,-28.711232445281325,28.711232445281325,2021-07-26 08:30:00,2021-07-26 10:00:00,90.0,90.0
D1,F1-11-top40,2,4,2021-07-27,84,0.875,False,211.0,187.4498916721163,-23.55010832788369,23.55010832788369,2021-07-27 11:45:00,2021-07-27 13:30:00,105.0,105.0
D1,F1-11-top40,2,4,2021-07-28,84,0.875,False,212.0,183.47435714729974,-28.52564285270026,28.52564285270026,2021-07-28 12:00:00,2021-07-28 13:45:00,105.0,105.0
D1,F1-11-top40,2,4,2021-07-29,84,0.875,False,211.0,187.3745084245111,-23.625491575488894,23.625491575488894,2021-07-29 12:00:00,2021-07-29 14:00:00,120.0,120.0
D1,F1-11-top40,2,4,2021-07-30,85,0.8854166666666666,False,212.0,183.7561756682234,-28.243824331776608,28.243824331776608,2021-07-30 12:00:00,2021-07-30 13:30:00,90.0,90.0
D1,F1-11-top40,2,4,2021-07-31,96,1.0,True,80.0,82.84610968285212,2.8461096828521164,2.8461096828521164,2021-07-31 00:00:00,2021-07-31 00:00:00,0.0,0.0
D1,F1-11-top40,2,4,2021-08-01,96,1.0,True,28.0,27.393062128734716,-0.6069378712652842,0.6069378712652842,2021-08-01 09:00:00,2021-08-01 00:45:00,-495.0,495.0
D1,F1-11-top40,2,4,2021-08-09,39,0.40625,False,215.0,101.19239733592688,-113.80760266407312,113.80760266407312,2021-08-09 08:45:00,2021-08-09 08:30:00,-15.0,15.0
D1,F1-11-top40,2,5,2021-07-12,96,1.0,True,198.0,187.07342744650222,-10.926572553497778,10.926572553497778,2021-07-12 08:45:00,2021-07-12 09:00:00,15.0,15.0
D1,F1-11-top40,2,5,2021-07-13,1,0.010416666666666666,False,79.0,104.49638974106088,25.49638974106088,25.49638974106088,2021-07-13 00:00:00,2021-07-13 00:00:00,0.0,0.0
D1,F1-11-top40,2,5,2021-07-17,79,0.8229166666666666,False,108.0,107.27695882512529,-0.7230411748747088,0.7230411748747088,2021-07-17 06:00:00,2021-07-17 04:15:00,-105.0,105.0
D1,F1-11-top40,2,5,2021-07-18,84,0.875,False,28.0,66.18839422329025,38.188394223290246,38.188394223290246,2021-07-18 04:30:00,2021-07-18 08:15:00,225.0,225.0
D1,F1-11-top40,2,5,2021-07-26,84,0.875,False,217.0,191.1785680025675,-25.821431997432512,25.821431997432512,2021-07-26 08:30:00,2021-07-26 13:45:00,315.0,315.0
D1,F1-11-top40,2,5,2021-07-27,84,0.875,False,211.0,183.04705527303847,-27.952944726961533,27.952944726961533,2021-07-27 11:45:00,2021-07-27 15:00:00,195.0,195.0
D1,F1-11-top40,2,5,2021-07-28,84,0.875,False,212.0,183.16836586686705,-28.83163413313295,28.83163413313295,2021-07-28 12:00:00,2021-07-28 14:30:00,150.0,150.0
D1,F1-11-top40,2,5,2021-07-29,84,0.875,False,211.0,185.12782726959523,-25.87217273040477,25.87217273040477,2021-07-29 12:00:00,2021-07-29 14:45:00,165.0,165.0
D1,F1-11-top40,2,5,2021-07-30,85,0.8854166666666666,False,212.0,178.95753450228312,-33.042465497716876,33.042465497716876,2021-07-30 12:00:00,2021-07-30 14:30:00,150.0,150.0
D1,F1-11-top40,2,5,2021-07-31,96,1.0,True,80.0,85.92194090295578,5.921940902955782,5.921940902955782,2021-07-31 00:00:00,2021-07-31 01:15:00,75.0,75.0
D1,F1-11-top40,2,5,2021-08-01,96,1.0,True,28.0,35.55710665029084,7.557106650290841,7.557106650290841,2021-08-01 09:00:00,2021-08-01 11:15:00,135.0,135.0
D1,F1-11-top40,2,5,2021-08-09,39,0.40625,False,215.0,94.20514022171663,-120.79485977828337,120.79485977828337,2021-08-09 08:45:00,2021-08-09 09:30:00,45.0,45.0
D1,F1-11-top40,2,6,2021-07-12,96,1.0,True,198.0,197.93702361825163,-0.06297638174837061,0.06297638174837061,2021-07-12 08:45:00,2021-07-12 08:45:00,0.0,0.0
D1,F1-11-top40,2,6,2021-07-13,1,0.010416666666666666,False,79.0,101.88628105724253,22.886281057242527,22.886281057242527,2021-07-13 00:00:00,2021-07-13 00:00:00,0.0,0.0
D1,F1-11-top40,2,6,2021-07-17,78,0.8125,False,108.0,106.73575304523612,-1.2642469547638768,1.2642469547638768,2021-07-17 06:00:00,2021-07-17 06:15:00,15.0,15.0
D1,F1-11-top40,2,6,2021-07-18,84,0.875,False,28.0,67.67016692656527,39.67016692656527,39.67016692656527,2021-07-18 01:15:00,2021-07-18 08:45:00,450.0,450.0
D1,F1-11-top40,2,6,2021-07-26,84,0.875,False,217.0,195.4987982491893,-21.501201750810708,21.501201750810708,2021-07-26 08:30:00,2021-07-26 08:30:00,0.0,0.0
D1,F1-11-top40,2,6,2021-07-27,84,0.875,False,211.0,193.31696302678725,-17.68303697321275,17.68303697321275,2021-07-27 11:45:00,2021-07-27 15:00:00,195.0,195.0
D1,F1-11-top40,2,6,2021-07-28,84,0.875,False,212.0,184.42635800385582,-27.573641996144175,27.573641996144175,2021-07-28 12:00:00,2021-07-28 15:00:00,180.0,180.0
D1,F1-11-top40,2,6,2021-07-29,84,0.875,False,211.0,192.1571703339442,-18.842829666055792,18.842829666055792,2021-07-29 12:00:00,2021-07-29 15:00:00,180.0,180.0
D1,F1-11-top40,2,6,2021-07-30,85,0.8854166666666666,False,212.0,183.87352016901707,-28.12647983098293,28.12647983098293,2021-07-30 12:00:00,2021-07-30 15:00:00,180.0,180.0
D1,F1-11-top40,2,6,2021-07-31,96,1.0,True,80.0,90.36219685515421,10.36219685515421,10.36219685515421,2021-07-31 00:00:00,2021-07-31 01:30:00,90.0,90.0
D1,F1-11-top40,2,6,2021-08-01,96,1.0,True,28.0,42.559656451227454,14.559656451227454,14.559656451227454,2021-08-01 09:00:00,2021-08-01 11:45:00,165.0,165.0
D1,F1-11-top40,2,6,2021-08-09,39,0.40625,False,215.0,89.76199280152633,-125.23800719847367,125.23800719847367,2021-08-09 08:45:00,2021-08-09 09:15:00,30.0,30.0
D1,F1-11-top40,2,7,2021-07-12,96,1.0,True,198.0,194.52835834532377,-3.471641654676233,3.471641654676233,2021-07-12 08:45:00,2021-07-12 08:45:00,0.0,0.0
D1,F1-11-top40,2,7,2021-07-13,1,0.010416666666666666,False,79.0,96.39444528647502,17.39444528647502,17.39444528647502,2021-07-13 00:00:00,2021-07-13 00:00:00,0.0,0.0
D1,F1-11-top40,2,7,2021-07-17,77,0.8020833333333334,False,108.0,106.1892819538863,-1.8107180461137062,1.8107180461137062,2021-07-17 06:00:00,2021-07-17 06:15:00,15.0,15.0
D1,F1-11-top40,2,7,2021-07-18,84,0.875,False,28.0,67.40444443248222,39.40444443248222,39.40444443248222,2021-07-18 01:15:00,2021-07-18 09:00:00,465.0,465.0
D1,F1-11-top40,2,7,2021-07-26,84,0.875,False,217.0,191.43975621677953,-25.56024378322047,25.56024378322047,2021-07-26 08:30:00,2021-07-26 09:00:00,30.0,30.0
D1,F1-11-top40,2,7,2021-07-27,84,0.875,False,211.0,183.4850699627766,-27.514930037223394,27.514930037223394,2021-07-27 11:45:00,2021-07-27 11:15:00,-30.0,30.0
D1,F1-11-top40,2,7,2021-07-28,84,0.875,False,212.0,179.5110864454092,-32.488913554590795,32.488913554590795,2021-07-28 12:00:00,2021-07-28 14:45:00,165.0,165.0
D1,F1-11-top40,2,7,2021-07-29,84,0.875,False,211.0,182.39913106631366,-28.600868933686343,28.600868933686343,2021-07-29 12:00:00,2021-07-29 15:00:00,180.0,180.0
D1,F1-11-top40,2,7,2021-07-30,85,0.8854166666666666,False,212.0,182.3928312462501,-29.607168753749903,29.607168753749903,2021-07-30 12:00:00,2021-07-30 11:45:00,-15.0,15.0
D1,F1-11-top40,2,7,2021-07-31,96,1.0,True,80.0,104.41423501543665,24.414235015436645,24.414235015436645,2021-07-31 00:00:00,2021-07-31 01:45:00,105.0,105.0
D1,F1-11-top40,2,7,2021-08-01,96,1.0,True,28.0,38.04440559150859,10.044405591508593,10.044405591508593,2021-08-01 09:00:00,2021-08-01 11:45:00,165.0,165.0
D1,F1-11-top40,2,7,2021-08-09,39,0.40625,False,215.0,97.40697589039354,-117.59302410960646,117.59302410960646,2021-08-09 08:45:00,2021-08-09 09:15:00,30.0,30.0
D1,F1-11-top40,2,8,2021-07-12,96,1.0,True,198.0,188.7467403140109,-9.253259685989093,9.253259685989093,2021-07-12 08:45:00,2021-07-12 08:45:00,0.0,0.0
D1,F1-11-top40,2,8,2021-07-13,1,0.010416666666666666,False,79.0,99.81687708848678,20.816877088486777,20.816877088486777,2021-07-13 00:00:00,2021-07-13 00:00:00,0.0,0.0
D1,F1-11-top40,2,8,2021-07-17,76,0.7916666666666666,False,108.0,105.16695165778313,-2.8330483422168697,2.8330483422168697,2021-07-17 06:00:00,2021-07-17 07:15:00,75.0,75.0
D1,F1-11-top40,2,8,2021-07-18,84,0.875,False,28.0,48.83863866497683,20.838638664976827,20.838638664976827,2021-07-18 01:15:00,2021-07-18 09:00:00,465.0,465.0
D1,F1-11-top40,2,8,2021-07-26,84,0.875,False,217.0,188.45319501882219,-28.546804981177814,28.546804981177814,2021-07-26 08:30:00,2021-07-26 11:45:00,195.0,195.0
D1,F1-11-top40,2,8,2021-07-27,84,0.875,False,211.0,184.2679811338109,-26.732018866189094,26.732018866189094,2021-07-27 11:45:00,2021-07-27 15:00:00,195.0,195.0
D1,F1-11-top40,2,8,2021-07-28,84,0.875,False,212.0,180.054322033822,-31.94567796617801,31.94567796617801,2021-07-28 12:00:00,2021-07-28 15:00:00,180.0,180.0
D1,F1-11-top40,2,8,2021-07-29,84,0.875,False,211.0,186.89702260251295,-24.102977397487052,24.102977397487052,2021-07-29 12:00:00,2021-07-29 15:00:00,180.0,180.0
D1,F1-11-top40,2,8,2021-07-30,85,0.8854166666666666,False,212.0,182.70999751849905,-29.29000248150095,29.29000248150095,2021-07-30 12:00:00,2021-07-30 15:45:00,225.0,225.0
D1,F1-11-top40,2,8,2021-07-31,96,1.0,True,80.0,108.27819139854486,28.278191398544863,28.278191398544863,2021-07-31 00:00:00,2021-07-31 01:45:00,105.0,105.0
D1,F1-11-top40,2,8,2021-08-01,96,1.0,True,28.0,34.3762036695426,6.376203669542598,6.376203669542598,2021-08-01 09:00:00,2021-08-01 07:30:00,-90.0,90.0
D1,F1-11-top40,2,8,2021-08-09,39,0.40625,False,215.0,89.56456316757344,-125.43543683242656,125.43543683242656,2021-08-09 08:45:00,2021-08-09 09:30:00,45.0,45.0
D1,F1-11-top40,2,9,2021-07-12,96,1.0,True,198.0,183.06052161968518,-14.939478380314824,14.939478380314824,2021-07-12 08:45:00,2021-07-12 10:45:00,120.0,120.0
D1,F1-11-top40,2,9,2021-07-13,1,0.010416666666666666,False,79.0,100.17094300746615,21.17094300746615,21.17094300746615,2021-07-13 00:00:00,2021-07-13 00:00:00,0.0,0.0
D1,F1-11-top40,2,9,2021-07-17,75,0.78125,False,108.0,107.50519418054274,-0.4948058194572553,0.4948058194572553,2021-07-17 06:00:00,2021-07-17 06:15:00,15.0,15.0
D1,F1-11-top40,2,9,2021-07-18,84,0.875,False,28.0,51.911871592299555,23.911871592299555,23.911871592299555,2021-07-18 01:15:00,2021-07-18 09:00:00,465.0,465.0
D1,F1-11-top40,2,9,2021-07-26,84,0.875,False,217.0,194.31375831091924,-22.68624168908076,22.68624168908076,2021-07-26 08:30:00,2021-07-26 11:45:00,195.0,195.0
D1,F1-11-top40,2,9,2021-07-27,84,0.875,False,211.0,186.41155713059908,-24.58844286940092,24.58844286940092,2021-07-27 11:45:00,2021-07-27 12:00:00,15.0,15.0
D1,F1-11-top40,2,9,2021-07-28,84,0.875,False,212.0,180.1837649038211,-31.8162350961789,31.8162350961789,2021-07-28 12:00:00,2021-07-28 09:00:00,-180.0,180.0
D1,F1-11-top40,2,9,2021-07-29,84,0.875,False,211.0,185.90903741174532,-25.090962588254683,25.090962588254683,2021-07-29 12:00:00,2021-07-29 12:00:00,0.0,0.0
D1,F1-11-top40,2,9,2021-07-30,85,0.8854166666666666,False,212.0,183.40545067690024,-28.594549323099756,28.594549323099756,2021-07-30 12:00:00,2021-07-30 11:45:00,-15.0,15.0
D1,F1-11-top40,2,9,2021-07-31,96,1.0,True,80.0,112.75572160348153,32.75572160348153,32.75572160348153,2021-07-31 00:00:00,2021-07-31 01:45:00,105.0,105.0
D1,F1-11-top40,2,9,2021-08-01,96,1.0,True,28.0,31.25223594101392,3.2522359410139217,3.2522359410139217,2021-08-01 09:00:00,2021-08-01 11:45:00,165.0,165.0
D1,F1-11-top40,2,9,2021-08-09,39,0.40625,False,215.0,89.52609208333963,-125.47390791666037,125.47390791666037,2021-08-09 08:45:00,2021-08-09 08:15:00,-30.0,30.0
D1,F1-11-top40,2,10,2021-07-12,96,1.0,True,198.0,182.866571010472,-15.133428989528,15.133428989528,2021-07-12 08:45:00,2021-07-12 08:45:00,0.0,0.0
D1,F1-11-top40,2,10,2021-07-13,1,0.010416666666666666,False,79.0,104.34031586902552,25.340315869025517,25.340315869025517,2021-07-13 00:00:00,2021-07-13 00:00:00,0.0,0.0
D1,F1-11-top40,2,10,2021-07-17,74,0.7708333333333334,False,108.0,115.04221859847038,7.0422185984703844,7.0422185984703844,2021-07-17 06:00:00,2021-07-17 08:15:00,135.0,135.0
D1,F1-11-top40,2,10,2021-07-18,84,0.875,False,28.0,42.496364900717936,14.496364900717936,14.496364900717936,2021-07-18 01:15:00,2021-07-18 09:15:00,480.0,480.0
D1,F1-11-top40,2,10,2021-07-26,84,0.875,False,217.0,190.70196824872335,-26.298031751276653,26.298031751276653,2021-07-26 08:30:00,2021-07-26 11:30:00,180.0,180.0
D1,F1-11-top40,2,10,2021-07-27,84,0.875,False,211.0,184.81759558622971,-26.182404413770286,26.182404413770286,2021-07-27 11:45:00,2021-07-27 16:00:00,255.0,255.0
D1,F1-11-top40,2,10,2021-07-28,84,0.875,False,212.0,181.91877390997885,-30.081226090021147,30.081226090021147,2021-07-28 12:00:00,2021-07-28 14:45:00,165.0,165.0
D1,F1-11-top40,2,10,2021-07-29,84,0.875,False,211.0,186.30892167606285,-24.69107832393715,24.69107832393715,2021-07-29 12:00:00,2021-07-29 08:30:00,-210.0,210.0
D1,F1-11-top40,2,10,2021-07-30,85,0.8854166666666666,False,212.0,185.30940989533548,-26.690590104664523,26.690590104664523,2021-07-30 12:00:00,2021-07-30 11:45:00,-15.0,15.0
D1,F1-11-top40,2,10,2021-07-31,96,1.0,True,80.0,112.6767819155831,32.676781915583106,32.676781915583106,2021-07-31 00:00:00,2021-07-31 01:45:00,105.0,105.0
D1,F1-11-top40,2,10,2021-08-01,96,1.0,True,28.0,31.105030730054626,3.105030730054626,3.105030730054626,2021-08-01 09:00:00,2021-08-01 03:30:00,-330.0,330.0
D1,F1-11-top40,2,10,2021-08-09,39,0.40625,False,215.0,118.25506346774027,-96.74493653225973,96.74493653225973,2021-08-09 08:45:00,2021-08-09 08:00:00,-45.0,45.0
D1,F1-11-top40,2,11,2021-07-12,96,1.0,True,198.0,179.26576085740345,-18.73423914259655,18.73423914259655,2021-07-12 08:45:00,2021-07-12 13:45:00,300.0,300.0
D1,F1-11-top40,2,11,2021-07-13,1,0.010416666666666666,False,79.0,98.94110403030547,19.941104030305468,19.941104030305468,2021-07-13 00:00:00,2021-07-13 00:00:00,0.0,0.0
D1,F1-11-top40,2,11,2021-07-17,73,0.7604166666666666,False,108.0,109.36189887389078,1.3618988738907802,1.3618988738907802,2021-07-17 06:00:00,2021-07-17 08:30:00,150.0,150.0
D1,F1-11-top40,2,11,2021-07-18,84,0.875,False,28.0,53.642455296899904,25.642455296899904,25.642455296899904,2021-07-18 01:15:00,2021-07-18 08:45:00,450.0,450.0
D1,F1-11-top40,2,11,2021-07-26,84,0.875,False,217.0,187.18474230516563,-29.815257694834372,29.815257694834372,2021-07-26 08:30:00,2021-07-26 11:45:00,195.0,195.0
D1,F1-11-top40,2,11,2021-07-27,84,0.875,False,211.0,182.91490563753914,-28.085094362460865,28.085094362460865,2021-07-27 11:45:00,2021-07-27 14:30:00,165.0,165.0
D1,F1-11-top40,2,11,2021-07-28,84,0.875,False,212.0,179.73504534940912,-32.26495465059088,32.26495465059088,2021-07-28 12:00:00,2021-07-28 08:30:00,-210.0,210.0
D1,F1-11-top40,2,11,2021-07-29,84,0.875,False,211.0,186.33464639219585,-24.66535360780415,24.66535360780415,2021-07-29 12:00:00,2021-07-29 14:45:00,165.0,165.0
D1,F1-11-top40,2,11,2021-07-30,85,0.8854166666666666,False,212.0,180.2380241458852,-31.76197585411481,31.76197585411481,2021-07-30 12:00:00,2021-07-30 12:00:00,0.0,0.0
D1,F1-11-top40,2,11,2021-07-31,96,1.0,True,80.0,109.52769830702076,29.527698307020756,29.527698307020756,2021-07-31 00:00:00,2021-07-31 01:45:00,105.0,105.0
D1,F1-11-top40,2,11,2021-08-01,96,1.0,True,28.0,38.81911041075406,10.819110410754057,10.819110410754057,2021-08-01 09:00:00,2021-08-01 08:30:00,-30.0,30.0
D1,F1-11-top40,2,11,2021-08-09,39,0.40625,False,215.0,123.26331913928271,-91.73668086071729,91.73668086071729,2021-08-09 08:45:00,2021-08-09 08:15:00,-30.0,30.0
D1,F1-11-top40,2,12,2021-07-12,96,1.0,True,198.0,184.72798863810507,-13.272011361894926,13.272011361894926,2021-07-12 08:45:00,2021-07-12 13:45:00,300.0,300.0
D1,F1-11-top40,2,12,2021-07-13,1,0.010416666666666666,False,79.0,96.87014868539569,17.87014868539569,17.87014868539569,2021-07-13 00:00:00,2021-07-13 00:00:00,0.0,0.0
D1,F1-11-top40,2,12,2021-07-17,72,0.75,False,108.0,116.31802206478498,8.318022064784984,8.318022064784984,2021-07-17 06:00:00,2021-07-17 08:30:00,150.0,150.0
D1,F1-11-top40,2,12,2021-07-18,84,0.875,False,28.0,42.68767695441024,14.687676954410243,14.687676954410243,2021-07-18 01:15:00,2021-07-18 10:45:00,570.0,570.0
D1,F1-11-top40,2,12,2021-07-26,84,0.875,False,217.0,198.82415045626263,-18.17584954373737,18.17584954373737,2021-07-26 08:30:00,2021-07-26 11:45:00,195.0,195.0
D1,F1-11-top40,2,12,2021-07-27,84,0.875,False,211.0,187.02400923626442,-23.97599076373558,23.97599076373558,2021-07-27 11:45:00,2021-07-27 13:45:00,120.0,120.0
D1,F1-11-top40,2,12,2021-07-28,84,0.875,False,212.0,174.59608987597403,-37.40391012402597,37.40391012402597,2021-07-28 12:00:00,2021-07-28 12:00:00,0.0,0.0
D1,F1-11-top40,2,12,2021-07-29,84,0.875,False,211.0,189.4333845781422,-21.56661542185779,21.56661542185779,2021-07-29 12:00:00,2021-07-29 12:00:00,0.0,0.0
D1,F1-11-top40,2,12,2021-07-30,85,0.8854166666666666,False,212.0,185.29846942590666,-26.70153057409334,26.70153057409334,2021-07-30 12:00:00,2021-07-30 11:45:00,-15.0,15.0
D1,F1-11-top40,2,12,2021-07-31,96,1.0,True,80.0,104.79618832147587,24.796188321475867,24.796188321475867,2021-07-31 00:00:00,2021-07-31 02:45:00,165.0,165.0
D1,F1-11-top40,2,12,2021-08-01,96,1.0,True,28.0,32.482704516253435,4.482704516253435,4.482704516253435,2021-08-01 09:00:00,2021-08-01 12:00:00,180.0,180.0
D1,F1-11-top40,2,12,2021-08-09,39,0.40625,False,215.0,130.35831434995004,-84.64168565004996,84.64168565004996,2021-08-09 08:45:00,2021-08-09 08:15:00,-30.0,30.0
D1,F1-11-top40,2,13,2021-07-12,96,1.0,True,198.0,187.2441440660353,-10.75585593396471,10.75585593396471,2021-07-12 08:45:00,2021-07-12 11:45:00,180.0,180.0
D1,F1-11-top40,2,13,2021-07-13,1,0.010416666666666666,False,79.0,96.26940423103743,17.269404231037427,17.269404231037427,2021-07-13 00:00:00,2021-07-13 00:00:00,0.0,0.0
D1,F1-11-top40,2,13,2021-07-17,71,0.7395833333333334,False,96.0,108.10075193507998,12.100751935079984,12.100751935079984,2021-07-17 06:15:00,2021-07-17 06:15:00,0.0,0.0
D1,F1-11-top40,2,13,2021-07-18,84,0.875,False,28.0,50.71050336892371,22.71050336892371,22.71050336892371,2021-07-18 01:15:00,2021-07-18 10:45:00,570.0,570.0
D1,F1-11-top40,2,13,2021-07-26,84,0.875,False,217.0,192.19735916699864,-24.802640833001362,24.802640833001362,2021-07-26 08:30:00,2021-07-26 12:00:00,210.0,210.0
D1,F1-11-top40,2,13,2021-07-27,84,0.875,False,211.0,182.9409213841715,-28.059078615828497,28.059078615828497,2021-07-27 11:45:00,2021-07-27 13:45:00,120.0,120.0
D1,F1-11-top40,2,13,2021-07-28,84,0.875,False,212.0,177.08796249871784,-34.91203750128216,34.91203750128216,2021-07-28 12:00:00,2021-07-28 14:30:00,150.0,150.0
D1,F1-11-top40,2,13,2021-07-29,84,0.875,False,211.0,182.80728222522336,-28.19271777477664,28.19271777477664,2021-07-29 12:00:00,2021-07-29 08:30:00,-210.0,210.0
D1,F1-11-top40,2,13,2021-07-30,85,0.8854166666666666,False,212.0,180.95157756198927,-31.048422438010732,31.048422438010732,2021-07-30 12:00:00,2021-07-30 11:45:00,-15.0,15.0
D1,F1-11-top40,2,13,2021-07-31,96,1.0,True,80.0,106.53891511416076,26.53891511416076,26.53891511416076,2021-07-31 00:00:00,2021-07-31 02:30:00,150.0,150.0
D1,F1-11-top40,2,13,2021-08-01,96,1.0,True,28.0,32.133919498339594,4.133919498339594,4.133919498339594,2021-08-01 09:00:00,2021-08-01 01:15:00,-465.0,465.0
D1,F1-11-top40,2,13,2021-08-09,39,0.40625,False,215.0,113.9608489633615,-101.0391510366385,101.0391510366385,2021-08-09 08:45:00,2021-08-09 08:15:00,-30.0,30.0
D1,F1-11-top40,2,14,2021-07-12,96,1.0,True,198.0,184.870147786619,-13.129852213381014,13.129852213381014,2021-07-12 08:45:00,2021-07-12 12:00:00,195.0,195.0
D1,F1-11-top40,2,14,2021-07-13,1,0.010416666666666666,False,79.0,93.77027969054028,14.770279690540278,14.770279690540278,2021-07-13 00:00:00,2021-07-13 00:00:00,0.0,0.0
D1,F1-11-top40,2,14,2021-07-17,70,0.7291666666666666,False,88.0,106.097583306541,18.097583306540997,18.097583306540997,2021-07-17 07:15:00,2021-07-17 06:30:00,-45.0,45.0
D1,F1-11-top40,2,14,2021-07-18,84,0.875,False,28.0,57.894341529089,29.894341529088997,29.894341529088997,2021-07-18 01:15:00,2021-07-18 10:45:00,570.0,570.0
D1,F1-11-top40,2,14,2021-07-26,84,0.875,False,217.0,186.39125486209394,-30.608745137906055,30.608745137906055,2021-07-26 08:30:00,2021-07-26 13:30:00,300.0,300.0
D1,F1-11-top40,2,14,2021-07-27,84,0.875,False,211.0,179.3232984495162,-31.676701550483813,31.676701550483813,2021-07-27 11:45:00,2021-07-27 10:45:00,-60.0,60.0
D1,F1-11-top40,2,14,2021-07-28,84,0.875,False,212.0,180.89141495184262,-31.10858504815738,31.10858504815738,2021-07-28 12:00:00,2021-07-28 08:45:00,-195.0,195.0
D1,F1-11-top40,2,14,2021-07-29,84,0.875,False,211.0,185.49572809147696,-25.504271908523037,25.504271908523037,2021-07-29 12:00:00,2021-07-29 08:30:00,-210.0,210.0
D1,F1-11-top40,2,14,2021-07-30,84,0.875,False,212.0,178.78843483187893,-33.21156516812107,33.21156516812107,2021-07-30 12:00:00,2021-07-30 08:45:00,-195.0,195.0
D1,F1-11-top40,2,14,2021-07-31,96,1.0,True,80.0,107.7050815995653,27.705081599565304,27.705081599565304,2021-07-31 00:00:00,2021-07-31 03:30:00,210.0,210.0
D1,F1-11-top40,2,14,2021-08-01,96,1.0,True,28.0,31.35874004383694,3.3587400438369386,3.3587400438369386,2021-08-01 09:00:00,2021-08-01 08:45:00,-15.0,15.0
D1,F1-11-top40,2,14,2021-08-09,39,0.40625,False,215.0,105.48816283948803,-109.51183716051197,109.51183716051197,2021-08-09 08:45:00,2021-08-09 08:30:00,-15.0,15.0
D1,F1-11-top40,2,15,2021-07-12,96,1.0,True,198.0,183.81221185043904,-14.187788149560959,14.187788149560959,2021-07-12 08:45:00,2021-07-12 14:30:00,345.0,345.0
D1,F1-11-top40,2,15,2021-07-13,1,0.010416666666666666,False,79.0,94.3009350293991,15.300935029399099,15.300935029399099,2021-07-13 00:00:00,2021-07-13 00:00:00,0.0,0.0
D1,F1-11-top40,2,15,2021-07-17,69,0.71875,False,88.0,105.06304634806165,17.063046348061647,17.063046348061647,2021-07-17 07:15:00,2021-07-17 07:15:00,0.0,0.0
D1,F1-11-top40,2,15,2021-07-18,84,0.875,False,28.0,61.50103110750434,33.50103110750434,33.50103110750434,2021-07-18 01:15:00,2021-07-18 10:45:00,570.0,570.0
D1,F1-11-top40,2,15,2021-07-26,84,0.875,False,217.0,186.22477705480404,-30.775222945195964,30.775222945195964,2021-07-26 08:30:00,2021-07-26 13:45:00,315.0,315.0
D1,F1-11-top40,2,15,2021-07-27,84,0.875,False,211.0,183.58491712508325,-27.41508287491675,27.41508287491675,2021-07-27 11:45:00,2021-07-27 13:30:00,105.0,105.0
D1,F1-11-top40,2,15,2021-07-28,84,0.875,False,212.0,176.43031345613826,-35.569686543861735,35.569686543861735,2021-07-28 12:00:00,2021-07-28 08:45:00,-195.0,195.0
D1,F1-11-top40,2,15,2021-07-29,84,0.875,False,211.0,185.57444539899637,-25.425554601003626,25.425554601003626,2021-07-29 12:00:00,2021-07-29 08:30:00,-210.0,210.0
D1,F1-11-top40,2,15,2021-07-30,84,0.875,False,212.0,179.69247513407365,-32.307524865926354,32.307524865926354,2021-07-30 12:00:00,2021-07-30 13:30:00,90.0,90.0
D1,F1-11-top40,2,15,2021-07-31,96,1.0,True,80.0,110.5011583166574,30.501158316657396,30.501158316657396,2021-07-31 00:00:00,2021-07-31 01:45:00,105.0,105.0
D1,F1-11-top40,2,15,2021-08-01,96,1.0,True,28.0,36.70793188004286,8.707931880042857,8.707931880042857,2021-08-01 09:00:00,2021-08-01 13:30:00,270.0,270.0
D1,F1-11-top40,2,15,2021-08-09,39,0.40625,False,215.0,101.45761860780854,-113.54238139219146,113.54238139219146,2021-08-09 08:45:00,2021-08-09 08:15:00,-30.0,30.0
D1,F1-11-top40,2,16,2021-07-12,96,1.0,True,198.0,178.13460693205548,-19.865393067944524,19.865393067944524,2021-07-12 08:45:00,2021-07-12 13:30:00,285.0,285.0
D1,F1-11-top40,2,16,2021-07-13,1,0.010416666666666666,False,79.0,96.56932767009448,17.56932767009448,17.56932767009448,2021-07-13 00:00:00,2021-07-13 00:00:00,0.0,0.0
D1,F1-11-top40,2,16,2021-07-17,68,0.7083333333333334,False,88.0,104.3719744973727,16.371974497372705,16.371974497372705,2021-07-17 07:15:00,2021-07-17 07:15:00,0.0,0.0
D1,F1-11-top40,2,16,2021-07-18,84,0.875,False,28.0,53.09803633637047,25.09803633637047,25.09803633637047,2021-07-18 01:15:00,2021-07-18 09:45:00,510.0,510.0
D1,F1-11-top40,2,16,2021-07-26,84,0.875,False,217.0,178.26570080208435,-38.73429919791565,38.73429919791565,2021-07-26 08:30:00,2021-07-26 13:30:00,300.0,300.0
D1,F1-11-top40,2,16,2021-07-27,84,0.875,False,211.0,174.6376200569835,-36.36237994301649,36.36237994301649,2021-07-27 11:45:00,2021-07-27 14:00:00,135.0,135.0
D1,F1-11-top40,2,16,2021-07-28,84,0.875,False,212.0,173.33065519115382,-38.669344808846176,38.669344808846176,2021-07-28 12:00:00,2021-07-28 09:00:00,-180.0,180.0
D1,F1-11-top40,2,16,2021-07-29,84,0.875,False,211.0,176.95044572960236,-34.049554270397635,34.049554270397635,2021-07-29 12:00:00,2021-07-29 13:30:00,90.0,90.0
D1,F1-11-top40,2,16,2021-07-30,84,0.875,False,212.0,173.91689942442957,-38.08310057557043,38.08310057557043,2021-07-30 12:00:00,2021-07-30 14:30:00,150.0,150.0
D1,F1-11-top40,2,16,2021-07-31,96,1.0,True,80.0,108.30249277431737,28.302492774317372,28.302492774317372,2021-07-31 00:00:00,2021-07-31 02:15:00,135.0,135.0
D1,F1-11-top40,2,16,2021-08-01,96,1.0,True,28.0,34.9234863604578,6.923486360457801,6.923486360457801,2021-08-01 09:00:00,2021-08-01 09:15:00,15.0,15.0
D1,F1-11-top40,2,16,2021-08-09,39,0.40625,False,215.0,62.29689872239445,-152.70310127760555,152.70310127760555,2021-08-09 08:45:00,2021-08-09 00:45:00,-480.0,480.0
D2,F1-11-top40,0,4,2021-04-19,96,1.0,True,172.0,191.37535419212227,19.375354192122273,19.375354192122273,2021-04-19 08:45:00,2021-04-19 09:00:00,15.0,15.0
D2,F1-11-top40,0,4,2021-04-20,96,1.0,True,172.0,189.1251400883557,17.125140088355693,17.125140088355693,2021-04-20 08:45:00,2021-04-20 09:00:00,15.0,15.0
D2,F1-11-top40,0,4,2021-04-21,96,1.0,True,174.0,172.16961862141727,-1.8303813785827288,1.8303813785827288,2021-04-21 08:30:00,2021-04-21 10:00:00,90.0,90.0
D2,F1-11-top40,0,4,2021-04-22,96,1.0,True,174.0,173.6342400549855,-0.3657599450145028,0.3657599450145028,2021-04-22 08:30:00,2021-04-22 09:00:00,30.0,30.0
D2,F1-11-top40,0,4,2021-04-23,96,1.0,True,174.0,154.82392871968574,-19.17607128031426,19.17607128031426,2021-04-23 08:30:00,2021-04-23 15:30:00,420.0,420.0
D2,F1-11-top40,0,4,2021-04-24,96,1.0,True,112.0,106.51953505990075,-5.480464940099253,5.480464940099253,2021-04-24 06:15:00,2021-04-24 06:15:00,0.0,0.0
D2,F1-11-top40,0,4,2021-04-25,96,1.0,True,25.0,26.702746499326647,1.702746499326647,1.702746499326647,2021-04-25 01:30:00,2021-04-25 00:30:00,-60.0,60.0
D2,F1-11-top40,0,4,2021-05-03,96,1.0,True,184.0,208.66251358547794,24.66251358547794,24.66251358547794,2021-05-03 08:30:00,2021-05-03 09:00:00,30.0,30.0
D2,F1-11-top40,0,4,2021-05-04,96,1.0,True,181.0,176.52745765168152,-4.472542348318484,4.472542348318484,2021-05-04 08:30:00,2021-05-04 10:45:00,135.0,135.0
D2,F1-11-top40,0,4,2021-05-05,96,1.0,True,120.0,167.69010710727943,47.69010710727943,47.69010710727943,2021-05-05 04:15:00,2021-05-05 08:30:00,255.0,255.0
D2,F1-11-top40,0,4,2021-05-06,96,1.0,True,199.0,182.0427228283807,-16.957277171619296,16.957277171619296,2021-05-06 09:00:00,2021-05-06 13:30:00,270.0,270.0
D2,F1-11-top40,0,4,2021-05-07,96,1.0,True,181.0,175.59709905882684,-5.402900941173158,5.402900941173158,2021-05-07 09:00:00,2021-05-07 09:00:00,0.0,0.0
D2,F1-11-top40,0,4,2021-05-08,96,1.0,True,115.0,111.05903938047938,-3.9409606195206237,3.9409606195206237,2021-05-08 02:00:00,2021-05-08 03:30:00,90.0,90.0
D2,F1-11-top40,0,4,2021-05-09,96,1.0,True,184.0,163.7693408128405,-20.23065918715949,20.23065918715949,2021-05-09 09:00:00,2021-05-09 10:00:00,60.0,60.0
D2,F1-11-top40,0,5,2021-04-19,96,1.0,True,172.0,172.39735020250893,0.3973502025089317,0.3973502025089317,2021-04-19 08:45:00,2021-04-19 09:45:00,60.0,60.0
D2,F1-11-top40,0,5,2021-04-20,96,1.0,True,172.0,187.481178082681,15.481178082680998,15.481178082680998,2021-04-20 08:45:00,2021-04-20 09:00:00,15.0,15.0
D2,F1-11-top40,0,5,2021-04-21,96,1.0,True,174.0,175.16581718311355,1.1658171831135462,1.1658171831135462,2021-04-21 08:30:00,2021-04-21 10:45:00,135.0,135.0
D2,F1-11-top40,0,5,2021-04-22,96,1.0,True,174.0,175.58814298174516,1.5881429817451647,1.5881429817451647,2021-04-22 08:30:00,2021-04-22 09:00:00,30.0,30.0
D2,F1-11-top40,0,5,2021-04-23,96,1.0,True,174.0,152.28811852358734,-21.711881476412657,21.711881476412657,2021-04-23 08:30:00,2021-04-23 18:00:00,570.0,570.0
D2,F1-11-top40,0,5,2021-04-24,96,1.0,True,112.0,109.18433360861034,-2.815666391389655,2.815666391389655,2021-04-24 06:15:00,2021-04-24 02:30:00,-225.0,225.0
D2,F1-11-top40,0,5,2021-04-25,96,1.0,True,25.0,25.980702739855232,0.9807027398552322,0.9807027398552322,2021-04-25 01:30:00,2021-04-25 08:00:00,390.0,390.0
D2,F1-11-top40,0,5,2021-05-03,96,1.0,True,184.0,204.6377954634031,20.63779546340311,20.63779546340311,2021-05-03 08:30:00,2021-05-03 09:00:00,30.0,30.0
D2,F1-11-top40,0,5,2021-05-04,96,1.0,True,181.0,185.42106333576027,4.421063335760266,4.421063335760266,2021-05-04 08:30:00,2021-05-04 08:30:00,0.0,0.0
D2,F1-11-top40,0,5,2021-05-05,96,1.0,True,120.0,174.50777518843324,54.50777518843324,54.50777518843324,2021-05-05 04:15:00,2021-05-05 08:30:00,255.0,255.0
D2,F1-11-top40,0,5,2021-05-06,96,1.0,True,199.0,183.31242589914493,-15.687574100855073,15.687574100855073,2021-05-06 09:00:00,2021-05-06 11:30:00,150.0,150.0
D2,F1-11-top40,0,5,2021-05-07,96,1.0,True,181.0,175.73670749252494,-5.263292507475057,5.263292507475057,2021-05-07 09:00:00,2021-05-07 09:15:00,15.0,15.0
D2,F1-11-top40,0,5,2021-05-08,96,1.0,True,115.0,116.81062093826152,1.810620938261522,1.810620938261522,2021-05-08 02:00:00,2021-05-08 07:45:00,345.0,345.0
D2,F1-11-top40,0,5,2021-05-09,96,1.0,True,184.0,165.79903386822903,-18.20096613177097,18.20096613177097,2021-05-09 09:00:00,2021-05-09 11:30:00,150.0,150.0
D2,F1-11-top40,0,6,2021-04-19,96,1.0,True,172.0,178.09991254535453,6.0999125453545275,6.0999125453545275,2021-04-19 08:45:00,2021-04-19 09:45:00,60.0,60.0
D2,F1-11-top40,0,6,2021-04-20,96,1.0,True,172.0,186.62016716209754,14.620167162097545,14.620167162097545,2021-04-20 08:45:00,2021-04-20 09:15:00,30.0,30.0
D2,F1-11-top40,0,6,2021-04-21,96,1.0,True,174.0,171.99176112575,-2.0082388742499973,2.0082388742499973,2021-04-21 08:30:00,2021-04-21 10:00:00,90.0,90.0
D2,F1-11-top40,0,6,2021-04-22,96,1.0,True,174.0,173.50247702492524,-0.49752297507475873,0.49752297507475873,2021-04-22 08:30:00,2021-04-22 09:15:00,45.0,45.0
D2,F1-11-top40,0,6,2021-04-23,96,1.0,True,174.0,148.7189731502389,-25.281026849761105,25.281026849761105,2021-04-23 08:30:00,2021-04-23 18:00:00,570.0,570.0
D2,F1-11-top40,0,6,2021-04-24,96,1.0,True,112.0,111.86249936587443,-0.13750063412557267,0.13750063412557267,2021-04-24 06:15:00,2021-04-24 02:00:00,-255.0,255.0
D2,F1-11-top40,0,6,2021-04-25,96,1.0,True,25.0,26.03734181316914,1.0373418131691388,1.0373418131691388,2021-04-25 01:30:00,2021-04-25 01:15:00,-15.0,15.0
D2,F1-11-top40,0,6,2021-05-03,96,1.0,True,184.0,205.6368056487948,21.63680564879479,21.63680564879479,2021-05-03 08:30:00,2021-05-03 09:00:00,30.0,30.0
D2,F1-11-top40,0,6,2021-05-04,96,1.0,True,181.0,190.09172852533982,9.091728525339818,9.091728525339818,2021-05-04 08:30:00,2021-05-04 08:30:00,0.0,0.0
D2,F1-11-top40,0,6,2021-05-05,96,1.0,True,120.0,183.2448962917348,63.24489629173479,63.24489629173479,2021-05-05 04:15:00,2021-05-05 08:30:00,255.0,255.0
D2,F1-11-top40,0,6,2021-05-06,96,1.0,True,199.0,182.0049243933142,-16.995075606685788,16.995075606685788,2021-05-06 09:00:00,2021-05-06 11:30:00,150.0,150.0
D2,F1-11-top40,0,6,2021-05-07,96,1.0,True,181.0,171.82031584523207,-9.179684154767926,9.179684154767926,2021-05-07 09:00:00,2021-05-07 09:15:00,15.0,15.0
D2,F1-11-top40,0,6,2021-05-08,96,1.0,True,115.0,119.31560896874603,4.315608968746034,4.315608968746034,2021-05-08 02:00:00,2021-05-08 07:45:00,345.0,345.0
D2,F1-11-top40,0,6,2021-05-09,96,1.0,True,184.0,161.632415535227,-22.36758446477299,22.36758446477299,2021-05-09 09:00:00,2021-05-09 11:00:00,120.0,120.0
D2,F1-11-top40,0,7,2021-04-19,96,1.0,True,172.0,175.47410936068897,3.4741093606889706,3.4741093606889706,2021-04-19 08:45:00,2021-04-19 10:45:00,120.0,120.0
D2,F1-11-top40,0,7,2021-04-20,96,1.0,True,172.0,177.21499771161385,5.214997711613847,5.214997711613847,2021-04-20 08:45:00,2021-04-20 10:45:00,120.0,120.0
D2,F1-11-top40,0,7,2021-04-21,96,1.0,True,174.0,173.5766206372452,-0.4233793627547868,0.4233793627547868,2021-04-21 08:30:00,2021-04-21 14:45:00,375.0,375.0
D2,F1-11-top40,0,7,2021-04-22,96,1.0,True,174.0,171.93790524444543,-2.0620947555545683,2.0620947555545683,2021-04-22 08:30:00,2021-04-22 10:00:00,90.0,90.0
D2,F1-11-top40,0,7,2021-04-23,96,1.0,True,174.0,144.62782440861233,-29.372175591387673,29.372175591387673,2021-04-23 08:30:00,2021-04-23 18:00:00,570.0,570.0
D2,F1-11-top40,0,7,2021-04-24,96,1.0,True,112.0,112.22349436519222,0.22349436519222365,0.22349436519222365,2021-04-24 06:15:00,2021-04-24 02:00:00,-255.0,255.0
D2,F1-11-top40,0,7,2021-04-25,96,1.0,True,25.0,35.20510502995754,10.205105029957537,10.205105029957537,2021-04-25 01:30:00,2021-04-25 08:30:00,420.0,420.0
D2,F1-11-top40,0,7,2021-05-03,96,1.0,True,184.0,195.64112648087286,11.641126480872856,11.641126480872856,2021-05-03 08:30:00,2021-05-03 09:15:00,45.0,45.0
D2,F1-11-top40,0,7,2021-05-04,96,1.0,True,181.0,180.79116270662536,-0.20883729337464274,0.20883729337464274,2021-05-04 08:30:00,2021-05-04 09:00:00,30.0,30.0
D2,F1-11-top40,0,7,2021-05-05,96,1.0,True,120.0,181.55801400198888,61.55801400198888,61.55801400198888,2021-05-05 04:15:00,2021-05-05 08:30:00,255.0,255.0
D2,F1-11-top40,0,7,2021-05-06,96,1.0,True,199.0,177.80236500191495,-21.19763499808505,21.19763499808505,2021-05-06 09:00:00,2021-05-06 11:45:00,165.0,165.0
D2,F1-11-top40,0,7,2021-05-07,96,1.0,True,181.0,181.56896454156308,0.5689645415630764,0.5689645415630764,2021-05-07 09:00:00,2021-05-07 09:15:00,15.0,15.0
D2,F1-11-top40,0,7,2021-05-08,96,1.0,True,115.0,112.21662866378007,-2.783371336219929,2.783371336219929,2021-05-08 02:00:00,2021-05-08 04:30:00,150.0,150.0
D2,F1-11-top40,0,7,2021-05-09,96,1.0,True,184.0,155.26408137033835,-28.735918629661654,28.735918629661654,2021-05-09 09:00:00,2021-05-09 14:00:00,300.0,300.0
D2,F1-11-top40,0,8,2021-04-19,96,1.0,True,172.0,177.89836700723018,5.898367007230178,5.898367007230178,2021-04-19 08:45:00,2021-04-19 10:00:00,75.0,75.0
D2,F1-11-top40,0,8,2021-04-20,96,1.0,True,172.0,181.23450311411344,9.234503114113437,9.234503114113437,2021-04-20 08:45:00,2021-04-20 09:45:00,60.0,60.0
D2,F1-11-top40,0,8,2021-04-21,96,1.0,True,174.0,171.2837890657583,-2.716210934241701,2.716210934241701,2021-04-21 08:30:00,2021-04-21 11:15:00,165.0,165.0
D2,F1-11-top40,0,8,2021-04-22,96,1.0,True,174.0,168.89003412821668,-5.1099658717833165,5.1099658717833165,2021-04-22 08:30:00,2021-04-22 11:15:00,165.0,165.0
D2,F1-11-top40,0,8,2021-04-23,96,1.0,True,174.0,139.34340895190337,-34.65659104809663,34.65659104809663,2021-04-23 08:30:00,2021-04-23 18:00:00,570.0,570.0
D2,F1-11-top40,0,8,2021-04-24,96,1.0,True,112.0,108.37353815269081,-3.626461847309187,3.626461847309187,2021-04-24 06:15:00,2021-04-24 04:30:00,-105.0,105.0
D2,F1-11-top40,0,8,2021-04-25,96,1.0,True,25.0,39.60852439339747,14.608524393397467,14.608524393397467,2021-04-25 01:30:00,2021-04-25 03:00:00,90.0,90.0
D2,F1-11-top40,0,8,2021-05-03,96,1.0,True,184.0,198.17877955292747,14.178779552927466,14.178779552927466,2021-05-03 08:30:00,2021-05-03 10:00:00,90.0,90.0
D2,F1-11-top40,0,8,2021-05-04,96,1.0,True,181.0,179.7956897118236,-1.2043102881764014,1.2043102881764014,2021-05-04 08:30:00,2021-05-04 08:30:00,0.0,0.0
D2,F1-11-top40,0,8,2021-05-05,96,1.0,True,120.0,182.4039514373577,62.403951437357705,62.403951437357705,2021-05-05 04:15:00,2021-05-05 09:15:00,300.0,300.0
D2,F1-11-top40,0,8,2021-05-06,96,1.0,True,199.0,181.35479756343992,-17.645202436560083,17.645202436560083,2021-05-06 09:00:00,2021-05-06 11:30:00,150.0,150.0
D2,F1-11-top40,0,8,2021-05-07,96,1.0,True,181.0,176.86005947865178,-4.1399405213482225,4.1399405213482225,2021-05-07 09:00:00,2021-05-07 08:30:00,-30.0,30.0
D2,F1-11-top40,0,8,2021-05-08,96,1.0,True,115.0,109.0338179466539,-5.9661820533461025,5.9661820533461025,2021-05-08 02:00:00,2021-05-08 04:30:00,150.0,150.0
D2,F1-11-top40,0,8,2021-05-09,96,1.0,True,184.0,157.583456754794,-26.416543245205986,26.416543245205986,2021-05-09 09:00:00,2021-05-09 16:15:00,435.0,435.0
D2,F1-11-top40,0,9,2021-04-19,96,1.0,True,172.0,189.51751399542354,17.517513995423542,17.517513995423542,2021-04-19 08:45:00,2021-04-19 10:30:00,105.0,105.0
D2,F1-11-top40,0,9,2021-04-20,96,1.0,True,172.0,173.17637294981617,1.1763729498161695,1.1763729498161695,2021-04-20 08:45:00,2021-04-20 15:00:00,375.0,375.0
D2,F1-11-top40,0,9,2021-04-21,96,1.0,True,174.0,169.78493830314096,-4.215061696859038,4.215061696859038,2021-04-21 08:30:00,2021-04-21 15:30:00,420.0,420.0
D2,F1-11-top40,0,9,2021-04-22,96,1.0,True,174.0,165.45221224092364,-8.547787759076357,8.547787759076357,2021-04-22 08:30:00,2021-04-22 10:00:00,90.0,90.0
D2,F1-11-top40,0,9,2021-04-23,96,1.0,True,174.0,141.3000011422172,-32.69999885778279,32.69999885778279,2021-04-23 08:30:00,2021-04-23 18:00:00,570.0,570.0
D2,F1-11-top40,0,9,2021-04-24,96,1.0,True,112.0,109.37197748842357,-2.6280225115764324,2.6280225115764324,2021-04-24 06:15:00,2021-04-24 04:45:00,-90.0,90.0
D2,F1-11-top40,0,9,2021-04-25,96,1.0,True,25.0,33.569929162768275,8.569929162768275,8.569929162768275,2021-04-25 01:30:00,2021-04-25 08:15:00,405.0,405.0
D2,F1-11-top40,0,9,2021-05-03,96,1.0,True,184.0,188.67605081115812,4.67605081115812,4.67605081115812,2021-05-03 08:30:00,2021-05-03 09:00:00,30.0,30.0
D2,F1-11-top40,0,9,2021-05-04,96,1.0,True,181.0,175.70556882600692,-5.294431173993075,5.294431173993075,2021-05-04 08:30:00,2021-05-04 08:30:00,0.0,0.0
D2,F1-11-top40,0,9,2021-05-05,96,1.0,True,120.0,181.6180031702138,61.6180031702138,61.6180031702138,2021-05-05 04:15:00,2021-05-05 08:45:00,270.0,270.0
D2,F1-11-top40,0,9,2021-05-06,96,1.0,True,199.0,187.24297285270592,-11.757027147294082,11.757027147294082,2021-05-06 09:00:00,2021-05-06 14:45:00,345.0,345.0
D2,F1-11-top40,0,9,2021-05-07,96,1.0,True,181.0,170.17880175694472,-10.821198243055278,10.821198243055278,2021-05-07 09:00:00,2021-05-07 08:30:00,-30.0,30.0
D2,F1-11-top40,0,9,2021-05-08,96,1.0,True,115.0,111.15201314411432,-3.8479868558856793,3.8479868558856793,2021-05-08 02:00:00,2021-05-08 04:30:00,150.0,150.0
D2,F1-11-top40,0,9,2021-05-09,96,1.0,True,184.0,160.82201940496665,-23.177980595033347,23.177980595033347,2021-05-09 09:00:00,2021-05-09 13:30:00,270.0,270.0
D2,F1-11-top40,0,10,2021-04-19,96,1.0,True,172.0,196.20523019052592,24.205230190525924,24.205230190525924,2021-04-19 08:45:00,2021-04-19 10:45:00,120.0,120.0
D2,F1-11-top40,0,10,2021-04-20,96,1.0,True,172.0,181.674205227116,9.674205227116005,9.674205227116005,2021-04-20 08:45:00,2021-04-20 10:30:00,105.0,105.0
D2,F1-11-top40,0,10,2021-04-21,96,1.0,True,174.0,171.1854451185523,-2.814554881447691,2.814554881447691,2021-04-21 08:30:00,2021-04-21 11:00:00,150.0,150.0
D2,F1-11-top40,0,10,2021-04-22,96,1.0,True,174.0,171.81404641096472,-2.185953589035279,2.185953589035279,2021-04-22 08:30:00,2021-04-22 11:00:00,150.0,150.0
D2,F1-11-top40,0,10,2021-04-23,96,1.0,True,174.0,140.14107229656108,-33.85892770343892,33.85892770343892,2021-04-23 08:30:00,2021-04-23 18:00:00,570.0,570.0
D2,F1-11-top40,0,10,2021-04-24,96,1.0,True,112.0,108.0892532952984,-3.9107467047015945,3.9107467047015945,2021-04-24 06:15:00,2021-04-24 03:30:00,-165.0,165.0
D2,F1-11-top40,0,10,2021-04-25,96,1.0,True,25.0,33.98498261307474,8.984982613074742,8.984982613074742,2021-04-25 01:30:00,2021-04-25 09:00:00,450.0,450.0
D2,F1-11-top40,0,10,2021-05-03,96,1.0,True,184.0,192.8855998467721,8.885599846772095,8.885599846772095,2021-05-03 08:30:00,2021-05-03 10:45:00,135.0,135.0
D2,F1-11-top40,0,10,2021-05-04,96,1.0,True,181.0,178.58747475954675,-2.412525240453249,2.412525240453249,2021-05-04 08:30:00,2021-05-04 08:30:00,0.0,0.0
D2,F1-11-top40,0,10,2021-05-05,96,1.0,True,120.0,179.8459566239242,59.845956623924195,59.845956623924195,2021-05-05 04:15:00,2021-05-05 08:45:00,270.0,270.0
D2,F1-11-top40,0,10,2021-05-06,96,1.0,True,199.0,180.319286322311,-18.680713677689,18.680713677689,2021-05-06 09:00:00,2021-05-06 11:15:00,135.0,135.0
D2,F1-11-top40,0,10,2021-05-07,96,1.0,True,181.0,183.25661580673304,2.2566158067330377,2.2566158067330377,2021-05-07 09:00:00,2021-05-07 11:15:00,135.0,135.0
D2,F1-11-top40,0,10,2021-05-08,96,1.0,True,115.0,108.32944063063796,-6.670559369362039,6.670559369362039,2021-05-08 02:00:00,2021-05-08 06:15:00,255.0,255.0
D2,F1-11-top40,0,10,2021-05-09,96,1.0,True,184.0,162.81163675092748,-21.188363249072523,21.188363249072523,2021-05-09 09:00:00,2021-05-09 14:00:00,300.0,300.0
D2,F1-11-top40,0,11,2021-04-19,96,1.0,True,172.0,190.63955844945764,18.63955844945764,18.63955844945764,2021-04-19 08:45:00,2021-04-19 10:45:00,120.0,120.0
D2,F1-11-top40,0,11,2021-04-20,96,1.0,True,172.0,177.2639368661558,5.263936866155802,5.263936866155802,2021-04-20 08:45:00,2021-04-20 10:45:00,120.0,120.0
D2,F1-11-top40,0,11,2021-04-21,96,1.0,True,174.0,169.9744978155728,-4.025502184427211,4.025502184427211,2021-04-21 08:30:00,2021-04-21 11:15:00,165.0,165.0
D2,F1-11-top40,0,11,2021-04-22,96,1.0,True,174.0,170.3497107207799,-3.6502892792200896,3.6502892792200896,2021-04-22 08:30:00,2021-04-22 11:15:00,165.0,165.0
D2,F1-11-top40,0,11,2021-04-23,96,1.0,True,174.0,141.9579953917529,-32.04200460824711,32.04200460824711,2021-04-23 08:30:00,2021-04-23 18:00:00,570.0,570.0
D2,F1-11-top40,0,11,2021-04-24,96,1.0,True,112.0,107.41561258080912,-4.584387419190875,4.584387419190875,2021-04-24 06:15:00,2021-04-24 03:30:00,-165.0,165.0
D2,F1-11-top40,0,11,2021-04-25,96,1.0,True,25.0,31.385221307973268,6.385221307973268,6.385221307973268,2021-04-25 01:30:00,2021-04-25 08:45:00,435.0,435.0
D2,F1-11-top40,0,11,2021-05-03,96,1.0,True,184.0,194.88162617414815,10.881626174148153,10.881626174148153,2021-05-03 08:30:00,2021-05-03 10:45:00,135.0,135.0
D2,F1-11-top40,0,11,2021-05-04,96,1.0,True,181.0,177.125975357031,-3.8740246429690046,3.8740246429690046,2021-05-04 08:30:00,2021-05-04 08:30:00,0.0,0.0
D2,F1-11-top40,0,11,2021-05-05,96,1.0,True,120.0,185.3698030566371,65.3698030566371,65.3698030566371,2021-05-05 04:15:00,2021-05-05 08:45:00,270.0,270.0
D2,F1-11-top40,0,11,2021-05-06,96,1.0,True,199.0,184.39054239743479,-14.609457602565215,14.609457602565215,2021-05-06 09:00:00,2021-05-06 11:45:00,165.0,165.0
D2,F1-11-top40,0,11,2021-05-07,96,1.0,True,181.0,178.76684856034447,-2.233151439655529,2.233151439655529,2021-05-07 09:00:00,2021-05-07 11:30:00,150.0,150.0
D2,F1-11-top40,0,11,2021-05-08,96,1.0,True,115.0,110.26265201101816,-4.737347988981838,4.737347988981838,2021-05-08 02:00:00,2021-05-08 06:30:00,270.0,270.0
D2,F1-11-top40,0,11,2021-05-09,96,1.0,True,184.0,169.3195755420412,-14.680424457958793,14.680424457958793,2021-05-09 09:00:00,2021-05-09 13:45:00,285.0,285.0
D2,F1-11-top40,0,12,2021-04-19,96,1.0,True,172.0,181.93891603430552,9.938916034305521,9.938916034305521,2021-04-19 08:45:00,2021-04-19 11:30:00,165.0,165.0
D2,F1-11-top40,0,12,2021-04-20,96,1.0,True,172.0,169.7165532357562,-2.2834467642437914,2.2834467642437914,2021-04-20 08:45:00,2021-04-20 12:00:00,195.0,195.0
D2,F1-11-top40,0,12,2021-04-21,96,1.0,True,174.0,167.0554136314223,-6.9445863685776885,6.9445863685776885,2021-04-21 08:30:00,2021-04-21 12:00:00,210.0,210.0
D2,F1-11-top40,0,12,2021-04-22,96,1.0,True,174.0,170.22785359154005,-3.772146408459946,3.772146408459946,2021-04-22 08:30:00,2021-04-22 11:00:00,150.0,150.0
D2,F1-11-top40,0,12,2021-04-23,96,1.0,True,174.0,146.34515222887669,-27.654847771123315,27.654847771123315,2021-04-23 08:30:00,2021-04-23 14:30:00,360.0,360.0
D2,F1-11-top40,0,12,2021-04-24,96,1.0,True,112.0,109.94020169706616,-2.0597983029338423,2.0597983029338423,2021-04-24 06:15:00,2021-04-24 06:15:00,0.0,0.0
D2,F1-11-top40,0,12,2021-04-25,96,1.0,True,25.0,40.63657432951749,15.636574329517487,15.636574329517487,2021-04-25 01:30:00,2021-04-25 09:00:00,450.0,450.0
D2,F1-11-top40,0,12,2021-05-03,96,1.0,True,184.0,198.92833909879434,14.92833909879434,14.92833909879434,2021-05-03 08:30:00,2021-05-03 09:00:00,30.0,30.0
D2,F1-11-top40,0,12,2021-05-04,96,1.0,True,181.0,178.23836704958717,-2.7616329504128316,2.7616329504128316,2021-05-04 08:30:00,2021-05-04 09:00:00,30.0,30.0
D2,F1-11-top40,0,12,2021-05-05,96,1.0,True,120.0,184.8496170647705,64.84961706477051,64.84961706477051,2021-05-05 04:15:00,2021-05-05 08:45:00,270.0,270.0
D2,F1-11-top40,0,12,2021-05-06,96,1.0,True,199.0,181.8747354389865,-17.125264561013495,17.125264561013495,2021-05-06 09:00:00,2021-05-06 13:45:00,285.0,285.0
D2,F1-11-top40,0,12,2021-05-07,96,1.0,True,181.0,179.17999058972072,-1.8200094102792832,1.8200094102792832,2021-05-07 09:00:00,2021-05-07 11:45:00,165.0,165.0
D2,F1-11-top40,0,12,2021-05-08,96,1.0,True,115.0,111.89666277707573,-3.1033372229242673,3.1033372229242673,2021-05-08 02:00:00,2021-05-08 03:45:00,105.0,105.0
D2,F1-11-top40,0,12,2021-05-09,96,1.0,True,184.0,181.20304691848384,-2.7969530815161647,2.7969530815161647,2021-05-09 09:00:00,2021-05-09 12:00:00,180.0,180.0
D2,F1-11-top40,0,13,2021-04-19,96,1.0,True,172.0,183.52233677895987,11.522336778959868,11.522336778959868,2021-04-19 08:45:00,2021-04-19 12:00:00,195.0,195.0
D2,F1-11-top40,0,13,2021-04-20,96,1.0,True,172.0,172.7292671769637,0.7292671769637025,0.7292671769637025,2021-04-20 08:45:00,2021-04-20 12:00:00,195.0,195.0
D2,F1-11-top40,0,13,2021-04-21,96,1.0,True,174.0,166.1849324012012,-7.815067598798805,7.815067598798805,2021-04-21 08:30:00,2021-04-21 11:45:00,195.0,195.0
D2,F1-11-top40,0,13,2021-04-22,96,1.0,True,174.0,168.72513811379815,-5.2748618862018475,5.2748618862018475,2021-04-22 08:30:00,2021-04-22 11:00:00,150.0,150.0
D2,F1-11-top40,0,13,2021-04-23,96,1.0,True,174.0,145.14057774899663,-28.859422251003366,28.859422251003366,2021-04-23 08:30:00,2021-04-23 18:00:00,570.0,570.0
D2,F1-11-top40,0,13,2021-04-24,96,1.0,True,112.0,111.24185345239319,-0.7581465476068132,0.7581465476068132,2021-04-24 06:15:00,2021-04-24 04:45:00,-90.0,90.0
D2,F1-11-top40,0,13,2021-04-25,96,1.0,True,25.0,46.35691389624619,21.35691389624619,21.35691389624619,2021-04-25 01:30:00,2021-04-25 09:00:00,450.0,450.0
D2,F1-11-top40,0,13,2021-05-03,96,1.0,True,184.0,202.32502582101725,18.32502582101725,18.32502582101725,2021-05-03 08:30:00,2021-05-03 09:00:00,30.0,30.0
D2,F1-11-top40,0,13,2021-05-04,96,1.0,True,181.0,174.34250943208713,-6.657490567912873,6.657490567912873,2021-05-04 08:30:00,2021-05-04 11:45:00,195.0,195.0
D2,F1-11-top40,0,13,2021-05-05,96,1.0,True,120.0,182.8215672192499,62.821567219249914,62.821567219249914,2021-05-05 04:15:00,2021-05-05 08:45:00,270.0,270.0
D2,F1-11-top40,0,13,2021-05-06,96,1.0,True,199.0,177.18528268969467,-21.814717310305326,21.814717310305326,2021-05-06 09:00:00,2021-05-06 14:00:00,300.0,300.0
D2,F1-11-top40,0,13,2021-05-07,96,1.0,True,181.0,179.24626326910146,-1.753736730898538,1.753736730898538,2021-05-07 09:00:00,2021-05-07 11:30:00,150.0,150.0
D2,F1-11-top40,0,13,2021-05-08,96,1.0,True,115.0,112.84667092625311,-2.153329073746889,2.153329073746889,2021-05-08 02:00:00,2021-05-08 07:45:00,345.0,345.0
D2,F1-11-top40,0,13,2021-05-09,96,1.0,True,184.0,188.70128307395686,4.7012830739568585,4.7012830739568585,2021-05-09 09:00:00,2021-05-09 12:00:00,180.0,180.0
D2,F1-11-top40,0,14,2021-04-19,96,1.0,True,172.0,194.1111082168936,22.111108216893598,22.111108216893598,2021-04-19 08:45:00,2021-04-19 11:00:00,135.0,135.0
D2,F1-11-top40,0,14,2021-04-20,96,1.0,True,172.0,179.9009501774743,7.9009501774743,7.9009501774743,2021-04-20 08:45:00,2021-04-20 11:30:00,165.0,165.0
D2,F1-11-top40,0,14,2021-04-21,96,1.0,True,174.0,167.57062910110855,-6.429370898891449,6.429370898891449,2021-04-21 08:30:00,2021-04-21 12:00:00,210.0,210.0
D2,F1-11-top40,0,14,2021-04-22,96,1.0,True,174.0,164.50719754497916,-9.492802455020836,9.492802455020836,2021-04-22 08:30:00,2021-04-22 11:45:00,195.0,195.0
D2,F1-11-top40,0,14,2021-04-23,96,1.0,True,174.0,147.2758810676038,-26.72411893239621,26.72411893239621,2021-04-23 08:30:00,2021-04-23 18:30:00,600.0,600.0
D2,F1-11-top40,0,14,2021-04-24,96,1.0,True,112.0,112.23623963366553,0.2362396336655337,0.2362396336655337,2021-04-24 06:15:00,2021-04-24 03:45:00,-150.0,150.0
D2,F1-11-top40,0,14,2021-04-25,96,1.0,True,25.0,36.64416929571724,11.64416929571724,11.64416929571724,2021-04-25 01:30:00,2021-04-25 08:45:00,435.0,435.0
D2,F1-11-top40,0,14,2021-05-03,96,1.0,True,184.0,206.3444992231763,22.344499223176314,22.344499223176314,2021-05-03 08:30:00,2021-05-03 09:00:00,30.0,30.0
D2,F1-11-top40,0,14,2021-05-04,96,1.0,True,181.0,183.2392225332261,2.2392225332260978,2.2392225332260978,2021-05-04 08:30:00,2021-05-04 08:30:00,0.0,0.0
D2,F1-11-top40,0,14,2021-05-05,96,1.0,True,120.0,179.67778585107342,59.67778585107342,59.67778585107342,2021-05-05 04:15:00,2021-05-05 08:45:00,270.0,270.0
D2,F1-11-top40,0,14,2021-05-06,96,1.0,True,199.0,178.50261705632127,-20.49738294367873,20.49738294367873,2021-05-06 09:00:00,2021-05-06 13:45:00,285.0,285.0
D2,F1-11-top40,0,14,2021-05-07,96,1.0,True,181.0,178.9747713603819,-2.025228639618092,2.025228639618092,2021-05-07 09:00:00,2021-05-07 11:45:00,165.0,165.0
D2,F1-11-top40,0,14,2021-05-08,96,1.0,True,115.0,107.37097198147245,-7.629028018527549,7.629028018527549,2021-05-08 02:00:00,2021-05-08 06:15:00,255.0,255.0
D2,F1-11-top40,0,14,2021-05-09,96,1.0,True,184.0,168.62510557398468,-15.374894426015317,15.374894426015317,2021-05-09 09:00:00,2021-05-09 14:00:00,300.0,300.0
D2,F1-11-top40,0,15,2021-04-19,96,1.0,True,172.0,189.0919504226776,17.0919504226776,17.0919504226776,2021-04-19 08:45:00,2021-04-19 11:45:00,180.0,180.0
D2,F1-11-top40,0,15,2021-04-20,96,1.0,True,172.0,180.66684003916762,8.666840039167624,8.666840039167624,2021-04-20 08:45:00,2021-04-20 11:30:00,165.0,165.0
D2,F1-11-top40,0,15,2021-04-21,96,1.0,True,174.0,166.28926174672827,-7.710738253271728,7.710738253271728,2021-04-21 08:30:00,2021-04-21 14:45:00,375.0,375.0
D2,F1-11-top40,0,15,2021-04-22,96,1.0,True,174.0,164.6726324502339,-9.327367549766109,9.327367549766109,2021-04-22 08:30:00,2021-04-22 12:00:00,210.0,210.0
D2,F1-11-top40,0,15,2021-04-23,96,1.0,True,174.0,148.3640641623693,-25.63593583763071,25.63593583763071,2021-04-23 08:30:00,2021-04-23 19:00:00,630.0,630.0
D2,F1-11-top40,0,15,2021-04-24,96,1.0,True,112.0,107.23386321503958,-4.766136784960423,4.766136784960423,2021-04-24 06:15:00,2021-04-24 04:45:00,-90.0,90.0
D2,F1-11-top40,0,15,2021-04-25,96,1.0,True,25.0,40.528512879651544,15.528512879651544,15.528512879651544,2021-04-25 01:30:00,2021-04-25 09:15:00,465.0,465.0
D2,F1-11-top40,0,15,2021-05-03,96,1.0,True,184.0,197.64679721760538,13.646797217605382,13.646797217605382,2021-05-03 08:30:00,2021-05-03 09:00:00,30.0,30.0
D2,F1-11-top40,0,15,2021-05-04,96,1.0,True,181.0,181.79046318035958,0.7904631803595805,0.7904631803595805,2021-05-04 08:30:00,2021-05-04 08:30:00,0.0,0.0
D2,F1-11-top40,0,15,2021-05-05,96,1.0,True,120.0,176.49333701085976,56.49333701085976,56.49333701085976,2021-05-05 04:15:00,2021-05-05 08:45:00,270.0,270.0
D2,F1-11-top40,0,15,2021-05-06,96,1.0,True,199.0,183.8558589535073,-15.144141046492706,15.144141046492706,2021-05-06 09:00:00,2021-05-06 13:45:00,285.0,285.0
D2,F1-11-top40,0,15,2021-05-07,96,1.0,True,181.0,177.61444561141036,-3.3855543885896395,3.3855543885896395,2021-05-07 09:00:00,2021-05-07 11:30:00,150.0,150.0
D2,F1-11-top40,0,15,2021-05-08,96,1.0,True,115.0,111.00766884919993,-3.9923311508000694,3.9923311508000694,2021-05-08 02:00:00,2021-05-08 06:15:00,255.0,255.0
D2,F1-11-top40,0,15,2021-05-09,96,1.0,True,184.0,162.04795077264015,-21.95204922735985,21.95204922735985,2021-05-09 09:00:00,2021-05-09 14:30:00,330.0,330.0
D2,F1-11-top40,0,16,2021-04-19,96,1.0,True,172.0,197.7232083742416,25.723208374241608,25.723208374241608,2021-04-19 08:45:00,2021-04-19 12:00:00,195.0,195.0
D2,F1-11-top40,0,16,2021-04-20,96,1.0,True,172.0,186.4834680509798,14.483468050979809,14.483468050979809,2021-04-20 08:45:00,2021-04-20 12:00:00,195.0,195.0
D2,F1-11-top40,0,16,2021-04-21,96,1.0,True,174.0,165.87042629417698,-8.12957370582302,8.12957370582302,2021-04-21 08:30:00,2021-04-21 15:30:00,420.0,420.0
D2,F1-11-top40,0,16,2021-04-22,96,1.0,True,174.0,163.41615467231844,-10.583845327681559,10.583845327681559,2021-04-22 08:30:00,2021-04-22 08:45:00,15.0,15.0
D2,F1-11-top40,0,16,2021-04-23,96,1.0,True,174.0,151.0446742752068,-22.955325724793198,22.955325724793198,2021-04-23 08:30:00,2021-04-23 13:15:00,285.0,285.0
D2,F1-11-top40,0,16,2021-04-24,96,1.0,True,112.0,113.49639644604086,1.4963964460408619,1.4963964460408619,2021-04-24 06:15:00,2021-04-24 06:15:00,0.0,0.0
D2,F1-11-top40,0,16,2021-04-25,96,1.0,True,25.0,47.38088892322885,22.380888923228852,22.380888923228852,2021-04-25 01:30:00,2021-04-25 11:00:00,570.0,570.0
D2,F1-11-top40,0,16,2021-05-03,96,1.0,True,184.0,204.38926671522137,20.389266715221368,20.389266715221368,2021-05-03 08:30:00,2021-05-03 09:15:00,45.0,45.0
D2,F1-11-top40,0,16,2021-05-04,96,1.0,True,181.0,182.20737610292284,1.2073761029228365,1.2073761029228365,2021-05-04 08:30:00,2021-05-04 11:30:00,180.0,180.0
D2,F1-11-top40,0,16,2021-05-05,96,1.0,True,120.0,175.64685215775054,55.646852157750544,55.646852157750544,2021-05-05 04:15:00,2021-05-05 08:45:00,270.0,270.0
D2,F1-11-top40,0,16,2021-05-06,96,1.0,True,199.0,188.76008444962923,-10.239915550370768,10.239915550370768,2021-05-06 09:00:00,2021-05-06 13:45:00,285.0,285.0
D2,F1-11-top40,0,16,2021-05-07,96,1.0,True,181.0,178.4813372320707,-2.5186627679292997,2.5186627679292997,2021-05-07 09:00:00,2021-05-07 11:45:00,165.0,165.0
D2,F1-11-top40,0,16,2021-05-08,96,1.0,True,115.0,109.67958806774661,-5.320411932253393,5.320411932253393,2021-05-08 02:00:00,2021-05-08 06:15:00,255.0,255.0
D2,F1-11-top40,0,16,2021-05-09,96,1.0,True,184.0,162.4908779697547,-21.509122030245294,21.509122030245294,2021-05-09 09:00:00,2021-05-09 14:15:00,315.0,315.0
D2,F1-11-top40,1,4,2021-05-31,95,0.9895833333333334,False,172.0,202.88862029761736,30.888620297617365,30.888620297617365,2021-05-31 10:30:00,2021-05-31 09:00:00,-90.0,90.0
D2,F1-11-top40,1,4,2021-06-01,1,0.010416666666666666,False,71.0,73.51915742907967,2.5191574290796694,2.5191574290796694,2021-06-01 00:00:00,2021-06-01 00:00:00,0.0,0.0
D2,F1-11-top40,1,4,2021-06-20,95,0.9895833333333334,False,28.0,40.00034081844529,12.000340818445288,12.000340818445288,2021-06-20 15:15:00,2021-06-20 08:15:00,-420.0,420.0
D2,F1-11-top40,1,5,2021-05-31,95,0.9895833333333334,False,172.0,194.69531235296148,22.69531235296148,22.69531235296148,2021-05-31 10:30:00,2021-05-31 09:15:00,-75.0,75.0
D2,F1-11-top40,1,5,2021-06-01,1,0.010416666666666666,False,71.0,77.28585237310338,6.285852373103381,6.285852373103381,2021-06-01 00:00:00,2021-06-01 00:00:00,0.0,0.0
D2,F1-11-top40,1,5,2021-06-20,95,0.9895833333333334,False,28.0,40.6961558013291,12.696155801329098,12.696155801329098,2021-06-20 15:15:00,2021-06-20 08:30:00,-405.0,405.0
D2,F1-11-top40,1,6,2021-05-31,95,0.9895833333333334,False,172.0,193.81338911080113,21.813389110801126,21.813389110801126,2021-05-31 10:30:00,2021-05-31 09:00:00,-90.0,90.0
D2,F1-11-top40,1,6,2021-06-01,1,0.010416666666666666,False,71.0,76.30528276060215,5.305282760602154,5.305282760602154,2021-06-01 00:00:00,2021-06-01 00:00:00,0.0,0.0
D2,F1-11-top40,1,6,2021-06-20,95,0.9895833333333334,False,28.0,48.320821206280705,20.320821206280705,20.320821206280705,2021-06-20 15:15:00,2021-06-20 09:45:00,-330.0,330.0
D2,F1-11-top40,1,7,2021-05-31,95,0.9895833333333334,False,172.0,184.1932214423232,12.193221442323193,12.193221442323193,2021-05-31 10:30:00,2021-05-31 09:00:00,-90.0,90.0
D2,F1-11-top40,1,7,2021-06-01,1,0.010416666666666666,False,71.0,78.10265348677326,7.102653486773264,7.102653486773264,2021-06-01 00:00:00,2021-06-01 00:00:00,0.0,0.0
D2,F1-11-top40,1,7,2021-06-20,95,0.9895833333333334,False,28.0,39.13617526630695,11.13617526630695,11.13617526630695,2021-06-20 15:15:00,2021-06-20 09:45:00,-330.0,330.0
D2,F1-11-top40,1,8,2021-05-31,95,0.9895833333333334,False,172.0,170.14101224364484,-1.8589877563551624,1.8589877563551624,2021-05-31 10:30:00,2021-05-31 09:30:00,-60.0,60.0
D2,F1-11-top40,1,8,2021-06-01,1,0.010416666666666666,False,71.0,73.34158771396882,2.3415877139688206,2.3415877139688206,2021-06-01 00:00:00,2021-06-01 00:00:00,0.0,0.0
D2,F1-11-top40,1,8,2021-06-20,95,0.9895833333333334,False,28.0,34.2906843557764,6.290684355776399,6.290684355776399,2021-06-20 15:15:00,2021-06-20 08:15:00,-420.0,420.0
D2,F1-11-top40,1,9,2021-05-31,95,0.9895833333333334,False,172.0,183.11452118784507,11.114521187845071,11.114521187845071,2021-05-31 10:30:00,2021-05-31 09:15:00,-75.0,75.0
D2,F1-11-top40,1,9,2021-06-01,1,0.010416666666666666,False,71.0,72.75378275543778,1.7537827554377827,1.7537827554377827,2021-06-01 00:00:00,2021-06-01 00:00:00,0.0,0.0
D2,F1-11-top40,1,9,2021-06-20,95,0.9895833333333334,False,28.0,28.666043747470077,0.6660437474700771,0.6660437474700771,2021-06-20 15:15:00,2021-06-20 09:45:00,-330.0,330.0
D2,F1-11-top40,1,10,2021-05-31,95,0.9895833333333334,False,172.0,184.56553598146365,12.565535981463654,12.565535981463654,2021-05-31 10:30:00,2021-05-31 09:15:00,-75.0,75.0
D2,F1-11-top40,1,10,2021-06-01,1,0.010416666666666666,False,71.0,68.65407382078298,-2.3459261792170167,2.3459261792170167,2021-06-01 00:00:00,2021-06-01 00:00:00,0.0,0.0
D2,F1-11-top40,1,10,2021-06-20,95,0.9895833333333334,False,28.0,31.329695451441147,3.3296954514411468,3.3296954514411468,2021-06-20 15:15:00,2021-06-20 09:45:00,-330.0,330.0
D2,F1-11-top40,1,11,2021-05-31,95,0.9895833333333334,False,172.0,178.86880186188185,6.868801861881849,6.868801861881849,2021-05-31 10:30:00,2021-05-31 09:15:00,-75.0,75.0
D2,F1-11-top40,1,11,2021-06-01,1,0.010416666666666666,False,71.0,74.34735756464003,3.347357564640035,3.347357564640035,2021-06-01 00:00:00,2021-06-01 00:00:00,0.0,0.0
D2,F1-11-top40,1,11,2021-06-20,95,0.9895833333333334,False,28.0,33.96387492867018,5.9638749286701795,5.9638749286701795,2021-06-20 15:15:00,2021-06-20 09:30:00,-345.0,345.0
D2,F1-11-top40,1,12,2021-05-31,95,0.9895833333333334,False,172.0,189.09760086314708,17.09760086314708,17.09760086314708,2021-05-31 10:30:00,2021-05-31 10:30:00,0.0,0.0
D2,F1-11-top40,1,12,2021-06-01,1,0.010416666666666666,False,71.0,74.13674371333826,3.1367437133382623,3.1367437133382623,2021-06-01 00:00:00,2021-06-01 00:00:00,0.0,0.0
D2,F1-11-top40,1,12,2021-06-20,95,0.9895833333333334,False,28.0,36.581746920378855,8.581746920378855,8.581746920378855,2021-06-20 15:15:00,2021-06-20 10:45:00,-270.0,270.0
D2,F1-11-top40,1,13,2021-05-31,95,0.9895833333333334,False,172.0,180.4538546662833,8.453854666283291,8.453854666283291,2021-05-31 10:30:00,2021-05-31 10:45:00,15.0,15.0
D2,F1-11-top40,1,13,2021-06-01,1,0.010416666666666666,False,71.0,74.56520569104262,3.565205691042621,3.565205691042621,2021-06-01 00:00:00,2021-06-01 00:00:00,0.0,0.0
D2,F1-11-top40,1,13,2021-06-20,95,0.9895833333333334,False,28.0,35.508117332158065,7.508117332158065,7.508117332158065,2021-06-20 15:15:00,2021-06-20 11:15:00,-240.0,240.0
D2,F1-11-top40,1,14,2021-05-31,95,0.9895833333333334,False,172.0,179.0883893107749,7.088389310774886,7.088389310774886,2021-05-31 10:30:00,2021-05-31 11:00:00,30.0,30.0
D2,F1-11-top40,1,14,2021-06-01,1,0.010416666666666666,False,71.0,79.41140313576194,8.411403135761944,8.411403135761944,2021-06-01 00:00:00,2021-06-01 00:00:00,0.0,0.0
D2,F1-11-top40,1,14,2021-06-20,95,0.9895833333333334,False,28.0,45.71966065483889,17.71966065483889,17.71966065483889,2021-06-20 15:15:00,2021-06-20 09:15:00,-360.0,360.0
D2,F1-11-top40,1,15,2021-05-31,95,0.9895833333333334,False,172.0,184.0334825211972,12.033482521197186,12.033482521197186,2021-05-31 10:30:00,2021-05-31 11:00:00,30.0,30.0
D2,F1-11-top40,1,15,2021-06-01,1,0.010416666666666666,False,71.0,76.05891902090279,5.058919020902792,5.058919020902792,2021-06-01 00:00:00,2021-06-01 00:00:00,0.0,0.0
D2,F1-11-top40,1,15,2021-06-20,95,0.9895833333333334,False,28.0,36.73197832018876,8.731978320188759,8.731978320188759,2021-06-20 15:15:00,2021-06-20 09:30:00,-345.0,345.0
D2,F1-11-top40,1,16,2021-05-31,95,0.9895833333333334,False,172.0,182.48407632341682,10.484076323416815,10.484076323416815,2021-05-31 10:30:00,2021-05-31 11:00:00,30.0,30.0
D2,F1-11-top40,1,16,2021-06-01,1,0.010416666666666666,False,71.0,76.65918383930455,5.659183839304546,5.659183839304546,2021-06-01 00:00:00,2021-06-01 00:00:00,0.0,0.0
D2,F1-11-top40,1,16,2021-06-20,95,0.9895833333333334,False,28.0,41.58584285757568,13.585842857575678,13.585842857575678,2021-06-20 15:15:00,2021-06-20 10:45:00,-270.0,270.0
D2,F1-11-top40,2,4,2021-07-12,96,1.0,True,198.0,187.70654829626562,-10.293451703734377,10.293451703734377,2021-07-12 08:45:00,2021-07-12 09:30:00,45.0,45.0
D2,F1-11-top40,2,4,2021-07-13,1,0.010416666666666666,False,79.0,105.61701597829774,26.617015978297744,26.617015978297744,2021-07-13 00:00:00,2021-07-13 00:00:00,0.0,0.0
D2,F1-11-top40,2,4,2021-07-17,80,0.8333333333333334,False,108.0,107.70036329059023,-0.29963670940976783,0.29963670940976783,2021-07-17 06:00:00,2021-07-17 04:00:00,-120.0,120.0
D2,F1-11-top40,2,4,2021-07-18,84,0.875,False,28.0,64.60950092780507,36.60950092780507,36.60950092780507,2021-07-18 04:30:00,2021-07-18 08:15:00,225.0,225.0
D2,F1-11-top40,2,4,2021-07-26,84,0.875,False,217.0,188.28876755471867,-28.711232445281325,28.711232445281325,2021-07-26 08:30:00,2021-07-26 10:00:00,90.0,90.0
D2,F1-11-top40,2,4,2021-07-27,84,0.875,False,211.0,187.4498916721163,-23.55010832788369,23.55010832788369,2021-07-27 11:45:00,2021-07-27 13:30:00,105.0,105.0
D2,F1-11-top40,2,4,2021-07-28,84,0.875,False,212.0,183.47435714729974,-28.52564285270026,28.52564285270026,2021-07-28 12:00:00,2021-07-28 13:45:00,105.0,105.0
D2,F1-11-top40,2,4,2021-07-29,84,0.875,False,211.0,187.3745084245111,-23.625491575488894,23.625491575488894,2021-07-29 12:00:00,2021-07-29 14:00:00,120.0,120.0
D2,F1-11-top40,2,4,2021-07-30,85,0.8854166666666666,False,212.0,183.7561756682234,-28.243824331776608,28.243824331776608,2021-07-30 12:00:00,2021-07-30 13:30:00,90.0,90.0
D2,F1-11-top40,2,4,2021-07-31,96,1.0,True,80.0,82.84610968285212,2.8461096828521164,2.8461096828521164,2021-07-31 00:00:00,2021-07-31 00:00:00,0.0,0.0
D2,F1-11-top40,2,4,2021-08-01,96,1.0,True,28.0,27.393062128734716,-0.6069378712652842,0.6069378712652842,2021-08-01 09:00:00,2021-08-01 00:45:00,-495.0,495.0
D2,F1-11-top40,2,4,2021-08-09,1,0.010416666666666666,False,21.0,32.37142111662228,11.37142111662228,11.37142111662228,2021-08-09 00:00:00,2021-08-09 00:00:00,0.0,0.0
D2,F1-11-top40,2,5,2021-07-12,96,1.0,True,198.0,187.07342744650222,-10.926572553497778,10.926572553497778,2021-07-12 08:45:00,2021-07-12 09:00:00,15.0,15.0
D2,F1-11-top40,2,5,2021-07-13,1,0.010416666666666666,False,79.0,104.49638974106088,25.49638974106088,25.49638974106088,2021-07-13 00:00:00,2021-07-13 00:00:00,0.0,0.0
D2,F1-11-top40,2,5,2021-07-17,79,0.8229166666666666,False,108.0,107.27695882512529,-0.7230411748747088,0.7230411748747088,2021-07-17 06:00:00,2021-07-17 04:15:00,-105.0,105.0
D2,F1-11-top40,2,5,2021-07-18,84,0.875,False,28.0,66.18839422329025,38.188394223290246,38.188394223290246,2021-07-18 04:30:00,2021-07-18 08:15:00,225.0,225.0
D2,F1-11-top40,2,5,2021-07-26,84,0.875,False,217.0,191.1785680025675,-25.821431997432512,25.821431997432512,2021-07-26 08:30:00,2021-07-26 13:45:00,315.0,315.0
D2,F1-11-top40,2,5,2021-07-27,84,0.875,False,211.0,183.04705527303847,-27.952944726961533,27.952944726961533,2021-07-27 11:45:00,2021-07-27 15:00:00,195.0,195.0
D2,F1-11-top40,2,5,2021-07-28,84,0.875,False,212.0,183.16836586686705,-28.83163413313295,28.83163413313295,2021-07-28 12:00:00,2021-07-28 14:30:00,150.0,150.0
D2,F1-11-top40,2,5,2021-07-29,84,0.875,False,211.0,185.12782726959523,-25.87217273040477,25.87217273040477,2021-07-29 12:00:00,2021-07-29 14:45:00,165.0,165.0
D2,F1-11-top40,2,5,2021-07-30,85,0.8854166666666666,False,212.0,178.95753450228312,-33.042465497716876,33.042465497716876,2021-07-30 12:00:00,2021-07-30 14:30:00,150.0,150.0
D2,F1-11-top40,2,5,2021-07-31,96,1.0,True,80.0,85.92194090295578,5.921940902955782,5.921940902955782,2021-07-31 00:00:00,2021-07-31 01:15:00,75.0,75.0
D2,F1-11-top40,2,5,2021-08-01,96,1.0,True,28.0,35.55710665029084,7.557106650290841,7.557106650290841,2021-08-01 09:00:00,2021-08-01 11:15:00,135.0,135.0
D2,F1-11-top40,2,5,2021-08-09,1,0.010416666666666666,False,21.0,31.66637800904086,10.666378009040859,10.666378009040859,2021-08-09 00:00:00,2021-08-09 00:00:00,0.0,0.0
D2,F1-11-top40,2,6,2021-07-12,96,1.0,True,198.0,197.93702361825163,-0.06297638174837061,0.06297638174837061,2021-07-12 08:45:00,2021-07-12 08:45:00,0.0,0.0
D2,F1-11-top40,2,6,2021-07-13,1,0.010416666666666666,False,79.0,101.88628105724253,22.886281057242527,22.886281057242527,2021-07-13 00:00:00,2021-07-13 00:00:00,0.0,0.0
D2,F1-11-top40,2,6,2021-07-17,78,0.8125,False,108.0,106.73575304523612,-1.2642469547638768,1.2642469547638768,2021-07-17 06:00:00,2021-07-17 06:15:00,15.0,15.0
D2,F1-11-top40,2,6,2021-07-18,84,0.875,False,28.0,67.67016692656527,39.67016692656527,39.67016692656527,2021-07-18 01:15:00,2021-07-18 08:45:00,450.0,450.0
D2,F1-11-top40,2,6,2021-07-26,84,0.875,False,217.0,195.4987982491893,-21.501201750810708,21.501201750810708,2021-07-26 08:30:00,2021-07-26 08:30:00,0.0,0.0
D2,F1-11-top40,2,6,2021-07-27,84,0.875,False,211.0,193.31696302678725,-17.68303697321275,17.68303697321275,2021-07-27 11:45:00,2021-07-27 15:00:00,195.0,195.0
D2,F1-11-top40,2,6,2021-07-28,84,0.875,False,212.0,184.42635800385582,-27.573641996144175,27.573641996144175,2021-07-28 12:00:00,2021-07-28 15:00:00,180.0,180.0
D2,F1-11-top40,2,6,2021-07-29,84,0.875,False,211.0,192.1571703339442,-18.842829666055792,18.842829666055792,2021-07-29 12:00:00,2021-07-29 15:00:00,180.0,180.0
D2,F1-11-top40,2,6,2021-07-30,85,0.8854166666666666,False,212.0,183.87352016901707,-28.12647983098293,28.12647983098293,2021-07-30 12:00:00,2021-07-30 15:00:00,180.0,180.0
D2,F1-11-top40,2,6,2021-07-31,96,1.0,True,80.0,90.36219685515421,10.36219685515421,10.36219685515421,2021-07-31 00:00:00,2021-07-31 01:30:00,90.0,90.0
D2,F1-11-top40,2,6,2021-08-01,96,1.0,True,28.0,42.559656451227454,14.559656451227454,14.559656451227454,2021-08-01 09:00:00,2021-08-01 11:45:00,165.0,165.0
D2,F1-11-top40,2,6,2021-08-09,1,0.010416666666666666,False,21.0,39.45918065142393,18.459180651423928,18.459180651423928,2021-08-09 00:00:00,2021-08-09 00:00:00,0.0,0.0
D2,F1-11-top40,2,7,2021-07-12,96,1.0,True,198.0,194.52835834532377,-3.471641654676233,3.471641654676233,2021-07-12 08:45:00,2021-07-12 08:45:00,0.0,0.0
D2,F1-11-top40,2,7,2021-07-13,1,0.010416666666666666,False,79.0,96.39444528647502,17.39444528647502,17.39444528647502,2021-07-13 00:00:00,2021-07-13 00:00:00,0.0,0.0
D2,F1-11-top40,2,7,2021-07-17,77,0.8020833333333334,False,108.0,106.1892819538863,-1.8107180461137062,1.8107180461137062,2021-07-17 06:00:00,2021-07-17 06:15:00,15.0,15.0
D2,F1-11-top40,2,7,2021-07-18,84,0.875,False,28.0,67.40444443248222,39.40444443248222,39.40444443248222,2021-07-18 01:15:00,2021-07-18 09:00:00,465.0,465.0
D2,F1-11-top40,2,7,2021-07-26,84,0.875,False,217.0,191.43975621677953,-25.56024378322047,25.56024378322047,2021-07-26 08:30:00,2021-07-26 09:00:00,30.0,30.0
D2,F1-11-top40,2,7,2021-07-27,84,0.875,False,211.0,183.4850699627766,-27.514930037223394,27.514930037223394,2021-07-27 11:45:00,2021-07-27 11:15:00,-30.0,30.0
D2,F1-11-top40,2,7,2021-07-28,84,0.875,False,212.0,179.5110864454092,-32.488913554590795,32.488913554590795,2021-07-28 12:00:00,2021-07-28 14:45:00,165.0,165.0
D2,F1-11-top40,2,7,2021-07-29,84,0.875,False,211.0,182.39913106631366,-28.600868933686343,28.600868933686343,2021-07-29 12:00:00,2021-07-29 15:00:00,180.0,180.0
D2,F1-11-top40,2,7,2021-07-30,85,0.8854166666666666,False,212.0,182.3928312462501,-29.607168753749903,29.607168753749903,2021-07-30 12:00:00,2021-07-30 11:45:00,-15.0,15.0
D2,F1-11-top40,2,7,2021-07-31,96,1.0,True,80.0,104.41423501543665,24.414235015436645,24.414235015436645,2021-07-31 00:00:00,2021-07-31 01:45:00,105.0,105.0
D2,F1-11-top40,2,7,2021-08-01,96,1.0,True,28.0,38.04440559150859,10.044405591508593,10.044405591508593,2021-08-01 09:00:00,2021-08-01 11:45:00,165.0,165.0
D2,F1-11-top40,2,7,2021-08-09,1,0.010416666666666666,False,21.0,54.22609561688881,33.22609561688881,33.22609561688881,2021-08-09 00:00:00,2021-08-09 00:00:00,0.0,0.0
D2,F1-11-top40,2,8,2021-07-12,96,1.0,True,198.0,188.7467403140109,-9.253259685989093,9.253259685989093,2021-07-12 08:45:00,2021-07-12 08:45:00,0.0,0.0
D2,F1-11-top40,2,8,2021-07-13,1,0.010416666666666666,False,79.0,99.81687708848678,20.816877088486777,20.816877088486777,2021-07-13 00:00:00,2021-07-13 00:00:00,0.0,0.0
D2,F1-11-top40,2,8,2021-07-17,76,0.7916666666666666,False,108.0,105.16695165778313,-2.8330483422168697,2.8330483422168697,2021-07-17 06:00:00,2021-07-17 07:15:00,75.0,75.0
D2,F1-11-top40,2,8,2021-07-18,84,0.875,False,28.0,48.83863866497683,20.838638664976827,20.838638664976827,2021-07-18 01:15:00,2021-07-18 09:00:00,465.0,465.0
D2,F1-11-top40,2,8,2021-07-26,84,0.875,False,217.0,188.45319501882219,-28.546804981177814,28.546804981177814,2021-07-26 08:30:00,2021-07-26 11:45:00,195.0,195.0
D2,F1-11-top40,2,8,2021-07-27,84,0.875,False,211.0,184.2679811338109,-26.732018866189094,26.732018866189094,2021-07-27 11:45:00,2021-07-27 15:00:00,195.0,195.0
D2,F1-11-top40,2,8,2021-07-28,84,0.875,False,212.0,180.054322033822,-31.94567796617801,31.94567796617801,2021-07-28 12:00:00,2021-07-28 15:00:00,180.0,180.0
D2,F1-11-top40,2,8,2021-07-29,84,0.875,False,211.0,186.89702260251295,-24.102977397487052,24.102977397487052,2021-07-29 12:00:00,2021-07-29 15:00:00,180.0,180.0
D2,F1-11-top40,2,8,2021-07-30,85,0.8854166666666666,False,212.0,182.70999751849905,-29.29000248150095,29.29000248150095,2021-07-30 12:00:00,2021-07-30 15:45:00,225.0,225.0
D2,F1-11-top40,2,8,2021-07-31,96,1.0,True,80.0,108.27819139854486,28.278191398544863,28.278191398544863,2021-07-31 00:00:00,2021-07-31 01:45:00,105.0,105.0
D2,F1-11-top40,2,8,2021-08-01,96,1.0,True,28.0,34.3762036695426,6.376203669542598,6.376203669542598,2021-08-01 09:00:00,2021-08-01 07:30:00,-90.0,90.0
D2,F1-11-top40,2,8,2021-08-09,1,0.010416666666666666,False,21.0,59.686714774233245,38.686714774233245,38.686714774233245,2021-08-09 00:00:00,2021-08-09 00:00:00,0.0,0.0
D2,F1-11-top40,2,9,2021-07-12,96,1.0,True,198.0,183.06052161968518,-14.939478380314824,14.939478380314824,2021-07-12 08:45:00,2021-07-12 10:45:00,120.0,120.0
D2,F1-11-top40,2,9,2021-07-13,1,0.010416666666666666,False,79.0,100.17094300746615,21.17094300746615,21.17094300746615,2021-07-13 00:00:00,2021-07-13 00:00:00,0.0,0.0
D2,F1-11-top40,2,9,2021-07-17,75,0.78125,False,108.0,107.50519418054274,-0.4948058194572553,0.4948058194572553,2021-07-17 06:00:00,2021-07-17 06:15:00,15.0,15.0
D2,F1-11-top40,2,9,2021-07-18,84,0.875,False,28.0,51.911871592299555,23.911871592299555,23.911871592299555,2021-07-18 01:15:00,2021-07-18 09:00:00,465.0,465.0
D2,F1-11-top40,2,9,2021-07-26,84,0.875,False,217.0,194.31375831091924,-22.68624168908076,22.68624168908076,2021-07-26 08:30:00,2021-07-26 11:45:00,195.0,195.0
D2,F1-11-top40,2,9,2021-07-27,84,0.875,False,211.0,186.41155713059908,-24.58844286940092,24.58844286940092,2021-07-27 11:45:00,2021-07-27 12:00:00,15.0,15.0
D2,F1-11-top40,2,9,2021-07-28,84,0.875,False,212.0,180.1837649038211,-31.8162350961789,31.8162350961789,2021-07-28 12:00:00,2021-07-28 09:00:00,-180.0,180.0
D2,F1-11-top40,2,9,2021-07-29,84,0.875,False,211.0,185.90903741174532,-25.090962588254683,25.090962588254683,2021-07-29 12:00:00,2021-07-29 12:00:00,0.0,0.0
D2,F1-11-top40,2,9,2021-07-30,85,0.8854166666666666,False,212.0,183.40545067690024,-28.594549323099756,28.594549323099756,2021-07-30 12:00:00,2021-07-30 11:45:00,-15.0,15.0
D2,F1-11-top40,2,9,2021-07-31,96,1.0,True,80.0,112.75572160348153,32.75572160348153,32.75572160348153,2021-07-31 00:00:00,2021-07-31 01:45:00,105.0,105.0
D2,F1-11-top40,2,9,2021-08-01,96,1.0,True,28.0,31.25223594101392,3.2522359410139217,3.2522359410139217,2021-08-01 09:00:00,2021-08-01 11:45:00,165.0,165.0
D2,F1-11-top40,2,9,2021-08-09,1,0.010416666666666666,False,21.0,43.85968067001183,22.859680670011826,22.859680670011826,2021-08-09 00:00:00,2021-08-09 00:00:00,0.0,0.0
D2,F1-11-top40,2,10,2021-07-12,96,1.0,True,198.0,182.866571010472,-15.133428989528,15.133428989528,2021-07-12 08:45:00,2021-07-12 08:45:00,0.0,0.0
D2,F1-11-top40,2,10,2021-07-13,1,0.010416666666666666,False,79.0,104.34031586902552,25.340315869025517,25.340315869025517,2021-07-13 00:00:00,2021-07-13 00:00:00,0.0,0.0
D2,F1-11-top40,2,10,2021-07-17,74,0.7708333333333334,False,108.0,115.04221859847038,7.0422185984703844,7.0422185984703844,2021-07-17 06:00:00,2021-07-17 08:15:00,135.0,135.0
D2,F1-11-top40,2,10,2021-07-18,84,0.875,False,28.0,42.496364900717936,14.496364900717936,14.496364900717936,2021-07-18 01:15:00,2021-07-18 09:15:00,480.0,480.0
D2,F1-11-top40,2,10,2021-07-26,84,0.875,False,217.0,190.70196824872335,-26.298031751276653,26.298031751276653,2021-07-26 08:30:00,2021-07-26 11:30:00,180.0,180.0
D2,F1-11-top40,2,10,2021-07-27,84,0.875,False,211.0,184.81759558622971,-26.182404413770286,26.182404413770286,2021-07-27 11:45:00,2021-07-27 16:00:00,255.0,255.0
D2,F1-11-top40,2,10,2021-07-28,84,0.875,False,212.0,181.91877390997885,-30.081226090021147,30.081226090021147,2021-07-28 12:00:00,2021-07-28 14:45:00,165.0,165.0
D2,F1-11-top40,2,10,2021-07-29,84,0.875,False,211.0,186.30892167606285,-24.69107832393715,24.69107832393715,2021-07-29 12:00:00,2021-07-29 08:30:00,-210.0,210.0
D2,F1-11-top40,2,10,2021-07-30,85,0.8854166666666666,False,212.0,185.30940989533548,-26.690590104664523,26.690590104664523,2021-07-30 12:00:00,2021-07-30 11:45:00,-15.0,15.0
D2,F1-11-top40,2,10,2021-07-31,96,1.0,True,80.0,112.6767819155831,32.676781915583106,32.676781915583106,2021-07-31 00:00:00,2021-07-31 01:45:00,105.0,105.0
D2,F1-11-top40,2,10,2021-08-01,96,1.0,True,28.0,31.105030730054626,3.105030730054626,3.105030730054626,2021-08-01 09:00:00,2021-08-01 03:30:00,-330.0,330.0
D2,F1-11-top40,2,10,2021-08-09,1,0.010416666666666666,False,21.0,48.55115589116114,27.551155891161137,27.551155891161137,2021-08-09 00:00:00,2021-08-09 00:00:00,0.0,0.0
D2,F1-11-top40,2,11,2021-07-12,96,1.0,True,198.0,179.26576085740345,-18.73423914259655,18.73423914259655,2021-07-12 08:45:00,2021-07-12 13:45:00,300.0,300.0
D2,F1-11-top40,2,11,2021-07-13,1,0.010416666666666666,False,79.0,98.94110403030547,19.941104030305468,19.941104030305468,2021-07-13 00:00:00,2021-07-13 00:00:00,0.0,0.0
D2,F1-11-top40,2,11,2021-07-17,73,0.7604166666666666,False,108.0,109.36189887389078,1.3618988738907802,1.3618988738907802,2021-07-17 06:00:00,2021-07-17 08:30:00,150.0,150.0
D2,F1-11-top40,2,11,2021-07-18,84,0.875,False,28.0,53.642455296899904,25.642455296899904,25.642455296899904,2021-07-18 01:15:00,2021-07-18 08:45:00,450.0,450.0
D2,F1-11-top40,2,11,2021-07-26,84,0.875,False,217.0,187.18474230516563,-29.815257694834372,29.815257694834372,2021-07-26 08:30:00,2021-07-26 11:45:00,195.0,195.0
D2,F1-11-top40,2,11,2021-07-27,84,0.875,False,211.0,182.91490563753914,-28.085094362460865,28.085094362460865,2021-07-27 11:45:00,2021-07-27 14:30:00,165.0,165.0
D2,F1-11-top40,2,11,2021-07-28,84,0.875,False,212.0,179.73504534940912,-32.26495465059088,32.26495465059088,2021-07-28 12:00:00,2021-07-28 08:30:00,-210.0,210.0
D2,F1-11-top40,2,11,2021-07-29,84,0.875,False,211.0,186.33464639219585,-24.66535360780415,24.66535360780415,2021-07-29 12:00:00,2021-07-29 14:45:00,165.0,165.0
D2,F1-11-top40,2,11,2021-07-30,85,0.8854166666666666,False,212.0,180.2380241458852,-31.76197585411481,31.76197585411481,2021-07-30 12:00:00,2021-07-30 12:00:00,0.0,0.0
D2,F1-11-top40,2,11,2021-07-31,96,1.0,True,80.0,109.52769830702076,29.527698307020756,29.527698307020756,2021-07-31 00:00:00,2021-07-31 01:45:00,105.0,105.0
D2,F1-11-top40,2,11,2021-08-01,96,1.0,True,28.0,38.81911041075406,10.819110410754057,10.819110410754057,2021-08-01 09:00:00,2021-08-01 08:30:00,-30.0,30.0
D2,F1-11-top40,2,11,2021-08-09,1,0.010416666666666666,False,21.0,35.85940679337174,14.85940679337174,14.85940679337174,2021-08-09 00:00:00,2021-08-09 00:00:00,0.0,0.0
D2,F1-11-top40,2,12,2021-07-12,96,1.0,True,198.0,184.72798863810507,-13.272011361894926,13.272011361894926,2021-07-12 08:45:00,2021-07-12 13:45:00,300.0,300.0
D2,F1-11-top40,2,12,2021-07-13,1,0.010416666666666666,False,79.0,96.87014868539569,17.87014868539569,17.87014868539569,2021-07-13 00:00:00,2021-07-13 00:00:00,0.0,0.0
D2,F1-11-top40,2,12,2021-07-17,72,0.75,False,108.0,116.31802206478498,8.318022064784984,8.318022064784984,2021-07-17 06:00:00,2021-07-17 08:30:00,150.0,150.0
D2,F1-11-top40,2,12,2021-07-18,84,0.875,False,28.0,42.68767695441024,14.687676954410243,14.687676954410243,2021-07-18 01:15:00,2021-07-18 10:45:00,570.0,570.0
D2,F1-11-top40,2,12,2021-07-26,84,0.875,False,217.0,198.82415045626263,-18.17584954373737,18.17584954373737,2021-07-26 08:30:00,2021-07-26 11:45:00,195.0,195.0
D2,F1-11-top40,2,12,2021-07-27,84,0.875,False,211.0,187.02400923626442,-23.97599076373558,23.97599076373558,2021-07-27 11:45:00,2021-07-27 13:45:00,120.0,120.0
D2,F1-11-top40,2,12,2021-07-28,84,0.875,False,212.0,174.59608987597403,-37.40391012402597,37.40391012402597,2021-07-28 12:00:00,2021-07-28 12:00:00,0.0,0.0
D2,F1-11-top40,2,12,2021-07-29,84,0.875,False,211.0,189.4333845781422,-21.56661542185779,21.56661542185779,2021-07-29 12:00:00,2021-07-29 12:00:00,0.0,0.0
D2,F1-11-top40,2,12,2021-07-30,85,0.8854166666666666,False,212.0,185.29846942590666,-26.70153057409334,26.70153057409334,2021-07-30 12:00:00,2021-07-30 11:45:00,-15.0,15.0
D2,F1-11-top40,2,12,2021-07-31,96,1.0,True,80.0,104.79618832147587,24.796188321475867,24.796188321475867,2021-07-31 00:00:00,2021-07-31 02:45:00,165.0,165.0
D2,F1-11-top40,2,12,2021-08-01,96,1.0,True,28.0,32.482704516253435,4.482704516253435,4.482704516253435,2021-08-01 09:00:00,2021-08-01 12:00:00,180.0,180.0
D2,F1-11-top40,2,12,2021-08-09,1,0.010416666666666666,False,21.0,49.94760037444322,28.94760037444322,28.94760037444322,2021-08-09 00:00:00,2021-08-09 00:00:00,0.0,0.0
D2,F1-11-top40,2,13,2021-07-12,96,1.0,True,198.0,187.2441440660353,-10.75585593396471,10.75585593396471,2021-07-12 08:45:00,2021-07-12 11:45:00,180.0,180.0
D2,F1-11-top40,2,13,2021-07-13,1,0.010416666666666666,False,79.0,96.26940423103743,17.269404231037427,17.269404231037427,2021-07-13 00:00:00,2021-07-13 00:00:00,0.0,0.0
D2,F1-11-top40,2,13,2021-07-17,71,0.7395833333333334,False,96.0,108.10075193507998,12.100751935079984,12.100751935079984,2021-07-17 06:15:00,2021-07-17 06:15:00,0.0,0.0
D2,F1-11-top40,2,13,2021-07-18,84,0.875,False,28.0,50.71050336892371,22.71050336892371,22.71050336892371,2021-07-18 01:15:00,2021-07-18 10:45:00,570.0,570.0
D2,F1-11-top40,2,13,2021-07-26,84,0.875,False,217.0,192.19735916699864,-24.802640833001362,24.802640833001362,2021-07-26 08:30:00,2021-07-26 12:00:00,210.0,210.0
D2,F1-11-top40,2,13,2021-07-27,84,0.875,False,211.0,182.9409213841715,-28.059078615828497,28.059078615828497,2021-07-27 11:45:00,2021-07-27 13:45:00,120.0,120.0
D2,F1-11-top40,2,13,2021-07-28,84,0.875,False,212.0,177.08796249871784,-34.91203750128216,34.91203750128216,2021-07-28 12:00:00,2021-07-28 14:30:00,150.0,150.0
D2,F1-11-top40,2,13,2021-07-29,84,0.875,False,211.0,182.80728222522336,-28.19271777477664,28.19271777477664,2021-07-29 12:00:00,2021-07-29 08:30:00,-210.0,210.0
D2,F1-11-top40,2,13,2021-07-30,85,0.8854166666666666,False,212.0,180.95157756198927,-31.048422438010732,31.048422438010732,2021-07-30 12:00:00,2021-07-30 11:45:00,-15.0,15.0
D2,F1-11-top40,2,13,2021-07-31,96,1.0,True,80.0,106.53891511416076,26.53891511416076,26.53891511416076,2021-07-31 00:00:00,2021-07-31 02:30:00,150.0,150.0
D2,F1-11-top40,2,13,2021-08-01,96,1.0,True,28.0,32.133919498339594,4.133919498339594,4.133919498339594,2021-08-01 09:00:00,2021-08-01 01:15:00,-465.0,465.0
D2,F1-11-top40,2,13,2021-08-09,1,0.010416666666666666,False,21.0,46.5473459750414,25.547345975041402,25.547345975041402,2021-08-09 00:00:00,2021-08-09 00:00:00,0.0,0.0
D2,F1-11-top40,2,14,2021-07-12,96,1.0,True,198.0,184.870147786619,-13.129852213381014,13.129852213381014,2021-07-12 08:45:00,2021-07-12 12:00:00,195.0,195.0
D2,F1-11-top40,2,14,2021-07-13,1,0.010416666666666666,False,79.0,93.77027969054028,14.770279690540278,14.770279690540278,2021-07-13 00:00:00,2021-07-13 00:00:00,0.0,0.0
D2,F1-11-top40,2,14,2021-07-17,70,0.7291666666666666,False,88.0,106.097583306541,18.097583306540997,18.097583306540997,2021-07-17 07:15:00,2021-07-17 06:30:00,-45.0,45.0
D2,F1-11-top40,2,14,2021-07-18,84,0.875,False,28.0,57.894341529089,29.894341529088997,29.894341529088997,2021-07-18 01:15:00,2021-07-18 10:45:00,570.0,570.0
D2,F1-11-top40,2,14,2021-07-26,84,0.875,False,217.0,186.39125486209394,-30.608745137906055,30.608745137906055,2021-07-26 08:30:00,2021-07-26 13:30:00,300.0,300.0
D2,F1-11-top40,2,14,2021-07-27,84,0.875,False,211.0,179.3232984495162,-31.676701550483813,31.676701550483813,2021-07-27 11:45:00,2021-07-27 10:45:00,-60.0,60.0
D2,F1-11-top40,2,14,2021-07-28,84,0.875,False,212.0,180.89141495184262,-31.10858504815738,31.10858504815738,2021-07-28 12:00:00,2021-07-28 08:45:00,-195.0,195.0
D2,F1-11-top40,2,14,2021-07-29,84,0.875,False,211.0,185.49572809147696,-25.504271908523037,25.504271908523037,2021-07-29 12:00:00,2021-07-29 08:30:00,-210.0,210.0
D2,F1-11-top40,2,14,2021-07-30,84,0.875,False,212.0,178.78843483187893,-33.21156516812107,33.21156516812107,2021-07-30 12:00:00,2021-07-30 08:45:00,-195.0,195.0
D2,F1-11-top40,2,14,2021-07-31,96,1.0,True,80.0,107.7050815995653,27.705081599565304,27.705081599565304,2021-07-31 00:00:00,2021-07-31 03:30:00,210.0,210.0
D2,F1-11-top40,2,14,2021-08-01,96,1.0,True,28.0,31.35874004383694,3.3587400438369386,3.3587400438369386,2021-08-01 09:00:00,2021-08-01 08:45:00,-15.0,15.0
D2,F1-11-top40,2,14,2021-08-09,1,0.010416666666666666,False,21.0,48.141392814312766,27.141392814312766,27.141392814312766,2021-08-09 00:00:00,2021-08-09 00:00:00,0.0,0.0
D2,F1-11-top40,2,15,2021-07-12,96,1.0,True,198.0,183.81221185043904,-14.187788149560959,14.187788149560959,2021-07-12 08:45:00,2021-07-12 14:30:00,345.0,345.0
D2,F1-11-top40,2,15,2021-07-13,1,0.010416666666666666,False,79.0,94.3009350293991,15.300935029399099,15.300935029399099,2021-07-13 00:00:00,2021-07-13 00:00:00,0.0,0.0
D2,F1-11-top40,2,15,2021-07-17,69,0.71875,False,88.0,105.06304634806165,17.063046348061647,17.063046348061647,2021-07-17 07:15:00,2021-07-17 07:15:00,0.0,0.0
D2,F1-11-top40,2,15,2021-07-18,84,0.875,False,28.0,61.50103110750434,33.50103110750434,33.50103110750434,2021-07-18 01:15:00,2021-07-18 10:45:00,570.0,570.0
D2,F1-11-top40,2,15,2021-07-26,84,0.875,False,217.0,186.22477705480404,-30.775222945195964,30.775222945195964,2021-07-26 08:30:00,2021-07-26 13:45:00,315.0,315.0
D2,F1-11-top40,2,15,2021-07-27,84,0.875,False,211.0,183.58491712508325,-27.41508287491675,27.41508287491675,2021-07-27 11:45:00,2021-07-27 13:30:00,105.0,105.0
D2,F1-11-top40,2,15,2021-07-28,84,0.875,False,212.0,176.43031345613826,-35.569686543861735,35.569686543861735,2021-07-28 12:00:00,2021-07-28 08:45:00,-195.0,195.0
D2,F1-11-top40,2,15,2021-07-29,84,0.875,False,211.0,185.57444539899637,-25.425554601003626,25.425554601003626,2021-07-29 12:00:00,2021-07-29 08:30:00,-210.0,210.0
D2,F1-11-top40,2,15,2021-07-30,84,0.875,False,212.0,179.69247513407365,-32.307524865926354,32.307524865926354,2021-07-30 12:00:00,2021-07-30 13:30:00,90.0,90.0
D2,F1-11-top40,2,15,2021-07-31,96,1.0,True,80.0,110.5011583166574,30.501158316657396,30.501158316657396,2021-07-31 00:00:00,2021-07-31 01:45:00,105.0,105.0
D2,F1-11-top40,2,15,2021-08-01,96,1.0,True,28.0,36.70793188004286,8.707931880042857,8.707931880042857,2021-08-01 09:00:00,2021-08-01 13:30:00,270.0,270.0
D2,F1-11-top40,2,15,2021-08-09,1,0.010416666666666666,False,21.0,59.82718608141931,38.82718608141931,38.82718608141931,2021-08-09 00:00:00,2021-08-09 00:00:00,0.0,0.0
D2,F1-11-top40,2,16,2021-07-12,96,1.0,True,198.0,178.13460693205548,-19.865393067944524,19.865393067944524,2021-07-12 08:45:00,2021-07-12 13:30:00,285.0,285.0
D2,F1-11-top40,2,16,2021-07-13,1,0.010416666666666666,False,79.0,96.56932767009448,17.56932767009448,17.56932767009448,2021-07-13 00:00:00,2021-07-13 00:00:00,0.0,0.0
D2,F1-11-top40,2,16,2021-07-17,68,0.7083333333333334,False,88.0,104.3719744973727,16.371974497372705,16.371974497372705,2021-07-17 07:15:00,2021-07-17 07:15:00,0.0,0.0
D2,F1-11-top40,2,16,2021-07-18,84,0.875,False,28.0,53.09803633637047,25.09803633637047,25.09803633637047,2021-07-18 01:15:00,2021-07-18 09:45:00,510.0,510.0
D2,F1-11-top40,2,16,2021-07-26,84,0.875,False,217.0,178.26570080208435,-38.73429919791565,38.73429919791565,2021-07-26 08:30:00,2021-07-26 13:30:00,300.0,300.0
D2,F1-11-top40,2,16,2021-07-27,84,0.875,False,211.0,174.6376200569835,-36.36237994301649,36.36237994301649,2021-07-27 11:45:00,2021-07-27 14:00:00,135.0,135.0
D2,F1-11-top40,2,16,2021-07-28,84,0.875,False,212.0,173.33065519115382,-38.669344808846176,38.669344808846176,2021-07-28 12:00:00,2021-07-28 09:00:00,-180.0,180.0
D2,F1-11-top40,2,16,2021-07-29,84,0.875,False,211.0,176.95044572960236,-34.049554270397635,34.049554270397635,2021-07-29 12:00:00,2021-07-29 13:30:00,90.0,90.0
D2,F1-11-top40,2,16,2021-07-30,84,0.875,False,212.0,173.91689942442957,-38.08310057557043,38.08310057557043,2021-07-30 12:00:00,2021-07-30 14:30:00,150.0,150.0
D2,F1-11-top40,2,16,2021-07-31,96,1.0,True,80.0,108.30249277431737,28.302492774317372,28.302492774317372,2021-07-31 00:00:00,2021-07-31 02:15:00,135.0,135.0
D2,F1-11-top40,2,16,2021-08-01,96,1.0,True,28.0,34.9234863604578,6.923486360457801,6.923486360457801,2021-08-01 09:00:00,2021-08-01 09:15:00,15.0,15.0
D2,F1-11-top40,2,16,2021-08-09,1,0.010416666666666666,False,21.0,35.06611337635205,14.06611337635205,14.06611337635205,2021-08-09 00:00:00,2021-08-09 00:00:00,0.0,0.0
